date,code,low,high
2004-01-22,1,193,197
2004-01-22,2,338,347
2004-01-22,3,193,195
2004-01-22,4,329,338
2004-01-22,5,4000,4050
2004-01-22,6,190,192
2004-01-22,7,320,328
2004-01-22,8,,
2004-01-22,9,,
2004-01-22,10,620,750
2004-01-22,11,438,447
2004-01-22,12,1980,2000
2004-01-22,13,198,200
2004-01-22,14,428,438
2004-01-22,15,700,725
2004-01-22,16,210,212
2004-01-22,17,400,410
2004-01-22,18,490,550
2004-01-22,19,191,194
2004-01-22,20,800,825
2004-01-22,21,,
2004-01-22,22,460,510
2004-01-22,23,,
2004-01-22,24,294,300
2004-01-22,25,390,410
2004-01-22,26,,
2004-01-22,27,358,369
2004-01-22,28,,
2004-01-22,29,192,195
2004-01-22,30,655,665
2004-01-22,31,192,195
2004-01-22,32,206,212
2004-01-22,33,830,835
2004-01-22,34,220,225
2004-01-22,35,185,190
2004-01-22,36,189,191
2004-01-22,37,200,206
2004-01-22,38,,
2004-01-22,39,315,320
2004-01-22,40,371,402
2004-01-22,41,,
2004-01-22,42,,
2004-01-22,43,315,340
2004-01-22,44,,
2004-01-22,45,258,262
2004-01-22,46,193,195
2004-01-22,47,,
2004-01-22,48,286,288
2004-01-22,49,745,770
2004-01-22,50,,
2004-01-22,51,655,680
2004-01-22,52,194,195
2004-01-22,53,575,595
2004-01-22,54,,
2004-01-22,55,565,585
2004-01-22,56,248,249
2004-01-22,57,528,548
2004-01-22,58,,
2004-01-22,59,605,620
2004-01-22,60,,
2004-01-22,61,,
2004-01-22,62,224,226
2004-01-22,63,245,255
2004-01-22,64,160,165
2004-01-22,65,227,237
2004-01-22,66,,
2004-01-22,67,280,281
2004-01-22,68,185,195
2004-01-22,69,,
2004-01-22,70,,
2004-01-22,71,108,110
2004-01-22,72,182,184
2004-01-22,73,273,274
2004-01-22,74,92,95
2004-01-22,75,186,188
2004-01-22,76,152,153
2004-01-22,77,189,190
2004-01-22,78,,
2004-01-22,79,178,180
2004-01-22,80,186,187
2004-01-22,81,168,171
2004-01-22,82,156,158
2004-01-22,83,195,196
2004-01-22,84,140,142
2004-01-22,85,202,206
2004-01-22,86,199,202
2004-01-22,87,149,150
2004-01-22,88,,
2004-01-22,89,153,154
2004-01-22,90,,
2004-01-22,91,173,176
2004-01-22,92,111,114
2004-01-22,93,149,151
2004-01-22,94,130,132
2004-01-22,95,,
2004-01-22,96,191,192
2004-01-22,97,,
2004-01-22,98,195,196
2004-01-22,99,,
2004-01-22,100,212,217
2004-01-22,101,94,95
2004-01-22,102,144,145
2004-01-22,103,82,85
2004-01-22,104,150,151
2004-01-22,105,172,173
2004-01-22,106,158,160
2004-01-22,107,,
2004-01-22,108,184,186
2004-01-29,1,193,197
2004-01-29,2,338,347
2004-01-29,3,193,195
2004-01-29,4,329,338
2004-01-29,5,4000,4050
2004-01-29,6,191,193
2004-01-29,7,320,328
2004-01-29,8,,
2004-01-29,9,,
2004-01-29,10,620,750
2004-01-29,11,438,447
2004-01-29,12,1980,2000
2004-01-29,13,198,200
2004-01-29,14,428,438
2004-01-29,15,700,725
2004-01-29,16,210,212
2004-01-29,17,400,410
2004-01-29,18,490,550
2004-01-29,19,191,194
2004-01-29,20,800,825
2004-01-29,21,,
2004-01-29,22,460,510
2004-01-29,23,,
2004-01-29,24,291,297
2004-01-29,25,390,410
2004-01-29,26,,
2004-01-29,27,355,366
2004-01-29,28,,
2004-01-29,29,192,195
2004-01-29,30,650,665
2004-01-29,31,192,195
2004-01-29,32,206,212
2004-01-29,33,830,835
2004-01-29,34,220,225
2004-01-29,35,185,190
2004-01-29,36,188,190
2004-01-29,37,200,206
2004-01-29,38,,
2004-01-29,39,315,320
2004-01-29,40,376,407
2004-01-29,41,,
2004-01-29,42,,
2004-01-29,43,315,340
2004-01-29,44,,
2004-01-29,45,258,262
2004-01-29,46,192,194
2004-01-29,47,,
2004-01-29,48,286,288
2004-01-29,49,752,777
2004-01-29,50,,
2004-01-29,51,655,680
2004-01-29,52,193,194
2004-01-29,53,575,595
2004-01-29,54,,
2004-01-29,55,565,585
2004-01-29,56,248,249
2004-01-29,57,528,548
2004-01-29,58,,
2004-01-29,59,605,620
2004-01-29,60,,
2004-01-29,61,,
2004-01-29,62,224,226
2004-01-29,63,245,255
2004-01-29,64,160,165
2004-01-29,65,227,237
2004-01-29,66,,
2004-01-29,67,272,273
2004-01-29,68,185,195
2004-01-29,69,,
2004-01-29,70,,
2004-01-29,71,108,110
2004-01-29,72,182,184
2004-01-29,73,265,266
2004-01-29,74,92,95
2004-01-29,75,186,188
2004-01-29,76,152,153
2004-01-29,77,189,190
2004-01-29,78,,
2004-01-29,79,178,180
2004-01-29,80,187,188
2004-01-29,81,168,171
2004-01-29,82,156,158
2004-01-29,83,195,196
2004-01-29,84,140,142
2004-01-29,85,206,210
2004-01-29,86,203,206
2004-01-29,87,135,136
2004-01-29,88,,
2004-01-29,89,139,140
2004-01-29,90,,
2004-01-29,91,163,166
2004-01-29,92,113,116
2004-01-29,93,139,141
2004-01-29,94,132,134
2004-01-29,95,,
2004-01-29,96,177,178
2004-01-29,97,,
2004-01-29,98,181,182
2004-01-29,99,,
2004-01-29,100,202,207
2004-01-29,101,94,95
2004-01-29,102,134,135
2004-01-29,103,82,85
2004-01-29,104,140,141
2004-01-29,105,172,173
2004-01-29,106,143,145
2004-01-29,107,,
2004-01-29,108,184,186
2004-02-05,1,193,197
2004-02-05,2,338,347
2004-02-05,3,192,194
2004-02-05,4,329,338
2004-02-05,5,4000,4050
2004-02-05,6,190,192
2004-02-05,7,320,328
2004-02-05,8,,
2004-02-05,9,,
2004-02-05,10,620,750
2004-02-05,11,438,447
2004-02-05,12,1980,2000
2004-02-05,13,198,200
2004-02-05,14,428,438
2004-02-05,15,680,700
2004-02-05,16,210,212
2004-02-05,17,400,410
2004-02-05,18,490,550
2004-02-05,19,190,193
2004-02-05,20,800,825
2004-02-05,21,,
2004-02-05,22,460,510
2004-02-05,23,,
2004-02-05,24,291,297
2004-02-05,25,390,410
2004-02-05,26,,
2004-02-05,27,355,366
2004-02-05,28,,
2004-02-05,29,192,195
2004-02-05,30,655,670
2004-02-05,31,192,195
2004-02-05,32,206,212
2004-02-05,33,830,835
2004-02-05,34,220,225
2004-02-05,35,185,190
2004-02-05,36,186,188
2004-02-05,37,200,206
2004-02-05,38,,
2004-02-05,39,315,320
2004-02-05,40,396,427
2004-02-05,41,,
2004-02-05,42,,
2004-02-05,43,315,340
2004-02-05,44,,
2004-02-05,45,268,272
2004-02-05,46,190,192
2004-02-05,47,,
2004-02-05,48,281,283
2004-02-05,49,782,807
2004-02-05,50,,
2004-02-05,51,655,680
2004-02-05,52,192,193
2004-02-05,53,575,595
2004-02-05,54,,
2004-02-05,55,585,605
2004-02-05,56,248,249
2004-02-05,57,528,548
2004-02-05,58,,
2004-02-05,59,605,620
2004-02-05,60,,
2004-02-05,61,,
2004-02-05,62,224,226
2004-02-05,63,245,255
2004-02-05,64,160,165
2004-02-05,65,227,237
2004-02-05,66,,
2004-02-05,67,267,268
2004-02-05,68,185,195
2004-02-05,69,,
2004-02-05,70,,
2004-02-05,71,108,110
2004-02-05,72,180,182
2004-02-05,73,260,261
2004-02-05,74,92,95
2004-02-05,75,184,186
2004-02-05,76,152,153
2004-02-05,77,187,188
2004-02-05,78,,
2004-02-05,79,178,180
2004-02-05,80,187,188
2004-02-05,81,,
2004-02-05,82,156,158
2004-02-05,83,195,196
2004-02-05,84,140,142
2004-02-05,85,210,214
2004-02-05,86,207,210
2004-02-05,87,125,126
2004-02-05,88,,
2004-02-05,89,129,130
2004-02-05,90,,
2004-02-05,91,157,160
2004-02-05,92,113,116
2004-02-05,93,131,133
2004-02-05,94,,
2004-02-05,95,,
2004-02-05,96,167,168
2004-02-05,97,,
2004-02-05,98,171,172
2004-02-05,99,,
2004-02-05,100,196,201
2004-02-05,101,94,95
2004-02-05,102,126,127
2004-02-05,103,82,85
2004-02-05,104,132,133
2004-02-05,105,172,173
2004-02-05,106,131,133
2004-02-05,107,,
2004-02-05,108,184,186
2004-02-12,1,192,196
2004-02-12,2,338,347
2004-02-12,3,190,192
2004-02-12,4,329,338
2004-02-12,5,4000,4050
2004-02-12,6,188,190
2004-02-12,7,320,328
2004-02-12,8,,
2004-02-12,9,,
2004-02-12,10,620,750
2004-02-12,11,438,447
2004-02-12,12,1980,2000
2004-02-12,13,195,197
2004-02-12,14,428,438
2004-02-12,15,680,700
2004-02-12,16,208,210
2004-02-12,17,400,410
2004-02-12,18,490,550
2004-02-12,19,190,193
2004-02-12,20,800,825
2004-02-12,21,,
2004-02-12,22,460,510
2004-02-12,23,,
2004-02-12,24,281,287
2004-02-12,25,390,410
2004-02-12,26,,
2004-02-12,27,345,356
2004-02-12,28,,
2004-02-12,29,192,195
2004-02-12,30,660,675
2004-02-12,31,192,195
2004-02-12,32,204,210
2004-02-12,33,830,835
2004-02-12,34,218,223
2004-02-12,35,185,190
2004-02-12,36,184,186
2004-02-12,37,200,206
2004-02-12,38,,
2004-02-12,39,315,320
2004-02-12,40,406,437
2004-02-12,41,,
2004-02-12,42,,
2004-02-12,43,320,345
2004-02-12,44,,
2004-02-12,45,268,272
2004-02-12,46,188,190
2004-02-12,47,,
2004-02-12,48,284,286
2004-02-12,49,802,827
2004-02-12,50,,
2004-02-12,51,665,690
2004-02-12,52,191,192
2004-02-12,53,575,595
2004-02-12,54,,
2004-02-12,55,585,605
2004-02-12,56,248,249
2004-02-12,57,523,543
2004-02-12,58,,
2004-02-12,59,605,620
2004-02-12,60,,
2004-02-12,61,,
2004-02-12,62,224,226
2004-02-12,63,245,255
2004-02-12,64,160,165
2004-02-12,65,227,237
2004-02-12,66,,
2004-02-12,67,262,263
2004-02-12,68,185,195
2004-02-12,69,,
2004-02-12,70,,
2004-02-12,71,108,110
2004-02-12,72,180,182
2004-02-12,73,255,256
2004-02-12,74,92,95
2004-02-12,75,184,186
2004-02-12,76,150,151
2004-02-12,77,187,188
2004-02-12,78,,
2004-02-12,79,178,180
2004-02-12,80,187,188
2004-02-12,81,,
2004-02-12,82,156,158
2004-02-12,83,194,195
2004-02-12,84,140,142
2004-02-12,85,210,214
2004-02-12,86,207,210
2004-02-12,87,119,120
2004-02-12,88,,
2004-02-12,89,123,124
2004-02-12,90,,
2004-02-12,91,151,154
2004-02-12,92,113,116
2004-02-12,93,125,127
2004-02-12,94,,
2004-02-12,95,,
2004-02-12,96,161,162
2004-02-12,97,,
2004-02-12,98,165,166
2004-02-12,99,,
2004-02-12,100,190,195
2004-02-12,101,94,95
2004-02-12,102,119,120
2004-02-12,103,82,85
2004-02-12,104,126,127
2004-02-12,105,172,173
2004-02-12,106,125,127
2004-02-12,107,,
2004-02-12,108,183,185
2004-02-19,1,190,194
2004-02-19,2,338,347
2004-02-19,3,188,190
2004-02-19,4,329,338
2004-02-19,5,4000,4050
2004-02-19,6,186,188
2004-02-19,7,320,328
2004-02-19,8,,
2004-02-19,9,,
2004-02-19,10,620,750
2004-02-19,11,438,447
2004-02-19,12,1980,2000
2004-02-19,13,195,197
2004-02-19,14,428,438
2004-02-19,15,680,700
2004-02-19,16,208,210
2004-02-19,17,400,410
2004-02-19,18,490,550
2004-02-19,19,186,189
2004-02-19,20,800,825
2004-02-19,21,,
2004-02-19,22,460,510
2004-02-19,23,,
2004-02-19,24,281,287
2004-02-19,25,390,410
2004-02-19,26,,
2004-02-19,27,345,356
2004-02-19,28,,
2004-02-19,29,190,193
2004-02-19,30,660,675
2004-02-19,31,190,193
2004-02-19,32,204,210
2004-02-19,33,830,835
2004-02-19,34,218,223
2004-02-19,35,185,190
2004-02-19,36,182,184
2004-02-19,37,200,206
2004-02-19,38,,
2004-02-19,39,315,320
2004-02-19,40,406,437
2004-02-19,41,,
2004-02-19,42,,
2004-02-19,43,320,345
2004-02-19,44,,
2004-02-19,45,268,272
2004-02-19,46,185,187
2004-02-19,47,,
2004-02-19,48,281,283
2004-02-19,49,802,827
2004-02-19,50,,
2004-02-19,51,665,690
2004-02-19,52,189,190
2004-02-19,53,575,595
2004-02-19,54,,
2004-02-19,55,585,605
2004-02-19,56,246,247
2004-02-19,57,518,538
2004-02-19,58,,
2004-02-19,59,605,620
2004-02-19,60,,
2004-02-19,61,,
2004-02-19,62,,
2004-02-19,63,245,255
2004-02-19,64,150,155
2004-02-19,65,227,237
2004-02-19,66,,
2004-02-19,67,270,271
2004-02-19,68,185,195
2004-02-19,69,,
2004-02-19,70,,
2004-02-19,71,108,110
2004-02-19,72,177,179
2004-02-19,73,263,264
2004-02-19,74,92,95
2004-02-19,75,181,183
2004-02-19,76,148,149
2004-02-19,77,182,183
2004-02-19,78,,
2004-02-19,79,176,178
2004-02-19,80,185,186
2004-02-19,81,,
2004-02-19,82,156,158
2004-02-19,83,189,190
2004-02-19,84,140,142
2004-02-19,85,212,216
2004-02-19,86,209,212
2004-02-19,87,121,122
2004-02-19,88,,
2004-02-19,89,125,126
2004-02-19,90,,
2004-02-19,91,153,156
2004-02-19,92,115,118
2004-02-19,93,127,129
2004-02-19,94,,
2004-02-19,95,,
2004-02-19,96,163,164
2004-02-19,97,,
2004-02-19,98,167,168
2004-02-19,99,,
2004-02-19,100,192,197
2004-02-19,101,94,95
2004-02-19,102,119,120
2004-02-19,103,82,85
2004-02-19,104,126,127
2004-02-19,105,170,171
2004-02-19,106,130,132
2004-02-19,107,,
2004-02-19,108,183,185
2004-02-26,1,190,194
2004-02-26,2,338,347
2004-02-26,3,188,190
2004-02-26,4,329,338
2004-02-26,5,4000,4050
2004-02-26,6,186,188
2004-02-26,7,320,328
2004-02-26,8,,
2004-02-26,9,,
2004-02-26,10,620,750
2004-02-26,11,438,447
2004-02-26,12,1980,2000
2004-02-26,13,198,200
2004-02-26,14,428,438
2004-02-26,15,680,700
2004-02-26,16,208,210
2004-02-26,17,400,410
2004-02-26,18,490,550
2004-02-26,19,186,189
2004-02-26,20,800,825
2004-02-26,21,,
2004-02-26,22,460,510
2004-02-26,23,,
2004-02-26,24,281,287
2004-02-26,25,390,410
2004-02-26,26,,
2004-02-26,27,345,356
2004-02-26,28,,
2004-02-26,29,186,189
2004-02-26,30,670,685
2004-02-26,31,186,189
2004-02-26,32,204,210
2004-02-26,33,830,835
2004-02-26,34,216,221
2004-02-26,35,185,190
2004-02-26,36,181,183
2004-02-26,37,200,206
2004-02-26,38,,
2004-02-26,39,333,338
2004-02-26,40,406,437
2004-02-26,41,,
2004-02-26,42,,
2004-02-26,43,320,345
2004-02-26,44,,
2004-02-26,45,268,272
2004-02-26,46,183,185
2004-02-26,47,,
2004-02-26,48,301,303
2004-02-26,49,802,827
2004-02-26,50,,
2004-02-26,51,665,690
2004-02-26,52,188.5,189.5
2004-02-26,53,575,595
2004-02-26,54,,
2004-02-26,55,585,605
2004-02-26,56,246,247
2004-02-26,57,518,538
2004-02-26,58,,
2004-02-26,59,605,620
2004-02-26,60,,
2004-02-26,61,,
2004-02-26,62,,
2004-02-26,63,245,255
2004-02-26,64,150,155
2004-02-26,65,227,237
2004-02-26,66,,
2004-02-26,67,294,295
2004-02-26,68,185,195
2004-02-26,69,,
2004-02-26,70,,
2004-02-26,71,108,110
2004-02-26,72,177,179
2004-02-26,73,285,286
2004-02-26,74,92,95
2004-02-26,75,179,181
2004-02-26,76,151,152
2004-02-26,77,179,180
2004-02-26,78,,
2004-02-26,79,176,178
2004-02-26,80,183,184
2004-02-26,81,,
2004-02-26,82,156,158
2004-02-26,83,188,189
2004-02-26,84,140,142
2004-02-26,85,212,216
2004-02-26,86,209,212
2004-02-26,87,124,125
2004-02-26,88,,
2004-02-26,89,128,129
2004-02-26,90,,
2004-02-26,91,161,164
2004-02-26,92,117,120
2004-02-26,93,130,132
2004-02-26,94,,
2004-02-26,95,,
2004-02-26,96,168,169
2004-02-26,97,,
2004-02-26,98,172,173
2004-02-26,99,,
2004-02-26,100,200,205
2004-02-26,101,94,95
2004-02-26,102,122,123
2004-02-26,103,82,85
2004-02-26,104,129,130
2004-02-26,105,169,170
2004-02-26,106,136,138
2004-02-26,107,,
2004-02-26,108,183,185
2004-03-04,1,190,192
2004-03-04,2,338,347
2004-03-04,3,186,188
2004-03-04,4,329,338
2004-03-04,5,4000,4050
2004-03-04,6,183,185
2004-03-04,7,320,328
2004-03-04,8,,
2004-03-04,9,,
2004-03-04,10,620,750
2004-03-04,11,438,447
2004-03-04,12,1980,2000
2004-03-04,13,200,202
2004-03-04,14,428,438
2004-03-04,15,680,700
2004-03-04,16,208,210
2004-03-04,17,400,410
2004-03-04,18,490,550
2004-03-04,19,184,187
2004-03-04,20,800,825
2004-03-04,21,,
2004-03-04,22,460,510
2004-03-04,23,,
2004-03-04,24,281,287
2004-03-04,25,390,410
2004-03-04,26,,
2004-03-04,27,345,356
2004-03-04,28,,
2004-03-04,29,182,185
2004-03-04,30,670,685
2004-03-04,31,182,185
2004-03-04,32,199,205
2004-03-04,33,815,820
2004-03-04,34,213,218
2004-03-04,35,185,190
2004-03-04,36,181,183
2004-03-04,37,200,206
2004-03-04,38,,
2004-03-04,39,343,348
2004-03-04,40,406,437
2004-03-04,41,,
2004-03-04,42,,
2004-03-04,43,320,345
2004-03-04,44,,
2004-03-04,45,268,272
2004-03-04,46,183,185
2004-03-04,47,,
2004-03-04,48,302,304
2004-03-04,49,802,827
2004-03-04,50,,
2004-03-04,51,665,690
2004-03-04,52,188,189
2004-03-04,53,575,595
2004-03-04,54,,
2004-03-04,55,585,605
2004-03-04,56,246,247
2004-03-04,57,518,538
2004-03-04,58,,
2004-03-04,59,605,620
2004-03-04,60,,
2004-03-04,61,,
2004-03-04,62,,
2004-03-04,63,250,260
2004-03-04,64,150,155
2004-03-04,65,232,242
2004-03-04,66,,
2004-03-04,67,301,302
2004-03-04,68,185,195
2004-03-04,69,,
2004-03-04,70,,
2004-03-04,71,113,115
2004-03-04,72,,
2004-03-04,73,292,293
2004-03-04,74,97,100
2004-03-04,75,177,179
2004-03-04,76,151,152
2004-03-04,77,177,178
2004-03-04,78,,
2004-03-04,79,175,177
2004-03-04,80,180,181
2004-03-04,81,,
2004-03-04,82,156,158
2004-03-04,83,186,187
2004-03-04,84,140,142
2004-03-04,85,212,216
2004-03-04,86,209,212
2004-03-04,87,129,130
2004-03-04,88,,
2004-03-04,89,133,134
2004-03-04,90,,
2004-03-04,91,169,172
2004-03-04,92,117,120
2004-03-04,93,136,138
2004-03-04,94,,
2004-03-04,95,,
2004-03-04,96,173,174
2004-03-04,97,,
2004-03-04,98,177,178
2004-03-04,99,,
2004-03-04,100,208,213
2004-03-04,101,90,91
2004-03-04,102,130,131
2004-03-04,103,78,81
2004-03-04,104,137,138
2004-03-04,105,167,168
2004-03-04,106,146,148
2004-03-04,107,,
2004-03-04,108,183,185
2004-03-11,1,190,192
2004-03-11,2,338,347
2004-03-11,3,183,185
2004-03-11,4,329,338
2004-03-11,5,4000,4050
2004-03-11,6,181,183
2004-03-11,7,320,328
2004-03-11,8,,
2004-03-11,9,,
2004-03-11,10,620,750
2004-03-11,11,438,447
2004-03-11,12,1980,2000
2004-03-11,13,200,202
2004-03-11,14,428,438
2004-03-11,15,680,700
2004-03-11,16,208,210
2004-03-11,17,400,410
2004-03-11,18,490,550
2004-03-11,19,181,184
2004-03-11,20,800,825
2004-03-11,21,,
2004-03-11,22,460,510
2004-03-11,23,,
2004-03-11,24,281,287
2004-03-11,25,390,410
2004-03-11,26,,
2004-03-11,27,345,356
2004-03-11,28,,
2004-03-11,29,179,182
2004-03-11,30,670,685
2004-03-11,31,179,182
2004-03-11,32,199,205
2004-03-11,33,810,815
2004-03-11,34,213,218
2004-03-11,35,185,190
2004-03-11,36,180,182
2004-03-11,37,200,206
2004-03-11,38,,
2004-03-11,39,343,348
2004-03-11,40,406,437
2004-03-11,41,,
2004-03-11,42,,
2004-03-11,43,320,345
2004-03-11,44,,
2004-03-11,45,268,272
2004-03-11,46,183,185
2004-03-11,47,,
2004-03-11,48,302,304
2004-03-11,49,802,827
2004-03-11,50,,
2004-03-11,51,665,690
2004-03-11,52,187,188
2004-03-11,53,575,595
2004-03-11,54,,
2004-03-11,55,585,605
2004-03-11,56,246,247
2004-03-11,57,508,528
2004-03-11,58,,
2004-03-11,59,605,620
2004-03-11,60,,
2004-03-11,61,,
2004-03-11,62,,
2004-03-11,63,255,265
2004-03-11,64,150,155
2004-03-11,65,237,247
2004-03-11,66,,
2004-03-11,67,297,298
2004-03-11,68,180,190
2004-03-11,69,,
2004-03-11,70,,
2004-03-11,71,118,120
2004-03-11,72,,
2004-03-11,73,288,289
2004-03-11,74,102,105
2004-03-11,75,172,174
2004-03-11,76,149,150
2004-03-11,77,172,173
2004-03-11,78,,
2004-03-11,79,173,175
2004-03-11,80,177,178
2004-03-11,81,,
2004-03-11,82,,
2004-03-11,83,182,183
2004-03-11,84,140,142
2004-03-11,85,,
2004-03-11,86,,
2004-03-11,87,137,138
2004-03-11,88,,
2004-03-11,89,141,142
2004-03-11,90,,
2004-03-11,91,172,175
2004-03-11,92,117,120
2004-03-11,93,139,141
2004-03-11,94,,
2004-03-11,95,,
2004-03-11,96,181,182
2004-03-11,97,,
2004-03-11,98,185,186
2004-03-11,99,,
2004-03-11,100,211,216
2004-03-11,101,91,92
2004-03-11,102,133,134
2004-03-11,103,78,81
2004-03-11,104,140,141
2004-03-11,105,167,168
2004-03-11,106,152,154
2004-03-11,107,,
2004-03-11,108,183,185
2004-03-18,1,190,192
2004-03-18,2,338,347
2004-03-18,3,181,183
2004-03-18,4,329,338
2004-03-18,5,4000,4050
2004-03-18,6,179,181
2004-03-18,7,320,328
2004-03-18,8,,
2004-03-18,9,,
2004-03-18,10,620,750
2004-03-18,11,438,447
2004-03-18,12,1980,2000
2004-03-18,13,200,202
2004-03-18,14,428,438
2004-03-18,15,680,700
2004-03-18,16,208,210
2004-03-18,17,400,410
2004-03-18,18,490,570
2004-03-18,19,184,187
2004-03-18,20,850,875
2004-03-18,21,,
2004-03-18,22,460,510
2004-03-18,23,,
2004-03-18,24,276,282
2004-03-18,25,390,410
2004-03-18,26,,
2004-03-18,27,340,351
2004-03-18,28,,
2004-03-18,29,179,182
2004-03-18,30,670,685
2004-03-18,31,179,182
2004-03-18,32,199,205
2004-03-18,33,810,815
2004-03-18,34,213,218
2004-03-18,35,185,190
2004-03-18,36,180,182
2004-03-18,37,200,206
2004-03-18,38,,
2004-03-18,39,348,353
2004-03-18,40,406,437
2004-03-18,41,,
2004-03-18,42,,
2004-03-18,43,320,345
2004-03-18,44,,
2004-03-18,45,268,272
2004-03-18,46,183,185
2004-03-18,47,,
2004-03-18,48,311,313
2004-03-18,49,802,827
2004-03-18,50,,
2004-03-18,51,665,690
2004-03-18,52,185.5,186.5
2004-03-18,53,575,595
2004-03-18,54,,
2004-03-18,55,585,605
2004-03-18,56,245,246
2004-03-18,57,508,528
2004-03-18,58,,
2004-03-18,59,605,620
2004-03-18,60,,
2004-03-18,61,,
2004-03-18,62,,
2004-03-18,63,260,270
2004-03-18,64,150,155
2004-03-18,65,242,252
2004-03-18,66,,
2004-03-18,67,317,318
2004-03-18,68,177,187
2004-03-18,69,,
2004-03-18,70,,
2004-03-18,71,123,125
2004-03-18,72,,
2004-03-18,73,308,309
2004-03-18,74,107,110
2004-03-18,75,168,170
2004-03-18,76,154,155
2004-03-18,77,168,169
2004-03-18,78,,
2004-03-18,79,173,175
2004-03-18,80,177,178
2004-03-18,81,,
2004-03-18,82,,
2004-03-18,83,184,185
2004-03-18,84,140,142
2004-03-18,85,,
2004-03-18,86,,
2004-03-18,87,141,142
2004-03-18,88,,
2004-03-18,89,145,146
2004-03-18,90,,
2004-03-18,91,174,177
2004-03-18,92,117,120
2004-03-18,93,142,144
2004-03-18,94,,
2004-03-18,95,,
2004-03-18,96,185,186
2004-03-18,97,,
2004-03-18,98,189,190
2004-03-18,99,,
2004-03-18,100,213,218
2004-03-18,101,91,92
2004-03-18,102,136,137
2004-03-18,103,78,81
2004-03-18,104,143,144
2004-03-18,105,169,170
2004-03-18,106,158,160
2004-03-18,107,,
2004-03-18,108,188,190
2004-03-25,1,190,192
2004-03-25,2,338,347
2004-03-25,3,184,186
2004-03-25,4,329,338
2004-03-25,5,4000,4050
2004-03-25,6,181,183
2004-03-25,7,320,328
2004-03-25,8,,
2004-03-25,9,,
2004-03-25,10,620,750
2004-03-25,11,438,447
2004-03-25,12,1980,2000
2004-03-25,13,203,205
2004-03-25,14,428,438
2004-03-25,15,680,700
2004-03-25,16,208,210
2004-03-25,17,400,410
2004-03-25,18,490,570
2004-03-25,19,185,188
2004-03-25,20,850,875
2004-03-25,21,,
2004-03-25,22,460,510
2004-03-25,23,,
2004-03-25,24,276,282
2004-03-25,25,390,410
2004-03-25,26,,
2004-03-25,27,340,351
2004-03-25,28,,
2004-03-25,29,181,184
2004-03-25,30,670,685
2004-03-25,31,181,184
2004-03-25,32,199,205
2004-03-25,33,805,810
2004-03-25,34,213,218
2004-03-25,35,185,190
2004-03-25,36,180,182
2004-03-25,37,200,206
2004-03-25,38,,
2004-03-25,39,358,363
2004-03-25,40,406,437
2004-03-25,41,,
2004-03-25,42,,
2004-03-25,43,320,345
2004-03-25,44,,
2004-03-25,45,268,272
2004-03-25,46,183,185
2004-03-25,47,,
2004-03-25,48,321,323
2004-03-25,49,802,827
2004-03-25,50,,
2004-03-25,51,665,690
2004-03-25,52,185.5,186.5
2004-03-25,53,575,595
2004-03-25,54,,
2004-03-25,55,585,605
2004-03-25,56,245,246
2004-03-25,57,508,528
2004-03-25,58,,
2004-03-25,59,605,620
2004-03-25,60,,
2004-03-25,61,,
2004-03-25,62,,
2004-03-25,63,265,275
2004-03-25,64,150,155
2004-03-25,65,247,257
2004-03-25,66,,
2004-03-25,67,332,333
2004-03-25,68,175,185
2004-03-25,69,,
2004-03-25,70,,
2004-03-25,71,125,127
2004-03-25,72,,
2004-03-25,73,323,324
2004-03-25,74,109,112
2004-03-25,75,168,170
2004-03-25,76,164,165
2004-03-25,77,168,169
2004-03-25,78,,
2004-03-25,79,175,177
2004-03-25,80,177,178
2004-03-25,81,,
2004-03-25,82,,
2004-03-25,83,187,188
2004-03-25,84,145,147
2004-03-25,85,,
2004-03-25,86,,
2004-03-25,87,143,144
2004-03-25,88,,
2004-03-25,89,147,148
2004-03-25,90,,
2004-03-25,91,174,177
2004-03-25,92,119,122
2004-03-25,93,142,144
2004-03-25,94,,
2004-03-25,95,,
2004-03-25,96,187,188
2004-03-25,97,,
2004-03-25,98,191,192
2004-03-25,99,,
2004-03-25,100,213,218
2004-03-25,101,91,92
2004-03-25,102,136,137
2004-03-25,103,78,81
2004-03-25,104,143,144
2004-03-25,105,172,173
2004-03-25,106,161,163
2004-03-25,107,,
2004-03-25,108,188,190
2004-04-01,1,193,195
2004-04-01,2,338,347
2004-04-01,3,188,190
2004-04-01,4,329,338
2004-04-01,5,4000,4050
2004-04-01,6,185,187
2004-04-01,7,320,328
2004-04-01,8,,
2004-04-01,9,,
2004-04-01,10,620,750
2004-04-01,11,438,447
2004-04-01,12,1980,2000
2004-04-01,13,207,209
2004-04-01,14,428,438
2004-04-01,15,680,700
2004-04-01,16,209,211
2004-04-01,17,400,410
2004-04-01,18,490,570
2004-04-01,19,186,189
2004-04-01,20,980,1010
2004-04-01,21,,
2004-04-01,22,460,510
2004-04-01,23,,
2004-04-01,24,276,282
2004-04-01,25,390,410
2004-04-01,26,,
2004-04-01,27,340,351
2004-04-01,28,,
2004-04-01,29,183,186
2004-04-01,30,660,675
2004-04-01,31,183,186
2004-04-01,32,199,205
2004-04-01,33,795,800
2004-04-01,34,213,218
2004-04-01,35,187,192
2004-04-01,36,183,185
2004-04-01,37,200,206
2004-04-01,38,,
2004-04-01,39,361,366
2004-04-01,40,406,437
2004-04-01,41,,
2004-04-01,42,,
2004-04-01,43,320,345
2004-04-01,44,,
2004-04-01,45,268,272
2004-04-01,46,186,188
2004-04-01,47,,
2004-04-01,48,321,323
2004-04-01,49,802,827
2004-04-01,50,,
2004-04-01,51,665,690
2004-04-01,52,187.5,188.5
2004-04-01,53,575,595
2004-04-01,54,,
2004-04-01,55,585,605
2004-04-01,56,247,248
2004-04-01,57,508,528
2004-04-01,58,,
2004-04-01,59,605,620
2004-04-01,60,,
2004-04-01,61,,
2004-04-01,62,,
2004-04-01,63,265,275
2004-04-01,64,150,155
2004-04-01,65,247,257
2004-04-01,66,,
2004-04-01,67,327,328
2004-04-01,68,175,185
2004-04-01,69,,
2004-04-01,70,,
2004-04-01,71,125,127
2004-04-01,72,,
2004-04-01,73,318,319
2004-04-01,74,109,112
2004-04-01,75,168,170
2004-04-01,76,159,160
2004-04-01,77,168,169
2004-04-01,78,,
2004-04-01,79,176,178
2004-04-01,80,179,180
2004-04-01,81,,
2004-04-01,82,,
2004-04-01,83,195,196
2004-04-01,84,145,147
2004-04-01,85,,
2004-04-01,86,,
2004-04-01,87,143,144
2004-04-01,88,,
2004-04-01,89,147,148
2004-04-01,90,,
2004-04-01,91,174,177
2004-04-01,92,119,122
2004-04-01,93,142,144
2004-04-01,94,,
2004-04-01,95,,
2004-04-01,96,187,188
2004-04-01,97,,
2004-04-01,98,191,192
2004-04-01,99,,
2004-04-01,100,213,218
2004-04-01,101,91,92
2004-04-01,102,136,137
2004-04-01,103,78,81
2004-04-01,104,143,144
2004-04-01,105,176,177
2004-04-01,106,161,163
2004-04-01,107,,
2004-04-01,108,188,190
2004-04-08,1,193,195
2004-04-08,2,338,347
2004-04-08,3,189,191
2004-04-08,4,329,338
2004-04-08,5,4000,4050
2004-04-08,6,186,188
2004-04-08,7,320,328
2004-04-08,8,,
2004-04-08,9,,
2004-04-08,10,620,750
2004-04-08,11,438,447
2004-04-08,12,1980,2000
2004-04-08,13,207,209
2004-04-08,14,428,438
2004-04-08,15,680,700
2004-04-08,16,209,211
2004-04-08,17,400,410
2004-04-08,18,490,570
2004-04-08,19,184,187
2004-04-08,20,980,1010
2004-04-08,21,,
2004-04-08,22,460,510
2004-04-08,23,,
2004-04-08,24,276,282
2004-04-08,25,390,410
2004-04-08,26,,
2004-04-08,27,340,351
2004-04-08,28,,
2004-04-08,29,183,186
2004-04-08,30,660,675
2004-04-08,31,183,186
2004-04-08,32,199,205
2004-04-08,33,795,800
2004-04-08,34,213,218
2004-04-08,35,187,192
2004-04-08,36,184,186
2004-04-08,37,200,206
2004-04-08,38,,
2004-04-08,39,368,373
2004-04-08,40,406,437
2004-04-08,41,,
2004-04-08,42,,
2004-04-08,43,320,345
2004-04-08,44,,
2004-04-08,45,268,272
2004-04-08,46,187,189
2004-04-08,47,,
2004-04-08,48,328,330
2004-04-08,49,802,827
2004-04-08,50,,
2004-04-08,51,665,690
2004-04-08,52,187.5,188.5
2004-04-08,53,575,595
2004-04-08,54,,
2004-04-08,55,585,605
2004-04-08,56,247,248
2004-04-08,57,508,528
2004-04-08,58,,
2004-04-08,59,605,620
2004-04-08,60,,
2004-04-08,61,,
2004-04-08,62,,
2004-04-08,63,265,275
2004-04-08,64,150,155
2004-04-08,65,247,257
2004-04-08,66,,
2004-04-08,67,337,338
2004-04-08,68,175,185
2004-04-08,69,,
2004-04-08,70,,
2004-04-08,71,125,127
2004-04-08,72,,
2004-04-08,73,328,329
2004-04-08,74,109,112
2004-04-08,75,168,170
2004-04-08,76,159,160
2004-04-08,77,168,169
2004-04-08,78,,
2004-04-08,79,176,178
2004-04-08,80,181,182
2004-04-08,81,,
2004-04-08,82,,
2004-04-08,83,195,196
2004-04-08,84,145,147
2004-04-08,85,,
2004-04-08,86,,
2004-04-08,87,143,144
2004-04-08,88,,
2004-04-08,89,147,148
2004-04-08,90,,
2004-04-08,91,174,177
2004-04-08,92,119,122
2004-04-08,93,142,144
2004-04-08,94,,
2004-04-08,95,,
2004-04-08,96,187,188
2004-04-08,97,,
2004-04-08,98,191,192
2004-04-08,99,,
2004-04-08,100,213,218
2004-04-08,101,91,92
2004-04-08,102,136,137
2004-04-08,103,78,81
2004-04-08,104,143,144
2004-04-08,105,178,179
2004-04-08,106,161,163
2004-04-08,107,,
2004-04-08,108,190,192
2004-04-15,1,193,195
2004-04-15,2,338,347
2004-04-15,3,189,191
2004-04-15,4,329,338
2004-04-15,5,4000,4050
2004-04-15,6,186,188
2004-04-15,7,320,328
2004-04-15,8,,
2004-04-15,9,,
2004-04-15,10,620,750
2004-04-15,11,438,447
2004-04-15,12,1980,2000
2004-04-15,13,207,209
2004-04-15,14,428,438
2004-04-15,15,680,700
2004-04-15,16,209,211
2004-04-15,17,400,410
2004-04-15,18,490,570
2004-04-15,19,182,185
2004-04-15,20,980,1010
2004-04-15,21,,
2004-04-15,22,460,510
2004-04-15,23,,
2004-04-15,24,276,282
2004-04-15,25,390,410
2004-04-15,26,,
2004-04-15,27,340,351
2004-04-15,28,,
2004-04-15,29,183,186
2004-04-15,30,665,680
2004-04-15,31,183,186
2004-04-15,32,199,205
2004-04-15,33,795,800
2004-04-15,34,213,218
2004-04-15,35,187,192
2004-04-15,36,184,186
2004-04-15,37,200,206
2004-04-15,38,,
2004-04-15,39,368,373
2004-04-15,40,406,437
2004-04-15,41,,
2004-04-15,42,,
2004-04-15,43,320,345
2004-04-15,44,,
2004-04-15,45,268,272
2004-04-15,46,187,189
2004-04-15,47,,
2004-04-15,48,328,330
2004-04-15,49,802,827
2004-04-15,50,,
2004-04-15,51,665,690
2004-04-15,52,187.5,188.5
2004-04-15,53,575,595
2004-04-15,54,,
2004-04-15,55,585,605
2004-04-15,56,247,248
2004-04-15,57,508,528
2004-04-15,58,,
2004-04-15,59,605,620
2004-04-15,60,,
2004-04-15,61,,
2004-04-15,62,,
2004-04-15,63,267,277
2004-04-15,64,150,155
2004-04-15,65,249,259
2004-04-15,66,,
2004-04-15,67,337,338
2004-04-15,68,177,187
2004-04-15,69,,
2004-04-15,70,,
2004-04-15,71,127,129
2004-04-15,72,,
2004-04-15,73,328,329
2004-04-15,74,111,114
2004-04-15,75,168,170
2004-04-15,76,159,160
2004-04-15,77,168,169
2004-04-15,78,,
2004-04-15,79,177,179
2004-04-15,80,181,182
2004-04-15,81,,
2004-04-15,82,,
2004-04-15,83,196,197
2004-04-15,84,145,147
2004-04-15,85,,
2004-04-15,86,,
2004-04-15,87,143,144
2004-04-15,88,,
2004-04-15,89,147,148
2004-04-15,90,,
2004-04-15,91,174,177
2004-04-15,92,119,122
2004-04-15,93,142,144
2004-04-15,94,,
2004-04-15,95,,
2004-04-15,96,187,188
2004-04-15,97,,
2004-04-15,98,191,192
2004-04-15,99,,
2004-04-15,100,213,218
2004-04-15,101,91,92
2004-04-15,102,136,137
2004-04-15,103,78,81
2004-04-15,104,143,144
2004-04-15,105,178,179
2004-04-15,106,161,163
2004-04-15,107,,
2004-04-15,108,190,192
2004-04-22,1,193,195
2004-04-22,2,338,347
2004-04-22,3,188,190
2004-04-22,4,329,338
2004-04-22,5,,
2004-04-22,6,185,187
2004-04-22,7,320,328
2004-04-22,8,,
2004-04-22,9,,
2004-04-22,10,620,750
2004-04-22,11,438,447
2004-04-22,12,1880,1900
2004-04-22,13,208,210
2004-04-22,14,428,438
2004-04-22,15,680,700
2004-04-22,16,209,211
2004-04-22,17,400,410
2004-04-22,18,510,590
2004-04-22,19,180,183
2004-04-22,20,1240,1270
2004-04-22,21,,
2004-04-22,22,460,510
2004-04-22,23,,
2004-04-22,24,276,282
2004-04-22,25,390,410
2004-04-22,26,,
2004-04-22,27,340,351
2004-04-22,28,,
2004-04-22,29,182,185
2004-04-22,30,665,685
2004-04-22,31,182,185
2004-04-22,32,199,205
2004-04-22,33,795,800
2004-04-22,34,213,218
2004-04-22,35,187,192
2004-04-22,36,184,186
2004-04-22,37,200,206
2004-04-22,38,,
2004-04-22,39,368,373
2004-04-22,40,406,437
2004-04-22,41,,
2004-04-22,42,,
2004-04-22,43,330,355
2004-04-22,44,,
2004-04-22,45,268,272
2004-04-22,46,187,189
2004-04-22,47,,
2004-04-22,48,328,330
2004-04-22,49,802,827
2004-04-22,50,,
2004-04-22,51,675,700
2004-04-22,52,187,188
2004-04-22,53,575,595
2004-04-22,54,,
2004-04-22,55,585,605
2004-04-22,56,247,248
2004-04-22,57,508,528
2004-04-22,58,,
2004-04-22,59,605,620
2004-04-22,60,,
2004-04-22,61,,
2004-04-22,62,,
2004-04-22,63,269,279
2004-04-22,64,150,155
2004-04-22,65,251,261
2004-04-22,66,,
2004-04-22,67,319,320
2004-04-22,68,177,187
2004-04-22,69,,
2004-04-22,70,,
2004-04-22,71,127,129
2004-04-22,72,,
2004-04-22,73,310,311
2004-04-22,74,111,114
2004-04-22,75,168,170
2004-04-22,76,159,160
2004-04-22,77,168,169
2004-04-22,78,,
2004-04-22,79,177,179
2004-04-22,80,181,182
2004-04-22,81,,
2004-04-22,82,,
2004-04-22,83,192,193
2004-04-22,84,140,142
2004-04-22,85,,
2004-04-22,86,,
2004-04-22,87,141,142
2004-04-22,88,,
2004-04-22,89,145,146
2004-04-22,90,,
2004-04-22,91,174,177
2004-04-22,92,119,122
2004-04-22,93,140,142
2004-04-22,94,,
2004-04-22,95,,
2004-04-22,96,185,186
2004-04-22,97,,
2004-04-22,98,189,190
2004-04-22,99,,
2004-04-22,100,213,218
2004-04-22,101,91,92
2004-04-22,102,134,135
2004-04-22,103,78,81
2004-04-22,104,141,142
2004-04-22,105,178,179
2004-04-22,106,159,161
2004-04-22,107,,
2004-04-22,108,190,192
2004-04-29,1,193,195
2004-04-29,2,338,347
2004-04-29,3,187,189
2004-04-29,4,329,338
2004-04-29,5,,
2004-04-29,6,184,186
2004-04-29,7,320,328
2004-04-29,8,,
2004-04-29,9,,
2004-04-29,10,620,750
2004-04-29,11,438,447
2004-04-29,12,1880,1900
2004-04-29,13,208,210
2004-04-29,14,428,438
2004-04-29,15,680,700
2004-04-29,16,209,211
2004-04-29,17,400,410
2004-04-29,18,510,590
2004-04-29,19,182,185
2004-04-29,20,1240,1270
2004-04-29,21,,
2004-04-29,22,460,510
2004-04-29,23,,
2004-04-29,24,276,282
2004-04-29,25,390,410
2004-04-29,26,,
2004-04-29,27,340,351
2004-04-29,28,,
2004-04-29,29,182,185
2004-04-29,30,665,685
2004-04-29,31,182,185
2004-04-29,32,199,205
2004-04-29,33,785,790
2004-04-29,34,213,218
2004-04-29,35,187,192
2004-04-29,36,184,186
2004-04-29,37,200,206
2004-04-29,38,,
2004-04-29,39,368,373
2004-04-29,40,406,437
2004-04-29,41,,
2004-04-29,42,,
2004-04-29,43,340,365
2004-04-29,44,,
2004-04-29,45,268,272
2004-04-29,46,187,189
2004-04-29,47,,
2004-04-29,49,802,827
2004-04-29,51,685,710
2004-04-29,52,187,188
2004-04-29,53,575,595
2004-04-29,54,,
2004-04-29,55,585,605
2004-04-29,56,247,248
2004-04-29,57,508,528
2004-04-29,58,,
2004-04-29,59,605,620
2004-04-29,60,,
2004-04-29,61,,
2004-04-29,62,,
2004-04-29,63,269,279
2004-04-29,64,150,155
2004-04-29,65,251,261
2004-04-29,66,,
2004-04-29,68,177,187
2004-04-29,69,,
2004-04-29,71,127,129
2004-04-29,72,,
2004-04-29,73,313,314
2004-04-29,74,111,114
2004-04-29,75,168,170
2004-04-29,76,156,157
2004-04-29,77,168,169
2004-04-29,78,,
2004-04-29,79,177,179
2004-04-29,80,181,182
2004-04-29,81,,
2004-04-29,82,145,147
2004-04-29,83,192,193
2004-04-29,84,135,137
2004-04-29,85,,
2004-04-29,86,,
2004-04-29,87,135,136
2004-04-29,88,165,175
2004-04-29,89,139,140
2004-04-29,90,,
2004-04-29,91,170,173
2004-04-29,92,118,121
2004-04-29,93,134,136
2004-04-29,94,,
2004-04-29,95,,
2004-04-29,96,179,180
2004-04-29,97,,
2004-04-29,98,183,184
2004-04-29,99,,
2004-04-29,100,209,214
2004-04-29,101,91,92
2004-04-29,102,128,129
2004-04-29,103,78,81
2004-04-29,104,135,136
2004-04-29,105,177,178
2004-04-29,106,156,158
2004-04-29,107,,
2004-04-29,108,188,190
2004-04-29,109,328,330
2004-04-29,110,345,348
2004-04-29,111,337,340
2004-04-29,112,,
2004-04-29,113,322,323
2004-04-29,114,332,333
2004-04-29,115,330,331
2004-05-06,1,193,195
2004-05-06,2,338,347
2004-05-06,3,186,188
2004-05-06,4,329,338
2004-05-06,5,,
2004-05-06,6,183,185
2004-05-06,7,320,328
2004-05-06,8,,
2004-05-06,9,,
2004-05-06,10,620,750
2004-05-06,11,438,447
2004-05-06,12,1880,1900
2004-05-06,13,208,210
2004-05-06,14,428,438
2004-05-06,15,680,700
2004-05-06,16,209,211
2004-05-06,17,400,410
2004-05-06,18,510,590
2004-05-06,19,180,183
2004-05-06,20,1170,1200
2004-05-06,21,,
2004-05-06,22,460,510
2004-05-06,23,,
2004-05-06,24,276,282
2004-05-06,25,390,410
2004-05-06,26,,
2004-05-06,27,340,351
2004-05-06,28,,
2004-05-06,29,182,185
2004-05-06,30,665,685
2004-05-06,31,182,185
2004-05-06,32,199,205
2004-05-06,33,780,785
2004-05-06,34,213,218
2004-05-06,35,187,192
2004-05-06,36,184,186
2004-05-06,37,200,206
2004-05-06,38,,
2004-05-06,39,368,373
2004-05-06,40,416,447
2004-05-06,41,,
2004-05-06,42,,
2004-05-06,43,350,375
2004-05-06,44,,
2004-05-06,45,268,272
2004-05-06,46,187,189
2004-05-06,47,,
2004-05-06,49,822,847
2004-05-06,51,705,730
2004-05-06,52,187.5,188.5
2004-05-06,53,575,595
2004-05-06,54,,
2004-05-06,55,585,605
2004-05-06,56,247,248
2004-05-06,57,508,528
2004-05-06,58,,
2004-05-06,59,605,620
2004-05-06,60,,
2004-05-06,61,,
2004-05-06,62,,
2004-05-06,63,269,279
2004-05-06,64,150,155
2004-05-06,65,251,261
2004-05-06,66,,
2004-05-06,68,177,187
2004-05-06,69,,
2004-05-06,71,127,129
2004-05-06,72,,
2004-05-06,73,313,314
2004-05-06,74,111,114
2004-05-06,75,168,170
2004-05-06,76,151,152
2004-05-06,77,168,169
2004-05-06,78,,
2004-05-06,79,177,179
2004-05-06,80,181,182
2004-05-06,81,,
2004-05-06,82,140,142
2004-05-06,83,192,193
2004-05-06,84,132,134
2004-05-06,85,,
2004-05-06,86,,
2004-05-06,87,128,129
2004-05-06,88,165,175
2004-05-06,89,132,133
2004-05-06,90,,
2004-05-06,91,163,166
2004-05-06,92,116,119
2004-05-06,93,127,129
2004-05-06,94,,
2004-05-06,95,,
2004-05-06,96,172,173
2004-05-06,97,,
2004-05-06,98,176,177
2004-05-06,99,,
2004-05-06,100,202,207
2004-05-06,101,91,92
2004-05-06,102,121,122
2004-05-06,103,78,81
2004-05-06,104,128,129
2004-05-06,105,177,178
2004-05-06,106,151,153
2004-05-06,107,,
2004-05-06,108,190,192
2004-05-06,109,332,334
2004-05-06,110,349,352
2004-05-06,111,341,344
2004-05-06,112,,
2004-05-06,113,322,323
2004-05-06,114,332,333
2004-05-06,115,330,331
2004-05-13,1,193,195
2004-05-13,2,338,347
2004-05-13,3,185,187
2004-05-13,4,329,338
2004-05-13,5,,
2004-05-13,6,182,184
2004-05-13,7,320,328
2004-05-13,8,,
2004-05-13,9,,
2004-05-13,10,620,750
2004-05-13,11,438,447
2004-05-13,12,1880,1900
2004-05-13,13,204,206
2004-05-13,14,428,438
2004-05-13,15,680,700
2004-05-13,16,209,211
2004-05-13,17,400,410
2004-05-13,18,510,590
2004-05-13,19,176,179
2004-05-13,20,1170,1200
2004-05-13,21,,
2004-05-13,22,460,510
2004-05-13,23,,
2004-05-13,24,276,282
2004-05-13,25,390,410
2004-05-13,26,,
2004-05-13,27,340,351
2004-05-13,28,,
2004-05-13,29,174,177
2004-05-13,30,665,685
2004-05-13,31,174,177
2004-05-13,32,199,205
2004-05-13,33,770,775
2004-05-13,34,213,218
2004-05-13,35,187,192
2004-05-13,36,184,186
2004-05-13,37,200,206
2004-05-13,38,,
2004-05-13,39,368,373
2004-05-13,40,430,455
2004-05-13,41,,
2004-05-13,42,,
2004-05-13,43,360,385
2004-05-13,44,,
2004-05-13,45,268,272
2004-05-13,46,187,189
2004-05-13,47,,
2004-05-13,49,842,867
2004-05-13,51,725,750
2004-05-13,52,187.5,188.5
2004-05-13,53,575,595
2004-05-13,54,,
2004-05-13,55,585,605
2004-05-13,56,247,248
2004-05-13,57,508,528
2004-05-13,58,,
2004-05-13,59,605,620
2004-05-13,60,,
2004-05-13,61,,
2004-05-13,62,,
2004-05-13,63,272,282
2004-05-13,64,150,155
2004-05-13,65,251,261
2004-05-13,66,,
2004-05-13,68,177,187
2004-05-13,69,,
2004-05-13,71,127,129
2004-05-13,72,,
2004-05-13,74,111,114
2004-05-13,75,,
2004-05-13,76,149,150
2004-05-13,77,168,169
2004-05-13,78,,
2004-05-13,79,177,179
2004-05-13,80,179,180
2004-05-13,81,142,144
2004-05-13,82,137,139
2004-05-13,83,187,188
2004-05-13,84,129,131
2004-05-13,85,,
2004-05-13,86,,
2004-05-13,87,116,117
2004-05-13,88,165,175
2004-05-13,89,120,121
2004-05-13,90,,
2004-05-13,91,155,158
2004-05-13,92,114,117
2004-05-13,93,115,117
2004-05-13,94,,
2004-05-13,95,,
2004-05-13,96,160,161
2004-05-13,97,,
2004-05-13,98,164,165
2004-05-13,99,,
2004-05-13,100,194,199
2004-05-13,101,91,92
2004-05-13,102,109,110
2004-05-13,103,78,81
2004-05-13,104,116,117
2004-05-13,105,177,178
2004-05-13,106,145,147
2004-05-13,107,,
2004-05-13,108,190,192
2004-05-13,109,328,330
2004-05-13,110,339,342
2004-05-13,111,331,334
2004-05-13,112,,
2004-05-13,113,309,310
2004-05-13,114,319,320
2004-05-13,115,317,318
2004-05-13,116,300,301
2004-05-20,1,188,190
2004-05-20,2,330,339
2004-05-20,3,180,182
2004-05-20,4,321,330
2004-05-20,5,,
2004-05-20,6,177,179
2004-05-20,7,312,320
2004-05-20,8,,
2004-05-20,9,,
2004-05-20,10,620,750
2004-05-20,11,430,439
2004-05-20,12,1880,1900
2004-05-20,13,200,202
2004-05-20,14,420,430
2004-05-20,15,680,700
2004-05-20,16,209,211
2004-05-20,17,392,402
2004-05-20,18,510,590
2004-05-20,19,172,175
2004-05-20,20,1170,1200
2004-05-20,21,,
2004-05-20,22,460,510
2004-05-20,23,,
2004-05-20,24,276,282
2004-05-20,25,390,410
2004-05-20,26,,
2004-05-20,27,340,351
2004-05-20,28,,
2004-05-20,29,167,170
2004-05-20,30,665,685
2004-05-20,31,167,170
2004-05-20,32,194,200
2004-05-20,33,770,775
2004-05-20,34,208,213
2004-05-20,35,185,190
2004-05-20,36,181,183
2004-05-20,37,200,206
2004-05-20,38,,
2004-05-20,39,363,368
2004-05-20,40,430,455
2004-05-20,41,,
2004-05-20,42,,
2004-05-20,43,360,385
2004-05-20,44,,
2004-05-20,45,268,272
2004-05-20,46,184,186
2004-05-20,47,,
2004-05-20,49,842,867
2004-05-20,51,725,750
2004-05-20,52,186.5,187.5
2004-05-20,53,575,595
2004-05-20,54,,
2004-05-20,55,585,605
2004-05-20,56,246,247
2004-05-20,57,508,528
2004-05-20,58,,
2004-05-20,59,605,620
2004-05-20,60,,
2004-05-20,61,,
2004-05-20,62,,
2004-05-20,63,272,282
2004-05-20,64,145,150
2004-05-20,65,251,261
2004-05-20,66,,
2004-05-20,68,177,187
2004-05-20,69,,
2004-05-20,71,122,124
2004-05-20,72,,
2004-05-20,74,106,109
2004-05-20,75,,
2004-05-20,76,144,145
2004-05-20,77,165,166
2004-05-20,78,,
2004-05-20,79,174,176
2004-05-20,80,174,175
2004-05-20,81,137,139
2004-05-20,82,132,134
2004-05-20,83,179,180
2004-05-20,84,124,126
2004-05-20,85,,
2004-05-20,86,,
2004-05-20,87,99,100
2004-05-20,88,160,170
2004-05-20,89,103,104
2004-05-20,90,,
2004-05-20,91,147,150
2004-05-20,92,111,114
2004-05-20,93,98,100
2004-05-20,94,,
2004-05-20,95,,
2004-05-20,96,143,144
2004-05-20,97,,
2004-05-20,98,147,148
2004-05-20,99,,
2004-05-20,100,186,191
2004-05-20,101,91,92
2004-05-20,102,92,93
2004-05-20,103,78,81
2004-05-20,104,99,100
2004-05-20,105,174,175
2004-05-20,106,132,134
2004-05-20,107,,
2004-05-20,108,193,195
2004-05-20,109,313,315
2004-05-20,110,319,322
2004-05-20,111,311,314
2004-05-20,112,,
2004-05-20,117,286,287
2004-05-20,118,277,278
2004-05-20,119,296,297
2004-05-20,120,294,295
2004-05-20,121,295,297
2004-05-20,122,293,295
2004-05-20,123,304,306
2004-05-20,124,301,303
2004-05-27,1,,
2004-05-27,2,330,339
2004-05-27,3,175,177
2004-05-27,4,321,330
2004-05-27,5,,
2004-05-27,6,170,172
2004-05-27,7,312,320
2004-05-27,8,,
2004-05-27,9,,
2004-05-27,10,620,750
2004-05-27,11,430,439
2004-05-27,12,1880,1900
2004-05-27,13,195,197
2004-05-27,14,420,430
2004-05-27,15,680,700
2004-05-27,16,204,206
2004-05-27,17,392,402
2004-05-27,18,510,590
2004-05-27,19,162,165
2004-05-27,20,1170,1200
2004-05-27,21,,
2004-05-27,22,460,510
2004-05-27,23,,
2004-05-27,24,274,280
2004-05-27,25,390,410
2004-05-27,26,,
2004-05-27,27,338,349
2004-05-27,28,,
2004-05-27,29,155,158
2004-05-27,30,665,685
2004-05-27,31,155,158
2004-05-27,32,189,195
2004-05-27,33,770,775
2004-05-27,34,208,213
2004-05-27,35,,
2004-05-27,36,181,183
2004-05-27,37,200,206
2004-05-27,38,,
2004-05-27,39,363,368
2004-05-27,40,430,455
2004-05-27,41,,
2004-05-27,42,,
2004-05-27,43,360,385
2004-05-27,44,,
2004-05-27,45,268,272
2004-05-27,46,184,186
2004-05-27,47,,
2004-05-27,49,842,867
2004-05-27,51,725,750
2004-05-27,52,183,184
2004-05-27,53,575,595
2004-05-27,54,,
2004-05-27,55,585,605
2004-05-27,56,243,244
2004-05-27,57,508,528
2004-05-27,58,,
2004-05-27,59,605,620
2004-05-27,60,,
2004-05-27,61,,
2004-05-27,62,,
2004-05-27,63,272,282
2004-05-27,64,145,150
2004-05-27,65,251,261
2004-05-27,66,,
2004-05-27,68,177,187
2004-05-27,69,,
2004-05-27,71,122,124
2004-05-27,72,,
2004-05-27,74,106,109
2004-05-27,75,,
2004-05-27,76,139,140
2004-05-27,77,161,162
2004-05-27,78,,
2004-05-27,79,,
2004-05-27,80,169,170
2004-05-27,81,132,134
2004-05-27,82,125,127
2004-05-27,83,169,170
2004-05-27,84,119,121
2004-05-27,85,,
2004-05-27,86,,
2004-05-27,87,89,90
2004-05-27,88,160,165
2004-05-27,89,93,94
2004-05-27,90,,
2004-05-27,91,141,144
2004-05-27,92,109,112
2004-05-27,93,88,90
2004-05-27,94,,
2004-05-27,95,,
2004-05-27,96,133,134
2004-05-27,97,,
2004-05-27,98,137,138
2004-05-27,99,,
2004-05-27,100,180,185
2004-05-27,101,91,92
2004-05-27,102,82,83
2004-05-27,103,78,81
2004-05-27,104,89,90
2004-05-27,105,173,174
2004-05-27,106,128,130
2004-05-27,107,,
2004-05-27,108,197,199
2004-05-27,109,,
2004-05-27,110,289,292
2004-05-27,111,281,284
2004-05-27,112,,
2004-05-27,117,264,265
2004-05-27,118,255,256
2004-05-27,119,274,275
2004-05-27,120,272,273
2004-05-27,121,273,275
2004-05-27,122,271,273
2004-05-27,123,282,284
2004-05-27,124,279,281
2004-06-03,1,,
2004-06-03,2,325,334
2004-06-03,3,170,172
2004-06-03,4,316,325
2004-06-03,5,,
2004-06-03,6,165,167
2004-06-03,7,307,315
2004-06-03,8,,
2004-06-03,9,,
2004-06-03,10,620,750
2004-06-03,11,430,439
2004-06-03,12,1880,1900
2004-06-03,13,190,192
2004-06-03,14,420,430
2004-06-03,15,680,700
2004-06-03,16,199,201
2004-06-03,17,392,402
2004-06-03,18,510,590
2004-06-03,19,159,162
2004-06-03,20,1170,1200
2004-06-03,21,,
2004-06-03,22,460,510
2004-06-03,23,,
2004-06-03,24,274,280
2004-06-03,25,390,410
2004-06-03,26,,
2004-06-03,27,338,349
2004-06-03,28,,
2004-06-03,29,155,158
2004-06-03,30,665,685
2004-06-03,31,155,158
2004-06-03,32,,
2004-06-03,33,765,770
2004-06-03,34,,
2004-06-03,35,,
2004-06-03,36,,
2004-06-03,37,200,206
2004-06-03,38,,
2004-06-03,39,,
2004-06-03,40,435,460
2004-06-03,41,,
2004-06-03,42,,
2004-06-03,43,360,385
2004-06-03,44,,
2004-06-03,45,268,272
2004-06-03,46,194,196
2004-06-03,47,,
2004-06-03,49,852,877
2004-06-03,51,735,760
2004-06-03,52,177,178
2004-06-03,53,575,595
2004-06-03,54,,
2004-06-03,55,585,605
2004-06-03,56,238,239
2004-06-03,57,513,533
2004-06-03,58,,
2004-06-03,59,605,620
2004-06-03,60,,
2004-06-03,61,,
2004-06-03,62,,
2004-06-03,63,274,284
2004-06-03,64,145,150
2004-06-03,65,253,263
2004-06-03,66,,
2004-06-03,68,182,192
2004-06-03,69,,
2004-06-03,71,118,120
2004-06-03,72,,
2004-06-03,74,102,105
2004-06-03,75,,
2004-06-03,76,137,138
2004-06-03,77,158,159
2004-06-03,78,,
2004-06-03,79,,
2004-06-03,80,166,167
2004-06-03,81,129,131
2004-06-03,82,123,125
2004-06-03,83,166,167
2004-06-03,84,117,119
2004-06-03,85,,
2004-06-03,86,,
2004-06-03,87,99,100
2004-06-03,88,159,164
2004-06-03,89,103,104
2004-06-03,90,,
2004-06-03,91,141,144
2004-06-03,92,106,109
2004-06-03,93,96,98
2004-06-03,94,,
2004-06-03,95,,
2004-06-03,96,143,144
2004-06-03,97,,
2004-06-03,98,147,148
2004-06-03,99,,
2004-06-03,100,180,185
2004-06-03,101,91,92
2004-06-03,102,90,91
2004-06-03,103,78,81
2004-06-03,104,97,98
2004-06-03,105,170,171
2004-06-03,106,128,130
2004-06-03,107,,
2004-06-03,108,197,199
2004-06-03,109,,
2004-06-03,110,283,286
2004-06-03,111,275,278
2004-06-03,112,,
2004-06-03,117,249,250
2004-06-03,118,240,241
2004-06-03,119,259,260
2004-06-03,120,257,258
2004-06-03,121,258,260
2004-06-03,122,256,258
2004-06-03,123,267,269
2004-06-03,124,264,266
2004-06-10,1,,
2004-06-10,2,325,334
2004-06-10,3,,
2004-06-10,4,316,325
2004-06-10,5,,
2004-06-10,6,,
2004-06-10,7,307,315
2004-06-10,8,,
2004-06-10,9,,
2004-06-10,10,620,750
2004-06-10,11,430,439
2004-06-10,12,1880,1900
2004-06-10,13,188,190
2004-06-10,14,420,430
2004-06-10,15,680,700
2004-06-10,16,199,201
2004-06-10,17,392,402
2004-06-10,18,510,590
2004-06-10,19,159,162
2004-06-10,20,1170,1200
2004-06-10,21,,
2004-06-10,22,460,510
2004-06-10,23,,
2004-06-10,24,274,280
2004-06-10,25,390,410
2004-06-10,26,,
2004-06-10,27,338,349
2004-06-10,28,,
2004-06-10,29,155,158
2004-06-10,30,665,685
2004-06-10,31,155,158
2004-06-10,32,,
2004-06-10,33,765,770
2004-06-10,34,,
2004-06-10,35,,
2004-06-10,36,,
2004-06-10,37,194,200
2004-06-10,38,,
2004-06-10,39,,
2004-06-10,40,435,460
2004-06-10,41,,
2004-06-10,42,,
2004-06-10,43,360,385
2004-06-10,44,,
2004-06-10,45,268,272
2004-06-10,46,,
2004-06-10,47,,
2004-06-10,49,852,877
2004-06-10,51,735,760
2004-06-10,52,170,171
2004-06-10,53,575,595
2004-06-10,54,,
2004-06-10,55,585,605
2004-06-10,56,233,234
2004-06-10,57,513,533
2004-06-10,58,,
2004-06-10,59,605,620
2004-06-10,60,,
2004-06-10,61,,
2004-06-10,62,,
2004-06-10,63,274,284
2004-06-10,64,145,150
2004-06-10,65,253,263
2004-06-10,66,,
2004-06-10,68,182,192
2004-06-10,69,,
2004-06-10,71,118,120
2004-06-10,72,,
2004-06-10,74,102,105
2004-06-10,75,,
2004-06-10,76,132,133
2004-06-10,77,156,157
2004-06-10,78,,
2004-06-10,79,,
2004-06-10,80,166,167
2004-06-10,81,127,129
2004-06-10,82,119,121
2004-06-10,83,171,172
2004-06-10,84,112,114
2004-06-10,85,,
2004-06-10,86,160,165
2004-06-10,87,116,117
2004-06-10,88,152,157
2004-06-10,89,120,121
2004-06-10,90,,
2004-06-10,91,151,154
2004-06-10,92,100,103
2004-06-10,93,113,115
2004-06-10,94,,
2004-06-10,95,,
2004-06-10,96,160,161
2004-06-10,97,,
2004-06-10,98,164,165
2004-06-10,99,,
2004-06-10,100,190,195
2004-06-10,101,91,92
2004-06-10,102,107,108
2004-06-10,103,78,81
2004-06-10,104,114,115
2004-06-10,105,170,171
2004-06-10,106,138,140
2004-06-10,107,,
2004-06-10,108,193,195
2004-06-10,109,,
2004-06-10,110,288,291
2004-06-10,111,280,283
2004-06-10,112,,
2004-06-10,117,248,249
2004-06-10,118,239,240
2004-06-10,119,258,259
2004-06-10,120,256,257
2004-06-10,121,257,259
2004-06-10,122,255,272
2004-06-10,123,266,268
2004-06-10,124,263,265
2004-06-17,1,,
2004-06-17,2,325,334
2004-06-17,3,,
2004-06-17,4,316,325
2004-06-17,5,,
2004-06-17,6,,
2004-06-17,7,307,315
2004-06-17,8,,
2004-06-17,9,,
2004-06-17,10,620,750
2004-06-17,11,430,439
2004-06-17,12,1880,1900
2004-06-17,13,186,188
2004-06-17,14,420,430
2004-06-17,15,680,700
2004-06-17,16,198,200
2004-06-17,17,392,402
2004-06-17,18,510,590
2004-06-17,19,159,162
2004-06-17,20,1170,1200
2004-06-17,21,,
2004-06-17,22,460,510
2004-06-17,23,,
2004-06-17,24,274,280
2004-06-17,25,390,410
2004-06-17,26,,
2004-06-17,27,338,349
2004-06-17,28,,
2004-06-17,29,155,158
2004-06-17,30,665,685
2004-06-17,31,155,158
2004-06-17,32,,
2004-06-17,33,765,770
2004-06-17,34,,
2004-06-17,35,,
2004-06-17,36,,
2004-06-17,37,186,192
2004-06-17,38,,
2004-06-17,39,,
2004-06-17,40,,
2004-06-17,41,,
2004-06-17,42,,
2004-06-17,43,,
2004-06-17,44,,
2004-06-17,45,,
2004-06-17,46,,
2004-06-17,47,,
2004-06-17,49,862,887
2004-06-17,51,735,760
2004-06-17,52,160,161
2004-06-17,53,580,600
2004-06-17,54,,
2004-06-17,55,590,610
2004-06-17,56,225,226
2004-06-17,57,518,538
2004-06-17,58,,
2004-06-17,59,610,625
2004-06-17,60,,
2004-06-17,61,,
2004-06-17,62,,
2004-06-17,63,274,284
2004-06-17,64,145,150
2004-06-17,65,253,263
2004-06-17,66,,
2004-06-17,68,182,192
2004-06-17,69,,
2004-06-17,71,118,120
2004-06-17,72,,
2004-06-17,74,102,105
2004-06-17,75,,
2004-06-17,76,129,130
2004-06-17,77,153,154
2004-06-17,78,,
2004-06-17,79,,
2004-06-17,80,166,167
2004-06-17,81,127,129
2004-06-17,82,117,119
2004-06-17,83,171,172
2004-06-17,84,110,112
2004-06-17,85,,
2004-06-17,86,160,165
2004-06-17,87,118,119
2004-06-17,88,152,157
2004-06-17,89,122,123
2004-06-17,90,,
2004-06-17,91,151,154
2004-06-17,92,98,101
2004-06-17,93,113,115
2004-06-17,94,,
2004-06-17,95,,
2004-06-17,96,162,163
2004-06-17,97,,
2004-06-17,98,166,167
2004-06-17,99,,
2004-06-17,100,190,195
2004-06-17,101,91,92
2004-06-17,102,107,108
2004-06-17,103,78,81
2004-06-17,104,114,115
2004-06-17,105,169,170
2004-06-17,106,140,142
2004-06-17,107,,
2004-06-17,108,193,195
2004-06-17,109,,
2004-06-17,110,293,296
2004-06-17,111,285,288
2004-06-17,112,,
2004-06-17,117,256,257
2004-06-17,118,247,248
2004-06-17,119,266,267
2004-06-17,120,264,265
2004-06-17,121,265,267
2004-06-17,122,263,265
2004-06-17,123,274,276
2004-06-17,124,271,273
2004-06-24,1,,
2004-06-24,2,325,334
2004-06-24,3,,
2004-06-24,4,316,325
2004-06-24,5,,
2004-06-24,6,,
2004-06-24,7,307,315
2004-06-24,8,,
2004-06-24,9,,
2004-06-24,10,620,750
2004-06-24,11,430,439
2004-06-24,12,1880,1900
2004-06-24,13,182,184
2004-06-24,14,420,430
2004-06-24,15,680,700
2004-06-24,16,196,198
2004-06-24,17,392,402
2004-06-24,18,510,590
2004-06-24,19,,
2004-06-24,20,1170,1200
2004-06-24,21,,
2004-06-24,22,460,510
2004-06-24,23,,
2004-06-24,24,274,280
2004-06-24,25,390,410
2004-06-24,26,,
2004-06-24,27,338,349
2004-06-24,28,,
2004-06-24,29,,
2004-06-24,30,665,685
2004-06-24,31,,
2004-06-24,32,,
2004-06-24,33,765,770
2004-06-24,34,,
2004-06-24,35,,
2004-06-24,36,,
2004-06-24,37,188,194
2004-06-24,38,,
2004-06-24,39,,
2004-06-24,40,,
2004-06-24,41,,
2004-06-24,42,,
2004-06-24,43,,
2004-06-24,44,,
2004-06-24,45,,
2004-06-24,46,,
2004-06-24,47,,
2004-06-24,49,862,887
2004-06-24,51,735,760
2004-06-24,52,165,166
2004-06-24,53,580,600
2004-06-24,54,,
2004-06-24,55,590,610
2004-06-24,56,230,231
2004-06-24,57,518,538
2004-06-24,58,,
2004-06-24,59,610,625
2004-06-24,60,,
2004-06-24,61,,
2004-06-24,62,,
2004-06-24,63,274,284
2004-06-24,64,,
2004-06-24,65,253,263
2004-06-24,66,,
2004-06-24,68,182,192
2004-06-24,69,,
2004-06-24,71,118,120
2004-06-24,72,129,131
2004-06-24,74,102,105
2004-06-24,75,133,135
2004-06-24,76,127,128
2004-06-24,77,150,151
2004-06-24,78,,
2004-06-24,79,,
2004-06-24,80,166,167
2004-06-24,81,127,129
2004-06-24,82,117,119
2004-06-24,83,174,175
2004-06-24,84,110,112
2004-06-24,85,,
2004-06-24,86,158,163
2004-06-24,87,112,113
2004-06-24,88,150,155
2004-06-24,89,116,117
2004-06-24,90,,
2004-06-24,91,154,157
2004-06-24,92,96,99
2004-06-24,93,113,115
2004-06-24,94,,
2004-06-24,95,,
2004-06-24,96,159,160
2004-06-24,97,,
2004-06-24,98,163,164
2004-06-24,99,,
2004-06-24,100,193,198
2004-06-24,101,93,94
2004-06-24,102,107,108
2004-06-24,103,80,83
2004-06-24,104,114,115
2004-06-24,105,167,168
2004-06-24,106,143,145
2004-06-24,107,,
2004-06-24,108,188,190
2004-06-24,109,,
2004-06-24,110,293,296
2004-06-24,111,285,288
2004-06-24,112,,
2004-06-24,117,271,272
2004-06-24,118,262,263
2004-06-24,119,281,282
2004-06-24,120,279,280
2004-06-24,121,280,282
2004-06-24,122,278,280
2004-06-24,123,289,291
2004-06-24,124,286,288
2004-07-01,2,325,334
2004-07-01,4,316,325
2004-07-01,5,,
2004-07-01,7,307,315
2004-07-01,10,620,750
2004-07-01,11,430,439
2004-07-01,12,1880,1900
2004-07-01,13,182,184
2004-07-01,14,420,430
2004-07-01,15,680,700
2004-07-01,16,196,198
2004-07-01,17,392,402
2004-07-01,18,510,590
2004-07-01,19,,
2004-07-01,20,1170,1200
2004-07-01,21,,
2004-07-01,22,460,510
2004-07-01,23,,
2004-07-01,24,254,260
2004-07-01,25,390,410
2004-07-01,26,,
2004-07-01,27,313,324
2004-07-01,28,,
2004-07-01,29,,
2004-07-01,30,665,685
2004-07-01,31,,
2004-07-01,32,,
2004-07-01,33,765,770
2004-07-01,34,,
2004-07-01,35,,
2004-07-01,36,,
2004-07-01,37,188,194
2004-07-01,38,,
2004-07-01,39,,
2004-07-01,40,,
2004-07-01,41,,
2004-07-01,42,,
2004-07-01,43,,
2004-07-01,44,,
2004-07-01,45,,
2004-07-01,46,,
2004-07-01,47,,
2004-07-01,49,862,887
2004-07-01,51,735,760
2004-07-01,52,169,170
2004-07-01,53,580,600
2004-07-01,54,,
2004-07-01,55,590,610
2004-07-01,56,234,235
2004-07-01,57,518,538
2004-07-01,58,,
2004-07-01,59,610,625
2004-07-01,60,,
2004-07-01,61,,
2004-07-01,62,,
2004-07-01,63,274,284
2004-07-01,64,,
2004-07-01,65,253,263
2004-07-01,66,,
2004-07-01,68,182,192
2004-07-01,69,,
2004-07-01,71,118,120
2004-07-01,72,127,129
2004-07-01,74,102,105
2004-07-01,75,131,133
2004-07-01,76,127,128
2004-07-01,77,,
2004-07-01,78,,
2004-07-01,79,,
2004-07-01,80,164,165
2004-07-01,81,127,129
2004-07-01,82,117,119
2004-07-01,83,,
2004-07-01,84,110,112
2004-07-01,85,,
2004-07-01,86,158,163
2004-07-01,87,89,90
2004-07-01,88,150,155
2004-07-01,89,93,94
2004-07-01,90,,
2004-07-01,91,150,153
2004-07-01,92,92,95
2004-07-01,93,103,105
2004-07-01,94,,
2004-07-01,95,,
2004-07-01,96,136,137
2004-07-01,97,,
2004-07-01,98,140,141
2004-07-01,99,,
2004-07-01,100,189,194
2004-07-01,101,93,94
2004-07-01,102,89,90
2004-07-01,103,80,83
2004-07-01,104,104,105
2004-07-01,105,163,164
2004-07-01,106,135,137
2004-07-01,107,,
2004-07-01,108,158,160
2004-07-01,109,,
2004-07-01,110,281,284
2004-07-01,111,273,276
2004-07-01,112,,
2004-07-01,117,262,263
2004-07-01,118,253,254
2004-07-01,119,272,273
2004-07-01,120,270,271
2004-07-01,121,271,273
2004-07-01,122,269,271
2004-07-01,123,280,282
2004-07-01,124,277,279
2004-07-01,125,,
2004-07-01,126,133,135
2004-07-01,127,,
2004-07-01,128,,
2004-07-01,129,,
2004-07-08,2,325,334
2004-07-08,4,316,325
2004-07-08,5,,
2004-07-08,7,307,315
2004-07-08,10,620,750
2004-07-08,11,430,439
2004-07-08,12,1880,1900
2004-07-08,13,182,184
2004-07-08,14,420,430
2004-07-08,15,680,700
2004-07-08,16,196,198
2004-07-08,17,392,402
2004-07-08,18,510,590
2004-07-08,19,,
2004-07-08,20,1170,1200
2004-07-08,21,,
2004-07-08,22,460,510
2004-07-08,23,,
2004-07-08,24,254,260
2004-07-08,25,390,410
2004-07-08,26,,
2004-07-08,27,313,324
2004-07-08,28,,
2004-07-08,29,,
2004-07-08,30,665,685
2004-07-08,31,,
2004-07-08,32,150,156
2004-07-08,33,760,765
2004-07-08,34,170,175
2004-07-08,35,140,145
2004-07-08,37,188,194
2004-07-08,39,,
2004-07-08,40,,
2004-07-08,42,,
2004-07-08,43,,
2004-07-08,44,,
2004-07-08,45,,
2004-07-08,49,862,887
2004-07-08,51,735,760
2004-07-08,52,165.5,166.5
2004-07-08,53,580,600
2004-07-08,54,,
2004-07-08,55,590,610
2004-07-08,56,231,232
2004-07-08,57,518,538
2004-07-08,58,,
2004-07-08,59,610,625
2004-07-08,60,,
2004-07-08,61,,
2004-07-08,62,,
2004-07-08,63,274,284
2004-07-08,64,,
2004-07-08,65,253,263
2004-07-08,66,,
2004-07-08,68,179,189
2004-07-08,69,,
2004-07-08,71,113,115
2004-07-08,72,127,129
2004-07-08,74,97,100
2004-07-08,75,131,133
2004-07-08,76,122,123
2004-07-08,77,,
2004-07-08,78,,
2004-07-08,79,,
2004-07-08,80,164,165
2004-07-08,81,127,129
2004-07-08,82,117,119
2004-07-08,83,,
2004-07-08,84,108,110
2004-07-08,85,,
2004-07-08,86,156,161
2004-07-08,87,74,75
2004-07-08,88,148,153
2004-07-08,89,78,79
2004-07-08,90,,
2004-07-08,91,135,138
2004-07-08,92,91,94
2004-07-08,93,88,90
2004-07-08,94,,
2004-07-08,95,,
2004-07-08,96,121,122
2004-07-08,97,,
2004-07-08,98,125,126
2004-07-08,99,,
2004-07-08,100,174,179
2004-07-08,101,93,94
2004-07-08,102,74,75
2004-07-08,103,80,83
2004-07-08,104,89,90
2004-07-08,105,160,161
2004-07-08,106,113,115
2004-07-08,107,,
2004-07-08,108,136,138
2004-07-08,109,,
2004-07-08,110,289,292
2004-07-08,111,281,284
2004-07-08,112,,
2004-07-08,117,261,262
2004-07-08,118,252,253
2004-07-08,119,271,272
2004-07-08,120,269,270
2004-07-08,121,270,272
2004-07-08,122,268,270
2004-07-08,123,279,281
2004-07-08,124,276,278
2004-07-08,125,,
2004-07-08,128,,
2004-07-08,129,,
2004-07-08,130,132,135
2004-07-08,131,128,131
2004-07-08,132,140,143
2004-07-08,133,,
2004-07-08,134,,
2004-07-08,135,144,146
2004-07-08,136,,
2004-07-15,2,325,334
2004-07-15,4,316,325
2004-07-15,5,,
2004-07-15,7,307,315
2004-07-15,10,620,750
2004-07-15,11,430,439
2004-07-15,12,1880,1900
2004-07-15,13,182,184
2004-07-15,14,420,430
2004-07-15,15,680,700
2004-07-15,16,196,198
2004-07-15,17,392,402
2004-07-15,18,510,590
2004-07-15,19,,
2004-07-15,20,1170,1200
2004-07-15,21,,
2004-07-15,22,460,510
2004-07-15,23,,
2004-07-15,24,249,255
2004-07-15,25,390,410
2004-07-15,26,,
2004-07-15,27,303,314
2004-07-15,28,,
2004-07-15,29,,
2004-07-15,30,665,685
2004-07-15,31,,
2004-07-15,32,148,160
2004-07-15,33,760,765
2004-07-15,34,165,175
2004-07-15,35,140,145
2004-07-15,37,188,194
2004-07-15,39,,
2004-07-15,40,,
2004-07-15,42,,
2004-07-15,43,,
2004-07-15,44,,
2004-07-15,45,,
2004-07-15,49,862,887
2004-07-15,51,735,760
2004-07-15,52,154.5,155.5
2004-07-15,53,580,600
2004-07-15,54,,
2004-07-15,55,590,610
2004-07-15,56,221,222
2004-07-15,57,518,538
2004-07-15,58,,
2004-07-15,59,610,625
2004-07-15,60,,
2004-07-15,61,,
2004-07-15,62,163,165
2004-07-15,63,274,284
2004-07-15,64,,
2004-07-15,65,253,263
2004-07-15,66,,
2004-07-15,68,174,184
2004-07-15,69,,
2004-07-15,71,98,100
2004-07-15,72,127,129
2004-07-15,74,82,85
2004-07-15,75,131,133
2004-07-15,76,117,118
2004-07-15,77,,
2004-07-15,78,,
2004-07-15,79,,
2004-07-15,80,162,163
2004-07-15,81,127,129
2004-07-15,82,117,119
2004-07-15,83,,
2004-07-15,84,106,108
2004-07-15,85,,
2004-07-15,86,153,158
2004-07-15,87,73,74
2004-07-15,88,145,150
2004-07-15,89,77,78
2004-07-15,90,,
2004-07-15,91,123,126
2004-07-15,92,89,92
2004-07-15,93,82,84
2004-07-15,94,89,92
2004-07-15,95,,
2004-07-15,96,121,122
2004-07-15,97,,
2004-07-15,98,125,126
2004-07-15,99,,
2004-07-15,100,162,167
2004-07-15,101,93,94
2004-07-15,102,68,69
2004-07-15,103,80,83
2004-07-15,104,83,84
2004-07-15,105,160,161
2004-07-15,106,98,100
2004-07-15,107,,
2004-07-15,108,126,128
2004-07-15,109,,
2004-07-15,110,261,264
2004-07-15,111,253,256
2004-07-15,112,,
2004-07-15,117,231,232
2004-07-15,118,222,223
2004-07-15,119,241,242
2004-07-15,120,239,240
2004-07-15,121,240,242
2004-07-15,122,238,240
2004-07-15,123,249,251
2004-07-15,124,246,248
2004-07-15,125,,
2004-07-15,128,,
2004-07-15,129,,
2004-07-15,130,132,135
2004-07-15,131,128,130
2004-07-15,132,137,140
2004-07-15,133,,
2004-07-15,134,,
2004-07-15,135,141,143
2004-07-15,136,,
2004-07-22,2,325,334
2004-07-22,4,311,320
2004-07-22,5,,
2004-07-22,7,302,310
2004-07-22,10,620,750
2004-07-22,11,425,434
2004-07-22,12,1880,1900
2004-07-22,13,184,186
2004-07-22,14,415,425
2004-07-22,15,680,700
2004-07-22,16,198,200
2004-07-22,17,387,397
2004-07-22,18,510,590
2004-07-22,19,,
2004-07-22,20,1170,1200
2004-07-22,21,,
2004-07-22,22,460,510
2004-07-22,23,,
2004-07-22,24,244,250
2004-07-22,25,390,410
2004-07-22,26,,
2004-07-22,27,295,306
2004-07-22,28,,
2004-07-22,29,,
2004-07-22,30,665,685
2004-07-22,31,,
2004-07-22,32,148,160
2004-07-22,33,755,760
2004-07-22,34,165,175
2004-07-22,35,140,145
2004-07-22,37,185,191
2004-07-22,39,,
2004-07-22,40,,
2004-07-22,42,,
2004-07-22,43,,
2004-07-22,44,,
2004-07-22,45,,
2004-07-22,49,852,877
2004-07-22,51,725,750
2004-07-22,52,148,149
2004-07-22,53,580,600
2004-07-22,54,,
2004-07-22,55,590,610
2004-07-22,56,215,216
2004-07-22,57,518,538
2004-07-22,58,,
2004-07-22,59,610,625
2004-07-22,60,,
2004-07-22,61,,
2004-07-22,62,163,165
2004-07-22,63,264,274
2004-07-22,64,,
2004-07-22,65,243,253
2004-07-22,66,,
2004-07-22,68,169,179
2004-07-22,69,,
2004-07-22,71,93,95
2004-07-22,72,127,129
2004-07-22,74,77,80
2004-07-22,75,131,133
2004-07-22,76,117,118
2004-07-22,77,,
2004-07-22,78,,
2004-07-22,79,,
2004-07-22,80,154,155
2004-07-22,81,127,129
2004-07-22,82,117,119
2004-07-22,83,,
2004-07-22,84,106,108
2004-07-22,85,,
2004-07-22,86,153,158
2004-07-22,87,79,80
2004-07-22,88,145,150
2004-07-22,89,83,84
2004-07-22,90,,
2004-07-22,91,115,118
2004-07-22,92,89,92
2004-07-22,93,85,87
2004-07-22,94,89,92
2004-07-22,95,,
2004-07-22,96,127,128
2004-07-22,97,,
2004-07-22,98,131,132
2004-07-22,99,,
2004-07-22,100,154,159
2004-07-22,101,94,95
2004-07-22,102,71,72
2004-07-22,103,81,84
2004-07-22,104,86,87
2004-07-22,105,161,162
2004-07-22,106,98,100
2004-07-22,107,,
2004-07-22,108,118,120
2004-07-22,109,,
2004-07-22,110,241,244
2004-07-22,111,233,236
2004-07-22,112,,
2004-07-22,117,213,214
2004-07-22,118,204,205
2004-07-22,119,223,224
2004-07-22,120,221,222
2004-07-22,121,222,224
2004-07-22,122,220,222
2004-07-22,123,231,233
2004-07-22,124,228,230
2004-07-22,125,,
2004-07-22,128,,
2004-07-22,129,,
2004-07-22,130,132,135
2004-07-22,131,128,130
2004-07-22,132,134,137
2004-07-22,133,,
2004-07-22,134,,
2004-07-22,135,138,140
2004-07-22,136,,
2004-07-29,2,325,334
2004-07-29,4,311,320
2004-07-29,5,,
2004-07-29,7,302,310
2004-07-29,10,,
2004-07-29,11,425,434
2004-07-29,12,,
2004-07-29,13,184,186
2004-07-29,14,415,425
2004-07-29,15,,
2004-07-29,16,198,200
2004-07-29,17,387,397
2004-07-29,18,,
2004-07-29,19,,
2004-07-29,20,,
2004-07-29,21,,
2004-07-29,22,,
2004-07-29,23,,
2004-07-29,24,244,250
2004-07-29,25,,
2004-07-29,26,,
2004-07-29,27,295,306
2004-07-29,28,,
2004-07-29,29,,
2004-07-29,30,665,685
2004-07-29,32,148,157
2004-07-29,33,755,760
2004-07-29,34,162,172
2004-07-29,35,140,145
2004-07-29,37,185,191
2004-07-29,39,,
2004-07-29,40,,
2004-07-29,42,,
2004-07-29,43,,
2004-07-29,44,,
2004-07-29,45,,
2004-07-29,49,852,877
2004-07-29,51,725,750
2004-07-29,52,149,150
2004-07-29,53,580,600
2004-07-29,54,,
2004-07-29,55,590,610
2004-07-29,56,215,216
2004-07-29,57,518,538
2004-07-29,58,,
2004-07-29,59,610,625
2004-07-29,60,,
2004-07-29,61,,
2004-07-29,62,163,165
2004-07-29,63,264,274
2004-07-29,64,,
2004-07-29,65,243,253
2004-07-29,66,,
2004-07-29,68,169,179
2004-07-29,69,,
2004-07-29,71,93,95
2004-07-29,72,127,129
2004-07-29,74,77,80
2004-07-29,75,131,133
2004-07-29,76,117,118
2004-07-29,77,,
2004-07-29,78,,
2004-07-29,79,,
2004-07-29,80,154,155
2004-07-29,81,129,131
2004-07-29,82,119,121
2004-07-29,83,,
2004-07-29,84,107,109
2004-07-29,85,,
2004-07-29,86,153,158
2004-07-29,87,94,95
2004-07-29,88,145,150
2004-07-29,89,98,99
2004-07-29,90,,
2004-07-29,91,115,118
2004-07-29,92,89,92
2004-07-29,93,95,97
2004-07-29,94,89,92
2004-07-29,95,,
2004-07-29,96,142,143
2004-07-29,97,,
2004-07-29,98,146,147
2004-07-29,99,,
2004-07-29,100,154,159
2004-07-29,101,94,95
2004-07-29,102,81,82
2004-07-29,103,81,84
2004-07-29,104,96,97
2004-07-29,105,158,159
2004-07-29,106,101,103
2004-07-29,107,,
2004-07-29,108,123,125
2004-07-29,109,,
2004-07-29,110,236,239
2004-07-29,111,228,231
2004-07-29,112,,
2004-07-29,117,208,209
2004-07-29,118,199,200
2004-07-29,119,218,219
2004-07-29,120,216,217
2004-07-29,121,217,219
2004-07-29,122,215,217
2004-07-29,123,226,228
2004-07-29,124,223,225
2004-07-29,132,134,137
2004-07-29,133,,
2004-07-29,134,,
2004-07-29,135,138,140
2004-07-29,136,,
2004-07-29,137,145,150
2004-07-29,138,132,135
2004-07-29,139,128,130
2004-07-29,140,,
2004-07-29,141,,
2004-07-29,142,132,134
2004-08-05,2,325,334
2004-08-05,4,311,320
2004-08-05,5,,
2004-08-05,7,302,310
2004-08-05,10,,
2004-08-05,11,425,434
2004-08-05,12,,
2004-08-05,13,184,186
2004-08-05,14,415,425
2004-08-05,15,,
2004-08-05,16,198,200
2004-08-05,17,387,397
2004-08-05,18,,
2004-08-05,19,,
2004-08-05,20,,
2004-08-05,21,,
2004-08-05,22,,
2004-08-05,23,,
2004-08-05,24,244,250
2004-08-05,25,,
2004-08-05,26,,
2004-08-05,27,295,306
2004-08-05,28,,
2004-08-05,29,,
2004-08-05,30,665,685
2004-08-05,32,148,157
2004-08-05,33,750,755
2004-08-05,34,162,172
2004-08-05,35,140,145
2004-08-05,37,185,191
2004-08-05,39,,
2004-08-05,40,,
2004-08-05,42,,
2004-08-05,43,,
2004-08-05,44,,
2004-08-05,45,,
2004-08-05,49,852,877
2004-08-05,51,725,750
2004-08-05,52,150,151
2004-08-05,53,580,600
2004-08-05,54,,
2004-08-05,55,590,610
2004-08-05,56,215,216
2004-08-05,57,518,538
2004-08-05,58,,
2004-08-05,59,610,625
2004-08-05,60,,
2004-08-05,61,,
2004-08-05,62,163,165
2004-08-05,63,264,274
2004-08-05,64,,
2004-08-05,65,243,253
2004-08-05,66,,
2004-08-05,68,169,179
2004-08-05,69,,
2004-08-05,71,93,95
2004-08-05,72,127,129
2004-08-05,74,77,80
2004-08-05,75,131,133
2004-08-05,76,122,123
2004-08-05,77,,
2004-08-05,78,,
2004-08-05,79,,
2004-08-05,80,,
2004-08-05,81,131,133
2004-08-05,82,121,123
2004-08-05,83,,
2004-08-05,84,109,111
2004-08-05,85,,
2004-08-05,86,150,155
2004-08-05,87,112,113
2004-08-05,88,142,147
2004-08-05,89,116,117
2004-08-05,90,,
2004-08-05,91,127,130
2004-08-05,92,89,92
2004-08-05,93,108,110
2004-08-05,94,89,92
2004-08-05,95,,
2004-08-05,96,160,161
2004-08-05,97,,
2004-08-05,98,164,165
2004-08-05,99,,
2004-08-05,100,166,171
2004-08-05,101,94,95
2004-08-05,102,94,95
2004-08-05,103,81,84
2004-08-05,104,109,110
2004-08-05,105,143,144
2004-08-05,106,119,121
2004-08-05,107,,
2004-08-05,108,133,135
2004-08-05,109,,
2004-08-05,110,236,239
2004-08-05,111,228,231
2004-08-05,112,,
2004-08-05,117,205,206
2004-08-05,118,196,197
2004-08-05,119,215,216
2004-08-05,120,213,214
2004-08-05,121,214,216
2004-08-05,122,212,214
2004-08-05,123,223,225
2004-08-05,124,220,222
2004-08-05,132,132,135
2004-08-05,133,,
2004-08-05,134,,
2004-08-05,135,138,140
2004-08-05,136,,
2004-08-05,137,145,150
2004-08-05,138,132,135
2004-08-05,139,128,130
2004-08-05,140,,
2004-08-05,141,,
2004-08-05,142,129,131
2004-08-26,2,325,334
2004-08-26,4,311,320
2004-08-26,5,,
2004-08-26,7,302,310
2004-08-26,10,700,850
2004-08-26,11,425,434
2004-08-26,12,,
2004-08-26,13,186,188
2004-08-26,14,415,425
2004-08-26,15,,
2004-08-26,16,203,205
2004-08-26,17,387,397
2004-08-26,18,,
2004-08-26,19,,
2004-08-26,20,1100,1150
2004-08-26,21,,
2004-08-26,22,,
2004-08-26,23,,
2004-08-26,24,234,240
2004-08-26,25,,
2004-08-26,26,,
2004-08-26,27,290,301
2004-08-26,28,,
2004-08-26,29,,
2004-08-26,30,665,685
2004-08-26,32,148,157
2004-08-26,33,750,755
2004-08-26,34,162,172
2004-08-26,35,140,145
2004-08-26,37,,
2004-08-26,39,,
2004-08-26,40,,
2004-08-26,42,,
2004-08-26,43,,
2004-08-26,44,,
2004-08-26,45,,
2004-08-26,49,852,877
2004-08-26,51,725,750
2004-08-26,52,125,126
2004-08-26,53,580,600
2004-08-26,54,,
2004-08-26,55,590,610
2004-08-26,56,190,191
2004-08-26,57,518,538
2004-08-26,58,,
2004-08-26,59,610,625
2004-08-26,60,,
2004-08-26,61,,
2004-08-26,62,163,165
2004-08-26,63,254,264
2004-08-26,64,,
2004-08-26,65,233,243
2004-08-26,66,,
2004-08-26,68,159,169
2004-08-26,69,,
2004-08-26,71,90,92
2004-08-26,72,127,129
2004-08-26,74,74,77
2004-08-26,75,131,133
2004-08-26,76,134,135
2004-08-26,77,,
2004-08-26,78,,
2004-08-26,79,,
2004-08-26,80,,
2004-08-26,81,131,133
2004-08-26,82,121,123
2004-08-26,83,,
2004-08-26,84,109,111
2004-08-26,85,,
2004-08-26,86,150,155
2004-08-26,87,99,100
2004-08-26,88,142,147
2004-08-26,89,103,104
2004-08-26,90,,
2004-08-26,91,122,125
2004-08-26,92,89,92
2004-08-26,93,95,97
2004-08-26,94,89,92
2004-08-26,95,,
2004-08-26,96,147,148
2004-08-26,97,,
2004-08-26,98,151,152
2004-08-26,99,,
2004-08-26,100,161,166
2004-08-26,101,97,98
2004-08-26,102,89,90
2004-08-26,103,84,87
2004-08-26,104,96,97
2004-08-26,105,137,139
2004-08-26,106,106,108
2004-08-26,107,,
2004-08-26,108,138,140
2004-08-26,109,,
2004-08-26,110,253,256
2004-08-26,111,245,248
2004-08-26,112,,
2004-08-26,117,220,221
2004-08-26,118,211,212
2004-08-26,119,230,231
2004-08-26,120,228,229
2004-08-26,121,229,231
2004-08-26,122,227,229
2004-08-26,123,238,240
2004-08-26,124,235,237
2004-08-26,132,132,135
2004-08-26,133,,
2004-08-26,134,,
2004-08-26,135,138,140
2004-08-26,136,,
2004-08-26,137,145,150
2004-08-26,138,132,135
2004-08-26,139,128,130
2004-08-26,140,,
2004-08-26,141,,
2004-08-26,142,129,131
2004-09-02,2,325,334
2004-09-02,4,311,320
2004-09-02,5,,
2004-09-02,7,302,310
2004-09-02,10,700,850
2004-09-02,11,425,434
2004-09-02,12,,
2004-09-02,13,186,188
2004-09-02,14,415,425
2004-09-02,15,,
2004-09-02,16,203,205
2004-09-02,17,387,397
2004-09-02,18,,
2004-09-02,19,,
2004-09-02,20,1100,1150
2004-09-02,21,,
2004-09-02,22,,
2004-09-02,23,,
2004-09-02,24,234,240
2004-09-02,25,,
2004-09-02,26,,
2004-09-02,27,290,301
2004-09-02,28,150,175
2004-09-02,29,135,137
2004-09-02,30,665,685
2004-09-02,32,148,157
2004-09-02,33,750,755
2004-09-02,34,162,172
2004-09-02,35,140,145
2004-09-02,37,,
2004-09-02,39,,
2004-09-02,40,,
2004-09-02,42,,
2004-09-02,43,,
2004-09-02,44,,
2004-09-02,45,,
2004-09-02,49,852,877
2004-09-02,51,725,750
2004-09-02,52,120,121
2004-09-02,53,580,600
2004-09-02,54,,
2004-09-02,55,590,610
2004-09-02,56,,
2004-09-02,57,518,538
2004-09-02,58,,
2004-09-02,59,610,625
2004-09-02,60,,
2004-09-02,61,,
2004-09-02,62,163,165
2004-09-02,63,249,259
2004-09-02,64,129,131
2004-09-02,65,228,238
2004-09-02,66,,
2004-09-02,68,156,166
2004-09-02,69,,
2004-09-02,71,88,90
2004-09-02,72,128,130
2004-09-02,74,72,75
2004-09-02,75,132,134
2004-09-02,76,134,135
2004-09-02,77,137,138
2004-09-02,78,,
2004-09-02,79,116,118
2004-09-02,80,,
2004-09-02,81,131,133
2004-09-02,82,121,123
2004-09-02,83,,
2004-09-02,84,109,111
2004-09-02,85,,
2004-09-02,86,148,153
2004-09-02,87,71,72
2004-09-02,88,140,145
2004-09-02,89,75,76
2004-09-02,90,,
2004-09-02,91,112,115
2004-09-02,92,87,90
2004-09-02,93,70,72
2004-09-02,94,87,90
2004-09-02,95,,
2004-09-02,96,119,120
2004-09-02,97,,
2004-09-02,98,123,124
2004-09-02,99,,
2004-09-02,100,151,156
2004-09-02,101,97,98
2004-09-02,102,64,65
2004-09-02,103,84,87
2004-09-02,104,71,72
2004-09-02,105,136,138
2004-09-02,106,83,85
2004-09-02,107,,
2004-09-02,108,138,140
2004-09-02,109,,
2004-09-02,110,251,254
2004-09-02,111,243,246
2004-09-02,112,,
2004-09-02,117,210,211
2004-09-02,118,201,202
2004-09-02,119,220,221
2004-09-02,120,218,219
2004-09-02,121,219,221
2004-09-02,122,217,219
2004-09-02,123,228,230
2004-09-02,124,225,227
2004-09-02,132,132,135
2004-09-02,133,,
2004-09-02,134,,
2004-09-02,135,138,140
2004-09-02,136,,
2004-09-02,137,145,150
2004-09-02,138,132,134
2004-09-02,139,128,129
2004-09-02,140,,
2004-09-02,141,,
2004-09-02,142,128,130
2004-09-09,2,325,334
2004-09-09,4,311,320
2004-09-09,5,,
2004-09-09,7,302,310
2004-09-09,10,700,850
2004-09-09,11,425,434
2004-09-09,12,,
2004-09-09,13,184,186
2004-09-09,14,415,425
2004-09-09,15,,
2004-09-09,16,203,205
2004-09-09,17,387,397
2004-09-09,18,,
2004-09-09,19,,
2004-09-09,20,1100,1150
2004-09-09,21,,
2004-09-09,22,,
2004-09-09,23,,
2004-09-09,24,234,240
2004-09-09,25,,
2004-09-09,26,,
2004-09-09,27,290,301
2004-09-09,28,150,175
2004-09-09,29,135,137
2004-09-09,30,665,685
2004-09-09,32,151,160
2004-09-09,33,750,755
2004-09-09,34,162,172
2004-09-09,35,140,145
2004-09-09,37,,
2004-09-09,39,,
2004-09-09,40,,
2004-09-09,42,,
2004-09-09,43,,
2004-09-09,44,,
2004-09-09,45,,
2004-09-09,49,852,877
2004-09-09,51,725,750
2004-09-09,52,119,120
2004-09-09,53,580,600
2004-09-09,54,,
2004-09-09,55,590,610
2004-09-09,56,,
2004-09-09,57,518,538
2004-09-09,58,,
2004-09-09,59,610,625
2004-09-09,60,,
2004-09-09,61,,
2004-09-09,62,163,165
2004-09-09,63,249,259
2004-09-09,64,129,131
2004-09-09,65,228,238
2004-09-09,66,,
2004-09-09,68,156,166
2004-09-09,69,,
2004-09-09,71,88,90
2004-09-09,72,128.5,130.5
2004-09-09,74,72,75
2004-09-09,75,132.5,134.5
2004-09-09,76,126,127
2004-09-09,77,137,138
2004-09-09,78,,
2004-09-09,79,116,118
2004-09-09,80,,
2004-09-09,81,130,132
2004-09-09,82,120,122
2004-09-09,83,,
2004-09-09,84,108,110
2004-09-09,85,,
2004-09-09,86,145,150
2004-09-09,87,72,73
2004-09-09,88,137,142
2004-09-09,89,76,77
2004-09-09,90,,
2004-09-09,91,109,112
2004-09-09,92,86,89
2004-09-09,93,71,73
2004-09-09,94,86,89
2004-09-09,95,,
2004-09-09,96,119,120
2004-09-09,97,,
2004-09-09,98,123,124
2004-09-09,99,,
2004-09-09,100,146,151
2004-09-09,101,97,98
2004-09-09,102,65,66
2004-09-09,103,84,87
2004-09-09,104,72,73
2004-09-09,105,136,137
2004-09-09,106,83,85
2004-09-09,107,,
2004-09-09,108,138,140
2004-09-09,109,,
2004-09-09,110,243,246
2004-09-09,111,235,238
2004-09-09,112,,
2004-09-09,117,207,208
2004-09-09,118,198,199
2004-09-09,119,217,218
2004-09-09,120,215,216
2004-09-09,121,216,218
2004-09-09,122,214,216
2004-09-09,123,225,227
2004-09-09,124,222,224
2004-09-09,132,131,134
2004-09-09,133,,
2004-09-09,134,,
2004-09-09,135,138,140
2004-09-09,136,,
2004-09-09,137,145,150
2004-09-09,138,132,134
2004-09-09,139,128,129
2004-09-09,140,,
2004-09-09,141,,
2004-09-09,142,128,130
2004-09-16,2,325,334
2004-09-16,4,311,320
2004-09-16,5,,
2004-09-16,7,302,310
2004-09-16,10,700,850
2004-09-16,11,425,434
2004-09-16,12,,
2004-09-16,13,186,188
2004-09-16,14,415,425
2004-09-16,15,,
2004-09-16,16,203,205
2004-09-16,17,387,397
2004-09-16,18,,
2004-09-16,19,,
2004-09-16,20,1100,1150
2004-09-16,21,,
2004-09-16,22,,
2004-09-16,23,,
2004-09-16,24,234,240
2004-09-16,25,,
2004-09-16,26,,
2004-09-16,27,290,301
2004-09-16,28,150,175
2004-09-16,29,134,136
2004-09-16,30,660,680
2004-09-16,32,151,160
2004-09-16,33,740,745
2004-09-16,34,162,172
2004-09-16,35,140,145
2004-09-16,37,152,157
2004-09-16,39,,
2004-09-16,40,,
2004-09-16,42,,
2004-09-16,43,,
2004-09-16,44,,
2004-09-16,45,,
2004-09-16,49,852,877
2004-09-16,51,725,750
2004-09-16,52,120,121
2004-09-16,53,580,600
2004-09-16,54,,
2004-09-16,55,590,610
2004-09-16,56,,
2004-09-16,57,518,538
2004-09-16,58,,
2004-09-16,59,610,625
2004-09-16,60,,
2004-09-16,61,,
2004-09-16,62,163,165
2004-09-16,63,249,259
2004-09-16,64,129,131
2004-09-16,65,228,238
2004-09-16,66,,
2004-09-16,68,156,166
2004-09-16,69,,
2004-09-16,71,88,90
2004-09-16,72,128.5,130.5
2004-09-16,74,72,75
2004-09-16,75,132.5,134.5
2004-09-16,76,116,117
2004-09-16,77,137,138
2004-09-16,78,,
2004-09-16,79,115,117
2004-09-16,80,,
2004-09-16,81,130,132
2004-09-16,82,120,122
2004-09-16,83,,
2004-09-16,84,108,110
2004-09-16,85,,
2004-09-16,86,145,150
2004-09-16,87,77,78
2004-09-16,88,137,142
2004-09-16,89,81,82
2004-09-16,90,,
2004-09-16,91,107,110
2004-09-16,92,86,89
2004-09-16,93,76,78
2004-09-16,94,86,89
2004-09-16,95,,
2004-09-16,96,119,120
2004-09-16,97,,
2004-09-16,98,123,124
2004-09-16,99,,
2004-09-16,100,141,146
2004-09-16,101,97,98
2004-09-16,102,70,71
2004-09-16,103,84,87
2004-09-16,104,77,78
2004-09-16,105,134,135
2004-09-16,106,86,88
2004-09-16,107,,
2004-09-16,108,136,138
2004-09-16,109,,
2004-09-16,110,241,244
2004-09-16,111,233,236
2004-09-16,112,,
2004-09-16,117,205,206
2004-09-16,118,196,197
2004-09-16,119,215,216
2004-09-16,120,213,214
2004-09-16,121,214,216
2004-09-16,122,212,214
2004-09-16,123,223,225
2004-09-16,124,220,222
2004-09-16,132,131,134
2004-09-16,133,,
2004-09-16,134,,
2004-09-16,135,138,140
2004-09-16,136,,
2004-09-16,137,145,150
2004-09-16,138,132,134
2004-09-16,139,128,129
2004-09-16,140,,
2004-09-16,141,,
2004-09-16,142,127,129
2004-09-23,2,325,334
2004-09-23,4,311,320
2004-09-23,5,,
2004-09-23,7,302,310
2004-09-23,10,700,850
2004-09-23,11,425,434
2004-09-23,12,,
2004-09-23,13,186,188
2004-09-23,14,415,425
2004-09-23,15,,
2004-09-23,16,203,205
2004-09-23,17,387,397
2004-09-23,18,,
2004-09-23,19,,
2004-09-23,20,1100,1150
2004-09-23,21,,
2004-09-23,22,,
2004-09-23,23,,
2004-09-23,24,239,245
2004-09-23,25,,
2004-09-23,26,,
2004-09-23,27,295,306
2004-09-23,28,150,175
2004-09-23,29,133,135
2004-09-23,30,660,680
2004-09-23,32,151,160
2004-09-23,33,740,745
2004-09-23,34,162,172
2004-09-23,35,140,145
2004-09-23,37,152,157
2004-09-23,39,,
2004-09-23,40,268,272
2004-09-23,42,,
2004-09-23,43,235,242
2004-09-23,44,,
2004-09-23,45,,
2004-09-23,49,550,650
2004-09-23,51,450,500
2004-09-23,52,118,119
2004-09-23,53,400,450
2004-09-23,54,,
2004-09-23,55,310,350
2004-09-23,56,,
2004-09-23,57,320,350
2004-09-23,58,,
2004-09-23,59,500,550
2004-09-23,60,,
2004-09-23,61,,
2004-09-23,62,163,165
2004-09-23,63,249,259
2004-09-23,64,129,131
2004-09-23,65,228,238
2004-09-23,66,,
2004-09-23,68,156,166
2004-09-23,69,,
2004-09-23,71,88,90
2004-09-23,72,128.5,130.5
2004-09-23,74,72,75
2004-09-23,75,132.5,134.5
2004-09-23,76,114,115
2004-09-23,77,137,138
2004-09-23,78,,
2004-09-23,79,115,117
2004-09-23,80,,
2004-09-23,81,128,130
2004-09-23,82,117,119
2004-09-23,83,,
2004-09-23,84,106,108
2004-09-23,85,,
2004-09-23,86,140,145
2004-09-23,87,80,81
2004-09-23,88,132,137
2004-09-23,89,84,85
2004-09-23,90,,
2004-09-23,91,107,110
2004-09-23,92,84,87
2004-09-23,93,79,81
2004-09-23,94,84,87
2004-09-23,95,,
2004-09-23,96,119,120
2004-09-23,97,,
2004-09-23,98,123,124
2004-09-23,99,,
2004-09-23,100,141,146
2004-09-23,101,97,98
2004-09-23,102,73,74
2004-09-23,103,84,87
2004-09-23,104,80,81
2004-09-23,105,129,130
2004-09-23,106,86,88
2004-09-23,107,,
2004-09-23,108,141,143
2004-09-23,109,,
2004-09-23,110,237,240
2004-09-23,111,229,232
2004-09-23,112,,
2004-09-23,117,200,201
2004-09-23,118,191,192
2004-09-23,119,210,211
2004-09-23,120,208,209
2004-09-23,121,209,211
2004-09-23,122,207,209
2004-09-23,123,218,220
2004-09-23,124,215,217
2004-09-23,132,131,134
2004-09-23,133,,
2004-09-23,134,,
2004-09-23,135,138,140
2004-09-23,136,,
2004-09-23,137,145,150
2004-09-23,138,132,134
2004-09-23,139,128,129
2004-09-23,140,,
2004-09-23,141,,
2004-09-23,142,126,128
2004-09-30,2,325,334
2004-09-30,4,311,320
2004-09-30,5,3000,3350
2004-09-30,7,302,310
2004-09-30,10,700,850
2004-09-30,11,425,434
2004-09-30,12,,
2004-09-30,13,181,183
2004-09-30,14,415,425
2004-09-30,15,730,780
2004-09-30,16,200,202
2004-09-30,17,387,397
2004-09-30,18,680,780
2004-09-30,19,,
2004-09-30,20,1100,1150
2004-09-30,21,,
2004-09-30,22,,
2004-09-30,23,,
2004-09-30,24,239,245
2004-09-30,25,,
2004-09-30,26,,
2004-09-30,27,295,306
2004-09-30,28,150,175
2004-09-30,29,133,135
2004-09-30,30,660,680
2004-09-30,32,151,160
2004-09-30,33,740,745
2004-09-30,34,162,172
2004-09-30,35,140,145
2004-09-30,37,152,157
2004-09-30,39,,
2004-09-30,40,260,265
2004-09-30,42,,
2004-09-30,43,230,235
2004-09-30,44,,
2004-09-30,45,147,155
2004-09-30,49,500,600
2004-09-30,51,440,480
2004-09-30,52,118,119
2004-09-30,53,380,420
2004-09-30,54,,
2004-09-30,55,300,340
2004-09-30,57,310,340
2004-09-30,58,,
2004-09-30,59,480,530
2004-09-30,60,,
2004-09-30,61,,
2004-09-30,62,163,165
2004-09-30,63,249,259
2004-09-30,64,129,131
2004-09-30,65,228,238
2004-09-30,66,,
2004-09-30,68,156,166
2004-09-30,69,,
2004-09-30,71,85,87
2004-09-30,72,129.5,131.5
2004-09-30,74,69,72
2004-09-30,75,133.5,135.5
2004-09-30,76,112,113
2004-09-30,77,137,138
2004-09-30,78,,
2004-09-30,79,114,116
2004-09-30,80,,
2004-09-30,81,128,130
2004-09-30,82,117,119
2004-09-30,83,,
2004-09-30,84,106,108
2004-09-30,85,142,145
2004-09-30,86,140,142
2004-09-30,87,84,85
2004-09-30,88,132,135
2004-09-30,89,88,89
2004-09-30,90,,
2004-09-30,91,107,110
2004-09-30,92,84,87
2004-09-30,93,76,78
2004-09-30,94,84,87
2004-09-30,95,,
2004-09-30,96,119,120
2004-09-30,97,,
2004-09-30,98,123,124
2004-09-30,99,,
2004-09-30,100,141,146
2004-09-30,101,97,98
2004-09-30,102,73,74
2004-09-30,103,84,87
2004-09-30,104,77,78
2004-09-30,105,124,125
2004-09-30,106,86,88
2004-09-30,107,,
2004-09-30,108,141,143
2004-09-30,109,203,205
2004-09-30,110,228,231
2004-09-30,111,220,223
2004-09-30,112,209,211
2004-09-30,117,200,201
2004-09-30,118,191,192
2004-09-30,119,210,211
2004-09-30,120,208,209
2004-09-30,121,209,211
2004-09-30,122,207,209
2004-09-30,123,218,220
2004-09-30,124,215,217
2004-09-30,132,131,134
2004-09-30,133,,
2004-09-30,134,,
2004-09-30,135,138,140
2004-09-30,136,,
2004-09-30,137,145,150
2004-09-30,138,132,134
2004-09-30,139,128,129
2004-09-30,140,,
2004-09-30,141,,
2004-09-30,142,126,128
2004-09-30,143,144,146
2004-10-07,2,325,334
2004-10-07,4,311,320
2004-10-07,5,3000,3350
2004-10-07,7,302,310
2004-10-07,10,700,850
2004-10-07,11,425,434
2004-10-07,12,,
2004-10-07,13,179,181
2004-10-07,14,415,425
2004-10-07,15,730,780
2004-10-07,16,198,200
2004-10-07,17,387,397
2004-10-07,18,680,780
2004-10-07,19,,
2004-10-07,20,1120,1170
2004-10-07,21,,
2004-10-07,22,550,600
2004-10-07,23,,
2004-10-07,24,239,245
2004-10-07,25,400,430
2004-10-07,26,,
2004-10-07,27,295,306
2004-10-07,28,150,175
2004-10-07,29,133,135
2004-10-07,30,655,675
2004-10-07,32,151,160
2004-10-07,33,735,740
2004-10-07,34,162,170
2004-10-07,35,140,145
2004-10-07,37,152,155
2004-10-07,39,,
2004-10-07,40,250,255
2004-10-07,42,,
2004-10-07,43,230,235
2004-10-07,44,,
2004-10-07,45,142,150
2004-10-07,49,500,550
2004-10-07,51,440,480
2004-10-07,52,120,121
2004-10-07,53,370,400
2004-10-07,54,,
2004-10-07,55,300,340
2004-10-07,57,310,340
2004-10-07,58,,
2004-10-07,59,470,520
2004-10-07,60,,
2004-10-07,61,,
2004-10-07,62,167,169
2004-10-07,63,244,254
2004-10-07,64,129,131
2004-10-07,65,223,233
2004-10-07,66,,
2004-10-07,68,156,166
2004-10-07,69,,
2004-10-07,71,83,85
2004-10-07,72,129.5,131.5
2004-10-07,74,65,68
2004-10-07,75,133.5,135.5
2004-10-07,76,112,113
2004-10-07,77,137,138
2004-10-07,78,,
2004-10-07,79,115,117
2004-10-07,80,,
2004-10-07,81,128,130
2004-10-07,82,117,119
2004-10-07,83,,
2004-10-07,84,106,108
2004-10-07,85,142,145
2004-10-07,86,140,142
2004-10-07,87,82,83
2004-10-07,88,132,135
2004-10-07,89,86,87
2004-10-07,90,,
2004-10-07,91,102,105
2004-10-07,92,84,87
2004-10-07,93,74,76
2004-10-07,94,84,87
2004-10-07,95,,
2004-10-07,96,117,118
2004-10-07,97,,
2004-10-07,98,121,122
2004-10-07,99,,
2004-10-07,100,136,141
2004-10-07,101,97,98
2004-10-07,102,71,72
2004-10-07,103,84,87
2004-10-07,104,75,76
2004-10-07,106,86,88
2004-10-07,107,,
2004-10-07,108,136,138
2004-10-07,109,206,208
2004-10-07,110,225,228
2004-10-07,111,217,220
2004-10-07,112,209,211
2004-10-07,117,194,195
2004-10-07,118,185,186
2004-10-07,119,204,205
2004-10-07,120,202,203
2004-10-07,121,203,205
2004-10-07,122,201,203
2004-10-07,123,212,214
2004-10-07,124,209,211
2004-10-07,132,130,133
2004-10-07,133,,
2004-10-07,134,,
2004-10-07,135,137,139
2004-10-07,136,,
2004-10-07,137,145,150
2004-10-07,138,132,134
2004-10-07,139,128,129
2004-10-07,140,,
2004-10-07,141,,
2004-10-07,142,126,128
2004-10-07,143,146,148
2004-10-07,144,122,123
2004-10-14,2,325,334
2004-10-14,4,311,320
2004-10-14,5,3000,3350
2004-10-14,7,302,310
2004-10-14,10,700,850
2004-10-14,11,425,434
2004-10-14,12,,
2004-10-14,13,178,180
2004-10-14,14,415,425
2004-10-14,15,730,780
2004-10-14,16,198,200
2004-10-14,17,387,397
2004-10-14,18,680,780
2004-10-14,19,,
2004-10-14,20,1120,1170
2004-10-14,21,,
2004-10-14,22,550,600
2004-10-14,23,,
2004-10-14,24,239,245
2004-10-14,25,400,430
2004-10-14,26,,
2004-10-14,27,295,306
2004-10-14,28,147,172
2004-10-14,29,133,135
2004-10-14,30,650,670
2004-10-14,32,151,160
2004-10-14,33,730,735
2004-10-14,34,162,170
2004-10-14,35,140,145
2004-10-14,37,152,155
2004-10-14,39,,
2004-10-14,40,240,245
2004-10-14,42,,
2004-10-14,43,230,235
2004-10-14,44,,
2004-10-14,45,152,160
2004-10-14,49,500,550
2004-10-14,51,460,500
2004-10-14,52,125,126
2004-10-14,53,370,400
2004-10-14,54,,
2004-10-14,55,320,360
2004-10-14,57,330,360
2004-10-14,58,,
2004-10-14,59,470,520
2004-10-14,60,,
2004-10-14,61,,
2004-10-14,62,167,169
2004-10-14,63,249,259
2004-10-14,64,129,131
2004-10-14,65,228,238
2004-10-14,66,,
2004-10-14,68,156,166
2004-10-14,69,,
2004-10-14,71,83,85
2004-10-14,72,130.5,132.5
2004-10-14,74,62,65
2004-10-14,75,134.5,136.5
2004-10-14,76,112,113
2004-10-14,77,138,139
2004-10-14,78,,
2004-10-14,79,117,119
2004-10-14,80,,
2004-10-14,81,132,134
2004-10-14,82,121,123
2004-10-14,83,130,133
2004-10-14,84,108,110
2004-10-14,85,142,145
2004-10-14,86,140,142
2004-10-14,87,75,76
2004-10-14,88,132,135
2004-10-14,89,79,80
2004-10-14,90,,
2004-10-14,91,97,100
2004-10-14,92,84,87
2004-10-14,93,70,72
2004-10-14,94,84,87
2004-10-14,95,,
2004-10-14,96,117,118
2004-10-14,97,,
2004-10-14,98,121,122
2004-10-14,99,,
2004-10-14,100,136,141
2004-10-14,101,97,98
2004-10-14,102,67,68
2004-10-14,103,84,87
2004-10-14,104,71,72
2004-10-14,106,82,84
2004-10-14,108,132,134
2004-10-14,109,202,204
2004-10-14,110,218,221
2004-10-14,111,210,213
2004-10-14,112,209,211
2004-10-14,117,194,195
2004-10-14,118,185,186
2004-10-14,119,204,205
2004-10-14,120,202,203
2004-10-14,121,203,205
2004-10-14,122,201,203
2004-10-14,123,212,214
2004-10-14,124,209,211
2004-10-14,132,130,133
2004-10-14,133,,
2004-10-14,134,,
2004-10-14,135,137,139
2004-10-14,136,,
2004-10-14,137,145,150
2004-10-14,138,133,135
2004-10-14,139,129,130
2004-10-14,140,,
2004-10-14,141,,
2004-10-14,142,126,128
2004-10-14,143,151,153
2004-10-14,144,119,120
2004-10-14,145,109,111
2004-10-21,2,325,334
2004-10-21,4,311,320
2004-10-21,5,3000,3350
2004-10-21,7,302,310
2004-10-21,10,700,850
2004-10-21,11,425,434
2004-10-21,12,,
2004-10-21,13,180,182
2004-10-21,14,415,425
2004-10-21,15,730,780
2004-10-21,16,198,200
2004-10-21,17,387,397
2004-10-21,18,680,780
2004-10-21,19,,
2004-10-21,20,1120,1170
2004-10-21,21,,
2004-10-21,22,550,600
2004-10-21,23,,
2004-10-21,24,239,245
2004-10-21,25,400,430
2004-10-21,26,,
2004-10-21,27,295,306
2004-10-21,28,147,172
2004-10-21,29,133,135
2004-10-21,30,650,670
2004-10-21,32,151,160
2004-10-21,33,730,735
2004-10-21,34,162,170
2004-10-21,35,140,145
2004-10-21,37,152,155
2004-10-21,39,,
2004-10-21,40,240,245
2004-10-21,42,,
2004-10-21,43,230,235
2004-10-21,44,,
2004-10-21,45,157,165
2004-10-21,49,500,550
2004-10-21,51,460,500
2004-10-21,52,127,128
2004-10-21,53,370,400
2004-10-21,54,,
2004-10-21,55,330,370
2004-10-21,57,340,370
2004-10-21,58,,
2004-10-21,59,470,520
2004-10-21,60,,
2004-10-21,61,,
2004-10-21,62,167,169
2004-10-21,63,254,264
2004-10-21,64,129,131
2004-10-21,65,233,243
2004-10-21,66,,
2004-10-21,68,156,166
2004-10-21,69,,
2004-10-21,71,78,80
2004-10-21,72,131.5,133.5
2004-10-21,74,57,60
2004-10-21,75,135.5,137.5
2004-10-21,76,112,113
2004-10-21,77,139,140
2004-10-21,78,,
2004-10-21,79,122,124
2004-10-21,80,,
2004-10-21,81,132,134
2004-10-21,82,121,123
2004-10-21,83,130,133
2004-10-21,84,108,110
2004-10-21,85,142,145
2004-10-21,86,140,142
2004-10-21,87,77,78
2004-10-21,88,132,135
2004-10-21,89,81,82
2004-10-21,90,,
2004-10-21,91,97,100
2004-10-21,92,84,87
2004-10-21,93,71,73
2004-10-21,94,84,87
2004-10-21,95,,
2004-10-21,96,117,118
2004-10-21,97,,
2004-10-21,98,121,122
2004-10-21,99,,
2004-10-21,100,136,141
2004-10-21,101,97,98
2004-10-21,102,68,69
2004-10-21,103,84,87
2004-10-21,104,72,73
2004-10-21,106,82,84
2004-10-21,108,132,134
2004-10-21,109,204,206
2004-10-21,110,218,221
2004-10-21,111,210,213
2004-10-21,112,209,211
2004-10-21,117,194,195
2004-10-21,118,185,186
2004-10-21,119,204,205
2004-10-21,120,202,203
2004-10-21,121,203,205
2004-10-21,122,201,203
2004-10-21,123,212,214
2004-10-21,124,209,211
2004-10-21,132,130,133
2004-10-21,133,,
2004-10-21,134,,
2004-10-21,135,137,139
2004-10-21,136,,
2004-10-21,137,145,150
2004-10-21,138,134.5,136.5
2004-10-21,139,129,130
2004-10-21,140,,
2004-10-21,141,,
2004-10-21,142,126,128
2004-10-21,143,153,155
2004-10-21,144,119,120
2004-10-21,145,109,111
2004-10-28,2,325,334
2004-10-28,4,311,320
2004-10-28,5,3000,3350
2004-10-28,7,302,310
2004-10-28,10,700,850
2004-10-28,11,425,434
2004-10-28,12,,
2004-10-28,13,181,183
2004-10-28,14,415,425
2004-10-28,15,730,780
2004-10-28,16,198,200
2004-10-28,17,387,397
2004-10-28,18,680,780
2004-10-28,19,,
2004-10-28,20,1120,1170
2004-10-28,21,,
2004-10-28,22,550,600
2004-10-28,23,,
2004-10-28,24,239,245
2004-10-28,25,400,430
2004-10-28,26,,
2004-10-28,27,295,306
2004-10-28,28,147,172
2004-10-28,29,133,135
2004-10-28,30,645,665
2004-10-28,32,151,160
2004-10-28,33,725,730
2004-10-28,34,162,170
2004-10-28,35,140,145
2004-10-28,37,152,155
2004-10-28,39,,
2004-10-28,40,240,245
2004-10-28,42,,
2004-10-28,43,230,235
2004-10-28,44,,
2004-10-28,45,157,165
2004-10-28,49,500,550
2004-10-28,51,460,500
2004-10-28,52,128,129
2004-10-28,53,370,400
2004-10-28,54,,
2004-10-28,55,330,370
2004-10-28,57,340,370
2004-10-28,58,,
2004-10-28,59,470,520
2004-10-28,60,,
2004-10-28,61,,
2004-10-28,62,172,174
2004-10-28,63,254,264
2004-10-28,64,129,131
2004-10-28,65,233,243
2004-10-28,66,,
2004-10-28,68,151,161
2004-10-28,69,,
2004-10-28,71,75,77
2004-10-28,72,133,135
2004-10-28,74,54,57
2004-10-28,75,137,139
2004-10-28,76,112,113
2004-10-28,77,140,141
2004-10-28,78,,
2004-10-28,79,124,125
2004-10-28,80,,
2004-10-28,81,134,136
2004-10-28,82,124,126
2004-10-28,83,133,136
2004-10-28,84,110,112
2004-10-28,85,142,145
2004-10-28,86,140,142
2004-10-28,87,84,85
2004-10-28,88,132,135
2004-10-28,89,88,89
2004-10-28,90,,
2004-10-28,91,98,101
2004-10-28,92,84,87
2004-10-28,93,78,80
2004-10-28,94,84,87
2004-10-28,95,,
2004-10-28,96,124,125
2004-10-28,97,,
2004-10-28,98,128,129
2004-10-28,99,,
2004-10-28,100,137,142
2004-10-28,101,97,98
2004-10-28,102,75,76
2004-10-28,103,84,87
2004-10-28,104,79,80
2004-10-28,106,84,86
2004-10-28,108,127,129
2004-10-28,109,210,212
2004-10-28,110,222,225
2004-10-28,111,214,217
2004-10-28,112,211,213
2004-10-28,117,194,195
2004-10-28,118,185,186
2004-10-28,119,204,205
2004-10-28,120,202,203
2004-10-28,121,203,205
2004-10-28,122,201,203
2004-10-28,123,212,214
2004-10-28,124,209,211
2004-10-28,132,130,133
2004-10-28,133,,
2004-10-28,134,,
2004-10-28,135,137,139
2004-10-28,136,,
2004-10-28,137,146,151
2004-10-28,138,136.5,138.5
2004-10-28,139,131,132
2004-10-28,140,,
2004-10-28,141,,
2004-10-28,142,126,128
2004-10-28,143,154,156
2004-10-28,144,119,120
2004-10-28,145,109,111
2004-11-04,2,325,334
2004-11-04,4,311,320
2004-11-04,5,2750,3000
2004-11-04,7,302,310
2004-11-04,10,700,850
2004-11-04,11,425,434
2004-11-04,12,,
2004-11-04,13,181,183
2004-11-04,14,415,425
2004-11-04,15,730,780
2004-11-04,16,198,200
2004-11-04,17,387,397
2004-11-04,18,680,780
2004-11-04,19,,
2004-11-04,20,1120,1170
2004-11-04,21,,
2004-11-04,22,570,620
2004-11-04,23,,
2004-11-04,24,239,245
2004-11-04,25,400,430
2004-11-04,26,,
2004-11-04,27,295,306
2004-11-04,28,147,172
2004-11-04,29,133,135
2004-11-04,30,640,660
2004-11-04,32,151,160
2004-11-04,33,725,730
2004-11-04,34,162,170
2004-11-04,35,140,145
2004-11-04,37,152,155
2004-11-04,39,,
2004-11-04,40,240,245
2004-11-04,42,,
2004-11-04,43,230,235
2004-11-04,44,,
2004-11-04,45,157,165
2004-11-04,49,500,550
2004-11-04,51,460,500
2004-11-04,52,128,129
2004-11-04,53,370,400
2004-11-04,54,,
2004-11-04,55,330,370
2004-11-04,57,350,380
2004-11-04,58,,
2004-11-04,59,470,520
2004-11-04,60,,
2004-11-04,61,,
2004-11-04,62,178,180
2004-11-04,63,254,264
2004-11-04,64,129,131
2004-11-04,65,233,243
2004-11-04,66,,
2004-11-04,68,151,161
2004-11-04,69,,
2004-11-04,71,73,75
2004-11-04,72,133,135
2004-11-04,74,52,55
2004-11-04,75,137,139
2004-11-04,76,112,113
2004-11-04,77,140,141
2004-11-04,78,,
2004-11-04,79,125,126
2004-11-04,80,,
2004-11-04,81,134,136
2004-11-04,82,124,126
2004-11-04,83,133,136
2004-11-04,84,110,112
2004-11-04,85,142,145
2004-11-04,86,140,142
2004-11-04,87,89,90
2004-11-04,88,132,135
2004-11-04,89,93,94
2004-11-04,90,,
2004-11-04,91,103,106
2004-11-04,92,84,87
2004-11-04,93,87,89
2004-11-04,94,84,87
2004-11-04,95,,
2004-11-04,96,129,130
2004-11-04,97,,
2004-11-04,98,133,134
2004-11-04,99,,
2004-11-04,100,142,147
2004-11-04,101,97,98
2004-11-04,102,84,85
2004-11-04,103,84,87
2004-11-04,104,88,89
2004-11-04,106,92,94
2004-11-04,108,127,129
2004-11-04,109,217,219
2004-11-04,110,229,232
2004-11-04,111,221,224
2004-11-04,112,211,213
2004-11-04,117,189,190
2004-11-04,118,180,181
2004-11-04,119,199,200
2004-11-04,120,197,198
2004-11-04,121,198,200
2004-11-04,122,196,198
2004-11-04,123,207,209
2004-11-04,124,204,206
2004-11-04,132,130,133
2004-11-04,133,,
2004-11-04,134,,
2004-11-04,135,137,139
2004-11-04,136,,
2004-11-04,137,146,151
2004-11-04,138,136.5,138.5
2004-11-04,139,131,132
2004-11-04,140,,
2004-11-04,141,,
2004-11-04,142,126,128
2004-11-04,143,154,156
2004-11-04,144,119,120
2004-11-04,145,111,113
2004-11-11,2,325,334
2004-11-11,4,311,320
2004-11-11,5,2750,3000
2004-11-11,7,302,310
2004-11-11,10,700,850
2004-11-11,11,425,434
2004-11-11,12,,
2004-11-11,13,185,187
2004-11-11,14,415,425
2004-11-11,15,730,780
2004-11-11,16,200,202
2004-11-11,17,387,397
2004-11-11,18,680,780
2004-11-11,19,,
2004-11-11,20,1120,1170
2004-11-11,21,,
2004-11-11,22,570,620
2004-11-11,23,,
2004-11-11,24,239,245
2004-11-11,25,400,430
2004-11-11,26,,
2004-11-11,27,295,306
2004-11-11,28,147,172
2004-11-11,29,133,135
2004-11-11,30,635,655
2004-11-11,32,151,160
2004-11-11,33,720,725
2004-11-11,34,162,170
2004-11-11,35,140,145
2004-11-11,37,152,155
2004-11-11,39,,
2004-11-11,40,240,245
2004-11-11,42,,
2004-11-11,43,230,235
2004-11-11,44,,
2004-11-11,45,157,165
2004-11-11,49,500,550
2004-11-11,51,460,500
2004-11-11,52,125,126
2004-11-11,53,370,400
2004-11-11,54,,
2004-11-11,55,330,370
2004-11-11,57,360,390
2004-11-11,58,,
2004-11-11,59,470,520
2004-11-11,60,,
2004-11-11,61,,
2004-11-11,62,181,183
2004-11-11,63,254,264
2004-11-11,64,129,131
2004-11-11,65,233,243
2004-11-11,66,,
2004-11-11,68,148,158
2004-11-11,69,,
2004-11-11,71,73,75
2004-11-11,72,134,136
2004-11-11,74,52,55
2004-11-11,75,138,140
2004-11-11,76,114,115
2004-11-11,77,141,142
2004-11-11,78,,
2004-11-11,79,125,126
2004-11-11,80,,
2004-11-11,81,134,136
2004-11-11,82,124,126
2004-11-11,83,133,136
2004-11-11,84,110,112
2004-11-11,85,142,145
2004-11-11,86,140,142
2004-11-11,87,100,101
2004-11-11,88,132,135
2004-11-11,89,104,105
2004-11-11,90,,
2004-11-11,91,108,111
2004-11-11,92,84,87
2004-11-11,93,95,97
2004-11-11,94,84,87
2004-11-11,95,,
2004-11-11,96,140,141
2004-11-11,97,,
2004-11-11,98,144,145
2004-11-11,99,,
2004-11-11,100,147,152
2004-11-11,101,97,98
2004-11-11,102,92,93
2004-11-11,103,84,87
2004-11-11,104,96,97
2004-11-11,106,100,102
2004-11-11,108,133,135
2004-11-11,109,212,214
2004-11-11,110,222,225
2004-11-11,111,214,217
2004-11-11,112,211,213
2004-11-11,117,189,190
2004-11-11,118,180,181
2004-11-11,119,199,200
2004-11-11,120,197,198
2004-11-11,121,198,200
2004-11-11,122,196,198
2004-11-11,123,207,209
2004-11-11,124,204,206
2004-11-11,132,130,133
2004-11-11,133,,
2004-11-11,134,,
2004-11-11,135,137,139
2004-11-11,136,,
2004-11-11,137,146,151
2004-11-11,138,137.5,139.5
2004-11-11,139,132,133
2004-11-11,140,,
2004-11-11,141,,
2004-11-11,142,126,128
2004-11-11,143,151,153
2004-11-11,144,119,120
2004-11-11,145,113,115
2004-11-18,2,325,334
2004-11-18,4,311,320
2004-11-18,5,2650,2900
2004-11-18,7,302,310
2004-11-18,10,700,850
2004-11-18,11,425,434
2004-11-18,12,,
2004-11-18,13,185,187
2004-11-18,14,415,425
2004-11-18,15,730,780
2004-11-18,16,200,202
2004-11-18,17,387,397
2004-11-18,18,680,780
2004-11-18,19,,
2004-11-18,20,1120,1170
2004-11-18,21,,
2004-11-18,22,570,620
2004-11-18,23,,
2004-11-18,24,239,245
2004-11-18,25,400,430
2004-11-18,26,,
2004-11-18,27,295,306
2004-11-18,28,147,172
2004-11-18,29,133,135
2004-11-18,30,630,650
2004-11-18,32,151,160
2004-11-18,33,715,720
2004-11-18,34,162,170
2004-11-18,35,140,145
2004-11-18,37,152,155
2004-11-18,39,,
2004-11-18,40,240,245
2004-11-18,42,,
2004-11-18,43,230,235
2004-11-18,44,,
2004-11-18,45,157,165
2004-11-18,49,500,550
2004-11-18,51,460,500
2004-11-18,52,124,125
2004-11-18,53,370,400
2004-11-18,54,,
2004-11-18,55,330,370
2004-11-18,57,375,405
2004-11-18,58,,
2004-11-18,59,470,520
2004-11-18,60,,
2004-11-18,61,,
2004-11-18,62,186,188
2004-11-18,63,254,264
2004-11-18,64,129,131
2004-11-18,65,233,243
2004-11-18,66,,
2004-11-18,68,143,153
2004-11-18,69,,
2004-11-18,71,73,75
2004-11-18,72,135,137
2004-11-18,74,52,55
2004-11-18,75,139,141
2004-11-18,76,114,115
2004-11-18,77,142,143
2004-11-18,78,,
2004-11-18,79,125,126
2004-11-18,80,,
2004-11-18,81,134,136
2004-11-18,82,124,126
2004-11-18,83,132,135
2004-11-18,84,110,112
2004-11-18,85,142,145
2004-11-18,86,140,142
2004-11-18,87,114,115
2004-11-18,88,132,135
2004-11-18,89,118,119
2004-11-18,90,,
2004-11-18,91,122,125
2004-11-18,92,84,87
2004-11-18,93,109,111
2004-11-18,94,84,87
2004-11-18,95,,
2004-11-18,96,154,155
2004-11-18,97,,
2004-11-18,98,158,159
2004-11-18,99,,
2004-11-18,100,161,166
2004-11-18,101,97,98
2004-11-18,102,106,107
2004-11-18,103,84,87
2004-11-18,104,110,111
2004-11-18,106,114,116
2004-11-18,108,136,138
2004-11-18,109,214,216
2004-11-18,110,224,227
2004-11-18,111,216,219
2004-11-18,112,211,213
2004-11-18,117,192,193
2004-11-18,118,183,184
2004-11-18,119,202,203
2004-11-18,120,200,201
2004-11-18,121,201,203
2004-11-18,122,199,201
2004-11-18,123,210,212
2004-11-18,124,207,209
2004-11-18,132,130,133
2004-11-18,133,,
2004-11-18,134,,
2004-11-18,135,137,139
2004-11-18,136,,
2004-11-18,137,146,151
2004-11-18,138,137.5,139.5
2004-11-18,139,131.5,132.5
2004-11-18,140,,
2004-11-18,141,,
2004-11-18,142,127,129
2004-11-18,143,151,153
2004-11-18,144,121,122
2004-11-18,145,115,117
2004-11-25,2,325,334
2004-11-25,4,311,320
2004-11-25,5,2400,2700
2004-11-25,7,302,310
2004-11-25,10,700,850
2004-11-25,11,425,434
2004-11-25,12,,
2004-11-25,13,185,187
2004-11-25,14,415,425
2004-11-25,15,730,780
2004-11-25,16,200,202
2004-11-25,17,387,397
2004-11-25,18,680,780
2004-11-25,19,,
2004-11-25,20,1120,1170
2004-11-25,21,,
2004-11-25,22,570,620
2004-11-25,23,,
2004-11-25,24,239,245
2004-11-25,25,400,430
2004-11-25,26,,
2004-11-25,27,295,306
2004-11-25,28,147,172
2004-11-25,29,133,135
2004-11-25,30,630,650
2004-11-25,32,151,160
2004-11-25,33,715,720
2004-11-25,34,162,170
2004-11-25,35,140,145
2004-11-25,37,152,155
2004-11-25,39,,
2004-11-25,40,240,245
2004-11-25,42,,
2004-11-25,43,230,235
2004-11-25,44,,
2004-11-25,45,157,165
2004-11-25,49,500,550
2004-11-25,51,460,500
2004-11-25,52,123,124
2004-11-25,53,370,400
2004-11-25,54,,
2004-11-25,55,330,370
2004-11-25,57,375,405
2004-11-25,58,,
2004-11-25,59,470,520
2004-11-25,60,,
2004-11-25,61,,
2004-11-25,62,188,190
2004-11-25,63,254,264
2004-11-25,64,129,131
2004-11-25,65,233,243
2004-11-25,66,,
2004-11-25,68,140,150
2004-11-25,69,,
2004-11-25,71,73,75
2004-11-25,72,137,139
2004-11-25,74,52,55
2004-11-25,75,141,143
2004-11-25,76,117,118
2004-11-25,77,144,145
2004-11-25,78,,
2004-11-25,79,125,126
2004-11-25,80,,
2004-11-25,81,134,136
2004-11-25,82,124,126
2004-11-25,83,132,135
2004-11-25,84,110,112
2004-11-25,85,142,145
2004-11-25,86,140,142
2004-11-25,87,124,125
2004-11-25,88,132,135
2004-11-25,89,128,129
2004-11-25,90,,
2004-11-25,91,132,135
2004-11-25,92,84,87
2004-11-25,93,117,119
2004-11-25,94,84,87
2004-11-25,95,,
2004-11-25,96,164,165
2004-11-25,97,,
2004-11-25,98,168,169
2004-11-25,99,,
2004-11-25,100,171,176
2004-11-25,101,98,99
2004-11-25,102,116,117
2004-11-25,103,84,87
2004-11-25,104,118,119
2004-11-25,106,122,124
2004-11-25,108,136,138
2004-11-25,109,215,217
2004-11-25,110,225,228
2004-11-25,111,217,220
2004-11-25,112,214,216
2004-11-25,117,192,193
2004-11-25,118,183,184
2004-11-25,119,202,203
2004-11-25,120,200,201
2004-11-25,121,201,203
2004-11-25,122,199,201
2004-11-25,123,210,212
2004-11-25,124,207,209
2004-11-25,132,130,133
2004-11-25,133,,
2004-11-25,134,,
2004-11-25,135,137,139
2004-11-25,136,,
2004-11-25,137,146,151
2004-11-25,138,137.5,139.5
2004-11-25,139,130.5,131.5
2004-11-25,140,,
2004-11-25,141,,
2004-11-25,142,127,129
2004-11-25,143,149,151
2004-11-25,144,120,121
2004-11-25,145,115,117
2004-12-02,2,325,334
2004-12-02,4,311,320
2004-12-02,5,2400,2700
2004-12-02,7,302,310
2004-12-02,10,700,850
2004-12-02,11,425,434
2004-12-02,12,,
2004-12-02,13,185,187
2004-12-02,14,415,425
2004-12-02,15,730,780
2004-12-02,16,200,202
2004-12-02,17,387,397
2004-12-02,18,680,780
2004-12-02,19,,
2004-12-02,20,1120,1170
2004-12-02,21,,
2004-12-02,22,570,620
2004-12-02,23,,
2004-12-02,24,239,245
2004-12-02,25,400,430
2004-12-02,26,,
2004-12-02,27,295,306
2004-12-02,28,147,172
2004-12-02,29,133,135
2004-12-02,30,620,640
2004-12-02,32,151,160
2004-12-02,33,710,715
2004-12-02,34,162,170
2004-12-02,35,145,150
2004-12-02,37,157,160
2004-12-02,39,,
2004-12-02,40,240,245
2004-12-02,42,,
2004-12-02,43,230,235
2004-12-02,44,,
2004-12-02,45,157,165
2004-12-02,49,500,550
2004-12-02,51,460,500
2004-12-02,52,123,124
2004-12-02,53,370,400
2004-12-02,54,,
2004-12-02,55,330,370
2004-12-02,57,375,405
2004-12-02,58,,
2004-12-02,59,470,520
2004-12-02,60,,
2004-12-02,61,,
2004-12-02,62,188,190
2004-12-02,63,252,262
2004-12-02,64,129,131
2004-12-02,65,231,241
2004-12-02,66,,
2004-12-02,68,133,143
2004-12-02,69,,
2004-12-02,71,75,77
2004-12-02,72,137,139
2004-12-02,74,54,57
2004-12-02,75,141,143
2004-12-02,76,117,118
2004-12-02,77,143,144
2004-12-02,78,,
2004-12-02,79,125,126
2004-12-02,80,,
2004-12-02,81,134,136
2004-12-02,82,124,126
2004-12-02,83,132,135
2004-12-02,84,110,112
2004-12-02,85,142,145
2004-12-02,86,140,142
2004-12-02,87,124,125
2004-12-02,88,132,135
2004-12-02,89,128,129
2004-12-02,90,,
2004-12-02,91,132,135
2004-12-02,92,84,87
2004-12-02,93,114,116
2004-12-02,94,84,87
2004-12-02,95,,
2004-12-02,96,159,160
2004-12-02,97,,
2004-12-02,98,163,164
2004-12-02,99,,
2004-12-02,100,166,171
2004-12-02,101,98,99
2004-12-02,102,113,114
2004-12-02,103,84,87
2004-12-02,104,115,116
2004-12-02,106,122,124
2004-12-02,108,136,138
2004-12-02,109,213,215
2004-12-02,110,223,226
2004-12-02,111,215,218
2004-12-02,112,217,219
2004-12-02,117,187,188
2004-12-02,118,178,179
2004-12-02,119,197,198
2004-12-02,120,195,196
2004-12-02,121,196,198
2004-12-02,122,194,196
2004-12-02,123,205,207
2004-12-02,124,202,204
2004-12-02,132,129,132
2004-12-02,133,,
2004-12-02,134,,
2004-12-02,135,136,138
2004-12-02,136,,
2004-12-02,137,146,151
2004-12-02,138,137.5,139.5
2004-12-02,139,130.5,131.5
2004-12-02,140,,
2004-12-02,141,,
2004-12-02,142,127,129
2004-12-02,143,149,151
2004-12-02,144,120,121
2004-12-02,145,115,117
2004-12-09,2,325,334
2004-12-09,4,311,320
2004-12-09,5,2300,2600
2004-12-09,7,302,310
2004-12-09,10,700,850
2004-12-09,11,425,434
2004-12-09,12,1750,1800
2004-12-09,13,185,187
2004-12-09,14,415,425
2004-12-09,15,730,780
2004-12-09,16,200,202
2004-12-09,17,387,397
2004-12-09,18,680,780
2004-12-09,19,,
2004-12-09,20,1120,1170
2004-12-09,21,,
2004-12-09,22,570,620
2004-12-09,23,,
2004-12-09,24,239,245
2004-12-09,25,380,410
2004-12-09,26,,
2004-12-09,27,295,306
2004-12-09,28,147,172
2004-12-09,29,133,135
2004-12-09,30,610,630
2004-12-09,32,151,160
2004-12-09,33,710,715
2004-12-09,34,162,170
2004-12-09,35,145,150
2004-12-09,37,157,160
2004-12-09,39,,
2004-12-09,40,240,245
2004-12-09,42,,
2004-12-09,43,230,235
2004-12-09,44,,
2004-12-09,45,157,165
2004-12-09,49,500,550
2004-12-09,51,460,500
2004-12-09,52,124,125
2004-12-09,53,370,400
2004-12-09,54,,
2004-12-09,55,330,370
2004-12-09,57,375,405
2004-12-09,58,,
2004-12-09,59,470,520
2004-12-09,60,,
2004-12-09,61,,
2004-12-09,62,188,190
2004-12-09,63,252,262
2004-12-09,64,129,131
2004-12-09,65,231,241
2004-12-09,66,,
2004-12-09,68,133,143
2004-12-09,69,,
2004-12-09,71,80,82
2004-12-09,72,137,139
2004-12-09,74,59,62
2004-12-09,75,141,143
2004-12-09,76,117,118
2004-12-09,77,143,144
2004-12-09,78,,
2004-12-09,79,126,127
2004-12-09,80,,
2004-12-09,81,134,136
2004-12-09,82,124,126
2004-12-09,83,132,135
2004-12-09,84,110,112
2004-12-09,85,142,145
2004-12-09,86,140,142
2004-12-09,87,114,115
2004-12-09,88,132,135
2004-12-09,89,118,119
2004-12-09,90,,
2004-12-09,91,127,130
2004-12-09,92,80,83
2004-12-09,93,102,104
2004-12-09,94,80,83
2004-12-09,95,,
2004-12-09,96,144,145
2004-12-09,97,,
2004-12-09,98,148,149
2004-12-09,99,,
2004-12-09,100,156,161
2004-12-09,101,98,99
2004-12-09,102,101,102
2004-12-09,103,84,87
2004-12-09,104,103,104
2004-12-09,106,116,118
2004-12-09,108,133,135
2004-12-09,109,210,212
2004-12-09,110,220,223
2004-12-09,111,212,215
2004-12-09,112,217,219
2004-12-09,117,190,191
2004-12-09,118,181,182
2004-12-09,119,200,201
2004-12-09,120,198,199
2004-12-09,121,199,201
2004-12-09,122,197,199
2004-12-09,123,208,210
2004-12-09,124,205,207
2004-12-09,132,129,132
2004-12-09,133,,
2004-12-09,134,,
2004-12-09,135,136,138
2004-12-09,136,,
2004-12-09,137,146,151
2004-12-09,138,136.5,138.5
2004-12-09,139,129.5,130.5
2004-12-09,140,,
2004-12-09,141,,
2004-12-09,142,127,129
2004-12-09,143,149,151
2004-12-09,144,119,120
2004-12-09,145,114,116
2004-12-16,2,325,334
2004-12-16,4,311,320
2004-12-16,5,2300,2600
2004-12-16,7,302,310
2004-12-16,10,700,850
2004-12-16,11,425,434
2004-12-16,12,1750,1800
2004-12-16,13,183,185
2004-12-16,14,415,425
2004-12-16,15,730,780
2004-12-16,16,200,202
2004-12-16,17,387,397
2004-12-16,18,680,780
2004-12-16,19,,
2004-12-16,20,1120,1170
2004-12-16,21,,
2004-12-16,22,570,620
2004-12-16,23,,
2004-12-16,24,239,245
2004-12-16,25,380,410
2004-12-16,26,,
2004-12-16,27,295,306
2004-12-16,28,147,172
2004-12-16,29,133,135
2004-12-16,30,610,630
2004-12-16,32,151,160
2004-12-16,33,710,715
2004-12-16,34,162,170
2004-12-16,35,145,150
2004-12-16,37,157,160
2004-12-16,39,,
2004-12-16,40,240,245
2004-12-16,42,,
2004-12-16,43,230,235
2004-12-16,44,,
2004-12-16,45,157,165
2004-12-16,49,500,550
2004-12-16,51,460,500
2004-12-16,52,124,125
2004-12-16,53,370,400
2004-12-16,54,,
2004-12-16,55,330,370
2004-12-16,57,375,405
2004-12-16,58,,
2004-12-16,59,470,520
2004-12-16,60,,
2004-12-16,61,,
2004-12-16,62,188,190
2004-12-16,63,252,262
2004-12-16,64,129,131
2004-12-16,65,231,241
2004-12-16,66,,
2004-12-16,68,133,143
2004-12-16,69,,
2004-12-16,71,85,87
2004-12-16,72,137,139
2004-12-16,74,64,67
2004-12-16,75,141,143
2004-12-16,76,117,118
2004-12-16,77,143,144
2004-12-16,78,,
2004-12-16,79,126,127
2004-12-16,80,,
2004-12-16,81,134,136
2004-12-16,82,124,126
2004-12-16,83,132,135
2004-12-16,84,110,112
2004-12-16,85,142,145
2004-12-16,86,140,142
2004-12-16,87,111,112
2004-12-16,88,132,135
2004-12-16,89,115,116
2004-12-16,90,,
2004-12-16,91,127,130
2004-12-16,92,80,83
2004-12-16,93,98,100
2004-12-16,94,80,83
2004-12-16,95,,
2004-12-16,96,140,141
2004-12-16,97,,
2004-12-16,98,144,145
2004-12-16,99,,
2004-12-16,100,156,161
2004-12-16,101,98,99
2004-12-16,102,97,98
2004-12-16,103,84,87
2004-12-16,104,99,100
2004-12-16,106,116,118
2004-12-16,108,133,135
2004-12-16,109,208,210
2004-12-16,110,218,221
2004-12-16,111,210,213
2004-12-16,112,217,219
2004-12-16,117,190,191
2004-12-16,118,181,182
2004-12-16,119,200,201
2004-12-16,120,198,199
2004-12-16,121,199,201
2004-12-16,122,197,199
2004-12-16,123,208,210
2004-12-16,124,205,207
2004-12-16,132,129,132
2004-12-16,133,,
2004-12-16,134,,
2004-12-16,135,136,138
2004-12-16,136,,
2004-12-16,137,146,151
2004-12-16,138,136.5,138.5
2004-12-16,139,129.5,130.5
2004-12-16,140,,
2004-12-16,141,,
2004-12-16,142,127,129
2004-12-16,143,149,151
2004-12-16,144,119,120
2004-12-16,145,114,116
2004-12-23,2,325,334
2004-12-23,4,311,320
2004-12-23,5,2300,2600
2004-12-23,7,302,310
2004-12-23,10,700,850
2004-12-23,11,425,434
2004-12-23,12,1750,1800
2004-12-23,13,183,185
2004-12-23,14,415,425
2004-12-23,15,730,780
2004-12-23,16,200,202
2004-12-23,17,387,397
2004-12-23,18,680,780
2004-12-23,19,,
2004-12-23,20,1120,1170
2004-12-23,21,,
2004-12-23,22,570,620
2004-12-23,23,,
2004-12-23,24,239,245
2004-12-23,25,380,410
2004-12-23,26,,
2004-12-23,27,295,306
2004-12-23,28,147,172
2004-12-23,29,133,135
2004-12-23,30,605,625
2004-12-23,32,151,160
2004-12-23,33,710,715
2004-12-23,34,162,170
2004-12-23,35,145,150
2004-12-23,37,157,160
2004-12-23,39,,
2004-12-23,40,240,245
2004-12-23,42,,
2004-12-23,43,230,235
2004-12-23,44,,
2004-12-23,45,157,165
2004-12-23,49,500,550
2004-12-23,51,460,500
2004-12-23,52,124,125
2004-12-23,53,370,400
2004-12-23,54,,
2004-12-23,55,330,370
2004-12-23,57,375,405
2004-12-23,58,,
2004-12-23,59,470,520
2004-12-23,60,,
2004-12-23,61,,
2004-12-23,62,188,190
2004-12-23,63,252,262
2004-12-23,64,129,131
2004-12-23,65,231,241
2004-12-23,66,,
2004-12-23,68,133,143
2004-12-23,69,,
2004-12-23,71,85,87
2004-12-23,72,137,139
2004-12-23,74,64,67
2004-12-23,75,141,143
2004-12-23,76,117,118
2004-12-23,77,143,144
2004-12-23,78,,
2004-12-23,79,126,127
2004-12-23,80,,
2004-12-23,81,134,136
2004-12-23,82,124,126
2004-12-23,83,132,135
2004-12-23,84,110,112
2004-12-23,85,142,145
2004-12-23,86,140,142
2004-12-23,87,119,120
2004-12-23,88,132,135
2004-12-23,89,123,124
2004-12-23,90,,
2004-12-23,91,132,135
2004-12-23,92,80,83
2004-12-23,93,106,108
2004-12-23,94,80,83
2004-12-23,95,,
2004-12-23,96,148,149
2004-12-23,97,,
2004-12-23,98,152,153
2004-12-23,99,,
2004-12-23,100,161,166
2004-12-23,101,98,99
2004-12-23,102,105,106
2004-12-23,103,84,87
2004-12-23,104,107,108
2004-12-23,106,124,126
2004-12-23,108,133,135
2004-12-23,109,206,208
2004-12-23,110,216,219
2004-12-23,111,208,211
2004-12-23,112,217,219
2004-12-23,117,190,191
2004-12-23,118,181,182
2004-12-23,119,200,201
2004-12-23,120,198,199
2004-12-23,121,199,201
2004-12-23,122,197,199
2004-12-23,123,208,210
2004-12-23,124,205,207
2004-12-23,132,129,132
2004-12-23,133,,
2004-12-23,134,,
2004-12-23,135,136,138
2004-12-23,136,,
2004-12-23,137,146,151
2004-12-23,138,136.5,138.5
2004-12-23,139,129.5,130.5
2004-12-23,140,,
2004-12-23,141,,
2004-12-23,142,127,129
2004-12-23,143,149,151
2004-12-23,144,119,120
2004-12-23,145,114,116
2004-12-30,2,325,334
2004-12-30,4,311,320
2004-12-30,5,2300,2600
2004-12-30,7,302,310
2004-12-30,10,700,850
2004-12-30,11,425,434
2004-12-30,12,1750,1800
2004-12-30,13,183,185
2004-12-30,14,415,425
2004-12-30,15,730,780
2004-12-30,16,200,202
2004-12-30,17,387,397
2004-12-30,18,680,780
2004-12-30,19,,
2004-12-30,20,1120,1170
2004-12-30,21,,
2004-12-30,22,570,620
2004-12-30,23,,
2004-12-30,24,239,245
2004-12-30,25,380,410
2004-12-30,26,,
2004-12-30,27,295,306
2004-12-30,28,147,172
2004-12-30,29,133,135
2004-12-30,30,605,625
2004-12-30,32,151,160
2004-12-30,33,710,715
2004-12-30,34,162,170
2004-12-30,35,145,150
2004-12-30,37,157,160
2004-12-30,39,,
2004-12-30,40,240,245
2004-12-30,42,,
2004-12-30,43,230,235
2004-12-30,44,,
2004-12-30,45,157,165
2004-12-30,49,500,550
2004-12-30,51,460,500
2004-12-30,52,124,125
2004-12-30,53,370,400
2004-12-30,54,,
2004-12-30,55,330,370
2004-12-30,57,375,405
2004-12-30,58,,
2004-12-30,59,470,520
2004-12-30,60,,
2004-12-30,61,,
2004-12-30,62,188,190
2004-12-30,63,252,262
2004-12-30,64,129,131
2004-12-30,65,231,241
2004-12-30,66,,
2004-12-30,68,133,143
2004-12-30,69,,
2004-12-30,71,88,90
2004-12-30,72,137,139
2004-12-30,74,67,70
2004-12-30,75,141,143
2004-12-30,76,117,118
2004-12-30,77,143,144
2004-12-30,78,,
2004-12-30,79,126,127
2004-12-30,80,,
2004-12-30,81,134,136
2004-12-30,82,124,126
2004-12-30,83,132,135
2004-12-30,84,110,112
2004-12-30,85,142,145
2004-12-30,86,140,142
2004-12-30,87,122,123
2004-12-30,88,132,135
2004-12-30,89,126,127
2004-12-30,90,,
2004-12-30,91,132,135
2004-12-30,92,80,83
2004-12-30,93,108,110
2004-12-30,94,80,83
2004-12-30,95,,
2004-12-30,96,148,149
2004-12-30,97,,
2004-12-30,98,152,153
2004-12-30,99,,
2004-12-30,100,161,166
2004-12-30,101,100,101
2004-12-30,102,107,108
2004-12-30,103,86,89
2004-12-30,104,109,110
2004-12-30,106,126,128
2004-12-30,108,133,135
2004-12-30,109,210,212
2004-12-30,110,220,223
2004-12-30,111,212,215
2004-12-30,112,217,219
2004-12-30,117,190,191
2004-12-30,118,181,182
2004-12-30,119,200,201
2004-12-30,120,198,199
2004-12-30,121,199,201
2004-12-30,122,197,199
2004-12-30,123,208,210
2004-12-30,124,205,207
2004-12-30,132,129,132
2004-12-30,133,,
2004-12-30,134,,
2004-12-30,135,136,138
2004-12-30,136,,
2004-12-30,137,146,151
2004-12-30,138,136.5,138.5
2004-12-30,139,129.5,130.5
2004-12-30,140,,
2004-12-30,141,,
2004-12-30,142,127,129
2004-12-30,143,149,151
2004-12-30,144,119,120
2004-12-30,145,114,116
