date,code,low,high
2005-01-13,2,325,334
2005-01-13,4,311,320
2005-01-13,5,2000,2300
2005-01-13,7,302,310
2005-01-13,10,700,850
2005-01-13,11,425,434
2005-01-13,12,1750,1800
2005-01-13,13,183,185
2005-01-13,14,415,425
2005-01-13,15,730,780
2005-01-13,16,200,202
2005-01-13,17,387,397
2005-01-13,18,680,780
2005-01-13,19,,
2005-01-13,20,1120,1170
2005-01-13,21,,
2005-01-13,22,570,620
2005-01-13,23,,
2005-01-13,24,239,245
2005-01-13,25,380,410
2005-01-13,26,,
2005-01-13,27,295,306
2005-01-13,28,145,170
2005-01-13,29,133,135
2005-01-13,30,605,625
2005-01-13,32,151,160
2005-01-13,33,710,715
2005-01-13,34,162,170
2005-01-13,35,145,150
2005-01-13,37,157,160
2005-01-13,39,,
2005-01-13,40,240,245
2005-01-13,42,,
2005-01-13,43,230,235
2005-01-13,44,,
2005-01-13,45,157,165
2005-01-13,49,500,550
2005-01-13,51,460,500
2005-01-13,52,123,124
2005-01-13,53,370,400
2005-01-13,54,,
2005-01-13,55,330,370
2005-01-13,57,375,405
2005-01-13,58,,
2005-01-13,59,470,520
2005-01-13,60,,
2005-01-13,61,,
2005-01-13,62,188,190
2005-01-13,63,252,262
2005-01-13,64,129,131
2005-01-13,65,231,241
2005-01-13,66,,
2005-01-13,68,133,143
2005-01-13,69,,
2005-01-13,71,88,90
2005-01-13,72,136,138
2005-01-13,74,67,70
2005-01-13,75,140,142
2005-01-13,76,121,122
2005-01-13,77,142,143
2005-01-13,78,,
2005-01-13,79,125,126
2005-01-13,80,,
2005-01-13,81,134,136
2005-01-13,82,124,126
2005-01-13,83,132,135
2005-01-13,84,110,112
2005-01-13,85,142,145
2005-01-13,86,140,142
2005-01-13,87,112,113
2005-01-13,88,132,135
2005-01-13,89,116,117
2005-01-13,90,,
2005-01-13,91,127,130
2005-01-13,92,80,83
2005-01-13,93,103,105
2005-01-13,94,80,83
2005-01-13,95,,
2005-01-13,96,141,142
2005-01-13,97,,
2005-01-13,98,145,146
2005-01-13,99,,
2005-01-13,100,156,161
2005-01-13,101,102,103
2005-01-13,102,102,103
2005-01-13,103,88,91
2005-01-13,104,104,105
2005-01-13,106,108,110
2005-01-13,108,131,133
2005-01-13,109,216,218
2005-01-13,110,226,229
2005-01-13,111,218,221
2005-01-13,112,,
2005-01-13,117,203,204
2005-01-13,118,194,195
2005-01-13,119,213,214
2005-01-13,120,211,212
2005-01-13,121,212,214
2005-01-13,122,210,212
2005-01-13,123,221,223
2005-01-13,124,218,220
2005-01-13,132,128,131
2005-01-13,133,,
2005-01-13,134,,
2005-01-13,135,134,136
2005-01-13,136,,
2005-01-13,137,146,151
2005-01-13,138,136.5,138.5
2005-01-13,139,129.5,130.5
2005-01-13,140,,
2005-01-13,141,,
2005-01-13,142,127,129
2005-01-13,143,149,151
2005-01-13,144,119,120
2005-01-13,145,114,116
2005-01-20,2,325,334
2005-01-20,4,311,320
2005-01-20,5,1700,2000
2005-01-20,7,302,310
2005-01-20,10,700,850
2005-01-20,11,425,434
2005-01-20,12,1750,1800
2005-01-20,13,181,183
2005-01-20,14,415,425
2005-01-20,15,730,780
2005-01-20,16,200,202
2005-01-20,17,387,397
2005-01-20,18,680,780
2005-01-20,19,,
2005-01-20,20,1120,1170
2005-01-20,21,,
2005-01-20,22,570,620
2005-01-20,23,,
2005-01-20,24,239,245
2005-01-20,25,380,410
2005-01-20,26,,
2005-01-20,27,295,306
2005-01-20,28,145,170
2005-01-20,29,133,135
2005-01-20,30,605,625
2005-01-20,32,151,160
2005-01-20,33,710,715
2005-01-20,34,162,170
2005-01-20,35,145,150
2005-01-20,37,157,160
2005-01-20,39,,
2005-01-20,40,240,245
2005-01-20,42,,
2005-01-20,43,230,235
2005-01-20,44,,
2005-01-20,45,157,165
2005-01-20,49,500,550
2005-01-20,51,460,500
2005-01-20,52,123,124
2005-01-20,53,370,400
2005-01-20,54,,
2005-01-20,55,330,370
2005-01-20,57,375,405
2005-01-20,58,,
2005-01-20,59,470,520
2005-01-20,60,,
2005-01-20,61,,
2005-01-20,62,188,190
2005-01-20,63,252,262
2005-01-20,64,129,131
2005-01-20,65,231,241
2005-01-20,66,,
2005-01-20,68,133,143
2005-01-20,69,,
2005-01-20,71,88,90
2005-01-20,72,134,136
2005-01-20,74,67,70
2005-01-20,75,138,140
2005-01-20,76,126,127
2005-01-20,77,140,141
2005-01-20,78,,
2005-01-20,79,125,126
2005-01-20,80,,
2005-01-20,81,136,138
2005-01-20,82,126,128
2005-01-20,83,130,133
2005-01-20,84,112,114
2005-01-20,85,142,145
2005-01-20,86,140,142
2005-01-20,87,102,103
2005-01-20,88,132,135
2005-01-20,89,106,107
2005-01-20,90,,
2005-01-20,91,117,120
2005-01-20,92,80,83
2005-01-20,93,100,102
2005-01-20,94,80,83
2005-01-20,95,,
2005-01-20,96,131,132
2005-01-20,97,,
2005-01-20,98,135,136
2005-01-20,99,,
2005-01-20,100,146,151
2005-01-20,101,102,103
2005-01-20,102,94,95
2005-01-20,103,88,91
2005-01-20,104,101,102
2005-01-20,106,102,104
2005-01-20,108,128,130
2005-01-20,109,213,215
2005-01-20,110,223,226
2005-01-20,111,215,218
2005-01-20,112,,
2005-01-20,117,205,206
2005-01-20,118,194,195
2005-01-20,119,215,216
2005-01-20,120,213,214
2005-01-20,121,212,214
2005-01-20,122,210,212
2005-01-20,123,223,225
2005-01-20,124,220,222
2005-01-20,132,128,131
2005-01-20,133,,
2005-01-20,134,,
2005-01-20,135,134,136
2005-01-20,136,,
2005-01-20,137,145,150
2005-01-20,138,136,138
2005-01-20,139,128.5,129.5
2005-01-20,140,,
2005-01-20,141,,
2005-01-20,142,127,129
2005-01-20,143,149,151
2005-01-20,144,121,122
2005-01-20,145,116,118
2005-01-27,2,325,334
2005-01-27,4,311,320
2005-01-27,5,1700,2000
2005-01-27,7,302,310
2005-01-27,10,700,850
2005-01-27,11,425,434
2005-01-27,12,1750,1800
2005-01-27,13,181,183
2005-01-27,14,415,425
2005-01-27,15,730,780
2005-01-27,16,200,202
2005-01-27,17,387,397
2005-01-27,18,680,780
2005-01-27,19,,
2005-01-27,20,1120,1170
2005-01-27,21,,
2005-01-27,22,570,620
2005-01-27,23,,
2005-01-27,24,239,245
2005-01-27,25,380,410
2005-01-27,26,,
2005-01-27,27,295,306
2005-01-27,28,145,170
2005-01-27,29,133,135
2005-01-27,30,605,625
2005-01-27,32,151,160
2005-01-27,33,710,715
2005-01-27,34,162,170
2005-01-27,35,145,150
2005-01-27,37,157,160
2005-01-27,39,,
2005-01-27,40,240,245
2005-01-27,42,,
2005-01-27,43,230,235
2005-01-27,44,,
2005-01-27,45,157,165
2005-01-27,49,500,550
2005-01-27,51,460,500
2005-01-27,52,123,124
2005-01-27,53,370,400
2005-01-27,54,,
2005-01-27,55,330,370
2005-01-27,57,375,405
2005-01-27,58,,
2005-01-27,59,470,520
2005-01-27,60,,
2005-01-27,61,,
2005-01-27,62,188,190
2005-01-27,63,252,262
2005-01-27,64,129,131
2005-01-27,65,231,241
2005-01-27,66,,
2005-01-27,68,138,148
2005-01-27,69,,
2005-01-27,71,88,90
2005-01-27,72,133,135
2005-01-27,74,67,70
2005-01-27,75,137,139
2005-01-27,76,126,127
2005-01-27,77,139,140
2005-01-27,78,,
2005-01-27,79,125,126
2005-01-27,80,,
2005-01-27,81,137,139
2005-01-27,82,127,129
2005-01-27,83,129,132
2005-01-27,84,112,114
2005-01-27,85,140,143
2005-01-27,86,138,140
2005-01-27,87,92,93
2005-01-27,88,130,133
2005-01-27,89,96,97
2005-01-27,90,,
2005-01-27,91,107,110
2005-01-27,92,80,83
2005-01-27,93,93,95
2005-01-27,94,80,83
2005-01-27,95,,
2005-01-27,96,121,122
2005-01-27,97,,
2005-01-27,98,125,126
2005-01-27,99,,
2005-01-27,100,136,141
2005-01-27,101,102,103
2005-01-27,102,87,88
2005-01-27,103,88,91
2005-01-27,104,94,95
2005-01-27,106,93,95
2005-01-27,108,128,130
2005-01-27,109,213,215
2005-01-27,110,223,226
2005-01-27,111,215,218
2005-01-27,112,,
2005-01-27,117,207,208
2005-01-27,118,196,197
2005-01-27,119,217,218
2005-01-27,120,215,216
2005-01-27,121,212,214
2005-01-27,122,210,212
2005-01-27,123,223,225
2005-01-27,124,220,222
2005-01-27,132,127.5,130.5
2005-01-27,133,,
2005-01-27,134,,
2005-01-27,135,133.5,135.5
2005-01-27,136,,
2005-01-27,137,144,149
2005-01-27,138,135,137
2005-01-27,139,127.5,128.5
2005-01-27,140,,
2005-01-27,141,,
2005-01-27,142,127,129
2005-01-27,143,149,151
2005-01-27,144,123,124
2005-01-27,145,116,118
2005-02-03,2,325,334
2005-02-03,4,311,320
2005-02-03,5,1700,2000
2005-02-03,7,302,310
2005-02-03,10,700,850
2005-02-03,11,425,434
2005-02-03,12,1750,1800
2005-02-03,13,181,183
2005-02-03,14,415,425
2005-02-03,15,730,780
2005-02-03,16,200,202
2005-02-03,17,387,397
2005-02-03,18,680,780
2005-02-03,19,,
2005-02-03,20,1120,1170
2005-02-03,21,,
2005-02-03,22,570,620
2005-02-03,23,,
2005-02-03,24,239,245
2005-02-03,25,380,410
2005-02-03,26,,
2005-02-03,27,295,306
2005-02-03,28,143,165
2005-02-03,29,133,135
2005-02-03,30,605,625
2005-02-03,32,151,160
2005-02-03,33,710,715
2005-02-03,34,162,170
2005-02-03,35,145,150
2005-02-03,37,157,160
2005-02-03,39,,
2005-02-03,40,240,245
2005-02-03,42,,
2005-02-03,43,230,235
2005-02-03,44,,
2005-02-03,45,157,165
2005-02-03,49,500,550
2005-02-03,51,460,500
2005-02-03,52,123,124
2005-02-03,53,370,400
2005-02-03,54,,
2005-02-03,55,330,370
2005-02-03,57,375,405
2005-02-03,58,,
2005-02-03,59,470,520
2005-02-03,60,,
2005-02-03,61,,
2005-02-03,62,188,190
2005-02-03,63,257,267
2005-02-03,64,129,131
2005-02-03,65,236,246
2005-02-03,66,,
2005-02-03,68,141,151
2005-02-03,69,,
2005-02-03,71,88,90
2005-02-03,72,132,134
2005-02-03,74,67,70
2005-02-03,75,136,138
2005-02-03,76,119,120
2005-02-03,77,138,139
2005-02-03,78,,
2005-02-03,79,125,126
2005-02-03,80,,
2005-02-03,81,137,139
2005-02-03,82,127,129
2005-02-03,83,127,130
2005-02-03,84,112,114
2005-02-03,85,138,141
2005-02-03,86,136,138
2005-02-03,87,89,90
2005-02-03,88,128,131
2005-02-03,89,93,94
2005-02-03,90,,
2005-02-03,91,107,110
2005-02-03,92,80,83
2005-02-03,93,88,90
2005-02-03,94,80,83
2005-02-03,95,,
2005-02-03,96,118,119
2005-02-03,97,,
2005-02-03,98,122,123
2005-02-03,99,,
2005-02-03,100,136,141
2005-02-03,101,102,103
2005-02-03,102,82,83
2005-02-03,103,88,91
2005-02-03,104,89,90
2005-02-03,106,93,95
2005-02-03,108,128,130
2005-02-03,109,212,214
2005-02-03,110,222,225
2005-02-03,111,214,217
2005-02-03,112,,
2005-02-03,117,201,202
2005-02-03,118,190,191
2005-02-03,119,211,212
2005-02-03,120,209,210
2005-02-03,121,206,208
2005-02-03,122,204,206
2005-02-03,123,217,219
2005-02-03,124,214,216
2005-02-03,132,127.5,130.5
2005-02-03,133,,
2005-02-03,134,,
2005-02-03,135,133.5,135.5
2005-02-03,136,,
2005-02-03,137,143,148
2005-02-03,138,134,136
2005-02-03,139,126.5,127.5
2005-02-03,140,,
2005-02-03,141,,
2005-02-03,142,127,129
2005-02-03,143,149,151
2005-02-03,144,123,124
2005-02-03,145,116,118
2005-02-10,2,325,334
2005-02-10,4,311,320
2005-02-10,5,1700,2000
2005-02-10,7,302,310
2005-02-10,10,700,850
2005-02-10,11,425,434
2005-02-10,12,1750,1800
2005-02-10,13,179,181
2005-02-10,14,415,425
2005-02-10,15,730,780
2005-02-10,16,198,200
2005-02-10,17,387,397
2005-02-10,18,680,780
2005-02-10,19,,
2005-02-10,20,1120,1170
2005-02-10,21,,
2005-02-10,22,570,620
2005-02-10,23,,
2005-02-10,24,239,245
2005-02-10,25,380,410
2005-02-10,26,,
2005-02-10,27,295,306
2005-02-10,28,143,165
2005-02-10,29,133,135
2005-02-10,30,605,625
2005-02-10,32,151,160
2005-02-10,33,710,715
2005-02-10,34,162,170
2005-02-10,35,145,150
2005-02-10,37,157,160
2005-02-10,39,,
2005-02-10,40,240,245
2005-02-10,42,,
2005-02-10,43,230,235
2005-02-10,44,,
2005-02-10,45,157,165
2005-02-10,49,500,550
2005-02-10,51,460,500
2005-02-10,52,123,124
2005-02-10,53,370,400
2005-02-10,54,,
2005-02-10,55,330,370
2005-02-10,57,375,405
2005-02-10,58,,
2005-02-10,59,470,520
2005-02-10,60,,
2005-02-10,61,,
2005-02-10,62,188,190
2005-02-10,63,262,272
2005-02-10,64,129,131
2005-02-10,65,241,251
2005-02-10,66,,
2005-02-10,68,146,156
2005-02-10,69,,
2005-02-10,71,88,90
2005-02-10,72,131,133
2005-02-10,74,67,70
2005-02-10,75,135,137
2005-02-10,76,116,117
2005-02-10,77,137,138
2005-02-10,78,,
2005-02-10,79,124,125
2005-02-10,80,,
2005-02-10,81,139,141
2005-02-10,82,129,131
2005-02-10,83,127,130
2005-02-10,84,112,114
2005-02-10,85,138,141
2005-02-10,86,136,138
2005-02-10,87,83,84
2005-02-10,88,128,131
2005-02-10,89,87,88
2005-02-10,90,,
2005-02-10,91,101,104
2005-02-10,92,80,83
2005-02-10,93,84,86
2005-02-10,94,80,83
2005-02-10,95,,
2005-02-10,96,112,113
2005-02-10,97,,
2005-02-10,98,116,117
2005-02-10,99,,
2005-02-10,100,130,135
2005-02-10,101,109,110
2005-02-10,102,78,79
2005-02-10,103,93,96
2005-02-10,104,85,86
2005-02-10,106,93,95
2005-02-10,108,130,132
2005-02-10,109,212,214
2005-02-10,110,222,225
2005-02-10,111,214,217
2005-02-10,112,,
2005-02-10,117,198,199
2005-02-10,118,187,188
2005-02-10,119,208,209
2005-02-10,120,206,207
2005-02-10,121,203,205
2005-02-10,122,201,203
2005-02-10,123,214,216
2005-02-10,124,211,213
2005-02-10,132,127.5,130.5
2005-02-10,133,,
2005-02-10,134,,
2005-02-10,135,133.5,135.5
2005-02-10,136,,
2005-02-10,137,143,148
2005-02-10,138,133,135
2005-02-10,139,125.5,126.5
2005-02-10,140,,
2005-02-10,141,,
2005-02-10,142,127,129
2005-02-10,143,149,151
2005-02-10,144,123,124
2005-02-10,145,116,118
2005-02-17,2,325,334
2005-02-17,4,311,320
2005-02-17,5,1500,1700
2005-02-17,7,302,310
2005-02-17,10,700,850
2005-02-17,11,425,434
2005-02-17,12,1750,1800
2005-02-17,13,179,181
2005-02-17,14,415,425
2005-02-17,15,730,780
2005-02-17,16,198,200
2005-02-17,17,387,397
2005-02-17,18,680,780
2005-02-17,19,,
2005-02-17,20,1120,1170
2005-02-17,21,,
2005-02-17,22,570,620
2005-02-17,23,,
2005-02-17,24,239,245
2005-02-17,25,380,410
2005-02-17,26,,
2005-02-17,27,295,306
2005-02-17,28,142,164
2005-02-17,29,132,134
2005-02-17,30,605,625
2005-02-17,32,150,159
2005-02-17,33,710,715
2005-02-17,34,162,170
2005-02-17,35,145,150
2005-02-17,37,157,160
2005-02-17,39,,
2005-02-17,40,240,245
2005-02-17,42,,
2005-02-17,43,225,230
2005-02-17,44,,
2005-02-17,45,157,165
2005-02-17,49,500,550
2005-02-17,51,450,490
2005-02-17,52,123,124
2005-02-17,53,370,400
2005-02-17,54,,
2005-02-17,55,330,370
2005-02-17,57,375,405
2005-02-17,58,,
2005-02-17,59,470,520
2005-02-17,60,,
2005-02-17,61,,
2005-02-17,62,188,190
2005-02-17,63,265,275
2005-02-17,64,129,131
2005-02-17,65,244,254
2005-02-17,66,,
2005-02-17,68,146,156
2005-02-17,69,,
2005-02-17,71,88,90
2005-02-17,72,131,133
2005-02-17,74,67,70
2005-02-17,75,135,137
2005-02-17,76,113,114
2005-02-17,77,137,138
2005-02-17,78,,
2005-02-17,79,124,125
2005-02-17,80,,
2005-02-17,81,142,144
2005-02-17,82,133,135
2005-02-17,83,127,130
2005-02-17,84,112,114
2005-02-17,85,136,139
2005-02-17,86,134,136
2005-02-17,87,86,87
2005-02-17,88,126,129
2005-02-17,89,90,91
2005-02-17,90,,
2005-02-17,91,101,104
2005-02-17,92,80,83
2005-02-17,93,87,89
2005-02-17,94,80,83
2005-02-17,95,,
2005-02-17,96,115,116
2005-02-17,97,,
2005-02-17,98,119,120
2005-02-17,99,,
2005-02-17,100,130,135
2005-02-17,101,109,110
2005-02-17,102,81,82
2005-02-17,103,93,96
2005-02-17,104,88,89
2005-02-17,106,93,95
2005-02-17,108,132,134
2005-02-17,109,212,214
2005-02-17,110,222,225
2005-02-17,111,214,217
2005-02-17,112,,
2005-02-17,117,195,196
2005-02-17,118,184,185
2005-02-17,119,205,206
2005-02-17,120,203,204
2005-02-17,121,200,202
2005-02-17,122,198,200
2005-02-17,123,211,213
2005-02-17,124,208,210
2005-02-17,132,127.5,130.5
2005-02-17,133,,
2005-02-17,134,,
2005-02-17,135,133.5,135.5
2005-02-17,136,,
2005-02-17,137,142,147
2005-02-17,138,131,133
2005-02-17,139,124.5,125.5
2005-02-17,140,,
2005-02-17,141,,
2005-02-17,142,126,128
2005-02-17,143,149,151
2005-02-17,144,124,125
2005-02-17,145,118,120
2005-02-24,2,325,334
2005-02-24,4,311,320
2005-02-24,5,1500,1700
2005-02-24,7,302,310
2005-02-24,10,700,850
2005-02-24,11,425,434
2005-02-24,12,1750,1800
2005-02-24,13,179,181
2005-02-24,14,415,425
2005-02-24,15,730,780
2005-02-24,16,198,200
2005-02-24,17,387,397
2005-02-24,18,680,780
2005-02-24,19,,
2005-02-24,20,1120,1170
2005-02-24,21,,
2005-02-24,22,570,620
2005-02-24,23,,
2005-02-24,24,239,245
2005-02-24,25,380,410
2005-02-24,26,,
2005-02-24,27,295,306
2005-02-24,28,142,164
2005-02-24,29,132,134
2005-02-24,30,605,625
2005-02-24,32,150,159
2005-02-24,33,710,715
2005-02-24,34,162,170
2005-02-24,35,145,150
2005-02-24,37,157,160
2005-02-24,39,,
2005-02-24,40,235,240
2005-02-24,42,,
2005-02-24,43,220,225
2005-02-24,44,,
2005-02-24,45,157,165
2005-02-24,49,490,540
2005-02-24,51,440,480
2005-02-24,52,123,124
2005-02-24,53,370,400
2005-02-24,54,,
2005-02-24,55,330,370
2005-02-24,57,375,405
2005-02-24,58,,
2005-02-24,59,450,500
2005-02-24,60,,
2005-02-24,61,,
2005-02-24,62,188,190
2005-02-24,63,265,275
2005-02-24,64,129,131
2005-02-24,65,244,254
2005-02-24,66,,
2005-02-24,68,146,156
2005-02-24,69,,
2005-02-24,71,88,90
2005-02-24,72,131,133
2005-02-24,74,67,70
2005-02-24,75,135,137
2005-02-24,76,113,114
2005-02-24,77,137,138
2005-02-24,78,,
2005-02-24,79,124,125
2005-02-24,80,,
2005-02-24,81,144,146
2005-02-24,82,135,137
2005-02-24,83,127,130
2005-02-24,84,112,114
2005-02-24,85,136,139
2005-02-24,86,134,136
2005-02-24,87,86,87
2005-02-24,88,126,129
2005-02-24,89,90,91
2005-02-24,90,,
2005-02-24,91,101,104
2005-02-24,92,80,83
2005-02-24,93,89,91
2005-02-24,94,80,83
2005-02-24,95,,
2005-02-24,96,115,116
2005-02-24,97,,
2005-02-24,98,119,120
2005-02-24,99,,
2005-02-24,100,130,135
2005-02-24,101,109,110
2005-02-24,102,83,84
2005-02-24,103,93,96
2005-02-24,104,90,91
2005-02-24,106,93,95
2005-02-24,108,133,135
2005-02-24,109,215,217
2005-02-24,110,225,228
2005-02-24,111,217,220
2005-02-24,112,,
2005-02-24,117,198,199
2005-02-24,118,187,188
2005-02-24,119,208,209
2005-02-24,120,206,207
2005-02-24,121,203,205
2005-02-24,122,201,203
2005-02-24,123,221,223
2005-02-24,124,221,223
2005-02-24,132,127.5,130.5
2005-02-24,133,,
2005-02-24,134,,
2005-02-24,135,133.5,135.5
2005-02-24,136,,
2005-02-24,137,142,147
2005-02-24,138,131,133
2005-02-24,139,124.5,125.5
2005-02-24,140,,
2005-02-24,141,,
2005-02-24,142,126,128
2005-02-24,143,149,151
2005-02-24,144,126,127
2005-02-24,145,118,120
2005-03-03,2,325,334
2005-03-03,4,311,320
2005-03-03,5,1300,1500
2005-03-03,7,302,310
2005-03-03,10,700,850
2005-03-03,11,425,434
2005-03-03,12,1550,1600
2005-03-03,13,179,181
2005-03-03,14,415,425
2005-03-03,15,730,780
2005-03-03,16,198,200
2005-03-03,17,387,397
2005-03-03,18,680,780
2005-03-03,19,,
2005-03-03,20,1120,1170
2005-03-03,21,,
2005-03-03,22,570,620
2005-03-03,23,,
2005-03-03,24,239,245
2005-03-03,25,380,410
2005-03-03,26,,
2005-03-03,27,295,306
2005-03-03,28,139,161
2005-03-03,29,132,134
2005-03-03,30,605,625
2005-03-03,32,151,160
2005-03-03,33,710,715
2005-03-03,34,162,170
2005-03-03,35,145,150
2005-03-03,37,157,160
2005-03-03,39,,
2005-03-03,40,235,240
2005-03-03,42,,
2005-03-03,43,220,225
2005-03-03,44,,
2005-03-03,45,157,165
2005-03-03,49,490,540
2005-03-03,51,440,480
2005-03-03,52,123,124
2005-03-03,53,370,400
2005-03-03,54,,
2005-03-03,55,330,370
2005-03-03,57,375,405
2005-03-03,58,,
2005-03-03,59,450,500
2005-03-03,60,,
2005-03-03,61,,
2005-03-03,62,188,190
2005-03-03,63,265,275
2005-03-03,64,129,131
2005-03-03,65,244,254
2005-03-03,66,,
2005-03-03,68,146,156
2005-03-03,69,,
2005-03-03,71,88,90
2005-03-03,72,131,133
2005-03-03,74,67,70
2005-03-03,75,135,137
2005-03-03,76,116,117
2005-03-03,77,136,137
2005-03-03,78,,
2005-03-03,79,124,125
2005-03-03,80,,
2005-03-03,81,144,146
2005-03-03,82,138,140
2005-03-03,83,127,130
2005-03-03,84,112,114
2005-03-03,85,135,138
2005-03-03,86,133,135
2005-03-03,87,86,87
2005-03-03,88,125,128
2005-03-03,89,90,91
2005-03-03,90,,
2005-03-03,91,101,104
2005-03-03,92,80,83
2005-03-03,93,89,91
2005-03-03,94,80,83
2005-03-03,95,,
2005-03-03,96,115,116
2005-03-03,97,,
2005-03-03,98,119,120
2005-03-03,99,,
2005-03-03,100,130,135
2005-03-03,101,109,110
2005-03-03,102,83,84
2005-03-03,103,93,96
2005-03-03,104,90,91
2005-03-03,106,93,95
2005-03-03,108,133,135
2005-03-03,109,217,219
2005-03-03,110,227,230
2005-03-03,111,219,222
2005-03-03,112,,
2005-03-03,117,208,209
2005-03-03,118,197,198
2005-03-03,119,218,219
2005-03-03,120,216,217
2005-03-03,121,216,218
2005-03-03,122,214,216
2005-03-03,123,236,238
2005-03-03,124,236,238
2005-03-03,132,127.5,130.5
2005-03-03,133,,
2005-03-03,134,,
2005-03-03,135,133.5,135.5
2005-03-03,136,,
2005-03-03,137,142,147
2005-03-03,138,131,133
2005-03-03,139,124.5,125.5
2005-03-03,140,,
2005-03-03,141,,
2005-03-03,142,126,128
2005-03-03,143,149,151
2005-03-03,144,128,129
2005-03-03,145,120,122
2005-03-10,2,325,334
2005-03-10,4,311,320
2005-03-10,5,1300,1500
2005-03-10,7,302,310
2005-03-10,10,700,850
2005-03-10,11,425,434
2005-03-10,12,1550,1600
2005-03-10,13,179,181
2005-03-10,14,415,425
2005-03-10,15,730,780
2005-03-10,16,198,200
2005-03-10,17,387,397
2005-03-10,18,680,780
2005-03-10,19,,
2005-03-10,20,1120,1170
2005-03-10,21,,
2005-03-10,22,570,620
2005-03-10,23,,
2005-03-10,24,239,245
2005-03-10,25,380,410
2005-03-10,26,,
2005-03-10,27,295,306
2005-03-10,28,139,161
2005-03-10,29,132,134
2005-03-10,30,605,625
2005-03-10,32,151,160
2005-03-10,33,710,715
2005-03-10,34,162,170
2005-03-10,35,145,150
2005-03-10,37,157,160
2005-03-10,39,,
2005-03-10,40,230,235
2005-03-10,42,,
2005-03-10,43,220,225
2005-03-10,44,,
2005-03-10,45,157,165
2005-03-10,49,480,530
2005-03-10,51,440,480
2005-03-10,52,124,125
2005-03-10,53,370,400
2005-03-10,54,,
2005-03-10,55,330,370
2005-03-10,57,375,405
2005-03-10,58,,
2005-03-10,59,450,500
2005-03-10,60,,
2005-03-10,61,,
2005-03-10,62,188,190
2005-03-10,63,265,275
2005-03-10,64,129,131
2005-03-10,65,244,254
2005-03-10,66,,
2005-03-10,68,146,156
2005-03-10,69,,
2005-03-10,71,88,90
2005-03-10,72,131,133
2005-03-10,74,67,70
2005-03-10,75,135,137
2005-03-10,76,117,118
2005-03-10,77,135,136
2005-03-10,78,,
2005-03-10,79,124,125
2005-03-10,80,,
2005-03-10,81,144,146
2005-03-10,82,138,140
2005-03-10,83,127,130
2005-03-10,84,112,114
2005-03-10,85,135,138
2005-03-10,86,133,135
2005-03-10,87,86,87
2005-03-10,88,125,128
2005-03-10,89,90,91
2005-03-10,90,,
2005-03-10,91,101,104
2005-03-10,92,80,83
2005-03-10,93,89,91
2005-03-10,94,80,83
2005-03-10,95,,
2005-03-10,96,115,116
2005-03-10,97,,
2005-03-10,98,119,120
2005-03-10,99,,
2005-03-10,100,130,135
2005-03-10,101,109,110
2005-03-10,102,83,84
2005-03-10,103,93,96
2005-03-10,104,90,91
2005-03-10,106,93,95
2005-03-10,108,133,135
2005-03-10,109,217,219
2005-03-10,110,227,230
2005-03-10,111,219,222
2005-03-10,112,,
2005-03-10,117,204,205
2005-03-10,118,193,194
2005-03-10,119,214,215
2005-03-10,120,212,213
2005-03-10,121,212,214
2005-03-10,122,210,212
2005-03-10,123,232,234
2005-03-10,124,232,234
2005-03-10,132,129,132
2005-03-10,133,,
2005-03-10,134,,
2005-03-10,135,135,137
2005-03-10,136,,
2005-03-10,137,142,147
2005-03-10,138,129,131
2005-03-10,139,124,125
2005-03-10,140,,
2005-03-10,141,,
2005-03-10,142,126,128
2005-03-10,143,149,151
2005-03-10,144,131,132
2005-03-10,145,125,127
2005-03-17,2,325,334
2005-03-17,4,311,320
2005-03-17,5,1300,1500
2005-03-17,7,302,310
2005-03-17,10,700,850
2005-03-17,11,425,434
2005-03-17,12,1550,1600
2005-03-17,13,186,188
2005-03-17,14,415,425
2005-03-17,15,730,780
2005-03-17,16,198,200
2005-03-17,17,387,397
2005-03-17,18,680,780
2005-03-17,19,,
2005-03-17,20,1120,1170
2005-03-17,21,,
2005-03-17,22,570,620
2005-03-17,23,,
2005-03-17,24,239,245
2005-03-17,25,380,410
2005-03-17,26,,
2005-03-17,27,295,306
2005-03-17,28,137,159
2005-03-17,29,129,131
2005-03-17,30,605,625
2005-03-17,32,151,160
2005-03-17,33,710,715
2005-03-17,34,162,170
2005-03-17,35,145,150
2005-03-17,37,157,160
2005-03-17,39,,
2005-03-17,40,230,235
2005-03-17,42,,
2005-03-17,43,220,225
2005-03-17,44,,
2005-03-17,45,157,165
2005-03-17,49,480,530
2005-03-17,51,440,480
2005-03-17,52,126,127
2005-03-17,53,370,400
2005-03-17,54,,
2005-03-17,55,330,370
2005-03-17,57,375,405
2005-03-17,58,,
2005-03-17,59,450,500
2005-03-17,60,,
2005-03-17,61,,
2005-03-17,62,188,190
2005-03-17,63,265,275
2005-03-17,64,129,131
2005-03-17,65,244,254
2005-03-17,66,,
2005-03-17,68,146,156
2005-03-17,69,,
2005-03-17,71,88,90
2005-03-17,72,131,133
2005-03-17,74,67,70
2005-03-17,75,135,137
2005-03-17,76,120,121
2005-03-17,77,135,136
2005-03-17,78,,
2005-03-17,79,124,125
2005-03-17,80,,
2005-03-17,81,144,146
2005-03-17,82,138,140
2005-03-17,83,127,130
2005-03-17,84,114,116
2005-03-17,85,132,135
2005-03-17,86,130,132
2005-03-17,87,86,87
2005-03-17,88,122,125
2005-03-17,89,90,91
2005-03-17,90,,
2005-03-17,91,101,104
2005-03-17,92,80,83
2005-03-17,93,89,91
2005-03-17,94,80,83
2005-03-17,95,,
2005-03-17,96,115,116
2005-03-17,97,,
2005-03-17,98,119,120
2005-03-17,99,,
2005-03-17,100,130,135
2005-03-17,101,111,112
2005-03-17,102,83,84
2005-03-17,103,95,98
2005-03-17,104,90,91
2005-03-17,106,94,96
2005-03-17,108,133,135
2005-03-17,109,218,220
2005-03-17,110,228,231
2005-03-17,111,220,223
2005-03-17,112,,
2005-03-17,117,217,218
2005-03-17,118,206,207
2005-03-17,119,227,228
2005-03-17,120,225,226
2005-03-17,121,225,227
2005-03-17,122,223,225
2005-03-17,123,248,250
2005-03-17,124,248,250
2005-03-17,132,129,132
2005-03-17,133,,
2005-03-17,134,,
2005-03-17,135,135,137
2005-03-17,136,,
2005-03-17,137,142,147
2005-03-17,138,129,131
2005-03-17,139,124,125
2005-03-17,140,,
2005-03-17,141,,
2005-03-17,142,126,128
2005-03-17,143,149,151
2005-03-17,144,135,136
2005-03-17,145,130,132
2005-03-24,2,325,334
2005-03-24,4,311,320
2005-03-24,5,1300,1500
2005-03-24,7,302,310
2005-03-24,10,700,850
2005-03-24,11,425,434
2005-03-24,12,1550,1600
2005-03-24,13,186,188
2005-03-24,14,415,425
2005-03-24,15,730,780
2005-03-24,16,198,200
2005-03-24,17,387,397
2005-03-24,18,680,780
2005-03-24,19,,
2005-03-24,20,1120,1170
2005-03-24,21,,
2005-03-24,22,570,620
2005-03-24,23,,
2005-03-24,24,239,245
2005-03-24,25,380,410
2005-03-24,26,,
2005-03-24,27,295,306
2005-03-24,28,137,159
2005-03-24,29,129,131
2005-03-24,30,605,625
2005-03-24,32,151,160
2005-03-24,33,710,715
2005-03-24,34,162,170
2005-03-24,35,145,150
2005-03-24,37,157,160
2005-03-24,39,,
2005-03-24,40,225,230
2005-03-24,42,,
2005-03-24,43,225,230
2005-03-24,44,,
2005-03-24,45,162,170
2005-03-24,49,470,520
2005-03-24,51,450,490
2005-03-24,52,126,127
2005-03-24,53,370,400
2005-03-24,54,,
2005-03-24,55,340,380
2005-03-24,57,375,405
2005-03-24,58,,
2005-03-24,59,450,500
2005-03-24,60,,
2005-03-24,61,,
2005-03-24,62,188,190
2005-03-24,63,265,275
2005-03-24,64,129,131
2005-03-24,65,244,254
2005-03-24,66,,
2005-03-24,68,146,156
2005-03-24,69,,
2005-03-24,71,88,90
2005-03-24,72,131,133
2005-03-24,74,67,70
2005-03-24,75,135,137
2005-03-24,76,120,121
2005-03-24,77,135,136
2005-03-24,78,,
2005-03-24,79,124,125
2005-03-24,80,,
2005-03-24,81,144,146
2005-03-24,82,138,140
2005-03-24,83,127,130
2005-03-24,84,114,116
2005-03-24,85,132,135
2005-03-24,86,130,132
2005-03-24,87,84,85
2005-03-24,88,122,125
2005-03-24,89,88,89
2005-03-24,90,,
2005-03-24,91,101,104
2005-03-24,92,80,83
2005-03-24,93,88,90
2005-03-24,94,80,83
2005-03-24,95,,
2005-03-24,96,113,114
2005-03-24,97,,
2005-03-24,98,117,118
2005-03-24,99,,
2005-03-24,100,130,135
2005-03-24,101,111,112
2005-03-24,102,82,83
2005-03-24,103,95,98
2005-03-24,104,89,90
2005-03-24,106,94,96
2005-03-24,108,133,135
2005-03-24,109,219,221
2005-03-24,110,229,232
2005-03-24,111,221,224
2005-03-24,112,,
2005-03-24,117,214,215
2005-03-24,118,203,204
2005-03-24,119,224,225
2005-03-24,120,222,223
2005-03-24,121,222,224
2005-03-24,122,220,222
2005-03-24,123,251,253
2005-03-24,124,251,253
2005-03-24,132,129,132
2005-03-24,133,,
2005-03-24,134,,
2005-03-24,135,135,137
2005-03-24,136,,
2005-03-24,137,142,147
2005-03-24,138,129,131
2005-03-24,139,124,125
2005-03-24,140,,
2005-03-24,141,,
2005-03-24,142,126,128
2005-03-24,143,149,151
2005-03-24,144,135,136
2005-03-24,145,130,132
2005-03-31,2,325,334
2005-03-31,4,311,320
2005-03-31,5,1100,1300
2005-03-31,7,302,310
2005-03-31,10,700,850
2005-03-31,11,425,434
2005-03-31,12,1550,1600
2005-03-31,13,190,192
2005-03-31,14,415,425
2005-03-31,15,730,780
2005-03-31,16,198,200
2005-03-31,17,387,397
2005-03-31,18,680,780
2005-03-31,19,,
2005-03-31,20,1120,1170
2005-03-31,21,,
2005-03-31,22,570,620
2005-03-31,23,,
2005-03-31,24,239,245
2005-03-31,25,380,410
2005-03-31,26,,
2005-03-31,27,295,306
2005-03-31,28,137,159
2005-03-31,29,129,131
2005-03-31,30,605,625
2005-03-31,32,151,160
2005-03-31,33,710,715
2005-03-31,34,162,170
2005-03-31,35,145,150
2005-03-31,37,157,160
2005-03-31,39,,
2005-03-31,40,220,225
2005-03-31,42,,
2005-03-31,43,230,235
2005-03-31,44,,
2005-03-31,45,162,170
2005-03-31,49,460,510
2005-03-31,51,460,500
2005-03-31,52,126,127
2005-03-31,53,370,400
2005-03-31,54,,
2005-03-31,55,340,380
2005-03-31,57,375,405
2005-03-31,58,,
2005-03-31,59,450,500
2005-03-31,60,,
2005-03-31,61,,
2005-03-31,62,188,190
2005-03-31,63,265,275
2005-03-31,64,129,131
2005-03-31,65,244,254
2005-03-31,66,,
2005-03-31,68,146,156
2005-03-31,69,,
2005-03-31,71,88,90
2005-03-31,72,131,133
2005-03-31,74,67,70
2005-03-31,75,135,137
2005-03-31,76,123,124
2005-03-31,77,135,136
2005-03-31,78,,
2005-03-31,79,124,125
2005-03-31,80,,
2005-03-31,81,144,146
2005-03-31,82,138,140
2005-03-31,83,127,130
2005-03-31,84,114,116
2005-03-31,85,132,135
2005-03-31,86,130,132
2005-03-31,87,81,82
2005-03-31,88,122,125
2005-03-31,89,85,86
2005-03-31,90,,
2005-03-31,91,101,104
2005-03-31,92,80,83
2005-03-31,93,85,87
2005-03-31,94,80,83
2005-03-31,95,,
2005-03-31,96,110,111
2005-03-31,97,,
2005-03-31,98,114,115
2005-03-31,99,,
2005-03-31,100,130,135
2005-03-31,101,111,112
2005-03-31,102,79,80
2005-03-31,103,95,98
2005-03-31,104,86,87
2005-03-31,106,96,98
2005-03-31,108,133,135
2005-03-31,109,222,224
2005-03-31,110,232,235
2005-03-31,111,224,227
2005-03-31,112,,
2005-03-31,117,219,220
2005-03-31,118,208,209
2005-03-31,119,229,230
2005-03-31,120,227,228
2005-03-31,121,229,231
2005-03-31,122,227,229
2005-03-31,123,261,263
2005-03-31,124,261,263
2005-03-31,132,129,132
2005-03-31,133,,
2005-03-31,134,,
2005-03-31,135,135,137
2005-03-31,136,,
2005-03-31,137,142,147
2005-03-31,138,129,131
2005-03-31,139,124,125
2005-03-31,140,,
2005-03-31,141,,
2005-03-31,142,126,128
2005-03-31,143,149,151
2005-03-31,144,135,136
2005-03-31,145,130,132
2005-04-07,2,325,334
2005-04-07,4,311,320
2005-04-07,5,1100,1300
2005-04-07,7,302,310
2005-04-07,10,700,850
2005-04-07,11,425,434
2005-04-07,12,1550,1600
2005-04-07,13,203,205
2005-04-07,14,415,425
2005-04-07,15,730,780
2005-04-07,16,203,205
2005-04-07,17,387,397
2005-04-07,18,680,780
2005-04-07,19,,
2005-04-07,20,1120,1170
2005-04-07,21,,
2005-04-07,22,570,620
2005-04-07,23,,
2005-04-07,24,239,245
2005-04-07,25,380,410
2005-04-07,26,,
2005-04-07,27,295,306
2005-04-07,28,137,159
2005-04-07,29,129,131
2005-04-07,30,605,625
2005-04-07,32,151,160
2005-04-07,33,710,715
2005-04-07,34,162,170
2005-04-07,35,145,150
2005-04-07,37,157,160
2005-04-07,39,,
2005-04-07,40,215,220
2005-04-07,42,,
2005-04-07,43,235,240
2005-04-07,44,,
2005-04-07,45,162,170
2005-04-07,49,450,500
2005-04-07,51,470,510
2005-04-07,52,126,127
2005-04-07,53,370,400
2005-04-07,54,,
2005-04-07,55,340,380
2005-04-07,57,375,405
2005-04-07,58,,
2005-04-07,59,450,500
2005-04-07,60,,
2005-04-07,61,,
2005-04-07,62,,
2005-04-07,63,265,275
2005-04-07,64,129,131
2005-04-07,65,244,254
2005-04-07,66,,
2005-04-07,68,146,156
2005-04-07,69,,
2005-04-07,71,88,90
2005-04-07,72,131,133
2005-04-07,74,67,70
2005-04-07,75,135,137
2005-04-07,76,123,124
2005-04-07,77,135,136
2005-04-07,78,,
2005-04-07,79,124,125
2005-04-07,80,,
2005-04-07,81,,
2005-04-07,82,138,140
2005-04-07,83,127,130
2005-04-07,84,114,116
2005-04-07,85,132,135
2005-04-07,86,130,132
2005-04-07,87,80,81
2005-04-07,88,122,125
2005-04-07,89,84,85
2005-04-07,90,,
2005-04-07,91,101,104
2005-04-07,92,80,83
2005-04-07,93,84,86
2005-04-07,94,80,83
2005-04-07,95,,
2005-04-07,96,109,110
2005-04-07,97,,
2005-04-07,98,113,114
2005-04-07,99,,
2005-04-07,100,129,134
2005-04-07,101,113,114
2005-04-07,102,78,79
2005-04-07,103,97,100
2005-04-07,104,85,86
2005-04-07,106,98,100
2005-04-07,108,132,134
2005-04-07,109,221,223
2005-04-07,110,231,234
2005-04-07,111,223,226
2005-04-07,112,,
2005-04-07,117,216,217
2005-04-07,118,205,206
2005-04-07,119,226,227
2005-04-07,120,224,225
2005-04-07,121,226,228
2005-04-07,122,224,226
2005-04-07,123,256,258
2005-04-07,124,256,258
2005-04-07,132,129,132
2005-04-07,133,,
2005-04-07,134,,
2005-04-07,135,135,137
2005-04-07,136,,
2005-04-07,137,142,147
2005-04-07,138,129,131
2005-04-07,139,124,125
2005-04-07,140,,
2005-04-07,141,,
2005-04-07,142,126,128
2005-04-07,143,149,151
2005-04-07,144,137,138
2005-04-07,145,131,133
2005-04-14,2,325,334
2005-04-14,4,311,320
2005-04-14,5,1100,1300
2005-04-14,7,302,310
2005-04-14,10,700,850
2005-04-14,11,425,434
2005-04-14,12,1550,1600
2005-04-14,13,203,205
2005-04-14,14,415,425
2005-04-14,15,730,780
2005-04-14,16,203,205
2005-04-14,17,387,397
2005-04-14,18,680,780
2005-04-14,19,,
2005-04-14,20,1120,1170
2005-04-14,21,,
2005-04-14,22,570,620
2005-04-14,23,,
2005-04-14,24,239,245
2005-04-14,25,380,410
2005-04-14,26,,
2005-04-14,27,295,306
2005-04-14,28,137,159
2005-04-14,29,129,131
2005-04-14,30,605,625
2005-04-14,32,151,160
2005-04-14,33,710,715
2005-04-14,34,162,170
2005-04-14,35,145,150
2005-04-14,37,157,160
2005-04-14,39,,
2005-04-14,40,215,220
2005-04-14,42,,
2005-04-14,43,235,240
2005-04-14,44,,
2005-04-14,45,162,170
2005-04-14,49,450,500
2005-04-14,51,470,510
2005-04-14,52,125,126
2005-04-14,53,370,400
2005-04-14,54,,
2005-04-14,55,340,380
2005-04-14,57,375,405
2005-04-14,58,,
2005-04-14,59,450,500
2005-04-14,60,,
2005-04-14,61,,
2005-04-14,62,,
2005-04-14,63,265,275
2005-04-14,64,129,131
2005-04-14,65,244,254
2005-04-14,66,,
2005-04-14,68,146,156
2005-04-14,69,,
2005-04-14,71,88,90
2005-04-14,72,131,133
2005-04-14,74,67,70
2005-04-14,75,135,137
2005-04-14,76,123,124
2005-04-14,77,135,136
2005-04-14,78,,
2005-04-14,79,124,125
2005-04-14,80,,
2005-04-14,81,,
2005-04-14,82,138,140
2005-04-14,83,127,130
2005-04-14,84,114,116
2005-04-14,85,132,135
2005-04-14,86,130,132
2005-04-14,87,80,81
2005-04-14,88,122,125
2005-04-14,89,84,85
2005-04-14,90,,
2005-04-14,91,104,107
2005-04-14,92,80,83
2005-04-14,93,80,82
2005-04-14,94,80,83
2005-04-14,95,,
2005-04-14,96,109,110
2005-04-14,97,,
2005-04-14,98,113,114
2005-04-14,99,,
2005-04-14,100,129,134
2005-04-14,101,113,114
2005-04-14,102,74,75
2005-04-14,103,97,100
2005-04-14,104,81,82
2005-04-14,106,100,102
2005-04-14,108,131,133
2005-04-14,109,220.5,222.5
2005-04-14,110,230.5,233.5
2005-04-14,111,222.5,225.5
2005-04-14,112,,
2005-04-14,117,216,217
2005-04-14,118,205,206
2005-04-14,119,226,227
2005-04-14,120,224,225
2005-04-14,121,226,228
2005-04-14,122,224,226
2005-04-14,123,256,258
2005-04-14,124,256,258
2005-04-14,132,128,131
2005-04-14,133,,
2005-04-14,134,,
2005-04-14,135,134,136
2005-04-14,136,,
2005-04-14,137,142,147
2005-04-14,138,129,131
2005-04-14,139,124,125
2005-04-14,140,,
2005-04-14,141,,
2005-04-14,142,126,128
2005-04-14,143,149,151
2005-04-14,144,137,138
2005-04-14,145,133,135
2005-04-21,2,325,334
2005-04-21,4,311,320
2005-04-21,5,1100,1300
2005-04-21,7,302,310
2005-04-21,10,700,850
2005-04-21,11,425,434
2005-04-21,12,1550,1600
2005-04-21,13,203,205
2005-04-21,14,415,425
2005-04-21,15,730,780
2005-04-21,16,203,205
2005-04-21,17,387,397
2005-04-21,18,680,780
2005-04-21,19,,
2005-04-21,20,1120,1170
2005-04-21,21,,
2005-04-21,22,570,620
2005-04-21,23,,
2005-04-21,24,239,245
2005-04-21,25,380,410
2005-04-21,26,,
2005-04-21,27,295,306
2005-04-21,28,137,159
2005-04-21,29,129,131
2005-04-21,30,605,625
2005-04-21,32,151,160
2005-04-21,33,710,715
2005-04-21,34,162,170
2005-04-21,35,145,150
2005-04-21,37,157,160
2005-04-21,39,,
2005-04-21,40,215,220
2005-04-21,42,,
2005-04-21,43,235,240
2005-04-21,44,,
2005-04-21,45,162,170
2005-04-21,49,450,500
2005-04-21,51,470,510
2005-04-21,52,124,125
2005-04-21,53,370,400
2005-04-21,54,,
2005-04-21,55,340,380
2005-04-21,57,375,405
2005-04-21,58,,
2005-04-21,59,450,500
2005-04-21,60,,
2005-04-21,61,,
2005-04-21,62,,
2005-04-21,63,265,275
2005-04-21,64,129,131
2005-04-21,65,244,254
2005-04-21,66,,
2005-04-21,68,146,156
2005-04-21,69,,
2005-04-21,71,88,90
2005-04-21,72,131,133
2005-04-21,74,67,70
2005-04-21,75,135,137
2005-04-21,76,124,125
2005-04-21,77,135,136
2005-04-21,78,,
2005-04-21,79,124,125
2005-04-21,80,,
2005-04-21,81,,
2005-04-21,82,,
2005-04-21,83,127,130
2005-04-21,84,114,116
2005-04-21,85,,
2005-04-21,86,,
2005-04-21,87,82,83
2005-04-21,88,,
2005-04-21,89,86,87
2005-04-21,90,,
2005-04-21,91,109,112
2005-04-21,92,80,83
2005-04-21,93,80,82
2005-04-21,94,80,83
2005-04-21,95,,
2005-04-21,96,109,110
2005-04-21,97,,
2005-04-21,98,113,114
2005-04-21,99,,
2005-04-21,100,129,134
2005-04-21,101,113,114
2005-04-21,102,74,75
2005-04-21,103,97,100
2005-04-21,104,81,82
2005-04-21,106,100,102
2005-04-21,108,131,133
2005-04-21,109,218.5,220.5
2005-04-21,110,225.5,228.5
2005-04-21,111,217.5,220.5
2005-04-21,112,,
2005-04-21,117,218,219
2005-04-21,118,209,210
2005-04-21,119,228,229
2005-04-21,120,226,227
2005-04-21,121,228,230
2005-04-21,122,226,228
2005-04-21,123,256,258
2005-04-21,124,256,258
2005-04-21,132,127,130
2005-04-21,133,,
2005-04-21,134,,
2005-04-21,135,133,135
2005-04-21,136,,
2005-04-21,137,141,146
2005-04-21,138,128,129
2005-04-21,139,124,125
2005-04-21,140,,
2005-04-21,141,,
2005-04-21,142,127,129
2005-04-21,143,149,151
2005-04-21,144,137,138
2005-04-21,145,133,135
2005-04-28,2,325,334
2005-04-28,4,311,320
2005-04-28,5,1100,1300
2005-04-28,7,302,310
2005-04-28,10,700,850
2005-04-28,11,425,434
2005-04-28,12,1550,1600
2005-04-28,13,203,205
2005-04-28,14,415,425
2005-04-28,15,730,780
2005-04-28,16,203,205
2005-04-28,17,387,397
2005-04-28,18,680,780
2005-04-28,19,,
2005-04-28,20,1120,1170
2005-04-28,21,,
2005-04-28,22,570,620
2005-04-28,23,,
2005-04-28,24,239,245
2005-04-28,25,380,410
2005-04-28,26,,
2005-04-28,27,295,306
2005-04-28,28,137,159
2005-04-28,29,129,131
2005-04-28,30,605,625
2005-04-28,32,151,160
2005-04-28,33,710,715
2005-04-28,34,162,170
2005-04-28,35,145,150
2005-04-28,37,157,160
2005-04-28,39,,
2005-04-28,40,215,220
2005-04-28,42,,
2005-04-28,43,235,240
2005-04-28,44,,
2005-04-28,45,162,170
2005-04-28,49,450,500
2005-04-28,51,470,510
2005-04-28,52,123,124
2005-04-28,53,370,400
2005-04-28,54,,
2005-04-28,55,340,380
2005-04-28,57,375,405
2005-04-28,58,,
2005-04-28,59,450,500
2005-04-28,60,,
2005-04-28,61,,
2005-04-28,62,,
2005-04-28,63,265,275
2005-04-28,64,129,131
2005-04-28,65,244,254
2005-04-28,66,,
2005-04-28,68,146,156
2005-04-28,69,,
2005-04-28,71,88,90
2005-04-28,72,129,131
2005-04-28,74,67,70
2005-04-28,75,133,135
2005-04-28,76,124,125
2005-04-28,77,134,135
2005-04-28,78,,
2005-04-28,79,124,125
2005-04-28,80,,
2005-04-28,81,,
2005-04-28,82,130,132
2005-04-28,83,126,129
2005-04-28,84,114,116
2005-04-28,85,,
2005-04-28,86,,
2005-04-28,87,84,85
2005-04-28,88,,
2005-04-28,89,88,89
2005-04-28,90,,
2005-04-28,91,109,112
2005-04-28,92,80,83
2005-04-28,93,80,82
2005-04-28,94,80,83
2005-04-28,95,,
2005-04-28,96,109,110
2005-04-28,97,,
2005-04-28,98,113,114
2005-04-28,99,,
2005-04-28,100,129,134
2005-04-28,101,113,114
2005-04-28,102,74,75
2005-04-28,103,97,100
2005-04-28,104,81,82
2005-04-28,106,100,102
2005-04-28,108,131,133
2005-04-28,109,218.5,220.5
2005-04-28,110,222.5,225.5
2005-04-28,111,214.5,217.5
2005-04-28,112,,
2005-04-28,117,218,219
2005-04-28,118,209,210
2005-04-28,119,228,229
2005-04-28,120,226,227
2005-04-28,121,228,230
2005-04-28,122,226,228
2005-04-28,123,256,258
2005-04-28,124,256,258
2005-04-28,132,127,130
2005-04-28,133,,
2005-04-28,134,,
2005-04-28,135,133,135
2005-04-28,136,,
2005-04-28,137,140,145
2005-04-28,138,127,128
2005-04-28,139,124,125
2005-04-28,140,,
2005-04-28,141,,
2005-04-28,142,127,129
2005-04-28,143,149,151
2005-04-28,144,137,138
2005-04-28,145,133,135
2005-05-05,2,321,330
2005-05-05,4,301,310
2005-05-05,5,1100,1300
2005-05-05,7,292,300
2005-05-05,10,700,850
2005-05-05,11,415,424
2005-05-05,12,1550,1600
2005-05-05,13,203,205
2005-05-05,14,405,415
2005-05-05,15,730,780
2005-05-05,16,203,205
2005-05-05,17,377,387
2005-05-05,18,680,780
2005-05-05,19,,
2005-05-05,20,1120,1170
2005-05-05,21,,
2005-05-05,22,570,620
2005-05-05,23,,
2005-05-05,24,239,245
2005-05-05,25,380,410
2005-05-05,26,,
2005-05-05,27,295,306
2005-05-05,28,137,159
2005-05-05,29,129,131
2005-05-05,30,605,625
2005-05-05,32,151,160
2005-05-05,33,710,715
2005-05-05,34,162,170
2005-05-05,35,155,160
2005-05-05,37,157,160
2005-05-05,39,,
2005-05-05,40,215,220
2005-05-05,42,,
2005-05-05,43,245,250
2005-05-05,44,,
2005-05-05,45,,
2005-05-05,49,450,500
2005-05-05,51,490,530
2005-05-05,52,122.5,123.5
2005-05-05,53,375,405
2005-05-05,54,,
2005-05-05,55,340,380
2005-05-05,57,375,405
2005-05-05,58,,
2005-05-05,59,450,500
2005-05-05,60,,
2005-05-05,61,,
2005-05-05,62,,
2005-05-05,63,255,265
2005-05-05,64,129,131
2005-05-05,65,234,244
2005-05-05,66,,
2005-05-05,68,146,156
2005-05-05,69,,
2005-05-05,71,88,90
2005-05-05,72,,
2005-05-05,74,67,70
2005-05-05,75,132,134
2005-05-05,76,122,123
2005-05-05,77,133,134
2005-05-05,78,,
2005-05-05,79,123,124
2005-05-05,80,,
2005-05-05,81,126,128
2005-05-05,82,122,124
2005-05-05,83,125,128
2005-05-05,84,112,114
2005-05-05,85,,
2005-05-05,86,,
2005-05-05,87,86,87
2005-05-05,88,130,132
2005-05-05,89,90,91
2005-05-05,90,,
2005-05-05,91,114,117
2005-05-05,92,80,83
2005-05-05,93,80,82
2005-05-05,94,80,83
2005-05-05,95,,
2005-05-05,96,111,112
2005-05-05,97,,
2005-05-05,98,115,116
2005-05-05,99,,
2005-05-05,100,134,139
2005-05-05,101,113,114
2005-05-05,102,74,75
2005-05-05,103,97,100
2005-05-05,104,81,82
2005-05-05,106,100,102
2005-05-05,108,134,136
2005-05-05,109,218.5,220.5
2005-05-05,110,222.5,225.5
2005-05-05,111,214.5,217.5
2005-05-05,112,,
2005-05-05,117,213,214
2005-05-05,118,204,205
2005-05-05,119,223,224
2005-05-05,120,221,222
2005-05-05,121,223,225
2005-05-05,122,221,223
2005-05-05,123,254,256
2005-05-05,124,254,256
2005-05-05,132,127,130
2005-05-05,133,,
2005-05-05,134,,
2005-05-05,135,133,135
2005-05-05,136,,
2005-05-05,137,140,145
2005-05-05,138,126,127
2005-05-05,139,123,124
2005-05-05,140,,
2005-05-05,141,,
2005-05-05,142,127,129
2005-05-05,143,148,150
2005-05-05,144,136,137
2005-05-05,145,131,133
2005-05-12,2,321,330
2005-05-12,4,301,310
2005-05-12,5,1100,1300
2005-05-12,7,292,300
2005-05-12,10,700,850
2005-05-12,11,415,424
2005-05-12,12,1550,1600
2005-05-12,13,198,200
2005-05-12,14,405,415
2005-05-12,15,730,780
2005-05-12,16,198,200
2005-05-12,17,377,387
2005-05-12,18,680,780
2005-05-12,19,,
2005-05-12,20,1120,1170
2005-05-12,21,,
2005-05-12,22,570,620
2005-05-12,23,,
2005-05-12,24,239,245
2005-05-12,25,380,410
2005-05-12,26,,
2005-05-12,27,295,306
2005-05-12,28,137,159
2005-05-12,29,129,131
2005-05-12,30,605,625
2005-05-12,32,151,160
2005-05-12,33,710,715
2005-05-12,34,162,170
2005-05-12,35,155,160
2005-05-12,37,157,160
2005-05-12,39,,
2005-05-12,40,220,225
2005-05-12,42,,
2005-05-12,43,250,255
2005-05-12,44,,
2005-05-12,45,,
2005-05-12,49,450,500
2005-05-12,51,490,530
2005-05-12,52,122,123
2005-05-12,53,375,405
2005-05-12,54,,
2005-05-12,55,340,380
2005-05-12,57,375,405
2005-05-12,58,,
2005-05-12,59,450,500
2005-05-12,60,,
2005-05-12,61,,
2005-05-12,62,,
2005-05-12,63,255,265
2005-05-12,64,129,131
2005-05-12,65,234,244
2005-05-12,66,,
2005-05-12,68,146,156
2005-05-12,69,,
2005-05-12,71,88,90
2005-05-12,72,,
2005-05-12,74,67,70
2005-05-12,75,130,132
2005-05-12,76,119,120
2005-05-12,77,131,132
2005-05-12,78,,
2005-05-12,79,123,124
2005-05-12,80,,
2005-05-12,81,126,128
2005-05-12,82,122,124
2005-05-12,83,125,128
2005-05-12,84,112,114
2005-05-12,85,,
2005-05-12,86,,
2005-05-12,87,89,90
2005-05-12,88,130,132
2005-05-12,89,93,94
2005-05-12,90,,
2005-05-12,91,117,120
2005-05-12,92,80,83
2005-05-12,93,81,83
2005-05-12,94,80,83
2005-05-12,95,,
2005-05-12,96,114,115
2005-05-12,97,,
2005-05-12,98,118,119
2005-05-12,99,,
2005-05-12,100,137,142
2005-05-12,101,113,114
2005-05-12,102,79,80
2005-05-12,103,97,100
2005-05-12,104,82,83
2005-05-12,106,100,102
2005-05-12,108,138,140
2005-05-12,109,218,220
2005-05-12,110,222,225
2005-05-12,111,214,217
2005-05-12,112,,
2005-05-12,117,217,218
2005-05-12,118,208,209
2005-05-12,119,227,228
2005-05-12,120,225,226
2005-05-12,121,227,229
2005-05-12,122,225,227
2005-05-12,123,258,260
2005-05-12,124,258,260
2005-05-12,132,127,130
2005-05-12,133,,
2005-05-12,134,,
2005-05-12,135,133,135
2005-05-12,136,,
2005-05-12,137,140,145
2005-05-12,138,126,127
2005-05-12,139,123,124
2005-05-12,140,,
2005-05-12,141,,
2005-05-12,142,127,129
2005-05-12,143,148,150
2005-05-12,144,133,134
2005-05-12,145,127,129
2005-05-19,2,321,330
2005-05-19,4,301,310
2005-05-19,5,1100,1300
2005-05-19,7,292,300
2005-05-19,10,700,850
2005-05-19,11,415,424
2005-05-19,12,1550,1600
2005-05-19,13,190,192
2005-05-19,14,405,415
2005-05-19,15,730,780
2005-05-19,16,198,200
2005-05-19,17,377,387
2005-05-19,18,680,780
2005-05-19,19,,
2005-05-19,20,1120,1170
2005-05-19,21,,
2005-05-19,22,570,620
2005-05-19,23,,
2005-05-19,24,239,245
2005-05-19,25,380,410
2005-05-19,26,,
2005-05-19,27,295,306
2005-05-19,28,137,159
2005-05-19,29,129,131
2005-05-19,30,610,630
2005-05-19,32,151,160
2005-05-19,33,710,715
2005-05-19,34,162,170
2005-05-19,35,155,160
2005-05-19,37,157,160
2005-05-19,39,,
2005-05-19,40,225,230
2005-05-19,42,,
2005-05-19,43,260,265
2005-05-19,44,,
2005-05-19,45,,
2005-05-19,49,450,500
2005-05-19,51,490,530
2005-05-19,52,122,123
2005-05-19,53,375,405
2005-05-19,54,,
2005-05-19,55,340,380
2005-05-19,57,375,405
2005-05-19,58,,
2005-05-19,59,450,500
2005-05-19,60,,
2005-05-19,61,,
2005-05-19,62,,
2005-05-19,63,255,265
2005-05-19,64,132,134
2005-05-19,65,229,239
2005-05-19,66,,
2005-05-19,68,146,156
2005-05-19,69,,
2005-05-19,71,88,90
2005-05-19,72,,
2005-05-19,74,67,70
2005-05-19,75,129,131
2005-05-19,76,119,120
2005-05-19,77,130,131
2005-05-19,78,,
2005-05-19,79,123,124
2005-05-19,80,,
2005-05-19,81,126,128
2005-05-19,82,122,124
2005-05-19,83,125,128
2005-05-19,84,112,114
2005-05-19,85,,
2005-05-19,86,,
2005-05-19,87,89,90
2005-05-19,88,130,132
2005-05-19,89,93,94
2005-05-19,90,,
2005-05-19,91,117,120
2005-05-19,92,80,83
2005-05-19,93,77,79
2005-05-19,94,80,83
2005-05-19,95,,
2005-05-19,96,114,115
2005-05-19,97,,
2005-05-19,98,118,119
2005-05-19,99,,
2005-05-19,100,137,142
2005-05-19,101,113,114
2005-05-19,102,77,78
2005-05-19,103,97,100
2005-05-19,104,78,79
2005-05-19,106,95,97
2005-05-19,108,141,143
2005-05-19,109,218,220
2005-05-19,110,222,225
2005-05-19,111,214,217
2005-05-19,112,,
2005-05-19,117,219,220
2005-05-19,118,210,211
2005-05-19,119,229,230
2005-05-19,120,227,228
2005-05-19,121,229,231
2005-05-19,122,227,229
2005-05-19,123,253,255
2005-05-19,124,253,255
2005-05-19,132,128,131
2005-05-19,133,,
2005-05-19,134,,
2005-05-19,135,134,136
2005-05-19,136,,
2005-05-19,137,140,145
2005-05-19,138,126,127
2005-05-19,139,123,124
2005-05-19,140,,
2005-05-19,141,,
2005-05-19,142,127,129
2005-05-19,143,148,150
2005-05-19,144,133,134
2005-05-19,145,127,129
2005-05-26,2,321,330
2005-05-26,4,301,310
2005-05-26,5,1100,1300
2005-05-26,7,292,300
2005-05-26,10,700,850
2005-05-26,11,415,424
2005-05-26,12,1550,1600
2005-05-26,13,186,188
2005-05-26,14,405,415
2005-05-26,15,730,780
2005-05-26,16,196,198
2005-05-26,17,377,387
2005-05-26,18,680,780
2005-05-26,19,,
2005-05-26,20,1120,1170
2005-05-26,21,,
2005-05-26,22,570,620
2005-05-26,23,,
2005-05-26,24,239,245
2005-05-26,25,380,410
2005-05-26,26,,
2005-05-26,27,295,306
2005-05-26,28,137,159
2005-05-26,29,129,131
2005-05-26,30,610,630
2005-05-26,32,151,160
2005-05-26,33,710,715
2005-05-26,34,162,170
2005-05-26,35,155,160
2005-05-26,37,157,160
2005-05-26,39,,
2005-05-26,40,225,230
2005-05-26,42,,
2005-05-26,43,260,265
2005-05-26,44,,
2005-05-26,45,,
2005-05-26,49,450,500
2005-05-26,51,490,530
2005-05-26,52,122.5,123.5
2005-05-26,53,375,405
2005-05-26,54,,
2005-05-26,55,340,380
2005-05-26,57,375,405
2005-05-26,58,,
2005-05-26,59,450,500
2005-05-26,60,,
2005-05-26,61,,
2005-05-26,62,,
2005-05-26,63,250,260
2005-05-26,64,132,134
2005-05-26,65,224,234
2005-05-26,66,,
2005-05-26,68,146,156
2005-05-26,69,,
2005-05-26,71,88,90
2005-05-26,72,,
2005-05-26,74,67,70
2005-05-26,75,129,131
2005-05-26,76,119,120
2005-05-26,77,130,131
2005-05-26,78,,
2005-05-26,79,123,124
2005-05-26,80,,
2005-05-26,81,124,126
2005-05-26,82,120,122
2005-05-26,83,125,128
2005-05-26,84,110,112
2005-05-26,85,,
2005-05-26,86,,
2005-05-26,87,75,76
2005-05-26,88,128,130
2005-05-26,89,79,80
2005-05-26,90,,
2005-05-26,91,112,115
2005-05-26,92,80,83
2005-05-26,93,70,72
2005-05-26,94,80,83
2005-05-26,95,,
2005-05-26,96,104,105
2005-05-26,97,,
2005-05-26,98,108,109
2005-05-26,99,,
2005-05-26,100,132,137
2005-05-26,101,113,114
2005-05-26,102,70,71
2005-05-26,103,97,100
2005-05-26,104,71,72
2005-05-26,106,85,87
2005-05-26,108,141,143
2005-05-26,109,222,224
2005-05-26,110,226,229
2005-05-26,111,221,224
2005-05-26,112,,
2005-05-26,117,229,230
2005-05-26,118,220,221
2005-05-26,119,239,240
2005-05-26,120,237,238
2005-05-26,121,239,241
2005-05-26,122,237,239
2005-05-26,123,263,265
2005-05-26,124,263,265
2005-05-26,132,131,134
2005-05-26,133,,
2005-05-26,134,,
2005-05-26,135,137,139
2005-05-26,136,,
2005-05-26,137,140,145
2005-05-26,138,126,127
2005-05-26,139,123,124
2005-05-26,140,,
2005-05-26,141,,
2005-05-26,142,127,129
2005-05-26,143,148,150
2005-05-26,144,131,132
2005-05-26,145,125,127
2005-06-01,2,321,330
2005-06-01,4,301,310
2005-06-01,5,1100,1300
2005-06-01,7,292,300
2005-06-01,10,700,850
2005-06-01,11,415,424
2005-06-01,12,1550,1600
2005-06-01,13,184,186
2005-06-01,14,405,415
2005-06-01,15,730,780
2005-06-01,16,196,198
2005-06-01,17,377,387
2005-06-01,18,680,780
2005-06-01,19,,
2005-06-01,20,1120,1170
2005-06-01,21,,
2005-06-01,22,570,620
2005-06-01,23,,
2005-06-01,24,239,245
2005-06-01,25,380,410
2005-06-01,26,,
2005-06-01,27,295,306
2005-06-01,28,137,159
2005-06-01,29,129,131
2005-06-01,30,620,640
2005-06-01,32,151,160
2005-06-01,33,720,725
2005-06-01,34,162,170
2005-06-01,35,155,160
2005-06-01,37,157,160
2005-06-01,39,,
2005-06-01,40,230,235
2005-06-01,42,,
2005-06-01,43,265,270
2005-06-01,44,,
2005-06-01,45,,
2005-06-01,49,450,500
2005-06-01,51,490,530
2005-06-01,52,124,125
2005-06-01,53,375,405
2005-06-01,54,,
2005-06-01,55,340,380
2005-06-01,57,375,405
2005-06-01,58,,
2005-06-01,59,450,500
2005-06-01,60,,
2005-06-01,61,,
2005-06-01,62,,
2005-06-01,63,250,260
2005-06-01,64,132,134
2005-06-01,65,224,234
2005-06-01,66,,
2005-06-01,68,146,156
2005-06-01,69,,
2005-06-01,71,88,90
2005-06-01,72,,
2005-06-01,74,67,70
2005-06-01,75,,
2005-06-01,76,119,120
2005-06-01,77,131,132
2005-06-01,78,,
2005-06-01,79,124,125
2005-06-01,80,,
2005-06-01,81,122,124
2005-06-01,82,118,120
2005-06-01,83,127,130
2005-06-01,84,108,110
2005-06-01,85,,
2005-06-01,86,,
2005-06-01,87,69,70
2005-06-01,88,126,128
2005-06-01,89,73,74
2005-06-01,90,,
2005-06-01,91,107,110
2005-06-01,92,77,80
2005-06-01,93,66,68
2005-06-01,94,77,80
2005-06-01,95,,
2005-06-01,96,98,99
2005-06-01,97,,
2005-06-01,98,102,103
2005-06-01,99,,
2005-06-01,100,126,131
2005-06-01,101,113,114
2005-06-01,102,66,67
2005-06-01,103,97,100
2005-06-01,104,67,68
2005-06-01,106,78,80
2005-06-01,108,138,140
2005-06-01,109,226,228
2005-06-01,110,233,236
2005-06-01,111,228,231
2005-06-01,112,,
2005-06-01,117,236,237
2005-06-01,118,227,228
2005-06-01,119,246,247
2005-06-01,120,244,245
2005-06-01,121,246,248
2005-06-01,122,244,246
2005-06-01,123,270,272
2005-06-01,124,270,272
2005-06-01,132,134,137
2005-06-01,133,,
2005-06-01,134,,
2005-06-01,135,140,142
2005-06-01,136,,
2005-06-01,137,,
2005-06-01,138,128,129
2005-06-01,139,125,126
2005-06-01,140,,
2005-06-01,141,,
2005-06-01,142,128,130
2005-06-01,143,150,152
2005-06-01,144,130,131
2005-06-01,145,124,126
2005-06-09,2,321,330
2005-06-09,4,301,310
2005-06-09,5,1100,1300
2005-06-09,7,292,300
2005-06-09,10,700,850
2005-06-09,11,415,424
2005-06-09,12,1550,1600
2005-06-09,13,184,186
2005-06-09,14,405,415
2005-06-09,15,730,780
2005-06-09,16,196,198
2005-06-09,17,377,387
2005-06-09,18,680,780
2005-06-09,19,,
2005-06-09,20,1120,1170
2005-06-09,21,,
2005-06-09,22,570,620
2005-06-09,23,,
2005-06-09,24,239,245
2005-06-09,25,380,410
2005-06-09,26,,
2005-06-09,27,295,306
2005-06-09,28,137,159
2005-06-09,29,131,133
2005-06-09,30,625,645
2005-06-09,32,,
2005-06-09,33,725,730
2005-06-09,34,,
2005-06-09,35,,
2005-06-09,37,157,160
2005-06-09,39,,
2005-06-09,40,240,245
2005-06-09,42,,
2005-06-09,43,265,270
2005-06-09,44,,
2005-06-09,45,,
2005-06-09,49,450,500
2005-06-09,51,490,530
2005-06-09,52,126,127
2005-06-09,53,375,405
2005-06-09,54,,
2005-06-09,55,340,380
2005-06-09,57,375,405
2005-06-09,58,,
2005-06-09,59,450,500
2005-06-09,60,,
2005-06-09,61,,
2005-06-09,62,,
2005-06-09,63,250,260
2005-06-09,64,132,134
2005-06-09,65,224,234
2005-06-09,66,,
2005-06-09,68,146,156
2005-06-09,69,,
2005-06-09,71,83,85
2005-06-09,72,,
2005-06-09,74,62,65
2005-06-09,75,,
2005-06-09,76,119,120
2005-06-09,77,131,132
2005-06-09,78,,
2005-06-09,79,,
2005-06-09,80,,
2005-06-09,81,120,122
2005-06-09,82,116,118
2005-06-09,83,129,132
2005-06-09,84,107,109
2005-06-09,85,,
2005-06-09,86,128,130
2005-06-09,87,67,68
2005-06-09,88,124,126
2005-06-09,89,71,72
2005-06-09,90,,
2005-06-09,91,103,106
2005-06-09,92,77,80
2005-06-09,93,66,68
2005-06-09,94,77,80
2005-06-09,95,,
2005-06-09,96,96,97
2005-06-09,97,,
2005-06-09,98,100,101
2005-06-09,99,,
2005-06-09,100,124,129
2005-06-09,101,113,114
2005-06-09,102,64,65
2005-06-09,103,97,100
2005-06-09,104,67,68
2005-06-09,106,78,80
2005-06-09,108,135,137
2005-06-09,109,226,228
2005-06-09,110,233,236
2005-06-09,111,228,231
2005-06-09,112,,
2005-06-09,117,232,233
2005-06-09,118,223,224
2005-06-09,119,242,243
2005-06-09,120,240,241
2005-06-09,121,242,244
2005-06-09,122,240,242
2005-06-09,123,266,268
2005-06-09,124,266,268
2005-06-09,132,,
2005-06-09,133,,
2005-06-09,134,,
2005-06-09,135,143,145
2005-06-09,136,,
2005-06-09,137,,
2005-06-09,138,,
2005-06-09,139,,
2005-06-09,140,,
2005-06-09,141,,
2005-06-09,142,128,130
2005-06-09,143,152,154
2005-06-09,144,129,130
2005-06-09,145,123,125
2005-06-16,2,321,330
2005-06-16,4,301,310
2005-06-16,5,1100,1300
2005-06-16,7,292,300
2005-06-16,10,700,850
2005-06-16,11,415,424
2005-06-16,12,1550,1600
2005-06-16,13,184,186
2005-06-16,14,405,415
2005-06-16,15,730,780
2005-06-16,16,196,198
2005-06-16,17,377,387
2005-06-16,18,680,780
2005-06-16,19,,
2005-06-16,20,1120,1170
2005-06-16,21,,
2005-06-16,22,570,620
2005-06-16,23,,
2005-06-16,24,239,245
2005-06-16,25,380,410
2005-06-16,26,,
2005-06-16,27,295,306
2005-06-16,28,137,159
2005-06-16,29,131,133
2005-06-16,30,635,655
2005-06-16,32,,
2005-06-16,33,735,740
2005-06-16,34,,
2005-06-16,35,,
2005-06-16,37,157,160
2005-06-16,39,,
2005-06-16,40,240,245
2005-06-16,42,,
2005-06-16,43,265,270
2005-06-16,44,,
2005-06-16,45,,
2005-06-16,49,450,500
2005-06-16,51,490,530
2005-06-16,52,127,128
2005-06-16,53,375,405
2005-06-16,54,,
2005-06-16,55,340,380
2005-06-16,57,375,405
2005-06-16,58,,
2005-06-16,59,450,500
2005-06-16,60,,
2005-06-16,61,,
2005-06-16,62,,
2005-06-16,63,250,260
2005-06-16,64,,
2005-06-16,65,224,234
2005-06-16,66,,
2005-06-16,68,146,156
2005-06-16,69,,
2005-06-16,71,80,82
2005-06-16,72,,
2005-06-16,74,59,62
2005-06-16,75,,
2005-06-16,76,119,120
2005-06-16,77,131,132
2005-06-16,78,,
2005-06-16,79,,
2005-06-16,80,,
2005-06-16,81,119,121
2005-06-16,82,114,116
2005-06-16,83,129,132
2005-06-16,84,107,109
2005-06-16,85,,
2005-06-16,86,128,130
2005-06-16,87,72,73
2005-06-16,88,122,124
2005-06-16,89,76,77
2005-06-16,90,,
2005-06-16,91,108,111
2005-06-16,92,77,80
2005-06-16,93,71,73
2005-06-16,94,77,80
2005-06-16,95,,
2005-06-16,96,101,102
2005-06-16,97,,
2005-06-16,98,105,106
2005-06-16,99,,
2005-06-16,100,129,134
2005-06-16,101,113,114
2005-06-16,102,69,70
2005-06-16,103,97,100
2005-06-16,104,72,73
2005-06-16,106,82,84
2005-06-16,108,135,137
2005-06-16,109,233,235
2005-06-16,110,240,243
2005-06-16,111,235,238
2005-06-16,112,,
2005-06-16,117,240,241
2005-06-16,118,231,232
2005-06-16,119,250,251
2005-06-16,120,248,249
2005-06-16,121,250,252
2005-06-16,122,248,250
2005-06-16,123,274,276
2005-06-16,124,274,276
2005-06-16,132,,
2005-06-16,133,,
2005-06-16,134,,
2005-06-16,135,,
2005-06-16,136,,
2005-06-16,137,,
2005-06-16,138,,
2005-06-16,139,,
2005-06-16,140,,
2005-06-16,141,,
2005-06-16,142,128,130
2005-06-16,143,152,154
2005-06-16,144,127,128
2005-06-16,145,121,123
2005-06-23,2,321,330
2005-06-23,4,301,310
2005-06-23,5,1100,1300
2005-06-23,7,292,300
2005-06-23,10,700,850
2005-06-23,11,415,424
2005-06-23,12,1550,1600
2005-06-23,13,186,188
2005-06-23,14,405,415
2005-06-23,15,730,780
2005-06-23,16,,
2005-06-23,17,377,387
2005-06-23,18,680,780
2005-06-23,19,,
2005-06-23,20,1120,1170
2005-06-23,21,,
2005-06-23,22,570,620
2005-06-23,23,,
2005-06-23,24,239,245
2005-06-23,25,380,410
2005-06-23,26,,
2005-06-23,27,295,306
2005-06-23,28,137,159
2005-06-23,29,131,133
2005-06-23,30,635,655
2005-06-23,32,,
2005-06-23,33,740,745
2005-06-23,34,,
2005-06-23,35,,
2005-06-23,37,157,160
2005-06-23,39,,
2005-06-23,40,240,245
2005-06-23,42,,
2005-06-23,43,265,270
2005-06-23,44,,
2005-06-23,45,,
2005-06-23,49,450,500
2005-06-23,51,490,530
2005-06-23,52,132,133
2005-06-23,53,375,405
2005-06-23,54,,
2005-06-23,55,340,380
2005-06-23,57,375,405
2005-06-23,58,,
2005-06-23,59,450,500
2005-06-23,60,,
2005-06-23,61,,
2005-06-23,62,,
2005-06-23,63,250,260
2005-06-23,64,,
2005-06-23,65,224,234
2005-06-23,66,,
2005-06-23,68,146,156
2005-06-23,71,80,82
2005-06-23,74,59,62
2005-06-23,76,119,120
2005-06-23,77,131,132
2005-06-23,78,,
2005-06-23,79,,
2005-06-23,80,,
2005-06-23,81,121,123
2005-06-23,82,115,117
2005-06-23,83,,
2005-06-23,84,108,110
2005-06-23,85,,
2005-06-23,86,128,130
2005-06-23,87,71,72
2005-06-23,88,122,124
2005-06-23,89,75,76
2005-06-23,90,,
2005-06-23,91,111,114
2005-06-23,92,77,80
2005-06-23,93,78,80
2005-06-23,94,77,80
2005-06-23,95,,
2005-06-23,96,101,102
2005-06-23,97,,
2005-06-23,98,105,106
2005-06-23,99,,
2005-06-23,100,129,134
2005-06-23,101,113,114
2005-06-23,102,69,70
2005-06-23,103,97,100
2005-06-23,104,79,80
2005-06-23,106,88,90
2005-06-23,108,135,137
2005-06-23,109,240,242
2005-06-23,110,247,250
2005-06-23,111,242,245
2005-06-23,112,,
2005-06-23,117,240,241
2005-06-23,118,231,232
2005-06-23,119,250,251
2005-06-23,120,248,249
2005-06-23,121,250,252
2005-06-23,122,248,250
2005-06-23,123,274,276
2005-06-23,124,274,276
2005-06-23,132,,
2005-06-23,133,,
2005-06-23,134,,
2005-06-23,135,,
2005-06-23,136,,
2005-06-23,142,128,130
2005-06-23,143,157,159
2005-06-23,144,127,128
2005-06-23,145,121,123
2005-06-23,146,,
2005-06-23,147,,
2005-06-23,148,,
2005-06-23,149,,
2005-06-23,150,,
2005-06-23,151,122,123
2005-06-23,152,124,126
2005-06-30,2,321,330
2005-06-30,4,301,310
2005-06-30,5,1100,1300
2005-06-30,7,292,300
2005-06-30,10,700,850
2005-06-30,11,415,424
2005-06-30,12,1550,1600
2005-06-30,13,186,188
2005-06-30,14,405,415
2005-06-30,15,730,780
2005-06-30,16,,
2005-06-30,17,377,387
2005-06-30,18,680,780
2005-06-30,19,,
2005-06-30,20,1120,1170
2005-06-30,21,,
2005-06-30,22,570,620
2005-06-30,23,,
2005-06-30,24,239,245
2005-06-30,25,380,410
2005-06-30,26,,
2005-06-30,27,295,306
2005-06-30,28,137,159
2005-06-30,29,131,133
2005-06-30,30,640,660
2005-06-30,32,,
2005-06-30,33,745,750
2005-06-30,34,,
2005-06-30,35,,
2005-06-30,37,162,165
2005-06-30,39,,
2005-06-30,40,240,245
2005-06-30,42,,
2005-06-30,43,265,270
2005-06-30,44,,
2005-06-30,45,,
2005-06-30,49,450,500
2005-06-30,51,490,530
2005-06-30,52,139,140
2005-06-30,53,375,405
2005-06-30,54,,
2005-06-30,55,340,380
2005-06-30,57,375,405
2005-06-30,58,,
2005-06-30,59,450,500
2005-06-30,60,,
2005-06-30,61,,
2005-06-30,62,,
2005-06-30,63,250,260
2005-06-30,64,,
2005-06-30,65,224,234
2005-06-30,66,,
2005-06-30,68,146,156
2005-06-30,71,80,82
2005-06-30,74,59,62
2005-06-30,76,119,120
2005-06-30,77,131,132
2005-06-30,78,,
2005-06-30,79,,
2005-06-30,80,,
2005-06-30,81,125,127
2005-06-30,82,119,121
2005-06-30,83,,
2005-06-30,84,114,116
2005-06-30,85,,
2005-06-30,86,133,135
2005-06-30,87,60,61
2005-06-30,88,125,127
2005-06-30,89,64,65
2005-06-30,90,,
2005-06-30,91,111,114
2005-06-30,92,77,80
2005-06-30,93,78,80
2005-06-30,94,77,80
2005-06-30,95,,
2005-06-30,96,91,92
2005-06-30,97,,
2005-06-30,98,95,96
2005-06-30,99,,
2005-06-30,100,129,134
2005-06-30,101,113,114
2005-06-30,102,59,60
2005-06-30,103,97,100
2005-06-30,104,79,80
2005-06-30,106,88,90
2005-06-30,108,135,137
2005-06-30,109,,
2005-06-30,110,241,244
2005-06-30,111,236,239
2005-06-30,112,,
2005-06-30,117,234,235
2005-06-30,118,225,226
2005-06-30,119,244,245
2005-06-30,120,242,243
2005-06-30,121,244,246
2005-06-30,122,242,244
2005-06-30,123,268,270
2005-06-30,124,268,270
2005-06-30,132,,
2005-06-30,133,,
2005-06-30,134,,
2005-06-30,135,,
2005-06-30,136,,
2005-06-30,139,121,122
2005-06-30,140,,
2005-06-30,141,,
2005-06-30,142,128,130
2005-06-30,143,162,164
2005-06-30,144,126,127
2005-06-30,145,121,123
2005-06-30,150,,
2005-06-30,151,122,123
2005-06-30,152,124,126
2005-06-30,153,,
2005-06-30,154,124,125
2005-07-07,2,321,330
2005-07-07,4,301,310
2005-07-07,5,1050,1150
2005-07-07,7,292,300
2005-07-07,10,650,800
2005-07-07,11,415,424
2005-07-07,12,1450,1500
2005-07-07,13,186,188
2005-07-07,14,405,415
2005-07-07,15,680,730
2005-07-07,16,,
2005-07-07,17,377,387
2005-07-07,18,700,800
2005-07-07,19,,
2005-07-07,20,1120,1170
2005-07-07,21,,
2005-07-07,22,520,570
2005-07-07,23,,
2005-07-07,24,239,245
2005-07-07,25,350,380
2005-07-07,26,,
2005-07-07,27,295,306
2005-07-07,28,,
2005-07-07,29,,
2005-07-07,30,645,665
2005-07-07,32,,
2005-07-07,33,750,755
2005-07-07,34,,
2005-07-07,35,,
2005-07-07,37,,
2005-07-07,39,,
2005-07-07,40,240,245
2005-07-07,42,,
2005-07-07,43,,
2005-07-07,44,,
2005-07-07,45,,
2005-07-07,49,450,500
2005-07-07,51,490,530
2005-07-07,52,131,132
2005-07-07,53,375,405
2005-07-07,54,,
2005-07-07,55,340,380
2005-07-07,57,375,405
2005-07-07,58,,
2005-07-07,59,450,500
2005-07-07,60,,
2005-07-07,61,,
2005-07-07,62,143,146
2005-07-07,63,250,260
2005-07-07,64,,
2005-07-07,65,224,234
2005-07-07,66,,
2005-07-07,68,146,156
2005-07-07,71,80,82
2005-07-07,74,59,62
2005-07-07,76,119,120
2005-07-07,77,131,132
2005-07-07,78,,
2005-07-07,79,,
2005-07-07,80,,
2005-07-07,81,125,127
2005-07-07,82,119,121
2005-07-07,83,,
2005-07-07,84,114,116
2005-07-07,85,,
2005-07-07,86,133,135
2005-07-07,87,55,56
2005-07-07,88,125,127
2005-07-07,89,59,60
2005-07-07,90,,
2005-07-07,91,107,110
2005-07-07,92,79,82
2005-07-07,93,73,75
2005-07-07,94,79,82
2005-07-07,95,,
2005-07-07,96,86,87
2005-07-07,97,,
2005-07-07,98,90,91
2005-07-07,99,,
2005-07-07,100,124,129
2005-07-07,101,113,114
2005-07-07,102,54,55
2005-07-07,103,97,100
2005-07-07,104,74,75
2005-07-07,106,88,90
2005-07-07,108,133,135
2005-07-07,109,,
2005-07-07,110,239,242
2005-07-07,111,234,237
2005-07-07,112,,
2005-07-07,117,234,235
2005-07-07,118,225,226
2005-07-07,119,244,245
2005-07-07,120,242,243
2005-07-07,121,244,246
2005-07-07,122,242,244
2005-07-07,123,268,270
2005-07-07,124,268,270
2005-07-07,132,140,144
2005-07-07,133,,
2005-07-07,134,,
2005-07-07,135,150,155
2005-07-07,136,,
2005-07-07,139,121,122
2005-07-07,140,,
2005-07-07,141,,
2005-07-07,142,,
2005-07-07,143,158,160
2005-07-07,144,122,123
2005-07-07,145,119,121
2005-07-07,150,118,120
2005-07-07,151,122,123
2005-07-07,152,124,126
2005-07-07,153,,
2005-07-07,154,124,125
2005-07-14,2,321,330
2005-07-14,4,301,310
2005-07-14,5,1050,1150
2005-07-14,7,292,300
2005-07-14,10,650,800
2005-07-14,11,415,424
2005-07-14,12,1450,1500
2005-07-14,13,186,188
2005-07-14,14,405,415
2005-07-14,15,680,730
2005-07-14,16,,
2005-07-14,17,377,387
2005-07-14,18,700,800
2005-07-14,19,,
2005-07-14,20,1120,1170
2005-07-14,21,,
2005-07-14,22,520,570
2005-07-14,23,,
2005-07-14,24,239,245
2005-07-14,25,350,380
2005-07-14,26,,
2005-07-14,27,295,306
2005-07-14,28,,
2005-07-14,29,,
2005-07-14,30,655,675
2005-07-14,32,,
2005-07-14,33,760,765
2005-07-14,34,,
2005-07-14,35,143,146
2005-07-14,37,,
2005-07-14,39,,
2005-07-14,40,240,245
2005-07-14,42,,
2005-07-14,43,,
2005-07-14,44,,
2005-07-14,45,,
2005-07-14,49,450,500
2005-07-14,51,490,530
2005-07-14,52,130,131
2005-07-14,53,375,405
2005-07-14,54,,
2005-07-14,55,340,380
2005-07-14,57,375,405
2005-07-14,58,,
2005-07-14,59,450,500
2005-07-14,60,,
2005-07-14,61,,
2005-07-14,62,143,146
2005-07-14,63,250,260
2005-07-14,64,,
2005-07-14,65,224,234
2005-07-14,66,,
2005-07-14,68,146,156
2005-07-14,71,80,82
2005-07-14,74,59,62
2005-07-14,76,121,122
2005-07-14,77,127,128
2005-07-14,78,,
2005-07-14,79,,
2005-07-14,80,,
2005-07-14,81,125,127
2005-07-14,82,119,121
2005-07-14,83,,
2005-07-14,84,114,116
2005-07-14,85,,
2005-07-14,86,135,137
2005-07-14,87,55,56
2005-07-14,88,125,127
2005-07-14,89,59,60
2005-07-14,90,,
2005-07-14,91,107,110
2005-07-14,92,79,82
2005-07-14,93,68,70
2005-07-14,94,79,82
2005-07-14,95,,
2005-07-14,96,86,87
2005-07-14,97,,
2005-07-14,98,90,91
2005-07-14,99,,
2005-07-14,100,124,129
2005-07-14,101,113,114
2005-07-14,102,54,55
2005-07-14,103,97,100
2005-07-14,104,69,70
2005-07-14,106,88,90
2005-07-14,108,128,130
2005-07-14,109,,
2005-07-14,110,244,247
2005-07-14,111,239,242
2005-07-14,112,,
2005-07-14,117,244,245
2005-07-14,118,235,236
2005-07-14,119,254,255
2005-07-14,120,252,253
2005-07-14,121,254,256
2005-07-14,122,252,254
2005-07-14,123,271,273
2005-07-14,124,271,273
2005-07-14,132,145,149
2005-07-14,133,,
2005-07-14,134,,
2005-07-14,135,155,160
2005-07-14,136,,
2005-07-14,139,120.5,121.5
2005-07-14,140,,
2005-07-14,141,,
2005-07-14,142,,
2005-07-14,143,158,160
2005-07-14,144,120,121
2005-07-14,145,117,119
2005-07-14,150,118,120
2005-07-14,151,122,123
2005-07-14,152,124,126
2005-07-14,153,,
2005-07-14,154,123.5,124.5
2005-07-21,2,321,330
2005-07-21,4,301,310
2005-07-21,5,1050,1150
2005-07-21,7,292,300
2005-07-21,10,650,800
2005-07-21,11,415,424
2005-07-21,12,1450,1500
2005-07-21,13,186,188
2005-07-21,14,405,415
2005-07-21,15,680,730
2005-07-21,16,,
2005-07-21,17,377,387
2005-07-21,18,700,800
2005-07-21,19,,
2005-07-21,20,1120,1170
2005-07-21,21,,
2005-07-21,22,520,570
2005-07-21,23,,
2005-07-21,24,239,245
2005-07-21,25,350,380
2005-07-21,26,,
2005-07-21,27,295,306
2005-07-21,28,,
2005-07-21,29,,
2005-07-21,30,655,675
2005-07-21,32,143,148
2005-07-21,33,760,765
2005-07-21,34,176,181
2005-07-21,35,143,146
2005-07-21,37,,
2005-07-21,39,,
2005-07-21,40,,
2005-07-21,42,,
2005-07-21,43,,
2005-07-21,44,,
2005-07-21,45,,
2005-07-21,49,450,500
2005-07-21,51,490,530
2005-07-21,52,133.5,134.5
2005-07-21,53,375,405
2005-07-21,54,,
2005-07-21,55,340,380
2005-07-21,57,375,405
2005-07-21,58,,
2005-07-21,59,450,500
2005-07-21,60,,
2005-07-21,61,,
2005-07-21,62,143,146
2005-07-21,63,250,260
2005-07-21,64,,
2005-07-21,65,224,234
2005-07-21,66,,
2005-07-21,68,146,156
2005-07-21,71,80,82
2005-07-21,74,59,62
2005-07-21,76,121,122
2005-07-21,77,127,128
2005-07-21,78,,
2005-07-21,79,,
2005-07-21,80,,
2005-07-21,81,125,127
2005-07-21,82,119,121
2005-07-21,83,,
2005-07-21,84,114,116
2005-07-21,85,,
2005-07-21,86,135,137
2005-07-21,87,60,61
2005-07-21,88,125,127
2005-07-21,89,64,65
2005-07-21,90,,
2005-07-21,91,107,110
2005-07-21,92,79,82
2005-07-21,93,73,75
2005-07-21,94,79,82
2005-07-21,95,,
2005-07-21,96,91,92
2005-07-21,97,,
2005-07-21,98,95,96
2005-07-21,99,,
2005-07-21,100,124,129
2005-07-21,101,113,114
2005-07-21,102,59,60
2005-07-21,103,97,100
2005-07-21,104,74,75
2005-07-21,106,92,94
2005-07-21,108,126,128
2005-07-21,109,,
2005-07-21,110,244,247
2005-07-21,111,239,242
2005-07-21,112,,
2005-07-21,117,239,240
2005-07-21,118,230,231
2005-07-21,119,249,250
2005-07-21,120,247,248
2005-07-21,121,249,251
2005-07-21,122,247,249
2005-07-21,123,266,268
2005-07-21,124,266,268
2005-07-21,132,146,150
2005-07-21,133,,
2005-07-21,134,,
2005-07-21,135,155,160
2005-07-21,136,,
2005-07-21,139,120,121
2005-07-21,140,,
2005-07-21,141,,
2005-07-21,142,,
2005-07-21,143,162,164
2005-07-21,144,120,121
2005-07-21,145,117,119
2005-07-21,150,118,120
2005-07-21,151,122,123
2005-07-21,152,124,126
2005-07-21,153,,
2005-07-21,154,123,124
2005-07-28,2,321,330
2005-07-28,4,301,310
2005-07-28,5,1050,1150
2005-07-28,7,292,300
2005-07-28,10,650,800
2005-07-28,11,415,424
2005-07-28,12,1450,1500
2005-07-28,13,186,188
2005-07-28,14,405,415
2005-07-28,15,680,730
2005-07-28,16,,
2005-07-28,17,377,387
2005-07-28,18,700,800
2005-07-28,19,,
2005-07-28,20,1120,1170
2005-07-28,21,,
2005-07-28,22,520,570
2005-07-28,23,,
2005-07-28,24,239,245
2005-07-28,25,350,380
2005-07-28,26,,
2005-07-28,27,295,306
2005-07-28,28,,
2005-07-28,29,,
2005-07-28,30,665,685
2005-07-28,32,143,148
2005-07-28,33,765,770
2005-07-28,34,176,181
2005-07-28,35,143,146
2005-07-28,37,,
2005-07-28,39,,
2005-07-28,40,,
2005-07-28,42,,
2005-07-28,43,,
2005-07-28,44,,
2005-07-28,45,,
2005-07-28,49,450,500
2005-07-28,51,490,530
2005-07-28,52,142,143
2005-07-28,53,375,405
2005-07-28,54,,
2005-07-28,55,340,380
2005-07-28,57,375,405
2005-07-28,58,,
2005-07-28,59,450,500
2005-07-28,60,,
2005-07-28,61,,
2005-07-28,62,143,146
2005-07-28,63,250,260
2005-07-28,64,,
2005-07-28,65,234,244
2005-07-28,66,,
2005-07-28,68,150,160
2005-07-28,71,84,86
2005-07-28,74,61,64
2005-07-28,76,121,122
2005-07-28,77,127,128
2005-07-28,78,,
2005-07-28,79,,
2005-07-28,80,,
2005-07-28,81,125,127
2005-07-28,82,119,121
2005-07-28,83,,
2005-07-28,84,114,116
2005-07-28,85,,
2005-07-28,86,135,137
2005-07-28,87,72,73
2005-07-28,88,125,127
2005-07-28,89,76,77
2005-07-28,90,,
2005-07-28,91,111,114
2005-07-28,92,79,82
2005-07-28,93,83,85
2005-07-28,94,79,82
2005-07-28,95,,
2005-07-28,96,103,104
2005-07-28,97,,
2005-07-28,98,107,108
2005-07-28,99,,
2005-07-28,100,128,133
2005-07-28,101,113,114
2005-07-28,102,69,70
2005-07-28,103,97,100
2005-07-28,104,84,85
2005-07-28,106,98,100
2005-07-28,108,124,126
2005-07-28,109,,
2005-07-28,110,244,247
2005-07-28,111,239,242
2005-07-28,112,,
2005-07-28,117,241,242
2005-07-28,118,232,233
2005-07-28,119,251,252
2005-07-28,120,249,250
2005-07-28,121,251,253
2005-07-28,122,249,251
2005-07-28,123,268,270
2005-07-28,124,268,270
2005-07-28,132,146,150
2005-07-28,133,,
2005-07-28,134,,
2005-07-28,135,155,160
2005-07-28,136,,
2005-07-28,138,123,125
2005-07-28,139,120,121
2005-07-28,140,,
2005-07-28,141,,
2005-07-28,142,,
2005-07-28,143,170,172
2005-07-28,144,118,119
2005-07-28,145,116,118
2005-07-28,150,118,120
2005-07-28,151,122,123
2005-07-28,152,124,126
2005-07-28,155,139,143
2005-08-04,2,321,330
2005-08-04,4,301,310
2005-08-04,5,,
2005-08-04,7,292,300
2005-08-04,10,,
2005-08-04,11,415,424
2005-08-04,12,,
2005-08-04,13,186,188
2005-08-04,14,405,415
2005-08-04,15,,
2005-08-04,16,,
2005-08-04,17,377,387
2005-08-04,18,,
2005-08-04,19,,
2005-08-04,20,,
2005-08-04,21,,
2005-08-04,22,,
2005-08-04,23,,
2005-08-04,24,239,245
2005-08-04,25,,
2005-08-04,26,,
2005-08-04,27,295,306
2005-08-04,28,,
2005-08-04,29,,
2005-08-04,30,665,685
2005-08-04,32,143,148
2005-08-04,33,765,770
2005-08-04,34,176,181
2005-08-04,35,143,146
2005-08-04,37,,
2005-08-04,39,,
2005-08-04,40,,
2005-08-04,42,,
2005-08-04,43,,
2005-08-04,44,,
2005-08-04,45,,
2005-08-04,49,450,500
2005-08-04,51,490,530
2005-08-04,52,137,138
2005-08-04,53,375,405
2005-08-04,54,,
2005-08-04,55,340,380
2005-08-04,57,375,405
2005-08-04,58,,
2005-08-04,59,450,500
2005-08-04,60,,
2005-08-04,61,,
2005-08-04,62,143,146
2005-08-04,63,250,260
2005-08-04,64,,
2005-08-04,65,234,244
2005-08-04,66,,
2005-08-04,68,150,160
2005-08-04,71,84,86
2005-08-04,74,61,64
2005-08-04,76,124,125
2005-08-04,77,127,128
2005-08-04,78,,
2005-08-04,79,,
2005-08-04,80,,
2005-08-04,81,125,127
2005-08-04,82,119,121
2005-08-04,83,,
2005-08-04,84,114,116
2005-08-04,85,,
2005-08-04,86,135,137
2005-08-04,87,84,85
2005-08-04,88,125,127
2005-08-04,89,88,89
2005-08-04,90,,
2005-08-04,91,116,119
2005-08-04,92,79,82
2005-08-04,93,95,97
2005-08-04,94,79,82
2005-08-04,95,,
2005-08-04,96,115,116
2005-08-04,97,,
2005-08-04,98,119,120
2005-08-04,99,,
2005-08-04,100,133,138
2005-08-04,101,113,114
2005-08-04,102,81,82
2005-08-04,103,97,100
2005-08-04,104,96,97
2005-08-04,106,103,105
2005-08-04,108,124,126
2005-08-04,109,,
2005-08-04,110,241,244
2005-08-04,111,236,239
2005-08-04,112,,
2005-08-04,117,238,239
2005-08-04,118,229,230
2005-08-04,119,248,249
2005-08-04,120,246,247
2005-08-04,121,248,250
2005-08-04,122,246,248
2005-08-04,123,265,267
2005-08-04,124,265,267
2005-08-04,132,146,150
2005-08-04,133,,
2005-08-04,134,,
2005-08-04,135,155,160
2005-08-04,136,,
2005-08-04,138,123,125
2005-08-04,139,120,121
2005-08-04,140,,
2005-08-04,141,,
2005-08-04,142,,
2005-08-04,143,165,167
2005-08-04,144,116,117
2005-08-04,145,114,116
2005-08-04,150,118,120
2005-08-04,151,122,123
2005-08-04,152,124,126
2005-08-04,155,139,143
2005-08-25,2,321,330
2005-08-25,4,301,310
2005-08-25,5,,
2005-08-25,7,292,300
2005-08-25,10,,
2005-08-25,11,415,424
2005-08-25,12,,
2005-08-25,13,186,188
2005-08-25,14,405,415
2005-08-25,15,,
2005-08-25,16,,
2005-08-25,17,377,387
2005-08-25,18,,
2005-08-25,19,,
2005-08-25,20,,
2005-08-25,21,,
2005-08-25,22,,
2005-08-25,23,,
2005-08-25,24,239,245
2005-08-25,25,,
2005-08-25,26,,
2005-08-25,27,295,306
2005-08-25,28,,
2005-08-25,29,,
2005-08-25,30,675,695
2005-08-25,32,143,148
2005-08-25,33,775,780
2005-08-25,34,176,181
2005-08-25,35,143,146
2005-08-25,37,,
2005-08-25,39,,
2005-08-25,40,,
2005-08-25,42,,
2005-08-25,43,,
2005-08-25,44,,
2005-08-25,45,,
2005-08-25,49,450,500
2005-08-25,51,490,530
2005-08-25,52,132,133
2005-08-25,53,375,405
2005-08-25,54,,
2005-08-25,55,340,380
2005-08-25,57,375,405
2005-08-25,58,,
2005-08-25,59,450,500
2005-08-25,60,,
2005-08-25,61,,
2005-08-25,62,143,146
2005-08-25,63,250,260
2005-08-25,64,,
2005-08-25,65,234,244
2005-08-25,66,,
2005-08-25,68,150,160
2005-08-25,71,84,86
2005-08-25,74,61,64
2005-08-25,76,122,123
2005-08-25,77,127,128
2005-08-25,78,,
2005-08-25,79,,
2005-08-25,80,,
2005-08-25,81,125,127
2005-08-25,82,119,121
2005-08-25,83,,
2005-08-25,84,112,114
2005-08-25,85,137,139
2005-08-25,86,135,137
2005-08-25,87,76,77
2005-08-25,88,125,127
2005-08-25,89,80,81
2005-08-25,90,,
2005-08-25,91,113,116
2005-08-25,92,79,82
2005-08-25,93,87,89
2005-08-25,94,79,82
2005-08-25,95,,
2005-08-25,96,107,108
2005-08-25,97,,
2005-08-25,98,111,112
2005-08-25,99,,
2005-08-25,100,130,135
2005-08-25,101,113,114
2005-08-25,102,73,74
2005-08-25,103,97,100
2005-08-25,104,88,89
2005-08-25,106,100,102
2005-08-25,108,121,123
2005-08-25,109,,
2005-08-25,110,233,236
2005-08-25,111,228,231
2005-08-25,112,,
2005-08-25,117,228,229
2005-08-25,118,217,218
2005-08-25,119,238,239
2005-08-25,120,236,237
2005-08-25,121,235,237
2005-08-25,122,233,235
2005-08-25,123,260,262
2005-08-25,124,260,262
2005-08-25,132,148,152
2005-08-25,133,,
2005-08-25,134,,
2005-08-25,135,155,160
2005-08-25,136,,
2005-08-25,138,126,128
2005-08-25,139,122,123
2005-08-25,140,,
2005-08-25,141,,
2005-08-25,142,,
2005-08-25,143,160,162
2005-08-25,144,114,115
2005-08-25,145,,
2005-08-25,150,118,120
2005-08-25,151,122,123
2005-08-25,152,124,126
2005-08-25,155,141,145
2005-09-01,2,321,330
2005-09-01,4,301,310
2005-09-01,5,,
2005-09-01,7,292,300
2005-09-01,10,650,750
2005-09-01,11,415,424
2005-09-01,12,,
2005-09-01,13,186,188
2005-09-01,14,405,415
2005-09-01,15,630,680
2005-09-01,16,,
2005-09-01,17,377,387
2005-09-01,18,,
2005-09-01,19,,
2005-09-01,20,1150,1200
2005-09-01,21,,
2005-09-01,22,,
2005-09-01,24,239,245
2005-09-01,25,,
2005-09-01,27,295,306
2005-09-01,28,,
2005-09-01,30,685,705
2005-09-01,32,143,148
2005-09-01,33,780,785
2005-09-01,34,176,181
2005-09-01,35,143,146
2005-09-01,37,,
2005-09-01,39,,
2005-09-01,40,,
2005-09-01,42,,
2005-09-01,43,,
2005-09-01,44,,
2005-09-01,45,,
2005-09-01,49,450,500
2005-09-01,51,490,530
2005-09-01,52,130,131
2005-09-01,53,375,405
2005-09-01,54,,
2005-09-01,55,340,380
2005-09-01,57,375,405
2005-09-01,58,,
2005-09-01,59,450,500
2005-09-01,60,,
2005-09-01,61,,
2005-09-01,62,143,146
2005-09-01,63,250,260
2005-09-01,64,,
2005-09-01,65,234,244
2005-09-01,66,,
2005-09-01,68,155,165
2005-09-01,71,84,86
2005-09-01,74,61,64
2005-09-01,76,120,121
2005-09-01,77,127,128
2005-09-01,78,,
2005-09-01,79,,
2005-09-01,80,,
2005-09-01,81,125,127
2005-09-01,82,119,121
2005-09-01,83,115,117
2005-09-01,84,112,114
2005-09-01,85,137,139
2005-09-01,86,135,137
2005-09-01,87,70,71
2005-09-01,88,125,127
2005-09-01,89,74,75
2005-09-01,90,,
2005-09-01,91,110,113
2005-09-01,92,79,82
2005-09-01,93,81,83
2005-09-01,94,79,82
2005-09-01,95,,
2005-09-01,96,101,102
2005-09-01,97,,
2005-09-01,98,105,106
2005-09-01,99,,
2005-09-01,100,127,132
2005-09-01,101,113,114
2005-09-01,102,67,68
2005-09-01,103,97,100
2005-09-01,104,82,83
2005-09-01,106,95,97
2005-09-01,108,121,123
2005-09-01,109,,
2005-09-01,110,231,234
2005-09-01,111,226,229
2005-09-01,112,,
2005-09-01,117,220,221
2005-09-01,118,209,210
2005-09-01,119,230,231
2005-09-01,120,228,229
2005-09-01,121,227,229
2005-09-01,122,225,227
2005-09-01,123,252,254
2005-09-01,124,252,254
2005-09-01,132,150,154
2005-09-01,133,,
2005-09-01,134,,
2005-09-01,135,156,161
2005-09-01,136,,
2005-09-01,138,127,129
2005-09-01,139,123,124
2005-09-01,140,,
2005-09-01,141,,
2005-09-01,143,158,160
2005-09-01,144,112,113
2005-09-01,145,,
2005-09-01,150,118,120
2005-09-01,151,122,123
2005-09-01,152,124,126
2005-09-01,155,141,145
2005-09-01,156,160,162
2005-09-01,157,,
2005-09-01,158,131,133
2005-09-01,159,126,127
2005-09-08,2,321,330
2005-09-08,4,301,310
2005-09-08,5,,
2005-09-08,7,292,300
2005-09-08,10,650,750
2005-09-08,11,415,424
2005-09-08,12,,
2005-09-08,13,188,190
2005-09-08,14,405,415
2005-09-08,15,630,680
2005-09-08,16,208,210
2005-09-08,17,377,387
2005-09-08,18,,
2005-09-08,19,,
2005-09-08,20,1150,1200
2005-09-08,21,,
2005-09-08,22,,
2005-09-08,24,244,250
2005-09-08,25,,
2005-09-08,27,300,311
2005-09-08,28,152,182
2005-09-08,30,685,705
2005-09-08,32,143,148
2005-09-08,33,780,785
2005-09-08,34,176,181
2005-09-08,35,143,146
2005-09-08,37,,
2005-09-08,39,,
2005-09-08,40,,
2005-09-08,42,,
2005-09-08,43,,
2005-09-08,44,,
2005-09-08,45,,
2005-09-08,49,,
2005-09-08,51,,
2005-09-08,52,128,130
2005-09-08,53,,
2005-09-08,54,,
2005-09-08,55,,
2005-09-08,57,,
2005-09-08,58,,
2005-09-08,59,,
2005-09-08,60,,
2005-09-08,61,,
2005-09-08,62,147,150
2005-09-08,63,250,260
2005-09-08,64,,
2005-09-08,65,234,244
2005-09-08,66,,
2005-09-08,68,165,175
2005-09-08,71,84,86
2005-09-08,74,61,64
2005-09-08,76,115,116
2005-09-08,77,127,128
2005-09-08,78,,
2005-09-08,79,114,116
2005-09-08,80,,
2005-09-08,81,125,127
2005-09-08,82,119,121
2005-09-08,83,115,117
2005-09-08,84,112,114
2005-09-08,85,137,139
2005-09-08,86,135,137
2005-09-08,87,62,63
2005-09-08,88,125,127
2005-09-08,89,66,67
2005-09-08,90,,
2005-09-08,91,107,110
2005-09-08,92,79,82
2005-09-08,93,76,78
2005-09-08,94,79,82
2005-09-08,95,,
2005-09-08,96,93,94
2005-09-08,97,,
2005-09-08,98,97,98
2005-09-08,99,,
2005-09-08,100,124,129
2005-09-08,101,113,114
2005-09-08,102,59,60
2005-09-08,103,97,100
2005-09-08,104,77,78
2005-09-08,106,92,94
2005-09-08,108,121,123
2005-09-08,109,,
2005-09-08,110,229,232
2005-09-08,111,224,227
2005-09-08,112,,
2005-09-08,117,215,216
2005-09-08,118,204,205
2005-09-08,119,225,226
2005-09-08,120,223,224
2005-09-08,121,222,224
2005-09-08,122,220,222
2005-09-08,123,247,249
2005-09-08,124,247,249
2005-09-08,132,152,156
2005-09-08,133,,
2005-09-08,134,,
2005-09-08,135,158,163
2005-09-08,136,,
2005-09-08,138,127,129
2005-09-08,139,123,124
2005-09-08,140,,
2005-09-08,141,,
2005-09-08,143,158,160
2005-09-08,144,111,112
2005-09-08,145,,
2005-09-08,150,118,120
2005-09-08,151,122,123
2005-09-08,152,124,126
2005-09-08,155,141,145
2005-09-08,156,160,162
2005-09-08,157,,
2005-09-08,158,131,133
2005-09-08,159,126,127
2005-09-08,160,,
2005-09-15,2,321,330
2005-09-15,4,301,310
2005-09-15,5,,
2005-09-15,7,292,300
2005-09-15,10,650,750
2005-09-15,11,415,424
2005-09-15,12,,
2005-09-15,13,193,195
2005-09-15,14,405,415
2005-09-15,15,630,680
2005-09-15,16,211,213
2005-09-15,17,377,387
2005-09-15,18,720,870
2005-09-15,19,,
2005-09-15,20,1170,1220
2005-09-15,21,,
2005-09-15,22,,
2005-09-15,24,244,250
2005-09-15,25,,
2005-09-15,27,300,311
2005-09-15,28,152,182
2005-09-15,30,685,705
2005-09-15,32,143,148
2005-09-15,33,780,785
2005-09-15,34,178,183
2005-09-15,35,143,146
2005-09-15,37,,
2005-09-15,39,,
2005-09-15,42,,
2005-09-15,44,,
2005-09-15,52,130,132
2005-09-15,54,,
2005-09-15,58,,
2005-09-15,60,,
2005-09-15,61,,
2005-09-15,62,152,155
2005-09-15,63,250,260
2005-09-15,64,,
2005-09-15,65,234,244
2005-09-15,66,,
2005-09-15,68,165,175
2005-09-15,71,82,84
2005-09-15,74,59,62
2005-09-15,76,113,114
2005-09-15,77,127,128
2005-09-15,78,,
2005-09-15,79,116,118
2005-09-15,80,,
2005-09-15,81,125,127
2005-09-15,82,119,121
2005-09-15,83,115,117
2005-09-15,84,110,112
2005-09-15,85,135,137
2005-09-15,86,133,135
2005-09-15,87,56,57
2005-09-15,88,125,127
2005-09-15,89,60,61
2005-09-15,90,,
2005-09-15,91,104,107
2005-09-15,92,79,82
2005-09-15,93,70,72
2005-09-15,94,79,82
2005-09-15,95,,
2005-09-15,96,87,88
2005-09-15,97,,
2005-09-15,98,91,92
2005-09-15,99,,
2005-09-15,100,121,126
2005-09-15,101,113,114
2005-09-15,102,53,54
2005-09-15,103,97,100
2005-09-15,104,71,72
2005-09-15,106,88,90
2005-09-15,108,123,125
2005-09-15,109,,
2005-09-15,110,229,232
2005-09-15,111,224,227
2005-09-15,112,,
2005-09-15,117,215,216
2005-09-15,118,204,205
2005-09-15,119,225,226
2005-09-15,120,223,224
2005-09-15,121,222,224
2005-09-15,122,220,222
2005-09-15,123,247,249
2005-09-15,124,247,249
2005-09-15,132,154,158
2005-09-15,133,,
2005-09-15,134,,
2005-09-15,135,160,165
2005-09-15,136,,
2005-09-15,138,127,129
2005-09-15,139,123,124
2005-09-15,140,,
2005-09-15,141,,
2005-09-15,143,160,162
2005-09-15,144,109,110
2005-09-15,145,,
2005-09-15,150,118,120
2005-09-15,151,122,123
2005-09-15,152,124,126
2005-09-15,155,141,145
2005-09-15,156,160,162
2005-09-15,157,,
2005-09-15,158,131,133
2005-09-15,159,127,128
2005-09-15,161,,
2005-09-15,162,,
2005-09-15,163,,
2005-09-15,164,,
2005-09-15,165,,
2005-09-15,166,,
2005-09-15,167,155,160
2005-09-15,168,,
2005-09-15,169,,
2005-09-15,170,,
2005-09-15,171,,
2005-09-15,172,,
2005-09-15,173,,
2005-09-22,2,321,330
2005-09-22,4,301,310
2005-09-22,5,2300,2500
2005-09-22,7,292,300
2005-09-22,10,650,750
2005-09-22,11,415,424
2005-09-22,12,,
2005-09-22,13,197,199
2005-09-22,14,405,415
2005-09-22,15,630,680
2005-09-22,16,211,213
2005-09-22,17,377,387
2005-09-22,18,710,880
2005-09-22,19,,
2005-09-22,20,1150,1200
2005-09-22,21,,
2005-09-22,22,,
2005-09-22,24,249,255
2005-09-22,25,,
2005-09-22,27,305,316
2005-09-22,28,152,182
2005-09-22,30,685,705
2005-09-22,32,143,148
2005-09-22,33,780,785
2005-09-22,34,178,183
2005-09-22,35,143,146
2005-09-22,37,,
2005-09-22,39,,
2005-09-22,42,,
2005-09-22,44,,
2005-09-22,52,130,132
2005-09-22,54,,
2005-09-22,58,,
2005-09-22,60,,
2005-09-22,61,,
2005-09-22,62,162,165
2005-09-22,63,250,260
2005-09-22,64,,
2005-09-22,65,234,244
2005-09-22,66,,
2005-09-22,68,165,175
2005-09-22,71,82,84
2005-09-22,74,59,62
2005-09-22,76,111,112
2005-09-22,77,129,130
2005-09-22,78,,
2005-09-22,79,119,121
2005-09-22,80,,
2005-09-22,81,124,126
2005-09-22,82,118,120
2005-09-22,83,115,117
2005-09-22,84,109,111
2005-09-22,85,133,135
2005-09-22,86,131,133
2005-09-22,87,58,59
2005-09-22,88,123,125
2005-09-22,89,62,63
2005-09-22,90,,
2005-09-22,91,102,105
2005-09-22,92,77,80
2005-09-22,93,70,72
2005-09-22,94,77,80
2005-09-22,95,,
2005-09-22,96,89,90
2005-09-22,97,,
2005-09-22,98,93,94
2005-09-22,99,,
2005-09-22,100,119,124
2005-09-22,101,113,114
2005-09-22,102,53,54
2005-09-22,103,97,100
2005-09-22,104,71,72
2005-09-22,106,86,88
2005-09-22,108,128,130
2005-09-22,109,,
2005-09-22,110,229,232
2005-09-22,111,224,227
2005-09-22,112,210,220
2005-09-22,117,215,216
2005-09-22,118,204,205
2005-09-22,119,225,226
2005-09-22,120,223,224
2005-09-22,121,222,224
2005-09-22,122,220,222
2005-09-22,123,247,249
2005-09-22,124,247,249
2005-09-22,132,154,158
2005-09-22,133,,
2005-09-22,134,,
2005-09-22,135,160,165
2005-09-22,136,,
2005-09-22,138,127,129
2005-09-22,139,123,124
2005-09-22,140,,
2005-09-22,141,,
2005-09-22,143,160,162
2005-09-22,144,108,109
2005-09-22,145,,
2005-09-22,150,120,122
2005-09-22,151,124,125
2005-09-22,152,126,128
2005-09-22,155,141,145
2005-09-22,156,160,162
2005-09-22,157,,
2005-09-22,158,131,133
2005-09-22,159,127,128
2005-09-22,161,,
2005-09-22,162,,
2005-09-22,163,,
2005-09-22,164,,
2005-09-22,165,,
2005-09-22,166,,
2005-09-22,167,155,160
2005-09-22,168,,
2005-09-22,169,,
2005-09-22,170,,
2005-09-22,171,,
2005-09-22,172,,
2005-09-22,173,,
2005-09-22,174,155,160
2005-09-29,2,321,330
2005-09-29,4,301,310
2005-09-29,5,2250,2300
2005-09-29,7,292,300
2005-09-29,10,680,780
2005-09-29,11,415,424
2005-09-29,12,1670,1720
2005-09-29,13,197,199
2005-09-29,14,405,415
2005-09-29,15,650,700
2005-09-29,16,211,213
2005-09-29,17,377,387
2005-09-29,18,710,880
2005-09-29,19,,
2005-09-29,20,1180,1230
2005-09-29,21,,
2005-09-29,22,,
2005-09-29,24,249,255
2005-09-29,25,,
2005-09-29,27,305,316
2005-09-29,28,152,182
2005-09-29,30,690,710
2005-09-29,32,143,148
2005-09-29,33,785,790
2005-09-29,34,178,183
2005-09-29,35,145,148
2005-09-29,37,,
2005-09-29,39,,
2005-09-29,42,,
2005-09-29,44,,
2005-09-29,52,130,132
2005-09-29,54,,
2005-09-29,58,,
2005-09-29,60,,
2005-09-29,61,,
2005-09-29,62,162,165
2005-09-29,63,250,260
2005-09-29,64,,
2005-09-29,65,234,244
2005-09-29,66,,
2005-09-29,68,165,175
2005-09-29,71,82,84
2005-09-29,74,59,62
2005-09-29,76,109,110
2005-09-29,77,129,130
2005-09-29,78,,
2005-09-29,79,121,123
2005-09-29,80,,
2005-09-29,81,124,126
2005-09-29,82,118,120
2005-09-29,83,115,117
2005-09-29,84,109,111
2005-09-29,85,133,135
2005-09-29,86,131,133
2005-09-29,87,58,59
2005-09-29,88,123,125
2005-09-29,89,62,63
2005-09-29,90,,
2005-09-29,91,102,105
2005-09-29,92,75,78
2005-09-29,93,70,72
2005-09-29,94,75,78
2005-09-29,95,,
2005-09-29,96,89,90
2005-09-29,97,,
2005-09-29,98,93,94
2005-09-29,99,,
2005-09-29,100,119,124
2005-09-29,101,111,112
2005-09-29,102,56,57
2005-09-29,103,94,97
2005-09-29,104,71,72
2005-09-29,106,86,88
2005-09-29,108,133,135
2005-09-29,109,212,215
2005-09-29,110,229,232
2005-09-29,111,224,227
2005-09-29,112,210,217
2005-09-29,117,215,216
2005-09-29,118,204,205
2005-09-29,119,225,226
2005-09-29,120,223,224
2005-09-29,121,222,224
2005-09-29,122,220,222
2005-09-29,123,247,249
2005-09-29,124,247,249
2005-09-29,132,154,158
2005-09-29,133,,
2005-09-29,134,,
2005-09-29,135,160,165
2005-09-29,136,,
2005-09-29,138,127,129
2005-09-29,139,123,124
2005-09-29,140,,
2005-09-29,141,,
2005-09-29,143,160,162
2005-09-29,144,106,107
2005-09-29,145,,
2005-09-29,150,122,124
2005-09-29,151,126,127
2005-09-29,152,126,128
2005-09-29,155,141,145
2005-09-29,156,160,162
2005-09-29,157,,
2005-09-29,158,131,133
2005-09-29,159,127,128
2005-09-29,162,,
2005-09-29,166,,
2005-09-29,167,155,160
2005-09-29,168,,
2005-09-29,169,,
2005-09-29,170,,
2005-09-29,171,,
2005-09-29,172,,
2005-09-29,173,,
2005-09-29,174,155,160
2005-09-29,175,230,235
2005-09-29,176,220,225
2005-09-29,177,185,190
2005-09-29,178,165,170
2005-10-06,2,321,330
2005-10-06,4,301,310
2005-10-06,5,1900,1950
2005-10-06,7,292,300
2005-10-06,10,680,780
2005-10-06,11,415,424
2005-10-06,12,1670,1720
2005-10-06,13,200,202
2005-10-06,14,405,415
2005-10-06,15,650,700
2005-10-06,16,211,213
2005-10-06,17,377,387
2005-10-06,18,710,880
2005-10-06,19,,
2005-10-06,20,1180,1230
2005-10-06,21,,
2005-10-06,22,480,510
2005-10-06,24,249,255
2005-10-06,25,380,400
2005-10-06,27,305,316
2005-10-06,28,152,182
2005-10-06,30,695,715
2005-10-06,32,143,148
2005-10-06,33,790,795
2005-10-06,34,178,183
2005-10-06,35,145,148
2005-10-06,37,,
2005-10-06,39,,
2005-10-06,42,,
2005-10-06,44,,
2005-10-06,52,132,134
2005-10-06,54,,
2005-10-06,58,,
2005-10-06,60,,
2005-10-06,61,,
2005-10-06,62,162,165
2005-10-06,63,250,260
2005-10-06,64,,
2005-10-06,65,244,254
2005-10-06,66,,
2005-10-06,68,165,175
2005-10-06,71,82,84
2005-10-06,74,59,62
2005-10-06,76,104,105
2005-10-06,77,132,133
2005-10-06,78,,
2005-10-06,79,123,125
2005-10-06,80,,
2005-10-06,81,124,126
2005-10-06,82,118,120
2005-10-06,83,117,119
2005-10-06,84,109,111
2005-10-06,85,133,135
2005-10-06,86,131,133
2005-10-06,87,58,59
2005-10-06,88,123,125
2005-10-06,89,62,63
2005-10-06,90,,
2005-10-06,91,102,105
2005-10-06,92,75,78
2005-10-06,93,70,72
2005-10-06,94,75,78
2005-10-06,95,,
2005-10-06,96,89,90
2005-10-06,97,,
2005-10-06,98,93,94
2005-10-06,99,,
2005-10-06,100,119,124
2005-10-06,101,111,112
2005-10-06,102,56,57
2005-10-06,103,94,97
2005-10-06,104,71,72
2005-10-06,106,86,88
2005-10-06,108,135,137
2005-10-06,109,215,218
2005-10-06,110,,
2005-10-06,111,221,224
2005-10-06,112,208,215
2005-10-06,117,209,210
2005-10-06,118,196,197
2005-10-06,119,223,224
2005-10-06,120,221,222
2005-10-06,121,216,218
2005-10-06,122,214,216
2005-10-06,123,244,246
2005-10-06,124,244,246
2005-10-06,132,154,158
2005-10-06,133,,
2005-10-06,134,,
2005-10-06,135,160,165
2005-10-06,136,,
2005-10-06,138,127,129
2005-10-06,139,123,124
2005-10-06,140,,
2005-10-06,141,,
2005-10-06,143,162,164
2005-10-06,144,104,105
2005-10-06,145,100,102
2005-10-06,150,124,126
2005-10-06,151,128,129
2005-10-06,152,129,131
2005-10-06,155,144,148
2005-10-06,156,160,162
2005-10-06,157,,
2005-10-06,158,131,133
2005-10-06,159,127,128
2005-10-06,161,230,235
2005-10-06,162,250,260
2005-10-06,163,220,225
2005-10-06,164,185,190
2005-10-06,165,165,170
2005-10-06,166,480,550
2005-10-06,167,155,160
2005-10-06,168,460,530
2005-10-06,169,370,440
2005-10-06,170,370,440
2005-10-06,171,360,430
2005-10-06,172,370,440
2005-10-06,173,450,520
2005-10-06,174,155,160
2005-10-13,2,321,330
2005-10-13,4,301,310
2005-10-13,5,1900,1950
2005-10-13,7,292,300
2005-10-13,10,680,780
2005-10-13,11,415,424
2005-10-13,12,1670,1720
2005-10-13,13,200,202
2005-10-13,14,405,415
2005-10-13,15,650,700
2005-10-13,16,211,213
2005-10-13,17,377,387
2005-10-13,18,710,880
2005-10-13,19,,
2005-10-13,20,1180,1230
2005-10-13,21,,
2005-10-13,22,480,510
2005-10-13,24,249,255
2005-10-13,25,380,400
2005-10-13,27,305,316
2005-10-13,28,152,182
2005-10-13,30,700,720
2005-10-13,32,143,148
2005-10-13,33,795,800
2005-10-13,34,178,183
2005-10-13,35,146,149
2005-10-13,37,150,155
2005-10-13,39,,
2005-10-13,42,,
2005-10-13,44,,
2005-10-13,52,131,133
2005-10-13,54,,
2005-10-13,58,,
2005-10-13,60,,
2005-10-13,61,,
2005-10-13,62,162,165
2005-10-13,63,255,265
2005-10-13,64,,
2005-10-13,65,249,259
2005-10-13,66,,
2005-10-13,68,170,180
2005-10-13,71,82,84
2005-10-13,74,59,62
2005-10-13,76,104,105
2005-10-13,77,133,134
2005-10-13,78,,
2005-10-13,79,123,125
2005-10-13,80,,
2005-10-13,81,123,125
2005-10-13,82,117,119
2005-10-13,83,118,120
2005-10-13,84,108,110
2005-10-13,85,131,133
2005-10-13,86,129,131
2005-10-13,87,63,64
2005-10-13,88,121,123
2005-10-13,89,67,68
2005-10-13,90,,
2005-10-13,91,102,105
2005-10-13,92,75,78
2005-10-13,93,72,74
2005-10-13,94,75,78
2005-10-13,95,,
2005-10-13,96,94,95
2005-10-13,97,,
2005-10-13,98,98,99
2005-10-13,99,,
2005-10-13,100,119,124
2005-10-13,101,111,112
2005-10-13,102,61,62
2005-10-13,103,94,97
2005-10-13,104,73,74
2005-10-13,106,86,88
2005-10-13,108,138,140
2005-10-13,109,218,221
2005-10-13,110,,
2005-10-13,111,224,227
2005-10-13,112,208,212
2005-10-13,117,214,215
2005-10-13,118,201,202
2005-10-13,119,228,229
2005-10-13,120,226,227
2005-10-13,121,221,223
2005-10-13,122,219,221
2005-10-13,123,247,249
2005-10-13,124,247,249
2005-10-13,132,154,158
2005-10-13,133,,
2005-10-13,134,,
2005-10-13,135,160,165
2005-10-13,136,,
2005-10-13,138,127,129
2005-10-13,139,123,124
2005-10-13,140,,
2005-10-13,141,,
2005-10-13,143,162,164
2005-10-13,144,100,101
2005-10-13,145,97,99
2005-10-13,150,125,127
2005-10-13,151,129,130
2005-10-13,152,130,132
2005-10-13,155,144,149
2005-10-13,156,160,162
2005-10-13,157,,
2005-10-13,158,131,133
2005-10-13,159,127,128
2005-10-13,161,230,235
2005-10-13,162,250,260
2005-10-13,163,230,235
2005-10-13,164,185,190
2005-10-13,165,165,170
2005-10-13,166,480,550
2005-10-13,167,155,160
2005-10-13,168,470,540
2005-10-13,169,370,440
2005-10-13,170,370,440
2005-10-13,171,360,430
2005-10-13,172,370,440
2005-10-13,173,450,520
2005-10-13,174,155,160
2005-10-20,2,321,330
2005-10-20,4,301,310
2005-10-20,5,,
2005-10-20,7,292,300
2005-10-20,10,680,780
2005-10-20,11,415,424
2005-10-20,12,1670,1720
2005-10-20,13,200,202
2005-10-20,14,405,415
2005-10-20,15,650,700
2005-10-20,16,211,213
2005-10-20,17,377,387
2005-10-20,18,710,880
2005-10-20,19,,
2005-10-20,20,1180,1230
2005-10-20,21,,
2005-10-20,22,480,510
2005-10-20,24,249,255
2005-10-20,25,380,400
2005-10-20,27,305,316
2005-10-20,28,152,182
2005-10-20,30,705,725
2005-10-20,32,143,148
2005-10-20,33,800,805
2005-10-20,34,178,183
2005-10-20,35,146,149
2005-10-20,37,150,155
2005-10-20,39,,
2005-10-20,42,,
2005-10-20,44,,
2005-10-20,52,129.5,131.5
2005-10-20,54,,
2005-10-20,58,,
2005-10-20,60,,
2005-10-20,61,,
2005-10-20,62,162,165
2005-10-20,63,260,270
2005-10-20,64,,
2005-10-20,65,254,264
2005-10-20,66,,
2005-10-20,68,175,185
2005-10-20,71,82,84
2005-10-20,74,59,62
2005-10-20,76,101,102
2005-10-20,77,133,134
2005-10-20,78,,
2005-10-20,79,122,124
2005-10-20,80,,
2005-10-20,81,122,124
2005-10-20,82,116,118
2005-10-20,83,118,120
2005-10-20,84,107,109
2005-10-20,85,130,132
2005-10-20,86,128,130
2005-10-20,87,69,70
2005-10-20,88,120,122
2005-10-20,89,73,74
2005-10-20,90,,
2005-10-20,91,102,105
2005-10-20,92,75,78
2005-10-20,93,78,80
2005-10-20,94,75,78
2005-10-20,95,,
2005-10-20,96,100,101
2005-10-20,97,,
2005-10-20,98,104,105
2005-10-20,99,,
2005-10-20,100,119,124
2005-10-20,101,111,112
2005-10-20,102,67,68
2005-10-20,103,94,97
2005-10-20,104,79,80
2005-10-20,106,86,88
2005-10-20,108,138,140
2005-10-20,109,219,222
2005-10-20,110,,
2005-10-20,111,224,227
2005-10-20,112,208,212
2005-10-20,117,211,212
2005-10-20,118,198,199
2005-10-20,119,225,226
2005-10-20,120,223,224
2005-10-20,121,218,220
2005-10-20,122,216,218
2005-10-20,123,244,246
2005-10-20,124,244,246
2005-10-20,132,154,158
2005-10-20,133,,
2005-10-20,134,,
2005-10-20,135,160,165
2005-10-20,136,,
2005-10-20,138,127,129
2005-10-20,139,123,124
2005-10-20,140,,
2005-10-20,141,,
2005-10-20,143,162,164
2005-10-20,144,98,99
2005-10-20,145,95,97
2005-10-20,150,125,127
2005-10-20,151,129,130
2005-10-20,152,131,132
2005-10-20,155,144,149
2005-10-20,156,161,163
2005-10-20,157,,
2005-10-20,158,131,133
2005-10-20,159,129,130
2005-10-20,161,235,240
2005-10-20,162,250,260
2005-10-20,163,235,240
2005-10-20,164,185,190
2005-10-20,165,170,175
2005-10-20,166,480,560
2005-10-20,167,155,160
2005-10-20,168,470,550
2005-10-20,169,370,445
2005-10-20,170,370,445
2005-10-20,171,360,435
2005-10-20,172,370,440
2005-10-20,173,450,520
2005-10-20,174,156,161
2005-10-27,2,321,330
2005-10-27,4,301,310
2005-10-27,5,,
2005-10-27,7,292,300
2005-10-27,10,680,780
2005-10-27,11,415,424
2005-10-27,12,1670,1720
2005-10-27,13,200,202
2005-10-27,14,405,415
2005-10-27,15,650,700
2005-10-27,16,211,213
2005-10-27,17,377,387
2005-10-27,18,710,880
2005-10-27,19,,
2005-10-27,20,1180,1230
2005-10-27,21,,
2005-10-27,22,480,510
2005-10-27,24,249,255
2005-10-27,25,380,400
2005-10-27,27,305,316
2005-10-27,28,152,182
2005-10-27,30,710,730
2005-10-27,32,143,148
2005-10-27,33,805,810
2005-10-27,34,178,183
2005-10-27,35,146,149
2005-10-27,37,150,155
2005-10-27,39,,
2005-10-27,42,,
2005-10-27,44,,
2005-10-27,52,127.5,129.5
2005-10-27,54,,
2005-10-27,58,,
2005-10-27,60,,
2005-10-27,61,,
2005-10-27,62,162,165
2005-10-27,63,260,270
2005-10-27,64,,
2005-10-27,65,254,264
2005-10-27,66,,
2005-10-27,68,175,185
2005-10-27,71,82,84
2005-10-27,74,62,65
2005-10-27,76,99,100
2005-10-27,77,133,134
2005-10-27,78,,
2005-10-27,79,120,122
2005-10-27,80,,
2005-10-27,81,122,124
2005-10-27,82,116,118
2005-10-27,83,120,122
2005-10-27,84,107,109
2005-10-27,85,130,132
2005-10-27,86,128,130
2005-10-27,87,79,80
2005-10-27,88,120,122
2005-10-27,89,83,84
2005-10-27,90,,
2005-10-27,91,104,107
2005-10-27,92,75,78
2005-10-27,93,80,82
2005-10-27,94,75,78
2005-10-27,95,,
2005-10-27,96,110,111
2005-10-27,97,,
2005-10-27,98,114,115
2005-10-27,99,,
2005-10-27,100,121,126
2005-10-27,101,111,112
2005-10-27,102,77,78
2005-10-27,103,94,97
2005-10-27,104,81,82
2005-10-27,106,88,90
2005-10-27,108,138,140
2005-10-27,109,219,222
2005-10-27,110,,
2005-10-27,111,222,225
2005-10-27,112,208,212
2005-10-27,117,203,204
2005-10-27,118,190,191
2005-10-27,119,217,218
2005-10-27,120,215,216
2005-10-27,121,210,212
2005-10-27,122,208,210
2005-10-27,123,236,238
2005-10-27,124,236,238
2005-10-27,132,154,157
2005-10-27,133,,
2005-10-27,134,,
2005-10-27,135,160,163
2005-10-27,136,,
2005-10-27,138,127,129
2005-10-27,139,123,124
2005-10-27,140,,
2005-10-27,141,,
2005-10-27,143,160,162
2005-10-27,144,98,99
2005-10-27,145,95,97
2005-10-27,150,125,127
2005-10-27,151,129,130
2005-10-27,152,131,132
2005-10-27,155,144,149
2005-10-27,156,161,163
2005-10-27,157,,
2005-10-27,158,131,133
2005-10-27,159,131,132
2005-10-27,161,240,245
2005-10-27,162,250,260
2005-10-27,163,235,240
2005-10-27,164,185,190
2005-10-27,165,170,175
2005-10-27,166,480,570
2005-10-27,167,155,158
2005-10-27,168,470,550
2005-10-27,169,370,445
2005-10-27,170,370,445
2005-10-27,171,360,435
2005-10-27,172,370,440
2005-10-27,173,450,520
2005-10-27,174,156,161
2005-11-03,2,321,330
2005-11-03,4,301,310
2005-11-03,5,,
2005-11-03,7,292,300
2005-11-03,10,680,780
2005-11-03,11,415,424
2005-11-03,12,1670,1720
2005-11-03,13,200,202
2005-11-03,14,405,415
2005-11-03,15,650,700
2005-11-03,16,211,213
2005-11-03,17,377,387
2005-11-03,18,710,880
2005-11-03,19,,
2005-11-03,20,1180,1230
2005-11-03,21,,
2005-11-03,22,480,510
2005-11-03,24,249,255
2005-11-03,25,380,400
2005-11-03,27,305,316
2005-11-03,28,152,182
2005-11-03,30,720,740
2005-11-03,32,143,148
2005-11-03,33,815,820
2005-11-03,34,178,183
2005-11-03,35,146,149
2005-11-03,37,150,155
2005-11-03,39,,
2005-11-03,42,,
2005-11-03,44,,
2005-11-03,52,125.5,127.5
2005-11-03,54,,
2005-11-03,58,,
2005-11-03,60,,
2005-11-03,61,,
2005-11-03,62,162,165
2005-11-03,63,260,270
2005-11-03,64,,
2005-11-03,65,254,264
2005-11-03,66,,
2005-11-03,68,175,185
2005-11-03,71,82,84
2005-11-03,74,62,65
2005-11-03,76,97,98
2005-11-03,77,133,134
2005-11-03,78,,
2005-11-03,79,119,121
2005-11-03,80,,
2005-11-03,81,124,126
2005-11-03,82,116,118
2005-11-03,83,120,122
2005-11-03,84,107,109
2005-11-03,85,130,132
2005-11-03,86,128,130
2005-11-03,87,87,88
2005-11-03,88,120,122
2005-11-03,89,91,92
2005-11-03,90,,
2005-11-03,91,109,112
2005-11-03,92,75,78
2005-11-03,93,86,88
2005-11-03,94,75,78
2005-11-03,95,,
2005-11-03,96,118,119
2005-11-03,97,,
2005-11-03,98,122,123
2005-11-03,99,,
2005-11-03,100,127,132
2005-11-03,101,111,112
2005-11-03,102,85,86
2005-11-03,103,94,97
2005-11-03,104,87,88
2005-11-03,106,91,93
2005-11-03,108,138,140
2005-11-03,109,219,222
2005-11-03,110,,
2005-11-03,111,222,225
2005-11-03,112,206,210
2005-11-03,117,201,202
2005-11-03,118,190,191
2005-11-03,119,213,214
2005-11-03,120,211,212
2005-11-03,121,208,210
2005-11-03,122,204,206
2005-11-03,123,230,232
2005-11-03,124,230,232
2005-11-03,132,153,156
2005-11-03,133,,
2005-11-03,134,,
2005-11-03,135,158,161
2005-11-03,136,,
2005-11-03,138,127,129
2005-11-03,139,123,124
2005-11-03,140,,
2005-11-03,141,,
2005-11-03,143,158,160
2005-11-03,144,98,99
2005-11-03,145,95,97
2005-11-03,150,125,127
2005-11-03,151,129,130
2005-11-03,152,131,132
2005-11-03,155,146,151
2005-11-03,156,161,163
2005-11-03,157,,
2005-11-03,158,131,133
2005-11-03,159,131,132
2005-11-03,161,240,245
2005-11-03,162,250,260
2005-11-03,163,240,245
2005-11-03,164,190,195
2005-11-03,165,175,180
2005-11-03,166,480,570
2005-11-03,167,153,156
2005-11-03,168,480,560
2005-11-03,169,375,455
2005-11-03,170,375,455
2005-11-03,171,370,445
2005-11-03,172,380,450
2005-11-03,173,450,520
2005-11-03,174,156,161
2005-11-10,2,321,330
2005-11-10,4,301,310
2005-11-10,5,1800,1900
2005-11-10,7,292,300
2005-11-10,10,700,800
2005-11-10,11,415,424
2005-11-10,12,1620,1670
2005-11-10,13,192,194
2005-11-10,14,405,415
2005-11-10,15,680,730
2005-11-10,16,208,210
2005-11-10,17,377,387
2005-11-10,18,750,900
2005-11-10,19,,
2005-11-10,20,1200,1250
2005-11-10,21,,
2005-11-10,22,480,510
2005-11-10,24,249,255
2005-11-10,25,380,400
2005-11-10,27,305,316
2005-11-10,28,152,182
2005-11-10,30,730,750
2005-11-10,32,143,148
2005-11-10,33,820,825
2005-11-10,34,178,183
2005-11-10,35,146,149
2005-11-10,37,149,154
2005-11-10,39,,
2005-11-10,42,,
2005-11-10,44,,
2005-11-10,52,124,126
2005-11-10,54,,
2005-11-10,58,,
2005-11-10,60,,
2005-11-10,61,,
2005-11-10,62,162,165
2005-11-10,63,260,270
2005-11-10,64,,
2005-11-10,65,254,264
2005-11-10,66,,
2005-11-10,68,175,185
2005-11-10,71,82,84
2005-11-10,74,62,65
2005-11-10,76,97,98
2005-11-10,77,133,134
2005-11-10,78,,
2005-11-10,79,117,119
2005-11-10,80,,
2005-11-10,81,124,126
2005-11-10,82,116,118
2005-11-10,83,120,122
2005-11-10,84,107,109
2005-11-10,85,130,132
2005-11-10,86,128,130
2005-11-10,87,91,92
2005-11-10,88,120,122
2005-11-10,89,95,96
2005-11-10,90,,
2005-11-10,91,113,116
2005-11-10,92,75,78
2005-11-10,93,90,92
2005-11-10,94,75,78
2005-11-10,95,,
2005-11-10,96,122,123
2005-11-10,97,,
2005-11-10,98,126,127
2005-11-10,99,,
2005-11-10,100,131,136
2005-11-10,101,111,112
2005-11-10,102,89,90
2005-11-10,103,94,97
2005-11-10,104,91,92
2005-11-10,106,95,97
2005-11-10,108,138,140
2005-11-10,109,219,222
2005-11-10,110,,
2005-11-10,111,222,225
2005-11-10,112,206,210
2005-11-10,117,204,205
2005-11-10,118,193,194
2005-11-10,119,216,217
2005-11-10,120,214,215
2005-11-10,121,211,213
2005-11-10,122,207,209
2005-11-10,123,233,235
2005-11-10,124,233,235
2005-11-10,132,153,156
2005-11-10,133,,
2005-11-10,134,,
2005-11-10,135,158,161
2005-11-10,136,,
2005-11-10,138,127,129
2005-11-10,139,123,124
2005-11-10,140,,
2005-11-10,141,,
2005-11-10,143,158,160
2005-11-10,144,98,99
2005-11-10,145,95,97
2005-11-10,150,125,127
2005-11-10,151,129,130
2005-11-10,152,131,132
2005-11-10,155,146,151
2005-11-10,156,161,163
2005-11-10,157,,
2005-11-10,158,133,135
2005-11-10,159,131,132
2005-11-10,161,250,255
2005-11-10,162,250,260
2005-11-10,163,250,255
2005-11-10,164,195,200
2005-11-10,165,180,185
2005-11-10,166,500,590
2005-11-10,167,153,156
2005-11-10,168,500,580
2005-11-10,169,385,465
2005-11-10,170,385,465
2005-11-10,171,380,455
2005-11-10,172,390,460
2005-11-10,173,460,530
2005-11-10,174,156,161
2005-11-17,2,321,330
2005-11-17,4,301,310
2005-11-17,5,1800,1900
2005-11-17,7,292,300
2005-11-17,10,700,800
2005-11-17,11,415,424
2005-11-17,12,1620,1670
2005-11-17,13,188,190
2005-11-17,14,405,415
2005-11-17,15,680,730
2005-11-17,16,208,210
2005-11-17,17,377,387
2005-11-17,18,750,900
2005-11-17,19,,
2005-11-17,20,1200,1250
2005-11-17,21,,
2005-11-17,22,480,510
2005-11-17,24,249,255
2005-11-17,25,380,400
2005-11-17,27,305,316
2005-11-17,28,157,182
2005-11-17,30,740,760
2005-11-17,32,143,148
2005-11-17,33,830,835
2005-11-17,34,178,183
2005-11-17,35,147,150
2005-11-17,37,149,154
2005-11-17,39,,
2005-11-17,42,,
2005-11-17,44,,
2005-11-17,52,124.5,126.5
2005-11-17,54,,
2005-11-17,58,,
2005-11-17,60,,
2005-11-17,61,,
2005-11-17,62,162,165
2005-11-17,63,260,270
2005-11-17,64,,
2005-11-17,65,254,264
2005-11-17,66,,
2005-11-17,68,175,185
2005-11-17,71,82,84
2005-11-17,74,62,65
2005-11-17,76,97,98
2005-11-17,77,134,135
2005-11-17,78,,
2005-11-17,79,117,119
2005-11-17,80,,
2005-11-17,81,124,126
2005-11-17,82,116,118
2005-11-17,83,120,122
2005-11-17,84,107,109
2005-11-17,85,130,132
2005-11-17,86,128,130
2005-11-17,87,91,92
2005-11-17,88,120,122
2005-11-17,89,95,96
2005-11-17,90,,
2005-11-17,91,117,120
2005-11-17,92,77,80
2005-11-17,93,90,92
2005-11-17,94,77,80
2005-11-17,95,,
2005-11-17,96,122,123
2005-11-17,97,,
2005-11-17,98,126,127
2005-11-17,99,,
2005-11-17,100,135,140
2005-11-17,101,111,112
2005-11-17,102,89,90
2005-11-17,103,94,97
2005-11-17,104,91,92
2005-11-17,106,98,100
2005-11-17,108,138,140
2005-11-17,109,219,222
2005-11-17,110,,
2005-11-17,111,222,225
2005-11-17,112,203,207
2005-11-17,117,207,208
2005-11-17,118,196,197
2005-11-17,119,219,220
2005-11-17,120,217,218
2005-11-17,121,214,216
2005-11-17,122,210,212
2005-11-17,123,236,238
2005-11-17,124,236,238
2005-11-17,132,153,156
2005-11-17,133,,
2005-11-17,134,,
2005-11-17,135,158,161
2005-11-17,136,,
2005-11-17,138,127,129
2005-11-17,139,123,124
2005-11-17,140,,
2005-11-17,141,,
2005-11-17,143,158,160
2005-11-17,144,100,101
2005-11-17,145,95,97
2005-11-17,150,126,128
2005-11-17,151,130,131
2005-11-17,152,132,133
2005-11-17,155,146,151
2005-11-17,156,161,163
2005-11-17,157,,
2005-11-17,158,133,135
2005-11-17,159,131,132
2005-11-17,161,260,265
2005-11-17,162,250,260
2005-11-17,163,260,265
2005-11-17,164,195,200
2005-11-17,165,180,185
2005-11-17,166,500,590
2005-11-17,167,153,156
2005-11-17,168,500,580
2005-11-17,169,385,465
2005-11-17,170,385,465
2005-11-17,171,380,455
2005-11-17,172,390,460
2005-11-17,173,460,530
2005-11-17,174,156,161
2005-11-24,2,321,330
2005-11-24,4,301,310
2005-11-24,5,1800,1900
2005-11-24,7,292,300
2005-11-24,10,700,800
2005-11-24,11,415,424
2005-11-24,12,1620,1670
2005-11-24,13,188,190
2005-11-24,14,405,415
2005-11-24,15,680,730
2005-11-24,16,208,210
2005-11-24,17,377,387
2005-11-24,18,750,900
2005-11-24,19,,
2005-11-24,20,1200,1250
2005-11-24,21,,
2005-11-24,22,480,510
2005-11-24,24,249,255
2005-11-24,25,380,400
2005-11-24,27,305,316
2005-11-24,28,157,182
2005-11-24,30,745,765
2005-11-24,32,143,148
2005-11-24,33,840,845
2005-11-24,34,178,183
2005-11-24,35,147,150
2005-11-24,37,149,154
2005-11-24,39,,
2005-11-24,42,,
2005-11-24,44,,
2005-11-24,52,124.5,126.5
2005-11-24,54,,
2005-11-24,58,,
2005-11-24,60,,
2005-11-24,61,,
2005-11-24,62,162,165
2005-11-24,63,260,270
2005-11-24,64,,
2005-11-24,65,254,264
2005-11-24,66,,
2005-11-24,68,175,185
2005-11-24,71,82,84
2005-11-24,74,62,65
2005-11-24,76,99,100
2005-11-24,77,135,136
2005-11-24,78,,
2005-11-24,79,117,119
2005-11-24,80,,
2005-11-24,81,124,126
2005-11-24,82,116,118
2005-11-24,83,122,124
2005-11-24,84,107,109
2005-11-24,85,130,132
2005-11-24,86,128,130
2005-11-24,87,86,87
2005-11-24,88,120,122
2005-11-24,89,90,91
2005-11-24,90,,
2005-11-24,91,117,120
2005-11-24,92,77,80
2005-11-24,93,90,92
2005-11-24,94,80,82
2005-11-24,95,,
2005-11-24,96,117,118
2005-11-24,97,,
2005-11-24,98,121,122
2005-11-24,99,,
2005-11-24,100,135,140
2005-11-24,101,111,112
2005-11-24,102,86,87
2005-11-24,103,94,97
2005-11-24,104,91,92
2005-11-24,106,98,100
2005-11-24,108,134,136
2005-11-24,109,216,218
2005-11-24,110,,
2005-11-24,111,219,222
2005-11-24,112,202,206
2005-11-24,117,203,204
2005-11-24,118,192,193
2005-11-24,119,215,216
2005-11-24,120,213,214
2005-11-24,121,210,212
2005-11-24,122,206,208
2005-11-24,123,232,234
2005-11-24,124,232,234
2005-11-24,132,153,156
2005-11-24,133,,
2005-11-24,134,,
2005-11-24,135,158,161
2005-11-24,136,,
2005-11-24,138,128,130
2005-11-24,139,124,125
2005-11-24,140,,
2005-11-24,141,,
2005-11-24,143,158,160
2005-11-24,144,100,101
2005-11-24,145,95,97
2005-11-24,150,127,129
2005-11-24,151,131,132
2005-11-24,152,133,134
2005-11-24,155,147,152
2005-11-24,156,161,163
2005-11-24,157,,
2005-11-24,158,133,135
2005-11-24,159,131,132
2005-11-24,161,265,270
2005-11-24,162,250,260
2005-11-24,163,265,270
2005-11-24,164,195,200
2005-11-24,165,185,190
2005-11-24,166,510,600
2005-11-24,167,153,156
2005-11-24,168,510,590
2005-11-24,169,385,465
2005-11-24,170,385,465
2005-11-24,171,390,465
2005-11-24,172,390,460
2005-11-24,173,470,540
2005-11-24,174,156,161
2005-12-01,2,321,330
2005-12-01,4,301,310
2005-12-01,5,1700,1800
2005-12-01,7,292,300
2005-12-01,10,750,850
2005-12-01,11,415,424
2005-12-01,12,1620,1670
2005-12-01,13,188,190
2005-12-01,14,405,415
2005-12-01,15,680,730
2005-12-01,16,208,210
2005-12-01,17,377,387
2005-12-01,18,800,950
2005-12-01,19,,
2005-12-01,20,1200,1250
2005-12-01,21,,
2005-12-01,22,480,510
2005-12-01,24,249,255
2005-12-01,25,380,400
2005-12-01,27,305,316
2005-12-01,28,157,182
2005-12-01,30,750,770
2005-12-01,32,143,148
2005-12-01,33,845,850
2005-12-01,34,178,183
2005-12-01,35,148,151
2005-12-01,37,149,154
2005-12-01,39,,
2005-12-01,42,,
2005-12-01,44,,
2005-12-01,52,124.5,126.5
2005-12-01,54,,
2005-12-01,58,,
2005-12-01,60,,
2005-12-01,61,,
2005-12-01,62,162,165
2005-12-01,63,260,270
2005-12-01,64,,
2005-12-01,65,254,264
2005-12-01,66,,
2005-12-01,68,175,185
2005-12-01,71,82,84
2005-12-01,74,62,65
2005-12-01,76,99,100
2005-12-01,77,136,137
2005-12-01,78,,
2005-12-01,79,118,120
2005-12-01,80,,
2005-12-01,81,124,126
2005-12-01,82,116,118
2005-12-01,83,123,125
2005-12-01,84,107,109
2005-12-01,85,130,132
2005-12-01,86,128,130
2005-12-01,87,86,87
2005-12-01,88,120,122
2005-12-01,89,90,91
2005-12-01,90,,
2005-12-01,91,117,120
2005-12-01,92,77,80
2005-12-01,93,90,92
2005-12-01,94,80,82
2005-12-01,95,,
2005-12-01,96,117,118
2005-12-01,97,,
2005-12-01,98,121,122
2005-12-01,99,,
2005-12-01,100,135,140
2005-12-01,101,111,112
2005-12-01,102,86,87
2005-12-01,103,94,97
2005-12-01,104,91,92
2005-12-01,106,98,100
2005-12-01,108,134,136
2005-12-01,109,216,218
2005-12-01,110,,
2005-12-01,111,219,222
2005-12-01,112,202,206
2005-12-01,117,211,212
2005-12-01,118,197,198
2005-12-01,119,220,221
2005-12-01,120,218,219
2005-12-01,121,218,220
2005-12-01,122,211,213
2005-12-01,123,240,242
2005-12-01,124,237,239
2005-12-01,132,154,157
2005-12-01,133,,
2005-12-01,134,,
2005-12-01,135,159,162
2005-12-01,136,,
2005-12-01,138,128,130
2005-12-01,139,124,125
2005-12-01,140,,
2005-12-01,141,,
2005-12-01,143,158,160
2005-12-01,144,100,101
2005-12-01,145,95,97
2005-12-01,150,128,130
2005-12-01,151,132,133
2005-12-01,152,134,135
2005-12-01,155,147,152
2005-12-01,156,161,163
2005-12-01,157,,
2005-12-01,158,133,135
2005-12-01,159,131,132
2005-12-01,161,275,280
2005-12-01,162,250,260
2005-12-01,163,275,280
2005-12-01,164,195,200
2005-12-01,165,190,195
2005-12-01,166,520,620
2005-12-01,167,154,157
2005-12-01,168,520,610
2005-12-01,169,385,465
2005-12-01,170,385,465
2005-12-01,171,390,465
2005-12-01,172,400,470
2005-12-01,173,480,550
2005-12-01,174,156,161
2005-12-07,2,321,330
2005-12-07,4,301,310
2005-12-07,5,1700,1800
2005-12-07,7,292,300
2005-12-07,10,750,850
2005-12-07,11,415,424
2005-12-07,12,1620,1670
2005-12-07,13,188,190
2005-12-07,14,405,415
2005-12-07,15,680,730
2005-12-07,16,206,208
2005-12-07,17,377,387
2005-12-07,18,800,950
2005-12-07,19,,
2005-12-07,20,1200,1250
2005-12-07,21,,
2005-12-07,22,480,510
2005-12-07,24,249,255
2005-12-07,25,380,400
2005-12-07,27,305,316
2005-12-07,28,157,182
2005-12-07,30,750,770
2005-12-07,32,143,148
2005-12-07,33,845,850
2005-12-07,34,178,183
2005-12-07,35,148,151
2005-12-07,37,149,154
2005-12-07,39,,
2005-12-07,42,,
2005-12-07,44,,
2005-12-07,52,125.5,127.5
2005-12-07,54,,
2005-12-07,58,,
2005-12-07,60,,
2005-12-07,61,,
2005-12-07,62,162,165
2005-12-07,63,260,270
2005-12-07,64,,
2005-12-07,65,254,264
2005-12-07,66,,
2005-12-07,68,175,185
2005-12-07,71,82,84
2005-12-07,74,62,65
2005-12-07,76,99,100
2005-12-07,77,137,138
2005-12-07,78,,
2005-12-07,79,119,121
2005-12-07,80,,
2005-12-07,81,124,126
2005-12-07,82,116,118
2005-12-07,83,123,125
2005-12-07,84,107,109
2005-12-07,85,130,132
2005-12-07,86,128,130
2005-12-07,87,89,90
2005-12-07,88,120,122
2005-12-07,89,93,94
2005-12-07,90,,
2005-12-07,91,117,120
2005-12-07,92,77,80
2005-12-07,93,93,95
2005-12-07,94,80,82
2005-12-07,95,,
2005-12-07,96,120,121
2005-12-07,97,,
2005-12-07,98,124,125
2005-12-07,99,,
2005-12-07,100,135,140
2005-12-07,101,111,112
2005-12-07,102,89,90
2005-12-07,103,94,97
2005-12-07,104,94,95
2005-12-07,106,98,100
2005-12-07,108,132,134
2005-12-07,109,216,218
2005-12-07,110,,
2005-12-07,111,219,222
2005-12-07,112,202,206
2005-12-07,117,215,216
2005-12-07,118,201,202
2005-12-07,119,222,223
2005-12-07,120,220,221
2005-12-07,121,222,224
2005-12-07,122,215,217
2005-12-07,123,242,244
2005-12-07,124,239,241
2005-12-07,132,156,159
2005-12-07,133,,
2005-12-07,134,,
2005-12-07,135,161,164
2005-12-07,136,,
2005-12-07,138,129,131
2005-12-07,139,125,126
2005-12-07,140,,
2005-12-07,141,,
2005-12-07,143,158,160
2005-12-07,144,100,101
2005-12-07,145,97,98
2005-12-07,150,129,131
2005-12-07,151,133,134
2005-12-07,152,135,136
2005-12-07,155,148,153
2005-12-07,156,161,163
2005-12-07,157,,
2005-12-07,158,133,135
2005-12-07,159,131,132
2005-12-07,161,275,280
2005-12-07,162,250,260
2005-12-07,163,275,280
2005-12-07,164,195,200
2005-12-07,165,190,195
2005-12-07,166,520,620
2005-12-07,167,156,159
2005-12-07,168,520,610
2005-12-07,169,385,465
2005-12-07,170,385,465
2005-12-07,171,390,465
2005-12-07,172,400,470
2005-12-07,173,480,550
2005-12-07,174,156,161
2005-12-15,2,321,330
2005-12-15,4,301,310
2005-12-15,5,1700,1800
2005-12-15,7,292,300
2005-12-15,10,750,850
2005-12-15,11,415,424
2005-12-15,12,1620,1670
2005-12-15,13,186,188
2005-12-15,14,405,415
2005-12-15,15,680,730
2005-12-15,16,204,206
2005-12-15,17,377,387
2005-12-15,18,800,950
2005-12-15,19,,
2005-12-15,20,1200,1250
2005-12-15,21,,
2005-12-15,22,480,510
2005-12-15,24,249,255
2005-12-15,25,380,400
2005-12-15,27,305,316
2005-12-15,28,157,182
2005-12-15,30,750,770
2005-12-15,32,145,150
2005-12-15,33,845,850
2005-12-15,34,181,186
2005-12-15,35,148,151
2005-12-15,37,149,154
2005-12-15,39,,
2005-12-15,42,,
2005-12-15,44,,
2005-12-15,52,127,129
2005-12-15,54,,
2005-12-15,58,,
2005-12-15,60,,
2005-12-15,61,,
2005-12-15,62,162,165
2005-12-15,63,260,270
2005-12-15,64,,
2005-12-15,65,254,264
2005-12-15,66,,
2005-12-15,68,175,185
2005-12-15,71,82,84
2005-12-15,74,62,65
2005-12-15,76,101,102
2005-12-15,77,139,140
2005-12-15,78,,
2005-12-15,79,120,122
2005-12-15,80,,
2005-12-15,81,124,126
2005-12-15,82,116,118
2005-12-15,83,124,126
2005-12-15,84,107,109
2005-12-15,85,130,132
2005-12-15,86,128,130
2005-12-15,87,91,92
2005-12-15,88,120,122
2005-12-15,89,95,96
2005-12-15,90,,
2005-12-15,91,119,122
2005-12-15,92,77,80
2005-12-15,93,93,95
2005-12-15,94,80,82
2005-12-15,95,,
2005-12-15,96,122,123
2005-12-15,97,,
2005-12-15,98,126,127
2005-12-15,99,,
2005-12-15,100,137,142
2005-12-15,101,111,112
2005-12-15,102,89,90
2005-12-15,103,94,97
2005-12-15,104,94,95
2005-12-15,106,101,103
2005-12-15,108,132,134
2005-12-15,109,221,223
2005-12-15,110,,
2005-12-15,111,224,227
2005-12-15,112,202,206
2005-12-15,117,223,224
2005-12-15,118,209,210
2005-12-15,119,230,231
2005-12-15,120,228,229
2005-12-15,121,230,232
2005-12-15,122,223,225
2005-12-15,123,250,252
2005-12-15,124,247,249
2005-12-15,132,159,162
2005-12-15,133,,
2005-12-15,134,,
2005-12-15,135,164,167
2005-12-15,136,,
2005-12-15,138,129,131
2005-12-15,139,126.5,127.5
2005-12-15,140,,
2005-12-15,141,,
2005-12-15,143,158,160
2005-12-15,144,102,103
2005-12-15,145,97,98
2005-12-15,150,131,133
2005-12-15,151,135,136
2005-12-15,152,137,138
2005-12-15,155,148,153
2005-12-15,156,161,163
2005-12-15,157,,
2005-12-15,158,134,136
2005-12-15,159,132,133
2005-12-15,161,280,285
2005-12-15,162,260,270
2005-12-15,163,285,290
2005-12-15,164,200,205
2005-12-15,165,195,200
2005-12-15,166,530,630
2005-12-15,167,159,162
2005-12-15,168,530,620
2005-12-15,169,390,470
2005-12-15,170,390,470
2005-12-15,171,395,470
2005-12-15,172,400,470
2005-12-15,173,480,550
2005-12-15,174,158,163
2005-12-22,2,321,330
2005-12-22,4,301,310
2005-12-22,5,1700,1800
2005-12-22,7,292,300
2005-12-22,10,750,850
2005-12-22,11,415,424
2005-12-22,12,1620,1670
2005-12-22,13,186,188
2005-12-22,14,405,415
2005-12-22,15,680,730
2005-12-22,16,204,206
2005-12-22,17,377,387
2005-12-22,18,800,950
2005-12-22,19,,
2005-12-22,20,1200,1250
2005-12-22,21,,
2005-12-22,22,480,510
2005-12-22,24,249,255
2005-12-22,25,380,400
2005-12-22,27,305,316
2005-12-22,28,157,182
2005-12-22,30,750,770
2005-12-22,32,146,151
2005-12-22,33,855,860
2005-12-22,34,181,186
2005-12-22,35,148,151
2005-12-22,37,149,154
2005-12-22,39,,
2005-12-22,42,,
2005-12-22,44,,
2005-12-22,52,129,131
2005-12-22,54,,
2005-12-22,58,,
2005-12-22,60,,
2005-12-22,61,,
2005-12-22,62,162,165
2005-12-22,63,260,270
2005-12-22,64,,
2005-12-22,65,254,264
2005-12-22,66,,
2005-12-22,68,165,175
2005-12-22,71,82,84
2005-12-22,74,62,65
2005-12-22,76,104,105
2005-12-22,77,139,140
2005-12-22,78,,
2005-12-22,79,121,123
2005-12-22,80,,
2005-12-22,81,125,127
2005-12-22,82,117,119
2005-12-22,83,126,128
2005-12-22,84,107,109
2005-12-22,85,130,132
2005-12-22,86,128,130
2005-12-22,87,94,95
2005-12-22,88,120,122
2005-12-22,89,98,99
2005-12-22,90,,
2005-12-22,91,122,125
2005-12-22,92,77,80
2005-12-22,93,99,101
2005-12-22,94,80,82
2005-12-22,95,,
2005-12-22,96,125,126
2005-12-22,97,,
2005-12-22,98,129,130
2005-12-22,99,,
2005-12-22,100,140,145
2005-12-22,101,111,112
2005-12-22,102,92,93
2005-12-22,103,94,97
2005-12-22,104,100,101
2005-12-22,106,107,109
2005-12-22,108,132,134
2005-12-22,109,226,228
2005-12-22,110,,
2005-12-22,111,229,232
2005-12-22,112,202,206
2005-12-22,117,232,233
2005-12-22,118,218,219
2005-12-22,119,239,240
2005-12-22,120,237,238
2005-12-22,121,239,241
2005-12-22,122,232,234
2005-12-22,123,259,261
2005-12-22,124,256,258
2005-12-22,132,163,166
2005-12-22,133,,
2005-12-22,134,,
2005-12-22,135,168,171
2005-12-22,136,,
2005-12-22,138,130,132
2005-12-22,139,127.5,128.5
2005-12-22,140,,
2005-12-22,141,,
2005-12-22,143,160,162
2005-12-22,144,103,104
2005-12-22,145,98,99
2005-12-22,150,131,133
2005-12-22,151,135,136
2005-12-22,152,137,138
2005-12-22,155,148,153
2005-12-22,156,161,163
2005-12-22,157,,
2005-12-22,158,136,138
2005-12-22,159,134,135
2005-12-22,161,285,290
2005-12-22,162,270,280
2005-12-22,163,295,300
2005-12-22,164,205,210
2005-12-22,165,200,205
2005-12-22,166,540,640
2005-12-22,167,163,166
2005-12-22,168,540,630
2005-12-22,169,400,480
2005-12-22,170,400,480
2005-12-22,171,395,470
2005-12-22,172,400,470
2005-12-22,173,485,555
2005-12-22,174,158,163
2005-12-29,2,321,330
2005-12-29,4,301,310
2005-12-29,5,1700,1800
2005-12-29,7,292,300
2005-12-29,10,800,900
2005-12-29,11,415,424
2005-12-29,12,1620,1670
2005-12-29,13,186,188
2005-12-29,14,405,415
2005-12-29,15,680,730
2005-12-29,16,204,206
2005-12-29,17,377,387
2005-12-29,18,800,950
2005-12-29,19,,
2005-12-29,20,1200,1250
2005-12-29,21,,
2005-12-29,22,480,510
2005-12-29,24,256,262
2005-12-29,25,380,400
2005-12-29,27,312,323
2005-12-29,28,157,182
2005-12-29,30,750,770
2005-12-29,32,146,151
2005-12-29,33,860,865
2005-12-29,34,181,186
2005-12-29,35,148,151
2005-12-29,37,149,154
2005-12-29,39,,
2005-12-29,42,,
2005-12-29,44,,
2005-12-29,52,130,132
2005-12-29,54,,
2005-12-29,58,,
2005-12-29,60,,
2005-12-29,61,,
2005-12-29,62,162,165
2005-12-29,63,260,270
2005-12-29,64,,
2005-12-29,65,254,264
2005-12-29,66,,
2005-12-29,68,165,175
2005-12-29,71,82,84
2005-12-29,74,62,65
2005-12-29,76,104,105
2005-12-29,77,139,140
2005-12-29,78,,
2005-12-29,79,123,125
2005-12-29,80,,
2005-12-29,81,125,127
2005-12-29,82,117,119
2005-12-29,83,126,128
2005-12-29,84,107,109
2005-12-29,85,130,132
2005-12-29,86,128,130
2005-12-29,87,97,98
2005-12-29,88,120,122
2005-12-29,89,101,102
2005-12-29,90,,
2005-12-29,91,122,125
2005-12-29,92,77,80
2005-12-29,93,99,101
2005-12-29,94,80,82
2005-12-29,95,,
2005-12-29,96,128,129
2005-12-29,97,,
2005-12-29,98,132,133
2005-12-29,99,,
2005-12-29,100,140,145
2005-12-29,101,111,112
2005-12-29,102,95,96
2005-12-29,103,94,97
2005-12-29,104,100,101
2005-12-29,106,108,110
2005-12-29,108,132,134
2005-12-29,109,226,228
2005-12-29,110,,
2005-12-29,111,229,232
2005-12-29,112,202,206
2005-12-29,117,235,236
2005-12-29,118,218,219
2005-12-29,119,242,243
2005-12-29,120,240,241
2005-12-29,121,242,244
2005-12-29,122,232,234
2005-12-29,123,259,261
2005-12-29,124,256,258
2005-12-29,132,166,169
2005-12-29,133,,
2005-12-29,134,,
2005-12-29,135,171,174
2005-12-29,136,,
2005-12-29,138,130,132
2005-12-29,139,127.5,128.5
2005-12-29,140,,
2005-12-29,141,,
2005-12-29,143,160,162
2005-12-29,144,104,105
2005-12-29,145,99,100
2005-12-29,150,131,133
2005-12-29,151,135,136
2005-12-29,152,137,138
2005-12-29,155,148,153
2005-12-29,156,161,163
2005-12-29,157,,
2005-12-29,158,136,138
2005-12-29,159,134,135
2005-12-29,161,285,290
2005-12-29,162,270,280
2005-12-29,163,295,300
2005-12-29,164,205,210
2005-12-29,165,200,205
2005-12-29,166,540,640
2005-12-29,167,166,169
2005-12-29,168,540,630
2005-12-29,169,400,480
2005-12-29,170,400,480
2005-12-29,171,395,470
2005-12-29,172,400,470
2005-12-29,173,485,555
2005-12-29,174,158,163
