date,code,low,high
2007-01-04,2,343,352
2007-01-04,4,323,332
2007-01-04,5,3100,3200
2007-01-04,7,314,322
2007-01-04,10,780,880
2007-01-04,11,437,446
2007-01-04,12,,
2007-01-04,13,218,220
2007-01-04,14,427,437
2007-01-04,15,850,900
2007-01-04,16,225,227
2007-01-04,17,399,409
2007-01-04,18,800,900
2007-01-04,19,,
2007-01-04,20,960,990
2007-01-04,21,,
2007-01-04,22,480,530
2007-01-04,24,310,316
2007-01-04,25,430,450
2007-01-04,27,366,377
2007-01-04,28,,
2007-01-04,30,1130,1150
2007-01-04,32,236,240
2007-01-04,33,1305,1310
2007-01-04,34,263,268
2007-01-04,35,187,192
2007-01-04,37,190,195
2007-01-04,39,315,320
2007-01-04,42,,
2007-01-04,44,,
2007-01-04,52,169.5,170.5
2007-01-04,54,,
2007-01-04,58,,
2007-01-04,60,,
2007-01-04,61,,
2007-01-04,62,153,155
2007-01-04,63,255,265
2007-01-04,64,,
2007-01-04,65,250,260
2007-01-04,66,,
2007-01-04,68,153,163
2007-01-04,71,117,119
2007-01-04,74,95,98
2007-01-04,76,118,119
2007-01-04,77,174,175
2007-01-04,78,,
2007-01-04,79,158,160
2007-01-04,80,,
2007-01-04,81,147,149
2007-01-04,82,140,142
2007-01-04,83,176,178
2007-01-04,84,114,116
2007-01-04,85,152,154
2007-01-04,86,148,150
2007-01-04,87,141,142
2007-01-04,88,130,132
2007-01-04,89,146,147
2007-01-04,90,,
2007-01-04,91,166,169
2007-01-04,92,80,83
2007-01-04,93,130,132
2007-01-04,94,108,110
2007-01-04,95,,
2007-01-04,96,172,173
2007-01-04,97,,
2007-01-04,98,177,178
2007-01-04,99,,
2007-01-04,100,191,196
2007-01-04,101,105,106
2007-01-04,102,135,136
2007-01-04,103,103,106
2007-01-04,104,131,132
2007-01-04,106,157,159
2007-01-04,108,171,173
2007-01-04,109,228,230
2007-01-04,110,,
2007-01-04,111,231,234
2007-01-04,112,,
2007-01-04,118,208,209
2007-01-04,119,232,233
2007-01-04,120,230,231
2007-01-04,121,235,237
2007-01-04,122,232,234
2007-01-04,123,247,249
2007-01-04,124,244,246
2007-01-04,132,190,192
2007-01-04,133,,
2007-01-04,134,,
2007-01-04,135,194,196
2007-01-04,136,,
2007-01-04,139,174.5,176.5
2007-01-04,140,,
2007-01-04,141,,
2007-01-04,143,205,207
2007-01-04,144,147,148
2007-01-04,145,,
2007-01-04,150,,
2007-01-04,151,166,168
2007-01-04,152,170,172
2007-01-04,156,193,195
2007-01-04,157,,
2007-01-04,158,,
2007-01-04,159,,
2007-01-04,161,410,420
2007-01-04,162,445,455
2007-01-04,163,340,350
2007-01-04,164,275,285
2007-01-04,165,230,240
2007-01-04,166,790,960
2007-01-04,167,,
2007-01-04,168,690,830
2007-01-04,169,510,630
2007-01-04,170,510,630
2007-01-04,171,420,530
2007-01-04,172,500,620
2007-01-04,173,550,690
2007-01-04,174,,
2007-01-04,179,221,222
2007-01-04,180,217,218
2007-01-04,182,177.5,179.5
2007-01-04,183,179.5,183.5
2007-01-11,2,343,352
2007-01-11,4,323,332
2007-01-11,5,3100,3200
2007-01-11,7,314,322
2007-01-11,10,780,880
2007-01-11,11,437,446
2007-01-11,12,,
2007-01-11,13,216,218
2007-01-11,14,427,437
2007-01-11,15,850,900
2007-01-11,16,223,225
2007-01-11,17,399,409
2007-01-11,18,800,900
2007-01-11,19,,
2007-01-11,20,960,990
2007-01-11,21,,
2007-01-11,22,480,530
2007-01-11,24,310,316
2007-01-11,25,430,450
2007-01-11,27,366,377
2007-01-11,28,,
2007-01-11,30,1130,1150
2007-01-11,32,243,247
2007-01-11,33,1295,1300
2007-01-11,34,270,275
2007-01-11,35,187,192
2007-01-11,37,200,205
2007-01-11,39,315,320
2007-01-11,42,,
2007-01-11,44,,
2007-01-11,52,171.5,172.5
2007-01-11,54,,
2007-01-11,58,,
2007-01-11,60,,
2007-01-11,61,,
2007-01-11,62,153,155
2007-01-11,63,255,265
2007-01-11,64,,
2007-01-11,65,250,260
2007-01-11,66,,
2007-01-11,68,153,163
2007-01-11,71,119,121
2007-01-11,74,97,100
2007-01-11,76,118,119
2007-01-11,77,176,177
2007-01-11,78,,
2007-01-11,79,158,160
2007-01-11,80,,
2007-01-11,83,176,178
2007-01-11,85,152,154
2007-01-11,86,148,150
2007-01-11,87,137,138
2007-01-11,88,130,132
2007-01-11,89,142,143
2007-01-11,90,,
2007-01-11,91,166,169
2007-01-11,93,130,132
2007-01-11,95,,
2007-01-11,96,168,169
2007-01-11,97,,
2007-01-11,98,173,174
2007-01-11,99,,
2007-01-11,100,191,196
2007-01-11,101,105,106
2007-01-11,102,135,136
2007-01-11,103,103,106
2007-01-11,104,131,132
2007-01-11,106,155,157
2007-01-11,108,175,177
2007-01-11,109,228,230
2007-01-11,110,,
2007-01-11,111,231,234
2007-01-11,112,,
2007-01-11,118,212,213
2007-01-11,119,236,237
2007-01-11,120,234,235
2007-01-11,121,237,239
2007-01-11,122,234,236
2007-01-11,123,249,251
2007-01-11,124,246,248
2007-01-11,132,190,192
2007-01-11,133,,
2007-01-11,134,,
2007-01-11,135,194,196
2007-01-11,136,,
2007-01-11,139,174.5,176.5
2007-01-11,140,,
2007-01-11,141,,
2007-01-11,143,207,209
2007-01-11,144,154,155
2007-01-11,145,,
2007-01-11,150,,
2007-01-11,151,168,170
2007-01-11,152,172,174
2007-01-11,156,193,195
2007-01-11,157,,
2007-01-11,158,,
2007-01-11,159,,
2007-01-11,161,410,420
2007-01-11,162,445,455
2007-01-11,163,340,350
2007-01-11,164,275,285
2007-01-11,165,230,240
2007-01-11,166,790,960
2007-01-11,167,,
2007-01-11,168,690,830
2007-01-11,169,510,630
2007-01-11,170,510,630
2007-01-11,171,420,530
2007-01-11,172,500,620
2007-01-11,173,550,690
2007-01-11,174,,
2007-01-11,179,225,226
2007-01-11,180,221,222
2007-01-11,182,177.5,179.5
2007-01-11,183,179.5,183.5
2007-01-11,184,147,149
2007-01-11,185,140,142
2007-01-11,186,114,116
2007-01-11,187,85,88
2007-01-11,188,115,117
2007-01-18,2,343,352
2007-01-18,4,323,332
2007-01-18,5,3100,3200
2007-01-18,7,314,322
2007-01-18,10,780,880
2007-01-18,11,437,446
2007-01-18,12,,
2007-01-18,13,221,223
2007-01-18,14,427,437
2007-01-18,15,850,900
2007-01-18,16,225,227
2007-01-18,17,399,409
2007-01-18,18,800,900
2007-01-18,19,,
2007-01-18,20,960,990
2007-01-18,21,,
2007-01-18,22,480,530
2007-01-18,24,310,316
2007-01-18,25,430,450
2007-01-18,27,366,377
2007-01-18,28,,
2007-01-18,30,1130,1150
2007-01-18,32,251,255
2007-01-18,33,1295,1300
2007-01-18,34,278,283
2007-01-18,35,195,200
2007-01-18,37,208,213
2007-01-18,39,325,330
2007-01-18,42,,
2007-01-18,44,,
2007-01-18,52,173.5,174.5
2007-01-18,54,,
2007-01-18,58,,
2007-01-18,60,,
2007-01-18,61,,
2007-01-18,62,153,155
2007-01-18,63,255,265
2007-01-18,64,,
2007-01-18,65,250,260
2007-01-18,66,,
2007-01-18,68,153,163
2007-01-18,71,121,123
2007-01-18,74,99,102
2007-01-18,76,122,123
2007-01-18,77,178,179
2007-01-18,78,,
2007-01-18,79,163,165
2007-01-18,80,,
2007-01-18,83,178,180
2007-01-18,85,152,154
2007-01-18,86,148,150
2007-01-18,87,130,131
2007-01-18,88,130,132
2007-01-18,89,135,136
2007-01-18,90,,
2007-01-18,91,164,167
2007-01-18,93,127,129
2007-01-18,95,,
2007-01-18,96,161,162
2007-01-18,97,,
2007-01-18,98,166,167
2007-01-18,99,,
2007-01-18,100,188,193
2007-01-18,101,105,106
2007-01-18,102,128,129
2007-01-18,103,103,106
2007-01-18,104,128,129
2007-01-18,106,147,149
2007-01-18,108,178,180
2007-01-18,109,240,242
2007-01-18,110,,
2007-01-18,111,243,246
2007-01-18,112,,
2007-01-18,118,228,229
2007-01-18,119,252,253
2007-01-18,120,250,251
2007-01-18,121,253,255
2007-01-18,122,250,252
2007-01-18,123,265,267
2007-01-18,124,262,264
2007-01-18,132,190,192
2007-01-18,133,,
2007-01-18,134,,
2007-01-18,135,195,197
2007-01-18,136,,
2007-01-18,139,176,178
2007-01-18,140,,
2007-01-18,141,,
2007-01-18,143,209,211
2007-01-18,144,159,160
2007-01-18,145,,
2007-01-18,150,,
2007-01-18,151,170,172
2007-01-18,152,174,176
2007-01-18,156,195,197
2007-01-18,157,,
2007-01-18,158,,
2007-01-18,159,,
2007-01-18,161,410,420
2007-01-18,162,445,455
2007-01-18,163,340,350
2007-01-18,164,275,285
2007-01-18,165,230,240
2007-01-18,166,790,960
2007-01-18,167,,
2007-01-18,168,690,830
2007-01-18,169,510,630
2007-01-18,170,510,630
2007-01-18,171,420,530
2007-01-18,172,500,620
2007-01-18,173,550,690
2007-01-18,174,,
2007-01-18,179,241,242
2007-01-18,180,237,238
2007-01-18,182,179,181
2007-01-18,183,181,185
2007-01-18,184,147,149
2007-01-18,185,140,142
2007-01-18,186,114,116
2007-01-18,187,85,88
2007-01-18,188,115,117
2007-01-25,2,343,352
2007-01-25,4,323,332
2007-01-25,5,3100,3200
2007-01-25,7,314,322
2007-01-25,10,780,880
2007-01-25,11,437,446
2007-01-25,12,,
2007-01-25,13,221,223
2007-01-25,14,427,437
2007-01-25,15,850,900
2007-01-25,16,225,227
2007-01-25,17,399,409
2007-01-25,18,800,900
2007-01-25,19,,
2007-01-25,20,960,990
2007-01-25,21,,
2007-01-25,22,480,530
2007-01-25,24,310,316
2007-01-25,25,430,450
2007-01-25,27,366,377
2007-01-25,28,,
2007-01-25,30,1120,1140
2007-01-25,32,251,255
2007-01-25,33,1285,1290
2007-01-25,34,278,283
2007-01-25,35,195,200
2007-01-25,37,208,213
2007-01-25,39,325,330
2007-01-25,42,,
2007-01-25,44,,
2007-01-25,52,173.5,174.5
2007-01-25,54,,
2007-01-25,58,,
2007-01-25,60,,
2007-01-25,61,,
2007-01-25,62,153,155
2007-01-25,63,255,265
2007-01-25,64,,
2007-01-25,65,250,260
2007-01-25,66,,
2007-01-25,68,153,163
2007-01-25,71,121,123
2007-01-25,74,99,102
2007-01-25,76,122,123
2007-01-25,77,178,179
2007-01-25,78,,
2007-01-25,79,163,165
2007-01-25,80,,
2007-01-25,83,178,180
2007-01-25,85,152,154
2007-01-25,86,148,150
2007-01-25,87,123,124
2007-01-25,88,130,132
2007-01-25,89,128,129
2007-01-25,90,,
2007-01-25,91,154,157
2007-01-25,93,118,120
2007-01-25,95,,
2007-01-25,96,154,155
2007-01-25,97,,
2007-01-25,98,159,160
2007-01-25,99,,
2007-01-25,100,178,183
2007-01-25,101,105,106
2007-01-25,102,119,120
2007-01-25,103,103,106
2007-01-25,104,119,120
2007-01-25,106,128,130
2007-01-25,108,178,180
2007-01-25,109,238,240
2007-01-25,110,,
2007-01-25,111,241,244
2007-01-25,112,,
2007-01-25,118,220,221
2007-01-25,119,244,245
2007-01-25,120,242,243
2007-01-25,121,245,247
2007-01-25,122,242,244
2007-01-25,123,257,259
2007-01-25,124,254,256
2007-01-25,132,190,192
2007-01-25,133,,
2007-01-25,134,,
2007-01-25,135,195,197
2007-01-25,136,,
2007-01-25,139,176,178
2007-01-25,140,,
2007-01-25,141,,
2007-01-25,143,209,211
2007-01-25,144,162,163
2007-01-25,145,,
2007-01-25,150,,
2007-01-25,151,170,172
2007-01-25,152,174,176
2007-01-25,156,195,197
2007-01-25,157,,
2007-01-25,158,,
2007-01-25,159,,
2007-01-25,161,410,420
2007-01-25,162,445,455
2007-01-25,163,340,350
2007-01-25,164,275,285
2007-01-25,165,230,240
2007-01-25,166,790,960
2007-01-25,167,,
2007-01-25,168,690,830
2007-01-25,169,510,630
2007-01-25,170,510,630
2007-01-25,171,420,530
2007-01-25,172,500,620
2007-01-25,173,550,690
2007-01-25,174,,
2007-01-25,179,233,234
2007-01-25,180,229,230
2007-01-25,182,179,181
2007-01-25,183,181,185
2007-01-25,184,147,149
2007-01-25,185,140,142
2007-01-25,186,116,118
2007-01-25,187,85,88
2007-01-25,188,115,117
2007-02-01,2,343,352
2007-02-01,4,323,332
2007-02-01,5,3100,3200
2007-02-01,7,314,322
2007-02-01,10,780,880
2007-02-01,11,437,446
2007-02-01,12,,
2007-02-01,13,218,220
2007-02-01,14,427,437
2007-02-01,15,850,900
2007-02-01,16,225,227
2007-02-01,17,399,409
2007-02-01,18,800,900
2007-02-01,19,,
2007-02-01,20,960,990
2007-02-01,21,,
2007-02-01,22,480,530
2007-02-01,24,310,316
2007-02-01,25,430,450
2007-02-01,27,366,377
2007-02-01,28,,
2007-02-01,30,1120,1140
2007-02-01,32,251,255
2007-02-01,33,1285,1290
2007-02-01,34,278,283
2007-02-01,35,195,200
2007-02-01,37,208,213
2007-02-01,39,325,330
2007-02-01,42,,
2007-02-01,44,,
2007-02-01,52,172,173
2007-02-01,54,,
2007-02-01,58,,
2007-02-01,60,,
2007-02-01,61,,
2007-02-01,62,153,155
2007-02-01,63,260,270
2007-02-01,64,,
2007-02-01,65,255,265
2007-02-01,66,,
2007-02-01,68,153,163
2007-02-01,71,123,125
2007-02-01,74,101,104
2007-02-01,76,122,123
2007-02-01,77,180,181
2007-02-01,78,,
2007-02-01,79,164,166
2007-02-01,80,,
2007-02-01,83,178,180
2007-02-01,85,152,154
2007-02-01,86,148,150
2007-02-01,87,117,118
2007-02-01,88,130,132
2007-02-01,89,122,123
2007-02-01,90,,
2007-02-01,91,146,149
2007-02-01,93,116,118
2007-02-01,95,,
2007-02-01,96,148,149
2007-02-01,97,,
2007-02-01,98,153,154
2007-02-01,99,,
2007-02-01,100,170,175
2007-02-01,101,105,106
2007-02-01,102,114,115
2007-02-01,103,103,106
2007-02-01,104,117,118
2007-02-01,106,121,123
2007-02-01,108,178,180
2007-02-01,109,238,240
2007-02-01,110,,
2007-02-01,111,241,244
2007-02-01,112,,
2007-02-01,118,217,218
2007-02-01,119,241,242
2007-02-01,120,239,240
2007-02-01,121,241,243
2007-02-01,122,238,240
2007-02-01,123,253,255
2007-02-01,124,250,252
2007-02-01,132,190,192
2007-02-01,133,,
2007-02-01,134,,
2007-02-01,135,195,197
2007-02-01,136,,
2007-02-01,139,176,178
2007-02-01,140,,
2007-02-01,141,,
2007-02-01,143,208,210
2007-02-01,144,166,167
2007-02-01,145,,
2007-02-01,150,,
2007-02-01,151,172,174
2007-02-01,152,176,178
2007-02-01,156,195,197
2007-02-01,157,,
2007-02-01,158,,
2007-02-01,159,,
2007-02-01,161,410,420
2007-02-01,162,445,455
2007-02-01,163,340,350
2007-02-01,164,275,285
2007-02-01,165,230,240
2007-02-01,166,790,960
2007-02-01,167,,
2007-02-01,168,690,830
2007-02-01,169,510,630
2007-02-01,170,510,630
2007-02-01,171,420,530
2007-02-01,172,500,620
2007-02-01,173,550,690
2007-02-01,174,,
2007-02-01,179,230,231
2007-02-01,180,226,227
2007-02-01,182,178,180
2007-02-01,183,180,184
2007-02-01,184,147,149
2007-02-01,185,140,142
2007-02-01,186,116,118
2007-02-01,187,85,88
2007-02-01,188,115,117
2007-02-08,2,343,352
2007-02-08,4,323,332
2007-02-08,5,,
2007-02-08,7,314,322
2007-02-08,10,780,880
2007-02-08,11,437,446
2007-02-08,12,,
2007-02-08,13,216,218
2007-02-08,14,427,437
2007-02-08,15,850,900
2007-02-08,16,223,225
2007-02-08,17,399,409
2007-02-08,18,800,900
2007-02-08,19,,
2007-02-08,20,960,990
2007-02-08,21,,
2007-02-08,22,480,530
2007-02-08,24,310,316
2007-02-08,25,430,450
2007-02-08,27,366,377
2007-02-08,28,,
2007-02-08,30,1120,1140
2007-02-08,32,251,255
2007-02-08,33,1285,1290
2007-02-08,34,278,283
2007-02-08,35,195,200
2007-02-08,37,208,213
2007-02-08,39,325,330
2007-02-08,42,,
2007-02-08,44,,
2007-02-08,52,171,172
2007-02-08,54,,
2007-02-08,58,,
2007-02-08,60,,
2007-02-08,61,,
2007-02-08,62,153,155
2007-02-08,63,265,275
2007-02-08,64,,
2007-02-08,65,260,270
2007-02-08,66,,
2007-02-08,68,153,163
2007-02-08,71,125,127
2007-02-08,74,103,106
2007-02-08,76,122,123
2007-02-08,77,180,181
2007-02-08,78,,
2007-02-08,79,164,166
2007-02-08,80,,
2007-02-08,83,178,180
2007-02-08,85,152,154
2007-02-08,86,148,150
2007-02-08,87,117,118
2007-02-08,88,130,132
2007-02-08,89,122,123
2007-02-08,90,,
2007-02-08,91,146,149
2007-02-08,93,116,118
2007-02-08,95,,
2007-02-08,96,148,149
2007-02-08,97,,
2007-02-08,98,153,154
2007-02-08,99,,
2007-02-08,100,170,175
2007-02-08,101,105,106
2007-02-08,102,114,115
2007-02-08,103,103,106
2007-02-08,104,117,118
2007-02-08,106,121,123
2007-02-08,108,178,180
2007-02-08,109,240,242
2007-02-08,110,,
2007-02-08,111,243,246
2007-02-08,112,,
2007-02-08,118,220,221
2007-02-08,119,244,245
2007-02-08,120,242,243
2007-02-08,121,244,246
2007-02-08,122,241,243
2007-02-08,123,256,258
2007-02-08,124,253,255
2007-02-08,132,190,192
2007-02-08,133,,
2007-02-08,134,,
2007-02-08,135,195,197
2007-02-08,136,,
2007-02-08,139,175,177
2007-02-08,140,,
2007-02-08,141,,
2007-02-08,143,207,209
2007-02-08,144,168,169
2007-02-08,145,,
2007-02-08,150,,
2007-02-08,151,172,174
2007-02-08,152,176,178
2007-02-08,156,193,195
2007-02-08,157,,
2007-02-08,158,,
2007-02-08,159,,
2007-02-08,161,410,420
2007-02-08,162,445,455
2007-02-08,163,340,350
2007-02-08,164,275,285
2007-02-08,165,230,240
2007-02-08,166,790,960
2007-02-08,167,,
2007-02-08,168,690,830
2007-02-08,169,510,630
2007-02-08,170,510,630
2007-02-08,171,420,530
2007-02-08,172,500,620
2007-02-08,173,550,690
2007-02-08,174,,
2007-02-08,179,233,234
2007-02-08,180,229,230
2007-02-08,182,177,179
2007-02-08,183,179,183
2007-02-08,184,147,149
2007-02-08,185,140,142
2007-02-08,186,116,118
2007-02-08,187,85,88
2007-02-08,188,115,117
2007-02-15,2,343,352
2007-02-15,4,323,332
2007-02-15,5,,
2007-02-15,7,314,322
2007-02-15,10,780,880
2007-02-15,11,437,446
2007-02-15,12,,
2007-02-15,13,216,218
2007-02-15,14,427,437
2007-02-15,15,850,900
2007-02-15,16,223,225
2007-02-15,17,399,409
2007-02-15,18,800,900
2007-02-15,19,,
2007-02-15,20,960,990
2007-02-15,21,,
2007-02-15,22,480,530
2007-02-15,24,310,316
2007-02-15,25,430,450
2007-02-15,27,366,377
2007-02-15,28,,
2007-02-15,30,1120,1140
2007-02-15,32,251,255
2007-02-15,33,1285,1290
2007-02-15,34,278,283
2007-02-15,35,195,200
2007-02-15,37,208,213
2007-02-15,39,325,330
2007-02-15,42,,
2007-02-15,44,,
2007-02-15,52,168,169
2007-02-15,54,,
2007-02-15,58,,
2007-02-15,60,,
2007-02-15,61,,
2007-02-15,62,153,155
2007-02-15,63,265,275
2007-02-15,64,,
2007-02-15,65,260,270
2007-02-15,66,,
2007-02-15,68,153,163
2007-02-15,71,125,127
2007-02-15,74,103,106
2007-02-15,76,122,123
2007-02-15,77,177,178
2007-02-15,78,,
2007-02-15,79,164,166
2007-02-15,80,,
2007-02-15,83,175,177
2007-02-15,85,152,154
2007-02-15,86,148,150
2007-02-15,87,121,122
2007-02-15,88,130,132
2007-02-15,89,124,125
2007-02-15,90,,
2007-02-15,91,148,151
2007-02-15,93,118,120
2007-02-15,95,,
2007-02-15,96,152,153
2007-02-15,97,,
2007-02-15,98,155,156
2007-02-15,99,,
2007-02-15,100,172,177
2007-02-15,101,105,106
2007-02-15,102,116,117
2007-02-15,103,103,106
2007-02-15,104,119,120
2007-02-15,106,124,126
2007-02-15,108,178,180
2007-02-15,109,244,246
2007-02-15,110,,
2007-02-15,111,247,250
2007-02-15,112,,
2007-02-15,118,223,224
2007-02-15,119,247,248
2007-02-15,120,245,246
2007-02-15,121,247,249
2007-02-15,122,244,246
2007-02-15,123,259,261
2007-02-15,124,256,258
2007-02-15,132,190,192
2007-02-15,133,,
2007-02-15,134,,
2007-02-15,135,194,196
2007-02-15,136,,
2007-02-15,139,173,175
2007-02-15,140,,
2007-02-15,141,,
2007-02-15,143,205,207
2007-02-15,144,168,169
2007-02-15,145,,
2007-02-15,150,,
2007-02-15,151,171,173
2007-02-15,152,175,177
2007-02-15,156,192,194
2007-02-15,157,,
2007-02-15,158,,
2007-02-15,159,,
2007-02-15,161,410,420
2007-02-15,162,445,455
2007-02-15,163,340,350
2007-02-15,164,275,285
2007-02-15,165,230,240
2007-02-15,166,790,960
2007-02-15,167,,
2007-02-15,168,690,830
2007-02-15,169,510,630
2007-02-15,170,510,630
2007-02-15,171,420,530
2007-02-15,172,500,620
2007-02-15,173,550,690
2007-02-15,174,,
2007-02-15,179,236,237
2007-02-15,180,232,233
2007-02-15,182,175,177
2007-02-15,183,178,181
2007-02-15,184,147,149
2007-02-15,185,140,142
2007-02-15,186,116,118
2007-02-15,187,85,88
2007-02-15,188,115,117
2007-02-22,2,343,352
2007-02-22,4,323,332
2007-02-22,5,,
2007-02-22,7,314,322
2007-02-22,10,780,880
2007-02-22,11,437,446
2007-02-22,12,,
2007-02-22,13,216,218
2007-02-22,14,427,437
2007-02-22,15,850,900
2007-02-22,16,223,225
2007-02-22,17,399,409
2007-02-22,18,800,900
2007-02-22,19,,
2007-02-22,20,960,990
2007-02-22,21,,
2007-02-22,22,480,530
2007-02-22,24,310,316
2007-02-22,25,430,450
2007-02-22,27,366,377
2007-02-22,28,,
2007-02-22,30,1120,1140
2007-02-22,32,261,265
2007-02-22,33,1285,1290
2007-02-22,34,285,290
2007-02-22,35,210,215
2007-02-22,37,223,228
2007-02-22,39,325,330
2007-02-22,42,,
2007-02-22,44,,
2007-02-22,52,168,169
2007-02-22,54,,
2007-02-22,58,,
2007-02-22,60,,
2007-02-22,61,,
2007-02-22,62,153,155
2007-02-22,63,270,280
2007-02-22,64,,
2007-02-22,65,265,275
2007-02-22,66,,
2007-02-22,68,153,163
2007-02-22,71,125,127
2007-02-22,74,103,106
2007-02-22,76,122,123
2007-02-22,77,177,178
2007-02-22,78,,
2007-02-22,79,165,166
2007-02-22,80,,
2007-02-22,83,175,177
2007-02-22,85,152,154
2007-02-22,86,148,150
2007-02-22,87,129,130
2007-02-22,88,130,132
2007-02-22,89,132,133
2007-02-22,90,,
2007-02-22,91,152,155
2007-02-22,93,126,128
2007-02-22,95,,
2007-02-22,96,160,161
2007-02-22,97,,
2007-02-22,98,163,164
2007-02-22,99,,
2007-02-22,100,176,181
2007-02-22,101,105,106
2007-02-22,102,124,125
2007-02-22,103,103,106
2007-02-22,104,127,128
2007-02-22,106,132,134
2007-02-22,108,180,182
2007-02-22,109,247,249
2007-02-22,110,,
2007-02-22,111,250,253
2007-02-22,112,,
2007-02-22,118,228,229
2007-02-22,119,252,253
2007-02-22,120,250,251
2007-02-22,121,250,252
2007-02-22,122,247,249
2007-02-22,123,262,264
2007-02-22,124,259,261
2007-02-22,132,190,192
2007-02-22,133,,
2007-02-22,134,,
2007-02-22,135,194,196
2007-02-22,136,,
2007-02-22,139,173,175
2007-02-22,140,,
2007-02-22,141,,
2007-02-22,143,205,207
2007-02-22,144,168,169
2007-02-22,145,,
2007-02-22,150,,
2007-02-22,151,171,173
2007-02-22,152,175,177
2007-02-22,156,192,194
2007-02-22,157,,
2007-02-22,158,,
2007-02-22,159,,
2007-02-22,161,405,415
2007-02-22,162,445,455
2007-02-22,163,340,350
2007-02-22,164,275,285
2007-02-22,165,230,240
2007-02-22,166,780,950
2007-02-22,167,,
2007-02-22,168,690,830
2007-02-22,169,510,630
2007-02-22,170,510,630
2007-02-22,171,420,530
2007-02-22,172,500,620
2007-02-22,173,550,690
2007-02-22,174,,
2007-02-22,179,241,242
2007-02-22,180,237,238
2007-02-22,182,175,177
2007-02-22,183,178,181
2007-02-22,184,147,149
2007-02-22,185,140,142
2007-02-22,186,116,118
2007-02-22,187,85,88
2007-02-22,188,115,117
2007-03-01,2,343,352
2007-03-01,4,323,332
2007-03-01,5,,
2007-03-01,7,314,322
2007-03-01,10,820,920
2007-03-01,11,437,446
2007-03-01,12,1300,1350
2007-03-01,13,213,215
2007-03-01,14,427,437
2007-03-01,15,880,930
2007-03-01,16,220,222
2007-03-01,17,399,409
2007-03-01,18,800,900
2007-03-01,19,,
2007-03-01,20,980,1010
2007-03-01,21,,
2007-03-01,22,480,530
2007-03-01,24,310,316
2007-03-01,25,430,450
2007-03-01,27,366,377
2007-03-01,28,,
2007-03-01,30,1120,1140
2007-03-01,32,271,275
2007-03-01,33,1285,1290
2007-03-01,34,295,300
2007-03-01,35,220,225
2007-03-01,37,233,238
2007-03-01,39,327,332
2007-03-01,42,,
2007-03-01,44,,
2007-03-01,52,168,169
2007-03-01,54,,
2007-03-01,58,,
2007-03-01,60,,
2007-03-01,61,,
2007-03-01,62,152,154
2007-03-01,63,275,285
2007-03-01,64,,
2007-03-01,65,270,280
2007-03-01,66,,
2007-03-01,68,153,163
2007-03-01,71,127,129
2007-03-01,74,105,108
2007-03-01,76,122,123
2007-03-01,77,177,178
2007-03-01,78,,
2007-03-01,79,165,166
2007-03-01,80,,
2007-03-01,83,174,176
2007-03-01,85,152,154
2007-03-01,86,148,150
2007-03-01,87,136,137
2007-03-01,88,130,132
2007-03-01,89,139,140
2007-03-01,90,,
2007-03-01,91,154,157
2007-03-01,93,131,133
2007-03-01,95,,
2007-03-01,96,167,168
2007-03-01,97,,
2007-03-01,98,170,171
2007-03-01,99,,
2007-03-01,100,178,183
2007-03-01,101,105,106
2007-03-01,102,129,130
2007-03-01,103,103,106
2007-03-01,104,132,133
2007-03-01,106,137,139
2007-03-01,108,182,184
2007-03-01,109,251,253
2007-03-01,110,,
2007-03-01,111,254,257
2007-03-01,112,,
2007-03-01,118,222,223
2007-03-01,119,246,247
2007-03-01,120,244,245
2007-03-01,121,244,246
2007-03-01,122,241,243
2007-03-01,123,256,258
2007-03-01,124,253,255
2007-03-01,132,190,192
2007-03-01,133,,
2007-03-01,134,,
2007-03-01,135,194,196
2007-03-01,136,,
2007-03-01,139,173,175
2007-03-01,140,,
2007-03-01,141,,
2007-03-01,143,205,207
2007-03-01,144,168,169
2007-03-01,145,,
2007-03-01,150,,
2007-03-01,151,171,173
2007-03-01,152,175,177
2007-03-01,156,192,194
2007-03-01,157,,
2007-03-01,158,,
2007-03-01,159,,
2007-03-01,161,390,400
2007-03-01,162,445,455
2007-03-01,163,335,345
2007-03-01,164,275,285
2007-03-01,165,230,240
2007-03-01,166,755,925
2007-03-01,167,,
2007-03-01,168,680,820
2007-03-01,169,510,630
2007-03-01,170,510,630
2007-03-01,171,420,530
2007-03-01,172,500,620
2007-03-01,173,550,690
2007-03-01,174,,
2007-03-01,179,235,236
2007-03-01,180,231,232
2007-03-01,182,175,177
2007-03-01,183,178,181
2007-03-01,184,147,149
2007-03-01,185,140,142
2007-03-01,186,116,118
2007-03-01,187,85,88
2007-03-01,188,115,117
2007-03-08,2,343,352
2007-03-08,4,323,332
2007-03-08,5,,
2007-03-08,7,314,322
2007-03-08,10,820,920
2007-03-08,11,437,446
2007-03-08,12,1300,1350
2007-03-08,13,213,215
2007-03-08,14,427,437
2007-03-08,15,880,930
2007-03-08,16,220,222
2007-03-08,17,399,409
2007-03-08,18,800,900
2007-03-08,19,,
2007-03-08,20,980,1010
2007-03-08,21,,
2007-03-08,22,480,530
2007-03-08,24,310,316
2007-03-08,25,430,450
2007-03-08,27,366,377
2007-03-08,28,,
2007-03-08,30,1120,1140
2007-03-08,32,271,275
2007-03-08,33,1285,1290
2007-03-08,34,295,300
2007-03-08,35,220,225
2007-03-08,37,233,238
2007-03-08,39,327,332
2007-03-08,42,,
2007-03-08,44,,
2007-03-08,52,168,169
2007-03-08,54,,
2007-03-08,58,,
2007-03-08,60,,
2007-03-08,61,,
2007-03-08,62,152,154
2007-03-08,63,280,290
2007-03-08,64,,
2007-03-08,65,275,285
2007-03-08,66,,
2007-03-08,68,155,165
2007-03-08,71,129,131
2007-03-08,74,107,110
2007-03-08,76,122,123
2007-03-08,77,177,178
2007-03-08,78,,
2007-03-08,79,165,166
2007-03-08,80,,
2007-03-08,83,174,176
2007-03-08,85,148,150
2007-03-08,86,146,148
2007-03-08,87,138,139
2007-03-08,88,128,130
2007-03-08,89,141,142
2007-03-08,90,,
2007-03-08,91,154,157
2007-03-08,93,133,135
2007-03-08,95,,
2007-03-08,96,169,170
2007-03-08,97,,
2007-03-08,98,172,173
2007-03-08,99,,
2007-03-08,100,178,183
2007-03-08,101,105,106
2007-03-08,102,131,132
2007-03-08,103,103,106
2007-03-08,104,134,135
2007-03-08,106,139,141
2007-03-08,108,188,190
2007-03-08,109,249,251
2007-03-08,110,,
2007-03-08,111,252,255
2007-03-08,112,,
2007-03-08,118,220,221
2007-03-08,119,244,245
2007-03-08,120,242,243
2007-03-08,121,242,244
2007-03-08,122,239,241
2007-03-08,123,254,256
2007-03-08,124,251,253
2007-03-08,132,190,192
2007-03-08,133,,
2007-03-08,134,,
2007-03-08,135,194,196
2007-03-08,136,,
2007-03-08,139,173,175
2007-03-08,140,,
2007-03-08,141,,
2007-03-08,143,205,207
2007-03-08,144,168,169
2007-03-08,145,,
2007-03-08,150,,
2007-03-08,151,171,173
2007-03-08,152,175,177
2007-03-08,156,192,194
2007-03-08,157,,
2007-03-08,158,,
2007-03-08,159,,
2007-03-08,161,380,390
2007-03-08,162,435,445
2007-03-08,163,330,340
2007-03-08,164,275,285
2007-03-08,165,230,240
2007-03-08,166,740,910
2007-03-08,167,,
2007-03-08,168,665,805
2007-03-08,169,510,630
2007-03-08,170,510,630
2007-03-08,171,420,530
2007-03-08,172,500,620
2007-03-08,173,550,690
2007-03-08,174,,
2007-03-08,179,233,234
2007-03-08,180,229,230
2007-03-08,182,175,177
2007-03-08,183,178,181
2007-03-08,184,144,146
2007-03-08,185,137,139
2007-03-08,186,116,118
2007-03-08,187,85,88
2007-03-08,188,115,117
2007-03-15,2,343,352
2007-03-15,4,323,332
2007-03-15,5,,
2007-03-15,7,314,322
2007-03-15,10,820,920
2007-03-15,11,437,446
2007-03-15,12,1300,1350
2007-03-15,13,213,215
2007-03-15,14,427,437
2007-03-15,15,880,930
2007-03-15,16,220,222
2007-03-15,17,399,409
2007-03-15,18,800,900
2007-03-15,19,,
2007-03-15,20,980,1010
2007-03-15,21,,
2007-03-15,22,480,530
2007-03-15,24,310,316
2007-03-15,25,430,450
2007-03-15,27,366,377
2007-03-15,28,,
2007-03-15,30,1120,1140
2007-03-15,32,271,275
2007-03-15,33,1285,1290
2007-03-15,34,295,300
2007-03-15,35,221,226
2007-03-15,37,233,238
2007-03-15,39,327,332
2007-03-15,42,,
2007-03-15,44,,
2007-03-15,52,168,169
2007-03-15,54,,
2007-03-15,58,,
2007-03-15,60,,
2007-03-15,61,,
2007-03-15,62,152,154
2007-03-15,63,290,300
2007-03-15,64,,
2007-03-15,65,275,285
2007-03-15,66,,
2007-03-15,68,155,165
2007-03-15,71,131,133
2007-03-15,74,109,112
2007-03-15,76,122,123
2007-03-15,77,177,178
2007-03-15,78,,
2007-03-15,79,165,166
2007-03-15,80,,
2007-03-15,83,174,176
2007-03-15,85,148,150
2007-03-15,86,146,148
2007-03-15,87,138,139
2007-03-15,88,128,130
2007-03-15,89,141,142
2007-03-15,90,,
2007-03-15,91,154,157
2007-03-15,93,133,135
2007-03-15,95,,
2007-03-15,96,169,170
2007-03-15,97,,
2007-03-15,98,172,173
2007-03-15,99,,
2007-03-15,100,178,183
2007-03-15,101,105,106
2007-03-15,102,131,132
2007-03-15,103,103,106
2007-03-15,104,134,135
2007-03-15,106,139,141
2007-03-15,108,189,191
2007-03-15,109,249,251
2007-03-15,110,,
2007-03-15,111,252,255
2007-03-15,112,,
2007-03-15,118,216,217
2007-03-15,119,244,245
2007-03-15,120,242,243
2007-03-15,121,238,240
2007-03-15,122,235,237
2007-03-15,123,254,256
2007-03-15,124,251,253
2007-03-15,132,190,192
2007-03-15,133,,
2007-03-15,134,,
2007-03-15,135,194,196
2007-03-15,136,,
2007-03-15,139,173,174
2007-03-15,140,,
2007-03-15,141,,
2007-03-15,143,205,207
2007-03-15,144,168,169
2007-03-15,145,,
2007-03-15,150,,
2007-03-15,151,171,173
2007-03-15,152,175,177
2007-03-15,156,192,194
2007-03-15,157,,
2007-03-15,158,,
2007-03-15,159,,
2007-03-15,161,360,370
2007-03-15,162,430,440
2007-03-15,163,320,330
2007-03-15,164,275,285
2007-03-15,165,230,240
2007-03-15,166,700,870
2007-03-15,167,,
2007-03-15,168,645,785
2007-03-15,169,510,630
2007-03-15,170,510,630
2007-03-15,171,420,530
2007-03-15,172,460,580
2007-03-15,173,550,690
2007-03-15,174,,
2007-03-15,179,229,230
2007-03-15,180,225,226
2007-03-15,182,175,177
2007-03-15,183,178,181
2007-03-15,184,142,144
2007-03-15,185,137,139
2007-03-15,186,116,118
2007-03-15,187,85,88
2007-03-15,188,115,117
2007-03-22,2,343,352
2007-03-22,4,323,332
2007-03-22,5,,
2007-03-22,7,314,322
2007-03-22,10,820,920
2007-03-22,11,437,446
2007-03-22,12,1300,1350
2007-03-22,13,214,216
2007-03-22,14,427,437
2007-03-22,15,880,930
2007-03-22,16,220,222
2007-03-22,17,399,409
2007-03-22,18,800,900
2007-03-22,19,,
2007-03-22,20,980,1010
2007-03-22,21,,
2007-03-22,22,480,530
2007-03-22,24,310,316
2007-03-22,25,430,450
2007-03-22,27,366,377
2007-03-22,28,,
2007-03-22,30,1110,1130
2007-03-22,32,271,275
2007-03-22,33,1270,1275
2007-03-22,34,295,300
2007-03-22,35,221,226
2007-03-22,37,233,238
2007-03-22,39,327,332
2007-03-22,42,,
2007-03-22,44,,
2007-03-22,52,167,168
2007-03-22,54,,
2007-03-22,58,,
2007-03-22,60,,
2007-03-22,61,,
2007-03-22,62,152,154
2007-03-22,63,290,300
2007-03-22,64,,
2007-03-22,65,275,285
2007-03-22,66,,
2007-03-22,68,155,165
2007-03-22,71,131,133
2007-03-22,74,109,112
2007-03-22,76,122,123
2007-03-22,77,176,177
2007-03-22,78,,
2007-03-22,79,163.5,164.5
2007-03-22,80,,
2007-03-22,83,173,175
2007-03-22,85,148,150
2007-03-22,86,146,148
2007-03-22,87,130,131
2007-03-22,88,128,130
2007-03-22,89,133,134
2007-03-22,90,,
2007-03-22,91,154,157
2007-03-22,93,133,135
2007-03-22,95,,
2007-03-22,96,161,162
2007-03-22,97,,
2007-03-22,98,164,165
2007-03-22,99,,
2007-03-22,100,178,183
2007-03-22,101,105,106
2007-03-22,102,128,129
2007-03-22,103,103,106
2007-03-22,104,134,135
2007-03-22,106,139,141
2007-03-22,108,193,195
2007-03-22,109,249,251
2007-03-22,110,,
2007-03-22,111,252,255
2007-03-22,112,,
2007-03-22,118,214,215
2007-03-22,119,242,243
2007-03-22,120,240,241
2007-03-22,121,236,238
2007-03-22,122,233,235
2007-03-22,123,252,254
2007-03-22,124,249,251
2007-03-22,132,190,192
2007-03-22,133,,
2007-03-22,134,,
2007-03-22,135,194,196
2007-03-22,136,,
2007-03-22,139,173,174
2007-03-22,140,,
2007-03-22,141,,
2007-03-22,143,204,206
2007-03-22,144,168,169
2007-03-22,145,,
2007-03-22,150,,
2007-03-22,151,170,172
2007-03-22,152,174,176
2007-03-22,156,192,194
2007-03-22,157,,
2007-03-22,158,,
2007-03-22,159,,
2007-03-22,161,340,350
2007-03-22,162,425,435
2007-03-22,163,300,310
2007-03-22,164,270,280
2007-03-22,165,225,235
2007-03-22,166,660,830
2007-03-22,167,,
2007-03-22,168,605,745
2007-03-22,169,500,620
2007-03-22,170,500,620
2007-03-22,171,410,520
2007-03-22,172,450,570
2007-03-22,173,540,680
2007-03-22,174,,
2007-03-22,179,227,228
2007-03-22,180,223,224
2007-03-22,182,175,177
2007-03-22,183,177,180
2007-03-22,184,142,144
2007-03-22,185,137,139
2007-03-22,186,116,118
2007-03-22,187,85,88
2007-03-22,188,115,117
2007-03-29,2,343,352
2007-03-29,4,323,332
2007-03-29,5,,
2007-03-29,7,314,322
2007-03-29,10,820,920
2007-03-29,11,437,446
2007-03-29,12,1300,1350
2007-03-29,13,215,217
2007-03-29,14,427,437
2007-03-29,15,880,930
2007-03-29,16,221,223
2007-03-29,17,399,409
2007-03-29,18,800,900
2007-03-29,19,,
2007-03-29,20,980,1010
2007-03-29,21,,
2007-03-29,22,480,530
2007-03-29,24,310,316
2007-03-29,25,430,450
2007-03-29,27,366,377
2007-03-29,28,,
2007-03-29,30,1110,1130
2007-03-29,32,271,275
2007-03-29,33,1260,1265
2007-03-29,34,295,300
2007-03-29,35,221,226
2007-03-29,37,233,238
2007-03-29,39,327,332
2007-03-29,42,,
2007-03-29,44,,
2007-03-29,52,166,167
2007-03-29,54,,
2007-03-29,58,,
2007-03-29,60,,
2007-03-29,61,,
2007-03-29,62,152,154
2007-03-29,63,290,300
2007-03-29,64,,
2007-03-29,65,275,285
2007-03-29,66,,
2007-03-29,68,155,165
2007-03-29,71,131,133
2007-03-29,74,109,112
2007-03-29,76,122,123
2007-03-29,77,175,176
2007-03-29,78,,
2007-03-29,79,163.5,164.5
2007-03-29,80,,
2007-03-29,83,172,174
2007-03-29,85,148,150
2007-03-29,86,146,148
2007-03-29,87,128,129
2007-03-29,88,128,130
2007-03-29,89,131,132
2007-03-29,90,,
2007-03-29,91,154,157
2007-03-29,93,133,135
2007-03-29,95,,
2007-03-29,96,159,160
2007-03-29,97,,
2007-03-29,98,162,163
2007-03-29,99,,
2007-03-29,100,178,183
2007-03-29,101,105,106
2007-03-29,102,128,129
2007-03-29,103,103,106
2007-03-29,104,134,135
2007-03-29,106,141,143
2007-03-29,108,193,195
2007-03-29,109,249,251
2007-03-29,110,,
2007-03-29,111,252,255
2007-03-29,112,,
2007-03-29,118,214,215
2007-03-29,119,247,248
2007-03-29,120,245,246
2007-03-29,121,236,238
2007-03-29,122,233,235
2007-03-29,123,257,259
2007-03-29,124,254,256
2007-03-29,132,188,190
2007-03-29,133,,
2007-03-29,134,,
2007-03-29,135,192,194
2007-03-29,136,,
2007-03-29,139,172,173
2007-03-29,140,,
2007-03-29,141,,
2007-03-29,143,204,206
2007-03-29,144,168,169
2007-03-29,145,,
2007-03-29,150,,
2007-03-29,151,169,171
2007-03-29,152,173,175
2007-03-29,156,192,194
2007-03-29,157,,
2007-03-29,158,,
2007-03-29,159,,
2007-03-29,161,340,350
2007-03-29,162,425,435
2007-03-29,163,300,310
2007-03-29,164,270,280
2007-03-29,165,225,235
2007-03-29,166,660,830
2007-03-29,167,,
2007-03-29,168,605,745
2007-03-29,169,500,620
2007-03-29,170,500,620
2007-03-29,171,410,520
2007-03-29,172,450,570
2007-03-29,173,540,680
2007-03-29,174,,
2007-03-29,179,227,228
2007-03-29,180,223,224
2007-03-29,182,174,176
2007-03-29,183,176,178
2007-03-29,184,142,144
2007-03-29,185,137,139
2007-03-29,186,116,118
2007-03-29,187,85,88
2007-03-29,188,115,117
2007-04-05,2,343,352
2007-04-05,4,323,332
2007-04-05,5,,
2007-04-05,7,314,322
2007-04-05,10,820,920
2007-04-05,11,437,446
2007-04-05,12,1300,1350
2007-04-05,13,215,217
2007-04-05,14,427,437
2007-04-05,15,880,930
2007-04-05,16,221,223
2007-04-05,17,399,409
2007-04-05,18,800,900
2007-04-05,19,,
2007-04-05,20,980,1010
2007-04-05,21,,
2007-04-05,22,480,530
2007-04-05,24,310,316
2007-04-05,25,430,450
2007-04-05,27,366,377
2007-04-05,28,,
2007-04-05,30,1110,1130
2007-04-05,32,271,275
2007-04-05,33,1260,1265
2007-04-05,34,295,300
2007-04-05,35,221,226
2007-04-05,37,233,238
2007-04-05,39,327,332
2007-04-05,42,,
2007-04-05,44,,
2007-04-05,52,165,166
2007-04-05,54,,
2007-04-05,58,,
2007-04-05,60,,
2007-04-05,61,,
2007-04-05,62,152,154
2007-04-05,63,290,300
2007-04-05,64,,
2007-04-05,65,275,285
2007-04-05,66,,
2007-04-05,68,155,165
2007-04-05,71,131,133
2007-04-05,74,109,112
2007-04-05,76,124,125
2007-04-05,77,174,175
2007-04-05,78,,
2007-04-05,79,163,164
2007-04-05,80,,
2007-04-05,83,171,173
2007-04-05,85,148,150
2007-04-05,86,146,148
2007-04-05,87,130,131
2007-04-05,88,128,130
2007-04-05,89,133,134
2007-04-05,90,,
2007-04-05,91,154,157
2007-04-05,93,133,135
2007-04-05,95,,
2007-04-05,96,161,162
2007-04-05,97,,
2007-04-05,98,164,165
2007-04-05,99,,
2007-04-05,100,178,183
2007-04-05,101,105,106
2007-04-05,102,128,129
2007-04-05,103,103,106
2007-04-05,104,134,135
2007-04-05,106,141,143
2007-04-05,108,193,195
2007-04-05,109,251,253
2007-04-05,110,,
2007-04-05,111,254,257
2007-04-05,112,,
2007-04-05,118,214,215
2007-04-05,119,252,253
2007-04-05,120,250,251
2007-04-05,121,236,238
2007-04-05,122,233,235
2007-04-05,123,262,264
2007-04-05,124,259,261
2007-04-05,132,186,188
2007-04-05,133,,
2007-04-05,134,,
2007-04-05,135,190,192
2007-04-05,136,,
2007-04-05,139,171,172
2007-04-05,140,,
2007-04-05,141,,
2007-04-05,143,203,205
2007-04-05,144,170,171
2007-04-05,145,,
2007-04-05,150,,
2007-04-05,151,168,170
2007-04-05,152,172,174
2007-04-05,156,190,192
2007-04-05,157,,
2007-04-05,158,,
2007-04-05,159,,
2007-04-05,161,340,350
2007-04-05,162,425,435
2007-04-05,163,300,310
2007-04-05,164,270,280
2007-04-05,165,225,235
2007-04-05,166,660,830
2007-04-05,167,,
2007-04-05,168,605,745
2007-04-05,169,500,620
2007-04-05,170,500,620
2007-04-05,171,410,520
2007-04-05,172,450,570
2007-04-05,173,540,680
2007-04-05,174,,
2007-04-05,179,227,228
2007-04-05,180,223,224
2007-04-05,182,173,175
2007-04-05,183,175,177
2007-04-05,184,142,144
2007-04-05,185,137,139
2007-04-05,186,116,118
2007-04-05,187,85,88
2007-04-05,188,115,117
2007-04-12,2,343,352
2007-04-12,4,323,332
2007-04-12,5,,
2007-04-12,7,314,322
2007-04-12,10,820,920
2007-04-12,11,437,446
2007-04-12,12,1300,1350
2007-04-12,13,219,221
2007-04-12,14,427,437
2007-04-12,15,880,930
2007-04-12,16,221,223
2007-04-12,17,399,409
2007-04-12,18,800,900
2007-04-12,19,,
2007-04-12,20,980,1010
2007-04-12,21,,
2007-04-12,22,480,530
2007-04-12,24,310,316
2007-04-12,25,430,450
2007-04-12,27,366,377
2007-04-12,28,,
2007-04-12,30,1110,1130
2007-04-12,32,271,275
2007-04-12,33,1260,1265
2007-04-12,34,295,300
2007-04-12,35,221,226
2007-04-12,37,233,238
2007-04-12,39,329,334
2007-04-12,42,,
2007-04-12,44,,
2007-04-12,52,163,164
2007-04-12,54,,
2007-04-12,58,,
2007-04-12,60,,
2007-04-12,61,,
2007-04-12,62,152,154
2007-04-12,63,290,300
2007-04-12,64,,
2007-04-12,65,275,285
2007-04-12,66,,
2007-04-12,68,155,165
2007-04-12,71,131,133
2007-04-12,74,109,112
2007-04-12,76,127,128
2007-04-12,77,171,172
2007-04-12,78,,
2007-04-12,79,162,163
2007-04-12,80,,
2007-04-12,83,169,171
2007-04-12,85,148,150
2007-04-12,86,146,148
2007-04-12,87,133,134
2007-04-12,88,128,130
2007-04-12,89,136,137
2007-04-12,90,,
2007-04-12,91,154,157
2007-04-12,93,133,135
2007-04-12,95,,
2007-04-12,96,164,165
2007-04-12,97,,
2007-04-12,98,167,168
2007-04-12,99,,
2007-04-12,100,178,183
2007-04-12,101,102,103
2007-04-12,102,131,132
2007-04-12,103,101,104
2007-04-12,104,134,135
2007-04-12,106,143,145
2007-04-12,108,193,195
2007-04-12,109,253,255
2007-04-12,110,,
2007-04-12,111,256,259
2007-04-12,112,,
2007-04-12,118,212,213
2007-04-12,119,255,256
2007-04-12,120,253,254
2007-04-12,121,234,236
2007-04-12,122,231,233
2007-04-12,123,265,267
2007-04-12,124,262,264
2007-04-12,132,186,188
2007-04-12,133,,
2007-04-12,134,,
2007-04-12,135,190,192
2007-04-12,136,,
2007-04-12,139,170,171
2007-04-12,140,,
2007-04-12,141,,
2007-04-12,143,201,203
2007-04-12,144,170,171
2007-04-12,145,,
2007-04-12,150,,
2007-04-12,151,167,169
2007-04-12,152,171,173
2007-04-12,156,190,192
2007-04-12,157,,
2007-04-12,158,,
2007-04-12,159,,
2007-04-12,161,340,350
2007-04-12,162,425,435
2007-04-12,163,300,310
2007-04-12,164,270,280
2007-04-12,165,225,235
2007-04-12,166,660,830
2007-04-12,167,,
2007-04-12,168,605,745
2007-04-12,169,500,620
2007-04-12,170,500,620
2007-04-12,171,410,520
2007-04-12,172,450,570
2007-04-12,173,540,680
2007-04-12,174,,
2007-04-12,179,225,226
2007-04-12,180,221,222
2007-04-12,182,172,174
2007-04-12,183,173,175
2007-04-12,184,140,142
2007-04-12,185,135,137
2007-04-12,186,116,118
2007-04-12,187,85,88
2007-04-12,188,115,117
2007-04-19,2,343,352
2007-04-19,4,323,332
2007-04-19,5,,
2007-04-19,7,314,322
2007-04-19,10,820,920
2007-04-19,11,437,446
2007-04-19,12,1450,1500
2007-04-19,13,219,221
2007-04-19,14,427,437
2007-04-19,15,880,930
2007-04-19,16,221,223
2007-04-19,17,399,409
2007-04-19,18,800,900
2007-04-19,19,,
2007-04-19,20,980,1010
2007-04-19,21,,
2007-04-19,22,480,530
2007-04-19,24,298,304
2007-04-19,25,430,450
2007-04-19,27,354,365
2007-04-19,28,,
2007-04-19,30,1100,1120
2007-04-19,32,271,275
2007-04-19,33,1260,1265
2007-04-19,34,295,300
2007-04-19,35,221,226
2007-04-19,37,233,238
2007-04-19,39,329,334
2007-04-19,42,,
2007-04-19,44,,
2007-04-19,52,161,162
2007-04-19,54,,
2007-04-19,58,,
2007-04-19,60,,
2007-04-19,61,,
2007-04-19,62,152,154
2007-04-19,63,290,300
2007-04-19,64,,
2007-04-19,65,275,285
2007-04-19,66,,
2007-04-19,68,155,165
2007-04-19,71,131,133
2007-04-19,74,109,112
2007-04-19,76,129,130
2007-04-19,77,169,170
2007-04-19,78,,
2007-04-19,79,160,161
2007-04-19,80,,
2007-04-19,83,168,170
2007-04-19,85,148,150
2007-04-19,86,146,148
2007-04-19,87,139,140
2007-04-19,88,128,130
2007-04-19,89,142,143
2007-04-19,90,,
2007-04-19,91,157,160
2007-04-19,93,137,139
2007-04-19,95,,
2007-04-19,96,170,171
2007-04-19,97,,
2007-04-19,98,173,174
2007-04-19,99,,
2007-04-19,100,181,186
2007-04-19,101,100,101
2007-04-19,102,137,138
2007-04-19,103,99,102
2007-04-19,104,138,139
2007-04-19,106,147,149
2007-04-19,108,192,194
2007-04-19,109,253,255
2007-04-19,110,,
2007-04-19,111,256,259
2007-04-19,112,,
2007-04-19,118,210,211
2007-04-19,119,255,256
2007-04-19,120,253,254
2007-04-19,121,232,234
2007-04-19,122,229,231
2007-04-19,123,265,267
2007-04-19,124,262,264
2007-04-19,132,183,185
2007-04-19,133,,
2007-04-19,134,,
2007-04-19,135,188,190
2007-04-19,136,,
2007-04-19,139,169,170
2007-04-19,140,,
2007-04-19,141,,
2007-04-19,143,199,201
2007-04-19,144,171,172
2007-04-19,145,,
2007-04-19,150,,
2007-04-19,151,166,168
2007-04-19,152,170,172
2007-04-19,156,189,191
2007-04-19,157,,
2007-04-19,158,,
2007-04-19,159,,
2007-04-19,161,340,350
2007-04-19,162,425,435
2007-04-19,163,300,310
2007-04-19,164,270,280
2007-04-19,165,225,235
2007-04-19,166,660,830
2007-04-19,167,,
2007-04-19,168,605,745
2007-04-19,169,500,620
2007-04-19,170,500,620
2007-04-19,171,410,520
2007-04-19,172,450,570
2007-04-19,173,540,680
2007-04-19,174,,
2007-04-19,179,223,224
2007-04-19,180,219,220
2007-04-19,182,171,173
2007-04-19,183,172,174
2007-04-19,184,138,140
2007-04-19,185,133,135
2007-04-19,186,116,118
2007-04-19,187,85,88
2007-04-19,188,115,117
2007-04-26,2,343,352
2007-04-26,4,323,332
2007-04-26,5,,
2007-04-26,7,314,322
2007-04-26,10,820,920
2007-04-26,11,437,446
2007-04-26,12,1450,1500
2007-04-26,13,219,221
2007-04-26,14,427,437
2007-04-26,15,880,930
2007-04-26,16,221,223
2007-04-26,17,399,409
2007-04-26,18,800,900
2007-04-26,19,,
2007-04-26,20,980,1010
2007-04-26,21,,
2007-04-26,22,480,530
2007-04-26,24,298,304
2007-04-26,25,430,450
2007-04-26,27,354,365
2007-04-26,28,,
2007-04-26,30,1090,1110
2007-04-26,32,271,275
2007-04-26,33,1250,1255
2007-04-26,34,295,300
2007-04-26,35,221,226
2007-04-26,37,233,238
2007-04-26,39,329,334
2007-04-26,42,,
2007-04-26,44,,
2007-04-26,52,164,165
2007-04-26,54,,
2007-04-26,58,,
2007-04-26,60,,
2007-04-26,61,,
2007-04-26,62,152,154
2007-04-26,63,290,300
2007-04-26,64,,
2007-04-26,65,275,285
2007-04-26,66,,
2007-04-26,68,155,165
2007-04-26,71,131,133
2007-04-26,74,109,112
2007-04-26,76,137,138
2007-04-26,77,171,172
2007-04-26,78,,
2007-04-26,79,163,164
2007-04-26,80,,
2007-04-26,83,171,173
2007-04-26,85,148,150
2007-04-26,86,146,148
2007-04-26,87,144,145
2007-04-26,88,128,130
2007-04-26,89,147,148
2007-04-26,90,,
2007-04-26,91,160,163
2007-04-26,93,140,142
2007-04-26,95,,
2007-04-26,96,175,176
2007-04-26,97,,
2007-04-26,98,178,179
2007-04-26,99,,
2007-04-26,100,184,189
2007-04-26,101,100,101
2007-04-26,102,142,143
2007-04-26,103,99,102
2007-04-26,104,141,142
2007-04-26,106,150,152
2007-04-26,108,192,194
2007-04-26,109,253,255
2007-04-26,110,,
2007-04-26,111,253,256
2007-04-26,112,,
2007-04-26,118,210,211
2007-04-26,119,255,256
2007-04-26,120,253,254
2007-04-26,121,232,234
2007-04-26,122,229,231
2007-04-26,123,265,267
2007-04-26,124,262,264
2007-04-26,132,183,185
2007-04-26,133,,
2007-04-26,134,,
2007-04-26,135,188,190
2007-04-26,136,,
2007-04-26,139,171,172
2007-04-26,140,,
2007-04-26,141,,
2007-04-26,143,202,204
2007-04-26,144,171,172
2007-04-26,145,,
2007-04-26,150,,
2007-04-26,151,168,170
2007-04-26,152,172,174
2007-04-26,156,189,191
2007-04-26,157,,
2007-04-26,158,,
2007-04-26,159,,
2007-04-26,161,340,350
2007-04-26,162,425,435
2007-04-26,163,300,310
2007-04-26,164,270,280
2007-04-26,165,225,235
2007-04-26,166,660,830
2007-04-26,167,,
2007-04-26,168,605,745
2007-04-26,169,500,620
2007-04-26,170,500,620
2007-04-26,171,410,520
2007-04-26,172,450,570
2007-04-26,173,540,680
2007-04-26,174,,
2007-04-26,179,223,224
2007-04-26,180,219,220
2007-04-26,182,173,175
2007-04-26,183,174,176
2007-04-26,184,136,138
2007-04-26,185,133,135
2007-04-26,186,116,118
2007-04-26,187,85,88
2007-04-26,188,115,117
2007-05-03,2,343,352
2007-05-03,4,323,332
2007-05-03,5,,
2007-05-03,7,314,322
2007-05-03,10,820,920
2007-05-03,11,437,446
2007-05-03,12,1450,1500
2007-05-03,13,221,223
2007-05-03,14,427,437
2007-05-03,15,880,930
2007-05-03,16,221,223
2007-05-03,17,399,409
2007-05-03,18,800,900
2007-05-03,19,,
2007-05-03,20,980,1010
2007-05-03,21,,
2007-05-03,22,480,530
2007-05-03,24,298,304
2007-05-03,25,430,450
2007-05-03,27,354,365
2007-05-03,28,,
2007-05-03,30,1090,1110
2007-05-03,32,271,275
2007-05-03,33,1250,1255
2007-05-03,34,295,300
2007-05-03,35,,
2007-05-03,37,233,238
2007-05-03,39,329,334
2007-05-03,42,,
2007-05-03,44,,
2007-05-03,52,166,167
2007-05-03,54,,
2007-05-03,58,,
2007-05-03,60,,
2007-05-03,61,,
2007-05-03,62,,
2007-05-03,63,290,300
2007-05-03,64,,
2007-05-03,65,275,285
2007-05-03,66,,
2007-05-03,68,155,165
2007-05-03,71,131,133
2007-05-03,74,109,112
2007-05-03,76,142,143
2007-05-03,77,173,174
2007-05-03,78,,
2007-05-03,79,164,165
2007-05-03,80,,
2007-05-03,83,174,176
2007-05-03,85,148,150
2007-05-03,86,146,148
2007-05-03,87,141,142
2007-05-03,88,128,130
2007-05-03,89,144,145
2007-05-03,90,,
2007-05-03,91,160,163
2007-05-03,93,135,137
2007-05-03,95,,
2007-05-03,96,172,173
2007-05-03,97,,
2007-05-03,98,175,176
2007-05-03,99,,
2007-05-03,100,184,189
2007-05-03,101,100,101
2007-05-03,102,137,138
2007-05-03,103,99,102
2007-05-03,104,136,137
2007-05-03,106,149,151
2007-05-03,108,192,194
2007-05-03,109,255,257
2007-05-03,110,,
2007-05-03,111,255,258
2007-05-03,112,,
2007-05-03,118,212,213
2007-05-03,119,257,258
2007-05-03,120,255,256
2007-05-03,121,234,236
2007-05-03,122,231,233
2007-05-03,123,267,269
2007-05-03,124,264,266
2007-05-03,132,184,186
2007-05-03,133,,
2007-05-03,134,,
2007-05-03,135,189,191
2007-05-03,136,,
2007-05-03,139,172,173
2007-05-03,140,,
2007-05-03,141,,
2007-05-03,143,204,206
2007-05-03,144,173,174
2007-05-03,145,,
2007-05-03,150,,
2007-05-03,151,170,172
2007-05-03,152,174,176
2007-05-03,156,191,193
2007-05-03,157,,
2007-05-03,158,,
2007-05-03,159,,
2007-05-03,161,340,350
2007-05-03,162,425,435
2007-05-03,163,300,310
2007-05-03,164,270,280
2007-05-03,165,225,235
2007-05-03,166,660,830
2007-05-03,167,,
2007-05-03,168,605,745
2007-05-03,169,500,620
2007-05-03,170,500,620
2007-05-03,171,410,520
2007-05-03,172,450,570
2007-05-03,173,540,680
2007-05-03,174,,
2007-05-03,179,225,226
2007-05-03,180,221,222
2007-05-03,182,174,176
2007-05-03,183,175,177
2007-05-03,184,135,137
2007-05-03,185,131,133
2007-05-03,186,113,115
2007-05-03,187,85,88
2007-05-03,188,113,115
2007-05-10,2,343,352
2007-05-10,4,323,332
2007-05-10,5,,
2007-05-10,7,314,322
2007-05-10,10,820,920
2007-05-10,11,437,446
2007-05-10,12,1450,1500
2007-05-10,13,222,224
2007-05-10,14,427,437
2007-05-10,15,880,930
2007-05-10,16,222,224
2007-05-10,17,399,409
2007-05-10,18,800,900
2007-05-10,19,,
2007-05-10,20,980,1010
2007-05-10,21,,
2007-05-10,22,480,530
2007-05-10,24,298,304
2007-05-10,25,430,450
2007-05-10,27,354,365
2007-05-10,28,,
2007-05-10,30,1090,1110
2007-05-10,32,276,280
2007-05-10,33,1250,1255
2007-05-10,34,290,295
2007-05-10,35,,
2007-05-10,37,233,238
2007-05-10,39,337,342
2007-05-10,42,,
2007-05-10,44,,
2007-05-10,52,166,167
2007-05-10,54,,
2007-05-10,58,,
2007-05-10,60,,
2007-05-10,61,,
2007-05-10,62,,
2007-05-10,63,290,300
2007-05-10,64,,
2007-05-10,65,275,285
2007-05-10,66,,
2007-05-10,68,155,165
2007-05-10,71,133,135
2007-05-10,74,111,114
2007-05-10,76,149,150
2007-05-10,77,174,175
2007-05-10,78,,
2007-05-10,79,165,166
2007-05-10,80,,
2007-05-10,83,177,179
2007-05-10,85,148,150
2007-05-10,86,146,148
2007-05-10,87,141,142
2007-05-10,88,128,130
2007-05-10,89,144,145
2007-05-10,90,,
2007-05-10,91,160,163
2007-05-10,93,135,137
2007-05-10,95,,
2007-05-10,96,172,173
2007-05-10,97,,
2007-05-10,98,175,176
2007-05-10,99,,
2007-05-10,100,184,189
2007-05-10,101,100,101
2007-05-10,102,137,138
2007-05-10,103,99,102
2007-05-10,104,136,137
2007-05-10,106,149,151
2007-05-10,108,192,194
2007-05-10,109,263,265
2007-05-10,110,,
2007-05-10,111,261,264
2007-05-10,112,,
2007-05-10,118,219,220
2007-05-10,119,257,258
2007-05-10,120,255,256
2007-05-10,121,239,241
2007-05-10,122,241,243
2007-05-10,123,267,269
2007-05-10,124,264,266
2007-05-10,132,187,189
2007-05-10,133,,
2007-05-10,134,,
2007-05-10,135,192,194
2007-05-10,136,,
2007-05-10,139,174,175
2007-05-10,140,,
2007-05-10,141,,
2007-05-10,143,204,206
2007-05-10,144,174,175
2007-05-10,145,,
2007-05-10,150,,
2007-05-10,151,171,173
2007-05-10,152,175,177
2007-05-10,156,193,195
2007-05-10,157,,
2007-05-10,158,,
2007-05-10,159,,
2007-05-10,161,365,375
2007-05-10,162,425,435
2007-05-10,163,280,290
2007-05-10,164,280,290
2007-05-10,165,235,245
2007-05-10,166,695,865
2007-05-10,167,,
2007-05-10,168,575,715
2007-05-10,169,515,635
2007-05-10,170,515,635
2007-05-10,171,430,540
2007-05-10,172,450,570
2007-05-10,173,545,685
2007-05-10,174,,
2007-05-10,179,230,231
2007-05-10,180,228,229
2007-05-10,182,176,178
2007-05-10,183,177,179
2007-05-10,184,135,137
2007-05-10,185,131,133
2007-05-10,186,113,115
2007-05-10,187,85,88
2007-05-10,188,113,115
2007-05-17,2,343,352
2007-05-17,4,323,332
2007-05-17,5,,
2007-05-17,7,314,322
2007-05-17,10,820,920
2007-05-17,11,437,446
2007-05-17,12,1450,1500
2007-05-17,13,225,227
2007-05-17,14,427,437
2007-05-17,15,880,930
2007-05-17,16,225,227
2007-05-17,17,399,409
2007-05-17,18,800,900
2007-05-17,19,,
2007-05-17,20,980,1010
2007-05-17,21,,
2007-05-17,22,480,530
2007-05-17,24,298,304
2007-05-17,25,430,450
2007-05-17,27,354,365
2007-05-17,28,,
2007-05-17,30,1075,1095
2007-05-17,32,,
2007-05-17,33,1235,1240
2007-05-17,34,,
2007-05-17,35,,
2007-05-17,37,233,238
2007-05-17,39,,
2007-05-17,42,,
2007-05-17,44,,
2007-05-17,52,166,167
2007-05-17,54,,
2007-05-17,58,,
2007-05-17,60,,
2007-05-17,61,,
2007-05-17,62,,
2007-05-17,63,290,300
2007-05-17,64,,
2007-05-17,65,275,285
2007-05-17,66,,
2007-05-17,68,155,165
2007-05-17,71,133,135
2007-05-17,74,111,114
2007-05-17,76,157,158
2007-05-17,77,176,177
2007-05-17,78,,
2007-05-17,79,,
2007-05-17,80,,
2007-05-17,83,177,179
2007-05-17,85,148,150
2007-05-17,86,146,148
2007-05-17,87,141,142
2007-05-17,88,128,130
2007-05-17,89,144,145
2007-05-17,90,,
2007-05-17,91,162,165
2007-05-17,93,135,137
2007-05-17,95,,
2007-05-17,96,172,173
2007-05-17,97,,
2007-05-17,98,175,176
2007-05-17,99,,
2007-05-17,100,186,191
2007-05-17,101,100,101
2007-05-17,102,137,138
2007-05-17,103,99,102
2007-05-17,104,136,137
2007-05-17,106,149,151
2007-05-17,108,195,197
2007-05-17,109,269,271
2007-05-17,110,,
2007-05-17,111,267,270
2007-05-17,112,,
2007-05-17,118,223,224
2007-05-17,119,260,261
2007-05-17,120,258,259
2007-05-17,121,248,250
2007-05-17,122,246,248
2007-05-17,123,270,272
2007-05-17,124,267,269
2007-05-17,132,188,190
2007-05-17,133,,
2007-05-17,134,,
2007-05-17,135,193,195
2007-05-17,136,,
2007-05-17,139,175,176
2007-05-17,140,,
2007-05-17,141,,
2007-05-17,143,204,206
2007-05-17,144,175,176
2007-05-17,145,,
2007-05-17,150,,
2007-05-17,151,,
2007-05-17,152,,
2007-05-17,156,193,195
2007-05-17,157,,
2007-05-17,158,,
2007-05-17,159,,
2007-05-17,161,365,375
2007-05-17,162,425,435
2007-05-17,163,280,290
2007-05-17,164,280,290
2007-05-17,165,235,245
2007-05-17,166,695,865
2007-05-17,167,,
2007-05-17,168,575,715
2007-05-17,169,515,635
2007-05-17,170,515,635
2007-05-17,171,430,540
2007-05-17,172,450,570
2007-05-17,173,545,685
2007-05-17,174,,
2007-05-17,179,237,238
2007-05-17,180,232,233
2007-05-17,182,177,179
2007-05-17,183,177,179
2007-05-17,184,135,137
2007-05-17,185,131,133
2007-05-17,186,113,115
2007-05-17,187,85,88
2007-05-17,188,113,115
2007-05-24,2,343,352
2007-05-24,4,323,332
2007-05-24,5,,
2007-05-24,7,314,322
2007-05-24,10,820,920
2007-05-24,11,437,446
2007-05-24,12,1450,1500
2007-05-24,13,227,229
2007-05-24,14,427,437
2007-05-24,15,880,930
2007-05-24,16,227,229
2007-05-24,17,399,409
2007-05-24,18,800,900
2007-05-24,19,,
2007-05-24,20,980,1010
2007-05-24,21,,
2007-05-24,22,480,530
2007-05-24,24,298,304
2007-05-24,25,430,450
2007-05-24,27,354,365
2007-05-24,28,,
2007-05-24,30,1070,1090
2007-05-24,32,,
2007-05-24,33,1230,1235
2007-05-24,34,,
2007-05-24,35,,
2007-05-24,37,233,238
2007-05-24,39,,
2007-05-24,42,,
2007-05-24,44,,
2007-05-24,52,169,170
2007-05-24,54,,
2007-05-24,58,,
2007-05-24,60,,
2007-05-24,61,,
2007-05-24,62,,
2007-05-24,63,280,290
2007-05-24,64,,
2007-05-24,65,265,275
2007-05-24,66,,
2007-05-24,68,150,160
2007-05-24,71,133,135
2007-05-24,74,111,114
2007-05-24,76,159,160
2007-05-24,77,178,179
2007-05-24,78,,
2007-05-24,79,,
2007-05-24,80,,
2007-05-24,83,178,180
2007-05-24,85,148,150
2007-05-24,86,148,150
2007-05-24,87,135,136
2007-05-24,88,128,130
2007-05-24,89,138,139
2007-05-24,90,,
2007-05-24,91,162,165
2007-05-24,93,125,127
2007-05-24,95,,
2007-05-24,96,166,167
2007-05-24,97,,
2007-05-24,98,169,170
2007-05-24,99,,
2007-05-24,100,186,191
2007-05-24,101,100,101
2007-05-24,102,131,132
2007-05-24,103,99,102
2007-05-24,104,126,127
2007-05-24,106,147,149
2007-05-24,108,195,197
2007-05-24,109,,
2007-05-24,110,,
2007-05-24,111,273,276
2007-05-24,112,,
2007-05-24,118,225,226
2007-05-24,119,262,263
2007-05-24,120,260,261
2007-05-24,121,250,252
2007-05-24,122,248,250
2007-05-24,123,272,274
2007-05-24,124,269,271
2007-05-24,132,191,193
2007-05-24,133,,
2007-05-24,134,,
2007-05-24,135,196,198
2007-05-24,136,,
2007-05-24,140,,
2007-05-24,141,,
2007-05-24,143,207,209
2007-05-24,144,177,178
2007-05-24,145,,
2007-05-24,150,,
2007-05-24,151,,
2007-05-24,152,,
2007-05-24,156,193,195
2007-05-24,157,,
2007-05-24,158,,
2007-05-24,159,,
2007-05-24,161,355,365
2007-05-24,162,415,425
2007-05-24,163,280,290
2007-05-24,164,280,290
2007-05-24,165,235,245
2007-05-24,166,675,845
2007-05-24,167,,
2007-05-24,168,575,715
2007-05-24,169,515,635
2007-05-24,170,515,635
2007-05-24,171,430,540
2007-05-24,172,450,570
2007-05-24,173,545,685
2007-05-24,174,,
2007-05-24,179,239,240
2007-05-24,180,234,235
2007-05-24,184,137,139
2007-05-24,185,133,135
2007-05-24,186,115,117
2007-05-24,187,85,88
2007-05-24,188,113,115
2007-05-24,189,,
2007-05-24,190,,
2007-05-24,191,,
2007-05-31,2,343,352
2007-05-31,4,323,332
2007-05-31,5,,
2007-05-31,7,314,322
2007-05-31,10,820,920
2007-05-31,11,437,446
2007-05-31,12,1450,1500
2007-05-31,13,230,232
2007-05-31,14,427,437
2007-05-31,15,880,930
2007-05-31,16,230,232
2007-05-31,17,399,409
2007-05-31,18,800,900
2007-05-31,19,,
2007-05-31,20,980,1010
2007-05-31,21,,
2007-05-31,22,480,530
2007-05-31,24,293,299
2007-05-31,25,430,450
2007-05-31,27,349,360
2007-05-31,28,,
2007-05-31,30,1070,1090
2007-05-31,32,,
2007-05-31,33,1230,1235
2007-05-31,34,,
2007-05-31,35,,
2007-05-31,37,233,238
2007-05-31,39,,
2007-05-31,42,,
2007-05-31,44,,
2007-05-31,52,169,170
2007-05-31,54,,
2007-05-31,58,,
2007-05-31,60,,
2007-05-31,61,,
2007-05-31,62,,
2007-05-31,63,275,285
2007-05-31,64,,
2007-05-31,65,260,270
2007-05-31,66,,
2007-05-31,68,150,160
2007-05-31,71,133,135
2007-05-31,74,111,114
2007-05-31,76,169,170
2007-05-31,77,181,182
2007-05-31,78,,
2007-05-31,79,,
2007-05-31,80,,
2007-05-31,83,178,180
2007-05-31,85,148,150
2007-05-31,86,148,150
2007-05-31,87,135,136
2007-05-31,88,128,130
2007-05-31,89,138,139
2007-05-31,90,,
2007-05-31,91,162,165
2007-05-31,93,119,121
2007-05-31,95,,
2007-05-31,96,166,167
2007-05-31,97,,
2007-05-31,98,169,170
2007-05-31,99,,
2007-05-31,100,186,191
2007-05-31,101,97,98
2007-05-31,102,127,128
2007-05-31,103,96,99
2007-05-31,104,120,121
2007-05-31,106,145,147
2007-05-31,108,195,197
2007-05-31,109,,
2007-05-31,110,,
2007-05-31,111,273,276
2007-05-31,112,,
2007-05-31,118,225,226
2007-05-31,119,256,257
2007-05-31,120,254,255
2007-05-31,121,246,248
2007-05-31,122,244,246
2007-05-31,123,266,268
2007-05-31,124,263,265
2007-05-31,132,193,195
2007-05-31,133,,
2007-05-31,134,,
2007-05-31,135,198,200
2007-05-31,136,,
2007-05-31,140,,
2007-05-31,141,,
2007-05-31,143,207,209
2007-05-31,144,184,185
2007-05-31,145,,
2007-05-31,150,,
2007-05-31,151,,
2007-05-31,152,,
2007-05-31,156,193,195
2007-05-31,157,,
2007-05-31,158,,
2007-05-31,159,,
2007-05-31,161,340,350
2007-05-31,162,395,405
2007-05-31,163,280,290
2007-05-31,164,270,280
2007-05-31,165,245,255
2007-05-31,166,625,795
2007-05-31,167,,
2007-05-31,168,560,700
2007-05-31,169,515,635
2007-05-31,170,515,635
2007-05-31,171,450,560
2007-05-31,172,440,560
2007-05-31,173,545,685
2007-05-31,174,,
2007-05-31,179,235,236
2007-05-31,180,230,231
2007-05-31,184,137,139
2007-05-31,185,133,135
2007-05-31,186,115,117
2007-05-31,187,85,88
2007-05-31,188,113,115
2007-05-31,189,,
2007-05-31,190,,
2007-05-31,192,,
2007-06-07,2,343,352
2007-06-07,4,323,332
2007-06-07,5,,
2007-06-07,7,314,322
2007-06-07,10,820,920
2007-06-07,11,437,446
2007-06-07,12,1450,1500
2007-06-07,13,230,232
2007-06-07,14,427,437
2007-06-07,15,880,930
2007-06-07,16,230,232
2007-06-07,17,399,409
2007-06-07,18,800,900
2007-06-07,19,,
2007-06-07,20,980,1010
2007-06-07,21,,
2007-06-07,22,480,530
2007-06-07,24,293,299
2007-06-07,25,430,450
2007-06-07,27,349,360
2007-06-07,28,,
2007-06-07,30,1070,1090
2007-06-07,32,,
2007-06-07,33,1230,1235
2007-06-07,34,,
2007-06-07,35,,
2007-06-07,37,233,238
2007-06-07,39,,
2007-06-07,42,,
2007-06-07,44,,
2007-06-07,52,168,169
2007-06-07,54,,
2007-06-07,58,,
2007-06-07,60,,
2007-06-07,61,,
2007-06-07,62,,
2007-06-07,63,265,275
2007-06-07,64,,
2007-06-07,65,250,260
2007-06-07,66,,
2007-06-07,68,150,160
2007-06-07,71,133,135
2007-06-07,74,111,114
2007-06-07,76,179,180
2007-06-07,77,,
2007-06-07,78,,
2007-06-07,79,,
2007-06-07,80,,
2007-06-07,83,,
2007-06-07,85,148,150
2007-06-07,86,148,150
2007-06-07,87,132,133
2007-06-07,88,128,130
2007-06-07,89,135,136
2007-06-07,90,,
2007-06-07,91,164,167
2007-06-07,93,121,123
2007-06-07,95,,
2007-06-07,96,163,164
2007-06-07,97,,
2007-06-07,98,166,167
2007-06-07,99,,
2007-06-07,100,188,193
2007-06-07,101,97,98
2007-06-07,102,124,125
2007-06-07,103,96,99
2007-06-07,104,122,123
2007-06-07,106,145,147
2007-06-07,108,190,192
2007-06-07,109,,
2007-06-07,110,,
2007-06-07,111,277,280
2007-06-07,112,,
2007-06-07,118,229,230
2007-06-07,119,254,255
2007-06-07,120,252,253
2007-06-07,121,248,250
2007-06-07,122,246,248
2007-06-07,123,264,266
2007-06-07,124,261,263
2007-06-07,132,,
2007-06-07,133,,
2007-06-07,134,,
2007-06-07,135,,
2007-06-07,136,,
2007-06-07,140,,
2007-06-07,141,,
2007-06-07,143,207,209
2007-06-07,144,188,189
2007-06-07,145,,
2007-06-07,150,,
2007-06-07,151,,
2007-06-07,152,,
2007-06-07,156,,
2007-06-07,157,,
2007-06-07,158,,
2007-06-07,159,,
2007-06-07,161,320,330
2007-06-07,162,375,385
2007-06-07,163,250,260
2007-06-07,164,260,270
2007-06-07,165,245,255
2007-06-07,166,585,755
2007-06-07,167,,
2007-06-07,168,520,660
2007-06-07,169,495,615
2007-06-07,170,495,615
2007-06-07,171,450,560
2007-06-07,172,430,550
2007-06-07,173,545,685
2007-06-07,174,,
2007-06-07,179,237,238
2007-06-07,180,234,235
2007-06-07,184,137,139
2007-06-07,185,133,135
2007-06-07,186,117,119
2007-06-07,187,85,88
2007-06-07,188,110,112
2007-06-07,189,,
2007-06-07,190,,
2007-06-07,192,,
2007-06-14,2,343,352
2007-06-14,4,323,332
2007-06-14,5,,
2007-06-14,7,314,322
2007-06-14,10,820,920
2007-06-14,11,437,446
2007-06-14,12,1450,1500
2007-06-14,13,240,242
2007-06-14,14,427,437
2007-06-14,15,880,930
2007-06-14,16,240,242
2007-06-14,17,399,409
2007-06-14,18,800,900
2007-06-14,19,,
2007-06-14,20,980,1010
2007-06-14,21,,
2007-06-14,22,480,530
2007-06-14,24,293,299
2007-06-14,25,430,450
2007-06-14,27,349,360
2007-06-14,28,,
2007-06-14,30,1070,1090
2007-06-14,32,,
2007-06-14,33,1230,1235
2007-06-14,34,,
2007-06-14,35,,
2007-06-14,37,,
2007-06-14,39,,
2007-06-14,42,,
2007-06-14,44,,
2007-06-14,52,168,169
2007-06-14,54,,
2007-06-14,58,,
2007-06-14,60,,
2007-06-14,61,,
2007-06-14,62,,
2007-06-14,63,265,275
2007-06-14,64,,
2007-06-14,65,250,260
2007-06-14,66,,
2007-06-14,68,150,160
2007-06-14,71,133,135
2007-06-14,74,111,114
2007-06-14,76,179,180
2007-06-14,77,,
2007-06-14,78,,
2007-06-14,79,,
2007-06-14,80,,
2007-06-14,83,,
2007-06-14,85,148,150
2007-06-14,86,148,150
2007-06-14,87,130,131
2007-06-14,88,128,130
2007-06-14,89,133,134
2007-06-14,90,,
2007-06-14,91,168,171
2007-06-14,93,123,125
2007-06-14,95,,
2007-06-14,96,161,162
2007-06-14,97,,
2007-06-14,98,164,165
2007-06-14,99,,
2007-06-14,100,192,197
2007-06-14,101,97,98
2007-06-14,102,123,124
2007-06-14,103,96,99
2007-06-14,104,124,125
2007-06-14,106,144,146
2007-06-14,108,188,190
2007-06-14,109,,
2007-06-14,110,,
2007-06-14,111,277,280
2007-06-14,112,,
2007-06-14,118,233,234
2007-06-14,119,256,257
2007-06-14,120,254,255
2007-06-14,121,252,254
2007-06-14,122,250,252
2007-06-14,123,266,268
2007-06-14,124,263,265
2007-06-14,133,,
2007-06-14,134,,
2007-06-14,136,,
2007-06-14,140,,
2007-06-14,141,,
2007-06-14,143,207,209
2007-06-14,144,192,193
2007-06-14,145,,
2007-06-14,156,,
2007-06-14,157,,
2007-06-14,158,,
2007-06-14,159,,
2007-06-14,161,310,320
2007-06-14,162,365,375
2007-06-14,163,240,250
2007-06-14,164,260,270
2007-06-14,165,245,255
2007-06-14,166,560,730
2007-06-14,168,500,640
2007-06-14,169,495,615
2007-06-14,170,495,615
2007-06-14,171,450,560
2007-06-14,172,430,550
2007-06-14,173,545,685
2007-06-14,174,,
2007-06-14,179,241,242
2007-06-14,180,238,239
2007-06-14,184,137,139
2007-06-14,185,133,135
2007-06-14,186,117,119
2007-06-14,187,85,88
2007-06-14,188,105,107
2007-06-14,193,,
2007-06-14,194,,
2007-06-14,195,,
2007-06-14,196,,
2007-06-14,197,,
2007-06-14,198,,
2007-06-14,199,,
2007-06-14,200,,
2007-06-14,201,,
2007-06-14,202,,
2007-06-21,2,343,352
2007-06-21,4,323,332
2007-06-21,5,,
2007-06-21,7,314,322
2007-06-21,10,820,920
2007-06-21,11,437,446
2007-06-21,12,1450,1500
2007-06-21,13,245,247
2007-06-21,14,427,437
2007-06-21,15,880,930
2007-06-21,16,245,247
2007-06-21,17,399,409
2007-06-21,18,800,900
2007-06-21,19,,
2007-06-21,20,980,1010
2007-06-21,21,,
2007-06-21,22,480,530
2007-06-21,24,308,314
2007-06-21,25,430,450
2007-06-21,27,364,375
2007-06-21,28,,
2007-06-21,30,1070,1090
2007-06-21,32,,
2007-06-21,33,1230,1235
2007-06-21,34,,
2007-06-21,35,,
2007-06-21,37,,
2007-06-21,39,,
2007-06-21,42,,
2007-06-21,44,,
2007-06-21,52,169,170
2007-06-21,54,,
2007-06-21,58,,
2007-06-21,60,,
2007-06-21,61,,
2007-06-21,62,,
2007-06-21,63,260,270
2007-06-21,64,,
2007-06-21,65,250,260
2007-06-21,66,,
2007-06-21,68,150,160
2007-06-21,71,133,135
2007-06-21,74,111,114
2007-06-21,76,184,185
2007-06-21,77,,
2007-06-21,78,,
2007-06-21,79,,
2007-06-21,80,,
2007-06-21,83,,
2007-06-21,85,148,150
2007-06-21,86,148,150
2007-06-21,87,121,122
2007-06-21,88,128,130
2007-06-21,89,124,125
2007-06-21,90,,
2007-06-21,91,168,171
2007-06-21,93,123,125
2007-06-21,95,,
2007-06-21,96,152,153
2007-06-21,97,,
2007-06-21,98,155,156
2007-06-21,99,,
2007-06-21,100,192,197
2007-06-21,101,97,98
2007-06-21,102,119,120
2007-06-21,103,96,99
2007-06-21,104,124,125
2007-06-21,106,139,141
2007-06-21,108,186,188
2007-06-21,109,,
2007-06-21,110,,
2007-06-21,111,282,285
2007-06-21,112,,
2007-06-21,118,237,238
2007-06-21,119,260,261
2007-06-21,120,258,259
2007-06-21,121,256,258
2007-06-21,122,254,256
2007-06-21,123,270,272
2007-06-21,124,267,269
2007-06-21,133,,
2007-06-21,134,,
2007-06-21,136,,
2007-06-21,143,208,210
2007-06-21,144,194,195
2007-06-21,145,,
2007-06-21,156,,
2007-06-21,157,,
2007-06-21,158,,
2007-06-21,159,,
2007-06-21,161,300,310
2007-06-21,162,345,355
2007-06-21,163,230,240
2007-06-21,164,250,260
2007-06-21,165,245,255
2007-06-21,166,540,710
2007-06-21,168,480,620
2007-06-21,169,485,605
2007-06-21,170,475,595
2007-06-21,171,450,560
2007-06-21,172,410,530
2007-06-21,173,545,685
2007-06-21,174,,
2007-06-21,179,245,246
2007-06-21,180,242,243
2007-06-21,184,139,141
2007-06-21,185,135,137
2007-06-21,186,119,121
2007-06-21,187,85,88
2007-06-21,188,101,103
2007-06-21,196,,
2007-06-21,198,,
2007-06-21,199,165,168
2007-06-21,200,172,175
2007-06-21,201,178,180
2007-06-21,202,182,185
2007-06-21,203,,
2007-06-21,204,185,190
2007-06-21,205,177,180
2007-06-21,206,180,185
2007-06-21,207,173,175
2007-06-21,208,170,172
2007-06-21,209,,
2007-06-21,210,210,213
2007-06-28,2,348,357
2007-06-28,4,328,337
2007-06-28,5,,
2007-06-28,7,319,327
2007-06-28,10,820,920
2007-06-28,11,442,451
2007-06-28,12,1450,1500
2007-06-28,13,251,253
2007-06-28,14,432,442
2007-06-28,15,880,930
2007-06-28,16,251,253
2007-06-28,17,404,414
2007-06-28,18,800,900
2007-06-28,19,,
2007-06-28,20,980,1010
2007-06-28,21,,
2007-06-28,22,480,530
2007-06-28,24,319,325
2007-06-28,25,430,450
2007-06-28,27,375,386
2007-06-28,28,,
2007-06-28,30,1060,1080
2007-06-28,32,245,250
2007-06-28,33,1215,1220
2007-06-28,34,270,275
2007-06-28,35,220,225
2007-06-28,37,,
2007-06-28,39,,
2007-06-28,42,,
2007-06-28,44,,
2007-06-28,52,173,174
2007-06-28,54,,
2007-06-28,58,,
2007-06-28,60,,
2007-06-28,61,,
2007-06-28,62,,
2007-06-28,63,255,265
2007-06-28,64,,
2007-06-28,65,245,255
2007-06-28,66,,
2007-06-28,68,150,160
2007-06-28,71,133,135
2007-06-28,74,111,114
2007-06-28,76,184,185
2007-06-28,77,,
2007-06-28,78,,
2007-06-28,79,,
2007-06-28,80,,
2007-06-28,83,,
2007-06-28,85,148,150
2007-06-28,86,148,150
2007-06-28,87,110,111
2007-06-28,88,128,130
2007-06-28,89,113,114
2007-06-28,90,,
2007-06-28,91,162,165
2007-06-28,93,121,123
2007-06-28,95,,
2007-06-28,96,141,142
2007-06-28,97,,
2007-06-28,98,144,145
2007-06-28,99,,
2007-06-28,100,186,191
2007-06-28,101,97,98
2007-06-28,102,108,109
2007-06-28,103,96,99
2007-06-28,104,122,123
2007-06-28,106,133,135
2007-06-28,108,178,180
2007-06-28,109,,
2007-06-28,110,,
2007-06-28,111,284,287
2007-06-28,112,,
2007-06-28,118,237,238
2007-06-28,119,260,261
2007-06-28,120,258,259
2007-06-28,121,256,258
2007-06-28,122,254,256
2007-06-28,123,270,272
2007-06-28,124,267,269
2007-06-28,134,,
2007-06-28,143,212,214
2007-06-28,144,197,198
2007-06-28,145,,
2007-06-28,156,,
2007-06-28,157,,
2007-06-28,158,,
2007-06-28,159,,
2007-06-28,161,300,310
2007-06-28,162,345,355
2007-06-28,163,230,240
2007-06-28,164,250,260
2007-06-28,165,245,255
2007-06-28,166,540,710
2007-06-28,168,480,620
2007-06-28,169,485,605
2007-06-28,170,475,595
2007-06-28,171,450,560
2007-06-28,172,410,530
2007-06-28,173,545,685
2007-06-28,174,,
2007-06-28,179,245,246
2007-06-28,180,242,243
2007-06-28,184,139,141
2007-06-28,185,135,137
2007-06-28,186,119,121
2007-06-28,187,88,91
2007-06-28,188,98,100
2007-06-28,199,170,173
2007-06-28,200,177,180
2007-06-28,201,183,185
2007-06-28,202,187,190
2007-06-28,203,,
2007-06-28,204,187,192
2007-06-28,205,180,183
2007-06-28,206,185,190
2007-06-28,207,178,180
2007-06-28,208,175,177
2007-06-28,209,173,176
2007-06-28,210,225,228
2007-06-28,211,215,220
2007-06-28,212,208,212
2007-06-28,213,217,221
2007-06-28,214,,
2007-07-05,2,353,362
2007-07-05,4,333,342
2007-07-05,5,,
2007-07-05,7,324,332
2007-07-05,10,,
2007-07-05,11,447,456
2007-07-05,12,,
2007-07-05,13,254,256
2007-07-05,14,437,447
2007-07-05,15,,
2007-07-05,16,254,256
2007-07-05,17,409,419
2007-07-05,18,,
2007-07-05,19,,
2007-07-05,20,,
2007-07-05,21,,
2007-07-05,22,,
2007-07-05,24,329,335
2007-07-05,25,,
2007-07-05,27,385,396
2007-07-05,28,,
2007-07-05,30,1050,1070
2007-07-05,32,255,260
2007-07-05,33,1205,1210
2007-07-05,34,285,290
2007-07-05,35,225,230
2007-07-05,37,,
2007-07-05,39,,
2007-07-05,42,,
2007-07-05,44,,
2007-07-05,52,181,182
2007-07-05,54,,
2007-07-05,58,,
2007-07-05,60,,
2007-07-05,61,,
2007-07-05,62,,
2007-07-05,63,260,270
2007-07-05,64,,
2007-07-05,65,250,260
2007-07-05,66,,
2007-07-05,68,155,165
2007-07-05,71,133,135
2007-07-05,74,111,114
2007-07-05,76,194,195
2007-07-05,77,,
2007-07-05,78,,
2007-07-05,79,,
2007-07-05,80,,
2007-07-05,83,,
2007-07-05,85,148,150
2007-07-05,86,148,150
2007-07-05,87,107,108
2007-07-05,88,128,130
2007-07-05,89,110,111
2007-07-05,90,,
2007-07-05,91,157,160
2007-07-05,93,121,123
2007-07-05,95,,
2007-07-05,96,138,139
2007-07-05,97,,
2007-07-05,98,141,142
2007-07-05,99,,
2007-07-05,100,181,186
2007-07-05,101,97,98
2007-07-05,102,106,107
2007-07-05,103,96,99
2007-07-05,104,122,123
2007-07-05,106,133,135
2007-07-05,108,178,180
2007-07-05,109,,
2007-07-05,110,,
2007-07-05,111,292,295
2007-07-05,112,,
2007-07-05,118,247,248
2007-07-05,119,270,271
2007-07-05,120,268,269
2007-07-05,121,266,268
2007-07-05,122,264,266
2007-07-05,123,280,282
2007-07-05,124,277,279
2007-07-05,134,,
2007-07-05,143,220,222
2007-07-05,144,199,200
2007-07-05,145,,
2007-07-05,156,,
2007-07-05,157,,
2007-07-05,158,,
2007-07-05,159,,
2007-07-05,161,300,310
2007-07-05,162,345,355
2007-07-05,163,240,250
2007-07-05,164,250,260
2007-07-05,165,,
2007-07-05,166,540,710
2007-07-05,168,500,640
2007-07-05,169,485,605
2007-07-05,170,475,595
2007-07-05,171,450,560
2007-07-05,172,410,530
2007-07-05,173,545,685
2007-07-05,174,,
2007-07-05,179,255,256
2007-07-05,180,252,253
2007-07-05,184,139,141
2007-07-05,185,135,137
2007-07-05,186,119,121
2007-07-05,187,90,93
2007-07-05,188,96,98
2007-07-05,199,174,177
2007-07-05,200,181,184
2007-07-05,201,189,191
2007-07-05,202,193,196
2007-07-05,203,,
2007-07-05,204,192,195
2007-07-05,205,183,186
2007-07-05,206,190,195
2007-07-05,207,182,184
2007-07-05,208,181,183
2007-07-05,209,180,183
2007-07-05,210,237,240
2007-07-05,211,226,231
2007-07-05,212,219,223
2007-07-05,213,229,233
2007-07-05,214,,
2007-07-12,2,365,374
2007-07-12,4,345,354
2007-07-12,5,,
2007-07-12,7,336,344
2007-07-12,10,,
2007-07-12,11,459,468
2007-07-12,12,,
2007-07-12,13,257,259
2007-07-12,14,449,459
2007-07-12,15,,
2007-07-12,16,257,259
2007-07-12,17,421,431
2007-07-12,18,,
2007-07-12,19,,
2007-07-12,20,,
2007-07-12,21,,
2007-07-12,22,,
2007-07-12,24,369,375
2007-07-12,25,,
2007-07-12,27,425,436
2007-07-12,28,,
2007-07-12,30,1040,1060
2007-07-12,32,270,275
2007-07-12,33,1195,1200
2007-07-12,34,305,310
2007-07-12,35,228,233
2007-07-12,37,,
2007-07-12,39,,
2007-07-12,42,,
2007-07-12,44,,
2007-07-12,52,181,182
2007-07-12,54,,
2007-07-12,58,,
2007-07-12,60,,
2007-07-12,61,,
2007-07-12,62,,
2007-07-12,63,260,270
2007-07-12,64,,
2007-07-12,65,250,260
2007-07-12,66,,
2007-07-12,68,155,165
2007-07-12,71,133,135
2007-07-12,74,111,114
2007-07-12,76,194,195
2007-07-12,77,,
2007-07-12,78,,
2007-07-12,79,,
2007-07-12,80,,
2007-07-12,83,,
2007-07-12,85,,
2007-07-12,86,150,152
2007-07-12,87,111,112
2007-07-12,88,130,132
2007-07-12,89,114,115
2007-07-12,90,,
2007-07-12,91,163,166
2007-07-12,93,125,127
2007-07-12,95,,
2007-07-12,96,142,143
2007-07-12,97,,
2007-07-12,98,145,146
2007-07-12,99,,
2007-07-12,100,187,192
2007-07-12,101,97,98
2007-07-12,102,110,111
2007-07-12,103,96,99
2007-07-12,104,126,127
2007-07-12,106,137,139
2007-07-12,108,180,182
2007-07-12,109,,
2007-07-12,110,,
2007-07-12,111,295,298
2007-07-12,112,,
2007-07-12,118,251,252
2007-07-12,119,274,275
2007-07-12,120,272,273
2007-07-12,121,268,270
2007-07-12,122,266,268
2007-07-12,123,282,284
2007-07-12,124,279,281
2007-07-12,134,,
2007-07-12,143,220,222
2007-07-12,144,195,196
2007-07-12,145,,
2007-07-12,156,,
2007-07-12,157,,
2007-07-12,158,,
2007-07-12,159,,
2007-07-12,161,290,300
2007-07-12,162,335,345
2007-07-12,163,250,260
2007-07-12,164,250,260
2007-07-12,165,,
2007-07-12,166,520,690
2007-07-12,168,520,660
2007-07-12,169,485,605
2007-07-12,170,475,595
2007-07-12,171,450,560
2007-07-12,172,410,530
2007-07-12,173,545,685
2007-07-12,174,,
2007-07-12,179,259,260
2007-07-12,180,256,257
2007-07-12,184,143,145
2007-07-12,185,139,141
2007-07-12,186,123,125
2007-07-12,187,92,95
2007-07-12,188,96,98
2007-07-12,199,177,180
2007-07-12,200,184,187
2007-07-12,201,192,194
2007-07-12,202,196,199
2007-07-12,203,209,213
2007-07-12,204,199,202
2007-07-12,205,193,196
2007-07-12,206,195,200
2007-07-12,207,192,194
2007-07-12,208,191,193
2007-07-12,209,190,193
2007-07-12,210,257,260
2007-07-12,211,246,251
2007-07-12,212,239,243
2007-07-12,213,249,253
2007-07-12,214,,
2007-07-19,2,365,374
2007-07-19,5,,
2007-07-19,10,,
2007-07-19,11,459,468
2007-07-19,12,,
2007-07-19,13,257,259
2007-07-19,14,449,459
2007-07-19,15,,
2007-07-19,16,257,259
2007-07-19,17,421,431
2007-07-19,18,,
2007-07-19,19,,
2007-07-19,20,,
2007-07-19,21,,
2007-07-19,22,,
2007-07-19,24,394,400
2007-07-19,25,,
2007-07-19,27,450,461
2007-07-19,28,,
2007-07-19,30,1030,1050
2007-07-19,32,275,280
2007-07-19,33,1195,1200
2007-07-19,34,315,320
2007-07-19,35,228,233
2007-07-19,37,,
2007-07-19,39,,
2007-07-19,42,,
2007-07-19,44,,
2007-07-19,52,183,184
2007-07-19,54,,
2007-07-19,58,,
2007-07-19,60,,
2007-07-19,61,,
2007-07-19,62,175,180
2007-07-19,63,260,270
2007-07-19,64,,
2007-07-19,65,250,260
2007-07-19,66,,
2007-07-19,68,155,165
2007-07-19,71,136,138
2007-07-19,74,114,117
2007-07-19,76,194,195
2007-07-19,77,191,194
2007-07-19,78,,
2007-07-19,79,,
2007-07-19,80,,
2007-07-19,83,,
2007-07-19,85,,
2007-07-19,86,152,154
2007-07-19,87,124,125
2007-07-19,88,132,134
2007-07-19,89,127,128
2007-07-19,90,,
2007-07-19,91,168,171
2007-07-19,93,134,136
2007-07-19,95,,
2007-07-19,96,155,156
2007-07-19,97,,
2007-07-19,98,158,159
2007-07-19,99,,
2007-07-19,100,192,197
2007-07-19,101,97,98
2007-07-19,102,123,124
2007-07-19,103,96,99
2007-07-19,104,135,136
2007-07-19,106,144,146
2007-07-19,108,187,189
2007-07-19,109,,
2007-07-19,110,,
2007-07-19,111,292,295
2007-07-19,112,,
2007-07-19,118,242,243
2007-07-19,119,268,269
2007-07-19,120,266,267
2007-07-19,121,259,261
2007-07-19,122,257,259
2007-07-19,123,276,278
2007-07-19,124,273,275
2007-07-19,134,,
2007-07-19,143,222,224
2007-07-19,144,192,193
2007-07-19,145,,
2007-07-19,156,222,225
2007-07-19,157,,
2007-07-19,158,,
2007-07-19,159,204,206
2007-07-19,161,280,290
2007-07-19,162,310,320
2007-07-19,163,250,260
2007-07-19,164,250,260
2007-07-19,165,,
2007-07-19,166,500,670
2007-07-19,168,520,660
2007-07-19,169,485,605
2007-07-19,170,475,595
2007-07-19,171,470,580
2007-07-19,172,410,530
2007-07-19,173,545,685
2007-07-19,174,,
2007-07-19,179,250,251
2007-07-19,180,247,248
2007-07-19,184,150,152
2007-07-19,185,143,145
2007-07-19,186,125,127
2007-07-19,187,94,97
2007-07-19,188,96,98
2007-07-19,199,177,180
2007-07-19,200,184,187
2007-07-19,201,193,195
2007-07-19,202,196,199
2007-07-19,203,209,213
2007-07-19,204,200,203
2007-07-19,205,193,196
2007-07-19,206,196,201
2007-07-19,207,192,194
2007-07-19,208,191,193
2007-07-19,209,190,193
2007-07-19,210,268,271
2007-07-19,211,257,262
2007-07-19,212,250,254
2007-07-19,213,260,264
2007-07-19,214,,
2007-07-19,215,345,354
2007-07-19,216,336,344
2007-07-26,2,370,379
2007-07-26,5,,
2007-07-26,10,,
2007-07-26,11,464,473
2007-07-26,12,,
2007-07-26,13,262,264
2007-07-26,14,454,464
2007-07-26,15,,
2007-07-26,16,262,264
2007-07-26,17,426,436
2007-07-26,18,,
2007-07-26,19,,
2007-07-26,20,,
2007-07-26,21,,
2007-07-26,22,,
2007-07-26,24,409,415
2007-07-26,25,,
2007-07-26,27,465,476
2007-07-26,28,,
2007-07-26,30,1020,1040
2007-07-26,32,285,290
2007-07-26,33,1185,1190
2007-07-26,34,330,335
2007-07-26,35,235,240
2007-07-26,37,,
2007-07-26,39,,
2007-07-26,42,,
2007-07-26,44,,
2007-07-26,52,195,196
2007-07-26,54,,
2007-07-26,58,,
2007-07-26,60,,
2007-07-26,61,,
2007-07-26,62,175,180
2007-07-26,63,260,270
2007-07-26,64,,
2007-07-26,65,250,260
2007-07-26,66,,
2007-07-26,68,160,170
2007-07-26,71,139,141
2007-07-26,74,117,120
2007-07-26,76,192,193
2007-07-26,77,201,204
2007-07-26,78,,
2007-07-26,79,,
2007-07-26,80,,
2007-07-26,83,,
2007-07-26,85,,
2007-07-26,86,157,159
2007-07-26,87,139,140
2007-07-26,88,134,136
2007-07-26,89,142,143
2007-07-26,90,,
2007-07-26,91,175,178
2007-07-26,93,145,147
2007-07-26,95,,
2007-07-26,96,170,171
2007-07-26,97,,
2007-07-26,98,173,174
2007-07-26,99,,
2007-07-26,100,199,204
2007-07-26,101,97,98
2007-07-26,102,138,139
2007-07-26,103,96,99
2007-07-26,104,146,147
2007-07-26,106,156,158
2007-07-26,108,198,200
2007-07-26,109,,
2007-07-26,110,,
2007-07-26,111,292,295
2007-07-26,112,,
2007-07-26,118,237,238
2007-07-26,119,263,264
2007-07-26,120,261,262
2007-07-26,121,255,257
2007-07-26,122,253,255
2007-07-26,123,273,275
2007-07-26,124,270,272
2007-07-26,134,,
2007-07-26,143,234,236
2007-07-26,144,185,186
2007-07-26,145,,
2007-07-26,156,229,232
2007-07-26,157,,
2007-07-26,158,,
2007-07-26,159,211,213
2007-07-26,161,280,290
2007-07-26,162,295,305
2007-07-26,163,250,260
2007-07-26,164,250,260
2007-07-26,165,,
2007-07-26,166,500,670
2007-07-26,168,520,660
2007-07-26,169,485,605
2007-07-26,170,475,595
2007-07-26,171,470,580
2007-07-26,172,410,530
2007-07-26,173,545,685
2007-07-26,174,,
2007-07-26,179,245,246
2007-07-26,180,242,243
2007-07-26,184,152,154
2007-07-26,185,145,147
2007-07-26,186,127,129
2007-07-26,187,96,99
2007-07-26,188,96,98
2007-07-26,199,187,190
2007-07-26,200,194,197
2007-07-26,201,203,205
2007-07-26,202,206,209
2007-07-26,203,213,217
2007-07-26,204,207,210
2007-07-26,205,200,203
2007-07-26,206,203,208
2007-07-26,207,199,201
2007-07-26,208,198,200
2007-07-26,209,197,200
2007-07-26,210,278,281
2007-07-26,211,267,272
2007-07-26,212,260,264
2007-07-26,213,270,274
2007-07-26,214,,
2007-07-26,215,350,359
2007-07-26,216,341,349
2007-08-02,2,380,389
2007-08-02,5,,
2007-08-02,10,,
2007-08-02,11,474,483
2007-08-02,12,,
2007-08-02,13,267,269
2007-08-02,14,464,474
2007-08-02,15,,
2007-08-02,16,267,269
2007-08-02,17,436,446
2007-08-02,18,,
2007-08-02,19,,
2007-08-02,20,,
2007-08-02,21,,
2007-08-02,22,,
2007-08-02,24,414,420
2007-08-02,25,,
2007-08-02,27,470,481
2007-08-02,28,,
2007-08-02,30,1010,1030
2007-08-02,32,300,305
2007-08-02,33,1175,1180
2007-08-02,34,342,347
2007-08-02,35,245,250
2007-08-02,37,,
2007-08-02,39,,
2007-08-02,42,,
2007-08-02,44,,
2007-08-02,52,219,220
2007-08-02,54,,
2007-08-02,58,,
2007-08-02,60,,
2007-08-02,61,,
2007-08-02,62,195,200
2007-08-02,63,260,270
2007-08-02,64,,
2007-08-02,65,250,260
2007-08-02,66,,
2007-08-02,68,160,170
2007-08-02,71,139,141
2007-08-02,74,117,120
2007-08-02,76,192,193
2007-08-02,77,221,224
2007-08-02,78,,
2007-08-02,79,,
2007-08-02,80,,
2007-08-02,83,,
2007-08-02,85,,
2007-08-02,86,159,161
2007-08-02,87,159,160
2007-08-02,88,136,138
2007-08-02,89,162,163
2007-08-02,90,,
2007-08-02,91,189,192
2007-08-02,93,160,162
2007-08-02,95,,
2007-08-02,96,190,191
2007-08-02,97,,
2007-08-02,98,193,194
2007-08-02,99,,
2007-08-02,100,213,218
2007-08-02,101,97,98
2007-08-02,102,158,159
2007-08-02,103,96,99
2007-08-02,104,161,162
2007-08-02,106,170,172
2007-08-02,108,203,205
2007-08-02,109,,
2007-08-02,110,,
2007-08-02,111,297,300
2007-08-02,112,,
2007-08-02,118,242,243
2007-08-02,119,270,271
2007-08-02,120,268,269
2007-08-02,121,260,262
2007-08-02,122,258,260
2007-08-02,123,288,290
2007-08-02,124,285,287
2007-08-02,134,,
2007-08-02,143,258,260
2007-08-02,144,182,183
2007-08-02,145,,
2007-08-02,156,237,240
2007-08-02,157,,
2007-08-02,158,,
2007-08-02,159,221,223
2007-08-02,161,280,290
2007-08-02,162,295,305
2007-08-02,163,250,260
2007-08-02,164,250,260
2007-08-02,165,,
2007-08-02,166,500,670
2007-08-02,168,520,660
2007-08-02,169,485,605
2007-08-02,170,475,595
2007-08-02,171,470,580
2007-08-02,172,410,530
2007-08-02,173,545,685
2007-08-02,174,,
2007-08-02,179,250,251
2007-08-02,180,247,248
2007-08-02,184,152,154
2007-08-02,185,145,147
2007-08-02,186,130,132
2007-08-02,187,98,100
2007-08-02,188,98,100
2007-08-02,199,202,205
2007-08-02,200,209,212
2007-08-02,201,218,220
2007-08-02,202,221,224
2007-08-02,203,223,227
2007-08-02,204,219,222
2007-08-02,205,212,215
2007-08-02,206,215,220
2007-08-02,207,211,213
2007-08-02,208,210,212
2007-08-02,209,209,212
2007-08-02,210,282,285
2007-08-02,211,271,276
2007-08-02,212,264,268
2007-08-02,213,274,278
2007-08-02,214,,
2007-08-02,215,360,369
2007-08-02,216,351,359
2007-08-23,2,400,409
2007-08-23,5,,
2007-08-23,10,,
2007-08-23,11,494,503
2007-08-23,12,,
2007-08-23,13,288,290
2007-08-23,14,484,494
2007-08-23,15,,
2007-08-23,16,293,295
2007-08-23,17,456,466
2007-08-23,18,,
2007-08-23,19,,
2007-08-23,20,,
2007-08-23,21,,
2007-08-23,22,,
2007-08-23,24,429,435
2007-08-23,25,,
2007-08-23,27,485,496
2007-08-23,28,,
2007-08-23,30,1010,1030
2007-08-23,32,310,315
2007-08-23,33,1175,1180
2007-08-23,34,352,357
2007-08-23,35,265,270
2007-08-23,37,,
2007-08-23,39,,
2007-08-23,42,,
2007-08-23,44,,
2007-08-23,52,226,227
2007-08-23,54,,
2007-08-23,58,,
2007-08-23,60,,
2007-08-23,61,,
2007-08-23,62,200,220
2007-08-23,63,260,270
2007-08-23,64,235,240
2007-08-23,65,250,260
2007-08-23,66,,
2007-08-23,68,165,175
2007-08-23,71,144,146
2007-08-23,74,122,125
2007-08-23,76,202,203
2007-08-23,77,237,240
2007-08-23,78,,
2007-08-23,79,213,215
2007-08-23,80,,
2007-08-23,83,240,245
2007-08-23,85,,
2007-08-23,86,159,161
2007-08-23,87,157,158
2007-08-23,88,136,138
2007-08-23,89,160,161
2007-08-23,90,,
2007-08-23,91,199,202
2007-08-23,93,160,162
2007-08-23,95,,
2007-08-23,96,188,189
2007-08-23,97,,
2007-08-23,98,191,192
2007-08-23,99,,
2007-08-23,100,223,228
2007-08-23,101,97,98
2007-08-23,102,156,157
2007-08-23,103,96,99
2007-08-23,104,161,162
2007-08-23,106,180,182
2007-08-23,108,208,210
2007-08-23,109,,
2007-08-23,110,,
2007-08-23,111,305,308
2007-08-23,112,,
2007-08-23,118,254,255
2007-08-23,119,285,286
2007-08-23,120,283,284
2007-08-23,121,270,272
2007-08-23,122,268,270
2007-08-23,123,298,300
2007-08-23,124,295,297
2007-08-23,134,,
2007-08-23,143,265,267
2007-08-23,144,185,186
2007-08-23,145,,
2007-08-23,156,262,265
2007-08-23,157,,
2007-08-23,158,,
2007-08-23,159,246,248
2007-08-23,161,280,290
2007-08-23,162,295,305
2007-08-23,163,250,260
2007-08-23,164,250,260
2007-08-23,165,,
2007-08-23,166,500,670
2007-08-23,168,520,660
2007-08-23,169,485,605
2007-08-23,170,475,595
2007-08-23,171,470,580
2007-08-23,172,410,530
2007-08-23,173,545,685
2007-08-23,174,,
2007-08-23,179,262,263
2007-08-23,180,259,260
2007-08-23,184,158,160
2007-08-23,185,149,151
2007-08-23,186,135,137
2007-08-23,187,98,100
2007-08-23,188,98,100
2007-08-23,199,218,221
2007-08-23,200,225,228
2007-08-23,201,234,236
2007-08-23,202,237,240
2007-08-23,203,253,257
2007-08-23,204,249,252
2007-08-23,205,242,245
2007-08-23,206,245,250
2007-08-23,207,241,243
2007-08-23,208,240,242
2007-08-23,209,239,242
2007-08-23,210,297,300
2007-08-23,211,283,288
2007-08-23,212,276,280
2007-08-23,213,289,293
2007-08-23,214,,
2007-08-23,215,380,389
2007-08-23,216,371,379
2007-08-30,2,410,419
2007-08-30,5,3300,3350
2007-08-30,10,900,950
2007-08-30,11,504,513
2007-08-30,12,,
2007-08-30,13,292,294
2007-08-30,14,494,504
2007-08-30,15,900,950
2007-08-30,16,297,299
2007-08-30,17,466,476
2007-08-30,18,,
2007-08-30,19,,
2007-08-30,20,1050,1100
2007-08-30,21,,
2007-08-30,22,,
2007-08-30,24,444,450
2007-08-30,25,,
2007-08-30,27,500,511
2007-08-30,28,,
2007-08-30,30,1010,1030
2007-08-30,32,325,330
2007-08-30,33,1175,1180
2007-08-30,34,365,370
2007-08-30,35,275,280
2007-08-30,37,,
2007-08-30,39,,
2007-08-30,42,,
2007-08-30,44,,
2007-08-30,52,228,229
2007-08-30,54,,
2007-08-30,58,,
2007-08-30,60,,
2007-08-30,61,,
2007-08-30,62,200,220
2007-08-30,63,260,270
2007-08-30,64,235,240
2007-08-30,65,250,260
2007-08-30,66,,
2007-08-30,68,170,180
2007-08-30,71,149,151
2007-08-30,74,127,130
2007-08-30,76,205,206
2007-08-30,77,240,243
2007-08-30,78,,
2007-08-30,79,223,225
2007-08-30,80,,
2007-08-30,83,245,250
2007-08-30,85,,
2007-08-30,86,163,165
2007-08-30,87,153,154
2007-08-30,88,140,142
2007-08-30,89,156,157
2007-08-30,90,,
2007-08-30,91,207,210
2007-08-30,93,155,157
2007-08-30,95,,
2007-08-30,96,184,185
2007-08-30,97,,
2007-08-30,98,187,188
2007-08-30,99,,
2007-08-30,100,231,236
2007-08-30,101,97,98
2007-08-30,102,150,151
2007-08-30,103,96,99
2007-08-30,104,156,157
2007-08-30,106,188,190
2007-08-30,108,218,220
2007-08-30,109,,
2007-08-30,110,,
2007-08-30,111,312,315
2007-08-30,112,,
2007-08-30,118,257,258
2007-08-30,119,288,289
2007-08-30,120,286,287
2007-08-30,121,273,275
2007-08-30,122,271,273
2007-08-30,123,301,303
2007-08-30,124,298,300
2007-08-30,134,,
2007-08-30,143,267,269
2007-08-30,144,190,191
2007-08-30,145,,
2007-08-30,156,277,280
2007-08-30,157,,
2007-08-30,158,,
2007-08-30,159,261,263
2007-08-30,161,280,290
2007-08-30,162,295,305
2007-08-30,163,250,260
2007-08-30,164,250,260
2007-08-30,165,,
2007-08-30,166,500,670
2007-08-30,168,520,660
2007-08-30,169,485,605
2007-08-30,170,475,595
2007-08-30,171,470,580
2007-08-30,172,410,530
2007-08-30,173,545,685
2007-08-30,174,,
2007-08-30,179,265,266
2007-08-30,180,262,263
2007-08-30,184,163,165
2007-08-30,185,154,156
2007-08-30,186,140,142
2007-08-30,187,102,104
2007-08-30,188,100,102
2007-08-30,199,222,225
2007-08-30,200,229,232
2007-08-30,201,237,239
2007-08-30,202,240,243
2007-08-30,203,258,262
2007-08-30,204,253,256
2007-08-30,205,246,249
2007-08-30,206,249,254
2007-08-30,207,245,247
2007-08-30,208,240,242
2007-08-30,209,239,242
2007-08-30,210,307,310
2007-08-30,211,295,300
2007-08-30,212,288,292
2007-08-30,213,299,303
2007-08-30,214,,
2007-08-30,215,390,399
2007-08-30,216,381,389
2007-09-06,2,420,429
2007-09-06,5,3300,3350
2007-09-06,10,900,950
2007-09-06,11,514,523
2007-09-06,12,,
2007-09-06,13,307,309
2007-09-06,14,504,514
2007-09-06,15,900,950
2007-09-06,16,312,314
2007-09-06,17,476,486
2007-09-06,18,,
2007-09-06,19,,
2007-09-06,20,1050,1100
2007-09-06,21,,
2007-09-06,22,,
2007-09-06,24,454,460
2007-09-06,25,,
2007-09-06,27,510,521
2007-09-06,28,,
2007-09-06,30,1000,1020
2007-09-06,32,331,336
2007-09-06,33,1165,1170
2007-09-06,34,375,380
2007-09-06,35,279,284
2007-09-06,37,,
2007-09-06,39,,
2007-09-06,42,,
2007-09-06,44,,
2007-09-06,52,235,236
2007-09-06,54,,
2007-09-06,58,,
2007-09-06,60,,
2007-09-06,61,,
2007-09-06,62,205,225
2007-09-06,63,265,275
2007-09-06,64,245,250
2007-09-06,65,255,265
2007-09-06,66,,
2007-09-06,68,180,190
2007-09-06,71,154,156
2007-09-06,74,132,135
2007-09-06,76,209,210
2007-09-06,77,247,250
2007-09-06,78,,
2007-09-06,79,230,232
2007-09-06,80,,
2007-09-06,83,265,270
2007-09-06,85,170,172
2007-09-06,86,165,167
2007-09-06,87,146,147
2007-09-06,88,142,144
2007-09-06,89,152,153
2007-09-06,90,,
2007-09-06,91,211,214
2007-09-06,93,151,153
2007-09-06,95,,
2007-09-06,96,177,178
2007-09-06,97,,
2007-09-06,98,183,184
2007-09-06,99,,
2007-09-06,100,235,240
2007-09-06,101,97,98
2007-09-06,102,143,144
2007-09-06,103,96,99
2007-09-06,104,152,153
2007-09-06,106,192,194
2007-09-06,108,231,233
2007-09-06,109,,
2007-09-06,110,,
2007-09-06,111,332,335
2007-09-06,112,325,330
2007-09-06,118,267,268
2007-09-06,119,298,299
2007-09-06,120,296,297
2007-09-06,121,283,285
2007-09-06,122,281,283
2007-09-06,123,311,313
2007-09-06,124,308,310
2007-09-06,134,,
2007-09-06,143,274,276
2007-09-06,144,202,203
2007-09-06,145,,
2007-09-06,156,292,295
2007-09-06,157,,
2007-09-06,158,,
2007-09-06,159,276,278
2007-09-06,161,,
2007-09-06,162,,
2007-09-06,163,,
2007-09-06,164,,
2007-09-06,165,,
2007-09-06,166,500,670
2007-09-06,168,520,660
2007-09-06,169,485,605
2007-09-06,170,475,595
2007-09-06,171,470,580
2007-09-06,172,410,530
2007-09-06,173,545,685
2007-09-06,174,,
2007-09-06,179,275,276
2007-09-06,180,272,273
2007-09-06,184,168,170
2007-09-06,185,159,161
2007-09-06,186,145,147
2007-09-06,187,104,106
2007-09-06,188,102,104
2007-09-06,199,227,230
2007-09-06,200,234,237
2007-09-06,201,242,244
2007-09-06,202,245,248
2007-09-06,209,257,260
2007-09-06,210,322,325
2007-09-06,211,308,313
2007-09-06,212,301,305
2007-09-06,213,314,318
2007-09-06,214,,
2007-09-06,215,400,409
2007-09-06,216,391,399
2007-09-06,217,276,280
2007-09-06,218,273,276
2007-09-06,219,266,269
2007-09-06,220,267,272
2007-09-06,221,263,265
2007-09-06,222,258,260
2007-09-13,2,425,434
2007-09-13,5,3300,3350
2007-09-13,10,900,950
2007-09-13,11,519,528
2007-09-13,12,,
2007-09-13,13,322,324
2007-09-13,14,509,519
2007-09-13,15,900,950
2007-09-13,16,327,329
2007-09-13,17,481,491
2007-09-13,18,,
2007-09-13,19,,
2007-09-13,20,1050,1100
2007-09-13,21,,
2007-09-13,22,,
2007-09-13,24,454,460
2007-09-13,25,,
2007-09-13,27,510,521
2007-09-13,28,,
2007-09-13,30,980,1000
2007-09-13,32,339,344
2007-09-13,33,1150,1155
2007-09-13,34,383,388
2007-09-13,35,289,294
2007-09-13,37,,
2007-09-13,39,,
2007-09-13,42,,
2007-09-13,44,,
2007-09-13,52,248,249
2007-09-13,54,,
2007-09-13,58,,
2007-09-13,60,,
2007-09-13,61,,
2007-09-13,62,205,225
2007-09-13,63,270,280
2007-09-13,64,255,260
2007-09-13,65,260,270
2007-09-13,66,,
2007-09-13,68,185,195
2007-09-13,71,158,160
2007-09-13,74,136,139
2007-09-13,76,214,215
2007-09-13,77,255,258
2007-09-13,78,,
2007-09-13,79,240,242
2007-09-13,80,,
2007-09-13,83,270,275
2007-09-13,85,170,172
2007-09-13,86,165,167
2007-09-13,87,139,140
2007-09-13,88,142,144
2007-09-13,89,147,148
2007-09-13,90,,
2007-09-13,91,211,214
2007-09-13,93,151,153
2007-09-13,95,,
2007-09-13,96,170,171
2007-09-13,97,,
2007-09-13,98,178,179
2007-09-13,99,,
2007-09-13,100,235,240
2007-09-13,102,136,137
2007-09-13,103,96,99
2007-09-13,104,152,153
2007-09-13,106,190,192
2007-09-13,108,248,250
2007-09-13,109,332,335
2007-09-13,110,,
2007-09-13,111,332,335
2007-09-13,112,325,330
2007-09-13,118,270,271
2007-09-13,119,301,302
2007-09-13,120,299,300
2007-09-13,121,286,288
2007-09-13,122,284,286
2007-09-13,123,316,318
2007-09-13,124,313,315
2007-09-13,134,,
2007-09-13,143,287,289
2007-09-13,144,212,213
2007-09-13,145,,
2007-09-13,156,300,303
2007-09-13,157,,
2007-09-13,158,,
2007-09-13,159,280,282
2007-09-13,161,,
2007-09-13,162,,
2007-09-13,163,,
2007-09-13,164,,
2007-09-13,165,,
2007-09-13,166,500,670
2007-09-13,168,520,660
2007-09-13,169,485,605
2007-09-13,170,475,595
2007-09-13,171,470,580
2007-09-13,172,410,530
2007-09-13,173,545,685
2007-09-13,174,,
2007-09-13,179,278,279
2007-09-13,180,275,276
2007-09-13,184,176,178
2007-09-13,185,167,169
2007-09-13,186,150,152
2007-09-13,187,106,108
2007-09-13,188,102,104
2007-09-13,199,235,238
2007-09-13,200,242,245
2007-09-13,201,250,252
2007-09-13,202,253,256
2007-09-13,209,257,260
2007-09-13,210,327,330
2007-09-13,211,316,321
2007-09-13,212,309,313
2007-09-13,213,319,323
2007-09-13,214,,
2007-09-13,215,405,414
2007-09-13,216,396,404
2007-09-13,217,286,290
2007-09-13,218,283,286
2007-09-13,219,272,275
2007-09-13,220,277,282
2007-09-13,221,268,270
2007-09-13,222,258,260
2007-09-13,223,97,98
2007-09-20,2,425,434
2007-09-20,5,3300,3350
2007-09-20,10,900,950
2007-09-20,11,519,528
2007-09-20,12,,
2007-09-20,13,328,330
2007-09-20,14,509,519
2007-09-20,15,950,1000
2007-09-20,16,333,335
2007-09-20,17,481,491
2007-09-20,18,800,900
2007-09-20,19,,
2007-09-20,20,1050,1100
2007-09-20,21,,
2007-09-20,22,550,600
2007-09-20,24,454,460
2007-09-20,25,500,550
2007-09-20,27,510,521
2007-09-20,28,,
2007-09-20,30,970,990
2007-09-20,32,344,349
2007-09-20,33,1140,1145
2007-09-20,34,388,393
2007-09-20,35,289,294
2007-09-20,37,295,298
2007-09-20,39,,
2007-09-20,42,,
2007-09-20,44,,
2007-09-20,52,244,245
2007-09-20,54,,
2007-09-20,58,,
2007-09-20,60,,
2007-09-20,61,,
2007-09-20,62,205,225
2007-09-20,63,270,280
2007-09-20,64,255,260
2007-09-20,65,260,270
2007-09-20,66,,
2007-09-20,68,190,200
2007-09-20,71,160,162
2007-09-20,74,138,141
2007-09-20,76,216,217
2007-09-20,77,255,258
2007-09-20,78,,
2007-09-20,79,236,238
2007-09-20,80,,
2007-09-20,83,266,271
2007-09-20,85,172,174
2007-09-20,86,167,169
2007-09-20,87,146,147
2007-09-20,88,147,149
2007-09-20,89,154,155
2007-09-20,90,,
2007-09-20,91,211,214
2007-09-20,93,155,157
2007-09-20,95,,
2007-09-20,96,177,178
2007-09-20,97,,
2007-09-20,98,185,186
2007-09-20,99,,
2007-09-20,100,235,240
2007-09-20,102,143,144
2007-09-20,103,98,101
2007-09-20,104,156,157
2007-09-20,106,188,190
2007-09-20,108,263,265
2007-09-20,109,342,345
2007-09-20,110,,
2007-09-20,111,339,342
2007-09-20,112,335,340
2007-09-20,118,283,284
2007-09-20,119,308,309
2007-09-20,120,306,307
2007-09-20,121,296,298
2007-09-20,122,294,296
2007-09-20,123,326,328
2007-09-20,124,323,325
2007-09-20,134,,
2007-09-20,143,283,285
2007-09-20,144,219,220
2007-09-20,145,,
2007-09-20,156,300,303
2007-09-20,157,,
2007-09-20,158,,
2007-09-20,159,274,276
2007-09-20,161,,
2007-09-20,162,,
2007-09-20,163,,
2007-09-20,164,,
2007-09-20,165,,
2007-09-20,166,500,670
2007-09-20,168,520,660
2007-09-20,169,485,605
2007-09-20,170,475,595
2007-09-20,171,470,580
2007-09-20,172,410,530
2007-09-20,173,545,685
2007-09-20,174,,
2007-09-20,179,291,292
2007-09-20,180,288,289
2007-09-20,184,184,186
2007-09-20,185,170,172
2007-09-20,186,153,155
2007-09-20,187,108,110
2007-09-20,188,104,106
2007-09-20,199,235,238
2007-09-20,200,242,245
2007-09-20,201,250,252
2007-09-20,202,253,256
2007-09-20,209,257,260
2007-09-20,210,344,347
2007-09-20,211,333,338
2007-09-20,212,326,330
2007-09-20,213,336,340
2007-09-20,214,,
2007-09-20,215,405,414
2007-09-20,216,396,404
2007-09-20,217,286,290
2007-09-20,218,283,286
2007-09-20,219,272,275
2007-09-20,220,277,282
2007-09-20,221,268,270
2007-09-20,222,258,260
2007-09-20,223,99,100
2007-09-27,2,425,434
2007-09-27,5,3300,3350
2007-09-27,10,900,950
2007-09-27,11,519,528
2007-09-27,12,,
2007-09-27,13,333,335
2007-09-27,14,509,519
2007-09-27,15,950,1000
2007-09-27,16,338,340
2007-09-27,17,481,491
2007-09-27,18,800,900
2007-09-27,19,,
2007-09-27,20,1050,1100
2007-09-27,21,,
2007-09-27,22,550,600
2007-09-27,24,504,510
2007-09-27,25,500,550
2007-09-27,27,560,571
2007-09-27,28,,
2007-09-27,30,960,980
2007-09-27,32,344,349
2007-09-27,33,1130,1135
2007-09-27,34,443,448
2007-09-27,35,289,294
2007-09-27,37,295,298
2007-09-27,39,400,410
2007-09-27,42,,
2007-09-27,44,,
2007-09-27,52,231,232
2007-09-27,54,,
2007-09-27,58,,
2007-09-27,60,,
2007-09-27,61,,
2007-09-27,62,205,225
2007-09-27,63,270,280
2007-09-27,64,262,267
2007-09-27,65,260,270
2007-09-27,66,,
2007-09-27,68,200,210
2007-09-27,71,170,172
2007-09-27,74,148,151
2007-09-27,76,216,217
2007-09-27,77,255,258
2007-09-27,78,,
2007-09-27,79,223,225
2007-09-27,80,,
2007-09-27,83,263,268
2007-09-27,85,174,176
2007-09-27,86,169,171
2007-09-27,87,156,157
2007-09-27,88,149,151
2007-09-27,89,164,165
2007-09-27,90,,
2007-09-27,91,211,214
2007-09-27,93,161,163
2007-09-27,95,,
2007-09-27,96,187,188
2007-09-27,97,,
2007-09-27,98,195,196
2007-09-27,99,,
2007-09-27,100,235,240
2007-09-27,102,153,154
2007-09-27,103,98,101
2007-09-27,104,162,163
2007-09-27,106,186,188
2007-09-27,108,263,265
2007-09-27,109,352,355
2007-09-27,110,,
2007-09-27,111,349,352
2007-09-27,112,345,350
2007-09-27,118,293,294
2007-09-27,119,320,321
2007-09-27,120,318,319
2007-09-27,121,308,310
2007-09-27,122,306,308
2007-09-27,123,338,340
2007-09-27,124,335,337
2007-09-27,134,,
2007-09-27,143,270,272
2007-09-27,144,219,220
2007-09-27,145,,
2007-09-27,156,300,303
2007-09-27,157,,
2007-09-27,158,,
2007-09-27,159,274,276
2007-09-27,161,290,300
2007-09-27,162,325,335
2007-09-27,163,285,295
2007-09-27,164,,
2007-09-27,165,,
2007-09-27,166,500,670
2007-09-27,168,500,660
2007-09-27,169,500,620
2007-09-27,170,490,610
2007-09-27,171,485,595
2007-09-27,172,440,560
2007-09-27,173,545,685
2007-09-27,174,,
2007-09-27,179,301,302
2007-09-27,180,298,299
2007-09-27,184,186,188
2007-09-27,185,172,174
2007-09-27,186,158,160
2007-09-27,187,113,115
2007-09-27,188,106,108
2007-09-27,199,235,238
2007-09-27,200,242,245
2007-09-27,201,250,252
2007-09-27,202,253,256
2007-09-27,209,252,255
2007-09-27,210,399,402
2007-09-27,211,388,393
2007-09-27,212,381,385
2007-09-27,213,391,395
2007-09-27,214,,
2007-09-27,215,405,414
2007-09-27,216,396,404
2007-09-27,217,286,290
2007-09-27,218,280,283
2007-09-27,219,269,272
2007-09-27,220,274,279
2007-09-27,221,265,267
2007-09-27,222,253,255
2007-09-27,223,99,100
2007-10-04,2,430,439
2007-10-04,5,3300,3350
2007-10-04,10,1000,1100
2007-10-04,11,524,533
2007-10-04,12,,
2007-10-04,13,340,342
2007-10-04,14,514,524
2007-10-04,15,1100,1200
2007-10-04,16,345,347
2007-10-04,17,486,496
2007-10-04,18,850,950
2007-10-04,19,,
2007-10-04,20,1050,1100
2007-10-04,21,,
2007-10-04,22,550,600
2007-10-04,24,604,610
2007-10-04,25,500,550
2007-10-04,27,660,671
2007-10-04,28,,
2007-10-04,30,950,970
2007-10-04,32,344,349
2007-10-04,33,1120,1125
2007-10-04,34,505,510
2007-10-04,35,289,294
2007-10-04,37,295,298
2007-10-04,39,405,415
2007-10-04,42,,
2007-10-04,44,,
2007-10-04,52,231,232
2007-10-04,54,,
2007-10-04,58,,
2007-10-04,60,,
2007-10-04,61,,
2007-10-04,62,205,225
2007-10-04,63,280,290
2007-10-04,64,262,267
2007-10-04,65,270,280
2007-10-04,66,,
2007-10-04,68,210,220
2007-10-04,71,173,175
2007-10-04,74,151,154
2007-10-04,76,214,215
2007-10-04,77,255,258
2007-10-04,78,,
2007-10-04,79,223,225
2007-10-04,80,,
2007-10-04,83,263,268
2007-10-04,85,174,176
2007-10-04,86,169,171
2007-10-04,87,169,170
2007-10-04,88,149,151
2007-10-04,89,177,178
2007-10-04,90,,
2007-10-04,91,211,214
2007-10-04,93,172,174
2007-10-04,95,,
2007-10-04,96,200,201
2007-10-04,97,,
2007-10-04,98,208,209
2007-10-04,99,,
2007-10-04,100,235,240
2007-10-04,102,166,167
2007-10-04,103,98,101
2007-10-04,104,173,174
2007-10-04,106,186,188
2007-10-04,108,263,265
2007-10-04,109,357,360
2007-10-04,110,,
2007-10-04,111,354,357
2007-10-04,112,348,353
2007-10-04,118,293,294
2007-10-04,119,327,328
2007-10-04,120,325,326
2007-10-04,121,308,310
2007-10-04,122,306,308
2007-10-04,123,345,347
2007-10-04,124,342,344
2007-10-04,134,,
2007-10-04,143,270,272
2007-10-04,144,219,220
2007-10-04,145,,
2007-10-04,156,300,303
2007-10-04,157,,
2007-10-04,158,,
2007-10-04,159,274,276
2007-10-04,166,520,690
2007-10-04,168,510,670
2007-10-04,169,520,640
2007-10-04,170,510,630
2007-10-04,171,505,615
2007-10-04,172,450,570
2007-10-04,173,545,685
2007-10-04,174,,
2007-10-04,179,301,302
2007-10-04,180,298,299
2007-10-04,184,188,190
2007-10-04,185,176,178
2007-10-04,186,162,164
2007-10-04,187,113,115
2007-10-04,188,106,108
2007-10-04,199,234,237
2007-10-04,200,241,244
2007-10-04,201,249,251
2007-10-04,202,252,255
2007-10-04,209,252,255
2007-10-04,210,446,449
2007-10-04,211,435,440
2007-10-04,212,428,432
2007-10-04,213,438,442
2007-10-04,214,,
2007-10-04,215,410,419
2007-10-04,216,401,409
2007-10-04,217,286,290
2007-10-04,218,280,283
2007-10-04,219,269,272
2007-10-04,220,274,279
2007-10-04,221,265,267
2007-10-04,222,253,255
2007-10-04,223,99,100
2007-10-04,224,305,315
2007-10-04,225,325,335
2007-10-04,226,290,300
2007-10-04,227,275,285
2007-10-04,228,270,280
2007-10-11,2,430,439
2007-10-11,5,3300,3350
2007-10-11,10,1000,1100
2007-10-11,11,524,533
2007-10-11,12,,
2007-10-11,13,340,342
2007-10-11,14,514,524
2007-10-11,15,1100,1200
2007-10-11,16,345,347
2007-10-11,17,486,496
2007-10-11,18,850,950
2007-10-11,19,,
2007-10-11,20,1050,1100
2007-10-11,21,,
2007-10-11,22,550,600
2007-10-11,24,644,650
2007-10-11,25,500,550
2007-10-11,27,700,711
2007-10-11,28,,
2007-10-11,30,950,970
2007-10-11,32,355,360
2007-10-11,33,1120,1125
2007-10-11,34,527,532
2007-10-11,35,289,294
2007-10-11,37,297,300
2007-10-11,39,417,427
2007-10-11,42,,
2007-10-11,44,,
2007-10-11,52,228,229
2007-10-11,54,,
2007-10-11,58,,
2007-10-11,60,,
2007-10-11,61,,
2007-10-11,62,205,225
2007-10-11,63,285,295
2007-10-11,64,262,267
2007-10-11,65,275,285
2007-10-11,66,,
2007-10-11,68,215,225
2007-10-11,71,176,178
2007-10-11,74,154,157
2007-10-11,76,214,215
2007-10-11,77,259,262
2007-10-11,78,,
2007-10-11,79,211,213
2007-10-11,80,,
2007-10-11,83,259,264
2007-10-11,85,174,176
2007-10-11,86,169,171
2007-10-11,87,179,180
2007-10-11,88,149,151
2007-10-11,89,187,188
2007-10-11,90,,
2007-10-11,91,216,219
2007-10-11,93,180,182
2007-10-11,95,,
2007-10-11,96,210,211
2007-10-11,97,,
2007-10-11,98,218,219
2007-10-11,99,,
2007-10-11,100,240,245
2007-10-11,102,176,177
2007-10-11,103,98,101
2007-10-11,104,181,182
2007-10-11,106,188,190
2007-10-11,108,263,265
2007-10-11,109,367,370
2007-10-11,110,,
2007-10-11,111,364,367
2007-10-11,112,365,370
2007-10-11,118,311,312
2007-10-11,119,347,348
2007-10-11,120,345,346
2007-10-11,121,323,325
2007-10-11,122,321,323
2007-10-11,123,360,362
2007-10-11,124,357,359
2007-10-11,134,,
2007-10-11,143,268,270
2007-10-11,144,219,220
2007-10-11,145,215,217
2007-10-11,156,297,300
2007-10-11,157,,
2007-10-11,158,,
2007-10-11,159,272,274
2007-10-11,166,560,730
2007-10-11,168,530,690
2007-10-11,169,520,640
2007-10-11,170,510,630
2007-10-11,171,515,625
2007-10-11,172,470,580
2007-10-11,173,555,695
2007-10-11,174,,
2007-10-11,179,319,320
2007-10-11,180,316,317
2007-10-11,184,188,190
2007-10-11,185,176,178
2007-10-11,186,162,164
2007-10-11,187,113,115
2007-10-11,188,106,108
2007-10-11,199,234,237
2007-10-11,200,241,244
2007-10-11,201,249,251
2007-10-11,202,252,255
2007-10-11,209,248,251
2007-10-11,210,466,469
2007-10-11,211,455,460
2007-10-11,212,448,452
2007-10-11,213,458,462
2007-10-11,214,,
2007-10-11,215,410,419
2007-10-11,216,401,409
2007-10-11,217,286,290
2007-10-11,218,280,283
2007-10-11,219,267,270
2007-10-11,220,272,277
2007-10-11,221,261,263
2007-10-11,222,249,251
2007-10-11,223,99,100
2007-10-11,224,320,330
2007-10-11,225,330,340
2007-10-11,226,300,310
2007-10-11,227,275,285
2007-10-11,228,280,290
2007-10-18,2,430,439
2007-10-18,5,3300,3350
2007-10-18,10,1050,1150
2007-10-18,11,524,533
2007-10-18,12,,
2007-10-18,13,340,342
2007-10-18,14,514,524
2007-10-18,15,1150,1250
2007-10-18,16,345,347
2007-10-18,17,486,496
2007-10-18,18,850,950
2007-10-18,19,,
2007-10-18,20,1050,1100
2007-10-18,21,,
2007-10-18,22,600,650
2007-10-18,24,649,655
2007-10-18,25,550,600
2007-10-18,27,705,716
2007-10-18,28,,
2007-10-18,30,950,970
2007-10-18,32,355,360
2007-10-18,33,1120,1125
2007-10-18,34,527,532
2007-10-18,35,289,294
2007-10-18,37,297,300
2007-10-18,39,450,460
2007-10-18,42,,
2007-10-18,44,,
2007-10-18,52,225,226
2007-10-18,54,,
2007-10-18,58,,
2007-10-18,60,,
2007-10-18,61,,
2007-10-18,62,205,225
2007-10-18,63,290,300
2007-10-18,64,262,267
2007-10-18,65,275,285
2007-10-18,66,,
2007-10-18,68,215,225
2007-10-18,71,179,181
2007-10-18,74,157,160
2007-10-18,76,214,215
2007-10-18,77,264,267
2007-10-18,78,,
2007-10-18,79,205,207
2007-10-18,80,,
2007-10-18,83,257,262
2007-10-18,85,176,178
2007-10-18,86,171,173
2007-10-18,87,179,180
2007-10-18,88,149,151
2007-10-18,89,187,188
2007-10-18,90,,
2007-10-18,91,216,219
2007-10-18,93,180,182
2007-10-18,95,,
2007-10-18,96,210,211
2007-10-18,97,,
2007-10-18,98,218,219
2007-10-18,99,,
2007-10-18,100,240,245
2007-10-18,102,176,177
2007-10-18,103,101,104
2007-10-18,104,181,182
2007-10-18,106,188,190
2007-10-18,108,243,245
2007-10-18,109,375,378
2007-10-18,110,,
2007-10-18,111,369,372
2007-10-18,112,365,370
2007-10-18,118,311,312
2007-10-18,119,351,352
2007-10-18,120,349,350
2007-10-18,121,343,345
2007-10-18,122,341,343
2007-10-18,123,390,392
2007-10-18,124,387,389
2007-10-18,134,,
2007-10-18,143,265,267
2007-10-18,144,219,220
2007-10-18,145,215,217
2007-10-18,156,295,298
2007-10-18,157,,
2007-10-18,158,,
2007-10-18,159,272,274
2007-10-18,166,575,745
2007-10-18,168,550,710
2007-10-18,169,520,640
2007-10-18,170,510,630
2007-10-18,171,515,625
2007-10-18,172,480,590
2007-10-18,173,560,700
2007-10-18,174,,
2007-10-18,179,324,325
2007-10-18,180,316,317
2007-10-18,184,188,190
2007-10-18,185,176,178
2007-10-18,186,162,164
2007-10-18,187,113,115
2007-10-18,188,106,108
2007-10-18,199,234,237
2007-10-18,200,241,244
2007-10-18,201,249,251
2007-10-18,202,252,255
2007-10-18,209,245,248
2007-10-18,210,468,471
2007-10-18,211,459,464
2007-10-18,212,452,456
2007-10-18,213,460,464
2007-10-18,214,,
2007-10-18,215,410,419
2007-10-18,216,401,409
2007-10-18,217,284,288
2007-10-18,218,277,280
2007-10-18,219,264,267
2007-10-18,220,269,274
2007-10-18,221,258,260
2007-10-18,222,246,248
2007-10-18,223,102,103
2007-10-18,224,325,335
2007-10-18,225,330,340
2007-10-18,226,310,320
2007-10-18,227,275,285
2007-10-18,228,280,290
2007-10-25,2,430,439
2007-10-25,5,3250,3300
2007-10-25,10,1050,1150
2007-10-25,11,524,533
2007-10-25,12,,
2007-10-25,13,335,337
2007-10-25,14,514,524
2007-10-25,15,1150,1250
2007-10-25,16,340,342
2007-10-25,17,486,496
2007-10-25,18,850,950
2007-10-25,19,,
2007-10-25,20,1050,1100
2007-10-25,21,,
2007-10-25,22,600,650
2007-10-25,24,654,660
2007-10-25,25,550,600
2007-10-25,27,710,721
2007-10-25,28,,
2007-10-25,30,940,960
2007-10-25,32,355,360
2007-10-25,33,1120,1125
2007-10-25,34,530,535
2007-10-25,35,289,294
2007-10-25,37,297,300
2007-10-25,39,457,467
2007-10-25,42,,
2007-10-25,44,,
2007-10-25,52,222,223
2007-10-25,54,,
2007-10-25,58,,
2007-10-25,60,,
2007-10-25,61,,
2007-10-25,62,205,225
2007-10-25,63,290,300
2007-10-25,64,262,267
2007-10-25,65,275,285
2007-10-25,66,,
2007-10-25,68,215,225
2007-10-25,71,179,181
2007-10-25,74,157,160
2007-10-25,76,214,215
2007-10-25,77,264,267
2007-10-25,78,,
2007-10-25,79,203,205
2007-10-25,80,,
2007-10-25,83,255,260
2007-10-25,85,178,180
2007-10-25,86,173,175
2007-10-25,87,172,173
2007-10-25,88,149,151
2007-10-25,89,180,181
2007-10-25,90,,
2007-10-25,91,211,214
2007-10-25,93,174,176
2007-10-25,95,,
2007-10-25,96,203,204
2007-10-25,97,,
2007-10-25,98,211,212
2007-10-25,99,,
2007-10-25,100,235,240
2007-10-25,102,169,170
2007-10-25,103,101,104
2007-10-25,104,175,176
2007-10-25,106,185,187
2007-10-25,108,231,233
2007-10-25,109,373,376
2007-10-25,110,,
2007-10-25,111,367,370
2007-10-25,112,365,370
2007-10-25,118,,
2007-10-25,119,361,362
2007-10-25,120,359,360
2007-10-25,121,363,365
2007-10-25,122,361,363
2007-10-25,123,392,394
2007-10-25,124,389,391
2007-10-25,134,,
2007-10-25,143,262,264
2007-10-25,144,219,220
2007-10-25,145,215,217
2007-10-25,156,292,295
2007-10-25,157,,
2007-10-25,158,,
2007-10-25,159,267,269
2007-10-25,166,585,755
2007-10-25,168,560,720
2007-10-25,169,520,640
2007-10-25,170,520,640
2007-10-25,171,515,625
2007-10-25,172,480,590
2007-10-25,173,560,700
2007-10-25,174,,
2007-10-25,179,344,345
2007-10-25,180,341,342
2007-10-25,184,188,190
2007-10-25,185,176,178
2007-10-25,186,162,164
2007-10-25,187,113,115
2007-10-25,188,106,108
2007-10-25,199,234,237
2007-10-25,200,241,244
2007-10-25,201,249,251
2007-10-25,202,252,255
2007-10-25,209,245,248
2007-10-25,210,468,471
2007-10-25,211,459,464
2007-10-25,212,452,456
2007-10-25,213,460,464
2007-10-25,214,,
2007-10-25,215,410,419
2007-10-25,216,401,409
2007-10-25,217,280,284
2007-10-25,218,272,275
2007-10-25,219,259,262
2007-10-25,220,264,269
2007-10-25,221,253,255
2007-10-25,222,246,248
2007-10-25,223,102,103
2007-10-25,224,325,335
2007-10-25,225,330,340
2007-10-25,226,315,325
2007-10-25,227,280,290
2007-10-25,228,280,290
2007-10-31,2,430,439
2007-10-31,5,3250,3300
2007-10-31,10,1050,1150
2007-10-31,11,524,533
2007-10-31,12,,
2007-10-31,13,332,334
2007-10-31,14,514,524
2007-10-31,15,1150,1250
2007-10-31,16,337,339
2007-10-31,17,486,496
2007-10-31,18,850,950
2007-10-31,19,,
2007-10-31,20,1050,1100
2007-10-31,21,,
2007-10-31,22,600,650
2007-10-31,24,654,660
2007-10-31,25,550,600
2007-10-31,27,710,721
2007-10-31,28,,
2007-10-31,30,940,960
2007-10-31,32,355,360
2007-10-31,33,1120,1125
2007-10-31,34,530,535
2007-10-31,35,289,294
2007-10-31,37,297,300
2007-10-31,39,457,467
2007-10-31,42,,
2007-10-31,44,,
2007-10-31,52,216,217
2007-10-31,58,,
2007-10-31,60,,
2007-10-31,61,,
2007-10-31,62,205,225
2007-10-31,63,290,300
2007-10-31,64,262,267
2007-10-31,65,275,285
2007-10-31,66,,
2007-10-31,68,215,225
2007-10-31,71,179,181
2007-10-31,74,157,160
2007-10-31,76,214,215
2007-10-31,77,264,267
2007-10-31,78,,
2007-10-31,79,196,198
2007-10-31,80,,
2007-10-31,83,250,255
2007-10-31,85,190,192
2007-10-31,86,185,187
2007-10-31,87,169,170
2007-10-31,88,158,160
2007-10-31,89,177,178
2007-10-31,90,,
2007-10-31,91,211,214
2007-10-31,93,172,174
2007-10-31,95,,
2007-10-31,96,200,201
2007-10-31,97,,
2007-10-31,98,208,209
2007-10-31,99,,
2007-10-31,100,235,240
2007-10-31,102,166,167
2007-10-31,103,101,104
2007-10-31,104,173,174
2007-10-31,106,185,187
2007-10-31,108,227,229
2007-10-31,109,373,376
2007-10-31,110,,
2007-10-31,111,367,370
2007-10-31,112,365,370
2007-10-31,118,,
2007-10-31,119,371,372
2007-10-31,120,369,370
2007-10-31,121,368,370
2007-10-31,122,366,368
2007-10-31,123,392,394
2007-10-31,124,389,391
2007-10-31,134,,
2007-10-31,143,256,258
2007-10-31,144,219,220
2007-10-31,145,215,217
2007-10-31,156,290,293
2007-10-31,157,,
2007-10-31,158,,
2007-10-31,159,267,269
2007-10-31,166,585,755
2007-10-31,168,560,720
2007-10-31,169,520,640
2007-10-31,170,520,640
2007-10-31,171,515,625
2007-10-31,172,480,590
2007-10-31,173,560,700
2007-10-31,174,,
2007-10-31,179,359,360
2007-10-31,180,354,355
2007-10-31,184,188,190
2007-10-31,185,176,178
2007-10-31,186,162,164
2007-10-31,187,113,115
2007-10-31,188,106,108
2007-10-31,199,234,237
2007-10-31,200,241,244
2007-10-31,201,249,251
2007-10-31,202,252,255
2007-10-31,209,245,248
2007-10-31,210,468,471
2007-10-31,211,459,464
2007-10-31,214,,
2007-10-31,215,410,419
2007-10-31,216,401,409
2007-10-31,217,276,280
2007-10-31,218,268,271
2007-10-31,219,255,258
2007-10-31,220,260,265
2007-10-31,221,249,251
2007-10-31,222,246,248
2007-10-31,223,102,103
2007-10-31,224,325,335
2007-10-31,225,330,340
2007-10-31,226,315,325
2007-10-31,227,280,290
2007-10-31,228,280,290
2007-10-31,229,452,456
2007-10-31,230,460,464
2007-10-31,231,238,240
2007-10-31,232,242,243
2007-11-08,2,430,439
2007-11-08,5,3250,3300
2007-11-08,10,1050,1150
2007-11-08,11,524,533
2007-11-08,12,,
2007-11-08,13,328,330
2007-11-08,14,514,524
2007-11-08,15,1150,1250
2007-11-08,16,333,335
2007-11-08,17,486,496
2007-11-08,18,850,950
2007-11-08,19,,
2007-11-08,20,1050,1100
2007-11-08,21,,
2007-11-08,22,600,650
2007-11-08,24,654,660
2007-11-08,25,550,600
2007-11-08,27,710,721
2007-11-08,28,,
2007-11-08,30,940,960
2007-11-08,32,355,360
2007-11-08,33,1120,1125
2007-11-08,34,530,535
2007-11-08,35,291,296
2007-11-08,37,297,300
2007-11-08,39,457,467
2007-11-08,42,,
2007-11-08,44,,
2007-11-08,52,212,213
2007-11-08,58,,
2007-11-08,60,,
2007-11-08,61,,
2007-11-08,62,205,225
2007-11-08,63,290,300
2007-11-08,64,262,267
2007-11-08,65,275,285
2007-11-08,66,,
2007-11-08,68,215,225
2007-11-08,71,179,181
2007-11-08,74,157,160
2007-11-08,76,209,210
2007-11-08,77,262,265
2007-11-08,78,,
2007-11-08,79,191,193
2007-11-08,80,,
2007-11-08,83,245,250
2007-11-08,85,190,192
2007-11-08,86,185,187
2007-11-08,87,169,170
2007-11-08,88,158,160
2007-11-08,89,177,178
2007-11-08,90,,
2007-11-08,91,211,214
2007-11-08,93,172,174
2007-11-08,95,,
2007-11-08,96,200,201
2007-11-08,97,,
2007-11-08,98,208,209
2007-11-08,99,,
2007-11-08,100,235,240
2007-11-08,102,166,167
2007-11-08,103,101,104
2007-11-08,104,173,174
2007-11-08,106,188,190
2007-11-08,108,227,229
2007-11-08,109,373,376
2007-11-08,110,,
2007-11-08,111,367,370
2007-11-08,112,360,365
2007-11-08,118,,
2007-11-08,119,369,370
2007-11-08,120,367,368
2007-11-08,121,353,355
2007-11-08,122,336,338
2007-11-08,123,388,390
2007-11-08,124,385,387
2007-11-08,134,,
2007-11-08,143,252,254
2007-11-08,144,219,220
2007-11-08,145,215,217
2007-11-08,156,287,290
2007-11-08,157,,
2007-11-08,158,,
2007-11-08,159,262,264
2007-11-08,166,585,755
2007-11-08,168,560,720
2007-11-08,169,520,640
2007-11-08,170,520,640
2007-11-08,171,515,625
2007-11-08,172,480,590
2007-11-08,173,560,700
2007-11-08,174,,
2007-11-08,179,339,340
2007-11-08,180,329,330
2007-11-08,184,188,190
2007-11-08,185,176,178
2007-11-08,186,162,164
2007-11-08,187,113,115
2007-11-08,188,106,108
2007-11-08,199,234,237
2007-11-08,200,241,244
2007-11-08,201,249,251
2007-11-08,202,252,255
2007-11-08,209,239,242
2007-11-08,210,468,471
2007-11-08,211,459,464
2007-11-08,214,,
2007-11-08,215,410,419
2007-11-08,216,401,409
2007-11-08,217,268,272
2007-11-08,218,258,261
2007-11-08,219,245,248
2007-11-08,220,254,259
2007-11-08,221,244,246
2007-11-08,222,240,242
2007-11-08,223,102,103
2007-11-08,224,325,335
2007-11-08,225,330,340
2007-11-08,226,318,328
2007-11-08,227,280,290
2007-11-08,228,280,290
2007-11-08,229,452,456
2007-11-08,230,460,464
2007-11-08,231,228,230
2007-11-08,232,,
2007-11-15,2,430,439
2007-11-15,5,3250,3300
2007-11-15,10,1050,1150
2007-11-15,11,524,533
2007-11-15,12,,
2007-11-15,13,323,325
2007-11-15,14,514,524
2007-11-15,15,1150,1250
2007-11-15,16,328,330
2007-11-15,17,486,496
2007-11-15,18,850,950
2007-11-15,19,,
2007-11-15,20,1050,1100
2007-11-15,21,,
2007-11-15,22,600,650
2007-11-15,24,654,660
2007-11-15,25,550,600
2007-11-15,27,710,721
2007-11-15,28,,
2007-11-15,30,940,960
2007-11-15,32,350,355
2007-11-15,33,1120,1125
2007-11-15,34,530,535
2007-11-15,35,291,296
2007-11-15,37,297,300
2007-11-15,39,457,467
2007-11-15,42,,
2007-11-15,44,,
2007-11-15,52,212,213
2007-11-15,58,,
2007-11-15,60,,
2007-11-15,61,,
2007-11-15,62,205,225
2007-11-15,63,290,300
2007-11-15,64,262,267
2007-11-15,65,275,285
2007-11-15,66,,
2007-11-15,68,215,225
2007-11-15,71,179,181
2007-11-15,74,157,160
2007-11-15,76,209,210
2007-11-15,77,257,260
2007-11-15,78,,
2007-11-15,79,191,193
2007-11-15,80,,
2007-11-15,83,240,245
2007-11-15,85,190,192
2007-11-15,86,185,187
2007-11-15,87,174,175
2007-11-15,88,158,160
2007-11-15,89,182,183
2007-11-15,90,,
2007-11-15,91,216,219
2007-11-15,93,177,179
2007-11-15,95,,
2007-11-15,96,205,206
2007-11-15,97,,
2007-11-15,98,213,214
2007-11-15,99,,
2007-11-15,100,240,245
2007-11-15,102,171,172
2007-11-15,103,108,111
2007-11-15,104,178,179
2007-11-15,106,194,196
2007-11-15,108,227,229
2007-11-15,109,373,376
2007-11-15,110,,
2007-11-15,111,367,370
2007-11-15,112,360,365
2007-11-15,118,,
2007-11-15,119,372,373
2007-11-15,120,370,371
2007-11-15,121,348,350
2007-11-15,122,336,338
2007-11-15,123,388,390
2007-11-15,124,385,387
2007-11-15,134,,
2007-11-15,143,252,254
2007-11-15,144,219,220
2007-11-15,145,215,217
2007-11-15,156,279,282
2007-11-15,157,,
2007-11-15,158,,
2007-11-15,159,258,260
2007-11-15,166,585,755
2007-11-15,168,560,720
2007-11-15,169,520,640
2007-11-15,170,520,640
2007-11-15,171,515,625
2007-11-15,172,480,590
2007-11-15,173,560,700
2007-11-15,174,,
2007-11-15,179,338,339
2007-11-15,180,332,333
2007-11-15,184,188,190
2007-11-15,185,176,178
2007-11-15,186,162,164
2007-11-15,187,113,115
2007-11-15,188,106,108
2007-11-15,199,232,235
2007-11-15,200,239,242
2007-11-15,201,247,249
2007-11-15,202,250,253
2007-11-15,209,234,237
2007-11-15,210,468,471
2007-11-15,211,459,464
2007-11-15,214,,
2007-11-15,215,410,419
2007-11-15,216,401,409
2007-11-15,217,263,267
2007-11-15,218,250,253
2007-11-15,219,237,240
2007-11-15,220,249,251
2007-11-15,221,239,241
2007-11-15,222,235,237
2007-11-15,223,102,103
2007-11-15,224,325,335
2007-11-15,225,330,340
2007-11-15,226,318,328
2007-11-15,227,280,290
2007-11-15,228,280,290
2007-11-15,229,452,456
2007-11-15,230,460,464
2007-11-15,231,228,230
2007-11-15,232,,
2007-11-22,2,430,439
2007-11-22,5,3150,3200
2007-11-22,10,1100,1200
2007-11-22,11,524,533
2007-11-22,12,,
2007-11-22,13,321,323
2007-11-22,14,514,524
2007-11-22,15,1200,1300
2007-11-22,16,328,330
2007-11-22,17,486,496
2007-11-22,18,900,1000
2007-11-22,19,,
2007-11-22,20,1100,1150
2007-11-22,21,,
2007-11-22,22,650,700
2007-11-22,24,654,660
2007-11-22,25,600,650
2007-11-22,27,710,721
2007-11-22,28,,
2007-11-22,30,930,950
2007-11-22,32,350,355
2007-11-22,33,1110,1115
2007-11-22,34,530,535
2007-11-22,35,291,296
2007-11-22,37,297,300
2007-11-22,39,457,467
2007-11-22,42,,
2007-11-22,44,,
2007-11-22,52,215,216
2007-11-22,58,,
2007-11-22,60,,
2007-11-22,61,,
2007-11-22,62,205,225
2007-11-22,63,290,300
2007-11-22,64,262,267
2007-11-22,65,275,285
2007-11-22,66,,
2007-11-22,68,215,225
2007-11-22,71,179,181
2007-11-22,74,157,160
2007-11-22,76,204,205
2007-11-22,77,257,260
2007-11-22,78,,
2007-11-22,79,195,197
2007-11-22,80,,
2007-11-22,83,240,245
2007-11-22,85,193,195
2007-11-22,86,188,190
2007-11-22,87,187,188
2007-11-22,88,160,162
2007-11-22,89,195,196
2007-11-22,90,,
2007-11-22,91,225,228
2007-11-22,93,188,190
2007-11-22,95,,
2007-11-22,96,218,219
2007-11-22,97,,
2007-11-22,98,226,227
2007-11-22,99,,
2007-11-22,100,249,254
2007-11-22,102,184,185
2007-11-22,103,108,111
2007-11-22,104,189,190
2007-11-22,106,207,209
2007-11-22,108,227,229
2007-11-22,109,373,376
2007-11-22,110,,
2007-11-22,111,367,370
2007-11-22,112,360,365
2007-11-22,118,,
2007-11-22,119,369,370
2007-11-22,120,367,368
2007-11-22,121,343,345
2007-11-22,122,328,330
2007-11-22,123,378,380
2007-11-22,124,375,377
2007-11-22,134,,
2007-11-22,143,254,256
2007-11-22,144,219,220
2007-11-22,145,215,217
2007-11-22,156,279,282
2007-11-22,157,,
2007-11-22,158,,
2007-11-22,159,258,260
2007-11-22,166,580,740
2007-11-22,168,590,750
2007-11-22,169,520,640
2007-11-22,170,520,640
2007-11-22,171,515,625
2007-11-22,172,480,590
2007-11-22,173,560,700
2007-11-22,174,,
2007-11-22,179,333,334
2007-11-22,180,326,327
2007-11-22,184,195,197
2007-11-22,185,180,182
2007-11-22,186,162,164
2007-11-22,187,113,115
2007-11-22,188,106,108
2007-11-22,199,232,235
2007-11-22,200,239,242
2007-11-22,201,247,249
2007-11-22,202,250,253
2007-11-22,209,234,237
2007-11-22,210,468,471
2007-11-22,211,459,464
2007-11-22,214,,
2007-11-22,215,410,419
2007-11-22,216,401,409
2007-11-22,217,263,267
2007-11-22,218,250,253
2007-11-22,219,237,240
2007-11-22,220,249,251
2007-11-22,221,239,241
2007-11-22,222,235,237
2007-11-22,223,102,103
2007-11-22,224,315,325
2007-11-22,225,320,330
2007-11-22,226,328,338
2007-11-22,227,280,290
2007-11-22,228,280,290
2007-11-22,229,452,456
2007-11-22,230,460,464
2007-11-22,231,228,230
2007-11-22,232,,
2007-11-29,2,430,439
2007-11-29,5,3150,3200
2007-11-29,10,1100,1200
2007-11-29,11,524,533
2007-11-29,12,,
2007-11-29,13,324,326
2007-11-29,14,514,524
2007-11-29,15,1200,1300
2007-11-29,16,331,333
2007-11-29,17,486,496
2007-11-29,18,900,1000
2007-11-29,19,,
2007-11-29,20,1100,1150
2007-11-29,21,,
2007-11-29,22,650,700
2007-11-29,24,654,660
2007-11-29,25,600,650
2007-11-29,27,710,721
2007-11-29,28,,
2007-11-29,30,920,940
2007-11-29,32,350,355
2007-11-29,33,1100,1105
2007-11-29,34,530,535
2007-11-29,35,295,300
2007-11-29,37,297,300
2007-11-29,39,462,472
2007-11-29,42,,
2007-11-29,44,,
2007-11-29,52,226,227
2007-11-29,58,,
2007-11-29,60,,
2007-11-29,61,,
2007-11-29,62,205,225
2007-11-29,63,300,310
2007-11-29,64,262,267
2007-11-29,65,285,295
2007-11-29,66,,
2007-11-29,68,215,225
2007-11-29,71,184,186
2007-11-29,74,162,165
2007-11-29,76,204,205
2007-11-29,77,257,260
2007-11-29,78,,
2007-11-29,79,208,210
2007-11-29,80,,
2007-11-29,83,247,252
2007-11-29,85,195,197
2007-11-29,86,190,192
2007-11-29,87,198,199
2007-11-29,88,160,162
2007-11-29,89,208,209
2007-11-29,90,,
2007-11-29,91,236,239
2007-11-29,93,200,202
2007-11-29,95,,
2007-11-29,96,229,230
2007-11-29,97,,
2007-11-29,98,239,240
2007-11-29,99,,
2007-11-29,100,260,265
2007-11-29,102,195,196
2007-11-29,103,108,111
2007-11-29,104,201,202
2007-11-29,106,218,220
2007-11-29,108,233,235
2007-11-29,109,373,376
2007-11-29,110,,
2007-11-29,111,367,370
2007-11-29,112,360,365
2007-11-29,118,,
2007-11-29,119,379,380
2007-11-29,120,377,378
2007-11-29,121,343,345
2007-11-29,122,328,330
2007-11-29,123,398,400
2007-11-29,124,395,397
2007-11-29,134,,
2007-11-29,143,266,268
2007-11-29,144,221,222
2007-11-29,145,215,217
2007-11-29,156,282,285
2007-11-29,157,,
2007-11-29,158,,
2007-11-29,159,263,265
2007-11-29,166,580,740
2007-11-29,168,590,750
2007-11-29,169,520,640
2007-11-29,170,520,640
2007-11-29,171,515,625
2007-11-29,172,480,590
2007-11-29,173,560,700
2007-11-29,174,,
2007-11-29,179,337,338
2007-11-29,180,326,327
2007-11-29,184,198,200
2007-11-29,185,180,182
2007-11-29,186,162,164
2007-11-29,187,113,115
2007-11-29,188,106,108
2007-11-29,199,232,235
2007-11-29,200,239,242
2007-11-29,201,247,249
2007-11-29,202,250,253
2007-11-29,209,239,242
2007-11-29,210,470,473
2007-11-29,211,461,466
2007-11-29,214,,
2007-11-29,215,410,419
2007-11-29,216,401,409
2007-11-29,217,267,271
2007-11-29,218,257,260
2007-11-29,219,244,247
2007-11-29,220,256,258
2007-11-29,221,244,246
2007-11-29,222,240,242
2007-11-29,223,102,103
2007-11-29,224,315,325
2007-11-29,225,320,330
2007-11-29,226,328,338
2007-11-29,227,280,290
2007-11-29,228,280,290
2007-11-29,229,454,458
2007-11-29,230,462,466
2007-11-29,231,233,235
2007-11-29,232,,
2007-12-06,2,430,439
2007-12-06,5,3150,3200
2007-12-06,10,1100,1200
2007-12-06,11,524,533
2007-12-06,12,,
2007-12-06,13,324,326
2007-12-06,14,514,524
2007-12-06,15,1200,1300
2007-12-06,16,331,333
2007-12-06,17,486,496
2007-12-06,18,900,1000
2007-12-06,19,,
2007-12-06,20,1100,1150
2007-12-06,21,,
2007-12-06,22,650,700
2007-12-06,24,654,660
2007-12-06,25,600,650
2007-12-06,27,710,721
2007-12-06,28,,
2007-12-06,30,910,930
2007-12-06,32,350,355
2007-12-06,33,1095,1100
2007-12-06,34,530,535
2007-12-06,35,297,302
2007-12-06,37,300,303
2007-12-06,39,467,477
2007-12-06,42,,
2007-12-06,44,,
2007-12-06,52,226,227
2007-12-06,58,,
2007-12-06,60,,
2007-12-06,61,,
2007-12-06,62,205,225
2007-12-06,63,300,310
2007-12-06,64,260,265
2007-12-06,65,285,295
2007-12-06,66,,
2007-12-06,68,215,225
2007-12-06,71,184,186
2007-12-06,74,162,165
2007-12-06,76,204,205
2007-12-06,77,259,262
2007-12-06,78,,
2007-12-06,79,210,212
2007-12-06,80,,
2007-12-06,83,247,252
2007-12-06,85,195,197
2007-12-06,86,190,192
2007-12-06,87,205,206
2007-12-06,88,160,162
2007-12-06,89,217,218
2007-12-06,90,,
2007-12-06,91,236,239
2007-12-06,93,209,211
2007-12-06,95,,
2007-12-06,96,236,237
2007-12-06,97,,
2007-12-06,98,248,249
2007-12-06,99,,
2007-12-06,100,260,265
2007-12-06,102,202,203
2007-12-06,103,108,111
2007-12-06,104,210,211
2007-12-06,106,223,225
2007-12-06,108,238,240
2007-12-06,109,373,376
2007-12-06,110,,
2007-12-06,111,367,370
2007-12-06,112,,
2007-12-06,118,,
2007-12-06,119,379,380
2007-12-06,120,377,378
2007-12-06,121,343,345
2007-12-06,122,334,336
2007-12-06,123,398,400
2007-12-06,124,395,397
2007-12-06,134,,
2007-12-06,143,266,268
2007-12-06,144,224,225
2007-12-06,145,218,220
2007-12-06,156,282,285
2007-12-06,157,,
2007-12-06,158,,
2007-12-06,159,263,265
2007-12-06,166,580,740
2007-12-06,168,590,750
2007-12-06,169,520,640
2007-12-06,170,520,640
2007-12-06,171,515,625
2007-12-06,172,480,590
2007-12-06,173,560,700
2007-12-06,174,,
2007-12-06,179,337,338
2007-12-06,180,332,333
2007-12-06,184,201,203
2007-12-06,185,183,185
2007-12-06,186,165,167
2007-12-06,187,113,115
2007-12-06,188,106,108
2007-12-06,199,232,235
2007-12-06,200,239,242
2007-12-06,201,247,249
2007-12-06,202,250,253
2007-12-06,209,239,242
2007-12-06,210,472,475
2007-12-06,211,463,468
2007-12-06,214,,
2007-12-06,215,410,419
2007-12-06,216,401,409
2007-12-06,217,268,272
2007-12-06,218,258,261
2007-12-06,219,244,247
2007-12-06,220,256,258
2007-12-06,221,244,246
2007-12-06,222,240,242
2007-12-06,223,102,103
2007-12-06,224,315,325
2007-12-06,225,320,330
2007-12-06,226,328,338
2007-12-06,227,280,290
2007-12-06,228,280,290
2007-12-06,229,456,460
2007-12-06,230,464,468
2007-12-06,231,235,237
2007-12-06,232,,
2007-12-13,2,430,439
2007-12-13,5,3150,3200
2007-12-13,10,1100,1200
2007-12-13,11,524,533
2007-12-13,12,,
2007-12-13,13,334,336
2007-12-13,14,514,524
2007-12-13,15,1200,1300
2007-12-13,16,341,343
2007-12-13,17,486,496
2007-12-13,18,900,1000
2007-12-13,19,,
2007-12-13,20,1100,1150
2007-12-13,21,,
2007-12-13,22,650,700
2007-12-13,24,654,660
2007-12-13,25,600,650
2007-12-13,27,710,721
2007-12-13,28,,
2007-12-13,30,910,930
2007-12-13,32,357,362
2007-12-13,33,1095,1100
2007-12-13,34,530,535
2007-12-13,35,303,308
2007-12-13,37,305,308
2007-12-13,39,476,486
2007-12-13,42,,
2007-12-13,44,,
2007-12-13,52,231,232
2007-12-13,58,,
2007-12-13,60,,
2007-12-13,61,,
2007-12-13,62,205,225
2007-12-13,63,300,310
2007-12-13,64,260,265
2007-12-13,65,290,300
2007-12-13,66,,
2007-12-13,68,215,225
2007-12-13,71,189,191
2007-12-13,74,167,170
2007-12-13,76,209,210
2007-12-13,77,262,265
2007-12-13,78,,
2007-12-13,79,214,216
2007-12-13,80,,
2007-12-13,83,252,257
2007-12-13,85,195,197
2007-12-13,86,190,192
2007-12-13,87,209,210
2007-12-13,88,160,162
2007-12-13,89,221,222
2007-12-13,90,,
2007-12-13,91,236,239
2007-12-13,93,212,214
2007-12-13,95,,
2007-12-13,96,240,241
2007-12-13,97,,
2007-12-13,98,252,253
2007-12-13,99,,
2007-12-13,100,260,265
2007-12-13,102,206,207
2007-12-13,103,110,113
2007-12-13,104,213,214
2007-12-13,106,226,228
2007-12-13,108,243,245
2007-12-13,109,381,384
2007-12-13,110,,
2007-12-13,111,375,378
2007-12-13,112,,
2007-12-13,118,,
2007-12-13,119,389,390
2007-12-13,120,387,388
2007-12-13,121,353,355
2007-12-13,122,346,348
2007-12-13,123,413,415
2007-12-13,124,410,412
2007-12-13,134,,
2007-12-13,143,271,273
2007-12-13,144,229,230
2007-12-13,145,221,223
2007-12-13,156,288,291
2007-12-13,157,,
2007-12-13,158,,
2007-12-13,159,267,269
2007-12-13,166,580,740
2007-12-13,168,590,750
2007-12-13,169,520,640
2007-12-13,170,520,640
2007-12-13,171,515,625
2007-12-13,172,480,590
2007-12-13,173,560,700
2007-12-13,174,,
2007-12-13,179,347,348
2007-12-13,180,344,345
2007-12-13,184,208,210
2007-12-13,185,188,190
2007-12-13,186,168,170
2007-12-13,187,113,115
2007-12-13,188,106,108
2007-12-13,199,234,237
2007-12-13,200,241,244
2007-12-13,201,249,251
2007-12-13,202,252,255
2007-12-13,209,244,247
2007-12-13,210,474,477
2007-12-13,211,465,470
2007-12-13,214,,
2007-12-13,215,410,419
2007-12-13,216,401,409
2007-12-13,217,273,277
2007-12-13,218,263,266
2007-12-13,219,249,252
2007-12-13,220,261,263
2007-12-13,221,249,251
2007-12-13,222,245,247
2007-12-13,223,107,108
2007-12-13,224,315,325
2007-12-13,225,320,330
2007-12-13,226,328,338
2007-12-13,227,280,290
2007-12-13,228,280,290
2007-12-13,229,458,462
2007-12-13,230,466,470
2007-12-13,231,240,242
2007-12-13,232,,
2007-12-20,2,430,439
2007-12-20,5,3150,3200
2007-12-20,10,1100,1200
2007-12-20,11,524,533
2007-12-20,12,,
2007-12-20,13,354,356
2007-12-20,14,514,524
2007-12-20,15,1200,1300
2007-12-20,16,361,363
2007-12-20,17,486,496
2007-12-20,18,900,1000
2007-12-20,19,,
2007-12-20,20,1100,1150
2007-12-20,21,,
2007-12-20,22,650,700
2007-12-20,24,659,665
2007-12-20,25,600,650
2007-12-20,27,715,726
2007-12-20,28,,
2007-12-20,30,900,920
2007-12-20,32,365,370
2007-12-20,33,1085,1090
2007-12-20,34,535,540
2007-12-20,35,303,308
2007-12-20,37,311,314
2007-12-20,39,486,496
2007-12-20,42,,
2007-12-20,44,,
2007-12-20,52,239,240
2007-12-20,58,,
2007-12-20,60,,
2007-12-20,61,,
2007-12-20,62,205,225
2007-12-20,63,305,315
2007-12-20,64,260,265
2007-12-20,65,295,305
2007-12-20,66,,
2007-12-20,68,220,230
2007-12-20,71,194,196
2007-12-20,74,172,175
2007-12-20,76,214,215
2007-12-20,77,269,272
2007-12-20,78,,
2007-12-20,79,220,222
2007-12-20,80,,
2007-12-20,83,260,265
2007-12-20,85,200,202
2007-12-20,86,195,197
2007-12-20,87,224,225
2007-12-20,88,165,167
2007-12-20,89,236,237
2007-12-20,90,,
2007-12-20,91,242,245
2007-12-20,93,218,220
2007-12-20,95,,
2007-12-20,96,255,256
2007-12-20,97,,
2007-12-20,98,267,268
2007-12-20,99,,
2007-12-20,100,266,271
2007-12-20,102,216,217
2007-12-20,103,113,116
2007-12-20,104,219,220
2007-12-20,106,232,234
2007-12-20,108,249,251
2007-12-20,109,388,391
2007-12-20,110,,
2007-12-20,111,385,388
2007-12-20,112,,
2007-12-20,118,,
2007-12-20,119,399,400
2007-12-20,120,397,398
2007-12-20,121,355,357
2007-12-20,122,349,351
2007-12-20,123,418,420
2007-12-20,124,415,417
2007-12-20,134,,
2007-12-20,143,279,281
2007-12-20,144,236,237
2007-12-20,145,228,230
2007-12-20,156,295,298
2007-12-20,157,,
2007-12-20,158,,
2007-12-20,159,274,276
2007-12-20,166,580,740
2007-12-20,168,590,750
2007-12-20,169,520,640
2007-12-20,170,520,640
2007-12-20,171,515,625
2007-12-20,172,480,590
2007-12-20,173,560,700
2007-12-20,174,,
2007-12-20,179,349,350
2007-12-20,180,346,347
2007-12-20,184,218,220
2007-12-20,185,198,200
2007-12-20,186,175,177
2007-12-20,187,118,120
2007-12-20,188,111,113
2007-12-20,199,239,242
2007-12-20,200,246,249
2007-12-20,201,254,256
2007-12-20,202,257,260
2007-12-20,209,252,255
2007-12-20,210,482,485
2007-12-20,211,473,478
2007-12-20,214,,
2007-12-20,215,410,419
2007-12-20,216,401,409
2007-12-20,217,280,284
2007-12-20,218,271,274
2007-12-20,219,257,260
2007-12-20,220,269,271
2007-12-20,221,257,259
2007-12-20,222,253,255
2007-12-20,223,110,111
2007-12-20,224,315,325
2007-12-20,225,320,330
2007-12-20,226,328,338
2007-12-20,227,280,290
2007-12-20,228,280,290
2007-12-20,229,466,470
2007-12-20,230,474,478
2007-12-20,231,245,247
2007-12-20,232,,
2007-12-27,2,430,439
2007-12-27,5,3150,3200
2007-12-27,10,1100,1200
2007-12-27,11,524,533
2007-12-27,12,,
2007-12-27,13,354,356
2007-12-27,14,514,524
2007-12-27,15,1200,1300
2007-12-27,16,361,363
2007-12-27,17,486,496
2007-12-27,18,900,1000
2007-12-27,19,,
2007-12-27,20,1100,1150
2007-12-27,21,,
2007-12-27,22,650,700
2007-12-27,24,659,665
2007-12-27,25,600,650
2007-12-27,27,715,726
2007-12-27,28,,
2007-12-27,30,900,920
2007-12-27,32,365,370
2007-12-27,33,1085,1090
2007-12-27,34,535,540
2007-12-27,35,303,308
2007-12-27,37,311,314
2007-12-27,39,486,496
2007-12-27,42,,
2007-12-27,44,,
2007-12-27,52,242,243
2007-12-27,58,,
2007-12-27,60,,
2007-12-27,61,,
2007-12-27,62,205,225
2007-12-27,63,305,315
2007-12-27,64,260,265
2007-12-27,65,295,305
2007-12-27,66,,
2007-12-27,68,220,230
2007-12-27,71,194,196
2007-12-27,74,172,175
2007-12-27,76,219,220
2007-12-27,77,269,272
2007-12-27,78,,
2007-12-27,79,220,222
2007-12-27,80,,
2007-12-27,83,260,265
2007-12-27,85,202,204
2007-12-27,86,200,202
2007-12-27,87,224,225
2007-12-27,88,165,167
2007-12-27,89,236,237
2007-12-27,90,,
2007-12-27,91,242,245
2007-12-27,93,218,220
2007-12-27,95,,
2007-12-27,96,255,256
2007-12-27,97,,
2007-12-27,98,267,268
2007-12-27,99,,
2007-12-27,100,266,271
2007-12-27,102,216,217
2007-12-27,103,113,116
2007-12-27,104,219,220
2007-12-27,106,232,234
2007-12-27,108,249,251
2007-12-27,109,396,399
2007-12-27,110,,
2007-12-27,111,393,396
2007-12-27,112,,
2007-12-27,118,,
2007-12-27,119,409,410
2007-12-27,120,407,408
2007-12-27,121,355,357
2007-12-27,122,349,351
2007-12-27,123,428,430
2007-12-27,124,425,427
2007-12-27,134,,
2007-12-27,143,282,284
2007-12-27,144,239,240
2007-12-27,145,231,233
2007-12-27,156,295,298
2007-12-27,157,,
2007-12-27,158,,
2007-12-27,159,274,276
2007-12-27,166,580,740
2007-12-27,168,590,750
2007-12-27,169,520,640
2007-12-27,170,520,640
2007-12-27,171,515,625
2007-12-27,172,480,590
2007-12-27,173,560,700
2007-12-27,174,,
2007-12-27,179,352,353
2007-12-27,180,349,350
2007-12-27,184,218,220
2007-12-27,185,198,200
2007-12-27,186,175,177
2007-12-27,187,118,120
2007-12-27,188,111,113
2007-12-27,199,239,242
2007-12-27,200,246,249
2007-12-27,201,254,256
2007-12-27,202,257,260
2007-12-27,209,252,255
2007-12-27,210,482,485
2007-12-27,211,473,478
2007-12-27,214,,
2007-12-27,215,410,419
2007-12-27,216,401,409
2007-12-27,217,280,284
2007-12-27,218,271,274
2007-12-27,219,257,260
2007-12-27,220,269,271
2007-12-27,221,257,259
2007-12-27,222,253,255
2007-12-27,223,110,111
2007-12-27,224,315,325
2007-12-27,225,320,330
2007-12-27,226,328,338
2007-12-27,227,280,290
2007-12-27,228,280,290
2007-12-27,229,466,470
2007-12-27,230,474,478
2007-12-27,231,248,250
2007-12-27,232,,
