date,code,low,high
2010-01-07,5,2300,2350
2010-01-07,10,900,950
2010-01-07,11,375,384
2010-01-07,12,,
2010-01-07,13,235,237
2010-01-07,14,365,375
2010-01-07,15,850,900
2010-01-07,16,238,240
2010-01-07,17,337,347
2010-01-07,18,750,800
2010-01-07,20,850,900
2010-01-07,21,,
2010-01-07,22,800,850
2010-01-07,24,313,319
2010-01-07,25,500,550
2010-01-07,28,,
2010-01-07,30,1220,1240
2010-01-07,33,1315,1320
2010-01-07,52,145,146
2010-01-07,58,,
2010-01-07,60,,
2010-01-07,61,,
2010-01-07,62,161,166
2010-01-07,63,250,260
2010-01-07,64,,
2010-01-07,65,200,230
2010-01-07,66,,
2010-01-07,68,135,145
2010-01-07,71,111,113
2010-01-07,74,87,90
2010-01-07,76,139,140
2010-01-07,77,143,145
2010-01-07,78,,
2010-01-07,79,139,141
2010-01-07,80,,
2010-01-07,83,,
2010-01-07,85,205,210
2010-01-07,86,205,210
2010-01-07,87,124,125
2010-01-07,88,175,190
2010-01-07,89,127,128
2010-01-07,90,,
2010-01-07,91,136,139
2010-01-07,93,120,122
2010-01-07,95,,
2010-01-07,96,162,163
2010-01-07,97,,
2010-01-07,98,165,166
2010-01-07,99,,
2010-01-07,100,167,172
2010-01-07,102,118,119
2010-01-07,103,149,152
2010-01-07,104,121,122
2010-01-07,106,131,133
2010-01-07,108,168,170
2010-01-07,109,328,332
2010-01-07,111,327,330
2010-01-07,112,,
2010-01-07,118,,
2010-01-07,119,361,362
2010-01-07,120,359,360
2010-01-07,121,358,360
2010-01-07,122,355,357
2010-01-07,123,405,407
2010-01-07,124,402,404
2010-01-07,143,198,200
2010-01-07,144,131,133
2010-01-07,145,122,124
2010-01-07,151,137,139
2010-01-07,156,179,182
2010-01-07,157,,
2010-01-07,158,,
2010-01-07,159,145,147
2010-01-07,166,720,900
2010-01-07,168,720,880
2010-01-07,169,650,770
2010-01-07,170,650,770
2010-01-07,171,540,650
2010-01-07,172,560,670
2010-01-07,173,740,880
2010-01-07,179,341,342
2010-01-07,180,339,340
2010-01-07,184,177,179
2010-01-07,185,167,169
2010-01-07,186,138,140
2010-01-07,187,92,94
2010-01-07,188,110,112
2010-01-07,199,,
2010-01-07,223,148,149
2010-01-07,224,375,385
2010-01-07,225,375,385
2010-01-07,226,380,390
2010-01-07,227,325,335
2010-01-07,228,270,280
2010-01-07,231,,
2010-01-07,232,,
2010-01-07,242,169,173
2010-01-07,243,158,161
2010-01-07,244,144,147
2010-01-07,248,190,200
2010-01-07,249,218,226
2010-01-07,250,166,171
2010-01-07,251,187,197
2010-01-07,253,,
2010-01-07,254,410,420
2010-01-07,255,,
2010-01-07,256,,
2010-01-07,258,286,295
2010-01-07,259,266,275
2010-01-07,260,257,265
2010-01-07,261,,
2010-01-07,262,,
2010-01-07,263,142,144
2010-01-07,264,131,133
2010-01-07,265,379,390
2010-01-07,272,142,144
2010-01-07,277,320,340
2010-01-07,279,145,148
2010-01-07,280,177,179
2010-01-07,281,166,170
2010-01-07,282,157,161
2010-01-07,283,178,182
2010-01-07,284,171,175
2010-01-07,285,158,162
2010-01-07,286,130,134
2010-01-14,5,2300,2350
2010-01-14,10,900,950
2010-01-14,11,375,384
2010-01-14,12,,
2010-01-14,13,235,237
2010-01-14,14,365,375
2010-01-14,15,900,950
2010-01-14,16,238,240
2010-01-14,17,337,347
2010-01-14,18,780,830
2010-01-14,20,900,950
2010-01-14,21,,
2010-01-14,22,850,900
2010-01-14,24,308,314
2010-01-14,25,550,600
2010-01-14,28,,
2010-01-14,30,1230,1250
2010-01-14,33,1325,1330
2010-01-14,52,145,146
2010-01-14,58,,
2010-01-14,60,,
2010-01-14,61,,
2010-01-14,62,161,166
2010-01-14,63,250,260
2010-01-14,64,,
2010-01-14,65,200,230
2010-01-14,66,,
2010-01-14,68,135,145
2010-01-14,71,111,113
2010-01-14,74,87,90
2010-01-14,76,136,137
2010-01-14,77,143,145
2010-01-14,78,,
2010-01-14,79,139,141
2010-01-14,80,,
2010-01-14,83,,
2010-01-14,85,205,210
2010-01-14,86,205,210
2010-01-14,87,116,117
2010-01-14,88,175,190
2010-01-14,89,119,120
2010-01-14,90,,
2010-01-14,91,136,139
2010-01-14,93,112,114
2010-01-14,95,,
2010-01-14,96,154,155
2010-01-14,97,,
2010-01-14,98,157,158
2010-01-14,99,,
2010-01-14,100,167,172
2010-01-14,102,110,111
2010-01-14,103,149,152
2010-01-14,104,113,114
2010-01-14,106,126,128
2010-01-14,108,168,170
2010-01-14,109,325,329
2010-01-14,111,324,327
2010-01-14,112,,
2010-01-14,118,,
2010-01-14,119,351,352
2010-01-14,120,349,350
2010-01-14,121,344,346
2010-01-14,122,341,343
2010-01-14,123,395,397
2010-01-14,124,392,394
2010-01-14,143,198,200
2010-01-14,144,131,133
2010-01-14,145,122,124
2010-01-14,151,137,139
2010-01-14,156,179,182
2010-01-14,157,,
2010-01-14,158,,
2010-01-14,159,145,147
2010-01-14,166,740,920
2010-01-14,168,740,910
2010-01-14,169,650,770
2010-01-14,170,650,770
2010-01-14,171,540,650
2010-01-14,172,540,650
2010-01-14,173,740,880
2010-01-14,179,329,330
2010-01-14,180,327,328
2010-01-14,184,177,179
2010-01-14,185,167,169
2010-01-14,186,138,140
2010-01-14,187,92,94
2010-01-14,188,110,112
2010-01-14,199,,
2010-01-14,223,148,149
2010-01-14,224,385,395
2010-01-14,225,375,385
2010-01-14,226,390,400
2010-01-14,227,325,335
2010-01-14,228,270,280
2010-01-14,231,,
2010-01-14,232,,
2010-01-14,242,169,173
2010-01-14,243,158,161
2010-01-14,244,144,147
2010-01-14,248,190,200
2010-01-14,249,218,226
2010-01-14,250,166,171
2010-01-14,251,187,197
2010-01-14,253,,
2010-01-14,254,410,420
2010-01-14,255,,
2010-01-14,256,,
2010-01-14,258,286,295
2010-01-14,259,266,275
2010-01-14,260,257,265
2010-01-14,261,,
2010-01-14,262,,
2010-01-14,263,142,144
2010-01-14,264,131,133
2010-01-14,265,374,385
2010-01-14,272,142,144
2010-01-14,277,320,340
2010-01-14,279,145,148
2010-01-14,280,173,175
2010-01-14,281,162,166
2010-01-14,282,153,157
2010-01-14,283,174,178
2010-01-14,284,167,171
2010-01-14,285,154,158
2010-01-14,286,126,130
2010-01-21,5,2300,2350
2010-01-21,10,900,950
2010-01-21,11,375,384
2010-01-21,12,,
2010-01-21,13,235,237
2010-01-21,14,365,375
2010-01-21,15,900,950
2010-01-21,16,238,240
2010-01-21,17,337,347
2010-01-21,18,780,830
2010-01-21,20,900,950
2010-01-21,21,,
2010-01-21,22,850,900
2010-01-21,24,293,299
2010-01-21,25,550,600
2010-01-21,28,,
2010-01-21,30,1230,1250
2010-01-21,33,1325,1330
2010-01-21,52,144,145
2010-01-21,58,,
2010-01-21,60,,
2010-01-21,61,,
2010-01-21,62,159,164
2010-01-21,63,240,250
2010-01-21,64,,
2010-01-21,65,200,230
2010-01-21,66,,
2010-01-21,68,130,140
2010-01-21,71,111,113
2010-01-21,74,87,90
2010-01-21,76,136,137
2010-01-21,77,142,144
2010-01-21,78,,
2010-01-21,79,138,140
2010-01-21,80,,
2010-01-21,83,,
2010-01-21,85,205,210
2010-01-21,86,205,210
2010-01-21,87,96,97
2010-01-21,88,175,190
2010-01-21,89,99,100
2010-01-21,90,,
2010-01-21,91,131,134
2010-01-21,93,92,94
2010-01-21,95,,
2010-01-21,96,134,135
2010-01-21,97,,
2010-01-21,98,137,138
2010-01-21,99,,
2010-01-21,100,162,167
2010-01-21,102,90,91
2010-01-21,103,149,152
2010-01-21,104,93,94
2010-01-21,106,111,113
2010-01-21,108,168,170
2010-01-21,109,323,327
2010-01-21,111,322,325
2010-01-21,112,,
2010-01-21,118,,
2010-01-21,119,353,354
2010-01-21,120,351,352
2010-01-21,121,346,348
2010-01-21,122,343,345
2010-01-21,123,397,399
2010-01-21,124,394,396
2010-01-21,143,198,200
2010-01-21,144,131,133
2010-01-21,145,125,127
2010-01-21,151,136,138
2010-01-21,156,177,180
2010-01-21,157,,
2010-01-21,158,,
2010-01-21,159,142,144
2010-01-21,166,770,950
2010-01-21,168,780,950
2010-01-21,169,640,760
2010-01-21,170,640,760
2010-01-21,171,530,640
2010-01-21,172,520,630
2010-01-21,173,740,880
2010-01-21,179,331,332
2010-01-21,180,329,330
2010-01-21,184,177,179
2010-01-21,185,167,169
2010-01-21,186,138,140
2010-01-21,187,94,96
2010-01-21,188,113,115
2010-01-21,199,,
2010-01-21,223,148,149
2010-01-21,224,400,410
2010-01-21,225,385,395
2010-01-21,226,410,420
2010-01-21,227,320,330
2010-01-21,228,265,275
2010-01-21,231,,
2010-01-21,232,,
2010-01-21,242,168,172
2010-01-21,243,158,161
2010-01-21,244,144,147
2010-01-21,248,190,200
2010-01-21,249,213,221
2010-01-21,250,166,171
2010-01-21,251,187,197
2010-01-21,253,,
2010-01-21,254,415,425
2010-01-21,255,,
2010-01-21,256,,
2010-01-21,258,286,295
2010-01-21,259,266,275
2010-01-21,260,257,265
2010-01-21,261,,
2010-01-21,262,,
2010-01-21,263,141,143
2010-01-21,264,130,132
2010-01-21,265,359,370
2010-01-21,272,142,144
2010-01-21,277,320,340
2010-01-21,279,145,148
2010-01-21,280,168,170
2010-01-21,281,159,163
2010-01-21,282,153,157
2010-01-21,283,172,176
2010-01-21,284,165,169
2010-01-21,285,154,158
2010-01-21,286,126,130
2010-01-28,5,2300,2350
2010-01-28,10,900,950
2010-01-28,11,375,384
2010-01-28,12,,
2010-01-28,13,235,237
2010-01-28,14,365,375
2010-01-28,15,900,950
2010-01-28,16,238,240
2010-01-28,17,337,347
2010-01-28,18,780,830
2010-01-28,20,900,950
2010-01-28,21,,
2010-01-28,22,850,900
2010-01-28,24,293,299
2010-01-28,25,550,600
2010-01-28,28,,
2010-01-28,30,1240,1260
2010-01-28,33,1345,1350
2010-01-28,52,143,144
2010-01-28,58,,
2010-01-28,60,,
2010-01-28,61,,
2010-01-28,62,159,164
2010-01-28,63,230,240
2010-01-28,64,,
2010-01-28,65,190,220
2010-01-28,66,,
2010-01-28,68,125,140
2010-01-28,71,111,113
2010-01-28,74,87,90
2010-01-28,76,134,135
2010-01-28,77,141,143
2010-01-28,78,,
2010-01-28,79,137,139
2010-01-28,80,,
2010-01-28,83,,
2010-01-28,85,205,210
2010-01-28,86,205,210
2010-01-28,87,88,89
2010-01-28,88,175,190
2010-01-28,89,91,92
2010-01-28,90,,
2010-01-28,91,123,126
2010-01-28,93,88,90
2010-01-28,95,,
2010-01-28,96,126,127
2010-01-28,97,,
2010-01-28,98,129,130
2010-01-28,99,,
2010-01-28,100,154,159
2010-01-28,102,82,83
2010-01-28,103,149,152
2010-01-28,104,89,90
2010-01-28,106,96,98
2010-01-28,108,168,170
2010-01-28,109,316,320
2010-01-28,111,315,318
2010-01-28,112,,
2010-01-28,118,,
2010-01-28,119,346,347
2010-01-28,120,344,345
2010-01-28,121,339,341
2010-01-28,122,336,338
2010-01-28,123,390,392
2010-01-28,124,387,389
2010-01-28,143,198,200
2010-01-28,144,133,135
2010-01-28,145,125,127
2010-01-28,151,136,138
2010-01-28,156,175,178
2010-01-28,157,,
2010-01-28,158,,
2010-01-28,159,141,143
2010-01-28,166,780,960
2010-01-28,168,800,970
2010-01-28,169,630,760
2010-01-28,170,630,760
2010-01-28,171,530,640
2010-01-28,172,500,610
2010-01-28,173,740,880
2010-01-28,179,324,325
2010-01-28,180,322,323
2010-01-28,184,177,179
2010-01-28,185,167,169
2010-01-28,186,138,140
2010-01-28,187,94,96
2010-01-28,188,113,115
2010-01-28,199,,
2010-01-28,223,148,149
2010-01-28,224,405,415
2010-01-28,225,390,400
2010-01-28,226,420,430
2010-01-28,227,315,325
2010-01-28,228,265,275
2010-01-28,231,,
2010-01-28,232,,
2010-01-28,242,167,171
2010-01-28,243,157,160
2010-01-28,244,143,146
2010-01-28,248,190,200
2010-01-28,249,208,216
2010-01-28,250,166,171
2010-01-28,251,187,197
2010-01-28,253,,
2010-01-28,254,415,425
2010-01-28,255,,
2010-01-28,256,,
2010-01-28,258,286,295
2010-01-28,259,266,275
2010-01-28,260,257,265
2010-01-28,261,,
2010-01-28,262,,
2010-01-28,263,141,143
2010-01-28,264,130,132
2010-01-28,265,359,370
2010-01-28,272,141,143
2010-01-28,277,320,340
2010-01-28,279,145,148
2010-01-28,280,166,168
2010-01-28,281,157,161
2010-01-28,282,151,155
2010-01-28,283,170,174
2010-01-28,284,163,167
2010-01-28,285,152,156
2010-01-28,286,126,130
2010-02-04,5,2300,2350
2010-02-04,10,900,950
2010-02-04,11,375,384
2010-02-04,12,,
2010-02-04,13,233,235
2010-02-04,14,365,375
2010-02-04,15,900,950
2010-02-04,16,236,238
2010-02-04,17,337,347
2010-02-04,18,780,830
2010-02-04,20,900,950
2010-02-04,21,,
2010-02-04,22,850,900
2010-02-04,24,288,294
2010-02-04,25,550,600
2010-02-04,28,,
2010-02-04,30,1240,1260
2010-02-04,33,1345,1350
2010-02-04,52,143,144
2010-02-04,58,,
2010-02-04,60,,
2010-02-04,61,,
2010-02-04,62,159,164
2010-02-04,63,230,240
2010-02-04,64,,
2010-02-04,65,190,220
2010-02-04,66,,
2010-02-04,68,125,140
2010-02-04,71,111,113
2010-02-04,74,87,90
2010-02-04,76,132,133
2010-02-04,77,140,142
2010-02-04,78,,
2010-02-04,79,136,138
2010-02-04,80,,
2010-02-04,83,,
2010-02-04,85,205,210
2010-02-04,86,205,210
2010-02-04,87,85,86
2010-02-04,88,175,190
2010-02-04,89,88,89
2010-02-04,90,,
2010-02-04,91,113,116
2010-02-04,93,88,90
2010-02-04,95,,
2010-02-04,96,123,124
2010-02-04,97,,
2010-02-04,98,126,127
2010-02-04,99,,
2010-02-04,100,144,149
2010-02-04,102,79,80
2010-02-04,103,149,152
2010-02-04,104,89,90
2010-02-04,106,90,92
2010-02-04,108,168,170
2010-02-04,109,316,320
2010-02-04,111,310,313
2010-02-04,112,,
2010-02-04,118,,
2010-02-04,119,338,339
2010-02-04,120,336,337
2010-02-04,121,331,333
2010-02-04,122,328,330
2010-02-04,123,386,388
2010-02-04,124,383,385
2010-02-04,143,198,200
2010-02-04,144,133,135
2010-02-04,145,125,127
2010-02-04,151,136,138
2010-02-04,156,173,176
2010-02-04,157,,
2010-02-04,158,,
2010-02-04,159,141,143
2010-02-04,166,800,980
2010-02-04,168,810,980
2010-02-04,169,620,750
2010-02-04,170,620,750
2010-02-04,171,520,630
2010-02-04,172,480,600
2010-02-04,173,730,870
2010-02-04,179,316,317
2010-02-04,180,314,315
2010-02-04,184,177,179
2010-02-04,185,167,169
2010-02-04,186,138,140
2010-02-04,187,98,100
2010-02-04,188,117,119
2010-02-04,199,,
2010-02-04,223,148,149
2010-02-04,224,415,425
2010-02-04,225,405,415
2010-02-04,226,425,435
2010-02-04,227,310,320
2010-02-04,228,260,270
2010-02-04,231,,
2010-02-04,232,,
2010-02-04,242,166,170
2010-02-04,243,156,159
2010-02-04,244,141,144
2010-02-04,248,190,200
2010-02-04,249,208,216
2010-02-04,250,166,171
2010-02-04,251,187,197
2010-02-04,253,,
2010-02-04,254,415,425
2010-02-04,255,,
2010-02-04,256,,
2010-02-04,258,286,295
2010-02-04,259,266,275
2010-02-04,260,257,265
2010-02-04,261,,
2010-02-04,262,,
2010-02-04,263,141,143
2010-02-04,264,130,132
2010-02-04,265,354,365
2010-02-04,272,140,142
2010-02-04,277,320,340
2010-02-04,279,143,146
2010-02-04,280,162,164
2010-02-04,281,153,157
2010-02-04,282,147,151
2010-02-04,283,166,170
2010-02-04,284,159,163
2010-02-04,285,148,152
2010-02-04,286,,
2010-02-11,5,2300,2350
2010-02-11,10,900,950
2010-02-11,11,375,384
2010-02-11,12,,
2010-02-11,13,233,235
2010-02-11,14,365,375
2010-02-11,15,900,950
2010-02-11,16,236,238
2010-02-11,17,337,347
2010-02-11,18,780,830
2010-02-11,20,900,950
2010-02-11,21,,
2010-02-11,22,850,900
2010-02-11,24,281,287
2010-02-11,25,550,600
2010-02-11,28,,
2010-02-11,30,1250,1270
2010-02-11,33,1355,1360
2010-02-11,52,144.5,145.5
2010-02-11,58,,
2010-02-11,60,,
2010-02-11,61,,
2010-02-11,62,159,164
2010-02-11,63,225,235
2010-02-11,64,,
2010-02-11,65,185,215
2010-02-11,66,,
2010-02-11,68,120,135
2010-02-11,71,111,113
2010-02-11,74,87,90
2010-02-11,76,132,133
2010-02-11,77,140,142
2010-02-11,78,,
2010-02-11,79,136,138
2010-02-11,80,,
2010-02-11,83,,
2010-02-11,85,205,210
2010-02-11,86,205,210
2010-02-11,87,91,92
2010-02-11,88,175,190
2010-02-11,89,94,95
2010-02-11,90,,
2010-02-11,91,113,116
2010-02-11,93,93,95
2010-02-11,95,,
2010-02-11,96,129,130
2010-02-11,97,,
2010-02-11,98,132,133
2010-02-11,99,,
2010-02-11,100,144,149
2010-02-11,102,85,86
2010-02-11,103,149,152
2010-02-11,104,94,95
2010-02-11,106,94,96
2010-02-11,108,168,170
2010-02-11,109,316,320
2010-02-11,111,313,316
2010-02-11,112,,
2010-02-11,118,,
2010-02-11,119,341,342
2010-02-11,120,339,340
2010-02-11,121,334,336
2010-02-11,122,331,333
2010-02-11,123,389,391
2010-02-11,124,386,388
2010-02-11,143,199,201
2010-02-11,144,135,137
2010-02-11,145,127,129
2010-02-11,151,136,138
2010-02-11,156,173,176
2010-02-11,157,,
2010-02-11,158,,
2010-02-11,159,141,143
2010-02-11,166,800,980
2010-02-11,168,810,980
2010-02-11,169,620,750
2010-02-11,170,620,750
2010-02-11,171,520,630
2010-02-11,172,480,600
2010-02-11,173,730,870
2010-02-11,179,319,320
2010-02-11,180,317,318
2010-02-11,184,177,179
2010-02-11,185,167,169
2010-02-11,186,138,140
2010-02-11,187,98,100
2010-02-11,188,117,119
2010-02-11,199,,
2010-02-11,223,148,149
2010-02-11,224,415,425
2010-02-11,225,405,415
2010-02-11,226,425,435
2010-02-11,227,310,320
2010-02-11,228,260,270
2010-02-11,231,,
2010-02-11,232,,
2010-02-11,242,166,170
2010-02-11,243,156,159
2010-02-11,244,141,144
2010-02-11,248,190,200
2010-02-11,249,206,214
2010-02-11,250,166,171
2010-02-11,251,187,197
2010-02-11,253,,
2010-02-11,254,415,425
2010-02-11,255,,
2010-02-11,256,,
2010-02-11,258,286,295
2010-02-11,259,266,275
2010-02-11,260,257,265
2010-02-11,261,,
2010-02-11,262,,
2010-02-11,263,141,143
2010-02-11,264,130,132
2010-02-11,265,347,358
2010-02-11,272,140,142
2010-02-11,277,320,340
2010-02-11,279,142,145
2010-02-11,280,158,160
2010-02-11,281,149,153
2010-02-11,282,143,147
2010-02-11,283,161,165
2010-02-11,284,154,158
2010-02-11,285,143,147
2010-02-11,286,,
2010-02-18,5,2300,2350
2010-02-18,10,900,950
2010-02-18,11,375,384
2010-02-18,12,1350,1400
2010-02-18,13,233,235
2010-02-18,14,365,375
2010-02-18,15,950,1000
2010-02-18,16,236,238
2010-02-18,17,337,347
2010-02-18,18,780,830
2010-02-18,20,900,950
2010-02-18,21,,
2010-02-18,22,850,900
2010-02-18,24,276,282
2010-02-18,25,550,600
2010-02-18,28,,
2010-02-18,30,1260,1280
2010-02-18,33,1365,1370
2010-02-18,52,146,147
2010-02-18,58,,
2010-02-18,60,,
2010-02-18,61,,
2010-02-18,62,158,163
2010-02-18,63,225,235
2010-02-18,64,,
2010-02-18,65,185,215
2010-02-18,66,,
2010-02-18,68,120,135
2010-02-18,71,111,113
2010-02-18,74,87,90
2010-02-18,76,142,143
2010-02-18,77,138,140
2010-02-18,78,,
2010-02-18,79,136,138
2010-02-18,80,,
2010-02-18,83,,
2010-02-18,85,205,210
2010-02-18,86,205,210
2010-02-18,87,97,98
2010-02-18,88,175,190
2010-02-18,89,100,101
2010-02-18,90,,
2010-02-18,91,115,118
2010-02-18,93,98,100
2010-02-18,95,,
2010-02-18,96,135,136
2010-02-18,97,,
2010-02-18,98,138,139
2010-02-18,99,,
2010-02-18,100,146,151
2010-02-18,102,91,92
2010-02-18,103,150,153
2010-02-18,104,99,100
2010-02-18,106,101,103
2010-02-18,108,168,170
2010-02-18,109,319,323
2010-02-18,111,316,319
2010-02-18,112,,
2010-02-18,118,,
2010-02-18,119,346,347
2010-02-18,120,344,345
2010-02-18,121,337,339
2010-02-18,122,334,336
2010-02-18,123,394,396
2010-02-18,124,391,393
2010-02-18,143,201,203
2010-02-18,144,137,139
2010-02-18,145,129,131
2010-02-18,151,134,136
2010-02-18,156,172,175
2010-02-18,157,,
2010-02-18,158,,
2010-02-18,159,141,143
2010-02-18,166,800,980
2010-02-18,168,810,980
2010-02-18,169,620,750
2010-02-18,170,620,750
2010-02-18,171,520,630
2010-02-18,172,480,600
2010-02-18,173,730,870
2010-02-18,179,323,324
2010-02-18,180,321,322
2010-02-18,184,177,179
2010-02-18,185,167,169
2010-02-18,186,138,140
2010-02-18,187,100,102
2010-02-18,188,120,122
2010-02-18,199,,
2010-02-18,223,149,150
2010-02-18,224,415,425
2010-02-18,225,405,415
2010-02-18,226,425,435
2010-02-18,227,310,320
2010-02-18,228,260,270
2010-02-18,231,,
2010-02-18,232,,
2010-02-18,242,164,168
2010-02-18,243,154,157
2010-02-18,244,140,143
2010-02-18,248,190,200
2010-02-18,249,202,210
2010-02-18,250,166,171
2010-02-18,251,187,197
2010-02-18,253,,
2010-02-18,254,420,428
2010-02-18,255,,
2010-02-18,256,,
2010-02-18,258,286,295
2010-02-18,259,266,275
2010-02-18,260,257,265
2010-02-18,261,,
2010-02-18,262,,
2010-02-18,263,139,141
2010-02-18,264,128,130
2010-02-18,265,342,353
2010-02-18,272,139,141
2010-02-18,277,320,340
2010-02-18,279,142,145
2010-02-18,280,153,155
2010-02-18,281,144,148
2010-02-18,282,138,142
2010-02-18,283,156,160
2010-02-18,284,149,153
2010-02-18,285,138,142
2010-02-18,286,,
2010-02-25,5,2300,2350
2010-02-25,10,900,950
2010-02-25,11,375,384
2010-02-25,12,1350,1400
2010-02-25,13,233,235
2010-02-25,14,365,375
2010-02-25,15,950,1000
2010-02-25,16,236,238
2010-02-25,17,337,347
2010-02-25,18,780,830
2010-02-25,20,900,950
2010-02-25,21,,
2010-02-25,22,850,900
2010-02-25,24,276,282
2010-02-25,25,550,600
2010-02-25,28,,
2010-02-25,30,1270,1290
2010-02-25,33,1375,1380
2010-02-25,52,146,147
2010-02-25,58,,
2010-02-25,60,,
2010-02-25,61,,
2010-02-25,62,158,163
2010-02-25,63,225,235
2010-02-25,64,,
2010-02-25,65,185,215
2010-02-25,66,,
2010-02-25,68,120,135
2010-02-25,71,111,113
2010-02-25,74,87,90
2010-02-25,76,147,148
2010-02-25,77,136,138
2010-02-25,78,,
2010-02-25,79,136,138
2010-02-25,80,,
2010-02-25,83,,
2010-02-25,85,205,210
2010-02-25,86,205,210
2010-02-25,87,97,98
2010-02-25,88,175,190
2010-02-25,89,100,101
2010-02-25,90,,
2010-02-25,91,115,118
2010-02-25,93,100,102
2010-02-25,95,,
2010-02-25,96,135,136
2010-02-25,97,,
2010-02-25,98,138,139
2010-02-25,99,,
2010-02-25,100,146,151
2010-02-25,102,91,92
2010-02-25,103,150,153
2010-02-25,104,101,102
2010-02-25,106,103,105
2010-02-25,108,168,170
2010-02-25,109,323,327
2010-02-25,111,320,323
2010-02-25,112,,
2010-02-25,118,,
2010-02-25,119,346,347
2010-02-25,120,344,345
2010-02-25,121,334,336
2010-02-25,122,331,333
2010-02-25,123,394,396
2010-02-25,124,391,393
2010-02-25,143,201,203
2010-02-25,144,139,141
2010-02-25,145,131,133
2010-02-25,151,132,134
2010-02-25,156,171,174
2010-02-25,157,,
2010-02-25,158,,
2010-02-25,159,140,142
2010-02-25,166,800,980
2010-02-25,168,810,980
2010-02-25,169,620,750
2010-02-25,170,620,750
2010-02-25,171,520,630
2010-02-25,172,480,600
2010-02-25,173,730,870
2010-02-25,179,320,321
2010-02-25,180,318,319
2010-02-25,184,177,179
2010-02-25,185,167,169
2010-02-25,186,138,140
2010-02-25,187,100,102
2010-02-25,188,120,122
2010-02-25,199,,
2010-02-25,223,149,150
2010-02-25,224,415,425
2010-02-25,225,405,415
2010-02-25,226,425,435
2010-02-25,227,310,320
2010-02-25,228,260,270
2010-02-25,231,,
2010-02-25,232,,
2010-02-25,242,163,167
2010-02-25,243,153,156
2010-02-25,244,139,142
2010-02-25,248,190,200
2010-02-25,249,197,205
2010-02-25,250,166,171
2010-02-25,251,187,197
2010-02-25,253,,
2010-02-25,254,425,433
2010-02-25,255,,
2010-02-25,256,,
2010-02-25,258,286,295
2010-02-25,259,266,275
2010-02-25,260,257,265
2010-02-25,261,,
2010-02-25,262,,
2010-02-25,263,137,139
2010-02-25,264,126,128
2010-02-25,265,342,353
2010-02-25,272,138,140
2010-02-25,277,318,338
2010-02-25,279,141,144
2010-02-25,280,151,153
2010-02-25,281,144,148
2010-02-25,282,138,142
2010-02-25,283,154,158
2010-02-25,284,149,153
2010-02-25,285,138,142
2010-02-25,286,,
2010-03-04,5,2300,2350
2010-03-04,10,900,950
2010-03-04,11,375,384
2010-03-04,12,1400,1450
2010-03-04,13,233,235
2010-03-04,14,365,375
2010-03-04,15,950,1000
2010-03-04,16,236,238
2010-03-04,17,337,347
2010-03-04,18,830,880
2010-03-04,20,950,1000
2010-03-04,21,,
2010-03-04,22,850,900
2010-03-04,24,276,282
2010-03-04,25,550,600
2010-03-04,28,,
2010-03-04,30,1280,1300
2010-03-04,33,1375,1380
2010-03-04,52,145,146
2010-03-04,58,,
2010-03-04,60,,
2010-03-04,61,,
2010-03-04,62,158,163
2010-03-04,63,225,235
2010-03-04,64,,
2010-03-04,65,185,215
2010-03-04,66,,
2010-03-04,68,120,135
2010-03-04,71,111,113
2010-03-04,74,87,90
2010-03-04,76,147,148
2010-03-04,77,135,137
2010-03-04,78,,
2010-03-04,79,134,136
2010-03-04,80,,
2010-03-04,83,,
2010-03-04,85,205,210
2010-03-04,86,205,210
2010-03-04,87,97,98
2010-03-04,88,175,190
2010-03-04,89,100,101
2010-03-04,90,,
2010-03-04,91,115,118
2010-03-04,93,100,102
2010-03-04,95,,
2010-03-04,96,135,136
2010-03-04,97,,
2010-03-04,98,138,139
2010-03-04,99,,
2010-03-04,100,146,151
2010-03-04,102,91,92
2010-03-04,103,150,153
2010-03-04,104,101,102
2010-03-04,106,103,105
2010-03-04,108,168,170
2010-03-04,109,323,327
2010-03-04,111,320,323
2010-03-04,112,,
2010-03-04,118,,
2010-03-04,119,336,337
2010-03-04,120,334,335
2010-03-04,121,324,326
2010-03-04,122,321,323
2010-03-04,123,384,386
2010-03-04,124,381,383
2010-03-04,143,201,203
2010-03-04,144,140,142
2010-03-04,145,132,134
2010-03-04,151,131,133
2010-03-04,156,171,174
2010-03-04,157,,
2010-03-04,158,,
2010-03-04,159,140,142
2010-03-04,166,800,980
2010-03-04,168,810,980
2010-03-04,169,590,740
2010-03-04,170,590,740
2010-03-04,171,500,610
2010-03-04,172,450,590
2010-03-04,173,730,870
2010-03-04,179,312,313
2010-03-04,180,310,311
2010-03-04,184,177,179
2010-03-04,185,167,169
2010-03-04,186,138,140
2010-03-04,187,103,105
2010-03-04,188,123,125
2010-03-04,199,,
2010-03-04,223,149,150
2010-03-04,224,415,425
2010-03-04,225,405,415
2010-03-04,226,425,435
2010-03-04,227,310,320
2010-03-04,228,250,260
2010-03-04,231,,
2010-03-04,232,,
2010-03-04,242,163,167
2010-03-04,243,153,156
2010-03-04,244,139,142
2010-03-04,248,195,205
2010-03-04,249,192,200
2010-03-04,250,166,171
2010-03-04,251,187,197
2010-03-04,253,,
2010-03-04,254,425,433
2010-03-04,255,,
2010-03-04,256,,
2010-03-04,258,286,295
2010-03-04,259,266,275
2010-03-04,260,257,265
2010-03-04,261,,
2010-03-04,262,,
2010-03-04,263,136,138
2010-03-04,264,125,127
2010-03-04,265,342,353
2010-03-04,272,138,140
2010-03-04,277,318,338
2010-03-04,279,141,144
2010-03-04,280,151,153
2010-03-04,281,144,148
2010-03-04,282,138,142
2010-03-04,283,154,158
2010-03-04,284,149,153
2010-03-04,285,138,142
2010-03-04,286,,
2010-03-11,5,2300,2350
2010-03-11,10,900,950
2010-03-11,11,375,384
2010-03-11,12,1400,1450
2010-03-11,13,233,235
2010-03-11,14,365,375
2010-03-11,15,950,1000
2010-03-11,16,236,238
2010-03-11,17,337,347
2010-03-11,18,830,880
2010-03-11,20,950,1000
2010-03-11,21,,
2010-03-11,22,850,900
2010-03-11,24,276,282
2010-03-11,25,550,600
2010-03-11,28,,
2010-03-11,30,1300,1320
2010-03-11,33,1395,1400
2010-03-11,52,144,145
2010-03-11,58,,
2010-03-11,60,,
2010-03-11,61,,
2010-03-11,62,158,163
2010-03-11,63,220,230
2010-03-11,64,,
2010-03-11,65,180,210
2010-03-11,66,,
2010-03-11,68,115,130
2010-03-11,71,111,113
2010-03-11,74,87,90
2010-03-11,76,147,148
2010-03-11,77,134,136
2010-03-11,78,,
2010-03-11,79,133,135
2010-03-11,80,,
2010-03-11,83,,
2010-03-11,85,205,210
2010-03-11,86,205,210
2010-03-11,87,97,98
2010-03-11,88,175,190
2010-03-11,89,100,101
2010-03-11,90,,
2010-03-11,91,115,118
2010-03-11,93,100,102
2010-03-11,95,,
2010-03-11,96,135,136
2010-03-11,97,,
2010-03-11,98,138,139
2010-03-11,99,,
2010-03-11,100,146,151
2010-03-11,102,91,92
2010-03-11,103,150,153
2010-03-11,104,101,102
2010-03-11,106,103,105
2010-03-11,108,168,170
2010-03-11,109,318,322
2010-03-11,111,315,318
2010-03-11,112,,
2010-03-11,118,,
2010-03-11,119,328,329
2010-03-11,120,326,327
2010-03-11,121,316,318
2010-03-11,122,313,315
2010-03-11,123,376,378
2010-03-11,124,373,375
2010-03-11,143,200,202
2010-03-11,144,140,142
2010-03-11,145,132,134
2010-03-11,151,130,132
2010-03-11,156,171,174
2010-03-11,157,,
2010-03-11,158,,
2010-03-11,159,138,140
2010-03-11,166,800,980
2010-03-11,168,810,980
2010-03-11,169,590,740
2010-03-11,170,590,740
2010-03-11,171,500,610
2010-03-11,172,450,590
2010-03-11,173,730,870
2010-03-11,179,304,305
2010-03-11,180,302,303
2010-03-11,184,177,179
2010-03-11,185,167,169
2010-03-11,186,138,140
2010-03-11,187,103,105
2010-03-11,188,123,125
2010-03-11,199,,
2010-03-11,223,149,150
2010-03-11,224,415,425
2010-03-11,225,405,415
2010-03-11,226,425,435
2010-03-11,227,310,320
2010-03-11,228,250,260
2010-03-11,231,,
2010-03-11,232,,
2010-03-11,242,161,165
2010-03-11,243,152,155
2010-03-11,244,138,141
2010-03-11,248,195,205
2010-03-11,249,192,200
2010-03-11,250,166,171
2010-03-11,251,187,197
2010-03-11,253,,
2010-03-11,254,425,433
2010-03-11,255,,
2010-03-11,256,,
2010-03-11,258,286,295
2010-03-11,259,266,275
2010-03-11,260,257,265
2010-03-11,261,,
2010-03-11,262,,
2010-03-11,263,135,137
2010-03-11,264,124,126
2010-03-11,265,342,353
2010-03-11,272,137,139
2010-03-11,277,318,338
2010-03-11,279,140,143
2010-03-11,280,151,153
2010-03-11,281,144,148
2010-03-11,282,138,142
2010-03-11,283,154,158
2010-03-11,284,149,153
2010-03-11,285,138,142
2010-03-11,286,,
2010-03-18,5,2300,2350
2010-03-18,10,900,950
2010-03-18,11,375,384
2010-03-18,12,1400,1450
2010-03-18,13,233,235
2010-03-18,14,365,375
2010-03-18,15,950,1000
2010-03-18,16,236,238
2010-03-18,17,337,347
2010-03-18,18,830,880
2010-03-18,20,950,1000
2010-03-18,21,,
2010-03-18,22,850,900
2010-03-18,24,276,282
2010-03-18,25,550,600
2010-03-18,28,,
2010-03-18,30,1310,1330
2010-03-18,33,1405,1410
2010-03-18,52,144,145
2010-03-18,58,,
2010-03-18,60,,
2010-03-18,61,,
2010-03-18,62,158,163
2010-03-18,63,220,230
2010-03-18,64,,
2010-03-18,65,180,210
2010-03-18,66,,
2010-03-18,68,115,130
2010-03-18,71,111,113
2010-03-18,74,87,90
2010-03-18,76,147,148
2010-03-18,77,134,136
2010-03-18,78,,
2010-03-18,79,133,135
2010-03-18,80,,
2010-03-18,83,,
2010-03-18,85,205,210
2010-03-18,86,205,210
2010-03-18,87,101,102
2010-03-18,88,175,190
2010-03-18,89,104,105
2010-03-18,90,,
2010-03-18,91,117,120
2010-03-18,93,104,106
2010-03-18,95,,
2010-03-18,96,139,140
2010-03-18,97,,
2010-03-18,98,142,143
2010-03-18,99,,
2010-03-18,100,150,155
2010-03-18,102,95,96
2010-03-18,103,150,153
2010-03-18,104,105,106
2010-03-18,106,109,111
2010-03-18,108,168,170
2010-03-18,109,321,325
2010-03-18,111,318,321
2010-03-18,112,,
2010-03-18,118,,
2010-03-18,119,338,339
2010-03-18,120,336,337
2010-03-18,121,326,328
2010-03-18,122,323,325
2010-03-18,123,386,388
2010-03-18,124,383,385
2010-03-18,143,200,202
2010-03-18,144,140,142
2010-03-18,145,132,134
2010-03-18,151,130,132
2010-03-18,156,171,174
2010-03-18,157,,
2010-03-18,158,,
2010-03-18,159,138,140
2010-03-18,166,780,960
2010-03-18,168,810,980
2010-03-18,169,570,720
2010-03-18,170,570,720
2010-03-18,171,480,590
2010-03-18,172,420,560
2010-03-18,173,730,870
2010-03-18,179,314,315
2010-03-18,180,312,313
2010-03-18,184,177,179
2010-03-18,185,167,169
2010-03-18,186,138,140
2010-03-18,187,106,108
2010-03-18,188,123,125
2010-03-18,199,,
2010-03-18,223,149,150
2010-03-18,224,405,415
2010-03-18,225,395,405
2010-03-18,226,425,435
2010-03-18,227,300,310
2010-03-18,228,240,250
2010-03-18,231,,
2010-03-18,232,,
2010-03-18,242,161,165
2010-03-18,243,152,155
2010-03-18,244,138,141
2010-03-18,248,198,208
2010-03-18,249,195,203
2010-03-18,250,166,171
2010-03-18,251,190,200
2010-03-18,253,,
2010-03-18,254,425,433
2010-03-18,255,,
2010-03-18,256,,
2010-03-18,258,286,295
2010-03-18,259,266,275
2010-03-18,260,257,265
2010-03-18,261,,
2010-03-18,262,,
2010-03-18,263,135,137
2010-03-18,264,,
2010-03-18,265,342,353
2010-03-18,272,137,139
2010-03-18,277,318,338
2010-03-18,279,140,143
2010-03-18,280,151,153
2010-03-18,281,144,148
2010-03-18,282,138,142
2010-03-18,283,154,158
2010-03-18,284,149,153
2010-03-18,285,138,142
2010-03-18,286,,
2010-03-25,5,2300,2350
2010-03-25,10,900,950
2010-03-25,11,375,384
2010-03-25,12,1400,1450
2010-03-25,13,233,235
2010-03-25,14,365,375
2010-03-25,15,950,1000
2010-03-25,16,236,238
2010-03-25,17,337,347
2010-03-25,18,830,880
2010-03-25,20,950,1000
2010-03-25,21,,
2010-03-25,22,850,900
2010-03-25,24,276,282
2010-03-25,25,550,600
2010-03-25,28,,
2010-03-25,30,1360,1380
2010-03-25,33,1435,1440
2010-03-25,52,145.5,146.5
2010-03-25,58,,
2010-03-25,60,,
2010-03-25,61,,
2010-03-25,62,158,163
2010-03-25,63,220,230
2010-03-25,64,,
2010-03-25,65,180,210
2010-03-25,66,,
2010-03-25,68,115,130
2010-03-25,71,113,115
2010-03-25,74,91,94
2010-03-25,76,147,148
2010-03-25,77,134,136
2010-03-25,78,,
2010-03-25,79,131,133
2010-03-25,80,,
2010-03-25,83,,
2010-03-25,85,205,210
2010-03-25,86,205,210
2010-03-25,87,109,110
2010-03-25,88,175,190
2010-03-25,89,112,113
2010-03-25,90,,
2010-03-25,91,121,124
2010-03-25,93,114,116
2010-03-25,95,,
2010-03-25,96,147,148
2010-03-25,97,,
2010-03-25,98,150,151
2010-03-25,99,,
2010-03-25,100,154,159
2010-03-25,102,103,104
2010-03-25,103,150,153
2010-03-25,104,115,116
2010-03-25,106,117,119
2010-03-25,108,168,170
2010-03-25,109,326,330
2010-03-25,111,323,326
2010-03-25,112,,
2010-03-25,118,,
2010-03-25,119,341,342
2010-03-25,120,339,340
2010-03-25,121,331,333
2010-03-25,122,328,330
2010-03-25,123,386,388
2010-03-25,124,383,385
2010-03-25,143,201,203
2010-03-25,144,138,140
2010-03-25,145,130,132
2010-03-25,151,130,132
2010-03-25,156,169,172
2010-03-25,157,,
2010-03-25,158,,
2010-03-25,159,138,140
2010-03-25,166,780,960
2010-03-25,168,810,980
2010-03-25,169,550,700
2010-03-25,170,550,700
2010-03-25,171,460,570
2010-03-25,172,400,540
2010-03-25,173,730,870
2010-03-25,179,321,322
2010-03-25,180,319,320
2010-03-25,184,177,179
2010-03-25,185,167,169
2010-03-25,186,138,140
2010-03-25,187,106,108
2010-03-25,188,123,125
2010-03-25,199,,
2010-03-25,223,149,150
2010-03-25,224,405,415
2010-03-25,225,395,405
2010-03-25,226,425,435
2010-03-25,227,290,300
2010-03-25,228,230,240
2010-03-25,231,,
2010-03-25,232,,
2010-03-25,242,161,165
2010-03-25,243,152,155
2010-03-25,244,138,141
2010-03-25,248,198,208
2010-03-25,249,195,203
2010-03-25,250,166,171
2010-03-25,251,190,200
2010-03-25,253,,
2010-03-25,254,425,433
2010-03-25,255,,
2010-03-25,256,,
2010-03-25,258,286,295
2010-03-25,259,266,275
2010-03-25,260,257,265
2010-03-25,261,,
2010-03-25,262,,
2010-03-25,263,135,137
2010-03-25,264,,
2010-03-25,265,342,353
2010-03-25,272,137,139
2010-03-25,277,318,338
2010-03-25,279,140,143
2010-03-25,280,151,153
2010-03-25,281,144,148
2010-03-25,282,138,142
2010-03-25,283,154,158
2010-03-25,284,149,153
2010-03-25,285,138,142
2010-03-25,286,,
2010-04-01,5,2300,2350
2010-04-01,10,900,950
2010-04-01,11,375,384
2010-04-01,12,1400,1450
2010-04-01,13,233,235
2010-04-01,14,365,375
2010-04-01,15,950,1000
2010-04-01,16,236,238
2010-04-01,17,337,347
2010-04-01,18,830,880
2010-04-01,20,950,1000
2010-04-01,21,,
2010-04-01,22,850,900
2010-04-01,24,276,282
2010-04-01,25,550,600
2010-04-01,28,,
2010-04-01,30,1390,1410
2010-04-01,33,1465,1470
2010-04-01,52,148.5,149.5
2010-04-01,58,,
2010-04-01,60,,
2010-04-01,61,,
2010-04-01,62,158,163
2010-04-01,63,220,230
2010-04-01,64,,
2010-04-01,65,180,210
2010-04-01,66,,
2010-04-01,68,115,130
2010-04-01,71,113,115
2010-04-01,74,91,94
2010-04-01,76,147,148
2010-04-01,77,134,136
2010-04-01,78,,
2010-04-01,79,134,136
2010-04-01,80,,
2010-04-01,83,,
2010-04-01,85,205,210
2010-04-01,86,205,210
2010-04-01,87,116,117
2010-04-01,88,175,190
2010-04-01,89,119,120
2010-04-01,90,,
2010-04-01,91,126,129
2010-04-01,93,119,121
2010-04-01,95,,
2010-04-01,96,154,155
2010-04-01,97,,
2010-04-01,98,157,158
2010-04-01,99,,
2010-04-01,100,159,164
2010-04-01,102,110,111
2010-04-01,103,150,153
2010-04-01,104,120,121
2010-04-01,106,123,125
2010-04-01,108,168,170
2010-04-01,109,326,330
2010-04-01,111,323,326
2010-04-01,112,,
2010-04-01,118,,
2010-04-01,119,341,342
2010-04-01,120,339,340
2010-04-01,121,336,338
2010-04-01,122,333,335
2010-04-01,123,381,383
2010-04-01,124,378,380
2010-04-01,143,204,206
2010-04-01,144,136,138
2010-04-01,145,128,130
2010-04-01,151,130,132
2010-04-01,156,169,172
2010-04-01,157,,
2010-04-01,158,,
2010-04-01,159,138,140
2010-04-01,166,780,960
2010-04-01,168,810,980
2010-04-01,169,550,700
2010-04-01,170,550,700
2010-04-01,171,460,570
2010-04-01,172,400,540
2010-04-01,173,730,870
2010-04-01,179,326,327
2010-04-01,180,324,325
2010-04-01,184,177,179
2010-04-01,185,167,169
2010-04-01,186,138,140
2010-04-01,187,106,108
2010-04-01,188,123,125
2010-04-01,199,,
2010-04-01,223,149,150
2010-04-01,224,405,415
2010-04-01,225,395,405
2010-04-01,226,425,435
2010-04-01,227,290,300
2010-04-01,228,230,240
2010-04-01,231,,
2010-04-01,232,,
2010-04-01,242,161,165
2010-04-01,243,152,155
2010-04-01,244,138,141
2010-04-01,248,198,208
2010-04-01,249,195,203
2010-04-01,250,166,171
2010-04-01,251,191,201
2010-04-01,253,,
2010-04-01,254,425,433
2010-04-01,255,,
2010-04-01,256,,
2010-04-01,258,286,295
2010-04-01,259,266,275
2010-04-01,260,257,265
2010-04-01,261,,
2010-04-01,262,,
2010-04-01,263,135,137
2010-04-01,264,,
2010-04-01,265,342,353
2010-04-01,272,137,139
2010-04-01,277,313,333
2010-04-01,279,140,143
2010-04-01,280,151,153
2010-04-01,281,144,148
2010-04-01,282,138,142
2010-04-01,283,154,158
2010-04-01,284,149,153
2010-04-01,285,138,142
2010-04-01,286,,
2010-04-08,5,,
2010-04-08,10,900,950
2010-04-08,11,375,384
2010-04-08,12,1400,1450
2010-04-08,13,233,235
2010-04-08,14,365,375
2010-04-08,15,950,1000
2010-04-08,16,236,238
2010-04-08,17,337,347
2010-04-08,18,830,880
2010-04-08,20,950,1000
2010-04-08,21,,
2010-04-08,22,850,900
2010-04-08,24,276,282
2010-04-08,25,550,600
2010-04-08,28,,
2010-04-08,30,1440,1460
2010-04-08,33,1515,1520
2010-04-08,52,150,151
2010-04-08,58,,
2010-04-08,60,,
2010-04-08,61,,
2010-04-08,62,158,163
2010-04-08,63,220,230
2010-04-08,64,,
2010-04-08,65,180,210
2010-04-08,66,,
2010-04-08,68,115,130
2010-04-08,71,113,115
2010-04-08,74,91,94
2010-04-08,76,146,147
2010-04-08,77,136,138
2010-04-08,78,,
2010-04-08,79,135,137
2010-04-08,80,,
2010-04-08,83,,
2010-04-08,85,205,210
2010-04-08,86,205,210
2010-04-08,87,116,117
2010-04-08,88,175,190
2010-04-08,89,119,120
2010-04-08,90,,
2010-04-08,91,126,129
2010-04-08,93,119,121
2010-04-08,95,,
2010-04-08,96,154,155
2010-04-08,97,,
2010-04-08,98,157,158
2010-04-08,99,,
2010-04-08,100,159,164
2010-04-08,102,110,111
2010-04-08,103,150,153
2010-04-08,104,120,121
2010-04-08,106,123,125
2010-04-08,108,168,170
2010-04-08,109,326,330
2010-04-08,111,323,326
2010-04-08,112,,
2010-04-08,118,,
2010-04-08,119,341,342
2010-04-08,120,339,340
2010-04-08,121,333,335
2010-04-08,122,330,332
2010-04-08,123,374,376
2010-04-08,124,371,373
2010-04-08,143,205,207
2010-04-08,144,134,136
2010-04-08,145,126,128
2010-04-08,151,130,132
2010-04-08,156,167,170
2010-04-08,157,,
2010-04-08,158,,
2010-04-08,159,138,140
2010-04-08,166,780,960
2010-04-08,168,810,980
2010-04-08,169,550,700
2010-04-08,170,550,700
2010-04-08,171,460,570
2010-04-08,172,400,540
2010-04-08,173,730,870
2010-04-08,179,323,324
2010-04-08,180,321,322
2010-04-08,184,177,179
2010-04-08,185,167,169
2010-04-08,186,138,140
2010-04-08,187,106,108
2010-04-08,188,123,125
2010-04-08,199,,
2010-04-08,223,149,150
2010-04-08,224,405,415
2010-04-08,225,395,405
2010-04-08,226,425,435
2010-04-08,227,290,300
2010-04-08,228,230,240
2010-04-08,231,,
2010-04-08,232,,
2010-04-08,242,161,165
2010-04-08,243,152,155
2010-04-08,244,139,142
2010-04-08,248,198,208
2010-04-08,249,195,203
2010-04-08,250,166,171
2010-04-08,251,191,201
2010-04-08,253,,
2010-04-08,254,425,433
2010-04-08,255,,
2010-04-08,256,,
2010-04-08,258,286,295
2010-04-08,259,266,275
2010-04-08,260,257,265
2010-04-08,261,,
2010-04-08,262,,
2010-04-08,263,135,137
2010-04-08,264,,
2010-04-08,265,342,353
2010-04-08,272,138,140
2010-04-08,277,313,333
2010-04-08,279,140,143
2010-04-08,280,151,153
2010-04-08,281,144,148
2010-04-08,282,138,142
2010-04-08,283,154,158
2010-04-08,284,149,153
2010-04-08,285,138,142
2010-04-08,286,,
2010-04-15,5,,
2010-04-15,10,900,950
2010-04-15,11,375,384
2010-04-15,12,1450,1500
2010-04-15,13,233,235
2010-04-15,14,365,375
2010-04-15,15,950,1000
2010-04-15,16,236,238
2010-04-15,17,337,347
2010-04-15,18,850,900
2010-04-15,20,1000,1050
2010-04-15,21,,
2010-04-15,22,850,900
2010-04-15,24,276,282
2010-04-15,25,550,600
2010-04-15,28,,
2010-04-15,30,1440,1460
2010-04-15,33,1545,1550
2010-04-15,52,152,153
2010-04-15,58,,
2010-04-15,60,,
2010-04-15,61,,
2010-04-15,62,,
2010-04-15,63,220,230
2010-04-15,64,,
2010-04-15,65,180,210
2010-04-15,66,,
2010-04-15,68,115,130
2010-04-15,71,113,115
2010-04-15,74,91,94
2010-04-15,76,146,147
2010-04-15,77,140,142
2010-04-15,78,,
2010-04-15,79,137.5,139.5
2010-04-15,80,,
2010-04-15,83,,
2010-04-15,85,205,210
2010-04-15,86,205,210
2010-04-15,87,104,105
2010-04-15,88,175,190
2010-04-15,89,107,108
2010-04-15,90,,
2010-04-15,91,121,124
2010-04-15,93,107,109
2010-04-15,95,,
2010-04-15,96,142,143
2010-04-15,97,,
2010-04-15,98,145,146
2010-04-15,99,,
2010-04-15,100,154,159
2010-04-15,102,98,99
2010-04-15,103,150,153
2010-04-15,104,108,109
2010-04-15,106,118,120
2010-04-15,108,167,169
2010-04-15,109,329,333
2010-04-15,111,326,329
2010-04-15,112,,
2010-04-15,118,,
2010-04-15,119,336,337
2010-04-15,120,334,335
2010-04-15,121,330,332
2010-04-15,122,327,329
2010-04-15,123,364,366
2010-04-15,124,361,363
2010-04-15,143,207,209
2010-04-15,144,133,135
2010-04-15,145,125,127
2010-04-15,151,133,135
2010-04-15,156,167,170
2010-04-15,157,,
2010-04-15,158,,
2010-04-15,159,141,143
2010-04-15,166,800,980
2010-04-15,168,810,980
2010-04-15,169,530,680
2010-04-15,170,530,680
2010-04-15,171,440,550
2010-04-15,172,380,520
2010-04-15,173,710,850
2010-04-15,179,320,321
2010-04-15,180,318,319
2010-04-15,184,177,179
2010-04-15,185,167,169
2010-04-15,186,138,140
2010-04-15,187,106,108
2010-04-15,188,123,125
2010-04-15,199,,
2010-04-15,223,149,150
2010-04-15,224,415,425
2010-04-15,225,395,405
2010-04-15,226,425,435
2010-04-15,227,280,290
2010-04-15,228,220,230
2010-04-15,231,,
2010-04-15,232,,
2010-04-15,242,161,165
2010-04-15,243,154,157
2010-04-15,244,141,144
2010-04-15,248,200,210
2010-04-15,249,195,203
2010-04-15,250,167,172
2010-04-15,251,193,203
2010-04-15,253,,
2010-04-15,254,430,438
2010-04-15,255,,
2010-04-15,256,,
2010-04-15,258,286,295
2010-04-15,259,266,275
2010-04-15,260,257,265
2010-04-15,261,,
2010-04-15,262,,
2010-04-15,263,138,140
2010-04-15,264,,
2010-04-15,265,342,353
2010-04-15,272,140,142
2010-04-15,277,308,328
2010-04-15,279,142,145
2010-04-15,280,151,153
2010-04-15,281,144,148
2010-04-15,282,141,145
2010-04-15,283,154,158
2010-04-15,284,149,153
2010-04-15,285,143,147
2010-04-15,286,,
2010-04-22,5,,
2010-04-22,10,900,950
2010-04-22,11,375,384
2010-04-22,12,1450,1500
2010-04-22,13,233,235
2010-04-22,14,365,375
2010-04-22,15,950,1000
2010-04-22,16,236,238
2010-04-22,17,337,347
2010-04-22,18,850,900
2010-04-22,20,1000,1050
2010-04-22,21,,
2010-04-22,22,850,900
2010-04-22,24,276,282
2010-04-22,25,550,600
2010-04-22,28,,
2010-04-22,30,1460,1480
2010-04-22,33,1595,1600
2010-04-22,52,155,156
2010-04-22,58,,
2010-04-22,60,,
2010-04-22,61,,
2010-04-22,62,,
2010-04-22,63,220,230
2010-04-22,64,,
2010-04-22,65,180,210
2010-04-22,66,,
2010-04-22,68,115,130
2010-04-22,71,113,115
2010-04-22,74,91,94
2010-04-22,76,149,150
2010-04-22,77,143,145
2010-04-22,78,,
2010-04-22,79,139.5,141.5
2010-04-22,80,,
2010-04-22,83,,
2010-04-22,85,205,210
2010-04-22,86,205,210
2010-04-22,87,93,94
2010-04-22,88,175,190
2010-04-22,89,96,97
2010-04-22,90,,
2010-04-22,91,116,119
2010-04-22,93,93,95
2010-04-22,95,,
2010-04-22,96,131,132
2010-04-22,97,,
2010-04-22,98,134,135
2010-04-22,99,,
2010-04-22,100,149,154
2010-04-22,102,90,91
2010-04-22,103,150,153
2010-04-22,104,94,95
2010-04-22,106,106,108
2010-04-22,108,166,168
2010-04-22,109,336,340
2010-04-22,111,333,336
2010-04-22,112,,
2010-04-22,118,,
2010-04-22,119,341,342
2010-04-22,120,339,340
2010-04-22,121,333,335
2010-04-22,122,330,332
2010-04-22,123,364,366
2010-04-22,124,361,363
2010-04-22,143,210,212
2010-04-22,144,133,135
2010-04-22,145,125,127
2010-04-22,151,136,138
2010-04-22,156,168,171
2010-04-22,157,,
2010-04-22,158,,
2010-04-22,159,144,146
2010-04-22,166,830,1010
2010-04-22,168,830,1000
2010-04-22,169,510,660
2010-04-22,170,510,660
2010-04-22,171,440,550
2010-04-22,172,380,520
2010-04-22,173,700,840
2010-04-22,179,326,327
2010-04-22,180,324,325
2010-04-22,184,177,179
2010-04-22,185,167,169
2010-04-22,186,138,140
2010-04-22,187,106,108
2010-04-22,188,123,125
2010-04-22,199,,
2010-04-22,223,149,150
2010-04-22,224,430,440
2010-04-22,225,405,415
2010-04-22,226,435,445
2010-04-22,227,265,275
2010-04-22,228,220,230
2010-04-22,231,,
2010-04-22,232,,
2010-04-22,242,161,165
2010-04-22,243,156,159
2010-04-22,244,144,147
2010-04-22,248,205,215
2010-04-22,249,200,208
2010-04-22,250,170,175
2010-04-22,251,195,205
2010-04-22,253,,
2010-04-22,254,436,444
2010-04-22,255,,
2010-04-22,256,,
2010-04-22,258,286,295
2010-04-22,259,266,275
2010-04-22,260,257,265
2010-04-22,261,,
2010-04-22,262,,
2010-04-22,263,141,143
2010-04-22,264,,
2010-04-22,265,342,353
2010-04-22,272,143,145
2010-04-22,277,300,320
2010-04-22,279,145,148
2010-04-22,280,151,153
2010-04-22,281,144,148
2010-04-22,282,142,146
2010-04-22,283,156,160
2010-04-22,284,151,155
2010-04-22,285,146,150
2010-04-22,286,,
2010-04-29,5,,
2010-04-29,10,900,950
2010-04-29,11,375,384
2010-04-29,12,1450,1500
2010-04-29,13,233,235
2010-04-29,14,365,375
2010-04-29,15,950,1000
2010-04-29,16,236,238
2010-04-29,17,337,347
2010-04-29,18,850,900
2010-04-29,20,1000,1050
2010-04-29,21,,
2010-04-29,22,850,900
2010-04-29,24,276,282
2010-04-29,25,550,600
2010-04-29,28,,
2010-04-29,30,1470,1490
2010-04-29,33,1615,1620
2010-04-29,52,155,156
2010-04-29,58,,
2010-04-29,60,,
2010-04-29,61,,
2010-04-29,62,,
2010-04-29,63,220,230
2010-04-29,64,,
2010-04-29,65,180,210
2010-04-29,66,,
2010-04-29,68,115,130
2010-04-29,71,113,115
2010-04-29,74,91,94
2010-04-29,76,159,160
2010-04-29,77,143,145
2010-04-29,78,,
2010-04-29,79,139.5,141.5
2010-04-29,80,,
2010-04-29,83,,
2010-04-29,85,,
2010-04-29,86,,
2010-04-29,87,93,94
2010-04-29,88,,
2010-04-29,89,96,97
2010-04-29,90,,
2010-04-29,91,116,119
2010-04-29,93,96,98
2010-04-29,95,,
2010-04-29,96,131,132
2010-04-29,97,,
2010-04-29,98,134,135
2010-04-29,99,,
2010-04-29,100,149,154
2010-04-29,102,90,91
2010-04-29,103,150,153
2010-04-29,104,97,98
2010-04-29,106,108,110
2010-04-29,108,165,167
2010-04-29,109,338,342
2010-04-29,111,335,338
2010-04-29,112,,
2010-04-29,118,,
2010-04-29,119,336,337
2010-04-29,120,334,335
2010-04-29,121,328,330
2010-04-29,122,325,327
2010-04-29,123,357,359
2010-04-29,124,354,356
2010-04-29,143,210,212
2010-04-29,144,133,135
2010-04-29,145,125,127
2010-04-29,151,138,140
2010-04-29,156,168,171
2010-04-29,157,,
2010-04-29,158,,
2010-04-29,159,146,148
2010-04-29,166,870,1050
2010-04-29,168,860,1030
2010-04-29,169,490,640
2010-04-29,170,490,640
2010-04-29,171,440,550
2010-04-29,172,380,520
2010-04-29,173,700,840
2010-04-29,179,321,322
2010-04-29,180,319,320
2010-04-29,184,172,174
2010-04-29,185,162,164
2010-04-29,186,133,135
2010-04-29,187,106,108
2010-04-29,188,123,125
2010-04-29,199,,
2010-04-29,223,149,150
2010-04-29,224,450,460
2010-04-29,225,425,435
2010-04-29,226,450,460
2010-04-29,227,255,265
2010-04-29,228,220,230
2010-04-29,231,,
2010-04-29,232,,
2010-04-29,242,161,165
2010-04-29,243,156,159
2010-04-29,244,146,149
2010-04-29,248,209,219
2010-04-29,249,200,208
2010-04-29,250,170,175
2010-04-29,251,195,205
2010-04-29,253,,
2010-04-29,254,444,452
2010-04-29,255,,
2010-04-29,256,,
2010-04-29,258,286,295
2010-04-29,259,266,275
2010-04-29,260,257,265
2010-04-29,261,,
2010-04-29,262,,
2010-04-29,263,143,145
2010-04-29,264,,
2010-04-29,265,342,353
2010-04-29,272,145,147
2010-04-29,277,280,300
2010-04-29,279,147,150
2010-04-29,280,152,154
2010-04-29,281,146,150
2010-04-29,282,144,148
2010-04-29,283,156,160
2010-04-29,284,151,155
2010-04-29,285,146,150
2010-04-29,286,,
2010-05-06,5,,
2010-05-06,10,900,950
2010-05-06,11,375,384
2010-05-06,12,1450,1500
2010-05-06,13,233,235
2010-05-06,14,365,375
2010-05-06,15,950,1000
2010-05-06,16,236,238
2010-05-06,17,337,347
2010-05-06,18,850,900
2010-05-06,20,1000,1050
2010-05-06,21,,
2010-05-06,22,850,900
2010-05-06,24,276,282
2010-05-06,25,550,600
2010-05-06,28,,
2010-05-06,30,1500,1520
2010-05-06,33,1625,1630
2010-05-06,52,153,154
2010-05-06,58,,
2010-05-06,60,,
2010-05-06,61,,
2010-05-06,62,,
2010-05-06,63,220,230
2010-05-06,64,,
2010-05-06,65,180,210
2010-05-06,66,,
2010-05-06,68,115,130
2010-05-06,71,113,115
2010-05-06,74,91,94
2010-05-06,76,166,167
2010-05-06,77,143,145
2010-05-06,78,,
2010-05-06,79,139.5,141.5
2010-05-06,80,,
2010-05-06,83,,
2010-05-06,85,,
2010-05-06,86,,
2010-05-06,87,96,97
2010-05-06,88,,
2010-05-06,89,99,100
2010-05-06,90,,
2010-05-06,91,119,122
2010-05-06,93,96,98
2010-05-06,95,,
2010-05-06,96,134,135
2010-05-06,97,,
2010-05-06,98,137,138
2010-05-06,99,,
2010-05-06,100,152,157
2010-05-06,102,93,94
2010-05-06,103,150,153
2010-05-06,104,97,98
2010-05-06,106,108,110
2010-05-06,108,162.5,164.5
2010-05-06,109,346,350
2010-05-06,111,345,348
2010-05-06,112,,
2010-05-06,118,,
2010-05-06,119,341,342
2010-05-06,120,339,340
2010-05-06,121,338,340
2010-05-06,122,335,337
2010-05-06,123,361,363
2010-05-06,124,358,360
2010-05-06,143,208,210
2010-05-06,144,133,135
2010-05-06,145,127,129
2010-05-06,151,138,140
2010-05-06,156,168,171
2010-05-06,157,,
2010-05-06,158,,
2010-05-06,159,146,148
2010-05-06,166,870,1050
2010-05-06,168,860,1030
2010-05-06,169,490,640
2010-05-06,170,490,640
2010-05-06,171,440,550
2010-05-06,172,380,520
2010-05-06,173,700,840
2010-05-06,179,331,332
2010-05-06,180,329,330
2010-05-06,184,170,172
2010-05-06,185,160,162
2010-05-06,186,131,133
2010-05-06,187,106,108
2010-05-06,188,123,125
2010-05-06,199,,
2010-05-06,223,149,150
2010-05-06,224,450,460
2010-05-06,225,425,435
2010-05-06,226,450,460
2010-05-06,227,255,265
2010-05-06,228,220,230
2010-05-06,231,,
2010-05-06,232,,
2010-05-06,242,161,165
2010-05-06,243,156,159
2010-05-06,244,146,149
2010-05-06,248,211,221
2010-05-06,249,208,216
2010-05-06,250,172,177
2010-05-06,251,195,205
2010-05-06,253,,
2010-05-06,254,447,455
2010-05-06,255,,
2010-05-06,256,,
2010-05-06,258,286,295
2010-05-06,259,266,275
2010-05-06,260,257,265
2010-05-06,261,,
2010-05-06,262,,
2010-05-06,263,143,145
2010-05-06,264,,
2010-05-06,265,342,353
2010-05-06,272,145,147
2010-05-06,277,280,300
2010-05-06,279,147,150
2010-05-06,280,152,154
2010-05-06,281,146,150
2010-05-06,282,144,148
2010-05-06,283,156,160
2010-05-06,284,151,155
2010-05-06,285,146,150
2010-05-06,286,,
2010-05-13,5,,
2010-05-13,10,900,950
2010-05-13,11,375,384
2010-05-13,12,1450,1500
2010-05-13,13,235,237
2010-05-13,14,365,375
2010-05-13,15,950,1000
2010-05-13,16,238,240
2010-05-13,17,337,347
2010-05-13,18,850,900
2010-05-13,20,1000,1050
2010-05-13,21,,
2010-05-13,22,850,900
2010-05-13,24,276,282
2010-05-13,25,550,600
2010-05-13,28,,
2010-05-13,30,1510,1530
2010-05-13,33,1645,1650
2010-05-13,52,153,154
2010-05-13,58,,
2010-05-13,60,,
2010-05-13,61,,
2010-05-13,62,,
2010-05-13,63,220,230
2010-05-13,64,,
2010-05-13,65,180,210
2010-05-13,66,,
2010-05-13,68,115,130
2010-05-13,71,113,115
2010-05-13,74,91,94
2010-05-13,76,166,167
2010-05-13,77,143,145
2010-05-13,78,,
2010-05-13,79,139.5,141.5
2010-05-13,80,,
2010-05-13,83,,
2010-05-13,85,,
2010-05-13,86,,
2010-05-13,87,99,100
2010-05-13,88,,
2010-05-13,89,102,103
2010-05-13,90,,
2010-05-13,91,119,122
2010-05-13,93,96,98
2010-05-13,95,,
2010-05-13,96,137,138
2010-05-13,97,,
2010-05-13,98,140,141
2010-05-13,99,,
2010-05-13,100,152,157
2010-05-13,102,96,97
2010-05-13,103,150,153
2010-05-13,104,97,98
2010-05-13,106,108,110
2010-05-13,108,162.5,164.5
2010-05-13,109,353,357
2010-05-13,111,352,355
2010-05-13,112,,
2010-05-13,118,,
2010-05-13,119,344,345
2010-05-13,120,342,343
2010-05-13,121,338,340
2010-05-13,122,335,337
2010-05-13,123,361,363
2010-05-13,124,358,360
2010-05-13,143,208,210
2010-05-13,144,133,135
2010-05-13,145,127,129
2010-05-13,151,138,140
2010-05-13,156,168,171
2010-05-13,157,,
2010-05-13,158,,
2010-05-13,159,148,150
2010-05-13,166,890,1070
2010-05-13,168,880,1050
2010-05-13,169,490,640
2010-05-13,170,490,640
2010-05-13,171,440,550
2010-05-13,172,380,520
2010-05-13,173,700,840
2010-05-13,179,331,332
2010-05-13,180,329,330
2010-05-13,184,170,172
2010-05-13,185,160,162
2010-05-13,186,131,133
2010-05-13,187,106,108
2010-05-13,188,123,125
2010-05-13,199,,
2010-05-13,223,149,150
2010-05-13,224,460,470
2010-05-13,225,425,435
2010-05-13,226,460,470
2010-05-13,227,255,265
2010-05-13,228,220,230
2010-05-13,231,,
2010-05-13,232,,
2010-05-13,242,161,165
2010-05-13,243,156,159
2010-05-13,244,146,149
2010-05-13,248,211,221
2010-05-13,249,208,216
2010-05-13,250,172,177
2010-05-13,251,195,205
2010-05-13,253,,
2010-05-13,254,449,457
2010-05-13,255,,
2010-05-13,256,,
2010-05-13,258,286,295
2010-05-13,259,266,275
2010-05-13,260,257,265
2010-05-13,261,,
2010-05-13,262,,
2010-05-13,263,143,145
2010-05-13,264,,
2010-05-13,265,342,353
2010-05-13,272,145,147
2010-05-13,277,280,300
2010-05-13,279,147,150
2010-05-13,280,152,154
2010-05-13,281,146,150
2010-05-13,282,144,148
2010-05-13,283,156,160
2010-05-13,284,151,155
2010-05-13,285,146,150
2010-05-13,286,,
2010-05-20,5,,
2010-05-20,10,900,950
2010-05-20,11,375,384
2010-05-20,12,1450,1500
2010-05-20,13,236,238
2010-05-20,14,365,375
2010-05-20,15,950,1000
2010-05-20,16,239,241
2010-05-20,17,337,347
2010-05-20,18,850,900
2010-05-20,20,1000,1050
2010-05-20,21,,
2010-05-20,22,850,900
2010-05-20,24,276,282
2010-05-20,25,550,600
2010-05-20,28,,
2010-05-20,30,1520,1540
2010-05-20,33,1685,1690
2010-05-20,52,155,156
2010-05-20,58,,
2010-05-20,60,,
2010-05-20,61,,
2010-05-20,62,,
2010-05-20,63,220,230
2010-05-20,64,,
2010-05-20,65,180,210
2010-05-20,66,,
2010-05-20,68,115,130
2010-05-20,71,113,115
2010-05-20,74,91,94
2010-05-20,76,191,192
2010-05-20,77,143,145
2010-05-20,78,,
2010-05-20,79,141.5,143.5
2010-05-20,80,,
2010-05-20,83,,
2010-05-20,85,,
2010-05-20,86,,
2010-05-20,87,101,102
2010-05-20,88,170,180
2010-05-20,89,104,105
2010-05-20,90,,
2010-05-20,91,121,124
2010-05-20,93,96,98
2010-05-20,95,,
2010-05-20,96,139,140
2010-05-20,97,,
2010-05-20,98,142,143
2010-05-20,99,,
2010-05-20,100,154,159
2010-05-20,102,96,97
2010-05-20,103,150,153
2010-05-20,104,97,98
2010-05-20,106,108,110
2010-05-20,108,161,163
2010-05-20,109,356,360
2010-05-20,111,355,358
2010-05-20,112,,
2010-05-20,118,,
2010-05-20,119,354,355
2010-05-20,120,352,353
2010-05-20,121,346,348
2010-05-20,122,343,345
2010-05-20,123,373,375
2010-05-20,124,370,372
2010-05-20,143,210,212
2010-05-20,144,133,135
2010-05-20,145,127,129
2010-05-20,151,138,140
2010-05-20,156,168,171
2010-05-20,157,,
2010-05-20,158,,
2010-05-20,159,150,152
2010-05-20,166,910,1090
2010-05-20,168,880,1050
2010-05-20,169,490,640
2010-05-20,170,490,640
2010-05-20,171,440,550
2010-05-20,172,380,520
2010-05-20,173,700,840
2010-05-20,179,338,339
2010-05-20,180,336,337
2010-05-20,184,170,172
2010-05-20,185,160,162
2010-05-20,186,131,133
2010-05-20,187,106,108
2010-05-20,188,123,125
2010-05-20,199,,
2010-05-20,223,149,150
2010-05-20,224,470,480
2010-05-20,225,440,450
2010-05-20,226,460,470
2010-05-20,227,255,265
2010-05-20,228,220,230
2010-05-20,231,,
2010-05-20,232,,
2010-05-20,242,164,168
2010-05-20,243,159,162
2010-05-20,244,149,152
2010-05-20,248,211,221
2010-05-20,249,208,216
2010-05-20,250,172,177
2010-05-20,251,195,205
2010-05-20,253,,
2010-05-20,254,452,460
2010-05-20,255,,
2010-05-20,256,,
2010-05-20,258,286,295
2010-05-20,259,266,275
2010-05-20,260,257,265
2010-05-20,261,,
2010-05-20,262,,
2010-05-20,263,143,145
2010-05-20,264,,
2010-05-20,265,342,353
2010-05-20,272,148,150
2010-05-20,277,280,300
2010-05-20,279,149,152
2010-05-20,280,154,156
2010-05-20,281,148,152
2010-05-20,282,146,150
2010-05-20,283,158,162
2010-05-20,284,153,157
2010-05-20,285,148,152
2010-05-20,286,,
2010-05-27,5,,
2010-05-27,10,900,950
2010-05-27,11,375,384
2010-05-27,12,1450,1500
2010-05-27,13,239,241
2010-05-27,14,365,375
2010-05-27,15,950,1000
2010-05-27,16,242,244
2010-05-27,17,337,347
2010-05-27,18,850,900
2010-05-27,20,1000,1050
2010-05-27,21,,
2010-05-27,22,850,900
2010-05-27,24,276,282
2010-05-27,25,550,600
2010-05-27,28,,
2010-05-27,30,1530,1550
2010-05-27,33,1695,1700
2010-05-27,52,157,158
2010-05-27,58,,
2010-05-27,60,,
2010-05-27,61,,
2010-05-27,62,,
2010-05-27,63,220,230
2010-05-27,64,,
2010-05-27,65,180,210
2010-05-27,66,,
2010-05-27,68,115,130
2010-05-27,71,113,115
2010-05-27,74,91,94
2010-05-27,76,194,195
2010-05-27,77,145,147
2010-05-27,78,,
2010-05-27,79,143.5,145.5
2010-05-27,80,,
2010-05-27,83,,
2010-05-27,85,,
2010-05-27,86,,
2010-05-27,87,102,103
2010-05-27,88,170,180
2010-05-27,89,105,106
2010-05-27,90,,
2010-05-27,91,123,126
2010-05-27,93,96,98
2010-05-27,95,,
2010-05-27,96,140,141
2010-05-27,97,,
2010-05-27,98,143,144
2010-05-27,99,,
2010-05-27,100,156,161
2010-05-27,102,96,97
2010-05-27,103,150,153
2010-05-27,104,97,98
2010-05-27,106,108,110
2010-05-27,108,160,162
2010-05-27,109,356,360
2010-05-27,111,355,358
2010-05-27,112,,
2010-05-27,118,,
2010-05-27,119,354,355
2010-05-27,120,352,353
2010-05-27,121,346,348
2010-05-27,122,343,345
2010-05-27,123,373,375
2010-05-27,124,370,372
2010-05-27,143,212,214
2010-05-27,144,133,135
2010-05-27,145,127,129
2010-05-27,151,140,142
2010-05-27,156,171,174
2010-05-27,157,,
2010-05-27,158,,
2010-05-27,159,152,154
2010-05-27,166,910,1090
2010-05-27,168,900,1070
2010-05-27,169,490,640
2010-05-27,170,490,640
2010-05-27,171,420,530
2010-05-27,172,380,520
2010-05-27,173,700,840
2010-05-27,179,338,339
2010-05-27,180,336,337
2010-05-27,184,170,172
2010-05-27,185,160,162
2010-05-27,186,131,133
2010-05-27,187,106,108
2010-05-27,188,123,125
2010-05-27,199,,
2010-05-27,223,149,150
2010-05-27,224,470,480
2010-05-27,225,470,480
2010-05-27,226,470,480
2010-05-27,227,250,260
2010-05-27,228,210,220
2010-05-27,231,,
2010-05-27,232,,
2010-05-27,242,166,170
2010-05-27,243,162,165
2010-05-27,244,152,155
2010-05-27,248,217,227
2010-05-27,249,215,223
2010-05-27,250,176,181
2010-05-27,251,200,210
2010-05-27,253,,
2010-05-27,254,462,470
2010-05-27,255,,
2010-05-27,256,,
2010-05-27,258,286,295
2010-05-27,259,266,275
2010-05-27,260,257,265
2010-05-27,261,,
2010-05-27,262,,
2010-05-27,263,145,147
2010-05-27,264,,
2010-05-27,265,342,353
2010-05-27,272,151,153
2010-05-27,277,280,300
2010-05-27,279,151,154
2010-05-27,280,158,160
2010-05-27,281,152,156
2010-05-27,282,150,154
2010-05-27,283,162,166
2010-05-27,284,157,161
2010-05-27,285,152,156
2010-05-27,286,,
2010-06-03,5,,
2010-06-03,10,900,950
2010-06-03,11,375,384
2010-06-03,12,1450,1500
2010-06-03,13,239,241
2010-06-03,14,365,375
2010-06-03,15,950,1000
2010-06-03,16,242,244
2010-06-03,17,337,347
2010-06-03,18,850,900
2010-06-03,20,1000,1050
2010-06-03,21,,
2010-06-03,22,850,900
2010-06-03,24,276,282
2010-06-03,25,550,600
2010-06-03,28,,
2010-06-03,30,1540,1560
2010-06-03,33,1705,1710
2010-06-03,52,159,160
2010-06-03,58,,
2010-06-03,60,,
2010-06-03,61,,
2010-06-03,62,,
2010-06-03,63,225,235
2010-06-03,64,,
2010-06-03,65,190,220
2010-06-03,66,,
2010-06-03,68,120,135
2010-06-03,71,113,115
2010-06-03,74,91,94
2010-06-03,76,194,195
2010-06-03,77,147,149
2010-06-03,78,,
2010-06-03,79,,
2010-06-03,80,,
2010-06-03,83,,
2010-06-03,85,,
2010-06-03,86,,
2010-06-03,87,98,99
2010-06-03,88,170,180
2010-06-03,89,101,102
2010-06-03,90,,
2010-06-03,91,122,125
2010-06-03,93,89,91
2010-06-03,95,,
2010-06-03,96,136,137
2010-06-03,97,,
2010-06-03,98,139,140
2010-06-03,99,,
2010-06-03,100,155,160
2010-06-03,102,89,90
2010-06-03,103,150,153
2010-06-03,104,90,91
2010-06-03,106,105,107
2010-06-03,108,160,162
2010-06-03,109,,
2010-06-03,111,355,358
2010-06-03,112,,
2010-06-03,118,,
2010-06-03,119,354,355
2010-06-03,120,352,353
2010-06-03,121,346,348
2010-06-03,122,343,345
2010-06-03,123,373,375
2010-06-03,124,370,372
2010-06-03,143,214,216
2010-06-03,144,133,135
2010-06-03,145,127,129
2010-06-03,151,,
2010-06-03,156,171,174
2010-06-03,157,,
2010-06-03,158,,
2010-06-03,159,152,154
2010-06-03,166,910,1090
2010-06-03,168,900,1070
2010-06-03,169,490,640
2010-06-03,170,490,640
2010-06-03,171,420,530
2010-06-03,172,380,520
2010-06-03,173,700,840
2010-06-03,179,338,339
2010-06-03,180,336,337
2010-06-03,184,168,170
2010-06-03,185,158,160
2010-06-03,186,129,131
2010-06-03,187,103,105
2010-06-03,188,120,122
2010-06-03,199,,
2010-06-03,223,149,150
2010-06-03,224,470,480
2010-06-03,225,470,480
2010-06-03,226,470,480
2010-06-03,227,250,260
2010-06-03,228,210,220
2010-06-03,231,,
2010-06-03,232,,
2010-06-03,242,168,172
2010-06-03,243,165,168
2010-06-03,244,155,158
2010-06-03,248,217,227
2010-06-03,249,218,226
2010-06-03,250,,
2010-06-03,251,203,213
2010-06-03,253,,
2010-06-03,254,462,470
2010-06-03,255,,
2010-06-03,256,,
2010-06-03,258,286,295
2010-06-03,259,266,275
2010-06-03,260,257,265
2010-06-03,261,,
2010-06-03,262,,
2010-06-03,263,,
2010-06-03,264,,
2010-06-03,265,342,353
2010-06-03,272,154,156
2010-06-03,277,280,300
2010-06-03,279,153,156
2010-06-03,280,163,165
2010-06-03,281,157,161
2010-06-03,282,155,159
2010-06-03,283,166,170
2010-06-03,284,161,165
2010-06-03,285,156,160
2010-06-03,286,,
2010-06-10,5,,
2010-06-10,10,900,950
2010-06-10,11,375,384
2010-06-10,12,1450,1500
2010-06-10,13,239,241
2010-06-10,14,365,375
2010-06-10,15,950,1000
2010-06-10,16,245,247
2010-06-10,17,337,347
2010-06-10,18,850,900
2010-06-10,20,1000,1050
2010-06-10,21,,
2010-06-10,22,850,900
2010-06-10,24,281,287
2010-06-10,25,550,600
2010-06-10,28,,
2010-06-10,30,1540,1560
2010-06-10,33,1705,1710
2010-06-10,52,158,159
2010-06-10,58,,
2010-06-10,60,,
2010-06-10,61,,
2010-06-10,62,,
2010-06-10,63,230,240
2010-06-10,64,,
2010-06-10,65,200,230
2010-06-10,66,,
2010-06-10,68,120,135
2010-06-10,71,113,115
2010-06-10,74,91,94
2010-06-10,76,189,190
2010-06-10,77,147,149
2010-06-10,78,,
2010-06-10,79,,
2010-06-10,80,,
2010-06-10,83,,
2010-06-10,85,,
2010-06-10,86,,
2010-06-10,87,89,90
2010-06-10,88,170,180
2010-06-10,89,92,93
2010-06-10,90,,
2010-06-10,91,119,122
2010-06-10,93,82,84
2010-06-10,95,,
2010-06-10,96,127,128
2010-06-10,97,,
2010-06-10,98,130,131
2010-06-10,99,,
2010-06-10,100,152,157
2010-06-10,102,80,81
2010-06-10,103,150,153
2010-06-10,104,83,84
2010-06-10,106,100,102
2010-06-10,108,160,162
2010-06-10,109,,
2010-06-10,111,358,361
2010-06-10,112,,
2010-06-10,118,,
2010-06-10,119,361,362
2010-06-10,120,359,360
2010-06-10,121,349,351
2010-06-10,122,346,348
2010-06-10,123,380,382
2010-06-10,124,377,379
2010-06-10,143,214,216
2010-06-10,144,133,135
2010-06-10,145,127,129
2010-06-10,151,,
2010-06-10,156,171,174
2010-06-10,157,,
2010-06-10,158,,
2010-06-10,159,152,154
2010-06-10,166,910,1090
2010-06-10,168,900,1070
2010-06-10,169,490,640
2010-06-10,170,490,640
2010-06-10,171,420,530
2010-06-10,172,380,520
2010-06-10,173,700,840
2010-06-10,179,343,344
2010-06-10,180,341,342
2010-06-10,184,168,170
2010-06-10,185,158,160
2010-06-10,186,129,131
2010-06-10,187,100,102
2010-06-10,188,118,120
2010-06-10,199,,
2010-06-10,223,149,150
2010-06-10,224,470,480
2010-06-10,225,470,480
2010-06-10,226,,
2010-06-10,227,250,260
2010-06-10,228,210,220
2010-06-10,231,,
2010-06-10,232,,
2010-06-10,242,168,172
2010-06-10,243,165,168
2010-06-10,244,155,158
2010-06-10,248,,
2010-06-10,249,,
2010-06-10,250,,
2010-06-10,251,203,213
2010-06-10,253,,
2010-06-10,254,473,481
2010-06-10,255,,
2010-06-10,256,,
2010-06-10,258,286,295
2010-06-10,259,266,275
2010-06-10,260,257,265
2010-06-10,261,,
2010-06-10,262,,
2010-06-10,263,,
2010-06-10,264,,
2010-06-10,265,347,358
2010-06-10,272,,
2010-06-10,277,,
2010-06-10,279,153,156
2010-06-10,280,163,165
2010-06-10,281,157,161
2010-06-10,282,,
2010-06-10,283,166,170
2010-06-10,284,161,165
2010-06-10,285,,
2010-06-10,286,,
2010-06-17,5,,
2010-06-17,10,,
2010-06-17,11,375,384
2010-06-17,12,,
2010-06-17,13,239,241
2010-06-17,14,365,375
2010-06-17,15,,
2010-06-17,16,245,247
2010-06-17,17,337,347
2010-06-17,18,,
2010-06-17,20,,
2010-06-17,21,,
2010-06-17,22,,
2010-06-17,24,281,287
2010-06-17,25,,
2010-06-17,28,,
2010-06-17,30,1540,1560
2010-06-17,33,1705,1710
2010-06-17,52,155,156
2010-06-17,58,,
2010-06-17,60,,
2010-06-17,61,,
2010-06-17,62,,
2010-06-17,63,250,260
2010-06-17,64,,
2010-06-17,65,220,250
2010-06-17,66,,
2010-06-17,68,125,140
2010-06-17,71,108,110
2010-06-17,74,87,90
2010-06-17,76,184,185
2010-06-17,77,145,147
2010-06-17,78,,
2010-06-17,79,,
2010-06-17,80,,
2010-06-17,83,,
2010-06-17,85,,
2010-06-17,86,175,185
2010-06-17,87,87,88
2010-06-17,88,165,175
2010-06-17,89,90,91
2010-06-17,90,,
2010-06-17,91,119,122
2010-06-17,93,82,84
2010-06-17,95,,
2010-06-17,96,127,128
2010-06-17,97,,
2010-06-17,98,130,131
2010-06-17,99,,
2010-06-17,100,152,157
2010-06-17,102,80,81
2010-06-17,103,150,153
2010-06-17,104,83,84
2010-06-17,106,100,102
2010-06-17,108,160,162
2010-06-17,109,,
2010-06-17,111,354,357
2010-06-17,112,,
2010-06-17,118,,
2010-06-17,119,349,350
2010-06-17,120,347,348
2010-06-17,121,337,339
2010-06-17,122,334,336
2010-06-17,123,368,370
2010-06-17,124,365,367
2010-06-17,143,212,214
2010-06-17,144,133,135
2010-06-17,145,127,129
2010-06-17,151,,
2010-06-17,156,171,174
2010-06-17,157,,
2010-06-17,158,,
2010-06-17,159,152,154
2010-06-17,166,950,1130
2010-06-17,168,900,1070
2010-06-17,169,490,640
2010-06-17,170,490,640
2010-06-17,171,420,530
2010-06-17,172,410,550
2010-06-17,173,700,840
2010-06-17,179,331,332
2010-06-17,180,329,330
2010-06-17,184,168,170
2010-06-17,185,158,160
2010-06-17,186,129,131
2010-06-17,187,98,100
2010-06-17,188,116,118
2010-06-17,199,,
2010-06-17,223,149,150
2010-06-17,224,490,500
2010-06-17,225,490,500
2010-06-17,226,,
2010-06-17,227,250,260
2010-06-17,228,210,220
2010-06-17,231,,
2010-06-17,232,,
2010-06-17,242,,
2010-06-17,243,,
2010-06-17,244,,
2010-06-17,248,,
2010-06-17,249,,
2010-06-17,250,,
2010-06-17,251,203,213
2010-06-17,253,,
2010-06-17,254,482,490
2010-06-17,255,,
2010-06-17,256,,
2010-06-17,258,286,295
2010-06-17,259,266,275
2010-06-17,260,257,265
2010-06-17,261,,
2010-06-17,262,,
2010-06-17,263,,
2010-06-17,264,,
2010-06-17,265,347,358
2010-06-17,272,,
2010-06-17,277,,
2010-06-17,279,153,156
2010-06-17,280,163,165
2010-06-17,281,157,161
2010-06-17,282,,
2010-06-17,283,166,170
2010-06-17,284,161,165
2010-06-17,285,,
2010-06-17,286,,
2010-06-24,5,,
2010-06-24,10,,
2010-06-24,11,375,384
2010-06-24,12,,
2010-06-24,13,244,246
2010-06-24,14,365,375
2010-06-24,15,,
2010-06-24,16,250,252
2010-06-24,17,337,347
2010-06-24,18,,
2010-06-24,20,,
2010-06-24,21,,
2010-06-24,22,,
2010-06-24,24,281,287
2010-06-24,25,,
2010-06-24,28,,
2010-06-24,30,1520,1540
2010-06-24,33,1685,1690
2010-06-24,52,155,156
2010-06-24,58,,
2010-06-24,60,,
2010-06-24,61,,
2010-06-24,62,,
2010-06-24,63,250,260
2010-06-24,64,,
2010-06-24,65,220,250
2010-06-24,66,,
2010-06-24,68,125,140
2010-06-24,71,105,107
2010-06-24,74,84,87
2010-06-24,76,181,182
2010-06-24,77,142,144
2010-06-24,78,,
2010-06-24,79,,
2010-06-24,80,,
2010-06-24,83,,
2010-06-24,85,,
2010-06-24,86,175,185
2010-06-24,87,87,88
2010-06-24,88,165,175
2010-06-24,89,90,91
2010-06-24,90,,
2010-06-24,91,119,122
2010-06-24,93,82,84
2010-06-24,95,,
2010-06-24,96,127,128
2010-06-24,97,,
2010-06-24,98,130,131
2010-06-24,99,,
2010-06-24,100,152,157
2010-06-24,102,80,81
2010-06-24,103,150,153
2010-06-24,104,83,84
2010-06-24,106,100,102
2010-06-24,108,160,162
2010-06-24,109,,
2010-06-24,111,352,355
2010-06-24,112,,
2010-06-24,118,,
2010-06-24,119,340,341
2010-06-24,120,338,339
2010-06-24,121,328,330
2010-06-24,122,325,327
2010-06-24,123,359,361
2010-06-24,124,356,358
2010-06-24,143,212,214
2010-06-24,144,133,135
2010-06-24,145,127,129
2010-06-24,151,,
2010-06-24,156,,
2010-06-24,157,,
2010-06-24,158,,
2010-06-24,159,,
2010-06-24,166,990,1170
2010-06-24,168,900,1070
2010-06-24,169,490,640
2010-06-24,170,490,640
2010-06-24,171,420,530
2010-06-24,172,430,570
2010-06-24,173,700,840
2010-06-24,179,322,323
2010-06-24,180,320,321
2010-06-24,184,168,170
2010-06-24,185,158,160
2010-06-24,186,129,131
2010-06-24,187,98,100
2010-06-24,188,116,118
2010-06-24,199,,
2010-06-24,223,149,150
2010-06-24,224,510,520
2010-06-24,225,510,520
2010-06-24,226,,
2010-06-24,227,250,260
2010-06-24,228,210,220
2010-06-24,231,,
2010-06-24,232,,
2010-06-24,242,,
2010-06-24,243,,
2010-06-24,244,,
2010-06-24,248,,
2010-06-24,249,,
2010-06-24,250,,
2010-06-24,251,203,213
2010-06-24,253,,
2010-06-24,254,492,500
2010-06-24,255,,
2010-06-24,256,,
2010-06-24,258,286,295
2010-06-24,259,266,275
2010-06-24,260,257,265
2010-06-24,261,,
2010-06-24,262,,
2010-06-24,263,,
2010-06-24,264,,
2010-06-24,265,347,358
2010-06-24,272,,
2010-06-24,277,,
2010-06-24,279,155,158
2010-06-24,280,163,165
2010-06-24,281,157,161
2010-06-24,282,,
2010-06-24,283,166,170
2010-06-24,284,161,165
2010-06-24,285,,
2010-06-24,286,,
2010-07-01,5,,
2010-07-01,10,,
2010-07-01,11,375,384
2010-07-01,12,,
2010-07-01,13,247,249
2010-07-01,14,365,375
2010-07-01,15,,
2010-07-01,16,253,255
2010-07-01,17,337,347
2010-07-01,18,,
2010-07-01,20,,
2010-07-01,21,,
2010-07-01,22,,
2010-07-01,24,281,287
2010-07-01,25,,
2010-07-01,28,,
2010-07-01,30,1500,1520
2010-07-01,33,1665,1670
2010-07-01,52,155,156
2010-07-01,58,,
2010-07-01,60,,
2010-07-01,61,,
2010-07-01,62,,
2010-07-01,63,250,260
2010-07-01,64,,
2010-07-01,65,220,250
2010-07-01,66,,
2010-07-01,68,125,140
2010-07-01,71,105,107
2010-07-01,74,84,87
2010-07-01,76,171,172
2010-07-01,77,139,141
2010-07-01,78,,
2010-07-01,79,,
2010-07-01,80,,
2010-07-01,83,,
2010-07-01,85,,
2010-07-01,86,175,185
2010-07-01,87,82,83
2010-07-01,88,165,175
2010-07-01,89,86,87
2010-07-01,90,,
2010-07-01,91,119,122
2010-07-01,93,82,84
2010-07-01,95,,
2010-07-01,96,122,123
2010-07-01,97,,
2010-07-01,98,126,127
2010-07-01,99,,
2010-07-01,100,152,157
2010-07-01,102,75,76
2010-07-01,103,150,153
2010-07-01,104,83,84
2010-07-01,106,100,102
2010-07-01,108,160,162
2010-07-01,109,,
2010-07-01,111,352,355
2010-07-01,112,,
2010-07-01,118,,
2010-07-01,119,340,341
2010-07-01,120,338,339
2010-07-01,121,328,330
2010-07-01,122,325,327
2010-07-01,123,359,361
2010-07-01,124,356,358
2010-07-01,143,212,214
2010-07-01,144,133,135
2010-07-01,145,127,129
2010-07-01,151,132,135
2010-07-01,156,,
2010-07-01,157,,
2010-07-01,158,,
2010-07-01,159,,
2010-07-01,166,1020,1200
2010-07-01,168,920,1090
2010-07-01,169,490,640
2010-07-01,170,490,640
2010-07-01,171,420,530
2010-07-01,172,430,570
2010-07-01,173,700,840
2010-07-01,179,322,323
2010-07-01,180,320,321
2010-07-01,184,168,170
2010-07-01,185,158,160
2010-07-01,186,129,131
2010-07-01,187,98,100
2010-07-01,188,116,118
2010-07-01,199,118,122
2010-07-01,223,149,150
2010-07-01,224,,
2010-07-01,225,525,535
2010-07-01,226,,
2010-07-01,227,250,260
2010-07-01,228,210,220
2010-07-01,231,,
2010-07-01,232,,
2010-07-01,248,,
2010-07-01,249,,
2010-07-01,250,,
2010-07-01,251,203,213
2010-07-01,253,,
2010-07-01,254,502,510
2010-07-01,255,,
2010-07-01,256,,
2010-07-01,258,286,295
2010-07-01,259,266,275
2010-07-01,260,257,265
2010-07-01,261,,
2010-07-01,262,,
2010-07-01,263,137,139
2010-07-01,265,347,358
2010-07-01,272,,
2010-07-01,277,,
2010-07-01,279,158,161
2010-07-01,280,,
2010-07-01,281,,
2010-07-01,282,,
2010-07-01,283,,
2010-07-01,284,,
2010-07-01,285,,
2010-07-01,286,,
2010-07-01,287,,
2010-07-01,288,151,155
2010-07-01,289,145,149
2010-07-01,290,,
2010-07-01,291,125,128
2010-07-08,5,,
2010-07-08,10,,
2010-07-08,11,380,389
2010-07-08,12,,
2010-07-08,13,252,254
2010-07-08,14,370,380
2010-07-08,15,,
2010-07-08,16,258,260
2010-07-08,17,342,352
2010-07-08,18,,
2010-07-08,20,,
2010-07-08,21,,
2010-07-08,22,,
2010-07-08,24,291,297
2010-07-08,25,,
2010-07-08,28,,
2010-07-08,30,1490,1510
2010-07-08,33,1655,1660
2010-07-08,52,160,161
2010-07-08,58,,
2010-07-08,60,,
2010-07-08,61,,
2010-07-08,62,,
2010-07-08,63,250,260
2010-07-08,64,,
2010-07-08,65,220,250
2010-07-08,66,,
2010-07-08,68,125,140
2010-07-08,71,103,105
2010-07-08,74,82,85
2010-07-08,76,164,165
2010-07-08,77,143,145
2010-07-08,78,,
2010-07-08,79,,
2010-07-08,80,,
2010-07-08,83,,
2010-07-08,85,,
2010-07-08,86,175,185
2010-07-08,87,77,78
2010-07-08,88,165,175
2010-07-08,89,81,82
2010-07-08,90,,
2010-07-08,91,121,124
2010-07-08,93,82,84
2010-07-08,95,,
2010-07-08,96,117,118
2010-07-08,97,,
2010-07-08,98,121,122
2010-07-08,99,,
2010-07-08,100,154,159
2010-07-08,102,72,73
2010-07-08,103,150,153
2010-07-08,104,83,84
2010-07-08,106,102,104
2010-07-08,108,165,167
2010-07-08,109,,
2010-07-08,111,350,353
2010-07-08,112,,
2010-07-08,118,,
2010-07-08,119,338,339
2010-07-08,120,336,337
2010-07-08,121,326,328
2010-07-08,122,323,325
2010-07-08,123,357,359
2010-07-08,124,354,356
2010-07-08,143,217,219
2010-07-08,144,130,132
2010-07-08,145,125,127
2010-07-08,151,136,139
2010-07-08,156,,
2010-07-08,157,,
2010-07-08,158,,
2010-07-08,159,,
2010-07-08,166,1050,1230
2010-07-08,168,940,1110
2010-07-08,169,510,660
2010-07-08,170,510,660
2010-07-08,171,460,570
2010-07-08,172,460,600
2010-07-08,173,700,840
2010-07-08,179,320,321
2010-07-08,180,318,319
2010-07-08,184,168,170
2010-07-08,185,158,160
2010-07-08,186,129,131
2010-07-08,187,98,100
2010-07-08,188,110,112
2010-07-08,199,122,126
2010-07-08,223,149,150
2010-07-08,224,,
2010-07-08,225,560,570
2010-07-08,226,,
2010-07-08,227,260,270
2010-07-08,228,230,240
2010-07-08,231,,
2010-07-08,232,,
2010-07-08,248,190,200
2010-07-08,249,200,215
2010-07-08,250,,
2010-07-08,251,210,220
2010-07-08,253,,
2010-07-08,254,510,518
2010-07-08,255,,
2010-07-08,256,,
2010-07-08,258,291,300
2010-07-08,259,271,280
2010-07-08,260,262,270
2010-07-08,261,,
2010-07-08,262,,
2010-07-08,263,141,143
2010-07-08,265,357,368
2010-07-08,272,,
2010-07-08,277,,
2010-07-08,279,163,166
2010-07-08,281,161,166
2010-07-08,282,,
2010-07-08,283,174,178
2010-07-08,284,,
2010-07-08,285,,
2010-07-08,287,168,173
2010-07-08,289,151,155
2010-07-08,290,,
2010-07-08,291,129,132
2010-07-08,292,155,159
2010-07-08,293,168,173
2010-07-15,5,,
2010-07-15,10,,
2010-07-15,11,388,397
2010-07-15,12,,
2010-07-15,13,260,262
2010-07-15,14,378,388
2010-07-15,15,,
2010-07-15,16,266,268
2010-07-15,17,350,360
2010-07-15,18,,
2010-07-15,20,,
2010-07-15,21,,
2010-07-15,22,,
2010-07-15,24,301,307
2010-07-15,25,,
2010-07-15,28,,
2010-07-15,30,1470,1490
2010-07-15,33,1625,1630
2010-07-15,52,172,173
2010-07-15,58,,
2010-07-15,60,,
2010-07-15,61,,
2010-07-15,62,155,158
2010-07-15,63,250,260
2010-07-15,64,,
2010-07-15,65,220,250
2010-07-15,66,,
2010-07-15,68,125,140
2010-07-15,71,103,105
2010-07-15,74,82,85
2010-07-15,76,167,168
2010-07-15,77,153,155
2010-07-15,78,,
2010-07-15,79,,
2010-07-15,80,,
2010-07-15,83,,
2010-07-15,85,,
2010-07-15,86,170,180
2010-07-15,87,74,75
2010-07-15,88,160,170
2010-07-15,89,81,82
2010-07-15,90,,
2010-07-15,91,123,126
2010-07-15,93,86,88
2010-07-15,95,,
2010-07-15,96,114,115
2010-07-15,97,,
2010-07-15,98,121,122
2010-07-15,99,,
2010-07-15,100,156,161
2010-07-15,102,72,73
2010-07-15,103,150,153
2010-07-15,104,87,88
2010-07-15,106,107,109
2010-07-15,108,168,170
2010-07-15,109,,
2010-07-15,111,353,356
2010-07-15,112,,
2010-07-15,118,,
2010-07-15,119,341,342
2010-07-15,120,339,340
2010-07-15,121,329,331
2010-07-15,122,326,328
2010-07-15,123,360,362
2010-07-15,124,357,359
2010-07-15,143,228,230
2010-07-15,144,130,132
2010-07-15,145,125,127
2010-07-15,151,146,149
2010-07-15,156,,
2010-07-15,157,,
2010-07-15,158,,
2010-07-15,159,,
2010-07-15,166,1050,1230
2010-07-15,168,940,1110
2010-07-15,169,510,660
2010-07-15,170,510,660
2010-07-15,171,460,570
2010-07-15,172,460,600
2010-07-15,173,700,840
2010-07-15,179,323,324
2010-07-15,180,321,322
2010-07-15,184,165,167
2010-07-15,185,155,157
2010-07-15,186,126,128
2010-07-15,187,98,100
2010-07-15,188,100,102
2010-07-15,199,132,136
2010-07-15,223,149,150
2010-07-15,224,,
2010-07-15,225,,
2010-07-15,226,,
2010-07-15,227,260,270
2010-07-15,228,230,240
2010-07-15,231,,
2010-07-15,232,,
2010-07-15,248,200,210
2010-07-15,249,215,225
2010-07-15,250,,
2010-07-15,251,220,230
2010-07-15,253,,
2010-07-15,254,512,520
2010-07-15,255,,
2010-07-15,256,,
2010-07-15,258,299,308
2010-07-15,259,279,288
2010-07-15,260,270,278
2010-07-15,261,,
2010-07-15,262,,
2010-07-15,263,151,153
2010-07-15,265,367,378
2010-07-15,272,156,159
2010-07-15,277,,
2010-07-15,279,170,173
2010-07-15,282,,
2010-07-15,283,184,188
2010-07-15,284,,
2010-07-15,285,,
2010-07-15,290,,
2010-07-15,291,139,142
2010-07-15,294,178,183
2010-07-15,295,165,169
2010-07-15,296,161,165
2010-07-15,297,176,181
2010-07-15,298,169,174
2010-07-22,5,,
2010-07-22,10,,
2010-07-22,11,395,404
2010-07-22,12,,
2010-07-22,13,260,262
2010-07-22,14,385,395
2010-07-22,15,,
2010-07-22,16,266,268
2010-07-22,17,357,367
2010-07-22,18,,
2010-07-22,20,,
2010-07-22,21,,
2010-07-22,22,,
2010-07-22,24,311,317
2010-07-22,25,,
2010-07-22,28,,
2010-07-22,30,1460,1480
2010-07-22,33,1615,1620
2010-07-22,52,174,175
2010-07-22,58,,
2010-07-22,60,,
2010-07-22,61,,
2010-07-22,62,160,163
2010-07-22,63,250,260
2010-07-22,64,,
2010-07-22,65,220,250
2010-07-22,66,,
2010-07-22,68,125,140
2010-07-22,71,103,105
2010-07-22,74,82,85
2010-07-22,76,167,168
2010-07-22,77,160,162
2010-07-22,78,,
2010-07-22,79,,
2010-07-22,80,,
2010-07-22,83,,
2010-07-22,85,,
2010-07-22,86,170,180
2010-07-22,87,78,79
2010-07-22,88,160,170
2010-07-22,89,85,86
2010-07-22,90,,
2010-07-22,91,127,130
2010-07-22,93,90,92
2010-07-22,95,,
2010-07-22,96,118,119
2010-07-22,97,,
2010-07-22,98,125,126
2010-07-22,99,,
2010-07-22,100,160,165
2010-07-22,102,76,77
2010-07-22,103,150,153
2010-07-22,104,91,92
2010-07-22,106,111,113
2010-07-22,108,175,177
2010-07-22,109,,
2010-07-22,111,353,356
2010-07-22,112,,
2010-07-22,118,,
2010-07-22,119,341,342
2010-07-22,120,339,340
2010-07-22,121,329,331
2010-07-22,122,326,328
2010-07-22,123,360,362
2010-07-22,124,357,359
2010-07-22,143,230,232
2010-07-22,144,133,135
2010-07-22,145,129,131
2010-07-22,151,153,156
2010-07-22,156,,
2010-07-22,157,,
2010-07-22,158,,
2010-07-22,159,,
2010-07-22,166,1050,1230
2010-07-22,168,940,1110
2010-07-22,169,510,660
2010-07-22,170,510,660
2010-07-22,171,460,570
2010-07-22,172,460,600
2010-07-22,173,700,840
2010-07-22,179,323,324
2010-07-22,180,321,322
2010-07-22,184,165,167
2010-07-22,185,155,157
2010-07-22,186,126,128
2010-07-22,187,98,100
2010-07-22,188,100,102
2010-07-22,199,139,143
2010-07-22,223,149,150
2010-07-22,224,,
2010-07-22,225,,
2010-07-22,226,,
2010-07-22,227,260,270
2010-07-22,228,230,240
2010-07-22,231,,
2010-07-22,232,,
2010-07-22,248,205,215
2010-07-22,249,220,230
2010-07-22,250,190,195
2010-07-22,251,223,233
2010-07-22,253,,
2010-07-22,254,520,528
2010-07-22,255,,
2010-07-22,256,,
2010-07-22,258,306,315
2010-07-22,259,286,295
2010-07-22,260,277,285
2010-07-22,261,,
2010-07-22,262,,
2010-07-22,263,158,160
2010-07-22,265,377,388
2010-07-22,272,164,167
2010-07-22,277,,
2010-07-22,279,185,188
2010-07-22,282,,
2010-07-22,283,191,195
2010-07-22,284,,
2010-07-22,285,,
2010-07-22,290,,
2010-07-22,291,146,149
2010-07-22,294,186,191
2010-07-22,295,173,177
2010-07-22,296,171,175
2010-07-22,297,181,186
2010-07-22,298,174,179
2010-07-22,299,150,160
2010-07-29,5,,
2010-07-29,10,,
2010-07-29,11,400,409
2010-07-29,12,,
2010-07-29,13,263,265
2010-07-29,14,390,400
2010-07-29,15,,
2010-07-29,16,269,271
2010-07-29,17,362,372
2010-07-29,18,,
2010-07-29,20,,
2010-07-29,21,,
2010-07-29,22,,
2010-07-29,24,316,322
2010-07-29,25,,
2010-07-29,28,,
2010-07-29,30,1410,1430
2010-07-29,33,1565,1570
2010-07-29,52,174,175
2010-07-29,58,,
2010-07-29,60,,
2010-07-29,61,,
2010-07-29,62,160,163
2010-07-29,63,250,260
2010-07-29,64,,
2010-07-29,65,220,250
2010-07-29,66,,
2010-07-29,68,125,140
2010-07-29,71,103,105
2010-07-29,74,82,85
2010-07-29,76,169,170
2010-07-29,77,165,167
2010-07-29,78,,
2010-07-29,79,,
2010-07-29,80,,
2010-07-29,83,,
2010-07-29,85,,
2010-07-29,86,170,180
2010-07-29,87,85,86
2010-07-29,88,160,170
2010-07-29,89,92,93
2010-07-29,90,,
2010-07-29,91,132,135
2010-07-29,93,95,97
2010-07-29,95,,
2010-07-29,96,125,126
2010-07-29,97,,
2010-07-29,98,132,133
2010-07-29,99,,
2010-07-29,100,165,170
2010-07-29,102,83,84
2010-07-29,103,150,153
2010-07-29,104,96,97
2010-07-29,106,117,119
2010-07-29,108,179,181
2010-07-29,109,,
2010-07-29,111,353,356
2010-07-29,112,,
2010-07-29,118,,
2010-07-29,119,341,342
2010-07-29,120,339,340
2010-07-29,121,332,334
2010-07-29,122,329,331
2010-07-29,123,360,362
2010-07-29,124,357,359
2010-07-29,143,230,232
2010-07-29,144,133,135
2010-07-29,145,131,133
2010-07-29,151,158,161
2010-07-29,156,,
2010-07-29,157,,
2010-07-29,158,,
2010-07-29,159,,
2010-07-29,166,1050,1230
2010-07-29,168,940,1110
2010-07-29,169,510,660
2010-07-29,170,510,660
2010-07-29,171,440,450
2010-07-29,172,460,600
2010-07-29,173,700,840
2010-07-29,179,326,327
2010-07-29,180,324,325
2010-07-29,184,165,167
2010-07-29,185,155,157
2010-07-29,186,126,128
2010-07-29,187,98,100
2010-07-29,188,100,102
2010-07-29,199,144,148
2010-07-29,223,149,150
2010-07-29,224,,
2010-07-29,225,,
2010-07-29,226,,
2010-07-29,227,260,270
2010-07-29,228,220,230
2010-07-29,231,,
2010-07-29,232,,
2010-07-29,248,210,220
2010-07-29,249,226,236
2010-07-29,250,194,199
2010-07-29,251,223,233
2010-07-29,253,,
2010-07-29,254,522,530
2010-07-29,255,,
2010-07-29,256,,
2010-07-29,258,311,320
2010-07-29,259,291,300
2010-07-29,260,282,290
2010-07-29,261,,
2010-07-29,262,,
2010-07-29,263,163,165
2010-07-29,265,382,393
2010-07-29,272,169,172
2010-07-29,277,,
2010-07-29,279,192,195
2010-07-29,282,,
2010-07-29,283,196,200
2010-07-29,284,,
2010-07-29,285,,
2010-07-29,290,,
2010-07-29,291,151,154
2010-07-29,294,190,195
2010-07-29,295,175,179
2010-07-29,296,176,180
2010-07-29,297,185,190
2010-07-29,298,178,183
2010-07-29,299,155,160
2010-08-05,5,,
2010-08-05,10,,
2010-08-05,11,420,429
2010-08-05,12,,
2010-08-05,13,288,290
2010-08-05,14,410,420
2010-08-05,15,,
2010-08-05,16,294,296
2010-08-05,17,382,392
2010-08-05,18,,
2010-08-05,20,,
2010-08-05,21,,
2010-08-05,22,,
2010-08-05,24,331,337
2010-08-05,25,,
2010-08-05,28,,
2010-08-05,30,1380,1400
2010-08-05,33,1535,1540
2010-08-05,52,184,185
2010-08-05,58,,
2010-08-05,60,,
2010-08-05,61,,
2010-08-05,62,165,168
2010-08-05,63,250,260
2010-08-05,64,,
2010-08-05,65,220,250
2010-08-05,66,,
2010-08-05,68,125,140
2010-08-05,71,103,105
2010-08-05,74,82,85
2010-08-05,76,179,180
2010-08-05,77,188,190
2010-08-05,78,,
2010-08-05,79,,
2010-08-05,80,,
2010-08-05,83,,
2010-08-05,85,,
2010-08-05,86,170,180
2010-08-05,87,97,98
2010-08-05,88,160,170
2010-08-05,89,104,105
2010-08-05,90,,
2010-08-05,91,147,150
2010-08-05,93,102,104
2010-08-05,95,,
2010-08-05,96,137,138
2010-08-05,97,,
2010-08-05,98,144,145
2010-08-05,99,,
2010-08-05,100,180,185
2010-08-05,102,95,96
2010-08-05,103,150,153
2010-08-05,104,103,104
2010-08-05,106,127,129
2010-08-05,108,189,191
2010-08-05,109,,
2010-08-05,111,357,360
2010-08-05,112,,
2010-08-05,118,,
2010-08-05,119,351,352
2010-08-05,120,349,350
2010-08-05,121,338,340
2010-08-05,122,335,337
2010-08-05,123,370,372
2010-08-05,124,367,369
2010-08-05,143,240,242
2010-08-05,144,140,142
2010-08-05,145,138,140
2010-08-05,151,178,181
2010-08-05,156,,
2010-08-05,157,,
2010-08-05,158,,
2010-08-05,159,,
2010-08-05,166,1050,1230
2010-08-05,168,940,1110
2010-08-05,169,510,660
2010-08-05,170,510,660
2010-08-05,171,420,530
2010-08-05,172,460,600
2010-08-05,173,700,840
2010-08-05,179,332,333
2010-08-05,180,330,331
2010-08-05,184,165,167
2010-08-05,185,155,157
2010-08-05,186,126,128
2010-08-05,187,100,102
2010-08-05,188,100,102
2010-08-05,199,164,168
2010-08-05,223,149,150
2010-08-05,224,,
2010-08-05,225,,
2010-08-05,226,,
2010-08-05,227,260,270
2010-08-05,228,210,220
2010-08-05,231,,
2010-08-05,232,,
2010-08-05,248,225,235
2010-08-05,249,236,246
2010-08-05,250,209,214
2010-08-05,251,230,240
2010-08-05,253,,
2010-08-05,254,,
2010-08-05,255,,
2010-08-05,256,,
2010-08-05,258,331,340
2010-08-05,259,311,320
2010-08-05,260,302,310
2010-08-05,261,,
2010-08-05,262,,
2010-08-05,263,183,185
2010-08-05,265,397,408
2010-08-05,272,184,187
2010-08-05,277,240,260
2010-08-05,279,212,215
2010-08-05,282,178,183
2010-08-05,283,206,210
2010-08-05,284,195,200
2010-08-05,285,185,190
2010-08-05,290,,
2010-08-05,291,171,174
2010-08-05,294,205,210
2010-08-05,295,190,194
2010-08-05,296,191,195
2010-08-05,297,193,198
2010-08-05,298,186,191
2010-08-05,299,160,165
2010-08-19,5,,
2010-08-19,10,,
2010-08-19,11,435,444
2010-08-19,12,,
2010-08-19,13,313,315
2010-08-19,14,425,435
2010-08-19,15,,
2010-08-19,16,319,321
2010-08-19,17,397,407
2010-08-19,18,,
2010-08-19,20,,
2010-08-19,21,,
2010-08-19,22,,
2010-08-19,24,346,352
2010-08-19,25,,
2010-08-19,28,,
2010-08-19,30,1380,1400
2010-08-19,33,1535,1540
2010-08-19,52,199,200
2010-08-19,58,,
2010-08-19,60,,
2010-08-19,61,,
2010-08-19,62,170,173
2010-08-19,63,250,260
2010-08-19,64,,
2010-08-19,65,220,250
2010-08-19,66,,
2010-08-19,68,135,150
2010-08-19,71,103,105
2010-08-19,74,82,85
2010-08-19,76,189,190
2010-08-19,77,208,210
2010-08-19,78,,
2010-08-19,79,,
2010-08-19,80,,
2010-08-19,83,,
2010-08-19,85,,
2010-08-19,86,175,185
2010-08-19,87,107,108
2010-08-19,88,165,175
2010-08-19,89,114,115
2010-08-19,90,,
2010-08-19,91,167,170
2010-08-19,93,112,114
2010-08-19,95,,
2010-08-19,96,147,148
2010-08-19,97,,
2010-08-19,98,154,155
2010-08-19,99,,
2010-08-19,100,200,205
2010-08-19,102,105,106
2010-08-19,103,150,153
2010-08-19,104,113,114
2010-08-19,106,139,141
2010-08-19,108,198,200
2010-08-19,109,,
2010-08-19,111,370,373
2010-08-19,112,,
2010-08-19,118,,
2010-08-19,119,361,362
2010-08-19,120,359,360
2010-08-19,121,348,350
2010-08-19,122,345,347
2010-08-19,123,380,382
2010-08-19,124,377,379
2010-08-19,143,255,257
2010-08-19,144,143,145
2010-08-19,145,141,143
2010-08-19,151,198,201
2010-08-19,156,,
2010-08-19,157,,
2010-08-19,158,,
2010-08-19,159,,
2010-08-19,166,1050,1230
2010-08-19,168,940,1110
2010-08-19,169,510,660
2010-08-19,170,510,660
2010-08-19,171,420,530
2010-08-19,172,460,600
2010-08-19,173,700,840
2010-08-19,179,342,343
2010-08-19,180,340,341
2010-08-19,184,168,170
2010-08-19,185,158,160
2010-08-19,186,129,131
2010-08-19,187,100,102
2010-08-19,188,100,102
2010-08-19,199,184,188
2010-08-19,223,149,150
2010-08-19,224,,
2010-08-19,225,,
2010-08-19,226,,
2010-08-19,227,260,270
2010-08-19,228,210,220
2010-08-19,231,,
2010-08-19,232,,
2010-08-19,248,240,250
2010-08-19,249,251,261
2010-08-19,250,224,229
2010-08-19,251,240,250
2010-08-19,253,,
2010-08-19,254,,
2010-08-19,255,,
2010-08-19,256,,
2010-08-19,258,346,355
2010-08-19,259,326,335
2010-08-19,260,317,325
2010-08-19,261,,
2010-08-19,262,,
2010-08-19,263,203,205
2010-08-19,265,412,423
2010-08-19,272,207,210
2010-08-19,277,260,280
2010-08-19,279,234,237
2010-08-19,282,188,193
2010-08-19,283,216,220
2010-08-19,284,205,210
2010-08-19,285,195,200
2010-08-19,290,,
2010-08-19,291,191,194
2010-08-19,294,227,232
2010-08-19,295,215,219
2010-08-19,296,214,218
2010-08-19,297,203,208
2010-08-19,298,196,201
2010-08-19,299,170,175
2010-08-26,5,,
2010-08-26,10,,
2010-08-26,11,450,459
2010-08-26,12,,
2010-08-26,13,323,325
2010-08-26,14,440,450
2010-08-26,15,,
2010-08-26,16,329,331
2010-08-26,17,412,422
2010-08-26,18,,
2010-08-26,20,,
2010-08-26,21,,
2010-08-26,22,,
2010-08-26,24,351,357
2010-08-26,25,,
2010-08-26,28,,
2010-08-26,30,1380,1400
2010-08-26,33,1515,1520
2010-08-26,52,199,200
2010-08-26,58,,
2010-08-26,60,,
2010-08-26,61,,
2010-08-26,62,170,173
2010-08-26,63,250,260
2010-08-26,64,,
2010-08-26,65,220,250
2010-08-26,66,,
2010-08-26,68,145,160
2010-08-26,71,108,110
2010-08-26,74,87,90
2010-08-26,76,189,190
2010-08-26,77,208,210
2010-08-26,78,,
2010-08-26,79,,
2010-08-26,80,,
2010-08-26,83,190,193
2010-08-26,85,,
2010-08-26,86,175,185
2010-08-26,87,117,118
2010-08-26,88,165,175
2010-08-26,89,124,125
2010-08-26,90,,
2010-08-26,91,179,182
2010-08-26,93,120,122
2010-08-26,95,,
2010-08-26,96,157,158
2010-08-26,97,,
2010-08-26,98,164,165
2010-08-26,99,,
2010-08-26,100,212,217
2010-08-26,102,115,116
2010-08-26,103,155,158
2010-08-26,104,121,122
2010-08-26,106,151,153
2010-08-26,108,204,206
2010-08-26,109,,
2010-08-26,111,368,371
2010-08-26,112,,
2010-08-26,118,,
2010-08-26,119,361,362
2010-08-26,120,359,360
2010-08-26,121,348,350
2010-08-26,122,345,347
2010-08-26,123,380,382
2010-08-26,124,377,379
2010-08-26,143,255,257
2010-08-26,144,143,145
2010-08-26,145,141,143
2010-08-26,151,198,201
2010-08-26,156,285,293
2010-08-26,157,,
2010-08-26,158,,
2010-08-26,159,,
2010-08-26,166,1050,1230
2010-08-26,168,940,1110
2010-08-26,169,510,660
2010-08-26,170,510,660
2010-08-26,171,420,530
2010-08-26,172,460,600
2010-08-26,173,700,840
2010-08-26,179,342,343
2010-08-26,180,340,341
2010-08-26,184,168,170
2010-08-26,185,158,160
2010-08-26,186,129,131
2010-08-26,187,100,102
2010-08-26,188,103,105
2010-08-26,199,184,188
2010-08-26,223,154,155
2010-08-26,224,,
2010-08-26,225,,
2010-08-26,226,,
2010-08-26,227,260,270
2010-08-26,228,210,220
2010-08-26,231,,
2010-08-26,232,,
2010-08-26,248,250,260
2010-08-26,249,259,269
2010-08-26,250,227,232
2010-08-26,251,240,250
2010-08-26,253,,
2010-08-26,254,,
2010-08-26,255,,
2010-08-26,256,,
2010-08-26,258,361,370
2010-08-26,259,341,350
2010-08-26,260,332,340
2010-08-26,261,,
2010-08-26,262,,
2010-08-26,263,203,205
2010-08-26,265,417,428
2010-08-26,272,213,216
2010-08-26,277,272,292
2010-08-26,279,242,245
2010-08-26,282,194,199
2010-08-26,283,222,226
2010-08-26,284,211,216
2010-08-26,285,201,206
2010-08-26,290,,
2010-08-26,291,191,194
2010-08-26,294,235,240
2010-08-26,295,224,231
2010-08-26,296,222,226
2010-08-26,297,209,214
2010-08-26,298,202,207
2010-08-26,299,182,187
2010-09-02,5,,
2010-09-02,10,,
2010-09-02,11,450,459
2010-09-02,12,,
2010-09-02,13,323,325
2010-09-02,14,440,450
2010-09-02,15,,
2010-09-02,16,329,331
2010-09-02,17,412,422
2010-09-02,18,,
2010-09-02,20,,
2010-09-02,21,,
2010-09-02,22,,
2010-09-02,24,351,357
2010-09-02,25,,
2010-09-02,28,,
2010-09-02,30,1380,1400
2010-09-02,33,1495,1500
2010-09-02,52,187,188
2010-09-02,58,,
2010-09-02,60,,
2010-09-02,61,,
2010-09-02,62,170,173
2010-09-02,63,270,280
2010-09-02,64,,
2010-09-02,65,240,270
2010-09-02,66,,
2010-09-02,68,155,170
2010-09-02,71,110,112
2010-09-02,74,89,92
2010-09-02,76,184,185
2010-09-02,77,208,210
2010-09-02,78,,
2010-09-02,79,175,178
2010-09-02,80,,
2010-09-02,83,190,193
2010-09-02,85,180,185
2010-09-02,86,175,180
2010-09-02,87,114,115
2010-09-02,88,165,170
2010-09-02,89,121,122
2010-09-02,90,,
2010-09-02,91,174,177
2010-09-02,93,119,121
2010-09-02,95,,
2010-09-02,96,154,155
2010-09-02,97,,
2010-09-02,98,161,162
2010-09-02,99,,
2010-09-02,100,207,212
2010-09-02,102,112,113
2010-09-02,103,155,158
2010-09-02,104,120,121
2010-09-02,106,151,153
2010-09-02,108,212,214
2010-09-02,109,,
2010-09-02,111,368,371
2010-09-02,112,,
2010-09-02,118,,
2010-09-02,119,358,359
2010-09-02,120,356,357
2010-09-02,121,345,347
2010-09-02,122,342,344
2010-09-02,123,377,379
2010-09-02,124,374,376
2010-09-02,143,243,245
2010-09-02,144,146,148
2010-09-02,145,144,146
2010-09-02,151,198,201
2010-09-02,156,285,293
2010-09-02,157,,
2010-09-02,158,,
2010-09-02,159,,
2010-09-02,166,1050,1230
2010-09-02,168,940,1110
2010-09-02,169,530,680
2010-09-02,170,530,680
2010-09-02,171,460,570
2010-09-02,172,460,600
2010-09-02,173,700,840
2010-09-02,179,339,340
2010-09-02,180,337,338
2010-09-02,184,168,170
2010-09-02,185,158,160
2010-09-02,186,129,131
2010-09-02,187,100,102
2010-09-02,188,103,105
2010-09-02,199,184,188
2010-09-02,223,154,155
2010-09-02,224,,
2010-09-02,225,,
2010-09-02,226,,
2010-09-02,227,270,280
2010-09-02,228,230,240
2010-09-02,231,,
2010-09-02,232,,
2010-09-02,248,255,265
2010-09-02,249,269,279
2010-09-02,250,227,232
2010-09-02,251,235,245
2010-09-02,253,250,260
2010-09-02,254,,
2010-09-02,255,,
2010-09-02,256,,
2010-09-02,258,361,370
2010-09-02,259,341,350
2010-09-02,260,332,340
2010-09-02,261,,
2010-09-02,262,,
2010-09-02,263,203,205
2010-09-02,265,417,428
2010-09-02,272,213,216
2010-09-02,277,272,292
2010-09-02,279,247,250
2010-09-02,282,194,199
2010-09-02,283,222,226
2010-09-02,284,211,216
2010-09-02,285,201,206
2010-09-02,290,,
2010-09-02,291,191,194
2010-09-02,294,235,240
2010-09-02,295,224,231
2010-09-02,296,222,226
2010-09-02,297,209,214
2010-09-02,298,202,207
2010-09-02,299,182,187
2010-09-09,5,,
2010-09-09,10,,
2010-09-09,11,450,459
2010-09-09,12,,
2010-09-09,13,323,325
2010-09-09,14,440,450
2010-09-09,15,,
2010-09-09,16,329,331
2010-09-09,17,412,422
2010-09-09,18,,
2010-09-09,20,,
2010-09-09,21,,
2010-09-09,22,,
2010-09-09,24,351,357
2010-09-09,25,,
2010-09-09,28,,
2010-09-09,30,1380,1400
2010-09-09,33,1495,1500
2010-09-09,52,195,196
2010-09-09,58,,
2010-09-09,60,,
2010-09-09,61,,
2010-09-09,62,170,173
2010-09-09,63,290,300
2010-09-09,64,,
2010-09-09,65,260,290
2010-09-09,66,,
2010-09-09,68,165,180
2010-09-09,71,110,112
2010-09-09,74,89,92
2010-09-09,76,188,189
2010-09-09,77,208,210
2010-09-09,78,,
2010-09-09,79,179,182
2010-09-09,80,,
2010-09-09,83,190,193
2010-09-09,85,180,185
2010-09-09,86,175,180
2010-09-09,87,114,115
2010-09-09,88,165,170
2010-09-09,89,121,122
2010-09-09,90,,
2010-09-09,91,174,177
2010-09-09,93,119,121
2010-09-09,95,,
2010-09-09,96,154,155
2010-09-09,97,,
2010-09-09,98,161,162
2010-09-09,99,,
2010-09-09,100,207,212
2010-09-09,102,112,113
2010-09-09,103,155,158
2010-09-09,104,120,121
2010-09-09,106,151,153
2010-09-09,108,212,214
2010-09-09,109,,
2010-09-09,111,372,375
2010-09-09,112,,
2010-09-09,118,,
2010-09-09,119,365,366
2010-09-09,120,363,364
2010-09-09,121,353,355
2010-09-09,122,350,352
2010-09-09,123,387,389
2010-09-09,124,384,386
2010-09-09,143,248,250
2010-09-09,144,156,158
2010-09-09,145,152,154
2010-09-09,151,198,201
2010-09-09,156,285,293
2010-09-09,157,,
2010-09-09,158,,
2010-09-09,159,,
2010-09-09,166,1050,1230
2010-09-09,168,940,1110
2010-09-09,169,550,700
2010-09-09,170,550,700
2010-09-09,171,460,570
2010-09-09,172,490,630
2010-09-09,173,720,860
2010-09-09,179,344,345
2010-09-09,180,342,343
2010-09-09,184,168,170
2010-09-09,185,158,160
2010-09-09,186,129,131
2010-09-09,187,100,102
2010-09-09,188,103,105
2010-09-09,199,184,188
2010-09-09,223,154,155
2010-09-09,224,,
2010-09-09,225,,
2010-09-09,226,,
2010-09-09,227,280,290
2010-09-09,228,,
2010-09-09,231,,
2010-09-09,232,,
2010-09-09,248,255,265
2010-09-09,249,269,279
2010-09-09,250,227,232
2010-09-09,251,235,245
2010-09-09,253,250,260
2010-09-09,254,,
2010-09-09,255,,
2010-09-09,256,,
2010-09-09,258,361,370
2010-09-09,259,341,350
2010-09-09,260,332,340
2010-09-09,261,,
2010-09-09,262,,
2010-09-09,263,203,205
2010-09-09,265,417,428
2010-09-09,272,213,216
2010-09-09,277,272,292
2010-09-09,279,251,254
2010-09-09,282,194,199
2010-09-09,283,222,226
2010-09-09,284,211,216
2010-09-09,285,201,206
2010-09-09,290,,
2010-09-09,291,191,194
2010-09-09,294,235,240
2010-09-09,295,224,231
2010-09-09,296,222,226
2010-09-09,297,209,214
2010-09-09,298,202,207
2010-09-09,299,182,187
2010-09-16,5,,
2010-09-16,10,,
2010-09-16,11,460,469
2010-09-16,12,,
2010-09-16,13,326,328
2010-09-16,14,450,460
2010-09-16,15,,
2010-09-16,16,332,334
2010-09-16,17,422,432
2010-09-16,18,,
2010-09-16,20,,
2010-09-16,21,,
2010-09-16,22,,
2010-09-16,24,351,357
2010-09-16,25,,
2010-09-16,28,,
2010-09-16,30,1380,1400
2010-09-16,33,1495,1500
2010-09-16,52,204,205
2010-09-16,58,,
2010-09-16,60,,
2010-09-16,61,,
2010-09-16,62,185,188
2010-09-16,63,300,310
2010-09-16,64,,
2010-09-16,65,270,300
2010-09-16,66,,
2010-09-16,68,175,190
2010-09-16,71,113,115
2010-09-16,74,92,95
2010-09-16,76,194,195
2010-09-16,77,208,210
2010-09-16,78,,
2010-09-16,79,186,189
2010-09-16,80,,
2010-09-16,83,195,198
2010-09-16,85,180,185
2010-09-16,86,175,180
2010-09-16,87,112,113
2010-09-16,88,165,170
2010-09-16,89,119,120
2010-09-16,90,,
2010-09-16,91,174,177
2010-09-16,93,121,123
2010-09-16,95,,
2010-09-16,96,152,153
2010-09-16,97,,
2010-09-16,98,159,160
2010-09-16,99,,
2010-09-16,100,207,212
2010-09-16,102,110,111
2010-09-16,103,155,158
2010-09-16,104,122,123
2010-09-16,106,143,145
2010-09-16,108,212,214
2010-09-16,109,,
2010-09-16,111,367,370
2010-09-16,112,,
2010-09-16,118,,
2010-09-16,119,357,358
2010-09-16,120,355,356
2010-09-16,121,343,345
2010-09-16,122,340,342
2010-09-16,123,383,385
2010-09-16,124,380,382
2010-09-16,143,257,259
2010-09-16,144,163,165
2010-09-16,145,158,160
2010-09-16,151,198,201
2010-09-16,156,285,293
2010-09-16,157,,
2010-09-16,158,,
2010-09-16,159,,
2010-09-16,166,990,1170
2010-09-16,168,880,1050
2010-09-16,169,550,700
2010-09-16,170,550,700
2010-09-16,171,460,570
2010-09-16,172,490,630
2010-09-16,173,690,830
2010-09-16,179,336,337
2010-09-16,180,334,335
2010-09-16,184,168,170
2010-09-16,185,158,160
2010-09-16,186,129,131
2010-09-16,187,100,102
2010-09-16,188,103,105
2010-09-16,199,184,188
2010-09-16,223,154,155
2010-09-16,224,,
2010-09-16,225,,
2010-09-16,226,,
2010-09-16,227,280,290
2010-09-16,228,,
2010-09-16,231,,
2010-09-16,232,,
2010-09-16,248,258,268
2010-09-16,249,269,279
2010-09-16,250,227,232
2010-09-16,251,241,251
2010-09-16,253,250,260
2010-09-16,254,,
2010-09-16,255,,
2010-09-16,256,,
2010-09-16,258,371,380
2010-09-16,259,351,360
2010-09-16,260,342,350
2010-09-16,261,,
2010-09-16,262,,
2010-09-16,263,203,205
2010-09-16,265,417,428
2010-09-16,272,216,219
2010-09-16,277,272,292
2010-09-16,279,256,259
2010-09-16,282,194,199
2010-09-16,283,222,226
2010-09-16,284,211,216
2010-09-16,285,201,206
2010-09-16,290,,
2010-09-16,291,191,194
2010-09-16,294,242,247
2010-09-16,295,227,234
2010-09-16,296,225,229
2010-09-16,297,209,214
2010-09-16,298,202,207
2010-09-16,299,182,187
2010-09-23,5,,
2010-09-23,10,,
2010-09-23,11,475,484
2010-09-23,12,,
2010-09-23,13,326,328
2010-09-23,14,465,475
2010-09-23,15,,
2010-09-23,16,332,334
2010-09-23,17,437,447
2010-09-23,18,,
2010-09-23,20,,
2010-09-23,21,,
2010-09-23,22,,
2010-09-23,24,351,357
2010-09-23,25,,
2010-09-23,28,,
2010-09-23,30,1370,1390
2010-09-23,33,1485,1490
2010-09-23,52,214,215
2010-09-23,58,,
2010-09-23,60,,
2010-09-23,61,,
2010-09-23,62,187,190
2010-09-23,63,300,310
2010-09-23,64,,
2010-09-23,65,270,300
2010-09-23,66,,
2010-09-23,68,175,190
2010-09-23,71,113,115
2010-09-23,74,92,95
2010-09-23,76,194,195
2010-09-23,77,208,210
2010-09-23,78,,
2010-09-23,79,195,198
2010-09-23,80,,
2010-09-23,83,205,208
2010-09-23,85,180,185
2010-09-23,86,175,180
2010-09-23,87,115,116
2010-09-23,88,165,170
2010-09-23,89,122,123
2010-09-23,90,,
2010-09-23,91,177,180
2010-09-23,93,126,128
2010-09-23,95,,
2010-09-23,96,155,156
2010-09-23,97,,
2010-09-23,98,162,163
2010-09-23,99,,
2010-09-23,100,210,215
2010-09-23,102,113,114
2010-09-23,103,155,158
2010-09-23,104,127,128
2010-09-23,106,146,148
2010-09-23,108,215,217
2010-09-23,109,,
2010-09-23,111,372,375
2010-09-23,112,,
2010-09-23,118,,
2010-09-23,119,357,358
2010-09-23,120,355,356
2010-09-23,121,343,345
2010-09-23,122,340,342
2010-09-23,123,383,385
2010-09-23,124,380,382
2010-09-23,143,267,269
2010-09-23,144,168,170
2010-09-23,145,163,165
2010-09-23,151,198,201
2010-09-23,156,285,293
2010-09-23,157,,
2010-09-23,158,,
2010-09-23,159,,
2010-09-23,166,990,1170
2010-09-23,168,880,1050
2010-09-23,169,550,700
2010-09-23,170,550,700
2010-09-23,171,460,570
2010-09-23,172,490,630
2010-09-23,173,690,830
2010-09-23,179,336,337
2010-09-23,180,334,335
2010-09-23,184,168,170
2010-09-23,185,158,160
2010-09-23,186,129,131
2010-09-23,187,100,102
2010-09-23,188,103,105
2010-09-23,199,184,188
2010-09-23,223,159,160
2010-09-23,224,,
2010-09-23,225,,
2010-09-23,226,,
2010-09-23,227,,
2010-09-23,228,,
2010-09-23,231,,
2010-09-23,232,,
2010-09-23,248,264,274
2010-09-23,249,272,282
2010-09-23,250,227,232
2010-09-23,251,246,256
2010-09-23,253,250,260
2010-09-23,254,,
2010-09-23,255,,
2010-09-23,256,,
2010-09-23,258,381,390
2010-09-23,259,361,370
2010-09-23,260,352,360
2010-09-23,261,,
2010-09-23,262,,
2010-09-23,263,203,205
2010-09-23,265,417,428
2010-09-23,272,221,224
2010-09-23,277,272,292
2010-09-23,279,255,258
2010-09-23,282,200,205
2010-09-23,283,227,231
2010-09-23,284,216,221
2010-09-23,285,207,212
2010-09-23,290,,
2010-09-23,291,191,194
2010-09-23,294,249,254
2010-09-23,295,232,239
2010-09-23,296,230,234
2010-09-23,297,212,217
2010-09-23,298,205,210
2010-09-23,299,188,193
2010-09-30,5,,
2010-09-30,10,,
2010-09-30,11,475,484
2010-09-30,12,,
2010-09-30,13,324,326
2010-09-30,14,465,475
2010-09-30,15,,
2010-09-30,16,330,332
2010-09-30,17,437,447
2010-09-30,18,,
2010-09-30,20,,
2010-09-30,21,,
2010-09-30,22,,
2010-09-30,24,351,357
2010-09-30,25,,
2010-09-30,28,,
2010-09-30,30,1360,1380
2010-09-30,33,1475,1480
2010-09-30,52,208,209
2010-09-30,58,,
2010-09-30,60,,
2010-09-30,61,,
2010-09-30,62,187,190
2010-09-30,63,310,320
2010-09-30,64,,
2010-09-30,65,280,310
2010-09-30,66,,
2010-09-30,68,175,190
2010-09-30,71,113,115
2010-09-30,74,92,95
2010-09-30,76,189,190
2010-09-30,77,208,210
2010-09-30,78,,
2010-09-30,79,193,196
2010-09-30,80,,
2010-09-30,83,200,203
2010-09-30,85,180,185
2010-09-30,86,175,180
2010-09-30,87,123,124
2010-09-30,88,165,170
2010-09-30,89,130,131
2010-09-30,90,,
2010-09-30,91,181,184
2010-09-30,93,134,136
2010-09-30,95,,
2010-09-30,96,163,164
2010-09-30,97,,
2010-09-30,98,170,171
2010-09-30,99,,
2010-09-30,100,214,219
2010-09-30,102,121,122
2010-09-30,103,155,158
2010-09-30,104,135,136
2010-09-30,106,150,152
2010-09-30,108,217,219
2010-09-30,109,,
2010-09-30,111,367,370
2010-09-30,112,335,343
2010-09-30,118,,
2010-09-30,119,347,348
2010-09-30,120,345,346
2010-09-30,121,333,335
2010-09-30,122,330,332
2010-09-30,123,383,385
2010-09-30,124,380,382
2010-09-30,143,261,263
2010-09-30,144,173,175
2010-09-30,145,168,170
2010-09-30,151,198,201
2010-09-30,156,282,290
2010-09-30,157,,
2010-09-30,158,,
2010-09-30,159,,
2010-09-30,166,,
2010-09-30,168,,
2010-09-30,169,,
2010-09-30,170,,
2010-09-30,171,,
2010-09-30,172,,
2010-09-30,173,,
2010-09-30,179,330,331
2010-09-30,180,328,329
2010-09-30,184,168,170
2010-09-30,185,158,160
2010-09-30,186,129,131
2010-09-30,187,103,105
2010-09-30,188,106,108
2010-09-30,199,184,188
2010-09-30,223,159,160
2010-09-30,224,420,430
2010-09-30,225,,
2010-09-30,226,395,405
2010-09-30,227,280,290
2010-09-30,228,,
2010-09-30,231,,
2010-09-30,232,,
2010-09-30,248,264,274
2010-09-30,249,272,282
2010-09-30,250,227,232
2010-09-30,251,246,256
2010-09-30,253,250,260
2010-09-30,254,,
2010-09-30,255,,
2010-09-30,256,,
2010-09-30,258,381,390
2010-09-30,259,361,370
2010-09-30,260,352,360
2010-09-30,261,,
2010-09-30,262,,
2010-09-30,263,203,205
2010-09-30,265,417,428
2010-09-30,272,221,224
2010-09-30,277,272,292
2010-09-30,279,240,243
2010-09-30,282,200,205
2010-09-30,283,227,231
2010-09-30,284,216,221
2010-09-30,285,207,212
2010-09-30,290,,
2010-09-30,291,191,194
2010-09-30,294,249,254
2010-09-30,295,232,239
2010-09-30,296,230,234
2010-09-30,297,212,217
2010-09-30,298,205,210
2010-09-30,299,188,193
2010-10-07,5,,
2010-10-07,10,,
2010-10-07,11,475,484
2010-10-07,12,,
2010-10-07,13,312,314
2010-10-07,14,465,475
2010-10-07,15,,
2010-10-07,16,318,320
2010-10-07,17,437,447
2010-10-07,18,,
2010-10-07,20,,
2010-10-07,21,,
2010-10-07,22,,
2010-10-07,24,351,357
2010-10-07,25,,
2010-10-07,28,,
2010-10-07,30,1360,1380
2010-10-07,33,1475,1480
2010-10-07,52,200,201
2010-10-07,58,,
2010-10-07,60,,
2010-10-07,61,,
2010-10-07,62,187,190
2010-10-07,63,320,330
2010-10-07,64,,
2010-10-07,65,290,320
2010-10-07,66,,
2010-10-07,68,175,190
2010-10-07,71,116,118
2010-10-07,74,95,98
2010-10-07,76,179,180
2010-10-07,77,206,208
2010-10-07,78,,
2010-10-07,79,183,186
2010-10-07,80,,
2010-10-07,83,200,203
2010-10-07,85,180,185
2010-10-07,86,175,180
2010-10-07,87,127,128
2010-10-07,88,165,170
2010-10-07,89,134,135
2010-10-07,90,,
2010-10-07,91,181,184
2010-10-07,93,140,142
2010-10-07,95,,
2010-10-07,96,167,168
2010-10-07,97,,
2010-10-07,98,174,175
2010-10-07,99,,
2010-10-07,100,214,219
2010-10-07,102,125,126
2010-10-07,103,155,158
2010-10-07,104,141,142
2010-10-07,106,150,152
2010-10-07,108,217,219
2010-10-07,109,347,353
2010-10-07,111,352,355
2010-10-07,112,335,343
2010-10-07,118,,
2010-10-07,119,332,333
2010-10-07,120,330,331
2010-10-07,121,318,320
2010-10-07,122,315,317
2010-10-07,123,376,378
2010-10-07,124,373,375
2010-10-07,143,253,255
2010-10-07,144,180,182
2010-10-07,145,173,175
2010-10-07,151,196,199
2010-10-07,156,278,286
2010-10-07,157,,
2010-10-07,158,,
2010-10-07,159,,
2010-10-07,166,850,950
2010-10-07,168,780,880
2010-10-07,169,550,650
2010-10-07,170,550,650
2010-10-07,171,450,550
2010-10-07,172,520,620
2010-10-07,173,650,750
2010-10-07,179,315,316
2010-10-07,180,313,314
2010-10-07,184,168,170
2010-10-07,185,158,160
2010-10-07,186,133,135
2010-10-07,187,105,107
2010-10-07,188,110,112
2010-10-07,199,182,186
2010-10-07,223,159,160
2010-10-07,224,430,440
2010-10-07,225,470,480
2010-10-07,226,395,405
2010-10-07,227,280,290
2010-10-07,228,220,230
2010-10-07,231,,
2010-10-07,232,,
2010-10-07,248,259,269
2010-10-07,249,272,282
2010-10-07,250,227,232
2010-10-07,251,241,251
2010-10-07,253,250,260
2010-10-07,254,,
2010-10-07,255,,
2010-10-07,256,,
2010-10-07,258,381,390
2010-10-07,259,361,370
2010-10-07,260,352,360
2010-10-07,261,,
2010-10-07,262,,
2010-10-07,263,201,203
2010-10-07,265,417,428
2010-10-07,272,211,214
2010-10-07,277,272,292
2010-10-07,279,237,240
2010-10-07,282,200,205
2010-10-07,283,227,231
2010-10-07,284,216,221
2010-10-07,285,207,212
2010-10-07,290,,
2010-10-07,291,189,192
2010-10-07,294,249,254
2010-10-07,295,224,231
2010-10-07,296,220,224
2010-10-07,297,212,217
2010-10-07,298,205,210
2010-10-07,299,188,193
2010-10-14,5,,
2010-10-14,10,,
2010-10-14,11,475,484
2010-10-14,12,,
2010-10-14,13,312,314
2010-10-14,14,465,475
2010-10-14,15,,
2010-10-14,16,318,320
2010-10-14,17,437,447
2010-10-14,18,,
2010-10-14,20,,
2010-10-14,21,,
2010-10-14,22,,
2010-10-14,24,351,357
2010-10-14,25,,
2010-10-14,28,,
2010-10-14,30,1360,1380
2010-10-14,33,1475,1480
2010-10-14,52,208,209
2010-10-14,58,,
2010-10-14,60,,
2010-10-14,61,,
2010-10-14,62,192,195
2010-10-14,63,320,330
2010-10-14,64,,
2010-10-14,65,300,320
2010-10-14,66,,
2010-10-14,68,175,190
2010-10-14,71,118,120
2010-10-14,74,97,100
2010-10-14,76,184,185
2010-10-14,77,208,210
2010-10-14,78,,
2010-10-14,79,191,194
2010-10-14,80,,
2010-10-14,83,205,208
2010-10-14,85,180,185
2010-10-14,86,175,180
2010-10-14,87,132,133
2010-10-14,88,165,170
2010-10-14,89,139,140
2010-10-14,90,,
2010-10-14,91,181,184
2010-10-14,93,145,147
2010-10-14,95,,
2010-10-14,96,172,173
2010-10-14,97,,
2010-10-14,98,179,180
2010-10-14,99,,
2010-10-14,100,214,219
2010-10-14,102,130,131
2010-10-14,103,155,158
2010-10-14,104,146,147
2010-10-14,106,155,157
2010-10-14,108,217,219
2010-10-14,109,357,363
2010-10-14,111,362,365
2010-10-14,112,348,353
2010-10-14,118,,
2010-10-14,119,350,351
2010-10-14,120,348,349
2010-10-14,121,338,340
2010-10-14,122,335,337
2010-10-14,123,386,388
2010-10-14,124,383,385
2010-10-14,143,261,263
2010-10-14,144,185,187
2010-10-14,145,178,180
2010-10-14,151,198,201
2010-10-14,156,280,288
2010-10-14,157,,
2010-10-14,158,,
2010-10-14,159,,
2010-10-14,166,890,990
2010-10-14,168,810,910
2010-10-14,169,550,650
2010-10-14,170,550,650
2010-10-14,171,450,550
2010-10-14,172,530,630
2010-10-14,173,650,750
2010-10-14,179,333,334
2010-10-14,180,331,332
2010-10-14,184,168,170
2010-10-14,185,158,160
2010-10-14,186,133,135
2010-10-14,187,105,107
2010-10-14,188,110,112
2010-10-14,199,184,188
2010-10-14,223,159,160
2010-10-14,224,450,460
2010-10-14,225,480,490
2010-10-14,226,410,420
2010-10-14,227,280,290
2010-10-14,228,220,230
2010-10-14,231,,
2010-10-14,232,,
2010-10-14,248,261,271
2010-10-14,249,272,282
2010-10-14,250,232,237
2010-10-14,251,246,256
2010-10-14,253,250,260
2010-10-14,254,450,460
2010-10-14,255,,
2010-10-14,256,,
2010-10-14,258,381,390
2010-10-14,259,361,370
2010-10-14,260,352,360
2010-10-14,261,,
2010-10-14,262,,
2010-10-14,263,203,205
2010-10-14,265,417,428
2010-10-14,272,215,218
2010-10-14,277,342,362
2010-10-14,279,241,244
2010-10-14,282,200,205
2010-10-14,283,227,231
2010-10-14,284,216,221
2010-10-14,285,207,212
2010-10-14,290,,
2010-10-14,291,191,194
2010-10-14,294,249,254
2010-10-14,295,226,233
2010-10-14,296,222,226
2010-10-14,297,212,217
2010-10-14,298,205,210
2010-10-14,299,188,193
2010-10-21,5,,
2010-10-21,10,,
2010-10-21,11,475,484
2010-10-21,12,,
2010-10-21,13,308,310
2010-10-21,14,465,475
2010-10-21,15,,
2010-10-21,16,314,316
2010-10-21,17,437,447
2010-10-21,18,,
2010-10-21,20,,
2010-10-21,21,,
2010-10-21,22,,
2010-10-21,24,351,357
2010-10-21,25,,
2010-10-21,28,,
2010-10-21,30,1350,1370
2010-10-21,33,1475,1480
2010-10-21,52,206,207
2010-10-21,58,,
2010-10-21,60,,
2010-10-21,61,,
2010-10-21,62,192,195
2010-10-21,63,320,330
2010-10-21,64,,
2010-10-21,65,300,320
2010-10-21,66,,
2010-10-21,68,175,190
2010-10-21,71,120,122
2010-10-21,74,99,102
2010-10-21,76,189,190
2010-10-21,77,208,210
2010-10-21,78,,
2010-10-21,79,190,193
2010-10-21,80,,
2010-10-21,83,205,208
2010-10-21,85,180,185
2010-10-21,86,175,180
2010-10-21,87,138,139
2010-10-21,88,165,170
2010-10-21,89,145,146
2010-10-21,90,,
2010-10-21,91,183,186
2010-10-21,93,153,155
2010-10-21,95,,
2010-10-21,96,178,179
2010-10-21,97,,
2010-10-21,98,185,186
2010-10-21,99,,
2010-10-21,100,216,221
2010-10-21,102,136,137
2010-10-21,103,155,158
2010-10-21,104,154,155
2010-10-21,106,165,167
2010-10-21,108,217,219
2010-10-21,109,360,366
2010-10-21,111,365,368
2010-10-21,112,358,363
2010-10-21,118,,
2010-10-21,119,355,356
2010-10-21,120,353,354
2010-10-21,121,343,345
2010-10-21,122,340,342
2010-10-21,123,391,393
2010-10-21,124,388,390
2010-10-21,143,261,263
2010-10-21,144,193,195
2010-10-21,145,186,188
2010-10-21,151,198,201
2010-10-21,156,278,286
2010-10-21,157,,
2010-10-21,158,,
2010-10-21,159,,
2010-10-21,166,930,1030
2010-10-21,168,840,940
2010-10-21,169,550,650
2010-10-21,170,550,650
2010-10-21,171,470,570
2010-10-21,172,540,640
2010-10-21,173,650,750
2010-10-21,179,338,339
2010-10-21,180,336,337
2010-10-21,184,168,170
2010-10-21,185,158,160
2010-10-21,186,136,138
2010-10-21,187,108,110
2010-10-21,188,113,115
2010-10-21,199,184,188
2010-10-21,223,159,160
2010-10-21,224,470,480
2010-10-21,225,490,500
2010-10-21,226,425,435
2010-10-21,227,280,290
2010-10-21,228,230,240
2010-10-21,231,,
2010-10-21,232,,
2010-10-21,248,261,271
2010-10-21,249,272,282
2010-10-21,250,232,237
2010-10-21,251,246,256
2010-10-21,253,250,260
2010-10-21,254,455,465
2010-10-21,255,,
2010-10-21,256,,
2010-10-21,258,381,390
2010-10-21,259,361,370
2010-10-21,260,352,360
2010-10-21,261,,
2010-10-21,262,,
2010-10-21,263,203,205
2010-10-21,265,417,428
2010-10-21,272,213,216
2010-10-21,277,342,362
2010-10-21,279,241,244
2010-10-21,282,200,205
2010-10-21,283,227,231
2010-10-21,284,216,221
2010-10-21,285,207,212
2010-10-21,290,,
2010-10-21,291,191,194
2010-10-21,294,249,254
2010-10-21,295,224,231
2010-10-21,296,220,224
2010-10-21,297,212,217
2010-10-21,298,205,210
2010-10-21,299,188,193
2010-10-28,5,,
2010-10-28,10,,
2010-10-28,11,475,484
2010-10-28,12,,
2010-10-28,13,308,310
2010-10-28,14,465,475
2010-10-28,15,,
2010-10-28,16,314,316
2010-10-28,17,437,447
2010-10-28,18,,
2010-10-28,20,,
2010-10-28,21,,
2010-10-28,22,,
2010-10-28,24,351,357
2010-10-28,25,,
2010-10-28,28,,
2010-10-28,30,1320,1340
2010-10-28,33,1465,1470
2010-10-28,52,206,207
2010-10-28,58,,
2010-10-28,60,,
2010-10-28,61,,
2010-10-28,62,197,200
2010-10-28,63,325,335
2010-10-28,64,,
2010-10-28,65,305,325
2010-10-28,66,,
2010-10-28,68,180,195
2010-10-28,71,127,129
2010-10-28,74,106,109
2010-10-28,76,189,190
2010-10-28,77,208,210
2010-10-28,78,,
2010-10-28,79,190,193
2010-10-28,80,,
2010-10-28,83,205,208
2010-10-28,85,180,185
2010-10-28,86,175,180
2010-10-28,87,148,149
2010-10-28,88,165,170
2010-10-28,89,155,156
2010-10-28,90,,
2010-10-28,91,187,190
2010-10-28,93,163,165
2010-10-28,95,,
2010-10-28,96,188,189
2010-10-28,97,,
2010-10-28,98,195,196
2010-10-28,99,,
2010-10-28,100,220,225
2010-10-28,102,146,147
2010-10-28,103,155,158
2010-10-28,104,164,165
2010-10-28,106,175,177
2010-10-28,108,217,219
2010-10-28,109,360,366
2010-10-28,111,367,370
2010-10-28,112,365,370
2010-10-28,118,,
2010-10-28,119,358,359
2010-10-28,120,356,357
2010-10-28,121,346,348
2010-10-28,122,343,345
2010-10-28,123,394,396
2010-10-28,124,391,393
2010-10-28,143,261,263
2010-10-28,144,197,199
2010-10-28,145,190,192
2010-10-28,151,198,201
2010-10-28,156,278,286
2010-10-28,157,,
2010-10-28,158,,
2010-10-28,159,,
2010-10-28,166,930,1030
2010-10-28,168,860,960
2010-10-28,169,550,650
2010-10-28,170,550,650
2010-10-28,171,530,630
2010-10-28,172,540,640
2010-10-28,173,650,750
2010-10-28,179,341,342
2010-10-28,180,339,340
2010-10-28,184,168,170
2010-10-28,185,158,160
2010-10-28,186,136,138
2010-10-28,187,108,110
2010-10-28,188,113,115
2010-10-28,199,184,188
2010-10-28,223,159,160
2010-10-28,224,470,480
2010-10-28,225,490,500
2010-10-28,226,435,445
2010-10-28,227,280,290
2010-10-28,228,260,270
2010-10-28,231,,
2010-10-28,232,,
2010-10-28,248,261,271
2010-10-28,249,272,282
2010-10-28,250,232,237
2010-10-28,251,246,256
2010-10-28,253,250,260
2010-10-28,254,455,465
2010-10-28,255,,
2010-10-28,256,,
2010-10-28,258,381,390
2010-10-28,259,361,370
2010-10-28,260,352,360
2010-10-28,261,357,360
2010-10-28,262,,
2010-10-28,263,203,205
2010-10-28,265,417,428
2010-10-28,272,213,216
2010-10-28,277,342,362
2010-10-28,279,241,244
2010-10-28,282,200,205
2010-10-28,283,227,231
2010-10-28,284,216,221
2010-10-28,285,207,212
2010-10-28,290,,
2010-10-28,291,191,194
2010-10-28,294,249,254
2010-10-28,295,224,231
2010-10-28,296,220,224
2010-10-28,297,212,217
2010-10-28,298,205,210
2010-10-28,299,188,193
2010-11-04,5,,
2010-11-04,10,,
2010-11-04,11,475,484
2010-11-04,12,,
2010-11-04,13,308,310
2010-11-04,14,465,475
2010-11-04,15,,
2010-11-04,16,314,316
2010-11-04,17,437,447
2010-11-04,18,,
2010-11-04,20,,
2010-11-04,21,,
2010-11-04,22,,
2010-11-04,24,351,357
2010-11-04,25,,
2010-11-04,28,,
2010-11-04,30,1300,1320
2010-11-04,33,1465,1470
2010-11-04,52,208,209
2010-11-04,58,,
2010-11-04,60,,
2010-11-04,61,,
2010-11-04,62,197,200
2010-11-04,63,330,340
2010-11-04,64,,
2010-11-04,65,310,330
2010-11-04,66,,
2010-11-04,68,185,200
2010-11-04,71,132,134
2010-11-04,74,111,114
2010-11-04,76,184,185
2010-11-04,77,210,212
2010-11-04,78,,
2010-11-04,79,192,195
2010-11-04,80,,
2010-11-04,83,205,208
2010-11-04,85,180,185
2010-11-04,86,175,180
2010-11-04,87,158,159
2010-11-04,88,165,170
2010-11-04,89,165,166
2010-11-04,90,,
2010-11-04,91,191,194
2010-11-04,93,173,175
2010-11-04,95,,
2010-11-04,96,198,199
2010-11-04,97,,
2010-11-04,98,205,206
2010-11-04,99,,
2010-11-04,100,224,229
2010-11-04,102,156,157
2010-11-04,103,155,158
2010-11-04,104,174,175
2010-11-04,106,185,187
2010-11-04,108,219,221
2010-11-04,109,358,364
2010-11-04,111,362,365
2010-11-04,112,365,370
2010-11-04,118,,
2010-11-04,119,354,355
2010-11-04,120,352,353
2010-11-04,121,342,344
2010-11-04,122,339,341
2010-11-04,123,390,392
2010-11-04,124,387,389
2010-11-04,143,263,265
2010-11-04,144,197,199
2010-11-04,145,190,192
2010-11-04,151,200,203
2010-11-04,156,278,286
2010-11-04,157,,
2010-11-04,158,,
2010-11-04,159,,
2010-11-04,166,970,1070
2010-11-04,168,890,990
2010-11-04,169,630,730
2010-11-04,170,630,730
2010-11-04,171,550,650
2010-11-04,172,550,650
2010-11-04,173,730,830
2010-11-04,179,337,338
2010-11-04,180,335,336
2010-11-04,184,168,170
2010-11-04,185,158,160
2010-11-04,186,136,138
2010-11-04,187,108,110
2010-11-04,188,113,115
2010-11-04,199,186,190
2010-11-04,223,159,160
2010-11-04,224,490,500
2010-11-04,225,510,520
2010-11-04,226,450,460
2010-11-04,227,320,330
2010-11-04,228,270,280
2010-11-04,231,,
2010-11-04,232,,
2010-11-04,248,261,271
2010-11-04,249,270,277
2010-11-04,250,235,240
2010-11-04,251,250,258
2010-11-04,253,250,260
2010-11-04,254,458,468
2010-11-04,255,,
2010-11-04,256,,
2010-11-04,258,381,390
2010-11-04,259,361,370
2010-11-04,260,352,360
2010-11-04,261,352,355
2010-11-04,262,,
2010-11-04,263,205,207
2010-11-04,265,417,428
2010-11-04,272,213,216
2010-11-04,277,342,362
2010-11-04,279,241,244
2010-11-04,282,200,205
2010-11-04,283,227,231
2010-11-04,284,216,221
2010-11-04,285,207,212
2010-11-04,290,,
2010-11-04,291,193,196
2010-11-04,294,249,254
2010-11-04,295,224,231
2010-11-04,296,220,224
2010-11-04,297,212,217
2010-11-04,298,205,210
2010-11-04,299,188,193
2010-11-11,5,,
2010-11-11,10,,
2010-11-11,11,475,484
2010-11-11,12,,
2010-11-11,13,308,310
2010-11-11,14,465,475
2010-11-11,15,,
2010-11-11,16,314,316
2010-11-11,17,437,447
2010-11-11,18,,
2010-11-11,20,,
2010-11-11,21,,
2010-11-11,22,,
2010-11-11,24,351,357
2010-11-11,25,,
2010-11-11,28,,
2010-11-11,30,1300,1320
2010-11-11,33,1465,1470
2010-11-11,52,214,215
2010-11-11,58,,
2010-11-11,60,,
2010-11-11,61,,
2010-11-11,62,200,203
2010-11-11,63,330,340
2010-11-11,64,,
2010-11-11,65,310,330
2010-11-11,66,,
2010-11-11,68,185,200
2010-11-11,71,140,142
2010-11-11,74,119,122
2010-11-11,76,189,190
2010-11-11,77,213,215
2010-11-11,78,,
2010-11-11,79,198,201
2010-11-11,80,,
2010-11-11,83,211,214
2010-11-11,85,185,190
2010-11-11,86,180,185
2010-11-11,87,170,171
2010-11-11,88,170,175
2010-11-11,89,177,178
2010-11-11,90,,
2010-11-11,91,197,200
2010-11-11,93,180,182
2010-11-11,95,,
2010-11-11,96,210,211
2010-11-11,97,,
2010-11-11,98,217,218
2010-11-11,99,,
2010-11-11,100,230,235
2010-11-11,102,168,169
2010-11-11,103,155,158
2010-11-11,104,181,182
2010-11-11,106,192,194
2010-11-11,108,225,227
2010-11-11,109,367,373
2010-11-11,111,377,380
2010-11-11,112,370,375
2010-11-11,118,,
2010-11-11,119,374,375
2010-11-11,120,372,373
2010-11-11,121,362,364
2010-11-11,122,359,361
2010-11-11,123,410,412
2010-11-11,124,407,409
2010-11-11,143,269,271
2010-11-11,144,197,199
2010-11-11,145,193,195
2010-11-11,151,205,208
2010-11-11,156,281,289
2010-11-11,157,,
2010-11-11,158,,
2010-11-11,159,,
2010-11-11,166,970,1070
2010-11-11,168,890,990
2010-11-11,169,630,730
2010-11-11,170,630,730
2010-11-11,171,550,650
2010-11-11,172,550,650
2010-11-11,173,730,830
2010-11-11,179,357,358
2010-11-11,180,355,356
2010-11-11,184,170,172
2010-11-11,185,160,162
2010-11-11,186,138,140
2010-11-11,187,110,112
2010-11-11,188,115,117
2010-11-11,199,191,195
2010-11-11,223,159,160
2010-11-11,224,490,500
2010-11-11,225,520,530
2010-11-11,226,450,460
2010-11-11,227,320,330
2010-11-11,228,270,280
2010-11-11,231,,
2010-11-11,232,,
2010-11-11,248,266,276
2010-11-11,249,273,280
2010-11-11,250,241,246
2010-11-11,251,256,264
2010-11-11,253,250,260
2010-11-11,254,466,476
2010-11-11,255,,
2010-11-11,256,,
2010-11-11,258,381,390
2010-11-11,259,361,370
2010-11-11,260,352,360
2010-11-11,261,362,365
2010-11-11,262,,
2010-11-11,263,210,212
2010-11-11,265,417,428
2010-11-11,272,217,220
2010-11-11,277,342,362
2010-11-11,279,247,250
2010-11-11,282,200,205
2010-11-11,283,227,231
2010-11-11,284,216,221
2010-11-11,285,207,212
2010-11-11,290,,
2010-11-11,291,198,201
2010-11-11,294,254,259
2010-11-11,295,228,235
2010-11-11,296,226,230
2010-11-11,297,212,217
2010-11-11,298,205,210
2010-11-11,299,188,193
2010-11-18,5,,
2010-11-18,10,,
2010-11-18,11,475,484
2010-11-18,12,,
2010-11-18,13,308,310
2010-11-18,14,465,475
2010-11-18,15,,
2010-11-18,16,314,316
2010-11-18,17,437,447
2010-11-18,18,,
2010-11-18,20,,
2010-11-18,21,,
2010-11-18,22,,
2010-11-18,24,351,357
2010-11-18,25,,
2010-11-18,28,,
2010-11-18,30,1280,1300
2010-11-18,33,1465,1470
2010-11-18,52,214,215
2010-11-18,58,,
2010-11-18,60,,
2010-11-18,61,,
2010-11-18,62,200,203
2010-11-18,63,330,340
2010-11-18,64,,
2010-11-18,65,310,330
2010-11-18,66,,
2010-11-18,68,185,200
2010-11-18,71,145,147
2010-11-18,74,124,127
2010-11-18,76,189,190
2010-11-18,77,215,217
2010-11-18,78,,
2010-11-18,79,200,203
2010-11-18,80,,
2010-11-18,83,211,214
2010-11-18,85,185,190
2010-11-18,86,180,185
2010-11-18,87,173,174
2010-11-18,88,170,175
2010-11-18,89,180,181
2010-11-18,90,,
2010-11-18,91,202,205
2010-11-18,93,183,185
2010-11-18,95,,
2010-11-18,96,213,214
2010-11-18,97,,
2010-11-18,98,220,221
2010-11-18,99,,
2010-11-18,100,235,240
2010-11-18,102,171,172
2010-11-18,103,155,158
2010-11-18,104,184,185
2010-11-18,106,198,200
2010-11-18,108,230,232
2010-11-18,109,364,370
2010-11-18,111,371,374
2010-11-18,112,370,375
2010-11-18,118,,
2010-11-18,119,359,360
2010-11-18,120,357,358
2010-11-18,121,347,349
2010-11-18,122,344,346
2010-11-18,123,395,397
2010-11-18,124,392,394
2010-11-18,143,269,271
2010-11-18,144,197,199
2010-11-18,145,193,195
2010-11-18,151,207,210
2010-11-18,156,279,287
2010-11-18,157,,
2010-11-18,158,,
2010-11-18,159,,
2010-11-18,166,970,1070
2010-11-18,168,890,990
2010-11-18,169,630,730
2010-11-18,170,630,730
2010-11-18,171,550,650
2010-11-18,172,580,680
2010-11-18,173,730,830
2010-11-18,179,342,343
2010-11-18,180,340,341
2010-11-18,184,170,172
2010-11-18,185,160,162
2010-11-18,186,138,140
2010-11-18,187,110,112
2010-11-18,188,115,117
2010-11-18,199,193,197
2010-11-18,223,159,160
2010-11-18,224,490,500
2010-11-18,225,520,530
2010-11-18,226,450,460
2010-11-18,227,320,330
2010-11-18,228,270,280
2010-11-18,231,,
2010-11-18,232,,
2010-11-18,248,271,281
2010-11-18,249,273,280
2010-11-18,250,245,250
2010-11-18,251,256,264
2010-11-18,253,250,260
2010-11-18,254,466,476
2010-11-18,255,,
2010-11-18,256,,
2010-11-18,258,381,390
2010-11-18,259,361,370
2010-11-18,260,352,360
2010-11-18,261,355,358
2010-11-18,262,,
2010-11-18,263,212,214
2010-11-18,265,417,428
2010-11-18,272,219,222
2010-11-18,277,342,362
2010-11-18,279,244,247
2010-11-18,282,200,205
2010-11-18,283,227,231
2010-11-18,284,216,221
2010-11-18,285,207,212
2010-11-18,290,,
2010-11-18,291,200,203
2010-11-18,294,254,259
2010-11-18,295,230,237
2010-11-18,296,228,232
2010-11-18,297,212,217
2010-11-18,298,205,210
2010-11-18,299,188,193
2010-11-25,11,475,484
2010-11-25,13,308,310
2010-11-25,14,465,475
2010-11-25,16,314,316
2010-11-25,17,437,447
2010-11-25,21,,
2010-11-25,24,341,347
2010-11-25,28,,
2010-11-25,30,1280,1300
2010-11-25,33,1465,1470
2010-11-25,52,212,213
2010-11-25,58,,
2010-11-25,60,,
2010-11-25,61,,
2010-11-25,62,203,206
2010-11-25,63,330,340
2010-11-25,64,,
2010-11-25,65,310,330
2010-11-25,66,,
2010-11-25,68,185,200
2010-11-25,71,150,152
2010-11-25,74,129,132
2010-11-25,76,194,195
2010-11-25,77,218,220
2010-11-25,78,,
2010-11-25,79,200,203
2010-11-25,80,,
2010-11-25,83,211,214
2010-11-25,85,185,190
2010-11-25,86,180,185
2010-11-25,87,169,170
2010-11-25,88,170,175
2010-11-25,89,176,177
2010-11-25,90,,
2010-11-25,91,198,201
2010-11-25,93,179,181
2010-11-25,95,,
2010-11-25,96,209,210
2010-11-25,97,,
2010-11-25,98,216,217
2010-11-25,99,,
2010-11-25,100,231,236
2010-11-25,102,167,168
2010-11-25,103,160,163
2010-11-25,104,180,181
2010-11-25,106,198,200
2010-11-25,108,230,232
2010-11-25,109,366,372
2010-11-25,111,373,376
2010-11-25,112,370,375
2010-11-25,118,,
2010-11-25,119,371,372
2010-11-25,120,369,370
2010-11-25,121,359,361
2010-11-25,122,356,358
2010-11-25,123,415,417
2010-11-25,124,412,414
2010-11-25,143,269,271
2010-11-25,144,192,194
2010-11-25,145,188,190
2010-11-25,151,210,213
2010-11-25,156,279,287
2010-11-25,157,,
2010-11-25,158,,
2010-11-25,159,,
2010-11-25,166,970,1070
2010-11-25,168,890,990
2010-11-25,169,630,730
2010-11-25,170,630,730
2010-11-25,171,550,650
2010-11-25,172,580,680
2010-11-25,173,730,830
2010-11-25,179,354,355
2010-11-25,180,352,353
2010-11-25,184,170,172
2010-11-25,185,160,162
2010-11-25,186,138,140
2010-11-25,187,110,112
2010-11-25,188,115,117
2010-11-25,199,196,200
2010-11-25,223,164,165
2010-11-25,224,490,500
2010-11-25,225,520,530
2010-11-25,226,450,460
2010-11-25,227,320,330
2010-11-25,228,270,280
2010-11-25,231,,
2010-11-25,232,,
2010-11-25,248,271,281
2010-11-25,249,273,280
2010-11-25,250,248,253
2010-11-25,251,256,264
2010-11-25,253,250,260
2010-11-25,254,466,476
2010-11-25,255,,
2010-11-25,256,,
2010-11-25,258,381,390
2010-11-25,259,361,370
2010-11-25,260,352,360
2010-11-25,261,357,360
2010-11-25,262,,
2010-11-25,263,215,217
2010-11-25,265,407,418
2010-11-25,272,221,224
2010-11-25,277,342,362
2010-11-25,279,244,247
2010-11-25,282,200,205
2010-11-25,283,227,231
2010-11-25,284,216,221
2010-11-25,285,207,212
2010-11-25,290,,
2010-11-25,291,203,206
2010-11-25,294,254,259
2010-11-25,295,232,239
2010-11-25,296,230,234
2010-11-25,297,212,217
2010-11-25,298,205,210
2010-11-25,299,188,193
2010-11-25,300,122,127
2010-11-25,301,105,115
2010-11-25,302,110,120
2010-11-25,303,105,110
2010-11-25,304,110,115
2010-11-25,305,85,90
2010-11-25,306,67,72
2010-11-25,307,72,77
2010-12-02,11,475,484
2010-12-02,13,315,317
2010-12-02,14,465,475
2010-12-02,16,321,323
2010-12-02,17,437,447
2010-12-02,21,,
2010-12-02,24,341,347
2010-12-02,28,,
2010-12-02,30,1280,1300
2010-12-02,33,1435,1440
2010-12-02,52,215,216
2010-12-02,58,,
2010-12-02,60,,
2010-12-02,61,,
2010-12-02,62,203,206
2010-12-02,63,330,340
2010-12-02,64,,
2010-12-02,65,310,330
2010-12-02,66,,
2010-12-02,68,185,200
2010-12-02,71,158,160
2010-12-02,74,137,140
2010-12-02,76,194,195
2010-12-02,77,223,225
2010-12-02,78,,
2010-12-02,79,202,205
2010-12-02,80,,
2010-12-02,83,217,220
2010-12-02,85,185,190
2010-12-02,86,180,185
2010-12-02,87,169,170
2010-12-02,88,170,175
2010-12-02,89,176,177
2010-12-02,90,,
2010-12-02,91,198,201
2010-12-02,93,179,181
2010-12-02,95,,
2010-12-02,96,209,210
2010-12-02,97,,
2010-12-02,98,216,217
2010-12-02,99,,
2010-12-02,100,231,236
2010-12-02,102,167,168
2010-12-02,103,160,163
2010-12-02,104,180,181
2010-12-02,106,198,200
2010-12-02,108,230,232
2010-12-02,109,374,380
2010-12-02,111,381,384
2010-12-02,112,,
2010-12-02,118,,
2010-12-02,119,381,382
2010-12-02,120,379,380
2010-12-02,121,369,371
2010-12-02,122,366,368
2010-12-02,123,420,422
2010-12-02,124,417,419
2010-12-02,143,271,273
2010-12-02,144,192,194
2010-12-02,145,188,190
2010-12-02,151,215,218
2010-12-02,156,284,292
2010-12-02,157,,
2010-12-02,158,,
2010-12-02,159,,
2010-12-02,166,970,1070
2010-12-02,168,870,970
2010-12-02,169,630,730
2010-12-02,170,630,730
2010-12-02,171,530,630
2010-12-02,172,580,680
2010-12-02,173,730,830
2010-12-02,179,364,365
2010-12-02,180,362,363
2010-12-02,184,170,172
2010-12-02,185,160,162
2010-12-02,186,138,140
2010-12-02,187,110,112
2010-12-02,188,115,117
2010-12-02,199,201,205
2010-12-02,223,164,165
2010-12-02,224,490,500
2010-12-02,225,530,540
2010-12-02,226,440,450
2010-12-02,227,320,330
2010-12-02,228,260,270
2010-12-02,231,,
2010-12-02,232,,
2010-12-02,248,278,288
2010-12-02,249,280,287
2010-12-02,250,253,258
2010-12-02,251,256,264
2010-12-02,253,260,270
2010-12-02,254,476,486
2010-12-02,255,,
2010-12-02,256,,
2010-12-02,258,381,390
2010-12-02,259,361,370
2010-12-02,260,352,360
2010-12-02,261,365,368
2010-12-02,262,,
2010-12-02,263,220,222
2010-12-02,265,407,418
2010-12-02,272,226,229
2010-12-02,277,342,362
2010-12-02,279,254,257
2010-12-02,282,207,212
2010-12-02,283,234,238
2010-12-02,284,223,228
2010-12-02,285,214,219
2010-12-02,290,,
2010-12-02,291,208,211
2010-12-02,294,257,262
2010-12-02,295,235,242
2010-12-02,296,235,239
2010-12-02,297,219,224
2010-12-02,298,212,217
2010-12-02,299,195,200
2010-12-02,300,125,130
2010-12-02,301,105,115
2010-12-02,302,110,120
2010-12-02,303,105,110
2010-12-02,304,110,115
2010-12-02,305,85,90
2010-12-02,306,67,72
2010-12-02,307,72,77
2010-12-09,11,485,494
2010-12-09,13,323,325
2010-12-09,14,475,485
2010-12-09,16,329,331
2010-12-09,17,447,457
2010-12-09,21,,
2010-12-09,24,347,353
2010-12-09,28,,
2010-12-09,30,1280,1300
2010-12-09,33,1435,1440
2010-12-09,52,220,221
2010-12-09,58,,
2010-12-09,60,,
2010-12-09,61,,
2010-12-09,62,203,206
2010-12-09,63,340,350
2010-12-09,64,,
2010-12-09,65,320,335
2010-12-09,66,,
2010-12-09,68,195,210
2010-12-09,71,168,170
2010-12-09,74,147,150
2010-12-09,76,194,195
2010-12-09,77,233,235
2010-12-09,78,,
2010-12-09,79,208,211
2010-12-09,80,,
2010-12-09,83,227,230
2010-12-09,85,185,190
2010-12-09,86,180,185
2010-12-09,87,171,172
2010-12-09,88,170,175
2010-12-09,89,178,179
2010-12-09,90,,
2010-12-09,91,203,206
2010-12-09,93,179,181
2010-12-09,95,,
2010-12-09,96,211,212
2010-12-09,97,,
2010-12-09,98,218,219
2010-12-09,99,,
2010-12-09,100,236,241
2010-12-09,102,169,170
2010-12-09,103,160,163
2010-12-09,104,180,181
2010-12-09,106,203,205
2010-12-09,108,235,237
2010-12-09,109,374,380
2010-12-09,111,381,384
2010-12-09,112,,
2010-12-09,118,,
2010-12-09,119,376,377
2010-12-09,120,374,375
2010-12-09,121,369,371
2010-12-09,122,366,368
2010-12-09,123,410,412
2010-12-09,124,407,409
2010-12-09,143,276,278
2010-12-09,144,,
2010-12-09,145,188,190
2010-12-09,151,223,226
2010-12-09,156,293,301
2010-12-09,157,,
2010-12-09,158,,
2010-12-09,159,,
2010-12-09,166,970,1070
2010-12-09,168,860,960
2010-12-09,169,630,730
2010-12-09,170,630,730
2010-12-09,171,530,630
2010-12-09,172,580,680
2010-12-09,173,730,830
2010-12-09,179,364,365
2010-12-09,180,362,363
2010-12-09,184,170,172
2010-12-09,185,160,162
2010-12-09,186,138,140
2010-12-09,187,110,112
2010-12-09,188,115,117
2010-12-09,199,209,213
2010-12-09,223,164,165
2010-12-09,224,490,500
2010-12-09,225,540,550
2010-12-09,226,435,445
2010-12-09,227,320,330
2010-12-09,228,260,270
2010-12-09,231,,
2010-12-09,232,,
2010-12-09,248,288,298
2010-12-09,249,290,297
2010-12-09,250,263,268
2010-12-09,251,261,269
2010-12-09,253,270,280
2010-12-09,254,483,493
2010-12-09,255,,
2010-12-09,256,,
2010-12-09,258,396,405
2010-12-09,259,376,385
2010-12-09,260,367,375
2010-12-09,261,365,368
2010-12-09,262,,
2010-12-09,263,228,230
2010-12-09,265,413,424
2010-12-09,272,236,239
2010-12-09,277,344,364
2010-12-09,279,264,267
2010-12-09,282,210,215
2010-12-09,283,237,241
2010-12-09,284,226,231
2010-12-09,285,217,222
2010-12-09,290,,
2010-12-09,291,216,219
2010-12-09,294,267,272
2010-12-09,295,245,252
2010-12-09,296,245,249
2010-12-09,297,222,227
2010-12-09,298,215,220
2010-12-09,299,,
2010-12-09,300,127,132
2010-12-09,301,107,117
2010-12-09,302,112,122
2010-12-09,303,107,112
2010-12-09,304,112,117
2010-12-09,305,87,92
2010-12-09,306,70,75
2010-12-09,307,75,80
2010-12-16,11,500,509
2010-12-16,13,323,325
2010-12-16,14,490,500
2010-12-16,16,329,331
2010-12-16,17,462,472
2010-12-16,21,,
2010-12-16,24,367,373
2010-12-16,28,,
2010-12-16,30,1280,1300
2010-12-16,33,1435,1440
2010-12-16,52,226,227
2010-12-16,58,,
2010-12-16,60,,
2010-12-16,61,,
2010-12-16,62,213,216
2010-12-16,63,340,350
2010-12-16,64,,
2010-12-16,65,325,340
2010-12-16,66,,
2010-12-16,68,200,215
2010-12-16,71,173,175
2010-12-16,74,152,155
2010-12-16,76,194,195
2010-12-16,77,245,247
2010-12-16,78,,
2010-12-16,79,218,221
2010-12-16,80,,
2010-12-16,83,242,245
2010-12-16,85,195,200
2010-12-16,86,190,195
2010-12-16,87,171,172
2010-12-16,88,180,185
2010-12-16,89,178,179
2010-12-16,90,,
2010-12-16,91,207,210
2010-12-16,93,178,180
2010-12-16,95,,
2010-12-16,96,211,212
2010-12-16,97,,
2010-12-16,98,218,219
2010-12-16,99,,
2010-12-16,100,240,245
2010-12-16,102,169,170
2010-12-16,103,160,163
2010-12-16,104,179,180
2010-12-16,106,207,209
2010-12-16,108,243,245
2010-12-16,109,380,386
2010-12-16,111,387,390
2010-12-16,112,,
2010-12-16,118,,
2010-12-16,119,378,379
2010-12-16,120,376,377
2010-12-16,121,371,373
2010-12-16,122,368,370
2010-12-16,123,412,414
2010-12-16,124,409,411
2010-12-16,143,282,284
2010-12-16,144,,
2010-12-16,145,188,190
2010-12-16,151,235,238
2010-12-16,156,302,310
2010-12-16,157,,
2010-12-16,158,,
2010-12-16,159,,
2010-12-16,166,990,1090
2010-12-16,168,860,960
2010-12-16,169,630,730
2010-12-16,170,630,730
2010-12-16,171,530,630
2010-12-16,172,580,680
2010-12-16,173,730,830
2010-12-16,179,366,367
2010-12-16,180,364,365
2010-12-16,184,173,175
2010-12-16,185,163,165
2010-12-16,186,141,143
2010-12-16,187,110,112
2010-12-16,188,115,117
2010-12-16,199,221,225
2010-12-16,223,164,165
2010-12-16,224,500,510
2010-12-16,225,555,565
2010-12-16,226,435,445
2010-12-16,227,320,330
2010-12-16,228,260,270
2010-12-16,231,,
2010-12-16,232,,
2010-12-16,248,298,308
2010-12-16,249,297,304
2010-12-16,250,273,278
2010-12-16,251,267,275
2010-12-16,253,270,280
2010-12-16,254,483,493
2010-12-16,255,,
2010-12-16,256,,
2010-12-16,258,406,415
2010-12-16,259,386,395
2010-12-16,260,377,385
2010-12-16,261,371,374
2010-12-16,262,,
2010-12-16,263,240,242
2010-12-16,265,433,444
2010-12-16,272,251,254
2010-12-16,277,347,367
2010-12-16,279,268,271
2010-12-16,282,225,230
2010-12-16,283,252,256
2010-12-16,284,241,246
2010-12-16,285,232,237
2010-12-16,290,,
2010-12-16,291,228,231
2010-12-16,294,279,284
2010-12-16,295,257,264
2010-12-16,296,259,263
2010-12-16,297,237,242
2010-12-16,298,230,235
2010-12-16,299,,
2010-12-16,300,127,132
2010-12-16,301,107,117
2010-12-16,302,112,122
2010-12-16,303,107,112
2010-12-16,304,112,117
2010-12-16,305,87,92
2010-12-16,306,70,75
2010-12-16,307,75,80
2010-12-23,11,515,524
2010-12-23,13,331,333
2010-12-23,14,505,515
2010-12-23,16,337,339
2010-12-23,17,477,487
2010-12-23,21,,
2010-12-23,24,379,385
2010-12-23,28,,
2010-12-23,30,1280,1300
2010-12-23,33,1435,1440
2010-12-23,52,234,235
2010-12-23,58,,
2010-12-23,60,,
2010-12-23,61,,
2010-12-23,62,213,216
2010-12-23,63,340,350
2010-12-23,64,,
2010-12-23,65,325,340
2010-12-23,66,,
2010-12-23,68,200,215
2010-12-23,71,178,180
2010-12-23,74,157,160
2010-12-23,76,194,195
2010-12-23,77,257,259
2010-12-23,78,,
2010-12-23,79,228,231
2010-12-23,80,,
2010-12-23,83,257,260
2010-12-23,85,195,200
2010-12-23,86,190,195
2010-12-23,87,174,175
2010-12-23,88,180,185
2010-12-23,89,181,182
2010-12-23,90,,
2010-12-23,91,212,215
2010-12-23,93,178,180
2010-12-23,95,,
2010-12-23,96,214,215
2010-12-23,97,,
2010-12-23,98,221,222
2010-12-23,99,,
2010-12-23,100,245,250
2010-12-23,102,172,173
2010-12-23,103,160,163
2010-12-23,104,179,180
2010-12-23,106,210,212
2010-12-23,108,248,250
2010-12-23,109,392,398
2010-12-23,111,399,402
2010-12-23,112,,
2010-12-23,118,,
2010-12-23,119,384,385
2010-12-23,120,382,383
2010-12-23,121,377,379
2010-12-23,122,374,376
2010-12-23,123,418,420
2010-12-23,124,415,417
2010-12-23,143,290,292
2010-12-23,144,,
2010-12-23,145,188,190
2010-12-23,151,247,250
2010-12-23,156,310,318
2010-12-23,157,,
2010-12-23,158,,
2010-12-23,159,,
2010-12-23,166,1010,1110
2010-12-23,168,860,960
2010-12-23,169,630,730
2010-12-23,170,630,730
2010-12-23,171,530,630
2010-12-23,172,580,680
2010-12-23,173,730,830
2010-12-23,179,372,373
2010-12-23,180,370,371
2010-12-23,184,173,175
2010-12-23,185,163,165
2010-12-23,186,141,143
2010-12-23,187,110,112
2010-12-23,188,115,117
2010-12-23,199,233,237
2010-12-23,223,164,165
2010-12-23,224,510,520
2010-12-23,225,565,575
2010-12-23,226,435,445
2010-12-23,227,320,330
2010-12-23,228,260,270
2010-12-23,231,,
2010-12-23,232,,
2010-12-23,248,308,318
2010-12-23,249,301,308
2010-12-23,250,281,286
2010-12-23,251,277,285
2010-12-23,253,275,285
2010-12-23,254,493,503
2010-12-23,255,,
2010-12-23,256,,
2010-12-23,258,421,430
2010-12-23,259,401,410
2010-12-23,260,392,400
2010-12-23,261,383,386
2010-12-23,262,,
2010-12-23,263,252,254
2010-12-23,265,445,456
2010-12-23,272,261,264
2010-12-23,277,350,370
2010-12-23,279,276,279
2010-12-23,282,240,245
2010-12-23,283,267,271
2010-12-23,284,256,261
2010-12-23,285,247,252
2010-12-23,290,,
2010-12-23,291,240,243
2010-12-23,294,289,294
2010-12-23,295,267,274
2010-12-23,296,269,273
2010-12-23,297,252,257
2010-12-23,298,245,250
2010-12-23,299,,
2010-12-23,300,127,132
2010-12-23,301,107,117
2010-12-23,302,112,122
2010-12-23,303,107,112
2010-12-23,304,112,117
2010-12-23,305,87,92
2010-12-23,306,70,75
2010-12-23,307,75,80
2010-12-30,11,520,529
2010-12-30,13,331,333
2010-12-30,14,510,520
2010-12-30,16,337,339
2010-12-30,17,482,492
2010-12-30,21,,
2010-12-30,24,384,390
2010-12-30,28,,
2010-12-30,30,1280,1300
2010-12-30,33,1435,1440
2010-12-30,52,242,243
2010-12-30,58,,
2010-12-30,60,,
2010-12-30,61,,
2010-12-30,62,213,216
2010-12-30,63,340,350
2010-12-30,64,,
2010-12-30,65,325,340
2010-12-30,66,,
2010-12-30,68,205,220
2010-12-30,71,178,180
2010-12-30,74,157,160
2010-12-30,76,194,195
2010-12-30,77,265,267
2010-12-30,78,,
2010-12-30,79,238,241
2010-12-30,80,,
2010-12-30,83,267,270
2010-12-30,85,195,200
2010-12-30,86,190,195
2010-12-30,87,177,178
2010-12-30,88,180,185
2010-12-30,89,184,185
2010-12-30,90,,
2010-12-30,91,217,220
2010-12-30,93,178,180
2010-12-30,95,,
2010-12-30,96,217,218
2010-12-30,97,,
2010-12-30,98,224,225
2010-12-30,99,,
2010-12-30,100,250,255
2010-12-30,102,175,176
2010-12-30,103,160,163
2010-12-30,104,179,180
2010-12-30,106,213,215
2010-12-30,108,253,255
2010-12-30,109,402,408
2010-12-30,111,409,412
2010-12-30,112,,
2010-12-30,118,,
2010-12-30,119,390,391
2010-12-30,120,388,389
2010-12-30,121,387,389
2010-12-30,122,384,386
2010-12-30,123,428,430
2010-12-30,124,425,427
2010-12-30,143,298,300
2010-12-30,144,,
2010-12-30,145,193,195
2010-12-30,151,255,258
2010-12-30,156,312,320
2010-12-30,157,,
2010-12-30,158,,
2010-12-30,159,,
2010-12-30,166,1040,1140
2010-12-30,168,860,960
2010-12-30,169,630,730
2010-12-30,170,630,730
2010-12-30,171,530,630
2010-12-30,172,580,680
2010-12-30,173,730,830
2010-12-30,179,378,379
2010-12-30,180,376,377
2010-12-30,184,173,175
2010-12-30,185,163,165
2010-12-30,186,141,143
2010-12-30,187,113,115
2010-12-30,188,120,122
2010-12-30,199,241,245
2010-12-30,223,164,165
2010-12-30,224,525,535
2010-12-30,225,565,575
2010-12-30,226,435,445
2010-12-30,227,320,330
2010-12-30,228,260,270
2010-12-30,231,,
2010-12-30,232,,
2010-12-30,248,318,328
2010-12-30,249,306,313
2010-12-30,250,289,294
2010-12-30,251,287,295
2010-12-30,253,284,294
2010-12-30,254,513,523
2010-12-30,255,,
2010-12-30,256,,
2010-12-30,258,426,435
2010-12-30,259,406,415
2010-12-30,260,397,405
2010-12-30,261,393,396
2010-12-30,262,,
2010-12-30,263,260,262
2010-12-30,265,450,461
2010-12-30,272,263,266
2010-12-30,277,360,380
2010-12-30,279,281,284
2010-12-30,282,250,255
2010-12-30,283,277,281
2010-12-30,284,266,271
2010-12-30,285,257,262
2010-12-30,290,,
2010-12-30,291,248,251
2010-12-30,294,289,294
2010-12-30,295,269,276
2010-12-30,296,271,275
2010-12-30,297,262,267
2010-12-30,298,255,260
2010-12-30,299,,
2010-12-30,300,127,132
2010-12-30,301,107,117
2010-12-30,302,112,122
2010-12-30,303,107,112
2010-12-30,304,112,117
2010-12-30,305,87,92
2010-12-30,306,70,75
2010-12-30,307,75,80
