date,code,low,high
2011-01-05,11,525,534
2011-01-05,13,331,333
2011-01-05,14,515,525
2011-01-05,16,337,339
2011-01-05,17,487,497
2011-01-05,21,,
2011-01-05,24,394,400
2011-01-05,28,,
2011-01-05,30,1280,1300
2011-01-05,33,1435,1440
2011-01-05,52,245,246
2011-01-05,58,,
2011-01-05,60,,
2011-01-05,61,,
2011-01-05,62,217,220
2011-01-05,63,340,350
2011-01-05,64,,
2011-01-05,65,325,340
2011-01-05,66,,
2011-01-05,68,205,220
2011-01-05,71,178,180
2011-01-05,74,157,160
2011-01-05,76,194,195
2011-01-05,77,269,271
2011-01-05,78,,
2011-01-05,79,243,246
2011-01-05,80,,
2011-01-05,83,272,275
2011-01-05,85,195,200
2011-01-05,86,190,195
2011-01-05,87,177,178
2011-01-05,88,180,185
2011-01-05,89,184,185
2011-01-05,90,,
2011-01-05,91,217,220
2011-01-05,93,178,180
2011-01-05,95,,
2011-01-05,96,217,218
2011-01-05,97,,
2011-01-05,98,224,225
2011-01-05,99,,
2011-01-05,100,250,255
2011-01-05,102,175,176
2011-01-05,103,160,163
2011-01-05,104,179,180
2011-01-05,106,213,215
2011-01-05,108,253,255
2011-01-05,109,404,410
2011-01-05,111,411,414
2011-01-05,112,,
2011-01-05,118,,
2011-01-05,119,390,391
2011-01-05,120,388,389
2011-01-05,121,387,389
2011-01-05,122,384,386
2011-01-05,123,428,430
2011-01-05,124,425,427
2011-01-05,143,301,303
2011-01-05,144,,
2011-01-05,145,193,195
2011-01-05,151,259,262
2011-01-05,156,315,323
2011-01-05,157,,
2011-01-05,158,,
2011-01-05,159,,
2011-01-05,166,1040,1140
2011-01-05,168,860,960
2011-01-05,169,630,730
2011-01-05,170,630,730
2011-01-05,171,530,630
2011-01-05,172,580,680
2011-01-05,173,730,830
2011-01-05,179,378,379
2011-01-05,180,376,377
2011-01-05,184,178,180
2011-01-05,185,168,170
2011-01-05,186,146,148
2011-01-05,187,113,115
2011-01-05,188,120,122
2011-01-05,199,245,249
2011-01-05,223,164,165
2011-01-05,224,525,535
2011-01-05,225,565,575
2011-01-05,226,435,445
2011-01-05,227,320,330
2011-01-05,228,260,270
2011-01-05,231,,
2011-01-05,232,,
2011-01-05,248,323,333
2011-01-05,249,313,320
2011-01-05,250,291,296
2011-01-05,251,290,298
2011-01-05,253,294,304
2011-01-05,254,515,525
2011-01-05,255,,
2011-01-05,256,,
2011-01-05,258,431,440
2011-01-05,259,411,420
2011-01-05,260,402,410
2011-01-05,261,395,398
2011-01-05,262,,
2011-01-05,263,264,266
2011-01-05,265,460,471
2011-01-05,272,266,269
2011-01-05,277,365,385
2011-01-05,279,285,288
2011-01-05,282,257,262
2011-01-05,283,287,291
2011-01-05,284,276,281
2011-01-05,285,267,272
2011-01-05,290,,
2011-01-05,291,252,255
2011-01-05,294,289,294
2011-01-05,295,272,279
2011-01-05,296,274,278
2011-01-05,297,269,274
2011-01-05,298,262,267
2011-01-05,299,,
2011-01-05,300,127,132
2011-01-05,301,107,117
2011-01-05,302,112,122
2011-01-05,303,107,112
2011-01-05,304,112,117
2011-01-05,305,87,92
2011-01-05,306,70,75
2011-01-05,307,75,80
2011-01-13,11,535,544
2011-01-13,13,336,338
2011-01-13,14,525,535
2011-01-13,16,342,344
2011-01-13,17,497,507
2011-01-13,21,,
2011-01-13,24,406,412
2011-01-13,28,,
2011-01-13,30,1290,1310
2011-01-13,33,1435,1440
2011-01-13,52,245,246
2011-01-13,58,,
2011-01-13,60,,
2011-01-13,61,,
2011-01-13,62,217,220
2011-01-13,63,350,360
2011-01-13,64,,
2011-01-13,65,335,350
2011-01-13,66,,
2011-01-13,68,215,230
2011-01-13,71,183,185
2011-01-13,74,162,165
2011-01-13,76,199,200
2011-01-13,77,274,276
2011-01-13,78,,
2011-01-13,79,247,250
2011-01-13,80,,
2011-01-13,83,272,275
2011-01-13,85,195,200
2011-01-13,86,190,195
2011-01-13,87,177,178
2011-01-13,88,180,185
2011-01-13,89,184,185
2011-01-13,90,,
2011-01-13,91,222,225
2011-01-13,93,173,175
2011-01-13,95,,
2011-01-13,96,217,218
2011-01-13,97,,
2011-01-13,98,224,225
2011-01-13,99,,
2011-01-13,100,255,260
2011-01-13,102,175,176
2011-01-13,103,165,168
2011-01-13,104,174,175
2011-01-13,106,213,215
2011-01-13,108,258,260
2011-01-13,109,416,422
2011-01-13,111,423,426
2011-01-13,112,,
2011-01-13,118,,
2011-01-13,119,402,403
2011-01-13,120,400,401
2011-01-13,121,397,399
2011-01-13,122,394,396
2011-01-13,123,440,442
2011-01-13,124,437,439
2011-01-13,143,301,303
2011-01-13,144,,
2011-01-13,145,198,200
2011-01-13,151,264,267
2011-01-13,156,318,326
2011-01-13,157,,
2011-01-13,158,,
2011-01-13,159,,
2011-01-13,166,1120,1220
2011-01-13,168,910,1010
2011-01-13,169,690,790
2011-01-13,170,690,790
2011-01-13,171,570,670
2011-01-13,172,610,710
2011-01-13,173,790,890
2011-01-13,179,388,389
2011-01-13,180,386,387
2011-01-13,184,178,180
2011-01-13,185,168,170
2011-01-13,186,146,148
2011-01-13,187,113,115
2011-01-13,188,123,125
2011-01-13,199,250,254
2011-01-13,223,169,170
2011-01-13,224,565,575
2011-01-13,225,615,625
2011-01-13,226,460,470
2011-01-13,227,350,360
2011-01-13,228,280,290
2011-01-13,231,,
2011-01-13,232,,
2011-01-13,248,329,339
2011-01-13,249,321,328
2011-01-13,250,301,306
2011-01-13,251,290,298
2011-01-13,253,302,312
2011-01-13,254,525,535
2011-01-13,255,,
2011-01-13,256,,
2011-01-13,258,441,450
2011-01-13,259,421,430
2011-01-13,260,412,420
2011-01-13,261,407,410
2011-01-13,262,,
2011-01-13,263,269,271
2011-01-13,265,472,483
2011-01-13,272,272,275
2011-01-13,277,373,393
2011-01-13,279,291,294
2011-01-13,282,272,277
2011-01-13,283,302,306
2011-01-13,284,291,296
2011-01-13,285,282,287
2011-01-13,290,,
2011-01-13,291,257,260
2011-01-13,294,295,300
2011-01-13,295,278,285
2011-01-13,296,280,284
2011-01-13,297,284,289
2011-01-13,298,277,282
2011-01-13,299,,
2011-01-13,300,137,142
2011-01-13,301,117,127
2011-01-13,302,122,132
2011-01-13,303,117,122
2011-01-13,304,122,127
2011-01-13,305,97,102
2011-01-13,306,85,90
2011-01-13,307,90,95
2011-01-20,11,540,549
2011-01-20,13,338,340
2011-01-20,14,530,540
2011-01-20,16,344,346
2011-01-20,17,502,512
2011-01-20,21,,
2011-01-20,24,406,412
2011-01-20,28,,
2011-01-20,30,1340,1360
2011-01-20,33,1495,1500
2011-01-20,52,243,244
2011-01-20,58,,
2011-01-20,60,,
2011-01-20,61,,
2011-01-20,62,229,232
2011-01-20,63,350,360
2011-01-20,64,,
2011-01-20,65,335,350
2011-01-20,66,,
2011-01-20,68,215,230
2011-01-20,71,183,185
2011-01-20,74,162,165
2011-01-20,76,199,200
2011-01-20,77,274,276
2011-01-20,78,,
2011-01-20,79,247,250
2011-01-20,80,,
2011-01-20,83,275,278
2011-01-20,85,195,200
2011-01-20,86,190,195
2011-01-20,87,169,170
2011-01-20,88,180,185
2011-01-20,89,176,177
2011-01-20,90,,
2011-01-20,91,217,220
2011-01-20,93,165,167
2011-01-20,95,,
2011-01-20,96,209,210
2011-01-20,97,,
2011-01-20,98,216,217
2011-01-20,99,,
2011-01-20,100,250,255
2011-01-20,102,165,166
2011-01-20,103,165,168
2011-01-20,104,166,167
2011-01-20,106,205,207
2011-01-20,108,263,265
2011-01-20,109,411,417
2011-01-20,111,418,421
2011-01-20,112,,
2011-01-20,118,,
2011-01-20,119,396,397
2011-01-20,120,394,395
2011-01-20,121,387,389
2011-01-20,122,384,386
2011-01-20,123,434,436
2011-01-20,124,431,433
2011-01-20,143,301,303
2011-01-20,144,,
2011-01-20,145,198,200
2011-01-20,151,264,267
2011-01-20,156,323,331
2011-01-20,157,,
2011-01-20,158,,
2011-01-20,159,,
2011-01-20,166,1170,1270
2011-01-20,168,930,1030
2011-01-20,169,730,830
2011-01-20,170,730,830
2011-01-20,171,570,670
2011-01-20,172,610,710
2011-01-20,173,830,930
2011-01-20,179,378,379
2011-01-20,180,376,377
2011-01-20,184,178,180
2011-01-20,185,168,170
2011-01-20,186,146,148
2011-01-20,187,113,115
2011-01-20,188,123,125
2011-01-20,199,250,254
2011-01-20,223,169,170
2011-01-20,224,590,600
2011-01-20,225,665,675
2011-01-20,226,470,480
2011-01-20,227,370,380
2011-01-20,228,280,290
2011-01-20,231,,
2011-01-20,232,,
2011-01-20,248,331,341
2011-01-20,249,329,336
2011-01-20,250,311,316
2011-01-20,251,292,300
2011-01-20,253,310,320
2011-01-20,254,525,535
2011-01-20,255,,
2011-01-20,256,,
2011-01-20,258,446,455
2011-01-20,259,426,435
2011-01-20,260,417,425
2011-01-20,261,402,405
2011-01-20,262,,
2011-01-20,263,269,271
2011-01-20,265,472,483
2011-01-20,272,277,280
2011-01-20,277,380,400
2011-01-20,279,296,299
2011-01-20,282,282,287
2011-01-20,283,312,316
2011-01-20,284,301,306
2011-01-20,285,292,297
2011-01-20,290,,
2011-01-20,291,257,260
2011-01-20,294,298,303
2011-01-20,295,283,290
2011-01-20,296,285,289
2011-01-20,297,294,299
2011-01-20,298,287,292
2011-01-20,299,,
2011-01-20,300,140,145
2011-01-20,301,120,130
2011-01-20,302,125,135
2011-01-20,303,130,135
2011-01-20,304,135,140
2011-01-20,305,105,110
2011-01-20,306,95,100
2011-01-20,307,95,100
2011-01-27,11,550,559
2011-01-27,13,340,342
2011-01-27,14,540,550
2011-01-27,16,346,348
2011-01-27,17,512,522
2011-01-27,24,411,417
2011-01-27,30,1360,1380
2011-01-27,33,1535,1540
2011-01-27,52,239,240
2011-01-27,58,,
2011-01-27,60,,
2011-01-27,61,,
2011-01-27,62,239,242
2011-01-27,63,340,350
2011-01-27,64,,
2011-01-27,65,325,340
2011-01-27,66,,
2011-01-27,68,215,230
2011-01-27,71,183,185
2011-01-27,74,162,165
2011-01-27,76,194,195
2011-01-27,77,274,276
2011-01-27,78,,
2011-01-27,79,245,248
2011-01-27,80,,
2011-01-27,83,275,278
2011-01-27,85,200,205
2011-01-27,86,195,200
2011-01-27,87,156,157
2011-01-27,88,180,185
2011-01-27,89,163,164
2011-01-27,90,,
2011-01-27,91,210,213
2011-01-27,93,153,155
2011-01-27,95,,
2011-01-27,96,196,197
2011-01-27,97,,
2011-01-27,98,203,204
2011-01-27,99,,
2011-01-27,100,243,248
2011-01-27,102,152,153
2011-01-27,103,165,168
2011-01-27,104,154,155
2011-01-27,106,188,190
2011-01-27,108,268,270
2011-01-27,109,404,410
2011-01-27,111,411,414
2011-01-27,112,,
2011-01-27,118,,
2011-01-27,119,383,384
2011-01-27,120,381,382
2011-01-27,121,372,374
2011-01-27,122,369,371
2011-01-27,123,419,421
2011-01-27,124,416,418
2011-01-27,143,298,300
2011-01-27,144,,
2011-01-27,145,203,205
2011-01-27,151,264,267
2011-01-27,166,1170,1270
2011-01-27,168,930,1030
2011-01-27,169,730,830
2011-01-27,170,730,830
2011-01-27,171,570,670
2011-01-27,172,610,710
2011-01-27,173,830,930
2011-01-27,179,365,366
2011-01-27,180,363,364
2011-01-27,184,178,180
2011-01-27,185,168,170
2011-01-27,186,146,148
2011-01-27,187,118,120
2011-01-27,188,128,130
2011-01-27,199,250,254
2011-01-27,223,169,170
2011-01-27,224,590,600
2011-01-27,225,665,675
2011-01-27,226,470,480
2011-01-27,227,370,380
2011-01-27,228,280,290
2011-01-27,231,,
2011-01-27,232,,
2011-01-27,248,336,346
2011-01-27,249,337,344
2011-01-27,250,315,320
2011-01-27,251,292,300
2011-01-27,253,315,325
2011-01-27,254,525,535
2011-01-27,255,,
2011-01-27,256,,
2011-01-27,258,456,465
2011-01-27,259,436,445
2011-01-27,260,427,435
2011-01-27,261,395,398
2011-01-27,262,,
2011-01-27,263,269,271
2011-01-27,265,477,488
2011-01-27,277,383,403
2011-01-27,291,257,260
2011-01-27,299,,
2011-01-27,300,150,155
2011-01-27,301,122,132
2011-01-27,302,127,137
2011-01-27,305,107,112
2011-01-27,306,97,102
2011-01-27,307,97,102
2011-01-27,308,308,313
2011-01-27,309,289,296
2011-01-27,310,291,295
2011-01-27,311,283,286
2011-01-27,312,,
2011-01-27,313,132,137
2011-01-27,314,137,142
2011-01-27,315,302,305
2011-01-27,316,,
2011-01-27,317,327,335
2011-01-27,318,,
2011-01-27,319,,
2011-01-27,320,,
2011-01-27,321,,
2011-01-27,322,305,310
2011-01-27,323,298,303
2011-01-27,324,293,298
2011-01-27,325,323,327
2011-01-27,326,312,317
2011-01-27,327,303,308
2011-02-03,11,550,559
2011-02-03,13,343,345
2011-02-03,14,540,550
2011-02-03,16,346,348
2011-02-03,17,512,522
2011-02-03,24,419,425
2011-02-03,30,1380,1400
2011-02-03,33,1575,1580
2011-02-03,52,237,238
2011-02-03,58,,
2011-02-03,60,,
2011-02-03,61,,
2011-02-03,62,249,252
2011-02-03,63,310,320
2011-02-03,64,,
2011-02-03,65,295,310
2011-02-03,66,,
2011-02-03,68,215,230
2011-02-03,71,183,185
2011-02-03,74,162,165
2011-02-03,76,194,195
2011-02-03,77,262,264
2011-02-03,78,,
2011-02-03,79,244,247
2011-02-03,80,,
2011-02-03,83,275,278
2011-02-03,85,200,205
2011-02-03,86,195,200
2011-02-03,87,144,145
2011-02-03,88,180,185
2011-02-03,89,151,152
2011-02-03,90,,
2011-02-03,91,205,208
2011-02-03,93,148,150
2011-02-03,95,,
2011-02-03,96,184,185
2011-02-03,97,,
2011-02-03,98,191,192
2011-02-03,99,,
2011-02-03,100,238,243
2011-02-03,102,140,141
2011-02-03,103,165,168
2011-02-03,104,149,150
2011-02-03,106,172,174
2011-02-03,108,276,278
2011-02-03,109,401,407
2011-02-03,111,408,411
2011-02-03,112,,
2011-02-03,118,,
2011-02-03,119,388,389
2011-02-03,120,386,387
2011-02-03,121,382,384
2011-02-03,122,379,381
2011-02-03,123,422,424
2011-02-03,124,419,421
2011-02-03,143,296,298
2011-02-03,144,,
2011-02-03,145,205,207
2011-02-03,151,259,262
2011-02-03,166,1190,1290
2011-02-03,168,950,1050
2011-02-03,169,730,830
2011-02-03,170,730,830
2011-02-03,171,590,690
2011-02-03,172,630,730
2011-02-03,173,830,930
2011-02-03,179,368,369
2011-02-03,180,366,367
2011-02-03,184,178,180
2011-02-03,185,168,170
2011-02-03,186,151,153
2011-02-03,187,123,125
2011-02-03,188,128,130
2011-02-03,199,245,249
2011-02-03,223,169,170
2011-02-03,224,600,610
2011-02-03,225,690,700
2011-02-03,226,480,490
2011-02-03,227,370,380
2011-02-03,228,290,300
2011-02-03,231,,
2011-02-03,232,,
2011-02-03,248,336,346
2011-02-03,249,337,344
2011-02-03,250,315,320
2011-02-03,251,292,300
2011-02-03,253,315,325
2011-02-03,254,525,535
2011-02-03,255,,
2011-02-03,256,,
2011-02-03,258,456,465
2011-02-03,259,436,445
2011-02-03,260,427,435
2011-02-03,261,392,395
2011-02-03,262,,
2011-02-03,263,264,266
2011-02-03,265,485,496
2011-02-03,277,383,403
2011-02-03,291,252,255
2011-02-03,299,,
2011-02-03,300,150,155
2011-02-03,301,124,134
2011-02-03,302,129,139
2011-02-03,305,109,114
2011-02-03,306,100,105
2011-02-03,307,100,105
2011-02-03,308,308,313
2011-02-03,309,289,296
2011-02-03,310,291,295
2011-02-03,311,283,286
2011-02-03,312,,
2011-02-03,313,134,139
2011-02-03,314,139,144
2011-02-03,315,307,310
2011-02-03,316,,
2011-02-03,317,330,338
2011-02-03,318,,
2011-02-03,319,,
2011-02-03,320,,
2011-02-03,321,,
2011-02-03,322,305,310
2011-02-03,323,295,300
2011-02-03,324,290,295
2011-02-03,325,316,320
2011-02-03,326,305,310
2011-02-03,327,296,301
2011-02-10,11,550,559
2011-02-10,13,350,352
2011-02-10,14,540,550
2011-02-10,16,353,355
2011-02-10,17,512,522
2011-02-10,24,409,415
2011-02-10,30,1410,1430
2011-02-10,33,1595,1600
2011-02-10,52,239,240
2011-02-10,58,,
2011-02-10,60,,
2011-02-10,61,,
2011-02-10,62,249,252
2011-02-10,63,300,310
2011-02-10,64,,
2011-02-10,65,285,300
2011-02-10,66,,
2011-02-10,68,215,230
2011-02-10,71,183,185
2011-02-10,74,162,165
2011-02-10,76,194,195
2011-02-10,77,257,259
2011-02-10,78,,
2011-02-10,79,244,247
2011-02-10,80,,
2011-02-10,83,275,278
2011-02-10,85,200,205
2011-02-10,86,195,200
2011-02-10,87,144,145
2011-02-10,88,180,185
2011-02-10,89,151,152
2011-02-10,90,,
2011-02-10,91,205,208
2011-02-10,93,148,150
2011-02-10,95,,
2011-02-10,96,184,185
2011-02-10,97,,
2011-02-10,98,191,192
2011-02-10,99,,
2011-02-10,100,238,243
2011-02-10,102,140,141
2011-02-10,103,165,168
2011-02-10,104,149,150
2011-02-10,106,163,165
2011-02-10,108,281,283
2011-02-10,109,404,410
2011-02-10,111,411,414
2011-02-10,112,,
2011-02-10,118,,
2011-02-10,119,388,389
2011-02-10,120,386,387
2011-02-10,121,384,386
2011-02-10,122,381,383
2011-02-10,123,422,424
2011-02-10,124,419,421
2011-02-10,143,296,298
2011-02-10,144,,
2011-02-10,145,208,210
2011-02-10,151,257,260
2011-02-10,166,1210,1310
2011-02-10,168,970,1070
2011-02-10,169,740,840
2011-02-10,170,740,840
2011-02-10,171,600,700
2011-02-10,172,650,750
2011-02-10,173,850,950
2011-02-10,179,373,374
2011-02-10,180,371,372
2011-02-10,184,178,180
2011-02-10,185,168,170
2011-02-10,186,151,153
2011-02-10,187,123,125
2011-02-10,188,128,130
2011-02-10,199,243,247
2011-02-10,223,169,170
2011-02-10,224,610,620
2011-02-10,225,710,720
2011-02-10,226,490,500
2011-02-10,227,375,385
2011-02-10,228,295,305
2011-02-10,231,,
2011-02-10,232,,
2011-02-10,248,336,346
2011-02-10,249,333,340
2011-02-10,250,315,320
2011-02-10,251,292,300
2011-02-10,253,315,325
2011-02-10,254,525,535
2011-02-10,255,,
2011-02-10,256,,
2011-02-10,258,456,465
2011-02-10,259,436,445
2011-02-10,260,427,435
2011-02-10,261,395,398
2011-02-10,262,,
2011-02-10,263,262,264
2011-02-10,265,475,486
2011-02-10,277,380,400
2011-02-10,291,250,253
2011-02-10,299,,
2011-02-10,300,150,155
2011-02-10,301,124,134
2011-02-10,302,129,139
2011-02-10,305,109,114
2011-02-10,306,105,110
2011-02-10,307,105,110
2011-02-10,308,308,313
2011-02-10,309,289,296
2011-02-10,310,291,295
2011-02-10,311,283,286
2011-02-10,312,,
2011-02-10,313,134,139
2011-02-10,314,139,144
2011-02-10,315,312,315
2011-02-10,316,,
2011-02-10,317,332,340
2011-02-10,318,,
2011-02-10,319,,
2011-02-10,320,,
2011-02-10,321,,
2011-02-10,322,290,295
2011-02-10,323,280,285
2011-02-10,324,270,275
2011-02-10,325,296,300
2011-02-10,326,285,290
2011-02-10,327,276,281
2011-02-17,11,550,559
2011-02-17,13,350,352
2011-02-17,14,540,550
2011-02-17,16,353,355
2011-02-17,17,512,522
2011-02-17,24,409,415
2011-02-17,30,1430,1450
2011-02-17,33,1615,1620
2011-02-17,52,244,245
2011-02-17,58,,
2011-02-17,60,,
2011-02-17,61,,
2011-02-17,62,249,252
2011-02-17,63,300,310
2011-02-17,64,,
2011-02-17,65,285,300
2011-02-17,66,,
2011-02-17,68,215,230
2011-02-17,71,183,185
2011-02-17,74,162,165
2011-02-17,76,192,193
2011-02-17,77,252,254
2011-02-17,78,,
2011-02-17,79,247,250
2011-02-17,80,,
2011-02-17,83,275,278
2011-02-17,85,200,205
2011-02-17,86,195,200
2011-02-17,87,144,145
2011-02-17,88,180,185
2011-02-17,89,151,152
2011-02-17,90,,
2011-02-17,91,205,208
2011-02-17,93,148,150
2011-02-17,95,,
2011-02-17,96,184,185
2011-02-17,97,,
2011-02-17,98,191,192
2011-02-17,99,,
2011-02-17,100,238,243
2011-02-17,102,140,141
2011-02-17,103,165,168
2011-02-17,104,149,150
2011-02-17,106,163,165
2011-02-17,108,288,290
2011-02-17,109,404,410
2011-02-17,111,411,414
2011-02-17,112,,
2011-02-17,118,,
2011-02-17,119,378,379
2011-02-17,120,376,377
2011-02-17,121,374,376
2011-02-17,122,371,373
2011-02-17,123,412,414
2011-02-17,124,409,411
2011-02-17,143,301,303
2011-02-17,144,,
2011-02-17,145,218,220
2011-02-17,151,253,256
2011-02-17,166,1270,1370
2011-02-17,168,1030,1130
2011-02-17,169,780,880
2011-02-17,170,780,880
2011-02-17,171,660,760
2011-02-17,172,720,820
2011-02-17,173,890,990
2011-02-17,179,363,364
2011-02-17,180,361,362
2011-02-17,184,178,180
2011-02-17,185,168,170
2011-02-17,186,151,153
2011-02-17,187,123,125
2011-02-17,188,128,130
2011-02-17,199,243,247
2011-02-17,223,169,170
2011-02-17,224,640,650
2011-02-17,225,790,800
2011-02-17,226,520,530
2011-02-17,227,395,405
2011-02-17,228,325,335
2011-02-17,231,,
2011-02-17,232,,
2011-02-17,248,348,358
2011-02-17,249,333,340
2011-02-17,250,315,320
2011-02-17,251,292,300
2011-02-17,253,315,325
2011-02-17,254,525,535
2011-02-17,255,,
2011-02-17,256,,
2011-02-17,258,456,465
2011-02-17,259,436,445
2011-02-17,260,427,435
2011-02-17,261,395,398
2011-02-17,262,,
2011-02-17,263,258,260
2011-02-17,265,475,486
2011-02-17,277,380,400
2011-02-17,291,246,249
2011-02-17,299,,
2011-02-17,300,150,155
2011-02-17,301,124,134
2011-02-17,302,129,139
2011-02-17,305,109,114
2011-02-17,306,105,110
2011-02-17,307,105,110
2011-02-17,308,308,313
2011-02-17,309,289,296
2011-02-17,310,291,295
2011-02-17,311,283,286
2011-02-17,312,,
2011-02-17,313,134,139
2011-02-17,314,139,144
2011-02-17,315,302,305
2011-02-17,316,,
2011-02-17,317,332,340
2011-02-17,318,,
2011-02-17,319,,
2011-02-17,320,,
2011-02-17,321,,
2011-02-17,322,290,295
2011-02-17,323,280,285
2011-02-17,324,270,275
2011-02-17,325,296,300
2011-02-17,326,285,290
2011-02-17,327,276,281
2011-02-24,11,550,559
2011-02-24,13,350,352
2011-02-24,14,540,550
2011-02-24,16,353,355
2011-02-24,17,512,522
2011-02-24,24,409,415
2011-02-24,30,1440,1460
2011-02-24,33,1615,1620
2011-02-24,52,245.5,246.5
2011-02-24,58,,
2011-02-24,60,,
2011-02-24,61,,
2011-02-24,62,257,260
2011-02-24,63,300,310
2011-02-24,64,,
2011-02-24,65,285,300
2011-02-24,66,,
2011-02-24,68,215,230
2011-02-24,71,183,185
2011-02-24,74,162,165
2011-02-24,76,192,193
2011-02-24,77,247,249
2011-02-24,78,,
2011-02-24,79,245,248
2011-02-24,80,,
2011-02-24,83,270,273
2011-02-24,85,200,205
2011-02-24,86,195,200
2011-02-24,87,144,145
2011-02-24,88,180,185
2011-02-24,89,151,152
2011-02-24,90,,
2011-02-24,91,205,208
2011-02-24,93,148,150
2011-02-24,95,,
2011-02-24,96,184,185
2011-02-24,97,,
2011-02-24,98,191,192
2011-02-24,99,,
2011-02-24,100,238,243
2011-02-24,102,140,141
2011-02-24,103,165,168
2011-02-24,104,149,150
2011-02-24,106,163,165
2011-02-24,108,296,298
2011-02-24,109,394,400
2011-02-24,111,401,404
2011-02-24,112,,
2011-02-24,118,,
2011-02-24,119,358,359
2011-02-24,120,356,357
2011-02-24,121,360,362
2011-02-24,122,357,359
2011-02-24,123,398,400
2011-02-24,124,395,397
2011-02-24,143,301,303
2011-02-24,144,,
2011-02-24,145,218,220
2011-02-24,151,248,251
2011-02-24,166,1310,1410
2011-02-24,168,1030,1130
2011-02-24,169,780,880
2011-02-24,170,780,880
2011-02-24,171,660,760
2011-02-24,172,720,820
2011-02-24,173,890,990
2011-02-24,179,343,344
2011-02-24,180,341,342
2011-02-24,184,178,180
2011-02-24,185,168,170
2011-02-24,186,151,153
2011-02-24,187,123,125
2011-02-24,188,128,130
2011-02-24,199,238,242
2011-02-24,223,169,170
2011-02-24,224,660,670
2011-02-24,225,790,800
2011-02-24,226,520,530
2011-02-24,227,395,405
2011-02-24,228,325,335
2011-02-24,231,,
2011-02-24,232,,
2011-02-24,248,350,360
2011-02-24,249,333,340
2011-02-24,250,315,320
2011-02-24,251,292,300
2011-02-24,253,315,325
2011-02-24,254,525,535
2011-02-24,255,,
2011-02-24,256,,
2011-02-24,258,456,465
2011-02-24,259,436,445
2011-02-24,260,427,435
2011-02-24,261,385,388
2011-02-24,262,,
2011-02-24,263,253,255
2011-02-24,265,475,486
2011-02-24,277,375,395
2011-02-24,291,241,244
2011-02-24,299,,
2011-02-24,300,150,155
2011-02-24,301,124,134
2011-02-24,302,129,139
2011-02-24,305,109,114
2011-02-24,306,105,110
2011-02-24,307,105,110
2011-02-24,308,308,313
2011-02-24,309,286,293
2011-02-24,310,286,290
2011-02-24,311,278,281
2011-02-24,312,,
2011-02-24,313,134,139
2011-02-24,314,139,144
2011-02-24,315,287,290
2011-02-24,316,,
2011-02-24,317,332,340
2011-02-24,318,,
2011-02-24,319,,
2011-02-24,320,,
2011-02-24,321,,
2011-02-24,322,290,295
2011-02-24,323,280,285
2011-02-24,324,265,270
2011-02-24,325,296,300
2011-02-24,326,285,290
2011-02-24,327,271,276
2011-03-03,11,550,559
2011-03-03,13,342,344
2011-03-03,14,540,550
2011-03-03,16,345,347
2011-03-03,17,512,522
2011-03-03,24,409,415
2011-03-03,30,1440,1460
2011-03-03,33,1615,1620
2011-03-03,52,244,245
2011-03-03,58,,
2011-03-03,60,,
2011-03-03,61,,
2011-03-03,62,257,260
2011-03-03,63,300,310
2011-03-03,64,,
2011-03-03,65,285,300
2011-03-03,66,,
2011-03-03,68,215,230
2011-03-03,71,183,185
2011-03-03,74,162,165
2011-03-03,76,192,193
2011-03-03,77,242,244
2011-03-03,78,,
2011-03-03,79,242,245
2011-03-03,80,,
2011-03-03,83,267,270
2011-03-03,85,200,205
2011-03-03,86,195,200
2011-03-03,87,144,145
2011-03-03,88,180,185
2011-03-03,89,151,152
2011-03-03,90,,
2011-03-03,91,210,213
2011-03-03,93,148,150
2011-03-03,95,,
2011-03-03,96,184,185
2011-03-03,97,,
2011-03-03,98,191,192
2011-03-03,99,,
2011-03-03,100,243,248
2011-03-03,102,140,141
2011-03-03,103,165,168
2011-03-03,104,149,150
2011-03-03,106,163,165
2011-03-03,108,303,305
2011-03-03,109,399,405
2011-03-03,111,406,409
2011-03-03,112,,
2011-03-03,118,,
2011-03-03,119,361,362
2011-03-03,120,359,360
2011-03-03,121,360,362
2011-03-03,122,357,359
2011-03-03,123,398,400
2011-03-03,124,395,397
2011-03-03,143,300,302
2011-03-03,144,,
2011-03-03,145,221,223
2011-03-03,151,243,246
2011-03-03,166,1310,1410
2011-03-03,168,1030,1130
2011-03-03,169,810,910
2011-03-03,170,810,910
2011-03-03,171,660,760
2011-03-03,172,720,820
2011-03-03,173,920,1020
2011-03-03,179,346,347
2011-03-03,180,344,345
2011-03-03,184,178,180
2011-03-03,185,168,170
2011-03-03,186,151,153
2011-03-03,187,123,125
2011-03-03,188,128,130
2011-03-03,199,,
2011-03-03,223,169,170
2011-03-03,224,660,670
2011-03-03,225,810,820
2011-03-03,226,520,530
2011-03-03,227,410,420
2011-03-03,228,325,335
2011-03-03,231,,
2011-03-03,232,,
2011-03-03,248,360,370
2011-03-03,249,340,347
2011-03-03,250,315,320
2011-03-03,251,307,315
2011-03-03,253,315,325
2011-03-03,254,525,535
2011-03-03,255,,
2011-03-03,256,,
2011-03-03,258,456,465
2011-03-03,259,436,445
2011-03-03,260,427,435
2011-03-03,261,390,393
2011-03-03,262,,
2011-03-03,263,248,250
2011-03-03,265,475,486
2011-03-03,277,375,395
2011-03-03,291,236,239
2011-03-03,299,,
2011-03-03,300,150,155
2011-03-03,301,124,134
2011-03-03,302,129,139
2011-03-03,305,109,114
2011-03-03,306,105,110
2011-03-03,307,105,110
2011-03-03,308,303,308
2011-03-03,309,281,288
2011-03-03,310,281,285
2011-03-03,311,273,276
2011-03-03,312,,
2011-03-03,313,134,139
2011-03-03,314,139,144
2011-03-03,315,282,285
2011-03-03,316,,
2011-03-03,317,327,335
2011-03-03,318,,
2011-03-03,319,,
2011-03-03,320,,
2011-03-03,321,,
2011-03-03,322,287,292
2011-03-03,323,277,282
2011-03-03,324,255,260
2011-03-03,325,293,297
2011-03-03,326,282,287
2011-03-03,327,261,266
2011-03-10,11,542,551
2011-03-10,13,334,336
2011-03-10,14,532,542
2011-03-10,16,337,339
2011-03-10,17,504,514
2011-03-10,24,404,410
2011-03-10,30,1410,1430
2011-03-10,33,1605,1610
2011-03-10,52,242,243
2011-03-10,58,,
2011-03-10,60,,
2011-03-10,61,,
2011-03-10,62,257,260
2011-03-10,63,300,310
2011-03-10,64,,
2011-03-10,65,285,300
2011-03-10,66,,
2011-03-10,68,215,230
2011-03-10,71,183,185
2011-03-10,74,162,165
2011-03-10,76,192,193
2011-03-10,77,234,236
2011-03-10,78,,
2011-03-10,79,237,240
2011-03-10,80,,
2011-03-10,83,262,265
2011-03-10,85,200,205
2011-03-10,86,195,200
2011-03-10,87,147,148
2011-03-10,88,180,185
2011-03-10,89,156,157
2011-03-10,90,,
2011-03-10,91,215,218
2011-03-10,93,154,156
2011-03-10,95,,
2011-03-10,96,187,188
2011-03-10,97,,
2011-03-10,98,196,197
2011-03-10,99,,
2011-03-10,100,248,253
2011-03-10,102,143,144
2011-03-10,103,165,168
2011-03-10,104,155,156
2011-03-10,106,170,172
2011-03-10,108,313,315
2011-03-10,109,394,400
2011-03-10,111,401,404
2011-03-10,112,,
2011-03-10,118,,
2011-03-10,119,353,354
2011-03-10,120,351,352
2011-03-10,121,352,354
2011-03-10,122,349,351
2011-03-10,123,390,392
2011-03-10,124,387,389
2011-03-10,143,298,300
2011-03-10,144,,
2011-03-10,145,221,223
2011-03-10,151,235,238
2011-03-10,166,1310,1410
2011-03-10,168,1010,1110
2011-03-10,169,810,910
2011-03-10,170,810,910
2011-03-10,171,640,740
2011-03-10,172,720,820
2011-03-10,173,920,1020
2011-03-10,179,338,339
2011-03-10,180,336,337
2011-03-10,184,178,180
2011-03-10,185,168,170
2011-03-10,186,151,153
2011-03-10,187,123,125
2011-03-10,188,128,130
2011-03-10,199,,
2011-03-10,223,169,170
2011-03-10,224,660,670
2011-03-10,225,810,820
2011-03-10,226,510,520
2011-03-10,227,410,420
2011-03-10,228,315,325
2011-03-10,231,,
2011-03-10,232,,
2011-03-10,248,355,365
2011-03-10,249,335,342
2011-03-10,250,315,320
2011-03-10,251,307,315
2011-03-10,253,355,365
2011-03-10,254,525,535
2011-03-10,255,,
2011-03-10,256,,
2011-03-10,258,448,457
2011-03-10,259,428,437
2011-03-10,260,419,427
2011-03-10,261,385,388
2011-03-10,262,,
2011-03-10,263,240,242
2011-03-10,265,470,481
2011-03-10,277,355,375
2011-03-10,291,228,231
2011-03-10,299,,
2011-03-10,300,150,155
2011-03-10,301,124,134
2011-03-10,302,129,139
2011-03-10,305,109,114
2011-03-10,306,105,110
2011-03-10,307,105,110
2011-03-10,308,293,298
2011-03-10,309,271,278
2011-03-10,310,271,275
2011-03-10,311,263,266
2011-03-10,312,,
2011-03-10,313,134,139
2011-03-10,314,139,144
2011-03-10,315,267,270
2011-03-10,316,,
2011-03-10,317,320,328
2011-03-10,318,,
2011-03-10,319,,
2011-03-10,320,,
2011-03-10,321,,
2011-03-10,322,277,282
2011-03-10,323,267,272
2011-03-10,324,245,250
2011-03-10,325,283,287
2011-03-10,326,272,277
2011-03-10,327,251,256
2011-03-24,11,537,546
2011-03-24,13,332,334
2011-03-24,14,527,537
2011-03-24,16,335,337
2011-03-24,17,499,509
2011-03-24,24,399,405
2011-03-24,30,1410,1430
2011-03-24,33,1605,1610
2011-03-24,52,241,242
2011-03-24,58,,
2011-03-24,60,,
2011-03-24,61,,
2011-03-24,62,267,270
2011-03-24,63,310,320
2011-03-24,64,,
2011-03-24,65,295,310
2011-03-24,66,,
2011-03-24,68,215,230
2011-03-24,71,183,185
2011-03-24,74,162,165
2011-03-24,76,192,193
2011-03-24,77,231,233
2011-03-24,78,,
2011-03-24,79,229,232
2011-03-24,80,,
2011-03-24,83,257,260
2011-03-24,85,200,205
2011-03-24,86,195,200
2011-03-24,87,157,158
2011-03-24,88,180,185
2011-03-24,89,166,167
2011-03-24,90,,
2011-03-24,91,222,225
2011-03-24,93,168,170
2011-03-24,95,,
2011-03-24,96,197,198
2011-03-24,97,,
2011-03-24,98,206,207
2011-03-24,99,,
2011-03-24,100,255,260
2011-03-24,102,153,154
2011-03-24,103,165,168
2011-03-24,104,169,170
2011-03-24,106,183,185
2011-03-24,108,318,320
2011-03-24,109,389,395
2011-03-24,111,396,399
2011-03-24,112,,
2011-03-24,118,,
2011-03-24,119,353,354
2011-03-24,120,351,352
2011-03-24,121,346,348
2011-03-24,122,343,345
2011-03-24,123,390,392
2011-03-24,124,387,389
2011-03-24,143,298,300
2011-03-24,144,,
2011-03-24,145,221,223
2011-03-24,151,232,235
2011-03-24,166,1310,1410
2011-03-24,168,970,1070
2011-03-24,169,810,910
2011-03-24,170,810,910
2011-03-24,171,620,720
2011-03-24,172,720,820
2011-03-24,173,920,1020
2011-03-24,179,335,336
2011-03-24,180,333,334
2011-03-24,184,178,180
2011-03-24,185,168,170
2011-03-24,186,151,153
2011-03-24,187,123,125
2011-03-24,188,128,130
2011-03-24,199,,
2011-03-24,223,169,170
2011-03-24,224,660,670
2011-03-24,225,850,860
2011-03-24,226,490,500
2011-03-24,227,410,420
2011-03-24,228,305,315
2011-03-24,231,,
2011-03-24,232,,
2011-03-24,248,355,365
2011-03-24,249,335,342
2011-03-24,250,315,320
2011-03-24,251,310,318
2011-03-24,253,355,365
2011-03-24,254,525,535
2011-03-24,255,,
2011-03-24,256,,
2011-03-24,258,443,452
2011-03-24,259,423,432
2011-03-24,260,414,422
2011-03-24,261,382,385
2011-03-24,262,,
2011-03-24,263,237,239
2011-03-24,265,465,476
2011-03-24,277,355,375
2011-03-24,291,225,228
2011-03-24,299,,
2011-03-24,300,148,153
2011-03-24,301,122,132
2011-03-24,302,127,137
2011-03-24,305,107,112
2011-03-24,306,103,108
2011-03-24,307,103,108
2011-03-24,308,288,293
2011-03-24,309,266,273
2011-03-24,310,266,270
2011-03-24,311,258,261
2011-03-24,312,,
2011-03-24,313,132,137
2011-03-24,314,137,142
2011-03-24,315,265,268
2011-03-24,316,,
2011-03-24,317,317,325
2011-03-24,318,,
2011-03-24,319,,
2011-03-24,320,,
2011-03-24,321,268,270
2011-03-24,322,267,272
2011-03-24,323,257,262
2011-03-24,324,235,240
2011-03-24,325,271,275
2011-03-24,326,260,265
2011-03-24,327,239,244
2011-03-31,11,537,546
2011-03-31,13,332,334
2011-03-31,14,527,537
2011-03-31,16,335,337
2011-03-31,17,499,509
2011-03-31,24,394,400
2011-03-31,30,1410,1430
2011-03-31,33,1605,1610
2011-03-31,52,243,244
2011-03-31,58,,
2011-03-31,60,,
2011-03-31,61,,
2011-03-31,62,272,275
2011-03-31,63,310,320
2011-03-31,64,,
2011-03-31,65,295,310
2011-03-31,66,,
2011-03-31,68,215,230
2011-03-31,71,183,185
2011-03-31,74,162,165
2011-03-31,76,189,190
2011-03-31,77,231,233
2011-03-31,78,,
2011-03-31,79,229,232
2011-03-31,80,,
2011-03-31,83,257,260
2011-03-31,85,200,205
2011-03-31,86,195,200
2011-03-31,87,157,158
2011-03-31,88,180,185
2011-03-31,89,166,167
2011-03-31,90,,
2011-03-31,91,222,225
2011-03-31,93,168,170
2011-03-31,95,,
2011-03-31,96,197,198
2011-03-31,97,,
2011-03-31,98,206,207
2011-03-31,99,,
2011-03-31,100,255,260
2011-03-31,102,153,154
2011-03-31,103,165,168
2011-03-31,104,169,170
2011-03-31,106,183,185
2011-03-31,108,318,320
2011-03-31,109,389,395
2011-03-31,111,396,399
2011-03-31,112,,
2011-03-31,118,,
2011-03-31,119,353,354
2011-03-31,120,351,352
2011-03-31,121,346,348
2011-03-31,122,343,345
2011-03-31,123,390,392
2011-03-31,124,387,389
2011-03-31,143,300,302
2011-03-31,144,,
2011-03-31,145,221,223
2011-03-31,151,232,235
2011-03-31,166,1310,1410
2011-03-31,168,970,1070
2011-03-31,169,810,910
2011-03-31,170,810,910
2011-03-31,171,620,720
2011-03-31,172,720,820
2011-03-31,173,920,1020
2011-03-31,179,335,336
2011-03-31,180,333,334
2011-03-31,184,178,180
2011-03-31,185,168,170
2011-03-31,186,151,153
2011-03-31,187,123,125
2011-03-31,188,128,130
2011-03-31,199,,
2011-03-31,223,169,170
2011-03-31,224,660,670
2011-03-31,225,850,860
2011-03-31,226,490,500
2011-03-31,227,410,420
2011-03-31,228,305,315
2011-03-31,231,,
2011-03-31,232,,
2011-03-31,248,355,365
2011-03-31,249,335,342
2011-03-31,250,315,320
2011-03-31,251,310,318
2011-03-31,253,355,365
2011-03-31,254,525,535
2011-03-31,255,,
2011-03-31,256,,
2011-03-31,258,443,452
2011-03-31,259,423,432
2011-03-31,260,414,422
2011-03-31,261,382,385
2011-03-31,262,,
2011-03-31,263,237,239
2011-03-31,265,460,471
2011-03-31,277,355,375
2011-03-31,291,225,228
2011-03-31,299,,
2011-03-31,300,148,153
2011-03-31,301,122,132
2011-03-31,302,127,137
2011-03-31,305,107,112
2011-03-31,306,100,105
2011-03-31,307,100,105
2011-03-31,308,288,293
2011-03-31,309,266,273
2011-03-31,310,266,270
2011-03-31,311,258,261
2011-03-31,312,,
2011-03-31,313,132,137
2011-03-31,314,137,142
2011-03-31,315,267,270
2011-03-31,316,,
2011-03-31,317,317,325
2011-03-31,318,,
2011-03-31,319,,
2011-03-31,320,,
2011-03-31,321,268,270
2011-03-31,322,262,267
2011-03-31,323,252,257
2011-03-31,324,230,235
2011-03-31,325,266,270
2011-03-31,326,255,260
2011-03-31,327,234,239
2011-04-07,11,537,546
2011-04-07,13,334,336
2011-04-07,14,527,537
2011-04-07,16,337,339
2011-04-07,17,499,509
2011-04-07,24,394,400
2011-04-07,30,1400,1420
2011-04-07,33,1595,1600
2011-04-07,52,250,251
2011-04-07,58,,
2011-04-07,60,,
2011-04-07,61,,
2011-04-07,62,,
2011-04-07,63,310,320
2011-04-07,64,,
2011-04-07,65,295,310
2011-04-07,66,,
2011-04-07,68,215,230
2011-04-07,71,183,185
2011-04-07,74,162,165
2011-04-07,76,184,185
2011-04-07,77,231,233
2011-04-07,78,,
2011-04-07,79,231,234
2011-04-07,80,,
2011-04-07,83,262,265
2011-04-07,85,200,205
2011-04-07,86,195,200
2011-04-07,87,149,150
2011-04-07,88,180,185
2011-04-07,89,158,159
2011-04-07,90,,
2011-04-07,91,222,225
2011-04-07,93,160,162
2011-04-07,95,,
2011-04-07,96,189,190
2011-04-07,97,,
2011-04-07,98,198,199
2011-04-07,99,,
2011-04-07,100,255,260
2011-04-07,102,145,146
2011-04-07,103,165,168
2011-04-07,104,161,162
2011-04-07,106,183,185
2011-04-07,108,318,320
2011-04-07,109,389,395
2011-04-07,111,396,399
2011-04-07,112,,
2011-04-07,118,,
2011-04-07,119,348,349
2011-04-07,120,346,347
2011-04-07,121,336,338
2011-04-07,122,333,335
2011-04-07,123,385,387
2011-04-07,124,382,384
2011-04-07,143,308,310
2011-04-07,144,,
2011-04-07,145,221,223
2011-04-07,151,232,235
2011-04-07,166,1310,1410
2011-04-07,168,970,1070
2011-04-07,169,810,910
2011-04-07,170,810,910
2011-04-07,171,620,720
2011-04-07,172,720,820
2011-04-07,173,920,1020
2011-04-07,179,325,326
2011-04-07,180,323,324
2011-04-07,184,178,180
2011-04-07,185,168,170
2011-04-07,186,151,153
2011-04-07,187,123,125
2011-04-07,188,128,130
2011-04-07,199,,
2011-04-07,223,169,170
2011-04-07,224,660,670
2011-04-07,225,850,860
2011-04-07,226,490,500
2011-04-07,227,410,420
2011-04-07,228,305,315
2011-04-07,231,,
2011-04-07,232,,
2011-04-07,248,356,366
2011-04-07,249,334,341
2011-04-07,250,320,325
2011-04-07,251,318,326
2011-04-07,253,359,369
2011-04-07,254,525,535
2011-04-07,255,,
2011-04-07,256,,
2011-04-07,258,443,452
2011-04-07,259,423,432
2011-04-07,260,414,422
2011-04-07,261,382,385
2011-04-07,262,,
2011-04-07,263,237,239
2011-04-07,265,460,471
2011-04-07,277,355,375
2011-04-07,291,,
2011-04-07,299,,
2011-04-07,300,148,153
2011-04-07,301,122,132
2011-04-07,302,127,137
2011-04-07,305,107,112
2011-04-07,306,95,100
2011-04-07,307,95,100
2011-04-07,308,295,300
2011-04-07,309,273,280
2011-04-07,310,273,277
2011-04-07,311,265,268
2011-04-07,312,,
2011-04-07,313,132,137
2011-04-07,314,137,142
2011-04-07,315,282,285
2011-04-07,316,,
2011-04-07,317,319,327
2011-04-07,318,,
2011-04-07,319,,
2011-04-07,320,,
2011-04-07,321,278,280
2011-04-07,322,262,267
2011-04-07,323,252,257
2011-04-07,324,230,235
2011-04-07,325,271,275
2011-04-07,326,260,265
2011-04-07,327,239,244
2011-04-14,11,537,546
2011-04-14,13,334,336
2011-04-14,14,527,537
2011-04-14,16,337,339
2011-04-14,17,499,509
2011-04-14,24,394,400
2011-04-14,30,1380,1400
2011-04-14,33,1575,1580
2011-04-14,52,253.5,254.5
2011-04-14,58,,
2011-04-14,60,,
2011-04-14,61,,
2011-04-14,62,,
2011-04-14,63,310,320
2011-04-14,64,,
2011-04-14,65,295,310
2011-04-14,66,,
2011-04-14,68,215,230
2011-04-14,71,183,185
2011-04-14,74,162,165
2011-04-14,76,174,175
2011-04-14,77,231,233
2011-04-14,78,,
2011-04-14,79,233,236
2011-04-14,80,,
2011-04-14,83,262,265
2011-04-14,85,200,205
2011-04-14,86,195,200
2011-04-14,87,140,141
2011-04-14,88,180,185
2011-04-14,89,149,150
2011-04-14,90,,
2011-04-14,91,222,225
2011-04-14,93,151,153
2011-04-14,95,,
2011-04-14,96,180,181
2011-04-14,97,,
2011-04-14,98,189,190
2011-04-14,99,,
2011-04-14,100,255,260
2011-04-14,102,136,137
2011-04-14,103,165,168
2011-04-14,104,152,153
2011-04-14,106,185,187
2011-04-14,108,318,320
2011-04-14,109,384,390
2011-04-14,111,391,394
2011-04-14,112,,
2011-04-14,118,,
2011-04-14,119,341,342
2011-04-14,120,339,340
2011-04-14,121,321,323
2011-04-14,122,318,320
2011-04-14,123,380,382
2011-04-14,124,377,379
2011-04-14,143,311,313
2011-04-14,144,,
2011-04-14,145,218,220
2011-04-14,151,232,235
2011-04-14,166,1310,1410
2011-04-14,168,970,1070
2011-04-14,169,810,910
2011-04-14,170,810,910
2011-04-14,171,620,720
2011-04-14,172,720,820
2011-04-14,173,920,1020
2011-04-14,179,310,311
2011-04-14,180,308,309
2011-04-14,184,178,180
2011-04-14,185,168,170
2011-04-14,186,151,153
2011-04-14,187,123,125
2011-04-14,188,128,130
2011-04-14,199,,
2011-04-14,223,169,170
2011-04-14,224,660,670
2011-04-14,225,850,860
2011-04-14,226,490,500
2011-04-14,227,410,420
2011-04-14,228,305,315
2011-04-14,231,,
2011-04-14,232,,
2011-04-14,248,356,366
2011-04-14,249,333,340
2011-04-14,250,320,325
2011-04-14,251,318,326
2011-04-14,253,359,369
2011-04-14,254,525,535
2011-04-14,255,,
2011-04-14,256,,
2011-04-14,258,443,452
2011-04-14,259,423,432
2011-04-14,260,414,422
2011-04-14,261,377,380
2011-04-14,263,237,239
2011-04-14,265,460,471
2011-04-14,277,345,365
2011-04-14,291,,
2011-04-14,299,,
2011-04-14,300,148,153
2011-04-14,301,122,132
2011-04-14,302,127,137
2011-04-14,305,105,110
2011-04-14,306,95,100
2011-04-14,307,95,100
2011-04-14,308,295,300
2011-04-14,309,273,280
2011-04-14,310,273,277
2011-04-14,311,265,268
2011-04-14,312,,
2011-04-14,313,132,137
2011-04-14,314,137,142
2011-04-14,315,272,275
2011-04-14,316,,
2011-04-14,317,319,327
2011-04-14,318,,
2011-04-14,319,,
2011-04-14,320,,
2011-04-14,321,275,277
2011-04-14,322,262,267
2011-04-14,323,252,257
2011-04-14,324,230,235
2011-04-14,325,271,275
2011-04-14,326,260,265
2011-04-14,327,239,244
2011-04-21,11,537,546
2011-04-21,13,334,336
2011-04-21,14,527,537
2011-04-21,16,337,339
2011-04-21,17,499,509
2011-04-21,24,394,400
2011-04-21,30,1360,1380
2011-04-21,33,1555,1560
2011-04-21,52,257,258
2011-04-21,58,,
2011-04-21,60,,
2011-04-21,61,,
2011-04-21,62,,
2011-04-21,63,320,330
2011-04-21,64,,
2011-04-21,65,305,320
2011-04-21,66,,
2011-04-21,68,215,230
2011-04-21,71,188,190
2011-04-21,74,167,170
2011-04-21,76,174,175
2011-04-21,77,234,236
2011-04-21,78,,
2011-04-21,79,235,238
2011-04-21,80,,
2011-04-21,83,265,268
2011-04-21,85,,
2011-04-21,86,,
2011-04-21,87,140,141
2011-04-21,88,,
2011-04-21,89,152,153
2011-04-21,90,,
2011-04-21,91,229,232
2011-04-21,93,154,156
2011-04-21,95,,
2011-04-21,96,180,181
2011-04-21,97,,
2011-04-21,98,192,193
2011-04-21,99,,
2011-04-21,100,262,267
2011-04-21,102,136,137
2011-04-21,103,165,168
2011-04-21,104,155,156
2011-04-21,106,193,195
2011-04-21,108,318,320
2011-04-21,109,386,392
2011-04-21,111,393,396
2011-04-21,112,,
2011-04-21,118,,
2011-04-21,119,346,347
2011-04-21,120,344,345
2011-04-21,121,324,326
2011-04-21,122,321,323
2011-04-21,123,385,387
2011-04-21,124,382,384
2011-04-21,143,314,316
2011-04-21,144,,
2011-04-21,145,218,220
2011-04-21,151,235,238
2011-04-21,166,1310,1410
2011-04-21,168,930,1030
2011-04-21,169,770,870
2011-04-21,170,770,870
2011-04-21,171,610,710
2011-04-21,172,700,800
2011-04-21,173,880,980
2011-04-21,179,313,314
2011-04-21,180,311,312
2011-04-21,184,173,175
2011-04-21,185,163,165
2011-04-21,186,149,151
2011-04-21,187,123,125
2011-04-21,188,128,130
2011-04-21,199,,
2011-04-21,223,169,170
2011-04-21,224,660,670
2011-04-21,225,850,860
2011-04-21,226,470,480
2011-04-21,227,390,400
2011-04-21,228,300,310
2011-04-21,231,,
2011-04-21,232,,
2011-04-21,248,359,369
2011-04-21,249,333,340
2011-04-21,250,322,327
2011-04-21,251,322,330
2011-04-21,253,362,372
2011-04-21,254,528,538
2011-04-21,255,,
2011-04-21,256,,
2011-04-21,258,443,452
2011-04-21,259,423,432
2011-04-21,260,414,422
2011-04-21,261,379,382
2011-04-21,263,240,242
2011-04-21,265,460,471
2011-04-21,277,340,360
2011-04-21,291,,
2011-04-21,299,,
2011-04-21,300,148,153
2011-04-21,301,122,132
2011-04-21,302,127,137
2011-04-21,305,105,110
2011-04-21,306,93,98
2011-04-21,307,93,98
2011-04-21,308,295,300
2011-04-21,309,273,280
2011-04-21,310,273,277
2011-04-21,311,265,268
2011-04-21,312,,
2011-04-21,313,132,137
2011-04-21,314,137,142
2011-04-21,315,277,280
2011-04-21,316,,
2011-04-21,317,319,327
2011-04-21,318,,
2011-04-21,319,,
2011-04-21,320,,
2011-04-21,321,278,280
2011-04-21,322,262,267
2011-04-21,323,252,257
2011-04-21,324,230,235
2011-04-21,325,271,275
2011-04-21,326,260,265
2011-04-21,327,239,244
2011-04-28,11,537,546
2011-04-28,13,332,334
2011-04-28,14,527,537
2011-04-28,16,335,337
2011-04-28,17,499,509
2011-04-28,24,394,400
2011-04-28,30,1340,1360
2011-04-28,33,1525,1530
2011-04-28,52,259.5,260.5
2011-04-28,58,,
2011-04-28,60,,
2011-04-28,61,,
2011-04-28,62,,
2011-04-28,63,320,330
2011-04-28,64,,
2011-04-28,65,305,320
2011-04-28,66,,
2011-04-28,68,215,230
2011-04-28,71,188,190
2011-04-28,74,167,170
2011-04-28,76,174,175
2011-04-28,77,236,238
2011-04-28,78,,
2011-04-28,79,238,241
2011-04-28,80,,
2011-04-28,83,265,268
2011-04-28,85,,
2011-04-28,86,,
2011-04-28,87,142,143
2011-04-28,88,170,190
2011-04-28,89,154,155
2011-04-28,90,,
2011-04-28,91,231,234
2011-04-28,93,156,158
2011-04-28,95,,
2011-04-28,96,182,183
2011-04-28,97,,
2011-04-28,98,194,195
2011-04-28,99,,
2011-04-28,100,264,269
2011-04-28,102,138,139
2011-04-28,103,165,168
2011-04-28,104,157,158
2011-04-28,106,195,197
2011-04-28,108,318,320
2011-04-28,109,384,390
2011-04-28,111,391,394
2011-04-28,112,,
2011-04-28,118,,
2011-04-28,119,348,349
2011-04-28,120,346,347
2011-04-28,121,326,328
2011-04-28,122,323,325
2011-04-28,123,387,389
2011-04-28,124,384,386
2011-04-28,143,317,319
2011-04-28,144,,
2011-04-28,145,218,220
2011-04-28,151,,
2011-04-28,166,1290,1390
2011-04-28,168,890,990
2011-04-28,169,770,870
2011-04-28,170,770,870
2011-04-28,171,610,710
2011-04-28,172,700,800
2011-04-28,173,880,980
2011-04-28,179,315,316
2011-04-28,180,313,314
2011-04-28,184,170,172
2011-04-28,185,160,162
2011-04-28,186,146,148
2011-04-28,187,123,125
2011-04-28,188,128,130
2011-04-28,199,,
2011-04-28,223,169,170
2011-04-28,224,650,660
2011-04-28,225,850,860
2011-04-28,226,450,460
2011-04-28,227,390,400
2011-04-28,228,300,310
2011-04-28,231,,
2011-04-28,232,,
2011-04-28,248,359,369
2011-04-28,249,333,340
2011-04-28,250,322,327
2011-04-28,251,323,331
2011-04-28,253,362,372
2011-04-28,254,528,538
2011-04-28,255,,
2011-04-28,256,,
2011-04-28,258,443,452
2011-04-28,259,423,432
2011-04-28,260,414,422
2011-04-28,261,377,380
2011-04-28,263,240,242
2011-04-28,265,460,471
2011-04-28,277,340,360
2011-04-28,291,,
2011-04-28,299,,
2011-04-28,300,148,153
2011-04-28,301,122,132
2011-04-28,302,127,137
2011-04-28,305,105,110
2011-04-28,306,93,98
2011-04-28,307,93,98
2011-04-28,308,295,300
2011-04-28,309,273,280
2011-04-28,310,273,277
2011-04-28,311,265,268
2011-04-28,312,,
2011-04-28,313,132,137
2011-04-28,314,137,142
2011-04-28,315,277,280
2011-04-28,316,,
2011-04-28,317,319,327
2011-04-28,318,,
2011-04-28,319,,
2011-04-28,320,,
2011-04-28,321,278,280
2011-04-28,322,262,267
2011-04-28,323,252,257
2011-04-28,324,230,235
2011-04-28,325,271,275
2011-04-28,326,260,265
2011-04-28,327,239,244
2011-05-05,11,537,546
2011-05-05,13,329,331
2011-05-05,14,527,537
2011-05-05,16,332,334
2011-05-05,17,499,509
2011-05-05,24,394,400
2011-05-05,30,1320,1340
2011-05-05,33,1495,1500
2011-05-05,52,257,258
2011-05-05,58,,
2011-05-05,60,,
2011-05-05,61,,
2011-05-05,62,,
2011-05-05,63,320,330
2011-05-05,64,,
2011-05-05,65,305,320
2011-05-05,66,,
2011-05-05,68,215,230
2011-05-05,71,188,190
2011-05-05,74,167,170
2011-05-05,76,172,173
2011-05-05,77,236,238
2011-05-05,78,,
2011-05-05,79,238,241
2011-05-05,80,,
2011-05-05,83,262,265
2011-05-05,85,,
2011-05-05,86,,
2011-05-05,87,145,146
2011-05-05,88,170,190
2011-05-05,89,157,158
2011-05-05,90,,
2011-05-05,91,234,237
2011-05-05,93,156,158
2011-05-05,95,,
2011-05-05,96,185,186
2011-05-05,97,,
2011-05-05,98,197,198
2011-05-05,99,,
2011-05-05,100,267,272
2011-05-05,102,141,142
2011-05-05,103,165,168
2011-05-05,104,157,158
2011-05-05,106,198,200
2011-05-05,108,318,320
2011-05-05,109,379,385
2011-05-05,111,386,389
2011-05-05,112,,
2011-05-05,118,,
2011-05-05,119,336,337
2011-05-05,120,334,335
2011-05-05,121,316,318
2011-05-05,122,313,315
2011-05-05,123,377,379
2011-05-05,124,374,376
2011-05-05,143,315,317
2011-05-05,144,,
2011-05-05,145,220,222
2011-05-05,151,,
2011-05-05,166,1290,1390
2011-05-05,168,870,970
2011-05-05,169,770,870
2011-05-05,170,770,870
2011-05-05,171,620,720
2011-05-05,172,700,800
2011-05-05,173,880,980
2011-05-05,179,307,308
2011-05-05,180,305,306
2011-05-05,184,168,170
2011-05-05,185,158,160
2011-05-05,186,144,146
2011-05-05,187,123,125
2011-05-05,188,125,127
2011-05-05,199,,
2011-05-05,223,169,170
2011-05-05,224,650,660
2011-05-05,225,850,860
2011-05-05,226,440,450
2011-05-05,227,390,400
2011-05-05,228,305,315
2011-05-05,231,,
2011-05-05,232,,
2011-05-05,248,359,369
2011-05-05,249,333,340
2011-05-05,250,322,327
2011-05-05,251,323,331
2011-05-05,253,362,372
2011-05-05,254,528,538
2011-05-05,255,,
2011-05-05,256,,
2011-05-05,258,443,452
2011-05-05,259,423,432
2011-05-05,260,414,422
2011-05-05,261,372,375
2011-05-05,263,240,242
2011-05-05,265,460,471
2011-05-05,277,340,360
2011-05-05,291,,
2011-05-05,299,,
2011-05-05,300,,
2011-05-05,301,,
2011-05-05,302,,
2011-05-05,305,,
2011-05-05,306,93,98
2011-05-05,307,93,98
2011-05-05,308,291,296
2011-05-05,309,271,278
2011-05-05,310,271,275
2011-05-05,311,263,266
2011-05-05,312,,
2011-05-05,313,,
2011-05-05,314,,
2011-05-05,315,275,278
2011-05-05,316,,
2011-05-05,317,317,323
2011-05-05,318,,
2011-05-05,319,,
2011-05-05,320,,
2011-05-05,321,276,278
2011-05-05,322,256,261
2011-05-05,323,246,251
2011-05-05,324,224,229
2011-05-05,325,266,270
2011-05-05,326,255,260
2011-05-05,327,234,239
2011-05-12,11,537,546
2011-05-12,13,334,336
2011-05-12,14,527,537
2011-05-12,16,337,339
2011-05-12,17,499,509
2011-05-12,24,394,400
2011-05-12,30,1300,1320
2011-05-12,33,1475,1480
2011-05-12,52,257,258
2011-05-12,58,,
2011-05-12,60,,
2011-05-12,61,,
2011-05-12,62,,
2011-05-12,63,330,340
2011-05-12,64,,
2011-05-12,65,315,330
2011-05-12,66,,
2011-05-12,68,215,230
2011-05-12,71,188,190
2011-05-12,74,167,170
2011-05-12,76,172,173
2011-05-12,77,236,238
2011-05-12,78,,
2011-05-12,79,241,244
2011-05-12,80,,
2011-05-12,83,259,262
2011-05-12,85,,
2011-05-12,86,,
2011-05-12,87,149,150
2011-05-12,88,170,190
2011-05-12,89,161,162
2011-05-12,90,,
2011-05-12,91,234,237
2011-05-12,93,156,158
2011-05-12,95,,
2011-05-12,96,189,190
2011-05-12,97,,
2011-05-12,98,201,202
2011-05-12,99,,
2011-05-12,100,267,272
2011-05-12,102,145,146
2011-05-12,103,165,168
2011-05-12,104,157,158
2011-05-12,106,198,200
2011-05-12,108,315,317
2011-05-12,109,379,385
2011-05-12,111,386,389
2011-05-12,112,,
2011-05-12,118,,
2011-05-12,119,340,341
2011-05-12,120,338,339
2011-05-12,121,322,324
2011-05-12,122,319,321
2011-05-12,123,377,379
2011-05-12,124,374,376
2011-05-12,143,315,317
2011-05-12,144,,
2011-05-12,145,220,222
2011-05-12,151,,
2011-05-12,166,1290,1390
2011-05-12,168,850,950
2011-05-12,169,770,870
2011-05-12,170,770,870
2011-05-12,171,620,720
2011-05-12,172,700,800
2011-05-12,173,880,980
2011-05-12,179,311,312
2011-05-12,180,309,310
2011-05-12,184,168,170
2011-05-12,185,158,160
2011-05-12,186,144,146
2011-05-12,187,123,125
2011-05-12,188,125,127
2011-05-12,199,,
2011-05-12,223,169,170
2011-05-12,224,650,660
2011-05-12,225,850,860
2011-05-12,226,430,440
2011-05-12,227,390,400
2011-05-12,228,305,315
2011-05-12,231,,
2011-05-12,232,,
2011-05-12,248,359,369
2011-05-12,249,333,340
2011-05-12,250,322,327
2011-05-12,251,323,331
2011-05-12,253,362,372
2011-05-12,254,528,538
2011-05-12,255,,
2011-05-12,256,,
2011-05-12,258,443,452
2011-05-12,259,423,432
2011-05-12,260,414,422
2011-05-12,261,372,375
2011-05-12,263,240,242
2011-05-12,265,460,471
2011-05-12,277,340,360
2011-05-12,291,,
2011-05-12,299,,
2011-05-12,300,,
2011-05-12,301,95,105
2011-05-12,302,100,110
2011-05-12,305,,
2011-05-12,306,90,95
2011-05-12,307,90,95
2011-05-12,308,291,296
2011-05-12,309,271,278
2011-05-12,310,271,275
2011-05-12,311,263,266
2011-05-12,312,,
2011-05-12,313,,
2011-05-12,314,,
2011-05-12,315,275,278
2011-05-12,316,,
2011-05-12,317,317,323
2011-05-12,318,,
2011-05-12,319,,
2011-05-12,320,,
2011-05-12,321,276,278
2011-05-12,322,254,259
2011-05-12,323,244,249
2011-05-12,324,222,227
2011-05-12,325,263,267
2011-05-12,326,252,257
2011-05-12,327,231,236
2011-05-19,11,537,546
2011-05-19,13,339,341
2011-05-19,14,527,537
2011-05-19,16,342,344
2011-05-19,17,499,509
2011-05-19,24,394,400
2011-05-19,30,1260,1280
2011-05-19,33,1435,1440
2011-05-19,52,260,261
2011-05-19,58,,
2011-05-19,60,,
2011-05-19,61,,
2011-05-19,62,,
2011-05-19,63,340,350
2011-05-19,64,,
2011-05-19,65,325,340
2011-05-19,66,,
2011-05-19,68,215,230
2011-05-19,71,191,193
2011-05-19,74,170,173
2011-05-19,76,172,173
2011-05-19,77,236,238
2011-05-19,78,,
2011-05-19,79,245,248
2011-05-19,80,,
2011-05-19,83,262,265
2011-05-19,85,,
2011-05-19,86,,
2011-05-19,87,149,150
2011-05-19,88,172,192
2011-05-19,89,161,162
2011-05-19,90,,
2011-05-19,91,234,237
2011-05-19,93,153,155
2011-05-19,95,,
2011-05-19,96,189,190
2011-05-19,97,,
2011-05-19,98,201,202
2011-05-19,99,,
2011-05-19,100,267,272
2011-05-19,102,145,146
2011-05-19,103,165,168
2011-05-19,104,154,155
2011-05-19,106,188,190
2011-05-19,108,313,315
2011-05-19,109,387,393
2011-05-19,111,394,397
2011-05-19,112,,
2011-05-19,118,,
2011-05-19,119,352,353
2011-05-19,120,350,351
2011-05-19,121,332,334
2011-05-19,122,329,331
2011-05-19,123,384,386
2011-05-19,124,381,383
2011-05-19,143,318,320
2011-05-19,144,,
2011-05-19,145,220,222
2011-05-19,151,,
2011-05-19,166,1290,1390
2011-05-19,168,830,930
2011-05-19,169,770,870
2011-05-19,170,770,870
2011-05-19,171,630,730
2011-05-19,172,690,790
2011-05-19,173,880,980
2011-05-19,179,321,322
2011-05-19,180,319,320
2011-05-19,184,170,172
2011-05-19,185,160,162
2011-05-19,186,146,148
2011-05-19,187,123,125
2011-05-19,188,125,127
2011-05-19,199,,
2011-05-19,223,169,170
2011-05-19,224,650,660
2011-05-19,225,850,860
2011-05-19,226,420,430
2011-05-19,227,390,400
2011-05-19,228,310,320
2011-05-19,231,,
2011-05-19,232,,
2011-05-19,248,350,360
2011-05-19,249,328,335
2011-05-19,250,322,327
2011-05-19,251,323,331
2011-05-19,253,362,372
2011-05-19,254,528,538
2011-05-19,255,,
2011-05-19,256,,
2011-05-19,258,443,452
2011-05-19,259,423,432
2011-05-19,260,414,422
2011-05-19,261,382,385
2011-05-19,263,240,242
2011-05-19,265,460,471
2011-05-19,277,340,360
2011-05-19,291,,
2011-05-19,299,,
2011-05-19,300,,
2011-05-19,301,95,105
2011-05-19,302,100,110
2011-05-19,305,,
2011-05-19,306,87,92
2011-05-19,307,87,92
2011-05-19,308,291,296
2011-05-19,309,271,278
2011-05-19,310,271,275
2011-05-19,311,263,266
2011-05-19,312,,
2011-05-19,313,,
2011-05-19,314,,
2011-05-19,315,279,282
2011-05-19,316,,
2011-05-19,317,317,323
2011-05-19,318,,
2011-05-19,319,,
2011-05-19,320,,
2011-05-19,321,,
2011-05-19,322,254,259
2011-05-19,323,244,249
2011-05-19,324,222,227
2011-05-19,325,263,267
2011-05-19,326,252,257
2011-05-19,327,231,236
2011-05-26,11,537,546
2011-05-26,13,351,353
2011-05-26,14,527,537
2011-05-26,16,354,356
2011-05-26,17,499,509
2011-05-26,24,394,400
2011-05-26,30,1230,1250
2011-05-26,33,1405,1410
2011-05-26,52,265,266
2011-05-26,58,,
2011-05-26,60,,
2011-05-26,61,,
2011-05-26,62,,
2011-05-26,63,350,360
2011-05-26,64,,
2011-05-26,65,335,350
2011-05-26,66,,
2011-05-26,68,225,240
2011-05-26,71,196,198
2011-05-26,74,175,178
2011-05-26,76,175,176
2011-05-26,77,241,243
2011-05-26,78,,
2011-05-26,79,250,253
2011-05-26,80,,
2011-05-26,83,265,268
2011-05-26,85,,
2011-05-26,86,,
2011-05-26,87,146,147
2011-05-26,88,175,195
2011-05-26,89,158,159
2011-05-26,90,,
2011-05-26,91,229,232
2011-05-26,93,138,140
2011-05-26,95,,
2011-05-26,96,186,187
2011-05-26,97,,
2011-05-26,98,198,199
2011-05-26,99,,
2011-05-26,100,262,267
2011-05-26,102,139,140
2011-05-26,103,165,168
2011-05-26,104,139,140
2011-05-26,106,178,180
2011-05-26,108,308,310
2011-05-26,109,392,398
2011-05-26,111,399,402
2011-05-26,112,,
2011-05-26,118,,
2011-05-26,119,352,353
2011-05-26,120,350,351
2011-05-26,121,332,334
2011-05-26,122,329,331
2011-05-26,123,384,386
2011-05-26,124,381,383
2011-05-26,143,323,325
2011-05-26,144,,
2011-05-26,145,220,222
2011-05-26,151,,
2011-05-26,166,1290,1390
2011-05-26,168,830,930
2011-05-26,169,750,850
2011-05-26,170,750,850
2011-05-26,171,630,730
2011-05-26,172,680,780
2011-05-26,173,860,960
2011-05-26,179,321,322
2011-05-26,180,319,320
2011-05-26,184,173,175
2011-05-26,185,163,165
2011-05-26,186,149,151
2011-05-26,187,118,120
2011-05-26,188,125,127
2011-05-26,199,,
2011-05-26,223,169,170
2011-05-26,224,650,660
2011-05-26,225,850,860
2011-05-26,226,420,430
2011-05-26,227,380,390
2011-05-26,228,310,320
2011-05-26,231,,
2011-05-26,232,,
2011-05-26,248,350,360
2011-05-26,249,328,335
2011-05-26,250,322,327
2011-05-26,251,323,331
2011-05-26,253,362,372
2011-05-26,254,528,538
2011-05-26,255,,
2011-05-26,256,,
2011-05-26,258,443,452
2011-05-26,259,423,432
2011-05-26,260,414,422
2011-05-26,261,387,390
2011-05-26,263,245,247
2011-05-26,265,460,471
2011-05-26,277,340,360
2011-05-26,291,,
2011-05-26,299,,
2011-05-26,300,,
2011-05-26,301,95,105
2011-05-26,302,100,110
2011-05-26,305,70,90
2011-05-26,306,85,90
2011-05-26,307,85,90
2011-05-26,308,293,298
2011-05-26,309,273,280
2011-05-26,310,273,277
2011-05-26,311,265,268
2011-05-26,312,,
2011-05-26,313,,
2011-05-26,314,,
2011-05-26,315,282,285
2011-05-26,316,,
2011-05-26,317,321,327
2011-05-26,318,,
2011-05-26,319,,
2011-05-26,320,,
2011-05-26,321,,
2011-05-26,322,260,265
2011-05-26,323,250,255
2011-05-26,324,228,233
2011-05-26,325,273,277
2011-05-26,326,262,267
2011-05-26,327,241,246
2011-06-01,11,542,551
2011-06-01,13,358,360
2011-06-01,14,532,542
2011-06-01,16,358,360
2011-06-01,17,504,514
2011-06-01,24,394,400
2011-06-01,30,1210,1230
2011-06-01,33,1385,1390
2011-06-01,52,271,272
2011-06-01,58,,
2011-06-01,60,,
2011-06-01,61,,
2011-06-01,62,,
2011-06-01,63,350,360
2011-06-01,64,,
2011-06-01,65,335,350
2011-06-01,66,,
2011-06-01,68,225,240
2011-06-01,71,196,198
2011-06-01,74,175,178
2011-06-01,76,175,176
2011-06-01,77,251,253
2011-06-01,78,,
2011-06-01,79,,
2011-06-01,80,,
2011-06-01,83,265,268
2011-06-01,85,,
2011-06-01,86,,
2011-06-01,87,146,147
2011-06-01,88,180,200
2011-06-01,89,158,159
2011-06-01,90,,
2011-06-01,91,229,232
2011-06-01,93,138,140
2011-06-01,95,,
2011-06-01,96,186,187
2011-06-01,97,,
2011-06-01,98,198,199
2011-06-01,99,,
2011-06-01,100,262,267
2011-06-01,102,139,140
2011-06-01,103,165,168
2011-06-01,104,139,140
2011-06-01,106,178,180
2011-06-01,108,308,310
2011-06-01,109,387,393
2011-06-01,111,394,397
2011-06-01,112,,
2011-06-01,118,,
2011-06-01,119,337,338
2011-06-01,120,335,336
2011-06-01,121,325,327
2011-06-01,122,322,324
2011-06-01,123,369,371
2011-06-01,124,366,368
2011-06-01,143,329,331
2011-06-01,144,,
2011-06-01,145,220,222
2011-06-01,151,,
2011-06-01,166,1290,1390
2011-06-01,168,810,910
2011-06-01,169,750,850
2011-06-01,170,750,850
2011-06-01,171,630,730
2011-06-01,172,680,780
2011-06-01,173,860,960
2011-06-01,179,314,315
2011-06-01,180,312,313
2011-06-01,184,178,180
2011-06-01,185,168,170
2011-06-01,186,154,156
2011-06-01,187,118,120
2011-06-01,188,125,127
2011-06-01,199,,
2011-06-01,223,169,170
2011-06-01,224,650,660
2011-06-01,225,850,860
2011-06-01,226,410,420
2011-06-01,227,380,390
2011-06-01,228,310,320
2011-06-01,231,,
2011-06-01,232,,
2011-06-01,248,350,360
2011-06-01,249,328,335
2011-06-01,250,322,327
2011-06-01,251,328,336
2011-06-01,253,362,372
2011-06-01,254,528,538
2011-06-01,255,,
2011-06-01,256,,
2011-06-01,258,448,457
2011-06-01,259,428,437
2011-06-01,260,419,427
2011-06-01,261,382,385
2011-06-01,263,,
2011-06-01,265,460,471
2011-06-01,277,340,360
2011-06-01,291,,
2011-06-01,299,,
2011-06-01,300,,
2011-06-01,301,105,115
2011-06-01,302,110,120
2011-06-01,305,70,90
2011-06-01,306,80,85
2011-06-01,307,80,85
2011-06-01,308,296,301
2011-06-01,309,276,283
2011-06-01,310,276,280
2011-06-01,311,268,271
2011-06-01,312,,
2011-06-01,313,,
2011-06-01,314,,
2011-06-01,315,280,283
2011-06-01,316,,
2011-06-01,317,319,325
2011-06-01,318,,
2011-06-01,319,,
2011-06-01,320,,
2011-06-01,321,,
2011-06-01,322,268,273
2011-06-01,323,258,263
2011-06-01,324,236,241
2011-06-01,325,281,285
2011-06-01,326,270,275
2011-06-01,327,249,254
2011-06-09,11,542,551
2011-06-09,13,358,360
2011-06-09,14,532,542
2011-06-09,16,358,360
2011-06-09,17,504,514
2011-06-09,24,404,410
2011-06-09,30,1180,1200
2011-06-09,33,1355,1360
2011-06-09,52,275.5,276.5
2011-06-09,58,,
2011-06-09,60,,
2011-06-09,61,,
2011-06-09,62,,
2011-06-09,63,360,370
2011-06-09,64,,
2011-06-09,65,345,360
2011-06-09,66,,
2011-06-09,68,230,245
2011-06-09,71,201,203
2011-06-09,74,180,183
2011-06-09,76,177,178
2011-06-09,77,251,253
2011-06-09,78,,
2011-06-09,79,,
2011-06-09,80,,
2011-06-09,83,267,270
2011-06-09,85,,
2011-06-09,86,205,210
2011-06-09,87,149,150
2011-06-09,88,180,200
2011-06-09,89,161,162
2011-06-09,90,,
2011-06-09,91,229,232
2011-06-09,93,138,140
2011-06-09,95,,
2011-06-09,96,189,190
2011-06-09,97,,
2011-06-09,98,201,202
2011-06-09,99,,
2011-06-09,100,262,267
2011-06-09,102,139,140
2011-06-09,103,165,168
2011-06-09,104,139,140
2011-06-09,106,178,180
2011-06-09,108,308,310
2011-06-09,109,390,396
2011-06-09,111,397,400
2011-06-09,112,,
2011-06-09,118,,
2011-06-09,119,342,343
2011-06-09,120,340,341
2011-06-09,121,330,332
2011-06-09,122,327,329
2011-06-09,123,374,376
2011-06-09,124,371,373
2011-06-09,143,334,336
2011-06-09,144,,
2011-06-09,145,220,222
2011-06-09,151,,
2011-06-09,166,1290,1390
2011-06-09,168,790,890
2011-06-09,169,730,830
2011-06-09,170,730,830
2011-06-09,171,610,710
2011-06-09,172,660,760
2011-06-09,173,840,940
2011-06-09,179,319,320
2011-06-09,180,317,318
2011-06-09,184,180,182
2011-06-09,185,170,172
2011-06-09,186,156,158
2011-06-09,187,118,120
2011-06-09,188,125,127
2011-06-09,199,,
2011-06-09,223,169,170
2011-06-09,224,650,660
2011-06-09,225,850,860
2011-06-09,226,400,410
2011-06-09,227,370,380
2011-06-09,228,300,310
2011-06-09,231,,
2011-06-09,232,,
2011-06-09,248,,
2011-06-09,249,,
2011-06-09,250,,
2011-06-09,251,333,341
2011-06-09,253,362,372
2011-06-09,254,528,538
2011-06-09,255,,
2011-06-09,256,,
2011-06-09,258,448,457
2011-06-09,259,428,437
2011-06-09,260,419,427
2011-06-09,261,385,388
2011-06-09,263,,
2011-06-09,265,470,481
2011-06-09,277,340,360
2011-06-09,291,,
2011-06-09,299,,
2011-06-09,300,,
2011-06-09,301,105,115
2011-06-09,302,110,120
2011-06-09,306,,
2011-06-09,307,,
2011-06-09,308,,
2011-06-09,309,,
2011-06-09,310,,
2011-06-09,311,,
2011-06-09,312,,
2011-06-09,315,280,283
2011-06-09,316,,
2011-06-09,317,,
2011-06-09,318,,
2011-06-09,319,,
2011-06-09,320,,
2011-06-09,321,,
2011-06-09,322,275,280
2011-06-09,323,265,270
2011-06-09,324,243,248
2011-06-09,325,291,295
2011-06-09,326,280,285
2011-06-09,327,259,264
2011-06-09,328,,
2011-06-09,329,,
2011-06-09,330,70,90
2011-06-16,11,542,551
2011-06-16,13,353,355
2011-06-16,14,532,542
2011-06-16,16,355,357
2011-06-16,17,504,514
2011-06-16,24,434,440
2011-06-16,30,1170,1190
2011-06-16,33,1345,1350
2011-06-16,52,279,280
2011-06-16,58,,
2011-06-16,60,,
2011-06-16,61,,
2011-06-16,62,,
2011-06-16,63,365,375
2011-06-16,64,,
2011-06-16,65,350,365
2011-06-16,66,,
2011-06-16,68,230,245
2011-06-16,71,201,203
2011-06-16,74,180,183
2011-06-16,76,177,178
2011-06-16,77,251,253
2011-06-16,78,,
2011-06-16,79,,
2011-06-16,80,,
2011-06-16,83,262,265
2011-06-16,85,,
2011-06-16,86,205,210
2011-06-16,87,154,155
2011-06-16,88,180,200
2011-06-16,89,166,167
2011-06-16,90,,
2011-06-16,91,229,232
2011-06-16,93,144,146
2011-06-16,95,,
2011-06-16,96,194,195
2011-06-16,97,,
2011-06-16,98,206,207
2011-06-16,99,,
2011-06-16,100,262,267
2011-06-16,102,144,145
2011-06-16,103,165,168
2011-06-16,104,145,146
2011-06-16,106,180,182
2011-06-16,108,308,310
2011-06-16,109,390,396
2011-06-16,111,393,396
2011-06-16,112,,
2011-06-16,118,,
2011-06-16,119,337,338
2011-06-16,120,335,336
2011-06-16,121,325,327
2011-06-16,122,322,324
2011-06-16,123,369,371
2011-06-16,124,366,368
2011-06-16,143,337,339
2011-06-16,144,,
2011-06-16,145,223,225
2011-06-16,151,,
2011-06-16,166,1270,1370
2011-06-16,168,750,850
2011-06-16,169,710,810
2011-06-16,170,710,810
2011-06-16,171,610,710
2011-06-16,172,630,730
2011-06-16,173,820,920
2011-06-16,179,314,315
2011-06-16,180,312,313
2011-06-16,184,180,182
2011-06-16,185,170,172
2011-06-16,186,156,158
2011-06-16,187,118,120
2011-06-16,188,125,127
2011-06-16,199,,
2011-06-16,223,169,170
2011-06-16,224,640,650
2011-06-16,225,840,850
2011-06-16,226,380,390
2011-06-16,227,360,370
2011-06-16,228,300,310
2011-06-16,231,,
2011-06-16,232,,
2011-06-16,248,,
2011-06-16,249,,
2011-06-16,250,,
2011-06-16,251,341,349
2011-06-16,253,,
2011-06-16,254,535,545
2011-06-16,255,,
2011-06-16,256,,
2011-06-16,258,448,457
2011-06-16,259,428,437
2011-06-16,260,419,427
2011-06-16,261,381,384
2011-06-16,263,,
2011-06-16,265,500,511
2011-06-16,277,,
2011-06-16,291,,
2011-06-16,299,,
2011-06-16,300,,
2011-06-16,301,105,115
2011-06-16,302,110,120
2011-06-16,306,,
2011-06-16,308,,
2011-06-16,309,,
2011-06-16,310,,
2011-06-16,311,,
2011-06-16,312,,
2011-06-16,315,277,280
2011-06-16,316,,
2011-06-16,317,,
2011-06-16,318,,
2011-06-16,319,,
2011-06-16,320,,
2011-06-16,321,,
2011-06-16,322,305,310
2011-06-16,323,,
2011-06-16,324,,
2011-06-16,325,321,325
2011-06-16,326,310,315
2011-06-16,327,,
2011-06-16,328,,
2011-06-16,329,,
2011-06-16,330,70,90
2011-06-16,331,,
2011-06-23,11,527,536
2011-06-23,13,333,335
2011-06-23,14,517,527
2011-06-23,16,335,337
2011-06-23,17,489,499
2011-06-23,24,449,455
2011-06-23,30,1160,1180
2011-06-23,33,1335,1340
2011-06-23,52,266,267
2011-06-23,58,,
2011-06-23,60,,
2011-06-23,61,,
2011-06-23,62,,
2011-06-23,63,375,385
2011-06-23,64,,
2011-06-23,65,360,375
2011-06-23,66,,
2011-06-23,68,235,250
2011-06-23,71,206,208
2011-06-23,74,185,188
2011-06-23,76,174,175
2011-06-23,85,,
2011-06-23,86,205,210
2011-06-23,87,149,150
2011-06-23,88,180,200
2011-06-23,89,161,162
2011-06-23,90,,
2011-06-23,91,229,232
2011-06-23,93,144,146
2011-06-23,95,,
2011-06-23,96,189,190
2011-06-23,97,,
2011-06-23,98,201,202
2011-06-23,99,,
2011-06-23,100,262,267
2011-06-23,102,139,140
2011-06-23,103,165,168
2011-06-23,104,145,146
2011-06-23,106,180,182
2011-06-23,108,308,310
2011-06-23,109,385,391
2011-06-23,111,390,393
2011-06-23,112,,
2011-06-23,118,,
2011-06-23,119,327,328
2011-06-23,120,325,326
2011-06-23,121,315,317
2011-06-23,122,312,314
2011-06-23,123,359,361
2011-06-23,124,356,358
2011-06-23,143,325,327
2011-06-23,144,,
2011-06-23,145,223,225
2011-06-23,166,1270,1370
2011-06-23,168,730,830
2011-06-23,169,670,770
2011-06-23,170,670,770
2011-06-23,171,610,710
2011-06-23,172,600,700
2011-06-23,173,780,880
2011-06-23,179,304,305
2011-06-23,180,302,303
2011-06-23,184,180,182
2011-06-23,185,170,172
2011-06-23,186,156,158
2011-06-23,187,118,120
2011-06-23,188,125,127
2011-06-23,223,169,170
2011-06-23,224,640,650
2011-06-23,225,840,850
2011-06-23,226,370,380
2011-06-23,227,340,350
2011-06-23,228,300,310
2011-06-23,231,,
2011-06-23,232,,
2011-06-23,248,,
2011-06-23,249,,
2011-06-23,250,,
2011-06-23,251,332,340
2011-06-23,253,,
2011-06-23,254,535,545
2011-06-23,255,,
2011-06-23,256,,
2011-06-23,258,433,442
2011-06-23,259,413,422
2011-06-23,260,404,412
2011-06-23,261,378,381
2011-06-23,265,515,526
2011-06-23,277,,
2011-06-23,299,,
2011-06-23,300,,
2011-06-23,301,105,115
2011-06-23,302,110,120
2011-06-23,306,50,60
2011-06-23,315,237,240
2011-06-23,316,,
2011-06-23,317,,
2011-06-23,318,,
2011-06-23,319,,
2011-06-23,320,,
2011-06-23,321,,
2011-06-23,322,,
2011-06-23,323,,
2011-06-23,324,,
2011-06-23,325,,
2011-06-23,326,,
2011-06-23,327,,
2011-06-23,328,95,105
2011-06-23,329,100,110
2011-06-23,330,70,90
2011-06-23,331,50,60
2011-06-23,332,,
2011-06-23,333,228,233
2011-06-23,334,223,228
2011-06-23,335,,
2011-06-23,336,,
2011-06-23,337,209,212
2011-06-23,338,215,218
2011-06-23,339,221,223
2011-06-23,340,,
2011-06-23,341,,
2011-06-23,342,,
2011-06-23,343,,
2011-06-30,11,519,528
2011-06-30,13,318,320
2011-06-30,14,509,519
2011-06-30,16,320,322
2011-06-30,17,481,491
2011-06-30,24,459,465
2011-06-30,30,1150,1170
2011-06-30,33,1325,1330
2011-06-30,52,260,261
2011-06-30,58,,
2011-06-30,60,,
2011-06-30,61,,
2011-06-30,62,,
2011-06-30,63,375,385
2011-06-30,64,,
2011-06-30,65,360,375
2011-06-30,66,,
2011-06-30,68,235,250
2011-06-30,71,206,208
2011-06-30,74,185,188
2011-06-30,76,174,175
2011-06-30,77,219,221
2011-06-30,78,,
2011-06-30,79,,
2011-06-30,80,,
2011-06-30,83,,
2011-06-30,85,,
2011-06-30,86,205,210
2011-06-30,87,139,140
2011-06-30,88,180,200
2011-06-30,89,151,152
2011-06-30,90,,
2011-06-30,91,216,219
2011-06-30,93,141,143
2011-06-30,95,,
2011-06-30,96,179,180
2011-06-30,97,,
2011-06-30,98,191,192
2011-06-30,99,,
2011-06-30,100,249,254
2011-06-30,102,129,130
2011-06-30,103,165,168
2011-06-30,104,142,143
2011-06-30,106,173,175
2011-06-30,108,303,305
2011-06-30,109,382,388
2011-06-30,111,387,390
2011-06-30,112,,
2011-06-30,118,,
2011-06-30,119,327,328
2011-06-30,120,325,326
2011-06-30,121,315,317
2011-06-30,122,312,314
2011-06-30,123,359,361
2011-06-30,124,356,358
2011-06-30,134,,
2011-06-30,143,319,321
2011-06-30,144,,
2011-06-30,145,225,227
2011-06-30,166,1230,1330
2011-06-30,168,690,790
2011-06-30,169,630,730
2011-06-30,170,630,730
2011-06-30,171,610,710
2011-06-30,172,580,680
2011-06-30,173,740,840
2011-06-30,179,304,305
2011-06-30,180,302,303
2011-06-30,184,180,182
2011-06-30,185,170,172
2011-06-30,186,156,158
2011-06-30,187,118,120
2011-06-30,188,125,127
2011-06-30,214,,
2011-06-30,223,169,170
2011-06-30,224,620,630
2011-06-30,225,820,830
2011-06-30,226,350,360
2011-06-30,227,320,330
2011-06-30,228,300,310
2011-06-30,231,,
2011-06-30,232,,
2011-06-30,239,,
2011-06-30,248,285,295
2011-06-30,249,380,390
2011-06-30,250,265,275
2011-06-30,251,332,340
2011-06-30,253,,
2011-06-30,254,535,545
2011-06-30,255,,
2011-06-30,256,,
2011-06-30,258,425,434
2011-06-30,259,405,414
2011-06-30,260,396,404
2011-06-30,261,378,381
2011-06-30,263,213,216
2011-06-30,265,525,536
2011-06-30,277,,
2011-06-30,300,,
2011-06-30,301,105,115
2011-06-30,302,110,120
2011-06-30,306,50,60
2011-06-30,315,217,220
2011-06-30,316,,
2011-06-30,317,,
2011-06-30,318,,
2011-06-30,319,,
2011-06-30,320,,
2011-06-30,321,,
2011-06-30,328,95,105
2011-06-30,329,100,110
2011-06-30,330,70,90
2011-06-30,331,50,60
2011-06-30,332,251,255
2011-06-30,333,233,238
2011-06-30,334,223,228
2011-06-30,335,,
2011-06-30,336,,
2011-06-30,344,295,300
2011-06-30,345,,
2011-06-30,346,305,310
2011-06-30,347,,
2011-06-30,348,207,210
2011-07-07,11,519,528
2011-07-07,13,318,320
2011-07-07,14,509,519
2011-07-07,16,320,322
2011-07-07,17,481,491
2011-07-07,24,459,465
2011-07-07,30,1150,1170
2011-07-07,33,1325,1330
2011-07-07,52,263,264
2011-07-07,58,,
2011-07-07,60,,
2011-07-07,61,,
2011-07-07,62,,
2011-07-07,63,375,385
2011-07-07,64,,
2011-07-07,65,360,375
2011-07-07,66,,
2011-07-07,68,235,250
2011-07-07,71,206,208
2011-07-07,74,185,188
2011-07-07,76,174,175
2011-07-07,77,219,221
2011-07-07,78,,
2011-07-07,79,,
2011-07-07,80,,
2011-07-07,83,,
2011-07-07,85,,
2011-07-07,86,205,210
2011-07-07,87,130,131
2011-07-07,88,180,200
2011-07-07,89,142,143
2011-07-07,90,,
2011-07-07,91,203,206
2011-07-07,93,138,140
2011-07-07,95,,
2011-07-07,96,170,171
2011-07-07,97,,
2011-07-07,98,182,183
2011-07-07,99,,
2011-07-07,100,236,241
2011-07-07,102,120,121
2011-07-07,103,165,168
2011-07-07,104,139,140
2011-07-07,106,169,171
2011-07-07,108,301,303
2011-07-07,109,382,388
2011-07-07,111,387,390
2011-07-07,112,,
2011-07-07,118,,
2011-07-07,119,334,335
2011-07-07,120,332,333
2011-07-07,121,320,322
2011-07-07,122,317,319
2011-07-07,123,364,366
2011-07-07,124,361,363
2011-07-07,134,,
2011-07-07,143,322,324
2011-07-07,144,,
2011-07-07,145,228,230
2011-07-07,166,1130,1230
2011-07-07,168,650,750
2011-07-07,169,550,650
2011-07-07,170,550,650
2011-07-07,171,610,710
2011-07-07,172,520,620
2011-07-07,173,660,760
2011-07-07,179,309,310
2011-07-07,180,307,308
2011-07-07,184,180,182
2011-07-07,185,170,172
2011-07-07,186,156,158
2011-07-07,187,118,120
2011-07-07,188,125,127
2011-07-07,214,,
2011-07-07,223,169,170
2011-07-07,224,570,580
2011-07-07,225,770,780
2011-07-07,226,330,340
2011-07-07,227,280,290
2011-07-07,228,300,310
2011-07-07,231,,
2011-07-07,232,,
2011-07-07,239,,
2011-07-07,248,285,295
2011-07-07,249,370,380
2011-07-07,250,265,275
2011-07-07,251,332,340
2011-07-07,253,,
2011-07-07,254,535,545
2011-07-07,255,,
2011-07-07,256,,
2011-07-07,258,425,434
2011-07-07,259,405,414
2011-07-07,260,396,404
2011-07-07,261,378,381
2011-07-07,263,213,216
2011-07-07,265,525,536
2011-07-07,277,,
2011-07-07,300,,
2011-07-07,301,105,115
2011-07-07,302,110,120
2011-07-07,306,50,60
2011-07-07,315,,
2011-07-07,316,,
2011-07-07,317,,
2011-07-07,318,,
2011-07-07,319,,
2011-07-07,320,,
2011-07-07,321,,
2011-07-07,328,95,105
2011-07-07,329,100,110
2011-07-07,330,70,90
2011-07-07,331,55,65
2011-07-07,332,251,255
2011-07-07,333,233,238
2011-07-07,334,223,228
2011-07-07,335,,
2011-07-07,336,,
2011-07-07,344,295,300
2011-07-07,345,,
2011-07-07,346,305,310
2011-07-07,347,,
2011-07-07,348,207,210
2011-07-14,11,519,528
2011-07-14,13,315,317
2011-07-14,14,509,519
2011-07-14,16,317,319
2011-07-14,17,481,491
2011-07-14,24,459,465
2011-07-14,30,1150,1170
2011-07-14,33,1325,1330
2011-07-14,52,266,267
2011-07-14,58,,
2011-07-14,60,,
2011-07-14,61,,
2011-07-14,62,238,242
2011-07-14,63,375,385
2011-07-14,64,,
2011-07-14,65,360,375
2011-07-14,66,,
2011-07-14,68,235,250
2011-07-14,71,206,208
2011-07-14,74,185,188
2011-07-14,76,174,175
2011-07-14,77,221,223
2011-07-14,78,,
2011-07-14,79,,
2011-07-14,80,,
2011-07-14,83,,
2011-07-14,85,,
2011-07-14,86,205,210
2011-07-14,87,137,138
2011-07-14,88,180,200
2011-07-14,89,149,150
2011-07-14,90,,
2011-07-14,91,203,206
2011-07-14,93,145,147
2011-07-14,95,,
2011-07-14,96,177,178
2011-07-14,97,,
2011-07-14,98,189,190
2011-07-14,99,,
2011-07-14,100,236,241
2011-07-14,102,130,131
2011-07-14,103,165,168
2011-07-14,104,146,147
2011-07-14,106,174,176
2011-07-14,108,301,303
2011-07-14,109,402,408
2011-07-14,111,407,410
2011-07-14,112,,
2011-07-14,118,,
2011-07-14,119,342,343
2011-07-14,120,340,341
2011-07-14,121,328,330
2011-07-14,122,325,327
2011-07-14,123,372,374
2011-07-14,124,369,371
2011-07-14,134,,
2011-07-14,143,325,327
2011-07-14,144,,
2011-07-14,145,228,230
2011-07-14,166,1030,1130
2011-07-14,168,600,700
2011-07-14,169,550,650
2011-07-14,170,550,650
2011-07-14,171,610,710
2011-07-14,172,520,620
2011-07-14,173,660,760
2011-07-14,179,317,318
2011-07-14,180,315,316
2011-07-14,184,180,182
2011-07-14,185,170,172
2011-07-14,186,156,158
2011-07-14,187,118,120
2011-07-14,188,125,127
2011-07-14,214,,
2011-07-14,223,169,170
2011-07-14,224,,
2011-07-14,225,720,730
2011-07-14,226,330,340
2011-07-14,227,280,290
2011-07-14,228,,
2011-07-14,231,,
2011-07-14,232,,
2011-07-14,239,,
2011-07-14,248,285,295
2011-07-14,249,365,375
2011-07-14,250,267,277
2011-07-14,251,332,340
2011-07-14,253,,
2011-07-14,254,535,545
2011-07-14,255,,
2011-07-14,256,,
2011-07-14,258,425,434
2011-07-14,259,405,414
2011-07-14,260,396,404
2011-07-14,261,388,391
2011-07-14,263,215,218
2011-07-14,265,525,536
2011-07-14,277,,
2011-07-14,300,,
2011-07-14,301,105,115
2011-07-14,302,110,120
2011-07-14,306,50,60
2011-07-14,315,,
2011-07-14,316,,
2011-07-14,317,,
2011-07-14,318,,
2011-07-14,319,,
2011-07-14,320,,
2011-07-14,321,,
2011-07-14,328,95,105
2011-07-14,329,100,110
2011-07-14,330,70,90
2011-07-14,331,55,65
2011-07-14,332,251,255
2011-07-14,333,233,238
2011-07-14,334,223,228
2011-07-14,335,,
2011-07-14,336,,
2011-07-14,344,295,300
2011-07-14,345,,
2011-07-14,346,305,310
2011-07-14,347,,
2011-07-14,348,209,212
2011-07-21,11,519,528
2011-07-21,13,315,317
2011-07-21,14,509,519
2011-07-21,16,317,319
2011-07-21,17,481,491
2011-07-21,24,459,465
2011-07-21,30,1150,1170
2011-07-21,33,1325,1330
2011-07-21,52,276,277
2011-07-21,58,,
2011-07-21,60,,
2011-07-21,61,,
2011-07-21,62,238,242
2011-07-21,64,,
2011-07-21,66,,
2011-07-21,76,174,175
2011-07-21,77,225,227
2011-07-21,78,,
2011-07-21,79,,
2011-07-21,80,,
2011-07-21,83,,
2011-07-21,85,,
2011-07-21,86,208,213
2011-07-21,87,150,151
2011-07-21,88,183,203
2011-07-21,89,162,163
2011-07-21,90,,
2011-07-21,91,208,211
2011-07-21,93,158,160
2011-07-21,95,,
2011-07-21,96,190,191
2011-07-21,97,,
2011-07-21,98,202,203
2011-07-21,99,,
2011-07-21,100,241,246
2011-07-21,102,143,144
2011-07-21,103,165,168
2011-07-21,104,159,160
2011-07-21,106,188,190
2011-07-21,108,301,303
2011-07-21,109,402,408
2011-07-21,111,407,410
2011-07-21,112,,
2011-07-21,118,,
2011-07-21,119,342,343
2011-07-21,120,340,341
2011-07-21,121,328,330
2011-07-21,122,325,327
2011-07-21,123,372,374
2011-07-21,124,369,371
2011-07-21,134,,
2011-07-21,143,335,337
2011-07-21,144,,
2011-07-21,145,228,230
2011-07-21,179,317,318
2011-07-21,180,315,316
2011-07-21,184,183,185
2011-07-21,185,173,175
2011-07-21,186,159,161
2011-07-21,187,120,122
2011-07-21,188,128,130
2011-07-21,214,,
2011-07-21,223,169,170
2011-07-21,231,,
2011-07-21,232,,
2011-07-21,239,,
2011-07-21,248,285,295
2011-07-21,249,365,375
2011-07-21,250,267,277
2011-07-21,251,332,340
2011-07-21,253,,
2011-07-21,254,535,545
2011-07-21,255,,
2011-07-21,256,,
2011-07-21,258,425,434
2011-07-21,259,405,414
2011-07-21,260,396,404
2011-07-21,261,388,391
2011-07-21,263,219,222
2011-07-21,265,525,536
2011-07-21,277,,
2011-07-21,300,,
2011-07-21,301,105,115
2011-07-21,302,110,120
2011-07-21,315,,
2011-07-21,316,,
2011-07-21,317,,
2011-07-21,318,,
2011-07-21,319,,
2011-07-21,320,,
2011-07-21,321,,
2011-07-21,335,,
2011-07-21,336,,
2011-07-21,345,,
2011-07-21,347,,
2011-07-21,348,213,216
2011-07-21,349,251,255
2011-07-21,350,233,238
2011-07-21,351,223,228
2011-07-21,352,105,115
2011-07-21,353,110,120
2011-07-21,354,105,115
2011-07-21,355,110,120
2011-07-21,356,75,95
2011-07-21,357,75,95
2011-07-21,358,50,60
2011-07-21,359,55,65
2011-07-21,360,,
2011-07-21,361,295,300
2011-07-21,362,670,680
2011-07-21,363,330,340
2011-07-21,364,280,290
2011-07-21,365,,
2011-07-21,366,305,310
2011-07-21,367,980,1080
2011-07-21,368,600,700
2011-07-21,369,550,650
2011-07-21,370,550,650
2011-07-21,371,610,710
2011-07-21,372,520,620
2011-07-21,373,660,760
2011-07-21,374,375,385
2011-07-21,375,360,375
2011-07-21,376,235,250
2011-07-21,377,206,208
2011-07-21,378,185,188
2011-07-28,11,519,528
2011-07-28,13,315,317
2011-07-28,14,509,519
2011-07-28,16,317,319
2011-07-28,17,481,491
2011-07-28,24,449,455
2011-07-28,30,1150,1170
2011-07-28,33,1325,1330
2011-07-28,52,276,277
2011-07-28,58,,
2011-07-28,60,,
2011-07-28,61,,
2011-07-28,62,238,242
2011-07-28,64,,
2011-07-28,66,,
2011-07-28,76,164,165
2011-07-28,77,228,230
2011-07-28,78,,
2011-07-28,79,,
2011-07-28,80,,
2011-07-28,83,,
2011-07-28,85,,
2011-07-28,86,208,213
2011-07-28,87,156,157
2011-07-28,88,183,203
2011-07-28,89,168,169
2011-07-28,90,,
2011-07-28,91,216,219
2011-07-28,93,163,165
2011-07-28,95,,
2011-07-28,96,196,197
2011-07-28,97,,
2011-07-28,98,208,209
2011-07-28,99,,
2011-07-28,100,249,254
2011-07-28,102,149,150
2011-07-28,103,165,168
2011-07-28,104,164,165
2011-07-28,106,196,198
2011-07-28,108,294,296
2011-07-28,109,,
2011-07-28,111,399,402
2011-07-28,112,,
2011-07-28,118,,
2011-07-28,119,338,339
2011-07-28,120,336,337
2011-07-28,121,325,327
2011-07-28,122,322,324
2011-07-28,123,369,371
2011-07-28,124,366,368
2011-07-28,134,,
2011-07-28,143,335,337
2011-07-28,144,,
2011-07-28,145,228,230
2011-07-28,179,315,316
2011-07-28,180,313,314
2011-07-28,184,183,185
2011-07-28,185,173,175
2011-07-28,186,159,161
2011-07-28,187,120,122
2011-07-28,188,128,130
2011-07-28,214,,
2011-07-28,223,169,170
2011-07-28,231,,
2011-07-28,232,,
2011-07-28,239,,
2011-07-28,248,285,295
2011-07-28,249,365,375
2011-07-28,250,269,279
2011-07-28,251,332,340
2011-07-28,253,270,290
2011-07-28,254,535,545
2011-07-28,255,,
2011-07-28,256,,
2011-07-28,258,425,434
2011-07-28,259,405,414
2011-07-28,260,396,404
2011-07-28,261,,
2011-07-28,263,222,225
2011-07-28,265,515,526
2011-07-28,277,280,310
2011-07-28,300,,
2011-07-28,315,,
2011-07-28,316,,
2011-07-28,317,,
2011-07-28,318,,
2011-07-28,319,,
2011-07-28,320,,
2011-07-28,321,,
2011-07-28,335,,
2011-07-28,336,,
2011-07-28,345,,
2011-07-28,348,216,219
2011-07-28,349,251,255
2011-07-28,350,233,238
2011-07-28,351,223,228
2011-07-28,352,105,115
2011-07-28,353,110,120
2011-07-28,356,75,95
2011-07-28,357,75,95
2011-07-28,358,55,65
2011-07-28,359,60,70
2011-07-28,360,,
2011-07-28,361,295,300
2011-07-28,362,620,630
2011-07-28,363,330,340
2011-07-28,364,280,290
2011-07-28,365,,
2011-07-28,366,305,310
2011-07-28,367,980,1080
2011-07-28,368,600,700
2011-07-28,369,550,650
2011-07-28,370,550,650
2011-07-28,371,610,710
2011-07-28,372,520,620
2011-07-28,373,660,760
2011-07-28,374,375,385
2011-07-28,375,360,375
2011-07-28,376,235,250
2011-07-28,377,206,208
2011-07-28,378,185,188
2011-07-28,379,,
2011-07-28,380,,
2011-07-28,381,105,115
2011-07-28,382,110,120
2011-07-28,383,290,295
2011-08-04,11,519,528
2011-08-04,13,318,320
2011-08-04,14,509,519
2011-08-04,16,320,322
2011-08-04,17,481,491
2011-08-04,24,449,455
2011-08-04,30,1150,1170
2011-08-04,33,1325,1330
2011-08-04,52,263,264
2011-08-04,58,,
2011-08-04,60,,
2011-08-04,61,,
2011-08-04,62,240,244
2011-08-04,64,,
2011-08-04,66,,
2011-08-04,76,154,155
2011-08-04,77,228,230
2011-08-04,78,,
2011-08-04,79,,
2011-08-04,80,,
2011-08-04,83,,
2011-08-04,85,,
2011-08-04,86,208,213
2011-08-04,87,162,163
2011-08-04,88,183,203
2011-08-04,89,174,175
2011-08-04,90,,
2011-08-04,91,219,222
2011-08-04,93,166,168
2011-08-04,95,,
2011-08-04,96,202,203
2011-08-04,97,,
2011-08-04,98,214,215
2011-08-04,99,,
2011-08-04,100,252,257
2011-08-04,102,155,156
2011-08-04,103,165,168
2011-08-04,104,167,168
2011-08-04,106,196,198
2011-08-04,108,290,292
2011-08-04,109,,
2011-08-04,111,397,400
2011-08-04,112,,
2011-08-04,118,,
2011-08-04,119,338,339
2011-08-04,120,336,337
2011-08-04,121,321,323
2011-08-04,122,318,320
2011-08-04,123,369,371
2011-08-04,124,366,368
2011-08-04,134,,
2011-08-04,143,322,324
2011-08-04,144,,
2011-08-04,145,228,230
2011-08-04,179,311,312
2011-08-04,180,309,310
2011-08-04,184,183,185
2011-08-04,185,173,175
2011-08-04,186,159,161
2011-08-04,187,120,122
2011-08-04,188,128,130
2011-08-04,214,,
2011-08-04,223,169,170
2011-08-04,231,,
2011-08-04,232,,
2011-08-04,239,,
2011-08-04,248,285,295
2011-08-04,249,365,375
2011-08-04,250,271,281
2011-08-04,251,,
2011-08-04,253,270,290
2011-08-04,254,535,545
2011-08-04,255,,
2011-08-04,256,,
2011-08-04,258,425,434
2011-08-04,259,405,414
2011-08-04,260,396,404
2011-08-04,261,,
2011-08-04,263,222,225
2011-08-04,265,515,526
2011-08-04,277,280,310
2011-08-04,300,,
2011-08-04,315,,
2011-08-04,316,,
2011-08-04,317,,
2011-08-04,318,,
2011-08-04,319,,
2011-08-04,320,,
2011-08-04,321,,
2011-08-04,335,,
2011-08-04,336,,
2011-08-04,345,,
2011-08-04,348,218,221
2011-08-04,349,251,255
2011-08-04,350,233,238
2011-08-04,351,223,228
2011-08-04,352,105,115
2011-08-04,353,110,120
2011-08-04,356,75,95
2011-08-04,357,75,95
2011-08-04,358,55,65
2011-08-04,359,60,70
2011-08-04,360,,
2011-08-04,361,295,300
2011-08-04,362,580,590
2011-08-04,363,330,340
2011-08-04,364,280,290
2011-08-04,365,,
2011-08-04,366,305,310
2011-08-04,367,980,1080
2011-08-04,368,600,700
2011-08-04,369,550,650
2011-08-04,370,550,650
2011-08-04,371,610,710
2011-08-04,372,520,620
2011-08-04,373,660,760
2011-08-04,374,365,375
2011-08-04,375,350,365
2011-08-04,376,235,250
2011-08-04,377,206,208
2011-08-04,378,185,188
2011-08-04,379,,
2011-08-04,380,,
2011-08-04,381,105,115
2011-08-04,382,110,120
2011-08-04,383,290,295
2011-08-25,11,519,528
2011-08-25,13,323,325
2011-08-25,14,509,519
2011-08-25,16,325,327
2011-08-25,17,481,491
2011-08-25,24,449,455
2011-08-25,30,1150,1170
2011-08-25,33,1325,1330
2011-08-25,52,213,214
2011-08-25,58,,
2011-08-25,60,,
2011-08-25,61,,
2011-08-25,62,240,244
2011-08-25,64,,
2011-08-25,66,,
2011-08-25,76,146,147
2011-08-25,77,228,230
2011-08-25,78,,
2011-08-25,79,188,191
2011-08-25,80,,
2011-08-25,83,,
2011-08-25,85,215,220
2011-08-25,86,210,215
2011-08-25,87,162,163
2011-08-25,88,183,203
2011-08-25,89,174,175
2011-08-25,90,,
2011-08-25,91,219,222
2011-08-25,93,166,168
2011-08-25,95,,
2011-08-25,96,202,203
2011-08-25,97,,
2011-08-25,98,214,215
2011-08-25,99,,
2011-08-25,100,252,257
2011-08-25,102,155,156
2011-08-25,103,165,168
2011-08-25,104,167,168
2011-08-25,106,196,198
2011-08-25,108,280,282
2011-08-25,109,,
2011-08-25,111,395,398
2011-08-25,112,,
2011-08-25,118,,
2011-08-25,119,338,339
2011-08-25,120,336,337
2011-08-25,121,324,326
2011-08-25,122,321,323
2011-08-25,123,372,374
2011-08-25,124,369,371
2011-08-25,134,,
2011-08-25,143,278,280
2011-08-25,144,,
2011-08-25,145,225,227
2011-08-25,179,314,315
2011-08-25,180,312,313
2011-08-25,184,183,185
2011-08-25,185,173,175
2011-08-25,186,159,161
2011-08-25,187,120,122
2011-08-25,188,128,130
2011-08-25,214,,
2011-08-25,223,169,170
2011-08-25,231,,
2011-08-25,232,,
2011-08-25,239,,
2011-08-25,248,285,295
2011-08-25,249,365,375
2011-08-25,250,271,281
2011-08-25,251,,
2011-08-25,253,274,294
2011-08-25,254,505,515
2011-08-25,255,,
2011-08-25,256,,
2011-08-25,258,425,434
2011-08-25,259,405,414
2011-08-25,260,396,404
2011-08-25,261,,
2011-08-25,263,222,225
2011-08-25,265,515,526
2011-08-25,277,280,310
2011-08-25,300,,
2011-08-25,303,115,120
2011-08-25,304,120,125
2011-08-25,315,,
2011-08-25,316,,
2011-08-25,317,,
2011-08-25,318,,
2011-08-25,319,,
2011-08-25,320,,
2011-08-25,321,,
2011-08-25,335,,
2011-08-25,336,,
2011-08-25,345,,
2011-08-25,348,218,221
2011-08-25,349,251,255
2011-08-25,350,233,238
2011-08-25,351,223,228
2011-08-25,356,,
2011-08-25,357,,
2011-08-25,358,65,70
2011-08-25,359,70,75
2011-08-25,360,,
2011-08-25,361,295,300
2011-08-25,362,580,590
2011-08-25,363,330,340
2011-08-25,364,290,300
2011-08-25,365,,
2011-08-25,366,305,310
2011-08-25,367,980,1080
2011-08-25,368,600,700
2011-08-25,369,570,670
2011-08-25,370,570,670
2011-08-25,371,610,710
2011-08-25,372,520,620
2011-08-25,373,680,780
2011-08-25,374,355,365
2011-08-25,375,340,355
2011-08-25,376,235,250
2011-08-25,377,206,208
2011-08-25,378,185,188
2011-08-25,379,110,115
2011-08-25,380,115,120
2011-08-25,383,290,295
2011-08-25,384,80,95
2011-08-25,385,80,95
2011-09-01,11,519,528
2011-09-01,13,328,330
2011-09-01,14,509,519
2011-09-01,16,335,337
2011-09-01,17,481,491
2011-09-01,24,454,460
2011-09-01,30,1150,1170
2011-09-01,33,1325,1330
2011-09-01,52,215,216
2011-09-01,58,,
2011-09-01,60,,
2011-09-01,61,,
2011-09-01,62,240,244
2011-09-01,64,,
2011-09-01,66,,
2011-09-01,76,136,137
2011-09-01,77,228,230
2011-09-01,78,,
2011-09-01,79,193,196
2011-09-01,80,,
2011-09-01,83,,
2011-09-01,85,215,220
2011-09-01,86,210,215
2011-09-01,87,142,143
2011-09-01,88,183,203
2011-09-01,89,154,155
2011-09-01,90,,
2011-09-01,91,212,215
2011-09-01,93,146,148
2011-09-01,95,,
2011-09-01,96,182,183
2011-09-01,97,,
2011-09-01,98,194,195
2011-09-01,99,,
2011-09-01,100,245,250
2011-09-01,102,139,140
2011-09-01,103,165,168
2011-09-01,104,147,148
2011-09-01,106,178,180
2011-09-01,108,278,280
2011-09-01,109,,
2011-09-01,111,403,406
2011-09-01,112,,
2011-09-01,118,,
2011-09-01,119,338,339
2011-09-01,120,336,337
2011-09-01,121,327,329
2011-09-01,122,324,326
2011-09-01,123,372,374
2011-09-01,124,369,371
2011-09-01,134,,
2011-09-01,143,278,280
2011-09-01,144,,
2011-09-01,145,222,224
2011-09-01,179,317,318
2011-09-01,180,315,316
2011-09-01,184,183,185
2011-09-01,185,173,175
2011-09-01,186,159,161
2011-09-01,187,120,122
2011-09-01,188,128,130
2011-09-01,214,,
2011-09-01,223,169,170
2011-09-01,231,,
2011-09-01,232,,
2011-09-01,239,,
2011-09-01,248,285,295
2011-09-01,249,365,375
2011-09-01,250,271,281
2011-09-01,251,297,302
2011-09-01,253,274,294
2011-09-01,254,,
2011-09-01,255,,
2011-09-01,256,,
2011-09-01,258,425,434
2011-09-01,259,405,414
2011-09-01,260,396,404
2011-09-01,261,,
2011-09-01,263,222,225
2011-09-01,265,520,531
2011-09-01,277,280,310
2011-09-01,300,,
2011-09-01,303,115,120
2011-09-01,304,120,125
2011-09-01,315,,
2011-09-01,316,,
2011-09-01,317,,
2011-09-01,318,,
2011-09-01,319,,
2011-09-01,320,,
2011-09-01,321,,
2011-09-01,335,,
2011-09-01,336,,
2011-09-01,345,,
2011-09-01,348,218,221
2011-09-01,349,254,258
2011-09-01,350,236,241
2011-09-01,351,225,230
2011-09-01,356,,
2011-09-01,357,,
2011-09-01,358,65,70
2011-09-01,359,70,75
2011-09-01,360,,
2011-09-01,361,295,300
2011-09-01,362,580,590
2011-09-01,363,330,340
2011-09-01,364,290,300
2011-09-01,365,,
2011-09-01,366,305,310
2011-09-01,367,980,1080
2011-09-01,368,600,700
2011-09-01,369,570,670
2011-09-01,370,570,670
2011-09-01,371,610,710
2011-09-01,372,520,620
2011-09-01,373,680,780
2011-09-01,374,345,355
2011-09-01,375,330,345
2011-09-01,376,225,240
2011-09-01,377,198,200
2011-09-01,378,177,180
2011-09-01,379,110,115
2011-09-01,380,115,120
2011-09-01,383,290,295
2011-09-01,384,80,95
2011-09-01,385,80,95
2011-09-08,11,519,528
2011-09-08,13,331,333
2011-09-08,14,509,519
2011-09-08,16,338,340
2011-09-08,17,481,491
2011-09-08,24,459,465
2011-09-08,30,1150,1170
2011-09-08,33,1325,1330
2011-09-08,52,215,216
2011-09-08,58,,
2011-09-08,60,,
2011-09-08,61,,
2011-09-08,62,260,264
2011-09-08,64,,
2011-09-08,66,,
2011-09-08,76,139,140
2011-09-08,77,228,230
2011-09-08,78,,
2011-09-08,79,207,210
2011-09-08,80,,
2011-09-08,83,,
2011-09-08,85,215,220
2011-09-08,86,210,215
2011-09-08,87,127,128
2011-09-08,88,183,203
2011-09-08,89,139,140
2011-09-08,90,,
2011-09-08,91,197,200
2011-09-08,93,131,133
2011-09-08,95,,
2011-09-08,96,167,168
2011-09-08,97,,
2011-09-08,98,179,180
2011-09-08,99,,
2011-09-08,100,230,235
2011-09-08,102,124,125
2011-09-08,103,165,168
2011-09-08,104,132,133
2011-09-08,106,163,165
2011-09-08,108,278,280
2011-09-08,109,,
2011-09-08,111,409,412
2011-09-08,112,,
2011-09-08,118,,
2011-09-08,119,343,344
2011-09-08,120,341,342
2011-09-08,121,332,334
2011-09-08,122,329,331
2011-09-08,123,377,379
2011-09-08,124,374,376
2011-09-08,134,,
2011-09-08,143,278,280
2011-09-08,144,,
2011-09-08,145,220,222
2011-09-08,179,322,323
2011-09-08,180,320,321
2011-09-08,184,183,185
2011-09-08,185,173,175
2011-09-08,186,159,161
2011-09-08,187,120,122
2011-09-08,188,128,130
2011-09-08,214,,
2011-09-08,223,169,170
2011-09-08,231,,
2011-09-08,232,,
2011-09-08,239,,
2011-09-08,248,285,295
2011-09-08,249,365,375
2011-09-08,250,271,281
2011-09-08,251,287,292
2011-09-08,253,274,294
2011-09-08,254,,
2011-09-08,255,,
2011-09-08,256,,
2011-09-08,258,425,434
2011-09-08,259,405,414
2011-09-08,260,396,404
2011-09-08,261,,
2011-09-08,263,222,225
2011-09-08,265,525,536
2011-09-08,277,280,310
2011-09-08,300,,
2011-09-08,303,115,120
2011-09-08,304,120,125
2011-09-08,315,,
2011-09-08,316,,
2011-09-08,317,282,285
2011-09-08,318,,
2011-09-08,319,,
2011-09-08,320,,
2011-09-08,321,,
2011-09-08,335,,
2011-09-08,336,,
2011-09-08,345,,
2011-09-08,348,218,221
2011-09-08,349,256,260
2011-09-08,350,236,241
2011-09-08,351,225,230
2011-09-08,356,,
2011-09-08,357,,
2011-09-08,358,65,70
2011-09-08,359,70,75
2011-09-08,360,,
2011-09-08,361,300,305
2011-09-08,362,,
2011-09-08,363,,
2011-09-08,364,,
2011-09-08,365,,
2011-09-08,366,310,315
2011-09-08,367,930,1030
2011-09-08,368,600,700
2011-09-08,369,570,670
2011-09-08,370,570,670
2011-09-08,371,610,710
2011-09-08,372,520,620
2011-09-08,373,680,780
2011-09-08,374,335,345
2011-09-08,375,320,335
2011-09-08,376,215,230
2011-09-08,377,191,193
2011-09-08,378,170,173
2011-09-08,379,110,115
2011-09-08,380,115,120
2011-09-08,383,295,300
2011-09-08,384,80,95
2011-09-08,385,80,95
2011-09-15,11,519,528
2011-09-15,13,328,330
2011-09-15,14,509,519
2011-09-15,16,335,337
2011-09-15,17,481,491
2011-09-15,24,464,470
2011-09-15,30,1150,1170
2011-09-15,33,1325,1330
2011-09-15,52,209.5,210.5
2011-09-15,58,,
2011-09-15,60,,
2011-09-15,61,,
2011-09-15,62,260,264
2011-09-15,64,,
2011-09-15,66,,
2011-09-15,76,139,140
2011-09-15,77,228,230
2011-09-15,78,,
2011-09-15,79,202,205
2011-09-15,80,,
2011-09-15,83,,
2011-09-15,85,215,220
2011-09-15,86,210,215
2011-09-15,87,124,125
2011-09-15,88,183,203
2011-09-15,89,136,137
2011-09-15,90,,
2011-09-15,91,187,190
2011-09-15,93,131,133
2011-09-15,95,,
2011-09-15,96,164,165
2011-09-15,97,,
2011-09-15,98,176,177
2011-09-15,99,,
2011-09-15,100,220,225
2011-09-15,102,121,122
2011-09-15,103,165,168
2011-09-15,104,132,133
2011-09-15,106,160,162
2011-09-15,108,278,280
2011-09-15,109,,
2011-09-15,111,404,407
2011-09-15,112,,
2011-09-15,118,,
2011-09-15,119,340,341
2011-09-15,120,338,339
2011-09-15,121,329,331
2011-09-15,122,326,328
2011-09-15,123,374,376
2011-09-15,124,371,373
2011-09-15,134,,
2011-09-15,143,273,275
2011-09-15,144,,
2011-09-15,145,210,217
2011-09-15,179,319,320
2011-09-15,180,317,318
2011-09-15,184,188,190
2011-09-15,185,178,180
2011-09-15,186,164,166
2011-09-15,187,123,125
2011-09-15,188,130,132
2011-09-15,214,,
2011-09-15,223,169,170
2011-09-15,231,,
2011-09-15,232,,
2011-09-15,239,,
2011-09-15,248,285,295
2011-09-15,249,365,375
2011-09-15,250,271,281
2011-09-15,251,277,282
2011-09-15,253,278,298
2011-09-15,254,,
2011-09-15,255,,
2011-09-15,256,,
2011-09-15,258,425,434
2011-09-15,259,405,414
2011-09-15,260,396,404
2011-09-15,261,,
2011-09-15,263,222,225
2011-09-15,265,530,541
2011-09-15,277,280,310
2011-09-15,300,130,135
2011-09-15,303,120,125
2011-09-15,304,125,130
2011-09-15,315,,
2011-09-15,316,,
2011-09-15,317,282,285
2011-09-15,318,,
2011-09-15,319,,
2011-09-15,320,,
2011-09-15,321,,
2011-09-15,335,,
2011-09-15,336,,
2011-09-15,345,,
2011-09-15,348,218,221
2011-09-15,349,256,260
2011-09-15,350,236,241
2011-09-15,351,222,227
2011-09-15,356,,
2011-09-15,357,,
2011-09-15,358,65,70
2011-09-15,359,70,75
2011-09-15,360,,
2011-09-15,361,300,305
2011-09-15,362,,
2011-09-15,363,,
2011-09-15,364,,
2011-09-15,365,,
2011-09-15,366,310,315
2011-09-15,367,880,980
2011-09-15,368,600,700
2011-09-15,369,570,670
2011-09-15,370,570,670
2011-09-15,371,560,660
2011-09-15,372,520,620
2011-09-15,373,650,750
2011-09-15,374,325,335
2011-09-15,375,310,325
2011-09-15,376,215,230
2011-09-15,377,188,190
2011-09-15,378,167,170
2011-09-15,379,110,115
2011-09-15,380,115,120
2011-09-15,383,295,300
2011-09-15,384,80,95
2011-09-15,385,80,95
2011-09-22,11,519,528
2011-09-22,13,324,326
2011-09-22,14,509,519
2011-09-22,16,331,333
2011-09-22,17,481,491
2011-09-22,24,464,470
2011-09-22,30,1150,1170
2011-09-22,33,1325,1330
2011-09-22,52,204,205
2011-09-22,58,,
2011-09-22,60,,
2011-09-22,61,,
2011-09-22,62,263,267
2011-09-22,64,,
2011-09-22,66,,
2011-09-22,76,134,135
2011-09-22,77,228,230
2011-09-22,78,,
2011-09-22,79,195,198
2011-09-22,80,,
2011-09-22,83,,
2011-09-22,85,215,220
2011-09-22,86,210,215
2011-09-22,87,124,125
2011-09-22,88,183,203
2011-09-22,89,136,137
2011-09-22,90,,
2011-09-22,91,184,187
2011-09-22,93,133,135
2011-09-22,95,,
2011-09-22,96,164,165
2011-09-22,97,,
2011-09-22,98,176,177
2011-09-22,99,,
2011-09-22,100,217,222
2011-09-22,102,121,122
2011-09-22,103,165,168
2011-09-22,104,134,135
2011-09-22,106,156,158
2011-09-22,108,279,281
2011-09-22,109,372,378
2011-09-22,111,389,392
2011-09-22,112,355,360
2011-09-22,118,,
2011-09-22,119,335,336
2011-09-22,120,333,334
2011-09-22,121,319,321
2011-09-22,122,316,318
2011-09-22,123,369,371
2011-09-22,124,366,368
2011-09-22,134,,
2011-09-22,143,268,270
2011-09-22,144,,
2011-09-22,145,208,215
2011-09-22,179,309,310
2011-09-22,180,307,308
2011-09-22,184,188,190
2011-09-22,185,178,180
2011-09-22,186,164,166
2011-09-22,187,123,125
2011-09-22,188,130,132
2011-09-22,214,,
2011-09-22,223,169,170
2011-09-22,231,,
2011-09-22,232,,
2011-09-22,239,,
2011-09-22,248,285,295
2011-09-22,249,365,375
2011-09-22,250,271,281
2011-09-22,251,272,277
2011-09-22,253,278,298
2011-09-22,254,490,498
2011-09-22,255,,
2011-09-22,256,,
2011-09-22,258,425,434
2011-09-22,259,405,414
2011-09-22,260,396,404
2011-09-22,261,,
2011-09-22,263,222,225
2011-09-22,265,530,541
2011-09-22,277,280,310
2011-09-22,300,130,135
2011-09-22,303,120,125
2011-09-22,304,125,130
2011-09-22,315,,
2011-09-22,316,,
2011-09-22,317,278,281
2011-09-22,318,,
2011-09-22,319,,
2011-09-22,320,,
2011-09-22,321,,
2011-09-22,335,,
2011-09-22,336,,
2011-09-22,345,,
2011-09-22,348,218,221
2011-09-22,349,256,260
2011-09-22,350,234,239
2011-09-22,351,220,225
2011-09-22,356,,
2011-09-22,357,,
2011-09-22,358,70,75
2011-09-22,359,75,80
2011-09-22,360,,
2011-09-22,361,300,305
2011-09-22,362,,
2011-09-22,363,,
2011-09-22,364,,
2011-09-22,365,,
2011-09-22,366,310,315
2011-09-22,367,830,930
2011-09-22,368,600,700
2011-09-22,369,570,670
2011-09-22,370,570,670
2011-09-22,371,520,620
2011-09-22,372,520,620
2011-09-22,373,650,750
2011-09-22,374,325,335
2011-09-22,375,310,325
2011-09-22,376,215,230
2011-09-22,377,183,185
2011-09-22,378,162,165
2011-09-22,379,110,115
2011-09-22,380,115,120
2011-09-22,383,295,300
2011-09-22,384,80,95
2011-09-22,385,80,95
2011-09-29,11,519,528
2011-09-29,13,328,330
2011-09-29,14,509,519
2011-09-29,16,335,337
2011-09-29,17,481,491
2011-09-29,24,459,465
2011-09-29,30,1140,1160
2011-09-29,33,1315,1320
2011-09-29,52,199,200
2011-09-29,58,,
2011-09-29,60,,
2011-09-29,61,,
2011-09-29,62,266,270
2011-09-29,64,,
2011-09-29,66,,
2011-09-29,76,129,130
2011-09-29,77,226,228
2011-09-29,78,,
2011-09-29,79,190,193
2011-09-29,80,,
2011-09-29,83,,
2011-09-29,85,215,220
2011-09-29,86,210,215
2011-09-29,87,128,129
2011-09-29,88,183,203
2011-09-29,89,140,141
2011-09-29,90,,
2011-09-29,91,174,177
2011-09-29,93,138,140
2011-09-29,95,,
2011-09-29,96,168,169
2011-09-29,97,,
2011-09-29,98,180,181
2011-09-29,99,,
2011-09-29,100,207,212
2011-09-29,102,125,126
2011-09-29,103,165,168
2011-09-29,104,139,140
2011-09-29,106,145,147
2011-09-29,108,279,281
2011-09-29,109,354,360
2011-09-29,111,371,374
2011-09-29,112,343,348
2011-09-29,118,,
2011-09-29,119,330,331
2011-09-29,120,328,329
2011-09-29,121,314,316
2011-09-29,122,311,313
2011-09-29,123,364,366
2011-09-29,124,361,363
2011-09-29,134,,
2011-09-29,143,263,265
2011-09-29,144,,
2011-09-29,145,205,212
2011-09-29,179,304,305
2011-09-29,180,302,303
2011-09-29,184,188,190
2011-09-29,185,178,180
2011-09-29,186,164,166
2011-09-29,187,123,125
2011-09-29,188,130,132
2011-09-29,214,,
2011-09-29,223,169,170
2011-09-29,231,,
2011-09-29,232,,
2011-09-29,239,,
2011-09-29,248,285,295
2011-09-29,249,365,375
2011-09-29,250,271,281
2011-09-29,251,265,270
2011-09-29,253,278,298
2011-09-29,254,482,490
2011-09-29,255,,
2011-09-29,256,,
2011-09-29,258,425,434
2011-09-29,259,405,414
2011-09-29,260,396,404
2011-09-29,261,,
2011-09-29,263,220,223
2011-09-29,265,525,536
2011-09-29,277,280,310
2011-09-29,300,130,135
2011-09-29,303,120,125
2011-09-29,304,125,130
2011-09-29,315,,
2011-09-29,316,,
2011-09-29,317,278,281
2011-09-29,318,,
2011-09-29,319,,
2011-09-29,320,,
2011-09-29,321,,
2011-09-29,335,,
2011-09-29,336,,
2011-09-29,345,,
2011-09-29,348,216,219
2011-09-29,349,254,258
2011-09-29,350,231,236
2011-09-29,351,216,221
2011-09-29,356,,
2011-09-29,357,,
2011-09-29,358,70,75
2011-09-29,359,75,80
2011-09-29,360,365,385
2011-09-29,361,298,303
2011-09-29,362,460,480
2011-09-29,363,345,365
2011-09-29,364,295,315
2011-09-29,365,250,270
2011-09-29,366,306,311
2011-09-29,367,800,900
2011-09-29,368,650,750
2011-09-29,369,570,670
2011-09-29,370,570,670
2011-09-29,371,520,620
2011-09-29,372,520,620
2011-09-29,373,650,750
2011-09-29,374,325,335
2011-09-29,375,310,325
2011-09-29,376,215,230
2011-09-29,377,183,185
2011-09-29,378,162,165
2011-09-29,383,291,296
2011-09-29,384,80,95
2011-09-29,385,80,95
2011-09-29,386,110,115
2011-09-29,387,115,120
2011-10-06,11,514,523
2011-10-06,13,328,330
2011-10-06,14,504,514
2011-10-06,16,335,337
2011-10-06,17,476,486
2011-10-06,24,449,455
2011-10-06,30,1130,1150
2011-10-06,33,1305,1310
2011-10-06,52,189,190
2011-10-06,58,,
2011-10-06,60,,
2011-10-06,61,,
2011-10-06,62,271,275
2011-10-06,64,,
2011-10-06,66,,
2011-10-06,76,129,130
2011-10-06,77,224,226
2011-10-06,78,,
2011-10-06,79,180,183
2011-10-06,80,,
2011-10-06,83,,
2011-10-06,85,215,220
2011-10-06,86,210,215
2011-10-06,87,131,132
2011-10-06,88,183,203
2011-10-06,89,143,144
2011-10-06,90,,
2011-10-06,91,164,167
2011-10-06,93,138,140
2011-10-06,95,,
2011-10-06,96,171,172
2011-10-06,97,,
2011-10-06,98,183,184
2011-10-06,99,,
2011-10-06,100,197,202
2011-10-06,102,128,129
2011-10-06,103,165,168
2011-10-06,104,139,140
2011-10-06,106,138,140
2011-10-06,108,279,281
2011-10-06,109,346,352
2011-10-06,111,366,369
2011-10-06,112,338,343
2011-10-06,118,,
2011-10-06,119,330,331
2011-10-06,120,328,329
2011-10-06,121,314,316
2011-10-06,122,311,313
2011-10-06,123,364,366
2011-10-06,124,361,363
2011-10-06,134,,
2011-10-06,143,253,255
2011-10-06,144,,
2011-10-06,145,203,210
2011-10-06,179,304,305
2011-10-06,180,302,303
2011-10-06,184,193,195
2011-10-06,185,180,182
2011-10-06,186,164,166
2011-10-06,187,123,125
2011-10-06,188,130,132
2011-10-06,214,,
2011-10-06,223,169,170
2011-10-06,231,,
2011-10-06,232,,
2011-10-06,239,,
2011-10-06,248,280,290
2011-10-06,249,362,372
2011-10-06,250,266,276
2011-10-06,251,255,260
2011-10-06,253,278,298
2011-10-06,254,477,485
2011-10-06,255,180,190
2011-10-06,256,,
2011-10-06,258,420,429
2011-10-06,259,400,409
2011-10-06,260,391,399
2011-10-06,261,,
2011-10-06,263,218,221
2011-10-06,265,515,526
2011-10-06,277,280,310
2011-10-06,300,130,135
2011-10-06,303,120,125
2011-10-06,304,125,130
2011-10-06,315,218,222
2011-10-06,316,,
2011-10-06,317,273,276
2011-10-06,318,,
2011-10-06,319,,
2011-10-06,320,,
2011-10-06,321,,
2011-10-06,335,,
2011-10-06,336,,
2011-10-06,345,,
2011-10-06,348,214,217
2011-10-06,349,251,255
2011-10-06,350,227,232
2011-10-06,351,211,216
2011-10-06,356,,
2011-10-06,357,,
2011-10-06,358,75,80
2011-10-06,359,80,85
2011-10-06,360,380,400
2011-10-06,361,288,293
2011-10-06,362,470,490
2011-10-06,363,365,385
2011-10-06,364,305,325
2011-10-06,365,250,270
2011-10-06,366,295,300
2011-10-06,367,820,920
2011-10-06,368,690,790
2011-10-06,369,590,690
2011-10-06,370,590,690
2011-10-06,371,520,620
2011-10-06,372,530,630
2011-10-06,373,670,770
2011-10-06,374,325,335
2011-10-06,375,310,325
2011-10-06,376,225,240
2011-10-06,377,176,178
2011-10-06,378,155,158
2011-10-06,383,280,285
2011-10-06,384,80,95
2011-10-06,385,80,95
2011-10-06,386,110,115
2011-10-06,387,115,120
2011-10-13,11,507,516
2011-10-13,13,328,330
2011-10-13,14,497,507
2011-10-13,16,335,337
2011-10-13,17,469,479
2011-10-13,24,434,440
2011-10-13,30,1120,1140
2011-10-13,33,1295,1300
2011-10-13,52,187,188
2011-10-13,58,,
2011-10-13,60,,
2011-10-13,61,,
2011-10-13,62,271,275
2011-10-13,64,,
2011-10-13,66,,
2011-10-13,76,129,130
2011-10-13,77,219,221
2011-10-13,78,,
2011-10-13,79,178,181
2011-10-13,80,,
2011-10-13,83,,
2011-10-13,85,215,220
2011-10-13,86,210,215
2011-10-13,87,134,135
2011-10-13,88,183,203
2011-10-13,89,146,147
2011-10-13,90,,
2011-10-13,91,154,157
2011-10-13,93,138,140
2011-10-13,95,,
2011-10-13,96,174,175
2011-10-13,97,,
2011-10-13,98,186,187
2011-10-13,99,,
2011-10-13,100,187,192
2011-10-13,102,131,132
2011-10-13,103,165,168
2011-10-13,104,139,140
2011-10-13,106,140,142
2011-10-13,108,279,281
2011-10-13,109,346,352
2011-10-13,111,366,369
2011-10-13,112,338,343
2011-10-13,118,,
2011-10-13,119,326,327
2011-10-13,120,324,325
2011-10-13,121,314,316
2011-10-13,122,311,313
2011-10-13,123,360,362
2011-10-13,124,357,359
2011-10-13,134,,
2011-10-13,143,253,255
2011-10-13,144,,
2011-10-13,145,198,205
2011-10-13,179,304,305
2011-10-13,180,302,303
2011-10-13,184,198,200
2011-10-13,185,185,187
2011-10-13,186,169,171
2011-10-13,187,123,125
2011-10-13,188,130,132
2011-10-13,214,,
2011-10-13,223,169,170
2011-10-13,231,,
2011-10-13,232,,
2011-10-13,239,,
2011-10-13,248,275,285
2011-10-13,249,359,369
2011-10-13,250,264,274
2011-10-13,251,255,260
2011-10-13,253,278,298
2011-10-13,254,477,485
2011-10-13,255,183,193
2011-10-13,256,,
2011-10-13,258,413,422
2011-10-13,259,393,402
2011-10-13,260,384,392
2011-10-13,261,,
2011-10-13,263,213,216
2011-10-13,265,500,511
2011-10-13,277,280,310
2011-10-13,300,130,135
2011-10-13,303,120,125
2011-10-13,304,125,130
2011-10-13,315,218,222
2011-10-13,316,,
2011-10-13,317,272,274
2011-10-13,318,,
2011-10-13,319,,
2011-10-13,320,,
2011-10-13,321,,
2011-10-13,335,,
2011-10-13,336,,
2011-10-13,345,,
2011-10-13,348,209,212
2011-10-13,349,247,251
2011-10-13,350,225,230
2011-10-13,351,206,211
2011-10-13,356,,
2011-10-13,357,,
2011-10-13,358,75,80
2011-10-13,359,80,85
2011-10-13,360,430,450
2011-10-13,361,283,288
2011-10-13,362,530,550
2011-10-13,363,365,385
2011-10-13,364,335,355
2011-10-13,365,250,270
2011-10-13,366,290,295
2011-10-13,367,920,1020
2011-10-13,368,690,790
2011-10-13,369,650,750
2011-10-13,370,650,750
2011-10-13,371,520,620
2011-10-13,372,550,650
2011-10-13,373,730,830
2011-10-13,374,325,335
2011-10-13,375,310,325
2011-10-13,376,235,250
2011-10-13,377,173,175
2011-10-13,378,152,155
2011-10-13,383,275,280
2011-10-13,384,80,95
2011-10-13,385,80,95
2011-10-13,386,110,115
2011-10-13,387,115,120
2011-10-20,11,507,516
2011-10-20,13,326,328
2011-10-20,14,497,507
2011-10-20,16,333,335
2011-10-20,17,469,479
2011-10-20,24,434,440
2011-10-20,30,1100,1120
2011-10-20,33,1285,1290
2011-10-20,52,190,191
2011-10-20,58,,
2011-10-20,60,,
2011-10-20,61,,
2011-10-20,62,271,275
2011-10-20,64,,
2011-10-20,66,,
2011-10-20,76,129,130
2011-10-20,77,219,221
2011-10-20,78,,
2011-10-20,79,180,182
2011-10-20,80,,
2011-10-20,83,,
2011-10-20,85,215,220
2011-10-20,86,210,215
2011-10-20,87,138,139
2011-10-20,88,183,203
2011-10-20,89,150,151
2011-10-20,90,,
2011-10-20,91,154,157
2011-10-20,93,143,145
2011-10-20,95,,
2011-10-20,96,178,179
2011-10-20,97,,
2011-10-20,98,190,191
2011-10-20,99,,
2011-10-20,100,187,192
2011-10-20,102,135,136
2011-10-20,103,165,168
2011-10-20,104,144,145
2011-10-20,106,148,150
2011-10-20,108,278,280
2011-10-20,109,349,355
2011-10-20,111,371,374
2011-10-20,112,338,343
2011-10-20,118,,
2011-10-20,119,334,335
2011-10-20,120,332,333
2011-10-20,121,319,321
2011-10-20,122,316,318
2011-10-20,123,368,370
2011-10-20,124,365,367
2011-10-20,134,,
2011-10-20,143,256,258
2011-10-20,144,,
2011-10-20,145,198,205
2011-10-20,179,309,310
2011-10-20,180,307,308
2011-10-20,184,203,205
2011-10-20,185,188,190
2011-10-20,186,169,171
2011-10-20,187,123,125
2011-10-20,188,130,132
2011-10-20,214,,
2011-10-20,223,169,170
2011-10-20,231,,
2011-10-20,232,,
2011-10-20,239,,
2011-10-20,248,275,285
2011-10-20,249,359,369
2011-10-20,250,264,274
2011-10-20,251,255,260
2011-10-20,253,278,298
2011-10-20,254,477,485
2011-10-20,255,187,197
2011-10-20,256,,
2011-10-20,258,413,422
2011-10-20,259,393,402
2011-10-20,260,384,392
2011-10-20,261,,
2011-10-20,263,213,216
2011-10-20,265,500,511
2011-10-20,277,280,310
2011-10-20,300,130,135
2011-10-20,315,216,220
2011-10-20,316,,
2011-10-20,317,270,272
2011-10-20,318,,
2011-10-20,319,,
2011-10-20,320,,
2011-10-20,321,,
2011-10-20,335,,
2011-10-20,336,,
2011-10-20,345,,
2011-10-20,348,209,212
2011-10-20,349,247,251
2011-10-20,350,225,230
2011-10-20,351,206,211
2011-10-20,356,,
2011-10-20,357,,
2011-10-20,358,75,80
2011-10-20,359,80,85
2011-10-20,360,480,500
2011-10-20,361,283,288
2011-10-20,362,560,580
2011-10-20,363,385,405
2011-10-20,364,365,385
2011-10-20,365,270,290
2011-10-20,366,290,295
2011-10-20,367,1020,1120
2011-10-20,368,730,830
2011-10-20,369,710,810
2011-10-20,370,710,810
2011-10-20,371,560,660
2011-10-20,372,600,700
2011-10-20,373,790,890
2011-10-20,374,330,340
2011-10-20,375,315,330
2011-10-20,376,235,250
2011-10-20,377,168,170
2011-10-20,378,147,150
2011-10-20,383,275,280
2011-10-20,384,,
2011-10-20,386,,
2011-10-20,387,,
2011-10-20,388,120,125
2011-10-20,389,125,130
2011-10-20,390,80,95
2011-10-27,11,507,516
2011-10-27,13,328,330
2011-10-27,14,497,507
2011-10-27,16,333,335
2011-10-27,17,469,479
2011-10-27,24,434,440
2011-10-27,30,1100,1120
2011-10-27,33,1285,1290
2011-10-27,52,195,196
2011-10-27,58,,
2011-10-27,60,,
2011-10-27,61,,
2011-10-27,62,271,275
2011-10-27,64,,
2011-10-27,66,,
2011-10-27,76,129,130
2011-10-27,77,219,221
2011-10-27,78,,
2011-10-27,79,186,188
2011-10-27,80,,
2011-10-27,83,,
2011-10-27,85,215,220
2011-10-27,86,210,215
2011-10-27,87,148,149
2011-10-27,88,183,203
2011-10-27,89,160,161
2011-10-27,90,,
2011-10-27,91,164,167
2011-10-27,93,153,155
2011-10-27,95,,
2011-10-27,96,188,189
2011-10-27,97,,
2011-10-27,98,200,201
2011-10-27,99,,
2011-10-27,100,197,202
2011-10-27,102,145,146
2011-10-27,103,165,168
2011-10-27,104,154,155
2011-10-27,106,159,161
2011-10-27,108,272,274
2011-10-27,109,349,355
2011-10-27,111,371,374
2011-10-27,112,338,343
2011-10-27,118,,
2011-10-27,119,337,338
2011-10-27,120,335,336
2011-10-27,121,322,324
2011-10-27,122,319,321
2011-10-27,123,371,373
2011-10-27,124,368,370
2011-10-27,134,,
2011-10-27,143,261,263
2011-10-27,144,,
2011-10-27,145,198,205
2011-10-27,179,312,313
2011-10-27,180,310,311
2011-10-27,184,205,207
2011-10-27,185,190,192
2011-10-27,186,171,173
2011-10-27,187,123,125
2011-10-27,188,130,132
2011-10-27,214,,
2011-10-27,223,169,170
2011-10-27,231,,
2011-10-27,232,,
2011-10-27,239,,
2011-10-27,248,280,290
2011-10-27,249,354,364
2011-10-27,250,267,277
2011-10-27,251,260,265
2011-10-27,253,278,298
2011-10-27,254,482,490
2011-10-27,255,191,201
2011-10-27,256,,
2011-10-27,258,413,422
2011-10-27,259,393,402
2011-10-27,260,384,392
2011-10-27,261,,
2011-10-27,263,213,216
2011-10-27,265,500,511
2011-10-27,277,280,310
2011-10-27,300,130,135
2011-10-27,315,216,220
2011-10-27,316,,
2011-10-27,317,270,272
2011-10-27,318,,
2011-10-27,319,,
2011-10-27,320,,
2011-10-27,321,,
2011-10-27,335,,
2011-10-27,336,,
2011-10-27,345,,
2011-10-27,348,209,212
2011-10-27,349,240,247
2011-10-27,350,225,230
2011-10-27,351,206,211
2011-10-27,356,,
2011-10-27,357,,
2011-10-27,358,75,80
2011-10-27,359,80,85
2011-10-27,360,480,500
2011-10-27,361,283,288
2011-10-27,362,560,580
2011-10-27,363,385,405
2011-10-27,364,365,385
2011-10-27,365,270,290
2011-10-27,366,290,295
2011-10-27,367,1020,1120
2011-10-27,368,730,830
2011-10-27,369,710,810
2011-10-27,370,710,810
2011-10-27,371,560,660
2011-10-27,372,600,700
2011-10-27,373,790,890
2011-10-27,374,340,350
2011-10-27,375,325,340
2011-10-27,376,245,260
2011-10-27,377,166,168
2011-10-27,378,145,148
2011-10-27,383,275,280
2011-10-27,384,,
2011-10-27,386,,
2011-10-27,387,,
2011-10-27,388,120,125
2011-10-27,389,125,130
2011-10-27,390,80,95
2011-11-03,11,507,516
2011-11-03,13,330,332
2011-11-03,14,497,507
2011-11-03,16,335,337
2011-11-03,17,469,479
2011-11-03,24,434,440
2011-11-03,30,1100,1120
2011-11-03,33,1285,1290
2011-11-03,52,196,197
2011-11-03,58,,
2011-11-03,60,,
2011-11-03,61,,
2011-11-03,62,271,275
2011-11-03,64,,
2011-11-03,66,,
2011-11-03,76,129,130
2011-11-03,77,219,221
2011-11-03,78,,
2011-11-03,79,186,188
2011-11-03,80,,
2011-11-03,83,,
2011-11-03,85,215,220
2011-11-03,86,210,215
2011-11-03,87,154,155
2011-11-03,88,183,203
2011-11-03,89,166,167
2011-11-03,90,,
2011-11-03,91,172,175
2011-11-03,93,158,160
2011-11-03,95,,
2011-11-03,96,194,195
2011-11-03,97,,
2011-11-03,98,206,207
2011-11-03,99,,
2011-11-03,100,205,210
2011-11-03,102,151,152
2011-11-03,103,165,168
2011-11-03,104,159,160
2011-11-03,106,168,170
2011-11-03,108,268,270
2011-11-03,109,349,355
2011-11-03,111,371,374
2011-11-03,112,338,343
2011-11-03,118,,
2011-11-03,119,335,336
2011-11-03,120,333,334
2011-11-03,121,320,322
2011-11-03,122,317,319
2011-11-03,123,369,371
2011-11-03,124,366,368
2011-11-03,134,,
2011-11-03,143,261,263
2011-11-03,144,,
2011-11-03,145,198,205
2011-11-03,179,310,311
2011-11-03,180,308,309
2011-11-03,184,205,207
2011-11-03,185,190,192
2011-11-03,186,171,173
2011-11-03,187,123,125
2011-11-03,188,130,132
2011-11-03,214,,
2011-11-03,223,169,170
2011-11-03,231,,
2011-11-03,232,,
2011-11-03,239,,
2011-11-03,248,280,290
2011-11-03,249,354,364
2011-11-03,250,267,277
2011-11-03,251,260,265
2011-11-03,253,278,298
2011-11-03,254,482,490
2011-11-03,255,191,201
2011-11-03,256,,
2011-11-03,258,413,422
2011-11-03,259,393,402
2011-11-03,260,384,392
2011-11-03,261,,
2011-11-03,263,213,216
2011-11-03,265,500,511
2011-11-03,277,280,310
2011-11-03,300,130,135
2011-11-03,315,216,220
2011-11-03,316,,
2011-11-03,317,270,272
2011-11-03,318,,
2011-11-03,319,,
2011-11-03,320,,
2011-11-03,321,,
2011-11-03,335,,
2011-11-03,336,,
2011-11-03,345,,
2011-11-03,348,209,212
2011-11-03,349,240,244
2011-11-03,350,225,230
2011-11-03,351,206,211
2011-11-03,356,,
2011-11-03,357,,
2011-11-03,358,73,78
2011-11-03,359,78,83
2011-11-03,360,480,500
2011-11-03,361,283,288
2011-11-03,362,560,580
2011-11-03,363,385,405
2011-11-03,364,365,385
2011-11-03,365,270,290
2011-11-03,366,290,295
2011-11-03,367,1020,1120
2011-11-03,368,730,830
2011-11-03,369,710,810
2011-11-03,370,710,810
2011-11-03,371,560,660
2011-11-03,372,600,700
2011-11-03,373,790,890
2011-11-03,374,340,350
2011-11-03,375,325,340
2011-11-03,376,245,260
2011-11-03,377,166,168
2011-11-03,378,145,148
2011-11-03,383,275,280
2011-11-03,384,,
2011-11-03,386,,
2011-11-03,387,,
2011-11-03,388,120,125
2011-11-03,389,125,130
2011-11-03,390,80,95
2011-11-10,11,507,516
2011-11-10,13,328,330
2011-11-10,14,497,507
2011-11-10,16,333,335
2011-11-10,17,469,479
2011-11-10,24,434,440
2011-11-10,30,1090,1110
2011-11-10,33,1275,1280
2011-11-10,52,195,196
2011-11-10,58,,
2011-11-10,60,,
2011-11-10,61,,
2011-11-10,62,271,275
2011-11-10,64,,
2011-11-10,66,,
2011-11-10,76,124,125
2011-11-10,77,219,221
2011-11-10,78,,
2011-11-10,79,186,188
2011-11-10,80,,
2011-11-10,83,,
2011-11-10,85,220,225
2011-11-10,86,215,220
2011-11-10,87,156,157
2011-11-10,88,188,208
2011-11-10,89,168,169
2011-11-10,90,,
2011-11-10,91,174,177
2011-11-10,93,160,162
2011-11-10,95,,
2011-11-10,96,196,197
2011-11-10,97,,
2011-11-10,98,208,209
2011-11-10,99,,
2011-11-10,100,207,212
2011-11-10,102,153,154
2011-11-10,103,165,168
2011-11-10,104,161,162
2011-11-10,106,170,172
2011-11-10,108,270,272
2011-11-10,109,347,353
2011-11-10,111,371,374
2011-11-10,112,338,343
2011-11-10,118,,
2011-11-10,119,325,326
2011-11-10,120,323,324
2011-11-10,121,310,312
2011-11-10,122,307,309
2011-11-10,123,359,361
2011-11-10,124,356,358
2011-11-10,134,,
2011-11-10,143,261,263
2011-11-10,144,,
2011-11-10,145,198,205
2011-11-10,179,300,301
2011-11-10,180,298,299
2011-11-10,184,210,212
2011-11-10,185,190,192
2011-11-10,186,171,173
2011-11-10,187,123,125
2011-11-10,188,130,132
2011-11-10,214,,
2011-11-10,223,169,170
2011-11-10,231,194,195
2011-11-10,232,,
2011-11-10,239,,
2011-11-10,248,280,290
2011-11-10,249,354,364
2011-11-10,250,267,277
2011-11-10,251,260,265
2011-11-10,253,278,298
2011-11-10,254,487,495
2011-11-10,255,191,201
2011-11-10,256,,
2011-11-10,258,413,422
2011-11-10,259,393,402
2011-11-10,260,384,392
2011-11-10,261,343,345
2011-11-10,263,213,216
2011-11-10,265,500,511
2011-11-10,277,280,310
2011-11-10,300,130,135
2011-11-10,315,216,220
2011-11-10,316,,
2011-11-10,317,270,272
2011-11-10,318,,
2011-11-10,319,,
2011-11-10,320,,
2011-11-10,321,,
2011-11-10,335,,
2011-11-10,336,,
2011-11-10,345,,
2011-11-10,348,209,212
2011-11-10,349,240,244
2011-11-10,350,225,230
2011-11-10,351,206,211
2011-11-10,356,,
2011-11-10,357,,
2011-11-10,358,73,78
2011-11-10,359,78,83
2011-11-10,360,470,490
2011-11-10,361,283,288
2011-11-10,362,560,580
2011-11-10,363,370,390
2011-11-10,364,350,370
2011-11-10,365,270,290
2011-11-10,366,290,295
2011-11-10,367,1000,1100
2011-11-10,368,710,810
2011-11-10,369,710,810
2011-11-10,370,680,780
2011-11-10,371,560,660
2011-11-10,372,600,700
2011-11-10,373,790,890
2011-11-10,374,350,360
2011-11-10,375,335,350
2011-11-10,376,250,265
2011-11-10,377,166,168
2011-11-10,378,145,148
2011-11-10,383,275,280
2011-11-10,384,,
2011-11-10,386,,
2011-11-10,387,,
2011-11-10,388,120,125
2011-11-10,389,125,130
2011-11-10,390,80,95
2011-11-17,11,502,511
2011-11-17,13,325,327
2011-11-17,14,492,502
2011-11-17,16,330,332
2011-11-17,17,464,474
2011-11-17,24,434,440
2011-11-17,30,1090,1110
2011-11-17,33,1275,1280
2011-11-17,52,191,192
2011-11-17,58,,
2011-11-17,60,,
2011-11-17,61,,
2011-11-17,62,276,280
2011-11-17,64,,
2011-11-17,66,,
2011-11-17,76,124,125
2011-11-17,77,219,221
2011-11-17,78,,
2011-11-17,79,184,186
2011-11-17,80,,
2011-11-17,83,,
2011-11-17,85,220,225
2011-11-17,86,215,220
2011-11-17,87,162,163
2011-11-17,88,188,208
2011-11-17,89,174,175
2011-11-17,90,,
2011-11-17,91,184,187
2011-11-17,93,166,168
2011-11-17,95,,
2011-11-17,96,202,203
2011-11-17,97,,
2011-11-17,98,214,215
2011-11-17,99,,
2011-11-17,100,217,222
2011-11-17,102,161,162
2011-11-17,103,165,168
2011-11-17,104,167,168
2011-11-17,106,180,182
2011-11-17,108,273,275
2011-11-17,109,345,351
2011-11-17,111,369,372
2011-11-17,112,338,343
2011-11-17,118,,
2011-11-17,119,323,324
2011-11-17,120,321,322
2011-11-17,121,306,308
2011-11-17,122,303,305
2011-11-17,123,359,361
2011-11-17,124,356,358
2011-11-17,134,,
2011-11-17,143,257,259
2011-11-17,144,,
2011-11-17,145,198,205
2011-11-17,179,298,299
2011-11-17,180,296,297
2011-11-17,184,210,212
2011-11-17,185,190,192
2011-11-17,186,171,173
2011-11-17,187,123,125
2011-11-17,188,130,132
2011-11-17,214,,
2011-11-17,223,169,170
2011-11-17,231,191,192
2011-11-17,232,,
2011-11-17,239,,
2011-11-17,248,280,290
2011-11-17,249,354,364
2011-11-17,250,267,277
2011-11-17,251,260,265
2011-11-17,253,278,298
2011-11-17,254,487,495
2011-11-17,255,197,207
2011-11-17,256,,
2011-11-17,258,408,417
2011-11-17,259,388,397
2011-11-17,260,379,387
2011-11-17,261,341,343
2011-11-17,263,213,216
2011-11-17,265,500,511
2011-11-17,277,280,310
2011-11-17,300,130,135
2011-11-17,315,214,218
2011-11-17,316,,
2011-11-17,317,268,270
2011-11-17,318,,
2011-11-17,319,,
2011-11-17,320,,
2011-11-17,321,,
2011-11-17,335,,
2011-11-17,336,,
2011-11-17,345,,
2011-11-17,348,209,212
2011-11-17,349,236,240
2011-11-17,350,225,230
2011-11-17,351,206,211
2011-11-17,356,,
2011-11-17,357,,
2011-11-17,358,73,78
2011-11-17,359,78,83
2011-11-17,360,460,480
2011-11-17,361,283,288
2011-11-17,362,560,580
2011-11-17,363,365,385
2011-11-17,364,350,370
2011-11-17,365,270,290
2011-11-17,366,290,295
2011-11-17,367,980,1080
2011-11-17,368,700,800
2011-11-17,369,710,810
2011-11-17,370,680,780
2011-11-17,371,560,660
2011-11-17,372,600,700
2011-11-17,373,790,890
2011-11-17,374,360,370
2011-11-17,375,345,360
2011-11-17,376,250,265
2011-11-17,377,166,168
2011-11-17,378,145,148
2011-11-17,383,275,280
2011-11-17,384,,
2011-11-17,386,,
2011-11-17,387,,
2011-11-17,388,120,125
2011-11-17,389,125,130
2011-11-17,390,80,95
2011-11-24,11,497,506
2011-11-24,13,323,325
2011-11-24,14,487,497
2011-11-24,16,328,330
2011-11-24,17,459,469
2011-11-24,24,434,440
2011-11-24,30,1080,1100
2011-11-24,33,1265,1270
2011-11-24,52,185,186
2011-11-24,58,,
2011-11-24,60,,
2011-11-24,61,,
2011-11-24,62,276,280
2011-11-24,64,,
2011-11-24,66,,
2011-11-24,76,119,120
2011-11-24,77,219,221
2011-11-24,78,,
2011-11-24,79,181,183
2011-11-24,80,,
2011-11-24,83,,
2011-11-24,85,225,230
2011-11-24,86,220,225
2011-11-24,87,167,168
2011-11-24,88,190,210
2011-11-24,89,177,178
2011-11-24,90,,
2011-11-24,91,189,192
2011-11-24,93,171,173
2011-11-24,95,,
2011-11-24,96,207,208
2011-11-24,97,,
2011-11-24,98,217,218
2011-11-24,99,,
2011-11-24,100,222,227
2011-11-24,102,166,167
2011-11-24,103,165,168
2011-11-24,104,172,173
2011-11-24,106,184,186
2011-11-24,108,273,275
2011-11-24,109,341,347
2011-11-24,111,365,368
2011-11-24,112,338,343
2011-11-24,118,,
2011-11-24,119,319,320
2011-11-24,120,317,318
2011-11-24,121,302,304
2011-11-24,122,299,301
2011-11-24,123,357,359
2011-11-24,124,354,356
2011-11-24,134,,
2011-11-24,143,252,254
2011-11-24,144,,
2011-11-24,145,195,202
2011-11-24,179,294,295
2011-11-24,180,292,293
2011-11-24,184,215,217
2011-11-24,185,195,197
2011-11-24,186,173,175
2011-11-24,187,123,125
2011-11-24,188,130,132
2011-11-24,214,,
2011-11-24,223,169,170
2011-11-24,231,188,189
2011-11-24,232,,
2011-11-24,239,,
2011-11-24,248,275,285
2011-11-24,249,354,364
2011-11-24,250,267,277
2011-11-24,251,256,261
2011-11-24,253,278,298
2011-11-24,254,487,495
2011-11-24,255,207,217
2011-11-24,256,,
2011-11-24,258,403,412
2011-11-24,259,383,392
2011-11-24,260,374,382
2011-11-24,261,337,339
2011-11-24,263,213,216
2011-11-24,265,500,511
2011-11-24,277,275,305
2011-11-24,300,130,135
2011-11-24,315,209,213
2011-11-24,316,,
2011-11-24,317,266,268
2011-11-24,318,,
2011-11-24,319,,
2011-11-24,320,,
2011-11-24,321,,
2011-11-24,335,,
2011-11-24,336,,
2011-11-24,345,,
2011-11-24,348,209,212
2011-11-24,349,231,235
2011-11-24,350,225,230
2011-11-24,351,203,208
2011-11-24,356,,
2011-11-24,357,,
2011-11-24,358,70,75
2011-11-24,359,75,80
2011-11-24,360,440,460
2011-11-24,361,283,288
2011-11-24,362,560,580
2011-11-24,363,355,375
2011-11-24,364,340,360
2011-11-24,365,265,285
2011-11-24,366,290,295
2011-11-24,367,940,1040
2011-11-24,368,680,780
2011-11-24,369,690,790
2011-11-24,370,660,760
2011-11-24,371,550,650
2011-11-24,372,600,700
2011-11-24,373,770,870
2011-11-24,374,370,380
2011-11-24,375,355,370
2011-11-24,376,255,270
2011-11-24,377,166,168
2011-11-24,378,145,148
2011-11-24,383,275,280
2011-11-24,384,,
2011-11-24,386,,
2011-11-24,387,,
2011-11-24,388,120,125
2011-11-24,389,125,130
2011-11-24,390,80,95
2011-12-01,11,497,506
2011-12-01,13,323,325
2011-12-01,14,487,497
2011-12-01,16,328,330
2011-12-01,17,459,469
2011-12-01,24,434,440
2011-12-01,30,1070,1090
2011-12-01,33,1255,1260
2011-12-01,52,186,187
2011-12-01,58,,
2011-12-01,60,,
2011-12-01,61,,
2011-12-01,62,276,280
2011-12-01,64,,
2011-12-01,66,,
2011-12-01,76,119,120
2011-12-01,77,219,221
2011-12-01,78,,
2011-12-01,79,181,183
2011-12-01,80,,
2011-12-01,83,,
2011-12-01,85,225,230
2011-12-01,86,220,225
2011-12-01,87,169,170
2011-12-01,88,190,210
2011-12-01,89,177,178
2011-12-01,90,,
2011-12-01,91,189,192
2011-12-01,93,173,175
2011-12-01,95,,
2011-12-01,96,209,210
2011-12-01,97,,
2011-12-01,98,217,218
2011-12-01,99,,
2011-12-01,100,222,227
2011-12-01,102,168,169
2011-12-01,103,165,168
2011-12-01,104,174,175
2011-12-01,106,182,184
2011-12-01,108,274,276
2011-12-01,109,341,347
2011-12-01,111,365,368
2011-12-01,112,338,343
2011-12-01,118,,
2011-12-01,119,321,322
2011-12-01,120,319,320
2011-12-01,121,304,306
2011-12-01,122,301,303
2011-12-01,123,359,361
2011-12-01,124,356,358
2011-12-01,134,,
2011-12-01,143,252,254
2011-12-01,144,,
2011-12-01,145,195,202
2011-12-01,179,296,297
2011-12-01,180,294,295
2011-12-01,184,220,222
2011-12-01,185,200,202
2011-12-01,186,175,177
2011-12-01,187,123,125
2011-12-01,188,130,132
2011-12-01,214,,
2011-12-01,223,169,170
2011-12-01,231,189,190
2011-12-01,232,,
2011-12-01,239,,
2011-12-01,248,275,285
2011-12-01,249,354,364
2011-12-01,250,267,277
2011-12-01,251,256,261
2011-12-01,253,278,298
2011-12-01,254,487,495
2011-12-01,255,209,219
2011-12-01,256,,
2011-12-01,258,403,412
2011-12-01,259,383,392
2011-12-01,260,374,382
2011-12-01,261,337,339
2011-12-01,263,213,216
2011-12-01,265,500,511
2011-12-01,277,275,305
2011-12-01,300,130,135
2011-12-01,315,209,213
2011-12-01,316,,
2011-12-01,317,266,268
2011-12-01,318,,
2011-12-01,319,,
2011-12-01,320,,
2011-12-01,321,,
2011-12-01,335,,
2011-12-01,336,,
2011-12-01,345,,
2011-12-01,348,209,212
2011-12-01,349,231,235
2011-12-01,350,225,230
2011-12-01,351,203,208
2011-12-01,356,,
2011-12-01,357,,
2011-12-01,358,70,75
2011-12-01,359,75,80
2011-12-01,360,430,450
2011-12-01,361,283,288
2011-12-01,362,550,570
2011-12-01,363,355,375
2011-12-01,364,335,355
2011-12-01,365,265,285
2011-12-01,366,290,295
2011-12-01,367,920,1020
2011-12-01,368,680,780
2011-12-01,369,680,780
2011-12-01,370,650,750
2011-12-01,371,550,650
2011-12-01,372,580,680
2011-12-01,373,760,860
2011-12-01,374,380,390
2011-12-01,375,365,380
2011-12-01,376,255,270
2011-12-01,377,166,168
2011-12-01,378,145,148
2011-12-01,383,275,280
2011-12-01,384,,
2011-12-01,386,,
2011-12-01,387,,
2011-12-01,388,120,125
2011-12-01,389,125,130
2011-12-01,390,80,95
2011-12-07,11,497,506
2011-12-07,13,328,330
2011-12-07,14,487,497
2011-12-07,16,333,335
2011-12-07,17,459,469
2011-12-07,24,434,440
2011-12-07,30,1070,1090
2011-12-07,33,1255,1260
2011-12-07,52,188,189
2011-12-07,58,,
2011-12-07,60,,
2011-12-07,61,,
2011-12-07,62,276,280
2011-12-07,64,,
2011-12-07,66,,
2011-12-07,76,119,120
2011-12-07,77,219,221
2011-12-07,78,,
2011-12-07,79,181,183
2011-12-07,80,,
2011-12-07,83,,
2011-12-07,85,225,230
2011-12-07,86,220,225
2011-12-07,87,169,170
2011-12-07,88,190,210
2011-12-07,89,177,178
2011-12-07,90,,
2011-12-07,91,189,192
2011-12-07,93,173,175
2011-12-07,95,,
2011-12-07,96,209,210
2011-12-07,97,,
2011-12-07,98,217,218
2011-12-07,99,,
2011-12-07,100,222,227
2011-12-07,102,168,169
2011-12-07,103,165,168
2011-12-07,104,174,175
2011-12-07,106,182,184
2011-12-07,108,269,271
2011-12-07,109,341,347
2011-12-07,111,365,368
2011-12-07,112,338,343
2011-12-07,118,,
2011-12-07,119,318,319
2011-12-07,120,316,317
2011-12-07,121,301,303
2011-12-07,122,298,300
2011-12-07,123,356,358
2011-12-07,124,353,355
2011-12-07,134,,
2011-12-07,143,254,256
2011-12-07,144,,
2011-12-07,145,193,200
2011-12-07,179,293,294
2011-12-07,180,291,292
2011-12-07,184,220,222
2011-12-07,185,200,202
2011-12-07,186,175,177
2011-12-07,187,123,125
2011-12-07,188,130,132
2011-12-07,214,,
2011-12-07,223,169,170
2011-12-07,231,191,192
2011-12-07,232,,
2011-12-07,239,,
2011-12-07,248,275,285
2011-12-07,249,354,364
2011-12-07,250,267,277
2011-12-07,251,256,261
2011-12-07,253,278,298
2011-12-07,254,487,495
2011-12-07,255,209,219
2011-12-07,256,,
2011-12-07,258,403,412
2011-12-07,259,383,392
2011-12-07,260,374,382
2011-12-07,261,337,339
2011-12-07,263,213,216
2011-12-07,265,500,511
2011-12-07,277,275,305
2011-12-07,300,130,135
2011-12-07,315,209,213
2011-12-07,316,,
2011-12-07,317,266,268
2011-12-07,318,,
2011-12-07,319,,
2011-12-07,320,,
2011-12-07,321,,
2011-12-07,335,,
2011-12-07,336,,
2011-12-07,345,,
2011-12-07,348,209,212
2011-12-07,349,228,232
2011-12-07,350,223,228
2011-12-07,351,202,207
2011-12-07,356,,
2011-12-07,357,,
2011-12-07,358,68,73
2011-12-07,359,73,78
2011-12-07,360,410,430
2011-12-07,361,283,288
2011-12-07,362,550,570
2011-12-07,363,345,365
2011-12-07,364,325,345
2011-12-07,365,260,280
2011-12-07,366,290,295
2011-12-07,367,880,980
2011-12-07,368,660,760
2011-12-07,369,660,760
2011-12-07,370,630,730
2011-12-07,371,540,640
2011-12-07,372,580,680
2011-12-07,373,740,840
2011-12-07,374,390,400
2011-12-07,375,375,390
2011-12-07,376,260,275
2011-12-07,377,168,170
2011-12-07,378,147,150
2011-12-07,383,275,280
2011-12-07,384,,
2011-12-07,386,,
2011-12-07,387,,
2011-12-07,388,120,125
2011-12-07,389,125,130
2011-12-07,390,80,95
2011-12-15,11,492,501
2011-12-15,13,328,330
2011-12-15,14,482,492
2011-12-15,16,333,335
2011-12-15,17,454,464
2011-12-15,24,429,435
2011-12-15,30,1060,1080
2011-12-15,33,1245,1250
2011-12-15,52,189,190
2011-12-15,58,,
2011-12-15,60,,
2011-12-15,61,,
2011-12-15,62,276,280
2011-12-15,64,,
2011-12-15,66,,
2011-12-15,76,121,122
2011-12-15,77,218,220
2011-12-15,78,,
2011-12-15,79,181,183
2011-12-15,80,,
2011-12-15,83,,
2011-12-15,85,225,230
2011-12-15,86,220,225
2011-12-15,87,167,168
2011-12-15,88,190,210
2011-12-15,89,175,176
2011-12-15,90,,
2011-12-15,91,184,187
2011-12-15,93,173,175
2011-12-15,95,,
2011-12-15,96,207,208
2011-12-15,97,,
2011-12-15,98,215,216
2011-12-15,99,,
2011-12-15,100,217,222
2011-12-15,102,166,167
2011-12-15,103,165,168
2011-12-15,104,174,175
2011-12-15,106,182,184
2011-12-15,108,260,262
2011-12-15,109,346,352
2011-12-15,111,370,373
2011-12-15,112,338,343
2011-12-15,118,,
2011-12-15,119,323,324
2011-12-15,120,321,322
2011-12-15,121,306,308
2011-12-15,122,303,305
2011-12-15,123,361,363
2011-12-15,124,358,360
2011-12-15,134,,
2011-12-15,143,254,256
2011-12-15,144,,
2011-12-15,145,193,200
2011-12-15,179,298,299
2011-12-15,180,296,297
2011-12-15,184,220,222
2011-12-15,185,200,202
2011-12-15,186,175,177
2011-12-15,187,123,125
2011-12-15,188,130,132
2011-12-15,214,,
2011-12-15,223,169,170
2011-12-15,231,192,193
2011-12-15,232,,
2011-12-15,239,,
2011-12-15,248,275,285
2011-12-15,249,354,364
2011-12-15,250,267,277
2011-12-15,251,256,261
2011-12-15,253,278,298
2011-12-15,254,487,495
2011-12-15,255,209,219
2011-12-15,256,,
2011-12-15,258,398,407
2011-12-15,259,378,387
2011-12-15,260,369,377
2011-12-15,261,342,344
2011-12-15,263,212,215
2011-12-15,265,495,506
2011-12-15,277,275,305
2011-12-15,300,130,135
2011-12-15,315,208,212
2011-12-15,316,,
2011-12-15,317,263,265
2011-12-15,318,,
2011-12-15,319,,
2011-12-15,320,,
2011-12-15,321,,
2011-12-15,335,,
2011-12-15,336,,
2011-12-15,345,,
2011-12-15,348,208,211
2011-12-15,349,226,230
2011-12-15,350,223,228
2011-12-15,351,202,207
2011-12-15,356,,
2011-12-15,357,,
2011-12-15,358,68,73
2011-12-15,359,73,78
2011-12-15,360,400,420
2011-12-15,361,283,288
2011-12-15,362,540,560
2011-12-15,363,345,365
2011-12-15,364,325,345
2011-12-15,365,260,280
2011-12-15,366,287,292
2011-12-15,367,860,960
2011-12-15,368,660,760
2011-12-15,369,660,760
2011-12-15,370,630,730
2011-12-15,371,540,640
2011-12-15,372,580,680
2011-12-15,373,740,840
2011-12-15,374,390,400
2011-12-15,375,375,390
2011-12-15,376,260,275
2011-12-15,377,168,170
2011-12-15,378,147,150
2011-12-15,383,272,277
2011-12-15,384,,
2011-12-15,386,,
2011-12-15,387,,
2011-12-15,388,120,125
2011-12-15,389,125,130
2011-12-15,390,80,95
2011-12-22,11,492,501
2011-12-22,13,331,333
2011-12-22,14,482,492
2011-12-22,16,336,338
2011-12-22,17,454,464
2011-12-22,24,429,435
2011-12-22,30,1060,1080
2011-12-22,33,1245,1250
2011-12-22,52,191,192
2011-12-22,58,,
2011-12-22,60,,
2011-12-22,61,,
2011-12-22,62,279,283
2011-12-22,64,,
2011-12-22,66,,
2011-12-22,76,124,125
2011-12-22,77,218,220
2011-12-22,78,,
2011-12-22,79,183,185
2011-12-22,80,,
2011-12-22,83,,
2011-12-22,85,225,230
2011-12-22,86,220,225
2011-12-22,87,167,168
2011-12-22,88,190,210
2011-12-22,89,175,176
2011-12-22,90,,
2011-12-22,91,184,187
2011-12-22,93,173,175
2011-12-22,95,,
2011-12-22,96,207,208
2011-12-22,97,,
2011-12-22,98,215,216
2011-12-22,99,,
2011-12-22,100,217,222
2011-12-22,102,166,167
2011-12-22,103,165,168
2011-12-22,104,174,175
2011-12-22,106,182,184
2011-12-22,108,258,260
2011-12-22,109,351,357
2011-12-22,111,375,378
2011-12-22,112,338,343
2011-12-22,118,,
2011-12-22,119,331,332
2011-12-22,120,329,330
2011-12-22,121,314,316
2011-12-22,122,311,313
2011-12-22,123,369,371
2011-12-22,124,366,368
2011-12-22,134,,
2011-12-22,143,256,258
2011-12-22,144,,
2011-12-22,145,191,198
2011-12-22,179,306,307
2011-12-22,180,304,305
2011-12-22,184,220,222
2011-12-22,185,200,202
2011-12-22,186,175,177
2011-12-22,187,123,125
2011-12-22,188,130,132
2011-12-22,214,,
2011-12-22,223,169,170
2011-12-22,231,194,195
2011-12-22,232,,
2011-12-22,239,,
2011-12-22,248,280,290
2011-12-22,249,354,364
2011-12-22,250,270,280
2011-12-22,251,264,269
2011-12-22,253,280,300
2011-12-22,254,492,500
2011-12-22,255,209,219
2011-12-22,256,,
2011-12-22,258,398,407
2011-12-22,259,378,387
2011-12-22,260,369,377
2011-12-22,261,347,349
2011-12-22,263,212,215
2011-12-22,265,495,506
2011-12-22,277,278,308
2011-12-22,300,130,135
2011-12-22,315,211,215
2011-12-22,316,,
2011-12-22,317,263,265
2011-12-22,318,,
2011-12-22,319,,
2011-12-22,320,,
2011-12-22,321,,
2011-12-22,335,,
2011-12-22,336,,
2011-12-22,345,,
2011-12-22,348,208,211
2011-12-22,349,226,230
2011-12-22,350,223,228
2011-12-22,351,204,209
2011-12-22,356,,
2011-12-22,357,,
2011-12-22,358,68,73
2011-12-22,359,73,78
2011-12-22,360,400,420
2011-12-22,361,283,288
2011-12-22,362,540,560
2011-12-22,363,345,365
2011-12-22,364,325,345
2011-12-22,365,260,280
2011-12-22,366,287,292
2011-12-22,367,860,960
2011-12-22,368,660,760
2011-12-22,369,660,760
2011-12-22,370,630,730
2011-12-22,371,540,640
2011-12-22,372,580,680
2011-12-22,373,740,840
2011-12-22,374,400,410
2011-12-22,375,385,400
2011-12-22,376,265,280
2011-12-22,377,168,170
2011-12-22,378,147,150
2011-12-22,383,272,277
2011-12-22,384,,
2011-12-22,386,,
2011-12-22,387,,
2011-12-22,388,120,125
2011-12-22,389,125,130
2011-12-22,390,80,95
2011-12-29,11,492,501
2011-12-29,13,331,333
2011-12-29,14,482,492
2011-12-29,16,336,338
2011-12-29,17,454,464
2011-12-29,24,429,435
2011-12-29,30,1060,1080
2011-12-29,33,1245,1250
2011-12-29,52,193,194
2011-12-29,58,,
2011-12-29,60,,
2011-12-29,61,,
2011-12-29,62,279,283
2011-12-29,64,,
2011-12-29,66,,
2011-12-29,76,127,128
2011-12-29,77,218,220
2011-12-29,78,,
2011-12-29,79,184,186
2011-12-29,80,,
2011-12-29,83,,
2011-12-29,85,225,230
2011-12-29,86,220,225
2011-12-29,87,167,168
2011-12-29,88,190,210
2011-12-29,89,175,176
2011-12-29,90,,
2011-12-29,91,184,187
2011-12-29,93,173,175
2011-12-29,95,,
2011-12-29,96,207,208
2011-12-29,97,,
2011-12-29,98,215,216
2011-12-29,99,,
2011-12-29,100,217,222
2011-12-29,102,166,167
2011-12-29,103,165,168
2011-12-29,104,174,175
2011-12-29,106,182,184
2011-12-29,108,258,260
2011-12-29,109,360,366
2011-12-29,111,383,386
2011-12-29,112,338,343
2011-12-29,118,,
2011-12-29,119,336,337
2011-12-29,120,334,335
2011-12-29,121,321,323
2011-12-29,122,318,320
2011-12-29,123,374,376
2011-12-29,124,371,373
2011-12-29,134,,
2011-12-29,143,258,260
2011-12-29,144,,
2011-12-29,145,191,198
2011-12-29,179,313,314
2011-12-29,180,311,312
2011-12-29,184,220,222
2011-12-29,185,200,202
2011-12-29,186,175,177
2011-12-29,187,123,125
2011-12-29,188,130,132
2011-12-29,214,,
2011-12-29,223,169,170
2011-12-29,231,196,197
2011-12-29,232,,
2011-12-29,239,,
2011-12-29,248,285,295
2011-12-29,249,354,364
2011-12-29,250,270,280
2011-12-29,251,269,274
2011-12-29,253,280,300
2011-12-29,254,497,505
2011-12-29,255,209,219
2011-12-29,256,,
2011-12-29,258,398,407
2011-12-29,259,378,387
2011-12-29,260,369,377
2011-12-29,261,357,359
2011-12-29,263,212,215
2011-12-29,265,495,506
2011-12-29,277,278,308
2011-12-29,300,130,135
2011-12-29,315,211,215
2011-12-29,316,,
2011-12-29,317,263,265
2011-12-29,318,,
2011-12-29,319,,
2011-12-29,320,,
2011-12-29,321,,
2011-12-29,335,,
2011-12-29,336,,
2011-12-29,345,,
2011-12-29,348,208,211
2011-12-29,349,226,230
2011-12-29,350,223,228
2011-12-29,351,204,209
2011-12-29,356,,
2011-12-29,357,,
2011-12-29,358,68,73
2011-12-29,359,73,78
2011-12-29,360,400,420
2011-12-29,361,283,288
2011-12-29,362,540,560
2011-12-29,363,345,365
2011-12-29,364,325,345
2011-12-29,365,260,280
2011-12-29,366,287,292
2011-12-29,367,860,960
2011-12-29,368,660,760
2011-12-29,369,660,760
2011-12-29,370,630,730
2011-12-29,371,540,640
2011-12-29,372,580,680
2011-12-29,373,740,840
2011-12-29,374,400,410
2011-12-29,375,385,400
2011-12-29,376,265,280
2011-12-29,377,168,170
2011-12-29,378,147,150
2011-12-29,383,272,277
2011-12-29,384,,
2011-12-29,386,,
2011-12-29,387,,
2011-12-29,388,120,125
2011-12-29,389,125,130
2011-12-29,390,80,95
