date,code,low,high
2013-01-03,11,557,566
2013-01-03,13,336,338
2013-01-03,14,547,557
2013-01-03,16,341,346
2013-01-03,24,437,443
2013-01-03,30,1580,1600
2013-01-03,33,1735,1740
2013-01-03,52,247,251
2013-01-03,58,,
2013-01-03,62,207,210
2013-01-03,76,231,232
2013-01-03,79,269,273
2013-01-03,83,,
2013-01-03,85,250,255
2013-01-03,86,245,250
2013-01-03,87,228,229
2013-01-03,88,220,240
2013-01-03,89,232,233
2013-01-03,91,260,263
2013-01-03,93,232,234
2013-01-03,95,,
2013-01-03,96,268,269
2013-01-03,97,,
2013-01-03,98,272,273
2013-01-03,100,293,298
2013-01-03,102,226,227
2013-01-03,103,171,174
2013-01-03,104,233,234
2013-01-03,106,237,239
2013-01-03,108,298,300
2013-01-03,109,500,508
2013-01-03,111,462,465
2013-01-03,112,420,430
2013-01-03,119,459,460
2013-01-03,120,457,458
2013-01-03,121,469,471
2013-01-03,122,466,468
2013-01-03,123,531,533
2013-01-03,124,528,530
2013-01-03,134,,
2013-01-03,143,315,317
2013-01-03,144,,
2013-01-03,145,233,235
2013-01-03,179,445,446
2013-01-03,180,443,444
2013-01-03,184,258,260
2013-01-03,185,240,242
2013-01-03,186,220,222
2013-01-03,187,155,157
2013-01-03,188,125,127
2013-01-03,214,,
2013-01-03,223,175,176
2013-01-03,248,350,360
2013-01-03,249,356,366
2013-01-03,250,293,298
2013-01-03,251,350,360
2013-01-03,253,372,382
2013-01-03,254,750,760
2013-01-03,255,287,297
2013-01-03,256,284,289
2013-01-03,258,473,482
2013-01-03,259,453,462
2013-01-03,260,444,452
2013-01-03,263,263,265
2013-01-03,265,503,514
2013-01-03,277,350,355
2013-01-03,300,,
2013-01-03,315,,
2013-01-03,316,,
2013-01-03,317,,
2013-01-03,318,,
2013-01-03,319,,
2013-01-03,320,,
2013-01-03,321,,
2013-01-03,335,,
2013-01-03,336,,
2013-01-03,345,,
2013-01-03,348,,
2013-01-03,367,690,790
2013-01-03,368,660,760
2013-01-03,369,590,690
2013-01-03,370,560,660
2013-01-03,371,560,660
2013-01-03,372,580,680
2013-01-03,373,700,800
2013-01-03,374,355,365
2013-01-03,375,340,355
2013-01-03,376,260,275
2013-01-03,377,195,197
2013-01-03,378,174,177
2013-01-03,383,,
2013-01-03,391,,
2013-01-03,392,550,570
2013-01-03,393,,
2013-01-03,394,,
2013-01-03,395,519,529
2013-01-03,396,406,416
2013-01-03,397,453,455
2013-01-03,398,311,316
2013-01-03,399,337,342
2013-01-03,410,287,290
2013-01-03,411,292,295
2013-01-03,412,278,282
2013-01-03,413,279,282
2013-01-03,414,275,278
2013-01-03,440,275,277
2013-01-03,472,148,163
2013-01-03,473,148,163
2013-01-03,474,148,163
2013-01-03,475,148,163
2013-01-03,476,148,163
2013-01-03,477,148,163
2013-01-03,478,105,125
2013-01-03,479,166,170
2013-01-03,485,42,47
2013-01-03,486,47,52
2013-01-03,487,269,271
2013-01-03,488,265,267
2013-01-03,489,320,340
2013-01-03,490,320,340
2013-01-03,491,335,355
2013-01-03,492,275,295
2013-01-03,493,275,295
2013-01-10,11,557,566
2013-01-10,13,328,330
2013-01-10,14,547,557
2013-01-10,16,333,338
2013-01-10,24,437,443
2013-01-10,30,1580,1600
2013-01-10,33,1735,1740
2013-01-10,52,243.5,247.5
2013-01-10,58,,
2013-01-10,62,207,210
2013-01-10,76,229,230
2013-01-10,79,265,269
2013-01-10,83,,
2013-01-10,85,255,260
2013-01-10,86,250,255
2013-01-10,87,222,223
2013-01-10,88,225,245
2013-01-10,89,226,227
2013-01-10,91,251,254
2013-01-10,93,228,230
2013-01-10,95,,
2013-01-10,96,262,263
2013-01-10,97,,
2013-01-10,98,266,267
2013-01-10,100,284,289
2013-01-10,102,220,221
2013-01-10,103,171,174
2013-01-10,104,229,230
2013-01-10,106,232,234
2013-01-10,108,293,295
2013-01-10,109,495,503
2013-01-10,111,457,460
2013-01-10,112,420,430
2013-01-10,119,453,454
2013-01-10,120,451,452
2013-01-10,121,459,461
2013-01-10,122,456,458
2013-01-10,123,521,523
2013-01-10,124,518,520
2013-01-10,134,,
2013-01-10,143,311,313
2013-01-10,144,,
2013-01-10,145,233,235
2013-01-10,179,439,440
2013-01-10,180,437,438
2013-01-10,184,263,265
2013-01-10,185,245,247
2013-01-10,186,225,227
2013-01-10,187,155,157
2013-01-10,188,125,127
2013-01-10,214,,
2013-01-10,223,175,176
2013-01-10,248,350,360
2013-01-10,249,356,366
2013-01-10,250,293,298
2013-01-10,251,350,360
2013-01-10,253,372,382
2013-01-10,254,750,760
2013-01-10,255,283,293
2013-01-10,256,280,285
2013-01-10,258,473,482
2013-01-10,259,453,462
2013-01-10,260,444,452
2013-01-10,263,261,263
2013-01-10,265,503,514
2013-01-10,277,350,355
2013-01-10,300,,
2013-01-10,315,,
2013-01-10,316,,
2013-01-10,317,,
2013-01-10,318,,
2013-01-10,319,,
2013-01-10,320,,
2013-01-10,321,,
2013-01-10,335,,
2013-01-10,336,,
2013-01-10,345,,
2013-01-10,348,,
2013-01-10,367,690,790
2013-01-10,368,660,760
2013-01-10,369,590,690
2013-01-10,370,560,660
2013-01-10,371,560,660
2013-01-10,372,580,680
2013-01-10,373,700,800
2013-01-10,374,355,365
2013-01-10,375,340,355
2013-01-10,376,260,275
2013-01-10,377,195,197
2013-01-10,378,174,177
2013-01-10,383,,
2013-01-10,391,,
2013-01-10,392,550,570
2013-01-10,393,,
2013-01-10,394,,
2013-01-10,395,519,529
2013-01-10,396,406,416
2013-01-10,397,453,455
2013-01-10,398,306,311
2013-01-10,399,337,342
2013-01-10,410,287,290
2013-01-10,411,292,295
2013-01-10,412,276,280
2013-01-10,413,277,280
2013-01-10,414,271,274
2013-01-10,440,272,274
2013-01-10,472,148,163
2013-01-10,473,148,163
2013-01-10,474,148,163
2013-01-10,475,148,163
2013-01-10,476,148,163
2013-01-10,477,148,163
2013-01-10,478,105,125
2013-01-10,479,166,170
2013-01-10,485,42,47
2013-01-10,486,47,52
2013-01-10,487,267,269
2013-01-10,488,257,259
2013-01-10,489,320,340
2013-01-10,490,320,340
2013-01-10,491,335,355
2013-01-10,492,275,295
2013-01-10,493,275,295
2013-01-17,11,557,566
2013-01-17,13,323,325
2013-01-17,14,547,557
2013-01-17,16,328,333
2013-01-17,24,437,443
2013-01-17,30,1580,1600
2013-01-17,33,1735,1740
2013-01-17,52,243.5,247.5
2013-01-17,58,,
2013-01-17,62,205,208
2013-01-17,76,234,235
2013-01-17,79,265,269
2013-01-17,83,,
2013-01-17,85,255,260
2013-01-17,86,250,255
2013-01-17,87,192,193
2013-01-17,88,225,245
2013-01-17,89,196,197
2013-01-17,91,231,234
2013-01-17,93,198,200
2013-01-17,95,,
2013-01-17,96,232,233
2013-01-17,97,,
2013-01-17,98,236,237
2013-01-17,100,264,269
2013-01-17,102,190,191
2013-01-17,103,171,174
2013-01-17,104,199,200
2013-01-17,106,202,204
2013-01-17,108,293,295
2013-01-17,109,495,503
2013-01-17,111,457,460
2013-01-17,112,420,430
2013-01-17,119,451,452
2013-01-17,120,449,450
2013-01-17,121,457,459
2013-01-17,122,454,456
2013-01-17,123,519,521
2013-01-17,124,516,518
2013-01-17,134,,
2013-01-17,143,311,313
2013-01-17,144,,
2013-01-17,145,233,235
2013-01-17,179,437,438
2013-01-17,180,435,436
2013-01-17,184,263,265
2013-01-17,185,245,247
2013-01-17,186,225,227
2013-01-17,187,155,157
2013-01-17,188,125,127
2013-01-17,214,,
2013-01-17,223,175,176
2013-01-17,248,350,360
2013-01-17,249,361,371
2013-01-17,250,293,298
2013-01-17,251,350,360
2013-01-17,253,372,382
2013-01-17,254,750,760
2013-01-17,255,263,273
2013-01-17,256,260,265
2013-01-17,258,473,482
2013-01-17,259,453,462
2013-01-17,260,444,452
2013-01-17,263,261,263
2013-01-17,265,503,514
2013-01-17,277,350,355
2013-01-17,300,,
2013-01-17,315,,
2013-01-17,316,,
2013-01-17,317,,
2013-01-17,318,,
2013-01-17,319,,
2013-01-17,320,,
2013-01-17,321,,
2013-01-17,335,,
2013-01-17,336,,
2013-01-17,345,,
2013-01-17,348,,
2013-01-17,367,690,790
2013-01-17,368,660,760
2013-01-17,369,590,690
2013-01-17,370,560,660
2013-01-17,371,560,660
2013-01-17,372,580,680
2013-01-17,373,700,800
2013-01-17,374,355,365
2013-01-17,375,340,355
2013-01-17,376,260,275
2013-01-17,377,195,197
2013-01-17,378,174,177
2013-01-17,383,,
2013-01-17,391,,
2013-01-17,392,550,570
2013-01-17,393,,
2013-01-17,394,,
2013-01-17,395,519,529
2013-01-17,396,406,416
2013-01-17,397,453,455
2013-01-17,398,301,306
2013-01-17,399,332,337
2013-01-17,410,287,290
2013-01-17,411,292,295
2013-01-17,412,276,280
2013-01-17,413,277,280
2013-01-17,414,270,273
2013-01-17,440,272,274
2013-01-17,472,148,163
2013-01-17,473,148,163
2013-01-17,474,148,163
2013-01-17,475,148,163
2013-01-17,476,148,163
2013-01-17,477,148,163
2013-01-17,478,105,125
2013-01-17,479,166,170
2013-01-17,485,42,47
2013-01-17,486,47,52
2013-01-17,487,269,271
2013-01-17,488,259,261
2013-01-17,489,320,340
2013-01-17,490,320,340
2013-01-17,491,335,355
2013-01-17,492,275,295
2013-01-17,493,275,295
2013-01-24,11,557,566
2013-01-24,13,320,322
2013-01-24,14,547,557
2013-01-24,16,325,330
2013-01-24,24,437,443
2013-01-24,30,1580,1600
2013-01-24,33,1735,1740
2013-01-24,52,243,247
2013-01-24,58,,
2013-01-24,62,205,208
2013-01-24,76,240,241
2013-01-24,79,265,269
2013-01-24,83,,
2013-01-24,85,255,260
2013-01-24,86,250,255
2013-01-24,87,172,173
2013-01-24,88,225,245
2013-01-24,89,176,177
2013-01-24,91,211,214
2013-01-24,93,178,180
2013-01-24,95,,
2013-01-24,96,212,213
2013-01-24,97,,
2013-01-24,98,216,217
2013-01-24,100,244,249
2013-01-24,102,170,171
2013-01-24,103,171,174
2013-01-24,104,179,180
2013-01-24,106,182,184
2013-01-24,108,293,295
2013-01-24,109,495,503
2013-01-24,111,452,455
2013-01-24,112,420,430
2013-01-24,119,446,447
2013-01-24,120,444,445
2013-01-24,121,452,454
2013-01-24,122,449,451
2013-01-24,123,512,514
2013-01-24,124,509,511
2013-01-24,134,,
2013-01-24,143,311,313
2013-01-24,144,,
2013-01-24,145,233,235
2013-01-24,179,432,433
2013-01-24,180,430,431
2013-01-24,184,263,265
2013-01-24,185,245,247
2013-01-24,186,225,227
2013-01-24,187,155,157
2013-01-24,188,125,127
2013-01-24,214,,
2013-01-24,223,175,176
2013-01-24,248,350,360
2013-01-24,249,361,371
2013-01-24,250,293,298
2013-01-24,251,350,360
2013-01-24,253,378,388
2013-01-24,254,750,760
2013-01-24,255,248,258
2013-01-24,256,245,250
2013-01-24,258,473,482
2013-01-24,259,453,462
2013-01-24,260,444,452
2013-01-24,263,259,261
2013-01-24,265,503,514
2013-01-24,277,353,358
2013-01-24,300,,
2013-01-24,315,,
2013-01-24,316,,
2013-01-24,317,,
2013-01-24,318,,
2013-01-24,319,,
2013-01-24,320,,
2013-01-24,321,,
2013-01-24,335,,
2013-01-24,336,,
2013-01-24,345,,
2013-01-24,348,,
2013-01-24,367,680,780
2013-01-24,368,660,760
2013-01-24,369,580,680
2013-01-24,370,550,650
2013-01-24,371,550,650
2013-01-24,372,570,670
2013-01-24,373,690,790
2013-01-24,374,345,355
2013-01-24,375,330,345
2013-01-24,376,260,275
2013-01-24,377,195,197
2013-01-24,378,174,177
2013-01-24,383,,
2013-01-24,391,,
2013-01-24,392,558,578
2013-01-24,393,,
2013-01-24,394,,
2013-01-24,395,519,529
2013-01-24,396,409,419
2013-01-24,397,448,450
2013-01-24,398,298,303
2013-01-24,399,327,332
2013-01-24,410,287,290
2013-01-24,411,292,295
2013-01-24,412,276,280
2013-01-24,413,277,280
2013-01-24,414,268,271
2013-01-24,440,270,272
2013-01-24,472,148,163
2013-01-24,473,148,163
2013-01-24,474,148,163
2013-01-24,475,148,163
2013-01-24,476,148,163
2013-01-24,477,148,163
2013-01-24,478,105,125
2013-01-24,479,166,170
2013-01-24,485,42,47
2013-01-24,486,47,52
2013-01-24,487,269,271
2013-01-24,488,259,261
2013-01-24,489,315,335
2013-01-24,490,315,335
2013-01-24,491,335,355
2013-01-24,492,270,290
2013-01-24,493,270,290
2013-01-31,11,552,561
2013-01-31,13,318,320
2013-01-31,14,542,552
2013-01-31,16,323,328
2013-01-31,24,437,443
2013-01-31,30,1590,1610
2013-01-31,33,1745,1750
2013-01-31,52,242,246
2013-01-31,58,,
2013-01-31,62,205,208
2013-01-31,76,250,251
2013-01-31,79,263,267
2013-01-31,83,,
2013-01-31,85,255,260
2013-01-31,86,250,255
2013-01-31,87,169,170
2013-01-31,88,225,245
2013-01-31,89,173,174
2013-01-31,91,211,214
2013-01-31,93,178,180
2013-01-31,95,,
2013-01-31,96,209,210
2013-01-31,97,,
2013-01-31,98,213,214
2013-01-31,100,244,249
2013-01-31,102,167,168
2013-01-31,103,171,174
2013-01-31,104,179,180
2013-01-31,106,182,184
2013-01-31,108,293,295
2013-01-31,109,495,503
2013-01-31,111,452,455
2013-01-31,112,420,430
2013-01-31,119,451,452
2013-01-31,120,449,450
2013-01-31,121,455,457
2013-01-31,122,452,454
2013-01-31,123,517,519
2013-01-31,124,514,516
2013-01-31,134,,
2013-01-31,143,310,312
2013-01-31,144,,
2013-01-31,145,236,238
2013-01-31,179,435,436
2013-01-31,180,433,434
2013-01-31,184,263,265
2013-01-31,185,245,247
2013-01-31,186,225,227
2013-01-31,187,155,157
2013-01-31,188,125,127
2013-01-31,214,,
2013-01-31,223,175,176
2013-01-31,248,350,360
2013-01-31,249,368,378
2013-01-31,250,293,298
2013-01-31,251,350,360
2013-01-31,253,380,390
2013-01-31,254,750,760
2013-01-31,255,240,250
2013-01-31,256,237,242
2013-01-31,258,468,477
2013-01-31,259,448,457
2013-01-31,260,439,447
2013-01-31,263,258,260
2013-01-31,265,503,514
2013-01-31,277,353,358
2013-01-31,300,,
2013-01-31,315,,
2013-01-31,316,,
2013-01-31,317,,
2013-01-31,318,,
2013-01-31,319,,
2013-01-31,320,,
2013-01-31,321,,
2013-01-31,335,,
2013-01-31,336,,
2013-01-31,345,,
2013-01-31,348,,
2013-01-31,367,670,770
2013-01-31,368,660,760
2013-01-31,369,580,680
2013-01-31,370,550,650
2013-01-31,371,550,650
2013-01-31,372,570,670
2013-01-31,373,690,790
2013-01-31,374,340,350
2013-01-31,375,325,340
2013-01-31,376,260,275
2013-01-31,377,195,197
2013-01-31,378,174,177
2013-01-31,383,,
2013-01-31,391,,
2013-01-31,392,558,578
2013-01-31,393,,
2013-01-31,394,,
2013-01-31,395,514,524
2013-01-31,396,409,419
2013-01-31,397,448,450
2013-01-31,398,298,303
2013-01-31,399,327,332
2013-01-31,410,287,290
2013-01-31,411,292,295
2013-01-31,412,272,276
2013-01-31,413,273,276
2013-01-31,414,263,266
2013-01-31,440,268,270
2013-01-31,472,148,163
2013-01-31,473,148,163
2013-01-31,474,148,163
2013-01-31,475,148,163
2013-01-31,476,148,163
2013-01-31,477,148,163
2013-01-31,478,105,125
2013-01-31,479,166,170
2013-01-31,485,40,47
2013-01-31,486,47,55
2013-01-31,487,268,270
2013-01-31,488,257,259
2013-01-31,489,310,330
2013-01-31,490,310,330
2013-01-31,491,335,355
2013-01-31,492,270,290
2013-01-31,493,270,290
2013-02-07,11,552,561
2013-02-07,13,315,317
2013-02-07,14,542,552
2013-02-07,16,320,325
2013-02-07,24,432,438
2013-02-07,30,1570,1590
2013-02-07,33,1725,1730
2013-02-07,52,240.5,244.5
2013-02-07,58,,
2013-02-07,62,205,208
2013-02-07,76,250,251
2013-02-07,79,261,265
2013-02-07,83,,
2013-02-07,85,255,260
2013-02-07,86,250,255
2013-02-07,87,169,170
2013-02-07,88,225,245
2013-02-07,89,173,174
2013-02-07,91,211,214
2013-02-07,93,178,180
2013-02-07,95,,
2013-02-07,96,209,210
2013-02-07,97,,
2013-02-07,98,213,214
2013-02-07,100,244,249
2013-02-07,102,167,168
2013-02-07,103,171,174
2013-02-07,104,179,180
2013-02-07,106,182,184
2013-02-07,108,293,295
2013-02-07,109,500,508
2013-02-07,111,455,458
2013-02-07,112,420,430
2013-02-07,119,459,460
2013-02-07,120,457,458
2013-02-07,121,460,462
2013-02-07,122,457,459
2013-02-07,123,525,527
2013-02-07,124,522,524
2013-02-07,134,,
2013-02-07,143,308,310
2013-02-07,144,,
2013-02-07,145,240,242
2013-02-07,179,438,439
2013-02-07,180,436,437
2013-02-07,184,263,265
2013-02-07,185,245,247
2013-02-07,186,225,227
2013-02-07,187,155,157
2013-02-07,188,125,127
2013-02-07,214,,
2013-02-07,223,175,176
2013-02-07,248,350,360
2013-02-07,249,375,385
2013-02-07,250,293,298
2013-02-07,251,350,360
2013-02-07,253,383,393
2013-02-07,254,754,764
2013-02-07,255,240,250
2013-02-07,256,237,242
2013-02-07,258,468,477
2013-02-07,259,448,457
2013-02-07,260,439,447
2013-02-07,263,258,260
2013-02-07,265,498,509
2013-02-07,277,353,358
2013-02-07,300,,
2013-02-07,315,,
2013-02-07,316,,
2013-02-07,317,,
2013-02-07,318,,
2013-02-07,319,,
2013-02-07,320,,
2013-02-07,321,,
2013-02-07,335,,
2013-02-07,336,,
2013-02-07,345,,
2013-02-07,348,,
2013-02-07,367,660,760
2013-02-07,368,680,780
2013-02-07,369,580,680
2013-02-07,370,550,650
2013-02-07,371,550,650
2013-02-07,372,560,660
2013-02-07,373,690,790
2013-02-07,374,335,345
2013-02-07,375,320,335
2013-02-07,376,260,275
2013-02-07,377,195,197
2013-02-07,378,174,177
2013-02-07,383,,
2013-02-07,391,,
2013-02-07,392,562,582
2013-02-07,393,,
2013-02-07,394,,
2013-02-07,395,514,524
2013-02-07,396,412,422
2013-02-07,397,451,453
2013-02-07,398,296,301
2013-02-07,399,322,327
2013-02-07,410,287,290
2013-02-07,411,292,295
2013-02-07,412,267,271
2013-02-07,413,270,273
2013-02-07,414,260,263
2013-02-07,440,268,270
2013-02-07,472,148,163
2013-02-07,473,148,163
2013-02-07,474,148,163
2013-02-07,475,148,163
2013-02-07,476,148,163
2013-02-07,477,148,163
2013-02-07,478,105,125
2013-02-07,479,166,170
2013-02-07,485,42,47
2013-02-07,486,47,52
2013-02-07,487,263,265
2013-02-07,488,253,255
2013-02-07,489,305,325
2013-02-07,490,300,320
2013-02-07,491,345,365
2013-02-07,492,270,290
2013-02-07,493,270,290
2013-02-14,11,547,556
2013-02-14,13,315,317
2013-02-14,14,537,547
2013-02-14,16,320,325
2013-02-14,24,427,433
2013-02-14,30,1560,1580
2013-02-14,33,1715,1720
2013-02-14,52,236,240
2013-02-14,58,,
2013-02-14,62,205,208
2013-02-14,76,254,255
2013-02-14,79,256,260
2013-02-14,83,,
2013-02-14,85,255,260
2013-02-14,86,250,255
2013-02-14,87,169,170
2013-02-14,88,225,245
2013-02-14,89,173,174
2013-02-14,91,211,214
2013-02-14,93,178,180
2013-02-14,95,,
2013-02-14,96,209,210
2013-02-14,97,,
2013-02-14,98,213,214
2013-02-14,100,244,249
2013-02-14,102,167,168
2013-02-14,103,171,174
2013-02-14,104,179,180
2013-02-14,106,182,184
2013-02-14,108,293,295
2013-02-14,109,497,505
2013-02-14,111,445,448
2013-02-14,112,,
2013-02-14,119,449,450
2013-02-14,120,447,448
2013-02-14,121,442,444
2013-02-14,122,439,441
2013-02-14,123,505,507
2013-02-14,124,502,504
2013-02-14,134,,
2013-02-14,143,303,305
2013-02-14,144,,
2013-02-14,145,240,242
2013-02-14,179,421,422
2013-02-14,180,419,420
2013-02-14,184,263,265
2013-02-14,185,245,247
2013-02-14,186,225,227
2013-02-14,187,155,157
2013-02-14,188,125,127
2013-02-14,214,,
2013-02-14,223,175,176
2013-02-14,248,350,360
2013-02-14,249,375,385
2013-02-14,250,293,298
2013-02-14,251,350,360
2013-02-14,253,383,393
2013-02-14,254,754,764
2013-02-14,255,240,250
2013-02-14,256,237,242
2013-02-14,258,463,472
2013-02-14,259,443,452
2013-02-14,260,434,442
2013-02-14,263,256,258
2013-02-14,265,493,504
2013-02-14,277,353,358
2013-02-14,300,,
2013-02-14,315,,
2013-02-14,316,,
2013-02-14,317,,
2013-02-14,318,,
2013-02-14,319,,
2013-02-14,320,,
2013-02-14,321,,
2013-02-14,335,,
2013-02-14,336,,
2013-02-14,345,,
2013-02-14,348,,
2013-02-14,367,660,760
2013-02-14,368,680,780
2013-02-14,369,580,680
2013-02-14,370,550,650
2013-02-14,371,550,650
2013-02-14,372,560,660
2013-02-14,373,690,790
2013-02-14,374,335,345
2013-02-14,375,320,335
2013-02-14,376,250,265
2013-02-14,377,195,197
2013-02-14,378,174,177
2013-02-14,383,,
2013-02-14,391,,
2013-02-14,392,562,582
2013-02-14,393,,
2013-02-14,394,,
2013-02-14,395,509,519
2013-02-14,396,412,422
2013-02-14,397,441,443
2013-02-14,398,291,296
2013-02-14,399,322,327
2013-02-14,410,287,290
2013-02-14,411,292,295
2013-02-14,412,263,267
2013-02-14,413,266,269
2013-02-14,414,256,259
2013-02-14,440,266,268
2013-02-14,472,148,163
2013-02-14,473,148,163
2013-02-14,474,148,163
2013-02-14,475,148,163
2013-02-14,476,148,163
2013-02-14,477,148,163
2013-02-14,478,105,125
2013-02-14,479,166,170
2013-02-14,485,40,47
2013-02-14,486,47,55
2013-02-14,487,258,260
2013-02-14,488,248,250
2013-02-14,489,305,325
2013-02-14,490,300,320
2013-02-14,491,345,365
2013-02-14,492,270,290
2013-02-14,493,270,290
2013-02-21,11,547,556
2013-02-21,13,315,317
2013-02-21,14,537,547
2013-02-21,16,320,325
2013-02-21,24,427,433
2013-02-21,30,1560,1580
2013-02-21,33,1715,1720
2013-02-21,52,232,236
2013-02-21,58,,
2013-02-21,62,203,206
2013-02-21,76,254,255
2013-02-21,79,253,257
2013-02-21,83,,
2013-02-21,85,255,260
2013-02-21,86,250,255
2013-02-21,87,174,175
2013-02-21,88,225,245
2013-02-21,89,178,179
2013-02-21,91,211,214
2013-02-21,93,183,185
2013-02-21,95,,
2013-02-21,96,214,215
2013-02-21,97,,
2013-02-21,98,218,219
2013-02-21,100,244,249
2013-02-21,102,172,173
2013-02-21,103,171,174
2013-02-21,104,184,185
2013-02-21,106,188,190
2013-02-21,108,293,295
2013-02-21,109,502,510
2013-02-21,111,460,463
2013-02-21,112,,
2013-02-21,119,466,467
2013-02-21,120,464,465
2013-02-21,121,469,471
2013-02-21,122,466,468
2013-02-21,123,520,522
2013-02-21,124,517,519
2013-02-21,134,,
2013-02-21,143,298,300
2013-02-21,144,,
2013-02-21,145,240,242
2013-02-21,179,443,444
2013-02-21,180,441,442
2013-02-21,184,263,265
2013-02-21,185,245,247
2013-02-21,186,225,227
2013-02-21,187,155,157
2013-02-21,188,125,127
2013-02-21,214,,
2013-02-21,223,175,176
2013-02-21,248,350,360
2013-02-21,249,375,385
2013-02-21,250,293,298
2013-02-21,251,350,360
2013-02-21,253,388,398
2013-02-21,254,754,764
2013-02-21,255,245,255
2013-02-21,256,242,247
2013-02-21,258,463,472
2013-02-21,259,443,452
2013-02-21,260,434,442
2013-02-21,263,256,258
2013-02-21,265,493,504
2013-02-21,277,353,358
2013-02-21,300,,
2013-02-21,315,,
2013-02-21,316,,
2013-02-21,317,,
2013-02-21,318,,
2013-02-21,319,,
2013-02-21,320,,
2013-02-21,321,,
2013-02-21,335,,
2013-02-21,336,,
2013-02-21,345,,
2013-02-21,348,,
2013-02-21,367,660,760
2013-02-21,368,690,790
2013-02-21,369,580,680
2013-02-21,370,550,650
2013-02-21,371,550,650
2013-02-21,372,550,650
2013-02-21,373,690,790
2013-02-21,374,335,345
2013-02-21,375,320,335
2013-02-21,376,245,260
2013-02-21,377,195,197
2013-02-21,378,174,177
2013-02-21,383,,
2013-02-21,391,,
2013-02-21,392,562,582
2013-02-21,393,,
2013-02-21,394,,
2013-02-21,395,509,519
2013-02-21,396,412,422
2013-02-21,397,456,458
2013-02-21,398,291,296
2013-02-21,399,322,327
2013-02-21,410,287,290
2013-02-21,411,292,295
2013-02-21,412,261,265
2013-02-21,413,264,267
2013-02-21,414,253,256
2013-02-21,440,266,268
2013-02-21,472,148,163
2013-02-21,473,148,163
2013-02-21,474,148,163
2013-02-21,475,148,163
2013-02-21,476,148,163
2013-02-21,477,148,163
2013-02-21,478,105,125
2013-02-21,479,166,170
2013-02-21,485,40,47
2013-02-21,486,47,55
2013-02-21,487,253,255
2013-02-21,488,243,245
2013-02-21,489,305,325
2013-02-21,490,300,320
2013-02-21,491,350,370
2013-02-21,492,270,290
2013-02-21,493,270,290
2013-02-28,11,542,551
2013-02-28,13,313,315
2013-02-28,14,532,542
2013-02-28,16,316,321
2013-02-28,24,422,428
2013-02-28,30,1560,1580
2013-02-28,33,1715,1720
2013-02-28,52,226,230
2013-02-28,58,,
2013-02-28,62,201,204
2013-02-28,76,254,255
2013-02-28,79,250,254
2013-02-28,83,,
2013-02-28,85,255,260
2013-02-28,86,250,255
2013-02-28,87,179,180
2013-02-28,88,225,245
2013-02-28,89,183,184
2013-02-28,91,211,214
2013-02-28,93,188,190
2013-02-28,95,,
2013-02-28,96,219,220
2013-02-28,97,,
2013-02-28,98,223,224
2013-02-28,100,244,249
2013-02-28,102,177,178
2013-02-28,103,171,174
2013-02-28,104,189,190
2013-02-28,106,193,195
2013-02-28,108,293,295
2013-02-28,109,502,510
2013-02-28,111,460,463
2013-02-28,112,,
2013-02-28,119,469,470
2013-02-28,120,467,468
2013-02-28,121,470,472
2013-02-28,122,467,469
2013-02-28,123,523,525
2013-02-28,124,520,522
2013-02-28,134,,
2013-02-28,143,292,294
2013-02-28,144,,
2013-02-28,145,240,242
2013-02-28,179,444,445
2013-02-28,180,442,443
2013-02-28,184,263,265
2013-02-28,185,245,247
2013-02-28,186,225,227
2013-02-28,187,155,157
2013-02-28,188,125,127
2013-02-28,214,,
2013-02-28,223,175,176
2013-02-28,248,345,355
2013-02-28,249,375,385
2013-02-28,250,293,298
2013-02-28,251,348,358
2013-02-28,253,,
2013-02-28,254,754,764
2013-02-28,255,250,260
2013-02-28,256,247,252
2013-02-28,258,458,467
2013-02-28,259,438,447
2013-02-28,260,429,437
2013-02-28,263,252,254
2013-02-28,265,488,499
2013-02-28,277,353,358
2013-02-28,300,,
2013-02-28,315,,
2013-02-28,316,,
2013-02-28,317,,
2013-02-28,318,,
2013-02-28,319,,
2013-02-28,320,,
2013-02-28,321,,
2013-02-28,335,,
2013-02-28,336,,
2013-02-28,345,,
2013-02-28,348,,
2013-02-28,367,660,760
2013-02-28,368,690,790
2013-02-28,369,580,680
2013-02-28,370,550,650
2013-02-28,371,550,650
2013-02-28,372,550,650
2013-02-28,373,690,790
2013-02-28,374,335,345
2013-02-28,375,320,335
2013-02-28,376,245,260
2013-02-28,377,195,197
2013-02-28,378,174,177
2013-02-28,383,,
2013-02-28,391,,
2013-02-28,392,566,586
2013-02-28,393,,
2013-02-28,394,,
2013-02-28,395,504,514
2013-02-28,396,,
2013-02-28,397,456,458
2013-02-28,398,291,296
2013-02-28,399,322,327
2013-02-28,410,287,290
2013-02-28,411,292,295
2013-02-28,412,259,263
2013-02-28,413,262,265
2013-02-28,414,251,254
2013-02-28,440,262,264
2013-02-28,472,148,163
2013-02-28,473,148,163
2013-02-28,474,148,163
2013-02-28,475,148,163
2013-02-28,476,148,163
2013-02-28,477,148,163
2013-02-28,478,105,125
2013-02-28,479,166,170
2013-02-28,485,40,47
2013-02-28,486,47,55
2013-02-28,487,247,249
2013-02-28,488,237,239
2013-02-28,489,305,325
2013-02-28,490,300,320
2013-02-28,491,350,370
2013-02-28,492,270,290
2013-02-28,493,270,290
2013-03-07,11,537,546
2013-03-07,13,308,310
2013-03-07,14,527,537
2013-03-07,16,311,316
2013-03-07,24,422,428
2013-03-07,30,1560,1580
2013-03-07,33,1715,1720
2013-03-07,52,221,225
2013-03-07,58,,
2013-03-07,62,201,204
2013-03-07,76,254,255
2013-03-07,79,248,252
2013-03-07,83,,
2013-03-07,85,255,260
2013-03-07,86,250,255
2013-03-07,87,183,184
2013-03-07,88,225,245
2013-03-07,89,187,188
2013-03-07,91,211,214
2013-03-07,93,188,190
2013-03-07,95,,
2013-03-07,96,223,224
2013-03-07,97,,
2013-03-07,98,227,228
2013-03-07,100,244,249
2013-03-07,102,181,182
2013-03-07,103,171,174
2013-03-07,104,189,190
2013-03-07,106,198,200
2013-03-07,108,293,295
2013-03-07,109,502,510
2013-03-07,111,460,463
2013-03-07,112,,
2013-03-07,119,472,473
2013-03-07,120,470,471
2013-03-07,121,473,475
2013-03-07,122,470,472
2013-03-07,123,523,525
2013-03-07,124,520,522
2013-03-07,134,,
2013-03-07,143,287,289
2013-03-07,144,,
2013-03-07,145,243,245
2013-03-07,179,444,445
2013-03-07,180,442,443
2013-03-07,184,,
2013-03-07,185,245,247
2013-03-07,186,225,227
2013-03-07,187,155,157
2013-03-07,188,125,127
2013-03-07,214,,
2013-03-07,223,175,176
2013-03-07,248,341,351
2013-03-07,249,375,385
2013-03-07,250,287,292
2013-03-07,251,345,355
2013-03-07,253,,
2013-03-07,254,754,764
2013-03-07,255,254,264
2013-03-07,256,251,256
2013-03-07,258,453,462
2013-03-07,259,433,442
2013-03-07,260,424,432
2013-03-07,263,250,252
2013-03-07,265,488,499
2013-03-07,277,353,358
2013-03-07,300,,
2013-03-07,315,,
2013-03-07,316,,
2013-03-07,317,,
2013-03-07,318,,
2013-03-07,319,,
2013-03-07,320,,
2013-03-07,321,,
2013-03-07,335,,
2013-03-07,336,,
2013-03-07,345,,
2013-03-07,348,,
2013-03-07,367,660,760
2013-03-07,368,700,800
2013-03-07,369,580,680
2013-03-07,370,550,650
2013-03-07,371,550,650
2013-03-07,372,550,650
2013-03-07,373,690,790
2013-03-07,374,335,345
2013-03-07,375,320,335
2013-03-07,376,240,255
2013-03-07,377,195,197
2013-03-07,378,174,177
2013-03-07,383,,
2013-03-07,391,,
2013-03-07,392,566,586
2013-03-07,393,,
2013-03-07,394,,
2013-03-07,395,499,509
2013-03-07,396,,
2013-03-07,397,456,458
2013-03-07,398,286,291
2013-03-07,399,322,327
2013-03-07,410,287,290
2013-03-07,411,292,295
2013-03-07,412,257,261
2013-03-07,413,259,262
2013-03-07,414,249,252
2013-03-07,440,260,262
2013-03-07,472,148,163
2013-03-07,473,148,163
2013-03-07,474,148,163
2013-03-07,475,148,163
2013-03-07,476,148,163
2013-03-07,477,148,163
2013-03-07,478,105,125
2013-03-07,479,166,170
2013-03-07,485,40,47
2013-03-07,486,47,55
2013-03-07,487,243,245
2013-03-07,488,235,237
2013-03-07,489,305,325
2013-03-07,490,300,320
2013-03-07,491,355,375
2013-03-07,492,270,290
2013-03-07,493,270,290
2013-03-14,11,537,546
2013-03-14,13,308,310
2013-03-14,14,527,537
2013-03-14,16,311,316
2013-03-14,24,422,428
2013-03-14,30,1560,1580
2013-03-14,33,1715,1720
2013-03-14,52,218,222
2013-03-14,58,,
2013-03-14,62,199,202
2013-03-14,76,249,250
2013-03-14,79,246,250
2013-03-14,83,,
2013-03-14,85,255,260
2013-03-14,86,250,255
2013-03-14,87,187,188
2013-03-14,88,225,245
2013-03-14,89,191,192
2013-03-14,91,211,214
2013-03-14,93,190,192
2013-03-14,95,,
2013-03-14,96,227,228
2013-03-14,97,,
2013-03-14,98,231,232
2013-03-14,100,244,249
2013-03-14,102,185,186
2013-03-14,103,171,174
2013-03-14,104,191,192
2013-03-14,106,202,204
2013-03-14,108,293,295
2013-03-14,109,502,510
2013-03-14,111,455,458
2013-03-14,112,,
2013-03-14,119,469,470
2013-03-14,120,467,468
2013-03-14,121,465,467
2013-03-14,122,462,464
2013-03-14,123,518,520
2013-03-14,124,515,517
2013-03-14,134,,
2013-03-14,143,284,286
2013-03-14,144,,
2013-03-14,145,243,245
2013-03-14,179,439,440
2013-03-14,180,437,438
2013-03-14,184,,
2013-03-14,185,245,247
2013-03-14,186,225,227
2013-03-14,187,155,157
2013-03-14,188,125,127
2013-03-14,214,,
2013-03-14,223,175,176
2013-03-14,248,341,351
2013-03-14,249,375,385
2013-03-14,250,287,292
2013-03-14,251,345,355
2013-03-14,253,,
2013-03-14,254,754,764
2013-03-14,255,258,268
2013-03-14,256,255,260
2013-03-14,258,453,462
2013-03-14,259,433,442
2013-03-14,260,424,432
2013-03-14,263,245,247
2013-03-14,265,488,499
2013-03-14,277,353,358
2013-03-14,300,,
2013-03-14,315,,
2013-03-14,316,,
2013-03-14,317,,
2013-03-14,318,,
2013-03-14,319,,
2013-03-14,320,,
2013-03-14,321,,
2013-03-14,335,,
2013-03-14,336,,
2013-03-14,345,,
2013-03-14,348,,
2013-03-14,367,670,770
2013-03-14,368,720,820
2013-03-14,369,580,680
2013-03-14,370,550,650
2013-03-14,371,550,650
2013-03-14,372,550,650
2013-03-14,373,690,790
2013-03-14,374,335,345
2013-03-14,375,320,335
2013-03-14,376,240,255
2013-03-14,377,195,197
2013-03-14,378,174,177
2013-03-14,383,,
2013-03-14,391,,
2013-03-14,392,566,586
2013-03-14,393,,
2013-03-14,394,,
2013-03-14,395,499,509
2013-03-14,396,,
2013-03-14,397,451,453
2013-03-14,398,284,289
2013-03-14,399,322,327
2013-03-14,410,287,290
2013-03-14,411,292,295
2013-03-14,412,256,260
2013-03-14,413,258,261
2013-03-14,414,248,251
2013-03-14,440,255,257
2013-03-14,472,148,163
2013-03-14,473,148,163
2013-03-14,474,148,163
2013-03-14,475,148,163
2013-03-14,476,148,163
2013-03-14,477,148,163
2013-03-14,478,105,125
2013-03-14,479,166,170
2013-03-14,485,40,47
2013-03-14,486,47,55
2013-03-14,487,243,245
2013-03-14,488,238,240
2013-03-14,489,310,330
2013-03-14,490,290,310
2013-03-14,491,365,385
2013-03-14,492,270,290
2013-03-14,493,270,290
2013-03-14,494,,
2013-03-21,11,537,546
2013-03-21,13,308,310
2013-03-21,14,527,537
2013-03-21,16,311,316
2013-03-21,24,422,428
2013-03-21,30,1560,1580
2013-03-21,33,1715,1720
2013-03-21,52,222,226
2013-03-21,58,,
2013-03-21,62,197,200
2013-03-21,76,244,245
2013-03-21,79,246,250
2013-03-21,83,,
2013-03-21,85,255,260
2013-03-21,86,250,255
2013-03-21,87,195,196
2013-03-21,88,225,245
2013-03-21,89,199,200
2013-03-21,91,214,217
2013-03-21,93,198,200
2013-03-21,95,,
2013-03-21,96,235,236
2013-03-21,97,,
2013-03-21,98,239,240
2013-03-21,100,247,252
2013-03-21,102,193,194
2013-03-21,103,171,174
2013-03-21,104,199,200
2013-03-21,106,210,212
2013-03-21,108,293,295
2013-03-21,109,500,508
2013-03-21,111,450,453
2013-03-21,112,,
2013-03-21,119,464,465
2013-03-21,120,462,463
2013-03-21,121,457,459
2013-03-21,122,454,456
2013-03-21,123,518,520
2013-03-21,124,515,517
2013-03-21,134,,
2013-03-21,143,288,290
2013-03-21,144,,
2013-03-21,145,243,245
2013-03-21,179,431,432
2013-03-21,180,429,430
2013-03-21,184,,
2013-03-21,185,245,247
2013-03-21,186,225,227
2013-03-21,187,155,157
2013-03-21,188,125,127
2013-03-21,214,,
2013-03-21,223,175,176
2013-03-21,248,341,351
2013-03-21,249,375,385
2013-03-21,250,287,292
2013-03-21,251,345,355
2013-03-21,253,,
2013-03-21,254,754,764
2013-03-21,255,266,276
2013-03-21,256,263,268
2013-03-21,258,453,462
2013-03-21,259,433,442
2013-03-21,260,424,432
2013-03-21,263,245,247
2013-03-21,265,488,499
2013-03-21,277,353,358
2013-03-21,300,,
2013-03-21,315,,
2013-03-21,316,,
2013-03-21,317,,
2013-03-21,318,,
2013-03-21,319,,
2013-03-21,320,,
2013-03-21,321,,
2013-03-21,335,,
2013-03-21,336,,
2013-03-21,345,,
2013-03-21,348,,
2013-03-21,367,670,770
2013-03-21,368,720,820
2013-03-21,369,580,680
2013-03-21,370,550,650
2013-03-21,371,550,650
2013-03-21,372,550,650
2013-03-21,373,690,790
2013-03-21,374,335,345
2013-03-21,375,320,335
2013-03-21,376,240,255
2013-03-21,377,195,197
2013-03-21,378,174,177
2013-03-21,383,,
2013-03-21,391,,
2013-03-21,392,566,586
2013-03-21,393,,
2013-03-21,394,,
2013-03-21,395,499,509
2013-03-21,396,,
2013-03-21,397,446,448
2013-03-21,398,279,284
2013-03-21,399,320,325
2013-03-21,410,292,295
2013-03-21,411,294,297
2013-03-21,412,257,261
2013-03-21,413,259,262
2013-03-21,414,250,253
2013-03-21,440,255,257
2013-03-21,472,148,163
2013-03-21,473,148,163
2013-03-21,474,148,163
2013-03-21,475,148,163
2013-03-21,476,148,163
2013-03-21,477,148,163
2013-03-21,478,105,125
2013-03-21,479,166,170
2013-03-21,485,40,47
2013-03-21,486,47,55
2013-03-21,487,248,250
2013-03-21,488,246,248
2013-03-21,489,310,330
2013-03-21,490,290,310
2013-03-21,491,365,385
2013-03-21,492,270,290
2013-03-21,493,270,290
2013-03-21,494,,
2013-03-28,11,537,546
2013-03-28,13,312,314
2013-03-28,14,527,537
2013-03-28,16,315,320
2013-03-28,24,422,428
2013-03-28,30,1580,1600
2013-03-28,33,1725,1730
2013-03-28,52,230,234
2013-03-28,58,,
2013-03-28,62,195,198
2013-03-28,76,244,245
2013-03-28,79,250,254
2013-03-28,83,,
2013-03-28,85,255,260
2013-03-28,86,250,255
2013-03-28,87,204,205
2013-03-28,88,225,245
2013-03-28,89,208,209
2013-03-28,91,217,220
2013-03-28,93,207,209
2013-03-28,95,,
2013-03-28,96,244,245
2013-03-28,97,,
2013-03-28,98,248,249
2013-03-28,100,250,255
2013-03-28,102,202,203
2013-03-28,103,171,174
2013-03-28,104,208,209
2013-03-28,106,214,216
2013-03-28,108,293,295
2013-03-28,109,506,514
2013-03-28,111,452,455
2013-03-28,112,,
2013-03-28,119,472,473
2013-03-28,120,470,471
2013-03-28,121,465,467
2013-03-28,122,462,464
2013-03-28,123,530,532
2013-03-28,124,527,529
2013-03-28,134,,
2013-03-28,143,296,298
2013-03-28,144,,
2013-03-28,145,246,248
2013-03-28,179,439,440
2013-03-28,180,437,438
2013-03-28,184,,
2013-03-28,185,245,247
2013-03-28,186,225,227
2013-03-28,187,155,157
2013-03-28,188,125,127
2013-03-28,214,,
2013-03-28,223,175,176
2013-03-28,248,341,351
2013-03-28,249,378,388
2013-03-28,250,287,292
2013-03-28,251,345,355
2013-03-28,253,,
2013-03-28,254,754,764
2013-03-28,255,275,285
2013-03-28,256,272,277
2013-03-28,258,453,462
2013-03-28,259,433,442
2013-03-28,260,424,432
2013-03-28,263,248,250
2013-03-28,265,488,499
2013-03-28,277,353,358
2013-03-28,300,,
2013-03-28,315,,
2013-03-28,316,,
2013-03-28,317,,
2013-03-28,318,,
2013-03-28,319,,
2013-03-28,320,,
2013-03-28,321,,
2013-03-28,335,,
2013-03-28,336,,
2013-03-28,345,,
2013-03-28,348,,
2013-03-28,367,670,770
2013-03-28,368,720,820
2013-03-28,369,580,680
2013-03-28,370,550,650
2013-03-28,371,550,650
2013-03-28,372,550,650
2013-03-28,373,690,790
2013-03-28,374,335,345
2013-03-28,375,320,335
2013-03-28,376,240,255
2013-03-28,377,195,197
2013-03-28,378,174,177
2013-03-28,383,,
2013-03-28,391,,
2013-03-28,392,566,586
2013-03-28,393,,
2013-03-28,394,,
2013-03-28,395,499,509
2013-03-28,396,,
2013-03-28,397,448,450
2013-03-28,398,279,284
2013-03-28,399,322,327
2013-03-28,410,295,298
2013-03-28,411,297,300
2013-03-28,412,260,264
2013-03-28,413,262,265
2013-03-28,414,255,258
2013-03-28,440,258,260
2013-03-28,472,148,163
2013-03-28,473,148,163
2013-03-28,474,148,163
2013-03-28,475,148,163
2013-03-28,476,148,163
2013-03-28,477,148,163
2013-03-28,478,105,125
2013-03-28,479,166,170
2013-03-28,485,40,47
2013-03-28,486,47,55
2013-03-28,487,252,254
2013-03-28,488,253,255
2013-03-28,489,310,330
2013-03-28,490,290,310
2013-03-28,491,365,385
2013-03-28,492,270,290
2013-03-28,493,270,290
2013-03-28,494,170,180
2013-04-04,11,537,546
2013-04-04,13,312,314
2013-04-04,14,527,537
2013-04-04,16,315,320
2013-04-04,24,422,428
2013-04-04,30,1570,1590
2013-04-04,33,1715,1720
2013-04-04,52,228,232
2013-04-04,58,,
2013-04-04,62,195,198
2013-04-04,76,244,245
2013-04-04,79,250,254
2013-04-04,83,,
2013-04-04,85,255,260
2013-04-04,86,250,255
2013-04-04,87,209,210
2013-04-04,88,225,245
2013-04-04,89,213,214
2013-04-04,91,219,222
2013-04-04,93,211,213
2013-04-04,95,,
2013-04-04,96,249,250
2013-04-04,97,,
2013-04-04,98,253,254
2013-04-04,100,252,257
2013-04-04,102,207,208
2013-04-04,103,171,174
2013-04-04,104,212,213
2013-04-04,106,216,218
2013-04-04,108,293,295
2013-04-04,109,504,512
2013-04-04,111,445,448
2013-04-04,112,,
2013-04-04,119,457,458
2013-04-04,120,455,456
2013-04-04,121,445,447
2013-04-04,122,442,444
2013-04-04,123,515,517
2013-04-04,124,512,514
2013-04-04,134,,
2013-04-04,143,294,296
2013-04-04,144,,
2013-04-04,145,250,252
2013-04-04,179,421,422
2013-04-04,180,419,420
2013-04-04,184,,
2013-04-04,185,245,247
2013-04-04,186,225,227
2013-04-04,187,155,157
2013-04-04,188,125,127
2013-04-04,214,,
2013-04-04,223,175,176
2013-04-04,248,345,355
2013-04-04,249,388,398
2013-04-04,250,287,292
2013-04-04,251,345,355
2013-04-04,253,,
2013-04-04,254,754,764
2013-04-04,255,280,290
2013-04-04,256,277,282
2013-04-04,258,453,462
2013-04-04,259,433,442
2013-04-04,260,424,432
2013-04-04,263,248,250
2013-04-04,265,488,499
2013-04-04,277,353,358
2013-04-04,300,,
2013-04-04,315,,
2013-04-04,316,,
2013-04-04,317,,
2013-04-04,318,,
2013-04-04,319,,
2013-04-04,320,,
2013-04-04,321,,
2013-04-04,335,,
2013-04-04,336,,
2013-04-04,345,,
2013-04-04,348,,
2013-04-04,367,670,770
2013-04-04,368,720,820
2013-04-04,369,580,680
2013-04-04,370,550,650
2013-04-04,371,550,650
2013-04-04,372,550,650
2013-04-04,373,690,790
2013-04-04,374,335,345
2013-04-04,375,320,335
2013-04-04,376,240,255
2013-04-04,377,195,197
2013-04-04,378,174,177
2013-04-04,383,,
2013-04-04,391,,
2013-04-04,392,566,586
2013-04-04,393,,
2013-04-04,394,,
2013-04-04,395,499,509
2013-04-04,396,,
2013-04-04,397,441,443
2013-04-04,398,275,280
2013-04-04,399,324,329
2013-04-04,410,295,298
2013-04-04,411,297,300
2013-04-04,412,260,264
2013-04-04,413,262,265
2013-04-04,414,255,258
2013-04-04,440,258,260
2013-04-04,472,148,163
2013-04-04,473,148,163
2013-04-04,474,148,163
2013-04-04,475,148,163
2013-04-04,476,148,163
2013-04-04,477,148,163
2013-04-04,478,105,125
2013-04-04,479,166,170
2013-04-04,485,40,47
2013-04-04,486,47,55
2013-04-04,487,250,252
2013-04-04,488,251,253
2013-04-04,489,310,330
2013-04-04,490,290,310
2013-04-04,491,365,385
2013-04-04,492,270,290
2013-04-04,493,270,290
2013-04-04,494,175,185
2013-04-11,11,537,546
2013-04-11,13,312,314
2013-04-11,14,527,537
2013-04-11,16,315,320
2013-04-11,24,422,428
2013-04-11,30,1570,1590
2013-04-11,33,1715,1720
2013-04-11,52,227,231
2013-04-11,58,,
2013-04-11,62,195,198
2013-04-11,76,239,240
2013-04-11,79,250,254
2013-04-11,83,,
2013-04-11,85,255,260
2013-04-11,86,250,255
2013-04-11,87,211,212
2013-04-11,88,225,245
2013-04-11,89,215,216
2013-04-11,91,221,224
2013-04-11,93,213,215
2013-04-11,95,,
2013-04-11,96,251,252
2013-04-11,97,,
2013-04-11,98,255,256
2013-04-11,100,254,259
2013-04-11,102,209,210
2013-04-11,103,171,174
2013-04-11,104,214,215
2013-04-11,106,218,220
2013-04-11,108,293,295
2013-04-11,109,504,512
2013-04-11,111,439,442
2013-04-11,112,,
2013-04-11,119,457,458
2013-04-11,120,455,456
2013-04-11,121,429,431
2013-04-11,122,426,428
2013-04-11,123,515,517
2013-04-11,124,512,514
2013-04-11,134,,
2013-04-11,143,292,294
2013-04-11,144,,
2013-04-11,145,253,255
2013-04-11,179,408,409
2013-04-11,180,406,407
2013-04-11,184,,
2013-04-11,185,245,247
2013-04-11,186,225,227
2013-04-11,187,155,157
2013-04-11,188,125,127
2013-04-11,214,,
2013-04-11,223,175,176
2013-04-11,248,345,355
2013-04-11,249,388,398
2013-04-11,250,287,292
2013-04-11,251,345,355
2013-04-11,253,,
2013-04-11,254,754,764
2013-04-11,255,282,292
2013-04-11,256,279,284
2013-04-11,258,453,462
2013-04-11,259,433,442
2013-04-11,260,424,432
2013-04-11,263,250,252
2013-04-11,265,488,499
2013-04-11,277,353,358
2013-04-11,300,,
2013-04-11,315,,
2013-04-11,316,,
2013-04-11,317,,
2013-04-11,318,,
2013-04-11,319,,
2013-04-11,320,,
2013-04-11,321,,
2013-04-11,335,,
2013-04-11,336,,
2013-04-11,345,,
2013-04-11,348,,
2013-04-11,367,670,770
2013-04-11,368,720,820
2013-04-11,369,580,680
2013-04-11,370,550,650
2013-04-11,371,550,650
2013-04-11,372,550,650
2013-04-11,373,690,790
2013-04-11,374,335,345
2013-04-11,375,320,335
2013-04-11,376,235,250
2013-04-11,377,195,197
2013-04-11,378,174,177
2013-04-11,383,,
2013-04-11,391,,
2013-04-11,392,566,586
2013-04-11,393,,
2013-04-11,394,,
2013-04-11,395,499,509
2013-04-11,396,,
2013-04-11,397,435,437
2013-04-11,398,270,275
2013-04-11,399,324,329
2013-04-11,410,295,298
2013-04-11,411,297,300
2013-04-11,412,261,265
2013-04-11,413,264,267
2013-04-11,414,258,261
2013-04-11,440,260,262
2013-04-11,472,148,163
2013-04-11,473,148,163
2013-04-11,474,148,163
2013-04-11,475,148,163
2013-04-11,476,148,163
2013-04-11,477,148,163
2013-04-11,478,105,125
2013-04-11,479,166,170
2013-04-11,485,40,47
2013-04-11,486,47,55
2013-04-11,487,248,250
2013-04-11,488,247,249
2013-04-11,489,310,330
2013-04-11,490,290,310
2013-04-11,491,365,385
2013-04-11,492,270,290
2013-04-11,493,270,290
2013-04-11,494,173,183
2013-04-18,11,537,546
2013-04-18,13,312,314
2013-04-18,14,527,537
2013-04-18,16,315,320
2013-04-18,24,422,428
2013-04-18,30,1570,1590
2013-04-18,33,1715,1720
2013-04-18,52,226,230
2013-04-18,58,,
2013-04-18,62,193,196
2013-04-18,76,242,243
2013-04-18,79,250,254
2013-04-18,83,,
2013-04-18,85,255,260
2013-04-18,86,250,255
2013-04-18,87,216,217
2013-04-18,88,225,245
2013-04-18,89,220,221
2013-04-18,91,226,229
2013-04-18,93,218,220
2013-04-18,95,,
2013-04-18,96,256,257
2013-04-18,97,,
2013-04-18,98,260,261
2013-04-18,100,259,264
2013-04-18,102,214,215
2013-04-18,103,171,174
2013-04-18,104,219,220
2013-04-18,106,223,225
2013-04-18,108,293,295
2013-04-18,109,,
2013-04-18,111,464,467
2013-04-18,112,,
2013-04-18,119,492,493
2013-04-18,120,490,491
2013-04-18,121,459,461
2013-04-18,122,456,458
2013-04-18,123,550,552
2013-04-18,124,547,549
2013-04-18,134,,
2013-04-18,143,291,293
2013-04-18,144,,
2013-04-18,145,253,255
2013-04-18,179,438,439
2013-04-18,180,436,437
2013-04-18,184,,
2013-04-18,185,245,247
2013-04-18,186,225,227
2013-04-18,187,155,157
2013-04-18,188,125,127
2013-04-18,214,,
2013-04-18,223,175,176
2013-04-18,248,350,360
2013-04-18,249,397,407
2013-04-18,250,287,292
2013-04-18,251,345,355
2013-04-18,253,,
2013-04-18,254,764,774
2013-04-18,255,287,297
2013-04-18,256,284,289
2013-04-18,258,453,462
2013-04-18,259,433,442
2013-04-18,260,424,432
2013-04-18,263,250,252
2013-04-18,265,488,499
2013-04-18,277,353,358
2013-04-18,300,,
2013-04-18,315,,
2013-04-18,316,,
2013-04-18,317,,
2013-04-18,318,,
2013-04-18,319,,
2013-04-18,320,,
2013-04-18,321,,
2013-04-18,335,,
2013-04-18,336,,
2013-04-18,345,,
2013-04-18,348,,
2013-04-18,367,670,770
2013-04-18,368,720,820
2013-04-18,369,580,680
2013-04-18,370,550,650
2013-04-18,371,550,650
2013-04-18,372,550,650
2013-04-18,373,690,790
2013-04-18,374,335,345
2013-04-18,375,320,335
2013-04-18,376,235,250
2013-04-18,377,198,200
2013-04-18,378,177,180
2013-04-18,383,,
2013-04-18,391,,
2013-04-18,392,,
2013-04-18,393,,
2013-04-18,394,,
2013-04-18,395,499,509
2013-04-18,396,,
2013-04-18,397,460,462
2013-04-18,398,280,285
2013-04-18,399,327,332
2013-04-18,410,295,298
2013-04-18,411,297,300
2013-04-18,412,263,267
2013-04-18,413,267,270
2013-04-18,414,261,264
2013-04-18,440,260,262
2013-04-18,472,148,163
2013-04-18,473,148,163
2013-04-18,474,148,163
2013-04-18,475,148,163
2013-04-18,476,148,163
2013-04-18,477,148,163
2013-04-18,478,105,125
2013-04-18,479,166,170
2013-04-18,485,40,47
2013-04-18,486,47,55
2013-04-18,487,248,250
2013-04-18,488,244,246
2013-04-18,489,310,330
2013-04-18,490,290,310
2013-04-18,491,365,385
2013-04-18,492,270,290
2013-04-18,493,270,290
2013-04-18,494,171,181
2013-04-24,11,537,546
2013-04-24,13,312,314
2013-04-24,14,527,537
2013-04-24,16,315,320
2013-04-24,24,422,428
2013-04-24,30,1560,1580
2013-04-24,33,1705,1710
2013-04-24,52,225,229
2013-04-24,58,,
2013-04-24,62,193,196
2013-04-24,76,252,253
2013-04-24,79,250,254
2013-04-24,83,,
2013-04-24,85,255,260
2013-04-24,86,250,255
2013-04-24,87,216,217
2013-04-24,88,225,245
2013-04-24,89,220,221
2013-04-24,91,226,229
2013-04-24,93,218,220
2013-04-24,95,,
2013-04-24,96,256,257
2013-04-24,97,,
2013-04-24,98,260,261
2013-04-24,100,259,264
2013-04-24,102,214,215
2013-04-24,103,171,174
2013-04-24,104,219,220
2013-04-24,106,223,225
2013-04-24,108,293,295
2013-04-24,109,,
2013-04-24,111,484,487
2013-04-24,112,,
2013-04-24,119,512,513
2013-04-24,120,510,511
2013-04-24,121,469,471
2013-04-24,122,466,468
2013-04-24,123,565,567
2013-04-24,124,562,564
2013-04-24,134,,
2013-04-24,143,290,292
2013-04-24,144,,
2013-04-24,145,253,255
2013-04-24,179,458,459
2013-04-24,180,456,457
2013-04-24,184,,
2013-04-24,185,245,247
2013-04-24,186,225,227
2013-04-24,187,155,157
2013-04-24,188,125,127
2013-04-24,214,,
2013-04-24,223,175,176
2013-04-24,248,350,360
2013-04-24,249,397,407
2013-04-24,250,287,292
2013-04-24,251,345,355
2013-04-24,253,,
2013-04-24,254,764,774
2013-04-24,255,287,297
2013-04-24,256,284,289
2013-04-24,258,453,462
2013-04-24,259,433,442
2013-04-24,260,424,432
2013-04-24,263,250,252
2013-04-24,265,488,499
2013-04-24,277,353,358
2013-04-24,300,,
2013-04-24,315,,
2013-04-24,316,,
2013-04-24,317,,
2013-04-24,318,,
2013-04-24,319,,
2013-04-24,320,,
2013-04-24,321,,
2013-04-24,335,,
2013-04-24,336,,
2013-04-24,345,,
2013-04-24,348,,
2013-04-24,367,670,770
2013-04-24,368,720,820
2013-04-24,369,580,680
2013-04-24,370,550,650
2013-04-24,371,550,650
2013-04-24,372,550,650
2013-04-24,373,690,790
2013-04-24,374,335,345
2013-04-24,375,320,335
2013-04-24,376,235,250
2013-04-24,377,203,205
2013-04-24,378,182,185
2013-04-24,383,,
2013-04-24,391,,
2013-04-24,392,,
2013-04-24,393,,
2013-04-24,394,,
2013-04-24,395,499,509
2013-04-24,396,,
2013-04-24,397,480,482
2013-04-24,398,295,300
2013-04-24,399,337,342
2013-04-24,410,295,298
2013-04-24,411,297,300
2013-04-24,412,263,267
2013-04-24,413,267,270
2013-04-24,414,261,264
2013-04-24,440,260,262
2013-04-24,472,,
2013-04-24,473,,
2013-04-24,474,,
2013-04-24,475,,
2013-04-24,476,,
2013-04-24,477,,
2013-04-24,478,,
2013-04-24,479,,
2013-04-24,485,40,47
2013-04-24,486,47,55
2013-04-24,487,248,250
2013-04-24,488,241,243
2013-04-24,489,310,330
2013-04-24,490,290,310
2013-04-24,491,365,385
2013-04-24,492,270,290
2013-04-24,493,270,290
2013-04-24,494,171,181
2013-05-02,11,537,546
2013-05-02,13,312,314
2013-05-02,14,527,537
2013-05-02,16,315,320
2013-05-02,24,422,428
2013-05-02,30,1560,1580
2013-05-02,33,1705,1710
2013-05-02,52,225,229
2013-05-02,58,,
2013-05-02,62,193,196
2013-05-02,76,256,257
2013-05-02,79,250,254
2013-05-02,83,,
2013-05-02,85,,
2013-05-02,86,,
2013-05-02,87,209,210
2013-05-02,88,,
2013-05-02,89,213,214
2013-05-02,91,219,222
2013-05-02,93,211,213
2013-05-02,95,,
2013-05-02,96,249,250
2013-05-02,97,,
2013-05-02,98,253,254
2013-05-02,100,252,257
2013-05-02,102,207,208
2013-05-02,103,171,174
2013-05-02,104,212,213
2013-05-02,106,218,220
2013-05-02,108,293,295
2013-05-02,109,,
2013-05-02,111,494,497
2013-05-02,112,,
2013-05-02,119,517,518
2013-05-02,120,515,516
2013-05-02,121,476,478
2013-05-02,122,473,475
2013-05-02,123,575,577
2013-05-02,124,572,574
2013-05-02,134,,
2013-05-02,143,290,292
2013-05-02,144,,
2013-05-02,145,251,253
2013-05-02,179,470,471
2013-05-02,180,468,469
2013-05-02,184,,
2013-05-02,185,,
2013-05-02,186,,
2013-05-02,187,155,157
2013-05-02,188,125,127
2013-05-02,214,,
2013-05-02,223,175,176
2013-05-02,248,350,360
2013-05-02,249,397,407
2013-05-02,250,287,292
2013-05-02,251,345,355
2013-05-02,253,,
2013-05-02,254,764,774
2013-05-02,255,280,290
2013-05-02,256,277,282
2013-05-02,258,453,462
2013-05-02,259,433,442
2013-05-02,260,424,432
2013-05-02,263,250,252
2013-05-02,265,488,499
2013-05-02,277,353,358
2013-05-02,300,,
2013-05-02,315,,
2013-05-02,316,,
2013-05-02,317,,
2013-05-02,318,,
2013-05-02,319,,
2013-05-02,320,,
2013-05-02,321,,
2013-05-02,335,,
2013-05-02,336,,
2013-05-02,345,,
2013-05-02,348,,
2013-05-02,367,670,770
2013-05-02,368,720,820
2013-05-02,369,580,680
2013-05-02,370,550,650
2013-05-02,371,550,650
2013-05-02,372,550,650
2013-05-02,373,690,790
2013-05-02,374,335,345
2013-05-02,375,320,335
2013-05-02,376,230,245
2013-05-02,377,203,205
2013-05-02,378,182,185
2013-05-02,383,,
2013-05-02,391,,
2013-05-02,392,,
2013-05-02,393,,
2013-05-02,394,,
2013-05-02,395,499,509
2013-05-02,396,,
2013-05-02,397,490,492
2013-05-02,398,310,315
2013-05-02,399,355,360
2013-05-02,410,295,298
2013-05-02,411,297,300
2013-05-02,412,263,267
2013-05-02,413,267,270
2013-05-02,414,261,264
2013-05-02,440,260,262
2013-05-02,472,,
2013-05-02,473,,
2013-05-02,474,,
2013-05-02,475,,
2013-05-02,476,,
2013-05-02,477,,
2013-05-02,478,,
2013-05-02,479,,
2013-05-02,485,40,47
2013-05-02,486,47,55
2013-05-02,487,248,250
2013-05-02,488,245,247
2013-05-02,489,310,330
2013-05-02,490,290,310
2013-05-02,491,365,385
2013-05-02,492,270,290
2013-05-02,493,270,290
2013-05-02,494,171,181
2013-05-09,11,537,546
2013-05-09,13,312,314
2013-05-09,14,527,537
2013-05-09,16,315,320
2013-05-09,24,422,428
2013-05-09,30,1560,1580
2013-05-09,33,1705,1710
2013-05-09,52,225,229
2013-05-09,58,,
2013-05-09,62,193,196
2013-05-09,76,256,257
2013-05-09,79,250,254
2013-05-09,83,,
2013-05-09,85,,
2013-05-09,86,,
2013-05-09,87,194,195
2013-05-09,88,,
2013-05-09,89,198,199
2013-05-09,91,209,212
2013-05-09,93,196,198
2013-05-09,95,,
2013-05-09,96,234,235
2013-05-09,97,,
2013-05-09,98,238,239
2013-05-09,100,242,247
2013-05-09,102,192,193
2013-05-09,103,171,174
2013-05-09,104,197,198
2013-05-09,106,208,210
2013-05-09,108,286,288
2013-05-09,109,,
2013-05-09,111,499,502
2013-05-09,112,,
2013-05-09,119,532,533
2013-05-09,120,530,531
2013-05-09,121,491,493
2013-05-09,122,488,490
2013-05-09,123,590,592
2013-05-09,124,587,589
2013-05-09,134,,
2013-05-09,143,290,292
2013-05-09,144,,
2013-05-09,145,249,251
2013-05-09,179,485,486
2013-05-09,180,483,484
2013-05-09,184,,
2013-05-09,185,,
2013-05-09,186,,
2013-05-09,187,155,157
2013-05-09,188,125,127
2013-05-09,214,,
2013-05-09,223,175,176
2013-05-09,248,355,365
2013-05-09,249,402,412
2013-05-09,250,,
2013-05-09,251,345,355
2013-05-09,253,,
2013-05-09,254,,
2013-05-09,255,265,275
2013-05-09,256,262,267
2013-05-09,258,453,462
2013-05-09,259,433,442
2013-05-09,260,424,432
2013-05-09,263,250,252
2013-05-09,265,488,499
2013-05-09,277,358,363
2013-05-09,300,,
2013-05-09,315,,
2013-05-09,316,,
2013-05-09,317,,
2013-05-09,318,,
2013-05-09,319,,
2013-05-09,320,,
2013-05-09,321,,
2013-05-09,335,,
2013-05-09,336,,
2013-05-09,345,,
2013-05-09,348,,
2013-05-09,367,670,770
2013-05-09,368,720,820
2013-05-09,369,580,680
2013-05-09,370,550,650
2013-05-09,371,550,650
2013-05-09,372,550,650
2013-05-09,373,690,790
2013-05-09,374,335,345
2013-05-09,375,320,335
2013-05-09,376,230,245
2013-05-09,377,203,205
2013-05-09,378,182,185
2013-05-09,383,,
2013-05-09,391,,
2013-05-09,392,,
2013-05-09,393,,
2013-05-09,394,,
2013-05-09,395,499,509
2013-05-09,396,,
2013-05-09,397,495,497
2013-05-09,398,310,315
2013-05-09,399,355,360
2013-05-09,410,295,298
2013-05-09,411,297,300
2013-05-09,412,263,267
2013-05-09,413,267,270
2013-05-09,414,261,264
2013-05-09,440,258,260
2013-05-09,472,,
2013-05-09,473,,
2013-05-09,474,,
2013-05-09,475,,
2013-05-09,476,,
2013-05-09,477,,
2013-05-09,478,,
2013-05-09,479,,
2013-05-09,485,40,47
2013-05-09,486,47,55
2013-05-09,487,248,250
2013-05-09,488,243,245
2013-05-09,489,310,330
2013-05-09,490,290,310
2013-05-09,491,365,385
2013-05-09,492,270,290
2013-05-09,493,270,290
2013-05-09,494,171,181
2013-05-16,11,537,546
2013-05-16,13,312,314
2013-05-16,14,527,537
2013-05-16,16,315,320
2013-05-16,24,422,428
2013-05-16,30,1560,1580
2013-05-16,33,1705,1710
2013-05-16,52,225,229
2013-05-16,58,,
2013-05-16,62,,
2013-05-16,76,256,257
2013-05-16,79,255,259
2013-05-16,83,,
2013-05-16,85,,
2013-05-16,86,,
2013-05-16,87,176,177
2013-05-16,88,,
2013-05-16,89,180,181
2013-05-16,91,202,205
2013-05-16,93,178,180
2013-05-16,95,,
2013-05-16,96,216,217
2013-05-16,97,,
2013-05-16,98,220,221
2013-05-16,100,235,240
2013-05-16,102,174,175
2013-05-16,103,171,174
2013-05-16,104,179,180
2013-05-16,106,198,200
2013-05-16,108,286,288
2013-05-16,109,,
2013-05-16,111,494,497
2013-05-16,112,,
2013-05-16,119,544,545
2013-05-16,120,542,543
2013-05-16,121,499,501
2013-05-16,122,496,498
2013-05-16,123,602,604
2013-05-16,124,599,601
2013-05-16,134,,
2013-05-16,143,290,292
2013-05-16,144,,
2013-05-16,145,249,251
2013-05-16,179,493,494
2013-05-16,180,491,492
2013-05-16,184,,
2013-05-16,185,,
2013-05-16,186,,
2013-05-16,187,155,157
2013-05-16,188,125,127
2013-05-16,214,,
2013-05-16,223,175,176
2013-05-16,248,355,365
2013-05-16,249,402,412
2013-05-16,250,,
2013-05-16,251,345,355
2013-05-16,253,,
2013-05-16,254,,
2013-05-16,255,247,257
2013-05-16,256,244,249
2013-05-16,258,453,462
2013-05-16,259,433,442
2013-05-16,260,424,432
2013-05-16,263,,
2013-05-16,265,488,499
2013-05-16,277,,
2013-05-16,300,,
2013-05-16,315,,
2013-05-16,316,,
2013-05-16,317,,
2013-05-16,318,,
2013-05-16,319,,
2013-05-16,320,,
2013-05-16,321,,
2013-05-16,335,,
2013-05-16,336,,
2013-05-16,345,,
2013-05-16,348,,
2013-05-16,367,670,770
2013-05-16,368,720,820
2013-05-16,369,580,680
2013-05-16,370,550,650
2013-05-16,371,550,650
2013-05-16,372,550,650
2013-05-16,373,690,790
2013-05-16,374,335,345
2013-05-16,375,320,335
2013-05-16,376,225,240
2013-05-16,377,203,205
2013-05-16,378,182,185
2013-05-16,383,,
2013-05-16,391,,
2013-05-16,392,,
2013-05-16,393,,
2013-05-16,394,,
2013-05-16,395,499,509
2013-05-16,396,,
2013-05-16,397,490,492
2013-05-16,398,314,319
2013-05-16,399,358,363
2013-05-16,410,295,298
2013-05-16,411,297,300
2013-05-16,412,258,262
2013-05-16,413,262,265
2013-05-16,414,256,259
2013-05-16,440,256,258
2013-05-16,472,,
2013-05-16,473,,
2013-05-16,474,,
2013-05-16,475,,
2013-05-16,476,,
2013-05-16,477,,
2013-05-16,478,,
2013-05-16,479,,
2013-05-16,485,40,47
2013-05-16,486,47,55
2013-05-16,487,248,250
2013-05-16,488,243,245
2013-05-16,489,310,330
2013-05-16,490,290,310
2013-05-16,491,365,385
2013-05-16,492,270,290
2013-05-16,493,270,290
2013-05-16,494,171,181
2013-05-23,11,537,546
2013-05-23,13,312,314
2013-05-23,14,527,537
2013-05-23,16,,
2013-05-23,24,422,428
2013-05-23,30,1560,1580
2013-05-23,33,1705,1710
2013-05-23,52,226,230
2013-05-23,58,,
2013-05-23,62,,
2013-05-23,76,259,260
2013-05-23,79,260,264
2013-05-23,83,,
2013-05-23,85,,
2013-05-23,86,,
2013-05-23,87,169,170
2013-05-23,88,200,230
2013-05-23,89,173,174
2013-05-23,91,202,205
2013-05-23,93,171,173
2013-05-23,95,,
2013-05-23,96,209,210
2013-05-23,97,,
2013-05-23,98,213,214
2013-05-23,100,235,240
2013-05-23,102,167,168
2013-05-23,103,171,174
2013-05-23,104,172,173
2013-05-23,106,193,195
2013-05-23,108,286,288
2013-05-23,109,,
2013-05-23,111,499,502
2013-05-23,112,,
2013-05-23,119,559,560
2013-05-23,120,557,558
2013-05-23,121,514,516
2013-05-23,122,511,513
2013-05-23,123,617,619
2013-05-23,124,614,616
2013-05-23,134,,
2013-05-23,143,290,292
2013-05-23,144,,
2013-05-23,145,247,249
2013-05-23,179,508,509
2013-05-23,180,506,507
2013-05-23,184,,
2013-05-23,185,230,235
2013-05-23,186,200,205
2013-05-23,187,145,147
2013-05-23,188,125,127
2013-05-23,214,,
2013-05-23,223,175,176
2013-05-23,248,355,365
2013-05-23,249,407,412
2013-05-23,250,,
2013-05-23,251,345,355
2013-05-23,253,,
2013-05-23,254,,
2013-05-23,255,240,250
2013-05-23,256,237,242
2013-05-23,258,453,462
2013-05-23,259,433,442
2013-05-23,260,424,432
2013-05-23,263,,
2013-05-23,265,488,499
2013-05-23,277,,
2013-05-23,300,,
2013-05-23,315,,
2013-05-23,316,,
2013-05-23,317,,
2013-05-23,318,,
2013-05-23,319,,
2013-05-23,320,,
2013-05-23,321,,
2013-05-23,335,,
2013-05-23,336,,
2013-05-23,345,,
2013-05-23,348,,
2013-05-23,367,670,770
2013-05-23,368,710,810
2013-05-23,369,570,670
2013-05-23,370,540,640
2013-05-23,371,550,650
2013-05-23,372,550,650
2013-05-23,373,680,780
2013-05-23,374,325,335
2013-05-23,375,310,325
2013-05-23,376,215,230
2013-05-23,377,203,205
2013-05-23,378,182,185
2013-05-23,383,,
2013-05-23,391,,
2013-05-23,392,,
2013-05-23,393,,
2013-05-23,394,,
2013-05-23,395,499,509
2013-05-23,396,,
2013-05-23,397,495,497
2013-05-23,398,317,322
2013-05-23,399,365,370
2013-05-23,410,295,298
2013-05-23,411,297,300
2013-05-23,412,256,260
2013-05-23,413,260,263
2013-05-23,414,254,257
2013-05-23,440,253,255
2013-05-23,472,,
2013-05-23,473,,
2013-05-23,474,,
2013-05-23,475,,
2013-05-23,476,,
2013-05-23,477,,
2013-05-23,478,,
2013-05-23,479,,
2013-05-23,485,40,47
2013-05-23,486,47,55
2013-05-23,487,248,250
2013-05-23,488,243,245
2013-05-23,489,310,330
2013-05-23,490,285,305
2013-05-23,491,360,380
2013-05-23,492,265,285
2013-05-23,493,270,290
2013-05-23,494,183,193
2013-05-30,11,537,546
2013-05-30,13,312,314
2013-05-30,14,527,537
2013-05-30,16,,
2013-05-30,24,417,423
2013-05-30,30,1560,1580
2013-05-30,33,1705,1710
2013-05-30,52,230,234
2013-05-30,58,,
2013-05-30,62,,
2013-05-30,76,256,257
2013-05-30,79,263,267
2013-05-30,83,,
2013-05-30,85,,
2013-05-30,86,,
2013-05-30,87,169,170
2013-05-30,88,205,235
2013-05-30,89,173,174
2013-05-30,91,205,208
2013-05-30,93,171,173
2013-05-30,95,,
2013-05-30,96,209,210
2013-05-30,97,,
2013-05-30,98,213,214
2013-05-30,100,238,243
2013-05-30,102,167,168
2013-05-30,103,171,174
2013-05-30,104,172,173
2013-05-30,106,193,195
2013-05-30,108,286,288
2013-05-30,109,,
2013-05-30,111,496,499
2013-05-30,112,,
2013-05-30,119,559,560
2013-05-30,120,557,558
2013-05-30,121,511,513
2013-05-30,122,508,510
2013-05-30,123,617,619
2013-05-30,124,614,616
2013-05-30,134,,
2013-05-30,143,294,296
2013-05-30,144,,
2013-05-30,145,245,247
2013-05-30,179,503,504
2013-05-30,180,501,502
2013-05-30,184,,
2013-05-30,185,235,240
2013-05-30,186,200,205
2013-05-30,187,145,147
2013-05-30,188,125,127
2013-05-30,214,,
2013-05-30,223,175,176
2013-05-30,248,355,365
2013-05-30,249,407,412
2013-05-30,250,,
2013-05-30,251,345,355
2013-05-30,253,,
2013-05-30,254,,
2013-05-30,255,240,250
2013-05-30,256,237,242
2013-05-30,258,453,462
2013-05-30,259,433,442
2013-05-30,260,424,432
2013-05-30,263,,
2013-05-30,265,483,494
2013-05-30,277,,
2013-05-30,300,,
2013-05-30,315,,
2013-05-30,316,,
2013-05-30,317,,
2013-05-30,318,,
2013-05-30,319,,
2013-05-30,320,,
2013-05-30,321,,
2013-05-30,335,,
2013-05-30,336,,
2013-05-30,345,,
2013-05-30,348,,
2013-05-30,367,670,770
2013-05-30,368,710,810
2013-05-30,369,570,670
2013-05-30,370,540,640
2013-05-30,371,550,650
2013-05-30,372,550,650
2013-05-30,373,680,780
2013-05-30,374,320,330
2013-05-30,375,305,320
2013-05-30,376,215,230
2013-05-30,377,203,205
2013-05-30,378,182,185
2013-05-30,383,,
2013-05-30,391,,
2013-05-30,392,,
2013-05-30,393,,
2013-05-30,394,,
2013-05-30,395,499,509
2013-05-30,396,,
2013-05-30,397,492,494
2013-05-30,398,317,322
2013-05-30,399,365,370
2013-05-30,410,295,298
2013-05-30,411,297,300
2013-05-30,412,254,258
2013-05-30,413,258,261
2013-05-30,414,252,255
2013-05-30,440,250,252
2013-05-30,472,90,95
2013-05-30,473,95,100
2013-05-30,474,,
2013-05-30,475,,
2013-05-30,476,,
2013-05-30,477,,
2013-05-30,478,80,90
2013-05-30,479,,
2013-05-30,485,40,47
2013-05-30,486,47,55
2013-05-30,487,250,252
2013-05-30,488,251,253
2013-05-30,489,310,330
2013-05-30,490,285,305
2013-05-30,491,360,380
2013-05-30,492,265,285
2013-05-30,493,270,290
2013-05-30,494,190,200
2013-06-06,11,537,546
2013-06-06,13,312,314
2013-06-06,14,527,537
2013-06-06,16,,
2013-06-06,24,417,423
2013-06-06,30,1550,1570
2013-06-06,33,1695,1700
2013-06-06,52,240,244
2013-06-06,58,,
2013-06-06,62,,
2013-06-06,76,256,257
2013-06-06,79,273,277
2013-06-06,83,,
2013-06-06,85,,
2013-06-06,86,,
2013-06-06,87,171,172
2013-06-06,88,205,235
2013-06-06,89,175,176
2013-06-06,91,207,210
2013-06-06,93,173,175
2013-06-06,95,,
2013-06-06,96,211,212
2013-06-06,97,,
2013-06-06,98,215,216
2013-06-06,100,240,245
2013-06-06,102,169,170
2013-06-06,103,171,174
2013-06-06,104,174,175
2013-06-06,106,195,197
2013-06-06,108,286,288
2013-06-06,109,,
2013-06-06,111,491,494
2013-06-06,112,,
2013-06-06,119,549,550
2013-06-06,120,547,548
2013-06-06,121,498,500
2013-06-06,122,495,497
2013-06-06,123,607,609
2013-06-06,124,604,606
2013-06-06,134,,
2013-06-06,143,304,306
2013-06-06,144,,
2013-06-06,145,245,247
2013-06-06,179,490,491
2013-06-06,180,488,489
2013-06-06,184,,
2013-06-06,185,235,240
2013-06-06,186,200,205
2013-06-06,187,145,147
2013-06-06,188,125,127
2013-06-06,214,,
2013-06-06,223,175,176
2013-06-06,248,355,365
2013-06-06,249,412,417
2013-06-06,250,,
2013-06-06,251,355,365
2013-06-06,253,,
2013-06-06,254,,
2013-06-06,255,242,252
2013-06-06,256,239,244
2013-06-06,258,453,462
2013-06-06,259,433,442
2013-06-06,260,424,432
2013-06-06,263,,
2013-06-06,265,483,494
2013-06-06,277,,
2013-06-06,300,,
2013-06-06,315,,
2013-06-06,316,,
2013-06-06,317,,
2013-06-06,318,,
2013-06-06,319,,
2013-06-06,320,,
2013-06-06,321,,
2013-06-06,335,,
2013-06-06,336,,
2013-06-06,345,,
2013-06-06,348,,
2013-06-06,367,690,790
2013-06-06,368,710,810
2013-06-06,369,570,670
2013-06-06,370,540,640
2013-06-06,371,560,660
2013-06-06,372,550,650
2013-06-06,373,680,780
2013-06-06,374,315,325
2013-06-06,375,300,315
2013-06-06,376,210,225
2013-06-06,377,203,205
2013-06-06,378,182,185
2013-06-06,383,,
2013-06-06,391,,
2013-06-06,392,,
2013-06-06,393,,
2013-06-06,394,,
2013-06-06,395,499,509
2013-06-06,396,,
2013-06-06,397,487,489
2013-06-06,398,317,322
2013-06-06,399,365,370
2013-06-06,410,295,298
2013-06-06,411,297,300
2013-06-06,412,257,261
2013-06-06,413,261,264
2013-06-06,414,255,258
2013-06-06,431,90,95
2013-06-06,432,95,100
2013-06-06,434,,
2013-06-06,440,245,247
2013-06-06,442,,
2013-06-06,479,,
2013-06-06,485,40,47
2013-06-06,486,47,55
2013-06-06,487,255,257
2013-06-06,488,266,268
2013-06-06,489,320,340
2013-06-06,490,285,305
2013-06-06,491,360,380
2013-06-06,492,265,285
2013-06-06,493,275,295
2013-06-06,494,205,215
2013-06-06,495,,
2013-06-06,496,,
2013-06-06,497,80,90
2013-06-13,11,537,546
2013-06-13,13,314,316
2013-06-13,14,527,537
2013-06-13,16,,
2013-06-13,24,417,423
2013-06-13,30,1540,1560
2013-06-13,33,1685,1690
2013-06-13,52,239,243
2013-06-13,58,,
2013-06-13,62,,
2013-06-13,76,259,260
2013-06-13,79,,
2013-06-13,83,,
2013-06-13,85,,
2013-06-13,86,245,250
2013-06-13,87,175,176
2013-06-13,88,210,240
2013-06-13,89,179,180
2013-06-13,91,211,214
2013-06-13,93,177,179
2013-06-13,95,,
2013-06-13,96,215,216
2013-06-13,97,,
2013-06-13,98,219,220
2013-06-13,100,244,249
2013-06-13,102,173,174
2013-06-13,103,176,179
2013-06-13,104,178,179
2013-06-13,106,199,201
2013-06-13,108,286,288
2013-06-13,109,,
2013-06-13,111,486,489
2013-06-13,112,,
2013-06-13,119,540,541
2013-06-13,120,538,539
2013-06-13,121,488,490
2013-06-13,122,485,487
2013-06-13,123,598,600
2013-06-13,124,595,597
2013-06-13,134,,
2013-06-13,143,303,305
2013-06-13,144,,
2013-06-13,145,245,247
2013-06-13,179,480,481
2013-06-13,180,478,479
2013-06-13,184,,
2013-06-13,185,235,240
2013-06-13,186,200,205
2013-06-13,187,145,147
2013-06-13,188,125,127
2013-06-13,214,,
2013-06-13,223,180,181
2013-06-13,248,,
2013-06-13,249,,
2013-06-13,250,,
2013-06-13,251,355,365
2013-06-13,253,,
2013-06-13,254,,
2013-06-13,255,246,256
2013-06-13,256,243,248
2013-06-13,258,453,462
2013-06-13,259,433,442
2013-06-13,260,424,432
2013-06-13,263,,
2013-06-13,265,483,494
2013-06-13,277,,
2013-06-13,300,,
2013-06-13,315,,
2013-06-13,316,,
2013-06-13,317,,
2013-06-13,318,,
2013-06-13,319,,
2013-06-13,320,,
2013-06-13,321,,
2013-06-13,335,,
2013-06-13,336,,
2013-06-13,345,,
2013-06-13,348,,
2013-06-13,367,730,830
2013-06-13,368,710,810
2013-06-13,369,570,670
2013-06-13,370,540,640
2013-06-13,371,570,670
2013-06-13,372,550,650
2013-06-13,373,680,780
2013-06-13,374,310,320
2013-06-13,375,295,310
2013-06-13,376,205,220
2013-06-13,377,203,205
2013-06-13,378,182,185
2013-06-13,383,,
2013-06-13,391,,
2013-06-13,392,,
2013-06-13,393,,
2013-06-13,394,,
2013-06-13,395,499,509
2013-06-13,396,,
2013-06-13,397,482,484
2013-06-13,398,325,330
2013-06-13,399,365,370
2013-06-13,410,,
2013-06-13,411,,
2013-06-13,412,,
2013-06-13,413,,
2013-06-13,414,,
2013-06-13,440,238,240
2013-06-13,472,100,115
2013-06-13,473,105,120
2013-06-13,474,,
2013-06-13,475,,
2013-06-13,476,,
2013-06-13,477,,
2013-06-13,485,,
2013-06-13,486,,
2013-06-13,487,250,252
2013-06-13,488,261,263
2013-06-13,489,340,360
2013-06-13,490,295,315
2013-06-13,491,360,380
2013-06-13,492,265,285
2013-06-13,493,280,300
2013-06-13,494,205,215
2013-06-13,497,80,90
2013-06-20,11,537,546
2013-06-20,13,314,316
2013-06-20,14,527,537
2013-06-20,16,,
2013-06-20,24,417,423
2013-06-20,30,1540,1560
2013-06-20,33,1685,1690
2013-06-20,52,236,240
2013-06-20,58,,
2013-06-20,62,,
2013-06-20,76,264,265
2013-06-20,79,,
2013-06-20,83,,
2013-06-20,85,,
2013-06-20,86,245,250
2013-06-20,87,175,176
2013-06-20,88,210,240
2013-06-20,89,179,180
2013-06-20,91,211,214
2013-06-20,93,177,179
2013-06-20,95,,
2013-06-20,96,215,216
2013-06-20,97,,
2013-06-20,98,219,220
2013-06-20,100,244,249
2013-06-20,102,173,174
2013-06-20,103,179,182
2013-06-20,104,178,179
2013-06-20,106,199,201
2013-06-20,108,286,288
2013-06-20,109,,
2013-06-20,111,486,489
2013-06-20,112,,
2013-06-20,119,527,528
2013-06-20,120,525,526
2013-06-20,121,479,481
2013-06-20,122,476,478
2013-06-20,123,591,593
2013-06-20,124,588,590
2013-06-20,134,,
2013-06-20,143,300,302
2013-06-20,144,,
2013-06-20,145,245,247
2013-06-20,179,471,472
2013-06-20,180,469,470
2013-06-20,184,,
2013-06-20,185,235,240
2013-06-20,186,200,205
2013-06-20,187,140,142
2013-06-20,188,125,127
2013-06-20,214,,
2013-06-20,223,183,184
2013-06-20,248,,
2013-06-20,249,,
2013-06-20,250,,
2013-06-20,251,355,365
2013-06-20,253,,
2013-06-20,254,,
2013-06-20,255,246,256
2013-06-20,256,243,248
2013-06-20,258,453,462
2013-06-20,259,433,442
2013-06-20,260,424,432
2013-06-20,265,483,494
2013-06-20,277,,
2013-06-20,300,,
2013-06-20,315,,
2013-06-20,316,,
2013-06-20,317,,
2013-06-20,318,,
2013-06-20,319,,
2013-06-20,320,,
2013-06-20,321,,
2013-06-20,335,,
2013-06-20,336,,
2013-06-20,345,,
2013-06-20,348,198,202
2013-06-20,367,780,880
2013-06-20,368,710,810
2013-06-20,369,570,670
2013-06-20,370,540,640
2013-06-20,371,590,690
2013-06-20,372,550,650
2013-06-20,373,680,780
2013-06-20,374,310,320
2013-06-20,375,295,310
2013-06-20,376,205,220
2013-06-20,377,203,205
2013-06-20,378,182,185
2013-06-20,383,,
2013-06-20,391,,
2013-06-20,392,,
2013-06-20,393,,
2013-06-20,394,,
2013-06-20,395,499,509
2013-06-20,396,,
2013-06-20,397,482,484
2013-06-20,398,330,335
2013-06-20,399,365,370
2013-06-20,410,,
2013-06-20,411,,
2013-06-20,412,,
2013-06-20,413,,
2013-06-20,414,,
2013-06-20,440,228,230
2013-06-20,472,100,115
2013-06-20,473,105,120
2013-06-20,474,,
2013-06-20,475,,
2013-06-20,476,,
2013-06-20,477,,
2013-06-20,485,,
2013-06-20,486,,
2013-06-20,487,247,249
2013-06-20,488,258,260
2013-06-20,489,365,385
2013-06-20,490,330,350
2013-06-20,491,360,380
2013-06-20,492,265,285
2013-06-20,493,290,310
2013-06-20,494,205,215
2013-06-20,497,80,90
2013-06-20,498,188,192
2013-06-27,11,537,546
2013-06-27,13,314,316
2013-06-27,14,527,537
2013-06-27,16,,
2013-06-27,24,417,423
2013-06-27,30,1540,1560
2013-06-27,33,1665,1670
2013-06-27,52,232,236
2013-06-27,58,,
2013-06-27,62,,
2013-06-27,76,269,270
2013-06-27,79,,
2013-06-27,83,,
2013-06-27,85,,
2013-06-27,86,245,250
2013-06-27,87,165,166
2013-06-27,88,215,218
2013-06-27,89,169,170
2013-06-27,91,208,211
2013-06-27,93,167,169
2013-06-27,95,,
2013-06-27,96,205,206
2013-06-27,97,,
2013-06-27,98,209,210
2013-06-27,100,241,246
2013-06-27,102,163,164
2013-06-27,103,181,184
2013-06-27,104,168,169
2013-06-27,106,193,195
2013-06-27,108,286,288
2013-06-27,109,,
2013-06-27,111,489,492
2013-06-27,112,,
2013-06-27,119,537,538
2013-06-27,120,535,536
2013-06-27,121,489,491
2013-06-27,122,486,488
2013-06-27,123,601,603
2013-06-27,124,598,600
2013-06-27,134,,
2013-06-27,143,296,298
2013-06-27,144,,
2013-06-27,145,243,245
2013-06-27,179,481,482
2013-06-27,180,479,480
2013-06-27,184,,
2013-06-27,185,235,240
2013-06-27,186,200,205
2013-06-27,187,140,142
2013-06-27,188,125,127
2013-06-27,214,,
2013-06-27,223,185,186
2013-06-27,248,,
2013-06-27,249,,
2013-06-27,250,245,260
2013-06-27,251,355,365
2013-06-27,253,,
2013-06-27,254,,
2013-06-27,255,236,246
2013-06-27,256,233,238
2013-06-27,258,453,462
2013-06-27,259,433,442
2013-06-27,260,424,432
2013-06-27,265,483,494
2013-06-27,277,,
2013-06-27,300,,
2013-06-27,315,,
2013-06-27,316,,
2013-06-27,317,,
2013-06-27,318,,
2013-06-27,319,,
2013-06-27,320,,
2013-06-27,321,,
2013-06-27,335,,
2013-06-27,336,,
2013-06-27,345,,
2013-06-27,348,198,202
2013-06-27,367,780,880
2013-06-27,368,710,810
2013-06-27,369,580,680
2013-06-27,370,550,650
2013-06-27,371,590,690
2013-06-27,372,560,660
2013-06-27,373,690,790
2013-06-27,374,310,320
2013-06-27,375,295,310
2013-06-27,376,205,220
2013-06-27,377,203,205
2013-06-27,378,182,185
2013-06-27,383,,
2013-06-27,391,,
2013-06-27,392,,
2013-06-27,393,,
2013-06-27,394,,
2013-06-27,395,499,509
2013-06-27,396,,
2013-06-27,397,485,487
2013-06-27,398,328,333
2013-06-27,399,365,370
2013-06-27,410,,
2013-06-27,411,,
2013-06-27,412,,
2013-06-27,413,,
2013-06-27,414,,
2013-06-27,440,225,227
2013-06-27,472,100,115
2013-06-27,473,105,120
2013-06-27,474,,
2013-06-27,475,,
2013-06-27,476,,
2013-06-27,477,,
2013-06-27,485,40,45
2013-06-27,486,45,50
2013-06-27,487,243,245
2013-06-27,488,250,252
2013-06-27,489,365,385
2013-06-27,490,330,350
2013-06-27,491,,
2013-06-27,492,270,290
2013-06-27,493,290,310
2013-06-27,494,205,215
2013-06-27,497,80,90
2013-06-27,498,188,192
2013-07-04,11,532,541
2013-07-04,13,310,312
2013-07-04,14,522,532
2013-07-04,16,,
2013-07-04,24,412,418
2013-07-04,30,1530,1550
2013-07-04,33,1655,1660
2013-07-04,52,227,231
2013-07-04,58,,
2013-07-04,62,,
2013-07-04,76,266,267
2013-07-04,79,,
2013-07-04,83,,
2013-07-04,85,,
2013-07-04,86,250,255
2013-07-04,87,151,152
2013-07-04,88,215,218
2013-07-04,89,155,156
2013-07-04,91,200,203
2013-07-04,93,158,160
2013-07-04,95,,
2013-07-04,96,191,192
2013-07-04,97,,
2013-07-04,98,195,196
2013-07-04,100,233,238
2013-07-04,102,149,150
2013-07-04,103,181,184
2013-07-04,104,159,160
2013-07-04,106,188,190
2013-07-04,108,283,285
2013-07-04,109,,
2013-07-04,111,484,487
2013-07-04,112,,
2013-07-04,119,547,548
2013-07-04,120,545,546
2013-07-04,121,479,481
2013-07-04,122,476,478
2013-07-04,123,611,613
2013-07-04,124,608,610
2013-07-04,134,,
2013-07-04,143,291,293
2013-07-04,144,,
2013-07-04,145,243,245
2013-07-04,179,471,472
2013-07-04,180,469,470
2013-07-04,184,,
2013-07-04,185,235,240
2013-07-04,186,200,205
2013-07-04,187,140,142
2013-07-04,188,125,127
2013-07-04,214,,
2013-07-04,223,185,186
2013-07-04,248,,
2013-07-04,249,,
2013-07-04,250,245,260
2013-07-04,251,355,365
2013-07-04,253,,
2013-07-04,254,,
2013-07-04,255,222,232
2013-07-04,256,219,224
2013-07-04,258,448,457
2013-07-04,259,428,437
2013-07-04,260,419,427
2013-07-04,265,478,489
2013-07-04,277,,
2013-07-04,300,,
2013-07-04,315,,
2013-07-04,316,,
2013-07-04,317,,
2013-07-04,318,,
2013-07-04,319,,
2013-07-04,320,,
2013-07-04,321,,
2013-07-04,332,,
2013-07-04,333,,
2013-07-04,335,,
2013-07-04,336,,
2013-07-04,345,,
2013-07-04,348,196,200
2013-07-04,367,860,960
2013-07-04,368,760,860
2013-07-04,369,610,710
2013-07-04,370,580,680
2013-07-04,371,630,730
2013-07-04,372,580,680
2013-07-04,373,720,820
2013-07-04,374,310,320
2013-07-04,375,295,310
2013-07-04,376,205,220
2013-07-04,377,203,205
2013-07-04,378,182,185
2013-07-04,383,,
2013-07-04,391,,
2013-07-04,392,,
2013-07-04,393,,
2013-07-04,394,,
2013-07-04,395,494,504
2013-07-04,396,,
2013-07-04,397,480,482
2013-07-04,398,323,328
2013-07-04,399,345,350
2013-07-04,410,,
2013-07-04,411,,
2013-07-04,434,125,135
2013-07-04,440,223,225
2013-07-04,472,100,115
2013-07-04,473,105,120
2013-07-04,476,,
2013-07-04,477,,
2013-07-04,485,40,45
2013-07-04,486,45,50
2013-07-04,487,240,242
2013-07-04,488,247,249
2013-07-04,489,405,425
2013-07-04,490,365,385
2013-07-04,491,,
2013-07-04,492,285,305
2013-07-04,493,310,330
2013-07-04,494,197,207
2013-07-04,495,120,125
2013-07-04,497,80,90
2013-07-04,498,186,190
2013-07-04,499,209,214
2013-07-11,11,527,536
2013-07-11,13,310,312
2013-07-11,14,517,527
2013-07-11,16,,
2013-07-11,24,407,413
2013-07-11,30,1520,1540
2013-07-11,33,1645,1650
2013-07-11,52,222,226
2013-07-11,58,,
2013-07-11,62,,
2013-07-11,76,266,267
2013-07-11,79,,
2013-07-11,83,,
2013-07-11,85,,
2013-07-11,86,250,255
2013-07-11,87,151,152
2013-07-11,88,215,218
2013-07-11,89,155,156
2013-07-11,91,200,203
2013-07-11,93,158,160
2013-07-11,95,,
2013-07-11,96,191,192
2013-07-11,97,,
2013-07-11,98,195,196
2013-07-11,100,233,238
2013-07-11,102,149,150
2013-07-11,103,183,186
2013-07-11,104,159,160
2013-07-11,106,188,190
2013-07-11,108,280,282
2013-07-11,109,,
2013-07-11,111,489,492
2013-07-11,112,,
2013-07-11,119,557,558
2013-07-11,120,555,556
2013-07-11,121,481,483
2013-07-11,122,478,480
2013-07-11,123,621,623
2013-07-11,124,618,620
2013-07-11,143,286,288
2013-07-11,144,,
2013-07-11,145,243,245
2013-07-11,179,473,474
2013-07-11,180,471,472
2013-07-11,184,,
2013-07-11,185,235,240
2013-07-11,186,200,205
2013-07-11,187,140,142
2013-07-11,188,125,127
2013-07-11,223,187,188
2013-07-11,248,270,290
2013-07-11,249,370,390
2013-07-11,250,245,260
2013-07-11,251,355,365
2013-07-11,253,400,410
2013-07-11,254,,
2013-07-11,255,222,232
2013-07-11,256,219,224
2013-07-11,258,443,452
2013-07-11,259,423,432
2013-07-11,260,414,422
2013-07-11,265,473,484
2013-07-11,277,,
2013-07-11,300,,
2013-07-11,315,,
2013-07-11,316,,
2013-07-11,317,,
2013-07-11,318,,
2013-07-11,319,,
2013-07-11,320,,
2013-07-11,321,,
2013-07-11,348,196,200
2013-07-11,367,880,980
2013-07-11,368,820,920
2013-07-11,369,610,710
2013-07-11,370,590,690
2013-07-11,371,640,740
2013-07-11,372,580,680
2013-07-11,373,730,830
2013-07-11,374,310,320
2013-07-11,375,295,310
2013-07-11,376,205,220
2013-07-11,377,203,205
2013-07-11,378,182,185
2013-07-11,391,,
2013-07-11,392,,
2013-07-11,393,,
2013-07-11,394,,
2013-07-11,395,489,499
2013-07-11,396,,
2013-07-11,397,485,487
2013-07-11,398,317,322
2013-07-11,399,295,300
2013-07-11,434,135,145
2013-07-11,440,213,215
2013-07-11,472,100,115
2013-07-11,473,105,120
2013-07-11,476,,
2013-07-11,477,,
2013-07-11,485,40,45
2013-07-11,486,45,50
2013-07-11,487,235,237
2013-07-11,488,242,244
2013-07-11,489,415,435
2013-07-11,490,365,385
2013-07-11,491,,
2013-07-11,492,290,310
2013-07-11,493,315,335
2013-07-11,494,190,200
2013-07-11,495,130,135
2013-07-11,497,80,90
2013-07-11,498,186,190
2013-07-11,499,206,211
2013-07-11,500,222,225
2013-07-11,501,215,220
2013-07-11,502,200,205
2013-07-11,503,,
2013-07-11,504,280,284
2013-07-11,505,,
2013-07-11,506,,
2013-07-11,507,292,294
2013-07-11,508,,
2013-07-11,509,,
2013-07-18,11,522,531
2013-07-18,13,310,312
2013-07-18,14,512,522
2013-07-18,16,,
2013-07-18,24,402,408
2013-07-18,30,1500,1520
2013-07-18,33,1635,1640
2013-07-18,52,216,220
2013-07-18,58,,
2013-07-18,62,168,172
2013-07-18,76,266,267
2013-07-18,79,,
2013-07-18,83,,
2013-07-18,85,,
2013-07-18,86,250,255
2013-07-18,87,151,152
2013-07-18,88,215,218
2013-07-18,89,155,156
2013-07-18,91,200,203
2013-07-18,93,158,160
2013-07-18,95,,
2013-07-18,96,191,192
2013-07-18,97,,
2013-07-18,98,195,196
2013-07-18,100,233,238
2013-07-18,102,149,150
2013-07-18,103,183,186
2013-07-18,104,159,160
2013-07-18,106,188,190
2013-07-18,108,270,272
2013-07-18,109,,
2013-07-18,111,489,492
2013-07-18,112,,
2013-07-18,119,557,558
2013-07-18,120,555,556
2013-07-18,121,474,476
2013-07-18,122,471,473
2013-07-18,123,621,623
2013-07-18,124,618,620
2013-07-18,143,280,282
2013-07-18,144,,
2013-07-18,145,241,243
2013-07-18,179,466,467
2013-07-18,180,464,465
2013-07-18,184,,
2013-07-18,185,235,240
2013-07-18,186,200,205
2013-07-18,187,140,142
2013-07-18,188,125,127
2013-07-18,223,187,188
2013-07-18,248,275,290
2013-07-18,249,375,390
2013-07-18,250,245,260
2013-07-18,251,355,365
2013-07-18,253,400,410
2013-07-18,254,,
2013-07-18,255,222,232
2013-07-18,256,219,224
2013-07-18,258,438,447
2013-07-18,259,418,427
2013-07-18,260,409,417
2013-07-18,265,468,479
2013-07-18,277,,
2013-07-18,300,,
2013-07-18,315,,
2013-07-18,317,,
2013-07-18,318,,
2013-07-18,319,,
2013-07-18,320,,
2013-07-18,321,,
2013-07-18,348,196,200
2013-07-18,367,880,980
2013-07-18,368,820,920
2013-07-18,369,610,710
2013-07-18,370,590,690
2013-07-18,371,640,740
2013-07-18,372,580,680
2013-07-18,373,730,830
2013-07-18,374,310,320
2013-07-18,375,295,310
2013-07-18,376,205,220
2013-07-18,377,203,205
2013-07-18,378,182,185
2013-07-18,391,,
2013-07-18,392,,
2013-07-18,393,,
2013-07-18,394,,
2013-07-18,395,484,494
2013-07-18,396,,
2013-07-18,397,485,487
2013-07-18,398,317,322
2013-07-18,399,280,285
2013-07-18,420,80,90
2013-07-18,440,211,213
2013-07-18,487,232,234
2013-07-18,488,238,240
2013-07-18,489,415,435
2013-07-18,490,365,385
2013-07-18,491,,
2013-07-18,492,290,310
2013-07-18,493,315,335
2013-07-18,494,185,195
2013-07-18,498,186,190
2013-07-18,502,197,202
2013-07-18,503,,
2013-07-18,504,280,284
2013-07-18,505,270,274
2013-07-18,506,,
2013-07-18,507,292,294
2013-07-18,508,282,284
2013-07-18,509,,
2013-07-18,510,220,224
2013-07-18,511,212,217
2013-07-18,512,,
2013-07-18,513,204,209
2013-07-18,514,135,140
2013-07-18,515,140,150
2013-07-18,516,100,115
2013-07-18,517,105,120
2013-07-18,518,,
2013-07-18,519,,
2013-07-18,520,,
2013-07-18,521,200,204
2013-07-18,522,40,45
2013-07-18,523,45,50
2013-07-25,11,517,526
2013-07-25,13,308,310
2013-07-25,14,507,517
2013-07-25,16,,
2013-07-25,24,402,408
2013-07-25,30,1490,1510
2013-07-25,33,1625,1630
2013-07-25,52,208,212
2013-07-25,58,,
2013-07-25,62,166,170
2013-07-25,76,261,262
2013-07-25,79,,
2013-07-25,83,,
2013-07-25,85,,
2013-07-25,86,255,260
2013-07-25,87,151,152
2013-07-25,88,220,223
2013-07-25,89,155,156
2013-07-25,91,194,197
2013-07-25,93,160,162
2013-07-25,95,,
2013-07-25,96,191,192
2013-07-25,97,,
2013-07-25,98,195,196
2013-07-25,100,227,232
2013-07-25,102,149,150
2013-07-25,103,183,186
2013-07-25,104,161,162
2013-07-25,106,173,175
2013-07-25,108,255,257
2013-07-25,109,,
2013-07-25,111,482,485
2013-07-25,112,,
2013-07-25,119,539,540
2013-07-25,120,537,538
2013-07-25,121,449,451
2013-07-25,122,446,448
2013-07-25,123,608,610
2013-07-25,124,605,607
2013-07-25,143,272,274
2013-07-25,144,,
2013-07-25,145,241,243
2013-07-25,179,441,442
2013-07-25,180,439,440
2013-07-25,184,,
2013-07-25,185,240,245
2013-07-25,186,205,210
2013-07-25,187,140,142
2013-07-25,188,125,127
2013-07-25,223,187,188
2013-07-25,248,275,290
2013-07-25,249,381,396
2013-07-25,250,245,260
2013-07-25,251,355,365
2013-07-25,253,404,414
2013-07-25,254,,
2013-07-25,255,222,232
2013-07-25,256,219,224
2013-07-25,258,433,442
2013-07-25,259,413,422
2013-07-25,260,404,412
2013-07-25,265,468,479
2013-07-25,277,380,390
2013-07-25,300,,
2013-07-25,315,,
2013-07-25,317,,
2013-07-25,318,,
2013-07-25,319,,
2013-07-25,320,,
2013-07-25,321,,
2013-07-25,348,196,200
2013-07-25,367,880,980
2013-07-25,368,820,920
2013-07-25,369,610,710
2013-07-25,370,590,690
2013-07-25,371,640,740
2013-07-25,372,580,680
2013-07-25,373,730,830
2013-07-25,374,310,320
2013-07-25,375,295,310
2013-07-25,376,205,220
2013-07-25,377,203,205
2013-07-25,378,182,185
2013-07-25,391,,
2013-07-25,392,,
2013-07-25,393,,
2013-07-25,394,,
2013-07-25,395,479,489
2013-07-25,396,,
2013-07-25,397,470,472
2013-07-25,398,312,317
2013-07-25,399,275,280
2013-07-25,420,80,90
2013-07-25,440,211,213
2013-07-25,487,228,230
2013-07-25,488,234,236
2013-07-25,489,415,435
2013-07-25,490,365,385
2013-07-25,491,,
2013-07-25,492,,
2013-07-25,493,315,335
2013-07-25,494,180,190
2013-07-25,498,186,190
2013-07-25,502,190,195
2013-07-25,503,,
2013-07-25,504,285,289
2013-07-25,505,275,279
2013-07-25,506,,
2013-07-25,507,297,299
2013-07-25,508,287,289
2013-07-25,509,,
2013-07-25,510,220,224
2013-07-25,511,211,216
2013-07-25,512,,
2013-07-25,513,200,205
2013-07-25,514,135,140
2013-07-25,515,140,150
2013-07-25,516,100,115
2013-07-25,517,105,120
2013-07-25,518,,
2013-07-25,519,,
2013-07-25,520,,
2013-07-25,521,196,200
2013-07-25,522,40,45
2013-07-25,523,45,50
2013-08-01,11,517,526
2013-08-01,13,308,310
2013-08-01,14,507,517
2013-08-01,16,,
2013-08-01,24,402,408
2013-08-01,30,1480,1500
2013-08-01,33,1615,1620
2013-08-01,52,207,211
2013-08-01,58,,
2013-08-01,62,166,170
2013-08-01,76,261,262
2013-08-01,79,,
2013-08-01,83,,
2013-08-01,85,,
2013-08-01,86,255,260
2013-08-01,87,151,152
2013-08-01,88,220,223
2013-08-01,89,155,156
2013-08-01,91,191,194
2013-08-01,93,162,164
2013-08-01,95,,
2013-08-01,96,191,192
2013-08-01,97,,
2013-08-01,98,195,196
2013-08-01,100,224,229
2013-08-01,102,149,150
2013-08-01,103,183,186
2013-08-01,104,163,164
2013-08-01,106,168,170
2013-08-01,108,251,253
2013-08-01,109,,
2013-08-01,111,462,465
2013-08-01,112,,
2013-08-01,119,524,525
2013-08-01,120,522,523
2013-08-01,121,439,441
2013-08-01,122,436,438
2013-08-01,123,593,595
2013-08-01,124,590,592
2013-08-01,143,271,273
2013-08-01,144,,
2013-08-01,145,241,243
2013-08-01,179,431,432
2013-08-01,180,429,430
2013-08-01,184,,
2013-08-01,185,240,245
2013-08-01,186,205,210
2013-08-01,187,135,137
2013-08-01,188,125,127
2013-08-01,223,187,188
2013-08-01,248,275,290
2013-08-01,249,381,396
2013-08-01,250,245,260
2013-08-01,251,355,365
2013-08-01,253,404,414
2013-08-01,254,,
2013-08-01,255,222,232
2013-08-01,256,219,224
2013-08-01,258,433,442
2013-08-01,259,413,422
2013-08-01,260,404,412
2013-08-01,265,468,479
2013-08-01,277,380,390
2013-08-01,300,,
2013-08-01,315,,
2013-08-01,317,,
2013-08-01,318,,
2013-08-01,319,,
2013-08-01,320,,
2013-08-01,321,,
2013-08-01,348,196,200
2013-08-01,367,880,980
2013-08-01,368,820,920
2013-08-01,369,610,710
2013-08-01,370,590,690
2013-08-01,371,640,740
2013-08-01,372,580,680
2013-08-01,373,730,830
2013-08-01,374,310,320
2013-08-01,375,295,310
2013-08-01,376,205,220
2013-08-01,377,193,195
2013-08-01,378,172,175
2013-08-01,391,,
2013-08-01,392,,
2013-08-01,393,,
2013-08-01,394,,
2013-08-01,395,479,489
2013-08-01,396,,
2013-08-01,397,455,457
2013-08-01,398,302,307
2013-08-01,399,255,260
2013-08-01,420,80,90
2013-08-01,440,211,213
2013-08-01,487,228,230
2013-08-01,488,233,235
2013-08-01,489,415,435
2013-08-01,490,365,385
2013-08-01,491,,
2013-08-01,492,,
2013-08-01,493,315,335
2013-08-01,494,175,185
2013-08-01,498,186,190
2013-08-01,502,190,195
2013-08-01,503,,
2013-08-01,504,283,288
2013-08-01,505,271,275
2013-08-01,506,,
2013-08-01,507,292,294
2013-08-01,508,282,284
2013-08-01,509,238,242
2013-08-01,510,220,224
2013-08-01,511,211,216
2013-08-01,512,,
2013-08-01,513,200,205
2013-08-01,514,135,140
2013-08-01,515,140,150
2013-08-01,516,100,115
2013-08-01,517,105,120
2013-08-01,520,,
2013-08-01,521,196,200
2013-08-01,522,40,45
2013-08-01,523,45,50
2013-08-01,524,145,150
2013-08-01,525,150,160
2013-08-22,11,512,521
2013-08-22,13,306,308
2013-08-22,14,502,512
2013-08-22,16,,
2013-08-22,24,402,408
2013-08-22,30,1470,1490
2013-08-22,33,1605,1610
2013-08-22,52,205,209
2013-08-22,58,,
2013-08-22,62,164,168
2013-08-22,76,251,252
2013-08-22,79,,
2013-08-22,83,,
2013-08-22,85,,
2013-08-22,86,260,265
2013-08-22,87,151,152
2013-08-22,88,220,223
2013-08-22,89,155,156
2013-08-22,91,191,194
2013-08-22,93,154,156
2013-08-22,95,,
2013-08-22,96,191,192
2013-08-22,97,,
2013-08-22,98,195,196
2013-08-22,100,224,229
2013-08-22,102,149,150
2013-08-22,103,183,186
2013-08-22,104,155,156
2013-08-22,106,168,170
2013-08-22,108,238,240
2013-08-22,109,,
2013-08-22,111,459,462
2013-08-22,112,,
2013-08-22,119,529,530
2013-08-22,120,527,528
2013-08-22,121,444,446
2013-08-22,122,441,443
2013-08-22,123,588,590
2013-08-22,124,585,587
2013-08-22,143,269,271
2013-08-22,144,,
2013-08-22,145,238,240
2013-08-22,179,436,437
2013-08-22,180,434,435
2013-08-22,184,,
2013-08-22,185,240,245
2013-08-22,186,205,210
2013-08-22,187,135,137
2013-08-22,188,125,127
2013-08-22,223,187,188
2013-08-22,248,275,290
2013-08-22,249,381,396
2013-08-22,250,245,260
2013-08-22,251,355,365
2013-08-22,253,410,420
2013-08-22,254,,
2013-08-22,255,222,232
2013-08-22,256,219,224
2013-08-22,258,428,437
2013-08-22,259,408,417
2013-08-22,260,399,407
2013-08-22,265,468,479
2013-08-22,277,380,390
2013-08-22,300,,
2013-08-22,315,,
2013-08-22,317,,
2013-08-22,318,,
2013-08-22,319,,
2013-08-22,320,,
2013-08-22,321,,
2013-08-22,348,199,203
2013-08-22,367,880,980
2013-08-22,368,820,920
2013-08-22,369,610,710
2013-08-22,370,590,690
2013-08-22,371,640,740
2013-08-22,372,580,680
2013-08-22,373,730,830
2013-08-22,374,310,320
2013-08-22,375,295,310
2013-08-22,376,205,220
2013-08-22,377,193,195
2013-08-22,378,172,175
2013-08-22,391,,
2013-08-22,392,510,515
2013-08-22,393,,
2013-08-22,394,,
2013-08-22,395,474,484
2013-08-22,396,,
2013-08-22,397,452,454
2013-08-22,398,292,297
2013-08-22,399,240,245
2013-08-22,436,155,165
2013-08-22,437,80,90
2013-08-22,440,214,216
2013-08-22,472,115,130
2013-08-22,473,120,135
2013-08-22,474,150,155
2013-08-22,475,155,165
2013-08-22,485,40,45
2013-08-22,486,50,55
2013-08-22,487,228,230
2013-08-22,488,231,233
2013-08-22,489,415,435
2013-08-22,490,365,385
2013-08-22,491,,
2013-08-22,492,,
2013-08-22,493,315,335
2013-08-22,494,175,185
2013-08-22,498,189,193
2013-08-22,502,190,195
2013-08-22,503,,
2013-08-22,506,,
2013-08-22,509,235,239
2013-08-22,510,220,224
2013-08-22,511,209,214
2013-08-22,513,199,204
2013-08-22,521,194,198
2013-08-22,526,150,155
2013-08-22,527,120,130
2013-08-22,528,279,284
2013-08-22,529,267,271
2013-08-22,530,289,291
2013-08-22,531,279,281
2013-08-29,11,512,521
2013-08-29,13,302,304
2013-08-29,14,502,512
2013-08-29,16,,
2013-08-29,24,402,408
2013-08-29,30,1470,1490
2013-08-29,33,1605,1610
2013-08-29,52,202,206
2013-08-29,58,,
2013-08-29,62,164,168
2013-08-29,76,251,252
2013-08-29,79,,
2013-08-29,83,,
2013-08-29,85,265,270
2013-08-29,86,260,265
2013-08-29,87,141,142
2013-08-29,88,220,223
2013-08-29,89,150,151
2013-08-29,91,191,194
2013-08-29,93,138,140
2013-08-29,95,,
2013-08-29,96,181,182
2013-08-29,97,,
2013-08-29,98,190,191
2013-08-29,100,224,229
2013-08-29,102,139,140
2013-08-29,103,183,186
2013-08-29,104,139,140
2013-08-29,106,165,167
2013-08-29,108,228,230
2013-08-29,109,,
2013-08-29,111,489,492
2013-08-29,112,,
2013-08-29,119,564,565
2013-08-29,120,562,563
2013-08-29,121,484,486
2013-08-29,122,481,483
2013-08-29,123,618,620
2013-08-29,124,615,617
2013-08-29,143,266,268
2013-08-29,144,,
2013-08-29,145,241,243
2013-08-29,179,476,477
2013-08-29,180,474,475
2013-08-29,184,250,255
2013-08-29,185,240,245
2013-08-29,186,205,210
2013-08-29,187,135,137
2013-08-29,188,125,127
2013-08-29,223,187,188
2013-08-29,248,275,290
2013-08-29,249,381,396
2013-08-29,250,245,260
2013-08-29,251,355,365
2013-08-29,253,410,420
2013-08-29,254,,
2013-08-29,255,212,222
2013-08-29,256,209,214
2013-08-29,258,428,437
2013-08-29,259,408,417
2013-08-29,260,399,407
2013-08-29,265,468,479
2013-08-29,277,380,390
2013-08-29,300,,
2013-08-29,315,,
2013-08-29,317,,
2013-08-29,318,,
2013-08-29,319,,
2013-08-29,320,,
2013-08-29,321,,
2013-08-29,348,204,208
2013-08-29,367,880,980
2013-08-29,368,820,920
2013-08-29,369,610,710
2013-08-29,370,590,690
2013-08-29,371,640,740
2013-08-29,372,580,680
2013-08-29,373,730,830
2013-08-29,374,310,320
2013-08-29,375,295,310
2013-08-29,376,205,220
2013-08-29,377,190,192
2013-08-29,378,169,172
2013-08-29,391,,
2013-08-29,392,510,515
2013-08-29,393,,
2013-08-29,394,,
2013-08-29,395,474,484
2013-08-29,396,,
2013-08-29,397,482,484
2013-08-29,398,292,297
2013-08-29,399,250,255
2013-08-29,440,219,221
2013-08-29,472,115,130
2013-08-29,473,120,135
2013-08-29,474,150,155
2013-08-29,475,155,165
2013-08-29,485,45,50
2013-08-29,486,55,60
2013-08-29,487,228,230
2013-08-29,488,231,233
2013-08-29,489,415,435
2013-08-29,490,365,385
2013-08-29,491,,
2013-08-29,492,,
2013-08-29,493,,
2013-08-29,494,170,180
2013-08-29,498,194,198
2013-08-29,502,190,195
2013-08-29,503,,
2013-08-29,506,,
2013-08-29,509,233,237
2013-08-29,510,223,227
2013-08-29,511,208,213
2013-08-29,513,199,204
2013-08-29,521,194,198
2013-08-29,528,277,282
2013-08-29,529,265,269
2013-08-29,530,287,289
2013-08-29,531,277,279
2013-08-29,532,150,155
2013-08-29,533,155,165
2013-08-29,534,100,120
2013-08-29,535,130,140
2013-09-05,11,512,521
2013-09-05,13,298,300
2013-09-05,14,502,512
2013-09-05,16,,
2013-09-05,24,402,408
2013-09-05,30,1450,1470
2013-09-05,33,1585,1590
2013-09-05,52,196,200
2013-09-05,58,,
2013-09-05,62,164,168
2013-09-05,76,241,242
2013-09-05,79,178,182
2013-09-05,83,,
2013-09-05,85,265,270
2013-09-05,86,260,265
2013-09-05,87,137,138
2013-09-05,88,220,223
2013-09-05,89,146,147
2013-09-05,91,191,194
2013-09-05,93,138,140
2013-09-05,95,,
2013-09-05,96,177,178
2013-09-05,97,,
2013-09-05,98,186,187
2013-09-05,100,224,229
2013-09-05,102,135,136
2013-09-05,103,183,186
2013-09-05,104,139,140
2013-09-05,106,165,167
2013-09-05,108,228,230
2013-09-05,109,,
2013-09-05,111,489,492
2013-09-05,112,,
2013-09-05,119,544,545
2013-09-05,120,542,543
2013-09-05,121,484,486
2013-09-05,122,481,483
2013-09-05,123,598,600
2013-09-05,124,595,597
2013-09-05,143,260,262
2013-09-05,144,,
2013-09-05,145,241,243
2013-09-05,179,476,477
2013-09-05,180,474,475
2013-09-05,184,250,255
2013-09-05,185,240,245
2013-09-05,186,205,210
2013-09-05,187,135,137
2013-09-05,188,125,127
2013-09-05,223,187,188
2013-09-05,248,275,290
2013-09-05,249,381,396
2013-09-05,250,245,260
2013-09-05,251,355,365
2013-09-05,253,410,420
2013-09-05,254,,
2013-09-05,255,212,222
2013-09-05,256,209,214
2013-09-05,258,428,437
2013-09-05,259,408,417
2013-09-05,260,399,407
2013-09-05,265,468,479
2013-09-05,277,380,390
2013-09-05,300,,
2013-09-05,315,,
2013-09-05,317,,
2013-09-05,318,,
2013-09-05,319,,
2013-09-05,320,,
2013-09-05,321,,
2013-09-05,348,204,208
2013-09-05,367,880,980
2013-09-05,368,820,920
2013-09-05,369,610,710
2013-09-05,370,590,690
2013-09-05,371,640,740
2013-09-05,372,580,680
2013-09-05,373,730,830
2013-09-05,374,320,330
2013-09-05,375,305,320
2013-09-05,376,205,220
2013-09-05,377,190,192
2013-09-05,378,169,172
2013-09-05,391,,
2013-09-05,392,510,515
2013-09-05,393,,
2013-09-05,394,,
2013-09-05,395,474,484
2013-09-05,396,440,450
2013-09-05,397,482,484
2013-09-05,398,287,292
2013-09-05,399,245,250
2013-09-05,440,219,221
2013-09-05,467,145,155
2013-09-05,472,115,130
2013-09-05,473,120,135
2013-09-05,485,45,50
2013-09-05,486,55,60
2013-09-05,487,228,230
2013-09-05,488,,
2013-09-05,489,,
2013-09-05,490,365,385
2013-09-05,491,,
2013-09-05,492,,
2013-09-05,493,,
2013-09-05,494,,
2013-09-05,498,194,198
2013-09-05,502,190,195
2013-09-05,503,,
2013-09-05,506,,
2013-09-05,509,233,237
2013-09-05,510,223,227
2013-09-05,511,208,213
2013-09-05,513,199,204
2013-09-05,521,194,198
2013-09-05,528,277,282
2013-09-05,529,265,269
2013-09-05,530,287,289
2013-09-05,531,277,279
2013-09-05,534,100,120
2013-09-05,535,130,140
2013-09-05,536,150,155
2013-09-05,537,155,165
2013-09-05,538,140,145
2013-09-12,11,507,516
2013-09-12,13,295,297
2013-09-12,14,497,507
2013-09-12,16,,
2013-09-12,24,397,403
2013-09-12,30,1430,1450
2013-09-12,33,1575,1580
2013-09-12,52,189,193
2013-09-12,58,,
2013-09-12,62,169,173
2013-09-12,76,181,182
2013-09-12,79,176,180
2013-09-12,83,,
2013-09-12,85,265,270
2013-09-12,86,260,265
2013-09-12,87,129,130
2013-09-12,88,220,223
2013-09-12,89,138,139
2013-09-12,91,185,188
2013-09-12,93,138,140
2013-09-12,95,,
2013-09-12,96,169,170
2013-09-12,97,,
2013-09-12,98,178,179
2013-09-12,100,218,223
2013-09-12,102,127,128
2013-09-12,103,183,186
2013-09-12,104,139,140
2013-09-12,106,162,164
2013-09-12,108,228,230
2013-09-12,109,,
2013-09-12,111,479,482
2013-09-12,112,,
2013-09-12,119,514,515
2013-09-12,120,512,513
2013-09-12,121,484,486
2013-09-12,122,481,483
2013-09-12,123,568,570
2013-09-12,124,565,567
2013-09-12,143,253,255
2013-09-12,144,,
2013-09-12,145,241,243
2013-09-12,179,476,477
2013-09-12,180,474,475
2013-09-12,184,250,255
2013-09-12,185,240,245
2013-09-12,186,205,210
2013-09-12,187,135,137
2013-09-12,188,125,127
2013-09-12,223,187,188
2013-09-12,248,275,290
2013-09-12,249,393,408
2013-09-12,250,245,260
2013-09-12,251,,
2013-09-12,253,410,420
2013-09-12,254,,
2013-09-12,255,204,214
2013-09-12,256,201,206
2013-09-12,258,423,432
2013-09-12,259,403,412
2013-09-12,260,394,402
2013-09-12,265,463,474
2013-09-12,277,390,400
2013-09-12,300,,
2013-09-12,315,,
2013-09-12,317,,
2013-09-12,318,,
2013-09-12,319,,
2013-09-12,320,,
2013-09-12,321,,
2013-09-12,348,204,208
2013-09-12,367,880,980
2013-09-12,368,820,920
2013-09-12,369,610,710
2013-09-12,370,590,690
2013-09-12,371,640,740
2013-09-12,372,580,680
2013-09-12,373,730,830
2013-09-12,374,320,330
2013-09-12,375,305,320
2013-09-12,376,205,220
2013-09-12,377,190,192
2013-09-12,378,169,172
2013-09-12,391,,
2013-09-12,392,510,515
2013-09-12,393,,
2013-09-12,394,,
2013-09-12,395,469,479
2013-09-12,396,440,450
2013-09-12,397,474,476
2013-09-12,398,272,277
2013-09-12,399,245,250
2013-09-12,440,219,221
2013-09-12,467,150,160
2013-09-12,472,125,140
2013-09-12,473,130,145
2013-09-12,485,45,50
2013-09-12,486,55,65
2013-09-12,487,228,230
2013-09-12,488,,
2013-09-12,489,,
2013-09-12,490,365,385
2013-09-12,491,,
2013-09-12,492,,
2013-09-12,493,,
2013-09-12,494,,
2013-09-12,498,194,198
2013-09-12,502,190,195
2013-09-12,503,,
2013-09-12,506,,
2013-09-12,509,233,237
2013-09-12,510,226,230
2013-09-12,511,208,213
2013-09-12,513,199,204
2013-09-12,521,194,198
2013-09-12,528,277,282
2013-09-12,529,260,264
2013-09-12,530,287,289
2013-09-12,531,272,274
2013-09-12,534,100,120
2013-09-12,535,130,140
2013-09-12,536,155,160
2013-09-12,537,160,170
2013-09-12,538,145,150
2013-09-19,11,507,516
2013-09-19,13,290,292
2013-09-19,14,497,507
2013-09-19,16,,
2013-09-19,24,397,403
2013-09-19,30,1400,1420
2013-09-19,33,1555,1560
2013-09-19,52,177,181
2013-09-19,58,,
2013-09-19,62,169,173
2013-09-19,76,166,167
2013-09-19,79,174,178
2013-09-19,83,,
2013-09-19,85,265,270
2013-09-19,86,260,265
2013-09-19,87,124,125
2013-09-19,88,220,223
2013-09-19,89,133,134
2013-09-19,91,180,183
2013-09-19,93,133,135
2013-09-19,95,,
2013-09-19,96,164,165
2013-09-19,97,,
2013-09-19,98,173,174
2013-09-19,100,213,218
2013-09-19,102,122,123
2013-09-19,103,183,186
2013-09-19,104,134,135
2013-09-19,106,152,154
2013-09-19,108,228,230
2013-09-19,109,,
2013-09-19,111,469,472
2013-09-19,112,,
2013-09-19,119,509,510
2013-09-19,120,507,508
2013-09-19,121,477,479
2013-09-19,122,474,476
2013-09-19,123,558,560
2013-09-19,124,555,557
2013-09-19,143,241,243
2013-09-19,144,,
2013-09-19,145,238,240
2013-09-19,179,471,472
2013-09-19,180,469,470
2013-09-19,184,250,255
2013-09-19,185,240,245
2013-09-19,186,205,210
2013-09-19,187,135,137
2013-09-19,188,125,127
2013-09-19,223,187,188
2013-09-19,248,275,290
2013-09-19,249,393,408
2013-09-19,250,243,258
2013-09-19,251,,
2013-09-19,253,410,420
2013-09-19,254,,
2013-09-19,255,199,209
2013-09-19,256,196,201
2013-09-19,258,423,432
2013-09-19,259,403,412
2013-09-19,260,394,402
2013-09-19,265,463,474
2013-09-19,277,390,400
2013-09-19,300,,
2013-09-19,315,,
2013-09-19,317,,
2013-09-19,318,,
2013-09-19,319,,
2013-09-19,320,,
2013-09-19,321,,
2013-09-19,348,204,208
2013-09-19,367,880,980
2013-09-19,368,820,920
2013-09-19,369,610,710
2013-09-19,370,590,690
2013-09-19,371,640,740
2013-09-19,372,580,680
2013-09-19,373,730,830
2013-09-19,374,325,335
2013-09-19,375,310,325
2013-09-19,376,210,225
2013-09-19,377,185,187
2013-09-19,378,164,167
2013-09-19,391,,
2013-09-19,392,510,515
2013-09-19,393,,
2013-09-19,394,,
2013-09-19,395,469,479
2013-09-19,396,440,450
2013-09-19,397,464,466
2013-09-19,398,257,262
2013-09-19,399,245,250
2013-09-19,440,219,221
2013-09-19,467,150,160
2013-09-19,472,125,140
2013-09-19,473,130,145
2013-09-19,485,48,53
2013-09-19,486,58,68
2013-09-19,487,223,225
2013-09-19,488,,
2013-09-19,489,,
2013-09-19,490,365,385
2013-09-19,491,,
2013-09-19,492,,
2013-09-19,493,,
2013-09-19,494,,
2013-09-19,498,194,198
2013-09-19,502,190,195
2013-09-19,503,,
2013-09-19,506,,
2013-09-19,509,224,228
2013-09-19,510,226,230
2013-09-19,511,206,211
2013-09-19,513,198,203
2013-09-19,521,194,198
2013-09-19,528,272,277
2013-09-19,529,255,259
2013-09-19,530,278,280
2013-09-19,531,263,265
2013-09-19,534,100,120
2013-09-19,535,130,140
2013-09-19,536,160,165
2013-09-19,537,165,175
2013-09-19,538,145,150
2013-09-26,11,502,511
2013-09-26,13,288,290
2013-09-26,14,492,502
2013-09-26,16,,
2013-09-26,24,392,398
2013-09-26,30,1380,1400
2013-09-26,33,1535,1540
2013-09-26,52,172,176
2013-09-26,58,,
2013-09-26,62,169,173
2013-09-26,76,166,167
2013-09-26,79,171,175
2013-09-26,83,,
2013-09-26,85,265,270
2013-09-26,86,260,265
2013-09-26,87,119,120
2013-09-26,88,220,223
2013-09-26,89,125,126
2013-09-26,91,172,175
2013-09-26,93,130,132
2013-09-26,95,,
2013-09-26,96,159,160
2013-09-26,97,,
2013-09-26,98,165,166
2013-09-26,100,205,210
2013-09-26,102,117,118
2013-09-26,103,183,186
2013-09-26,104,131,132
2013-09-26,106,143,145
2013-09-26,108,228,230
2013-09-26,109,,
2013-09-26,111,439,442
2013-09-26,112,,
2013-09-26,119,499,500
2013-09-26,120,497,498
2013-09-26,121,474,476
2013-09-26,122,471,473
2013-09-26,123,553,555
2013-09-26,124,550,552
2013-09-26,143,236,238
2013-09-26,144,,
2013-09-26,145,238,240
2013-09-26,179,468,469
2013-09-26,180,466,467
2013-09-26,184,250,255
2013-09-26,185,240,245
2013-09-26,186,205,210
2013-09-26,187,135,137
2013-09-26,188,125,127
2013-09-26,223,187,188
2013-09-26,248,275,290
2013-09-26,249,393,408
2013-09-26,250,240,255
2013-09-26,251,265,275
2013-09-26,253,410,420
2013-09-26,254,,
2013-09-26,255,194,204
2013-09-26,256,191,196
2013-09-26,258,418,427
2013-09-26,259,398,407
2013-09-26,260,389,397
2013-09-26,265,458,469
2013-09-26,277,390,400
2013-09-26,300,,
2013-09-26,315,,
2013-09-26,317,,
2013-09-26,318,,
2013-09-26,319,,
2013-09-26,320,,
2013-09-26,321,,
2013-09-26,348,201,205
2013-09-26,367,880,980
2013-09-26,368,820,920
2013-09-26,369,610,710
2013-09-26,370,590,690
2013-09-26,371,640,740
2013-09-26,372,580,680
2013-09-26,373,730,830
2013-09-26,374,325,335
2013-09-26,375,310,325
2013-09-26,376,210,225
2013-09-26,377,185,187
2013-09-26,378,164,167
2013-09-26,391,,
2013-09-26,392,510,515
2013-09-26,393,,
2013-09-26,394,,
2013-09-26,395,464,474
2013-09-26,396,440,450
2013-09-26,397,,
2013-09-26,398,252,257
2013-09-26,399,245,250
2013-09-26,440,214,216
2013-09-26,467,170,180
2013-09-26,472,125,140
2013-09-26,473,130,145
2013-09-26,485,50,55
2013-09-26,486,60,70
2013-09-26,487,213,215
2013-09-26,488,,
2013-09-26,489,,
2013-09-26,490,,
2013-09-26,491,,
2013-09-26,492,,
2013-09-26,493,,
2013-09-26,494,,
2013-09-26,498,191,195
2013-09-26,502,188,193
2013-09-26,503,,
2013-09-26,506,,
2013-09-26,509,219,223
2013-09-26,510,226,230
2013-09-26,511,205,210
2013-09-26,513,195,200
2013-09-26,521,192,196
2013-09-26,528,267,272
2013-09-26,529,245,249
2013-09-26,530,273,275
2013-09-26,531,253,255
2013-09-26,534,100,120
2013-09-26,535,130,140
2013-09-26,536,165,170
2013-09-26,537,170,180
2013-09-26,538,165,170
2013-10-03,11,502,511
2013-10-03,13,288,290
2013-10-03,14,492,502
2013-10-03,16,,
2013-10-03,24,387,393
2013-10-03,30,1370,1390
2013-10-03,33,1535,1540
2013-10-03,52,174,178
2013-10-03,58,,
2013-10-03,62,169,173
2013-10-03,76,166,167
2013-10-03,79,171,175
2013-10-03,83,,
2013-10-03,85,265,270
2013-10-03,86,260,265
2013-10-03,87,114,115
2013-10-03,88,220,223
2013-10-03,89,120,121
2013-10-03,91,164,167
2013-10-03,93,125,127
2013-10-03,95,,
2013-10-03,96,154,155
2013-10-03,97,,
2013-10-03,98,160,161
2013-10-03,100,197,202
2013-10-03,102,112,113
2013-10-03,103,183,186
2013-10-03,104,126,127
2013-10-03,106,133,135
2013-10-03,108,228,230
2013-10-03,109,405,415
2013-10-03,111,439,442
2013-10-03,112,280,290
2013-10-03,119,494,495
2013-10-03,120,492,493
2013-10-03,121,494,496
2013-10-03,122,491,493
2013-10-03,123,538,540
2013-10-03,124,535,537
2013-10-03,143,238,240
2013-10-03,144,,
2013-10-03,145,235,237
2013-10-03,179,483,484
2013-10-03,180,481,482
2013-10-03,184,250,255
2013-10-03,185,240,245
2013-10-03,186,205,210
2013-10-03,187,135,137
2013-10-03,188,125,127
2013-10-03,223,187,188
2013-10-03,248,275,290
2013-10-03,249,393,408
2013-10-03,250,240,255
2013-10-03,251,265,275
2013-10-03,253,410,420
2013-10-03,254,,
2013-10-03,255,189,199
2013-10-03,256,186,191
2013-10-03,258,418,427
2013-10-03,259,398,407
2013-10-03,260,389,397
2013-10-03,265,453,464
2013-10-03,277,390,400
2013-10-03,300,,
2013-10-03,348,201,205
2013-10-03,367,880,980
2013-10-03,368,820,920
2013-10-03,369,610,710
2013-10-03,370,590,690
2013-10-03,371,640,740
2013-10-03,372,580,680
2013-10-03,373,730,830
2013-10-03,374,335,345
2013-10-03,375,320,335
2013-10-03,376,215,230
2013-10-03,377,180,182
2013-10-03,378,159,162
2013-10-03,391,,
2013-10-03,392,510,515
2013-10-03,393,,
2013-10-03,394,,
2013-10-03,395,464,474
2013-10-03,396,440,450
2013-10-03,397,,
2013-10-03,398,265,270
2013-10-03,399,245,250
2013-10-03,440,214,216
2013-10-03,472,125,140
2013-10-03,473,130,145
2013-10-03,485,50,55
2013-10-03,486,60,70
2013-10-03,487,213,215
2013-10-03,488,,
2013-10-03,489,,
2013-10-03,490,,
2013-10-03,491,,
2013-10-03,492,,
2013-10-03,493,,
2013-10-03,494,,
2013-10-03,498,191,195
2013-10-03,534,100,120
2013-10-03,535,130,140
2013-10-03,536,165,170
2013-10-03,537,170,180
2013-10-03,539,226,230
2013-10-03,540,205,210
2013-10-03,541,195,200
2013-10-03,542,188,193
2013-10-03,543,,
2013-10-03,544,165,170
2013-10-03,545,170,180
2013-10-03,546,,
2013-10-03,547,192,196
2013-10-03,548,,
2013-10-03,549,,
2013-10-03,550,,
2013-10-03,551,,
2013-10-03,552,,
2013-10-03,553,259,264
2013-10-03,554,237,241
2013-10-03,555,,
2013-10-03,556,265,267
2013-10-03,557,245,247
2013-10-03,558,211,215
2013-10-10,11,502,511
2013-10-10,13,293,295
2013-10-10,14,492,502
2013-10-10,16,,
2013-10-10,24,387,393
2013-10-10,30,1350,1370
2013-10-10,33,1515,1520
2013-10-10,52,182,186
2013-10-10,58,,
2013-10-10,62,169,173
2013-10-10,76,166,167
2013-10-10,79,174,178
2013-10-10,83,,
2013-10-10,85,265,270
2013-10-10,86,260,265
2013-10-10,87,114,115
2013-10-10,88,220,223
2013-10-10,89,120,121
2013-10-10,91,164,167
2013-10-10,93,125,127
2013-10-10,95,,
2013-10-10,96,154,155
2013-10-10,97,,
2013-10-10,98,160,161
2013-10-10,100,197,202
2013-10-10,102,112,113
2013-10-10,103,183,186
2013-10-10,104,126,127
2013-10-10,106,133,135
2013-10-10,108,228,230
2013-10-10,109,408,415
2013-10-10,111,439,442
2013-10-10,112,280,290
2013-10-10,119,504,505
2013-10-10,120,502,503
2013-10-10,121,509,511
2013-10-10,122,506,508
2013-10-10,123,553,555
2013-10-10,124,550,552
2013-10-10,143,246,248
2013-10-10,144,,
2013-10-10,145,235,237
2013-10-10,179,491,492
2013-10-10,180,489,490
2013-10-10,184,250,255
2013-10-10,185,240,245
2013-10-10,186,205,210
2013-10-10,187,135,137
2013-10-10,188,125,127
2013-10-10,223,187,188
2013-10-10,248,275,290
2013-10-10,249,393,408
2013-10-10,250,240,255
2013-10-10,251,265,275
2013-10-10,253,412,422
2013-10-10,254,,
2013-10-10,255,189,199
2013-10-10,256,186,191
2013-10-10,258,418,427
2013-10-10,259,398,407
2013-10-10,260,389,397
2013-10-10,265,453,464
2013-10-10,277,402,412
2013-10-10,300,,
2013-10-10,348,201,205
2013-10-10,367,880,980
2013-10-10,368,820,920
2013-10-10,369,610,710
2013-10-10,370,590,690
2013-10-10,371,640,740
2013-10-10,372,580,680
2013-10-10,373,730,830
2013-10-10,374,345,355
2013-10-10,375,330,345
2013-10-10,376,215,230
2013-10-10,377,180,182
2013-10-10,378,159,162
2013-10-10,391,,
2013-10-10,392,515,520
2013-10-10,393,,
2013-10-10,394,,
2013-10-10,395,464,474
2013-10-10,396,443,453
2013-10-10,397,,
2013-10-10,398,280,285
2013-10-10,399,245,250
2013-10-10,440,214,216
2013-10-10,472,125,140
2013-10-10,473,130,145
2013-10-10,485,50,55
2013-10-10,486,60,70
2013-10-10,487,213,215
2013-10-10,488,,
2013-10-10,489,,
2013-10-10,490,,
2013-10-10,491,,
2013-10-10,492,,
2013-10-10,493,,
2013-10-10,494,,
2013-10-10,498,191,195
2013-10-10,534,103,123
2013-10-10,535,133,143
2013-10-10,536,170,175
2013-10-10,537,175,185
2013-10-10,539,228,232
2013-10-10,540,205,210
2013-10-10,541,195,200
2013-10-10,542,188,193
2013-10-10,543,,
2013-10-10,544,170,175
2013-10-10,545,175,185
2013-10-10,546,,
2013-10-10,547,194,198
2013-10-10,548,,
2013-10-10,549,,
2013-10-10,550,,
2013-10-10,551,,
2013-10-10,552,,
2013-10-10,553,259,264
2013-10-10,554,237,241
2013-10-10,555,,
2013-10-10,556,265,267
2013-10-10,557,245,247
2013-10-10,558,211,215
2013-10-17,11,502,511
2013-10-17,13,301,303
2013-10-17,14,492,502
2013-10-17,16,,
2013-10-17,24,387,393
2013-10-17,30,1330,1350
2013-10-17,33,1495,1500
2013-10-17,52,187,191
2013-10-17,58,,
2013-10-17,62,169,173
2013-10-17,76,166,167
2013-10-17,79,177,181
2013-10-17,83,,
2013-10-17,85,265,270
2013-10-17,86,260,265
2013-10-17,87,120,121
2013-10-17,88,220,223
2013-10-17,89,126,127
2013-10-17,91,164,167
2013-10-17,93,128,130
2013-10-17,95,,
2013-10-17,96,160,161
2013-10-17,97,,
2013-10-17,98,166,167
2013-10-17,100,197,202
2013-10-17,102,118,119
2013-10-17,103,183,186
2013-10-17,104,129,130
2013-10-17,106,133,135
2013-10-17,108,228,230
2013-10-17,109,415,422
2013-10-17,111,430,433
2013-10-17,112,275,285
2013-10-17,119,499,500
2013-10-17,120,497,498
2013-10-17,121,504,506
2013-10-17,122,501,503
2013-10-17,123,543,545
2013-10-17,124,540,542
2013-10-17,143,251,253
2013-10-17,144,,
2013-10-17,145,235,237
2013-10-17,179,491,492
2013-10-17,180,489,490
2013-10-17,184,250,255
2013-10-17,185,240,245
2013-10-17,186,205,210
2013-10-17,187,135,137
2013-10-17,188,125,127
2013-10-17,223,187,188
2013-10-17,248,278,293
2013-10-17,249,393,408
2013-10-17,250,240,255
2013-10-17,251,265,275
2013-10-17,253,412,422
2013-10-17,254,630,650
2013-10-17,255,195,205
2013-10-17,256,192,197
2013-10-17,258,418,427
2013-10-17,259,398,407
2013-10-17,260,389,397
2013-10-17,265,453,464
2013-10-17,277,402,412
2013-10-17,300,,
2013-10-17,348,201,205
2013-10-17,367,880,980
2013-10-17,368,800,900
2013-10-17,369,600,700
2013-10-17,370,570,670
2013-10-17,371,540,640
2013-10-17,372,560,660
2013-10-17,373,700,800
2013-10-17,374,355,365
2013-10-17,375,340,355
2013-10-17,376,225,240
2013-10-17,377,175,177
2013-10-17,378,154,157
2013-10-17,391,,
2013-10-17,392,515,520
2013-10-17,393,,
2013-10-17,394,,
2013-10-17,395,464,474
2013-10-17,396,443,453
2013-10-17,397,,
2013-10-17,398,280,285
2013-10-17,399,245,250
2013-10-17,440,214,216
2013-10-17,472,125,140
2013-10-17,473,130,145
2013-10-17,485,53,58
2013-10-17,486,63,73
2013-10-17,487,213,215
2013-10-17,488,200,202
2013-10-17,489,460,470
2013-10-17,490,420,430
2013-10-17,491,395,405
2013-10-17,492,280,290
2013-10-17,493,240,250
2013-10-17,494,,
2013-10-17,498,193,195
2013-10-17,534,103,123
2013-10-17,535,138,148
2013-10-17,536,175,180
2013-10-17,537,180,190
2013-10-17,539,233,237
2013-10-17,540,207,212
2013-10-17,541,200,205
2013-10-17,542,193,198
2013-10-17,543,,
2013-10-17,544,175,180
2013-10-17,545,180,190
2013-10-17,546,,
2013-10-17,547,201,205
2013-10-17,548,,
2013-10-17,549,,
2013-10-17,550,,
2013-10-17,551,,
2013-10-17,552,,
2013-10-17,553,259,264
2013-10-17,554,237,241
2013-10-17,555,,
2013-10-17,556,265,267
2013-10-17,557,245,247
2013-10-17,558,211,215
2013-10-24,11,502,511
2013-10-24,13,301,303
2013-10-24,14,492,502
2013-10-24,16,,
2013-10-24,24,387,393
2013-10-24,30,1310,1330
2013-10-24,33,1485,1490
2013-10-24,52,187,191
2013-10-24,58,,
2013-10-24,62,169,173
2013-10-24,76,163,167
2013-10-24,79,177,181
2013-10-24,83,,
2013-10-24,85,270,275
2013-10-24,86,265,270
2013-10-24,87,127,128
2013-10-24,88,220,223
2013-10-24,89,133,134
2013-10-24,91,164,167
2013-10-24,93,132,134
2013-10-24,95,,
2013-10-24,96,167,168
2013-10-24,97,,
2013-10-24,98,173,174
2013-10-24,100,197,202
2013-10-24,102,125,126
2013-10-24,103,181,184
2013-10-24,104,133,134
2013-10-24,106,138,140
2013-10-24,108,228,230
2013-10-24,109,420,427
2013-10-24,111,430,433
2013-10-24,112,275,285
2013-10-24,119,499,500
2013-10-24,120,497,498
2013-10-24,121,494,496
2013-10-24,122,491,493
2013-10-24,123,543,545
2013-10-24,124,540,542
2013-10-24,143,251,253
2013-10-24,144,,
2013-10-24,145,235,237
2013-10-24,179,486,487
2013-10-24,180,484,485
2013-10-24,184,250,255
2013-10-24,185,240,245
2013-10-24,186,205,210
2013-10-24,187,135,137
2013-10-24,188,125,127
2013-10-24,223,185,186
2013-10-24,248,280,295
2013-10-24,249,391,406
2013-10-24,250,240,255
2013-10-24,251,265,275
2013-10-24,253,412,422
2013-10-24,254,630,650
2013-10-24,255,202,212
2013-10-24,256,199,204
2013-10-24,258,418,427
2013-10-24,259,398,407
2013-10-24,260,389,397
2013-10-24,265,453,464
2013-10-24,277,407,417
2013-10-24,300,195,200
2013-10-24,348,201,205
2013-10-24,367,880,980
2013-10-24,368,800,900
2013-10-24,369,600,700
2013-10-24,370,570,670
2013-10-24,371,540,640
2013-10-24,372,560,660
2013-10-24,373,700,800
2013-10-24,374,360,370
2013-10-24,375,345,360
2013-10-24,376,230,245
2013-10-24,377,168,170
2013-10-24,378,147,150
2013-10-24,391,,
2013-10-24,392,515,520
2013-10-24,393,,
2013-10-24,394,,
2013-10-24,395,464,474
2013-10-24,396,443,453
2013-10-24,397,,
2013-10-24,398,273,278
2013-10-24,399,265,270
2013-10-24,440,214,216
2013-10-24,472,125,140
2013-10-24,473,130,145
2013-10-24,485,55,60
2013-10-24,486,65,75
2013-10-24,487,211,213
2013-10-24,488,198,200
2013-10-24,489,460,470
2013-10-24,490,440,450
2013-10-24,491,395,405
2013-10-24,492,280,290
2013-10-24,493,240,250
2013-10-24,494,,
2013-10-24,498,193,195
2013-10-24,534,103,123
2013-10-24,535,138,148
2013-10-24,536,175,180
2013-10-24,537,180,190
2013-10-24,539,236,240
2013-10-24,540,210,215
2013-10-24,541,204,209
2013-10-24,542,197,202
2013-10-24,543,,
2013-10-24,544,175,180
2013-10-24,545,180,190
2013-10-24,546,,
2013-10-24,547,206,210
2013-10-24,548,,
2013-10-24,549,,
2013-10-24,550,,
2013-10-24,551,,
2013-10-24,552,,
2013-10-24,553,259,264
2013-10-24,554,237,241
2013-10-24,555,,
2013-10-24,556,265,267
2013-10-24,557,245,247
2013-10-24,558,211,215
2013-10-31,11,502,511
2013-10-31,13,301,303
2013-10-31,14,492,502
2013-10-31,16,,
2013-10-31,24,387,393
2013-10-31,30,1300,1320
2013-10-31,33,1475,1480
2013-10-31,52,188,192
2013-10-31,58,,
2013-10-31,62,169,173
2013-10-31,76,163,167
2013-10-31,79,182,186
2013-10-31,83,,
2013-10-31,85,270,275
2013-10-31,86,270,275
2013-10-31,87,137,138
2013-10-31,88,220,223
2013-10-31,89,143,144
2013-10-31,91,166,169
2013-10-31,93,140,142
2013-10-31,95,,
2013-10-31,96,177,178
2013-10-31,97,,
2013-10-31,98,183,184
2013-10-31,100,199,204
2013-10-31,102,135,136
2013-10-31,103,181,184
2013-10-31,104,141,142
2013-10-31,106,146,148
2013-10-31,108,228,230
2013-10-31,109,420,427
2013-10-31,111,430,433
2013-10-31,112,275,285
2013-10-31,119,494,495
2013-10-31,120,492,493
2013-10-31,121,494,496
2013-10-31,122,491,493
2013-10-31,123,533,535
2013-10-31,124,530,532
2013-10-31,143,251,253
2013-10-31,144,,
2013-10-31,145,235,237
2013-10-31,179,486,487
2013-10-31,180,484,485
2013-10-31,184,260,265
2013-10-31,185,240,245
2013-10-31,186,205,210
2013-10-31,187,135,137
2013-10-31,188,125,127
2013-10-31,223,185,186
2013-10-31,248,283,298
2013-10-31,249,388,403
2013-10-31,250,240,255
2013-10-31,251,265,275
2013-10-31,253,412,422
2013-10-31,254,630,650
2013-10-31,255,212,222
2013-10-31,256,209,214
2013-10-31,258,418,427
2013-10-31,259,398,407
2013-10-31,260,389,397
2013-10-31,265,453,464
2013-10-31,277,407,417
2013-10-31,300,195,200
2013-10-31,348,201,205
2013-10-31,367,900,1000
2013-10-31,368,850,950
2013-10-31,369,600,700
2013-10-31,370,570,670
2013-10-31,371,540,640
2013-10-31,372,560,660
2013-10-31,373,700,800
2013-10-31,374,365,375
2013-10-31,375,350,365
2013-10-31,376,235,250
2013-10-31,377,166,168
2013-10-31,378,145,148
2013-10-31,391,,
2013-10-31,392,515,520
2013-10-31,393,,
2013-10-31,394,,
2013-10-31,395,464,474
2013-10-31,396,443,453
2013-10-31,397,,
2013-10-31,398,263,268
2013-10-31,399,270,275
2013-10-31,440,214,216
2013-10-31,472,125,140
2013-10-31,473,130,145
2013-10-31,485,55,60
2013-10-31,486,65,75
2013-10-31,487,209,211
2013-10-31,488,198,200
2013-10-31,489,470,480
2013-10-31,490,470,480
2013-10-31,491,420,430
2013-10-31,492,280,290
2013-10-31,493,240,250
2013-10-31,494,,
2013-10-31,498,193,195
2013-10-31,534,103,123
2013-10-31,535,138,148
2013-10-31,536,175,180
2013-10-31,537,180,190
2013-10-31,539,236,240
2013-10-31,540,210,215
2013-10-31,541,206,211
2013-10-31,542,199,204
2013-10-31,543,,
2013-10-31,544,175,180
2013-10-31,545,180,190
2013-10-31,546,,
2013-10-31,547,209,213
2013-10-31,548,,
2013-10-31,549,,
2013-10-31,550,,
2013-10-31,551,,
2013-10-31,552,,
2013-10-31,553,259,264
2013-10-31,554,237,241
2013-10-31,555,,
2013-10-31,556,265,267
2013-10-31,557,245,247
2013-10-31,558,211,215
2013-11-07,11,502,511
2013-11-07,13,301,303
2013-11-07,14,492,502
2013-11-07,16,,
2013-11-07,24,387,393
2013-11-07,30,1290,1310
2013-11-07,33,1465,1470
2013-11-07,52,187,191
2013-11-07,58,,
2013-11-07,62,169,173
2013-11-07,76,163,167
2013-11-07,79,182,186
2013-11-07,83,,
2013-11-07,85,270,275
2013-11-07,86,270,275
2013-11-07,87,145,146
2013-11-07,88,220,223
2013-11-07,89,151,152
2013-11-07,91,168,171
2013-11-07,93,146,148
2013-11-07,95,,
2013-11-07,96,185,186
2013-11-07,97,,
2013-11-07,98,191,192
2013-11-07,100,201,206
2013-11-07,102,143,144
2013-11-07,103,181,184
2013-11-07,104,147,148
2013-11-07,106,156,158
2013-11-07,108,228,230
2013-11-07,109,423,430
2013-11-07,111,433,436
2013-11-07,112,275,285
2013-11-07,119,489,490
2013-11-07,120,487,488
2013-11-07,121,486,488
2013-11-07,122,483,485
2013-11-07,123,533,535
2013-11-07,124,530,532
2013-11-07,143,250,252
2013-11-07,144,,
2013-11-07,145,230,232
2013-11-07,179,478,479
2013-11-07,180,476,477
2013-11-07,184,260,265
2013-11-07,185,240,245
2013-11-07,186,205,210
2013-11-07,187,135,137
2013-11-07,188,125,127
2013-11-07,223,185,186
2013-11-07,248,283,298
2013-11-07,249,388,403
2013-11-07,250,240,255
2013-11-07,251,265,275
2013-11-07,253,412,422
2013-11-07,254,630,650
2013-11-07,255,220,230
2013-11-07,256,217,222
2013-11-07,258,418,427
2013-11-07,259,398,407
2013-11-07,260,389,397
2013-11-07,265,453,464
2013-11-07,277,407,417
2013-11-07,300,195,200
2013-11-07,348,203,207
2013-11-07,367,900,1000
2013-11-07,368,850,950
2013-11-07,369,620,720
2013-11-07,370,590,690
2013-11-07,371,560,660
2013-11-07,372,580,680
2013-11-07,373,720,820
2013-11-07,374,370,380
2013-11-07,375,355,370
2013-11-07,376,240,255
2013-11-07,377,166,168
2013-11-07,378,145,148
2013-11-07,391,,
2013-11-07,392,515,520
2013-11-07,393,,
2013-11-07,394,,
2013-11-07,395,464,474
2013-11-07,396,443,453
2013-11-07,397,,
2013-11-07,398,263,268
2013-11-07,399,270,275
2013-11-07,440,216,218
2013-11-07,472,125,140
2013-11-07,473,130,145
2013-11-07,485,55,60
2013-11-07,486,65,75
2013-11-07,487,206,208
2013-11-07,488,198,200
2013-11-07,489,470,480
2013-11-07,490,470,480
2013-11-07,491,420,430
2013-11-07,492,290,300
2013-11-07,493,250,260
2013-11-07,494,,
2013-11-07,498,195,197
2013-11-07,534,103,123
2013-11-07,535,138,148
2013-11-07,536,175,180
2013-11-07,537,180,190
2013-11-07,539,236,240
2013-11-07,540,210,215
2013-11-07,541,206,211
2013-11-07,542,199,204
2013-11-07,543,,
2013-11-07,544,175,180
2013-11-07,545,180,190
2013-11-07,546,,
2013-11-07,547,209,213
2013-11-07,548,,
2013-11-07,549,,
2013-11-07,550,,
2013-11-07,551,,
2013-11-07,552,,
2013-11-07,553,259,264
2013-11-07,554,237,241
2013-11-07,555,,
2013-11-07,556,265,267
2013-11-07,557,245,247
2013-11-07,558,211,215
2013-11-14,11,502,511
2013-11-14,13,299,301
2013-11-14,14,492,502
2013-11-14,16,,
2013-11-14,24,387,393
2013-11-14,30,1290,1310
2013-11-14,33,1465,1470
2013-11-14,52,186,190
2013-11-14,58,,
2013-11-14,62,169,173
2013-11-14,76,163,167
2013-11-14,79,184,188
2013-11-14,83,,
2013-11-14,85,270,275
2013-11-14,86,270,275
2013-11-14,87,150,151
2013-11-14,88,220,223
2013-11-14,89,156,157
2013-11-14,91,173,176
2013-11-14,93,149,151
2013-11-14,95,,
2013-11-14,96,190,191
2013-11-14,97,,
2013-11-14,98,196,197
2013-11-14,100,206,211
2013-11-14,102,148,149
2013-11-14,103,181,184
2013-11-14,104,150,151
2013-11-14,106,163,165
2013-11-14,108,228,230
2013-11-14,109,429,436
2013-11-14,111,438,441
2013-11-14,112,275,285
2013-11-14,119,499,500
2013-11-14,120,497,498
2013-11-14,121,481,483
2013-11-14,122,478,480
2013-11-14,123,543,545
2013-11-14,124,540,542
2013-11-14,143,249,251
2013-11-14,144,,
2013-11-14,145,230,232
2013-11-14,179,476,477
2013-11-14,180,474,475
2013-11-14,184,260,265
2013-11-14,185,240,245
2013-11-14,186,205,210
2013-11-14,187,135,137
2013-11-14,188,125,127
2013-11-14,223,185,186
2013-11-14,248,286,301
2013-11-14,249,385,400
2013-11-14,250,240,255
2013-11-14,251,265,275
2013-11-14,253,412,422
2013-11-14,254,630,650
2013-11-14,255,225,235
2013-11-14,256,222,227
2013-11-14,258,418,427
2013-11-14,259,398,407
2013-11-14,260,389,397
2013-11-14,265,453,464
2013-11-14,277,407,417
2013-11-14,300,195,200
2013-11-14,348,203,207
2013-11-14,367,940,1040
2013-11-14,368,890,990
2013-11-14,369,640,740
2013-11-14,370,610,710
2013-11-14,371,580,680
2013-11-14,372,580,680
2013-11-14,373,720,820
2013-11-14,374,370,380
2013-11-14,375,355,370
2013-11-14,376,250,265
2013-11-14,377,163,165
2013-11-14,378,142,145
2013-11-14,391,,
2013-11-14,392,515,520
2013-11-14,393,,
2013-11-14,394,,
2013-11-14,395,464,474
2013-11-14,396,443,453
2013-11-14,397,,
2013-11-14,398,261,266
2013-11-14,399,275,280
2013-11-14,440,216,218
2013-11-14,472,125,140
2013-11-14,473,130,145
2013-11-14,485,55,65
2013-11-14,486,70,80
2013-11-14,487,205,207
2013-11-14,488,198,200
2013-11-14,489,490,500
2013-11-14,490,520,530
2013-11-14,491,430,440
2013-11-14,492,300,310
2013-11-14,493,260,270
2013-11-14,494,,
2013-11-14,498,195,197
2013-11-14,534,103,123
2013-11-14,535,138,148
2013-11-14,536,175,180
2013-11-14,537,180,190
2013-11-14,539,236,240
2013-11-14,540,210,215
2013-11-14,541,207,212
2013-11-14,542,199,204
2013-11-14,543,,
2013-11-14,544,175,180
2013-11-14,545,180,190
2013-11-14,546,,
2013-11-14,547,211,215
2013-11-14,548,,
2013-11-14,549,,
2013-11-14,550,,
2013-11-14,551,,
2013-11-14,552,,
2013-11-14,553,259,264
2013-11-14,554,237,241
2013-11-14,555,,
2013-11-14,556,265,267
2013-11-14,557,245,247
2013-11-14,558,211,215
2013-11-21,11,502,511
2013-11-21,13,297,299
2013-11-21,14,492,502
2013-11-21,16,,
2013-11-21,24,387,393
2013-11-21,30,1280,1300
2013-11-21,33,1445,1450
2013-11-21,52,185,189
2013-11-21,58,,
2013-11-21,62,169,173
2013-11-21,76,163,167
2013-11-21,79,187,191
2013-11-21,83,,
2013-11-21,85,,
2013-11-21,86,,
2013-11-21,87,153,154
2013-11-21,88,220,223
2013-11-21,89,159,160
2013-11-21,91,178,181
2013-11-21,93,149,151
2013-11-21,95,,
2013-11-21,96,193,194
2013-11-21,97,,
2013-11-21,98,199,200
2013-11-21,100,211,216
2013-11-21,102,151,152
2013-11-21,103,181,184
2013-11-21,104,150,151
2013-11-21,106,173,175
2013-11-21,108,223,225
2013-11-21,109,429,436
2013-11-21,111,438,441
2013-11-21,112,275,285
2013-11-21,119,489,490
2013-11-21,120,487,488
2013-11-21,121,466,468
2013-11-21,122,463,465
2013-11-21,123,543,545
2013-11-21,124,540,542
2013-11-21,143,249,251
2013-11-21,144,,
2013-11-21,145,230,232
2013-11-21,179,458,459
2013-11-21,180,456,457
2013-11-21,184,,
2013-11-21,185,240,245
2013-11-21,186,205,210
2013-11-21,187,135,137
2013-11-21,188,125,127
2013-11-21,223,185,186
2013-11-21,248,286,301
2013-11-21,249,388,403
2013-11-21,250,240,255
2013-11-21,251,268,278
2013-11-21,253,412,422
2013-11-21,254,660,680
2013-11-21,255,228,238
2013-11-21,256,225,230
2013-11-21,258,418,427
2013-11-21,259,398,407
2013-11-21,260,389,397
2013-11-21,265,453,464
2013-11-21,277,407,417
2013-11-21,300,195,200
2013-11-21,348,206,210
2013-11-21,367,1020,1120
2013-11-21,368,970,1070
2013-11-21,369,670,770
2013-11-21,370,630,730
2013-11-21,371,580,680
2013-11-21,372,580,680
2013-11-21,373,720,820
2013-11-21,374,375,385
2013-11-21,375,360,375
2013-11-21,376,260,275
2013-11-21,377,163,165
2013-11-21,378,142,145
2013-11-21,391,,
2013-11-21,392,515,520
2013-11-21,393,,
2013-11-21,394,,
2013-11-21,395,464,474
2013-11-21,396,443,453
2013-11-21,397,,
2013-11-21,398,254,259
2013-11-21,399,280,285
2013-11-21,440,216,218
2013-11-21,472,125,140
2013-11-21,473,130,145
2013-11-21,485,55,65
2013-11-21,486,70,80
2013-11-21,487,205,207
2013-11-21,488,198,200
2013-11-21,489,530,540
2013-11-21,490,560,570
2013-11-21,491,470,480
2013-11-21,492,310,320
2013-11-21,493,260,270
2013-11-21,494,,
2013-11-21,498,198,200
2013-11-21,534,103,123
2013-11-21,535,138,148
2013-11-21,536,175,180
2013-11-21,537,180,190
2013-11-21,539,236,240
2013-11-21,540,210,215
2013-11-21,541,207,212
2013-11-21,542,199,204
2013-11-21,543,,
2013-11-21,544,175,180
2013-11-21,545,180,190
2013-11-21,546,,
2013-11-21,547,213,217
2013-11-21,548,,
2013-11-21,549,,
2013-11-21,550,,
2013-11-21,551,,
2013-11-21,552,,
2013-11-21,553,260,265
2013-11-21,554,238,242
2013-11-21,555,,
2013-11-21,556,266,268
2013-11-21,557,246,248
2013-11-21,558,212,216
2013-11-28,11,502,511
2013-11-28,13,302,304
2013-11-28,14,492,502
2013-11-28,16,,
2013-11-28,24,387,393
2013-11-28,30,1280,1300
2013-11-28,33,1445,1450
2013-11-28,52,183,187
2013-11-28,58,,
2013-11-28,62,169,173
2013-11-28,76,163,167
2013-11-28,79,189,193
2013-11-28,83,,
2013-11-28,85,,
2013-11-28,86,,
2013-11-28,87,151,152
2013-11-28,88,220,223
2013-11-28,89,157,158
2013-11-28,91,180,183
2013-11-28,93,149,151
2013-11-28,95,,
2013-11-28,96,191,192
2013-11-28,97,,
2013-11-28,98,197,198
2013-11-28,100,213,218
2013-11-28,102,149,150
2013-11-28,103,181,184
2013-11-28,104,150,151
2013-11-28,106,175,177
2013-11-28,108,223,225
2013-11-28,109,433,440
2013-11-28,111,438,441
2013-11-28,112,275,285
2013-11-28,119,499,500
2013-11-28,120,497,498
2013-11-28,121,473,475
2013-11-28,122,470,472
2013-11-28,123,558,560
2013-11-28,124,555,557
2013-11-28,143,247,249
2013-11-28,144,,
2013-11-28,145,230,232
2013-11-28,179,468,469
2013-11-28,180,466,467
2013-11-28,184,,
2013-11-28,185,240,245
2013-11-28,186,205,210
2013-11-28,187,135,137
2013-11-28,188,125,127
2013-11-28,223,185,186
2013-11-28,248,286,301
2013-11-28,249,388,403
2013-11-28,250,240,255
2013-11-28,251,268,278
2013-11-28,253,412,422
2013-11-28,254,660,680
2013-11-28,255,228,238
2013-11-28,256,225,230
2013-11-28,258,418,427
2013-11-28,259,398,407
2013-11-28,260,389,397
2013-11-28,265,453,464
2013-11-28,277,407,417
2013-11-28,300,200,205
2013-11-28,348,208,212
2013-11-28,367,1020,1120
2013-11-28,368,970,1070
2013-11-28,369,670,770
2013-11-28,370,630,730
2013-11-28,371,580,680
2013-11-28,372,580,680
2013-11-28,373,720,820
2013-11-28,374,375,385
2013-11-28,375,360,375
2013-11-28,376,260,275
2013-11-28,377,163,165
2013-11-28,378,142,145
2013-11-28,391,,
2013-11-28,392,515,520
2013-11-28,393,,
2013-11-28,394,,
2013-11-28,395,464,474
2013-11-28,396,443,453
2013-11-28,397,,
2013-11-28,398,252,257
2013-11-28,399,285,290
2013-11-28,440,218,220
2013-11-28,472,125,140
2013-11-28,473,130,145
2013-11-28,485,57,67
2013-11-28,486,72,82
2013-11-28,487,203,205
2013-11-28,488,194,196
2013-11-28,489,530,540
2013-11-28,490,560,570
2013-11-28,491,470,480
2013-11-28,492,310,320
2013-11-28,493,260,270
2013-11-28,494,,
2013-11-28,498,200,202
2013-11-28,534,103,123
2013-11-28,535,140,150
2013-11-28,536,180,185
2013-11-28,537,185,195
2013-11-28,539,236,240
2013-11-28,540,210,215
2013-11-28,541,207,212
2013-11-28,542,199,204
2013-11-28,543,,
2013-11-28,544,180,185
2013-11-28,545,185,195
2013-11-28,546,,
2013-11-28,547,215,219
2013-11-28,548,,
2013-11-28,549,,
2013-11-28,550,,
2013-11-28,551,,
2013-11-28,552,,
2013-11-28,553,260,265
2013-11-28,554,238,242
2013-11-28,555,,
2013-11-28,556,266,268
2013-11-28,557,246,248
2013-11-28,558,212,216
2013-12-05,11,507,516
2013-12-05,13,302,304
2013-12-05,14,497,507
2013-12-05,16,,
2013-12-05,24,387,393
2013-12-05,30,1280,1300
2013-12-05,33,1445,1450
2013-12-05,52,182,186
2013-12-05,58,,
2013-12-05,62,171,175
2013-12-05,76,163,167
2013-12-05,79,191,195
2013-12-05,83,,
2013-12-05,85,,
2013-12-05,86,,
2013-12-05,87,151,152
2013-12-05,88,220,223
2013-12-05,89,157,158
2013-12-05,91,185,188
2013-12-05,93,151,153
2013-12-05,95,,
2013-12-05,96,191,192
2013-12-05,97,,
2013-12-05,98,197,198
2013-12-05,100,218,223
2013-12-05,102,149,150
2013-12-05,103,181,184
2013-12-05,104,152,153
2013-12-05,106,180,182
2013-12-05,108,223,225
2013-12-05,109,438,443
2013-12-05,111,438,441
2013-12-05,112,275,285
2013-12-05,119,494,495
2013-12-05,120,492,493
2013-12-05,121,463,465
2013-12-05,122,460,462
2013-12-05,123,553,555
2013-12-05,124,550,552
2013-12-05,143,246,248
2013-12-05,144,,
2013-12-05,145,230,232
2013-12-05,179,458,459
2013-12-05,180,456,457
2013-12-05,184,,
2013-12-05,185,245,250
2013-12-05,186,205,210
2013-12-05,187,135,137
2013-12-05,188,125,127
2013-12-05,223,185,186
2013-12-05,248,286,301
2013-12-05,249,393,408
2013-12-05,250,242,257
2013-12-05,251,268,278
2013-12-05,253,412,422
2013-12-05,254,660,680
2013-12-05,255,228,238
2013-12-05,256,225,230
2013-12-05,258,423,432
2013-12-05,259,403,412
2013-12-05,260,394,402
2013-12-05,265,453,464
2013-12-05,277,407,417
2013-12-05,300,200,205
2013-12-05,348,211,215
2013-12-05,367,1020,1120
2013-12-05,368,970,1070
2013-12-05,369,670,770
2013-12-05,370,630,730
2013-12-05,371,580,680
2013-12-05,372,580,680
2013-12-05,373,720,820
2013-12-05,374,375,385
2013-12-05,375,360,375
2013-12-05,376,260,275
2013-12-05,377,163,165
2013-12-05,378,142,145
2013-12-05,391,,
2013-12-05,392,515,520
2013-12-05,393,,
2013-12-05,394,,
2013-12-05,395,469,479
2013-12-05,396,443,453
2013-12-05,397,,
2013-12-05,398,247,252
2013-12-05,399,285,290
2013-12-05,440,223,225
2013-12-05,472,125,140
2013-12-05,473,130,145
2013-12-05,485,57,67
2013-12-05,486,72,82
2013-12-05,487,201,203
2013-12-05,488,192,194
2013-12-05,489,530,540
2013-12-05,490,560,570
2013-12-05,491,470,480
2013-12-05,492,310,320
2013-12-05,493,260,270
2013-12-05,494,,
2013-12-05,498,203,205
2013-12-05,534,103,123
2013-12-05,535,140,150
2013-12-05,536,180,185
2013-12-05,537,185,195
2013-12-05,539,241,245
2013-12-05,540,215,220
2013-12-05,541,212,217
2013-12-05,542,204,209
2013-12-05,543,,
2013-12-05,544,180,185
2013-12-05,545,185,195
2013-12-05,546,,
2013-12-05,547,217,221
2013-12-05,548,,
2013-12-05,549,,
2013-12-05,550,,
2013-12-05,551,,
2013-12-05,552,,
2013-12-05,553,267,272
2013-12-05,554,245,249
2013-12-05,555,,
2013-12-05,556,273,275
2013-12-05,557,253,255
2013-12-05,558,219,223
2013-12-12,11,512,521
2013-12-12,13,302,304
2013-12-12,14,502,512
2013-12-12,16,,
2013-12-12,24,387,393
2013-12-12,30,1270,1290
2013-12-12,33,1435,1440
2013-12-12,52,183,187
2013-12-12,58,,
2013-12-12,62,171,175
2013-12-12,76,163,167
2013-12-12,79,193,197
2013-12-12,83,,
2013-12-12,85,,
2013-12-12,86,,
2013-12-12,87,151,152
2013-12-12,88,220,223
2013-12-12,89,157,158
2013-12-12,91,190,193
2013-12-12,93,156,158
2013-12-12,95,,
2013-12-12,96,191,192
2013-12-12,97,,
2013-12-12,98,197,198
2013-12-12,100,223,228
2013-12-12,102,149,150
2013-12-12,103,181,184
2013-12-12,104,157,158
2013-12-12,106,185,187
2013-12-12,108,223,225
2013-12-12,109,441,446
2013-12-12,111,441,444
2013-12-12,112,275,285
2013-12-12,119,494,495
2013-12-12,120,492,493
2013-12-12,121,459,461
2013-12-12,122,456,458
2013-12-12,123,553,555
2013-12-12,124,550,552
2013-12-12,143,246,248
2013-12-12,144,,
2013-12-12,145,230,232
2013-12-12,179,454,455
2013-12-12,180,452,453
2013-12-12,184,,
2013-12-12,185,245,250
2013-12-12,186,205,210
2013-12-12,187,135,137
2013-12-12,188,125,127
2013-12-12,223,185,186
2013-12-12,248,289,304
2013-12-12,249,396,411
2013-12-12,250,242,257
2013-12-12,251,268,278
2013-12-12,253,412,422
2013-12-12,254,660,680
2013-12-12,255,228,238
2013-12-12,256,225,230
2013-12-12,258,428,437
2013-12-12,259,408,417
2013-12-12,260,399,407
2013-12-12,265,453,464
2013-12-12,277,407,417
2013-12-12,300,205,210
2013-12-12,348,213,217
2013-12-12,367,1060,1160
2013-12-12,368,1010,1110
2013-12-12,369,670,770
2013-12-12,370,630,730
2013-12-12,371,560,660
2013-12-12,372,580,680
2013-12-12,373,720,820
2013-12-12,374,365,375
2013-12-12,375,350,365
2013-12-12,376,260,275
2013-12-12,377,163,165
2013-12-12,378,142,145
2013-12-12,391,,
2013-12-12,392,515,520
2013-12-12,393,,
2013-12-12,394,,
2013-12-12,395,474,484
2013-12-12,396,443,453
2013-12-12,397,,
2013-12-12,398,240,245
2013-12-12,399,310,315
2013-12-12,440,225,227
2013-12-12,472,130,145
2013-12-12,473,135,150
2013-12-12,485,57,67
2013-12-12,486,72,82
2013-12-12,487,203,205
2013-12-12,488,194,196
2013-12-12,489,550,560
2013-12-12,490,560,570
2013-12-12,491,490,500
2013-12-12,492,310,320
2013-12-12,493,250,260
2013-12-12,494,,
2013-12-12,498,205,207
2013-12-12,534,108,128
2013-12-12,535,145,155
2013-12-12,536,185,190
2013-12-12,537,190,200
2013-12-12,539,244,248
2013-12-12,540,218,223
2013-12-12,541,215,220
2013-12-12,542,207,212
2013-12-12,543,,
2013-12-12,544,185,190
2013-12-12,545,190,200
2013-12-12,546,,
2013-12-12,547,221,225
2013-12-12,548,,
2013-12-12,549,,
2013-12-12,550,,
2013-12-12,551,,
2013-12-12,552,,
2013-12-12,553,272,277
2013-12-12,554,250,254
2013-12-12,555,,
2013-12-12,556,278,280
2013-12-12,557,258,260
2013-12-12,558,224,228
2013-12-19,11,512,521
2013-12-19,13,300,302
2013-12-19,14,502,512
2013-12-19,16,,
2013-12-19,24,387,393
2013-12-19,30,1260,1280
2013-12-19,33,1425,1430
2013-12-19,52,184,188
2013-12-19,58,,
2013-12-19,62,171,175
2013-12-19,76,163,167
2013-12-19,79,193,197
2013-12-19,83,,
2013-12-19,85,,
2013-12-19,86,,
2013-12-19,87,156,157
2013-12-19,88,220,223
2013-12-19,89,162,163
2013-12-19,91,195,198
2013-12-19,93,161,163
2013-12-19,95,,
2013-12-19,96,196,197
2013-12-19,97,,
2013-12-19,98,202,203
2013-12-19,100,228,233
2013-12-19,102,154,155
2013-12-19,103,181,184
2013-12-19,104,162,163
2013-12-19,106,190,192
2013-12-19,108,223,225
2013-12-19,109,441,446
2013-12-19,111,437,440
2013-12-19,112,275,285
2013-12-19,119,499,500
2013-12-19,120,497,498
2013-12-19,121,469,471
2013-12-19,122,466,468
2013-12-19,123,563,565
2013-12-19,124,560,562
2013-12-19,143,246,248
2013-12-19,144,,
2013-12-19,145,230,232
2013-12-19,179,464,465
2013-12-19,180,462,463
2013-12-19,184,,
2013-12-19,185,245,250
2013-12-19,186,205,210
2013-12-19,187,135,137
2013-12-19,188,125,127
2013-12-19,223,185,186
2013-12-19,248,289,304
2013-12-19,249,396,411
2013-12-19,250,242,257
2013-12-19,251,268,278
2013-12-19,253,412,422
2013-12-19,254,660,680
2013-12-19,255,233,243
2013-12-19,256,230,235
2013-12-19,258,428,437
2013-12-19,259,408,417
2013-12-19,260,399,407
2013-12-19,265,453,464
2013-12-19,277,407,417
2013-12-19,300,205,210
2013-12-19,348,213,217
2013-12-19,367,1080,1180
2013-12-19,368,1010,1110
2013-12-19,369,670,770
2013-12-19,370,630,730
2013-12-19,371,560,660
2013-12-19,372,580,680
2013-12-19,373,720,820
2013-12-19,374,360,370
2013-12-19,375,345,360
2013-12-19,376,255,270
2013-12-19,377,163,165
2013-12-19,378,142,145
2013-12-19,391,,
2013-12-19,392,515,520
2013-12-19,393,,
2013-12-19,394,,
2013-12-19,395,474,484
2013-12-19,396,443,453
2013-12-19,397,,
2013-12-19,398,240,245
2013-12-19,399,325,330
2013-12-19,440,225,227
2013-12-19,472,130,145
2013-12-19,473,135,150
2013-12-19,485,57,67
2013-12-19,486,72,82
2013-12-19,487,203,205
2013-12-19,488,194,196
2013-12-19,489,560,570
2013-12-19,490,560,570
2013-12-19,491,490,500
2013-12-19,492,310,320
2013-12-19,493,250,260
2013-12-19,494,,
2013-12-19,498,205,207
2013-12-19,534,108,128
2013-12-19,535,145,155
2013-12-19,536,185,190
2013-12-19,537,190,200
2013-12-19,539,244,248
2013-12-19,540,218,223
2013-12-19,541,215,220
2013-12-19,542,207,212
2013-12-19,543,,
2013-12-19,544,185,190
2013-12-19,545,190,200
2013-12-19,546,,
2013-12-19,547,220,224
2013-12-19,548,,
2013-12-19,549,,
2013-12-19,550,,
2013-12-19,551,,
2013-12-19,552,,
2013-12-19,553,276,281
2013-12-19,554,254,258
2013-12-19,555,,
2013-12-19,556,282,284
2013-12-19,557,262,264
2013-12-19,558,228,232
