date,code,low,high
2015-01-08,6,306,308
2015-01-08,7,308,310
2015-01-08,8,,
2015-01-08,10,259,263
2015-01-08,11,,
2015-01-08,12,,
2015-01-08,13,,
2015-01-08,14,207,210
2015-01-08,21,161,165
2015-01-08,22,171,173
2015-01-08,23,185,187
2015-01-08,24,,
2015-01-08,27,211,213
2015-01-08,28,173,175
2015-01-08,29,206,208
2015-01-08,32,408,417
2015-01-08,33,388,397
2015-01-08,34,379,387
2015-01-08,35,492,501
2015-01-08,36,482,492
2015-01-08,37,454,464
2015-01-08,38,594,600
2015-01-08,39,660,671
2015-01-08,40,131,132
2015-01-08,41,137,138
2015-01-08,42,169,172
2015-01-08,43,134,136
2015-01-08,44,,
2015-01-08,45,171,172
2015-01-08,46,177,178
2015-01-08,47,202,207
2015-01-08,48,129,130
2015-01-08,49,135,136
2015-01-08,50,143,145
2015-01-08,51,233,235
2015-01-08,52,371,375
2015-01-08,53,525,530
2015-01-08,54,238,243
2015-01-08,55,247,257
2015-01-08,56,,
2015-01-08,57,365,375
2015-01-08,58,658,668
2015-01-08,59,,
2015-01-08,60,210,220
2015-01-08,61,210,220
2015-01-08,62,380,390
2015-01-08,63,377,380
2015-01-08,64,,
2015-01-08,65,360,364
2015-01-08,66,,
2015-01-08,67,275,282
2015-01-08,68,405,406
2015-01-08,69,403,404
2015-01-08,70,439,440
2015-01-08,71,437,438
2015-01-08,72,419,421
2015-01-08,73,416,418
2015-01-08,74,503,505
2015-01-08,75,500,502
2015-01-08,76,171,175
2015-01-08,77,255,260
2015-01-08,78,257,262
2015-01-08,85,118,120
2015-01-08,86,113,115
2015-01-08,87,1870,1890
2015-01-08,88,2005,2010
2015-01-08,89,185,186
2015-01-08,90,181,184
2015-01-08,91,,
2015-01-08,92,172,174
2015-01-08,93,203,205
2015-01-08,94,,
2015-01-08,95,,
2015-01-08,96,,
2015-01-08,97,,
2015-01-08,98,610,625
2015-01-08,99,610,625
2015-01-08,100,610,625
2015-01-08,101,,
2015-01-08,102,,
2015-01-08,103,1200,1300
2015-01-08,104,1200,1300
2015-01-08,105,690,790
2015-01-08,106,640,740
2015-01-08,107,470,570
2015-01-08,108,610,710
2015-01-08,109,790,890
2015-01-08,110,325,335
2015-01-08,111,305,320
2015-01-08,112,220,235
2015-01-08,113,128,130
2015-01-08,114,107,110
2015-01-08,115,2250,2600
2015-01-08,116,220,240
2015-01-08,117,2800,3000
2015-01-08,118,,
2015-01-08,119,1000,1300
2015-01-08,120,900,950
2015-01-08,121,5200,5800
2015-01-08,122,4600,4900
2015-01-08,123,,
2015-01-08,124,,
2015-01-08,125,,
2015-01-08,126,,
2015-01-08,127,1200,1400
2015-01-08,128,,
2015-01-08,129,680,740
2015-01-08,130,500,540
2015-01-08,131,630,670
2015-01-08,132,450,480
2015-01-08,133,,
2015-01-08,134,650,730
2015-01-08,135,430,490
2015-01-08,136,710,800
2015-01-08,137,540,570
2015-01-08,138,640,680
2015-01-08,139,480,520
2015-01-08,140,3900,4200
2015-01-08,141,2300,2900
2015-01-08,142,1700,1900
2015-01-08,143,850,950
2015-01-08,144,1600,1700
2015-01-08,145,,
2015-01-08,146,2000,2200
2015-01-08,147,2100,2300
2015-01-08,148,,
2015-01-08,149,30,130
2015-01-08,150,60,90
2015-01-08,151,60,90
2015-01-08,152,40,60
2015-01-08,169,,
2015-01-08,170,0.95,1.05
2015-01-08,171,1.05,1.15
2015-01-08,172,1.2,1.3
2015-01-08,173,1.3,1.4
2015-01-08,174,1.3,1.4
2015-01-08,175,0.27,0.32
2015-01-08,176,0.44,0.48
2015-01-08,178,0.32,0.4
2015-01-08,183,4.8,5
2015-01-08,184,5.7,6
2015-01-08,186,1.45,1.75
2015-01-08,188,2.5,2.7
2015-01-08,189,,
2015-01-08,190,1.5,1.6
2015-01-08,193,2.4,2.6
2015-01-08,194,2.4,2.6
2015-01-08,195,2.5,2.7
2015-01-08,196,2.4,2.6
2015-01-08,197,1.1,1.4
2015-01-08,204,2.45,2.55
2015-01-08,206,,
2015-01-08,207,2.2,2.4
2015-01-08,209,1.5,1.7
2015-01-08,210,1.75,2.1
2015-01-08,211,1.95,2.25
2015-01-08,213,1.8,2
2015-01-08,216,2.4,2.6
2015-01-08,221,45,62
2015-01-08,222,50,72
2015-01-08,223,,1.5
2015-01-08,230,5.6,5.9
2015-01-08,231,5.7,5.9
2015-01-08,232,6.2,6.4
2015-01-08,233,5.1,5.3
2015-01-08,234,1.9,2.1
2015-01-08,235,2.5,2.6
2015-01-08,236,2.3,2.4
2015-01-08,237,,
2015-01-08,238,,
2015-01-08,239,3.5,3.7
2015-01-08,240,,
2015-01-08,241,,
2015-01-08,242,,
2015-01-08,243,,
2015-01-08,244,3.3,3.8
2015-01-08,245,3,3.5
2015-01-08,246,3.5,4
2015-01-08,247,0.55,0.65
2015-01-08,248,0.55,0.65
2015-01-08,249,0.6,0.65
2015-01-08,250,0.75,0.85
2015-01-08,251,0.8,0.9
2015-01-08,252,0.8,0.9
2015-01-08,253,0.8,0.9
2015-01-08,254,0.65,0.75
2015-01-08,255,0.8,0.9
2015-01-08,256,1.2,1.5
2015-01-08,257,1.2,1.5
2015-01-08,258,1.2,1.5
2015-01-08,259,1.5,1.7
2015-01-08,260,1.6,1.75
2015-01-08,261,1.6,1.7
2015-01-08,262,1.7,1.8
2015-01-08,263,1.5,1.7
2015-01-08,264,1.6,1.7
2015-01-08,265,0.65,0.75
2015-01-08,266,0.8,0.95
2015-01-08,267,0.75,0.85
2015-01-08,268,0.9,1
2015-01-08,269,0.6,0.65
2015-01-08,270,1.5,1.6
2015-01-08,271,1.6,1.7
2015-01-08,272,1.5,1.6
2015-01-08,273,1.7,1.9
2015-01-08,274,1.7,1.9
2015-01-08,275,1.7,1.9
2015-01-08,276,1.85,1.9
2015-01-08,277,2.05,2.2
2015-01-08,278,1.85,2
2015-01-08,279,1.7,1.9
2015-01-08,280,1.3,1.5
2015-01-08,281,1.7,1.9
2015-01-08,282,1.2,1.4
2015-01-08,283,1.6,1.7
2015-01-08,284,1.5,1.6
2015-01-08,285,1.5,1.8
2015-01-08,286,1.7,1.9
2015-01-08,287,1.7,1.9
2015-01-08,288,1.5,1.6
2015-01-08,289,1.7,1.9
2015-01-08,290,1.7,1.9
2015-01-08,291,8,15
2015-01-08,292,,
2015-01-08,293,,
2015-01-08,294,,
2015-01-08,295,,
2015-01-08,296,,
2015-01-08,297,,
2015-01-08,298,,
2015-01-08,299,,
2015-01-08,300,,
2015-01-08,301,,
2015-01-08,302,,
2015-01-08,304,,
2015-01-08,305,,
2015-01-08,306,,
2015-01-08,307,,
2015-01-08,308,,
2015-01-08,309,,
2015-01-08,310,,
2015-01-08,311,,
2015-01-08,312,,
2015-01-08,313,,
2015-01-08,314,,
2015-01-08,315,,
2015-01-08,316,,
2015-01-08,317,,
2015-01-08,318,,
2015-01-08,319,,
2015-01-08,320,,
2015-01-08,321,,
2015-01-08,330,8.7,9.05
2015-01-08,331,8.1,8.45
2015-01-08,332,7.25,7.65
2015-01-08,339,,
2015-01-08,368,,127
2015-01-08,408,75,90
2015-01-08,416,65,80
2015-01-08,445,191,194
2015-01-08,451,364,369
2015-01-08,472,206,208
2015-01-08,481,1.7,1.9
2015-01-08,482,2.4,2.5
2015-01-08,483,,
2015-01-08,499,,
2015-01-08,500,,
2015-01-08,513,,
2015-01-08,514,2.3,2.5
2015-01-08,515,2.5,2.7
2015-01-08,590,2.1,2.3
2015-01-08,627,2.1,2.3
2015-01-08,629,100,115
2015-01-08,630,110,125
2015-01-08,640,,
2015-01-08,642,,
2015-01-08,643,0.85,0.9
2015-01-08,644,0.94,1.04
2015-01-08,645,1.09,1.19
2015-01-08,646,1.09,1.19
2015-01-08,672,0.58,0.65
2015-01-08,674,2.1,2.3
2015-01-08,677,,
2015-01-08,681,2.25,2.35
2015-01-08,696,,
2015-01-08,703,230,235
2015-01-08,704,215,220
2015-01-08,705,170,175
2015-01-08,732,170,180
2015-01-08,750,196,198
2015-01-08,751,200,204
2015-01-08,772,230,235
2015-01-08,773,205,215
2015-01-08,793,233,238
2015-01-08,794,207,211
2015-01-08,795,203,205
2015-01-08,796,196,201
2015-01-08,797,396,401
2015-01-08,798,386,391
2015-01-08,799,376,381
2015-01-08,800,393,398
2015-01-08,801,381,386
2015-01-08,802,192,194
2015-01-08,838,38,53
2015-01-08,843,0.22,0.28
2015-01-08,845,1.4,1.6
2015-01-08,849,70,80
2015-01-08,851,1.5,1.7
2015-01-08,852,1.5,1.7
2015-01-08,853,0.62,0.74
2015-01-08,855,0.4,0.45
2015-01-08,856,0.62,0.72
2015-01-08,857,2.2,2.4
2015-01-15,6,306,308
2015-01-15,7,308,310
2015-01-15,8,,
2015-01-15,10,259,263
2015-01-15,11,,
2015-01-15,12,,
2015-01-15,13,,
2015-01-15,14,207,210
2015-01-15,21,161,165
2015-01-15,22,169,171
2015-01-15,23,183,185
2015-01-15,24,,
2015-01-15,27,209,211
2015-01-15,28,173,175
2015-01-15,29,206,208
2015-01-15,32,408,417
2015-01-15,33,388,397
2015-01-15,34,379,387
2015-01-15,35,492,501
2015-01-15,36,482,492
2015-01-15,37,454,464
2015-01-15,38,594,600
2015-01-15,39,660,671
2015-01-15,40,131,132
2015-01-15,41,137,138
2015-01-15,42,169,172
2015-01-15,43,131,133
2015-01-15,44,,
2015-01-15,45,171,172
2015-01-15,46,177,178
2015-01-15,47,202,207
2015-01-15,48,129,130
2015-01-15,49,132,133
2015-01-15,50,143,145
2015-01-15,51,218,220
2015-01-15,52,371,375
2015-01-15,53,525,530
2015-01-15,54,238,243
2015-01-15,55,247,257
2015-01-15,56,,
2015-01-15,57,365,375
2015-01-15,58,658,668
2015-01-15,59,,
2015-01-15,60,210,220
2015-01-15,61,210,220
2015-01-15,62,380,390
2015-01-15,63,377,380
2015-01-15,64,,
2015-01-15,65,360,364
2015-01-15,66,,
2015-01-15,67,275,282
2015-01-15,68,395,396
2015-01-15,69,393,394
2015-01-15,70,429,430
2015-01-15,71,427,428
2015-01-15,72,409,411
2015-01-15,73,406,408
2015-01-15,74,493,495
2015-01-15,75,490,492
2015-01-15,76,171,175
2015-01-15,77,253,258
2015-01-15,78,265,270
2015-01-15,85,118,120
2015-01-15,86,113,115
2015-01-15,87,1870,1890
2015-01-15,88,2005,2010
2015-01-15,89,185,186
2015-01-15,90,181,184
2015-01-15,91,,
2015-01-15,92,172,174
2015-01-15,93,203,205
2015-01-15,94,,
2015-01-15,95,,
2015-01-15,96,,
2015-01-15,97,,
2015-01-15,98,655,670
2015-01-15,99,640,655
2015-01-15,100,610,625
2015-01-15,101,,
2015-01-15,102,,
2015-01-15,103,1290,1390
2015-01-15,104,1200,1300
2015-01-15,105,690,790
2015-01-15,106,640,740
2015-01-15,107,510,610
2015-01-15,108,610,710
2015-01-15,109,790,890
2015-01-15,110,315,325
2015-01-15,111,295,310
2015-01-15,112,210,225
2015-01-15,113,128,130
2015-01-15,114,107,110
2015-01-15,115,2250,2600
2015-01-15,116,220,240
2015-01-15,117,2800,3000
2015-01-15,118,,
2015-01-15,119,1000,1300
2015-01-15,120,900,950
2015-01-15,121,5200,5800
2015-01-15,122,4600,4900
2015-01-15,123,4300,4600
2015-01-15,124,,
2015-01-15,125,,
2015-01-15,126,,
2015-01-15,127,1200,1400
2015-01-15,128,,
2015-01-15,129,680,740
2015-01-15,130,500,540
2015-01-15,131,630,670
2015-01-15,132,450,480
2015-01-15,133,,
2015-01-15,134,,
2015-01-15,135,,
2015-01-15,136,710,800
2015-01-15,137,540,570
2015-01-15,138,,
2015-01-15,139,,
2015-01-15,140,3900,4200
2015-01-15,141,2300,2900
2015-01-15,142,1700,1900
2015-01-15,143,850,950
2015-01-15,144,1600,1700
2015-01-15,145,,
2015-01-15,146,2000,2200
2015-01-15,147,2100,2300
2015-01-15,148,,
2015-01-15,149,30,130
2015-01-15,150,60,90
2015-01-15,151,60,90
2015-01-15,152,40,60
2015-01-15,169,,
2015-01-15,170,0.95,1.05
2015-01-15,171,1.05,1.15
2015-01-15,172,1.2,1.3
2015-01-15,173,1.3,1.4
2015-01-15,174,1.3,1.4
2015-01-15,175,0.27,0.32
2015-01-15,176,0.44,0.48
2015-01-15,178,0.32,0.4
2015-01-15,183,4.8,5
2015-01-15,184,5.7,6
2015-01-15,186,1.5,1.8
2015-01-15,188,,
2015-01-15,189,,
2015-01-15,190,1.5,1.6
2015-01-15,193,2.4,2.6
2015-01-15,194,,
2015-01-15,195,,
2015-01-15,196,,
2015-01-15,197,1.1,1.4
2015-01-15,204,2.45,2.55
2015-01-15,206,,
2015-01-15,207,2.2,2.4
2015-01-15,209,1.5,1.7
2015-01-15,210,1.75,2.1
2015-01-15,211,1.95,2.25
2015-01-15,213,1.8,2
2015-01-15,216,,
2015-01-15,221,48,65
2015-01-15,222,53,75
2015-01-15,223,,1.2
2015-01-15,230,5.6,5.9
2015-01-15,231,5.7,5.9
2015-01-15,232,6.2,6.4
2015-01-15,233,5.1,5.3
2015-01-15,234,1.9,2.1
2015-01-15,235,2.5,2.6
2015-01-15,236,2.3,2.4
2015-01-15,237,,
2015-01-15,238,,
2015-01-15,239,3.5,3.7
2015-01-15,240,,
2015-01-15,241,,
2015-01-15,242,,
2015-01-15,243,,
2015-01-15,244,3.3,3.8
2015-01-15,245,3,3.5
2015-01-15,246,3.5,4
2015-01-15,247,0.55,0.65
2015-01-15,248,0.55,0.65
2015-01-15,249,0.6,0.65
2015-01-15,250,0.75,0.85
2015-01-15,251,0.8,0.9
2015-01-15,252,0.8,0.9
2015-01-15,253,0.8,0.9
2015-01-15,254,0.65,0.75
2015-01-15,255,0.8,0.9
2015-01-15,256,1.2,1.5
2015-01-15,257,1.2,1.5
2015-01-15,258,1.2,1.5
2015-01-15,259,1.5,1.7
2015-01-15,260,1.6,1.75
2015-01-15,261,1.6,1.7
2015-01-15,262,1.7,1.8
2015-01-15,263,1.5,1.7
2015-01-15,264,1.6,1.7
2015-01-15,265,0.65,0.75
2015-01-15,266,0.8,0.95
2015-01-15,267,0.75,0.85
2015-01-15,268,0.9,1
2015-01-15,269,0.6,0.65
2015-01-15,270,1.5,1.6
2015-01-15,271,1.6,1.7
2015-01-15,272,1.5,1.6
2015-01-15,273,1.7,1.9
2015-01-15,274,1.7,1.9
2015-01-15,275,1.7,1.9
2015-01-15,276,1.85,1.9
2015-01-15,277,2.05,2.2
2015-01-15,278,1.85,2
2015-01-15,279,1.7,1.9
2015-01-15,280,1.3,1.5
2015-01-15,281,1.7,1.9
2015-01-15,282,1.2,1.4
2015-01-15,283,1.6,1.7
2015-01-15,284,1.5,1.6
2015-01-15,285,1.5,1.8
2015-01-15,286,1.7,1.9
2015-01-15,287,1.7,1.9
2015-01-15,288,1.5,1.6
2015-01-15,289,1.7,1.9
2015-01-15,290,1.7,1.9
2015-01-15,291,8,15
2015-01-15,292,,
2015-01-15,293,,
2015-01-15,294,,
2015-01-15,295,,
2015-01-15,296,,
2015-01-15,297,,
2015-01-15,298,,
2015-01-15,299,,
2015-01-15,300,,
2015-01-15,301,,
2015-01-15,302,,
2015-01-15,304,,
2015-01-15,305,,
2015-01-15,306,,
2015-01-15,307,,
2015-01-15,308,,
2015-01-15,309,,
2015-01-15,310,,
2015-01-15,311,,
2015-01-15,312,,
2015-01-15,313,,
2015-01-15,314,,
2015-01-15,315,,
2015-01-15,316,,
2015-01-15,317,,
2015-01-15,318,,
2015-01-15,319,,
2015-01-15,320,,
2015-01-15,321,,
2015-01-15,330,8.65,9
2015-01-15,331,8.05,8.4
2015-01-15,332,7.25,7.65
2015-01-15,339,,
2015-01-15,368,,127
2015-01-15,408,75,90
2015-01-15,416,65,80
2015-01-15,445,191,194
2015-01-15,451,359,364
2015-01-15,472,206,208
2015-01-15,481,1.7,1.9
2015-01-15,482,2.4,2.5
2015-01-15,483,,
2015-01-15,499,,
2015-01-15,500,,
2015-01-15,513,,
2015-01-15,514,2.3,2.5
2015-01-15,515,2.5,2.7
2015-01-15,590,2.15,2.35
2015-01-15,627,2.1,2.3
2015-01-15,629,100,115
2015-01-15,630,110,125
2015-01-15,642,,
2015-01-15,643,0.87,0.92
2015-01-15,644,0.96,1.06
2015-01-15,645,1.11,1.21
2015-01-15,646,1.11,1.21
2015-01-15,672,0.58,0.65
2015-01-15,674,2.4,2.6
2015-01-15,677,1.7,1.9
2015-01-15,681,2.35,2.45
2015-01-15,696,,
2015-01-15,703,230,235
2015-01-15,704,215,220
2015-01-15,705,170,175
2015-01-15,732,170,180
2015-01-15,750,196,198
2015-01-15,751,200,204
2015-01-15,772,230,235
2015-01-15,773,205,215
2015-01-15,793,233,238
2015-01-15,794,207,211
2015-01-15,795,203,205
2015-01-15,796,196,201
2015-01-15,797,391,396
2015-01-15,798,381,386
2015-01-15,799,371,376
2015-01-15,800,388,393
2015-01-15,801,376,381
2015-01-15,802,192,194
2015-01-15,838,38,53
2015-01-15,843,0.22,0.28
2015-01-15,845,1.5,1.7
2015-01-15,849,70,80
2015-01-15,851,1.5,1.7
2015-01-15,852,1.5,1.7
2015-01-15,853,0.64,0.76
2015-01-15,855,0.4,0.45
2015-01-15,856,0.64,0.76
2015-01-15,857,2.2,2.4
2015-01-15,860,,
2015-01-22,6,304,306
2015-01-22,7,306,308
2015-01-22,8,,
2015-01-22,10,257,261
2015-01-22,11,,
2015-01-22,12,,
2015-01-22,13,,
2015-01-22,14,205,208
2015-01-22,21,158,162
2015-01-22,22,166,168
2015-01-22,23,178,180
2015-01-22,24,,
2015-01-22,27,206,208
2015-01-22,28,173,175
2015-01-22,29,203,205
2015-01-22,32,408,417
2015-01-22,33,388,397
2015-01-22,34,379,387
2015-01-22,35,492,501
2015-01-22,36,482,492
2015-01-22,37,454,464
2015-01-22,38,594,600
2015-01-22,39,660,671
2015-01-22,40,129,130
2015-01-22,41,135,136
2015-01-22,42,169,172
2015-01-22,43,129,131
2015-01-22,44,,
2015-01-22,45,169,170
2015-01-22,46,175,176
2015-01-22,47,202,207
2015-01-22,48,127,128
2015-01-22,49,130,131
2015-01-22,50,143,145
2015-01-22,51,218,220
2015-01-22,52,371,375
2015-01-22,53,525,530
2015-01-22,54,238,243
2015-01-22,55,247,257
2015-01-22,56,,
2015-01-22,57,365,375
2015-01-22,58,678,688
2015-01-22,59,,
2015-01-22,60,208,218
2015-01-22,61,208,218
2015-01-22,62,380,390
2015-01-22,63,377,380
2015-01-22,64,,
2015-01-22,65,360,364
2015-01-22,66,,
2015-01-22,67,275,282
2015-01-22,68,395,396
2015-01-22,69,393,394
2015-01-22,70,429,430
2015-01-22,71,427,428
2015-01-22,72,409,411
2015-01-22,73,406,408
2015-01-22,74,493,495
2015-01-22,75,490,492
2015-01-22,76,171,175
2015-01-22,77,250,255
2015-01-22,78,270,275
2015-01-22,85,118,120
2015-01-22,86,113,115
2015-01-22,87,1900,1920
2015-01-22,88,2015,2020
2015-01-22,89,185,186
2015-01-22,90,181,184
2015-01-22,91,,
2015-01-22,92,172,174
2015-01-22,93,201,203
2015-01-22,94,,
2015-01-22,95,,
2015-01-22,96,,
2015-01-22,97,,
2015-01-22,98,655,670
2015-01-22,99,655,670
2015-01-22,100,610,625
2015-01-22,101,,
2015-01-22,102,,
2015-01-22,103,1290,1390
2015-01-22,104,1200,1300
2015-01-22,105,690,790
2015-01-22,106,640,740
2015-01-22,107,510,610
2015-01-22,108,610,710
2015-01-22,109,790,890
2015-01-22,110,315,325
2015-01-22,111,295,310
2015-01-22,112,210,225
2015-01-22,113,128,130
2015-01-22,114,107,110
2015-01-22,115,2250,2600
2015-01-22,116,220,240
2015-01-22,117,,
2015-01-22,118,,
2015-01-22,119,,
2015-01-22,120,,
2015-01-22,121,5200,5800
2015-01-22,122,4600,4900
2015-01-22,123,4300,4600
2015-01-22,124,,
2015-01-22,125,,
2015-01-22,126,,
2015-01-22,127,1100,1250
2015-01-22,128,,
2015-01-22,129,680,740
2015-01-22,130,500,540
2015-01-22,131,630,670
2015-01-22,132,450,480
2015-01-22,133,,
2015-01-22,134,,
2015-01-22,135,,
2015-01-22,136,710,800
2015-01-22,137,540,570
2015-01-22,138,,
2015-01-22,139,,
2015-01-22,140,3900,4200
2015-01-22,141,2300,2900
2015-01-22,142,1650,1850
2015-01-22,143,850,950
2015-01-22,144,,
2015-01-22,145,,
2015-01-22,146,1900,2100
2015-01-22,147,2100,2300
2015-01-22,148,,
2015-01-22,149,30,130
2015-01-22,150,60,90
2015-01-22,151,60,90
2015-01-22,152,40,60
2015-01-22,169,,
2015-01-22,170,0.95,1.05
2015-01-22,171,1.05,1.15
2015-01-22,172,1.2,1.3
2015-01-22,173,1.3,1.4
2015-01-22,174,1.3,1.4
2015-01-22,175,0.27,0.32
2015-01-22,176,0.44,0.48
2015-01-22,178,0.32,0.4
2015-01-22,183,4.8,5
2015-01-22,184,5.7,6
2015-01-22,186,1.5,1.8
2015-01-22,188,,
2015-01-22,189,,
2015-01-22,190,1.5,1.6
2015-01-22,193,2.4,2.6
2015-01-22,194,,
2015-01-22,195,,
2015-01-22,196,,
2015-01-22,197,1.1,1.4
2015-01-22,204,2.45,2.55
2015-01-22,206,,
2015-01-22,207,2.2,2.4
2015-01-22,209,1.5,1.7
2015-01-22,210,1.75,2.1
2015-01-22,211,1.95,2.25
2015-01-22,213,1.8,2
2015-01-22,216,,
2015-01-22,221,48,65
2015-01-22,222,53,75
2015-01-22,223,,1.2
2015-01-22,230,5.6,5.9
2015-01-22,231,5.7,5.9
2015-01-22,232,6.2,6.4
2015-01-22,233,5.1,5.3
2015-01-22,234,1.9,2.1
2015-01-22,235,2.5,2.6
2015-01-22,236,2.3,2.4
2015-01-22,237,,
2015-01-22,238,,
2015-01-22,239,3.5,3.7
2015-01-22,240,,
2015-01-22,241,,
2015-01-22,242,,
2015-01-22,243,,
2015-01-22,244,3.3,3.8
2015-01-22,245,3,3.5
2015-01-22,246,3.5,4
2015-01-22,247,0.55,0.65
2015-01-22,248,0.55,0.65
2015-01-22,249,0.6,0.65
2015-01-22,250,0.75,0.85
2015-01-22,251,0.8,0.9
2015-01-22,252,0.8,0.9
2015-01-22,253,0.8,0.9
2015-01-22,254,0.65,0.75
2015-01-22,255,0.8,0.9
2015-01-22,256,1.2,1.5
2015-01-22,257,1.2,1.5
2015-01-22,258,1.2,1.5
2015-01-22,259,1.5,1.7
2015-01-22,260,1.6,1.75
2015-01-22,261,1.6,1.7
2015-01-22,262,1.7,1.8
2015-01-22,263,1.5,1.7
2015-01-22,264,1.6,1.7
2015-01-22,265,0.65,0.75
2015-01-22,266,0.8,0.95
2015-01-22,267,0.75,0.85
2015-01-22,268,0.9,1
2015-01-22,269,0.6,0.65
2015-01-22,270,1.5,1.6
2015-01-22,271,1.6,1.7
2015-01-22,272,1.5,1.6
2015-01-22,273,1.7,1.9
2015-01-22,274,1.7,1.9
2015-01-22,275,1.7,1.9
2015-01-22,276,1.85,1.9
2015-01-22,277,2.05,2.2
2015-01-22,278,1.85,2
2015-01-22,279,1.7,1.9
2015-01-22,280,1.3,1.5
2015-01-22,281,1.7,1.9
2015-01-22,282,1.2,1.4
2015-01-22,283,1.6,1.7
2015-01-22,284,1.5,1.6
2015-01-22,285,1.5,1.8
2015-01-22,286,1.7,1.9
2015-01-22,287,1.7,1.9
2015-01-22,288,1.5,1.6
2015-01-22,289,1.7,1.9
2015-01-22,290,1.7,1.9
2015-01-22,291,8,15
2015-01-22,292,,
2015-01-22,293,,
2015-01-22,294,,
2015-01-22,295,,
2015-01-22,296,,
2015-01-22,297,,
2015-01-22,298,,
2015-01-22,299,,
2015-01-22,300,,
2015-01-22,301,,
2015-01-22,302,,
2015-01-22,304,,
2015-01-22,305,,
2015-01-22,306,,
2015-01-22,307,,
2015-01-22,308,,
2015-01-22,309,,
2015-01-22,310,,
2015-01-22,311,,
2015-01-22,312,,
2015-01-22,313,,
2015-01-22,314,,
2015-01-22,315,,
2015-01-22,316,,
2015-01-22,317,,
2015-01-22,318,,
2015-01-22,319,,
2015-01-22,320,,
2015-01-22,321,,
2015-01-22,330,8.7,9.05
2015-01-22,331,8.1,8.45
2015-01-22,332,7.3,7.7
2015-01-22,339,,
2015-01-22,368,,127
2015-01-22,408,75,90
2015-01-22,416,65,80
2015-01-22,445,189,192
2015-01-22,451,354,359
2015-01-22,472,204,206
2015-01-22,481,1.7,1.9
2015-01-22,482,2.4,2.5
2015-01-22,483,,
2015-01-22,499,,
2015-01-22,500,,
2015-01-22,513,,
2015-01-22,514,2.3,2.5
2015-01-22,515,2.5,2.7
2015-01-22,590,2.15,2.35
2015-01-22,627,2.1,2.3
2015-01-22,629,100,115
2015-01-22,630,110,125
2015-01-22,642,,
2015-01-22,643,0.89,0.94
2015-01-22,644,0.98,1.08
2015-01-22,645,1.13,1.23
2015-01-22,646,1.13,1.23
2015-01-22,672,0.58,0.65
2015-01-22,674,2.5,2.7
2015-01-22,677,1.7,1.9
2015-01-22,681,2.35,2.45
2015-01-22,696,,
2015-01-22,703,230,235
2015-01-22,704,215,220
2015-01-22,705,170,175
2015-01-22,732,170,180
2015-01-22,750,194,196
2015-01-22,751,198,202
2015-01-22,772,230,235
2015-01-22,773,205,215
2015-01-22,793,231,236
2015-01-22,794,205,209
2015-01-22,795,201,203
2015-01-22,796,194,199
2015-01-22,797,386,391
2015-01-22,798,376,381
2015-01-22,799,366,371
2015-01-22,800,383,388
2015-01-22,801,371,376
2015-01-22,802,190,192
2015-01-22,838,38,53
2015-01-22,843,0.22,0.28
2015-01-22,845,1.5,1.7
2015-01-22,849,70,80
2015-01-22,851,1.5,1.7
2015-01-22,852,1.5,1.7
2015-01-22,853,0.66,0.78
2015-01-22,855,,
2015-01-22,856,0.66,0.78
2015-01-22,857,2.2,2.4
2015-01-22,860,2.5,2.7
2015-01-29,6,300,302
2015-01-29,7,302,304
2015-01-29,8,,
2015-01-29,10,255,259
2015-01-29,11,,
2015-01-29,12,,
2015-01-29,13,,
2015-01-29,14,202,205
2015-01-29,21,156,160
2015-01-29,22,164,166
2015-01-29,23,175,177
2015-01-29,24,,
2015-01-29,27,203,205
2015-01-29,28,170,172
2015-01-29,29,199,201
2015-01-29,32,408,417
2015-01-29,33,388,397
2015-01-29,34,379,387
2015-01-29,35,492,501
2015-01-29,36,482,492
2015-01-29,37,454,464
2015-01-29,38,594,600
2015-01-29,39,660,671
2015-01-29,40,129,130
2015-01-29,41,135,136
2015-01-29,42,169,172
2015-01-29,43,129,131
2015-01-29,44,,
2015-01-29,45,169,170
2015-01-29,46,175,176
2015-01-29,47,202,207
2015-01-29,48,127,128
2015-01-29,49,130,131
2015-01-29,50,143,145
2015-01-29,51,218,220
2015-01-29,52,371,375
2015-01-29,53,525,530
2015-01-29,54,238,243
2015-01-29,55,247,257
2015-01-29,56,,
2015-01-29,57,365,375
2015-01-29,58,678,688
2015-01-29,59,,
2015-01-29,60,208,218
2015-01-29,61,208,218
2015-01-29,62,380,390
2015-01-29,63,377,380
2015-01-29,64,,
2015-01-29,65,364,368
2015-01-29,66,,
2015-01-29,67,275,282
2015-01-29,68,407,408
2015-01-29,69,405,406
2015-01-29,70,447,448
2015-01-29,71,445,446
2015-01-29,72,421,423
2015-01-29,73,418,420
2015-01-29,74,513,515
2015-01-29,75,510,512
2015-01-29,76,171,175
2015-01-29,77,250,255
2015-01-29,78,275,280
2015-01-29,85,118,120
2015-01-29,86,113,115
2015-01-29,87,1900,1920
2015-01-29,88,2015,2020
2015-01-29,89,185,186
2015-01-29,90,181,184
2015-01-29,91,,
2015-01-29,92,172,174
2015-01-29,93,198,200
2015-01-29,94,,
2015-01-29,95,,
2015-01-29,96,,
2015-01-29,97,,
2015-01-29,98,705,720
2015-01-29,99,705,720
2015-01-29,100,610,625
2015-01-29,101,,
2015-01-29,102,,
2015-01-29,103,1390,1490
2015-01-29,104,1200,1300
2015-01-29,105,710,810
2015-01-29,106,660,760
2015-01-29,107,520,620
2015-01-29,108,630,730
2015-01-29,109,810,910
2015-01-29,110,315,325
2015-01-29,111,295,310
2015-01-29,112,200,215
2015-01-29,113,128,130
2015-01-29,114,107,110
2015-01-29,115,2250,2600
2015-01-29,116,220,240
2015-01-29,117,,
2015-01-29,118,,
2015-01-29,119,,
2015-01-29,120,,
2015-01-29,121,5200,5800
2015-01-29,122,4800,5200
2015-01-29,123,4300,4600
2015-01-29,124,,
2015-01-29,125,,
2015-01-29,126,,
2015-01-29,127,1100,1250
2015-01-29,128,,
2015-01-29,129,680,740
2015-01-29,130,500,540
2015-01-29,131,630,670
2015-01-29,132,450,480
2015-01-29,133,,
2015-01-29,134,,
2015-01-29,135,,
2015-01-29,136,710,800
2015-01-29,137,540,570
2015-01-29,138,,
2015-01-29,139,,
2015-01-29,140,3900,4200
2015-01-29,141,2300,2900
2015-01-29,142,1650,1850
2015-01-29,143,850,950
2015-01-29,144,,
2015-01-29,145,,
2015-01-29,146,1900,2100
2015-01-29,147,2100,2300
2015-01-29,148,,
2015-01-29,149,30,130
2015-01-29,150,60,90
2015-01-29,151,60,90
2015-01-29,152,40,60
2015-01-29,169,,
2015-01-29,170,0.95,1.05
2015-01-29,171,1.05,1.15
2015-01-29,172,1.2,1.3
2015-01-29,173,1.3,1.4
2015-01-29,174,1.3,1.4
2015-01-29,175,0.27,0.32
2015-01-29,176,0.44,0.48
2015-01-29,178,0.32,0.4
2015-01-29,183,4.8,5
2015-01-29,184,5.7,6
2015-01-29,186,1.6,1.8
2015-01-29,188,,
2015-01-29,189,,
2015-01-29,190,1.5,1.6
2015-01-29,193,2.4,2.6
2015-01-29,194,,
2015-01-29,195,,
2015-01-29,196,,
2015-01-29,197,1.15,1.4
2015-01-29,204,2.45,2.55
2015-01-29,206,,
2015-01-29,207,2.2,2.4
2015-01-29,209,1.5,1.7
2015-01-29,210,1.85,2.2
2015-01-29,211,2.05,2.35
2015-01-29,213,1.8,2
2015-01-29,221,48,65
2015-01-29,222,53,75
2015-01-29,223,,1.2
2015-01-29,230,5.6,5.9
2015-01-29,231,5.7,5.9
2015-01-29,232,6.2,6.4
2015-01-29,233,5.1,5.3
2015-01-29,234,1.9,2.1
2015-01-29,235,2.5,2.6
2015-01-29,236,2.3,2.4
2015-01-29,237,,
2015-01-29,238,,
2015-01-29,239,3.5,3.7
2015-01-29,240,,
2015-01-29,241,,
2015-01-29,242,,
2015-01-29,243,,
2015-01-29,244,3.3,3.8
2015-01-29,245,3,3.5
2015-01-29,246,3.5,4
2015-01-29,247,0.55,0.65
2015-01-29,248,0.55,0.65
2015-01-29,249,0.6,0.65
2015-01-29,250,0.75,0.85
2015-01-29,251,0.8,0.9
2015-01-29,252,0.8,0.9
2015-01-29,253,0.8,0.9
2015-01-29,254,0.65,0.75
2015-01-29,255,0.8,0.9
2015-01-29,256,1.2,1.5
2015-01-29,257,1.2,1.5
2015-01-29,258,1.2,1.5
2015-01-29,259,1.5,1.7
2015-01-29,260,1.6,1.75
2015-01-29,261,1.6,1.7
2015-01-29,262,1.7,1.8
2015-01-29,263,1.5,1.7
2015-01-29,264,1.6,1.7
2015-01-29,265,0.65,0.75
2015-01-29,266,0.8,0.95
2015-01-29,267,0.75,0.85
2015-01-29,268,0.9,1
2015-01-29,269,0.6,0.65
2015-01-29,270,1.5,1.6
2015-01-29,271,1.6,1.7
2015-01-29,272,1.5,1.6
2015-01-29,273,1.7,1.9
2015-01-29,274,1.7,1.9
2015-01-29,275,1.7,1.9
2015-01-29,276,1.85,1.9
2015-01-29,277,2.05,2.2
2015-01-29,278,1.85,2
2015-01-29,279,1.7,1.9
2015-01-29,280,1.3,1.5
2015-01-29,281,1.7,1.9
2015-01-29,282,1.2,1.4
2015-01-29,283,1.6,1.7
2015-01-29,284,1.5,1.6
2015-01-29,285,1.5,1.8
2015-01-29,286,1.7,1.9
2015-01-29,287,1.7,1.9
2015-01-29,288,1.5,1.6
2015-01-29,289,1.7,1.9
2015-01-29,290,1.7,1.9
2015-01-29,291,8,15
2015-01-29,292,,
2015-01-29,293,,
2015-01-29,294,,
2015-01-29,295,,
2015-01-29,296,,
2015-01-29,297,,
2015-01-29,298,,
2015-01-29,299,,
2015-01-29,300,,
2015-01-29,301,,
2015-01-29,302,,
2015-01-29,304,,
2015-01-29,305,,
2015-01-29,306,,
2015-01-29,307,,
2015-01-29,308,,
2015-01-29,309,,
2015-01-29,310,,
2015-01-29,311,,
2015-01-29,312,,
2015-01-29,313,,
2015-01-29,314,,
2015-01-29,315,,
2015-01-29,316,,
2015-01-29,317,,
2015-01-29,318,,
2015-01-29,319,,
2015-01-29,320,,
2015-01-29,321,,
2015-01-29,330,8.75,9.1
2015-01-29,331,8.15,8.5
2015-01-29,332,7.35,7.75
2015-01-29,339,,
2015-01-29,368,,127
2015-01-29,408,75,90
2015-01-29,416,65,80
2015-01-29,445,186,189
2015-01-29,451,347,352
2015-01-29,472,201,203
2015-01-29,481,1.7,1.9
2015-01-29,482,2.4,2.5
2015-01-29,483,,
2015-01-29,499,,
2015-01-29,500,,
2015-01-29,513,,
2015-01-29,514,2.3,2.5
2015-01-29,515,2.5,2.7
2015-01-29,590,2.25,2.45
2015-01-29,627,2.1,2.3
2015-01-29,629,100,115
2015-01-29,630,110,125
2015-01-29,642,,
2015-01-29,643,0.89,0.94
2015-01-29,644,0.98,1.08
2015-01-29,645,1.13,1.23
2015-01-29,646,1.13,1.23
2015-01-29,672,0.58,0.65
2015-01-29,674,2.5,2.7
2015-01-29,677,1.7,1.9
2015-01-29,681,2.45,2.55
2015-01-29,696,2.35,2.55
2015-01-29,703,230,235
2015-01-29,704,215,220
2015-01-29,705,170,175
2015-01-29,732,170,180
2015-01-29,750,192,194
2015-01-29,751,196,200
2015-01-29,772,230,235
2015-01-29,773,205,215
2015-01-29,793,230,235
2015-01-29,794,203,207
2015-01-29,795,198,200
2015-01-29,796,191,196
2015-01-29,797,383,388
2015-01-29,798,372,377
2015-01-29,799,362,367
2015-01-29,800,376,381
2015-01-29,801,364,369
2015-01-29,802,188,190
2015-01-29,838,38,53
2015-01-29,843,0.22,0.28
2015-01-29,845,1.5,1.7
2015-01-29,849,70,80
2015-01-29,851,1.5,1.7
2015-01-29,852,1.5,1.7
2015-01-29,853,0.66,0.78
2015-01-29,855,,
2015-01-29,856,0.66,0.78
2015-01-29,857,2.2,2.4
2015-01-29,860,2.5,2.7
2015-02-05,6,298,300
2015-02-05,7,300,302
2015-02-05,8,,
2015-02-05,10,253,257
2015-02-05,11,,
2015-02-05,12,,
2015-02-05,13,,
2015-02-05,14,202,205
2015-02-05,21,155,159
2015-02-05,22,163,165
2015-02-05,23,174,176
2015-02-05,24,,
2015-02-05,27,201,203
2015-02-05,28,167,169
2015-02-05,29,197,199
2015-02-05,32,408,417
2015-02-05,33,388,397
2015-02-05,34,379,387
2015-02-05,35,492,501
2015-02-05,36,482,492
2015-02-05,37,454,464
2015-02-05,38,594,600
2015-02-05,39,660,671
2015-02-05,40,126,127
2015-02-05,41,132,133
2015-02-05,42,166,169
2015-02-05,43,126,128
2015-02-05,44,,
2015-02-05,45,166,167
2015-02-05,46,172,173
2015-02-05,47,199,204
2015-02-05,48,124,125
2015-02-05,49,127,128
2015-02-05,50,140,142
2015-02-05,51,218,220
2015-02-05,52,371,375
2015-02-05,53,520,525
2015-02-05,54,238,243
2015-02-05,55,252,262
2015-02-05,56,,
2015-02-05,57,365,375
2015-02-05,58,681,691
2015-02-05,59,,
2015-02-05,60,205,215
2015-02-05,61,205,215
2015-02-05,62,380,390
2015-02-05,63,377,380
2015-02-05,64,,
2015-02-05,65,364,368
2015-02-05,66,,
2015-02-05,67,275,282
2015-02-05,68,397,398
2015-02-05,69,395,396
2015-02-05,70,437,438
2015-02-05,71,435,436
2015-02-05,72,411,413
2015-02-05,73,408,410
2015-02-05,74,503,505
2015-02-05,75,500,502
2015-02-05,76,171,175
2015-02-05,77,248,253
2015-02-05,78,275,280
2015-02-05,85,118,120
2015-02-05,86,113,115
2015-02-05,87,1900,1920
2015-02-05,88,2015,2020
2015-02-05,89,185,186
2015-02-05,90,181,184
2015-02-05,91,,
2015-02-05,92,168,170
2015-02-05,93,197,199
2015-02-05,94,,
2015-02-05,95,,
2015-02-05,96,,
2015-02-05,97,,
2015-02-05,98,705,720
2015-02-05,99,705,720
2015-02-05,100,610,625
2015-02-05,101,,
2015-02-05,102,,
2015-02-05,103,1390,1490
2015-02-05,104,1200,1300
2015-02-05,105,710,810
2015-02-05,106,660,760
2015-02-05,107,520,620
2015-02-05,108,630,730
2015-02-05,109,810,910
2015-02-05,110,315,325
2015-02-05,111,295,310
2015-02-05,112,200,215
2015-02-05,113,128,130
2015-02-05,114,107,110
2015-02-05,115,2250,2600
2015-02-05,116,220,240
2015-02-05,117,,
2015-02-05,118,,
2015-02-05,119,,
2015-02-05,120,,
2015-02-05,121,5200,5800
2015-02-05,122,4800,5200
2015-02-05,123,4300,4600
2015-02-05,124,,
2015-02-05,125,,
2015-02-05,126,,
2015-02-05,127,1100,1250
2015-02-05,128,,
2015-02-05,129,680,740
2015-02-05,130,500,540
2015-02-05,131,630,670
2015-02-05,132,450,480
2015-02-05,133,,
2015-02-05,134,,
2015-02-05,135,,
2015-02-05,136,710,800
2015-02-05,137,540,570
2015-02-05,138,,
2015-02-05,139,,
2015-02-05,140,3900,4200
2015-02-05,141,2300,2900
2015-02-05,142,1650,1850
2015-02-05,143,850,950
2015-02-05,144,,
2015-02-05,145,,
2015-02-05,146,1900,2100
2015-02-05,147,2100,2300
2015-02-05,148,,
2015-02-05,149,30,130
2015-02-05,150,60,90
2015-02-05,151,60,90
2015-02-05,152,40,60
2015-02-05,169,,
2015-02-05,170,0.95,1.05
2015-02-05,171,1.05,1.15
2015-02-05,172,1.2,1.3
2015-02-05,173,1.3,1.4
2015-02-05,174,1.3,1.4
2015-02-05,175,0.27,0.32
2015-02-05,176,0.44,0.48
2015-02-05,178,0.32,0.4
2015-02-05,183,4.8,5
2015-02-05,184,5.7,6
2015-02-05,186,1.6,1.8
2015-02-05,188,,
2015-02-05,189,,
2015-02-05,190,1.5,1.6
2015-02-05,193,2.4,2.6
2015-02-05,194,,
2015-02-05,195,,
2015-02-05,196,,
2015-02-05,197,1.15,1.4
2015-02-05,204,2.45,2.55
2015-02-05,206,,
2015-02-05,207,2.2,2.4
2015-02-05,209,1.5,1.7
2015-02-05,210,1.85,2.2
2015-02-05,211,2.05,2.35
2015-02-05,213,1.8,2
2015-02-05,221,48,65
2015-02-05,222,53,75
2015-02-05,223,,1.3
2015-02-05,230,5.6,5.9
2015-02-05,231,5.7,5.9
2015-02-05,232,6.2,6.4
2015-02-05,233,5.1,5.3
2015-02-05,234,1.9,2.1
2015-02-05,235,2.5,2.6
2015-02-05,236,2.3,2.4
2015-02-05,237,,
2015-02-05,238,,
2015-02-05,239,3.4,3.6
2015-02-05,240,,
2015-02-05,241,,
2015-02-05,242,,
2015-02-05,243,,
2015-02-05,244,3,3.2
2015-02-05,245,3,4
2015-02-05,246,3.3,3.6
2015-02-05,247,0.55,0.65
2015-02-05,248,0.55,0.65
2015-02-05,249,0.7,0.85
2015-02-05,250,0.75,0.85
2015-02-05,251,0.8,0.9
2015-02-05,252,0.8,0.9
2015-02-05,253,0.8,0.9
2015-02-05,254,0.65,0.75
2015-02-05,255,0.8,0.9
2015-02-05,256,1.2,1.5
2015-02-05,257,1.2,1.5
2015-02-05,258,1.2,1.5
2015-02-05,259,1.5,1.7
2015-02-05,260,1.6,1.75
2015-02-05,261,1.6,1.7
2015-02-05,262,1.7,1.8
2015-02-05,263,1.5,1.7
2015-02-05,264,1.6,1.7
2015-02-05,265,0.65,0.75
2015-02-05,266,0.8,0.95
2015-02-05,267,0.75,0.85
2015-02-05,268,0.9,1
2015-02-05,269,0.6,0.65
2015-02-05,270,1.5,1.6
2015-02-05,271,1.6,1.7
2015-02-05,272,1.5,1.6
2015-02-05,273,1.7,1.9
2015-02-05,274,1.7,1.9
2015-02-05,275,1.7,1.9
2015-02-05,276,1.85,1.9
2015-02-05,277,2.05,2.2
2015-02-05,278,1.85,2
2015-02-05,279,1.7,1.9
2015-02-05,280,1.3,1.5
2015-02-05,281,1.7,1.9
2015-02-05,282,1.2,1.4
2015-02-05,283,1.6,1.7
2015-02-05,284,1.5,1.6
2015-02-05,285,1.5,1.8
2015-02-05,286,1.7,1.9
2015-02-05,287,1.7,1.9
2015-02-05,288,1.5,1.6
2015-02-05,289,1.7,1.9
2015-02-05,290,1.7,1.9
2015-02-05,291,8,15
2015-02-05,292,,
2015-02-05,293,,
2015-02-05,294,,
2015-02-05,295,,
2015-02-05,296,,
2015-02-05,297,,
2015-02-05,298,,
2015-02-05,299,,
2015-02-05,300,,
2015-02-05,301,,
2015-02-05,302,,
2015-02-05,304,,
2015-02-05,305,,
2015-02-05,306,,
2015-02-05,307,,
2015-02-05,308,,
2015-02-05,309,,
2015-02-05,310,,
2015-02-05,311,,
2015-02-05,312,,
2015-02-05,313,,
2015-02-05,314,,
2015-02-05,315,,
2015-02-05,316,,
2015-02-05,317,,
2015-02-05,318,,
2015-02-05,319,,
2015-02-05,320,,
2015-02-05,321,,
2015-02-05,330,8.75,9.1
2015-02-05,331,8.15,8.5
2015-02-05,332,7.35,7.75
2015-02-05,339,,
2015-02-05,368,,127
2015-02-05,408,75,90
2015-02-05,416,65,80
2015-02-05,445,184,187
2015-02-05,451,340,345
2015-02-05,472,201,203
2015-02-05,481,1.7,1.9
2015-02-05,482,2.4,2.5
2015-02-05,483,,
2015-02-05,499,,
2015-02-05,500,,
2015-02-05,513,,
2015-02-05,514,2.3,2.5
2015-02-05,515,2.5,2.7
2015-02-05,590,2.25,2.45
2015-02-05,627,2.1,2.3
2015-02-05,629,100,115
2015-02-05,630,110,125
2015-02-05,642,,
2015-02-05,643,0.89,0.94
2015-02-05,644,0.98,1.08
2015-02-05,645,1.13,1.23
2015-02-05,646,1.13,1.23
2015-02-05,672,0.58,0.65
2015-02-05,674,2.5,2.7
2015-02-05,677,1.7,1.9
2015-02-05,681,2.45,2.55
2015-02-05,696,2.35,2.55
2015-02-05,703,230,235
2015-02-05,704,215,220
2015-02-05,705,170,175
2015-02-05,732,170,180
2015-02-05,750,190,192
2015-02-05,751,194,198
2015-02-05,772,230,235
2015-02-05,773,205,215
2015-02-05,793,230,235
2015-02-05,794,201,205
2015-02-05,795,196,198
2015-02-05,796,189,194
2015-02-05,797,378,383
2015-02-05,798,367,372
2015-02-05,799,357,362
2015-02-05,800,369,374
2015-02-05,801,357,362
2015-02-05,802,186,188
2015-02-05,838,38,53
2015-02-05,843,0.22,0.28
2015-02-05,845,1.5,1.7
2015-02-05,849,70,80
2015-02-05,851,1.5,1.7
2015-02-05,852,1.5,1.7
2015-02-05,853,0.68,0.78
2015-02-05,856,0.68,0.78
2015-02-05,857,2.2,2.4
2015-02-05,860,2.5,2.7
2015-02-05,861,,
2015-02-12,6,296,298
2015-02-12,7,298,300
2015-02-12,8,,
2015-02-12,10,251,255
2015-02-12,11,,
2015-02-12,12,,
2015-02-12,13,,
2015-02-12,14,201,204
2015-02-12,21,155,159
2015-02-12,22,163,165
2015-02-12,23,174,176
2015-02-12,24,,
2015-02-12,27,200,202
2015-02-12,28,165,167
2015-02-12,29,197,199
2015-02-12,32,403,412
2015-02-12,33,383,392
2015-02-12,34,374,382
2015-02-12,35,487,496
2015-02-12,36,477,487
2015-02-12,37,449,459
2015-02-12,38,584,590
2015-02-12,39,650,661
2015-02-12,40,119,120
2015-02-12,41,125,126
2015-02-12,42,161,164
2015-02-12,43,123,125
2015-02-12,44,,
2015-02-12,45,159,160
2015-02-12,46,165,166
2015-02-12,47,194,199
2015-02-12,48,117,118
2015-02-12,49,124,125
2015-02-12,50,136,138
2015-02-12,51,218,220
2015-02-12,52,371,375
2015-02-12,53,515,520
2015-02-12,54,238,243
2015-02-12,55,252,262
2015-02-12,56,,
2015-02-12,57,365,375
2015-02-12,58,681,691
2015-02-12,59,,
2015-02-12,60,198,208
2015-02-12,61,198,208
2015-02-12,62,,
2015-02-12,63,377,380
2015-02-12,64,,
2015-02-12,65,364,368
2015-02-12,66,,
2015-02-12,67,275,282
2015-02-12,68,389,390
2015-02-12,69,387,388
2015-02-12,70,429,430
2015-02-12,71,427,428
2015-02-12,72,406,408
2015-02-12,73,403,405
2015-02-12,74,498,500
2015-02-12,75,495,497
2015-02-12,76,171,175
2015-02-12,77,248,253
2015-02-12,78,275,280
2015-02-12,85,118,120
2015-02-12,86,113,115
2015-02-12,87,1880,1900
2015-02-12,88,1995,2000
2015-02-12,89,185,186
2015-02-12,90,181,184
2015-02-12,91,,
2015-02-12,92,168,170
2015-02-12,93,197,199
2015-02-12,94,,
2015-02-12,95,,
2015-02-12,96,,
2015-02-12,97,,
2015-02-12,98,735,750
2015-02-12,99,735,750
2015-02-12,100,610,625
2015-02-12,101,,
2015-02-12,102,,
2015-02-12,103,1450,1550
2015-02-12,104,1200,1300
2015-02-12,105,710,810
2015-02-12,106,660,760
2015-02-12,107,520,620
2015-02-12,108,630,730
2015-02-12,109,810,910
2015-02-12,110,315,325
2015-02-12,111,295,310
2015-02-12,112,200,215
2015-02-12,113,128,130
2015-02-12,114,107,110
2015-02-12,115,2250,2600
2015-02-12,116,220,240
2015-02-12,117,,
2015-02-12,118,,
2015-02-12,119,,
2015-02-12,120,,
2015-02-12,121,5200,5800
2015-02-12,122,4800,5200
2015-02-12,123,4300,4600
2015-02-12,124,,
2015-02-12,125,,
2015-02-12,126,,
2015-02-12,127,1100,1250
2015-02-12,128,,
2015-02-12,129,680,740
2015-02-12,130,500,540
2015-02-12,131,630,670
2015-02-12,132,450,480
2015-02-12,133,,
2015-02-12,134,,
2015-02-12,135,,
2015-02-12,136,,
2015-02-12,137,,
2015-02-12,138,,
2015-02-12,139,,
2015-02-12,140,3900,4200
2015-02-12,141,2300,2900
2015-02-12,142,1650,1850
2015-02-12,143,850,950
2015-02-12,144,,
2015-02-12,145,,
2015-02-12,146,1900,2100
2015-02-12,147,2100,2300
2015-02-12,148,,
2015-02-12,149,30,130
2015-02-12,150,60,90
2015-02-12,151,60,90
2015-02-12,152,40,60
2015-02-12,169,,
2015-02-12,170,0.95,1.05
2015-02-12,171,1.05,1.15
2015-02-12,172,1.2,1.3
2015-02-12,173,1.3,1.4
2015-02-12,174,1.3,1.4
2015-02-12,175,0.27,0.32
2015-02-12,176,0.44,0.48
2015-02-12,178,0.32,0.4
2015-02-12,183,4.8,5
2015-02-12,184,5.7,6
2015-02-12,186,1.7,1.9
2015-02-12,188,,
2015-02-12,189,,
2015-02-12,190,1.5,1.6
2015-02-12,193,2.4,2.6
2015-02-12,194,,
2015-02-12,195,,
2015-02-12,196,,
2015-02-12,197,1.15,1.4
2015-02-12,204,2.45,2.55
2015-02-12,206,,
2015-02-12,207,2.2,2.4
2015-02-12,209,1.5,1.7
2015-02-12,210,1.9,2.25
2015-02-12,211,2.15,2.45
2015-02-12,213,1.8,2
2015-02-12,221,48,65
2015-02-12,222,53,75
2015-02-12,223,,1.3
2015-02-12,230,5.6,5.9
2015-02-12,231,5.7,5.9
2015-02-12,232,6.2,6.4
2015-02-12,233,5.1,5.3
2015-02-12,234,1.9,2.1
2015-02-12,235,2.5,2.6
2015-02-12,236,2.3,2.4
2015-02-12,237,,
2015-02-12,238,,
2015-02-12,239,3.4,3.6
2015-02-12,240,,
2015-02-12,241,,
2015-02-12,242,,
2015-02-12,243,,
2015-02-12,244,3,3.2
2015-02-12,245,3,4
2015-02-12,246,3.3,3.6
2015-02-12,247,0.55,0.65
2015-02-12,248,0.55,0.65
2015-02-12,249,0.7,0.85
2015-02-12,250,0.75,0.85
2015-02-12,251,0.8,0.9
2015-02-12,252,0.8,0.9
2015-02-12,253,0.8,0.9
2015-02-12,254,0.65,0.75
2015-02-12,255,0.8,0.9
2015-02-12,256,1.2,1.5
2015-02-12,257,1.2,1.5
2015-02-12,258,1.2,1.5
2015-02-12,259,1.5,1.7
2015-02-12,260,1.6,1.75
2015-02-12,261,1.6,1.7
2015-02-12,262,1.7,1.8
2015-02-12,263,1.5,1.7
2015-02-12,264,1.6,1.7
2015-02-12,265,0.65,0.75
2015-02-12,266,0.8,0.95
2015-02-12,267,0.75,0.85
2015-02-12,268,0.9,1
2015-02-12,269,0.6,0.65
2015-02-12,270,1.5,1.6
2015-02-12,271,1.6,1.7
2015-02-12,272,1.5,1.6
2015-02-12,273,1.7,1.9
2015-02-12,274,1.7,1.9
2015-02-12,275,1.7,1.9
2015-02-12,276,1.85,1.9
2015-02-12,277,2.05,2.2
2015-02-12,278,1.85,2
2015-02-12,279,1.7,1.9
2015-02-12,280,1.3,1.5
2015-02-12,281,1.7,1.9
2015-02-12,282,1.2,1.4
2015-02-12,283,1.6,1.7
2015-02-12,284,1.5,1.6
2015-02-12,285,1.5,1.8
2015-02-12,286,1.7,1.9
2015-02-12,287,1.7,1.9
2015-02-12,288,1.5,1.6
2015-02-12,289,1.7,1.9
2015-02-12,290,1.7,1.9
2015-02-12,291,8,15
2015-02-12,292,,
2015-02-12,293,,
2015-02-12,294,,
2015-02-12,295,,
2015-02-12,296,,
2015-02-12,297,,
2015-02-12,298,,
2015-02-12,299,,
2015-02-12,300,,
2015-02-12,301,,
2015-02-12,302,,
2015-02-12,304,,
2015-02-12,305,,
2015-02-12,306,,
2015-02-12,307,,
2015-02-12,308,,
2015-02-12,309,,
2015-02-12,310,,
2015-02-12,311,,
2015-02-12,312,,
2015-02-12,313,,
2015-02-12,314,,
2015-02-12,315,,
2015-02-12,316,,
2015-02-12,317,,
2015-02-12,318,,
2015-02-12,319,,
2015-02-12,320,,
2015-02-12,321,,
2015-02-12,330,8.75,9.1
2015-02-12,331,8.15,8.5
2015-02-12,332,7.35,7.75
2015-02-12,339,,
2015-02-12,368,,127
2015-02-12,408,75,90
2015-02-12,416,65,80
2015-02-12,445,184,187
2015-02-12,451,330,335
2015-02-12,472,201,203
2015-02-12,481,1.7,1.9
2015-02-12,482,2.4,2.5
2015-02-12,483,,
2015-02-12,499,,
2015-02-12,500,,
2015-02-12,513,,
2015-02-12,514,2.3,2.5
2015-02-12,515,2.5,2.7
2015-02-12,590,2.25,2.45
2015-02-12,627,2.1,2.3
2015-02-12,629,100,115
2015-02-12,630,110,125
2015-02-12,642,,
2015-02-12,643,0.89,0.94
2015-02-12,644,0.98,1.08
2015-02-12,645,1.13,1.23
2015-02-12,646,1.13,1.23
2015-02-12,672,0.58,0.65
2015-02-12,674,2.5,2.7
2015-02-12,677,1.7,1.9
2015-02-12,681,2.45,2.55
2015-02-12,696,2.35,2.55
2015-02-12,703,230,235
2015-02-12,704,215,220
2015-02-12,705,170,175
2015-02-12,732,170,180
2015-02-12,750,189,191
2015-02-12,751,193,197
2015-02-12,772,230,235
2015-02-12,773,205,215
2015-02-12,793,230,235
2015-02-12,794,198,202
2015-02-12,795,193,195
2015-02-12,796,187,192
2015-02-12,797,368,373
2015-02-12,798,357,362
2015-02-12,799,347,352
2015-02-12,800,359,364
2015-02-12,801,347,352
2015-02-12,802,185,187
2015-02-12,838,38,53
2015-02-12,843,0.22,0.28
2015-02-12,845,1.5,1.7
2015-02-12,849,70,80
2015-02-12,851,1.55,1.75
2015-02-12,852,1.5,1.7
2015-02-12,853,0.7,0.78
2015-02-12,856,0.7,0.78
2015-02-12,857,2.2,2.4
2015-02-12,860,,
2015-02-12,861,1.5,1.7
2015-02-12,862,,
2015-02-19,6,296,298
2015-02-19,7,298,300
2015-02-19,8,,
2015-02-19,10,251,255
2015-02-19,11,,
2015-02-19,12,,
2015-02-19,13,,
2015-02-19,14,201,204
2015-02-19,21,155,159
2015-02-19,22,163,165
2015-02-19,23,174,176
2015-02-19,24,,
2015-02-19,27,198,200
2015-02-19,28,165,167
2015-02-19,29,197,199
2015-02-19,32,398,407
2015-02-19,33,378,387
2015-02-19,34,369,377
2015-02-19,35,482,491
2015-02-19,36,472,482
2015-02-19,37,444,454
2015-02-19,38,577,583
2015-02-19,39,643,654
2015-02-19,40,114,115
2015-02-19,41,120,121
2015-02-19,42,156,159
2015-02-19,43,121,123
2015-02-19,44,,
2015-02-19,45,154,155
2015-02-19,46,160,161
2015-02-19,47,189,194
2015-02-19,48,112,113
2015-02-19,49,122,123
2015-02-19,50,131,133
2015-02-19,51,218,220
2015-02-19,52,371,375
2015-02-19,53,515,520
2015-02-19,54,238,243
2015-02-19,55,252,262
2015-02-19,56,,
2015-02-19,57,365,375
2015-02-19,58,681,691
2015-02-19,59,,
2015-02-19,60,193,203
2015-02-19,61,193,203
2015-02-19,62,,
2015-02-19,63,377,380
2015-02-19,64,,
2015-02-19,65,364,368
2015-02-19,66,,
2015-02-19,67,275,282
2015-02-19,68,399,400
2015-02-19,69,397,398
2015-02-19,70,434,435
2015-02-19,71,432,433
2015-02-19,72,413,415
2015-02-19,73,410,412
2015-02-19,74,503,505
2015-02-19,75,500,502
2015-02-19,76,176,180
2015-02-19,77,243,248
2015-02-19,78,273,278
2015-02-19,85,118,120
2015-02-19,86,113,115
2015-02-19,87,1860,1880
2015-02-19,88,1975,1980
2015-02-19,89,185,186
2015-02-19,90,181,184
2015-02-19,91,,
2015-02-19,92,168,170
2015-02-19,93,197,199
2015-02-19,94,,
2015-02-19,95,,
2015-02-19,96,,
2015-02-19,97,,
2015-02-19,98,735,750
2015-02-19,99,735,750
2015-02-19,100,610,625
2015-02-19,101,,
2015-02-19,102,,
2015-02-19,103,1450,1550
2015-02-19,104,1200,1300
2015-02-19,105,710,810
2015-02-19,106,660,760
2015-02-19,107,540,640
2015-02-19,108,650,750
2015-02-19,109,810,910
2015-02-19,110,315,325
2015-02-19,111,295,310
2015-02-19,112,200,215
2015-02-19,113,128,130
2015-02-19,114,107,110
2015-02-19,115,2250,2600
2015-02-19,116,220,240
2015-02-19,117,,
2015-02-19,118,,
2015-02-19,119,,
2015-02-19,120,,
2015-02-19,121,5200,5800
2015-02-19,122,4800,5200
2015-02-19,123,4300,4600
2015-02-19,124,,
2015-02-19,125,,
2015-02-19,126,,
2015-02-19,127,1100,1200
2015-02-19,128,,
2015-02-19,129,680,740
2015-02-19,130,500,540
2015-02-19,131,630,670
2015-02-19,132,450,480
2015-02-19,133,,
2015-02-19,134,,
2015-02-19,135,,
2015-02-19,136,,
2015-02-19,137,,
2015-02-19,138,,
2015-02-19,139,,
2015-02-19,140,3900,4200
2015-02-19,141,2300,2900
2015-02-19,142,1650,1850
2015-02-19,143,850,950
2015-02-19,144,,
2015-02-19,145,,
2015-02-19,146,1900,2100
2015-02-19,147,2100,2300
2015-02-19,148,,
2015-02-19,149,30,130
2015-02-19,150,60,90
2015-02-19,151,60,90
2015-02-19,152,40,60
2015-02-19,169,,
2015-02-19,170,0.95,1.05
2015-02-19,171,1.05,1.15
2015-02-19,172,1.2,1.3
2015-02-19,173,1.3,1.4
2015-02-19,174,1.3,1.4
2015-02-19,175,0.27,0.32
2015-02-19,176,0.43,0.47
2015-02-19,178,0.32,0.4
2015-02-19,183,4.8,5
2015-02-19,184,5.7,6
2015-02-19,186,1.7,1.9
2015-02-19,188,,
2015-02-19,189,,
2015-02-19,190,1.5,1.6
2015-02-19,193,2.4,2.6
2015-02-19,194,,
2015-02-19,195,,
2015-02-19,196,,
2015-02-19,197,1.15,1.4
2015-02-19,204,2.45,2.55
2015-02-19,206,,
2015-02-19,207,2.2,2.4
2015-02-19,209,1.5,1.7
2015-02-19,210,1.9,2.25
2015-02-19,211,2.15,2.45
2015-02-19,213,1.8,2
2015-02-19,221,50,67
2015-02-19,222,55,80
2015-02-19,223,,1.4
2015-02-19,230,5.6,5.9
2015-02-19,231,5.7,5.9
2015-02-19,232,6.2,6.4
2015-02-19,233,5.1,5.3
2015-02-19,234,1.9,2.1
2015-02-19,235,2.5,2.6
2015-02-19,236,2.3,2.4
2015-02-19,237,,
2015-02-19,238,,
2015-02-19,239,3.4,3.6
2015-02-19,240,,
2015-02-19,241,,
2015-02-19,242,,
2015-02-19,243,,
2015-02-19,244,3,3.2
2015-02-19,245,3,4
2015-02-19,246,3.3,3.6
2015-02-19,247,0.55,0.65
2015-02-19,248,0.55,0.65
2015-02-19,249,0.7,0.85
2015-02-19,250,0.75,0.85
2015-02-19,251,0.8,0.9
2015-02-19,252,0.8,0.9
2015-02-19,253,0.8,0.9
2015-02-19,254,0.65,0.75
2015-02-19,255,0.8,0.9
2015-02-19,256,1.2,1.5
2015-02-19,257,1.2,1.5
2015-02-19,258,1.2,1.5
2015-02-19,259,1.5,1.7
2015-02-19,260,1.6,1.75
2015-02-19,261,1.6,1.7
2015-02-19,262,1.7,1.8
2015-02-19,263,1.5,1.7
2015-02-19,264,1.6,1.7
2015-02-19,265,0.65,0.75
2015-02-19,266,0.8,0.95
2015-02-19,267,0.75,0.85
2015-02-19,268,0.9,1
2015-02-19,269,0.6,0.65
2015-02-19,270,1.5,1.6
2015-02-19,271,1.6,1.7
2015-02-19,272,1.5,1.6
2015-02-19,273,1.7,1.9
2015-02-19,274,1.7,1.9
2015-02-19,275,1.7,1.9
2015-02-19,276,1.85,1.9
2015-02-19,277,2.05,2.2
2015-02-19,278,1.85,2
2015-02-19,279,1.7,1.9
2015-02-19,280,1.3,1.5
2015-02-19,281,1.7,1.9
2015-02-19,282,1.2,1.4
2015-02-19,283,1.6,1.7
2015-02-19,284,1.5,1.6
2015-02-19,285,1.5,1.8
2015-02-19,286,1.7,1.9
2015-02-19,287,1.7,1.9
2015-02-19,288,1.5,1.6
2015-02-19,289,1.7,1.9
2015-02-19,290,1.7,1.9
2015-02-19,291,8,15
2015-02-19,292,,
2015-02-19,293,,
2015-02-19,294,,
2015-02-19,295,,
2015-02-19,296,,
2015-02-19,297,,
2015-02-19,298,,
2015-02-19,299,,
2015-02-19,300,,
2015-02-19,301,,
2015-02-19,302,,
2015-02-19,304,,
2015-02-19,305,,
2015-02-19,306,,
2015-02-19,307,,
2015-02-19,308,,
2015-02-19,309,,
2015-02-19,310,,
2015-02-19,311,,
2015-02-19,312,,
2015-02-19,313,,
2015-02-19,314,,
2015-02-19,315,,
2015-02-19,316,,
2015-02-19,317,,
2015-02-19,318,,
2015-02-19,319,,
2015-02-19,320,,
2015-02-19,321,,
2015-02-19,330,8.75,9.1
2015-02-19,331,8.15,8.5
2015-02-19,332,7.35,7.75
2015-02-19,339,,
2015-02-19,368,,127
2015-02-19,408,75,90
2015-02-19,416,65,80
2015-02-19,445,184,187
2015-02-19,451,325,330
2015-02-19,472,201,203
2015-02-19,481,1.7,1.9
2015-02-19,482,2.4,2.5
2015-02-19,483,,
2015-02-19,499,,
2015-02-19,500,,
2015-02-19,513,2.6,2.8
2015-02-19,514,2.3,2.5
2015-02-19,515,2.5,2.7
2015-02-19,590,2.25,2.45
2015-02-19,627,2.1,2.3
2015-02-19,629,100,110
2015-02-19,630,110,120
2015-02-19,642,,
2015-02-19,643,0.89,0.94
2015-02-19,644,0.98,1.08
2015-02-19,645,1.13,1.23
2015-02-19,646,1.13,1.23
2015-02-19,672,0.58,0.65
2015-02-19,674,,
2015-02-19,677,1.7,1.9
2015-02-19,681,2.45,2.55
2015-02-19,696,2.35,2.55
2015-02-19,703,230,235
2015-02-19,704,215,220
2015-02-19,705,165,170
2015-02-19,732,170,180
2015-02-19,750,188,190
2015-02-19,751,192,196
2015-02-19,772,230,235
2015-02-19,773,205,215
2015-02-19,793,230,235
2015-02-19,794,198,202
2015-02-19,795,193,195
2015-02-19,796,187,192
2015-02-19,797,363,368
2015-02-19,798,352,357
2015-02-19,799,342,347
2015-02-19,800,354,359
2015-02-19,801,342,347
2015-02-19,802,184,186
2015-02-19,838,38,53
2015-02-19,843,0.2,0.28
2015-02-19,845,1.6,1.8
2015-02-19,849,70,80
2015-02-19,851,1.55,1.75
2015-02-19,852,1.6,1.8
2015-02-19,853,0.7,0.78
2015-02-19,856,0.7,0.78
2015-02-19,857,2.2,2.4
2015-02-19,860,,
2015-02-19,861,1.5,1.7
2015-02-19,862,2.25,2.45
2015-02-26,6,296,298
2015-02-26,7,298,300
2015-02-26,8,,
2015-02-26,10,251,255
2015-02-26,11,,
2015-02-26,12,,
2015-02-26,13,,
2015-02-26,14,201,204
2015-02-26,21,155,159
2015-02-26,22,163,165
2015-02-26,23,174,176
2015-02-26,24,,
2015-02-26,27,198,200
2015-02-26,28,165,167
2015-02-26,29,197,199
2015-02-26,32,398,407
2015-02-26,33,378,387
2015-02-26,34,369,377
2015-02-26,35,482,491
2015-02-26,36,472,482
2015-02-26,37,444,454
2015-02-26,38,577,583
2015-02-26,39,643,654
2015-02-26,40,114,115
2015-02-26,41,120,121
2015-02-26,42,156,159
2015-02-26,43,121,123
2015-02-26,44,,
2015-02-26,45,154,155
2015-02-26,46,160,161
2015-02-26,47,189,194
2015-02-26,48,112,113
2015-02-26,49,122,123
2015-02-26,50,131,133
2015-02-26,51,218,220
2015-02-26,52,371,375
2015-02-26,53,515,520
2015-02-26,54,238,243
2015-02-26,55,252,262
2015-02-26,56,,
2015-02-26,57,365,375
2015-02-26,58,681,691
2015-02-26,59,,
2015-02-26,60,193,203
2015-02-26,61,193,203
2015-02-26,62,,
2015-02-26,63,382,385
2015-02-26,64,,
2015-02-26,65,369,373
2015-02-26,66,,
2015-02-26,67,275,282
2015-02-26,68,402,403
2015-02-26,69,400,401
2015-02-26,70,441,442
2015-02-26,71,439,440
2015-02-26,72,415,417
2015-02-26,73,412,414
2015-02-26,74,510,512
2015-02-26,75,507,509
2015-02-26,76,181,185
2015-02-26,77,243,248
2015-02-26,78,275,280
2015-02-26,85,118,120
2015-02-26,86,113,115
2015-02-26,87,1850,1870
2015-02-26,88,1965,1970
2015-02-26,89,185,186
2015-02-26,90,181,184
2015-02-26,91,,
2015-02-26,92,166,168
2015-02-26,93,197,199
2015-02-26,94,,
2015-02-26,95,,
2015-02-26,96,,
2015-02-26,97,,
2015-02-26,98,735,750
2015-02-26,99,735,750
2015-02-26,100,610,625
2015-02-26,101,,
2015-02-26,102,,
2015-02-26,103,1450,1550
2015-02-26,104,1200,1300
2015-02-26,105,710,810
2015-02-26,106,660,760
2015-02-26,107,550,650
2015-02-26,108,660,760
2015-02-26,109,810,910
2015-02-26,110,315,325
2015-02-26,111,295,310
2015-02-26,112,200,215
2015-02-26,113,128,130
2015-02-26,114,107,110
2015-02-26,115,2250,2600
2015-02-26,116,220,240
2015-02-26,117,,
2015-02-26,118,,
2015-02-26,119,,
2015-02-26,120,,
2015-02-26,121,5200,5800
2015-02-26,122,4800,5200
2015-02-26,123,4300,4600
2015-02-26,124,,
2015-02-26,125,,
2015-02-26,126,,
2015-02-26,127,1100,1200
2015-02-26,128,,
2015-02-26,129,680,740
2015-02-26,130,500,540
2015-02-26,131,630,670
2015-02-26,132,450,480
2015-02-26,133,,
2015-02-26,134,,
2015-02-26,135,,
2015-02-26,136,,
2015-02-26,137,,
2015-02-26,138,,
2015-02-26,139,,
2015-02-26,140,3900,4200
2015-02-26,141,2300,2900
2015-02-26,142,1650,1850
2015-02-26,143,850,950
2015-02-26,144,,
2015-02-26,145,,
2015-02-26,146,1900,2100
2015-02-26,147,2100,2300
2015-02-26,148,,
2015-02-26,149,30,130
2015-02-26,150,60,90
2015-02-26,151,60,90
2015-02-26,152,40,60
2015-02-26,169,,
2015-02-26,170,0.95,1.05
2015-02-26,171,1.05,1.15
2015-02-26,172,1.2,1.3
2015-02-26,173,1.3,1.4
2015-02-26,174,1.3,1.4
2015-02-26,175,0.27,0.32
2015-02-26,176,0.43,0.47
2015-02-26,178,0.32,0.4
2015-02-26,183,4.8,5
2015-02-26,184,5.7,6
2015-02-26,186,1.9,2.1
2015-02-26,188,,
2015-02-26,189,,
2015-02-26,190,1.55,1.65
2015-02-26,193,2.4,2.6
2015-02-26,194,,
2015-02-26,195,,
2015-02-26,196,,
2015-02-26,197,1.2,1.45
2015-02-26,204,2.45,2.55
2015-02-26,206,,
2015-02-26,207,2.2,2.4
2015-02-26,209,1.6,1.8
2015-02-26,210,1.9,2.25
2015-02-26,211,2.15,2.45
2015-02-26,213,1.8,2
2015-02-26,221,50,67
2015-02-26,222,55,80
2015-02-26,223,,1.4
2015-02-26,230,5.6,5.9
2015-02-26,231,5.7,5.9
2015-02-26,232,6.2,6.4
2015-02-26,233,5.1,5.3
2015-02-26,234,1.9,2.1
2015-02-26,235,2.5,2.6
2015-02-26,236,2.3,2.4
2015-02-26,237,,
2015-02-26,238,,
2015-02-26,239,3.4,3.6
2015-02-26,240,,
2015-02-26,241,,
2015-02-26,242,,
2015-02-26,243,,
2015-02-26,244,3,3.2
2015-02-26,245,3,4
2015-02-26,246,3.3,3.6
2015-02-26,247,0.55,0.65
2015-02-26,248,0.55,0.65
2015-02-26,249,0.7,0.85
2015-02-26,250,0.75,0.85
2015-02-26,251,0.8,0.9
2015-02-26,252,0.8,0.9
2015-02-26,253,0.8,0.9
2015-02-26,254,0.65,0.75
2015-02-26,255,0.8,0.9
2015-02-26,256,1.2,1.5
2015-02-26,257,1.2,1.5
2015-02-26,258,1.2,1.5
2015-02-26,259,1.5,1.7
2015-02-26,260,1.6,1.75
2015-02-26,261,1.6,1.7
2015-02-26,262,1.7,1.8
2015-02-26,263,1.5,1.7
2015-02-26,264,1.6,1.7
2015-02-26,265,0.65,0.75
2015-02-26,266,0.8,0.95
2015-02-26,267,0.75,0.85
2015-02-26,268,0.9,1
2015-02-26,269,0.6,0.65
2015-02-26,270,1.5,1.6
2015-02-26,271,1.6,1.7
2015-02-26,272,1.5,1.6
2015-02-26,273,1.7,1.9
2015-02-26,274,1.7,1.9
2015-02-26,275,1.7,1.9
2015-02-26,276,1.85,1.9
2015-02-26,277,2.05,2.2
2015-02-26,278,1.85,2
2015-02-26,279,1.7,1.9
2015-02-26,280,1.3,1.5
2015-02-26,281,1.7,1.9
2015-02-26,282,1.2,1.4
2015-02-26,283,1.6,1.7
2015-02-26,284,1.5,1.6
2015-02-26,285,1.5,1.8
2015-02-26,286,1.7,1.9
2015-02-26,287,1.7,1.9
2015-02-26,288,1.5,1.6
2015-02-26,289,1.7,1.9
2015-02-26,290,1.7,1.9
2015-02-26,291,8,15
2015-02-26,292,,
2015-02-26,293,,
2015-02-26,294,,
2015-02-26,295,,
2015-02-26,296,,
2015-02-26,297,,
2015-02-26,298,,
2015-02-26,299,,
2015-02-26,300,,
2015-02-26,301,,
2015-02-26,302,,
2015-02-26,304,,
2015-02-26,305,,
2015-02-26,306,,
2015-02-26,307,,
2015-02-26,308,,
2015-02-26,309,,
2015-02-26,310,,
2015-02-26,311,,
2015-02-26,312,,
2015-02-26,313,,
2015-02-26,314,,
2015-02-26,315,,
2015-02-26,316,,
2015-02-26,317,,
2015-02-26,318,,
2015-02-26,319,,
2015-02-26,320,,
2015-02-26,321,,
2015-02-26,330,8.75,9.1
2015-02-26,331,8.15,8.5
2015-02-26,332,7.35,7.75
2015-02-26,339,,
2015-02-26,368,,122
2015-02-26,408,75,85
2015-02-26,416,65,75
2015-02-26,445,184,187
2015-02-26,451,325,330
2015-02-26,472,201,203
2015-02-26,481,1.75,1.95
2015-02-26,482,2.4,2.5
2015-02-26,483,,
2015-02-26,499,,
2015-02-26,500,,
2015-02-26,513,2.6,2.8
2015-02-26,514,2.3,2.5
2015-02-26,515,2.5,2.7
2015-02-26,590,2.25,2.45
2015-02-26,627,2.1,2.3
2015-02-26,629,100,105
2015-02-26,630,110,115
2015-02-26,642,,
2015-02-26,643,0.89,0.94
2015-02-26,644,0.98,1.08
2015-02-26,645,1.13,1.23
2015-02-26,646,1.13,1.23
2015-02-26,672,0.58,0.65
2015-02-26,677,1.8,2
2015-02-26,681,2.45,2.55
2015-02-26,696,2.35,2.55
2015-02-26,703,230,235
2015-02-26,704,215,220
2015-02-26,705,165,170
2015-02-26,732,170,180
2015-02-26,750,188,190
2015-02-26,751,192,196
2015-02-26,772,230,235
2015-02-26,773,205,215
2015-02-26,793,230,235
2015-02-26,794,198,202
2015-02-26,795,193,195
2015-02-26,796,187,192
2015-02-26,797,363,368
2015-02-26,798,352,357
2015-02-26,799,342,347
2015-02-26,800,354,359
2015-02-26,801,342,347
2015-02-26,802,184,186
2015-02-26,838,38,48
2015-02-26,843,0.2,0.28
2015-02-26,845,1.6,1.8
2015-02-26,849,70,75
2015-02-26,851,1.55,1.75
2015-02-26,852,1.6,1.8
2015-02-26,853,0.7,0.78
2015-02-26,856,0.7,0.78
2015-02-26,857,2.2,2.4
2015-02-26,861,1.6,1.8
2015-02-26,862,2.25,2.45
2015-02-26,863,,
2015-03-05,6,296,298
2015-03-05,7,298,300
2015-03-05,8,,
2015-03-05,10,251,255
2015-03-05,11,,
2015-03-05,12,,
2015-03-05,13,,
2015-03-05,14,201,204
2015-03-05,21,155,159
2015-03-05,22,163,165
2015-03-05,23,174,176
2015-03-05,24,,
2015-03-05,27,195,197
2015-03-05,28,165,167
2015-03-05,29,197,199
2015-03-05,32,398,407
2015-03-05,33,378,387
2015-03-05,34,369,377
2015-03-05,35,482,491
2015-03-05,36,472,482
2015-03-05,37,444,454
2015-03-05,38,572,578
2015-03-05,39,638,649
2015-03-05,40,116,117
2015-03-05,41,122,123
2015-03-05,42,156,159
2015-03-05,43,123,125
2015-03-05,44,,
2015-03-05,45,156,157
2015-03-05,46,162,163
2015-03-05,47,189,194
2015-03-05,48,114,115
2015-03-05,49,124,125
2015-03-05,50,131,133
2015-03-05,51,223,225
2015-03-05,52,371,375
2015-03-05,53,515,520
2015-03-05,54,238,243
2015-03-05,55,252,262
2015-03-05,56,,
2015-03-05,57,365,375
2015-03-05,58,700,710
2015-03-05,59,,
2015-03-05,60,195,205
2015-03-05,61,195,205
2015-03-05,62,,
2015-03-05,63,392,395
2015-03-05,64,,
2015-03-05,65,379,383
2015-03-05,66,,
2015-03-05,67,,
2015-03-05,68,393,394
2015-03-05,69,391,392
2015-03-05,70,429,430
2015-03-05,71,427,428
2015-03-05,72,403,405
2015-03-05,73,400,402
2015-03-05,74,503,505
2015-03-05,75,500,502
2015-03-05,76,181,185
2015-03-05,77,241,246
2015-03-05,78,275,280
2015-03-05,85,118,120
2015-03-05,86,113,115
2015-03-05,87,1860,1880
2015-03-05,88,1975,1980
2015-03-05,89,185,186
2015-03-05,90,181,184
2015-03-05,91,,
2015-03-05,92,166,168
2015-03-05,93,197,199
2015-03-05,94,,
2015-03-05,95,,
2015-03-05,96,,
2015-03-05,97,,
2015-03-05,98,715,730
2015-03-05,99,715,730
2015-03-05,100,610,625
2015-03-05,101,,
2015-03-05,102,,
2015-03-05,103,1410,1510
2015-03-05,104,1200,1300
2015-03-05,105,710,810
2015-03-05,106,660,760
2015-03-05,107,580,680
2015-03-05,108,680,780
2015-03-05,109,810,910
2015-03-05,110,315,325
2015-03-05,111,295,310
2015-03-05,112,200,215
2015-03-05,113,128,130
2015-03-05,114,107,110
2015-03-05,115,2250,2600
2015-03-05,116,220,240
2015-03-05,117,,
2015-03-05,118,,
2015-03-05,119,,
2015-03-05,120,,
2015-03-05,121,5200,5800
2015-03-05,122,4800,5200
2015-03-05,123,4300,4600
2015-03-05,124,,
2015-03-05,125,,
2015-03-05,126,,
2015-03-05,127,1100,1200
2015-03-05,128,,
2015-03-05,129,680,740
2015-03-05,130,500,540
2015-03-05,131,630,670
2015-03-05,132,450,480
2015-03-05,133,,
2015-03-05,134,,
2015-03-05,135,,
2015-03-05,136,,
2015-03-05,137,,
2015-03-05,138,,
2015-03-05,139,,
2015-03-05,140,3900,4200
2015-03-05,141,2300,2900
2015-03-05,142,1650,1850
2015-03-05,143,850,950
2015-03-05,144,,
2015-03-05,145,,
2015-03-05,146,1900,2100
2015-03-05,147,2100,2300
2015-03-05,148,,
2015-03-05,149,30,130
2015-03-05,150,60,90
2015-03-05,151,60,90
2015-03-05,152,40,60
2015-03-05,169,0.9,1
2015-03-05,170,0.95,1.05
2015-03-05,171,1.05,1.15
2015-03-05,172,1.2,1.3
2015-03-05,173,1.3,1.4
2015-03-05,174,1.3,1.4
2015-03-05,175,0.27,0.32
2015-03-05,176,0.43,0.47
2015-03-05,178,0.32,0.4
2015-03-05,183,4.8,5
2015-03-05,184,5.7,6
2015-03-05,186,1.9,2.1
2015-03-05,188,,
2015-03-05,189,,
2015-03-05,190,1.55,1.65
2015-03-05,193,2.4,2.6
2015-03-05,194,,
2015-03-05,195,,
2015-03-05,196,,
2015-03-05,197,1.2,1.45
2015-03-05,204,2.45,2.55
2015-03-05,206,,
2015-03-05,207,2.2,2.4
2015-03-05,209,1.6,1.8
2015-03-05,210,1.9,2.25
2015-03-05,211,2.15,2.45
2015-03-05,213,1.8,2
2015-03-05,221,50,67
2015-03-05,222,55,80
2015-03-05,223,,1.65
2015-03-05,230,5.6,5.9
2015-03-05,231,5.7,5.9
2015-03-05,232,6.2,6.4
2015-03-05,233,5.1,5.3
2015-03-05,234,1.9,2.1
2015-03-05,235,2.5,2.6
2015-03-05,236,2.3,2.4
2015-03-05,237,,
2015-03-05,238,,
2015-03-05,239,3.4,3.6
2015-03-05,240,,
2015-03-05,241,,
2015-03-05,242,,
2015-03-05,243,,
2015-03-05,244,3,3.2
2015-03-05,245,3,4
2015-03-05,246,3.3,3.6
2015-03-05,247,0.55,0.65
2015-03-05,248,0.55,0.65
2015-03-05,249,0.7,0.85
2015-03-05,250,0.75,0.85
2015-03-05,251,0.8,0.9
2015-03-05,252,0.8,0.9
2015-03-05,253,0.8,0.9
2015-03-05,254,0.65,0.75
2015-03-05,255,0.8,0.9
2015-03-05,256,1.2,1.5
2015-03-05,257,1.2,1.5
2015-03-05,258,1.2,1.5
2015-03-05,259,1.5,1.7
2015-03-05,260,1.6,1.75
2015-03-05,261,1.6,1.7
2015-03-05,262,1.7,1.8
2015-03-05,263,1.5,1.7
2015-03-05,264,1.6,1.7
2015-03-05,265,0.65,0.75
2015-03-05,266,0.8,0.95
2015-03-05,267,0.75,0.85
2015-03-05,268,0.9,1
2015-03-05,269,0.6,0.65
2015-03-05,270,1.5,1.6
2015-03-05,271,1.6,1.7
2015-03-05,272,1.5,1.6
2015-03-05,273,1.7,1.9
2015-03-05,274,1.7,1.9
2015-03-05,275,1.7,1.9
2015-03-05,276,1.85,1.9
2015-03-05,277,2.05,2.2
2015-03-05,278,1.85,2
2015-03-05,279,1.7,1.9
2015-03-05,280,1.3,1.5
2015-03-05,281,1.7,1.9
2015-03-05,282,1.2,1.4
2015-03-05,283,1.6,1.7
2015-03-05,284,1.5,1.6
2015-03-05,285,1.5,1.8
2015-03-05,286,1.7,1.9
2015-03-05,287,1.7,1.9
2015-03-05,288,1.5,1.6
2015-03-05,289,1.7,1.9
2015-03-05,290,1.7,1.9
2015-03-05,291,8,15
2015-03-05,292,,
2015-03-05,293,,
2015-03-05,294,,
2015-03-05,295,,
2015-03-05,296,,
2015-03-05,297,,
2015-03-05,298,,
2015-03-05,299,,
2015-03-05,300,,
2015-03-05,301,,
2015-03-05,302,,
2015-03-05,304,,
2015-03-05,305,,
2015-03-05,306,,
2015-03-05,307,,
2015-03-05,308,,
2015-03-05,309,,
2015-03-05,310,,
2015-03-05,311,,
2015-03-05,312,,
2015-03-05,313,,
2015-03-05,314,,
2015-03-05,315,,
2015-03-05,316,,
2015-03-05,317,,
2015-03-05,318,,
2015-03-05,319,,
2015-03-05,320,,
2015-03-05,321,,
2015-03-05,330,8.75,9.1
2015-03-05,331,8.15,8.5
2015-03-05,332,7.35,7.8
2015-03-05,338,,
2015-03-05,339,,
2015-03-05,368,,122
2015-03-05,408,75,85
2015-03-05,416,65,75
2015-03-05,445,184,187
2015-03-05,451,325,330
2015-03-05,472,201,203
2015-03-05,481,1.75,1.95
2015-03-05,482,2.4,2.5
2015-03-05,483,,
2015-03-05,499,,
2015-03-05,500,,
2015-03-05,513,2.6,2.8
2015-03-05,514,2.3,2.5
2015-03-05,515,2.5,2.7
2015-03-05,590,2.25,2.45
2015-03-05,627,2.1,2.3
2015-03-05,629,100,105
2015-03-05,630,110,115
2015-03-05,642,,
2015-03-05,643,0.89,0.94
2015-03-05,644,0.98,1.08
2015-03-05,645,1.13,1.23
2015-03-05,646,1.13,1.23
2015-03-05,672,0.58,0.65
2015-03-05,677,1.8,2
2015-03-05,681,2.45,2.55
2015-03-05,696,2.35,2.55
2015-03-05,703,230,235
2015-03-05,704,215,220
2015-03-05,705,165,170
2015-03-05,732,170,180
2015-03-05,750,188,190
2015-03-05,751,192,196
2015-03-05,772,230,235
2015-03-05,773,205,215
2015-03-05,793,230,235
2015-03-05,794,198,202
2015-03-05,795,193,195
2015-03-05,796,187,192
2015-03-05,797,363,368
2015-03-05,798,352,357
2015-03-05,799,342,347
2015-03-05,800,354,359
2015-03-05,801,342,347
2015-03-05,802,184,186
2015-03-05,838,38,48
2015-03-05,843,0.2,0.28
2015-03-05,845,1.6,1.8
2015-03-05,849,70,75
2015-03-05,851,1.55,1.75
2015-03-05,852,1.6,1.8
2015-03-05,853,0.7,0.78
2015-03-05,856,0.7,0.78
2015-03-05,857,2.2,2.4
2015-03-05,861,1.6,1.8
2015-03-05,862,2.25,2.45
2015-03-05,863,,
2015-03-12,6,294,296
2015-03-12,7,296,298
2015-03-12,8,,
2015-03-12,10,248,252
2015-03-12,11,,
2015-03-12,12,,
2015-03-12,13,,
2015-03-12,14,198,201
2015-03-12,21,156,160
2015-03-12,22,164,166
2015-03-12,23,178,180
2015-03-12,24,,
2015-03-12,27,194,196
2015-03-12,28,168,170
2015-03-12,29,195,197
2015-03-12,32,398,407
2015-03-12,33,378,387
2015-03-12,34,369,377
2015-03-12,35,482,491
2015-03-12,36,472,482
2015-03-12,37,444,454
2015-03-12,38,572,578
2015-03-12,39,638,649
2015-03-12,40,126,127
2015-03-12,41,132,133
2015-03-12,42,163,166
2015-03-12,43,133,135
2015-03-12,44,,
2015-03-12,45,166,167
2015-03-12,46,172,173
2015-03-12,47,196,201
2015-03-12,48,124,125
2015-03-12,49,134,135
2015-03-12,50,137,139
2015-03-12,51,223,225
2015-03-12,52,371,375
2015-03-12,53,510,515
2015-03-12,54,238,243
2015-03-12,55,252,262
2015-03-12,56,,
2015-03-12,57,365,375
2015-03-12,58,700,710
2015-03-12,59,,
2015-03-12,60,205,215
2015-03-12,61,205,215
2015-03-12,62,,
2015-03-12,63,395,398
2015-03-12,64,,
2015-03-12,65,386,390
2015-03-12,66,,
2015-03-12,67,,
2015-03-12,68,411,412
2015-03-12,69,409,410
2015-03-12,70,444,445
2015-03-12,71,442,443
2015-03-12,72,423,425
2015-03-12,73,420,422
2015-03-12,74,523,525
2015-03-12,75,520,522
2015-03-12,76,181,185
2015-03-12,77,241,246
2015-03-12,78,275,280
2015-03-12,85,118,120
2015-03-12,86,113,115
2015-03-12,87,1860,1880
2015-03-12,88,1975,1980
2015-03-12,89,185,186
2015-03-12,90,181,184
2015-03-12,91,,
2015-03-12,92,164,166
2015-03-12,93,197,199
2015-03-12,94,,
2015-03-12,95,,
2015-03-12,96,,
2015-03-12,97,,
2015-03-12,98,715,730
2015-03-12,99,715,730
2015-03-12,100,610,625
2015-03-12,101,,
2015-03-12,102,,
2015-03-12,103,1410,1510
2015-03-12,104,1200,1300
2015-03-12,105,740,840
2015-03-12,106,680,780
2015-03-12,107,600,700
2015-03-12,108,710,810
2015-03-12,109,840,940
2015-03-12,110,315,325
2015-03-12,111,295,310
2015-03-12,112,200,215
2015-03-12,113,128,130
2015-03-12,114,107,110
2015-03-12,115,2250,2600
2015-03-12,116,220,240
2015-03-12,117,,
2015-03-12,118,,
2015-03-12,119,,
2015-03-12,120,,
2015-03-12,121,5200,5800
2015-03-12,122,4800,5400
2015-03-12,123,4300,4600
2015-03-12,124,,
2015-03-12,125,,
2015-03-12,126,,
2015-03-12,127,1000,1200
2015-03-12,128,,
2015-03-12,129,680,740
2015-03-12,130,500,540
2015-03-12,131,630,670
2015-03-12,132,450,480
2015-03-12,133,,
2015-03-12,134,,
2015-03-12,135,,
2015-03-12,136,,
2015-03-12,137,,
2015-03-12,138,,
2015-03-12,139,,
2015-03-12,140,3900,4200
2015-03-12,141,2300,2900
2015-03-12,142,1650,1850
2015-03-12,143,850,950
2015-03-12,144,,
2015-03-12,145,,
2015-03-12,146,1900,2100
2015-03-12,147,2100,2300
2015-03-12,148,,
2015-03-12,149,30,130
2015-03-12,150,60,90
2015-03-12,151,60,90
2015-03-12,152,40,60
2015-03-12,155,,
2015-03-12,169,0.9,1
2015-03-12,170,0.95,1.05
2015-03-12,171,1.05,1.15
2015-03-12,172,1.2,1.3
2015-03-12,173,1.3,1.4
2015-03-12,174,1.3,1.4
2015-03-12,175,0.27,0.32
2015-03-12,176,0.33,0.37
2015-03-12,178,0.32,0.4
2015-03-12,183,4.8,5
2015-03-12,184,5.7,6
2015-03-12,186,2.1,2.3
2015-03-12,188,,
2015-03-12,189,,
2015-03-12,190,1.55,1.65
2015-03-12,193,2.4,2.6
2015-03-12,194,,
2015-03-12,195,,
2015-03-12,196,,
2015-03-12,197,1.2,1.45
2015-03-12,204,2.45,2.55
2015-03-12,206,,
2015-03-12,207,2.2,2.4
2015-03-12,209,1.6,1.8
2015-03-12,210,1.9,2.25
2015-03-12,211,2.15,2.45
2015-03-12,213,1.8,2
2015-03-12,221,50,67
2015-03-12,222,55,80
2015-03-12,223,,1.7
2015-03-12,230,5.6,5.9
2015-03-12,231,5.7,5.9
2015-03-12,232,6.2,6.4
2015-03-12,233,5.1,5.3
2015-03-12,234,1.9,2.1
2015-03-12,235,2.5,2.6
2015-03-12,236,2.3,2.4
2015-03-12,237,,
2015-03-12,238,,
2015-03-12,239,3.4,3.6
2015-03-12,240,,
2015-03-12,241,,
2015-03-12,242,,
2015-03-12,243,,
2015-03-12,244,3,3.2
2015-03-12,245,3,4
2015-03-12,246,3.3,3.6
2015-03-12,247,0.55,0.65
2015-03-12,248,0.55,0.65
2015-03-12,249,0.7,0.85
2015-03-12,250,0.75,0.85
2015-03-12,251,0.8,0.9
2015-03-12,252,0.8,0.9
2015-03-12,253,0.8,0.9
2015-03-12,254,0.65,0.75
2015-03-12,255,0.8,0.9
2015-03-12,256,1.2,1.5
2015-03-12,257,1.2,1.5
2015-03-12,258,1.2,1.5
2015-03-12,259,1.5,1.7
2015-03-12,260,1.6,1.75
2015-03-12,261,1.6,1.7
2015-03-12,262,1.7,1.8
2015-03-12,263,1.5,1.7
2015-03-12,264,1.6,1.7
2015-03-12,265,0.65,0.75
2015-03-12,266,0.8,0.95
2015-03-12,267,0.75,0.85
2015-03-12,268,0.9,1
2015-03-12,269,0.6,0.65
2015-03-12,270,1.5,1.6
2015-03-12,271,1.6,1.7
2015-03-12,272,1.5,1.6
2015-03-12,273,1.7,1.9
2015-03-12,274,1.7,1.9
2015-03-12,275,1.7,1.9
2015-03-12,276,1.85,1.9
2015-03-12,277,2.05,2.2
2015-03-12,278,1.85,2
2015-03-12,279,1.7,1.9
2015-03-12,280,1.3,1.5
2015-03-12,281,1.7,1.9
2015-03-12,282,1.2,1.4
2015-03-12,283,1.6,1.7
2015-03-12,284,1.5,1.6
2015-03-12,285,1.5,1.8
2015-03-12,286,1.7,1.9
2015-03-12,287,1.7,1.9
2015-03-12,288,1.5,1.6
2015-03-12,289,1.7,1.9
2015-03-12,290,1.7,1.9
2015-03-12,291,8,15
2015-03-12,292,,
2015-03-12,293,,
2015-03-12,294,,
2015-03-12,295,,
2015-03-12,296,,
2015-03-12,297,,
2015-03-12,298,,
2015-03-12,299,,
2015-03-12,300,,
2015-03-12,301,,
2015-03-12,302,,
2015-03-12,304,,
2015-03-12,305,,
2015-03-12,306,,
2015-03-12,307,,
2015-03-12,308,,
2015-03-12,309,,
2015-03-12,310,,
2015-03-12,311,,
2015-03-12,312,,
2015-03-12,313,,
2015-03-12,314,,
2015-03-12,315,,
2015-03-12,316,,
2015-03-12,317,,
2015-03-12,318,,
2015-03-12,319,,
2015-03-12,320,,
2015-03-12,321,,
2015-03-12,330,8.75,9.1
2015-03-12,331,8.15,8.5
2015-03-12,332,7.4,7.8
2015-03-12,338,,
2015-03-12,339,,
2015-03-12,368,,122
2015-03-12,408,75,85
2015-03-12,416,65,75
2015-03-12,445,184,187
2015-03-12,451,325,330
2015-03-12,472,199,201
2015-03-12,481,1.75,1.95
2015-03-12,482,2.4,2.5
2015-03-12,483,,
2015-03-12,499,,
2015-03-12,500,,
2015-03-12,513,2.6,2.8
2015-03-12,514,2.2,2.4
2015-03-12,515,2.4,2.6
2015-03-12,590,2.25,2.45
2015-03-12,627,2.1,2.3
2015-03-12,629,100,105
2015-03-12,630,110,115
2015-03-12,642,,
2015-03-12,643,0.89,0.94
2015-03-12,644,0.98,1.08
2015-03-12,645,1.13,1.23
2015-03-12,646,1.13,1.23
2015-03-12,672,0.58,0.65
2015-03-12,677,1.9,2.1
2015-03-12,681,2.45,2.55
2015-03-12,696,2.35,2.55
2015-03-12,703,230,235
2015-03-12,704,215,220
2015-03-12,705,165,170
2015-03-12,732,170,180
2015-03-12,750,187,189
2015-03-12,751,191,195
2015-03-12,772,230,235
2015-03-12,773,205,215
2015-03-12,793,230,235
2015-03-12,794,198,202
2015-03-12,795,193,195
2015-03-12,796,187,192
2015-03-12,797,358,363
2015-03-12,798,347,352
2015-03-12,799,337,342
2015-03-12,800,354,359
2015-03-12,801,342,347
2015-03-12,802,183,185
2015-03-12,838,38,48
2015-03-12,843,0.2,0.28
2015-03-12,845,1.6,1.8
2015-03-12,849,70,75
2015-03-12,851,1.55,1.75
2015-03-12,852,1.6,1.8
2015-03-12,853,0.7,0.78
2015-03-12,856,0.7,0.78
2015-03-12,857,2.2,2.4
2015-03-12,861,1.6,1.8
2015-03-12,862,2.25,2.45
2015-03-12,863,,
2015-03-12,864,,
2015-03-12,865,,
2015-03-19,6,294,296
2015-03-19,7,296,298
2015-03-19,8,,
2015-03-19,10,248,252
2015-03-19,11,,
2015-03-19,12,,
2015-03-19,13,,
2015-03-19,14,198,201
2015-03-19,21,161,165
2015-03-19,22,169,171
2015-03-19,23,183,185
2015-03-19,24,,
2015-03-19,27,192,194
2015-03-19,28,171,173
2015-03-19,29,195,197
2015-03-19,32,398,407
2015-03-19,33,378,387
2015-03-19,34,369,377
2015-03-19,35,482,491
2015-03-19,36,472,482
2015-03-19,37,444,454
2015-03-19,38,572,578
2015-03-19,39,638,649
2015-03-19,40,134,135
2015-03-19,41,140,141
2015-03-19,42,168,171
2015-03-19,43,138,140
2015-03-19,44,,
2015-03-19,45,174,175
2015-03-19,46,180,181
2015-03-19,47,201,206
2015-03-19,48,132,133
2015-03-19,49,139,140
2015-03-19,50,142,144
2015-03-19,51,225,227
2015-03-19,52,371,375
2015-03-19,53,510,515
2015-03-19,54,238,243
2015-03-19,55,252,262
2015-03-19,56,,
2015-03-19,57,365,375
2015-03-19,58,700,710
2015-03-19,59,,
2015-03-19,60,213,223
2015-03-19,61,213,223
2015-03-19,62,,
2015-03-19,63,395,398
2015-03-19,64,,
2015-03-19,65,386,390
2015-03-19,66,,
2015-03-19,67,,
2015-03-19,68,401,402
2015-03-19,69,399,400
2015-03-19,70,434,435
2015-03-19,71,432,433
2015-03-19,72,413,415
2015-03-19,73,410,412
2015-03-19,74,513,515
2015-03-19,75,510,512
2015-03-19,76,186,190
2015-03-19,77,241,246
2015-03-19,78,275,280
2015-03-19,85,118,120
2015-03-19,86,113,115
2015-03-19,87,1830,1850
2015-03-19,88,1945,1950
2015-03-19,89,185,186
2015-03-19,90,181,184
2015-03-19,91,,
2015-03-19,92,164,166
2015-03-19,93,202,204
2015-03-19,94,,
2015-03-19,95,,
2015-03-19,96,,
2015-03-19,97,,
2015-03-19,98,705,720
2015-03-19,99,705,720
2015-03-19,100,610,625
2015-03-19,101,,
2015-03-19,102,,
2015-03-19,103,1390,1490
2015-03-19,104,1200,1300
2015-03-19,105,740,840
2015-03-19,106,680,780
2015-03-19,107,600,700
2015-03-19,108,710,810
2015-03-19,109,840,940
2015-03-19,110,315,325
2015-03-19,111,295,310
2015-03-19,112,200,215
2015-03-19,113,133,135
2015-03-19,114,112,115
2015-03-19,115,2250,2600
2015-03-19,116,220,240
2015-03-19,117,,
2015-03-19,118,,
2015-03-19,119,,
2015-03-19,120,,
2015-03-19,121,5200,5800
2015-03-19,122,4800,5400
2015-03-19,123,4300,4600
2015-03-19,124,,
2015-03-19,125,,
2015-03-19,126,,
2015-03-19,127,1000,1200
2015-03-19,128,,
2015-03-19,129,680,740
2015-03-19,130,500,540
2015-03-19,131,630,670
2015-03-19,132,450,480
2015-03-19,133,,
2015-03-19,134,,
2015-03-19,135,,
2015-03-19,136,,
2015-03-19,137,,
2015-03-19,138,,
2015-03-19,139,,
2015-03-19,140,3900,4200
2015-03-19,141,2300,2900
2015-03-19,142,1650,1850
2015-03-19,143,850,950
2015-03-19,144,,
2015-03-19,145,,
2015-03-19,146,1900,2100
2015-03-19,147,2100,2300
2015-03-19,148,,
2015-03-19,149,30,130
2015-03-19,150,60,90
2015-03-19,151,60,90
2015-03-19,152,40,60
2015-03-19,155,0.75,0.82
2015-03-19,169,0.9,1
2015-03-19,170,0.95,1.05
2015-03-19,171,1.05,1.15
2015-03-19,172,1.15,1.25
2015-03-19,173,1.2,1.3
2015-03-19,174,1.25,1.35
2015-03-19,175,0.27,0.32
2015-03-19,176,0.33,0.37
2015-03-19,178,0.32,0.4
2015-03-19,183,4.8,5
2015-03-19,184,5.7,6
2015-03-19,186,2.2,2.4
2015-03-19,188,,
2015-03-19,189,,
2015-03-19,190,1.55,1.65
2015-03-19,193,2.4,2.6
2015-03-19,194,,
2015-03-19,195,,
2015-03-19,196,,
2015-03-19,197,1.2,1.45
2015-03-19,198,,
2015-03-19,204,2.45,2.55
2015-03-19,206,,
2015-03-19,207,2.2,2.4
2015-03-19,209,1.6,1.8
2015-03-19,210,1.9,2.25
2015-03-19,211,2.15,2.45
2015-03-19,213,1.8,2
2015-03-19,221,50,67
2015-03-19,222,55,80
2015-03-19,223,,1.7
2015-03-19,230,5.6,5.9
2015-03-19,231,5.7,5.9
2015-03-19,232,6.2,6.4
2015-03-19,233,5.1,5.3
2015-03-19,234,1.9,2.1
2015-03-19,235,2.5,2.6
2015-03-19,236,2.3,2.4
2015-03-19,237,,
2015-03-19,238,,
2015-03-19,239,3.4,3.6
2015-03-19,240,,
2015-03-19,241,,
2015-03-19,242,,
2015-03-19,243,,
2015-03-19,244,3,3.2
2015-03-19,245,3,4
2015-03-19,246,3.3,3.6
2015-03-19,247,0.55,0.65
2015-03-19,248,0.55,0.65
2015-03-19,249,0.7,0.85
2015-03-19,250,0.75,0.85
2015-03-19,251,0.8,0.9
2015-03-19,252,0.8,0.9
2015-03-19,253,0.8,0.9
2015-03-19,254,0.65,0.75
2015-03-19,255,0.8,0.9
2015-03-19,256,1.2,1.5
2015-03-19,257,1.2,1.5
2015-03-19,258,1.2,1.5
2015-03-19,259,1.5,1.7
2015-03-19,260,1.6,1.75
2015-03-19,261,1.6,1.7
2015-03-19,262,1.7,1.8
2015-03-19,263,1.5,1.7
2015-03-19,264,1.6,1.7
2015-03-19,265,0.65,0.75
2015-03-19,266,0.8,0.95
2015-03-19,267,0.75,0.85
2015-03-19,268,0.9,1
2015-03-19,269,0.6,0.65
2015-03-19,270,1.5,1.6
2015-03-19,271,1.6,1.7
2015-03-19,272,1.5,1.6
2015-03-19,273,1.7,1.9
2015-03-19,274,1.7,1.9
2015-03-19,275,1.7,1.9
2015-03-19,276,1.85,1.9
2015-03-19,277,2.05,2.2
2015-03-19,278,1.85,2
2015-03-19,279,1.7,1.9
2015-03-19,280,1.3,1.5
2015-03-19,281,1.7,1.9
2015-03-19,282,1.2,1.4
2015-03-19,283,1.6,1.7
2015-03-19,284,1.5,1.6
2015-03-19,285,1.5,1.8
2015-03-19,286,1.7,1.9
2015-03-19,287,1.7,1.9
2015-03-19,288,1.5,1.6
2015-03-19,289,1.7,1.9
2015-03-19,290,1.7,1.9
2015-03-19,291,8,15
2015-03-19,292,,
2015-03-19,293,,
2015-03-19,294,,
2015-03-19,295,,
2015-03-19,296,,
2015-03-19,297,,
2015-03-19,298,,
2015-03-19,299,,
2015-03-19,300,,
2015-03-19,301,,
2015-03-19,302,,
2015-03-19,304,,
2015-03-19,305,,
2015-03-19,306,,
2015-03-19,307,,
2015-03-19,308,,
2015-03-19,309,,
2015-03-19,310,,
2015-03-19,311,,
2015-03-19,312,,
2015-03-19,313,,
2015-03-19,314,,
2015-03-19,315,,
2015-03-19,316,,
2015-03-19,317,,
2015-03-19,318,,
2015-03-19,319,,
2015-03-19,320,,
2015-03-19,321,,
2015-03-19,330,8.75,9.1
2015-03-19,331,8.15,8.5
2015-03-19,332,7.4,7.8
2015-03-19,338,2.9,3.1
2015-03-19,339,,
2015-03-19,368,,122
2015-03-19,408,75,85
2015-03-19,416,65,75
2015-03-19,445,184,187
2015-03-19,451,321,326
2015-03-19,472,199,201
2015-03-19,481,1.75,1.95
2015-03-19,482,2.4,2.5
2015-03-19,483,,
2015-03-19,499,,
2015-03-19,500,,
2015-03-19,513,2.6,2.8
2015-03-19,514,2.2,2.4
2015-03-19,515,2.4,2.6
2015-03-19,590,,
2015-03-19,627,2.1,2.3
2015-03-19,629,100,105
2015-03-19,630,110,115
2015-03-19,642,,
2015-03-19,643,0.89,0.94
2015-03-19,644,0.98,1.08
2015-03-19,645,1.13,1.23
2015-03-19,646,1.13,1.23
2015-03-19,672,,
2015-03-19,677,1.9,2.1
2015-03-19,681,2.45,2.55
2015-03-19,696,2.35,2.55
2015-03-19,703,230,235
2015-03-19,704,215,220
2015-03-19,705,165,170
2015-03-19,732,170,180
2015-03-19,750,187,189
2015-03-19,751,191,195
2015-03-19,772,230,235
2015-03-19,773,205,215
2015-03-19,793,230,235
2015-03-19,794,198,202
2015-03-19,795,193,195
2015-03-19,796,187,192
2015-03-19,797,350,355
2015-03-19,798,339,344
2015-03-19,799,329,334
2015-03-19,800,350,355
2015-03-19,801,338,343
2015-03-19,802,183,185
2015-03-19,838,38,48
2015-03-19,843,0.2,0.28
2015-03-19,845,1.6,1.8
2015-03-19,849,70,75
2015-03-19,851,1.55,1.75
2015-03-19,852,1.6,1.8
2015-03-19,853,0.7,0.78
2015-03-19,856,0.7,0.78
2015-03-19,857,2.2,2.4
2015-03-19,861,1.6,1.8
2015-03-19,862,2.25,2.45
2015-03-19,863,,
2015-03-19,864,1.6,1.8
2015-03-19,865,1.6,1.8
2015-03-26,6,294,296
2015-03-26,7,296,298
2015-03-26,8,,
2015-03-26,10,248,252
2015-03-26,11,,
2015-03-26,12,,
2015-03-26,13,,
2015-03-26,14,198,201
2015-03-26,21,164,168
2015-03-26,22,172,174
2015-03-26,23,186,188
2015-03-26,24,,
2015-03-26,27,192,194
2015-03-26,28,171,173
2015-03-26,29,195,197
2015-03-26,32,398,407
2015-03-26,33,378,387
2015-03-26,34,369,377
2015-03-26,35,482,491
2015-03-26,36,472,482
2015-03-26,37,444,454
2015-03-26,38,572,578
2015-03-26,39,638,649
2015-03-26,40,142,143
2015-03-26,41,148,149
2015-03-26,42,172,175
2015-03-26,43,146,148
2015-03-26,44,,
2015-03-26,45,182,183
2015-03-26,46,188,189
2015-03-26,47,205,210
2015-03-26,48,140,141
2015-03-26,49,147,148
2015-03-26,50,150,152
2015-03-26,51,225,227
2015-03-26,52,371,375
2015-03-26,53,510,515
2015-03-26,54,238,243
2015-03-26,55,252,262
2015-03-26,56,,
2015-03-26,57,,
2015-03-26,58,705,715
2015-03-26,59,,
2015-03-26,60,221,231
2015-03-26,61,221,231
2015-03-26,62,,
2015-03-26,63,385,388
2015-03-26,64,,
2015-03-26,65,378,382
2015-03-26,66,,
2015-03-26,67,,
2015-03-26,68,393,394
2015-03-26,69,391,392
2015-03-26,70,424,425
2015-03-26,71,422,423
2015-03-26,72,403,405
2015-03-26,73,400,402
2015-03-26,74,498,500
2015-03-26,75,495,497
2015-03-26,76,191,195
2015-03-26,77,238,243
2015-03-26,78,275,280
2015-03-26,85,118,120
2015-03-26,86,113,115
2015-03-26,87,1800,1820
2015-03-26,88,1915,1920
2015-03-26,89,185,186
2015-03-26,90,181,184
2015-03-26,91,,
2015-03-26,92,162,164
2015-03-26,93,205,207
2015-03-26,94,,
2015-03-26,95,,
2015-03-26,96,,
2015-03-26,97,,
2015-03-26,98,695,710
2015-03-26,99,695,710
2015-03-26,100,600,615
2015-03-26,101,,
2015-03-26,102,,
2015-03-26,103,1370,1470
2015-03-26,104,1180,1280
2015-03-26,105,740,840
2015-03-26,106,680,780
2015-03-26,107,600,700
2015-03-26,108,730,830
2015-03-26,109,840,940
2015-03-26,110,325,335
2015-03-26,111,305,320
2015-03-26,112,200,215
2015-03-26,113,138,140
2015-03-26,114,117,120
2015-03-26,115,2250,2600
2015-03-26,116,220,240
2015-03-26,117,,
2015-03-26,118,,
2015-03-26,119,,
2015-03-26,120,,
2015-03-26,121,5200,5800
2015-03-26,122,4800,5400
2015-03-26,123,4300,4600
2015-03-26,124,,
2015-03-26,125,,
2015-03-26,126,,
2015-03-26,127,1000,1200
2015-03-26,128,,
2015-03-26,129,680,740
2015-03-26,130,500,540
2015-03-26,131,630,670
2015-03-26,132,450,480
2015-03-26,133,,
2015-03-26,134,,
2015-03-26,135,,
2015-03-26,136,,
2015-03-26,137,,
2015-03-26,138,,
2015-03-26,139,,
2015-03-26,140,3900,4200
2015-03-26,141,2300,2900
2015-03-26,142,1650,1850
2015-03-26,143,850,950
2015-03-26,144,,
2015-03-26,145,,
2015-03-26,146,1900,2100
2015-03-26,147,2100,2300
2015-03-26,148,,
2015-03-26,149,30,130
2015-03-26,150,60,90
2015-03-26,151,60,90
2015-03-26,152,40,60
2015-03-26,155,0.75,0.82
2015-03-26,169,0.9,1
2015-03-26,170,0.95,1.05
2015-03-26,171,1.05,1.15
2015-03-26,172,1.13,1.23
2015-03-26,173,1.18,1.28
2015-03-26,174,1.23,1.33
2015-03-26,175,0.27,0.32
2015-03-26,176,0.33,0.37
2015-03-26,178,,
2015-03-26,183,4.8,5
2015-03-26,184,5.7,6
2015-03-26,186,2.2,2.4
2015-03-26,188,,
2015-03-26,189,,
2015-03-26,190,1.55,1.65
2015-03-26,193,2.4,2.6
2015-03-26,194,,
2015-03-26,195,,
2015-03-26,196,,
2015-03-26,197,1.2,1.45
2015-03-26,198,1.25,1.5
2015-03-26,204,2.45,2.55
2015-03-26,206,,
2015-03-26,207,2.2,2.4
2015-03-26,209,,
2015-03-26,210,1.9,2.25
2015-03-26,211,2.15,2.45
2015-03-26,213,1.8,2
2015-03-26,221,48,65
2015-03-26,222,53,78
2015-03-26,223,,1.7
2015-03-26,230,5.6,5.9
2015-03-26,231,5.7,5.9
2015-03-26,232,6.2,6.4
2015-03-26,233,5.1,5.3
2015-03-26,234,1.9,2.1
2015-03-26,235,2.5,2.6
2015-03-26,236,2.3,2.4
2015-03-26,237,,
2015-03-26,238,,
2015-03-26,239,3.4,3.6
2015-03-26,240,,
2015-03-26,241,,
2015-03-26,242,,
2015-03-26,243,,
2015-03-26,244,3,3.2
2015-03-26,245,3,4
2015-03-26,246,3.3,3.6
2015-03-26,247,0.55,0.65
2015-03-26,248,0.55,0.65
2015-03-26,249,0.7,0.85
2015-03-26,250,0.75,0.85
2015-03-26,251,0.8,0.9
2015-03-26,252,0.8,0.9
2015-03-26,253,0.8,0.9
2015-03-26,254,0.65,0.75
2015-03-26,255,0.8,0.9
2015-03-26,256,1.2,1.5
2015-03-26,257,1.2,1.5
2015-03-26,258,1.2,1.5
2015-03-26,259,1.5,1.7
2015-03-26,260,1.6,1.75
2015-03-26,261,1.6,1.7
2015-03-26,262,1.7,1.8
2015-03-26,263,1.5,1.7
2015-03-26,264,1.6,1.7
2015-03-26,265,0.65,0.75
2015-03-26,266,0.8,0.95
2015-03-26,267,0.75,0.85
2015-03-26,268,0.9,1
2015-03-26,269,0.6,0.65
2015-03-26,270,1.5,1.6
2015-03-26,271,1.6,1.7
2015-03-26,272,1.5,1.6
2015-03-26,273,1.7,1.9
2015-03-26,274,1.7,1.9
2015-03-26,275,1.7,1.9
2015-03-26,276,1.85,1.9
2015-03-26,277,2.05,2.2
2015-03-26,278,1.85,2
2015-03-26,279,1.7,1.9
2015-03-26,280,1.3,1.5
2015-03-26,281,1.7,1.9
2015-03-26,282,1.2,1.4
2015-03-26,283,1.6,1.7
2015-03-26,284,1.5,1.6
2015-03-26,285,1.5,1.8
2015-03-26,286,1.7,1.9
2015-03-26,287,1.7,1.9
2015-03-26,288,1.5,1.6
2015-03-26,289,1.7,1.9
2015-03-26,290,1.7,1.9
2015-03-26,291,8,15
2015-03-26,292,,
2015-03-26,293,,
2015-03-26,294,,
2015-03-26,295,,
2015-03-26,296,,
2015-03-26,297,,
2015-03-26,298,,
2015-03-26,299,,
2015-03-26,300,,
2015-03-26,301,,
2015-03-26,302,,
2015-03-26,304,,
2015-03-26,305,,
2015-03-26,306,,
2015-03-26,307,,
2015-03-26,308,,
2015-03-26,309,,
2015-03-26,310,,
2015-03-26,311,,
2015-03-26,312,,
2015-03-26,313,,
2015-03-26,314,,
2015-03-26,315,,
2015-03-26,316,,
2015-03-26,317,,
2015-03-26,318,,
2015-03-26,319,,
2015-03-26,320,,
2015-03-26,321,,
2015-03-26,330,8.75,9.1
2015-03-26,331,8.15,8.5
2015-03-26,332,7.45,7.8
2015-03-26,338,2.9,3.1
2015-03-26,339,,
2015-03-26,368,,120
2015-03-26,408,73,83
2015-03-26,416,63,73
2015-03-26,445,184,187
2015-03-26,451,321,326
2015-03-26,472,199,201
2015-03-26,481,1.75,1.95
2015-03-26,482,2.4,2.5
2015-03-26,483,,
2015-03-26,499,,
2015-03-26,500,,
2015-03-26,513,2.6,2.8
2015-03-26,514,2.2,2.4
2015-03-26,515,2.4,2.6
2015-03-26,627,2.1,2.3
2015-03-26,629,98,103
2015-03-26,630,108,113
2015-03-26,642,,
2015-03-26,643,0.89,0.94
2015-03-26,644,0.98,1.08
2015-03-26,645,1.15,1.25
2015-03-26,646,1.15,1.25
2015-03-26,677,,
2015-03-26,681,2.45,2.55
2015-03-26,696,2.35,2.55
2015-03-26,703,230,235
2015-03-26,704,215,220
2015-03-26,705,165,170
2015-03-26,732,170,180
2015-03-26,750,187,189
2015-03-26,751,191,195
2015-03-26,772,230,235
2015-03-26,773,205,215
2015-03-26,793,230,235
2015-03-26,794,198,202
2015-03-26,795,193,195
2015-03-26,796,187,192
2015-03-26,797,350,355
2015-03-26,798,339,344
2015-03-26,799,329,334
2015-03-26,800,350,355
2015-03-26,801,338,343
2015-03-26,802,183,185
2015-03-26,838,36,46
2015-03-26,843,0.2,0.28
2015-03-26,845,1.6,1.8
2015-03-26,849,68,73
2015-03-26,851,1.55,1.75
2015-03-26,852,1.6,1.8
2015-03-26,853,0.7,0.78
2015-03-26,856,0.7,0.78
2015-03-26,857,2.2,2.4
2015-03-26,861,,
2015-03-26,862,2.25,2.45
2015-03-26,863,2.2,2.4
2015-03-26,864,1.6,1.8
2015-03-26,865,1.6,1.8
2015-04-02,6,294,296
2015-04-02,7,296,298
2015-04-02,8,,
2015-04-02,10,248,252
2015-04-02,11,,
2015-04-02,12,,
2015-04-02,13,,
2015-04-02,14,198,201
2015-04-02,21,165,169
2015-04-02,22,173,175
2015-04-02,23,187,189
2015-04-02,24,,
2015-04-02,27,192,194
2015-04-02,28,171,173
2015-04-02,29,195,197
2015-04-02,32,398,407
2015-04-02,33,378,387
2015-04-02,34,369,377
2015-04-02,35,482,491
2015-04-02,36,472,482
2015-04-02,37,444,454
2015-04-02,38,564,570
2015-04-02,39,630,641
2015-04-02,40,149,150
2015-04-02,41,155,156
2015-04-02,42,175,178
2015-04-02,43,150,152
2015-04-02,44,,
2015-04-02,45,189,190
2015-04-02,46,195,196
2015-04-02,47,208,213
2015-04-02,48,147,148
2015-04-02,49,151,152
2015-04-02,50,154,156
2015-04-02,51,225,227
2015-04-02,52,371,375
2015-04-02,53,510,515
2015-04-02,54,238,243
2015-04-02,55,252,262
2015-04-02,56,,
2015-04-02,57,,
2015-04-02,58,705,715
2015-04-02,59,,
2015-04-02,60,228,238
2015-04-02,61,228,238
2015-04-02,62,,
2015-04-02,63,383,386
2015-04-02,64,,
2015-04-02,65,376,380
2015-04-02,66,,
2015-04-02,67,,
2015-04-02,68,408,409
2015-04-02,69,406,407
2015-04-02,70,439,440
2015-04-02,71,437,438
2015-04-02,72,418,420
2015-04-02,73,415,417
2015-04-02,74,513,515
2015-04-02,75,510,512
2015-04-02,76,201,205
2015-04-02,77,238,243
2015-04-02,78,275,280
2015-04-02,85,118,120
2015-04-02,86,113,115
2015-04-02,87,1780,1800
2015-04-02,88,1895,1900
2015-04-02,89,185,186
2015-04-02,90,181,184
2015-04-02,91,,
2015-04-02,92,158,160
2015-04-02,93,205,207
2015-04-02,94,,
2015-04-02,95,,
2015-04-02,96,,
2015-04-02,97,,
2015-04-02,98,690,705
2015-04-02,99,685,700
2015-04-02,100,585,600
2015-04-02,101,,
2015-04-02,102,,
2015-04-02,103,1360,1460
2015-04-02,104,1150,1250
2015-04-02,105,760,860
2015-04-02,106,680,780
2015-04-02,107,600,700
2015-04-02,108,760,860
2015-04-02,109,860,960
2015-04-02,110,335,345
2015-04-02,111,315,330
2015-04-02,112,205,220
2015-04-02,113,143,145
2015-04-02,114,122,125
2015-04-02,115,2250,2600
2015-04-02,116,220,240
2015-04-02,117,,
2015-04-02,118,,
2015-04-02,119,,
2015-04-02,120,,
2015-04-02,121,5200,5800
2015-04-02,122,4800,5400
2015-04-02,123,4300,4600
2015-04-02,124,,
2015-04-02,125,,
2015-04-02,126,,
2015-04-02,127,1000,1200
2015-04-02,128,,
2015-04-02,129,680,740
2015-04-02,130,500,540
2015-04-02,131,630,670
2015-04-02,132,450,480
2015-04-02,133,,
2015-04-02,134,,
2015-04-02,135,,
2015-04-02,136,,
2015-04-02,137,,
2015-04-02,138,,
2015-04-02,139,,
2015-04-02,140,3900,4200
2015-04-02,141,2300,2900
2015-04-02,142,1650,1850
2015-04-02,143,850,950
2015-04-02,144,,
2015-04-02,145,,
2015-04-02,146,1900,2100
2015-04-02,147,2100,2300
2015-04-02,148,,
2015-04-02,149,30,130
2015-04-02,150,60,90
2015-04-02,151,60,90
2015-04-02,152,40,60
2015-04-02,155,0.75,0.82
2015-04-02,169,0.9,1
2015-04-02,170,0.95,1.05
2015-04-02,171,1.05,1.15
2015-04-02,172,1.13,1.23
2015-04-02,173,1.18,1.28
2015-04-02,174,1.23,1.33
2015-04-02,175,0.27,0.32
2015-04-02,176,0.33,0.37
2015-04-02,178,,
2015-04-02,183,4.8,5
2015-04-02,184,5.7,6
2015-04-02,186,2.2,2.4
2015-04-02,188,,
2015-04-02,189,,
2015-04-02,190,1.55,1.65
2015-04-02,193,2.4,2.6
2015-04-02,194,,
2015-04-02,195,,
2015-04-02,196,,
2015-04-02,197,1.2,1.45
2015-04-02,198,1.25,1.5
2015-04-02,204,2.45,2.55
2015-04-02,206,,
2015-04-02,207,2.25,2.45
2015-04-02,210,1.9,2.25
2015-04-02,211,2.15,2.45
2015-04-02,213,1.8,2
2015-04-02,221,48,65
2015-04-02,222,53,78
2015-04-02,223,,1.7
2015-04-02,230,5.6,5.9
2015-04-02,231,5.7,5.9
2015-04-02,232,6.2,6.4
2015-04-02,233,5.1,5.3
2015-04-02,234,1.9,2.1
2015-04-02,235,2.5,2.6
2015-04-02,236,2.3,2.4
2015-04-02,237,,
2015-04-02,238,,
2015-04-02,239,3.4,3.6
2015-04-02,240,,
2015-04-02,241,,
2015-04-02,242,,
2015-04-02,243,,
2015-04-02,244,3,3.2
2015-04-02,245,3,4
2015-04-02,246,3.3,3.6
2015-04-02,247,0.55,0.65
2015-04-02,248,0.55,0.65
2015-04-02,249,0.7,0.85
2015-04-02,250,0.75,0.85
2015-04-02,251,0.8,0.9
2015-04-02,252,0.8,0.9
2015-04-02,253,0.8,0.9
2015-04-02,254,0.65,0.75
2015-04-02,255,0.8,0.9
2015-04-02,256,1.2,1.5
2015-04-02,257,1.2,1.5
2015-04-02,258,1.2,1.5
2015-04-02,259,1.5,1.7
2015-04-02,260,1.6,1.75
2015-04-02,261,1.6,1.7
2015-04-02,262,1.7,1.8
2015-04-02,263,1.5,1.7
2015-04-02,264,1.6,1.7
2015-04-02,265,0.65,0.75
2015-04-02,266,0.8,0.95
2015-04-02,267,0.75,0.85
2015-04-02,268,0.9,1
2015-04-02,269,0.6,0.65
2015-04-02,270,1.5,1.6
2015-04-02,271,1.6,1.7
2015-04-02,272,1.5,1.6
2015-04-02,273,1.7,1.9
2015-04-02,274,1.7,1.9
2015-04-02,275,1.7,1.9
2015-04-02,276,1.85,1.9
2015-04-02,277,2.05,2.2
2015-04-02,278,1.85,2
2015-04-02,279,1.7,1.9
2015-04-02,280,1.3,1.5
2015-04-02,281,1.7,1.9
2015-04-02,282,1.2,1.4
2015-04-02,283,1.6,1.7
2015-04-02,284,1.5,1.6
2015-04-02,285,1.5,1.8
2015-04-02,286,1.7,1.9
2015-04-02,287,1.7,1.9
2015-04-02,288,1.5,1.6
2015-04-02,289,1.7,1.9
2015-04-02,290,1.7,1.9
2015-04-02,291,8,15
2015-04-02,292,,
2015-04-02,293,,
2015-04-02,294,,
2015-04-02,295,,
2015-04-02,296,,
2015-04-02,297,,
2015-04-02,298,,
2015-04-02,299,,
2015-04-02,300,,
2015-04-02,301,,
2015-04-02,302,,
2015-04-02,304,,
2015-04-02,305,,
2015-04-02,306,,
2015-04-02,307,,
2015-04-02,308,,
2015-04-02,309,,
2015-04-02,310,,
2015-04-02,311,,
2015-04-02,312,,
2015-04-02,313,,
2015-04-02,314,,
2015-04-02,315,,
2015-04-02,316,,
2015-04-02,317,,
2015-04-02,318,,
2015-04-02,319,,
2015-04-02,320,,
2015-04-02,321,,
2015-04-02,330,8.75,9.1
2015-04-02,331,8.15,8.5
2015-04-02,332,7.45,7.8
2015-04-02,338,2.9,3.1
2015-04-02,339,,
2015-04-02,368,,120
2015-04-02,408,73,83
2015-04-02,416,63,73
2015-04-02,445,184,187
2015-04-02,451,311,316
2015-04-02,472,199,201
2015-04-02,481,1.75,1.95
2015-04-02,482,2.4,2.5
2015-04-02,483,,
2015-04-02,499,,
2015-04-02,500,,
2015-04-02,513,2.6,2.8
2015-04-02,514,2.4,2.6
2015-04-02,515,2.6,2.8
2015-04-02,627,2.1,2.3
2015-04-02,629,98,103
2015-04-02,630,108,113
2015-04-02,642,,
2015-04-02,643,0.89,0.94
2015-04-02,644,0.98,1.08
2015-04-02,645,1.15,1.25
2015-04-02,646,1.15,1.25
2015-04-02,681,2.45,2.55
2015-04-02,696,2.35,2.55
2015-04-02,703,225,230
2015-04-02,704,210,215
2015-04-02,705,160,165
2015-04-02,732,165,175
2015-04-02,750,187,189
2015-04-02,751,191,195
2015-04-02,772,225,230
2015-04-02,773,200,210
2015-04-02,793,230,235
2015-04-02,794,198,202
2015-04-02,795,193,195
2015-04-02,796,187,192
2015-04-02,797,340,345
2015-04-02,798,329,334
2015-04-02,799,319,324
2015-04-02,800,340,345
2015-04-02,801,328,333
2015-04-02,802,183,185
2015-04-02,838,36,46
2015-04-02,843,0.2,0.28
2015-04-02,845,1.6,1.8
2015-04-02,849,68,73
2015-04-02,851,1.55,1.75
2015-04-02,852,1.6,1.8
2015-04-02,853,0.7,0.78
2015-04-02,856,0.7,0.78
2015-04-02,857,2.25,2.45
2015-04-02,862,2.25,2.45
2015-04-02,863,2.2,2.4
2015-04-02,864,1.6,1.8
2015-04-02,865,1.6,1.8
2015-04-02,866,,
2015-04-02,867,,
2015-04-02,868,,
2015-04-02,869,,
2015-04-09,6,294,296
2015-04-09,7,296,298
2015-04-09,8,,
2015-04-09,10,248,252
2015-04-09,11,,
2015-04-09,12,,
2015-04-09,13,,
2015-04-09,14,198,201
2015-04-09,21,164,168
2015-04-09,22,172,174
2015-04-09,23,186,188
2015-04-09,24,,
2015-04-09,27,192,194
2015-04-09,28,171,173
2015-04-09,29,195,197
2015-04-09,32,398,407
2015-04-09,33,378,387
2015-04-09,34,369,377
2015-04-09,35,482,491
2015-04-09,36,472,482
2015-04-09,37,444,454
2015-04-09,38,559,565
2015-04-09,39,625,636
2015-04-09,40,144,145
2015-04-09,41,150,151
2015-04-09,42,175,178
2015-04-09,43,145,147
2015-04-09,44,,
2015-04-09,45,184,185
2015-04-09,46,190,191
2015-04-09,47,208,213
2015-04-09,48,142,143
2015-04-09,49,146,147
2015-04-09,50,154,156
2015-04-09,51,225,227
2015-04-09,52,371,375
2015-04-09,53,510,515
2015-04-09,54,238,243
2015-04-09,55,252,262
2015-04-09,56,,
2015-04-09,57,,
2015-04-09,58,705,715
2015-04-09,59,,
2015-04-09,60,223,233
2015-04-09,61,223,233
2015-04-09,62,,
2015-04-09,63,381,384
2015-04-09,64,,
2015-04-09,65,374,378
2015-04-09,66,,
2015-04-09,67,,
2015-04-09,68,400,401
2015-04-09,69,398,399
2015-04-09,70,431,432
2015-04-09,71,429,430
2015-04-09,72,410,412
2015-04-09,73,407,409
2015-04-09,74,505,507
2015-04-09,75,502,504
2015-04-09,76,201,205
2015-04-09,77,238,243
2015-04-09,78,275,280
2015-04-09,85,118,120
2015-04-09,86,113,115
2015-04-09,87,1760,1780
2015-04-09,88,1875,1880
2015-04-09,89,184,185
2015-04-09,90,180,183
2015-04-09,91,,
2015-04-09,92,158,160
2015-04-09,93,204,206
2015-04-09,94,,
2015-04-09,95,,
2015-04-09,96,,
2015-04-09,97,,
2015-04-09,98,690,705
2015-04-09,99,685,700
2015-04-09,100,585,600
2015-04-09,101,,
2015-04-09,102,,
2015-04-09,103,1360,1460
2015-04-09,104,1150,1250
2015-04-09,105,760,860
2015-04-09,106,680,780
2015-04-09,107,600,700
2015-04-09,108,760,860
2015-04-09,109,860,960
2015-04-09,110,335,345
2015-04-09,111,315,330
2015-04-09,112,205,220
2015-04-09,113,143,145
2015-04-09,114,122,125
2015-04-09,115,2250,2600
2015-04-09,116,220,240
2015-04-09,117,,
2015-04-09,118,,
2015-04-09,119,,
2015-04-09,120,,
2015-04-09,121,5200,5800
2015-04-09,122,4800,5400
2015-04-09,123,4300,4600
2015-04-09,124,,
2015-04-09,125,,
2015-04-09,126,,
2015-04-09,127,1000,1200
2015-04-09,128,,
2015-04-09,129,680,740
2015-04-09,130,500,540
2015-04-09,131,630,670
2015-04-09,132,450,480
2015-04-09,133,,
2015-04-09,134,,
2015-04-09,135,,
2015-04-09,136,,
2015-04-09,137,,
2015-04-09,138,,
2015-04-09,139,,
2015-04-09,140,3900,4200
2015-04-09,141,2300,2900
2015-04-09,142,1650,1850
2015-04-09,143,850,950
2015-04-09,144,,
2015-04-09,145,,
2015-04-09,146,1900,2100
2015-04-09,147,2100,2300
2015-04-09,148,,
2015-04-09,149,30,130
2015-04-09,150,60,90
2015-04-09,151,60,90
2015-04-09,152,40,60
2015-04-09,155,0.8,0.85
2015-04-09,169,0.9,1
2015-04-09,170,0.95,1.05
2015-04-09,171,1.05,1.15
2015-04-09,172,1.13,1.23
2015-04-09,173,1.18,1.28
2015-04-09,174,1.23,1.33
2015-04-09,175,,
2015-04-09,176,,
2015-04-09,178,,
2015-04-09,183,4.8,5
2015-04-09,184,5.7,6
2015-04-09,186,2.2,2.4
2015-04-09,188,,
2015-04-09,189,,
2015-04-09,190,1.55,1.65
2015-04-09,193,2.4,2.6
2015-04-09,194,,
2015-04-09,195,,
2015-04-09,196,,
2015-04-09,197,1.2,1.45
2015-04-09,198,1.25,1.5
2015-04-09,204,2.45,2.55
2015-04-09,206,,
2015-04-09,207,2.25,2.45
2015-04-09,210,1.9,2.25
2015-04-09,211,2.15,2.45
2015-04-09,213,1.8,2
2015-04-09,221,48,62
2015-04-09,222,53,75
2015-04-09,223,,1.65
2015-04-09,230,5.6,5.9
2015-04-09,231,5.7,5.9
2015-04-09,232,6.2,6.4
2015-04-09,233,5.1,5.3
2015-04-09,234,1.9,2.1
2015-04-09,235,2.5,2.6
2015-04-09,236,2.3,2.4
2015-04-09,237,,
2015-04-09,238,,
2015-04-09,239,3.4,3.6
2015-04-09,240,,
2015-04-09,241,,
2015-04-09,242,,
2015-04-09,243,,
2015-04-09,244,3,3.2
2015-04-09,245,3,4
2015-04-09,246,3.3,3.6
2015-04-09,247,0.55,0.65
2015-04-09,248,0.55,0.65
2015-04-09,249,0.7,0.85
2015-04-09,250,0.75,0.85
2015-04-09,251,0.8,0.9
2015-04-09,252,0.8,0.9
2015-04-09,253,0.8,0.9
2015-04-09,254,0.65,0.75
2015-04-09,255,0.8,0.9
2015-04-09,256,1.2,1.5
2015-04-09,257,1.2,1.5
2015-04-09,258,1.2,1.5
2015-04-09,259,1.5,1.7
2015-04-09,260,1.6,1.75
2015-04-09,261,1.6,1.7
2015-04-09,262,1.7,1.8
2015-04-09,263,1.5,1.7
2015-04-09,264,1.6,1.7
2015-04-09,265,0.65,0.75
2015-04-09,266,0.8,0.95
2015-04-09,267,0.75,0.85
2015-04-09,268,0.9,1
2015-04-09,269,0.6,0.65
2015-04-09,270,1.5,1.6
2015-04-09,271,1.6,1.7
2015-04-09,272,1.5,1.6
2015-04-09,273,1.7,1.9
2015-04-09,274,1.7,1.9
2015-04-09,275,1.7,1.9
2015-04-09,276,1.85,1.9
2015-04-09,277,2.05,2.2
2015-04-09,278,1.85,2
2015-04-09,279,1.7,1.9
2015-04-09,280,1.3,1.5
2015-04-09,281,1.7,1.9
2015-04-09,282,1.2,1.4
2015-04-09,283,1.6,1.7
2015-04-09,284,1.5,1.6
2015-04-09,285,1.5,1.8
2015-04-09,286,1.7,1.9
2015-04-09,287,1.7,1.9
2015-04-09,288,1.5,1.6
2015-04-09,289,1.7,1.9
2015-04-09,290,1.7,1.9
2015-04-09,291,8,15
2015-04-09,292,,
2015-04-09,293,,
2015-04-09,294,,
2015-04-09,295,,
2015-04-09,296,,
2015-04-09,297,,
2015-04-09,298,,
2015-04-09,299,,
2015-04-09,300,,
2015-04-09,301,,
2015-04-09,302,,
2015-04-09,304,,
2015-04-09,305,,
2015-04-09,306,,
2015-04-09,307,,
2015-04-09,308,,
2015-04-09,309,,
2015-04-09,310,,
2015-04-09,311,,
2015-04-09,312,,
2015-04-09,313,,
2015-04-09,314,,
2015-04-09,315,,
2015-04-09,316,,
2015-04-09,317,,
2015-04-09,318,,
2015-04-09,319,,
2015-04-09,320,,
2015-04-09,321,,
2015-04-09,330,8.75,9.1
2015-04-09,331,8.15,8.5
2015-04-09,332,7.5,7.85
2015-04-09,338,2.9,3.1
2015-04-09,339,,
2015-04-09,349,,
2015-04-09,368,,
2015-04-09,408,63,73
2015-04-09,416,53,63
2015-04-09,445,184,187
2015-04-09,451,306,311
2015-04-09,472,199,201
2015-04-09,481,1.75,1.95
2015-04-09,482,2.4,2.5
2015-04-09,483,,
2015-04-09,499,,
2015-04-09,500,,
2015-04-09,513,2.6,2.8
2015-04-09,514,2.4,2.6
2015-04-09,515,2.6,2.8
2015-04-09,627,2.1,2.3
2015-04-09,629,88,93
2015-04-09,630,98,103
2015-04-09,642,,
2015-04-09,643,0.95,1
2015-04-09,644,1.1,1.15
2015-04-09,645,1.25,1.3
2015-04-09,646,1.3,1.35
2015-04-09,681,2.45,2.55
2015-04-09,690,,
2015-04-09,695,,
2015-04-09,696,2.35,2.55
2015-04-09,703,225,230
2015-04-09,704,210,215
2015-04-09,705,160,165
2015-04-09,732,165,175
2015-04-09,750,187,189
2015-04-09,751,191,195
2015-04-09,772,225,230
2015-04-09,773,200,210
2015-04-09,793,230,235
2015-04-09,794,198,202
2015-04-09,795,193,195
2015-04-09,796,187,192
2015-04-09,797,335,340
2015-04-09,798,324,329
2015-04-09,799,314,319
2015-04-09,800,335,340
2015-04-09,801,323,328
2015-04-09,802,183,185
2015-04-09,838,26,36
2015-04-09,843,0.2,0.28
2015-04-09,845,1.6,1.8
2015-04-09,849,58,63
2015-04-09,851,1.55,1.75
2015-04-09,852,1.6,1.8
2015-04-09,853,0.8,0.9
2015-04-09,856,,
2015-04-09,857,2.25,2.45
2015-04-09,862,2.25,2.45
2015-04-09,863,2.2,2.4
2015-04-09,864,1.6,1.8
2015-04-09,865,1.6,1.8
2015-04-09,866,5,5.5
2015-04-09,867,4,4.5
2015-04-09,868,3,3.5
2015-04-09,869,,
2015-04-09,870,,
2015-04-09,871,,
2015-04-09,872,,
2015-04-09,873,,
2015-04-09,874,,
2015-04-09,875,,
2015-04-09,876,,
2015-04-16,6,294,296
2015-04-16,7,296,298
2015-04-16,8,,
2015-04-16,10,248,252
2015-04-16,11,,
2015-04-16,12,,
2015-04-16,13,,
2015-04-16,14,198,201
2015-04-16,21,162,166
2015-04-16,22,170,172
2015-04-16,23,184,186
2015-04-16,24,,
2015-04-16,27,187,189
2015-04-16,28,171,173
2015-04-16,29,195,197
2015-04-16,32,398,407
2015-04-16,33,378,387
2015-04-16,34,369,377
2015-04-16,35,482,491
2015-04-16,36,472,482
2015-04-16,37,444,454
2015-04-16,38,549,555
2015-04-16,39,615,626
2015-04-16,40,136,137
2015-04-16,41,142,143
2015-04-16,42,175,178
2015-04-16,43,141,143
2015-04-16,44,,
2015-04-16,45,176,177
2015-04-16,46,182,183
2015-04-16,47,208,213
2015-04-16,48,134,135
2015-04-16,49,142,143
2015-04-16,50,154,156
2015-04-16,51,225,227
2015-04-16,52,366,370
2015-04-16,53,495,500
2015-04-16,54,233,238
2015-04-16,55,252,262
2015-04-16,56,,
2015-04-16,57,,
2015-04-16,58,705,715
2015-04-16,59,,
2015-04-16,60,215,225
2015-04-16,61,215,225
2015-04-16,62,,
2015-04-16,63,381,384
2015-04-16,64,,
2015-04-16,65,374,378
2015-04-16,66,,
2015-04-16,67,,
2015-04-16,68,395,396
2015-04-16,69,393,394
2015-04-16,70,426,427
2015-04-16,71,424,425
2015-04-16,72,405,407
2015-04-16,73,402,404
2015-04-16,74,500,502
2015-04-16,75,497,499
2015-04-16,76,201,205
2015-04-16,77,243,248
2015-04-16,78,275,280
2015-04-16,85,118,120
2015-04-16,86,113,115
2015-04-16,87,1740,1760
2015-04-16,88,1855,1860
2015-04-16,89,184,185
2015-04-16,90,180,183
2015-04-16,91,,
2015-04-16,92,158,160
2015-04-16,93,202,204
2015-04-16,94,,
2015-04-16,95,,
2015-04-16,96,,
2015-04-16,97,,
2015-04-16,98,705,720
2015-04-16,99,700,715
2015-04-16,100,585,600
2015-04-16,101,,
2015-04-16,102,,
2015-04-16,103,1390,1490
2015-04-16,104,1150,1250
2015-04-16,105,760,860
2015-04-16,106,680,780
2015-04-16,107,630,730
2015-04-16,108,780,880
2015-04-16,109,860,960
2015-04-16,110,340,350
2015-04-16,111,320,335
2015-04-16,112,205,220
2015-04-16,113,143,145
2015-04-16,114,122,125
2015-04-16,115,2250,2600
2015-04-16,116,220,240
2015-04-16,117,,
2015-04-16,118,,
2015-04-16,119,,
2015-04-16,120,,
2015-04-16,121,5200,5800
2015-04-16,122,4800,5400
2015-04-16,123,4300,4600
2015-04-16,124,,
2015-04-16,125,,
2015-04-16,126,,
2015-04-16,127,1000,1200
2015-04-16,128,,
2015-04-16,129,680,740
2015-04-16,130,500,540
2015-04-16,131,630,670
2015-04-16,132,450,480
2015-04-16,133,,
2015-04-16,134,,
2015-04-16,135,,
2015-04-16,136,,
2015-04-16,137,,
2015-04-16,138,,
2015-04-16,139,,
2015-04-16,140,3900,4200
2015-04-16,141,2300,2900
2015-04-16,142,1650,1850
2015-04-16,143,850,950
2015-04-16,144,,
2015-04-16,145,,
2015-04-16,146,1900,2100
2015-04-16,147,2100,2300
2015-04-16,148,,
2015-04-16,149,30,130
2015-04-16,150,60,90
2015-04-16,151,60,90
2015-04-16,152,40,60
2015-04-16,155,0.8,0.9
2015-04-16,169,0.9,1
2015-04-16,170,0.95,1.05
2015-04-16,171,1.05,1.15
2015-04-16,172,1.13,1.23
2015-04-16,173,1.18,1.28
2015-04-16,174,1.23,1.33
2015-04-16,183,4.8,5
2015-04-16,184,5.7,6
2015-04-16,186,2.2,2.4
2015-04-16,189,,
2015-04-16,190,1.55,1.65
2015-04-16,193,2.4,2.6
2015-04-16,194,2.7,2.9
2015-04-16,195,2.7,2.9
2015-04-16,196,,
2015-04-16,197,1.2,1.45
2015-04-16,198,1.25,1.5
2015-04-16,204,2.45,2.55
2015-04-16,206,2.7,2.9
2015-04-16,207,2.25,2.45
2015-04-16,210,1.9,2.25
2015-04-16,211,2.15,2.45
2015-04-16,213,1.8,2
2015-04-16,221,48,62
2015-04-16,222,53,75
2015-04-16,223,,1.6
2015-04-16,230,5.6,5.9
2015-04-16,231,5.7,5.9
2015-04-16,232,6.2,6.4
2015-04-16,233,5.1,5.3
2015-04-16,234,1.9,2.1
2015-04-16,235,2.5,2.6
2015-04-16,236,2.3,2.4
2015-04-16,237,,
2015-04-16,238,,
2015-04-16,239,3.4,3.6
2015-04-16,240,,
2015-04-16,241,,
2015-04-16,242,,
2015-04-16,243,,
2015-04-16,244,3,3.2
2015-04-16,245,3,4
2015-04-16,246,3.3,3.6
2015-04-16,247,0.55,0.65
2015-04-16,248,0.55,0.65
2015-04-16,249,0.7,0.85
2015-04-16,250,0.75,0.85
2015-04-16,251,0.8,0.9
2015-04-16,252,0.8,0.9
2015-04-16,253,0.8,0.9
2015-04-16,254,0.65,0.75
2015-04-16,255,0.8,0.9
2015-04-16,256,1.2,1.5
2015-04-16,257,1.2,1.5
2015-04-16,258,1.2,1.5
2015-04-16,259,1.5,1.7
2015-04-16,260,1.6,1.75
2015-04-16,261,1.6,1.7
2015-04-16,262,1.7,1.8
2015-04-16,263,1.5,1.7
2015-04-16,264,1.6,1.7
2015-04-16,265,0.65,0.75
2015-04-16,266,0.8,0.95
2015-04-16,267,0.75,0.85
2015-04-16,268,0.9,1
2015-04-16,269,0.6,0.65
2015-04-16,270,1.5,1.6
2015-04-16,271,1.6,1.7
2015-04-16,272,1.5,1.6
2015-04-16,273,1.7,1.9
2015-04-16,274,1.7,1.9
2015-04-16,275,1.7,1.9
2015-04-16,276,1.85,1.9
2015-04-16,277,2.05,2.2
2015-04-16,278,1.85,2
2015-04-16,279,1.7,1.9
2015-04-16,280,1.3,1.5
2015-04-16,281,1.7,1.9
2015-04-16,282,1.2,1.4
2015-04-16,283,1.6,1.7
2015-04-16,284,1.5,1.6
2015-04-16,285,1.5,1.8
2015-04-16,286,1.7,1.9
2015-04-16,287,1.7,1.9
2015-04-16,288,1.5,1.6
2015-04-16,289,1.7,1.9
2015-04-16,290,1.7,1.9
2015-04-16,291,8,15
2015-04-16,292,,
2015-04-16,293,,
2015-04-16,294,,
2015-04-16,295,,
2015-04-16,296,,
2015-04-16,297,,
2015-04-16,298,,
2015-04-16,299,,
2015-04-16,300,,
2015-04-16,301,,
2015-04-16,302,,
2015-04-16,304,,
2015-04-16,305,,
2015-04-16,306,,
2015-04-16,307,,
2015-04-16,308,,
2015-04-16,309,,
2015-04-16,310,,
2015-04-16,311,,
2015-04-16,312,,
2015-04-16,313,,
2015-04-16,314,,
2015-04-16,315,,
2015-04-16,316,,
2015-04-16,317,,
2015-04-16,318,,
2015-04-16,319,,
2015-04-16,320,,
2015-04-16,321,,
2015-04-16,330,8.75,9.1
2015-04-16,331,8.15,8.5
2015-04-16,332,7.5,7.85
2015-04-16,338,2.9,3.1
2015-04-16,339,,
2015-04-16,349,,
2015-04-16,353,4,4.5
2015-04-16,358,3.4,3.6
2015-04-16,363,2.9,3.1
2015-04-16,368,,
2015-04-16,408,63,73
2015-04-16,416,53,63
2015-04-16,445,184,187
2015-04-16,451,296,301
2015-04-16,472,199,201
2015-04-16,481,1.75,1.95
2015-04-16,482,2.4,2.5
2015-04-16,483,,
2015-04-16,499,,
2015-04-16,500,,
2015-04-16,513,2.6,2.8
2015-04-16,514,2.4,2.6
2015-04-16,515,2.6,2.8
2015-04-16,627,2.1,2.3
2015-04-16,629,88,93
2015-04-16,630,98,103
2015-04-16,642,,
2015-04-16,643,1,1.05
2015-04-16,644,1.15,1.2
2015-04-16,645,1.3,1.35
2015-04-16,646,1.35,1.4
2015-04-16,681,2.45,2.55
2015-04-16,690,4,4.5
2015-04-16,695,3,3.5
2015-04-16,696,2.35,2.55
2015-04-16,698,,
2015-04-16,700,,
2015-04-16,703,225,230
2015-04-16,704,210,215
2015-04-16,705,160,165
2015-04-16,732,165,175
2015-04-16,750,182,184
2015-04-16,751,186,190
2015-04-16,772,225,230
2015-04-16,773,200,210
2015-04-16,793,230,235
2015-04-16,794,198,202
2015-04-16,795,193,195
2015-04-16,796,187,192
2015-04-16,797,325,330
2015-04-16,798,314,319
2015-04-16,799,304,309
2015-04-16,800,325,330
2015-04-16,801,313,318
2015-04-16,802,178,180
2015-04-16,838,26,36
2015-04-16,843,,
2015-04-16,845,1.6,1.8
2015-04-16,849,58,63
2015-04-16,851,1.55,1.75
2015-04-16,852,1.6,1.8
2015-04-16,853,0.85,0.95
2015-04-16,856,,
2015-04-16,857,2.25,2.45
2015-04-16,862,2.25,2.45
2015-04-16,863,2.2,2.4
2015-04-16,864,1.6,1.8
2015-04-16,865,1.6,1.8
2015-04-16,866,,
2015-04-16,867,,
2015-04-16,868,,
2015-04-16,869,7,8
2015-04-16,870,5,5.5
2015-04-16,871,4.8,5.3
2015-04-16,872,4,4.5
2015-04-16,873,3.8,4.3
2015-04-16,874,3.4,3.6
2015-04-16,875,2.9,3.4
2015-04-16,876,2.9,3.1
2015-04-16,877,,
2015-04-16,878,,
2015-04-16,879,,
2015-04-16,880,,
2015-04-16,881,,
2015-04-16,882,,
2015-04-16,883,,
2015-04-16,884,,
2015-04-16,885,,
2015-04-16,886,,
2015-04-16,887,,
2015-04-16,888,,
2015-04-16,889,,
2015-04-23,6,293,295
2015-04-23,7,295,297
2015-04-23,8,,
2015-04-23,10,247,251
2015-04-23,11,,
2015-04-23,12,,
2015-04-23,13,,
2015-04-23,14,197,200
2015-04-23,21,162,166
2015-04-23,22,170,172
2015-04-23,23,184,186
2015-04-23,24,,
2015-04-23,27,187,189
2015-04-23,28,171,173
2015-04-23,29,195,197
2015-04-23,32,398,407
2015-04-23,33,378,387
2015-04-23,34,369,377
2015-04-23,35,482,491
2015-04-23,36,472,482
2015-04-23,37,444,454
2015-04-23,38,539,545
2015-04-23,39,605,616
2015-04-23,40,136,137
2015-04-23,41,142,143
2015-04-23,42,175,178
2015-04-23,43,141,143
2015-04-23,44,,
2015-04-23,45,176,177
2015-04-23,46,182,183
2015-04-23,47,208,213
2015-04-23,48,134,135
2015-04-23,49,142,143
2015-04-23,50,154,156
2015-04-23,51,225,227
2015-04-23,52,361,365
2015-04-23,53,485,490
2015-04-23,54,233,238
2015-04-23,55,252,262
2015-04-23,56,,
2015-04-23,57,,
2015-04-23,58,715,725
2015-04-23,59,,
2015-04-23,60,215,225
2015-04-23,61,215,225
2015-04-23,62,,
2015-04-23,63,381,384
2015-04-23,64,,
2015-04-23,65,374,378
2015-04-23,66,,
2015-04-23,67,,
2015-04-23,68,395,396
2015-04-23,69,393,394
2015-04-23,70,426,427
2015-04-23,71,424,425
2015-04-23,72,405,407
2015-04-23,73,402,404
2015-04-23,74,500,502
2015-04-23,75,497,499
2015-04-23,76,206,210
2015-04-23,77,253,258
2015-04-23,78,275,280
2015-04-23,85,118,120
2015-04-23,86,113,115
2015-04-23,87,1740,1760
2015-04-23,88,1855,1860
2015-04-23,89,184,185
2015-04-23,90,180,183
2015-04-23,91,,
2015-04-23,92,156,158
2015-04-23,93,202,204
2015-04-23,94,,
2015-04-23,95,,
2015-04-23,96,,
2015-04-23,97,,
2015-04-23,98,705,720
2015-04-23,99,700,715
2015-04-23,100,575,590
2015-04-23,101,,
2015-04-23,102,,
2015-04-23,103,1390,1490
2015-04-23,104,1130,1230
2015-04-23,105,760,860
2015-04-23,106,680,780
2015-04-23,107,630,730
2015-04-23,108,780,880
2015-04-23,109,860,960
2015-04-23,110,340,350
2015-04-23,111,320,335
2015-04-23,112,205,220
2015-04-23,113,143,145
2015-04-23,114,122,125
2015-04-23,115,,
2015-04-23,116,,
2015-04-23,117,,
2015-04-23,118,,
2015-04-23,119,,
2015-04-23,120,,
2015-04-23,121,5200,5800
2015-04-23,122,4800,5400
2015-04-23,123,4300,4600
2015-04-23,124,,
2015-04-23,125,,
2015-04-23,126,,
2015-04-23,127,,
2015-04-23,128,,
2015-04-23,129,,
2015-04-23,130,,
2015-04-23,131,,
2015-04-23,132,,
2015-04-23,133,,
2015-04-23,134,,
2015-04-23,135,,
2015-04-23,136,,
2015-04-23,137,,
2015-04-23,138,,
2015-04-23,139,,
2015-04-23,140,,
2015-04-23,141,,
2015-04-23,142,,
2015-04-23,143,,
2015-04-23,144,,
2015-04-23,145,,
2015-04-23,146,,
2015-04-23,147,,
2015-04-23,148,,
2015-04-23,149,,
2015-04-23,150,,
2015-04-23,151,,
2015-04-23,152,,
2015-04-23,155,0.8,0.9
2015-04-23,169,0.9,1
2015-04-23,170,0.95,1.05
2015-04-23,171,1.05,1.15
2015-04-23,172,1.13,1.23
2015-04-23,173,1.18,1.28
2015-04-23,174,1.23,1.33
2015-04-23,183,4.8,5
2015-04-23,184,5.7,6
2015-04-23,186,2.2,2.4
2015-04-23,189,,
2015-04-23,190,1.55,1.65
2015-04-23,193,2.4,2.6
2015-04-23,194,2.7,2.9
2015-04-23,195,2.7,2.9
2015-04-23,196,,
2015-04-23,197,1.2,1.45
2015-04-23,198,1.25,1.5
2015-04-23,204,2.45,2.55
2015-04-23,206,2.7,2.9
2015-04-23,207,2.25,2.45
2015-04-23,210,1.9,2.25
2015-04-23,211,2.15,2.45
2015-04-23,213,1.8,2
2015-04-23,221,48,60
2015-04-23,222,53,70
2015-04-23,223,,1.55
2015-04-23,230,5.6,5.9
2015-04-23,231,5.7,5.9
2015-04-23,232,6.2,6.4
2015-04-23,233,5.1,5.3
2015-04-23,234,1.9,2.1
2015-04-23,235,2.5,2.6
2015-04-23,236,2.3,2.4
2015-04-23,237,,
2015-04-23,238,,
2015-04-23,239,3.4,3.6
2015-04-23,240,,
2015-04-23,241,,
2015-04-23,242,,
2015-04-23,243,,
2015-04-23,244,3,3.2
2015-04-23,245,3,4
2015-04-23,246,3.3,3.6
2015-04-23,247,0.55,0.65
2015-04-23,248,0.55,0.65
2015-04-23,249,0.7,0.85
2015-04-23,250,0.75,0.85
2015-04-23,251,0.8,0.9
2015-04-23,252,0.8,0.9
2015-04-23,253,0.8,0.9
2015-04-23,254,0.65,0.75
2015-04-23,255,0.8,0.9
2015-04-23,256,1.2,1.5
2015-04-23,257,1.2,1.5
2015-04-23,258,1.2,1.5
2015-04-23,259,1.5,1.7
2015-04-23,260,1.6,1.75
2015-04-23,261,1.6,1.7
2015-04-23,262,1.7,1.8
2015-04-23,263,1.5,1.7
2015-04-23,264,1.6,1.7
2015-04-23,265,0.65,0.75
2015-04-23,266,0.8,0.95
2015-04-23,267,0.75,0.85
2015-04-23,268,0.9,1
2015-04-23,269,0.6,0.65
2015-04-23,270,1.5,1.6
2015-04-23,271,1.6,1.7
2015-04-23,272,1.5,1.6
2015-04-23,273,1.7,1.9
2015-04-23,274,1.7,1.9
2015-04-23,275,1.7,1.9
2015-04-23,276,1.85,1.9
2015-04-23,277,2.05,2.2
2015-04-23,278,1.85,2
2015-04-23,279,1.7,1.9
2015-04-23,280,1.3,1.5
2015-04-23,281,1.7,1.9
2015-04-23,282,1.2,1.4
2015-04-23,283,1.6,1.7
2015-04-23,284,1.5,1.6
2015-04-23,285,1.5,1.8
2015-04-23,286,1.7,1.9
2015-04-23,287,1.7,1.9
2015-04-23,288,1.5,1.6
2015-04-23,289,1.7,1.9
2015-04-23,290,1.7,1.9
2015-04-23,291,8,15
2015-04-23,292,,
2015-04-23,293,,
2015-04-23,294,,
2015-04-23,295,,
2015-04-23,296,,
2015-04-23,297,,
2015-04-23,298,,
2015-04-23,299,,
2015-04-23,300,,
2015-04-23,301,,
2015-04-23,302,,
2015-04-23,304,,
2015-04-23,305,,
2015-04-23,306,,
2015-04-23,307,,
2015-04-23,308,,
2015-04-23,309,,
2015-04-23,310,,
2015-04-23,311,,
2015-04-23,312,,
2015-04-23,313,,
2015-04-23,314,,
2015-04-23,315,,
2015-04-23,316,,
2015-04-23,317,,
2015-04-23,318,,
2015-04-23,319,,
2015-04-23,320,,
2015-04-23,321,,
2015-04-23,330,8.75,9.1
2015-04-23,331,8.15,8.5
2015-04-23,332,7.5,7.85
2015-04-23,338,2.9,3.1
2015-04-23,339,,
2015-04-23,349,4.5,5.5
2015-04-23,353,3,3.5
2015-04-23,355,,
2015-04-23,356,,
2015-04-23,358,2.4,2.6
2015-04-23,360,,
2015-04-23,361,,
2015-04-23,363,2,2.2
2015-04-23,365,,
2015-04-23,366,,
2015-04-23,368,,
2015-04-23,408,,
2015-04-23,416,,
2015-04-23,445,183,186
2015-04-23,451,281,286
2015-04-23,472,198,200
2015-04-23,481,1.75,1.95
2015-04-23,482,2.4,2.5
2015-04-23,483,,
2015-04-23,499,,
2015-04-23,500,,
2015-04-23,513,2.8,3
2015-04-23,514,2.5,2.7
2015-04-23,515,2.7,2.9
2015-04-23,627,2.1,2.3
2015-04-23,629,,
2015-04-23,630,,
2015-04-23,642,,
2015-04-23,643,,
2015-04-23,644,,
2015-04-23,645,,
2015-04-23,646,,
2015-04-23,681,2.45,2.55
2015-04-23,696,2.35,2.55
2015-04-23,698,4,4.5
2015-04-23,700,3.4,3.6
2015-04-23,703,225,230
2015-04-23,704,210,215
2015-04-23,705,160,165
2015-04-23,732,165,175
2015-04-23,750,182,184
2015-04-23,751,186,190
2015-04-23,772,225,230
2015-04-23,773,200,210
2015-04-23,793,229,234
2015-04-23,794,197,201
2015-04-23,795,192,194
2015-04-23,796,186,191
2015-04-23,797,315,320
2015-04-23,798,299,304
2015-04-23,799,289,294
2015-04-23,800,315,320
2015-04-23,801,298,303
2015-04-23,802,178,180
2015-04-23,838,,
2015-04-23,845,1.6,1.8
2015-04-23,849,,
2015-04-23,851,1.55,1.75
2015-04-23,852,1.6,1.8
2015-04-23,853,,
2015-04-23,856,,
2015-04-23,857,2.25,2.45
2015-04-23,862,2.25,2.45
2015-04-23,863,2.2,2.4
2015-04-23,864,1.6,1.8
2015-04-23,865,1.6,1.8
2015-04-23,869,6.5,7.5
2015-04-23,877,3.8,4.3
2015-04-23,878,3.6,4.1
2015-04-23,879,3.3,3.8
2015-04-23,880,3,3.5
2015-04-23,881,3.2,3.4
2015-04-23,882,3,3.2
2015-04-23,883,2.6,2.8
2015-04-23,884,2.4,2.6
2015-04-23,885,2.9,3.1
2015-04-23,886,2,2.2
2015-04-23,887,2,2.2
2015-04-23,888,2,2.2
2015-04-23,889,2,2.2
2015-04-23,890,,
2015-04-23,891,,
2015-04-23,892,,
2015-04-23,893,,
2015-04-23,894,,
2015-04-23,895,,
2015-04-23,896,,
2015-04-23,897,,
2015-04-23,898,,
2015-04-30,6,293,295
2015-04-30,7,295,297
2015-04-30,8,,
2015-04-30,10,247,251
2015-04-30,11,,
2015-04-30,12,,
2015-04-30,13,,
2015-04-30,14,197,200
2015-04-30,21,162,166
2015-04-30,22,170,172
2015-04-30,23,182,184
2015-04-30,24,,
2015-04-30,27,185,187
2015-04-30,28,171,173
2015-04-30,29,195,197
2015-04-30,32,398,407
2015-04-30,33,378,387
2015-04-30,34,369,377
2015-04-30,35,482,491
2015-04-30,36,472,482
2015-04-30,37,444,454
2015-04-30,38,524,530
2015-04-30,39,590,601
2015-04-30,40,136,137
2015-04-30,41,142,143
2015-04-30,42,175,178
2015-04-30,43,141,143
2015-04-30,44,,
2015-04-30,45,176,177
2015-04-30,46,182,183
2015-04-30,47,208,213
2015-04-30,48,134,135
2015-04-30,49,142,143
2015-04-30,50,154,156
2015-04-30,51,225,227
2015-04-30,52,361,365
2015-04-30,53,485,490
2015-04-30,54,233,238
2015-04-30,55,252,262
2015-04-30,56,,
2015-04-30,57,,
2015-04-30,58,715,725
2015-04-30,59,,
2015-04-30,60,215,225
2015-04-30,61,215,225
2015-04-30,62,,
2015-04-30,63,381,384
2015-04-30,64,,
2015-04-30,65,374,378
2015-04-30,66,,
2015-04-30,67,,
2015-04-30,68,385,386
2015-04-30,69,383,384
2015-04-30,70,416,417
2015-04-30,71,414,415
2015-04-30,72,395,397
2015-04-30,73,392,394
2015-04-30,74,490,492
2015-04-30,75,487,489
2015-04-30,76,206,210
2015-04-30,77,253,258
2015-04-30,78,275,280
2015-04-30,85,115,117
2015-04-30,86,113,115
2015-04-30,87,1740,1760
2015-04-30,88,1855,1860
2015-04-30,89,184,185
2015-04-30,90,180,183
2015-04-30,91,,
2015-04-30,92,156,158
2015-04-30,93,202,204
2015-04-30,94,,
2015-04-30,95,,
2015-04-30,96,,
2015-04-30,97,,
2015-04-30,98,705,720
2015-04-30,99,700,715
2015-04-30,100,575,590
2015-04-30,101,,
2015-04-30,102,,
2015-04-30,103,1390,1490
2015-04-30,104,1130,1230
2015-04-30,105,760,860
2015-04-30,106,680,780
2015-04-30,107,630,730
2015-04-30,108,780,880
2015-04-30,109,860,960
2015-04-30,110,340,350
2015-04-30,111,320,335
2015-04-30,112,205,220
2015-04-30,113,143,145
2015-04-30,114,122,125
2015-04-30,115,,
2015-04-30,116,,
2015-04-30,117,,
2015-04-30,118,,
2015-04-30,119,,
2015-04-30,120,,
2015-04-30,121,,
2015-04-30,122,,
2015-04-30,123,,
2015-04-30,124,,
2015-04-30,125,,
2015-04-30,126,,
2015-04-30,127,,
2015-04-30,128,,
2015-04-30,129,,
2015-04-30,130,,
2015-04-30,131,,
2015-04-30,132,,
2015-04-30,133,,
2015-04-30,134,,
2015-04-30,135,,
2015-04-30,136,,
2015-04-30,137,,
2015-04-30,138,,
2015-04-30,139,,
2015-04-30,140,,
2015-04-30,141,,
2015-04-30,142,,
2015-04-30,143,,
2015-04-30,144,,
2015-04-30,145,,
2015-04-30,146,,
2015-04-30,147,,
2015-04-30,148,,
2015-04-30,149,,
2015-04-30,150,,
2015-04-30,151,,
2015-04-30,152,,
2015-04-30,155,0.8,0.9
2015-04-30,169,0.9,1
2015-04-30,170,0.95,1.05
2015-04-30,171,1.05,1.15
2015-04-30,172,1.13,1.23
2015-04-30,173,1.18,1.28
2015-04-30,174,1.23,1.33
2015-04-30,183,4.8,5
2015-04-30,184,5.7,6
2015-04-30,186,2.2,2.4
2015-04-30,189,,
2015-04-30,190,1.55,1.65
2015-04-30,191,,
2015-04-30,192,,
2015-04-30,193,2.4,2.6
2015-04-30,194,2.7,2.9
2015-04-30,195,2.7,2.9
2015-04-30,196,,
2015-04-30,197,1.2,1.45
2015-04-30,198,1.25,1.5
2015-04-30,204,2.45,2.55
2015-04-30,206,2.7,2.9
2015-04-30,207,2.25,2.45
2015-04-30,210,1.9,2.25
2015-04-30,211,2.15,2.45
2015-04-30,213,1.8,2
2015-04-30,221,48,60
2015-04-30,222,53,70
2015-04-30,223,,1.55
2015-04-30,230,5.6,5.9
2015-04-30,231,5.7,5.9
2015-04-30,232,6.2,6.4
2015-04-30,233,5.1,5.3
2015-04-30,234,1.9,2.1
2015-04-30,235,2.5,2.6
2015-04-30,236,2.3,2.4
2015-04-30,237,,
2015-04-30,238,,
2015-04-30,239,3.4,3.6
2015-04-30,240,,
2015-04-30,241,,
2015-04-30,242,,
2015-04-30,243,,
2015-04-30,244,3,3.2
2015-04-30,245,3,4
2015-04-30,246,3.3,3.6
2015-04-30,247,0.55,0.65
2015-04-30,248,0.55,0.65
2015-04-30,249,0.7,0.85
2015-04-30,250,0.75,0.85
2015-04-30,251,0.8,0.9
2015-04-30,252,0.8,0.9
2015-04-30,253,0.8,0.9
2015-04-30,254,0.65,0.75
2015-04-30,255,0.8,0.9
2015-04-30,256,1.2,1.5
2015-04-30,257,1.2,1.5
2015-04-30,258,1.2,1.5
2015-04-30,259,1.5,1.7
2015-04-30,260,1.6,1.75
2015-04-30,261,1.6,1.7
2015-04-30,262,1.7,1.8
2015-04-30,263,1.5,1.7
2015-04-30,264,1.6,1.7
2015-04-30,265,0.65,0.75
2015-04-30,266,0.8,0.95
2015-04-30,267,0.75,0.85
2015-04-30,268,0.9,1
2015-04-30,269,0.6,0.65
2015-04-30,270,1.5,1.6
2015-04-30,271,1.6,1.7
2015-04-30,272,1.5,1.6
2015-04-30,273,1.7,1.9
2015-04-30,274,1.7,1.9
2015-04-30,275,1.7,1.9
2015-04-30,276,1.85,1.9
2015-04-30,277,2.05,2.2
2015-04-30,278,1.85,2
2015-04-30,279,1.7,1.9
2015-04-30,280,1.3,1.5
2015-04-30,281,1.7,1.9
2015-04-30,282,1.2,1.4
2015-04-30,283,1.6,1.7
2015-04-30,284,1.5,1.6
2015-04-30,285,1.5,1.8
2015-04-30,286,1.7,1.9
2015-04-30,287,1.7,1.9
2015-04-30,288,1.5,1.6
2015-04-30,289,1.7,1.9
2015-04-30,290,1.7,1.9
2015-04-30,291,8,15
2015-04-30,292,,
2015-04-30,293,,
2015-04-30,294,,
2015-04-30,295,,
2015-04-30,296,,
2015-04-30,297,,
2015-04-30,298,,
2015-04-30,299,,
2015-04-30,300,,
2015-04-30,301,,
2015-04-30,302,,
2015-04-30,304,,
2015-04-30,305,,
2015-04-30,306,,
2015-04-30,307,,
2015-04-30,308,,
2015-04-30,309,,
2015-04-30,310,,
2015-04-30,311,,
2015-04-30,312,,
2015-04-30,313,,
2015-04-30,314,,
2015-04-30,315,,
2015-04-30,316,,
2015-04-30,317,,
2015-04-30,318,,
2015-04-30,319,,
2015-04-30,320,,
2015-04-30,321,,
2015-04-30,330,8.75,9.1
2015-04-30,331,8.15,8.5
2015-04-30,332,7.6,7.85
2015-04-30,338,2.9,3.1
2015-04-30,339,,
2015-04-30,349,4.5,5.5
2015-04-30,353,2.6,2.9
2015-04-30,355,2.6,2.9
2015-04-30,356,2.6,2.9
2015-04-30,358,1.8,2
2015-04-30,360,1.9,2.1
2015-04-30,361,1.8,2
2015-04-30,363,1.4,1.6
2015-04-30,365,1.4,1.6
2015-04-30,366,1.4,1.6
2015-04-30,368,,
2015-04-30,369,,
2015-04-30,370,,
2015-04-30,390,,
2015-04-30,408,,
2015-04-30,416,,
2015-04-30,445,183,186
2015-04-30,451,271,276
2015-04-30,472,198,200
2015-04-30,481,1.75,1.95
2015-04-30,482,2.4,2.5
2015-04-30,483,,
2015-04-30,499,,
2015-04-30,500,,
2015-04-30,513,2.8,3
2015-04-30,514,2.5,2.7
2015-04-30,515,2.7,2.9
2015-04-30,627,2.1,2.3
2015-04-30,629,,
2015-04-30,630,,
2015-04-30,681,2.45,2.55
2015-04-30,696,2.35,2.55
2015-04-30,703,225,230
2015-04-30,704,210,215
2015-04-30,705,160,165
2015-04-30,714,,
2015-04-30,715,,
2015-04-30,732,150,160
2015-04-30,740,,
2015-04-30,750,180,182
2015-04-30,751,184,188
2015-04-30,772,210,215
2015-04-30,773,185,195
2015-04-30,793,229,234
2015-04-30,794,197,201
2015-04-30,795,192,194
2015-04-30,796,186,191
2015-04-30,797,305,310
2015-04-30,798,289,294
2015-04-30,799,279,284
2015-04-30,800,305,310
2015-04-30,801,288,293
2015-04-30,802,176,178
2015-04-30,838,,
2015-04-30,845,1.6,1.8
2015-04-30,849,,
2015-04-30,851,1.55,1.75
2015-04-30,852,1.6,1.8
2015-04-30,857,2.25,2.45
2015-04-30,862,2.25,2.45
2015-04-30,863,2.2,2.4
2015-04-30,864,1.6,1.8
2015-04-30,865,1.6,1.8
2015-04-30,869,6.5,7.5
2015-04-30,890,2.9,3.4
2015-04-30,891,2.7,3.2
2015-04-30,892,2.7,3
2015-04-30,893,2.3,2.5
2015-04-30,894,2,2.2
2015-04-30,895,1.9,2.1
2015-04-30,896,1.8,2
2015-04-30,897,1.6,1.8
2015-04-30,898,1.6,1.8
2015-04-30,899,,
2015-04-30,900,,
2015-04-30,901,,
2015-04-30,902,,
2015-04-30,903,,
2015-04-30,904,,
2015-04-30,905,,
2015-04-30,906,,
2015-04-30,907,,
2015-04-30,908,,
2015-04-30,909,,
2015-04-30,910,,
2015-04-30,911,,
2015-04-30,912,,
2015-05-07,6,291,293
2015-05-07,7,293,295
2015-05-07,8,,
2015-05-07,10,245,249
2015-05-07,11,,
2015-05-07,12,,
2015-05-07,13,,
2015-05-07,14,195,198
2015-05-07,21,160,164
2015-05-07,22,167,169
2015-05-07,23,179,181
2015-05-07,24,,
2015-05-07,27,182,184
2015-05-07,28,171,173
2015-05-07,29,192,194
2015-05-07,32,393,402
2015-05-07,33,373,382
2015-05-07,34,364,372
2015-05-07,35,477,486
2015-05-07,36,467,477
2015-05-07,37,439,449
2015-05-07,38,514,520
2015-05-07,39,580,591
2015-05-07,40,136,137
2015-05-07,41,142,143
2015-05-07,42,175,178
2015-05-07,43,141,143
2015-05-07,44,,
2015-05-07,45,176,177
2015-05-07,46,182,183
2015-05-07,47,208,213
2015-05-07,48,134,135
2015-05-07,49,142,143
2015-05-07,50,154,156
2015-05-07,51,225,227
2015-05-07,52,361,365
2015-05-07,53,485,490
2015-05-07,54,233,238
2015-05-07,55,252,262
2015-05-07,56,,
2015-05-07,57,,
2015-05-07,58,715,725
2015-05-07,59,,
2015-05-07,60,215,225
2015-05-07,61,215,225
2015-05-07,62,,
2015-05-07,63,378,381
2015-05-07,64,,
2015-05-07,65,371,375
2015-05-07,66,,
2015-05-07,67,,
2015-05-07,68,371,372
2015-05-07,69,369,370
2015-05-07,70,402,403
2015-05-07,71,400,401
2015-05-07,72,381,383
2015-05-07,73,378,380
2015-05-07,74,476,478
2015-05-07,75,473,475
2015-05-07,76,206,210
2015-05-07,77,257,262
2015-05-07,78,283,288
2015-05-07,85,110,112
2015-05-07,86,110,112
2015-05-07,87,1720,1740
2015-05-07,88,1835,1840
2015-05-07,89,184,185
2015-05-07,90,180,183
2015-05-07,91,,
2015-05-07,92,153,155
2015-05-07,93,199,201
2015-05-07,94,,
2015-05-07,95,,
2015-05-07,96,,
2015-05-07,97,,
2015-05-07,98,705,720
2015-05-07,99,700,715
2015-05-07,100,570,585
2015-05-07,101,,
2015-05-07,102,,
2015-05-07,103,1390,1490
2015-05-07,104,1120,1220
2015-05-07,105,760,860
2015-05-07,106,680,780
2015-05-07,107,630,730
2015-05-07,108,780,880
2015-05-07,109,860,960
2015-05-07,110,340,350
2015-05-07,111,320,335
2015-05-07,112,205,220
2015-05-07,113,148,150
2015-05-07,114,127,130
2015-05-07,115,,
2015-05-07,116,,
2015-05-07,117,,
2015-05-07,118,,
2015-05-07,119,,
2015-05-07,120,,
2015-05-07,121,,
2015-05-07,122,,
2015-05-07,123,,
2015-05-07,124,,
2015-05-07,125,,
2015-05-07,126,,
2015-05-07,127,,
2015-05-07,128,,
2015-05-07,129,,
2015-05-07,130,,
2015-05-07,131,,
2015-05-07,132,,
2015-05-07,133,,
2015-05-07,134,,
2015-05-07,135,,
2015-05-07,136,,
2015-05-07,137,,
2015-05-07,138,,
2015-05-07,139,,
2015-05-07,140,,
2015-05-07,141,,
2015-05-07,142,,
2015-05-07,143,,
2015-05-07,144,,
2015-05-07,145,,
2015-05-07,146,,
2015-05-07,147,,
2015-05-07,148,,
2015-05-07,149,,
2015-05-07,150,,
2015-05-07,151,,
2015-05-07,152,,
2015-05-07,155,0.8,0.9
2015-05-07,169,0.9,1
2015-05-07,170,0.95,1.05
2015-05-07,171,1.05,1.15
2015-05-07,172,1.13,1.23
2015-05-07,173,1.18,1.28
2015-05-07,174,1.23,1.33
2015-05-07,183,4.8,5
2015-05-07,184,5.7,6
2015-05-07,186,2.2,2.4
2015-05-07,189,,
2015-05-07,190,,
2015-05-07,191,1.55,1.65
2015-05-07,192,1.75,1.95
2015-05-07,193,,
2015-05-07,194,,
2015-05-07,195,,
2015-05-07,196,2.6,2.8
2015-05-07,197,1.2,1.45
2015-05-07,198,1.25,1.5
2015-05-07,204,2.45,2.55
2015-05-07,206,2.5,2.7
2015-05-07,207,2.3,2.5
2015-05-07,210,1.9,2.25
2015-05-07,211,2.15,2.45
2015-05-07,213,1.8,2
2015-05-07,221,48,60
2015-05-07,222,53,70
2015-05-07,223,,1.45
2015-05-07,230,5.6,5.9
2015-05-07,231,5.7,5.9
2015-05-07,232,6.2,6.4
2015-05-07,233,5.1,5.3
2015-05-07,234,1.9,2.1
2015-05-07,235,2.5,2.6
2015-05-07,236,2.3,2.4
2015-05-07,237,,
2015-05-07,238,,
2015-05-07,239,3.4,3.6
2015-05-07,240,,
2015-05-07,241,,
2015-05-07,242,,
2015-05-07,243,,
2015-05-07,244,3,3.2
2015-05-07,245,3,4
2015-05-07,246,3.3,3.6
2015-05-07,247,0.55,0.65
2015-05-07,248,0.55,0.65
2015-05-07,249,0.7,0.85
2015-05-07,250,0.75,0.85
2015-05-07,251,0.8,0.9
2015-05-07,252,0.8,0.9
2015-05-07,253,0.8,0.9
2015-05-07,254,0.65,0.75
2015-05-07,255,0.8,0.9
2015-05-07,256,1.2,1.5
2015-05-07,257,1.2,1.5
2015-05-07,258,1.2,1.5
2015-05-07,259,1.5,1.7
2015-05-07,260,1.6,1.75
2015-05-07,261,1.6,1.7
2015-05-07,262,1.7,1.8
2015-05-07,263,1.5,1.7
2015-05-07,264,1.6,1.7
2015-05-07,265,0.65,0.75
2015-05-07,266,0.8,0.95
2015-05-07,267,0.75,0.85
2015-05-07,268,0.9,1
2015-05-07,269,0.6,0.65
2015-05-07,270,1.5,1.6
2015-05-07,271,1.6,1.7
2015-05-07,272,1.5,1.6
2015-05-07,273,1.7,1.9
2015-05-07,274,1.7,1.9
2015-05-07,275,1.7,1.9
2015-05-07,276,1.85,1.9
2015-05-07,277,2.05,2.2
2015-05-07,278,1.85,2
2015-05-07,279,1.7,1.9
2015-05-07,280,1.3,1.5
2015-05-07,281,1.7,1.9
2015-05-07,282,1.2,1.4
2015-05-07,283,1.6,1.7
2015-05-07,284,1.5,1.6
2015-05-07,285,1.5,1.8
2015-05-07,286,1.7,1.9
2015-05-07,287,1.7,1.9
2015-05-07,288,1.5,1.6
2015-05-07,289,1.7,1.9
2015-05-07,290,1.7,1.9
2015-05-07,291,8,15
2015-05-07,292,,
2015-05-07,293,,
2015-05-07,294,,
2015-05-07,295,,
2015-05-07,296,,
2015-05-07,297,,
2015-05-07,298,,
2015-05-07,299,,
2015-05-07,300,,
2015-05-07,301,,
2015-05-07,302,,
2015-05-07,304,,
2015-05-07,305,,
2015-05-07,306,,
2015-05-07,307,,
2015-05-07,308,,
2015-05-07,309,,
2015-05-07,310,,
2015-05-07,311,,
2015-05-07,312,,
2015-05-07,313,,
2015-05-07,314,,
2015-05-07,315,,
2015-05-07,316,,
2015-05-07,317,,
2015-05-07,318,,
2015-05-07,319,,
2015-05-07,320,,
2015-05-07,321,,
2015-05-07,330,8.75,9.1
2015-05-07,331,8.15,8.5
2015-05-07,332,7.6,7.85
2015-05-07,338,2.9,3.1
2015-05-07,339,,
2015-05-07,349,4,4.5
2015-05-07,352,,
2015-05-07,353,2.7,3
2015-05-07,358,1.9,2.1
2015-05-07,363,1.5,1.7
2015-05-07,368,,
2015-05-07,369,,
2015-05-07,370,,
2015-05-07,390,3,3.2
2015-05-07,445,181,184
2015-05-07,451,261,266
2015-05-07,472,196,198
2015-05-07,481,,
2015-05-07,482,,
2015-05-07,483,2.4,2.6
2015-05-07,499,,
2015-05-07,500,,
2015-05-07,513,2.8,3
2015-05-07,514,2.5,2.7
2015-05-07,515,2.7,2.9
2015-05-07,627,2.1,2.3
2015-05-07,681,2.45,2.55
2015-05-07,696,2.35,2.55
2015-05-07,703,,
2015-05-07,704,210,215
2015-05-07,705,160,165
2015-05-07,714,,
2015-05-07,715,,
2015-05-07,730,,
2015-05-07,732,150,160
2015-05-07,740,,
2015-05-07,750,178,180
2015-05-07,751,182,186
2015-05-07,772,210,215
2015-05-07,773,185,195
2015-05-07,793,226,231
2015-05-07,794,195,199
2015-05-07,795,190,192
2015-05-07,796,184,189
2015-05-07,797,295,300
2015-05-07,798,279,284
2015-05-07,799,269,274
2015-05-07,800,295,300
2015-05-07,801,278,283
2015-05-07,802,174,176
2015-05-07,845,,
2015-05-07,851,1.55,1.75
2015-05-07,852,,
2015-05-07,857,2.35,2.55
2015-05-07,862,2.25,2.45
2015-05-07,863,,
2015-05-07,864,,
2015-05-07,865,,
2015-05-07,869,,
2015-05-07,899,2.8,3.3
2015-05-07,900,2.8,3.1
2015-05-07,901,2.7,3
2015-05-07,902,2.7,3
2015-05-07,903,2.1,2.3
2015-05-07,904,2,2.2
2015-05-07,905,2,2.2
2015-05-07,906,1.9,2.1
2015-05-07,907,1.7,1.9
2015-05-07,908,1.7,1.9
2015-05-07,909,1.5,1.7
2015-05-07,910,1.5,1.7
2015-05-07,911,6.5,7.5
2015-05-07,912,,
2015-05-07,913,,
2015-05-07,914,,
2015-05-07,915,,
2015-05-14,6,289,291
2015-05-14,7,291,293
2015-05-14,8,,
2015-05-14,10,243,247
2015-05-14,11,,
2015-05-14,12,,
2015-05-14,13,,
2015-05-14,14,193,196
2015-05-14,21,158,162
2015-05-14,22,165,167
2015-05-14,23,177,179
2015-05-14,24,,
2015-05-14,27,180,182
2015-05-14,28,171,173
2015-05-14,29,190,192
2015-05-14,32,393,402
2015-05-14,33,373,382
2015-05-14,34,364,372
2015-05-14,35,477,486
2015-05-14,36,467,477
2015-05-14,37,439,449
2015-05-14,38,514,520
2015-05-14,39,580,591
2015-05-14,40,136,137
2015-05-14,41,142,143
2015-05-14,42,175,178
2015-05-14,43,141,143
2015-05-14,44,,
2015-05-14,45,176,177
2015-05-14,46,182,183
2015-05-14,47,208,213
2015-05-14,48,134,135
2015-05-14,49,142,143
2015-05-14,50,154,156
2015-05-14,51,225,227
2015-05-14,52,361,365
2015-05-14,53,485,490
2015-05-14,54,243,248
2015-05-14,55,252,262
2015-05-14,56,,
2015-05-14,57,,
2015-05-14,58,715,725
2015-05-14,59,,
2015-05-14,60,215,225
2015-05-14,61,215,225
2015-05-14,62,,
2015-05-14,63,374,377
2015-05-14,64,,
2015-05-14,65,367,371
2015-05-14,66,,
2015-05-14,67,,
2015-05-14,68,356,357
2015-05-14,69,354,355
2015-05-14,70,389,390
2015-05-14,71,387,388
2015-05-14,72,363,365
2015-05-14,73,360,362
2015-05-14,74,461,463
2015-05-14,75,458,460
2015-05-14,76,211,215
2015-05-14,77,267,272
2015-05-14,78,285,290
2015-05-14,85,110,112
2015-05-14,86,110,112
2015-05-14,87,1700,1720
2015-05-14,88,1815,1820
2015-05-14,89,184,185
2015-05-14,90,180,183
2015-05-14,91,,
2015-05-14,92,153,155
2015-05-14,93,197,199
2015-05-14,94,,
2015-05-14,95,,
2015-05-14,96,,
2015-05-14,97,,
2015-05-14,98,735,750
2015-05-14,99,735,750
2015-05-14,100,560,575
2015-05-14,101,,
2015-05-14,102,,
2015-05-14,103,1450,1550
2015-05-14,104,1100,1200
2015-05-14,105,760,860
2015-05-14,106,680,780
2015-05-14,107,630,730
2015-05-14,108,780,880
2015-05-14,109,860,960
2015-05-14,110,340,350
2015-05-14,111,320,335
2015-05-14,112,205,220
2015-05-14,113,148,150
2015-05-14,114,127,130
2015-05-14,115,,
2015-05-14,116,,
2015-05-14,117,,
2015-05-14,118,,
2015-05-14,119,,
2015-05-14,120,,
2015-05-14,121,,
2015-05-14,122,,
2015-05-14,123,,
2015-05-14,124,,
2015-05-14,125,,
2015-05-14,126,,
2015-05-14,127,,
2015-05-14,128,,
2015-05-14,129,,
2015-05-14,130,,
2015-05-14,131,,
2015-05-14,132,,
2015-05-14,133,,
2015-05-14,134,,
2015-05-14,135,,
2015-05-14,136,,
2015-05-14,137,,
2015-05-14,138,,
2015-05-14,139,,
2015-05-14,140,,
2015-05-14,141,,
2015-05-14,142,,
2015-05-14,143,,
2015-05-14,144,,
2015-05-14,145,,
2015-05-14,146,,
2015-05-14,147,,
2015-05-14,148,,
2015-05-14,149,,
2015-05-14,150,,
2015-05-14,151,,
2015-05-14,152,,
2015-05-14,155,,
2015-05-14,169,,
2015-05-14,170,,
2015-05-14,171,,
2015-05-14,172,,
2015-05-14,173,,
2015-05-14,174,,
2015-05-14,183,4.8,5
2015-05-14,184,5.7,6
2015-05-14,186,2.2,2.4
2015-05-14,189,2.3,2.5
2015-05-14,190,,
2015-05-14,191,1.55,1.65
2015-05-14,192,1.75,1.95
2015-05-14,194,,
2015-05-14,195,,
2015-05-14,196,2.6,2.8
2015-05-14,197,,
2015-05-14,198,,
2015-05-14,204,2.45,2.55
2015-05-14,206,2.5,2.7
2015-05-14,207,2.3,2.5
2015-05-14,210,1.9,2.25
2015-05-14,211,2.15,2.45
2015-05-14,213,1.8,2
2015-05-14,221,48,60
2015-05-14,222,53,70
2015-05-14,223,,1.4
2015-05-14,230,5.6,5.9
2015-05-14,231,5.7,5.9
2015-05-14,232,6.2,6.4
2015-05-14,233,5.1,5.3
2015-05-14,234,1.9,2.1
2015-05-14,235,2.5,2.6
2015-05-14,236,2.3,2.4
2015-05-14,237,,
2015-05-14,238,,
2015-05-14,239,3.4,3.6
2015-05-14,240,,
2015-05-14,241,,
2015-05-14,242,,
2015-05-14,243,,
2015-05-14,244,3,3.2
2015-05-14,245,3,4
2015-05-14,246,3.3,3.6
2015-05-14,247,0.55,0.65
2015-05-14,248,0.55,0.65
2015-05-14,249,0.7,0.85
2015-05-14,250,0.75,0.85
2015-05-14,251,0.8,0.9
2015-05-14,252,0.8,0.9
2015-05-14,253,0.8,0.9
2015-05-14,254,0.65,0.75
2015-05-14,255,0.8,0.9
2015-05-14,256,1.2,1.5
2015-05-14,257,1.2,1.5
2015-05-14,258,1.2,1.5
2015-05-14,259,1.5,1.7
2015-05-14,260,1.6,1.75
2015-05-14,261,1.6,1.7
2015-05-14,262,1.7,1.8
2015-05-14,263,1.5,1.7
2015-05-14,264,1.6,1.7
2015-05-14,265,0.65,0.75
2015-05-14,266,0.8,0.95
2015-05-14,267,0.75,0.85
2015-05-14,268,0.9,1
2015-05-14,269,0.6,0.65
2015-05-14,270,1.5,1.6
2015-05-14,271,1.6,1.7
2015-05-14,272,1.5,1.6
2015-05-14,273,1.7,1.9
2015-05-14,274,1.7,1.9
2015-05-14,275,1.7,1.9
2015-05-14,276,1.85,1.9
2015-05-14,277,2.05,2.2
2015-05-14,278,1.85,2
2015-05-14,279,1.7,1.9
2015-05-14,280,1.3,1.5
2015-05-14,281,1.7,1.9
2015-05-14,282,1.2,1.4
2015-05-14,283,1.6,1.7
2015-05-14,284,1.5,1.6
2015-05-14,285,1.5,1.8
2015-05-14,286,1.7,1.9
2015-05-14,287,1.7,1.9
2015-05-14,288,1.5,1.6
2015-05-14,289,1.7,1.9
2015-05-14,290,1.7,1.9
2015-05-14,291,8,15
2015-05-14,292,,
2015-05-14,293,,
2015-05-14,294,,
2015-05-14,295,,
2015-05-14,296,,
2015-05-14,297,,
2015-05-14,298,,
2015-05-14,299,,
2015-05-14,300,,
2015-05-14,301,,
2015-05-14,302,,
2015-05-14,304,,
2015-05-14,305,,
2015-05-14,306,,
2015-05-14,307,,
2015-05-14,308,,
2015-05-14,309,,
2015-05-14,310,,
2015-05-14,311,,
2015-05-14,312,,
2015-05-14,313,,
2015-05-14,314,,
2015-05-14,315,,
2015-05-14,316,,
2015-05-14,317,,
2015-05-14,318,,
2015-05-14,319,,
2015-05-14,320,,
2015-05-14,321,,
2015-05-14,330,8.75,9.1
2015-05-14,331,8.15,8.5
2015-05-14,332,7.6,7.85
2015-05-14,338,2.9,3.1
2015-05-14,339,,
2015-05-14,349,4,4.5
2015-05-14,352,,
2015-05-14,353,2.7,3
2015-05-14,358,1.9,2.1
2015-05-14,363,1.5,1.7
2015-05-14,368,,
2015-05-14,369,50,55
2015-05-14,370,60,65
2015-05-14,390,3,3.2
2015-05-14,445,180,183
2015-05-14,451,261,266
2015-05-14,472,194,196
2015-05-14,481,,
2015-05-14,482,,
2015-05-14,483,2.4,2.6
2015-05-14,499,,
2015-05-14,500,,
2015-05-14,513,2.8,3
2015-05-14,514,2.5,2.7
2015-05-14,515,2.7,2.9
2015-05-14,627,,
2015-05-14,681,2.45,2.55
2015-05-14,696,2.35,2.55
2015-05-14,703,,
2015-05-14,704,210,215
2015-05-14,705,160,165
2015-05-14,714,,
2015-05-14,715,,
2015-05-14,730,1.6,1.8
2015-05-14,732,150,160
2015-05-14,740,,
2015-05-14,750,176,178
2015-05-14,751,180,184
2015-05-14,759,,
2015-05-14,772,210,215
2015-05-14,773,185,195
2015-05-14,793,225,230
2015-05-14,794,194,198
2015-05-14,795,189,191
2015-05-14,796,183,188
2015-05-14,797,295,300
2015-05-14,798,279,284
2015-05-14,799,269,274
2015-05-14,800,295,300
2015-05-14,801,278,283
2015-05-14,802,172,174
2015-05-14,845,,
2015-05-14,851,1.55,1.75
2015-05-14,857,2.35,2.55
2015-05-14,862,,
2015-05-14,911,6.5,7.5
2015-05-14,912,,
2015-05-14,913,2.7,3
2015-05-14,914,1.9,2.1
2015-05-14,915,1.5,1.7
2015-05-14,916,,
2015-05-14,917,,
2015-05-14,918,,
2015-05-14,919,3,3.2
2015-05-14,920,,
2015-05-21,6,289,291
2015-05-21,7,291,293
2015-05-21,8,,
2015-05-21,10,243,247
2015-05-21,11,,
2015-05-21,12,,
2015-05-21,13,,
2015-05-21,14,193,196
2015-05-21,21,158,162
2015-05-21,22,165,167
2015-05-21,23,177,179
2015-05-21,24,,
2015-05-21,27,180,182
2015-05-21,28,171,173
2015-05-21,29,190,192
2015-05-21,32,393,402
2015-05-21,33,373,382
2015-05-21,34,364,372
2015-05-21,35,477,486
2015-05-21,36,467,477
2015-05-21,37,439,449
2015-05-21,38,514,520
2015-05-21,39,580,591
2015-05-21,40,132,133
2015-05-21,41,138,139
2015-05-21,42,175,178
2015-05-21,43,137,139
2015-05-21,44,,
2015-05-21,45,172,173
2015-05-21,46,178,179
2015-05-21,47,208,213
2015-05-21,48,130,131
2015-05-21,49,138,139
2015-05-21,50,154,156
2015-05-21,51,225,227
2015-05-21,52,361,365
2015-05-21,53,485,490
2015-05-21,54,243,248
2015-05-21,55,252,262
2015-05-21,56,,
2015-05-21,57,,
2015-05-21,58,715,725
2015-05-21,59,,
2015-05-21,60,211,221
2015-05-21,61,211,221
2015-05-21,62,,
2015-05-21,63,371,374
2015-05-21,64,,
2015-05-21,65,364,368
2015-05-21,66,,
2015-05-21,67,,
2015-05-21,68,364,365
2015-05-21,69,362,363
2015-05-21,70,401,402
2015-05-21,71,399,400
2015-05-21,72,371,373
2015-05-21,73,368,370
2015-05-21,74,471,473
2015-05-21,75,468,470
2015-05-21,76,211,215
2015-05-21,77,267,272
2015-05-21,78,290,295
2015-05-21,85,110,112
2015-05-21,86,110,112
2015-05-21,87,1670,1690
2015-05-21,88,1795,1800
2015-05-21,89,184,185
2015-05-21,90,180,183
2015-05-21,91,,
2015-05-21,92,153,155
2015-05-21,93,197,199
2015-05-21,94,,
2015-05-21,95,,
2015-05-21,96,,
2015-05-21,97,,
2015-05-21,98,755,770
2015-05-21,99,755,770
2015-05-21,100,560,575
2015-05-21,101,,
2015-05-21,102,,
2015-05-21,103,1490,1590
2015-05-21,104,1100,1200
2015-05-21,105,740,840
2015-05-21,106,660,760
2015-05-21,107,620,720
2015-05-21,108,780,880
2015-05-21,109,840,940
2015-05-21,110,340,350
2015-05-21,111,320,335
2015-05-21,112,205,220
2015-05-21,113,148,150
2015-05-21,114,127,130
2015-05-21,115,,
2015-05-21,116,,
2015-05-21,117,,
2015-05-21,118,,
2015-05-21,119,,
2015-05-21,120,,
2015-05-21,121,,
2015-05-21,122,,
2015-05-21,123,,
2015-05-21,124,,
2015-05-21,125,,
2015-05-21,126,,
2015-05-21,127,,
2015-05-21,128,,
2015-05-21,129,,
2015-05-21,130,,
2015-05-21,131,,
2015-05-21,132,,
2015-05-21,133,,
2015-05-21,134,,
2015-05-21,135,,
2015-05-21,136,,
2015-05-21,137,,
2015-05-21,138,,
2015-05-21,139,,
2015-05-21,140,,
2015-05-21,141,,
2015-05-21,142,,
2015-05-21,143,,
2015-05-21,144,,
2015-05-21,145,,
2015-05-21,146,,
2015-05-21,147,,
2015-05-21,148,,
2015-05-21,149,,
2015-05-21,150,,
2015-05-21,151,,
2015-05-21,152,,
2015-05-21,183,4.8,5
2015-05-21,184,5.7,6
2015-05-21,186,2.2,2.4
2015-05-21,189,2.3,2.5
2015-05-21,190,,
2015-05-21,191,1.55,1.65
2015-05-21,192,1.75,1.95
2015-05-21,194,,
2015-05-21,195,,
2015-05-21,196,2.6,2.8
2015-05-21,197,,
2015-05-21,198,,
2015-05-21,204,2.45,2.55
2015-05-21,206,2.5,2.7
2015-05-21,207,2.3,2.5
2015-05-21,210,1.9,2.25
2015-05-21,211,2.15,2.45
2015-05-21,213,1.8,2
2015-05-21,221,48,55
2015-05-21,222,53,65
2015-05-21,223,,1.4
2015-05-21,230,5.6,5.9
2015-05-21,231,5.7,5.9
2015-05-21,232,6.2,6.4
2015-05-21,233,5.1,5.3
2015-05-21,234,1.9,2.1
2015-05-21,235,2.5,2.6
2015-05-21,236,2.3,2.4
2015-05-21,237,,
2015-05-21,238,,
2015-05-21,239,3.4,3.6
2015-05-21,240,,
2015-05-21,241,,
2015-05-21,242,,
2015-05-21,243,,
2015-05-21,244,3,3.2
2015-05-21,245,3,4
2015-05-21,246,3.3,3.6
2015-05-21,247,0.55,0.65
2015-05-21,248,0.55,0.65
2015-05-21,249,0.7,0.85
2015-05-21,250,0.75,0.85
2015-05-21,251,0.8,0.9
2015-05-21,252,0.8,0.9
2015-05-21,253,0.8,0.9
2015-05-21,254,0.65,0.75
2015-05-21,255,0.8,0.9
2015-05-21,256,1.2,1.5
2015-05-21,257,1.2,1.5
2015-05-21,258,1.2,1.5
2015-05-21,259,1.5,1.7
2015-05-21,260,1.6,1.75
2015-05-21,261,1.6,1.7
2015-05-21,262,1.7,1.8
2015-05-21,263,1.5,1.7
2015-05-21,264,1.6,1.7
2015-05-21,265,0.65,0.75
2015-05-21,266,0.8,0.95
2015-05-21,267,0.75,0.85
2015-05-21,268,0.9,1
2015-05-21,269,0.6,0.65
2015-05-21,270,1.5,1.6
2015-05-21,271,1.6,1.7
2015-05-21,272,1.5,1.6
2015-05-21,273,1.7,1.9
2015-05-21,274,1.7,1.9
2015-05-21,275,1.7,1.9
2015-05-21,276,1.85,1.9
2015-05-21,277,2.05,2.2
2015-05-21,278,1.85,2
2015-05-21,279,1.7,1.9
2015-05-21,280,1.3,1.5
2015-05-21,281,1.7,1.9
2015-05-21,282,1.2,1.4
2015-05-21,283,1.6,1.7
2015-05-21,284,1.5,1.6
2015-05-21,285,1.5,1.8
2015-05-21,286,1.7,1.9
2015-05-21,287,1.7,1.9
2015-05-21,288,1.5,1.6
2015-05-21,289,1.7,1.9
2015-05-21,290,1.7,1.9
2015-05-21,291,8,15
2015-05-21,292,,
2015-05-21,293,,
2015-05-21,294,,
2015-05-21,295,,
2015-05-21,296,,
2015-05-21,297,,
2015-05-21,298,,
2015-05-21,299,,
2015-05-21,300,,
2015-05-21,301,,
2015-05-21,302,,
2015-05-21,304,,
2015-05-21,305,,
2015-05-21,306,,
2015-05-21,307,,
2015-05-21,308,,
2015-05-21,309,,
2015-05-21,310,,
2015-05-21,311,,
2015-05-21,312,,
2015-05-21,313,,
2015-05-21,314,,
2015-05-21,315,,
2015-05-21,316,,
2015-05-21,317,,
2015-05-21,318,,
2015-05-21,319,,
2015-05-21,320,,
2015-05-21,321,,
2015-05-21,330,8.75,9.1
2015-05-21,331,8.15,8.5
2015-05-21,332,7.6,7.85
2015-05-21,338,,
2015-05-21,339,,
2015-05-21,349,4,4.5
2015-05-21,352,2.9,3.1
2015-05-21,353,2.7,3
2015-05-21,358,1.9,2.1
2015-05-21,363,1.5,1.7
2015-05-21,368,,
2015-05-21,369,50,55
2015-05-21,370,60,65
2015-05-21,402,,
2015-05-21,445,180,183
2015-05-21,451,261,266
2015-05-21,472,194,196
2015-05-21,481,,
2015-05-21,482,,
2015-05-21,483,2.4,2.6
2015-05-21,499,,
2015-05-21,500,,
2015-05-21,513,2.8,3
2015-05-21,514,2.5,2.7
2015-05-21,515,2.7,2.9
2015-05-21,627,,
2015-05-21,681,2.45,2.55
2015-05-21,696,2.35,2.55
2015-05-21,703,,
2015-05-21,704,210,215
2015-05-21,705,160,165
2015-05-21,714,,
2015-05-21,715,,
2015-05-21,730,1.6,1.8
2015-05-21,732,150,160
2015-05-21,740,,
2015-05-21,750,176,178
2015-05-21,751,180,184
2015-05-21,759,,
2015-05-21,772,210,215
2015-05-21,773,185,195
2015-05-21,793,225,230
2015-05-21,794,194,198
2015-05-21,795,189,191
2015-05-21,796,183,188
2015-05-21,797,295,300
2015-05-21,798,279,284
2015-05-21,799,269,274
2015-05-21,800,295,300
2015-05-21,801,278,283
2015-05-21,802,172,174
2015-05-21,845,,
2015-05-21,851,1.55,1.75
2015-05-21,857,2.35,2.55
2015-05-21,862,,
2015-05-21,911,6.5,7.5
2015-05-21,912,,
2015-05-21,916,2.7,3
2015-05-21,917,1.9,2.1
2015-05-21,918,1.5,1.7
2015-05-21,919,3,3.2
2015-05-21,920,3,3.2
2015-05-21,921,,
2015-05-21,922,,
2015-05-21,923,,
2015-05-21,924,,
2015-05-21,925,,
2015-05-28,6,289,291
2015-05-28,7,291,293
2015-05-28,8,,
2015-05-28,10,243,247
2015-05-28,11,,
2015-05-28,12,,
2015-05-28,13,,
2015-05-28,14,193,196
2015-05-28,21,158,162
2015-05-28,22,165,167
2015-05-28,23,177,179
2015-05-28,24,,
2015-05-28,27,180,182
2015-05-28,28,171,173
2015-05-28,29,190,192
2015-05-28,32,393,402
2015-05-28,33,373,382
2015-05-28,34,364,372
2015-05-28,35,477,486
2015-05-28,36,467,477
2015-05-28,37,439,449
2015-05-28,38,514,520
2015-05-28,39,580,591
2015-05-28,40,131,132
2015-05-28,41,137,138
2015-05-28,42,175,178
2015-05-28,43,136,138
2015-05-28,44,,
2015-05-28,45,171,172
2015-05-28,46,177,178
2015-05-28,47,208,213
2015-05-28,48,129,130
2015-05-28,49,137,138
2015-05-28,50,154,156
2015-05-28,51,225,227
2015-05-28,52,361,365
2015-05-28,53,,
2015-05-28,54,243,248
2015-05-28,55,252,262
2015-05-28,56,,
2015-05-28,57,,
2015-05-28,58,715,725
2015-05-28,59,,
2015-05-28,60,211,221
2015-05-28,61,211,221
2015-05-28,62,,
2015-05-28,63,371,374
2015-05-28,64,,
2015-05-28,65,364,368
2015-05-28,66,,
2015-05-28,67,,
2015-05-28,68,371,372
2015-05-28,69,369,370
2015-05-28,70,409,410
2015-05-28,71,407,408
2015-05-28,72,381,383
2015-05-28,73,378,380
2015-05-28,74,478,480
2015-05-28,75,475,477
2015-05-28,76,211,215
2015-05-28,77,265,270
2015-05-28,78,290,295
2015-05-28,85,110,112
2015-05-28,86,110,112
2015-05-28,87,1650,1670
2015-05-28,88,1785,1790
2015-05-28,89,184,185
2015-05-28,90,180,183
2015-05-28,91,,
2015-05-28,92,153,155
2015-05-28,93,197,199
2015-05-28,94,,
2015-05-28,95,,
2015-05-28,96,,
2015-05-28,97,,
2015-05-28,98,805,820
2015-05-28,99,805,820
2015-05-28,100,545,560
2015-05-28,101,,
2015-05-28,102,,
2015-05-28,103,1590,1690
2015-05-28,104,1070,1170
2015-05-28,105,710,810
2015-05-28,106,630,730
2015-05-28,107,610,710
2015-05-28,108,780,880
2015-05-28,109,810,910
2015-05-28,110,340,350
2015-05-28,111,320,335
2015-05-28,112,205,220
2015-05-28,113,148,150
2015-05-28,114,127,130
2015-05-28,115,,
2015-05-28,116,,
2015-05-28,117,,
2015-05-28,118,,
2015-05-28,119,,
2015-05-28,120,,
2015-05-28,121,,
2015-05-28,122,,
2015-05-28,123,,
2015-05-28,124,,
2015-05-28,125,,
2015-05-28,126,,
2015-05-28,127,,
2015-05-28,128,,
2015-05-28,129,,
2015-05-28,130,,
2015-05-28,131,,
2015-05-28,132,,
2015-05-28,133,,
2015-05-28,134,,
2015-05-28,135,,
2015-05-28,136,,
2015-05-28,137,,
2015-05-28,138,,
2015-05-28,139,,
2015-05-28,140,,
2015-05-28,141,,
2015-05-28,142,,
2015-05-28,143,,
2015-05-28,144,,
2015-05-28,145,,
2015-05-28,146,,
2015-05-28,147,,
2015-05-28,148,,
2015-05-28,149,,
2015-05-28,150,,
2015-05-28,151,,
2015-05-28,152,,
2015-05-28,183,4.8,5
2015-05-28,184,5.7,6
2015-05-28,186,2.2,2.4
2015-05-28,189,2.3,2.5
2015-05-28,190,,
2015-05-28,191,1.55,1.65
2015-05-28,192,1.75,1.95
2015-05-28,194,,
2015-05-28,195,,
2015-05-28,196,2.6,2.8
2015-05-28,197,,
2015-05-28,198,,
2015-05-28,204,2.45,2.55
2015-05-28,206,2.3,2.5
2015-05-28,207,2.3,2.5
2015-05-28,210,1.9,2.25
2015-05-28,211,2.15,2.45
2015-05-28,213,1.8,2
2015-05-28,221,48,55
2015-05-28,222,53,65
2015-05-28,223,,1.4
2015-05-28,230,5.6,5.9
2015-05-28,231,5.7,5.9
2015-05-28,232,6.2,6.4
2015-05-28,233,5.1,5.3
2015-05-28,234,1.9,2.1
2015-05-28,235,2.5,2.6
2015-05-28,236,2.3,2.4
2015-05-28,237,,
2015-05-28,238,,
2015-05-28,239,3.4,3.6
2015-05-28,240,,
2015-05-28,241,,
2015-05-28,242,,
2015-05-28,243,,
2015-05-28,244,3,3.2
2015-05-28,245,3,4
2015-05-28,246,3.3,3.6
2015-05-28,247,0.55,0.65
2015-05-28,248,0.55,0.65
2015-05-28,249,0.7,0.85
2015-05-28,250,0.75,0.85
2015-05-28,251,0.8,0.9
2015-05-28,252,0.8,0.9
2015-05-28,253,0.8,0.9
2015-05-28,254,0.65,0.75
2015-05-28,255,0.8,0.9
2015-05-28,256,1.2,1.5
2015-05-28,257,1.2,1.5
2015-05-28,258,1.2,1.5
2015-05-28,259,1.5,1.7
2015-05-28,260,1.6,1.75
2015-05-28,261,1.6,1.7
2015-05-28,262,1.7,1.8
2015-05-28,263,1.5,1.7
2015-05-28,264,1.6,1.7
2015-05-28,265,0.65,0.75
2015-05-28,266,0.8,0.95
2015-05-28,267,0.75,0.85
2015-05-28,268,0.9,1
2015-05-28,269,0.6,0.65
2015-05-28,270,1.5,1.6
2015-05-28,271,1.6,1.7
2015-05-28,272,1.5,1.6
2015-05-28,273,1.7,1.9
2015-05-28,274,1.7,1.9
2015-05-28,275,1.7,1.9
2015-05-28,276,1.85,1.9
2015-05-28,277,2.05,2.2
2015-05-28,278,1.85,2
2015-05-28,279,1.7,1.9
2015-05-28,280,1.3,1.5
2015-05-28,281,1.7,1.9
2015-05-28,282,1.2,1.4
2015-05-28,283,1.6,1.7
2015-05-28,284,1.5,1.6
2015-05-28,285,1.5,1.8
2015-05-28,286,1.7,1.9
2015-05-28,287,1.7,1.9
2015-05-28,288,1.5,1.6
2015-05-28,289,1.7,1.9
2015-05-28,290,1.7,1.9
2015-05-28,291,8,15
2015-05-28,292,,
2015-05-28,293,,
2015-05-28,294,,
2015-05-28,295,,
2015-05-28,296,,
2015-05-28,297,,
2015-05-28,298,,
2015-05-28,299,,
2015-05-28,300,,
2015-05-28,301,,
2015-05-28,302,,
2015-05-28,304,,
2015-05-28,305,,
2015-05-28,306,,
2015-05-28,307,,
2015-05-28,308,,
2015-05-28,309,,
2015-05-28,310,,
2015-05-28,311,,
2015-05-28,312,,
2015-05-28,313,,
2015-05-28,314,,
2015-05-28,315,,
2015-05-28,316,,
2015-05-28,317,,
2015-05-28,318,,
2015-05-28,319,,
2015-05-28,320,,
2015-05-28,321,,
2015-05-28,330,8.75,9.1
2015-05-28,331,8.15,8.5
2015-05-28,332,7.6,7.85
2015-05-28,339,,
2015-05-28,349,4,4.5
2015-05-28,352,2.9,3.1
2015-05-28,353,2.8,3
2015-05-28,358,2.3,2.5
2015-05-28,363,1.8,2
2015-05-28,368,,
2015-05-28,369,50,55
2015-05-28,370,60,65
2015-05-28,402,,
2015-05-28,445,180,183
2015-05-28,451,261,266
2015-05-28,472,194,196
2015-05-28,481,,
2015-05-28,482,,
2015-05-28,483,2.4,2.6
2015-05-28,499,,
2015-05-28,500,,
2015-05-28,513,2.6,2.8
2015-05-28,514,2.4,2.6
2015-05-28,515,2.6,2.8
2015-05-28,627,,
2015-05-28,681,2.45,2.55
2015-05-28,696,2.35,2.55
2015-05-28,703,,
2015-05-28,704,210,215
2015-05-28,705,160,165
2015-05-28,714,,
2015-05-28,715,,
2015-05-28,730,1.6,1.8
2015-05-28,732,150,160
2015-05-28,740,,
2015-05-28,750,176,178
2015-05-28,751,180,184
2015-05-28,759,2.8,3.2
2015-05-28,772,210,215
2015-05-28,773,185,195
2015-05-28,793,225,230
2015-05-28,794,194,198
2015-05-28,795,189,191
2015-05-28,796,183,188
2015-05-28,797,297,302
2015-05-28,798,281,286
2015-05-28,799,269,274
2015-05-28,800,297,302
2015-05-28,801,280,285
2015-05-28,802,172,174
2015-05-28,845,,
2015-05-28,851,1.55,1.75
2015-05-28,857,2.35,2.55
2015-05-28,862,,
2015-05-28,911,6.5,7.5
2015-05-28,912,,
2015-05-28,919,3,3.2
2015-05-28,920,3,3.2
2015-05-28,921,,
2015-05-28,922,,
2015-05-28,923,2.8,3
2015-05-28,924,2.3,2.5
2015-05-28,925,1.8,2
2015-05-28,927,281,286
2015-05-28,929,269,274
2015-05-28,931,280,285
2015-05-28,933,261,266
2015-05-28,934,,
2015-05-28,935,,
2015-05-28,936,,
2015-05-28,937,,
2015-05-28,938,,
2015-05-28,939,,
2015-05-28,940,,
2015-05-28,941,,
2015-05-28,942,,
2015-06-04,6,289,291
2015-06-04,7,291,293
2015-06-04,8,,
2015-06-04,10,243,247
2015-06-04,11,,
2015-06-04,12,,
2015-06-04,13,,
2015-06-04,14,193,196
2015-06-04,21,158,162
2015-06-04,22,165,167
2015-06-04,23,177,179
2015-06-04,24,,
2015-06-04,27,180,182
2015-06-04,28,171,173
2015-06-04,29,190,192
2015-06-04,32,393,402
2015-06-04,33,373,382
2015-06-04,34,364,372
2015-06-04,35,477,486
2015-06-04,36,467,477
2015-06-04,37,439,449
2015-06-04,38,514,520
2015-06-04,39,580,591
2015-06-04,40,131,132
2015-06-04,41,137,138
2015-06-04,42,175,178
2015-06-04,43,136,138
2015-06-04,44,,
2015-06-04,45,171,172
2015-06-04,46,177,178
2015-06-04,47,208,213
2015-06-04,48,129,130
2015-06-04,49,137,138
2015-06-04,50,154,156
2015-06-04,51,225,227
2015-06-04,52,,
2015-06-04,53,,
2015-06-04,54,,
2015-06-04,55,252,262
2015-06-04,56,,
2015-06-04,57,,
2015-06-04,58,715,725
2015-06-04,59,,
2015-06-04,60,211,221
2015-06-04,61,211,221
2015-06-04,62,,
2015-06-04,63,368,371
2015-06-04,64,,
2015-06-04,65,361,365
2015-06-04,66,,
2015-06-04,67,,
2015-06-04,68,356,357
2015-06-04,69,354,355
2015-06-04,70,394,395
2015-06-04,71,392,393
2015-06-04,72,366,368
2015-06-04,73,363,365
2015-06-04,74,463,465
2015-06-04,75,460,462
2015-06-04,76,211,215
2015-06-04,77,262,267
2015-06-04,78,295,300
2015-06-04,85,110,112
2015-06-04,86,110,112
2015-06-04,87,1650,1670
2015-06-04,88,1785,1790
2015-06-04,89,184,185
2015-06-04,90,180,183
2015-06-04,91,,
2015-06-04,92,153,155
2015-06-04,93,197,199
2015-06-04,94,,
2015-06-04,95,,
2015-06-04,96,,
2015-06-04,97,,
2015-06-04,98,850,865
2015-06-04,99,,
2015-06-04,100,515,530
2015-06-04,101,,
2015-06-04,102,,
2015-06-04,103,1680,1780
2015-06-04,104,1010,1110
2015-06-04,105,710,810
2015-06-04,106,630,730
2015-06-04,107,610,710
2015-06-04,108,780,880
2015-06-04,109,810,910
2015-06-04,110,340,350
2015-06-04,111,320,335
2015-06-04,112,205,220
2015-06-04,113,148,150
2015-06-04,114,127,130
2015-06-04,115,,
2015-06-04,116,,
2015-06-04,117,,
2015-06-04,118,,
2015-06-04,119,,
2015-06-04,120,,
2015-06-04,121,,
2015-06-04,122,,
2015-06-04,123,,
2015-06-04,124,,
2015-06-04,125,,
2015-06-04,126,,
2015-06-04,127,,
2015-06-04,128,,
2015-06-04,129,,
2015-06-04,130,,
2015-06-04,131,,
2015-06-04,132,,
2015-06-04,133,,
2015-06-04,134,,
2015-06-04,135,,
2015-06-04,136,,
2015-06-04,137,,
2015-06-04,138,,
2015-06-04,139,,
2015-06-04,140,,
2015-06-04,141,,
2015-06-04,142,,
2015-06-04,143,,
2015-06-04,144,,
2015-06-04,145,,
2015-06-04,146,,
2015-06-04,147,,
2015-06-04,148,,
2015-06-04,149,,
2015-06-04,150,,
2015-06-04,151,,
2015-06-04,152,,
2015-06-04,183,4.8,5
2015-06-04,184,5.7,6
2015-06-04,186,2.2,2.4
2015-06-04,189,2.3,2.5
2015-06-04,190,,
2015-06-04,191,1.55,1.65
2015-06-04,192,1.75,1.95
2015-06-04,194,,
2015-06-04,195,,
2015-06-04,196,2.6,2.8
2015-06-04,197,,
2015-06-04,198,,
2015-06-04,204,2.45,2.55
2015-06-04,206,2.3,2.5
2015-06-04,207,2.3,2.5
2015-06-04,210,1.9,2.25
2015-06-04,211,2.15,2.45
2015-06-04,213,1.8,2
2015-06-04,221,,
2015-06-04,222,,
2015-06-04,223,,1.4
2015-06-04,230,5.6,5.9
2015-06-04,231,5.7,5.9
2015-06-04,232,6.2,6.4
2015-06-04,233,5.1,5.3
2015-06-04,234,1.9,2.1
2015-06-04,235,2.5,2.6
2015-06-04,236,2.3,2.4
2015-06-04,237,,
2015-06-04,238,,
2015-06-04,239,3.4,3.6
2015-06-04,240,,
2015-06-04,241,,
2015-06-04,242,,
2015-06-04,243,,
2015-06-04,244,3,3.2
2015-06-04,245,3,4
2015-06-04,246,3.3,3.6
2015-06-04,247,0.55,0.65
2015-06-04,248,0.55,0.65
2015-06-04,249,0.7,0.85
2015-06-04,250,0.75,0.85
2015-06-04,251,0.8,0.9
2015-06-04,252,0.8,0.9
2015-06-04,253,0.8,0.9
2015-06-04,254,0.65,0.75
2015-06-04,255,0.8,0.9
2015-06-04,256,1.2,1.5
2015-06-04,257,1.2,1.5
2015-06-04,258,1.2,1.5
2015-06-04,259,1.5,1.7
2015-06-04,260,1.6,1.75
2015-06-04,261,1.6,1.7
2015-06-04,262,1.7,1.8
2015-06-04,263,1.5,1.7
2015-06-04,264,1.6,1.7
2015-06-04,265,0.65,0.75
2015-06-04,266,0.8,0.95
2015-06-04,267,0.75,0.85
2015-06-04,268,0.9,1
2015-06-04,269,0.6,0.65
2015-06-04,270,1.5,1.6
2015-06-04,271,1.6,1.7
2015-06-04,272,1.5,1.6
2015-06-04,273,1.7,1.9
2015-06-04,274,1.7,1.9
2015-06-04,275,1.7,1.9
2015-06-04,276,1.85,1.9
2015-06-04,277,2.05,2.2
2015-06-04,278,1.85,2
2015-06-04,279,1.7,1.9
2015-06-04,280,1.3,1.5
2015-06-04,281,1.7,1.9
2015-06-04,282,1.2,1.4
2015-06-04,283,1.6,1.7
2015-06-04,284,1.5,1.6
2015-06-04,285,1.5,1.8
2015-06-04,286,1.7,1.9
2015-06-04,287,1.7,1.9
2015-06-04,288,1.5,1.6
2015-06-04,289,1.7,1.9
2015-06-04,290,1.7,1.9
2015-06-04,291,8,15
2015-06-04,292,,
2015-06-04,293,,
2015-06-04,294,,
2015-06-04,295,,
2015-06-04,296,,
2015-06-04,297,,
2015-06-04,298,,
2015-06-04,299,,
2015-06-04,300,,
2015-06-04,301,,
2015-06-04,302,,
2015-06-04,304,,
2015-06-04,305,,
2015-06-04,306,,
2015-06-04,307,,
2015-06-04,308,,
2015-06-04,309,,
2015-06-04,310,,
2015-06-04,311,,
2015-06-04,312,,
2015-06-04,313,,
2015-06-04,314,,
2015-06-04,315,,
2015-06-04,316,,
2015-06-04,317,,
2015-06-04,318,,
2015-06-04,319,,
2015-06-04,320,,
2015-06-04,321,,
2015-06-04,330,8.75,9.1
2015-06-04,331,8.15,8.5
2015-06-04,332,7.6,7.85
2015-06-04,339,,
2015-06-04,349,4,4.5
2015-06-04,352,2.9,3.1
2015-06-04,353,,
2015-06-04,358,,
2015-06-04,363,,
2015-06-04,368,,
2015-06-04,369,50,55
2015-06-04,370,60,65
2015-06-04,402,,
2015-06-04,445,,
2015-06-04,472,194,196
2015-06-04,481,,
2015-06-04,482,,
2015-06-04,483,2.4,2.6
2015-06-04,499,,
2015-06-04,500,,
2015-06-04,513,2.6,2.8
2015-06-04,514,2.4,2.6
2015-06-04,515,2.6,2.8
2015-06-04,627,,
2015-06-04,681,2.45,2.55
2015-06-04,696,2.35,2.55
2015-06-04,703,,
2015-06-04,704,210,215
2015-06-04,705,160,165
2015-06-04,714,,
2015-06-04,715,,
2015-06-04,730,1.6,1.8
2015-06-04,732,150,160
2015-06-04,740,,
2015-06-04,750,,
2015-06-04,751,,
2015-06-04,752,1.25,1.35
2015-06-04,753,0.7,0.8
2015-06-04,759,2.8,3.2
2015-06-04,772,210,215
2015-06-04,773,185,195
2015-06-04,793,225,230
2015-06-04,794,194,198
2015-06-04,795,189,191
2015-06-04,796,,
2015-06-04,797,299,304
2015-06-04,800,299,304
2015-06-04,802,,
2015-06-04,845,,
2015-06-04,851,1.55,1.75
2015-06-04,857,2.35,2.55
2015-06-04,862,,
2015-06-04,911,6.5,7.5
2015-06-04,912,,
2015-06-04,919,3,3.2
2015-06-04,920,3,3.2
2015-06-04,926,,
2015-06-04,928,,
2015-06-04,930,,
2015-06-04,932,,
2015-06-04,934,,
2015-06-04,935,1.2,1.3
2015-06-04,936,1.25,1.35
2015-06-04,937,0.7,0.8
2015-06-04,938,1.1,1.2
2015-06-04,939,0.23,0.25
2015-06-04,940,,
2015-06-04,941,,
2015-06-04,942,,
2015-06-04,943,,
2015-06-04,944,,
2015-06-04,945,,
2015-06-04,946,,
2015-06-04,947,1.2,1.3
2015-06-04,948,1.1,1.2
2015-06-04,949,,
2015-06-04,950,,
2015-06-11,6,289,291
2015-06-11,7,291,293
2015-06-11,8,,
2015-06-11,10,,
2015-06-11,11,,
2015-06-11,12,,
2015-06-11,13,,
2015-06-11,14,,
2015-06-11,21,156,160
2015-06-11,22,163,165
2015-06-11,23,175,177
2015-06-11,24,,
2015-06-11,27,173,175
2015-06-11,28,168,170
2015-06-11,29,188,190
2015-06-11,32,393,402
2015-06-11,33,373,382
2015-06-11,34,364,372
2015-06-11,35,477,486
2015-06-11,36,467,477
2015-06-11,37,439,449
2015-06-11,38,514,520
2015-06-11,39,580,591
2015-06-11,40,126,127
2015-06-11,41,132,133
2015-06-11,42,172,175
2015-06-11,43,126,128
2015-06-11,44,,
2015-06-11,45,166,167
2015-06-11,46,172,173
2015-06-11,47,205,210
2015-06-11,48,124,125
2015-06-11,49,127,128
2015-06-11,50,151,153
2015-06-11,51,225,227
2015-06-11,52,,
2015-06-11,53,,
2015-06-11,54,,
2015-06-11,55,252,262
2015-06-11,56,,
2015-06-11,57,,
2015-06-11,58,715,725
2015-06-11,59,,
2015-06-11,60,206,216
2015-06-11,61,206,216
2015-06-11,62,,
2015-06-11,63,368,371
2015-06-11,64,,
2015-06-11,65,361,365
2015-06-11,66,,
2015-06-11,67,,
2015-06-11,68,361,362
2015-06-11,69,359,360
2015-06-11,70,399,400
2015-06-11,71,397,398
2015-06-11,72,371,373
2015-06-11,73,368,370
2015-06-11,74,468,470
2015-06-11,75,465,467
2015-06-11,76,211,215
2015-06-11,77,265,270
2015-06-11,78,295,300
2015-06-11,85,110,112
2015-06-11,86,110,112
2015-06-11,87,1630,1650
2015-06-11,88,1745,1750
2015-06-11,89,184,185
2015-06-11,90,180,183
2015-06-11,91,,
2015-06-11,92,150,152
2015-06-11,93,195,197
2015-06-11,94,,
2015-06-11,95,,
2015-06-11,96,,
2015-06-11,97,,
2015-06-11,98,,
2015-06-11,99,,
2015-06-11,100,495,510
2015-06-11,101,,
2015-06-11,102,,
2015-06-11,103,1700,1800
2015-06-11,104,970,1070
2015-06-11,105,710,810
2015-06-11,106,630,730
2015-06-11,107,610,710
2015-06-11,108,780,880
2015-06-11,109,810,910
2015-06-11,110,345,355
2015-06-11,111,325,340
2015-06-11,112,215,230
2015-06-11,113,148,150
2015-06-11,114,127,130
2015-06-11,115,,
2015-06-11,116,,
2015-06-11,117,,
2015-06-11,118,,
2015-06-11,119,,
2015-06-11,120,,
2015-06-11,121,,
2015-06-11,122,,
2015-06-11,123,,
2015-06-11,124,,
2015-06-11,125,,
2015-06-11,126,,
2015-06-11,127,,
2015-06-11,128,,
2015-06-11,129,,
2015-06-11,130,,
2015-06-11,131,,
2015-06-11,132,,
2015-06-11,133,,
2015-06-11,134,,
2015-06-11,135,,
2015-06-11,136,,
2015-06-11,137,,
2015-06-11,138,,
2015-06-11,139,,
2015-06-11,140,,
2015-06-11,141,,
2015-06-11,142,,
2015-06-11,143,,
2015-06-11,144,,
2015-06-11,145,,
2015-06-11,146,,
2015-06-11,147,,
2015-06-11,148,,
2015-06-11,149,,
2015-06-11,150,,
2015-06-11,151,,
2015-06-11,152,,
2015-06-11,183,4.8,5
2015-06-11,184,5.7,6
2015-06-11,186,2.2,2.4
2015-06-11,189,2.3,2.5
2015-06-11,190,,
2015-06-11,191,1.55,1.65
2015-06-11,192,1.75,1.95
2015-06-11,194,,
2015-06-11,195,,
2015-06-11,196,2.6,2.8
2015-06-11,197,,
2015-06-11,198,,
2015-06-11,204,2.45,2.55
2015-06-11,206,2.3,2.5
2015-06-11,207,2.3,2.5
2015-06-11,210,1.9,2.25
2015-06-11,211,2.15,2.45
2015-06-11,213,1.8,2
2015-06-11,221,,
2015-06-11,222,,
2015-06-11,223,,1.4
2015-06-11,230,5.6,5.9
2015-06-11,231,5.7,5.9
2015-06-11,232,6.2,6.4
2015-06-11,233,5.1,5.3
2015-06-11,234,1.9,2.1
2015-06-11,235,2.5,2.6
2015-06-11,236,2.3,2.4
2015-06-11,237,,
2015-06-11,238,,
2015-06-11,239,3.4,3.6
2015-06-11,240,,
2015-06-11,241,,
2015-06-11,242,,
2015-06-11,243,,
2015-06-11,244,3,3.2
2015-06-11,245,3,4
2015-06-11,246,3.3,3.6
2015-06-11,247,0.55,0.65
2015-06-11,248,0.55,0.65
2015-06-11,249,0.7,0.85
2015-06-11,250,0.75,0.85
2015-06-11,251,0.8,0.9
2015-06-11,252,0.8,0.9
2015-06-11,253,0.8,0.9
2015-06-11,254,0.65,0.75
2015-06-11,255,0.8,0.9
2015-06-11,256,1.2,1.5
2015-06-11,257,1.2,1.5
2015-06-11,258,1.2,1.5
2015-06-11,259,1.5,1.7
2015-06-11,260,1.6,1.75
2015-06-11,261,1.6,1.7
2015-06-11,262,1.7,1.8
2015-06-11,263,1.5,1.7
2015-06-11,264,1.6,1.7
2015-06-11,265,0.65,0.75
2015-06-11,266,0.8,0.95
2015-06-11,267,0.75,0.85
2015-06-11,268,0.9,1
2015-06-11,269,0.6,0.65
2015-06-11,270,1.5,1.6
2015-06-11,271,1.6,1.7
2015-06-11,272,1.5,1.6
2015-06-11,273,1.7,1.9
2015-06-11,274,1.7,1.9
2015-06-11,275,1.7,1.9
2015-06-11,276,1.85,1.9
2015-06-11,277,2.05,2.2
2015-06-11,278,1.85,2
2015-06-11,279,1.7,1.9
2015-06-11,280,1.3,1.5
2015-06-11,281,1.7,1.9
2015-06-11,282,1.2,1.4
2015-06-11,283,1.6,1.7
2015-06-11,284,1.5,1.6
2015-06-11,285,1.5,1.8
2015-06-11,286,1.7,1.9
2015-06-11,287,1.7,1.9
2015-06-11,288,1.5,1.6
2015-06-11,289,1.7,1.9
2015-06-11,290,1.7,1.9
2015-06-11,291,8,15
2015-06-11,292,,
2015-06-11,293,,
2015-06-11,294,,
2015-06-11,295,,
2015-06-11,296,,
2015-06-11,297,,
2015-06-11,298,,
2015-06-11,299,,
2015-06-11,300,,
2015-06-11,301,,
2015-06-11,302,,
2015-06-11,304,,
2015-06-11,305,,
2015-06-11,306,,
2015-06-11,307,,
2015-06-11,308,,
2015-06-11,309,,
2015-06-11,310,,
2015-06-11,311,,
2015-06-11,312,,
2015-06-11,313,,
2015-06-11,314,,
2015-06-11,315,,
2015-06-11,316,,
2015-06-11,317,,
2015-06-11,318,,
2015-06-11,319,,
2015-06-11,320,,
2015-06-11,321,,
2015-06-11,330,8.75,9.1
2015-06-11,331,8.15,8.5
2015-06-11,332,7.6,7.85
2015-06-11,339,,
2015-06-11,349,,
2015-06-11,352,2.9,3.1
2015-06-11,368,,
2015-06-11,369,50,55
2015-06-11,370,60,65
2015-06-11,402,,
2015-06-11,406,,
2015-06-11,407,,
2015-06-11,440,,
2015-06-11,441,,
2015-06-11,445,,
2015-06-11,472,,
2015-06-11,481,,
2015-06-11,482,,
2015-06-11,483,2.4,2.6
2015-06-11,499,,
2015-06-11,500,,
2015-06-11,513,2.6,2.8
2015-06-11,514,2.4,2.6
2015-06-11,515,2.6,2.8
2015-06-11,589,,
2015-06-11,627,,
2015-06-11,681,2.45,2.55
2015-06-11,696,2.35,2.55
2015-06-11,703,215,220
2015-06-11,704,205,210
2015-06-11,705,160,165
2015-06-11,714,,
2015-06-11,715,,
2015-06-11,730,1.6,1.8
2015-06-11,732,150,160
2015-06-11,739,,
2015-06-11,740,30,35
2015-06-11,750,,
2015-06-11,751,,
2015-06-11,752,,
2015-06-11,753,0.7,0.8
2015-06-11,759,,
2015-06-11,760,,
2015-06-11,772,205,210
2015-06-11,773,180,190
2015-06-11,793,,
2015-06-11,794,,
2015-06-11,795,,
2015-06-11,796,,
2015-06-11,797,,
2015-06-11,800,,
2015-06-11,802,,
2015-06-11,845,,
2015-06-11,851,1.55,1.75
2015-06-11,857,2.35,2.55
2015-06-11,862,,
2015-06-11,911,,
2015-06-11,912,,
2015-06-11,919,3,3.2
2015-06-11,920,3,3.2
2015-06-11,939,0.23,0.25
2015-06-11,943,,
2015-06-11,944,,
2015-06-11,945,,
2015-06-11,946,,
2015-06-11,947,,
2015-06-11,948,1.1,1.2
2015-06-11,949,1.1,1.2
2015-06-11,950,0.6,0.65
2015-06-11,951,,
2015-06-11,952,,
2015-06-11,953,,
2015-06-11,954,1.1,1.2
2015-06-11,955,,
2015-06-11,956,,
2015-06-11,957,,
2015-06-11,958,0.6,0.65
2015-06-18,6,286,288
2015-06-18,7,288,290
2015-06-18,8,,
2015-06-18,10,,
2015-06-18,11,,
2015-06-18,12,,
2015-06-18,13,,
2015-06-18,14,,
2015-06-18,21,156,160
2015-06-18,22,163,165
2015-06-18,23,175,177
2015-06-18,24,,
2015-06-18,27,170,172
2015-06-18,28,168,170
2015-06-18,29,185,187
2015-06-18,32,393,402
2015-06-18,33,373,382
2015-06-18,34,364,372
2015-06-18,35,477,486
2015-06-18,36,467,477
2015-06-18,37,439,449
2015-06-18,38,514,520
2015-06-18,39,580,591
2015-06-18,40,109,110
2015-06-18,41,115,116
2015-06-18,42,162,165
2015-06-18,43,113,115
2015-06-18,44,,
2015-06-18,45,149,150
2015-06-18,46,155,156
2015-06-18,47,195,200
2015-06-18,48,107,108
2015-06-18,49,114,115
2015-06-18,50,133,135
2015-06-18,51,225,227
2015-06-18,52,,
2015-06-18,53,,
2015-06-18,54,,
2015-06-18,55,252,262
2015-06-18,56,,
2015-06-18,57,,
2015-06-18,58,715,725
2015-06-18,59,,
2015-06-18,60,189,199
2015-06-18,61,189,199
2015-06-18,62,,
2015-06-18,63,365,368
2015-06-18,64,,
2015-06-18,65,358,362
2015-06-18,66,,
2015-06-18,67,,
2015-06-18,68,361,362
2015-06-18,69,359,360
2015-06-18,70,399,400
2015-06-18,71,397,398
2015-06-18,72,371,373
2015-06-18,73,368,370
2015-06-18,74,468,470
2015-06-18,75,465,467
2015-06-18,76,206,210
2015-06-18,77,260,265
2015-06-18,78,292,297
2015-06-18,85,110,112
2015-06-18,86,110,112
2015-06-18,87,1610,1630
2015-06-18,88,1705,1710
2015-06-18,89,184,185
2015-06-18,90,180,183
2015-06-18,91,,
2015-06-18,92,150,152
2015-06-18,93,195,197
2015-06-18,94,,
2015-06-18,95,,
2015-06-18,96,,
2015-06-18,97,,
2015-06-18,98,,
2015-06-18,99,,
2015-06-18,100,485,500
2015-06-18,101,,
2015-06-18,102,,
2015-06-18,103,1700,1800
2015-06-18,104,950,1050
2015-06-18,105,710,810
2015-06-18,106,630,730
2015-06-18,107,610,710
2015-06-18,108,780,880
2015-06-18,109,810,910
2015-06-18,110,345,355
2015-06-18,111,325,340
2015-06-18,112,215,230
2015-06-18,113,148,150
2015-06-18,114,127,130
2015-06-18,115,,
2015-06-18,116,,
2015-06-18,117,,
2015-06-18,118,,
2015-06-18,119,,
2015-06-18,120,,
2015-06-18,121,,
2015-06-18,122,,
2015-06-18,123,,
2015-06-18,124,,
2015-06-18,125,,
2015-06-18,126,,
2015-06-18,127,,
2015-06-18,128,,
2015-06-18,129,,
2015-06-18,130,,
2015-06-18,131,,
2015-06-18,132,,
2015-06-18,133,,
2015-06-18,134,,
2015-06-18,135,,
2015-06-18,136,,
2015-06-18,137,,
2015-06-18,138,,
2015-06-18,139,,
2015-06-18,140,,
2015-06-18,141,,
2015-06-18,142,,
2015-06-18,143,,
2015-06-18,144,,
2015-06-18,145,,
2015-06-18,146,,
2015-06-18,147,,
2015-06-18,148,,
2015-06-18,149,,
2015-06-18,150,,
2015-06-18,151,,
2015-06-18,152,,
2015-06-18,183,4.8,5
2015-06-18,184,5.7,6
2015-06-18,186,2.2,2.4
2015-06-18,189,2.2,2.4
2015-06-18,190,,
2015-06-18,191,1.55,1.65
2015-06-18,192,1.75,1.95
2015-06-18,194,,
2015-06-18,195,,
2015-06-18,196,2.6,2.8
2015-06-18,197,,
2015-06-18,198,,
2015-06-18,204,2.45,2.55
2015-06-18,206,1.9,2.2
2015-06-18,207,2.3,2.5
2015-06-18,210,1.9,2.25
2015-06-18,211,2.15,2.45
2015-06-18,213,,
2015-06-18,221,,
2015-06-18,222,,
2015-06-18,223,,1.4
2015-06-18,230,5.6,5.9
2015-06-18,231,5.7,5.9
2015-06-18,232,6.2,6.4
2015-06-18,233,5.1,5.3
2015-06-18,234,1.9,2.1
2015-06-18,235,2.5,2.6
2015-06-18,236,2.3,2.4
2015-06-18,237,,
2015-06-18,238,,
2015-06-18,239,3.4,3.6
2015-06-18,240,,
2015-06-18,241,,
2015-06-18,242,,
2015-06-18,243,,
2015-06-18,244,3,3.2
2015-06-18,245,3,4
2015-06-18,246,3.3,3.6
2015-06-18,247,0.55,0.65
2015-06-18,248,0.55,0.65
2015-06-18,249,0.7,0.85
2015-06-18,250,0.75,0.85
2015-06-18,251,0.8,0.9
2015-06-18,252,0.8,0.9
2015-06-18,253,0.8,0.9
2015-06-18,254,0.65,0.75
2015-06-18,255,0.8,0.9
2015-06-18,256,1.2,1.5
2015-06-18,257,1.2,1.5
2015-06-18,258,1.2,1.5
2015-06-18,259,1.5,1.7
2015-06-18,260,1.6,1.75
2015-06-18,261,1.6,1.7
2015-06-18,262,1.7,1.8
2015-06-18,263,1.5,1.7
2015-06-18,264,1.6,1.7
2015-06-18,265,0.65,0.75
2015-06-18,266,0.8,0.95
2015-06-18,267,0.75,0.85
2015-06-18,268,0.9,1
2015-06-18,269,0.6,0.65
2015-06-18,270,1.5,1.6
2015-06-18,271,1.6,1.7
2015-06-18,272,1.5,1.6
2015-06-18,273,1.7,1.9
2015-06-18,274,1.7,1.9
2015-06-18,275,1.7,1.9
2015-06-18,276,1.85,1.9
2015-06-18,277,2.05,2.2
2015-06-18,278,1.85,2
2015-06-18,279,1.7,1.9
2015-06-18,280,1.3,1.5
2015-06-18,281,1.7,1.9
2015-06-18,282,1.2,1.4
2015-06-18,283,1.6,1.7
2015-06-18,284,1.5,1.6
2015-06-18,285,1.5,1.8
2015-06-18,286,1.7,1.9
2015-06-18,287,1.7,1.9
2015-06-18,288,1.5,1.6
2015-06-18,289,1.7,1.9
2015-06-18,290,1.7,1.9
2015-06-18,291,8,15
2015-06-18,292,,
2015-06-18,293,,
2015-06-18,294,,
2015-06-18,295,,
2015-06-18,296,,
2015-06-18,297,,
2015-06-18,298,,
2015-06-18,299,,
2015-06-18,300,,
2015-06-18,301,,
2015-06-18,302,,
2015-06-18,304,,
2015-06-18,305,,
2015-06-18,306,,
2015-06-18,307,,
2015-06-18,308,,
2015-06-18,309,,
2015-06-18,310,,
2015-06-18,311,,
2015-06-18,312,,
2015-06-18,313,,
2015-06-18,314,,
2015-06-18,315,,
2015-06-18,316,,
2015-06-18,317,,
2015-06-18,318,,
2015-06-18,319,,
2015-06-18,320,,
2015-06-18,321,,
2015-06-18,330,8.75,9.1
2015-06-18,331,8.15,8.5
2015-06-18,332,7.6,7.85
2015-06-18,339,,
2015-06-18,349,,
2015-06-18,352,2.9,3.1
2015-06-18,368,,
2015-06-18,369,50,55
2015-06-18,370,60,65
2015-06-18,402,,
2015-06-18,406,,
2015-06-18,407,,
2015-06-18,420,,
2015-06-18,421,,
2015-06-18,425,,
2015-06-18,440,70,75
2015-06-18,441,80,85
2015-06-18,445,,
2015-06-18,456,0.55,0.65
2015-06-18,460,0.45,0.55
2015-06-18,472,,
2015-06-18,481,,
2015-06-18,482,2.6,2.8
2015-06-18,483,2.4,2.6
2015-06-18,499,,
2015-06-18,500,,
2015-06-18,513,2.5,2.7
2015-06-18,514,2.3,2.5
2015-06-18,515,2.5,2.7
2015-06-18,589,1.8,2
2015-06-18,627,,
2015-06-18,681,2.45,2.55
2015-06-18,696,2.35,2.55
2015-06-18,703,215,220
2015-06-18,704,205,210
2015-06-18,705,160,165
2015-06-18,730,1.6,1.8
2015-06-18,732,150,160
2015-06-18,739,,
2015-06-18,740,30,35
2015-06-18,750,158,160
2015-06-18,751,160,165
2015-06-18,753,,
2015-06-18,759,2.4,3
2015-06-18,760,,
2015-06-18,764,,
2015-06-18,772,205,210
2015-06-18,773,180,190
2015-06-18,774,0.55,0.65
2015-06-18,778,,
2015-06-18,793,,
2015-06-18,794,,
2015-06-18,795,,
2015-06-18,796,,
2015-06-18,797,,
2015-06-18,800,,
2015-06-18,802,,
2015-06-18,845,,
2015-06-18,851,1.55,1.75
2015-06-18,857,2.35,2.55
2015-06-18,862,,
2015-06-18,911,,
2015-06-18,912,,
2015-06-18,919,3,3.2
2015-06-18,920,3,3.2
2015-06-18,939,0.19,0.21
2015-06-18,943,,
2015-06-18,944,,
2015-06-18,945,,
2015-06-18,946,,
2015-06-18,948,,
2015-06-18,951,0.9,1
2015-06-18,952,0.65,0.75
2015-06-18,953,0.55,0.65
2015-06-18,954,,
2015-06-18,955,0.55,0.65
2015-06-18,956,0.45,0.55
2015-06-18,957,0.45,0.55
2015-06-18,958,,
2015-06-18,959,0.9,1
2015-06-18,960,0.65,0.75
2015-06-18,961,,
2015-06-18,962,,
2015-06-18,963,0.45,0.55
2015-06-25,6,286,288
2015-06-25,7,288,290
2015-06-25,8,,
2015-06-25,10,,
2015-06-25,11,,
2015-06-25,12,,
2015-06-25,13,,
2015-06-25,14,,
2015-06-25,21,156,160
2015-06-25,22,163,165
2015-06-25,23,175,177
2015-06-25,24,,
2015-06-25,27,168,170
2015-06-25,28,168,170
2015-06-25,29,185,187
2015-06-25,32,393,402
2015-06-25,33,373,382
2015-06-25,34,364,372
2015-06-25,35,477,486
2015-06-25,36,467,477
2015-06-25,37,439,449
2015-06-25,38,514,520
2015-06-25,39,580,591
2015-06-25,40,99,100
2015-06-25,41,105,106
2015-06-25,42,152,155
2015-06-25,43,103,105
2015-06-25,44,,
2015-06-25,45,139,140
2015-06-25,46,145,146
2015-06-25,47,185,190
2015-06-25,48,97,98
2015-06-25,49,104,105
2015-06-25,50,118,120
2015-06-25,51,225,227
2015-06-25,52,,
2015-06-25,53,,
2015-06-25,54,,
2015-06-25,55,252,262
2015-06-25,56,,
2015-06-25,57,,
2015-06-25,58,715,725
2015-06-25,59,,
2015-06-25,60,179,189
2015-06-25,61,179,189
2015-06-25,62,,
2015-06-25,63,365,368
2015-06-25,64,,
2015-06-25,65,358,362
2015-06-25,66,,
2015-06-25,67,,
2015-06-25,68,364,365
2015-06-25,69,362,363
2015-06-25,70,402,403
2015-06-25,71,400,401
2015-06-25,72,374,376
2015-06-25,73,371,373
2015-06-25,74,471,473
2015-06-25,75,468,470
2015-06-25,76,206,210
2015-06-25,77,255,260
2015-06-25,78,285,290
2015-06-25,85,110,112
2015-06-25,86,110,112
2015-06-25,87,1590,1610
2015-06-25,88,1665,1670
2015-06-25,89,184,185
2015-06-25,90,180,183
2015-06-25,91,,
2015-06-25,92,150,152
2015-06-25,93,195,197
2015-06-25,94,,
2015-06-25,95,,
2015-06-25,96,,
2015-06-25,97,,
2015-06-25,98,,
2015-06-25,99,,
2015-06-25,100,,
2015-06-25,101,,
2015-06-25,102,,
2015-06-25,103,1700,1800
2015-06-25,104,950,1050
2015-06-25,105,710,810
2015-06-25,106,630,730
2015-06-25,107,610,710
2015-06-25,108,780,880
2015-06-25,109,810,910
2015-06-25,110,345,355
2015-06-25,111,325,340
2015-06-25,112,215,230
2015-06-25,113,148,150
2015-06-25,114,127,130
2015-06-25,115,,
2015-06-25,116,,
2015-06-25,117,,
2015-06-25,118,,
2015-06-25,119,,
2015-06-25,120,,
2015-06-25,121,,
2015-06-25,122,,
2015-06-25,123,,
2015-06-25,124,,
2015-06-25,125,,
2015-06-25,126,,
2015-06-25,127,,
2015-06-25,128,,
2015-06-25,129,,
2015-06-25,130,,
2015-06-25,131,,
2015-06-25,132,,
2015-06-25,133,,
2015-06-25,134,,
2015-06-25,135,,
2015-06-25,136,,
2015-06-25,137,,
2015-06-25,138,,
2015-06-25,139,,
2015-06-25,140,,
2015-06-25,141,,
2015-06-25,142,,
2015-06-25,143,,
2015-06-25,144,,
2015-06-25,145,,
2015-06-25,146,,
2015-06-25,147,,
2015-06-25,148,,
2015-06-25,149,,
2015-06-25,150,,
2015-06-25,151,,
2015-06-25,152,,
2015-06-25,175,0.38,0.42
2015-06-25,183,4.8,5
2015-06-25,184,5.7,6
2015-06-25,186,2.2,2.4
2015-06-25,189,2,2.2
2015-06-25,190,,
2015-06-25,191,1.55,1.65
2015-06-25,192,1.75,1.95
2015-06-25,194,,
2015-06-25,195,,
2015-06-25,196,2.4,2.6
2015-06-25,197,,
2015-06-25,198,,
2015-06-25,204,2.45,2.55
2015-06-25,206,1.7,1.9
2015-06-25,207,,
2015-06-25,210,1.9,2.25
2015-06-25,211,2.15,2.45
2015-06-25,221,,
2015-06-25,222,,
2015-06-25,223,,1.4
2015-06-25,230,5.6,5.9
2015-06-25,231,5.7,5.9
2015-06-25,232,6.2,6.4
2015-06-25,233,5.1,5.3
2015-06-25,234,1.9,2.1
2015-06-25,235,2.5,2.6
2015-06-25,236,2.3,2.4
2015-06-25,237,,
2015-06-25,238,,
2015-06-25,239,3.4,3.6
2015-06-25,240,,
2015-06-25,241,,
2015-06-25,242,,
2015-06-25,243,,
2015-06-25,244,3,3.2
2015-06-25,245,3,4
2015-06-25,246,3.3,3.6
2015-06-25,247,0.55,0.65
2015-06-25,248,0.55,0.65
2015-06-25,249,0.7,0.85
2015-06-25,250,0.75,0.85
2015-06-25,251,0.8,0.9
2015-06-25,252,0.8,0.9
2015-06-25,253,0.8,0.9
2015-06-25,254,0.65,0.75
2015-06-25,255,0.8,0.9
2015-06-25,256,1.2,1.5
2015-06-25,257,1.2,1.5
2015-06-25,258,1.2,1.5
2015-06-25,259,1.5,1.7
2015-06-25,260,1.6,1.75
2015-06-25,261,1.6,1.7
2015-06-25,262,1.7,1.8
2015-06-25,263,1.5,1.7
2015-06-25,264,1.6,1.7
2015-06-25,265,0.65,0.75
2015-06-25,266,0.8,0.95
2015-06-25,267,0.75,0.85
2015-06-25,268,0.9,1
2015-06-25,269,0.6,0.65
2015-06-25,270,1.5,1.6
2015-06-25,271,1.6,1.7
2015-06-25,272,1.5,1.6
2015-06-25,273,1.7,1.9
2015-06-25,274,1.7,1.9
2015-06-25,275,1.7,1.9
2015-06-25,276,1.85,1.9
2015-06-25,277,2.05,2.2
2015-06-25,278,1.85,2
2015-06-25,279,1.7,1.9
2015-06-25,280,1.3,1.5
2015-06-25,281,1.7,1.9
2015-06-25,282,1.2,1.4
2015-06-25,283,1.6,1.7
2015-06-25,284,1.5,1.6
2015-06-25,285,1.5,1.8
2015-06-25,286,1.7,1.9
2015-06-25,287,1.7,1.9
2015-06-25,288,1.5,1.6
2015-06-25,289,1.7,1.9
2015-06-25,290,1.7,1.9
2015-06-25,291,8,15
2015-06-25,292,,
2015-06-25,293,,
2015-06-25,294,,
2015-06-25,295,,
2015-06-25,296,,
2015-06-25,297,,
2015-06-25,298,,
2015-06-25,299,,
2015-06-25,300,,
2015-06-25,301,,
2015-06-25,302,,
2015-06-25,304,,
2015-06-25,305,,
2015-06-25,306,,
2015-06-25,307,,
2015-06-25,308,,
2015-06-25,309,,
2015-06-25,310,,
2015-06-25,311,,
2015-06-25,312,,
2015-06-25,313,,
2015-06-25,314,,
2015-06-25,315,,
2015-06-25,316,,
2015-06-25,317,,
2015-06-25,318,,
2015-06-25,319,,
2015-06-25,320,,
2015-06-25,321,,
2015-06-25,330,8.7,9.05
2015-06-25,331,8.1,8.45
2015-06-25,332,7.55,7.8
2015-06-25,339,,
2015-06-25,352,2.9,3.1
2015-06-25,368,,
2015-06-25,369,50,55
2015-06-25,370,60,65
2015-06-25,402,1.6,1.8
2015-06-25,406,2,2.3
2015-06-25,407,2,2.3
2015-06-25,412,0.35,0.42
2015-06-25,420,0.35,0.42
2015-06-25,421,,
2015-06-25,425,0.38,0.42
2015-06-25,440,70,77
2015-06-25,441,80,87
2015-06-25,445,,
2015-06-25,456,0.35,0.42
2015-06-25,460,0.3,0.4
2015-06-25,472,,
2015-06-25,481,,
2015-06-25,482,2.6,2.8
2015-06-25,483,2.4,2.6
2015-06-25,499,,
2015-06-25,500,,
2015-06-25,513,2.4,2.6
2015-06-25,514,2.2,2.4
2015-06-25,515,2.4,2.6
2015-06-25,589,1.8,2
2015-06-25,627,,
2015-06-25,681,2.45,2.55
2015-06-25,696,2.35,2.55
2015-06-25,703,215,220
2015-06-25,704,205,210
2015-06-25,705,160,165
2015-06-25,730,1.6,1.8
2015-06-25,732,150,160
2015-06-25,739,1.8,2
2015-06-25,740,30,35
2015-06-25,750,157,159
2015-06-25,751,160,165
2015-06-25,759,2.4,3
2015-06-25,760,1.8,2
2015-06-25,764,0.7,0.8
2015-06-25,766,,
2015-06-25,772,205,210
2015-06-25,773,180,190
2015-06-25,774,0.55,0.65
2015-06-25,776,0.7,0.8
2015-06-25,778,0.7,0.8
2015-06-25,788,0.7,0.8
2015-06-25,793,,
2015-06-25,794,,
2015-06-25,795,,
2015-06-25,796,,
2015-06-25,797,,
2015-06-25,800,,
2015-06-25,802,,
2015-06-25,845,,
2015-06-25,851,1.55,1.75
2015-06-25,857,,
2015-06-25,862,,
2015-06-25,911,,
2015-06-25,912,,
2015-06-25,919,3,3.2
2015-06-25,920,3,3.2
2015-06-25,939,0.19,0.21
2015-06-25,943,,
2015-06-25,944,,
2015-06-25,945,,
2015-06-25,946,,
2015-06-25,959,0.75,0.85
2015-06-25,960,0.6,0.7
2015-06-25,961,0.55,0.65
2015-06-25,962,0.3,0.37
2015-06-25,963,,
2015-06-25,964,,
2015-06-25,965,0.55,0.65
2015-06-25,966,,
2015-06-25,967,0.3,0.37
2015-06-25,968,,
2015-06-25,969,,
2015-06-25,970,,
2015-07-02,6,291,293
2015-07-02,7,293,295
2015-07-02,8,,
2015-07-02,10,,
2015-07-02,11,,
2015-07-02,12,,
2015-07-02,13,,
2015-07-02,14,,
2015-07-02,21,161,165
2015-07-02,22,168,170
2015-07-02,23,180,182
2015-07-02,24,,
2015-07-02,27,173,175
2015-07-02,28,,
2015-07-02,29,190,192
2015-07-02,32,393,402
2015-07-02,33,373,382
2015-07-02,34,364,372
2015-07-02,35,477,486
2015-07-02,36,467,477
2015-07-02,37,439,449
2015-07-02,38,524,530
2015-07-02,39,590,601
2015-07-02,40,96,97
2015-07-02,41,102,103
2015-07-02,42,147,150
2015-07-02,43,100,102
2015-07-02,44,,
2015-07-02,45,136,137
2015-07-02,46,142,143
2015-07-02,47,180,185
2015-07-02,48,94,95
2015-07-02,49,101,102
2015-07-02,50,113,115
2015-07-02,51,225,227
2015-07-02,52,300,310
2015-07-02,53,420,430
2015-07-02,54,215,220
2015-07-02,55,252,262
2015-07-02,56,,
2015-07-02,57,,
2015-07-02,58,715,725
2015-07-02,59,,
2015-07-02,60,176,186
2015-07-02,61,176,186
2015-07-02,62,,
2015-07-02,63,380,383
2015-07-02,64,,
2015-07-02,65,373,377
2015-07-02,66,,
2015-07-02,67,,
2015-07-02,68,389,390
2015-07-02,69,387,388
2015-07-02,70,427,428
2015-07-02,71,425,426
2015-07-02,72,399,401
2015-07-02,73,396,398
2015-07-02,74,496,498
2015-07-02,75,493,495
2015-07-02,76,211,215
2015-07-02,77,275,280
2015-07-02,78,285,290
2015-07-02,85,110,112
2015-07-02,86,110,112
2015-07-02,87,1580,1600
2015-07-02,88,1665,1670
2015-07-02,89,184,185
2015-07-02,90,180,183
2015-07-02,91,,
2015-07-02,92,150,152
2015-07-02,93,200,202
2015-07-02,94,,
2015-07-02,95,,
2015-07-02,96,,
2015-07-02,97,,
2015-07-02,98,,
2015-07-02,99,,
2015-07-02,100,,
2015-07-02,101,,
2015-07-02,102,,
2015-07-02,103,1700,1800
2015-07-02,104,950,1050
2015-07-02,105,710,810
2015-07-02,106,630,730
2015-07-02,107,610,710
2015-07-02,108,780,880
2015-07-02,109,810,910
2015-07-02,110,350,360
2015-07-02,111,330,345
2015-07-02,112,220,235
2015-07-02,113,143,145
2015-07-02,114,122,125
2015-07-02,115,,
2015-07-02,116,,
2015-07-02,117,,
2015-07-02,118,,
2015-07-02,119,,
2015-07-02,120,,
2015-07-02,121,,
2015-07-02,122,,
2015-07-02,123,,
2015-07-02,124,,
2015-07-02,125,,
2015-07-02,126,,
2015-07-02,127,,
2015-07-02,128,,
2015-07-02,129,,
2015-07-02,130,,
2015-07-02,131,,
2015-07-02,132,,
2015-07-02,133,,
2015-07-02,134,,
2015-07-02,135,,
2015-07-02,136,,
2015-07-02,137,,
2015-07-02,138,,
2015-07-02,139,,
2015-07-02,140,,
2015-07-02,141,,
2015-07-02,142,,
2015-07-02,143,,
2015-07-02,144,,
2015-07-02,145,,
2015-07-02,146,,
2015-07-02,147,,
2015-07-02,148,,
2015-07-02,149,,
2015-07-02,150,,
2015-07-02,151,,
2015-07-02,152,,
2015-07-02,175,0.38,0.42
2015-07-02,183,4.8,5
2015-07-02,184,5.7,6
2015-07-02,186,2.2,2.4
2015-07-02,189,2,2.2
2015-07-02,190,,
2015-07-02,191,1.55,1.65
2015-07-02,192,1.75,1.95
2015-07-02,194,,
2015-07-02,195,,
2015-07-02,196,2.4,2.6
2015-07-02,197,,
2015-07-02,198,,
2015-07-02,204,2.45,2.55
2015-07-02,206,1.7,1.9
2015-07-02,207,,
2015-07-02,210,1.9,2.25
2015-07-02,211,2.15,2.45
2015-07-02,221,30,35
2015-07-02,222,35,45
2015-07-02,223,,1.4
2015-07-02,230,5.6,5.9
2015-07-02,231,5.7,5.9
2015-07-02,232,6.2,6.4
2015-07-02,233,5.1,5.3
2015-07-02,234,1.9,2.1
2015-07-02,235,2.5,2.6
2015-07-02,236,2.3,2.4
2015-07-02,237,,
2015-07-02,238,,
2015-07-02,239,3.4,3.6
2015-07-02,240,,
2015-07-02,241,,
2015-07-02,242,,
2015-07-02,243,,
2015-07-02,244,3,3.2
2015-07-02,245,3,4
2015-07-02,246,3.3,3.6
2015-07-02,247,0.55,0.65
2015-07-02,248,0.55,0.65
2015-07-02,249,0.7,0.85
2015-07-02,250,0.75,0.85
2015-07-02,251,0.8,0.9
2015-07-02,252,0.8,0.9
2015-07-02,253,0.8,0.9
2015-07-02,254,0.65,0.75
2015-07-02,255,0.8,0.9
2015-07-02,256,1.2,1.5
2015-07-02,257,1.2,1.5
2015-07-02,258,1.2,1.5
2015-07-02,259,1.5,1.7
2015-07-02,260,1.6,1.75
2015-07-02,261,1.6,1.7
2015-07-02,262,1.7,1.8
2015-07-02,263,1.5,1.7
2015-07-02,264,1.6,1.7
2015-07-02,265,0.65,0.75
2015-07-02,266,0.8,0.95
2015-07-02,267,0.75,0.85
2015-07-02,268,0.9,1
2015-07-02,269,0.6,0.65
2015-07-02,270,1.5,1.6
2015-07-02,271,1.6,1.7
2015-07-02,272,1.5,1.6
2015-07-02,273,1.7,1.9
2015-07-02,274,1.7,1.9
2015-07-02,275,1.7,1.9
2015-07-02,276,1.85,1.9
2015-07-02,277,2.05,2.2
2015-07-02,278,1.85,2
2015-07-02,279,1.7,1.9
2015-07-02,280,1.3,1.5
2015-07-02,281,1.7,1.9
2015-07-02,282,1.2,1.4
2015-07-02,283,1.6,1.7
2015-07-02,284,1.5,1.6
2015-07-02,285,1.5,1.8
2015-07-02,286,1.7,1.9
2015-07-02,287,1.7,1.9
2015-07-02,288,1.5,1.6
2015-07-02,289,1.7,1.9
2015-07-02,290,1.7,1.9
2015-07-02,291,8,15
2015-07-02,292,,
2015-07-02,293,,
2015-07-02,294,,
2015-07-02,295,,
2015-07-02,296,,
2015-07-02,297,,
2015-07-02,298,,
2015-07-02,299,,
2015-07-02,300,,
2015-07-02,301,,
2015-07-02,302,,
2015-07-02,304,,
2015-07-02,305,,
2015-07-02,306,,
2015-07-02,307,,
2015-07-02,308,,
2015-07-02,309,,
2015-07-02,310,,
2015-07-02,311,,
2015-07-02,312,,
2015-07-02,313,,
2015-07-02,314,,
2015-07-02,315,,
2015-07-02,316,,
2015-07-02,317,,
2015-07-02,318,,
2015-07-02,319,,
2015-07-02,320,,
2015-07-02,321,,
2015-07-02,330,8.7,9.05
2015-07-02,331,8.1,8.45
2015-07-02,332,7.55,7.8
2015-07-02,339,,
2015-07-02,352,2.9,3.1
2015-07-02,368,,
2015-07-02,369,50,55
2015-07-02,370,60,65
2015-07-02,402,1.6,1.8
2015-07-02,406,2,2.3
2015-07-02,407,2,2.3
2015-07-02,412,0.37,0.44
2015-07-02,438,,
2015-07-02,440,70,77
2015-07-02,441,80,87
2015-07-02,445,,
2015-07-02,456,,
2015-07-02,459,,
2015-07-02,460,,
2015-07-02,462,,
2015-07-02,468,,
2015-07-02,472,,
2015-07-02,481,,
2015-07-02,482,2.6,2.8
2015-07-02,483,2.4,2.6
2015-07-02,497,,
2015-07-02,499,,
2015-07-02,500,,
2015-07-02,513,2.4,2.6
2015-07-02,514,2.2,2.4
2015-07-02,515,2.4,2.6
2015-07-02,589,1.8,2
2015-07-02,627,,
2015-07-02,681,2.45,2.55
2015-07-02,696,2.35,2.55
2015-07-02,703,215,220
2015-07-02,704,205,210
2015-07-02,705,160,165
2015-07-02,730,1.6,1.8
2015-07-02,732,150,160
2015-07-02,739,1.8,2
2015-07-02,740,30,35
2015-07-02,750,160,162
2015-07-02,751,165,170
2015-07-02,759,2.4,3
2015-07-02,760,1.8,2
2015-07-02,766,0.27,0.32
2015-07-02,772,205,210
2015-07-02,773,180,190
2015-07-02,774,,
2015-07-02,776,0.7,0.8
2015-07-02,780,,
2015-07-02,781,0.27,0.32
2015-07-02,788,0.7,0.8
2015-07-02,793,,
2015-07-02,794,196,202
2015-07-02,795,188,194
2015-07-02,796,,
2015-07-02,797,310,315
2015-07-02,802,,
2015-07-02,845,,
2015-07-02,851,1.55,1.75
2015-07-02,857,,
2015-07-02,862,,
2015-07-02,911,,
2015-07-02,912,,
2015-07-02,919,3,3.2
2015-07-02,920,3,3.2
2015-07-02,939,,
2015-07-02,943,,
2015-07-02,944,,
2015-07-02,945,,
2015-07-02,946,,
2015-07-02,959,,
2015-07-02,960,,
2015-07-02,964,315,320
2015-07-02,965,0.55,0.65
2015-07-02,966,0.8,0.9
2015-07-02,967,,
2015-07-02,968,0.25,0.32
2015-07-02,969,0.25,0.3
2015-07-02,970,0.65,0.8
2015-07-02,971,,
2015-07-02,972,0.8,0.9
2015-07-02,973,,
2015-07-02,974,0.25,0.32
2015-07-02,975,0.25,0.3
2015-07-02,976,,
2015-07-02,977,,
2015-07-09,6,291,293
2015-07-09,7,293,295
2015-07-09,8,,
2015-07-09,10,,
2015-07-09,11,,
2015-07-09,12,,
2015-07-09,13,,
2015-07-09,14,,
2015-07-09,21,169,173
2015-07-09,22,176,178
2015-07-09,23,190,192
2015-07-09,24,,
2015-07-09,27,178,180
2015-07-09,28,,
2015-07-09,29,194,196
2015-07-09,32,393,402
2015-07-09,33,373,382
2015-07-09,34,364,372
2015-07-09,35,477,486
2015-07-09,36,467,477
2015-07-09,37,439,449
2015-07-09,38,544,550
2015-07-09,39,610,621
2015-07-09,40,96,97
2015-07-09,41,102,103
2015-07-09,42,147,150
2015-07-09,43,100,102
2015-07-09,44,,
2015-07-09,45,136,137
2015-07-09,46,142,143
2015-07-09,47,180,185
2015-07-09,48,94,95
2015-07-09,49,101,102
2015-07-09,50,113,115
2015-07-09,51,225,227
2015-07-09,52,310,320
2015-07-09,53,450,460
2015-07-09,54,215,220
2015-07-09,55,252,262
2015-07-09,56,470,490
2015-07-09,57,,
2015-07-09,58,715,725
2015-07-09,59,,
2015-07-09,60,176,186
2015-07-09,61,176,186
2015-07-09,62,,
2015-07-09,63,380,383
2015-07-09,64,,
2015-07-09,65,373,377
2015-07-09,66,,
2015-07-09,67,,
2015-07-09,68,389,390
2015-07-09,69,387,388
2015-07-09,70,427,428
2015-07-09,71,425,426
2015-07-09,72,399,401
2015-07-09,73,396,398
2015-07-09,74,496,498
2015-07-09,75,493,495
2015-07-09,76,211,215
2015-07-09,77,275,280
2015-07-09,78,282,287
2015-07-09,85,110,112
2015-07-09,86,110,112
2015-07-09,87,1570,1590
2015-07-09,88,1655,1660
2015-07-09,89,184,185
2015-07-09,90,180,183
2015-07-09,91,,
2015-07-09,92,150,152
2015-07-09,93,207,209
2015-07-09,94,,
2015-07-09,95,,
2015-07-09,96,,
2015-07-09,97,,
2015-07-09,98,,
2015-07-09,99,,
2015-07-09,100,,
2015-07-09,101,,
2015-07-09,102,,
2015-07-09,103,1700,1800
2015-07-09,104,950,1050
2015-07-09,105,710,810
2015-07-09,106,630,730
2015-07-09,107,610,710
2015-07-09,108,780,880
2015-07-09,109,810,910
2015-07-09,110,350,360
2015-07-09,111,330,345
2015-07-09,112,220,235
2015-07-09,113,143,145
2015-07-09,114,122,125
2015-07-09,115,,
2015-07-09,116,,
2015-07-09,117,,
2015-07-09,118,,
2015-07-09,119,,
2015-07-09,120,,
2015-07-09,121,,
2015-07-09,122,,
2015-07-09,123,,
2015-07-09,124,,
2015-07-09,125,,
2015-07-09,126,,
2015-07-09,127,,
2015-07-09,128,,
2015-07-09,129,,
2015-07-09,130,,
2015-07-09,131,,
2015-07-09,132,,
2015-07-09,133,,
2015-07-09,134,,
2015-07-09,135,,
2015-07-09,136,,
2015-07-09,137,,
2015-07-09,138,,
2015-07-09,139,,
2015-07-09,140,,
2015-07-09,141,,
2015-07-09,142,,
2015-07-09,143,,
2015-07-09,144,,
2015-07-09,145,,
2015-07-09,146,,
2015-07-09,147,,
2015-07-09,148,,
2015-07-09,149,,
2015-07-09,150,,
2015-07-09,151,,
2015-07-09,152,,
2015-07-09,175,0.38,0.42
2015-07-09,183,4.8,5
2015-07-09,184,5.7,6
2015-07-09,186,2.2,2.4
2015-07-09,189,2,2.2
2015-07-09,190,,
2015-07-09,191,1.55,1.65
2015-07-09,192,1.75,1.95
2015-07-09,194,,
2015-07-09,195,,
2015-07-09,196,2.4,2.6
2015-07-09,197,,
2015-07-09,198,,
2015-07-09,204,,
2015-07-09,206,1.7,1.9
2015-07-09,210,1.9,2.25
2015-07-09,211,2.15,2.45
2015-07-09,221,30,35
2015-07-09,222,35,45
2015-07-09,223,,1.4
2015-07-09,230,5.6,5.9
2015-07-09,231,5.7,5.9
2015-07-09,232,6.2,6.4
2015-07-09,233,5.1,5.3
2015-07-09,234,1.9,2.1
2015-07-09,235,2.5,2.6
2015-07-09,236,2.3,2.4
2015-07-09,237,,
2015-07-09,238,,
2015-07-09,239,3.4,3.6
2015-07-09,240,,
2015-07-09,241,,
2015-07-09,242,,
2015-07-09,243,,
2015-07-09,244,3,3.2
2015-07-09,245,3,4
2015-07-09,246,3.3,3.6
2015-07-09,247,0.55,0.65
2015-07-09,248,0.55,0.65
2015-07-09,249,0.7,0.85
2015-07-09,250,0.75,0.85
2015-07-09,251,0.8,0.9
2015-07-09,252,0.8,0.9
2015-07-09,253,0.8,0.9
2015-07-09,254,0.65,0.75
2015-07-09,255,0.8,0.9
2015-07-09,256,1.2,1.5
2015-07-09,257,1.2,1.5
2015-07-09,258,1.2,1.5
2015-07-09,259,1.5,1.7
2015-07-09,260,1.6,1.75
2015-07-09,261,1.6,1.7
2015-07-09,262,1.7,1.8
2015-07-09,263,1.5,1.7
2015-07-09,264,1.6,1.7
2015-07-09,265,0.65,0.75
2015-07-09,266,0.8,0.95
2015-07-09,267,0.75,0.85
2015-07-09,268,0.9,1
2015-07-09,269,0.6,0.65
2015-07-09,270,1.5,1.6
2015-07-09,271,1.6,1.7
2015-07-09,272,1.5,1.6
2015-07-09,273,1.7,1.9
2015-07-09,274,1.7,1.9
2015-07-09,275,1.7,1.9
2015-07-09,276,1.85,1.9
2015-07-09,277,2.05,2.2
2015-07-09,278,1.85,2
2015-07-09,279,1.7,1.9
2015-07-09,280,1.3,1.5
2015-07-09,281,1.7,1.9
2015-07-09,282,1.2,1.4
2015-07-09,283,1.6,1.7
2015-07-09,284,1.5,1.6
2015-07-09,285,1.5,1.8
2015-07-09,286,1.7,1.9
2015-07-09,287,1.7,1.9
2015-07-09,288,1.5,1.6
2015-07-09,289,1.7,1.9
2015-07-09,290,1.7,1.9
2015-07-09,291,8,15
2015-07-09,292,,
2015-07-09,293,,
2015-07-09,294,,
2015-07-09,295,,
2015-07-09,296,,
2015-07-09,297,,
2015-07-09,298,,
2015-07-09,299,,
2015-07-09,300,,
2015-07-09,301,,
2015-07-09,302,,
2015-07-09,304,,
2015-07-09,305,,
2015-07-09,306,,
2015-07-09,307,,
2015-07-09,308,,
2015-07-09,309,,
2015-07-09,310,,
2015-07-09,311,,
2015-07-09,312,,
2015-07-09,313,,
2015-07-09,314,,
2015-07-09,315,,
2015-07-09,316,,
2015-07-09,317,,
2015-07-09,318,,
2015-07-09,319,,
2015-07-09,320,,
2015-07-09,321,,
2015-07-09,330,8.7,9.05
2015-07-09,331,8.1,8.45
2015-07-09,332,7.55,7.8
2015-07-09,339,,
2015-07-09,352,,
2015-07-09,368,,
2015-07-09,369,50,55
2015-07-09,370,60,65
2015-07-09,402,1.6,1.8
2015-07-09,406,2,2.3
2015-07-09,407,2,2.3
2015-07-09,412,0.4,0.5
2015-07-09,413,0.7,0.9
2015-07-09,438,0.27,0.37
2015-07-09,440,70,77
2015-07-09,441,80,87
2015-07-09,445,,
2015-07-09,459,0.27,0.37
2015-07-09,462,0.27,0.34
2015-07-09,466,0.27,0.37
2015-07-09,468,2.2,2.4
2015-07-09,472,,
2015-07-09,475,0.27,0.37
2015-07-09,476,0.27,0.34
2015-07-09,481,,
2015-07-09,482,2.6,2.8
2015-07-09,483,2.4,2.6
2015-07-09,497,0.27,0.3
2015-07-09,498,,
2015-07-09,499,,
2015-07-09,500,,
2015-07-09,512,0.27,0.3
2015-07-09,513,2.3,2.5
2015-07-09,514,2.1,2.3
2015-07-09,515,2.3,2.5
2015-07-09,516,,
2015-07-09,517,,
2015-07-09,589,1.8,2
2015-07-09,627,,
2015-07-09,681,2.45,2.55
2015-07-09,696,2.35,2.55
2015-07-09,703,215,220
2015-07-09,704,205,210
2015-07-09,705,160,165
2015-07-09,730,1.6,1.8
2015-07-09,732,150,160
2015-07-09,739,1.8,2
2015-07-09,740,30,35
2015-07-09,750,165,167
2015-07-09,751,170,175
2015-07-09,759,,
2015-07-09,760,1.8,2
2015-07-09,772,210,215
2015-07-09,773,180,190
2015-07-09,776,,
2015-07-09,780,0.4,0.45
2015-07-09,781,,
2015-07-09,788,,
2015-07-09,790,0.4,0.45
2015-07-09,793,225,230
2015-07-09,794,199,205
2015-07-09,795,190,196
2015-07-09,796,,
2015-07-09,797,332,337
2015-07-09,802,,
2015-07-09,808,,
2015-07-09,845,,
2015-07-09,851,,
2015-07-09,862,,
2015-07-09,912,,
2015-07-09,919,,
2015-07-09,920,,
2015-07-09,939,,
2015-07-09,943,,
2015-07-09,944,,
2015-07-09,945,,
2015-07-09,946,,
2015-07-09,964,337,342
2015-07-09,965,,
2015-07-09,970,0.7,0.9
2015-07-09,971,290,310
2015-07-09,972,0.85,0.95
2015-07-09,973,0.95,1.1
2015-07-09,974,0.25,0.32
2015-07-09,975,,
2015-07-09,976,0.27,0.34
2015-07-09,977,0.25,0.28
2015-07-09,978,0.95,1.1
2015-07-09,979,,
2015-07-09,980,0.27,0.34
2015-07-09,981,,
2015-07-09,982,,
2015-07-09,983,,
2015-07-09,984,,
2015-07-09,985,,
2015-07-09,986,,
2015-07-09,987,0.25,0.28
2015-07-16,6,291,293
2015-07-16,7,293,295
2015-07-16,8,,
2015-07-16,10,,
2015-07-16,11,,
2015-07-16,12,,
2015-07-16,13,,
2015-07-16,14,,
2015-07-16,21,175,179
2015-07-16,22,184,186
2015-07-16,23,200,202
2015-07-16,24,245,250
2015-07-16,27,178,180
2015-07-16,28,,
2015-07-16,29,,
2015-07-16,32,393,402
2015-07-16,33,373,382
2015-07-16,34,364,372
2015-07-16,35,477,486
2015-07-16,36,467,477
2015-07-16,37,439,449
2015-07-16,38,544,550
2015-07-16,39,610,621
2015-07-16,40,100,101
2015-07-16,41,106,107
2015-07-16,42,151,154
2015-07-16,43,104,106
2015-07-16,44,,
2015-07-16,45,140,141
2015-07-16,46,146,147
2015-07-16,47,184,189
2015-07-16,48,98,99
2015-07-16,49,105,106
2015-07-16,50,117,119
2015-07-16,51,225,227
2015-07-16,52,310,320
2015-07-16,53,450,460
2015-07-16,54,215,220
2015-07-16,55,267,277
2015-07-16,56,470,490
2015-07-16,57,,
2015-07-16,58,715,725
2015-07-16,59,,
2015-07-16,60,180,190
2015-07-16,61,180,190
2015-07-16,62,,
2015-07-16,63,383,386
2015-07-16,64,,
2015-07-16,65,376,380
2015-07-16,66,,
2015-07-16,67,,
2015-07-16,68,401,402
2015-07-16,69,399,400
2015-07-16,70,439,440
2015-07-16,71,437,438
2015-07-16,72,414,416
2015-07-16,73,411,413
2015-07-16,74,511,513
2015-07-16,75,508,510
2015-07-16,76,211,215
2015-07-16,77,280,285
2015-07-16,78,280,285
2015-07-16,85,110,112
2015-07-16,86,110,112
2015-07-16,87,1570,1590
2015-07-16,88,1645,1650
2015-07-16,89,184,185
2015-07-16,90,180,183
2015-07-16,91,,
2015-07-16,92,150,152
2015-07-16,93,212,214
2015-07-16,94,,
2015-07-16,95,,
2015-07-16,96,,
2015-07-16,97,,
2015-07-16,98,,
2015-07-16,99,,
2015-07-16,100,,
2015-07-16,101,,
2015-07-16,102,,
2015-07-16,103,1700,1800
2015-07-16,104,950,1050
2015-07-16,105,710,810
2015-07-16,106,630,730
2015-07-16,107,610,710
2015-07-16,108,780,880
2015-07-16,109,810,910
2015-07-16,110,350,360
2015-07-16,111,330,345
2015-07-16,112,220,235
2015-07-16,113,143,145
2015-07-16,114,122,125
2015-07-16,115,,
2015-07-16,116,,
2015-07-16,117,,
2015-07-16,118,,
2015-07-16,119,,
2015-07-16,120,,
2015-07-16,121,,
2015-07-16,122,,
2015-07-16,123,,
2015-07-16,124,,
2015-07-16,125,,
2015-07-16,126,,
2015-07-16,127,,
2015-07-16,128,,
2015-07-16,129,,
2015-07-16,130,,
2015-07-16,131,,
2015-07-16,132,,
2015-07-16,133,,
2015-07-16,134,,
2015-07-16,135,,
2015-07-16,136,,
2015-07-16,137,,
2015-07-16,138,,
2015-07-16,139,,
2015-07-16,140,,
2015-07-16,141,,
2015-07-16,142,,
2015-07-16,143,,
2015-07-16,144,,
2015-07-16,145,,
2015-07-16,146,,
2015-07-16,147,,
2015-07-16,148,,
2015-07-16,149,,
2015-07-16,150,,
2015-07-16,151,,
2015-07-16,152,,
2015-07-16,175,0.35,0.4
2015-07-16,183,4.8,5
2015-07-16,184,5.7,6
2015-07-16,186,2.2,2.4
2015-07-16,189,1.6,1.8
2015-07-16,190,,
2015-07-16,191,1.55,1.65
2015-07-16,192,1.75,1.95
2015-07-16,194,,
2015-07-16,195,,
2015-07-16,196,2.4,2.6
2015-07-16,197,,
2015-07-16,198,,
2015-07-16,204,,
2015-07-16,206,1.5,1.7
2015-07-16,210,1.9,2.25
2015-07-16,211,2.15,2.45
2015-07-16,221,30,35
2015-07-16,222,35,45
2015-07-16,223,,1.4
2015-07-16,230,5.6,5.9
2015-07-16,231,5.7,5.9
2015-07-16,232,6.2,6.4
2015-07-16,233,5.1,5.3
2015-07-16,234,1.9,2.1
2015-07-16,235,2.5,2.6
2015-07-16,236,2.3,2.4
2015-07-16,237,,
2015-07-16,238,,
2015-07-16,239,3.4,3.6
2015-07-16,240,,
2015-07-16,241,,
2015-07-16,242,,
2015-07-16,243,,
2015-07-16,244,3,3.2
2015-07-16,245,3,4
2015-07-16,246,3.3,3.6
2015-07-16,247,0.55,0.65
2015-07-16,248,0.55,0.65
2015-07-16,249,0.7,0.85
2015-07-16,250,0.75,0.85
2015-07-16,251,0.8,0.9
2015-07-16,252,0.8,0.9
2015-07-16,253,0.8,0.9
2015-07-16,254,0.65,0.75
2015-07-16,255,0.8,0.9
2015-07-16,256,1.2,1.5
2015-07-16,257,1.2,1.5
2015-07-16,258,1.2,1.5
2015-07-16,259,1.5,1.7
2015-07-16,260,1.6,1.75
2015-07-16,261,1.6,1.7
2015-07-16,262,1.7,1.8
2015-07-16,263,1.5,1.7
2015-07-16,264,1.6,1.7
2015-07-16,265,0.65,0.75
2015-07-16,266,0.8,0.95
2015-07-16,267,0.75,0.85
2015-07-16,268,0.9,1
2015-07-16,269,0.6,0.65
2015-07-16,270,1.5,1.6
2015-07-16,271,1.6,1.7
2015-07-16,272,1.5,1.6
2015-07-16,273,1.7,1.9
2015-07-16,274,1.7,1.9
2015-07-16,275,1.7,1.9
2015-07-16,276,1.85,1.9
2015-07-16,277,2.05,2.2
2015-07-16,278,1.85,2
2015-07-16,279,1.7,1.9
2015-07-16,280,1.3,1.5
2015-07-16,281,1.7,1.9
2015-07-16,282,1.2,1.4
2015-07-16,283,1.6,1.7
2015-07-16,284,1.5,1.6
2015-07-16,285,1.5,1.8
2015-07-16,286,1.7,1.9
2015-07-16,287,1.7,1.9
2015-07-16,288,1.5,1.6
2015-07-16,289,1.7,1.9
2015-07-16,290,1.7,1.9
2015-07-16,291,8,15
2015-07-16,292,,
2015-07-16,293,,
2015-07-16,294,,
2015-07-16,295,,
2015-07-16,296,,
2015-07-16,297,,
2015-07-16,298,,
2015-07-16,299,,
2015-07-16,300,,
2015-07-16,301,,
2015-07-16,302,,
2015-07-16,304,,
2015-07-16,305,,
2015-07-16,306,,
2015-07-16,307,,
2015-07-16,308,,
2015-07-16,309,,
2015-07-16,310,,
2015-07-16,311,,
2015-07-16,312,,
2015-07-16,313,,
2015-07-16,314,,
2015-07-16,315,,
2015-07-16,316,,
2015-07-16,317,,
2015-07-16,318,,
2015-07-16,319,,
2015-07-16,320,,
2015-07-16,321,,
2015-07-16,330,8.65,9
2015-07-16,331,8.05,8.4
2015-07-16,332,7.5,7.8
2015-07-16,339,,
2015-07-16,352,,
2015-07-16,368,,
2015-07-16,369,50,55
2015-07-16,370,60,65
2015-07-16,402,1.4,1.6
2015-07-16,406,1.75,1.9
2015-07-16,407,1.75,1.9
2015-07-16,412,0.32,0.42
2015-07-16,413,0.5,0.8
2015-07-16,440,70,77
2015-07-16,441,80,87
2015-07-16,445,,
2015-07-16,451,,
2015-07-16,466,0.27,0.37
2015-07-16,468,2.1,2.3
2015-07-16,472,,
2015-07-16,475,0.27,0.32
2015-07-16,476,,
2015-07-16,481,,
2015-07-16,482,2.6,2.8
2015-07-16,483,2.4,2.6
2015-07-16,498,60,70
2015-07-16,499,,
2015-07-16,500,,
2015-07-16,512,0.26,0.28
2015-07-16,513,2.2,2.3
2015-07-16,514,2,2.1
2015-07-16,515,2,2.1
2015-07-16,516,90,93
2015-07-16,517,95,100
2015-07-16,589,1.8,2
2015-07-16,606,,
2015-07-16,627,,
2015-07-16,681,2.45,2.55
2015-07-16,696,2.35,2.55
2015-07-16,703,220,225
2015-07-16,704,210,215
2015-07-16,705,165,170
2015-07-16,730,1.6,1.8
2015-07-16,732,155,165
2015-07-16,739,1.6,1.75
2015-07-16,740,30,35
2015-07-16,750,165,167
2015-07-16,751,170,175
2015-07-16,759,,
2015-07-16,760,1.6,1.75
2015-07-16,768,,
2015-07-16,772,215,220
2015-07-16,773,185,195
2015-07-16,790,0.37,0.42
2015-07-16,793,225,230
2015-07-16,794,196,202
2015-07-16,795,187,193
2015-07-16,796,,
2015-07-16,797,322,327
2015-07-16,798,,
2015-07-16,799,,
2015-07-16,801,,
2015-07-16,802,,
2015-07-16,808,0.5,0.6
2015-07-16,812,0.5,0.6
2015-07-16,845,,
2015-07-16,851,,
2015-07-16,862,,
2015-07-16,919,,
2015-07-16,920,,
2015-07-16,939,0.18,0.22
2015-07-16,943,,
2015-07-16,944,,
2015-07-16,945,,
2015-07-16,946,,
2015-07-16,964,327,332
2015-07-16,971,290,310
2015-07-16,972,,
2015-07-16,974,,
2015-07-16,978,1.1,1.2
2015-07-16,979,0.22,0.3
2015-07-16,980,,
2015-07-16,981,0.27,0.32
2015-07-16,982,0.27,0.32
2015-07-16,983,0.27,0.32
2015-07-16,984,0.4,0.5
2015-07-16,985,0.5,0.6
2015-07-16,986,0.68,0.75
2015-07-16,987,0.24,0.26
2015-07-16,988,,
2015-07-16,989,,
2015-07-16,990,,
2015-07-16,991,,
2015-07-16,992,0.22,0.3
2015-07-16,993,0.27,0.32
2015-07-16,994,,
2015-07-16,995,0.4,0.5
2015-07-16,996,0.5,0.6
2015-07-16,997,,
2015-07-16,998,0.68,0.75
2015-07-16,999,,
2015-07-16,1000,0.27,0.37
2015-07-23,6,291,293
2015-07-23,7,293,295
2015-07-23,8,,
2015-07-23,10,,
2015-07-23,11,,
2015-07-23,12,,
2015-07-23,13,,
2015-07-23,14,,
2015-07-23,21,183,187
2015-07-23,22,192,194
2015-07-23,23,210,212
2015-07-23,24,245,250
2015-07-23,27,183,185
2015-07-23,28,,
2015-07-23,29,,
2015-07-23,32,393,402
2015-07-23,33,373,382
2015-07-23,34,364,372
2015-07-23,35,477,486
2015-07-23,36,467,477
2015-07-23,37,439,449
2015-07-23,38,544,550
2015-07-23,39,610,621
2015-07-23,40,107,108
2015-07-23,41,113,114
2015-07-23,42,158,161
2015-07-23,43,111,113
2015-07-23,44,,
2015-07-23,45,147,148
2015-07-23,46,153,154
2015-07-23,47,191,196
2015-07-23,48,105,106
2015-07-23,49,112,113
2015-07-23,50,124,126
2015-07-23,51,225,227
2015-07-23,52,310,320
2015-07-23,53,450,460
2015-07-23,54,215,220
2015-07-23,55,274,284
2015-07-23,56,470,490
2015-07-23,57,,
2015-07-23,58,715,725
2015-07-23,59,,
2015-07-23,60,187,197
2015-07-23,61,187,197
2015-07-23,62,,
2015-07-23,63,383,386
2015-07-23,64,,
2015-07-23,65,376,380
2015-07-23,66,,
2015-07-23,67,,
2015-07-23,68,398,399
2015-07-23,69,396,397
2015-07-23,70,436,437
2015-07-23,71,434,435
2015-07-23,72,411,413
2015-07-23,73,408,410
2015-07-23,74,508,510
2015-07-23,75,505,507
2015-07-23,76,216,220
2015-07-23,77,280,285
2015-07-23,78,280,285
2015-07-23,85,110,112
2015-07-23,86,110,112
2015-07-23,87,1560,1580
2015-07-23,88,1645,1650
2015-07-23,89,184,185
2015-07-23,90,180,183
2015-07-23,91,,
2015-07-23,92,155,157
2015-07-23,93,217,219
2015-07-23,94,,
2015-07-23,95,,
2015-07-23,96,,
2015-07-23,97,,
2015-07-23,98,,
2015-07-23,99,,
2015-07-23,100,,
2015-07-23,101,,
2015-07-23,102,,
2015-07-23,103,1700,1800
2015-07-23,104,950,1050
2015-07-23,105,710,810
2015-07-23,106,630,730
2015-07-23,107,610,710
2015-07-23,108,780,880
2015-07-23,109,810,910
2015-07-23,110,350,360
2015-07-23,111,330,345
2015-07-23,112,220,235
2015-07-23,113,143,145
2015-07-23,114,122,125
2015-07-23,115,,
2015-07-23,116,,
2015-07-23,117,,
2015-07-23,118,,
2015-07-23,119,,
2015-07-23,120,,
2015-07-23,121,,
2015-07-23,122,,
2015-07-23,123,,
2015-07-23,124,,
2015-07-23,125,,
2015-07-23,126,,
2015-07-23,127,,
2015-07-23,128,,
2015-07-23,129,,
2015-07-23,130,,
2015-07-23,131,,
2015-07-23,132,,
2015-07-23,133,,
2015-07-23,134,,
2015-07-23,135,,
2015-07-23,136,,
2015-07-23,137,,
2015-07-23,138,,
2015-07-23,139,,
2015-07-23,140,,
2015-07-23,141,,
2015-07-23,142,,
2015-07-23,143,,
2015-07-23,144,,
2015-07-23,145,,
2015-07-23,146,,
2015-07-23,147,,
2015-07-23,148,,
2015-07-23,149,,
2015-07-23,150,,
2015-07-23,151,,
2015-07-23,152,,
2015-07-23,175,0.33,0.38
2015-07-23,178,0.4,0.46
2015-07-23,183,4.8,5
2015-07-23,184,5.7,6
2015-07-23,186,2,2.2
2015-07-23,189,1.6,1.8
2015-07-23,190,,
2015-07-23,191,1.55,1.65
2015-07-23,192,1.75,1.95
2015-07-23,194,,
2015-07-23,195,,
2015-07-23,196,2.4,2.6
2015-07-23,197,,
2015-07-23,198,,
2015-07-23,204,,
2015-07-23,206,1.5,1.7
2015-07-23,210,1.9,2.25
2015-07-23,211,2.15,2.45
2015-07-23,221,30,35
2015-07-23,222,35,45
2015-07-23,223,,1.4
2015-07-23,230,5.6,5.9
2015-07-23,231,5.7,5.9
2015-07-23,232,6.2,6.4
2015-07-23,233,5.1,5.3
2015-07-23,234,1.9,2.1
2015-07-23,235,2.5,2.6
2015-07-23,236,2.3,2.4
2015-07-23,237,,
2015-07-23,238,,
2015-07-23,239,3.4,3.6
2015-07-23,240,,
2015-07-23,241,,
2015-07-23,242,,
2015-07-23,243,,
2015-07-23,244,3,3.2
2015-07-23,245,3,4
2015-07-23,246,3.3,3.6
2015-07-23,247,0.55,0.65
2015-07-23,248,0.55,0.65
2015-07-23,249,0.7,0.85
2015-07-23,250,0.75,0.85
2015-07-23,251,0.8,0.9
2015-07-23,252,0.8,0.9
2015-07-23,253,0.8,0.9
2015-07-23,254,0.65,0.75
2015-07-23,255,0.8,0.9
2015-07-23,256,1.2,1.5
2015-07-23,257,1.2,1.5
2015-07-23,258,1.2,1.5
2015-07-23,259,1.5,1.7
2015-07-23,260,1.6,1.75
2015-07-23,261,1.6,1.7
2015-07-23,262,1.7,1.8
2015-07-23,263,1.5,1.7
2015-07-23,264,1.6,1.7
2015-07-23,265,0.65,0.75
2015-07-23,266,0.8,0.95
2015-07-23,267,0.75,0.85
2015-07-23,268,0.9,1
2015-07-23,269,0.6,0.65
2015-07-23,270,1.5,1.6
2015-07-23,271,1.6,1.7
2015-07-23,272,1.5,1.6
2015-07-23,273,1.7,1.9
2015-07-23,274,1.7,1.9
2015-07-23,275,1.7,1.9
2015-07-23,276,1.85,1.9
2015-07-23,277,2.05,2.2
2015-07-23,278,1.85,2
2015-07-23,279,1.7,1.9
2015-07-23,280,1.3,1.5
2015-07-23,281,1.7,1.9
2015-07-23,282,1.2,1.4
2015-07-23,283,1.6,1.7
2015-07-23,284,1.5,1.6
2015-07-23,285,1.5,1.8
2015-07-23,286,1.7,1.9
2015-07-23,287,1.7,1.9
2015-07-23,288,1.5,1.6
2015-07-23,289,1.7,1.9
2015-07-23,290,1.7,1.9
2015-07-23,291,8,15
2015-07-23,292,,
2015-07-23,293,,
2015-07-23,294,,
2015-07-23,295,,
2015-07-23,296,,
2015-07-23,297,,
2015-07-23,298,,
2015-07-23,299,,
2015-07-23,300,,
2015-07-23,301,,
2015-07-23,302,,
2015-07-23,304,,
2015-07-23,305,,
2015-07-23,306,,
2015-07-23,307,,
2015-07-23,308,,
2015-07-23,309,,
2015-07-23,310,,
2015-07-23,311,,
2015-07-23,312,,
2015-07-23,313,,
2015-07-23,314,,
2015-07-23,315,,
2015-07-23,316,,
2015-07-23,317,,
2015-07-23,318,,
2015-07-23,319,,
2015-07-23,320,,
2015-07-23,321,,
2015-07-23,330,8.65,9
2015-07-23,331,8.05,8.4
2015-07-23,332,7.5,7.8
2015-07-23,339,,
2015-07-23,368,,
2015-07-23,369,50,55
2015-07-23,370,60,65
2015-07-23,402,1.5,1.7
2015-07-23,406,1.75,1.9
2015-07-23,407,1.75,1.9
2015-07-23,412,0.28,0.4
2015-07-23,413,0.4,0.8
2015-07-23,440,70,77
2015-07-23,441,80,87
2015-07-23,445,,
2015-07-23,451,,
2015-07-23,468,2.1,2.3
2015-07-23,472,,
2015-07-23,475,,
2015-07-23,481,,
2015-07-23,482,2.6,2.8
2015-07-23,483,2.4,2.6
2015-07-23,498,60,70
2015-07-23,499,,
2015-07-23,500,,
2015-07-23,512,0.26,0.28
2015-07-23,513,2.2,2.3
2015-07-23,514,2,2.1
2015-07-23,515,2,2.1
2015-07-23,516,95,98
2015-07-23,517,100,105
2015-07-23,530,0.18,0.2
2015-07-23,531,0.2,0.22
2015-07-23,589,1.8,2
2015-07-23,606,0.4,0.46
2015-07-23,627,,
2015-07-23,681,2.45,2.55
2015-07-23,696,2.35,2.55
2015-07-23,703,220,225
2015-07-23,704,210,215
2015-07-23,705,165,170
2015-07-23,730,1.6,1.8
2015-07-23,732,160,170
2015-07-23,739,1.6,1.75
2015-07-23,740,30,35
2015-07-23,750,168,170
2015-07-23,751,173,178
2015-07-23,759,,
2015-07-23,760,1.6,1.75
2015-07-23,768,0.9,1.2
2015-07-23,772,220,225
2015-07-23,773,190,200
2015-07-23,790,,
2015-07-23,793,225,230
2015-07-23,794,195,201
2015-07-23,795,185,191
2015-07-23,796,,
2015-07-23,797,322,327
2015-07-23,798,312,317
2015-07-23,799,,
2015-07-23,801,317,322
2015-07-23,802,,
2015-07-23,812,0.5,0.6
2015-07-23,845,,
2015-07-23,851,,
2015-07-23,862,,
2015-07-23,939,0.18,0.2
2015-07-23,964,327,332
2015-07-23,971,290,310
2015-07-23,978,,
2015-07-23,981,,
2015-07-23,982,,
2015-07-23,987,0.2,0.22
2015-07-23,988,1,1.15
2015-07-23,989,0.28,0.33
2015-07-23,990,0.25,0.32
2015-07-23,991,0.25,0.32
2015-07-23,992,0.2,0.25
2015-07-23,993,0.25,0.3
2015-07-23,994,0.25,0.3
2015-07-23,995,0.4,0.5
2015-07-23,996,0.5,0.6
2015-07-23,997,0.5,0.6
2015-07-23,998,0.68,0.75
2015-07-23,999,0.45,0.5
2015-07-23,1000,0.25,0.35
2015-07-23,1001,1,1.15
2015-07-23,1002,0.28,0.33
2015-07-23,1003,0.25,0.32
2015-07-23,1004,0.25,0.32
2015-07-23,1005,0.25,0.3
2015-07-23,1006,0.5,0.6
2015-07-23,1007,,
2015-07-23,1008,0.45,0.5
2015-07-23,1009,,
2015-07-23,1010,,
2015-07-30,6,288,290
2015-07-30,7,290,292
2015-07-30,8,,
2015-07-30,10,,
2015-07-30,11,,
2015-07-30,12,,
2015-07-30,13,,
2015-07-30,14,,
2015-07-30,21,178,182
2015-07-30,22,189,191
2015-07-30,23,206,208
2015-07-30,24,245,250
2015-07-30,27,183,185
2015-07-30,28,,
2015-07-30,29,,
2015-07-30,32,393,402
2015-07-30,33,373,382
2015-07-30,34,364,372
2015-07-30,35,477,486
2015-07-30,36,467,477
2015-07-30,37,439,449
2015-07-30,38,544,550
2015-07-30,39,610,621
2015-07-30,40,114,115
2015-07-30,41,120,121
2015-07-30,42,165,168
2015-07-30,43,118,120
2015-07-30,44,,
2015-07-30,45,154,155
2015-07-30,46,160,161
2015-07-30,47,198,203
2015-07-30,48,112,113
2015-07-30,49,119,120
2015-07-30,50,131,133
2015-07-30,51,225,227
2015-07-30,52,310,320
2015-07-30,53,450,460
2015-07-30,54,215,220
2015-07-30,55,274,284
2015-07-30,56,470,490
2015-07-30,57,310,320
2015-07-30,58,715,725
2015-07-30,59,,
2015-07-30,60,194,204
2015-07-30,61,194,204
2015-07-30,62,320,330
2015-07-30,63,380,383
2015-07-30,64,,
2015-07-30,65,373,377
2015-07-30,66,,
2015-07-30,67,,
2015-07-30,68,385,386
2015-07-30,69,383,384
2015-07-30,70,421,422
2015-07-30,71,419,420
2015-07-30,72,396,398
2015-07-30,73,393,395
2015-07-30,74,488,490
2015-07-30,75,485,487
2015-07-30,76,216,220
2015-07-30,77,275,280
2015-07-30,78,280,285
2015-07-30,85,110,112
2015-07-30,86,110,112
2015-07-30,87,1550,1570
2015-07-30,88,1635,1640
2015-07-30,89,184,185
2015-07-30,90,180,183
2015-07-30,91,,
2015-07-30,92,155,157
2015-07-30,93,210,212
2015-07-30,94,,
2015-07-30,95,,
2015-07-30,96,,
2015-07-30,97,,
2015-07-30,98,,
2015-07-30,99,,
2015-07-30,100,,
2015-07-30,101,,
2015-07-30,102,,
2015-07-30,103,1700,1800
2015-07-30,104,950,1050
2015-07-30,105,710,810
2015-07-30,106,630,730
2015-07-30,107,610,710
2015-07-30,108,780,880
2015-07-30,109,810,910
2015-07-30,110,350,360
2015-07-30,111,330,345
2015-07-30,112,220,235
2015-07-30,113,143,145
2015-07-30,114,122,125
2015-07-30,115,,
2015-07-30,116,,
2015-07-30,117,,
2015-07-30,118,,
2015-07-30,119,,
2015-07-30,120,,
2015-07-30,121,,
2015-07-30,122,,
2015-07-30,123,,
2015-07-30,124,,
2015-07-30,125,,
2015-07-30,126,,
2015-07-30,127,,
2015-07-30,128,,
2015-07-30,129,,
2015-07-30,130,,
2015-07-30,131,,
2015-07-30,132,,
2015-07-30,133,,
2015-07-30,134,,
2015-07-30,135,,
2015-07-30,136,,
2015-07-30,137,,
2015-07-30,138,,
2015-07-30,139,,
2015-07-30,140,,
2015-07-30,141,,
2015-07-30,142,,
2015-07-30,143,,
2015-07-30,144,,
2015-07-30,145,,
2015-07-30,146,,
2015-07-30,147,,
2015-07-30,148,,
2015-07-30,149,,
2015-07-30,150,,
2015-07-30,151,,
2015-07-30,152,,
2015-07-30,175,0.31,0.36
2015-07-30,176,,
2015-07-30,178,0.38,0.44
2015-07-30,183,4.8,5
2015-07-30,184,5.7,6
2015-07-30,186,2,2.2
2015-07-30,189,1.6,1.8
2015-07-30,190,,
2015-07-30,191,1.55,1.65
2015-07-30,192,1.75,1.95
2015-07-30,194,,
2015-07-30,195,,
2015-07-30,196,2.4,2.6
2015-07-30,197,1.5,1.7
2015-07-30,198,,
2015-07-30,204,,
2015-07-30,206,1.6,1.7
2015-07-30,210,1.9,2.25
2015-07-30,211,2.15,2.45
2015-07-30,221,30,35
2015-07-30,222,35,45
2015-07-30,223,,1.3
2015-07-30,230,5.6,5.9
2015-07-30,231,5.7,5.9
2015-07-30,232,6.2,6.4
2015-07-30,233,5.1,5.3
2015-07-30,234,1.9,2.1
2015-07-30,235,2.5,2.6
2015-07-30,236,2.3,2.4
2015-07-30,237,,
2015-07-30,238,,
2015-07-30,239,3.4,3.6
2015-07-30,240,,
2015-07-30,241,,
2015-07-30,242,,
2015-07-30,243,,
2015-07-30,244,3,3.2
2015-07-30,245,3,4
2015-07-30,246,3.3,3.6
2015-07-30,247,0.55,0.65
2015-07-30,248,0.55,0.65
2015-07-30,249,0.7,0.85
2015-07-30,250,0.75,0.85
2015-07-30,251,0.8,0.9
2015-07-30,252,0.8,0.9
2015-07-30,253,0.8,0.9
2015-07-30,254,0.65,0.75
2015-07-30,255,0.8,0.9
2015-07-30,256,1.2,1.5
2015-07-30,257,1.2,1.5
2015-07-30,258,1.2,1.5
2015-07-30,259,1.5,1.7
2015-07-30,260,1.6,1.75
2015-07-30,261,1.6,1.7
2015-07-30,262,1.7,1.8
2015-07-30,263,1.5,1.7
2015-07-30,264,1.6,1.7
2015-07-30,265,0.65,0.75
2015-07-30,266,0.8,0.95
2015-07-30,267,0.75,0.85
2015-07-30,268,0.9,1
2015-07-30,269,0.6,0.65
2015-07-30,270,1.5,1.6
2015-07-30,271,1.6,1.7
2015-07-30,272,1.5,1.6
2015-07-30,273,1.7,1.9
2015-07-30,274,1.7,1.9
2015-07-30,275,1.7,1.9
2015-07-30,276,1.85,1.9
2015-07-30,277,2.05,2.2
2015-07-30,278,1.85,2
2015-07-30,279,1.7,1.9
2015-07-30,280,1.3,1.5
2015-07-30,281,1.7,1.9
2015-07-30,282,1.2,1.4
2015-07-30,283,1.6,1.7
2015-07-30,284,1.5,1.6
2015-07-30,285,1.5,1.8
2015-07-30,286,1.7,1.9
2015-07-30,287,1.7,1.9
2015-07-30,288,1.5,1.6
2015-07-30,289,1.7,1.9
2015-07-30,290,1.7,1.9
2015-07-30,291,8,15
2015-07-30,292,,
2015-07-30,293,,
2015-07-30,294,,
2015-07-30,295,,
2015-07-30,296,,
2015-07-30,297,,
2015-07-30,298,,
2015-07-30,299,,
2015-07-30,300,,
2015-07-30,301,,
2015-07-30,302,,
2015-07-30,304,,
2015-07-30,305,,
2015-07-30,306,,
2015-07-30,307,,
2015-07-30,308,,
2015-07-30,309,,
2015-07-30,310,,
2015-07-30,311,,
2015-07-30,312,,
2015-07-30,313,,
2015-07-30,314,,
2015-07-30,315,,
2015-07-30,316,,
2015-07-30,317,,
2015-07-30,318,,
2015-07-30,319,,
2015-07-30,320,,
2015-07-30,321,,
2015-07-30,330,8.6,9
2015-07-30,331,8,8.4
2015-07-30,332,7.5,7.8
2015-07-30,339,,
2015-07-30,368,,
2015-07-30,369,50,55
2015-07-30,370,60,65
2015-07-30,402,1.5,1.7
2015-07-30,406,1.75,1.9
2015-07-30,407,1.75,1.9
2015-07-30,412,0.25,0.35
2015-07-30,413,0.35,0.65
2015-07-30,440,70,77
2015-07-30,441,80,87
2015-07-30,445,,
2015-07-30,451,,
2015-07-30,468,2.1,2.3
2015-07-30,472,,
2015-07-30,481,,
2015-07-30,482,2.6,2.8
2015-07-30,483,2.4,2.6
2015-07-30,498,60,70
2015-07-30,499,,
2015-07-30,500,,
2015-07-30,512,0.26,0.28
2015-07-30,513,2.3,2.4
2015-07-30,514,1.7,1.9
2015-07-30,515,2,2.1
2015-07-30,516,95,98
2015-07-30,517,100,105
2015-07-30,530,0.15,0.18
2015-07-30,531,0.16,0.19
2015-07-30,532,0.21,0.23
2015-07-30,548,0.25,0.35
2015-07-30,549,0.45,0.65
2015-07-30,550,0.17,0.2
2015-07-30,551,0.19,0.22
2015-07-30,552,0.23,0.25
2015-07-30,553,0.26,0.28
2015-07-30,554,,
2015-07-30,584,,
2015-07-30,589,1.8,2
2015-07-30,599,0.38,0.42
2015-07-30,627,,
2015-07-30,681,2.45,2.55
2015-07-30,696,2.35,2.55
2015-07-30,703,220,225
2015-07-30,704,210,215
2015-07-30,705,165,170
2015-07-30,730,,
2015-07-30,732,160,170
2015-07-30,739,1.6,1.75
2015-07-30,740,30,35
2015-07-30,750,168,170
2015-07-30,751,173,178
2015-07-30,759,,
2015-07-30,760,1.6,1.75
2015-07-30,768,0.9,1.2
2015-07-30,772,220,225
2015-07-30,773,190,200
2015-07-30,793,225,230
2015-07-30,794,194,200
2015-07-30,795,184,190
2015-07-30,796,,
2015-07-30,797,322,327
2015-07-30,798,312,317
2015-07-30,799,,
2015-07-30,801,317,322
2015-07-30,802,,
2015-07-30,812,0.5,0.6
2015-07-30,819,0.45,0.55
2015-07-30,832,0.42,0.52
2015-07-30,845,,
2015-07-30,851,,
2015-07-30,862,,
2015-07-30,964,327,332
2015-07-30,971,290,310
2015-07-30,992,0.2,0.25
2015-07-30,993,0.25,0.3
2015-07-30,995,,
2015-07-30,996,,
2015-07-30,998,,
2015-07-30,1000,0.25,0.35
2015-07-30,1001,1,1.15
2015-07-30,1002,0.28,0.33
2015-07-30,1003,0.25,0.32
2015-07-30,1004,0.25,0.32
2015-07-30,1005,0.25,0.3
2015-07-30,1006,0.5,0.6
2015-07-30,1007,0.45,0.55
2015-07-30,1008,,
2015-07-30,1009,0.65,0.75
2015-07-30,1010,0.21,0.23
2015-07-30,1011,,
2015-07-30,1012,,
2015-07-30,1013,0.45,0.55
2015-07-30,1014,,
2015-07-30,1015,,
2015-07-30,1016,0.65,0.75
2015-07-30,1017,,
2015-07-30,1018,1,1.15
2015-07-30,1019,,
2015-07-30,1020,,
2015-07-30,1021,0.25,0.33
2015-07-30,1022,,
2015-07-30,1023,,
2015-07-30,1024,0.25,0.33
2015-07-30,1025,,
2015-07-30,1026,0.5,0.6
2015-07-30,1027,0.52,0.62
2015-07-30,1028,0.47,0.57
2015-07-30,1029,0.32,0.35
2015-07-30,1030,0.48,0.58
2015-07-30,1031,,
2015-07-30,1032,0.65,0.75
2015-07-30,1033,0.25,0.35
2015-07-30,1034,,
2015-07-30,1035,1,1.15
2015-07-30,1036,0.28,0.36
2015-07-30,1037,0.28,0.36
2015-07-30,1038,0.28,0.36
2015-07-30,1039,,
2015-07-30,1040,0.3,0.35
2015-07-30,1041,0.33,0.38
2015-07-30,1042,,
2015-07-30,1043,,
2015-07-30,1044,0.5,0.6
2015-07-30,1045,0.57,0.67
2015-07-30,1046,0.5,0.6
2015-07-30,1047,,
2015-07-30,1048,,
2015-07-30,1049,0.3,0.35
2015-07-30,1050,0.48,0.58
2015-07-30,1051,0.52,0.62
2015-07-30,1052,,
2015-07-30,1053,,
2015-07-30,1054,0.3,0.38
2015-07-30,1055,0.27,0.37
2015-07-30,1056,0.5,0.7
2015-07-30,1057,0.17,0.2
2015-07-30,1058,0.19,0.22
2015-07-30,1059,0.23,0.25
2015-07-30,1060,0.26,0.28
2015-07-30,1061,0.35,0.4
2015-07-30,1062,0.45,0.48
2015-07-30,1063,0.55,0.58
2015-07-30,1064,4.8,5
2015-07-30,1065,5.7,6
2015-07-30,1066,,
2015-07-30,1067,2,2.2
2015-07-30,1068,,
2015-07-30,1069,1.6,1.8
2015-07-30,1070,,
2015-07-30,1071,,
2015-07-30,1072,1.55,1.65
2015-07-30,1073,1.75,1.95
2015-07-30,1074,,
2015-07-30,1075,,
2015-07-30,1076,2.4,2.6
2015-07-30,1077,,
2015-07-30,1078,1.5,1.7
2015-07-30,1079,,
2015-07-30,1080,2.6,2.8
2015-07-30,1081,2.4,2.6
2015-07-30,1082,2.3,2.4
2015-07-30,1083,1.7,1.9
2015-07-30,1084,2,2.1
2015-07-30,1085,,
2015-07-30,1086,,
2015-07-30,1087,1.6,1.7
2015-07-30,1088,0.9,1.2
2015-07-30,1089,1.9,2.25
2015-07-30,1090,2.15,2.45
2015-07-30,1091,1.8,2
2015-07-30,1092,,
2015-07-30,1093,2.45,2.55
2015-07-30,1094,2.35,2.55
2015-07-30,1095,1.5,1.7
2015-07-30,1096,1.75,1.9
2015-07-30,1097,1.6,1.75
2015-07-30,1098,1.75,1.9
2015-07-30,1099,1.6,1.75
2015-07-30,1100,2.1,2.3
2015-08-20,6,285,287
2015-08-20,7,287,289
2015-08-20,8,,
2015-08-20,10,,
2015-08-20,11,,
2015-08-20,12,,
2015-08-20,13,,
2015-08-20,14,,
2015-08-20,21,175,177
2015-08-20,22,184,186
2015-08-20,23,201,203
2015-08-20,24,245,250
2015-08-20,27,183,185
2015-08-20,28,,
2015-08-20,29,,
2015-08-20,32,393,402
2015-08-20,33,373,382
2015-08-20,34,364,372
2015-08-20,35,477,486
2015-08-20,36,467,477
2015-08-20,37,439,449
2015-08-20,38,544,550
2015-08-20,39,610,621
2015-08-20,40,104,105
2015-08-20,41,110,111
2015-08-20,42,160,163
2015-08-20,43,110,112
2015-08-20,44,,
2015-08-20,45,144,145
2015-08-20,46,150,151
2015-08-20,47,193,198
2015-08-20,48,102,103
2015-08-20,49,111,112
2015-08-20,50,126,128
2015-08-20,51,225,227
2015-08-20,52,310,320
2015-08-20,53,450,460
2015-08-20,54,215,220
2015-08-20,55,274,284
2015-08-20,56,470,490
2015-08-20,57,310,320
2015-08-20,58,715,725
2015-08-20,59,,
2015-08-20,60,184,194
2015-08-20,61,184,194
2015-08-20,62,320,330
2015-08-20,63,362,365
2015-08-20,64,,
2015-08-20,65,,
2015-08-20,66,,
2015-08-20,67,,
2015-08-20,68,355,356
2015-08-20,69,353,354
2015-08-20,70,394,395
2015-08-20,71,392,393
2015-08-20,72,371,373
2015-08-20,73,368,370
2015-08-20,74,463,465
2015-08-20,75,460,462
2015-08-20,76,221,225
2015-08-20,77,272,277
2015-08-20,78,265,270
2015-08-20,85,110,112
2015-08-20,86,110,112
2015-08-20,87,1550,1570
2015-08-20,88,1635,1640
2015-08-20,89,184,185
2015-08-20,90,180,183
2015-08-20,91,,
2015-08-20,92,158,160
2015-08-20,93,205,207
2015-08-20,94,,
2015-08-20,95,,
2015-08-20,96,,
2015-08-20,97,,
2015-08-20,98,,
2015-08-20,99,,
2015-08-20,100,,
2015-08-20,101,,
2015-08-20,102,,
2015-08-20,103,1700,1800
2015-08-20,104,950,1050
2015-08-20,105,710,810
2015-08-20,106,630,730
2015-08-20,107,610,710
2015-08-20,108,780,880
2015-08-20,109,810,910
2015-08-20,110,350,360
2015-08-20,111,330,345
2015-08-20,112,220,235
2015-08-20,113,143,145
2015-08-20,114,122,125
2015-08-20,115,1700,2000
2015-08-20,116,,
2015-08-20,117,2600,2700
2015-08-20,118,,
2015-08-20,119,,
2015-08-20,120,750,800
2015-08-20,121,,
2015-08-20,122,,
2015-08-20,123,,
2015-08-20,124,,
2015-08-20,125,,
2015-08-20,126,,
2015-08-20,127,,
2015-08-20,128,,
2015-08-20,129,,
2015-08-20,130,,
2015-08-20,131,,
2015-08-20,132,,
2015-08-20,133,,
2015-08-20,134,,
2015-08-20,135,,
2015-08-20,136,,
2015-08-20,137,,
2015-08-20,138,,
2015-08-20,139,,
2015-08-20,140,,
2015-08-20,141,,
2015-08-20,142,,
2015-08-20,143,,
2015-08-20,144,1400,1500
2015-08-20,145,,
2015-08-20,146,,
2015-08-20,147,1500,1700
2015-08-20,148,,
2015-08-20,149,,
2015-08-20,150,40,50
2015-08-20,151,40,50
2015-08-20,152,40,50
2015-08-20,175,0.35,0.4
2015-08-20,176,0.55,0.58
2015-08-20,178,0.45,0.48
2015-08-20,183,4.8,5
2015-08-20,184,5.7,6
2015-08-20,186,2,2.2
2015-08-20,189,1.6,1.8
2015-08-20,190,,
2015-08-20,191,1.55,1.65
2015-08-20,192,1.75,1.95
2015-08-20,194,,
2015-08-20,195,,
2015-08-20,196,2.4,2.6
2015-08-20,197,1.5,1.7
2015-08-20,198,,
2015-08-20,204,,
2015-08-20,206,1.6,1.7
2015-08-20,210,1.9,2.25
2015-08-20,211,2.15,2.45
2015-08-20,221,30,35
2015-08-20,222,35,50
2015-08-20,223,,1.2
2015-08-20,230,5.6,5.9
2015-08-20,231,5.7,5.9
2015-08-20,232,6.2,6.4
2015-08-20,233,5.1,5.3
2015-08-20,234,1.9,2.1
2015-08-20,235,2.5,2.6
2015-08-20,236,2.3,2.4
2015-08-20,237,,
2015-08-20,238,,
2015-08-20,239,3.4,3.6
2015-08-20,240,,
2015-08-20,241,,
2015-08-20,242,,
2015-08-20,243,,
2015-08-20,244,3,3.2
2015-08-20,245,3,4
2015-08-20,246,3.3,3.6
2015-08-20,247,0.55,0.65
2015-08-20,248,0.55,0.65
2015-08-20,249,0.7,0.85
2015-08-20,250,0.75,0.85
2015-08-20,251,0.8,0.9
2015-08-20,252,0.8,0.9
2015-08-20,253,0.8,0.9
2015-08-20,254,0.65,0.75
2015-08-20,255,0.8,0.9
2015-08-20,256,1.2,1.5
2015-08-20,257,1.2,1.5
2015-08-20,258,1.2,1.5
2015-08-20,259,1.5,1.7
2015-08-20,260,1.6,1.75
2015-08-20,261,1.6,1.7
2015-08-20,262,1.7,1.8
2015-08-20,263,1.5,1.7
2015-08-20,264,1.6,1.7
2015-08-20,265,0.65,0.75
2015-08-20,266,0.8,0.95
2015-08-20,267,0.75,0.85
2015-08-20,268,0.9,1
2015-08-20,269,0.6,0.65
2015-08-20,270,1.5,1.6
2015-08-20,271,1.6,1.7
2015-08-20,272,1.5,1.6
2015-08-20,273,1.7,1.9
2015-08-20,274,1.7,1.9
2015-08-20,275,1.7,1.9
2015-08-20,276,1.85,1.9
2015-08-20,277,2.05,2.2
2015-08-20,278,1.85,2
2015-08-20,279,1.7,1.9
2015-08-20,280,1.3,1.5
2015-08-20,281,1.7,1.9
2015-08-20,282,1.2,1.4
2015-08-20,283,1.6,1.7
2015-08-20,284,1.5,1.6
2015-08-20,285,1.5,1.8
2015-08-20,286,1.7,1.9
2015-08-20,287,1.7,1.9
2015-08-20,288,1.5,1.6
2015-08-20,289,1.7,1.9
2015-08-20,290,1.7,1.9
2015-08-20,291,8,15
2015-08-20,292,,
2015-08-20,293,,
2015-08-20,294,,
2015-08-20,295,,
2015-08-20,296,,
2015-08-20,297,,
2015-08-20,298,,
2015-08-20,299,,
2015-08-20,300,,
2015-08-20,301,,
2015-08-20,302,,
2015-08-20,304,,
2015-08-20,305,,
2015-08-20,306,,
2015-08-20,307,,
2015-08-20,308,,
2015-08-20,309,,
2015-08-20,310,,
2015-08-20,311,,
2015-08-20,312,,
2015-08-20,313,,
2015-08-20,314,,
2015-08-20,315,,
2015-08-20,316,,
2015-08-20,317,,
2015-08-20,318,,
2015-08-20,319,,
2015-08-20,320,,
2015-08-20,321,,
2015-08-20,330,8.5,8.9
2015-08-20,331,7.95,8.35
2015-08-20,332,7.45,7.85
2015-08-20,339,,
2015-08-20,368,,
2015-08-20,369,50,55
2015-08-20,370,60,65
2015-08-20,402,1.5,1.7
2015-08-20,406,1.75,1.9
2015-08-20,407,1.75,1.9
2015-08-20,408,,
2015-08-20,412,0.27,0.37
2015-08-20,413,0.5,0.7
2015-08-20,416,,
2015-08-20,440,70,77
2015-08-20,441,80,87
2015-08-20,445,,
2015-08-20,451,,
2015-08-20,468,2.1,2.3
2015-08-20,472,,
2015-08-20,481,,
2015-08-20,482,2.6,2.8
2015-08-20,483,2.4,2.6
2015-08-20,498,60,70
2015-08-20,499,,
2015-08-20,500,,
2015-08-20,512,0.26,0.28
2015-08-20,513,2.3,2.4
2015-08-20,514,1.7,1.9
2015-08-20,515,2,2.1
2015-08-20,516,95,98
2015-08-20,517,100,105
2015-08-20,530,0.17,0.2
2015-08-20,531,0.19,0.22
2015-08-20,532,0.23,0.25
2015-08-20,548,0.27,0.37
2015-08-20,549,0.5,0.7
2015-08-20,550,0.17,0.2
2015-08-20,551,0.19,0.22
2015-08-20,552,0.23,0.25
2015-08-20,553,0.26,0.28
2015-08-20,554,0.35,0.4
2015-08-20,555,,
2015-08-20,556,,
2015-08-20,584,0.38,0.42
2015-08-20,589,1.8,2
2015-08-20,590,,
2015-08-20,591,,
2015-08-20,599,0.42,0.5
2015-08-20,610,,
2015-08-20,611,,
2015-08-20,627,,
2015-08-20,681,2.45,2.55
2015-08-20,696,2.35,2.55
2015-08-20,703,220,225
2015-08-20,704,210,215
2015-08-20,705,165,170
2015-08-20,730,,
2015-08-20,732,160,170
2015-08-20,739,1.6,1.75
2015-08-20,740,30,35
2015-08-20,750,168,170
2015-08-20,751,173,178
2015-08-20,759,,
2015-08-20,760,1.6,1.75
2015-08-20,768,0.9,1.2
2015-08-20,772,225,230
2015-08-20,773,190,200
2015-08-20,793,225,230
2015-08-20,794,194,200
2015-08-20,795,184,190
2015-08-20,796,,
2015-08-20,797,322,327
2015-08-20,798,312,317
2015-08-20,799,,
2015-08-20,801,317,322
2015-08-20,802,,
2015-08-20,812,0.5,0.6
2015-08-20,819,0.42,0.52
2015-08-20,832,,
2015-08-20,838,,
2015-08-20,839,,
2015-08-20,844,,
2015-08-20,845,,
2015-08-20,851,,
2015-08-20,862,,
2015-08-20,964,327,332
2015-08-20,971,290,310
2015-08-20,992,,
2015-08-20,993,,
2015-08-20,1000,0.3,0.38
2015-08-20,1001,1,1.15
2015-08-20,1002,,
2015-08-20,1003,,
2015-08-20,1004,,
2015-08-20,1005,,
2015-08-20,1006,0.57,0.67
2015-08-20,1011,0.25,0.33
2015-08-20,1012,0.25,0.33
2015-08-20,1013,0.47,0.57
2015-08-20,1014,0.32,0.35
2015-08-20,1015,0.48,0.58
2015-08-20,1016,0.65,0.75
2015-08-20,1017,0.45,0.55
2015-08-20,1018,,
2015-08-20,1019,1,1.15
2015-08-20,1020,,
2015-08-20,1021,0.28,0.36
2015-08-20,1022,0.28,0.36
2015-08-20,1023,0.28,0.36
2015-08-20,1024,0.3,0.35
2015-08-20,1025,0.33,0.38
2015-08-20,1026,0.5,0.6
2015-08-20,1027,0.57,0.67
2015-08-20,1028,0.5,0.6
2015-08-20,1029,0.3,0.35
2015-08-20,1030,0.48,0.58
2015-08-20,1031,0.52,0.62
2015-08-20,1032,,
2015-08-20,1033,0.3,0.38
2015-08-20,1034,0.45,0.48
2015-08-20,1035,1,1.15
2015-08-20,1036,,
2015-08-20,1037,0.3,0.38
2015-08-20,1038,0.3,0.38
2015-08-20,1039,0.3,0.38
2015-08-20,1040,,
2015-08-20,1041,0.38,0.43
2015-08-20,1042,0.36,0.4
2015-08-20,1043,0.38,0.43
2015-08-20,1044,,
2015-08-20,1045,0.57,0.67
2015-08-20,1046,,
2015-08-20,1047,0.55,0.65
2015-08-20,1048,0.5,0.6
2015-08-20,1049,,
2015-08-20,1050,,
2015-08-20,1051,0.54,0.64
2015-08-20,1052,0.58,0.65
2015-08-20,1053,0.65,0.7
2015-08-20,1054,0.3,0.38
2015-08-20,1055,0.27,0.37
2015-08-20,1056,0.5,0.7
2015-08-20,1057,0.17,0.2
2015-08-20,1058,0.19,0.22
2015-08-20,1059,0.23,0.25
2015-08-20,1060,0.26,0.28
2015-08-20,1061,0.35,0.4
2015-08-20,1062,0.45,0.48
2015-08-20,1063,0.55,0.58
2015-08-20,1064,4.8,5
2015-08-20,1065,5.7,6
2015-08-20,1066,,
2015-08-20,1067,2,2.2
2015-08-20,1068,,
2015-08-20,1069,1.6,1.8
2015-08-20,1070,,
2015-08-20,1071,,
2015-08-20,1072,1.55,1.65
2015-08-20,1073,1.75,1.95
2015-08-20,1074,,
2015-08-20,1075,,
2015-08-20,1076,2.4,2.6
2015-08-20,1077,,
2015-08-20,1078,1.5,1.7
2015-08-20,1079,,
2015-08-20,1080,2.6,2.8
2015-08-20,1081,2.4,2.6
2015-08-20,1082,2.3,2.4
2015-08-20,1083,1.7,1.9
2015-08-20,1084,2,2.1
2015-08-20,1085,,
2015-08-20,1086,,
2015-08-20,1087,1.6,1.7
2015-08-20,1088,0.9,1.2
2015-08-20,1089,1.9,2.25
2015-08-20,1090,2.15,2.45
2015-08-20,1091,1.8,2
2015-08-20,1092,,
2015-08-20,1093,2.45,2.55
2015-08-20,1094,2.35,2.55
2015-08-20,1095,1.5,1.7
2015-08-20,1096,1.75,1.9
2015-08-20,1097,1.6,1.75
2015-08-20,1098,1.75,1.9
2015-08-20,1099,1.6,1.75
2015-08-20,1100,2.1,2.3
2015-08-20,1101,0.3,0.38
2015-08-20,1102,0.36,0.4
2015-08-20,1103,0.38,0.43
2015-08-20,1104,0.55,0.65
2015-08-20,1105,0.5,0.6
2015-08-20,1106,,
2015-08-20,1107,0.58,0.65
2015-08-20,1108,0.65,0.7
2015-08-20,1109,,
2015-08-20,1110,,
2015-08-20,1111,,
2015-08-20,1112,,
2015-08-20,1113,,
2015-08-20,1114,,
2015-08-27,6,275,277
2015-08-27,7,277,279
2015-08-27,8,,
2015-08-27,10,,
2015-08-27,11,,
2015-08-27,12,,
2015-08-27,13,,
2015-08-27,14,,
2015-08-27,21,172,174
2015-08-27,22,181,183
2015-08-27,23,197,199
2015-08-27,24,245,250
2015-08-27,27,183,185
2015-08-27,28,162,167
2015-08-27,29,,
2015-08-27,32,393,402
2015-08-27,33,373,382
2015-08-27,34,364,372
2015-08-27,35,477,486
2015-08-27,36,467,477
2015-08-27,37,439,449
2015-08-27,38,534,540
2015-08-27,39,600,611
2015-08-27,40,93,94
2015-08-27,41,99,100
2015-08-27,42,153,156
2015-08-27,43,98,100
2015-08-27,44,,
2015-08-27,45,133,134
2015-08-27,46,139,140
2015-08-27,47,186,191
2015-08-27,48,91,92
2015-08-27,49,99,100
2015-08-27,50,121,123
2015-08-27,51,225,227
2015-08-27,52,310,320
2015-08-27,53,450,460
2015-08-27,54,235,240
2015-08-27,55,,
2015-08-27,56,470,490
2015-08-27,57,310,320
2015-08-27,58,,
2015-08-27,59,570,600
2015-08-27,60,173,183
2015-08-27,61,173,183
2015-08-27,62,340,350
2015-08-27,63,354,357
2015-08-27,64,,
2015-08-27,65,,
2015-08-27,66,,
2015-08-27,67,,
2015-08-27,68,363,364
2015-08-27,69,361,362
2015-08-27,70,399,400
2015-08-27,71,397,398
2015-08-27,72,374,376
2015-08-27,73,371,373
2015-08-27,74,468,470
2015-08-27,75,465,467
2015-08-27,76,216,220
2015-08-27,77,275,280
2015-08-27,78,265,270
2015-08-27,85,110,112
2015-08-27,86,110,112
2015-08-27,87,1550,1570
2015-08-27,88,1625,1630
2015-08-27,89,184,185
2015-08-27,90,180,183
2015-08-27,91,,
2015-08-27,92,158,160
2015-08-27,93,203,205
2015-08-27,94,,
2015-08-27,95,,
2015-08-27,96,,
2015-08-27,97,,
2015-08-27,98,,
2015-08-27,99,,
2015-08-27,100,,
2015-08-27,101,,
2015-08-27,102,,
2015-08-27,103,1700,1800
2015-08-27,104,950,1050
2015-08-27,105,710,810
2015-08-27,106,630,730
2015-08-27,107,610,710
2015-08-27,108,780,880
2015-08-27,109,810,910
2015-08-27,110,350,360
2015-08-27,111,330,345
2015-08-27,112,220,235
2015-08-27,113,138,140
2015-08-27,114,117,120
2015-08-27,115,1700,2000
2015-08-27,116,,
2015-08-27,117,2600,2700
2015-08-27,118,,
2015-08-27,119,,
2015-08-27,120,750,800
2015-08-27,121,,
2015-08-27,122,,
2015-08-27,123,,
2015-08-27,124,,
2015-08-27,125,,
2015-08-27,126,,
2015-08-27,127,,
2015-08-27,128,,
2015-08-27,129,,
2015-08-27,130,,
2015-08-27,131,,
2015-08-27,132,,
2015-08-27,133,,
2015-08-27,134,,
2015-08-27,135,,
2015-08-27,136,,
2015-08-27,137,,
2015-08-27,138,,
2015-08-27,139,,
2015-08-27,140,,
2015-08-27,141,,
2015-08-27,142,,
2015-08-27,143,,
2015-08-27,144,1400,1500
2015-08-27,145,,
2015-08-27,146,,
2015-08-27,147,1450,1650
2015-08-27,148,,
2015-08-27,149,,
2015-08-27,150,40,50
2015-08-27,151,40,50
2015-08-27,152,40,50
2015-08-27,175,0.35,0.4
2015-08-27,176,0.55,0.6
2015-08-27,178,0.45,0.48
2015-08-27,183,4.8,5
2015-08-27,184,5.7,6
2015-08-27,186,2,2.2
2015-08-27,189,,
2015-08-27,190,,
2015-08-27,191,1.55,1.65
2015-08-27,192,1.75,1.95
2015-08-27,194,,
2015-08-27,195,,
2015-08-27,196,2.4,2.6
2015-08-27,197,1.5,1.7
2015-08-27,198,,
2015-08-27,204,,
2015-08-27,206,2.2,2.8
2015-08-27,210,1.9,2.25
2015-08-27,211,2.15,2.45
2015-08-27,221,30,35
2015-08-27,222,35,50
2015-08-27,223,,1.2
2015-08-27,230,5.6,5.9
2015-08-27,231,5.7,5.9
2015-08-27,232,6.2,6.4
2015-08-27,233,5.1,5.3
2015-08-27,234,1.9,2.1
2015-08-27,235,2.5,2.6
2015-08-27,236,2.3,2.4
2015-08-27,237,,
2015-08-27,238,,
2015-08-27,239,3.4,3.6
2015-08-27,240,,
2015-08-27,241,,
2015-08-27,242,,
2015-08-27,243,,
2015-08-27,244,3,3.2
2015-08-27,245,3,4
2015-08-27,246,3.3,3.6
2015-08-27,247,0.55,0.65
2015-08-27,248,0.55,0.65
2015-08-27,249,0.7,0.85
2015-08-27,250,0.75,0.85
2015-08-27,251,0.8,0.9
2015-08-27,252,0.8,0.9
2015-08-27,253,0.8,0.9
2015-08-27,254,0.65,0.75
2015-08-27,255,0.8,0.9
2015-08-27,256,1.2,1.5
2015-08-27,257,1.2,1.5
2015-08-27,258,1.2,1.5
2015-08-27,259,1.5,1.7
2015-08-27,260,1.6,1.75
2015-08-27,261,1.6,1.7
2015-08-27,262,1.7,1.8
2015-08-27,263,1.5,1.7
2015-08-27,264,1.6,1.7
2015-08-27,265,0.65,0.75
2015-08-27,266,0.8,0.95
2015-08-27,267,0.75,0.85
2015-08-27,268,0.9,1
2015-08-27,269,0.6,0.65
2015-08-27,270,1.5,1.6
2015-08-27,271,1.6,1.7
2015-08-27,272,1.5,1.6
2015-08-27,273,1.7,1.9
2015-08-27,274,1.7,1.9
2015-08-27,275,1.7,1.9
2015-08-27,276,1.85,1.9
2015-08-27,277,2.05,2.2
2015-08-27,278,1.85,2
2015-08-27,279,1.7,1.9
2015-08-27,280,1.3,1.5
2015-08-27,281,1.7,1.9
2015-08-27,282,1.2,1.4
2015-08-27,283,1.6,1.7
2015-08-27,284,1.5,1.6
2015-08-27,285,1.5,1.8
2015-08-27,286,1.7,1.9
2015-08-27,287,1.7,1.9
2015-08-27,288,1.5,1.6
2015-08-27,289,1.7,1.9
2015-08-27,290,1.7,1.9
2015-08-27,291,8,15
2015-08-27,292,,
2015-08-27,293,,
2015-08-27,294,,
2015-08-27,295,,
2015-08-27,296,,
2015-08-27,297,,
2015-08-27,298,,
2015-08-27,299,,
2015-08-27,300,,
2015-08-27,301,,
2015-08-27,302,,
2015-08-27,304,,
2015-08-27,305,,
2015-08-27,306,,
2015-08-27,307,,
2015-08-27,308,,
2015-08-27,309,,
2015-08-27,310,,
2015-08-27,311,,
2015-08-27,312,,
2015-08-27,313,,
2015-08-27,314,,
2015-08-27,315,,
2015-08-27,316,,
2015-08-27,317,,
2015-08-27,318,,
2015-08-27,319,,
2015-08-27,320,,
2015-08-27,321,,
2015-08-27,330,8.5,8.9
2015-08-27,331,7.95,8.35
2015-08-27,332,7.45,7.85
2015-08-27,339,,
2015-08-27,368,,
2015-08-27,402,,
2015-08-27,406,,
2015-08-27,407,,
2015-08-27,408,75,80
2015-08-27,412,,
2015-08-27,413,,
2015-08-27,416,65,70
2015-08-27,445,,
2015-08-27,451,,
2015-08-27,468,2.1,2.3
2015-08-27,472,,
2015-08-27,481,,
2015-08-27,482,2.6,2.8
2015-08-27,483,2.4,2.6
2015-08-27,499,,
2015-08-27,500,,
2015-08-27,512,,
2015-08-27,513,3,3.5
2015-08-27,514,2.5,2.8
2015-08-27,515,2.8,3
2015-08-27,530,0.17,0.2
2015-08-27,531,0.19,0.22
2015-08-27,532,0.23,0.25
2015-08-27,555,90,97
2015-08-27,556,100,105
2015-08-27,589,,
2015-08-27,590,2.35,2.55
2015-08-27,591,1.6,1.8
2015-08-27,599,,
2015-08-27,610,95,100
2015-08-27,611,100,105
2015-08-27,627,,
2015-08-27,681,,
2015-08-27,696,,
2015-08-27,703,220,225
2015-08-27,704,210,215
2015-08-27,705,165,170
2015-08-27,730,,
2015-08-27,732,160,170
2015-08-27,739,,
2015-08-27,750,168,170
2015-08-27,751,173,178
2015-08-27,760,,
2015-08-27,768,,
2015-08-27,772,225,230
2015-08-27,773,190,200
2015-08-27,793,222,227
2015-08-27,794,189,195
2015-08-27,795,178,184
2015-08-27,796,,
2015-08-27,797,310,315
2015-08-27,798,300,305
2015-08-27,799,,
2015-08-27,801,305,310
2015-08-27,802,,
2015-08-27,838,50,55
2015-08-27,839,70,80
2015-08-27,842,,
2015-08-27,844,2,2.4
2015-08-27,845,1.4,1.6
2015-08-27,862,,
2015-08-27,964,315,320
2015-08-27,971,290,310
2015-08-27,1000,,
2015-08-27,1006,,
2015-08-27,1024,,
2015-08-27,1035,,
2015-08-27,1037,,
2015-08-27,1038,,
2015-08-27,1041,,
2015-08-27,1051,,
2015-08-27,1101,0.32,0.4
2015-08-27,1102,0.36,0.4
2015-08-27,1103,0.38,0.43
2015-08-27,1104,0.55,0.65
2015-08-27,1105,0.5,0.6
2015-08-27,1106,0.45,0.5
2015-08-27,1107,0.58,0.65
2015-08-27,1108,0.65,0.7
2015-08-27,1109,0.68,0.78
2015-08-27,1110,0.6,0.68
2015-08-27,1111,0.7,0.8
2015-08-27,1112,0.5,0.55
2015-08-27,1113,100,103
2015-08-27,1114,105,110
2015-08-27,1115,,
2015-08-27,1116,,
2015-08-27,1117,,
2015-08-27,1118,,
2015-08-27,1119,,
2015-08-27,1120,0.45,0.5
2015-08-27,1121,0.68,0.78
2015-08-27,1122,,
2015-08-27,1123,,
2015-08-27,1124,0.6,0.68
2015-08-27,1125,0.7,0.8
2015-09-03,6,268,270
2015-09-03,7,272,274
2015-09-03,8,,
2015-09-03,10,,
2015-09-03,11,,
2015-09-03,12,,
2015-09-03,13,,
2015-09-03,14,,
2015-09-03,21,170,172
2015-09-03,22,181,183
2015-09-03,23,197,199
2015-09-03,24,245,250
2015-09-03,27,183,185
2015-09-03,28,162,167
2015-09-03,29,,
2015-09-03,32,393,402
2015-09-03,33,373,382
2015-09-03,34,364,372
2015-09-03,35,477,486
2015-09-03,36,467,477
2015-09-03,37,439,449
2015-09-03,38,524,530
2015-09-03,39,590,601
2015-09-03,40,93,94
2015-09-03,41,99,100
2015-09-03,42,153,156
2015-09-03,43,98,100
2015-09-03,44,,
2015-09-03,45,133,134
2015-09-03,46,139,140
2015-09-03,47,186,191
2015-09-03,48,91,92
2015-09-03,49,99,100
2015-09-03,50,121,123
2015-09-03,51,225,227
2015-09-03,52,305,315
2015-09-03,53,441,451
2015-09-03,54,235,240
2015-09-03,55,,
2015-09-03,56,470,490
2015-09-03,57,310,320
2015-09-03,58,,
2015-09-03,59,570,600
2015-09-03,60,173,183
2015-09-03,61,173,183
2015-09-03,62,340,350
2015-09-03,63,344,347
2015-09-03,64,,
2015-09-03,65,,
2015-09-03,66,,
2015-09-03,67,,
2015-09-03,68,358,359
2015-09-03,69,356,357
2015-09-03,70,392,393
2015-09-03,71,390,391
2015-09-03,72,368,370
2015-09-03,73,365,367
2015-09-03,74,460,462
2015-09-03,75,457,459
2015-09-03,76,191,195
2015-09-03,77,278,283
2015-09-03,78,265,270
2015-09-03,85,110,112
2015-09-03,86,110,112
2015-09-03,87,1540,1560
2015-09-03,88,1615,1620
2015-09-03,89,184,185
2015-09-03,90,180,183
2015-09-03,91,,
2015-09-03,92,158,160
2015-09-03,93,201,203
2015-09-03,94,,
2015-09-03,95,,
2015-09-03,96,,
2015-09-03,97,,
2015-09-03,98,,
2015-09-03,99,,
2015-09-03,100,,
2015-09-03,101,,
2015-09-03,102,,
2015-09-03,103,1700,1800
2015-09-03,104,950,1050
2015-09-03,105,710,810
2015-09-03,106,630,730
2015-09-03,107,610,710
2015-09-03,108,780,880
2015-09-03,109,810,910
2015-09-03,110,350,360
2015-09-03,111,330,345
2015-09-03,112,220,235
2015-09-03,113,135,137
2015-09-03,114,114,117
2015-09-03,115,1700,2000
2015-09-03,116,,
2015-09-03,117,2400,2500
2015-09-03,118,1900,2000
2015-09-03,119,1300,1500
2015-09-03,120,800,850
2015-09-03,121,,
2015-09-03,122,,
2015-09-03,123,,
2015-09-03,124,,
2015-09-03,125,,
2015-09-03,126,,
2015-09-03,127,1300,1400
2015-09-03,128,,
2015-09-03,129,,
2015-09-03,130,,
2015-09-03,131,,
2015-09-03,132,,
2015-09-03,133,,
2015-09-03,134,,
2015-09-03,135,,
2015-09-03,136,,
2015-09-03,137,,
2015-09-03,138,,
2015-09-03,139,,
2015-09-03,140,3200,3300
2015-09-03,141,,
2015-09-03,142,1500,1600
2015-09-03,143,,
2015-09-03,144,1450,1500
2015-09-03,145,1100,1200
2015-09-03,146,,
2015-09-03,147,1450,1650
2015-09-03,148,,
2015-09-03,149,,
2015-09-03,150,40,50
2015-09-03,151,40,50
2015-09-03,152,40,50
2015-09-03,175,0.35,0.4
2015-09-03,176,0.55,0.6
2015-09-03,178,0.45,0.48
2015-09-03,183,4.8,5
2015-09-03,184,5.7,6
2015-09-03,186,2,2.2
2015-09-03,189,,
2015-09-03,190,,
2015-09-03,191,1.55,1.65
2015-09-03,192,1.75,1.95
2015-09-03,194,,
2015-09-03,195,,
2015-09-03,196,2.4,2.6
2015-09-03,197,1.5,1.7
2015-09-03,198,,
2015-09-03,204,,
2015-09-03,206,2.2,2.8
2015-09-03,210,1.9,2.25
2015-09-03,211,2.15,2.45
2015-09-03,221,30,35
2015-09-03,222,35,50
2015-09-03,223,,1.15
2015-09-03,230,5.6,5.9
2015-09-03,231,5.7,5.9
2015-09-03,232,6.2,6.4
2015-09-03,233,5.1,5.3
2015-09-03,234,1.9,2.1
2015-09-03,235,2.5,2.6
2015-09-03,236,2.3,2.4
2015-09-03,237,,
2015-09-03,238,,
2015-09-03,239,3.4,3.6
2015-09-03,240,,
2015-09-03,241,,
2015-09-03,242,,
2015-09-03,243,,
2015-09-03,244,3,3.2
2015-09-03,245,3,4
2015-09-03,246,3.3,3.6
2015-09-03,247,0.55,0.65
2015-09-03,248,0.55,0.65
2015-09-03,249,0.7,0.85
2015-09-03,250,0.75,0.85
2015-09-03,251,0.8,0.9
2015-09-03,252,0.8,0.9
2015-09-03,253,0.8,0.9
2015-09-03,254,0.65,0.75
2015-09-03,255,0.8,0.9
2015-09-03,256,1.2,1.5
2015-09-03,257,1.2,1.5
2015-09-03,258,1.2,1.5
2015-09-03,259,1.5,1.7
2015-09-03,260,1.6,1.75
2015-09-03,261,1.6,1.7
2015-09-03,262,1.7,1.8
2015-09-03,263,1.5,1.7
2015-09-03,264,1.6,1.7
2015-09-03,265,0.65,0.75
2015-09-03,266,0.8,0.95
2015-09-03,267,0.75,0.85
2015-09-03,268,0.9,1
2015-09-03,269,0.6,0.65
2015-09-03,270,1.5,1.6
2015-09-03,271,1.6,1.7
2015-09-03,272,1.5,1.6
2015-09-03,273,1.7,1.9
2015-09-03,274,1.7,1.9
2015-09-03,275,1.7,1.9
2015-09-03,276,1.85,1.9
2015-09-03,277,2.05,2.2
2015-09-03,278,1.85,2
2015-09-03,279,1.7,1.9
2015-09-03,280,1.3,1.5
2015-09-03,281,1.7,1.9
2015-09-03,282,1.2,1.4
2015-09-03,283,1.6,1.7
2015-09-03,284,1.5,1.6
2015-09-03,285,1.5,1.8
2015-09-03,286,1.7,1.9
2015-09-03,287,1.7,1.9
2015-09-03,288,1.5,1.6
2015-09-03,289,1.7,1.9
2015-09-03,290,1.7,1.9
2015-09-03,291,8,15
2015-09-03,292,,
2015-09-03,293,,
2015-09-03,294,,
2015-09-03,295,,
2015-09-03,296,,
2015-09-03,297,,
2015-09-03,298,,
2015-09-03,299,,
2015-09-03,300,,
2015-09-03,301,,
2015-09-03,302,,
2015-09-03,304,,
2015-09-03,305,,
2015-09-03,306,,
2015-09-03,307,,
2015-09-03,308,,
2015-09-03,309,,
2015-09-03,310,,
2015-09-03,311,,
2015-09-03,312,,
2015-09-03,313,,
2015-09-03,314,,
2015-09-03,315,,
2015-09-03,316,,
2015-09-03,317,,
2015-09-03,318,,
2015-09-03,319,,
2015-09-03,320,,
2015-09-03,321,,
2015-09-03,330,8.5,8.9
2015-09-03,331,7.95,8.35
2015-09-03,332,7.45,7.85
2015-09-03,339,,
2015-09-03,368,,
2015-09-03,402,,
2015-09-03,406,,
2015-09-03,407,,
2015-09-03,408,75,80
2015-09-03,416,65,70
2015-09-03,445,,
2015-09-03,451,,
2015-09-03,468,2.1,2.3
2015-09-03,472,,
2015-09-03,481,,
2015-09-03,482,2.6,2.8
2015-09-03,483,2.4,2.6
2015-09-03,499,,
2015-09-03,500,,
2015-09-03,513,3,3.5
2015-09-03,514,2.5,2.8
2015-09-03,515,2.8,3
2015-09-03,530,,
2015-09-03,531,,
2015-09-03,532,,
2015-09-03,555,90,97
2015-09-03,556,100,105
2015-09-03,589,,
2015-09-03,590,2.35,2.55
2015-09-03,591,1.6,1.8
2015-09-03,610,95,100
2015-09-03,611,100,105
2015-09-03,618,,
2015-09-03,627,,
2015-09-03,681,,
2015-09-03,696,,
2015-09-03,703,225,230
2015-09-03,704,210,215
2015-09-03,705,165,170
2015-09-03,730,,
2015-09-03,732,160,170
2015-09-03,739,,
2015-09-03,750,168,170
2015-09-03,751,173,178
2015-09-03,760,,
2015-09-03,768,,
2015-09-03,772,225,230
2015-09-03,773,190,200
2015-09-03,793,222,227
2015-09-03,794,187,193
2015-09-03,795,176,182
2015-09-03,796,,
2015-09-03,797,300,305
2015-09-03,798,290,295
2015-09-03,799,,
2015-09-03,801,295,300
2015-09-03,802,,
2015-09-03,838,50,55
2015-09-03,839,70,80
2015-09-03,842,0.36,0.42
2015-09-03,844,2,2.4
2015-09-03,845,1.4,1.6
2015-09-03,862,,
2015-09-03,964,305,310
2015-09-03,971,290,310
2015-09-03,1101,,
2015-09-03,1102,,
2015-09-03,1103,0.4,0.45
2015-09-03,1104,,
2015-09-03,1105,,
2015-09-03,1107,,
2015-09-03,1108,,
2015-09-03,1112,0.52,0.57
2015-09-03,1113,100,103
2015-09-03,1114,105,110
2015-09-03,1115,0.4,0.45
2015-09-03,1116,0.4,0.45
2015-09-03,1117,0.4,0.45
2015-09-03,1118,0.4,0.48
2015-09-03,1119,0.5,0.55
2015-09-03,1120,0.45,0.5
2015-09-03,1121,0.64,0.74
2015-09-03,1122,0.75,0.8
2015-09-03,1123,0.55,0.65
2015-09-03,1124,0.6,0.68
2015-09-03,1125,0.7,0.8
2015-09-03,1126,0.4,0.45
2015-09-03,1127,0.4,0.45
2015-09-03,1128,0.4,0.45
2015-09-03,1129,,
2015-09-03,1130,0.4,0.48
2015-09-03,1131,0.5,0.55
2015-09-03,1132,0.75,0.8
2015-09-03,1133,0.55,0.65
2015-09-03,1134,0.36,0.42
2015-09-03,1135,0.52,0.57
2015-09-10,6,263,265
2015-09-10,7,267,269
2015-09-10,8,,
2015-09-10,10,,
2015-09-10,11,,
2015-09-10,12,,
2015-09-10,13,,
2015-09-10,14,,
2015-09-10,21,170,172
2015-09-10,22,181,183
2015-09-10,23,197,199
2015-09-10,24,245,250
2015-09-10,27,183,185
2015-09-10,28,162,167
2015-09-10,29,,
2015-09-10,32,393,402
2015-09-10,33,373,382
2015-09-10,34,364,372
2015-09-10,35,477,486
2015-09-10,36,467,477
2015-09-10,37,439,449
2015-09-10,38,519,525
2015-09-10,39,585,596
2015-09-10,40,101,102
2015-09-10,41,107,108
2015-09-10,42,157,160
2015-09-10,43,106,108
2015-09-10,44,,
2015-09-10,45,141,142
2015-09-10,46,147,148
2015-09-10,47,190,195
2015-09-10,48,99,100
2015-09-10,49,107,108
2015-09-10,50,121,123
2015-09-10,51,225,227
2015-09-10,52,305,315
2015-09-10,53,441,451
2015-09-10,54,235,240
2015-09-10,55,,
2015-09-10,56,470,490
2015-09-10,57,310,320
2015-09-10,58,,
2015-09-10,59,570,600
2015-09-10,60,181,191
2015-09-10,61,181,191
2015-09-10,62,340,350
2015-09-10,63,341,344
2015-09-10,64,,
2015-09-10,65,,
2015-09-10,66,,
2015-09-10,67,,
2015-09-10,68,354,355
2015-09-10,69,352,353
2015-09-10,70,385,386
2015-09-10,71,383,384
2015-09-10,72,368,370
2015-09-10,73,365,367
2015-09-10,74,456,458
2015-09-10,75,453,455
2015-09-10,76,171,175
2015-09-10,77,278,283
2015-09-10,78,265,270
2015-09-10,85,110,112
2015-09-10,86,110,112
2015-09-10,87,1530,1550
2015-09-10,88,1615,1620
2015-09-10,89,184,185
2015-09-10,90,180,183
2015-09-10,91,,
2015-09-10,92,158,160
2015-09-10,93,201,203
2015-09-10,94,,
2015-09-10,95,,
2015-09-10,96,,
2015-09-10,97,,
2015-09-10,98,,
2015-09-10,99,,
2015-09-10,100,,
2015-09-10,101,,
2015-09-10,102,,
2015-09-10,103,1700,1800
2015-09-10,104,950,1050
2015-09-10,105,710,810
2015-09-10,106,630,730
2015-09-10,107,610,710
2015-09-10,108,780,880
2015-09-10,109,810,910
2015-09-10,110,350,360
2015-09-10,111,330,345
2015-09-10,112,220,235
2015-09-10,113,135,137
2015-09-10,114,114,117
2015-09-10,115,1800,2100
2015-09-10,116,,
2015-09-10,117,2400,2500
2015-09-10,118,1900,2000
2015-09-10,119,1300,1500
2015-09-10,120,800,850
2015-09-10,121,,
2015-09-10,122,,
2015-09-10,123,,
2015-09-10,124,,
2015-09-10,125,,
2015-09-10,126,,
2015-09-10,127,1300,1400
2015-09-10,128,,
2015-09-10,129,,
2015-09-10,130,,
2015-09-10,131,,
2015-09-10,132,,
2015-09-10,133,,
2015-09-10,134,,
2015-09-10,135,,
2015-09-10,136,,
2015-09-10,137,,
2015-09-10,138,,
2015-09-10,139,,
2015-09-10,140,3200,3300
2015-09-10,141,,
2015-09-10,142,1500,1600
2015-09-10,143,,
2015-09-10,144,1450,1500
2015-09-10,145,1100,1200
2015-09-10,146,,
2015-09-10,147,1450,1650
2015-09-10,148,,
2015-09-10,149,,
2015-09-10,150,40,50
2015-09-10,151,40,50
2015-09-10,152,40,50
2015-09-10,175,0.38,0.43
2015-09-10,176,0.55,0.6
2015-09-10,178,0.47,0.5
2015-09-10,183,4.8,5
2015-09-10,184,5.7,6
2015-09-10,186,2,2.2
2015-09-10,189,,
2015-09-10,190,,
2015-09-10,191,1.55,1.65
2015-09-10,192,1.75,1.95
2015-09-10,194,,
2015-09-10,195,,
2015-09-10,196,2.4,2.6
2015-09-10,197,1.5,1.7
2015-09-10,198,,
2015-09-10,204,,
2015-09-10,206,2.2,2.8
2015-09-10,210,1.9,2.25
2015-09-10,211,2.15,2.45
2015-09-10,221,30,35
2015-09-10,222,35,50
2015-09-10,223,,1.15
2015-09-10,230,5.6,5.9
2015-09-10,231,5.7,5.9
2015-09-10,232,6.2,6.4
2015-09-10,233,5.1,5.3
2015-09-10,234,1.9,2.1
2015-09-10,235,2.5,2.6
2015-09-10,236,2.3,2.4
2015-09-10,237,,
2015-09-10,238,,
2015-09-10,239,3.4,3.6
2015-09-10,240,,
2015-09-10,241,,
2015-09-10,242,,
2015-09-10,243,,
2015-09-10,244,3,3.2
2015-09-10,245,3,4
2015-09-10,246,3.3,3.6
2015-09-10,247,0.55,0.65
2015-09-10,248,0.55,0.65
2015-09-10,249,0.7,0.85
2015-09-10,250,0.75,0.85
2015-09-10,251,0.8,0.9
2015-09-10,252,0.8,0.9
2015-09-10,253,0.8,0.9
2015-09-10,254,0.65,0.75
2015-09-10,255,0.8,0.9
2015-09-10,256,1.2,1.5
2015-09-10,257,1.2,1.5
2015-09-10,258,1.2,1.5
2015-09-10,259,1.5,1.7
2015-09-10,260,1.6,1.75
2015-09-10,261,1.6,1.7
2015-09-10,262,1.7,1.8
2015-09-10,263,1.5,1.7
2015-09-10,264,1.6,1.7
2015-09-10,265,0.65,0.75
2015-09-10,266,0.8,0.95
2015-09-10,267,0.75,0.85
2015-09-10,268,0.9,1
2015-09-10,269,0.6,0.65
2015-09-10,270,1.5,1.6
2015-09-10,271,1.6,1.7
2015-09-10,272,1.5,1.6
2015-09-10,273,1.7,1.9
2015-09-10,274,1.7,1.9
2015-09-10,275,1.7,1.9
2015-09-10,276,1.85,1.9
2015-09-10,277,2.05,2.2
2015-09-10,278,1.85,2
2015-09-10,279,1.7,1.9
2015-09-10,280,1.3,1.5
2015-09-10,281,1.7,1.9
2015-09-10,282,1.2,1.4
2015-09-10,283,1.6,1.7
2015-09-10,284,1.5,1.6
2015-09-10,285,1.5,1.8
2015-09-10,286,1.7,1.9
2015-09-10,287,1.7,1.9
2015-09-10,288,1.5,1.6
2015-09-10,289,1.7,1.9
2015-09-10,290,1.7,1.9
2015-09-10,291,8,15
2015-09-10,292,,
2015-09-10,293,,
2015-09-10,294,,
2015-09-10,295,,
2015-09-10,296,,
2015-09-10,297,,
2015-09-10,298,,
2015-09-10,299,,
2015-09-10,300,,
2015-09-10,301,,
2015-09-10,302,,
2015-09-10,304,,
2015-09-10,305,,
2015-09-10,306,,
2015-09-10,307,,
2015-09-10,308,,
2015-09-10,309,,
2015-09-10,310,,
2015-09-10,311,,
2015-09-10,312,,
2015-09-10,313,,
2015-09-10,314,,
2015-09-10,315,,
2015-09-10,316,,
2015-09-10,317,,
2015-09-10,318,,
2015-09-10,319,,
2015-09-10,320,,
2015-09-10,321,,
2015-09-10,330,8.5,8.9
2015-09-10,331,7.95,8.35
2015-09-10,332,7.45,7.85
2015-09-10,339,,
2015-09-10,368,,
2015-09-10,408,75,80
2015-09-10,416,65,70
2015-09-10,445,,
2015-09-10,451,,
2015-09-10,468,2.1,2.3
2015-09-10,472,,
2015-09-10,481,,
2015-09-10,482,2.6,2.8
2015-09-10,483,2.4,2.6
2015-09-10,499,,
2015-09-10,500,,
2015-09-10,513,3,3.5
2015-09-10,514,2.5,2.8
2015-09-10,515,2.8,3
2015-09-10,555,90,97
2015-09-10,556,100,105
2015-09-10,589,,
2015-09-10,590,2.35,2.55
2015-09-10,591,1.6,1.8
2015-09-10,610,95,100
2015-09-10,611,100,105
2015-09-10,618,0.35,0.4
2015-09-10,627,,
2015-09-10,681,,
2015-09-10,696,,
2015-09-10,703,225,230
2015-09-10,704,210,215
2015-09-10,705,165,170
2015-09-10,730,,
2015-09-10,732,160,170
2015-09-10,750,168,170
2015-09-10,751,173,178
2015-09-10,768,,
2015-09-10,772,225,230
2015-09-10,773,190,200
2015-09-10,793,222,227
2015-09-10,794,187,193
2015-09-10,795,176,182
2015-09-10,796,,
2015-09-10,797,300,305
2015-09-10,798,290,295
2015-09-10,799,,
2015-09-10,801,290,295
2015-09-10,802,,
2015-09-10,838,50,55
2015-09-10,839,70,80
2015-09-10,844,2,2.4
2015-09-10,845,1.4,1.6
2015-09-10,862,,
2015-09-10,964,300,305
2015-09-10,971,290,310
2015-09-10,1103,,
2015-09-10,1113,100,103
2015-09-10,1114,105,110
2015-09-10,1120,,
2015-09-10,1121,0.64,0.74
2015-09-10,1124,0.6,0.68
2015-09-10,1125,0.7,0.8
2015-09-10,1126,0.4,0.45
2015-09-10,1127,0.4,0.45
2015-09-10,1128,0.4,0.45
2015-09-10,1129,0.42,0.47
2015-09-10,1130,0.4,0.48
2015-09-10,1131,0.5,0.55
2015-09-10,1132,0.75,0.8
2015-09-10,1133,0.57,0.67
2015-09-10,1134,0.36,0.42
2015-09-10,1135,0.52,0.57
2015-09-10,1136,0.42,0.47
2015-09-10,1137,,
2015-09-10,1138,,
2015-09-17,6,258,260
2015-09-17,7,262,264
2015-09-17,8,,
2015-09-17,10,,
2015-09-17,11,,
2015-09-17,12,,
2015-09-17,13,,
2015-09-17,14,,
2015-09-17,21,173,175
2015-09-17,22,184,186
2015-09-17,23,198,200
2015-09-17,24,243,248
2015-09-17,27,183,185
2015-09-17,28,165,170
2015-09-17,29,,
2015-09-17,32,388,397
2015-09-17,33,368,377
2015-09-17,34,359,367
2015-09-17,35,472,481
2015-09-17,36,462,472
2015-09-17,37,434,444
2015-09-17,38,514,520
2015-09-17,39,580,591
2015-09-17,40,111,112
2015-09-17,41,117,118
2015-09-17,42,162,165
2015-09-17,43,116,118
2015-09-17,44,,
2015-09-17,45,151,152
2015-09-17,46,157,158
2015-09-17,47,195,200
2015-09-17,48,109,110
2015-09-17,49,117,118
2015-09-17,50,126,128
2015-09-17,51,225,227
2015-09-17,52,305,315
2015-09-17,53,441,451
2015-09-17,54,235,240
2015-09-17,55,260,270
2015-09-17,56,470,490
2015-09-17,57,310,320
2015-09-17,58,,
2015-09-17,59,570,600
2015-09-17,60,191,201
2015-09-17,61,191,201
2015-09-17,62,340,350
2015-09-17,63,341,344
2015-09-17,64,,
2015-09-17,65,,
2015-09-17,66,,
2015-09-17,67,,
2015-09-17,68,354,355
2015-09-17,69,352,353
2015-09-17,70,385,386
2015-09-17,71,383,384
2015-09-17,72,368,370
2015-09-17,73,365,367
2015-09-17,74,456,458
2015-09-17,75,453,455
2015-09-17,76,166,170
2015-09-17,77,283,288
2015-09-17,78,265,270
2015-09-17,85,110,112
2015-09-17,86,110,112
2015-09-17,87,1530,1550
2015-09-17,88,1615,1620
2015-09-17,89,184,185
2015-09-17,90,180,183
2015-09-17,91,,
2015-09-17,92,158,160
2015-09-17,93,203,205
2015-09-17,94,,
2015-09-17,95,,
2015-09-17,96,,
2015-09-17,97,,
2015-09-17,98,,
2015-09-17,99,,
2015-09-17,100,,
2015-09-17,101,,
2015-09-17,102,,
2015-09-17,103,1700,1800
2015-09-17,104,950,1050
2015-09-17,105,710,810
2015-09-17,106,630,730
2015-09-17,107,610,710
2015-09-17,108,780,880
2015-09-17,109,810,910
2015-09-17,110,350,360
2015-09-17,111,330,345
2015-09-17,112,220,235
2015-09-17,113,135,137
2015-09-17,114,114,117
2015-09-17,115,1800,2100
2015-09-17,116,,
2015-09-17,117,2400,2500
2015-09-17,118,1900,2000
2015-09-17,119,1300,1500
2015-09-17,120,800,850
2015-09-17,121,,
2015-09-17,122,,
2015-09-17,123,,
2015-09-17,124,,
2015-09-17,125,,
2015-09-17,126,,
2015-09-17,127,1300,1400
2015-09-17,128,,
2015-09-17,129,,
2015-09-17,130,,
2015-09-17,131,,
2015-09-17,132,,
2015-09-17,133,,
2015-09-17,134,,
2015-09-17,135,,
2015-09-17,136,,
2015-09-17,137,,
2015-09-17,138,,
2015-09-17,139,,
2015-09-17,140,3200,3300
2015-09-17,141,,
2015-09-17,142,1500,1600
2015-09-17,143,,
2015-09-17,144,1450,1500
2015-09-17,145,1100,1200
2015-09-17,146,,
2015-09-17,147,1450,1650
2015-09-17,148,,
2015-09-17,149,,
2015-09-17,150,40,50
2015-09-17,151,40,50
2015-09-17,152,40,50
2015-09-17,175,0.38,0.43
2015-09-17,176,0.55,0.6
2015-09-17,178,0.47,0.5
2015-09-17,183,4.8,5
2015-09-17,184,5.7,6
2015-09-17,186,2,2.2
2015-09-17,189,,
2015-09-17,190,,
2015-09-17,191,1.55,1.65
2015-09-17,192,1.75,1.95
2015-09-17,194,,
2015-09-17,195,,
2015-09-17,196,2.4,2.6
2015-09-17,197,1.4,1.6
2015-09-17,198,,
2015-09-17,204,,
2015-09-17,206,2.2,2.8
2015-09-17,210,1.9,2.25
2015-09-17,211,2.15,2.45
2015-09-17,221,30,35
2015-09-17,222,35,50
2015-09-17,223,,1.15
2015-09-17,230,5.6,5.9
2015-09-17,231,5.7,5.9
2015-09-17,232,6.2,6.4
2015-09-17,233,5.1,5.3
2015-09-17,234,1.9,2.1
2015-09-17,235,2.5,2.6
2015-09-17,236,2.3,2.4
2015-09-17,237,,
2015-09-17,238,,
2015-09-17,239,3.4,3.6
2015-09-17,240,,
2015-09-17,241,,
2015-09-17,242,,
2015-09-17,243,,
2015-09-17,244,3,3.2
2015-09-17,245,3,4
2015-09-17,246,3.3,3.6
2015-09-17,247,0.55,0.65
2015-09-17,248,0.55,0.65
2015-09-17,249,0.7,0.85
2015-09-17,250,0.75,0.85
2015-09-17,251,0.8,0.9
2015-09-17,252,0.8,0.9
2015-09-17,253,0.8,0.9
2015-09-17,254,0.65,0.75
2015-09-17,255,0.8,0.9
2015-09-17,256,1.2,1.5
2015-09-17,257,1.2,1.5
2015-09-17,258,1.2,1.5
2015-09-17,259,1.5,1.7
2015-09-17,260,1.6,1.75
2015-09-17,261,1.6,1.7
2015-09-17,262,1.7,1.8
2015-09-17,263,1.5,1.7
2015-09-17,264,1.6,1.7
2015-09-17,265,0.65,0.75
2015-09-17,266,0.8,0.95
2015-09-17,267,0.75,0.85
2015-09-17,268,0.9,1
2015-09-17,269,0.6,0.65
2015-09-17,270,1.5,1.6
2015-09-17,271,1.6,1.7
2015-09-17,272,1.5,1.6
2015-09-17,273,1.7,1.9
2015-09-17,274,1.7,1.9
2015-09-17,275,1.7,1.9
2015-09-17,276,1.85,1.9
2015-09-17,277,2.05,2.2
2015-09-17,278,1.85,2
2015-09-17,279,1.7,1.9
2015-09-17,280,1.3,1.5
2015-09-17,281,1.7,1.9
2015-09-17,282,1.2,1.4
2015-09-17,283,1.6,1.7
2015-09-17,284,1.5,1.6
2015-09-17,285,1.5,1.8
2015-09-17,286,1.7,1.9
2015-09-17,287,1.7,1.9
2015-09-17,288,1.5,1.6
2015-09-17,289,1.7,1.9
2015-09-17,290,1.7,1.9
2015-09-17,291,8,15
2015-09-17,292,,
2015-09-17,293,,
2015-09-17,294,,
2015-09-17,295,,
2015-09-17,296,,
2015-09-17,297,,
2015-09-17,298,,
2015-09-17,299,,
2015-09-17,300,,
2015-09-17,301,,
2015-09-17,302,,
2015-09-17,304,,
2015-09-17,305,,
2015-09-17,306,,
2015-09-17,307,,
2015-09-17,308,,
2015-09-17,309,,
2015-09-17,310,,
2015-09-17,311,,
2015-09-17,312,,
2015-09-17,313,,
2015-09-17,314,,
2015-09-17,315,,
2015-09-17,316,,
2015-09-17,317,,
2015-09-17,318,,
2015-09-17,319,,
2015-09-17,320,,
2015-09-17,321,,
2015-09-17,330,8.5,8.9
2015-09-17,331,7.95,8.35
2015-09-17,332,7.45,7.85
2015-09-17,339,,
2015-09-17,368,,
2015-09-17,408,75,80
2015-09-17,416,65,70
2015-09-17,445,,
2015-09-17,451,,
2015-09-17,468,2.1,2.3
2015-09-17,472,,
2015-09-17,481,1.75,1.95
2015-09-17,482,2.6,2.8
2015-09-17,483,2.4,2.6
2015-09-17,499,,
2015-09-17,500,,
2015-09-17,513,3.3,3.8
2015-09-17,514,2.6,2.9
2015-09-17,515,2.9,3.1
2015-09-17,555,90,97
2015-09-17,556,100,105
2015-09-17,589,,
2015-09-17,590,2.25,2.5
2015-09-17,591,1.6,1.8
2015-09-17,605,0.34,0.4
2015-09-17,610,95,100
2015-09-17,611,100,105
2015-09-17,618,0.33,0.38
2015-09-17,624,0.33,0.38
2015-09-17,627,,
2015-09-17,681,,
2015-09-17,696,,
2015-09-17,703,225,230
2015-09-17,704,210,215
2015-09-17,705,165,170
2015-09-17,730,,
2015-09-17,732,160,170
2015-09-17,750,168,170
2015-09-17,751,173,178
2015-09-17,768,,
2015-09-17,772,225,230
2015-09-17,773,190,200
2015-09-17,793,222,227
2015-09-17,794,185,191
2015-09-17,795,176,182
2015-09-17,796,,
2015-09-17,797,295,300
2015-09-17,798,285,290
2015-09-17,799,,
2015-09-17,801,290,295
2015-09-17,802,,
2015-09-17,838,50,55
2015-09-17,839,70,80
2015-09-17,844,2,2.4
2015-09-17,845,1.4,1.6
2015-09-17,862,,
2015-09-17,964,300,305
2015-09-17,971,290,310
2015-09-17,1113,100,103
2015-09-17,1114,105,110
2015-09-17,1121,0.64,0.74
2015-09-17,1124,0.6,0.68
2015-09-17,1125,0.7,0.8
2015-09-17,1126,,
2015-09-17,1127,,
2015-09-17,1128,0.45,0.5
2015-09-17,1130,0.4,0.48
2015-09-17,1131,0.5,0.55
2015-09-17,1132,0.75,0.8
2015-09-17,1133,0.57,0.67
2015-09-17,1134,0.34,0.4
2015-09-17,1135,0.52,0.57
2015-09-17,1136,,
2015-09-17,1137,0.47,0.52
2015-09-17,1138,0.34,0.4
2015-09-17,1139,0.45,0.5
2015-09-17,1140,0.47,0.52
2015-09-17,1141,,
2015-09-17,1142,,
2015-09-24,6,253,255
2015-09-24,7,257,259
2015-09-24,8,,
2015-09-24,10,,
2015-09-24,11,,
2015-09-24,12,,
2015-09-24,13,,
2015-09-24,14,,
2015-09-24,21,171,173
2015-09-24,22,184,186
2015-09-24,23,193,195
2015-09-24,24,243,248
2015-09-24,27,183,185
2015-09-24,28,165,170
2015-09-24,29,,
2015-09-24,32,388,397
2015-09-24,33,368,377
2015-09-24,34,359,367
2015-09-24,35,472,481
2015-09-24,36,462,472
2015-09-24,37,434,444
2015-09-24,38,514,520
2015-09-24,39,580,591
2015-09-24,40,119,120
2015-09-24,41,125,126
2015-09-24,42,166,169
2015-09-24,43,124,126
2015-09-24,44,,
2015-09-24,45,159,160
2015-09-24,46,165,166
2015-09-24,47,199,204
2015-09-24,48,117,118
2015-09-24,49,125,126
2015-09-24,50,130,132
2015-09-24,51,225,227
2015-09-24,52,305,315
2015-09-24,53,441,451
2015-09-24,54,235,240
2015-09-24,55,260,270
2015-09-24,56,470,490
2015-09-24,57,310,320
2015-09-24,58,,
2015-09-24,59,570,600
2015-09-24,60,199,209
2015-09-24,61,199,209
2015-09-24,62,340,350
2015-09-24,63,337,340
2015-09-24,64,,
2015-09-24,65,,
2015-09-24,66,,
2015-09-24,67,,
2015-09-24,68,348,349
2015-09-24,69,346,347
2015-09-24,70,375,376
2015-09-24,71,373,374
2015-09-24,72,359,361
2015-09-24,73,356,358
2015-09-24,74,446,448
2015-09-24,75,443,445
2015-09-24,76,166,170
2015-09-24,77,280,285
2015-09-24,78,265,270
2015-09-24,85,110,112
2015-09-24,86,110,112
2015-09-24,87,1540,1560
2015-09-24,88,1615,1620
2015-09-24,89,184,185
2015-09-24,90,180,183
2015-09-24,91,,
2015-09-24,92,158,160
2015-09-24,93,199,201
2015-09-24,94,,
2015-09-24,95,,
2015-09-24,96,,
2015-09-24,97,,
2015-09-24,98,,
2015-09-24,99,,
2015-09-24,100,,
2015-09-24,101,,
2015-09-24,102,,
2015-09-24,103,1700,1800
2015-09-24,104,950,1050
2015-09-24,105,710,810
2015-09-24,106,630,730
2015-09-24,107,610,710
2015-09-24,108,780,880
2015-09-24,109,810,910
2015-09-24,110,350,360
2015-09-24,111,330,345
2015-09-24,112,220,235
2015-09-24,113,135,137
2015-09-24,114,114,117
2015-09-24,115,1800,2100
2015-09-24,116,,
2015-09-24,117,2400,2500
2015-09-24,118,1900,2000
2015-09-24,119,1300,1500
2015-09-24,120,800,850
2015-09-24,121,,
2015-09-24,122,,
2015-09-24,123,,
2015-09-24,124,,
2015-09-24,125,,
2015-09-24,126,,
2015-09-24,127,1300,1400
2015-09-24,128,,
2015-09-24,129,,
2015-09-24,130,,
2015-09-24,131,,
2015-09-24,132,,
2015-09-24,133,,
2015-09-24,134,,
2015-09-24,135,,
2015-09-24,136,,
2015-09-24,137,,
2015-09-24,138,,
2015-09-24,139,,
2015-09-24,140,3200,3300
2015-09-24,141,,
2015-09-24,142,1550,1650
2015-09-24,143,,
2015-09-24,144,1450,1500
2015-09-24,145,1100,1200
2015-09-24,146,,
2015-09-24,147,1500,1700
2015-09-24,148,,
2015-09-24,149,,
2015-09-24,150,40,50
2015-09-24,151,40,50
2015-09-24,152,40,50
2015-09-24,175,0.4,0.45
2015-09-24,176,0.55,0.6
2015-09-24,178,0.47,0.5
2015-09-24,183,4.8,5
2015-09-24,184,5.7,6
2015-09-24,186,2,2.2
2015-09-24,189,,
2015-09-24,190,,
2015-09-24,191,1.55,1.65
2015-09-24,192,1.75,1.95
2015-09-24,194,2.8,3.2
2015-09-24,195,2.8,3.2
2015-09-24,196,2.4,2.6
2015-09-24,197,1.4,1.6
2015-09-24,198,,
2015-09-24,204,,
2015-09-24,206,2.2,2.8
2015-09-24,210,1.9,2.25
2015-09-24,211,2.15,2.45
2015-09-24,221,30,35
2015-09-24,222,35,50
2015-09-24,223,,1.2
2015-09-24,230,5.6,5.9
2015-09-24,231,5.7,5.9
2015-09-24,232,6.2,6.4
2015-09-24,233,5.1,5.3
2015-09-24,234,1.9,2.1
2015-09-24,235,2.5,2.6
2015-09-24,236,2.3,2.4
2015-09-24,237,,
2015-09-24,238,,
2015-09-24,239,3,3.2
2015-09-24,240,,
2015-09-24,241,,
2015-09-24,242,,
2015-09-24,243,,
2015-09-24,244,3,3.2
2015-09-24,245,3,4
2015-09-24,246,3.3,3.6
2015-09-24,247,0.55,0.65
2015-09-24,248,0.55,0.65
2015-09-24,249,0.7,0.85
2015-09-24,250,0.75,0.85
2015-09-24,251,0.8,0.9
2015-09-24,252,0.8,0.9
2015-09-24,253,0.8,0.9
2015-09-24,254,0.65,0.75
2015-09-24,255,0.8,0.9
2015-09-24,256,1.2,1.5
2015-09-24,257,1.2,1.5
2015-09-24,258,1.2,1.5
2015-09-24,259,1.5,1.7
2015-09-24,260,1.6,1.75
2015-09-24,261,1.6,1.7
2015-09-24,262,1.7,1.8
2015-09-24,263,1.5,1.7
2015-09-24,264,1.6,1.7
2015-09-24,265,0.65,0.75
2015-09-24,266,0.8,0.95
2015-09-24,267,0.75,0.85
2015-09-24,268,0.9,1
2015-09-24,269,0.6,0.65
2015-09-24,270,1.5,1.6
2015-09-24,271,1.6,1.7
2015-09-24,272,1.5,1.6
2015-09-24,273,1.7,1.9
2015-09-24,274,1.7,1.9
2015-09-24,275,1.7,1.9
2015-09-24,276,1.85,1.9
2015-09-24,277,2.05,2.2
2015-09-24,278,1.85,2
2015-09-24,279,1.7,1.9
2015-09-24,280,1.3,1.5
2015-09-24,281,1.7,1.9
2015-09-24,282,1.2,1.4
2015-09-24,283,1.6,1.7
2015-09-24,284,1.5,1.6
2015-09-24,285,1.5,1.8
2015-09-24,286,1.7,1.9
2015-09-24,287,1.7,1.9
2015-09-24,288,1.5,1.6
2015-09-24,289,1.7,1.9
2015-09-24,290,1.7,1.9
2015-09-24,291,8,15
2015-09-24,292,,
2015-09-24,293,,
2015-09-24,294,,
2015-09-24,295,,
2015-09-24,296,,
2015-09-24,297,,
2015-09-24,298,,
2015-09-24,299,,
2015-09-24,300,0.4,0.5
2015-09-24,301,,
2015-09-24,302,,
2015-09-24,305,,
2015-09-24,306,,
2015-09-24,307,,
2015-09-24,308,,
2015-09-24,309,,
2015-09-24,310,0.4,0.5
2015-09-24,311,,
2015-09-24,313,,
2015-09-24,314,,
2015-09-24,315,0.3,0.4
2015-09-24,316,,
2015-09-24,317,,
2015-09-24,318,,
2015-09-24,319,,
2015-09-24,321,0.4,0.5
2015-09-24,330,8.5,8.9
2015-09-24,331,7.95,8.35
2015-09-24,332,7.45,7.85
2015-09-24,339,,
2015-09-24,368,,
2015-09-24,408,75,80
2015-09-24,416,65,70
2015-09-24,445,,
2015-09-24,451,,
2015-09-24,468,2.1,2.3
2015-09-24,472,,
2015-09-24,481,1.75,1.95
2015-09-24,482,2.6,2.8
2015-09-24,483,2.4,2.6
2015-09-24,499,,
2015-09-24,500,,
2015-09-24,513,3.3,3.8
2015-09-24,514,2.6,2.9
2015-09-24,515,2.9,3.1
2015-09-24,555,90,97
2015-09-24,556,100,105
2015-09-24,589,,
2015-09-24,590,2.25,2.5
2015-09-24,591,1.6,1.8
2015-09-24,605,0.33,0.38
2015-09-24,610,95,100
2015-09-24,611,100,105
2015-09-24,624,,
2015-09-24,627,1.8,2.2
2015-09-24,681,,
2015-09-24,696,,
2015-09-24,703,225,230
2015-09-24,704,210,215
2015-09-24,705,165,170
2015-09-24,730,,
2015-09-24,732,160,170
2015-09-24,750,168,170
2015-09-24,751,173,178
2015-09-24,768,,
2015-09-24,772,225,230
2015-09-24,773,190,200
2015-09-24,793,222,227
2015-09-24,794,185,191
2015-09-24,795,176,182
2015-09-24,796,,
2015-09-24,797,290,295
2015-09-24,798,280,285
2015-09-24,799,,
2015-09-24,801,285,290
2015-09-24,802,,
2015-09-24,838,50,55
2015-09-24,839,70,80
2015-09-24,844,2,2.4
2015-09-24,845,1.4,1.6
2015-09-24,862,,
2015-09-24,964,295,300
2015-09-24,971,290,310
2015-09-24,1113,100,103
2015-09-24,1114,105,110
2015-09-24,1121,,
2015-09-24,1124,0.6,0.68
2015-09-24,1125,0.7,0.8
2015-09-24,1130,0.4,0.48
2015-09-24,1131,0.5,0.55
2015-09-24,1132,,
2015-09-24,1133,0.57,0.67
2015-09-24,1134,0.33,0.38
2015-09-24,1135,0.52,0.57
2015-09-24,1139,,
2015-09-24,1140,,
2015-09-24,1141,0.5,0.6
2015-09-24,1142,0.35,0.5
2015-09-24,1143,,
2015-09-24,1144,100,103
2015-09-24,1145,105,110
2015-10-01,6,253,255
2015-10-01,7,257,259
2015-10-01,8,,
2015-10-01,10,,
2015-10-01,11,,
2015-10-01,12,,
2015-10-01,13,,
2015-10-01,14,,
2015-10-01,21,171,173
2015-10-01,22,184,186
2015-10-01,23,193,195
2015-10-01,24,,
2015-10-01,27,183,185
2015-10-01,28,165,170
2015-10-01,29,,
2015-10-01,32,388,397
2015-10-01,33,368,377
2015-10-01,34,359,367
2015-10-01,35,472,481
2015-10-01,36,462,472
2015-10-01,37,434,444
2015-10-01,38,504,510
2015-10-01,39,570,581
2015-10-01,40,124,125
2015-10-01,41,130,131
2015-10-01,42,168,171
2015-10-01,43,130,132
2015-10-01,44,,
2015-10-01,45,164,165
2015-10-01,46,170,171
2015-10-01,47,201,206
2015-10-01,48,122,123
2015-10-01,49,131,132
2015-10-01,50,133,135
2015-10-01,51,225,227
2015-10-01,52,310,320
2015-10-01,53,441,451
2015-10-01,54,235,240
2015-10-01,55,260,270
2015-10-01,56,470,490
2015-10-01,57,310,320
2015-10-01,58,620,640
2015-10-01,59,570,600
2015-10-01,60,204,214
2015-10-01,61,204,214
2015-10-01,62,340,350
2015-10-01,63,337,340
2015-10-01,64,,
2015-10-01,65,323,328
2015-10-01,66,,
2015-10-01,67,295,305
2015-10-01,68,353,354
2015-10-01,69,351,352
2015-10-01,70,380,381
2015-10-01,71,378,379
2015-10-01,72,364,366
2015-10-01,73,361,363
2015-10-01,74,451,453
2015-10-01,75,448,450
2015-10-01,76,171,175
2015-10-01,77,270,275
2015-10-01,78,265,270
2015-10-01,85,110,112
2015-10-01,86,110,112
2015-10-01,87,1540,1560
2015-10-01,88,1615,1620
2015-10-01,89,184,185
2015-10-01,90,180,183
2015-10-01,91,,
2015-10-01,92,158,160
2015-10-01,93,199,201
2015-10-01,94,,
2015-10-01,95,,
2015-10-01,96,,
2015-10-01,97,,
2015-10-01,98,,
2015-10-01,99,,
2015-10-01,100,,
2015-10-01,101,,
2015-10-01,102,,
2015-10-01,103,,
2015-10-01,104,,
2015-10-01,105,,
2015-10-01,106,,
2015-10-01,107,,
2015-10-01,108,,
2015-10-01,109,,
2015-10-01,110,335,345
2015-10-01,111,315,330
2015-10-01,112,220,235
2015-10-01,113,135,137
2015-10-01,114,114,117
2015-10-01,115,1900,2200
2015-10-01,116,,
2015-10-01,117,2400,2500
2015-10-01,118,1900,2000
2015-10-01,119,1300,1500
2015-10-01,120,800,850
2015-10-01,121,,
2015-10-01,122,,
2015-10-01,123,,
2015-10-01,124,,
2015-10-01,125,,
2015-10-01,126,,
2015-10-01,127,1300,1400
2015-10-01,128,,
2015-10-01,129,,
2015-10-01,130,,
2015-10-01,131,,
2015-10-01,132,,
2015-10-01,133,,
2015-10-01,134,,
2015-10-01,135,,
2015-10-01,136,,
2015-10-01,137,,
2015-10-01,138,,
2015-10-01,139,,
2015-10-01,140,3200,3300
2015-10-01,141,,
2015-10-01,142,1550,1650
2015-10-01,143,,
2015-10-01,144,1450,1500
2015-10-01,145,1100,1200
2015-10-01,146,,
2015-10-01,147,1600,1800
2015-10-01,148,,
2015-10-01,149,,
2015-10-01,150,40,50
2015-10-01,151,40,50
2015-10-01,152,40,50
2015-10-01,175,0.4,0.45
2015-10-01,176,0.55,0.6
2015-10-01,178,0.47,0.5
2015-10-01,183,4.8,5
2015-10-01,184,5.7,6
2015-10-01,186,2,2.2
2015-10-01,189,,
2015-10-01,190,,
2015-10-01,191,1.55,1.65
2015-10-01,192,1.75,1.95
2015-10-01,194,2.8,3.2
2015-10-01,195,2.8,3.2
2015-10-01,196,2.4,2.6
2015-10-01,197,1.4,1.6
2015-10-01,198,,
2015-10-01,204,2.4,2.6
2015-10-01,206,2.2,2.8
2015-10-01,210,1.9,2.25
2015-10-01,211,2.15,2.45
2015-10-01,221,30,35
2015-10-01,222,35,50
2015-10-01,223,,1.2
2015-10-01,230,5.6,5.9
2015-10-01,231,5.7,5.9
2015-10-01,232,6.2,6.4
2015-10-01,233,5.1,5.3
2015-10-01,234,1.9,2.1
2015-10-01,235,2.5,2.6
2015-10-01,236,2.3,2.4
2015-10-01,237,,
2015-10-01,238,,
2015-10-01,239,3,3.2
2015-10-01,240,,
2015-10-01,241,,
2015-10-01,242,,
2015-10-01,243,,
2015-10-01,244,3,3.2
2015-10-01,245,3,4
2015-10-01,246,3.3,3.6
2015-10-01,247,0.55,0.65
2015-10-01,248,0.55,0.65
2015-10-01,249,0.7,0.85
2015-10-01,250,0.75,0.85
2015-10-01,251,0.8,0.9
2015-10-01,252,0.8,0.9
2015-10-01,253,0.8,0.9
2015-10-01,254,0.65,0.75
2015-10-01,255,0.8,0.9
2015-10-01,256,1.2,1.5
2015-10-01,257,1.2,1.5
2015-10-01,258,1.2,1.5
2015-10-01,259,1.5,1.7
2015-10-01,260,1.6,1.75
2015-10-01,261,1.6,1.7
2015-10-01,262,1.7,1.8
2015-10-01,263,1.5,1.7
2015-10-01,264,1.6,1.7
2015-10-01,265,0.65,0.75
2015-10-01,266,0.8,0.95
2015-10-01,267,0.75,0.85
2015-10-01,268,0.9,1
2015-10-01,269,0.6,0.65
2015-10-01,270,1.5,1.6
2015-10-01,271,1.6,1.7
2015-10-01,272,1.5,1.6
2015-10-01,273,1.7,1.9
2015-10-01,274,1.7,1.9
2015-10-01,275,1.7,1.9
2015-10-01,276,1.85,1.9
2015-10-01,277,2.05,2.2
2015-10-01,278,1.85,2
2015-10-01,279,1.7,1.9
2015-10-01,280,1.3,1.5
2015-10-01,281,1.7,1.9
2015-10-01,282,1.2,1.4
2015-10-01,283,1.6,1.7
2015-10-01,284,1.5,1.6
2015-10-01,285,1.5,1.8
2015-10-01,286,1.7,1.9
2015-10-01,287,1.7,1.9
2015-10-01,288,1.5,1.6
2015-10-01,289,1.7,1.9
2015-10-01,290,1.7,1.9
2015-10-01,291,8,15
2015-10-01,292,,
2015-10-01,293,,
2015-10-01,294,,
2015-10-01,295,,
2015-10-01,296,,
2015-10-01,297,,
2015-10-01,298,,
2015-10-01,299,,
2015-10-01,300,0.4,0.5
2015-10-01,301,,
2015-10-01,302,,
2015-10-01,305,,
2015-10-01,306,,
2015-10-01,307,,
2015-10-01,308,,
2015-10-01,309,,
2015-10-01,310,0.4,0.5
2015-10-01,311,,
2015-10-01,313,,
2015-10-01,314,,
2015-10-01,315,0.3,0.4
2015-10-01,316,,
2015-10-01,317,,
2015-10-01,318,,
2015-10-01,319,,
2015-10-01,321,0.4,0.5
2015-10-01,330,8.5,8.9
2015-10-01,331,7.95,8.35
2015-10-01,332,7.45,7.85
2015-10-01,339,,
2015-10-01,368,115,120
2015-10-01,408,75,80
2015-10-01,416,65,70
2015-10-01,445,,
2015-10-01,451,,
2015-10-01,468,2.1,2.3
2015-10-01,472,181,183
2015-10-01,481,1.75,1.95
2015-10-01,482,2.6,2.8
2015-10-01,483,2.4,2.6
2015-10-01,499,,
2015-10-01,500,,
2015-10-01,513,3.3,3.8
2015-10-01,514,2.6,2.9
2015-10-01,515,2.9,3.1
2015-10-01,555,90,97
2015-10-01,556,100,105
2015-10-01,589,,
2015-10-01,590,2.25,2.5
2015-10-01,591,1.6,1.8
2015-10-01,605,0.3,0.36
2015-10-01,610,,
2015-10-01,611,,
2015-10-01,627,1.8,2.2
2015-10-01,681,,
2015-10-01,696,,
2015-10-01,703,225,230
2015-10-01,704,210,215
2015-10-01,705,165,170
2015-10-01,730,,
2015-10-01,732,160,170
2015-10-01,750,168,170
2015-10-01,751,173,178
2015-10-01,772,225,230
2015-10-01,773,190,200
2015-10-01,793,222,227
2015-10-01,794,185,191
2015-10-01,795,176,182
2015-10-01,796,,
2015-10-01,797,290,295
2015-10-01,798,280,285
2015-10-01,799,,
2015-10-01,801,280,285
2015-10-01,802,,
2015-10-01,838,50,55
2015-10-01,839,70,80
2015-10-01,844,2,2.4
2015-10-01,845,1.4,1.6
2015-10-01,846,,
2015-10-01,862,,
2015-10-01,964,290,295
2015-10-01,971,290,310
2015-10-01,1124,,
2015-10-01,1125,,
2015-10-01,1130,,
2015-10-01,1131,,
2015-10-01,1133,,
2015-10-01,1134,0.33,0.38
2015-10-01,1135,0.52,0.57
2015-10-01,1141,0.5,0.6
2015-10-01,1142,0.35,0.5
2015-10-01,1143,0.4,0.5
2015-10-01,1144,100,103
2015-10-01,1145,105,110
2015-10-01,1146,0.4,0.5
2015-10-01,1147,,
2015-10-01,1148,,
2015-10-08,6,253,255
2015-10-08,7,257,259
2015-10-08,8,,
2015-10-08,10,,
2015-10-08,11,,
2015-10-08,12,,
2015-10-08,13,,
2015-10-08,14,,
2015-10-08,21,169,171
2015-10-08,22,184,186
2015-10-08,23,193,195
2015-10-08,24,,
2015-10-08,27,185,187
2015-10-08,28,168,173
2015-10-08,29,,
2015-10-08,32,388,397
2015-10-08,33,368,377
2015-10-08,34,359,367
2015-10-08,35,472,481
2015-10-08,36,462,472
2015-10-08,37,434,444
2015-10-08,38,494,500
2015-10-08,39,560,571
2015-10-08,40,124,125
2015-10-08,41,130,131
2015-10-08,42,168,171
2015-10-08,43,130,132
2015-10-08,44,,
2015-10-08,45,164,165
2015-10-08,46,170,171
2015-10-08,47,201,206
2015-10-08,48,122,123
2015-10-08,49,131,132
2015-10-08,50,133,135
2015-10-08,51,225,227
2015-10-08,52,320,330
2015-10-08,53,431,441
2015-10-08,54,235,240
2015-10-08,55,264,274
2015-10-08,56,470,490
2015-10-08,57,310,320
2015-10-08,58,620,640
2015-10-08,59,570,600
2015-10-08,60,204,214
2015-10-08,61,204,214
2015-10-08,62,340,350
2015-10-08,63,342,345
2015-10-08,64,,
2015-10-08,65,330,335
2015-10-08,66,,
2015-10-08,67,300,310
2015-10-08,68,348,349
2015-10-08,69,346,347
2015-10-08,70,375,376
2015-10-08,71,373,374
2015-10-08,72,359,361
2015-10-08,73,356,358
2015-10-08,74,446,448
2015-10-08,75,443,445
2015-10-08,76,171,175
2015-10-08,77,260,265
2015-10-08,78,265,270
2015-10-08,85,110,112
2015-10-08,86,110,112
2015-10-08,87,1540,1560
2015-10-08,88,1615,1620
2015-10-08,89,184,185
2015-10-08,90,180,183
2015-10-08,91,,
2015-10-08,92,158,160
2015-10-08,93,197,199
2015-10-08,94,,
2015-10-08,95,,
2015-10-08,96,,
2015-10-08,97,,
2015-10-08,98,520,530
2015-10-08,99,570,580
2015-10-08,100,325,335
2015-10-08,101,,
2015-10-08,102,,
2015-10-08,103,950,1050
2015-10-08,104,650,750
2015-10-08,105,600,700
2015-10-08,106,600,700
2015-10-08,107,550,650
2015-10-08,108,650,750
2015-10-08,109,650,750
2015-10-08,110,335,345
2015-10-08,111,315,330
2015-10-08,112,220,235
2015-10-08,113,137,139
2015-10-08,114,116,119
2015-10-08,115,1900,2200
2015-10-08,116,,
2015-10-08,117,2400,2500
2015-10-08,118,1900,2000
2015-10-08,119,1300,1500
2015-10-08,120,800,850
2015-10-08,121,,
2015-10-08,122,,
2015-10-08,123,,
2015-10-08,124,,
2015-10-08,125,,
2015-10-08,126,,
2015-10-08,127,1300,1400
2015-10-08,128,,
2015-10-08,129,690,760
2015-10-08,130,520,560
2015-10-08,131,620,670
2015-10-08,132,440,480
2015-10-08,133,,
2015-10-08,134,630,730
2015-10-08,135,420,480
2015-10-08,136,730,820
2015-10-08,137,550,590
2015-10-08,138,650,690
2015-10-08,139,490,540
2015-10-08,140,3200,3300
2015-10-08,141,,
2015-10-08,142,1550,1650
2015-10-08,143,,
2015-10-08,144,1450,1500
2015-10-08,145,1100,1200
2015-10-08,146,,
2015-10-08,147,1600,1800
2015-10-08,148,,
2015-10-08,149,20,120
2015-10-08,150,40,50
2015-10-08,151,40,50
2015-10-08,152,40,50
2015-10-08,175,0.45,0.5
2015-10-08,176,0.55,0.6
2015-10-08,178,0.5,0.53
2015-10-08,183,4.8,5
2015-10-08,184,5.7,6
2015-10-08,186,2,2.2
2015-10-08,189,,
2015-10-08,190,,
2015-10-08,191,1.55,1.65
2015-10-08,192,1.75,1.95
2015-10-08,194,2.8,3.2
2015-10-08,195,2.8,3.2
2015-10-08,196,2.4,2.6
2015-10-08,197,1.4,1.6
2015-10-08,198,,
2015-10-08,204,2.4,2.6
2015-10-08,206,2.2,2.8
2015-10-08,210,1.9,2.25
2015-10-08,211,2.15,2.45
2015-10-08,221,30,35
2015-10-08,222,37,52
2015-10-08,223,,1.27
2015-10-08,230,5.6,5.9
2015-10-08,231,5.7,5.9
2015-10-08,232,6.2,6.4
2015-10-08,233,5.1,5.3
2015-10-08,234,1.9,2.1
2015-10-08,235,2.5,2.6
2015-10-08,236,2.3,2.4
2015-10-08,237,,
2015-10-08,238,,
2015-10-08,239,3,3.2
2015-10-08,240,,
2015-10-08,241,,
2015-10-08,242,,
2015-10-08,243,,
2015-10-08,244,3,3.2
2015-10-08,245,3,4
2015-10-08,246,3.3,3.6
2015-10-08,247,0.55,0.65
2015-10-08,248,0.55,0.65
2015-10-08,249,0.7,0.85
2015-10-08,250,0.75,0.85
2015-10-08,251,0.8,0.9
2015-10-08,252,0.8,0.9
2015-10-08,253,0.8,0.9
2015-10-08,254,0.65,0.75
2015-10-08,255,0.8,0.9
2015-10-08,256,1.2,1.5
2015-10-08,257,1.2,1.5
2015-10-08,258,1.2,1.5
2015-10-08,259,1.5,1.7
2015-10-08,260,1.6,1.75
2015-10-08,261,1.6,1.7
2015-10-08,262,1.7,1.8
2015-10-08,263,1.5,1.7
2015-10-08,264,1.6,1.7
2015-10-08,265,0.65,0.75
2015-10-08,266,0.8,0.95
2015-10-08,267,0.75,0.85
2015-10-08,268,0.9,1
2015-10-08,269,0.6,0.65
2015-10-08,270,1.5,1.6
2015-10-08,271,1.6,1.7
2015-10-08,272,1.5,1.6
2015-10-08,273,1.7,1.9
2015-10-08,274,1.7,1.9
2015-10-08,275,1.7,1.9
2015-10-08,276,1.85,1.9
2015-10-08,277,2.05,2.2
2015-10-08,278,1.85,2
2015-10-08,279,1.7,1.9
2015-10-08,280,1.3,1.5
2015-10-08,281,1.7,1.9
2015-10-08,282,1.2,1.4
2015-10-08,283,1.6,1.7
2015-10-08,284,1.5,1.6
2015-10-08,285,1.5,1.8
2015-10-08,286,1.7,1.9
2015-10-08,287,1.7,1.9
2015-10-08,288,1.5,1.6
2015-10-08,289,1.7,1.9
2015-10-08,290,1.7,1.9
2015-10-08,291,8,15
2015-10-08,292,,
2015-10-08,293,,
2015-10-08,294,,
2015-10-08,295,,
2015-10-08,296,,
2015-10-08,297,,
2015-10-08,298,,
2015-10-08,299,,
2015-10-08,300,0.4,0.5
2015-10-08,301,,
2015-10-08,302,,
2015-10-08,305,,
2015-10-08,306,,
2015-10-08,307,,
2015-10-08,308,,
2015-10-08,309,,
2015-10-08,310,0.4,0.5
2015-10-08,311,,
2015-10-08,313,,
2015-10-08,314,,
2015-10-08,315,0.3,0.4
2015-10-08,316,,
2015-10-08,317,,
2015-10-08,318,,
2015-10-08,319,,
2015-10-08,321,0.4,0.5
2015-10-08,330,8.5,8.9
2015-10-08,331,7.95,8.35
2015-10-08,332,7.45,7.85
2015-10-08,339,,
2015-10-08,368,115,120
2015-10-08,408,75,80
2015-10-08,416,65,70
2015-10-08,445,,
2015-10-08,451,,
2015-10-08,468,2.1,2.3
2015-10-08,472,183,185
2015-10-08,481,1.75,1.95
2015-10-08,482,2.8,3
2015-10-08,483,2.4,2.6
2015-10-08,499,,
2015-10-08,500,,
2015-10-08,513,3.6,4
2015-10-08,514,2.7,3
2015-10-08,515,3,3.2
2015-10-08,555,90,97
2015-10-08,556,100,105
2015-10-08,589,,
2015-10-08,590,2.25,2.5
2015-10-08,591,1.6,1.8
2015-10-08,605,,
2015-10-08,610,,
2015-10-08,611,,
2015-10-08,627,1.8,2.2
2015-10-08,631,0.35,0.45
2015-10-08,681,,
2015-10-08,696,,
2015-10-08,703,225,230
2015-10-08,704,210,215
2015-10-08,705,165,170
2015-10-08,732,160,170
2015-10-08,750,170,172
2015-10-08,751,175,180
2015-10-08,772,225,230
2015-10-08,773,190,200
2015-10-08,793,222,227
2015-10-08,794,185,191
2015-10-08,795,178,184
2015-10-08,796,,
2015-10-08,797,280,285
2015-10-08,798,270,275
2015-10-08,799,,
2015-10-08,801,275,280
2015-10-08,802,,
2015-10-08,838,50,55
2015-10-08,839,70,80
2015-10-08,844,2.2,2.6
2015-10-08,845,1.4,1.6
2015-10-08,846,1.8,2
2015-10-08,862,,
2015-10-08,964,285,290
2015-10-08,971,290,310
2015-10-08,1134,,
2015-10-08,1135,0.52,0.57
2015-10-08,1141,0.5,0.6
2015-10-08,1142,0.35,0.5
2015-10-08,1144,100,103
2015-10-08,1145,105,110
2015-10-08,1146,0.4,0.5
2015-10-08,1147,0.35,0.45
2015-10-08,1148,2.2,2.6
2015-10-08,1150,,
2015-10-15,6,253,255
2015-10-15,7,257,259
2015-10-15,8,,
2015-10-15,10,245,249
2015-10-15,11,,
2015-10-15,12,,
2015-10-15,13,,
2015-10-15,14,188,192
2015-10-15,21,171,173
2015-10-15,22,184,186
2015-10-15,23,193,195
2015-10-15,24,,
2015-10-15,27,188,190
2015-10-15,28,170,175
2015-10-15,29,,
2015-10-15,32,388,397
2015-10-15,33,368,377
2015-10-15,34,359,367
2015-10-15,35,472,481
2015-10-15,36,462,472
2015-10-15,37,434,444
2015-10-15,38,489,495
2015-10-15,39,555,566
2015-10-15,40,126,127
2015-10-15,41,132,133
2015-10-15,42,170,173
2015-10-15,43,132,134
2015-10-15,44,,
2015-10-15,45,166,167
2015-10-15,46,172,173
2015-10-15,47,203,208
2015-10-15,48,124,125
2015-10-15,49,133,134
2015-10-15,50,135,137
2015-10-15,51,225,227
2015-10-15,52,320,330
2015-10-15,53,431,441
2015-10-15,54,235,240
2015-10-15,55,264,274
2015-10-15,56,470,490
2015-10-15,57,310,320
2015-10-15,58,620,640
2015-10-15,59,570,600
2015-10-15,60,206,216
2015-10-15,61,206,216
2015-10-15,62,340,350
2015-10-15,63,347,350
2015-10-15,64,,
2015-10-15,65,338,343
2015-10-15,66,,
2015-10-15,67,300,310
2015-10-15,68,353,354
2015-10-15,69,351,352
2015-10-15,70,380,381
2015-10-15,71,378,379
2015-10-15,72,364,366
2015-10-15,73,361,363
2015-10-15,74,451,453
2015-10-15,75,448,450
2015-10-15,76,176,180
2015-10-15,77,257,262
2015-10-15,78,265,270
2015-10-15,85,110,112
2015-10-15,86,110,112
2015-10-15,87,1540,1560
2015-10-15,88,1615,1620
2015-10-15,89,184,185
2015-10-15,90,180,183
2015-10-15,91,,
2015-10-15,92,158,160
2015-10-15,93,197,199
2015-10-15,94,,
2015-10-15,95,,
2015-10-15,96,,
2015-10-15,97,,
2015-10-15,98,570,580
2015-10-15,99,620,630
2015-10-15,100,355,365
2015-10-15,101,,
2015-10-15,102,,
2015-10-15,103,1050,1150
2015-10-15,104,710,810
2015-10-15,105,620,720
2015-10-15,106,600,700
2015-10-15,107,550,650
2015-10-15,108,650,750
2015-10-15,109,670,770
2015-10-15,110,335,345
2015-10-15,111,315,330
2015-10-15,112,220,235
2015-10-15,113,137,139
2015-10-15,114,116,119
2015-10-15,115,1900,2300
2015-10-15,116,,
2015-10-15,117,2400,2500
2015-10-15,118,1900,2000
2015-10-15,119,1300,1500
2015-10-15,120,800,850
2015-10-15,121,,
2015-10-15,122,,
2015-10-15,123,,
2015-10-15,124,,
2015-10-15,125,,
2015-10-15,126,,
2015-10-15,127,1300,1400
2015-10-15,128,,
2015-10-15,129,690,760
2015-10-15,130,520,560
2015-10-15,131,620,670
2015-10-15,132,440,480
2015-10-15,133,,
2015-10-15,134,630,730
2015-10-15,135,420,480
2015-10-15,136,730,820
2015-10-15,137,550,590
2015-10-15,138,650,690
2015-10-15,139,490,540
2015-10-15,140,3200,3300
2015-10-15,141,,
2015-10-15,142,1550,1650
2015-10-15,143,,
2015-10-15,144,1450,1500
2015-10-15,145,1100,1200
2015-10-15,146,,
2015-10-15,147,1600,1800
2015-10-15,148,,
2015-10-15,149,20,120
2015-10-15,150,40,50
2015-10-15,151,40,50
2015-10-15,152,40,50
2015-10-15,175,0.45,0.5
2015-10-15,176,0.6,0.65
2015-10-15,178,0.55,0.6
2015-10-15,183,4.8,5
2015-10-15,184,5.7,6
2015-10-15,186,2,2.2
2015-10-15,189,,
2015-10-15,190,,
2015-10-15,191,1.55,1.65
2015-10-15,192,1.75,1.95
2015-10-15,194,2.7,3.1
2015-10-15,195,2.7,3.1
2015-10-15,196,2.4,2.6
2015-10-15,197,1.4,1.6
2015-10-15,198,,
2015-10-15,204,2.4,2.6
2015-10-15,206,2.3,2.9
2015-10-15,210,1.9,2.25
2015-10-15,211,2.15,2.45
2015-10-15,221,30,35
2015-10-15,222,37,52
2015-10-15,223,,1.27
2015-10-15,230,5.6,5.9
2015-10-15,231,5.7,5.9
2015-10-15,232,6.2,6.4
2015-10-15,233,5.1,5.3
2015-10-15,234,1.9,2.1
2015-10-15,235,2.5,2.6
2015-10-15,236,2.3,2.4
2015-10-15,237,,
2015-10-15,238,,
2015-10-15,239,3,3.2
2015-10-15,240,,
2015-10-15,241,,
2015-10-15,242,,
2015-10-15,243,,
2015-10-15,244,3,3.2
2015-10-15,245,3,4
2015-10-15,246,3.3,3.6
2015-10-15,247,0.55,0.65
2015-10-15,248,0.55,0.65
2015-10-15,249,0.7,0.85
2015-10-15,250,0.75,0.85
2015-10-15,251,0.8,0.9
2015-10-15,252,0.8,0.9
2015-10-15,253,0.8,0.9
2015-10-15,254,0.65,0.75
2015-10-15,255,0.8,0.9
2015-10-15,256,1.2,1.5
2015-10-15,257,1.2,1.5
2015-10-15,258,1.2,1.5
2015-10-15,259,1.5,1.7
2015-10-15,260,1.6,1.75
2015-10-15,261,1.6,1.7
2015-10-15,262,1.7,1.8
2015-10-15,263,1.5,1.7
2015-10-15,264,1.6,1.7
2015-10-15,265,0.65,0.75
2015-10-15,266,0.8,0.95
2015-10-15,267,0.75,0.85
2015-10-15,268,0.9,1
2015-10-15,269,0.6,0.65
2015-10-15,270,1.5,1.6
2015-10-15,271,1.6,1.7
2015-10-15,272,1.5,1.6
2015-10-15,273,1.7,1.9
2015-10-15,274,1.7,1.9
2015-10-15,275,1.7,1.9
2015-10-15,276,1.85,1.9
2015-10-15,277,2.05,2.2
2015-10-15,278,1.85,2
2015-10-15,279,1.7,1.9
2015-10-15,280,1.3,1.5
2015-10-15,281,1.7,1.9
2015-10-15,282,1.2,1.4
2015-10-15,283,1.6,1.7
2015-10-15,284,1.5,1.6
2015-10-15,285,1.5,1.8
2015-10-15,286,1.7,1.9
2015-10-15,287,1.7,1.9
2015-10-15,288,1.5,1.6
2015-10-15,289,1.7,1.9
2015-10-15,290,1.7,1.9
2015-10-15,291,8,15
2015-10-15,292,,
2015-10-15,293,,
2015-10-15,294,,
2015-10-15,295,,
2015-10-15,296,,
2015-10-15,297,,
2015-10-15,298,,
2015-10-15,299,,
2015-10-15,300,0.4,0.5
2015-10-15,301,,
2015-10-15,302,,
2015-10-15,305,,
2015-10-15,306,,
2015-10-15,307,,
2015-10-15,308,,
2015-10-15,309,,
2015-10-15,310,0.4,0.5
2015-10-15,311,,
2015-10-15,313,,
2015-10-15,314,,
2015-10-15,315,0.3,0.4
2015-10-15,316,,
2015-10-15,317,,
2015-10-15,318,,
2015-10-15,319,,
2015-10-15,321,0.4,0.5
2015-10-15,330,8.5,8.9
2015-10-15,331,7.95,8.35
2015-10-15,332,7.45,7.85
2015-10-15,339,,
2015-10-15,368,120,125
2015-10-15,408,75,80
2015-10-15,416,65,70
2015-10-15,445,,
2015-10-15,451,,
2015-10-15,468,,
2015-10-15,472,185,187
2015-10-15,481,1.75,1.95
2015-10-15,482,2.8,3
2015-10-15,483,2.4,2.6
2015-10-15,499,,
2015-10-15,500,,
2015-10-15,513,3.6,4
2015-10-15,514,2.7,3
2015-10-15,515,3,3.2
2015-10-15,555,95,102
2015-10-15,556,105,110
2015-10-15,589,2,2.2
2015-10-15,590,2.25,2.5
2015-10-15,591,,
2015-10-15,605,,
2015-10-15,610,,
2015-10-15,611,,
2015-10-15,627,1.8,2.2
2015-10-15,631,0.3,0.35
2015-10-15,681,,
2015-10-15,696,,
2015-10-15,703,225,230
2015-10-15,704,210,215
2015-10-15,705,165,170
2015-10-15,732,160,170
2015-10-15,750,173,175
2015-10-15,751,178,183
2015-10-15,772,225,230
2015-10-15,773,190,200
2015-10-15,793,222,227
2015-10-15,794,187,193
2015-10-15,795,180,186
2015-10-15,796,,
2015-10-15,797,277,282
2015-10-15,798,267,272
2015-10-15,799,,
2015-10-15,801,272,277
2015-10-15,802,,
2015-10-15,838,50,55
2015-10-15,839,70,80
2015-10-15,844,2.3,2.7
2015-10-15,845,1.4,1.6
2015-10-15,846,1.8,2
2015-10-15,862,,
2015-10-15,964,282,287
2015-10-15,971,290,310
2015-10-15,1134,,
2015-10-15,1135,0.52,0.57
2015-10-15,1141,0.5,0.6
2015-10-15,1142,0.35,0.5
2015-10-15,1144,105,108
2015-10-15,1145,110,115
2015-10-15,1146,0.4,0.5
2015-10-15,1148,2.3,2.7
2015-10-15,1149,0.4,0.45
2015-10-15,1150,2.4,2.6
2015-10-15,1151,0.4,0.45
2015-10-15,1152,,
2015-10-22,6,253,255
2015-10-22,7,257,259
2015-10-22,8,,
2015-10-22,10,245,249
2015-10-22,11,,
2015-10-22,12,,
2015-10-22,13,,
2015-10-22,14,188,192
2015-10-22,21,171,173
2015-10-22,22,184,186
2015-10-22,23,193,195
2015-10-22,24,,
2015-10-22,27,190,192
2015-10-22,28,173,178
2015-10-22,29,,
2015-10-22,32,388,397
2015-10-22,33,368,377
2015-10-22,34,359,367
2015-10-22,35,472,481
2015-10-22,36,462,472
2015-10-22,37,434,444
2015-10-22,38,479,485
2015-10-22,39,545,556
2015-10-22,40,126,127
2015-10-22,41,132,133
2015-10-22,42,170,173
2015-10-22,43,130,132
2015-10-22,44,,
2015-10-22,45,166,167
2015-10-22,46,172,173
2015-10-22,47,203,208
2015-10-22,48,124,125
2015-10-22,49,131,132
2015-10-22,50,138,140
2015-10-22,51,225,227
2015-10-22,52,320,330
2015-10-22,53,421,431
2015-10-22,54,240,245
2015-10-22,55,271,281
2015-10-22,56,470,490
2015-10-22,57,310,320
2015-10-22,58,628,648
2015-10-22,59,570,600
2015-10-22,60,206,216
2015-10-22,61,206,216
2015-10-22,62,340,350
2015-10-22,63,350,353
2015-10-22,64,,
2015-10-22,65,341,346
2015-10-22,66,,
2015-10-22,67,300,310
2015-10-22,68,356,357
2015-10-22,69,354,355
2015-10-22,70,383,384
2015-10-22,71,381,382
2015-10-22,72,367,369
2015-10-22,73,364,366
2015-10-22,74,454,456
2015-10-22,75,451,453
2015-10-22,76,179,183
2015-10-22,77,257,262
2015-10-22,78,265,270
2015-10-22,85,110,112
2015-10-22,86,110,112
2015-10-22,87,1540,1560
2015-10-22,88,1615,1620
2015-10-22,89,184,185
2015-10-22,90,180,183
2015-10-22,91,,
2015-10-22,92,158,160
2015-10-22,93,197,199
2015-10-22,94,,
2015-10-22,95,,
2015-10-22,96,,
2015-10-22,97,,
2015-10-22,98,660,670
2015-10-22,99,680,690
2015-10-22,100,375,385
2015-10-22,101,,
2015-10-22,102,,
2015-10-22,103,1230,1330
2015-10-22,104,750,850
2015-10-22,105,640,740
2015-10-22,106,620,720
2015-10-22,107,550,650
2015-10-22,108,650,750
2015-10-22,109,690,790
2015-10-22,110,335,345
2015-10-22,111,315,330
2015-10-22,112,220,235
2015-10-22,113,137,139
2015-10-22,114,116,119
2015-10-22,115,1900,2300
2015-10-22,116,,
2015-10-22,117,2400,2500
2015-10-22,118,1900,2000
2015-10-22,119,1300,1500
2015-10-22,120,800,850
2015-10-22,121,,
2015-10-22,122,,
2015-10-22,123,,
2015-10-22,124,,
2015-10-22,125,,
2015-10-22,126,,
2015-10-22,127,1300,1400
2015-10-22,128,,
2015-10-22,129,690,760
2015-10-22,130,520,560
2015-10-22,131,620,670
2015-10-22,132,440,480
2015-10-22,133,,
2015-10-22,134,630,730
2015-10-22,135,420,480
2015-10-22,136,730,820
2015-10-22,137,550,590
2015-10-22,138,650,690
2015-10-22,139,490,540
2015-10-22,140,3200,3300
2015-10-22,141,,
2015-10-22,142,1550,1650
2015-10-22,143,,
2015-10-22,144,1450,1500
2015-10-22,145,1100,1200
2015-10-22,146,,
2015-10-22,147,1600,1800
2015-10-22,148,,
2015-10-22,149,20,120
2015-10-22,150,40,50
2015-10-22,151,40,50
2015-10-22,152,40,50
2015-10-22,175,0.45,0.5
2015-10-22,176,0.6,0.65
2015-10-22,178,0.55,0.6
2015-10-22,183,4.8,5
2015-10-22,184,5.7,6
2015-10-22,186,2,2.2
2015-10-22,189,,
2015-10-22,190,1.6,1.8
2015-10-22,191,1.55,1.65
2015-10-22,192,1.75,1.95
2015-10-22,194,2.7,3.1
2015-10-22,195,2.7,3.1
2015-10-22,196,,
2015-10-22,197,1.4,1.6
2015-10-22,198,,
2015-10-22,204,2.4,2.6
2015-10-22,206,2.8,3.2
2015-10-22,210,1.9,2.25
2015-10-22,211,2.15,2.45
2015-10-22,221,33,38
2015-10-22,222,40,55
2015-10-22,223,,1.3
2015-10-22,230,5.6,5.9
2015-10-22,231,5.7,5.9
2015-10-22,232,6.2,6.4
2015-10-22,233,5.1,5.3
2015-10-22,234,1.9,2.1
2015-10-22,235,2.5,2.6
2015-10-22,236,2.3,2.4
2015-10-22,237,,
2015-10-22,238,,
2015-10-22,239,3,3.2
2015-10-22,240,,
2015-10-22,241,,
2015-10-22,242,,
2015-10-22,243,,
2015-10-22,244,3,3.2
2015-10-22,245,3,4
2015-10-22,246,3.3,3.6
2015-10-22,247,0.55,0.65
2015-10-22,248,0.55,0.65
2015-10-22,249,0.7,0.85
2015-10-22,250,0.75,0.85
2015-10-22,251,0.8,0.9
2015-10-22,252,0.8,0.9
2015-10-22,253,0.8,0.9
2015-10-22,254,0.65,0.75
2015-10-22,255,0.8,0.9
2015-10-22,256,1.2,1.5
2015-10-22,257,1.2,1.5
2015-10-22,258,1.2,1.5
2015-10-22,259,1.5,1.7
2015-10-22,260,1.6,1.75
2015-10-22,261,1.6,1.7
2015-10-22,262,1.7,1.8
2015-10-22,263,1.5,1.7
2015-10-22,264,1.6,1.7
2015-10-22,265,0.65,0.75
2015-10-22,266,0.8,0.95
2015-10-22,267,0.75,0.85
2015-10-22,268,0.9,1
2015-10-22,269,0.6,0.65
2015-10-22,270,1.5,1.6
2015-10-22,271,1.6,1.7
2015-10-22,272,1.5,1.6
2015-10-22,273,1.7,1.9
2015-10-22,274,1.7,1.9
2015-10-22,275,1.7,1.9
2015-10-22,276,1.85,1.9
2015-10-22,277,2.05,2.2
2015-10-22,278,1.85,2
2015-10-22,279,1.7,1.9
2015-10-22,280,1.3,1.5
2015-10-22,281,1.7,1.9
2015-10-22,282,1.2,1.4
2015-10-22,283,1.6,1.7
2015-10-22,284,1.5,1.6
2015-10-22,285,1.5,1.8
2015-10-22,286,1.7,1.9
2015-10-22,287,1.7,1.9
2015-10-22,288,1.5,1.6
2015-10-22,289,1.7,1.9
2015-10-22,290,1.7,1.9
2015-10-22,291,8,15
2015-10-22,292,,
2015-10-22,293,,
2015-10-22,294,,
2015-10-22,295,,
2015-10-22,296,,
2015-10-22,297,,
2015-10-22,298,,
2015-10-22,299,,
2015-10-22,300,0.4,0.5
2015-10-22,301,,
2015-10-22,302,,
2015-10-22,305,,
2015-10-22,306,,
2015-10-22,307,,
2015-10-22,308,,
2015-10-22,309,,
2015-10-22,310,0.4,0.5
2015-10-22,311,,
2015-10-22,313,,
2015-10-22,314,,
2015-10-22,315,0.3,0.4
2015-10-22,316,,
2015-10-22,317,,
2015-10-22,318,,
2015-10-22,319,,
2015-10-22,321,0.4,0.5
2015-10-22,330,8.5,8.9
2015-10-22,331,7.95,8.35
2015-10-22,332,7.45,7.85
2015-10-22,339,,
2015-10-22,368,120,125
2015-10-22,408,75,80
2015-10-22,416,65,70
2015-10-22,445,,
2015-10-22,451,,
2015-10-22,472,185,187
2015-10-22,481,1.75,1.95
2015-10-22,482,,
2015-10-22,483,,
2015-10-22,499,,
2015-10-22,500,,
2015-10-22,513,3.6,4
2015-10-22,514,2.7,3
2015-10-22,515,3,3.2
2015-10-22,555,95,102
2015-10-22,556,105,110
2015-10-22,589,2,2.2
2015-10-22,590,2.25,2.5
2015-10-22,610,,
2015-10-22,611,,
2015-10-22,627,1.9,2.3
2015-10-22,631,0.27,0.32
2015-10-22,643,,
2015-10-22,644,,
2015-10-22,645,,
2015-10-22,681,,
2015-10-22,696,,
2015-10-22,703,225,230
2015-10-22,704,210,215
2015-10-22,705,165,170
2015-10-22,732,160,170
2015-10-22,750,175,177
2015-10-22,751,180,185
2015-10-22,772,225,230
2015-10-22,773,190,200
2015-10-22,793,222,227
2015-10-22,794,187,193
2015-10-22,795,180,186
2015-10-22,796,,
2015-10-22,797,269,274
2015-10-22,798,259,264
2015-10-22,799,,
2015-10-22,801,264,269
2015-10-22,802,,
2015-10-22,838,50,55
2015-10-22,839,70,80
2015-10-22,844,2.3,2.7
2015-10-22,845,1.4,1.6
2015-10-22,846,,
2015-10-22,850,,
2015-10-22,862,,
2015-10-22,964,274,279
2015-10-22,971,290,310
2015-10-22,1135,0.52,0.57
2015-10-22,1141,0.5,0.6
2015-10-22,1142,0.35,0.5
2015-10-22,1144,105,108
2015-10-22,1145,110,115
2015-10-22,1146,,
2015-10-22,1148,,
2015-10-22,1150,2.4,2.6
2015-10-22,1151,0.4,0.45
2015-10-22,1152,0.37,0.47
2015-10-22,1153,0.37,0.47
2015-10-29,6,253,255
2015-10-29,7,257,259
2015-10-29,8,,
2015-10-29,10,245,249
2015-10-29,11,,
2015-10-29,12,,
2015-10-29,13,,
2015-10-29,14,188,192
2015-10-29,21,173,175
2015-10-29,22,186,188
2015-10-29,23,193,195
2015-10-29,24,,
2015-10-29,27,192,194
2015-10-29,28,175,180
2015-10-29,29,,
2015-10-29,32,388,397
2015-10-29,33,368,377
2015-10-29,34,359,367
2015-10-29,35,472,481
2015-10-29,36,462,472
2015-10-29,37,434,444
2015-10-29,38,479,485
2015-10-29,39,545,556
2015-10-29,40,126,127
2015-10-29,41,132,133
2015-10-29,42,170,173
2015-10-29,43,130,132
2015-10-29,44,,
2015-10-29,45,166,167
2015-10-29,46,172,173
2015-10-29,47,203,208
2015-10-29,48,124,125
2015-10-29,49,131,132
2015-10-29,50,138,140
2015-10-29,51,225,227
2015-10-29,52,320,330
2015-10-29,53,421,431
2015-10-29,54,240,245
2015-10-29,55,271,281
2015-10-29,56,470,490
2015-10-29,57,310,320
2015-10-29,58,628,648
2015-10-29,59,570,600
2015-10-29,60,206,216
2015-10-29,61,206,216
2015-10-29,62,340,350
2015-10-29,63,354,357
2015-10-29,64,,
2015-10-29,65,345,350
2015-10-29,66,,
2015-10-29,67,303,313
2015-10-29,68,356,357
2015-10-29,69,354,355
2015-10-29,70,383,384
2015-10-29,71,381,382
2015-10-29,72,367,369
2015-10-29,73,364,366
2015-10-29,74,454,456
2015-10-29,75,451,453
2015-10-29,76,184,188
2015-10-29,77,257,262
2015-10-29,78,265,270
2015-10-29,85,110,112
2015-10-29,86,110,112
2015-10-29,87,1580,1600
2015-10-29,88,1655,1660
2015-10-29,89,184,185
2015-10-29,90,180,183
2015-10-29,91,,
2015-10-29,92,160,162
2015-10-29,93,199,201
2015-10-29,94,,
2015-10-29,95,,
2015-10-29,96,,
2015-10-29,97,,
2015-10-29,98,660,670
2015-10-29,99,680,690
2015-10-29,100,375,385
2015-10-29,101,,
2015-10-29,102,,
2015-10-29,103,1230,1330
2015-10-29,104,750,850
2015-10-29,105,640,740
2015-10-29,106,620,720
2015-10-29,107,550,650
2015-10-29,108,650,750
2015-10-29,109,690,790
2015-10-29,110,335,345
2015-10-29,111,315,330
2015-10-29,112,220,235
2015-10-29,113,137,139
2015-10-29,114,116,119
2015-10-29,115,1900,2300
2015-10-29,116,,
2015-10-29,117,2400,2500
2015-10-29,118,1900,2000
2015-10-29,119,1300,1500
2015-10-29,120,800,850
2015-10-29,121,,
2015-10-29,122,,
2015-10-29,123,,
2015-10-29,124,,
2015-10-29,125,,
2015-10-29,126,1650,1750
2015-10-29,127,1300,1400
2015-10-29,128,650,750
2015-10-29,129,690,760
2015-10-29,130,520,560
2015-10-29,131,620,670
2015-10-29,132,440,480
2015-10-29,133,700,800
2015-10-29,134,630,730
2015-10-29,135,420,480
2015-10-29,136,730,820
2015-10-29,137,550,590
2015-10-29,138,650,690
2015-10-29,139,490,540
2015-10-29,140,3200,3300
2015-10-29,141,,
2015-10-29,142,1550,1650
2015-10-29,143,1000,1100
2015-10-29,144,1450,1500
2015-10-29,145,1100,1200
2015-10-29,146,1900,2000
2015-10-29,147,1600,1800
2015-10-29,148,,
2015-10-29,149,20,120
2015-10-29,150,40,50
2015-10-29,151,40,50
2015-10-29,152,40,50
2015-10-29,175,0.45,0.5
2015-10-29,176,0.57,0.62
2015-10-29,178,0.52,0.57
2015-10-29,183,4.8,5
2015-10-29,184,5.7,6
2015-10-29,186,2,2.2
2015-10-29,187,,
2015-10-29,189,,
2015-10-29,190,1.6,1.8
2015-10-29,191,1.55,1.65
2015-10-29,192,1.75,1.95
2015-10-29,194,2.7,3.1
2015-10-29,195,2.7,3.1
2015-10-29,196,,
2015-10-29,197,1.4,1.6
2015-10-29,198,,
2015-10-29,204,2.4,2.6
2015-10-29,206,,
2015-10-29,210,1.9,2.25
2015-10-29,211,2.15,2.45
2015-10-29,213,,
2015-10-29,221,33,38
2015-10-29,222,40,55
2015-10-29,223,,1.35
2015-10-29,230,5.6,5.9
2015-10-29,231,5.7,5.9
2015-10-29,232,6.2,6.4
2015-10-29,233,5.1,5.3
2015-10-29,234,1.9,2.1
2015-10-29,235,2.5,2.6
2015-10-29,236,2.3,2.4
2015-10-29,237,,
2015-10-29,238,,
2015-10-29,239,3,3.2
2015-10-29,240,,
2015-10-29,241,,
2015-10-29,242,,
2015-10-29,243,,
2015-10-29,244,3,3.2
2015-10-29,245,3,4
2015-10-29,246,3.3,3.6
2015-10-29,247,0.55,0.65
2015-10-29,248,0.55,0.65
2015-10-29,249,0.7,0.85
2015-10-29,250,0.75,0.85
2015-10-29,251,0.8,0.9
2015-10-29,252,0.8,0.9
2015-10-29,253,0.8,0.9
2015-10-29,254,0.65,0.75
2015-10-29,255,0.8,0.9
2015-10-29,256,1.2,1.5
2015-10-29,257,1.2,1.5
2015-10-29,258,1.2,1.5
2015-10-29,259,1.5,1.7
2015-10-29,260,1.6,1.75
2015-10-29,261,1.6,1.7
2015-10-29,262,1.7,1.8
2015-10-29,263,1.5,1.7
2015-10-29,264,1.6,1.7
2015-10-29,265,0.65,0.75
2015-10-29,266,0.8,0.95
2015-10-29,267,0.75,0.85
2015-10-29,268,0.9,1
2015-10-29,269,0.6,0.65
2015-10-29,270,1.5,1.6
2015-10-29,271,1.6,1.7
2015-10-29,272,1.5,1.6
2015-10-29,273,1.7,1.9
2015-10-29,274,1.7,1.9
2015-10-29,275,1.7,1.9
2015-10-29,276,1.85,1.9
2015-10-29,277,2.05,2.2
2015-10-29,278,1.85,2
2015-10-29,279,1.7,1.9
2015-10-29,280,1.3,1.5
2015-10-29,281,1.7,1.9
2015-10-29,282,1.2,1.4
2015-10-29,283,1.6,1.7
2015-10-29,284,1.5,1.6
2015-10-29,285,1.5,1.8
2015-10-29,286,1.7,1.9
2015-10-29,287,1.7,1.9
2015-10-29,288,1.5,1.6
2015-10-29,289,1.7,1.9
2015-10-29,290,1.7,1.9
2015-10-29,291,8,15
2015-10-29,292,0.21,0.25
2015-10-29,293,0.2,0.24
2015-10-29,294,0.3,0.4
2015-10-29,295,0.3,0.4
2015-10-29,296,0.23,0.27
2015-10-29,297,0.22,0.26
2015-10-29,298,0.3,0.4
2015-10-29,299,0.3,0.4
2015-10-29,300,0.4,0.5
2015-10-29,301,0.3,0.4
2015-10-29,302,0.35,0.45
2015-10-29,305,0.43,0.45
2015-10-29,306,0.43,0.45
2015-10-29,307,0.38,0.4
2015-10-29,308,0.4,0.45
2015-10-29,309,0.38,0.4
2015-10-29,310,0.43,0.45
2015-10-29,311,0.3,0.4
2015-10-29,313,0.3,0.4
2015-10-29,314,0.3,0.4
2015-10-29,315,0.3,0.4
2015-10-29,316,0.35,0.45
2015-10-29,317,0.4,0.5
2015-10-29,318,0.3,0.4
2015-10-29,319,0.3,0.4
2015-10-29,321,0.4,0.5
2015-10-29,330,8.5,8.9
2015-10-29,331,7.95,8.35
2015-10-29,332,7.45,7.85
2015-10-29,339,,
2015-10-29,368,120,125
2015-10-29,408,75,80
2015-10-29,416,65,70
2015-10-29,445,,
2015-10-29,451,,
2015-10-29,472,185,187
2015-10-29,481,1.75,1.95
2015-10-29,482,,
2015-10-29,483,,
2015-10-29,499,,
2015-10-29,500,,
2015-10-29,513,3.6,4
2015-10-29,514,2.7,3
2015-10-29,515,3,3.2
2015-10-29,555,95,102
2015-10-29,556,105,110
2015-10-29,589,2,2.2
2015-10-29,590,2.25,2.5
2015-10-29,627,1.9,2.3
2015-10-29,631,,
2015-10-29,643,0.9,1
2015-10-29,644,1,1.1
2015-10-29,645,1.25,1.35
2015-10-29,681,,
2015-10-29,696,,
2015-10-29,703,225,230
2015-10-29,704,210,215
2015-10-29,705,165,170
2015-10-29,732,165,175
2015-10-29,750,177,179
2015-10-29,751,182,187
2015-10-29,772,230,235
2015-10-29,773,195,205
2015-10-29,793,222,227
2015-10-29,794,187,193
2015-10-29,795,181,187
2015-10-29,796,,
2015-10-29,797,269,274
2015-10-29,798,259,264
2015-10-29,799,,
2015-10-29,801,264,269
2015-10-29,802,,
2015-10-29,838,50,55
2015-10-29,839,70,80
2015-10-29,844,2.3,2.7
2015-10-29,845,1.4,1.6
2015-10-29,850,,
2015-10-29,862,,
2015-10-29,964,274,279
2015-10-29,971,290,310
2015-10-29,1135,0.52,0.57
2015-10-29,1141,0.5,0.6
2015-10-29,1142,0.35,0.5
2015-10-29,1144,105,108
2015-10-29,1145,110,115
2015-10-29,1150,2.4,2.6
2015-10-29,1151,,
2015-10-29,1153,0.37,0.47
2015-10-29,1154,0.37,0.47
2015-10-29,1155,,
2015-10-29,1156,,
2015-10-29,1157,,
2015-11-05,6,253,255
2015-11-05,7,257,259
2015-11-05,8,,
2015-11-05,10,245,249
2015-11-05,11,,
2015-11-05,12,,
2015-11-05,13,,
2015-11-05,14,188,192
2015-11-05,21,173,175
2015-11-05,22,186,188
2015-11-05,23,190,192
2015-11-05,24,,
2015-11-05,27,192,194
2015-11-05,28,175,180
2015-11-05,29,,
2015-11-05,32,388,397
2015-11-05,33,368,377
2015-11-05,34,359,367
2015-11-05,35,472,481
2015-11-05,36,462,472
2015-11-05,37,434,444
2015-11-05,38,479,485
2015-11-05,39,545,556
2015-11-05,40,126,127
2015-11-05,41,132,133
2015-11-05,42,165,168
2015-11-05,43,130,132
2015-11-05,44,,
2015-11-05,45,166,167
2015-11-05,46,172,173
2015-11-05,47,198,203
2015-11-05,48,124,125
2015-11-05,49,131,132
2015-11-05,50,140,142
2015-11-05,51,225,227
2015-11-05,52,320,330
2015-11-05,53,421,431
2015-11-05,54,240,245
2015-11-05,55,271,281
2015-11-05,56,470,490
2015-11-05,57,310,320
2015-11-05,58,628,648
2015-11-05,59,570,600
2015-11-05,60,206,216
2015-11-05,61,206,216
2015-11-05,62,340,350
2015-11-05,63,354,357
2015-11-05,64,,
2015-11-05,65,345,350
2015-11-05,66,,
2015-11-05,67,311,321
2015-11-05,68,356,357
2015-11-05,69,354,355
2015-11-05,70,383,384
2015-11-05,71,381,382
2015-11-05,72,367,369
2015-11-05,73,364,366
2015-11-05,74,454,456
2015-11-05,75,451,453
2015-11-05,76,184,188
2015-11-05,77,252,257
2015-11-05,78,265,270
2015-11-05,85,110,112
2015-11-05,86,110,112
2015-11-05,87,1600,1620
2015-11-05,88,1695,1700
2015-11-05,89,184,185
2015-11-05,90,180,183
2015-11-05,91,,
2015-11-05,92,160,162
2015-11-05,93,199,201
2015-11-05,94,,
2015-11-05,95,,
2015-11-05,96,,
2015-11-05,97,,
2015-11-05,98,660,670
2015-11-05,99,680,690
2015-11-05,100,375,385
2015-11-05,101,,
2015-11-05,102,,
2015-11-05,103,1230,1330
2015-11-05,104,750,850
2015-11-05,105,640,740
2015-11-05,106,620,720
2015-11-05,107,550,650
2015-11-05,108,650,750
2015-11-05,109,690,790
2015-11-05,110,335,345
2015-11-05,111,315,330
2015-11-05,112,220,235
2015-11-05,113,137,139
2015-11-05,114,116,119
2015-11-05,115,1950,2350
2015-11-05,116,,
2015-11-05,117,2400,2500
2015-11-05,118,1900,2000
2015-11-05,119,1300,1500
2015-11-05,120,800,850
2015-11-05,121,,
2015-11-05,122,,
2015-11-05,123,,
2015-11-05,124,,
2015-11-05,125,,
2015-11-05,126,1650,1750
2015-11-05,127,1300,1400
2015-11-05,128,650,750
2015-11-05,129,690,760
2015-11-05,130,520,560
2015-11-05,131,620,670
2015-11-05,132,440,480
2015-11-05,133,700,800
2015-11-05,134,630,730
2015-11-05,135,420,480
2015-11-05,136,730,820
2015-11-05,137,550,590
2015-11-05,138,650,690
2015-11-05,139,490,540
2015-11-05,140,3200,3300
2015-11-05,141,,
2015-11-05,142,1550,1650
2015-11-05,143,1000,1100
2015-11-05,144,1450,1500
2015-11-05,145,1100,1200
2015-11-05,146,1900,2000
2015-11-05,147,1700,1900
2015-11-05,148,,
2015-11-05,149,20,120
2015-11-05,150,40,50
2015-11-05,151,40,50
2015-11-05,152,40,50
2015-11-05,175,0.45,0.5
2015-11-05,176,0.57,0.62
2015-11-05,178,0.52,0.57
2015-11-05,183,4.8,5
2015-11-05,184,5.7,6
2015-11-05,186,2,2.2
2015-11-05,187,2,2.2
2015-11-05,189,2.3,2.5
2015-11-05,190,1.6,1.8
2015-11-05,191,1.55,1.65
2015-11-05,192,1.75,1.95
2015-11-05,194,2.7,3.1
2015-11-05,195,2.7,3.1
2015-11-05,196,,
2015-11-05,197,1.4,1.6
2015-11-05,198,,
2015-11-05,204,2.4,2.6
2015-11-05,206,,
2015-11-05,210,1.9,2.25
2015-11-05,211,2.15,2.45
2015-11-05,213,2,2.2
2015-11-05,221,33,38
2015-11-05,222,40,55
2015-11-05,223,,1.4
2015-11-05,230,5.6,5.9
2015-11-05,231,5.7,5.9
2015-11-05,232,6.2,6.4
2015-11-05,233,5.1,5.3
2015-11-05,234,1.9,2.1
2015-11-05,235,2.5,2.6
2015-11-05,236,2.3,2.4
2015-11-05,237,,
2015-11-05,238,,
2015-11-05,239,3,3.2
2015-11-05,240,,
2015-11-05,241,,
2015-11-05,242,,
2015-11-05,243,,
2015-11-05,244,3,3.2
2015-11-05,245,3,4
2015-11-05,246,3.3,3.6
2015-11-05,247,0.55,0.65
2015-11-05,248,0.55,0.65
2015-11-05,249,0.7,0.85
2015-11-05,250,0.75,0.85
2015-11-05,251,0.8,0.9
2015-11-05,252,0.8,0.9
2015-11-05,253,0.8,0.9
2015-11-05,254,0.65,0.75
2015-11-05,255,0.8,0.9
2015-11-05,256,1.2,1.5
2015-11-05,257,1.2,1.5
2015-11-05,258,1.2,1.5
2015-11-05,259,1.5,1.7
2015-11-05,260,1.6,1.75
2015-11-05,261,1.6,1.7
2015-11-05,262,1.7,1.8
2015-11-05,263,1.5,1.7
2015-11-05,264,1.6,1.7
2015-11-05,265,0.65,0.75
2015-11-05,266,0.8,0.95
2015-11-05,267,0.75,0.85
2015-11-05,268,0.9,1
2015-11-05,269,0.6,0.65
2015-11-05,270,1.5,1.6
2015-11-05,271,1.6,1.7
2015-11-05,272,1.5,1.6
2015-11-05,273,1.7,1.9
2015-11-05,274,1.7,1.9
2015-11-05,275,1.7,1.9
2015-11-05,276,1.85,1.9
2015-11-05,277,2.05,2.2
2015-11-05,278,1.85,2
2015-11-05,279,1.7,1.9
2015-11-05,280,1.3,1.5
2015-11-05,281,1.7,1.9
2015-11-05,282,1.2,1.4
2015-11-05,283,1.6,1.7
2015-11-05,284,1.5,1.6
2015-11-05,285,1.5,1.8
2015-11-05,286,1.7,1.9
2015-11-05,287,1.7,1.9
2015-11-05,288,1.5,1.6
2015-11-05,289,1.7,1.9
2015-11-05,290,1.7,1.9
2015-11-05,291,8,15
2015-11-05,292,,
2015-11-05,293,,
2015-11-05,294,,
2015-11-05,295,,
2015-11-05,296,,
2015-11-05,297,,
2015-11-05,298,,
2015-11-05,299,,
2015-11-05,300,,
2015-11-05,301,,
2015-11-05,302,,
2015-11-05,305,,
2015-11-05,306,,
2015-11-05,307,,
2015-11-05,308,,
2015-11-05,309,,
2015-11-05,310,,
2015-11-05,311,,
2015-11-05,313,,
2015-11-05,314,,
2015-11-05,315,,
2015-11-05,316,,
2015-11-05,317,,
2015-11-05,318,,
2015-11-05,319,,
2015-11-05,321,,
2015-11-05,330,8.5,8.9
2015-11-05,331,8,8.4
2015-11-05,332,7.45,7.85
2015-11-05,339,,
2015-11-05,368,120,125
2015-11-05,408,75,80
2015-11-05,416,65,70
2015-11-05,445,,
2015-11-05,451,,
2015-11-05,472,185,187
2015-11-05,481,1.75,1.95
2015-11-05,482,,
2015-11-05,483,,
2015-11-05,499,,
2015-11-05,500,,
2015-11-05,513,3.4,3.8
2015-11-05,514,2.5,2.8
2015-11-05,515,2.9,3.1
2015-11-05,555,95,102
2015-11-05,556,105,110
2015-11-05,589,,
2015-11-05,590,2.25,2.5
2015-11-05,627,1.9,2.3
2015-11-05,643,0.9,1
2015-11-05,644,1,1.1
2015-11-05,645,1.25,1.35
2015-11-05,681,,
2015-11-05,696,,
2015-11-05,703,225,230
2015-11-05,704,210,215
2015-11-05,705,165,170
2015-11-05,732,165,175
2015-11-05,750,177,179
2015-11-05,751,182,187
2015-11-05,772,230,235
2015-11-05,773,195,205
2015-11-05,793,222,227
2015-11-05,794,187,193
2015-11-05,795,181,187
2015-11-05,796,,
2015-11-05,797,269,274
2015-11-05,798,259,264
2015-11-05,799,,
2015-11-05,801,264,269
2015-11-05,802,,
2015-11-05,838,50,55
2015-11-05,839,70,80
2015-11-05,844,,
2015-11-05,845,1.4,1.6
2015-11-05,850,2,2.3
2015-11-05,862,,
2015-11-05,964,274,279
2015-11-05,971,,
2015-11-05,1135,0.52,0.57
2015-11-05,1141,,
2015-11-05,1142,,
2015-11-05,1144,105,108
2015-11-05,1145,110,115
2015-11-05,1150,2.1,2.2
2015-11-05,1154,,
2015-11-05,1155,0.85,0.9
2015-11-05,1156,2.1,2.3
2015-11-05,1157,3,4
2015-11-12,6,253,255
2015-11-12,7,257,259
2015-11-12,8,,
2015-11-12,10,245,249
2015-11-12,11,,
2015-11-12,12,,
2015-11-12,13,,
2015-11-12,14,188,192
2015-11-12,21,173,175
2015-11-12,22,186,188
2015-11-12,23,190,192
2015-11-12,24,,
2015-11-12,27,192,194
2015-11-12,28,175,180
2015-11-12,29,,
2015-11-12,32,388,397
2015-11-12,33,368,377
2015-11-12,34,359,367
2015-11-12,35,472,481
2015-11-12,36,462,472
2015-11-12,37,434,444
2015-11-12,38,479,485
2015-11-12,39,545,556
2015-11-12,40,126,127
2015-11-12,41,132,133
2015-11-12,42,163,166
2015-11-12,43,128,130
2015-11-12,44,,
2015-11-12,45,166,167
2015-11-12,46,172,173
2015-11-12,47,196,201
2015-11-12,48,124,125
2015-11-12,49,129,130
2015-11-12,50,143,145
2015-11-12,51,225,227
2015-11-12,52,320,330
2015-11-12,53,421,431
2015-11-12,54,247,252
2015-11-12,55,279,289
2015-11-12,56,470,490
2015-11-12,57,310,320
2015-11-12,58,640,660
2015-11-12,59,570,600
2015-11-12,60,206,216
2015-11-12,61,206,216
2015-11-12,62,340,350
2015-11-12,63,354,357
2015-11-12,64,,
2015-11-12,65,345,350
2015-11-12,66,,
2015-11-12,67,311,321
2015-11-12,68,352,353
2015-11-12,69,350,351
2015-11-12,70,379,380
2015-11-12,71,377,378
2015-11-12,72,363,365
2015-11-12,73,360,362
2015-11-12,74,450,452
2015-11-12,75,447,449
2015-11-12,76,179,183
2015-11-12,77,247,252
2015-11-12,78,265,270
2015-11-12,85,115,117
2015-11-12,86,115,117
2015-11-12,87,1650,1670
2015-11-12,88,1745,1750
2015-11-12,89,184,185
2015-11-12,90,180,183
2015-11-12,91,,
2015-11-12,92,160,162
2015-11-12,93,199,201
2015-11-12,94,,
2015-11-12,95,,
2015-11-12,96,,
2015-11-12,97,,
2015-11-12,98,660,670
2015-11-12,99,670,680
2015-11-12,100,375,385
2015-11-12,101,,
2015-11-12,102,,
2015-11-12,103,1230,1330
2015-11-12,104,750,850
2015-11-12,105,640,740
2015-11-12,106,620,720
2015-11-12,107,550,650
2015-11-12,108,650,750
2015-11-12,109,690,790
2015-11-12,110,335,345
2015-11-12,111,315,330
2015-11-12,112,220,235
2015-11-12,113,137,139
2015-11-12,114,116,119
2015-11-12,115,1950,2350
2015-11-12,116,,
2015-11-12,117,2400,2500
2015-11-12,118,1900,2000
2015-11-12,119,1300,1500
2015-11-12,120,800,850
2015-11-12,121,5200,6000
2015-11-12,122,4400,5500
2015-11-12,123,,
2015-11-12,124,,
2015-11-12,125,,
2015-11-12,126,1650,1750
2015-11-12,127,1300,1400
2015-11-12,128,650,750
2015-11-12,129,690,760
2015-11-12,130,520,560
2015-11-12,131,620,670
2015-11-12,132,440,480
2015-11-12,133,700,800
2015-11-12,134,630,730
2015-11-12,135,420,480
2015-11-12,136,730,820
2015-11-12,137,550,590
2015-11-12,138,650,690
2015-11-12,139,490,540
2015-11-12,140,3200,3300
2015-11-12,141,,
2015-11-12,142,1550,1650
2015-11-12,143,1000,1100
2015-11-12,144,1450,1500
2015-11-12,145,1100,1200
2015-11-12,146,1900,2000
2015-11-12,147,1700,1900
2015-11-12,148,3800,4200
2015-11-12,149,20,120
2015-11-12,150,40,50
2015-11-12,151,40,50
2015-11-12,152,40,50
2015-11-12,175,0.45,0.5
2015-11-12,176,0.57,0.62
2015-11-12,178,0.52,0.57
2015-11-12,183,4.8,5
2015-11-12,184,5.7,6
2015-11-12,186,2,2.2
2015-11-12,187,2,2.2
2015-11-12,189,2.3,2.5
2015-11-12,190,1.6,1.8
2015-11-12,191,1.55,1.65
2015-11-12,192,1.75,1.95
2015-11-12,194,2.7,3.1
2015-11-12,195,2.7,3.1
2015-11-12,196,,
2015-11-12,197,1.4,1.6
2015-11-12,198,,
2015-11-12,204,2.4,2.6
2015-11-12,206,,
2015-11-12,209,,
2015-11-12,210,1.9,2.25
2015-11-12,211,2.15,2.45
2015-11-12,213,2,2.2
2015-11-12,221,33,38
2015-11-12,222,40,55
2015-11-12,223,,1.4
2015-11-12,230,5.6,5.9
2015-11-12,231,5.7,5.9
2015-11-12,232,6.2,6.4
2015-11-12,233,5.1,5.3
2015-11-12,234,1.9,2.1
2015-11-12,235,2.5,2.6
2015-11-12,236,2.3,2.4
2015-11-12,237,,
2015-11-12,238,,
2015-11-12,239,3,3.2
2015-11-12,240,,
2015-11-12,241,,
2015-11-12,242,,
2015-11-12,243,,
2015-11-12,244,3,3.2
2015-11-12,245,3,4
2015-11-12,246,3.3,3.6
2015-11-12,247,0.55,0.65
2015-11-12,248,0.55,0.65
2015-11-12,249,0.7,0.85
2015-11-12,250,0.75,0.85
2015-11-12,251,0.8,0.9
2015-11-12,252,0.8,0.9
2015-11-12,253,0.8,0.9
2015-11-12,254,0.65,0.75
2015-11-12,255,0.8,0.9
2015-11-12,256,1.2,1.5
2015-11-12,257,1.2,1.5
2015-11-12,258,1.2,1.5
2015-11-12,259,1.5,1.7
2015-11-12,260,1.6,1.75
2015-11-12,261,1.6,1.7
2015-11-12,262,1.7,1.8
2015-11-12,263,1.5,1.7
2015-11-12,264,1.6,1.7
2015-11-12,265,0.65,0.75
2015-11-12,266,0.8,0.95
2015-11-12,267,0.75,0.85
2015-11-12,268,0.9,1
2015-11-12,269,0.6,0.65
2015-11-12,270,1.5,1.6
2015-11-12,271,1.6,1.7
2015-11-12,272,1.5,1.6
2015-11-12,273,1.7,1.9
2015-11-12,274,1.7,1.9
2015-11-12,275,1.7,1.9
2015-11-12,276,1.85,1.9
2015-11-12,277,2.05,2.2
2015-11-12,278,1.85,2
2015-11-12,279,1.7,1.9
2015-11-12,280,1.3,1.5
2015-11-12,281,1.7,1.9
2015-11-12,282,1.2,1.4
2015-11-12,283,1.6,1.7
2015-11-12,284,1.5,1.6
2015-11-12,285,1.5,1.8
2015-11-12,286,1.7,1.9
2015-11-12,287,1.7,1.9
2015-11-12,288,1.5,1.6
2015-11-12,289,1.7,1.9
2015-11-12,290,1.7,1.9
2015-11-12,291,8,15
2015-11-12,292,,
2015-11-12,293,,
2015-11-12,294,,
2015-11-12,295,,
2015-11-12,296,,
2015-11-12,297,,
2015-11-12,298,,
2015-11-12,299,,
2015-11-12,300,,
2015-11-12,301,,
2015-11-12,302,,
2015-11-12,305,,
2015-11-12,306,,
2015-11-12,307,,
2015-11-12,308,,
2015-11-12,309,,
2015-11-12,310,,
2015-11-12,311,,
2015-11-12,313,,
2015-11-12,314,,
2015-11-12,315,,
2015-11-12,316,,
2015-11-12,317,,
2015-11-12,318,,
2015-11-12,319,,
2015-11-12,321,,
2015-11-12,330,8.6,9
2015-11-12,331,8.05,8.45
2015-11-12,332,7.5,7.9
2015-11-12,339,,
2015-11-12,368,120,125
2015-11-12,408,75,80
2015-11-12,416,65,70
2015-11-12,445,,
2015-11-12,451,,
2015-11-12,472,185,187
2015-11-12,481,1.75,1.95
2015-11-12,482,,
2015-11-12,483,,
2015-11-12,499,,
2015-11-12,500,,
2015-11-12,513,3.4,3.8
2015-11-12,514,2.5,2.8
2015-11-12,515,2.9,3.1
2015-11-12,555,95,102
2015-11-12,556,105,110
2015-11-12,590,2.25,2.5
2015-11-12,627,1.9,2.3
2015-11-12,643,0.9,1
2015-11-12,644,1,1.1
2015-11-12,645,1.32,1.42
2015-11-12,681,,
2015-11-12,696,,
2015-11-12,703,225,230
2015-11-12,704,210,215
2015-11-12,705,165,170
2015-11-12,732,165,175
2015-11-12,750,177,179
2015-11-12,751,182,187
2015-11-12,772,230,235
2015-11-12,773,195,205
2015-11-12,793,222,227
2015-11-12,794,187,193
2015-11-12,795,181,187
2015-11-12,796,,
2015-11-12,797,269,274
2015-11-12,798,259,264
2015-11-12,799,,
2015-11-12,801,264,269
2015-11-12,802,,
2015-11-12,838,50,55
2015-11-12,839,70,80
2015-11-12,845,1.4,1.6
2015-11-12,850,2,2.3
2015-11-12,862,,
2015-11-12,964,274,279
2015-11-12,971,,
2015-11-12,1135,0.52,0.57
2015-11-12,1141,,
2015-11-12,1142,,
2015-11-12,1144,105,108
2015-11-12,1145,110,115
2015-11-12,1150,2.1,2.2
2015-11-12,1155,0.85,0.9
2015-11-12,1156,2.1,2.3
2015-11-12,1157,3,4
2015-11-19,6,258,260
2015-11-19,7,262,264
2015-11-19,8,,
2015-11-19,10,245,249
2015-11-19,11,,
2015-11-19,12,,
2015-11-19,13,,
2015-11-19,14,188,192
2015-11-19,21,173,175
2015-11-19,22,186,188
2015-11-19,23,190,192
2015-11-19,24,,
2015-11-19,27,191,193
2015-11-19,28,173,178
2015-11-19,29,,
2015-11-19,32,388,397
2015-11-19,33,368,377
2015-11-19,34,359,367
2015-11-19,35,472,481
2015-11-19,36,462,472
2015-11-19,37,434,444
2015-11-19,38,479,485
2015-11-19,39,545,556
2015-11-19,40,126,127
2015-11-19,41,132,133
2015-11-19,42,163,166
2015-11-19,43,128,130
2015-11-19,44,,
2015-11-19,45,166,167
2015-11-19,46,172,173
2015-11-19,47,196,201
2015-11-19,48,124,125
2015-11-19,49,129,130
2015-11-19,50,147,149
2015-11-19,51,225,227
2015-11-19,52,325,335
2015-11-19,53,421,431
2015-11-19,54,251,256
2015-11-19,55,283,293
2015-11-19,56,470,490
2015-11-19,57,310,320
2015-11-19,58,640,660
2015-11-19,59,570,600
2015-11-19,60,206,216
2015-11-19,61,206,216
2015-11-19,62,340,350
2015-11-19,63,351,354
2015-11-19,64,,
2015-11-19,65,345,350
2015-11-19,66,,
2015-11-19,67,311,321
2015-11-19,68,342,343
2015-11-19,69,340,341
2015-11-19,70,374,375
2015-11-19,71,372,373
2015-11-19,72,353,355
2015-11-19,73,350,352
2015-11-19,74,445,447
2015-11-19,75,442,444
2015-11-19,76,179,183
2015-11-19,77,242,247
2015-11-19,78,260,265
2015-11-19,85,115,117
2015-11-19,86,115,117
2015-11-19,87,1680,1700
2015-11-19,88,1755,1760
2015-11-19,89,184,185
2015-11-19,90,180,183
2015-11-19,91,,
2015-11-19,92,160,162
2015-11-19,93,199,201
2015-11-19,94,,
2015-11-19,95,,
2015-11-19,96,,
2015-11-19,97,,
2015-11-19,98,660,670
2015-11-19,99,670,680
2015-11-19,100,375,385
2015-11-19,101,,
2015-11-19,102,,
2015-11-19,103,1230,1330
2015-11-19,104,750,850
2015-11-19,105,640,740
2015-11-19,106,620,720
2015-11-19,107,550,650
2015-11-19,108,650,750
2015-11-19,109,690,790
2015-11-19,110,335,345
2015-11-19,111,315,330
2015-11-19,112,220,235
2015-11-19,113,137,139
2015-11-19,114,116,119
2015-11-19,115,2000,2400
2015-11-19,116,,
2015-11-19,117,2400,2500
2015-11-19,118,1900,2000
2015-11-19,119,1300,1500
2015-11-19,120,800,850
2015-11-19,121,5200,6000
2015-11-19,122,4400,5500
2015-11-19,123,,
2015-11-19,124,,
2015-11-19,125,,
2015-11-19,126,1650,1750
2015-11-19,127,1300,1400
2015-11-19,128,650,750
2015-11-19,129,690,760
2015-11-19,130,520,560
2015-11-19,131,620,670
2015-11-19,132,440,480
2015-11-19,133,700,800
2015-11-19,134,630,730
2015-11-19,135,420,480
2015-11-19,136,730,820
2015-11-19,137,550,590
2015-11-19,138,650,690
2015-11-19,139,490,540
2015-11-19,140,3200,3300
2015-11-19,141,,
2015-11-19,142,1550,1650
2015-11-19,143,1000,1100
2015-11-19,144,1450,1500
2015-11-19,145,1100,1200
2015-11-19,146,1900,2000
2015-11-19,147,1700,2000
2015-11-19,148,3800,4200
2015-11-19,149,20,120
2015-11-19,150,40,50
2015-11-19,151,40,50
2015-11-19,152,40,50
2015-11-19,175,0.45,0.5
2015-11-19,176,0.57,0.62
2015-11-19,178,0.52,0.57
2015-11-19,183,4.8,5
2015-11-19,184,5.7,6
2015-11-19,186,2,2.2
2015-11-19,187,2,2.2
2015-11-19,189,2.3,2.5
2015-11-19,190,1.6,1.8
2015-11-19,191,1.55,1.65
2015-11-19,192,1.75,1.95
2015-11-19,194,2.7,3.1
2015-11-19,195,2.7,3.1
2015-11-19,196,,
2015-11-19,197,1.4,1.6
2015-11-19,198,,
2015-11-19,204,2.4,2.6
2015-11-19,206,,
2015-11-19,209,1.5,1.7
2015-11-19,210,1.9,2.25
2015-11-19,211,2.15,2.45
2015-11-19,213,1.9,2.1
2015-11-19,216,,
2015-11-19,221,33,38
2015-11-19,222,40,55
2015-11-19,223,,1.4
2015-11-19,230,5.6,5.9
2015-11-19,231,5.7,5.9
2015-11-19,232,6.2,6.4
2015-11-19,233,5.1,5.3
2015-11-19,234,1.9,2.1
2015-11-19,235,2.5,2.6
2015-11-19,236,2.3,2.4
2015-11-19,237,,
2015-11-19,238,,
2015-11-19,239,3,3.2
2015-11-19,240,,
2015-11-19,241,,
2015-11-19,242,,
2015-11-19,243,,
2015-11-19,244,3,3.2
2015-11-19,245,3,4
2015-11-19,246,3.3,3.6
2015-11-19,247,0.55,0.65
2015-11-19,248,0.55,0.65
2015-11-19,249,0.7,0.85
2015-11-19,250,0.75,0.85
2015-11-19,251,0.8,0.9
2015-11-19,252,0.8,0.9
2015-11-19,253,0.8,0.9
2015-11-19,254,0.65,0.75
2015-11-19,255,0.8,0.9
2015-11-19,256,1.2,1.5
2015-11-19,257,1.2,1.5
2015-11-19,258,1.2,1.5
2015-11-19,259,1.5,1.7
2015-11-19,260,1.6,1.75
2015-11-19,261,1.6,1.7
2015-11-19,262,1.7,1.8
2015-11-19,263,1.5,1.7
2015-11-19,264,1.6,1.7
2015-11-19,265,0.65,0.75
2015-11-19,266,0.8,0.95
2015-11-19,267,0.75,0.85
2015-11-19,268,0.9,1
2015-11-19,269,0.6,0.65
2015-11-19,270,1.5,1.6
2015-11-19,271,1.6,1.7
2015-11-19,272,1.5,1.6
2015-11-19,273,1.7,1.9
2015-11-19,274,1.7,1.9
2015-11-19,275,1.7,1.9
2015-11-19,276,1.85,1.9
2015-11-19,277,2.05,2.2
2015-11-19,278,1.85,2
2015-11-19,279,1.7,1.9
2015-11-19,280,1.3,1.5
2015-11-19,281,1.7,1.9
2015-11-19,282,1.2,1.4
2015-11-19,283,1.6,1.7
2015-11-19,284,1.5,1.6
2015-11-19,285,1.5,1.8
2015-11-19,286,1.7,1.9
2015-11-19,287,1.7,1.9
2015-11-19,288,1.5,1.6
2015-11-19,289,1.7,1.9
2015-11-19,290,1.7,1.9
2015-11-19,291,8,15
2015-11-19,292,,
2015-11-19,293,,
2015-11-19,294,,
2015-11-19,295,,
2015-11-19,296,,
2015-11-19,297,,
2015-11-19,298,,
2015-11-19,299,,
2015-11-19,300,,
2015-11-19,301,,
2015-11-19,302,,
2015-11-19,305,,
2015-11-19,306,,
2015-11-19,307,,
2015-11-19,308,,
2015-11-19,309,,
2015-11-19,310,,
2015-11-19,311,,
2015-11-19,313,,
2015-11-19,314,,
2015-11-19,315,,
2015-11-19,316,,
2015-11-19,317,,
2015-11-19,318,,
2015-11-19,319,,
2015-11-19,321,,
2015-11-19,330,8.6,9
2015-11-19,331,8.05,8.45
2015-11-19,332,7.5,7.9
2015-11-19,339,,
2015-11-19,368,120,125
2015-11-19,408,75,80
2015-11-19,416,65,70
2015-11-19,445,,
2015-11-19,451,,
2015-11-19,472,185,187
2015-11-19,481,1.75,1.95
2015-11-19,482,,
2015-11-19,483,,
2015-11-19,499,,
2015-11-19,500,,
2015-11-19,513,3.4,3.8
2015-11-19,514,2.5,2.8
2015-11-19,515,2.9,3.1
2015-11-19,555,95,102
2015-11-19,556,105,110
2015-11-19,590,2.25,2.5
2015-11-19,627,1.9,2.3
2015-11-19,643,0.9,1
2015-11-19,644,1,1.1
2015-11-19,645,1.32,1.42
2015-11-19,681,,
2015-11-19,696,,
2015-11-19,703,225,230
2015-11-19,704,210,215
2015-11-19,705,165,170
2015-11-19,732,165,175
2015-11-19,750,176,178
2015-11-19,751,181,186
2015-11-19,772,230,235
2015-11-19,773,195,205
2015-11-19,793,222,227
2015-11-19,794,187,193
2015-11-19,795,181,187
2015-11-19,796,,
2015-11-19,797,269,274
2015-11-19,798,259,264
2015-11-19,799,,
2015-11-19,801,264,269
2015-11-19,802,,
2015-11-19,838,50,55
2015-11-19,839,70,80
2015-11-19,845,1.4,1.6
2015-11-19,848,,
2015-11-19,850,1.9,2.1
2015-11-19,862,,
2015-11-19,964,274,279
2015-11-19,971,,
2015-11-19,1135,0.5,0.55
2015-11-19,1141,,
2015-11-19,1142,,
2015-11-19,1144,105,108
2015-11-19,1145,110,115
2015-11-19,1150,2.1,2.2
2015-11-19,1155,0.85,0.9
2015-11-19,1156,2.1,2.3
2015-11-19,1157,3,4
2015-11-26,6,258,260
2015-11-26,7,262,264
2015-11-26,8,,
2015-11-26,10,245,249
2015-11-26,11,,
2015-11-26,12,,
2015-11-26,13,,
2015-11-26,14,188,192
2015-11-26,21,171,173
2015-11-26,22,184,186
2015-11-26,23,187,189
2015-11-26,24,,
2015-11-26,27,190,192
2015-11-26,28,173,178
2015-11-26,29,,
2015-11-26,32,388,397
2015-11-26,33,368,377
2015-11-26,34,359,367
2015-11-26,35,472,481
2015-11-26,36,462,472
2015-11-26,37,434,444
2015-11-26,38,479,485
2015-11-26,39,545,556
2015-11-26,40,126,127
2015-11-26,41,132,133
2015-11-26,42,163,166
2015-11-26,43,128,130
2015-11-26,44,,
2015-11-26,45,166,167
2015-11-26,46,172,173
2015-11-26,47,196,201
2015-11-26,48,124,125
2015-11-26,49,129,130
2015-11-26,50,150,152
2015-11-26,51,225,227
2015-11-26,52,325,335
2015-11-26,53,421,431
2015-11-26,54,251,256
2015-11-26,55,283,293
2015-11-26,56,470,490
2015-11-26,57,310,320
2015-11-26,58,640,660
2015-11-26,59,570,600
2015-11-26,60,206,216
2015-11-26,61,206,216
2015-11-26,62,340,350
2015-11-26,63,351,354
2015-11-26,64,,
2015-11-26,65,345,350
2015-11-26,66,,
2015-11-26,67,311,321
2015-11-26,68,342,343
2015-11-26,69,340,341
2015-11-26,70,369,370
2015-11-26,71,367,368
2015-11-26,72,353,355
2015-11-26,73,350,352
2015-11-26,74,440,442
2015-11-26,75,437,439
2015-11-26,76,179,183
2015-11-26,77,237,242
2015-11-26,78,255,260
2015-11-26,85,115,117
2015-11-26,86,115,117
2015-11-26,87,1700,1720
2015-11-26,88,1765,1770
2015-11-26,89,184,185
2015-11-26,90,180,183
2015-11-26,91,,
2015-11-26,92,160,162
2015-11-26,93,197,199
2015-11-26,94,,
2015-11-26,95,,
2015-11-26,96,,
2015-11-26,97,,
2015-11-26,98,660,670
2015-11-26,99,670,680
2015-11-26,100,375,385
2015-11-26,101,,
2015-11-26,102,,
2015-11-26,103,1230,1330
2015-11-26,104,750,850
2015-11-26,105,640,740
2015-11-26,106,620,720
2015-11-26,107,550,650
2015-11-26,108,650,750
2015-11-26,109,690,790
2015-11-26,110,335,345
2015-11-26,111,315,330
2015-11-26,112,220,235
2015-11-26,113,137,139
2015-11-26,114,116,119
2015-11-26,115,2000,2400
2015-11-26,116,,
2015-11-26,117,2400,2500
2015-11-26,118,1900,2000
2015-11-26,119,1300,1500
2015-11-26,120,800,850
2015-11-26,121,5200,6000
2015-11-26,122,4400,5500
2015-11-26,123,,
2015-11-26,124,,
2015-11-26,125,,
2015-11-26,126,1650,1750
2015-11-26,127,1300,1400
2015-11-26,128,650,750
2015-11-26,129,690,760
2015-11-26,130,520,560
2015-11-26,131,620,670
2015-11-26,132,440,480
2015-11-26,133,700,800
2015-11-26,134,630,730
2015-11-26,135,420,480
2015-11-26,136,730,820
2015-11-26,137,550,590
2015-11-26,138,650,690
2015-11-26,139,490,540
2015-11-26,140,3200,3300
2015-11-26,141,,
2015-11-26,142,1550,1650
2015-11-26,143,1000,1100
2015-11-26,144,1450,1500
2015-11-26,145,1100,1200
2015-11-26,146,1900,2000
2015-11-26,147,1700,2000
2015-11-26,148,3800,4200
2015-11-26,149,20,120
2015-11-26,150,40,50
2015-11-26,151,40,50
2015-11-26,152,40,50
2015-11-26,175,0.45,0.5
2015-11-26,176,0.57,0.62
2015-11-26,178,0.52,0.57
2015-11-26,183,4.8,5
2015-11-26,184,5.7,6
2015-11-26,186,2,2.2
2015-11-26,187,2,2.2
2015-11-26,189,2.3,2.5
2015-11-26,190,1.6,1.8
2015-11-26,191,1.55,1.65
2015-11-26,192,1.75,1.95
2015-11-26,194,2.7,3.1
2015-11-26,195,2.7,3.1
2015-11-26,196,,
2015-11-26,197,1.3,1.5
2015-11-26,198,,
2015-11-26,204,2.4,2.6
2015-11-26,206,2.4,2.6
2015-11-26,207,,
2015-11-26,209,1.5,1.7
2015-11-26,210,1.9,2.25
2015-11-26,211,2.15,2.45
2015-11-26,213,1.9,2.1
2015-11-26,216,2.6,2.8
2015-11-26,221,33,38
2015-11-26,222,40,55
2015-11-26,223,,1.4
2015-11-26,230,5.6,5.9
2015-11-26,231,5.7,5.9
2015-11-26,232,6.2,6.4
2015-11-26,233,5.1,5.3
2015-11-26,234,1.9,2.1
2015-11-26,235,2.5,2.6
2015-11-26,236,2.3,2.4
2015-11-26,237,,
2015-11-26,238,,
2015-11-26,239,3,3.2
2015-11-26,240,,
2015-11-26,241,,
2015-11-26,242,,
2015-11-26,243,,
2015-11-26,244,3,3.2
2015-11-26,245,3,4
2015-11-26,246,3.3,3.6
2015-11-26,247,0.55,0.65
2015-11-26,248,0.55,0.65
2015-11-26,249,0.7,0.85
2015-11-26,250,0.75,0.85
2015-11-26,251,0.8,0.9
2015-11-26,252,0.8,0.9
2015-11-26,253,0.8,0.9
2015-11-26,254,0.65,0.75
2015-11-26,255,0.8,0.9
2015-11-26,256,1.2,1.5
2015-11-26,257,1.2,1.5
2015-11-26,258,1.2,1.5
2015-11-26,259,1.5,1.7
2015-11-26,260,1.6,1.75
2015-11-26,261,1.6,1.7
2015-11-26,262,1.7,1.8
2015-11-26,263,1.5,1.7
2015-11-26,264,1.6,1.7
2015-11-26,265,0.65,0.75
2015-11-26,266,0.8,0.95
2015-11-26,267,0.75,0.85
2015-11-26,268,0.9,1
2015-11-26,269,0.6,0.65
2015-11-26,270,1.5,1.6
2015-11-26,271,1.6,1.7
2015-11-26,272,1.5,1.6
2015-11-26,273,1.7,1.9
2015-11-26,274,1.7,1.9
2015-11-26,275,1.7,1.9
2015-11-26,276,1.85,1.9
2015-11-26,277,2.05,2.2
2015-11-26,278,1.85,2
2015-11-26,279,1.7,1.9
2015-11-26,280,1.3,1.5
2015-11-26,281,1.7,1.9
2015-11-26,282,1.2,1.4
2015-11-26,283,1.6,1.7
2015-11-26,284,1.5,1.6
2015-11-26,285,1.5,1.8
2015-11-26,286,1.7,1.9
2015-11-26,287,1.7,1.9
2015-11-26,288,1.5,1.6
2015-11-26,289,1.7,1.9
2015-11-26,290,1.7,1.9
2015-11-26,291,8,15
2015-11-26,292,,
2015-11-26,293,,
2015-11-26,294,,
2015-11-26,295,,
2015-11-26,296,,
2015-11-26,297,,
2015-11-26,298,,
2015-11-26,299,,
2015-11-26,300,,
2015-11-26,301,,
2015-11-26,302,,
2015-11-26,305,,
2015-11-26,306,,
2015-11-26,307,,
2015-11-26,308,,
2015-11-26,309,,
2015-11-26,310,,
2015-11-26,311,,
2015-11-26,313,,
2015-11-26,314,,
2015-11-26,315,,
2015-11-26,316,,
2015-11-26,317,,
2015-11-26,318,,
2015-11-26,319,,
2015-11-26,321,,
2015-11-26,330,8.6,9
2015-11-26,331,8.1,8.45
2015-11-26,332,7.55,7.9
2015-11-26,339,,
2015-11-26,368,120,125
2015-11-26,408,75,80
2015-11-26,416,65,70
2015-11-26,445,,
2015-11-26,451,,
2015-11-26,472,185,187
2015-11-26,481,1.75,1.95
2015-11-26,482,,
2015-11-26,483,,
2015-11-26,499,,
2015-11-26,500,,
2015-11-26,513,3.6,3.9
2015-11-26,514,2.5,2.8
2015-11-26,515,2.9,3.1
2015-11-26,555,95,102
2015-11-26,556,105,110
2015-11-26,590,2.25,2.5
2015-11-26,627,1.9,2.3
2015-11-26,643,0.9,1
2015-11-26,644,1.05,1.15
2015-11-26,645,1.32,1.42
2015-11-26,681,,
2015-11-26,696,,
2015-11-26,703,225,230
2015-11-26,704,210,215
2015-11-26,705,165,170
2015-11-26,732,165,175
2015-11-26,750,176,178
2015-11-26,751,181,186
2015-11-26,772,230,235
2015-11-26,773,195,205
2015-11-26,793,222,227
2015-11-26,794,187,193
2015-11-26,795,181,187
2015-11-26,796,,
2015-11-26,797,269,274
2015-11-26,798,259,264
2015-11-26,799,,
2015-11-26,801,264,269
2015-11-26,802,,
2015-11-26,838,50,55
2015-11-26,839,70,80
2015-11-26,845,1.4,1.6
2015-11-26,848,0.85,0.9
2015-11-26,850,1.8,2
2015-11-26,857,,
2015-11-26,862,,
2015-11-26,964,274,279
2015-11-26,971,,
2015-11-26,1135,0.5,0.55
2015-11-26,1141,,
2015-11-26,1142,,
2015-11-26,1144,105,108
2015-11-26,1145,110,115
2015-11-26,1150,2.1,2.2
2015-11-26,1155,,
2015-11-26,1156,2,2.2
2015-11-26,1157,3.5,4.2
2015-11-26,1158,,
2015-11-26,1159,,
2015-11-26,1160,,
2015-12-03,6,263,265
2015-12-03,7,267,269
2015-12-03,8,,
2015-12-03,10,245,249
2015-12-03,11,,
2015-12-03,12,,
2015-12-03,13,,
2015-12-03,14,188,192
2015-12-03,21,171,173
2015-12-03,22,184,186
2015-12-03,23,187,189
2015-12-03,24,,
2015-12-03,27,190,192
2015-12-03,28,173,178
2015-12-03,29,,
2015-12-03,32,388,397
2015-12-03,33,368,377
2015-12-03,34,359,367
2015-12-03,35,472,481
2015-12-03,36,462,472
2015-12-03,37,434,444
2015-12-03,38,479,485
2015-12-03,39,545,556
2015-12-03,40,134,135
2015-12-03,41,140,141
2015-12-03,42,167,170
2015-12-03,43,136,138
2015-12-03,44,,
2015-12-03,45,174,175
2015-12-03,46,180,181
2015-12-03,47,200,205
2015-12-03,48,132,133
2015-12-03,49,137,138
2015-12-03,50,156,158
2015-12-03,51,225,227
2015-12-03,52,335,345
2015-12-03,53,411,421
2015-12-03,54,251,256
2015-12-03,55,283,293
2015-12-03,56,470,490
2015-12-03,57,310,320
2015-12-03,58,640,660
2015-12-03,59,570,600
2015-12-03,60,214,224
2015-12-03,61,214,224
2015-12-03,62,340,350
2015-12-03,63,351,354
2015-12-03,64,,
2015-12-03,65,345,350
2015-12-03,66,,
2015-12-03,67,311,321
2015-12-03,68,342,343
2015-12-03,69,340,341
2015-12-03,70,369,370
2015-12-03,71,367,368
2015-12-03,72,353,355
2015-12-03,73,350,352
2015-12-03,74,440,442
2015-12-03,75,437,439
2015-12-03,76,176,180
2015-12-03,77,232,237
2015-12-03,78,250,255
2015-12-03,85,115,117
2015-12-03,86,115,117
2015-12-03,87,1700,1720
2015-12-03,88,1765,1770
2015-12-03,89,184,185
2015-12-03,90,180,183
2015-12-03,91,,
2015-12-03,92,160,162
2015-12-03,93,197,199
2015-12-03,94,,
2015-12-03,95,,
2015-12-03,96,,
2015-12-03,97,,
2015-12-03,98,660,670
2015-12-03,99,660,670
2015-12-03,100,375,385
2015-12-03,101,,
2015-12-03,102,,
2015-12-03,103,1230,1330
2015-12-03,104,750,850
2015-12-03,105,640,740
2015-12-03,106,620,720
2015-12-03,107,550,650
2015-12-03,108,650,750
2015-12-03,109,690,790
2015-12-03,110,315,325
2015-12-03,111,295,310
2015-12-03,112,205,220
2015-12-03,113,137,139
2015-12-03,114,116,119
2015-12-03,115,2000,2400
2015-12-03,116,,
2015-12-03,117,2400,2500
2015-12-03,118,1900,2000
2015-12-03,119,1300,1500
2015-12-03,120,800,850
2015-12-03,121,5200,6000
2015-12-03,122,4400,5500
2015-12-03,123,,
2015-12-03,124,,
2015-12-03,125,,
2015-12-03,126,1650,1750
2015-12-03,127,1300,1400
2015-12-03,128,650,750
2015-12-03,129,690,760
2015-12-03,130,520,560
2015-12-03,131,620,670
2015-12-03,132,440,480
2015-12-03,133,700,800
2015-12-03,134,630,730
2015-12-03,135,420,480
2015-12-03,136,730,820
2015-12-03,137,550,590
2015-12-03,138,650,690
2015-12-03,139,490,540
2015-12-03,140,3200,3300
2015-12-03,141,,
2015-12-03,142,1550,1650
2015-12-03,143,1000,1100
2015-12-03,144,1450,1500
2015-12-03,145,1100,1200
2015-12-03,146,1900,2000
2015-12-03,147,1700,2000
2015-12-03,148,3800,4200
2015-12-03,149,20,120
2015-12-03,150,40,50
2015-12-03,151,40,50
2015-12-03,152,40,50
2015-12-03,175,0.45,0.5
2015-12-03,176,0.57,0.62
2015-12-03,178,0.52,0.57
2015-12-03,183,4.8,5
2015-12-03,184,5.7,6
2015-12-03,186,2,2.2
2015-12-03,187,2,2.2
2015-12-03,189,2.3,2.5
2015-12-03,190,1.6,1.8
2015-12-03,191,1.55,1.65
2015-12-03,192,1.75,1.95
2015-12-03,194,2.7,3.1
2015-12-03,195,2.7,3.1
2015-12-03,196,,
2015-12-03,197,1.3,1.5
2015-12-03,198,,
2015-12-03,204,2.4,2.6
2015-12-03,206,2.4,2.6
2015-12-03,207,1.9,2.3
2015-12-03,209,1.5,1.7
2015-12-03,210,1.9,2.25
2015-12-03,211,2.15,2.45
2015-12-03,213,1.9,2.1
2015-12-03,216,2.6,2.8
2015-12-03,221,33,38
2015-12-03,222,40,55
2015-12-03,223,,1.4
2015-12-03,230,5.6,5.9
2015-12-03,231,5.7,5.9
2015-12-03,232,6.2,6.4
2015-12-03,233,5.1,5.3
2015-12-03,234,1.9,2.1
2015-12-03,235,2.5,2.6
2015-12-03,236,2.3,2.4
2015-12-03,237,,
2015-12-03,238,,
2015-12-03,239,3,3.2
2015-12-03,240,,
2015-12-03,241,,
2015-12-03,242,,
2015-12-03,243,,
2015-12-03,244,3,3.2
2015-12-03,245,3,4
2015-12-03,246,3.3,3.6
2015-12-03,247,0.55,0.65
2015-12-03,248,0.55,0.65
2015-12-03,249,0.7,0.85
2015-12-03,250,0.75,0.85
2015-12-03,251,0.8,0.9
2015-12-03,252,0.8,0.9
2015-12-03,253,0.8,0.9
2015-12-03,254,0.65,0.75
2015-12-03,255,0.8,0.9
2015-12-03,256,1.2,1.5
2015-12-03,257,1.2,1.5
2015-12-03,258,1.2,1.5
2015-12-03,259,1.5,1.7
2015-12-03,260,1.6,1.75
2015-12-03,261,1.6,1.7
2015-12-03,262,1.7,1.8
2015-12-03,263,1.5,1.7
2015-12-03,264,1.6,1.7
2015-12-03,265,0.65,0.75
2015-12-03,266,0.8,0.95
2015-12-03,267,0.75,0.85
2015-12-03,268,0.9,1
2015-12-03,269,0.6,0.65
2015-12-03,270,1.5,1.6
2015-12-03,271,1.6,1.7
2015-12-03,272,1.5,1.6
2015-12-03,273,1.7,1.9
2015-12-03,274,1.7,1.9
2015-12-03,275,1.7,1.9
2015-12-03,276,1.85,1.9
2015-12-03,277,2.05,2.2
2015-12-03,278,1.85,2
2015-12-03,279,1.7,1.9
2015-12-03,280,1.3,1.5
2015-12-03,281,1.7,1.9
2015-12-03,282,1.2,1.4
2015-12-03,283,1.6,1.7
2015-12-03,284,1.5,1.6
2015-12-03,285,1.5,1.8
2015-12-03,286,1.7,1.9
2015-12-03,287,1.7,1.9
2015-12-03,288,1.5,1.6
2015-12-03,289,1.7,1.9
2015-12-03,290,1.7,1.9
2015-12-03,291,8,15
2015-12-03,292,,
2015-12-03,293,,
2015-12-03,294,,
2015-12-03,295,,
2015-12-03,296,,
2015-12-03,297,,
2015-12-03,298,,
2015-12-03,299,,
2015-12-03,300,,
2015-12-03,301,,
2015-12-03,302,,
2015-12-03,305,,
2015-12-03,306,,
2015-12-03,307,,
2015-12-03,308,,
2015-12-03,309,,
2015-12-03,310,,
2015-12-03,311,,
2015-12-03,313,,
2015-12-03,314,,
2015-12-03,315,,
2015-12-03,316,,
2015-12-03,317,,
2015-12-03,318,,
2015-12-03,319,,
2015-12-03,321,,
2015-12-03,330,8.7,9.1
2015-12-03,331,8.2,8.55
2015-12-03,332,7.65,7.95
2015-12-03,339,,
2015-12-03,368,120,125
2015-12-03,408,75,80
2015-12-03,416,65,70
2015-12-03,445,,
2015-12-03,451,,
2015-12-03,472,190,192
2015-12-03,481,1.75,1.95
2015-12-03,482,,
2015-12-03,483,,
2015-12-03,499,,
2015-12-03,500,,
2015-12-03,513,3.6,3.9
2015-12-03,514,2.5,2.8
2015-12-03,515,2.9,3.1
2015-12-03,555,95,102
2015-12-03,556,105,110
2015-12-03,590,2.25,2.5
2015-12-03,627,1.9,2.3
2015-12-03,643,0.9,1
2015-12-03,644,1.05,1.15
2015-12-03,645,1.32,1.42
2015-12-03,681,,
2015-12-03,696,,
2015-12-03,703,225,230
2015-12-03,704,210,215
2015-12-03,705,165,170
2015-12-03,732,165,175
2015-12-03,750,176,178
2015-12-03,751,181,186
2015-12-03,772,230,235
2015-12-03,773,195,205
2015-12-03,793,222,227
2015-12-03,794,187,193
2015-12-03,795,181,187
2015-12-03,796,,
2015-12-03,797,269,274
2015-12-03,798,259,264
2015-12-03,799,,
2015-12-03,801,264,269
2015-12-03,802,,
2015-12-03,838,50,55
2015-12-03,839,70,80
2015-12-03,845,1.4,1.6
2015-12-03,848,0.85,0.9
2015-12-03,850,1.8,2
2015-12-03,853,0.85,0.9
2015-12-03,857,2.1,2.5
2015-12-03,862,,
2015-12-03,964,274,279
2015-12-03,971,,
2015-12-03,1135,0.5,0.55
2015-12-03,1141,,
2015-12-03,1142,,
2015-12-03,1144,105,108
2015-12-03,1145,110,115
2015-12-03,1150,2.1,2.2
2015-12-03,1156,2,2.2
2015-12-03,1157,3.5,4.2
2015-12-03,1158,0.75,0.8
2015-12-03,1159,0.8,0.85
2015-12-03,1160,0.9,0.95
2015-12-03,1161,0.75,0.8
2015-12-10,6,263,265
2015-12-10,7,267,269
2015-12-10,8,,
2015-12-10,10,245,249
2015-12-10,11,,
2015-12-10,12,,
2015-12-10,13,,
2015-12-10,14,188,192
2015-12-10,21,170,172
2015-12-10,22,181,183
2015-12-10,23,184,186
2015-12-10,24,,
2015-12-10,27,190,192
2015-12-10,28,173,178
2015-12-10,29,,
2015-12-10,32,388,397
2015-12-10,33,368,377
2015-12-10,34,359,367
2015-12-10,35,472,481
2015-12-10,36,462,472
2015-12-10,37,434,444
2015-12-10,38,479,485
2015-12-10,39,545,556
2015-12-10,40,143,144
2015-12-10,41,149,150
2015-12-10,42,172,175
2015-12-10,43,145,147
2015-12-10,44,,
2015-12-10,45,183,184
2015-12-10,46,189,190
2015-12-10,47,205,210
2015-12-10,48,141,142
2015-12-10,49,146,147
2015-12-10,50,161,163
2015-12-10,51,225,227
2015-12-10,52,335,345
2015-12-10,53,411,421
2015-12-10,54,251,256
2015-12-10,55,283,293
2015-12-10,56,470,490
2015-12-10,57,310,320
2015-12-10,58,640,660
2015-12-10,59,570,600
2015-12-10,60,223,233
2015-12-10,61,223,233
2015-12-10,62,340,350
2015-12-10,63,347,350
2015-12-10,64,,
2015-12-10,65,343,348
2015-12-10,66,,
2015-12-10,67,311,321
2015-12-10,68,324,325
2015-12-10,69,322,323
2015-12-10,70,357,358
2015-12-10,71,355,356
2015-12-10,72,335,337
2015-12-10,73,332,334
2015-12-10,74,428,430
2015-12-10,75,425,427
2015-12-10,76,176,180
2015-12-10,77,227,232
2015-12-10,78,245,250
2015-12-10,85,115,117
2015-12-10,86,115,117
2015-12-10,87,1700,1720
2015-12-10,88,1765,1770
2015-12-10,89,184,185
2015-12-10,90,180,183
2015-12-10,91,,
2015-12-10,92,160,162
2015-12-10,93,195,197
2015-12-10,94,,
2015-12-10,95,,
2015-12-10,96,,
2015-12-10,97,,
2015-12-10,98,660,670
2015-12-10,99,660,670
2015-12-10,100,375,385
2015-12-10,101,,
2015-12-10,102,,
2015-12-10,103,1230,1330
2015-12-10,104,750,850
2015-12-10,105,640,740
2015-12-10,106,620,720
2015-12-10,107,570,670
2015-12-10,108,670,770
2015-12-10,109,690,790
2015-12-10,110,315,325
2015-12-10,111,295,310
2015-12-10,112,205,220
2015-12-10,113,137,139
2015-12-10,114,116,119
2015-12-10,115,2000,2400
2015-12-10,116,,
2015-12-10,117,2400,2500
2015-12-10,118,1900,2000
2015-12-10,119,1300,1500
2015-12-10,120,800,850
2015-12-10,121,5200,6000
2015-12-10,122,4400,5500
2015-12-10,123,,
2015-12-10,124,,
2015-12-10,125,,
2015-12-10,126,1650,1750
2015-12-10,127,1300,1400
2015-12-10,128,650,750
2015-12-10,129,690,760
2015-12-10,130,520,560
2015-12-10,131,620,670
2015-12-10,132,440,480
2015-12-10,133,700,800
2015-12-10,134,630,730
2015-12-10,135,420,480
2015-12-10,136,730,820
2015-12-10,137,550,590
2015-12-10,138,650,690
2015-12-10,139,490,540
2015-12-10,140,3200,3300
2015-12-10,141,,
2015-12-10,142,1550,1650
2015-12-10,143,1000,1100
2015-12-10,144,1450,1500
2015-12-10,145,1100,1200
2015-12-10,146,1900,2000
2015-12-10,147,1700,2000
2015-12-10,148,3800,4200
2015-12-10,149,20,120
2015-12-10,150,40,50
2015-12-10,151,40,50
2015-12-10,152,40,50
2015-12-10,175,0.45,0.5
2015-12-10,176,0.57,0.62
2015-12-10,178,0.52,0.57
2015-12-10,183,4.8,5
2015-12-10,184,5.7,6
2015-12-10,186,2,2.2
2015-12-10,187,2,2.2
2015-12-10,189,2.3,2.5
2015-12-10,190,1.6,1.8
2015-12-10,191,1.55,1.65
2015-12-10,192,1.75,1.95
2015-12-10,194,2.7,3.1
2015-12-10,195,2.7,3.1
2015-12-10,196,,
2015-12-10,197,1.3,1.5
2015-12-10,198,,
2015-12-10,204,2.4,2.6
2015-12-10,206,2.5,2.7
2015-12-10,207,1.9,2.3
2015-12-10,209,1.45,1.65
2015-12-10,210,1.9,2.25
2015-12-10,211,2.15,2.45
2015-12-10,213,1.9,2.1
2015-12-10,216,2.6,2.8
2015-12-10,221,33,38
2015-12-10,222,40,55
2015-12-10,223,,1.35
2015-12-10,230,5.6,5.9
2015-12-10,231,5.7,5.9
2015-12-10,232,6.2,6.4
2015-12-10,233,5.1,5.3
2015-12-10,234,1.9,2.1
2015-12-10,235,2.5,2.6
2015-12-10,236,2.3,2.4
2015-12-10,237,,
2015-12-10,238,,
2015-12-10,239,3,3.2
2015-12-10,240,,
2015-12-10,241,,
2015-12-10,242,,
2015-12-10,243,,
2015-12-10,244,3,3.2
2015-12-10,245,3,4
2015-12-10,246,3.3,3.6
2015-12-10,247,0.55,0.65
2015-12-10,248,0.55,0.65
2015-12-10,249,0.7,0.85
2015-12-10,250,0.75,0.85
2015-12-10,251,0.8,0.9
2015-12-10,252,0.8,0.9
2015-12-10,253,0.8,0.9
2015-12-10,254,0.65,0.75
2015-12-10,255,0.8,0.9
2015-12-10,256,1.2,1.5
2015-12-10,257,1.2,1.5
2015-12-10,258,1.2,1.5
2015-12-10,259,1.5,1.7
2015-12-10,260,1.6,1.75
2015-12-10,261,1.6,1.7
2015-12-10,262,1.7,1.8
2015-12-10,263,1.5,1.7
2015-12-10,264,1.6,1.7
2015-12-10,265,0.65,0.75
2015-12-10,266,0.8,0.95
2015-12-10,267,0.75,0.85
2015-12-10,268,0.9,1
2015-12-10,269,0.6,0.65
2015-12-10,270,1.5,1.6
2015-12-10,271,1.6,1.7
2015-12-10,272,1.5,1.6
2015-12-10,273,1.7,1.9
2015-12-10,274,1.7,1.9
2015-12-10,275,1.7,1.9
2015-12-10,276,1.85,1.9
2015-12-10,277,2.05,2.2
2015-12-10,278,1.85,2
2015-12-10,279,1.7,1.9
2015-12-10,280,1.3,1.5
2015-12-10,281,1.7,1.9
2015-12-10,282,1.2,1.4
2015-12-10,283,1.6,1.7
2015-12-10,284,1.5,1.6
2015-12-10,285,1.5,1.8
2015-12-10,286,1.7,1.9
2015-12-10,287,1.7,1.9
2015-12-10,288,1.5,1.6
2015-12-10,289,1.7,1.9
2015-12-10,290,1.7,1.9
2015-12-10,291,8,15
2015-12-10,292,,
2015-12-10,293,,
2015-12-10,294,,
2015-12-10,295,,
2015-12-10,296,,
2015-12-10,297,,
2015-12-10,298,,
2015-12-10,299,,
2015-12-10,300,,
2015-12-10,301,,
2015-12-10,302,,
2015-12-10,305,,
2015-12-10,306,,
2015-12-10,307,,
2015-12-10,308,,
2015-12-10,309,,
2015-12-10,310,,
2015-12-10,311,,
2015-12-10,313,,
2015-12-10,314,,
2015-12-10,315,,
2015-12-10,316,,
2015-12-10,317,,
2015-12-10,318,,
2015-12-10,319,,
2015-12-10,321,,
2015-12-10,330,8.8,9.1
2015-12-10,331,8.3,8.65
2015-12-10,332,7.7,8
2015-12-10,339,,
2015-12-10,368,120,125
2015-12-10,408,75,80
2015-12-10,416,65,70
2015-12-10,445,,
2015-12-10,451,,
2015-12-10,472,190,192
2015-12-10,481,1.75,1.95
2015-12-10,482,,
2015-12-10,483,,
2015-12-10,499,,
2015-12-10,500,,
2015-12-10,513,3.7,3.9
2015-12-10,514,2.5,2.8
2015-12-10,515,2.7,3
2015-12-10,555,95,102
2015-12-10,556,105,110
2015-12-10,590,2.25,2.5
2015-12-10,627,1.9,2.3
2015-12-10,643,0.9,1
2015-12-10,644,1.05,1.15
2015-12-10,645,1.32,1.42
2015-12-10,681,,
2015-12-10,696,,
2015-12-10,703,225,230
2015-12-10,704,210,215
2015-12-10,705,165,170
2015-12-10,732,165,175
2015-12-10,750,176,178
2015-12-10,751,181,186
2015-12-10,772,230,235
2015-12-10,773,195,205
2015-12-10,793,222,227
2015-12-10,794,187,193
2015-12-10,795,181,187
2015-12-10,796,,
2015-12-10,797,266,271
2015-12-10,798,256,261
2015-12-10,799,,
2015-12-10,801,261,266
2015-12-10,802,,
2015-12-10,838,50,55
2015-12-10,839,70,80
2015-12-10,845,1.4,1.6
2015-12-10,850,1.8,2
2015-12-10,853,0.85,0.9
2015-12-10,857,2.1,2.5
2015-12-10,862,,
2015-12-10,964,271,276
2015-12-10,971,,
2015-12-10,1135,0.5,0.55
2015-12-10,1141,,
2015-12-10,1142,,
2015-12-10,1144,105,108
2015-12-10,1145,110,115
2015-12-10,1150,,
2015-12-10,1156,2,2.2
2015-12-10,1157,4,4.2
2015-12-10,1159,0.8,0.85
2015-12-10,1160,0.9,0.95
2015-12-10,1161,0.75,0.8
2015-12-10,1162,,
2015-12-17,6,262,264
2015-12-17,7,266,268
2015-12-17,8,,
2015-12-17,10,244,248
2015-12-17,11,,
2015-12-17,12,,
2015-12-17,13,,
2015-12-17,14,187,191
2015-12-17,21,169,171
2015-12-17,22,180,182
2015-12-17,23,183,185
2015-12-17,24,,
2015-12-17,27,189,191
2015-12-17,28,171,176
2015-12-17,29,,
2015-12-17,32,388,397
2015-12-17,33,368,377
2015-12-17,34,359,367
2015-12-17,35,472,481
2015-12-17,36,462,472
2015-12-17,37,434,444
2015-12-17,38,479,485
2015-12-17,39,545,556
2015-12-17,40,159,160
2015-12-17,41,165,166
2015-12-17,42,177,180
2015-12-17,43,161,163
2015-12-17,44,,
2015-12-17,45,199,200
2015-12-17,46,205,206
2015-12-17,47,210,215
2015-12-17,48,157,158
2015-12-17,49,162,163
2015-12-17,50,166,168
2015-12-17,51,225,227
2015-12-17,52,345,355
2015-12-17,53,401,411
2015-12-17,54,251,256
2015-12-17,55,283,293
2015-12-17,56,470,490
2015-12-17,57,310,320
2015-12-17,58,640,660
2015-12-17,59,570,600
2015-12-17,60,239,249
2015-12-17,61,239,249
2015-12-17,62,340,350
2015-12-17,63,342,345
2015-12-17,64,,
2015-12-17,65,338,343
2015-12-17,66,,
2015-12-17,67,311,321
2015-12-17,68,312,313
2015-12-17,69,310,311
2015-12-17,70,345,346
2015-12-17,71,343,344
2015-12-17,72,323,325
2015-12-17,73,320,322
2015-12-17,74,416,418
2015-12-17,75,413,415
2015-12-17,76,171,175
2015-12-17,77,217,222
2015-12-17,78,240,245
2015-12-17,85,115,117
2015-12-17,86,115,117
2015-12-17,87,1700,1720
2015-12-17,88,1765,1770
2015-12-17,89,184,185
2015-12-17,90,180,183
2015-12-17,91,,
2015-12-17,92,168,170
2015-12-17,93,194,196
2015-12-17,94,,
2015-12-17,95,,
2015-12-17,96,,
2015-12-17,97,,
2015-12-17,98,670,680
2015-12-17,99,650,660
2015-12-17,100,375,385
2015-12-17,101,,
2015-12-17,102,,
2015-12-17,103,1250,1350
2015-12-17,104,750,850
2015-12-17,105,640,740
2015-12-17,106,620,720
2015-12-17,107,570,670
2015-12-17,108,670,770
2015-12-17,109,690,790
2015-12-17,110,305,315
2015-12-17,111,285,300
2015-12-17,112,200,215
2015-12-17,113,137,139
2015-12-17,114,116,119
2015-12-17,115,2000,2400
2015-12-17,116,,
2015-12-17,117,2400,2500
2015-12-17,118,1900,2000
2015-12-17,119,1300,1500
2015-12-17,120,800,850
2015-12-17,121,5200,6000
2015-12-17,122,4400,5500
2015-12-17,123,,
2015-12-17,124,,
2015-12-17,125,,
2015-12-17,126,1650,1750
2015-12-17,127,1300,1400
2015-12-17,128,650,750
2015-12-17,129,690,760
2015-12-17,130,520,560
2015-12-17,131,620,670
2015-12-17,132,440,480
2015-12-17,133,700,800
2015-12-17,134,630,730
2015-12-17,135,420,480
2015-12-17,136,730,820
2015-12-17,137,550,590
2015-12-17,138,650,690
2015-12-17,139,490,540
2015-12-17,140,3200,3300
2015-12-17,141,,
2015-12-17,142,1550,1650
2015-12-17,143,1000,1100
2015-12-17,144,1450,1500
2015-12-17,145,1100,1200
2015-12-17,146,1900,2000
2015-12-17,147,1700,2000
2015-12-17,148,3800,4200
2015-12-17,149,20,120
2015-12-17,150,40,50
2015-12-17,151,40,50
2015-12-17,152,40,50
2015-12-17,175,0.45,0.5
2015-12-17,176,0.57,0.62
2015-12-17,178,0.52,0.57
2015-12-17,183,4.8,5
2015-12-17,184,5.7,6
2015-12-17,186,2,2.2
2015-12-17,187,2,2.2
2015-12-17,189,2.3,2.5
2015-12-17,190,1.6,1.8
2015-12-17,191,1.55,1.65
2015-12-17,192,1.75,1.95
2015-12-17,194,2.7,3.1
2015-12-17,195,2.7,3.1
2015-12-17,196,,
2015-12-17,197,1.3,1.5
2015-12-17,198,,
2015-12-17,204,2.4,2.6
2015-12-17,206,2.5,2.7
2015-12-17,207,1.9,2.3
2015-12-17,209,1.45,1.65
2015-12-17,210,1.9,2.25
2015-12-17,211,2.15,2.45
2015-12-17,213,1.8,2
2015-12-17,216,2.6,2.8
2015-12-17,221,33,38
2015-12-17,222,40,55
2015-12-17,223,,1.35
2015-12-17,230,5.6,5.9
2015-12-17,231,5.7,5.9
2015-12-17,232,6.2,6.4
2015-12-17,233,5.1,5.3
2015-12-17,234,1.9,2.1
2015-12-17,235,2.5,2.6
2015-12-17,236,2.3,2.4
2015-12-17,237,,
2015-12-17,238,,
2015-12-17,239,3,3.2
2015-12-17,240,,
2015-12-17,241,,
2015-12-17,242,,
2015-12-17,243,,
2015-12-17,244,3,3.2
2015-12-17,245,3,4
2015-12-17,246,3.3,3.6
2015-12-17,247,0.55,0.65
2015-12-17,248,0.55,0.65
2015-12-17,249,0.7,0.85
2015-12-17,250,0.75,0.85
2015-12-17,251,0.8,0.9
2015-12-17,252,0.8,0.9
2015-12-17,253,0.8,0.9
2015-12-17,254,0.65,0.75
2015-12-17,255,0.8,0.9
2015-12-17,256,1.2,1.5
2015-12-17,257,1.2,1.5
2015-12-17,258,1.2,1.5
2015-12-17,259,1.5,1.7
2015-12-17,260,1.6,1.75
2015-12-17,261,1.6,1.7
2015-12-17,262,1.7,1.8
2015-12-17,263,1.5,1.7
2015-12-17,264,1.6,1.7
2015-12-17,265,0.65,0.75
2015-12-17,266,0.8,0.95
2015-12-17,267,0.75,0.85
2015-12-17,268,0.9,1
2015-12-17,269,0.6,0.65
2015-12-17,270,1.5,1.6
2015-12-17,271,1.6,1.7
2015-12-17,272,1.5,1.6
2015-12-17,273,1.7,1.9
2015-12-17,274,1.7,1.9
2015-12-17,275,1.7,1.9
2015-12-17,276,1.85,1.9
2015-12-17,277,2.05,2.2
2015-12-17,278,1.85,2
2015-12-17,279,1.7,1.9
2015-12-17,280,1.3,1.5
2015-12-17,281,1.7,1.9
2015-12-17,282,1.2,1.4
2015-12-17,283,1.6,1.7
2015-12-17,284,1.5,1.6
2015-12-17,285,1.5,1.8
2015-12-17,286,1.7,1.9
2015-12-17,287,1.7,1.9
2015-12-17,288,1.5,1.6
2015-12-17,289,1.7,1.9
2015-12-17,290,1.7,1.9
2015-12-17,291,8,15
2015-12-17,292,,
2015-12-17,293,,
2015-12-17,294,,
2015-12-17,295,,
2015-12-17,296,,
2015-12-17,297,,
2015-12-17,298,,
2015-12-17,299,,
2015-12-17,300,,
2015-12-17,301,,
2015-12-17,302,,
2015-12-17,305,,
2015-12-17,306,,
2015-12-17,307,,
2015-12-17,308,,
2015-12-17,309,,
2015-12-17,310,,
2015-12-17,311,,
2015-12-17,313,,
2015-12-17,314,,
2015-12-17,315,,
2015-12-17,316,,
2015-12-17,317,,
2015-12-17,318,,
2015-12-17,319,,
2015-12-17,321,,
2015-12-17,330,8.9,9.2
2015-12-17,331,8.4,8.75
2015-12-17,332,7.75,8.05
2015-12-17,339,,
2015-12-17,368,121,126
2015-12-17,408,75,80
2015-12-17,416,65,70
2015-12-17,445,,
2015-12-17,451,,
2015-12-17,472,189,191
2015-12-17,481,1.75,1.95
2015-12-17,482,,
2015-12-17,483,,
2015-12-17,499,,
2015-12-17,500,,
2015-12-17,513,3.7,3.9
2015-12-17,514,2.5,2.8
2015-12-17,515,2.9,3.1
2015-12-17,555,96,103
2015-12-17,556,106,111
2015-12-17,590,2.25,2.5
2015-12-17,627,1.9,2.3
2015-12-17,643,0.85,0.95
2015-12-17,644,1.1,1.2
2015-12-17,645,1.37,1.47
2015-12-17,681,,
2015-12-17,696,,
2015-12-17,703,225,230
2015-12-17,704,210,215
2015-12-17,705,165,170
2015-12-17,732,165,175
2015-12-17,750,175,177
2015-12-17,751,180,185
2015-12-17,772,230,235
2015-12-17,773,195,205
2015-12-17,793,222,227
2015-12-17,794,187,193
2015-12-17,795,181,187
2015-12-17,796,,
2015-12-17,797,260,265
2015-12-17,798,250,255
2015-12-17,799,,
2015-12-17,801,255,260
2015-12-17,802,,
2015-12-17,838,50,55
2015-12-17,839,70,80
2015-12-17,845,1.4,1.6
2015-12-17,850,1.7,1.9
2015-12-17,853,0.85,0.9
2015-12-17,857,2.1,2.5
2015-12-17,862,,
2015-12-17,964,265,270
2015-12-17,971,,
2015-12-17,1135,0.5,0.55
2015-12-17,1141,,
2015-12-17,1142,,
2015-12-17,1144,106,109
2015-12-17,1145,111,116
2015-12-17,1156,2,2.2
2015-12-17,1157,4,4.2
2015-12-17,1159,0.8,0.85
2015-12-17,1160,0.9,0.95
2015-12-17,1161,0.75,0.8
2015-12-17,1162,0.5,0.62
2015-12-30,6,262,264
2015-12-30,7,266,268
2015-12-30,8,,
2015-12-30,10,244,248
2015-12-30,11,,
2015-12-30,12,,
2015-12-30,13,,
2015-12-30,14,187,191
2015-12-30,21,169,171
2015-12-30,22,180,182
2015-12-30,23,183,185
2015-12-30,24,,
2015-12-30,27,188,190
2015-12-30,28,171,176
2015-12-30,29,,
2015-12-30,32,388,397
2015-12-30,33,368,377
2015-12-30,34,359,367
2015-12-30,35,472,481
2015-12-30,36,462,472
2015-12-30,37,434,444
2015-12-30,38,474,480
2015-12-30,39,540,551
2015-12-30,40,169,170
2015-12-30,41,175,176
2015-12-30,42,187,190
2015-12-30,43,171,173
2015-12-30,44,,
2015-12-30,45,209,210
2015-12-30,46,215,216
2015-12-30,47,220,225
2015-12-30,48,167,168
2015-12-30,49,172,173
2015-12-30,50,176,178
2015-12-30,51,225,227
2015-12-30,52,350,360
2015-12-30,53,401,411
2015-12-30,54,251,256
2015-12-30,55,283,293
2015-12-30,56,470,490
2015-12-30,57,310,320
2015-12-30,58,640,660
2015-12-30,59,570,600
2015-12-30,60,249,259
2015-12-30,61,249,259
2015-12-30,62,340,350
2015-12-30,63,342,345
2015-12-30,64,,
2015-12-30,65,341,346
2015-12-30,66,,
2015-12-30,67,311,321
2015-12-30,68,307,308
2015-12-30,69,305,306
2015-12-30,70,340,341
2015-12-30,71,338,339
2015-12-30,72,318,320
2015-12-30,73,315,317
2015-12-30,74,411,413
2015-12-30,75,408,410
2015-12-30,76,171,175
2015-12-30,77,212,217
2015-12-30,78,240,245
2015-12-30,85,115,117
2015-12-30,86,115,117
2015-12-30,87,1700,1720
2015-12-30,88,1765,1770
2015-12-30,89,184,185
2015-12-30,90,180,183
2015-12-30,91,,
2015-12-30,92,170,172
2015-12-30,93,194,196
2015-12-30,94,,
2015-12-30,95,,
2015-12-30,96,,
2015-12-30,97,,
2015-12-30,98,670,680
2015-12-30,99,650,660
2015-12-30,100,375,385
2015-12-30,101,,
2015-12-30,102,,
2015-12-30,103,1250,1350
2015-12-30,104,750,850
2015-12-30,105,640,740
2015-12-30,106,620,720
2015-12-30,107,570,670
2015-12-30,108,670,770
2015-12-30,109,690,790
2015-12-30,110,305,315
2015-12-30,111,285,300
2015-12-30,112,200,215
2015-12-30,113,137,139
2015-12-30,114,116,119
2015-12-30,115,2000,2400
2015-12-30,116,,
2015-12-30,117,2400,2500
2015-12-30,118,1900,2000
2015-12-30,119,1300,1500
2015-12-30,120,800,850
2015-12-30,121,5200,6000
2015-12-30,122,4400,5500
2015-12-30,123,,
2015-12-30,124,,
2015-12-30,125,,
2015-12-30,126,1650,1750
2015-12-30,127,1300,1400
2015-12-30,128,650,750
2015-12-30,129,690,760
2015-12-30,130,520,560
2015-12-30,131,620,670
2015-12-30,132,440,480
2015-12-30,133,700,800
2015-12-30,134,630,730
2015-12-30,135,420,480
2015-12-30,136,730,820
2015-12-30,137,550,590
2015-12-30,138,650,690
2015-12-30,139,490,540
2015-12-30,140,3200,3300
2015-12-30,141,,
2015-12-30,142,1550,1650
2015-12-30,143,1000,1100
2015-12-30,144,1450,1500
2015-12-30,145,1100,1200
2015-12-30,146,1900,2000
2015-12-30,147,1700,2000
2015-12-30,148,3800,4200
2015-12-30,149,20,120
2015-12-30,150,40,50
2015-12-30,151,40,50
2015-12-30,152,40,50
2015-12-30,175,0.45,0.5
2015-12-30,176,0.57,0.62
2015-12-30,178,0.52,0.57
2015-12-30,183,4.8,5
2015-12-30,184,5.7,6
2015-12-30,186,2,2.2
2015-12-30,187,2,2.2
2015-12-30,189,2.3,2.5
2015-12-30,190,1.6,1.8
2015-12-30,191,1.55,1.65
2015-12-30,192,1.75,1.95
2015-12-30,194,2.7,3.1
2015-12-30,195,2.7,3.1
2015-12-30,196,,
2015-12-30,197,1.3,1.5
2015-12-30,198,,
2015-12-30,204,2.4,2.6
2015-12-30,206,2.5,2.7
2015-12-30,207,1.9,2.3
2015-12-30,209,1.45,1.65
2015-12-30,210,1.9,2.25
2015-12-30,211,2.15,2.45
2015-12-30,213,1.8,2
2015-12-30,216,2.6,2.8
2015-12-30,221,33,38
2015-12-30,222,40,55
2015-12-30,223,,1.3
2015-12-30,230,5.6,5.9
2015-12-30,231,5.7,5.9
2015-12-30,232,6.2,6.4
2015-12-30,233,5.1,5.3
2015-12-30,234,1.9,2.1
2015-12-30,235,2.5,2.6
2015-12-30,236,2.3,2.4
2015-12-30,237,,
2015-12-30,238,,
2015-12-30,239,3,3.2
2015-12-30,240,,
2015-12-30,241,,
2015-12-30,242,,
2015-12-30,243,,
2015-12-30,244,3,3.2
2015-12-30,245,3,4
2015-12-30,246,3.3,3.6
2015-12-30,247,0.55,0.65
2015-12-30,248,0.55,0.65
2015-12-30,249,0.7,0.85
2015-12-30,250,0.75,0.85
2015-12-30,251,0.8,0.9
2015-12-30,252,0.8,0.9
2015-12-30,253,0.8,0.9
2015-12-30,254,0.65,0.75
2015-12-30,255,0.8,0.9
2015-12-30,256,1.2,1.5
2015-12-30,257,1.2,1.5
2015-12-30,258,1.2,1.5
2015-12-30,259,1.5,1.7
2015-12-30,260,1.6,1.75
2015-12-30,261,1.6,1.7
2015-12-30,262,1.7,1.8
2015-12-30,263,1.5,1.7
2015-12-30,264,1.6,1.7
2015-12-30,265,0.65,0.75
2015-12-30,266,0.8,0.95
2015-12-30,267,0.75,0.85
2015-12-30,268,0.9,1
2015-12-30,269,0.6,0.65
2015-12-30,270,1.5,1.6
2015-12-30,271,1.6,1.7
2015-12-30,272,1.5,1.6
2015-12-30,273,1.7,1.9
2015-12-30,274,1.7,1.9
2015-12-30,275,1.7,1.9
2015-12-30,276,1.85,1.9
2015-12-30,277,2.05,2.2
2015-12-30,278,1.85,2
2015-12-30,279,1.7,1.9
2015-12-30,280,1.3,1.5
2015-12-30,281,1.7,1.9
2015-12-30,282,1.2,1.4
2015-12-30,283,1.6,1.7
2015-12-30,284,1.5,1.6
2015-12-30,285,1.5,1.8
2015-12-30,286,1.7,1.9
2015-12-30,287,1.7,1.9
2015-12-30,288,1.5,1.6
2015-12-30,289,1.7,1.9
2015-12-30,290,1.7,1.9
2015-12-30,291,8,15
2015-12-30,292,,
2015-12-30,293,,
2015-12-30,294,,
2015-12-30,295,,
2015-12-30,296,,
2015-12-30,297,,
2015-12-30,298,,
2015-12-30,299,,
2015-12-30,300,,
2015-12-30,301,,
2015-12-30,302,,
2015-12-30,305,,
2015-12-30,306,,
2015-12-30,307,,
2015-12-30,308,,
2015-12-30,309,,
2015-12-30,310,,
2015-12-30,311,,
2015-12-30,313,,
2015-12-30,314,,
2015-12-30,315,,
2015-12-30,316,,
2015-12-30,317,,
2015-12-30,318,,
2015-12-30,319,,
2015-12-30,321,,
2015-12-30,330,9.05,9.35
2015-12-30,331,8.55,8.9
2015-12-30,332,7.85,8.15
2015-12-30,339,,
2015-12-30,368,121,126
2015-12-30,408,75,80
2015-12-30,416,65,70
2015-12-30,445,,
2015-12-30,451,,
2015-12-30,472,189,191
2015-12-30,481,1.75,1.95
2015-12-30,482,,
2015-12-30,483,,
2015-12-30,499,,
2015-12-30,500,,
2015-12-30,513,3.7,3.9
2015-12-30,514,2.5,2.8
2015-12-30,515,2.9,3.1
2015-12-30,555,96,103
2015-12-30,556,106,111
2015-12-30,590,2.25,2.5
2015-12-30,627,1.9,2.3
2015-12-30,643,0.85,0.95
2015-12-30,644,1.1,1.2
2015-12-30,645,1.37,1.47
2015-12-30,681,,
2015-12-30,696,,
2015-12-30,703,225,230
2015-12-30,704,210,215
2015-12-30,705,165,170
2015-12-30,732,165,175
2015-12-30,750,175,177
2015-12-30,751,180,185
2015-12-30,772,230,235
2015-12-30,773,195,205
2015-12-30,793,222,227
2015-12-30,794,187,193
2015-12-30,795,181,187
2015-12-30,796,,
2015-12-30,797,257,262
2015-12-30,798,247,252
2015-12-30,799,,
2015-12-30,801,252,257
2015-12-30,802,,
2015-12-30,838,50,55
2015-12-30,839,70,80
2015-12-30,845,1.4,1.6
2015-12-30,850,1.7,1.9
2015-12-30,853,0.85,0.9
2015-12-30,857,2.1,2.5
2015-12-30,862,,
2015-12-30,964,262,267
2015-12-30,971,,
2015-12-30,1135,0.5,0.55
2015-12-30,1141,,
2015-12-30,1142,,
2015-12-30,1144,106,109
2015-12-30,1145,111,116
2015-12-30,1156,2,2.2
2015-12-30,1157,4,4.2
2015-12-30,1159,0.8,0.85
2015-12-30,1160,0.9,0.95
2015-12-30,1161,0.75,0.8
2015-12-30,1162,0.5,0.62
2015-12-30,1163,,
