date,code,low,high
2017-01-12,30,,
2017-01-12,31,280,282
2017-01-12,103,860,960
2017-01-12,104,650,750
2017-01-12,105,560,660
2017-01-12,106,560,660
2017-01-12,107,560,660
2017-01-12,108,550,650
2017-01-12,109,610,710
2017-01-12,155,,
2017-01-12,175,0.26,0.28
2017-01-12,176,0.4,0.42
2017-01-12,178,0.34,0.36
2017-01-12,183,5.9,6.1
2017-01-12,184,6.1,7.1
2017-01-12,186,1.8,2
2017-01-12,190,1.5,1.6
2017-01-12,194,,
2017-01-12,195,,
2017-01-12,196,,
2017-01-12,197,1.5,1.7
2017-01-12,204,,
2017-01-12,206,,
2017-01-12,207,2.2,2.4
2017-01-12,209,1.5,1.7
2017-01-12,210,1.95,2.3
2017-01-12,211,2.2,2.5
2017-01-12,216,2.7,3
2017-01-12,239,3,3.2
2017-01-12,240,,
2017-01-12,241,,
2017-01-12,242,,
2017-01-12,243,,
2017-01-12,244,3.3,3.5
2017-01-12,245,3,4
2017-01-12,246,3.7,3.9
2017-01-12,247,0.55,0.65
2017-01-12,248,0.55,0.65
2017-01-12,249,0.7,0.85
2017-01-12,250,0.75,0.85
2017-01-12,251,0.8,0.9
2017-01-12,252,0.8,0.9
2017-01-12,254,0.55,0.65
2017-01-12,255,0.8,0.9
2017-01-12,256,1.2,1.5
2017-01-12,257,1.2,1.5
2017-01-12,258,1.2,1.5
2017-01-12,259,1.5,1.7
2017-01-12,260,1.6,1.75
2017-01-12,261,1.6,1.7
2017-01-12,263,1.5,1.7
2017-01-12,264,1.6,1.7
2017-01-12,267,0.75,0.85
2017-01-12,269,0.6,0.65
2017-01-12,272,1.5,1.6
2017-01-12,274,1.7,1.9
2017-01-12,275,1.7,1.9
2017-01-12,276,1.85,1.9
2017-01-12,277,2.05,2.2
2017-01-12,278,1.85,2
2017-01-12,279,1.7,1.9
2017-01-12,280,1.3,1.5
2017-01-12,282,1.2,1.4
2017-01-12,283,1.6,1.7
2017-01-12,284,1.5,1.6
2017-01-12,285,1.5,1.8
2017-01-12,286,1.7,1.9
2017-01-12,287,1.7,1.9
2017-01-12,288,1.5,1.6
2017-01-12,290,1.7,1.9
2017-01-12,291,8,15
2017-01-12,292,,
2017-01-12,293,,
2017-01-12,294,,
2017-01-12,295,,
2017-01-12,296,,
2017-01-12,297,,
2017-01-12,298,,
2017-01-12,299,,
2017-01-12,300,,
2017-01-12,301,,
2017-01-12,302,,
2017-01-12,305,,
2017-01-12,306,,
2017-01-12,307,,
2017-01-12,308,,
2017-01-12,309,,
2017-01-12,310,,
2017-01-12,311,,
2017-01-12,313,,
2017-01-12,314,,
2017-01-12,315,,
2017-01-12,316,,
2017-01-12,317,,
2017-01-12,318,,
2017-01-12,319,,
2017-01-12,321,,
2017-01-12,329,2,2.2
2017-01-12,433,1.55,1.65
2017-01-12,434,3.3,3.5
2017-01-12,435,2.9,3.1
2017-01-12,455,3.4,3.6
2017-01-12,456,2.6,2.9
2017-01-12,457,3.2,3.4
2017-01-12,527,2.5,2.8
2017-01-12,554,1.9,2.1
2017-01-12,561,2.5,2.8
2017-01-12,566,1.05,1.15
2017-01-12,567,1.3,1.4
2017-01-12,568,1.5,1.6
2017-01-12,599,2.3,2.5
2017-01-12,716,1.8,2
2017-01-12,718,1,1.1
2017-01-12,722,2.4,2.6
2017-01-12,726,1.5,1.7
2017-01-12,882,0.43,0.48
2017-01-12,896,,
2017-01-12,897,,
2017-01-12,907,2.7,2.9
2017-01-12,908,,
2017-01-12,910,1,1.05
2017-01-12,911,1.05,1.1
2017-01-12,912,0.95,1
2017-01-12,913,0.85,1
2017-01-12,915,,
2017-01-12,928,,
2017-01-12,929,,
2017-01-12,933,164,168
2017-01-12,934,393,396
2017-01-12,935,,
2017-01-12,936,278,280
2017-01-12,937,283,287
2017-01-12,938,,
2017-01-12,939,180,184
2017-01-12,940,242,244
2017-01-12,941,188,191
2017-01-12,942,,
2017-01-12,943,,
2017-01-12,948,,
2017-01-12,949,173,175
2017-01-12,950,177,179
2017-01-12,953,,
2017-01-12,954,151,156
2017-01-12,958,169,171
2017-01-12,959,,
2017-01-12,960,,190
2017-01-12,962,380,400
2017-01-12,963,440,460
2017-01-12,964,485,505
2017-01-12,965,495,515
2017-01-12,966,381,387
2017-01-12,967,447,458
2017-01-12,968,120,121
2017-01-12,969,124,125
2017-01-12,970,152,155
2017-01-12,971,122,124
2017-01-12,973,160,161
2017-01-12,974,164,165
2017-01-12,975,185,190
2017-01-12,976,118,119
2017-01-12,977,123,124
2017-01-12,978,142,144
2017-01-12,979,200,202
2017-01-12,980,400,406
2017-01-12,981,313,323
2017-01-12,982,295,305
2017-01-12,983,354,364
2017-01-12,986,380,390
2017-01-12,988,625,635
2017-01-12,989,,
2017-01-12,990,,
2017-01-12,991,198,208
2017-01-12,992,198,208
2017-01-12,993,359,360
2017-01-12,994,356,357
2017-01-12,995,369,371
2017-01-12,996,364,366
2017-01-12,999,468,470
2017-01-12,1000,,
2017-01-12,1001,158,176
2017-01-12,1002,202,204
2017-01-12,1003,246,248
2017-01-12,1004,405,408
2017-01-12,1005,422,425
2017-01-12,1006,,
2017-01-12,1007,220,225
2017-01-12,1008,200,205
2017-01-12,1009,155,160
2017-01-12,1010,215,220
2017-01-12,1011,185,190
2017-01-12,1012,165,170
2017-01-12,1013,100,105
2017-01-12,1014,102,104
2017-01-12,1015,125,130
2017-01-12,1016,107,109
2017-01-12,1017,1550,1570
2017-01-12,1018,1705,1710
2017-01-12,1019,195,197
2017-01-12,1020,,
2017-01-12,1021,156,158
2017-01-12,1022,735,740
2017-01-12,1023,700,705
2017-01-12,1024,147,148
2017-01-12,1025,145,148
2017-01-12,1026,150,155
2017-01-12,1027,170,173
2017-01-12,1028,360,390
2017-01-12,1029,305,310
2017-01-12,1030,410,430
2017-01-12,1033,370,380
2017-01-12,1034,350,365
2017-01-12,1035,235,250
2017-01-12,1036,135,137
2017-01-12,1037,114,117
2017-01-12,1038,60,70
2017-01-12,1039,120,130
2017-01-12,1042,75,92
2017-01-12,1043,85,102
2017-01-12,1050,30,35
2017-01-12,1051,35,42
2017-01-12,1052,2050,2250
2017-01-12,1053,,
2017-01-12,1054,2600,2800
2017-01-12,1055,,
2017-01-12,1056,,
2017-01-12,1057,900,1000
2017-01-12,1058,1750,1850
2017-01-12,1059,3700,3900
2017-01-12,1086,,
2017-01-12,1087,30,50
2017-01-12,1088,,
2017-01-12,1089,,
2017-01-12,1098,,2.65
2017-01-12,1099,10.8,11.3
2017-01-12,1100,10.2,10.7
2017-01-12,1101,9.6,10.1
2017-01-12,1102,5.3,5.6
2017-01-12,1103,5,5.3
2017-01-12,1104,6.5,6.8
2017-01-12,1105,5.1,5.5
2017-01-12,1106,1.6,1.9
2017-01-12,1107,2.8,3.1
2017-01-12,1108,2.1,2.3
2017-01-12,1109,,
2017-01-12,1110,,
2017-01-12,1122,156,161
2017-01-12,1123,161,166
2017-01-12,1124,166,171
2017-01-12,1126,,
2017-01-12,1136,222,227
2017-01-12,1137,179,181
2017-01-12,1138,175,179
2017-01-12,1139,220,225
2017-01-12,1140,203,206
2017-01-12,1141,178,183
2017-01-12,1145,121,
2017-01-12,1156,92,107
2017-01-12,1157,97,112
2017-01-12,1158,47,57
2017-01-12,1164,1.5,1.6
2017-01-12,1165,1.55,1.65
2017-01-12,1172,235,238
2017-01-12,1173,218,223
2017-01-12,1174,201,206
2017-01-12,1175,191,196
2017-01-12,1183,,
2017-01-12,1184,,
2017-01-12,1192,57,67
2017-01-12,1230,405,406
2017-01-12,1231,,
2017-01-12,1234,,
2017-01-12,1252,645,655
2017-01-12,1257,1.6,1.8
2017-01-12,1258,179,181
2017-01-12,1259,186,188
2017-01-12,1261,5200,5800
2017-01-12,1262,4400,4900
2017-01-12,1263,4500,4800
2017-01-12,1264,600,700
2017-01-12,1265,,
2017-01-12,1266,1400,1600
2017-01-12,1267,,
2017-01-12,1268,660,700
2017-01-12,1269,460,490
2017-01-12,1270,570,630
2017-01-12,1271,400,440
2017-01-12,1272,,
2017-01-12,1273,480,610
2017-01-12,1274,380,430
2017-01-12,1275,620,690
2017-01-12,1276,410,460
2017-01-12,1277,630,670
2017-01-12,1278,450,470
2017-01-12,1279,3800,4000
2017-01-12,1280,2500,2700
2017-01-12,1281,1900,2000
2017-01-12,1282,850,950
2017-01-12,1283,1200,1250
2017-01-12,1284,,
2017-01-12,1285,,
2017-01-12,1287,0.8,1
2017-01-12,1288,0.65,0.75
2017-01-12,1289,0.8,0.95
2017-01-12,1290,1.7,2
2017-01-12,1291,1.5,1.6
2017-01-12,1292,1.6,1.7
2017-01-12,1294,385,430
2017-01-12,1295,290,335
2017-01-12,1296,183,185
2017-01-12,1297,97,107
2017-01-12,1298,102,112
2017-01-12,1299,2.2,2.6
2017-01-12,1300,2.7,2.9
2017-01-19,30,,
2017-01-19,31,282,284
2017-01-19,103,810,910
2017-01-19,104,650,750
2017-01-19,105,560,660
2017-01-19,106,560,660
2017-01-19,107,560,660
2017-01-19,108,530,630
2017-01-19,109,610,710
2017-01-19,155,0.85,0.9
2017-01-19,175,0.26,0.28
2017-01-19,176,0.4,0.42
2017-01-19,178,0.34,0.36
2017-01-19,183,5.9,6.1
2017-01-19,184,6.1,7.1
2017-01-19,186,1.8,2
2017-01-19,190,1.5,1.6
2017-01-19,194,,
2017-01-19,195,,
2017-01-19,196,,
2017-01-19,197,1.5,1.7
2017-01-19,204,,
2017-01-19,206,,
2017-01-19,207,2.2,2.4
2017-01-19,209,1.5,1.7
2017-01-19,210,1.95,2.3
2017-01-19,211,2.2,2.5
2017-01-19,216,2.7,3
2017-01-19,239,3,3.2
2017-01-19,240,,
2017-01-19,241,,
2017-01-19,242,,
2017-01-19,243,,
2017-01-19,244,3.3,3.5
2017-01-19,245,3,4
2017-01-19,246,3.7,3.9
2017-01-19,247,0.55,0.65
2017-01-19,248,0.55,0.65
2017-01-19,249,0.7,0.85
2017-01-19,250,0.75,0.85
2017-01-19,251,0.8,0.9
2017-01-19,252,0.8,0.9
2017-01-19,254,0.55,0.65
2017-01-19,255,0.8,0.9
2017-01-19,256,1.2,1.5
2017-01-19,257,1.2,1.5
2017-01-19,258,1.2,1.5
2017-01-19,259,1.5,1.7
2017-01-19,260,1.6,1.75
2017-01-19,261,1.6,1.7
2017-01-19,263,1.5,1.7
2017-01-19,264,1.6,1.7
2017-01-19,267,0.75,0.85
2017-01-19,269,0.6,0.65
2017-01-19,272,1.5,1.6
2017-01-19,274,1.7,1.9
2017-01-19,275,1.7,1.9
2017-01-19,276,1.85,1.9
2017-01-19,277,2.05,2.2
2017-01-19,278,1.85,2
2017-01-19,279,1.7,1.9
2017-01-19,280,1.3,1.5
2017-01-19,282,1.2,1.4
2017-01-19,283,1.6,1.7
2017-01-19,284,1.5,1.6
2017-01-19,285,1.5,1.8
2017-01-19,286,1.7,1.9
2017-01-19,287,1.7,1.9
2017-01-19,288,1.5,1.6
2017-01-19,290,1.7,1.9
2017-01-19,291,8,15
2017-01-19,292,,
2017-01-19,293,,
2017-01-19,294,,
2017-01-19,295,,
2017-01-19,296,,
2017-01-19,297,,
2017-01-19,298,,
2017-01-19,299,,
2017-01-19,300,,
2017-01-19,301,,
2017-01-19,302,,
2017-01-19,305,,
2017-01-19,306,,
2017-01-19,307,,
2017-01-19,308,,
2017-01-19,309,,
2017-01-19,310,,
2017-01-19,311,,
2017-01-19,313,,
2017-01-19,314,,
2017-01-19,315,,
2017-01-19,316,,
2017-01-19,317,,
2017-01-19,318,,
2017-01-19,319,,
2017-01-19,321,,
2017-01-19,329,2,2.2
2017-01-19,433,1.55,1.65
2017-01-19,434,3.3,3.5
2017-01-19,435,2.9,3.1
2017-01-19,455,3.4,3.6
2017-01-19,456,2.6,2.9
2017-01-19,457,3.2,3.4
2017-01-19,527,2.5,2.8
2017-01-19,554,1.9,2.1
2017-01-19,561,2.5,2.8
2017-01-19,566,1.1,1.2
2017-01-19,567,1.3,1.4
2017-01-19,568,1.5,1.6
2017-01-19,599,2.3,2.5
2017-01-19,716,1.8,2
2017-01-19,718,1.03,1.13
2017-01-19,722,2.4,2.6
2017-01-19,726,1.5,1.7
2017-01-19,882,0.43,0.48
2017-01-19,896,,
2017-01-19,897,,
2017-01-19,907,2.7,2.9
2017-01-19,908,,
2017-01-19,910,1,1.05
2017-01-19,911,1.05,1.1
2017-01-19,912,0.95,1
2017-01-19,913,0.85,1
2017-01-19,915,0.8,0.9
2017-01-19,928,,
2017-01-19,929,,
2017-01-19,933,167,171
2017-01-19,934,403,406
2017-01-19,935,,
2017-01-19,936,278,280
2017-01-19,937,283,287
2017-01-19,938,,
2017-01-19,939,182,186
2017-01-19,940,242,244
2017-01-19,941,188,191
2017-01-19,942,,
2017-01-19,943,,
2017-01-19,948,,
2017-01-19,949,174,176
2017-01-19,950,177,179
2017-01-19,953,,
2017-01-19,954,151,156
2017-01-19,958,171,173
2017-01-19,959,,
2017-01-19,960,,192
2017-01-19,962,380,400
2017-01-19,963,440,460
2017-01-19,964,485,505
2017-01-19,965,495,515
2017-01-19,966,381,387
2017-01-19,967,447,458
2017-01-19,968,116,117
2017-01-19,969,120,121
2017-01-19,970,147,150
2017-01-19,971,114,116
2017-01-19,973,156,157
2017-01-19,974,160,161
2017-01-19,975,180,185
2017-01-19,976,114,115
2017-01-19,977,115,116
2017-01-19,978,130,132
2017-01-19,979,195,197
2017-01-19,980,404,410
2017-01-19,981,313,323
2017-01-19,982,301,311
2017-01-19,983,362,372
2017-01-19,986,385,395
2017-01-19,988,625,635
2017-01-19,989,,
2017-01-19,990,,
2017-01-19,991,194,204
2017-01-19,992,194,204
2017-01-19,993,387,388
2017-01-19,994,384,385
2017-01-19,995,397,399
2017-01-19,996,392,394
2017-01-19,999,499,501
2017-01-19,1000,,
2017-01-19,1001,158,176
2017-01-19,1002,204,206
2017-01-19,1003,246,248
2017-01-19,1004,417,420
2017-01-19,1005,437,440
2017-01-19,1006,,
2017-01-19,1007,220,225
2017-01-19,1008,200,205
2017-01-19,1009,155,160
2017-01-19,1010,220,225
2017-01-19,1011,185,190
2017-01-19,1012,165,170
2017-01-19,1013,100,105
2017-01-19,1014,102,104
2017-01-19,1015,125,130
2017-01-19,1016,107,109
2017-01-19,1017,1540,1560
2017-01-19,1018,1695,1700
2017-01-19,1019,196,198
2017-01-19,1020,,
2017-01-19,1021,156,158
2017-01-19,1022,735,740
2017-01-19,1023,700,705
2017-01-19,1024,147,148
2017-01-19,1025,145,148
2017-01-19,1026,150,155
2017-01-19,1027,170,173
2017-01-19,1028,360,390
2017-01-19,1029,315,320
2017-01-19,1030,385,405
2017-01-19,1033,370,380
2017-01-19,1034,350,365
2017-01-19,1035,235,250
2017-01-19,1036,135,137
2017-01-19,1037,114,117
2017-01-19,1038,60,70
2017-01-19,1039,120,130
2017-01-19,1042,75,92
2017-01-19,1043,85,102
2017-01-19,1050,30,35
2017-01-19,1051,35,42
2017-01-19,1052,2050,2250
2017-01-19,1053,,
2017-01-19,1054,2600,2800
2017-01-19,1055,,
2017-01-19,1056,,
2017-01-19,1057,900,1000
2017-01-19,1058,1750,1850
2017-01-19,1059,3700,3900
2017-01-19,1086,,
2017-01-19,1087,30,50
2017-01-19,1088,,
2017-01-19,1089,,
2017-01-19,1098,,2.65
2017-01-19,1099,10.8,11.35
2017-01-19,1100,10.2,10.75
2017-01-19,1101,9.6,10.15
2017-01-19,1102,5.3,5.6
2017-01-19,1103,5,5.3
2017-01-19,1104,6.5,6.8
2017-01-19,1105,5.1,5.5
2017-01-19,1106,1.6,1.9
2017-01-19,1107,2.8,3.1
2017-01-19,1108,2.1,2.3
2017-01-19,1109,,
2017-01-19,1110,,
2017-01-19,1122,158,163
2017-01-19,1123,163,168
2017-01-19,1124,168,173
2017-01-19,1126,,
2017-01-19,1136,222,227
2017-01-19,1137,182,184
2017-01-19,1138,178,182
2017-01-19,1139,220,225
2017-01-19,1140,203,206
2017-01-19,1141,178,183
2017-01-19,1145,118,
2017-01-19,1156,92,107
2017-01-19,1157,97,112
2017-01-19,1158,47,57
2017-01-19,1164,1.5,1.6
2017-01-19,1165,1.55,1.65
2017-01-19,1172,235,238
2017-01-19,1173,218,223
2017-01-19,1174,201,206
2017-01-19,1175,191,196
2017-01-19,1183,,
2017-01-19,1184,,
2017-01-19,1192,57,67
2017-01-19,1230,436,437
2017-01-19,1231,,
2017-01-19,1234,,
2017-01-19,1252,645,655
2017-01-19,1257,1.6,1.8
2017-01-19,1258,179,181
2017-01-19,1259,186,188
2017-01-19,1261,5200,5800
2017-01-19,1262,4400,4900
2017-01-19,1263,4500,4800
2017-01-19,1264,600,700
2017-01-19,1265,,
2017-01-19,1266,1400,1600
2017-01-19,1267,,
2017-01-19,1268,,
2017-01-19,1269,,
2017-01-19,1270,,
2017-01-19,1271,,
2017-01-19,1272,,
2017-01-19,1273,,
2017-01-19,1274,,
2017-01-19,1275,,
2017-01-19,1276,,
2017-01-19,1277,,
2017-01-19,1278,,
2017-01-19,1279,3800,4000
2017-01-19,1280,2500,2700
2017-01-19,1281,1900,2000
2017-01-19,1282,850,950
2017-01-19,1283,1200,1250
2017-01-19,1284,,
2017-01-19,1285,,
2017-01-19,1287,0.8,1
2017-01-19,1288,0.65,0.75
2017-01-19,1289,0.8,0.95
2017-01-19,1290,1.7,2
2017-01-19,1291,1.5,1.6
2017-01-19,1292,1.6,1.7
2017-01-19,1294,385,415
2017-01-19,1295,290,335
2017-01-19,1296,185,187
2017-01-19,1297,97,107
2017-01-19,1298,102,112
2017-01-19,1299,2.2,2.6
2017-01-19,1300,2.7,2.9
2017-01-19,1301,174,176
2017-01-19,1302,196,198
2017-01-26,30,,
2017-01-26,31,275,284
2017-01-26,103,790,890
2017-01-26,104,650,750
2017-01-26,105,560,660
2017-01-26,106,560,660
2017-01-26,107,560,660
2017-01-26,108,510,610
2017-01-26,109,610,710
2017-01-26,155,0.85,0.9
2017-01-26,175,0.26,0.28
2017-01-26,176,0.4,0.42
2017-01-26,178,0.34,0.36
2017-01-26,183,5.9,6.1
2017-01-26,184,6.1,7.1
2017-01-26,186,1.8,2
2017-01-26,190,1.5,1.6
2017-01-26,194,,
2017-01-26,195,,
2017-01-26,196,,
2017-01-26,197,1.5,1.7
2017-01-26,204,,
2017-01-26,206,,
2017-01-26,207,2.2,2.4
2017-01-26,209,1.5,1.7
2017-01-26,210,1.95,2.3
2017-01-26,211,2.2,2.5
2017-01-26,216,2.7,3
2017-01-26,239,3,3.2
2017-01-26,240,,
2017-01-26,241,,
2017-01-26,242,,
2017-01-26,243,,
2017-01-26,244,3.3,3.5
2017-01-26,245,3,4
2017-01-26,246,3.7,3.9
2017-01-26,247,0.55,0.65
2017-01-26,248,0.55,0.65
2017-01-26,249,0.7,0.85
2017-01-26,250,0.75,0.85
2017-01-26,251,0.8,0.9
2017-01-26,252,0.8,0.9
2017-01-26,254,0.55,0.65
2017-01-26,255,0.8,0.9
2017-01-26,256,1.2,1.5
2017-01-26,257,1.2,1.5
2017-01-26,258,1.2,1.5
2017-01-26,259,1.5,1.7
2017-01-26,260,1.6,1.75
2017-01-26,261,1.6,1.7
2017-01-26,263,1.5,1.7
2017-01-26,264,1.6,1.7
2017-01-26,267,0.75,0.85
2017-01-26,269,0.6,0.65
2017-01-26,272,1.5,1.6
2017-01-26,274,1.7,1.9
2017-01-26,275,1.7,1.9
2017-01-26,276,1.85,1.9
2017-01-26,277,2.05,2.2
2017-01-26,278,1.85,2
2017-01-26,279,1.7,1.9
2017-01-26,280,1.3,1.5
2017-01-26,282,1.2,1.4
2017-01-26,283,1.6,1.7
2017-01-26,284,1.5,1.6
2017-01-26,285,1.5,1.8
2017-01-26,286,1.7,1.9
2017-01-26,287,1.7,1.9
2017-01-26,288,1.5,1.6
2017-01-26,290,1.7,1.9
2017-01-26,291,8,15
2017-01-26,292,,
2017-01-26,293,,
2017-01-26,294,,
2017-01-26,295,,
2017-01-26,296,,
2017-01-26,297,,
2017-01-26,298,,
2017-01-26,299,,
2017-01-26,300,,
2017-01-26,301,,
2017-01-26,302,,
2017-01-26,305,,
2017-01-26,306,,
2017-01-26,307,,
2017-01-26,308,,
2017-01-26,309,,
2017-01-26,310,,
2017-01-26,311,,
2017-01-26,313,,
2017-01-26,314,,
2017-01-26,315,,
2017-01-26,316,,
2017-01-26,317,,
2017-01-26,318,,
2017-01-26,319,,
2017-01-26,321,,
2017-01-26,329,2,2.2
2017-01-26,433,1.55,1.65
2017-01-26,434,3.3,3.5
2017-01-26,435,2.9,3.1
2017-01-26,455,3.4,3.6
2017-01-26,456,2.6,2.9
2017-01-26,457,3.2,3.4
2017-01-26,527,2.5,2.8
2017-01-26,554,1.9,2.1
2017-01-26,561,2.5,2.8
2017-01-26,566,1.1,1.2
2017-01-26,567,1.3,1.4
2017-01-26,568,1.5,1.6
2017-01-26,599,2.3,2.5
2017-01-26,716,1.8,2
2017-01-26,718,1.03,1.13
2017-01-26,722,2.4,2.6
2017-01-26,726,1.5,1.7
2017-01-26,882,0.45,0.5
2017-01-26,896,,
2017-01-26,897,,
2017-01-26,907,2.7,2.9
2017-01-26,908,,
2017-01-26,910,1,1.05
2017-01-26,911,1.05,1.1
2017-01-26,912,0.95,1
2017-01-26,913,0.85,1
2017-01-26,914,,
2017-01-26,915,0.8,0.9
2017-01-26,928,,
2017-01-26,929,,
2017-01-26,933,170,174
2017-01-26,934,401,404
2017-01-26,935,,
2017-01-26,936,278,280
2017-01-26,937,283,287
2017-01-26,938,,
2017-01-26,939,184,188
2017-01-26,940,242,244
2017-01-26,941,188,191
2017-01-26,942,,
2017-01-26,943,,
2017-01-26,948,,
2017-01-26,950,178,180
2017-01-26,953,,
2017-01-26,954,151,156
2017-01-26,958,171,173
2017-01-26,959,185,186
2017-01-26,960,,192
2017-01-26,962,380,400
2017-01-26,963,440,460
2017-01-26,964,485,505
2017-01-26,965,495,515
2017-01-26,966,381,387
2017-01-26,967,447,458
2017-01-26,968,116,117
2017-01-26,969,120,121
2017-01-26,970,142,145
2017-01-26,971,114,116
2017-01-26,973,156,157
2017-01-26,974,160,161
2017-01-26,975,175,180
2017-01-26,976,114,115
2017-01-26,977,115,116
2017-01-26,978,118,120
2017-01-26,979,195,197
2017-01-26,980,409,415
2017-01-26,981,313,323
2017-01-26,982,306,316
2017-01-26,983,367,377
2017-01-26,986,390,400
2017-01-26,988,625,635
2017-01-26,989,,
2017-01-26,990,,
2017-01-26,991,194,204
2017-01-26,992,194,204
2017-01-26,993,379,380
2017-01-26,994,376,377
2017-01-26,995,389,391
2017-01-26,996,384,386
2017-01-26,999,491,493
2017-01-26,1000,,
2017-01-26,1001,158,176
2017-01-26,1002,204,206
2017-01-26,1003,246,248
2017-01-26,1004,415,418
2017-01-26,1005,437,440
2017-01-26,1006,,
2017-01-26,1007,220,225
2017-01-26,1008,200,205
2017-01-26,1009,155,160
2017-01-26,1010,220,225
2017-01-26,1011,185,190
2017-01-26,1012,165,170
2017-01-26,1013,100,105
2017-01-26,1014,102,104
2017-01-26,1015,125,130
2017-01-26,1016,107,109
2017-01-26,1017,1520,1540
2017-01-26,1018,1675,1680
2017-01-26,1020,,
2017-01-26,1021,156,158
2017-01-26,1022,735,740
2017-01-26,1023,700,705
2017-01-26,1024,147,148
2017-01-26,1025,145,148
2017-01-26,1026,150,155
2017-01-26,1027,170,173
2017-01-26,1028,360,390
2017-01-26,1029,315,320
2017-01-26,1030,375,395
2017-01-26,1033,370,380
2017-01-26,1034,350,365
2017-01-26,1035,235,250
2017-01-26,1036,135,137
2017-01-26,1037,114,117
2017-01-26,1038,60,70
2017-01-26,1039,120,130
2017-01-26,1042,75,92
2017-01-26,1043,85,102
2017-01-26,1050,30,35
2017-01-26,1051,35,42
2017-01-26,1052,2050,2250
2017-01-26,1053,,
2017-01-26,1054,,
2017-01-26,1055,,
2017-01-26,1056,,
2017-01-26,1057,,
2017-01-26,1058,1750,1850
2017-01-26,1059,3700,3900
2017-01-26,1086,,
2017-01-26,1087,30,50
2017-01-26,1088,,
2017-01-26,1089,,
2017-01-26,1098,,2.6
2017-01-26,1099,10.85,11.4
2017-01-26,1100,10.25,10.8
2017-01-26,1101,9.65,10.2
2017-01-26,1102,5.3,5.6
2017-01-26,1103,5,5.3
2017-01-26,1104,6.5,6.8
2017-01-26,1105,5.1,5.5
2017-01-26,1106,1.6,1.9
2017-01-26,1107,2.8,3.1
2017-01-26,1108,2.1,2.3
2017-01-26,1109,,
2017-01-26,1110,,
2017-01-26,1122,158,163
2017-01-26,1123,163,168
2017-01-26,1124,168,173
2017-01-26,1126,,
2017-01-26,1136,222,227
2017-01-26,1137,184,186
2017-01-26,1138,180,184
2017-01-26,1139,220,225
2017-01-26,1140,203,206
2017-01-26,1141,178,183
2017-01-26,1145,118,
2017-01-26,1156,92,107
2017-01-26,1157,97,112
2017-01-26,1158,47,57
2017-01-26,1164,1.5,1.6
2017-01-26,1165,1.55,1.65
2017-01-26,1172,235,238
2017-01-26,1173,218,223
2017-01-26,1174,201,206
2017-01-26,1175,191,196
2017-01-26,1183,,
2017-01-26,1184,,
2017-01-26,1192,57,67
2017-01-26,1230,428,429
2017-01-26,1231,,
2017-01-26,1234,,
2017-01-26,1252,645,655
2017-01-26,1257,1.6,1.8
2017-01-26,1258,181,183
2017-01-26,1259,186,188
2017-01-26,1261,5200,5800
2017-01-26,1262,4400,4900
2017-01-26,1263,4500,4800
2017-01-26,1264,600,700
2017-01-26,1265,,
2017-01-26,1266,1500,1700
2017-01-26,1267,,
2017-01-26,1268,,
2017-01-26,1269,,
2017-01-26,1270,,
2017-01-26,1271,,
2017-01-26,1272,,
2017-01-26,1273,,
2017-01-26,1274,,
2017-01-26,1275,,
2017-01-26,1276,,
2017-01-26,1277,,
2017-01-26,1278,,
2017-01-26,1279,3800,4000
2017-01-26,1280,2500,2700
2017-01-26,1281,1900,2000
2017-01-26,1282,850,950
2017-01-26,1283,1200,1250
2017-01-26,1284,,
2017-01-26,1285,,
2017-01-26,1287,0.8,1
2017-01-26,1288,0.65,0.75
2017-01-26,1289,0.8,0.95
2017-01-26,1290,1.7,2
2017-01-26,1291,1.5,1.6
2017-01-26,1292,1.6,1.7
2017-01-26,1294,385,415
2017-01-26,1295,290,335
2017-01-26,1296,187,189
2017-01-26,1297,97,107
2017-01-26,1298,102,112
2017-01-26,1299,2.2,2.6
2017-01-26,1300,2.7,2.9
2017-01-26,1301,175,177
2017-01-26,1302,197,199
2017-02-02,30,,
2017-02-02,31,275,284
2017-02-02,103,770,870
2017-02-02,104,670,770
2017-02-02,105,560,660
2017-02-02,106,560,660
2017-02-02,107,560,660
2017-02-02,108,510,610
2017-02-02,109,610,710
2017-02-02,155,0.85,0.95
2017-02-02,175,0.26,0.28
2017-02-02,176,0.4,0.42
2017-02-02,178,0.34,0.36
2017-02-02,183,5.9,6.1
2017-02-02,184,6.1,7.1
2017-02-02,186,1.8,2
2017-02-02,190,1.55,1.65
2017-02-02,194,,
2017-02-02,195,,
2017-02-02,196,,
2017-02-02,197,1.55,1.75
2017-02-02,204,,
2017-02-02,206,,
2017-02-02,207,2.2,2.4
2017-02-02,209,,
2017-02-02,210,1.95,2.3
2017-02-02,211,2.2,2.5
2017-02-02,216,,
2017-02-02,239,3,3.2
2017-02-02,240,,
2017-02-02,241,,
2017-02-02,242,,
2017-02-02,243,,
2017-02-02,244,3.3,3.5
2017-02-02,245,3,4
2017-02-02,246,3.7,3.9
2017-02-02,247,0.55,0.65
2017-02-02,248,0.55,0.65
2017-02-02,249,0.7,0.85
2017-02-02,250,0.75,0.85
2017-02-02,251,0.8,0.9
2017-02-02,252,0.8,0.9
2017-02-02,254,0.55,0.65
2017-02-02,255,0.8,0.9
2017-02-02,256,1.2,1.5
2017-02-02,257,1.2,1.5
2017-02-02,258,1.2,1.5
2017-02-02,259,1.5,1.7
2017-02-02,260,1.6,1.75
2017-02-02,261,1.6,1.7
2017-02-02,263,1.5,1.7
2017-02-02,264,1.6,1.7
2017-02-02,267,0.75,0.85
2017-02-02,269,0.6,0.65
2017-02-02,272,1.5,1.6
2017-02-02,274,1.7,1.9
2017-02-02,275,1.7,1.9
2017-02-02,276,1.85,1.9
2017-02-02,277,2.05,2.2
2017-02-02,278,1.85,2
2017-02-02,279,1.7,1.9
2017-02-02,280,1.3,1.5
2017-02-02,282,1.2,1.4
2017-02-02,283,1.6,1.7
2017-02-02,284,1.5,1.6
2017-02-02,285,1.5,1.8
2017-02-02,286,1.7,1.9
2017-02-02,287,1.7,1.9
2017-02-02,288,1.5,1.6
2017-02-02,290,1.7,1.9
2017-02-02,291,8,15
2017-02-02,292,,
2017-02-02,293,,
2017-02-02,294,,
2017-02-02,295,,
2017-02-02,296,,
2017-02-02,297,,
2017-02-02,298,,
2017-02-02,299,,
2017-02-02,300,,
2017-02-02,301,,
2017-02-02,302,,
2017-02-02,305,,
2017-02-02,306,,
2017-02-02,307,,
2017-02-02,308,,
2017-02-02,309,,
2017-02-02,310,,
2017-02-02,311,,
2017-02-02,313,,
2017-02-02,314,,
2017-02-02,315,,
2017-02-02,316,,
2017-02-02,317,,
2017-02-02,318,,
2017-02-02,319,,
2017-02-02,321,,
2017-02-02,329,2,2.2
2017-02-02,433,1.6,1.7
2017-02-02,434,3.3,3.5
2017-02-02,435,2.9,3.1
2017-02-02,455,3.7,3.9
2017-02-02,456,2.6,2.9
2017-02-02,457,3.2,3.4
2017-02-02,527,2.5,2.8
2017-02-02,554,1.9,2.1
2017-02-02,561,2.5,2.8
2017-02-02,566,1.25,1.35
2017-02-02,567,1.35,1.45
2017-02-02,568,1.5,1.6
2017-02-02,597,,
2017-02-02,599,,
2017-02-02,716,2,2.2
2017-02-02,718,1.03,1.13
2017-02-02,722,2.4,2.6
2017-02-02,726,1.5,1.7
2017-02-02,882,0.45,0.5
2017-02-02,896,,
2017-02-02,897,,
2017-02-02,907,,
2017-02-02,908,,
2017-02-02,910,0.95,1
2017-02-02,911,1,1.05
2017-02-02,912,0.9,0.95
2017-02-02,913,0.8,0.95
2017-02-02,914,0.65,0.7
2017-02-02,915,0.8,0.9
2017-02-02,928,,
2017-02-02,929,,
2017-02-02,933,170,174
2017-02-02,934,395,398
2017-02-02,935,,
2017-02-02,936,275,277
2017-02-02,937,280,284
2017-02-02,938,,
2017-02-02,939,184,188
2017-02-02,940,242,244
2017-02-02,941,188,191
2017-02-02,942,,
2017-02-02,943,,
2017-02-02,948,,
2017-02-02,950,178,180
2017-02-02,953,,
2017-02-02,954,151,156
2017-02-02,958,171,173
2017-02-02,959,185,186
2017-02-02,960,,192
2017-02-02,962,380,400
2017-02-02,963,440,460
2017-02-02,964,485,505
2017-02-02,965,495,515
2017-02-02,966,376,382
2017-02-02,967,442,453
2017-02-02,968,114,115
2017-02-02,969,118,119
2017-02-02,970,137,140
2017-02-02,971,113,115
2017-02-02,973,154,155
2017-02-02,974,158,159
2017-02-02,975,170,175
2017-02-02,976,112,113
2017-02-02,977,114,115
2017-02-02,978,116,118
2017-02-02,979,190,192
2017-02-02,980,409,415
2017-02-02,981,313,323
2017-02-02,982,306,316
2017-02-02,983,367,377
2017-02-02,986,395,405
2017-02-02,988,625,635
2017-02-02,989,,
2017-02-02,990,,
2017-02-02,991,192,202
2017-02-02,992,192,202
2017-02-02,993,369,370
2017-02-02,994,366,367
2017-02-02,995,379,381
2017-02-02,996,374,376
2017-02-02,999,481,483
2017-02-02,1000,,
2017-02-02,1001,158,176
2017-02-02,1002,203,205
2017-02-02,1003,244,246
2017-02-02,1004,409,412
2017-02-02,1005,434,437
2017-02-02,1006,,
2017-02-02,1007,220,225
2017-02-02,1008,200,205
2017-02-02,1009,155,160
2017-02-02,1010,220,225
2017-02-02,1011,185,190
2017-02-02,1012,165,170
2017-02-02,1013,100,105
2017-02-02,1014,102,104
2017-02-02,1015,125,130
2017-02-02,1016,107,109
2017-02-02,1017,1510,1530
2017-02-02,1018,1665,1670
2017-02-02,1020,,
2017-02-02,1021,156,158
2017-02-02,1022,735,740
2017-02-02,1023,700,705
2017-02-02,1024,142,143
2017-02-02,1025,140,143
2017-02-02,1026,150,155
2017-02-02,1027,170,173
2017-02-02,1028,360,390
2017-02-02,1029,320,325
2017-02-02,1030,365,385
2017-02-02,1033,360,370
2017-02-02,1034,340,355
2017-02-02,1035,235,250
2017-02-02,1036,135,137
2017-02-02,1037,114,117
2017-02-02,1038,60,70
2017-02-02,1039,120,130
2017-02-02,1042,75,92
2017-02-02,1043,85,102
2017-02-02,1050,30,35
2017-02-02,1051,35,42
2017-02-02,1052,2050,2250
2017-02-02,1053,,
2017-02-02,1054,,
2017-02-02,1055,,
2017-02-02,1056,,
2017-02-02,1057,,
2017-02-02,1058,1750,1850
2017-02-02,1059,3700,3900
2017-02-02,1086,,
2017-02-02,1087,30,50
2017-02-02,1088,,
2017-02-02,1089,,
2017-02-02,1098,,2.48
2017-02-02,1099,10.85,11.4
2017-02-02,1100,10.3,10.8
2017-02-02,1101,9.7,10.2
2017-02-02,1102,5.3,5.6
2017-02-02,1103,5,5.3
2017-02-02,1104,6.5,6.8
2017-02-02,1105,5.1,5.5
2017-02-02,1106,1.6,1.9
2017-02-02,1107,2.8,3.1
2017-02-02,1108,2.1,2.3
2017-02-02,1109,,
2017-02-02,1110,,
2017-02-02,1122,,
2017-02-02,1123,163,168
2017-02-02,1124,168,173
2017-02-02,1126,,
2017-02-02,1136,222,227
2017-02-02,1137,184,186
2017-02-02,1138,180,184
2017-02-02,1139,215,220
2017-02-02,1140,198,201
2017-02-02,1141,173,178
2017-02-02,1145,118,
2017-02-02,1156,92,107
2017-02-02,1157,97,112
2017-02-02,1158,47,57
2017-02-02,1164,1.5,1.6
2017-02-02,1165,1.55,1.65
2017-02-02,1172,230,233
2017-02-02,1173,213,218
2017-02-02,1174,196,201
2017-02-02,1175,186,191
2017-02-02,1183,,
2017-02-02,1184,,
2017-02-02,1192,57,67
2017-02-02,1230,418,419
2017-02-02,1231,,
2017-02-02,1234,,
2017-02-02,1252,645,655
2017-02-02,1257,1.6,1.8
2017-02-02,1258,181,183
2017-02-02,1259,184,186
2017-02-02,1261,5200,5800
2017-02-02,1262,4400,4900
2017-02-02,1263,4500,4800
2017-02-02,1264,600,700
2017-02-02,1265,,
2017-02-02,1266,1500,1700
2017-02-02,1267,,
2017-02-02,1268,,
2017-02-02,1269,,
2017-02-02,1270,,
2017-02-02,1271,,
2017-02-02,1272,,
2017-02-02,1273,,
2017-02-02,1274,,
2017-02-02,1275,,
2017-02-02,1276,,
2017-02-02,1277,,
2017-02-02,1278,,
2017-02-02,1279,3800,4000
2017-02-02,1280,2500,2700
2017-02-02,1281,1900,2000
2017-02-02,1282,850,950
2017-02-02,1283,1200,1250
2017-02-02,1284,,
2017-02-02,1285,,
2017-02-02,1287,0.8,1
2017-02-02,1288,0.65,0.75
2017-02-02,1289,0.8,0.95
2017-02-02,1290,1.7,2
2017-02-02,1291,1.5,1.6
2017-02-02,1292,1.6,1.7
2017-02-02,1294,375,405
2017-02-02,1295,300,345
2017-02-02,1296,187,189
2017-02-02,1297,97,107
2017-02-02,1298,102,112
2017-02-02,1299,2.2,2.6
2017-02-02,1300,2.7,2.9
2017-02-02,1301,175,177
2017-02-02,1302,197,199
2017-02-09,30,,
2017-02-09,31,280,
2017-02-09,103,750,850
2017-02-09,104,710,810
2017-02-09,105,560,660
2017-02-09,106,560,660
2017-02-09,107,550,650
2017-02-09,108,510,610
2017-02-09,109,610,710
2017-02-09,155,0.87,0.97
2017-02-09,175,0.26,0.28
2017-02-09,176,0.4,0.42
2017-02-09,178,0.34,0.36
2017-02-09,183,5.9,6.1
2017-02-09,184,6.1,7.1
2017-02-09,186,1.8,2
2017-02-09,190,1.55,1.65
2017-02-09,194,,
2017-02-09,195,,
2017-02-09,196,,
2017-02-09,197,1.55,1.75
2017-02-09,204,,
2017-02-09,206,,
2017-02-09,207,2.2,2.4
2017-02-09,210,1.95,2.3
2017-02-09,211,2.2,2.5
2017-02-09,239,3,3.2
2017-02-09,240,,
2017-02-09,241,,
2017-02-09,242,,
2017-02-09,243,,
2017-02-09,244,3.3,3.5
2017-02-09,245,3,4
2017-02-09,246,3.7,3.9
2017-02-09,247,0.55,0.65
2017-02-09,248,0.55,0.65
2017-02-09,249,0.7,0.85
2017-02-09,250,0.75,0.85
2017-02-09,251,0.8,0.9
2017-02-09,252,0.8,0.9
2017-02-09,254,0.55,0.65
2017-02-09,255,0.8,0.9
2017-02-09,256,1.2,1.5
2017-02-09,257,1.2,1.5
2017-02-09,258,1.2,1.5
2017-02-09,259,1.5,1.7
2017-02-09,260,1.6,1.75
2017-02-09,261,1.6,1.7
2017-02-09,263,1.5,1.7
2017-02-09,264,1.6,1.7
2017-02-09,267,0.75,0.85
2017-02-09,269,0.6,0.65
2017-02-09,272,1.5,1.6
2017-02-09,274,1.7,1.9
2017-02-09,275,1.7,1.9
2017-02-09,276,1.85,1.9
2017-02-09,277,2.05,2.2
2017-02-09,278,1.85,2
2017-02-09,279,1.7,1.9
2017-02-09,280,1.3,1.5
2017-02-09,282,1.2,1.4
2017-02-09,283,1.6,1.7
2017-02-09,284,1.5,1.6
2017-02-09,285,1.5,1.8
2017-02-09,286,1.7,1.9
2017-02-09,287,1.7,1.9
2017-02-09,288,1.5,1.6
2017-02-09,290,1.7,1.9
2017-02-09,291,8,15
2017-02-09,292,,
2017-02-09,293,,
2017-02-09,294,,
2017-02-09,295,,
2017-02-09,296,,
2017-02-09,297,,
2017-02-09,298,,
2017-02-09,299,,
2017-02-09,300,,
2017-02-09,301,,
2017-02-09,302,,
2017-02-09,305,,
2017-02-09,306,,
2017-02-09,307,,
2017-02-09,308,,
2017-02-09,309,,
2017-02-09,310,,
2017-02-09,311,,
2017-02-09,313,,
2017-02-09,314,,
2017-02-09,315,,
2017-02-09,316,,
2017-02-09,317,,
2017-02-09,318,,
2017-02-09,319,,
2017-02-09,321,,
2017-02-09,329,1.9,2.1
2017-02-09,433,1.6,1.7
2017-02-09,434,3.3,3.5
2017-02-09,435,2.9,3.1
2017-02-09,455,3.7,3.9
2017-02-09,456,2.6,2.9
2017-02-09,457,3.2,3.4
2017-02-09,527,2.5,2.8
2017-02-09,554,1.9,2.1
2017-02-09,561,2.5,2.8
2017-02-09,566,1.25,1.35
2017-02-09,567,1.35,1.45
2017-02-09,568,1.5,1.6
2017-02-09,597,2.8,3
2017-02-09,599,,
2017-02-09,716,2,2.2
2017-02-09,718,1.05,1.15
2017-02-09,722,2.4,2.6
2017-02-09,726,1.5,1.7
2017-02-09,727,,
2017-02-09,882,0.45,0.5
2017-02-09,896,,
2017-02-09,897,,
2017-02-09,907,,
2017-02-09,908,,
2017-02-09,910,0.95,1
2017-02-09,911,1.05,1.1
2017-02-09,912,0.9,0.95
2017-02-09,913,0.8,0.95
2017-02-09,914,0.65,0.7
2017-02-09,915,0.8,0.9
2017-02-09,928,,
2017-02-09,929,,
2017-02-09,933,170,174
2017-02-09,934,397,400
2017-02-09,935,,
2017-02-09,936,273,275
2017-02-09,937,280,284
2017-02-09,938,,
2017-02-09,939,183,186
2017-02-09,940,242,244
2017-02-09,941,188,191
2017-02-09,942,,
2017-02-09,943,,
2017-02-09,948,,
2017-02-09,950,178,180
2017-02-09,953,,
2017-02-09,954,151,156
2017-02-09,958,174,176
2017-02-09,959,185,186
2017-02-09,960,,194
2017-02-09,962,380,400
2017-02-09,963,440,460
2017-02-09,964,485,505
2017-02-09,965,495,515
2017-02-09,966,369,375
2017-02-09,967,435,446
2017-02-09,968,116,117
2017-02-09,969,118,119
2017-02-09,970,134,137
2017-02-09,971,113,115
2017-02-09,973,156,157
2017-02-09,974,158,159
2017-02-09,975,167,172
2017-02-09,976,114,115
2017-02-09,977,114,115
2017-02-09,978,116,118
2017-02-09,979,188,190
2017-02-09,980,409,415
2017-02-09,981,313,323
2017-02-09,982,306,316
2017-02-09,983,367,377
2017-02-09,986,395,405
2017-02-09,988,625,635
2017-02-09,989,,
2017-02-09,990,,
2017-02-09,991,194,204
2017-02-09,992,194,204
2017-02-09,993,372,373
2017-02-09,994,369,370
2017-02-09,995,384,386
2017-02-09,996,379,381
2017-02-09,999,491,493
2017-02-09,1000,,
2017-02-09,1001,158,176
2017-02-09,1002,203,205
2017-02-09,1003,246,248
2017-02-09,1004,419,422
2017-02-09,1005,439,442
2017-02-09,1006,,
2017-02-09,1007,220,225
2017-02-09,1008,200,205
2017-02-09,1009,155,160
2017-02-09,1010,220,225
2017-02-09,1011,185,190
2017-02-09,1012,165,170
2017-02-09,1013,100,105
2017-02-09,1014,102,104
2017-02-09,1015,125,130
2017-02-09,1016,107,109
2017-02-09,1017,1490,1510
2017-02-09,1018,1645,1650
2017-02-09,1020,,
2017-02-09,1021,156,158
2017-02-09,1022,735,740
2017-02-09,1023,700,705
2017-02-09,1024,142,143
2017-02-09,1025,140,143
2017-02-09,1026,150,155
2017-02-09,1027,172,175
2017-02-09,1028,360,390
2017-02-09,1029,320,325
2017-02-09,1030,355,375
2017-02-09,1033,350,360
2017-02-09,1034,330,345
2017-02-09,1035,235,250
2017-02-09,1036,135,137
2017-02-09,1037,114,117
2017-02-09,1038,60,70
2017-02-09,1039,120,130
2017-02-09,1042,75,92
2017-02-09,1043,85,102
2017-02-09,1050,30,35
2017-02-09,1051,35,42
2017-02-09,1052,2050,2250
2017-02-09,1053,,
2017-02-09,1054,,
2017-02-09,1055,,
2017-02-09,1056,,
2017-02-09,1057,,
2017-02-09,1058,1750,1850
2017-02-09,1059,3700,3900
2017-02-09,1086,,
2017-02-09,1087,30,50
2017-02-09,1088,,
2017-02-09,1089,,
2017-02-09,1098,,2.38
2017-02-09,1099,10.85,11.4
2017-02-09,1100,10.3,10.8
2017-02-09,1101,9.7,10.2
2017-02-09,1102,5.3,5.6
2017-02-09,1103,5,5.3
2017-02-09,1104,6.5,6.8
2017-02-09,1105,5.1,5.5
2017-02-09,1106,1.6,1.9
2017-02-09,1107,2.8,3.1
2017-02-09,1108,2.1,2.3
2017-02-09,1109,,
2017-02-09,1110,,
2017-02-09,1122,,
2017-02-09,1123,163,168
2017-02-09,1124,168,173
2017-02-09,1126,,
2017-02-09,1136,222,227
2017-02-09,1137,184,186
2017-02-09,1138,180,184
2017-02-09,1139,212,217
2017-02-09,1140,197,200
2017-02-09,1141,173,178
2017-02-09,1145,118,
2017-02-09,1156,92,107
2017-02-09,1157,97,112
2017-02-09,1158,47,57
2017-02-09,1164,1.5,1.6
2017-02-09,1165,1.55,1.65
2017-02-09,1172,225,228
2017-02-09,1173,208,213
2017-02-09,1174,196,201
2017-02-09,1175,186,191
2017-02-09,1183,,
2017-02-09,1184,,
2017-02-09,1192,57,67
2017-02-09,1230,428,429
2017-02-09,1231,,
2017-02-09,1234,,
2017-02-09,1252,645,655
2017-02-09,1257,1.6,1.8
2017-02-09,1258,181,183
2017-02-09,1259,186,188
2017-02-09,1261,5200,5800
2017-02-09,1262,4400,4900
2017-02-09,1263,4500,4800
2017-02-09,1264,600,700
2017-02-09,1265,,
2017-02-09,1266,1500,1700
2017-02-09,1267,,
2017-02-09,1268,,
2017-02-09,1269,,
2017-02-09,1270,,
2017-02-09,1271,,
2017-02-09,1272,,
2017-02-09,1273,,
2017-02-09,1274,,
2017-02-09,1275,,
2017-02-09,1276,,
2017-02-09,1277,,
2017-02-09,1278,,
2017-02-09,1279,3800,4000
2017-02-09,1280,2500,2700
2017-02-09,1281,1900,2000
2017-02-09,1282,850,950
2017-02-09,1283,1200,1250
2017-02-09,1284,,
2017-02-09,1285,,
2017-02-09,1287,0.8,1
2017-02-09,1288,0.65,0.75
2017-02-09,1289,0.8,0.95
2017-02-09,1290,1.7,2
2017-02-09,1291,1.5,1.6
2017-02-09,1292,1.6,1.7
2017-02-09,1294,355,390
2017-02-09,1295,320,365
2017-02-09,1296,187,189
2017-02-09,1297,97,107
2017-02-09,1298,102,112
2017-02-09,1299,2.1,2.5
2017-02-09,1300,2.7,2.9
2017-02-09,1301,175,177
2017-02-09,1302,197,199
2017-02-09,1303,,
2017-02-16,30,,
2017-02-16,31,280,
2017-02-16,103,730,830
2017-02-16,104,750,850
2017-02-16,105,560,660
2017-02-16,106,560,660
2017-02-16,107,550,650
2017-02-16,108,510,610
2017-02-16,109,610,710
2017-02-16,155,0.87,0.97
2017-02-16,175,0.26,0.28
2017-02-16,176,0.4,0.42
2017-02-16,178,0.34,0.36
2017-02-16,183,5.9,6.1
2017-02-16,184,6.1,7.1
2017-02-16,186,1.8,2
2017-02-16,190,1.55,1.65
2017-02-16,194,,
2017-02-16,195,,
2017-02-16,196,,
2017-02-16,197,1.55,1.75
2017-02-16,204,,
2017-02-16,206,,
2017-02-16,207,2.2,2.4
2017-02-16,210,1.95,2.3
2017-02-16,211,2.2,2.5
2017-02-16,239,3,3.2
2017-02-16,240,,
2017-02-16,241,,
2017-02-16,242,,
2017-02-16,243,,
2017-02-16,244,3.3,3.5
2017-02-16,245,3,4
2017-02-16,246,3.7,3.9
2017-02-16,247,0.55,0.65
2017-02-16,248,0.55,0.65
2017-02-16,249,0.7,0.85
2017-02-16,250,0.75,0.85
2017-02-16,251,0.8,0.9
2017-02-16,252,0.8,0.9
2017-02-16,254,0.55,0.65
2017-02-16,255,0.8,0.9
2017-02-16,256,1.2,1.5
2017-02-16,257,1.2,1.5
2017-02-16,258,1.2,1.5
2017-02-16,259,1.5,1.7
2017-02-16,260,1.6,1.75
2017-02-16,261,1.6,1.7
2017-02-16,263,1.5,1.7
2017-02-16,264,1.6,1.7
2017-02-16,267,0.75,0.85
2017-02-16,269,0.6,0.65
2017-02-16,272,1.5,1.6
2017-02-16,274,1.7,1.9
2017-02-16,275,1.7,1.9
2017-02-16,276,1.85,1.9
2017-02-16,277,2.05,2.2
2017-02-16,278,1.85,2
2017-02-16,279,1.7,1.9
2017-02-16,280,1.3,1.5
2017-02-16,282,1.2,1.4
2017-02-16,283,1.6,1.7
2017-02-16,284,1.5,1.6
2017-02-16,285,1.5,1.8
2017-02-16,286,1.7,1.9
2017-02-16,287,1.7,1.9
2017-02-16,288,1.5,1.6
2017-02-16,290,1.7,1.9
2017-02-16,291,8,15
2017-02-16,292,,
2017-02-16,293,,
2017-02-16,294,,
2017-02-16,295,,
2017-02-16,296,,
2017-02-16,297,,
2017-02-16,298,,
2017-02-16,299,,
2017-02-16,300,,
2017-02-16,301,,
2017-02-16,302,,
2017-02-16,305,,
2017-02-16,306,,
2017-02-16,307,,
2017-02-16,308,,
2017-02-16,309,,
2017-02-16,310,,
2017-02-16,311,,
2017-02-16,313,,
2017-02-16,314,,
2017-02-16,315,,
2017-02-16,316,,
2017-02-16,317,,
2017-02-16,318,,
2017-02-16,319,,
2017-02-16,321,,
2017-02-16,329,1.8,2
2017-02-16,433,1.6,1.7
2017-02-16,434,3.3,3.5
2017-02-16,435,2.9,3.1
2017-02-16,455,3.7,3.9
2017-02-16,456,2.6,2.9
2017-02-16,457,3.2,3.4
2017-02-16,527,,
2017-02-16,554,1.9,2.1
2017-02-16,561,2.5,2.8
2017-02-16,566,1.3,1.4
2017-02-16,567,1.4,1.5
2017-02-16,568,1.55,1.65
2017-02-16,597,2.8,3
2017-02-16,599,,
2017-02-16,716,2,2.2
2017-02-16,718,1.1,1.2
2017-02-16,722,2.4,2.6
2017-02-16,726,1.5,1.7
2017-02-16,727,2.4,2.6
2017-02-16,882,0.45,0.5
2017-02-16,896,,
2017-02-16,897,,
2017-02-16,907,,
2017-02-16,908,,
2017-02-16,910,1,1.05
2017-02-16,911,1.1,1.15
2017-02-16,912,0.95,1
2017-02-16,913,0.8,0.95
2017-02-16,914,0.65,0.7
2017-02-16,915,0.8,0.9
2017-02-16,928,,
2017-02-16,929,,
2017-02-16,933,171,175
2017-02-16,934,400,403
2017-02-16,935,,
2017-02-16,936,273,275
2017-02-16,937,280,284
2017-02-16,938,,
2017-02-16,939,183,186
2017-02-16,940,242,244
2017-02-16,941,188,191
2017-02-16,942,,
2017-02-16,943,,
2017-02-16,948,,
2017-02-16,950,179,181
2017-02-16,953,,
2017-02-16,954,151,156
2017-02-16,958,174,176
2017-02-16,959,186,187
2017-02-16,960,,196
2017-02-16,962,380,400
2017-02-16,963,440,460
2017-02-16,964,485,505
2017-02-16,965,495,515
2017-02-16,966,364,370
2017-02-16,967,430,441
2017-02-16,968,116,117
2017-02-16,969,118,119
2017-02-16,970,131,134
2017-02-16,971,113,115
2017-02-16,973,156,157
2017-02-16,974,158,159
2017-02-16,975,164,169
2017-02-16,976,114,115
2017-02-16,977,114,115
2017-02-16,978,116,118
2017-02-16,979,188,190
2017-02-16,980,414,420
2017-02-16,981,313,323
2017-02-16,982,310,320
2017-02-16,983,367,377
2017-02-16,986,395,405
2017-02-16,988,625,635
2017-02-16,989,,
2017-02-16,990,,
2017-02-16,991,194,204
2017-02-16,992,194,204
2017-02-16,993,382,383
2017-02-16,994,379,380
2017-02-16,995,394,396
2017-02-16,996,389,391
2017-02-16,999,499,501
2017-02-16,1000,,
2017-02-16,1001,158,176
2017-02-16,1002,208,210
2017-02-16,1003,254,256
2017-02-16,1004,424,427
2017-02-16,1005,442,445
2017-02-16,1006,,
2017-02-16,1007,220,225
2017-02-16,1008,200,205
2017-02-16,1009,155,160
2017-02-16,1010,220,225
2017-02-16,1011,185,190
2017-02-16,1012,165,170
2017-02-16,1013,100,105
2017-02-16,1014,102,104
2017-02-16,1015,125,130
2017-02-16,1016,107,109
2017-02-16,1017,1470,1490
2017-02-16,1018,1615,1620
2017-02-16,1020,,
2017-02-16,1021,156,158
2017-02-16,1022,735,740
2017-02-16,1023,700,705
2017-02-16,1024,142,143
2017-02-16,1025,140,143
2017-02-16,1026,150,155
2017-02-16,1027,175,178
2017-02-16,1028,360,390
2017-02-16,1029,320,325
2017-02-16,1030,345,365
2017-02-16,1033,350,360
2017-02-16,1034,330,345
2017-02-16,1035,235,250
2017-02-16,1036,135,137
2017-02-16,1037,114,117
2017-02-16,1038,60,70
2017-02-16,1039,120,130
2017-02-16,1042,78,92
2017-02-16,1043,88,102
2017-02-16,1050,30,35
2017-02-16,1051,37,47
2017-02-16,1052,2050,2250
2017-02-16,1053,,
2017-02-16,1054,,
2017-02-16,1055,,
2017-02-16,1056,,
2017-02-16,1057,,
2017-02-16,1058,1750,1850
2017-02-16,1059,3700,3900
2017-02-16,1086,,
2017-02-16,1087,30,50
2017-02-16,1088,,
2017-02-16,1089,,
2017-02-16,1098,,2.33
2017-02-16,1099,10.85,11.4
2017-02-16,1100,10.3,10.8
2017-02-16,1101,9.7,10.2
2017-02-16,1102,5.3,5.6
2017-02-16,1103,5,5.3
2017-02-16,1104,6.5,6.8
2017-02-16,1105,5.1,5.5
2017-02-16,1106,1.6,1.9
2017-02-16,1107,2.8,3.1
2017-02-16,1108,2.1,2.3
2017-02-16,1109,,
2017-02-16,1110,,
2017-02-16,1122,,
2017-02-16,1123,163,168
2017-02-16,1124,168,173
2017-02-16,1126,,
2017-02-16,1136,222,227
2017-02-16,1137,186,188
2017-02-16,1138,182,186
2017-02-16,1139,209,214
2017-02-16,1140,197,200
2017-02-16,1141,,
2017-02-16,1145,118,
2017-02-16,1156,92,107
2017-02-16,1157,97,112
2017-02-16,1158,47,57
2017-02-16,1164,1.5,1.6
2017-02-16,1165,1.55,1.65
2017-02-16,1172,222,225
2017-02-16,1173,205,210
2017-02-16,1174,196,201
2017-02-16,1175,186,191
2017-02-16,1183,,
2017-02-16,1184,,
2017-02-16,1192,57,67
2017-02-16,1230,436,437
2017-02-16,1231,,
2017-02-16,1234,,
2017-02-16,1252,645,655
2017-02-16,1257,1.6,1.8
2017-02-16,1258,182,184
2017-02-16,1259,187,189
2017-02-16,1261,5200,5800
2017-02-16,1262,4400,4900
2017-02-16,1263,4500,4800
2017-02-16,1264,600,700
2017-02-16,1265,,
2017-02-16,1266,1500,1700
2017-02-16,1267,,
2017-02-16,1268,,
2017-02-16,1269,,
2017-02-16,1270,,
2017-02-16,1271,,
2017-02-16,1272,,
2017-02-16,1273,,
2017-02-16,1274,,
2017-02-16,1275,,
2017-02-16,1276,,
2017-02-16,1277,,
2017-02-16,1278,,
2017-02-16,1279,3800,4000
2017-02-16,1280,2500,2700
2017-02-16,1281,1900,2000
2017-02-16,1282,800,900
2017-02-16,1283,1200,1250
2017-02-16,1284,,
2017-02-16,1285,,
2017-02-16,1287,0.8,1
2017-02-16,1288,0.65,0.75
2017-02-16,1289,0.8,0.95
2017-02-16,1290,1.7,2
2017-02-16,1291,1.5,1.6
2017-02-16,1292,1.6,1.7
2017-02-16,1294,355,385
2017-02-16,1295,335,385
2017-02-16,1296,187,189
2017-02-16,1297,97,107
2017-02-16,1298,102,112
2017-02-16,1299,2,2.4
2017-02-16,1300,,
2017-02-16,1301,176,178
2017-02-16,1302,198,200
2017-02-16,1303,2.3,2.5
2017-02-23,30,,
2017-02-23,31,280,
2017-02-23,103,730,830
2017-02-23,104,750,850
2017-02-23,105,560,660
2017-02-23,106,560,660
2017-02-23,107,550,650
2017-02-23,108,510,610
2017-02-23,109,610,710
2017-02-23,155,0.87,0.97
2017-02-23,175,0.26,0.28
2017-02-23,176,0.4,0.42
2017-02-23,178,0.34,0.36
2017-02-23,183,5.9,6.1
2017-02-23,184,6.1,7.1
2017-02-23,186,1.8,2
2017-02-23,190,1.55,1.65
2017-02-23,194,,
2017-02-23,195,,
2017-02-23,196,,
2017-02-23,197,1.55,1.75
2017-02-23,204,,
2017-02-23,206,2.8,3.2
2017-02-23,207,2.2,2.4
2017-02-23,210,1.95,2.3
2017-02-23,211,2.2,2.5
2017-02-23,239,3,3.2
2017-02-23,240,,
2017-02-23,241,,
2017-02-23,242,,
2017-02-23,243,,
2017-02-23,244,3.3,3.5
2017-02-23,245,3,4
2017-02-23,246,3.7,3.9
2017-02-23,247,0.55,0.65
2017-02-23,248,0.55,0.65
2017-02-23,249,0.7,0.85
2017-02-23,250,0.75,0.85
2017-02-23,251,0.8,0.9
2017-02-23,252,0.8,0.9
2017-02-23,254,0.55,0.65
2017-02-23,255,0.8,0.9
2017-02-23,256,1.2,1.5
2017-02-23,257,1.2,1.5
2017-02-23,258,1.2,1.5
2017-02-23,259,1.5,1.7
2017-02-23,260,1.6,1.75
2017-02-23,261,1.6,1.7
2017-02-23,263,1.5,1.7
2017-02-23,264,1.6,1.7
2017-02-23,267,0.75,0.85
2017-02-23,269,0.6,0.65
2017-02-23,272,1.5,1.6
2017-02-23,274,1.7,1.9
2017-02-23,275,1.7,1.9
2017-02-23,276,1.85,1.9
2017-02-23,277,2.05,2.2
2017-02-23,278,1.85,2
2017-02-23,279,1.7,1.9
2017-02-23,280,1.3,1.5
2017-02-23,282,1.2,1.4
2017-02-23,283,1.6,1.7
2017-02-23,284,1.5,1.6
2017-02-23,285,1.5,1.8
2017-02-23,286,1.7,1.9
2017-02-23,287,1.7,1.9
2017-02-23,288,1.5,1.6
2017-02-23,290,1.7,1.9
2017-02-23,291,8,15
2017-02-23,292,,
2017-02-23,293,,
2017-02-23,294,,
2017-02-23,295,,
2017-02-23,296,,
2017-02-23,297,,
2017-02-23,298,,
2017-02-23,299,,
2017-02-23,300,,
2017-02-23,301,,
2017-02-23,302,,
2017-02-23,305,,
2017-02-23,306,,
2017-02-23,307,,
2017-02-23,308,,
2017-02-23,309,,
2017-02-23,310,,
2017-02-23,311,,
2017-02-23,313,,
2017-02-23,314,,
2017-02-23,315,,
2017-02-23,316,,
2017-02-23,317,,
2017-02-23,318,,
2017-02-23,319,,
2017-02-23,321,,
2017-02-23,329,1.7,1.9
2017-02-23,433,1.6,1.7
2017-02-23,434,3.3,3.5
2017-02-23,435,2.9,3.1
2017-02-23,455,3.7,3.9
2017-02-23,456,2.6,2.9
2017-02-23,457,3.2,3.4
2017-02-23,527,,
2017-02-23,554,1.9,2.1
2017-02-23,561,2.5,2.8
2017-02-23,566,1.3,1.4
2017-02-23,567,1.4,1.5
2017-02-23,568,1.55,1.65
2017-02-23,597,2.8,3
2017-02-23,604,,
2017-02-23,716,2,2.2
2017-02-23,718,1.1,1.2
2017-02-23,722,2.4,2.6
2017-02-23,726,1.5,1.7
2017-02-23,727,2.4,2.6
2017-02-23,882,0.45,0.5
2017-02-23,896,,
2017-02-23,897,,
2017-02-23,907,,
2017-02-23,908,,
2017-02-23,910,1.05,1.1
2017-02-23,911,1.13,1.18
2017-02-23,912,1,1.05
2017-02-23,913,0.8,0.95
2017-02-23,914,0.65,0.7
2017-02-23,915,0.8,0.9
2017-02-23,928,,
2017-02-23,929,,
2017-02-23,933,171,175
2017-02-23,934,400,403
2017-02-23,935,,
2017-02-23,936,273,275
2017-02-23,937,280,284
2017-02-23,938,,
2017-02-23,939,183,186
2017-02-23,940,242,244
2017-02-23,941,188,191
2017-02-23,942,,
2017-02-23,943,,
2017-02-23,948,,
2017-02-23,950,179,181
2017-02-23,953,,
2017-02-23,954,151,156
2017-02-23,958,174,176
2017-02-23,959,186,187
2017-02-23,960,,197
2017-02-23,962,380,400
2017-02-23,963,440,460
2017-02-23,964,485,505
2017-02-23,965,495,515
2017-02-23,966,364,370
2017-02-23,967,430,441
2017-02-23,968,114,115
2017-02-23,969,116,117
2017-02-23,970,131,134
2017-02-23,971,113,115
2017-02-23,973,154,155
2017-02-23,974,156,157
2017-02-23,975,164,169
2017-02-23,976,112,113
2017-02-23,977,114,115
2017-02-23,978,116,118
2017-02-23,979,188,190
2017-02-23,980,414,420
2017-02-23,981,313,323
2017-02-23,982,310,320
2017-02-23,983,367,377
2017-02-23,986,,
2017-02-23,988,625,635
2017-02-23,989,,
2017-02-23,990,,
2017-02-23,991,192,202
2017-02-23,992,192,202
2017-02-23,993,374,375
2017-02-23,994,371,372
2017-02-23,995,386,388
2017-02-23,996,381,383
2017-02-23,999,491,493
2017-02-23,1000,,
2017-02-23,1001,158,176
2017-02-23,1002,212,214
2017-02-23,1003,262,264
2017-02-23,1004,418,421
2017-02-23,1005,437,440
2017-02-23,1006,,
2017-02-23,1007,220,225
2017-02-23,1008,200,205
2017-02-23,1009,155,160
2017-02-23,1010,220,225
2017-02-23,1011,185,190
2017-02-23,1012,165,170
2017-02-23,1013,100,105
2017-02-23,1014,102,104
2017-02-23,1015,125,130
2017-02-23,1016,107,109
2017-02-23,1017,1470,1490
2017-02-23,1018,1595,1600
2017-02-23,1020,,
2017-02-23,1021,156,158
2017-02-23,1022,735,740
2017-02-23,1023,700,705
2017-02-23,1024,142,143
2017-02-23,1025,140,143
2017-02-23,1026,152,157
2017-02-23,1027,177,180
2017-02-23,1028,360,390
2017-02-23,1029,320,325
2017-02-23,1030,345,365
2017-02-23,1033,340,350
2017-02-23,1034,320,335
2017-02-23,1035,225,240
2017-02-23,1036,135,137
2017-02-23,1037,114,117
2017-02-23,1038,60,70
2017-02-23,1039,120,130
2017-02-23,1042,78,92
2017-02-23,1043,88,102
2017-02-23,1050,30,35
2017-02-23,1051,37,47
2017-02-23,1052,2050,2250
2017-02-23,1053,,
2017-02-23,1054,,
2017-02-23,1055,,
2017-02-23,1056,,
2017-02-23,1057,,
2017-02-23,1058,1750,1850
2017-02-23,1059,3700,3900
2017-02-23,1086,,
2017-02-23,1087,30,50
2017-02-23,1088,,
2017-02-23,1089,,
2017-02-23,1098,,2.28
2017-02-23,1099,10.85,11.4
2017-02-23,1100,10.3,10.8
2017-02-23,1101,9.7,10.2
2017-02-23,1102,5.3,5.6
2017-02-23,1103,5,5.3
2017-02-23,1104,6.5,6.8
2017-02-23,1105,5.1,5.5
2017-02-23,1106,1.6,1.9
2017-02-23,1107,2.8,3.1
2017-02-23,1108,2.1,2.3
2017-02-23,1109,,
2017-02-23,1110,,
2017-02-23,1122,,
2017-02-23,1123,163,168
2017-02-23,1124,168,173
2017-02-23,1126,,
2017-02-23,1136,222,227
2017-02-23,1137,186,188
2017-02-23,1138,184,187
2017-02-23,1139,209,214
2017-02-23,1140,197,200
2017-02-23,1141,,
2017-02-23,1145,116,
2017-02-23,1156,92,107
2017-02-23,1157,97,112
2017-02-23,1158,47,57
2017-02-23,1164,1.5,1.6
2017-02-23,1165,1.55,1.65
2017-02-23,1172,222,225
2017-02-23,1173,205,210
2017-02-23,1174,196,201
2017-02-23,1175,186,191
2017-02-23,1183,,
2017-02-23,1184,,
2017-02-23,1192,57,67
2017-02-23,1230,428,429
2017-02-23,1231,,
2017-02-23,1234,,
2017-02-23,1252,645,655
2017-02-23,1257,1.6,1.8
2017-02-23,1258,182,184
2017-02-23,1259,187,189
2017-02-23,1261,5200,5800
2017-02-23,1262,4400,4900
2017-02-23,1263,4500,4800
2017-02-23,1264,600,700
2017-02-23,1265,,
2017-02-23,1266,1500,1700
2017-02-23,1267,,
2017-02-23,1268,,
2017-02-23,1269,,
2017-02-23,1270,,
2017-02-23,1271,,
2017-02-23,1272,,
2017-02-23,1273,,
2017-02-23,1274,,
2017-02-23,1275,,
2017-02-23,1276,,
2017-02-23,1277,,
2017-02-23,1278,,
2017-02-23,1279,3800,4000
2017-02-23,1280,2500,2700
2017-02-23,1281,1900,2000
2017-02-23,1282,800,900
2017-02-23,1283,1200,1250
2017-02-23,1284,,
2017-02-23,1285,,
2017-02-23,1287,0.8,1
2017-02-23,1288,0.65,0.75
2017-02-23,1289,0.8,0.95
2017-02-23,1290,1.7,2
2017-02-23,1291,1.5,1.6
2017-02-23,1292,1.6,1.7
2017-02-23,1294,355,385
2017-02-23,1295,335,385
2017-02-23,1296,187,189
2017-02-23,1297,97,107
2017-02-23,1298,102,112
2017-02-23,1299,2,2.4
2017-02-23,1301,177,179
2017-02-23,1302,199,201
2017-02-23,1303,2.3,2.5
2017-02-23,1304,,
2017-02-23,1305,,
2017-02-23,1306,,
2017-02-23,1307,0.65,0.7
2017-03-02,30,,
2017-03-02,31,280,
2017-03-02,103,730,830
2017-03-02,104,760,860
2017-03-02,105,560,660
2017-03-02,106,560,660
2017-03-02,107,550,650
2017-03-02,108,510,610
2017-03-02,109,610,710
2017-03-02,155,0.9,1
2017-03-02,175,0.26,0.28
2017-03-02,176,0.4,0.42
2017-03-02,178,0.34,0.36
2017-03-02,183,5.9,6.1
2017-03-02,184,6.1,7.1
2017-03-02,186,1.8,2
2017-03-02,190,1.55,1.65
2017-03-02,194,,
2017-03-02,195,,
2017-03-02,196,2.2,2.5
2017-03-02,197,1.55,1.75
2017-03-02,204,,
2017-03-02,206,2.6,3
2017-03-02,207,2.2,2.4
2017-03-02,210,1.95,2.3
2017-03-02,211,2.2,2.5
2017-03-02,239,3,3.2
2017-03-02,240,,
2017-03-02,241,,
2017-03-02,242,,
2017-03-02,243,,
2017-03-02,244,3.3,3.5
2017-03-02,245,3,4
2017-03-02,246,3.7,3.9
2017-03-02,247,0.55,0.65
2017-03-02,248,0.55,0.65
2017-03-02,249,0.7,0.85
2017-03-02,250,0.75,0.85
2017-03-02,251,0.8,0.9
2017-03-02,252,0.8,0.9
2017-03-02,254,0.55,0.65
2017-03-02,255,0.8,0.9
2017-03-02,256,1.2,1.5
2017-03-02,257,1.2,1.5
2017-03-02,258,1.2,1.5
2017-03-02,259,1.5,1.7
2017-03-02,260,1.6,1.75
2017-03-02,261,1.6,1.7
2017-03-02,263,1.5,1.7
2017-03-02,264,1.6,1.7
2017-03-02,267,0.75,0.85
2017-03-02,269,0.6,0.65
2017-03-02,272,1.5,1.6
2017-03-02,274,1.7,1.9
2017-03-02,275,1.7,1.9
2017-03-02,276,1.85,1.9
2017-03-02,277,2.05,2.2
2017-03-02,278,1.85,2
2017-03-02,279,1.7,1.9
2017-03-02,280,1.3,1.5
2017-03-02,282,1.2,1.4
2017-03-02,283,1.6,1.7
2017-03-02,284,1.5,1.6
2017-03-02,285,1.5,1.8
2017-03-02,286,1.7,1.9
2017-03-02,287,1.7,1.9
2017-03-02,288,1.5,1.6
2017-03-02,290,1.7,1.9
2017-03-02,291,8,15
2017-03-02,292,,
2017-03-02,293,,
2017-03-02,294,,
2017-03-02,295,,
2017-03-02,296,,
2017-03-02,297,,
2017-03-02,298,,
2017-03-02,299,,
2017-03-02,300,,
2017-03-02,301,,
2017-03-02,302,,
2017-03-02,305,,
2017-03-02,306,,
2017-03-02,307,,
2017-03-02,308,,
2017-03-02,309,,
2017-03-02,310,,
2017-03-02,311,,
2017-03-02,313,,
2017-03-02,314,,
2017-03-02,315,,
2017-03-02,316,,
2017-03-02,317,,
2017-03-02,318,,
2017-03-02,319,,
2017-03-02,321,,
2017-03-02,329,1.7,1.9
2017-03-02,338,,
2017-03-02,433,1.6,1.7
2017-03-02,434,3.3,3.5
2017-03-02,435,2.9,3.1
2017-03-02,455,3.6,3.8
2017-03-02,456,2.45,2.75
2017-03-02,457,3.1,3.3
2017-03-02,527,,
2017-03-02,554,1.9,2.1
2017-03-02,561,,
2017-03-02,566,1.3,1.4
2017-03-02,567,1.4,1.5
2017-03-02,568,1.55,1.65
2017-03-02,597,,
2017-03-02,604,2.6,2.9
2017-03-02,716,2,2.2
2017-03-02,718,1.1,1.2
2017-03-02,722,2.4,2.6
2017-03-02,726,1.6,1.8
2017-03-02,727,2.4,2.6
2017-03-02,730,,
2017-03-02,882,0.45,0.5
2017-03-02,896,,
2017-03-02,897,,
2017-03-02,907,2.4,2.6
2017-03-02,908,,
2017-03-02,910,1.05,1.1
2017-03-02,911,1.15,1.2
2017-03-02,912,1,1.05
2017-03-02,913,0.8,0.95
2017-03-02,915,0.8,0.9
2017-03-02,928,,
2017-03-02,929,,
2017-03-02,933,171,175
2017-03-02,934,405,408
2017-03-02,935,,
2017-03-02,936,268,270
2017-03-02,937,275,279
2017-03-02,938,,
2017-03-02,939,183,186
2017-03-02,940,242,244
2017-03-02,941,188,191
2017-03-02,942,,
2017-03-02,943,,
2017-03-02,948,,
2017-03-02,950,180,182
2017-03-02,953,,
2017-03-02,954,,
2017-03-02,958,173,175
2017-03-02,959,186,187
2017-03-02,960,185,197
2017-03-02,962,380,400
2017-03-02,963,440,460
2017-03-02,964,485,505
2017-03-02,965,495,515
2017-03-02,966,364,370
2017-03-02,967,430,441
2017-03-02,968,111,112
2017-03-02,969,115,116
2017-03-02,970,128,131
2017-03-02,971,113,115
2017-03-02,973,151,152
2017-03-02,974,155,156
2017-03-02,975,161,166
2017-03-02,976,109,110
2017-03-02,977,114,115
2017-03-02,978,116,118
2017-03-02,979,188,190
2017-03-02,980,419,425
2017-03-02,981,313,323
2017-03-02,982,315,325
2017-03-02,983,370,380
2017-03-02,986,,
2017-03-02,988,625,635
2017-03-02,989,,
2017-03-02,990,,
2017-03-02,991,189,199
2017-03-02,992,189,199
2017-03-02,993,374,375
2017-03-02,994,371,372
2017-03-02,995,386,388
2017-03-02,996,383,385
2017-03-02,999,496,498
2017-03-02,1000,,
2017-03-02,1001,158,176
2017-03-02,1002,212,214
2017-03-02,1003,270,272
2017-03-02,1004,423,426
2017-03-02,1005,437,440
2017-03-02,1006,,
2017-03-02,1007,220,225
2017-03-02,1008,200,205
2017-03-02,1009,155,160
2017-03-02,1010,220,225
2017-03-02,1011,185,190
2017-03-02,1012,165,170
2017-03-02,1013,100,105
2017-03-02,1014,102,104
2017-03-02,1015,125,130
2017-03-02,1016,107,109
2017-03-02,1017,1470,1490
2017-03-02,1018,1585,1590
2017-03-02,1020,,
2017-03-02,1021,156,158
2017-03-02,1022,730,735
2017-03-02,1023,700,705
2017-03-02,1024,142,143
2017-03-02,1025,140,143
2017-03-02,1026,152,157
2017-03-02,1027,180,183
2017-03-02,1028,360,390
2017-03-02,1029,320,325
2017-03-02,1030,345,365
2017-03-02,1033,335,345
2017-03-02,1034,315,330
2017-03-02,1035,220,235
2017-03-02,1036,135,137
2017-03-02,1037,114,117
2017-03-02,1038,60,70
2017-03-02,1039,120,130
2017-03-02,1042,78,92
2017-03-02,1043,88,102
2017-03-02,1050,30,35
2017-03-02,1051,37,47
2017-03-02,1052,2050,2250
2017-03-02,1053,,
2017-03-02,1054,,
2017-03-02,1055,,
2017-03-02,1056,,
2017-03-02,1057,,
2017-03-02,1058,1750,1850
2017-03-02,1059,3700,3900
2017-03-02,1086,,
2017-03-02,1087,30,50
2017-03-02,1088,,
2017-03-02,1089,,
2017-03-02,1098,,2.28
2017-03-02,1099,10.85,11.4
2017-03-02,1100,10.3,10.8
2017-03-02,1101,9.7,10.2
2017-03-02,1102,5.3,5.6
2017-03-02,1103,5,5.3
2017-03-02,1104,6.5,6.8
2017-03-02,1105,5.1,5.5
2017-03-02,1106,1.6,1.9
2017-03-02,1107,2.8,3.1
2017-03-02,1108,2.1,2.3
2017-03-02,1109,,
2017-03-02,1110,,
2017-03-02,1122,,
2017-03-02,1123,163,168
2017-03-02,1124,168,173
2017-03-02,1126,,
2017-03-02,1136,222,225
2017-03-02,1137,186,188
2017-03-02,1138,184,187
2017-03-02,1139,209,214
2017-03-02,1140,197,200
2017-03-02,1141,,
2017-03-02,1145,111,
2017-03-02,1156,92,107
2017-03-02,1157,97,112
2017-03-02,1158,47,57
2017-03-02,1164,1.5,1.6
2017-03-02,1165,1.55,1.65
2017-03-02,1172,222,225
2017-03-02,1173,205,210
2017-03-02,1174,196,201
2017-03-02,1175,186,191
2017-03-02,1183,,
2017-03-02,1184,,
2017-03-02,1192,57,67
2017-03-02,1230,433,434
2017-03-02,1231,,
2017-03-02,1234,,
2017-03-02,1252,645,655
2017-03-02,1257,1.6,1.8
2017-03-02,1258,183,185
2017-03-02,1259,186,188
2017-03-02,1261,5200,5800
2017-03-02,1262,4400,4900
2017-03-02,1263,4500,4800
2017-03-02,1264,600,700
2017-03-02,1265,,
2017-03-02,1266,1500,1700
2017-03-02,1267,,
2017-03-02,1268,,
2017-03-02,1269,,
2017-03-02,1270,,
2017-03-02,1271,,
2017-03-02,1272,,
2017-03-02,1273,,
2017-03-02,1274,,
2017-03-02,1275,,
2017-03-02,1276,,
2017-03-02,1277,,
2017-03-02,1278,,
2017-03-02,1279,3800,4000
2017-03-02,1280,2500,2700
2017-03-02,1281,1900,2000
2017-03-02,1282,800,900
2017-03-02,1283,1200,1250
2017-03-02,1284,,
2017-03-02,1285,,
2017-03-02,1287,0.8,1
2017-03-02,1288,0.65,0.75
2017-03-02,1289,0.8,0.95
2017-03-02,1290,1.7,2
2017-03-02,1291,1.5,1.6
2017-03-02,1292,1.6,1.7
2017-03-02,1294,355,385
2017-03-02,1295,340,390
2017-03-02,1296,187,189
2017-03-02,1297,97,107
2017-03-02,1298,102,112
2017-03-02,1299,2,2.4
2017-03-02,1301,178,180
2017-03-02,1302,200,202
2017-03-02,1303,2.3,2.5
2017-03-02,1304,0.9,0.95
2017-03-02,1305,1.1,1.15
2017-03-02,1306,1.3,1.4
2017-03-02,1307,0.7,0.75
2017-03-09,30,,
2017-03-09,31,280,
2017-03-09,103,730,830
2017-03-09,104,760,860
2017-03-09,105,560,660
2017-03-09,106,560,660
2017-03-09,107,550,650
2017-03-09,108,510,610
2017-03-09,109,610,710
2017-03-09,155,0.9,1
2017-03-09,175,0.26,0.28
2017-03-09,176,0.4,0.42
2017-03-09,178,0.34,0.36
2017-03-09,183,5.9,6.1
2017-03-09,184,6.1,7.1
2017-03-09,186,1.8,2
2017-03-09,190,1.55,1.65
2017-03-09,194,2.7,2.9
2017-03-09,195,2.7,2.9
2017-03-09,196,2.2,2.5
2017-03-09,197,1.55,1.75
2017-03-09,204,,
2017-03-09,206,2.4,2.8
2017-03-09,207,2.2,2.4
2017-03-09,210,1.95,2.3
2017-03-09,211,2.2,2.5
2017-03-09,239,3,3.2
2017-03-09,240,,
2017-03-09,241,,
2017-03-09,242,,
2017-03-09,243,,
2017-03-09,244,3.3,3.5
2017-03-09,245,3,4
2017-03-09,246,3.7,3.9
2017-03-09,247,0.55,0.65
2017-03-09,248,0.55,0.65
2017-03-09,249,0.7,0.85
2017-03-09,250,0.75,0.85
2017-03-09,251,0.8,0.9
2017-03-09,252,0.8,0.9
2017-03-09,254,0.55,0.65
2017-03-09,255,0.8,0.9
2017-03-09,256,1.2,1.5
2017-03-09,257,1.2,1.5
2017-03-09,258,1.2,1.5
2017-03-09,259,1.5,1.7
2017-03-09,260,1.6,1.75
2017-03-09,261,1.6,1.7
2017-03-09,263,1.5,1.7
2017-03-09,264,1.6,1.7
2017-03-09,267,0.75,0.85
2017-03-09,269,0.6,0.65
2017-03-09,272,1.5,1.6
2017-03-09,274,1.7,1.9
2017-03-09,275,1.7,1.9
2017-03-09,276,1.85,1.9
2017-03-09,277,2.05,2.2
2017-03-09,278,1.85,2
2017-03-09,279,1.7,1.9
2017-03-09,280,1.3,1.5
2017-03-09,282,1.2,1.4
2017-03-09,283,1.6,1.7
2017-03-09,284,1.5,1.6
2017-03-09,285,1.5,1.8
2017-03-09,286,1.7,1.9
2017-03-09,287,1.7,1.9
2017-03-09,288,1.5,1.6
2017-03-09,290,1.7,1.9
2017-03-09,291,8,15
2017-03-09,292,,
2017-03-09,293,,
2017-03-09,294,,
2017-03-09,295,,
2017-03-09,296,,
2017-03-09,297,,
2017-03-09,298,,
2017-03-09,299,,
2017-03-09,300,,
2017-03-09,301,,
2017-03-09,302,,
2017-03-09,305,,
2017-03-09,306,,
2017-03-09,307,,
2017-03-09,308,,
2017-03-09,309,,
2017-03-09,310,,
2017-03-09,311,,
2017-03-09,313,,
2017-03-09,314,,
2017-03-09,315,,
2017-03-09,316,,
2017-03-09,317,,
2017-03-09,318,,
2017-03-09,319,,
2017-03-09,321,,
2017-03-09,329,1.7,1.9
2017-03-09,338,,
2017-03-09,433,1.6,1.7
2017-03-09,434,3.3,3.5
2017-03-09,435,2.9,3.1
2017-03-09,455,3.5,3.7
2017-03-09,456,2.35,2.65
2017-03-09,457,3,3.2
2017-03-09,554,1.9,2.1
2017-03-09,561,,
2017-03-09,566,1.3,1.4
2017-03-09,567,1.4,1.5
2017-03-09,568,1.55,1.65
2017-03-09,604,2.6,2.9
2017-03-09,716,2,2.2
2017-03-09,718,1.12,1.22
2017-03-09,722,2.4,2.6
2017-03-09,726,,
2017-03-09,727,2.4,2.6
2017-03-09,730,1.7,1.9
2017-03-09,882,0.45,0.5
2017-03-09,896,,
2017-03-09,897,,
2017-03-09,907,2.4,2.6
2017-03-09,908,,
2017-03-09,910,1.05,1.1
2017-03-09,911,1.15,1.2
2017-03-09,912,1,1.05
2017-03-09,913,0.85,0.95
2017-03-09,915,0.8,0.9
2017-03-09,928,,
2017-03-09,929,,
2017-03-09,933,173,175
2017-03-09,934,405,408
2017-03-09,935,,
2017-03-09,936,268,270
2017-03-09,937,275,279
2017-03-09,938,,
2017-03-09,939,183,186
2017-03-09,940,242,244
2017-03-09,941,188,191
2017-03-09,942,,
2017-03-09,943,,
2017-03-09,948,,
2017-03-09,950,180,182
2017-03-09,953,,
2017-03-09,954,,
2017-03-09,958,173,175
2017-03-09,959,188,189
2017-03-09,960,185,197
2017-03-09,962,380,400
2017-03-09,963,440,460
2017-03-09,964,485,505
2017-03-09,965,495,515
2017-03-09,966,364,370
2017-03-09,967,430,441
2017-03-09,968,108,109
2017-03-09,969,112,113
2017-03-09,970,128,131
2017-03-09,971,113,115
2017-03-09,973,148,149
2017-03-09,974,152,153
2017-03-09,975,161,166
2017-03-09,976,106,107
2017-03-09,977,114,115
2017-03-09,978,118,120
2017-03-09,979,188,190
2017-03-09,980,419,425
2017-03-09,981,320,330
2017-03-09,982,320,330
2017-03-09,983,370,380
2017-03-09,986,,
2017-03-09,988,625,635
2017-03-09,989,,
2017-03-09,990,,
2017-03-09,991,186,196
2017-03-09,992,186,196
2017-03-09,993,366,367
2017-03-09,994,363,364
2017-03-09,995,378,380
2017-03-09,996,375,377
2017-03-09,999,498,500
2017-03-09,1000,,
2017-03-09,1001,158,176
2017-03-09,1002,212,214
2017-03-09,1003,275,277
2017-03-09,1004,417,420
2017-03-09,1005,437,440
2017-03-09,1006,,
2017-03-09,1007,220,225
2017-03-09,1008,200,205
2017-03-09,1009,155,160
2017-03-09,1010,220,225
2017-03-09,1011,185,190
2017-03-09,1012,165,170
2017-03-09,1013,100,105
2017-03-09,1014,102,104
2017-03-09,1015,125,130
2017-03-09,1016,107,109
2017-03-09,1017,1470,1490
2017-03-09,1018,1565,1570
2017-03-09,1020,,
2017-03-09,1021,156,158
2017-03-09,1022,730,735
2017-03-09,1023,700,705
2017-03-09,1024,142,143
2017-03-09,1025,140,143
2017-03-09,1026,157,160
2017-03-09,1027,180,185
2017-03-09,1028,360,390
2017-03-09,1029,320,325
2017-03-09,1030,345,365
2017-03-09,1033,335,345
2017-03-09,1034,315,330
2017-03-09,1035,220,235
2017-03-09,1036,135,137
2017-03-09,1037,114,117
2017-03-09,1038,60,70
2017-03-09,1039,120,130
2017-03-09,1042,78,92
2017-03-09,1043,88,102
2017-03-09,1050,30,33
2017-03-09,1051,37,45
2017-03-09,1052,2050,2250
2017-03-09,1053,,
2017-03-09,1054,,
2017-03-09,1055,,
2017-03-09,1056,,
2017-03-09,1057,,
2017-03-09,1058,1750,1850
2017-03-09,1059,3700,3900
2017-03-09,1086,,
2017-03-09,1087,30,50
2017-03-09,1088,,
2017-03-09,1089,,
2017-03-09,1098,,2.33
2017-03-09,1099,10.85,11.4
2017-03-09,1100,10.3,10.8
2017-03-09,1101,9.7,10.2
2017-03-09,1102,5.3,5.6
2017-03-09,1103,5,5.3
2017-03-09,1104,6.5,6.8
2017-03-09,1105,5.1,5.5
2017-03-09,1106,1.6,1.9
2017-03-09,1107,2.8,3.1
2017-03-09,1108,2.1,2.3
2017-03-09,1109,,
2017-03-09,1110,,
2017-03-09,1122,,
2017-03-09,1123,168,170
2017-03-09,1124,173,175
2017-03-09,1126,,
2017-03-09,1136,222,225
2017-03-09,1137,186,188
2017-03-09,1138,184,187
2017-03-09,1139,209,214
2017-03-09,1140,197,200
2017-03-09,1141,,
2017-03-09,1145,108,
2017-03-09,1156,92,107
2017-03-09,1157,97,112
2017-03-09,1158,47,57
2017-03-09,1164,1.5,1.6
2017-03-09,1165,1.55,1.65
2017-03-09,1172,222,225
2017-03-09,1174,196,201
2017-03-09,1175,186,191
2017-03-09,1183,,
2017-03-09,1184,,
2017-03-09,1192,57,67
2017-03-09,1230,433,434
2017-03-09,1231,,
2017-03-09,1234,,
2017-03-09,1252,645,655
2017-03-09,1257,1.6,1.8
2017-03-09,1258,183,185
2017-03-09,1259,186,188
2017-03-09,1261,5200,5800
2017-03-09,1262,4400,4900
2017-03-09,1263,4500,4800
2017-03-09,1264,600,700
2017-03-09,1265,,
2017-03-09,1266,1500,1700
2017-03-09,1267,,
2017-03-09,1268,,
2017-03-09,1269,,
2017-03-09,1270,,
2017-03-09,1271,,
2017-03-09,1272,,
2017-03-09,1273,,
2017-03-09,1274,,
2017-03-09,1275,,
2017-03-09,1276,,
2017-03-09,1277,,
2017-03-09,1278,,
2017-03-09,1279,3800,4000
2017-03-09,1280,2500,2700
2017-03-09,1281,1900,2000
2017-03-09,1282,800,900
2017-03-09,1283,1200,1250
2017-03-09,1284,1100,1200
2017-03-09,1285,2200,2500
2017-03-09,1287,0.8,1
2017-03-09,1288,0.65,0.75
2017-03-09,1289,0.8,0.95
2017-03-09,1290,1.7,2
2017-03-09,1291,1.5,1.6
2017-03-09,1292,1.6,1.7
2017-03-09,1294,355,385
2017-03-09,1295,340,390
2017-03-09,1296,187,189
2017-03-09,1297,97,107
2017-03-09,1298,102,112
2017-03-09,1299,1.9,2.3
2017-03-09,1301,178,180
2017-03-09,1302,200,202
2017-03-09,1303,2.3,2.5
2017-03-09,1304,0.9,1
2017-03-09,1305,1.1,1.15
2017-03-09,1306,1.3,1.4
2017-03-09,1307,0.7,0.75
2017-03-16,30,,
2017-03-16,31,280,
2017-03-16,103,730,830
2017-03-16,104,760,860
2017-03-16,105,560,660
2017-03-16,106,560,660
2017-03-16,107,550,650
2017-03-16,108,490,590
2017-03-16,109,610,710
2017-03-16,155,0.95,1
2017-03-16,175,0.26,0.28
2017-03-16,176,0.4,0.42
2017-03-16,178,0.34,0.36
2017-03-16,183,5.9,6.1
2017-03-16,184,6.1,7.1
2017-03-16,186,1.8,2
2017-03-16,190,1.55,1.65
2017-03-16,191,,
2017-03-16,192,,
2017-03-16,194,2.7,2.9
2017-03-16,195,2.7,2.9
2017-03-16,196,2.2,2.5
2017-03-16,197,1.55,1.75
2017-03-16,204,,
2017-03-16,206,2.4,2.8
2017-03-16,207,2.2,2.4
2017-03-16,210,1.95,2.3
2017-03-16,211,2.2,2.5
2017-03-16,239,2.8,3
2017-03-16,240,,
2017-03-16,241,,
2017-03-16,242,,
2017-03-16,243,,
2017-03-16,244,3,3.3
2017-03-16,245,3,4
2017-03-16,246,3.5,3.7
2017-03-16,247,0.55,0.65
2017-03-16,248,0.55,0.65
2017-03-16,249,0.7,0.85
2017-03-16,250,0.75,0.85
2017-03-16,251,0.8,0.9
2017-03-16,252,0.8,0.9
2017-03-16,254,0.55,0.65
2017-03-16,255,0.8,0.9
2017-03-16,256,1.2,1.5
2017-03-16,257,1.2,1.5
2017-03-16,258,1.2,1.5
2017-03-16,259,1.5,1.7
2017-03-16,260,1.6,1.75
2017-03-16,261,1.6,1.7
2017-03-16,263,1.5,1.7
2017-03-16,264,1.6,1.7
2017-03-16,267,0.75,0.85
2017-03-16,269,0.6,0.65
2017-03-16,272,1.5,1.6
2017-03-16,274,1.7,1.9
2017-03-16,275,1.7,1.9
2017-03-16,276,1.85,1.9
2017-03-16,277,2.05,2.2
2017-03-16,278,1.85,2
2017-03-16,279,1.7,1.9
2017-03-16,280,1.3,1.5
2017-03-16,282,1.2,1.4
2017-03-16,283,1.6,1.7
2017-03-16,284,1.5,1.6
2017-03-16,285,1.5,1.8
2017-03-16,286,1.7,1.9
2017-03-16,287,1.7,1.9
2017-03-16,288,1.5,1.6
2017-03-16,290,1.7,1.9
2017-03-16,291,8,15
2017-03-16,292,,
2017-03-16,293,,
2017-03-16,294,,
2017-03-16,295,,
2017-03-16,296,,
2017-03-16,297,,
2017-03-16,298,,
2017-03-16,299,,
2017-03-16,300,,
2017-03-16,301,,
2017-03-16,302,,
2017-03-16,305,,
2017-03-16,306,,
2017-03-16,307,,
2017-03-16,308,,
2017-03-16,309,,
2017-03-16,310,,
2017-03-16,311,,
2017-03-16,313,,
2017-03-16,314,,
2017-03-16,315,,
2017-03-16,316,,
2017-03-16,317,,
2017-03-16,318,,
2017-03-16,319,,
2017-03-16,321,,
2017-03-16,329,1.7,1.9
2017-03-16,338,,
2017-03-16,433,1.6,1.7
2017-03-16,434,3.3,3.5
2017-03-16,435,2.9,3.1
2017-03-16,455,3.5,3.7
2017-03-16,456,2.35,2.65
2017-03-16,457,3,3.2
2017-03-16,554,1.9,2.1
2017-03-16,561,,
2017-03-16,566,1.3,1.4
2017-03-16,567,1.4,1.5
2017-03-16,568,1.55,1.65
2017-03-16,604,2.6,2.9
2017-03-16,716,2,2.2
2017-03-16,718,1.15,1.22
2017-03-16,722,2.4,2.6
2017-03-16,726,,
2017-03-16,727,2.4,2.6
2017-03-16,730,1.7,1.9
2017-03-16,882,0.45,0.5
2017-03-16,896,,
2017-03-16,897,,
2017-03-16,907,2.4,2.6
2017-03-16,908,,
2017-03-16,910,1.15,1.2
2017-03-16,911,1.2,1.25
2017-03-16,912,1.1,1.15
2017-03-16,913,0.9,1
2017-03-16,915,0.8,0.9
2017-03-16,928,,
2017-03-16,929,,
2017-03-16,933,173,175
2017-03-16,934,408,411
2017-03-16,935,,
2017-03-16,936,268,270
2017-03-16,937,275,279
2017-03-16,938,,
2017-03-16,939,183,186
2017-03-16,940,242,244
2017-03-16,941,188,191
2017-03-16,942,,
2017-03-16,943,,
2017-03-16,948,,
2017-03-16,950,180,182
2017-03-16,953,,
2017-03-16,954,,
2017-03-16,958,172,174
2017-03-16,959,188,189
2017-03-16,960,185,197
2017-03-16,962,380,400
2017-03-16,963,440,460
2017-03-16,964,485,505
2017-03-16,965,495,515
2017-03-16,966,364,370
2017-03-16,967,430,441
2017-03-16,968,108,109
2017-03-16,969,114,115
2017-03-16,970,131,134
2017-03-16,971,115,117
2017-03-16,973,148,149
2017-03-16,974,154,155
2017-03-16,975,164,169
2017-03-16,976,106,107
2017-03-16,977,116,117
2017-03-16,978,123,125
2017-03-16,979,188,190
2017-03-16,980,419,425
2017-03-16,981,320,330
2017-03-16,982,320,330
2017-03-16,983,370,380
2017-03-16,986,,
2017-03-16,988,625,635
2017-03-16,989,,
2017-03-16,990,,
2017-03-16,991,186,196
2017-03-16,992,186,196
2017-03-16,993,360,361
2017-03-16,994,356,357
2017-03-16,995,372,374
2017-03-16,996,368,370
2017-03-16,999,496,498
2017-03-16,1000,,
2017-03-16,1001,158,176
2017-03-16,1002,209,211
2017-03-16,1003,275,277
2017-03-16,1004,407,410
2017-03-16,1005,432,435
2017-03-16,1006,,
2017-03-16,1007,220,225
2017-03-16,1008,200,205
2017-03-16,1009,155,160
2017-03-16,1010,220,225
2017-03-16,1011,185,190
2017-03-16,1012,165,170
2017-03-16,1013,100,105
2017-03-16,1014,102,104
2017-03-16,1015,125,130
2017-03-16,1016,107,109
2017-03-16,1017,1460,1480
2017-03-16,1018,1555,1560
2017-03-16,1020,,
2017-03-16,1021,156,158
2017-03-16,1022,730,735
2017-03-16,1023,700,705
2017-03-16,1024,142,143
2017-03-16,1025,140,143
2017-03-16,1026,157,160
2017-03-16,1027,180,187
2017-03-16,1028,360,390
2017-03-16,1029,320,325
2017-03-16,1030,345,365
2017-03-16,1033,325,335
2017-03-16,1034,305,320
2017-03-16,1035,220,235
2017-03-16,1036,130,132
2017-03-16,1037,109,112
2017-03-16,1038,60,70
2017-03-16,1039,120,130
2017-03-16,1042,78,92
2017-03-16,1043,88,102
2017-03-16,1050,30,33
2017-03-16,1051,37,45
2017-03-16,1052,2050,2250
2017-03-16,1053,,
2017-03-16,1054,,
2017-03-16,1055,,
2017-03-16,1056,,
2017-03-16,1057,,
2017-03-16,1058,1750,1850
2017-03-16,1059,3700,3900
2017-03-16,1086,,
2017-03-16,1087,30,50
2017-03-16,1088,,
2017-03-16,1089,,
2017-03-16,1098,,2.33
2017-03-16,1099,10.85,11.4
2017-03-16,1100,10.3,10.8
2017-03-16,1101,9.7,10.2
2017-03-16,1102,5.3,5.6
2017-03-16,1103,5,5.3
2017-03-16,1104,6.5,6.8
2017-03-16,1105,5.1,5.5
2017-03-16,1106,1.6,1.9
2017-03-16,1107,2.8,3.1
2017-03-16,1108,2.1,2.3
2017-03-16,1109,,
2017-03-16,1110,,
2017-03-16,1122,,
2017-03-16,1123,168,170
2017-03-16,1124,173,175
2017-03-16,1126,,
2017-03-16,1136,222,225
2017-03-16,1137,186,188
2017-03-16,1138,184,187
2017-03-16,1139,209,214
2017-03-16,1140,197,200
2017-03-16,1141,,
2017-03-16,1145,108,
2017-03-16,1156,92,107
2017-03-16,1157,97,112
2017-03-16,1158,47,57
2017-03-16,1164,1.5,1.6
2017-03-16,1165,1.55,1.65
2017-03-16,1172,222,225
2017-03-16,1173,205,210
2017-03-16,1174,196,201
2017-03-16,1175,186,191
2017-03-16,1183,,
2017-03-16,1184,,
2017-03-16,1192,57,67
2017-03-16,1230,431,432
2017-03-16,1231,,
2017-03-16,1234,,
2017-03-16,1252,645,655
2017-03-16,1257,1.6,1.8
2017-03-16,1258,183,185
2017-03-16,1259,184,186
2017-03-16,1261,5200,5800
2017-03-16,1262,4400,4900
2017-03-16,1263,4500,4800
2017-03-16,1264,600,700
2017-03-16,1265,,
2017-03-16,1266,1500,1700
2017-03-16,1267,,
2017-03-16,1268,,
2017-03-16,1269,,
2017-03-16,1270,,
2017-03-16,1271,,
2017-03-16,1272,,
2017-03-16,1273,,
2017-03-16,1274,,
2017-03-16,1275,,
2017-03-16,1276,,
2017-03-16,1277,,
2017-03-16,1278,,
2017-03-16,1279,3800,4000
2017-03-16,1280,2500,2700
2017-03-16,1281,1900,2000
2017-03-16,1282,800,900
2017-03-16,1283,1200,1250
2017-03-16,1284,1100,1200
2017-03-16,1285,2200,2500
2017-03-16,1287,0.8,1
2017-03-16,1288,0.65,0.75
2017-03-16,1289,0.8,0.95
2017-03-16,1290,1.7,2
2017-03-16,1291,1.5,1.6
2017-03-16,1292,1.6,1.7
2017-03-16,1294,355,385
2017-03-16,1295,340,390
2017-03-16,1296,187,189
2017-03-16,1297,97,107
2017-03-16,1298,102,112
2017-03-16,1299,1.9,2.3
2017-03-16,1301,178,180
2017-03-16,1302,200,202
2017-03-16,1303,2.3,2.5
2017-03-16,1304,0.9,1
2017-03-16,1305,1.1,1.15
2017-03-16,1306,1.3,1.4
2017-03-16,1307,0.7,0.75
2017-03-16,1308,178,180
2017-03-16,1309,180,182
2017-03-16,1310,183,185
2017-03-16,1311,184,186
2017-03-16,1312,,
2017-03-23,30,,
2017-03-23,31,280,
2017-03-23,103,730,830
2017-03-23,104,760,860
2017-03-23,105,540,640
2017-03-23,106,540,640
2017-03-23,107,540,640
2017-03-23,108,470,570
2017-03-23,109,590,690
2017-03-23,155,0.95,1
2017-03-23,175,0.26,0.28
2017-03-23,176,0.4,0.42
2017-03-23,178,0.34,0.36
2017-03-23,183,5.9,6.1
2017-03-23,184,6.1,7.1
2017-03-23,186,1.8,2
2017-03-23,190,1.7,1.8
2017-03-23,191,1.7,1.8
2017-03-23,192,1.75,1.85
2017-03-23,194,2.5,2.7
2017-03-23,195,2.5,2.7
2017-03-23,196,2.2,2.5
2017-03-23,197,1.55,1.75
2017-03-23,204,2,2.2
2017-03-23,206,2.3,2.7
2017-03-23,207,2.2,2.4
2017-03-23,210,1.95,2.3
2017-03-23,211,2.2,2.5
2017-03-23,239,2.8,3
2017-03-23,240,,
2017-03-23,241,,
2017-03-23,242,,
2017-03-23,243,,
2017-03-23,244,3,3.3
2017-03-23,245,3,4
2017-03-23,246,3.5,3.7
2017-03-23,247,0.55,0.65
2017-03-23,248,0.55,0.65
2017-03-23,249,0.7,0.85
2017-03-23,250,0.75,0.85
2017-03-23,251,0.8,0.9
2017-03-23,252,0.8,0.9
2017-03-23,254,0.55,0.65
2017-03-23,255,0.8,0.9
2017-03-23,256,1.2,1.5
2017-03-23,257,1.2,1.5
2017-03-23,258,1.2,1.5
2017-03-23,259,1.5,1.7
2017-03-23,260,1.6,1.75
2017-03-23,261,1.6,1.7
2017-03-23,263,1.5,1.7
2017-03-23,264,1.6,1.7
2017-03-23,267,0.75,0.85
2017-03-23,269,0.6,0.65
2017-03-23,272,1.5,1.6
2017-03-23,274,1.7,1.9
2017-03-23,275,1.7,1.9
2017-03-23,276,1.85,1.9
2017-03-23,277,2.05,2.2
2017-03-23,278,1.85,2
2017-03-23,279,1.7,1.9
2017-03-23,280,1.3,1.5
2017-03-23,282,1.2,1.4
2017-03-23,283,1.6,1.7
2017-03-23,284,1.5,1.6
2017-03-23,285,1.5,1.8
2017-03-23,286,1.7,1.9
2017-03-23,287,1.7,1.9
2017-03-23,288,1.5,1.6
2017-03-23,290,1.7,1.9
2017-03-23,291,8,15
2017-03-23,292,,
2017-03-23,293,,
2017-03-23,294,,
2017-03-23,295,,
2017-03-23,296,,
2017-03-23,297,,
2017-03-23,298,,
2017-03-23,299,,
2017-03-23,300,,
2017-03-23,301,,
2017-03-23,302,,
2017-03-23,305,,
2017-03-23,306,,
2017-03-23,307,,
2017-03-23,308,,
2017-03-23,309,,
2017-03-23,310,,
2017-03-23,311,,
2017-03-23,313,,
2017-03-23,314,,
2017-03-23,315,,
2017-03-23,316,,
2017-03-23,317,,
2017-03-23,318,,
2017-03-23,319,,
2017-03-23,321,,
2017-03-23,329,1.7,1.9
2017-03-23,338,2.5,2.7
2017-03-23,433,1.75,1.85
2017-03-23,434,3.3,3.5
2017-03-23,435,2.9,3.1
2017-03-23,455,,
2017-03-23,456,,
2017-03-23,457,,
2017-03-23,554,1.9,2.1
2017-03-23,561,,
2017-03-23,566,1.3,1.4
2017-03-23,567,1.4,1.5
2017-03-23,568,1.55,1.65
2017-03-23,604,2.6,2.9
2017-03-23,716,2,2.2
2017-03-23,718,1.15,1.22
2017-03-23,722,2.4,2.6
2017-03-23,727,2.4,2.6
2017-03-23,730,1.7,1.9
2017-03-23,882,0.45,0.5
2017-03-23,896,,
2017-03-23,897,,
2017-03-23,907,2.4,2.6
2017-03-23,908,,
2017-03-23,910,1.15,1.2
2017-03-23,911,1.2,1.25
2017-03-23,912,1.1,1.15
2017-03-23,913,0.9,1
2017-03-23,915,0.8,0.9
2017-03-23,928,,
2017-03-23,929,,
2017-03-23,933,172,174
2017-03-23,934,412,415
2017-03-23,935,,
2017-03-23,936,266,268
2017-03-23,937,273,277
2017-03-23,938,,
2017-03-23,939,183,186
2017-03-23,940,240,242
2017-03-23,941,186,189
2017-03-23,942,,
2017-03-23,943,,
2017-03-23,948,,
2017-03-23,954,,
2017-03-23,958,171,173
2017-03-23,959,188,189
2017-03-23,960,185,197
2017-03-23,962,380,400
2017-03-23,963,440,460
2017-03-23,964,485,505
2017-03-23,965,495,515
2017-03-23,966,364,370
2017-03-23,967,430,441
2017-03-23,968,115,116
2017-03-23,969,121,122
2017-03-23,970,137,140
2017-03-23,971,122,124
2017-03-23,973,155,156
2017-03-23,974,161,162
2017-03-23,975,170,175
2017-03-23,976,113,114
2017-03-23,977,123,124
2017-03-23,978,133,135
2017-03-23,979,188,190
2017-03-23,980,419,425
2017-03-23,981,325,335
2017-03-23,982,325,335
2017-03-23,983,370,380
2017-03-23,986,,
2017-03-23,988,625,635
2017-03-23,989,,
2017-03-23,990,,
2017-03-23,991,193,203
2017-03-23,992,193,203
2017-03-23,993,350,351
2017-03-23,994,346,347
2017-03-23,995,362,364
2017-03-23,996,358,360
2017-03-23,999,494,496
2017-03-23,1000,,
2017-03-23,1001,158,176
2017-03-23,1002,205,207
2017-03-23,1003,275,277
2017-03-23,1004,400,403
2017-03-23,1005,426,429
2017-03-23,1006,,
2017-03-23,1007,220,225
2017-03-23,1008,200,205
2017-03-23,1009,155,160
2017-03-23,1010,220,225
2017-03-23,1011,185,190
2017-03-23,1012,165,170
2017-03-23,1013,100,105
2017-03-23,1014,102,104
2017-03-23,1015,125,130
2017-03-23,1016,107,109
2017-03-23,1017,1450,1470
2017-03-23,1018,1535,1540
2017-03-23,1020,,
2017-03-23,1021,156,158
2017-03-23,1022,730,735
2017-03-23,1023,700,705
2017-03-23,1024,142,143
2017-03-23,1025,140,143
2017-03-23,1026,167,170
2017-03-23,1027,182,189
2017-03-23,1028,360,390
2017-03-23,1029,320,325
2017-03-23,1030,345,365
2017-03-23,1033,315,325
2017-03-23,1034,295,310
2017-03-23,1035,220,235
2017-03-23,1036,130,132
2017-03-23,1037,109,112
2017-03-23,1038,60,70
2017-03-23,1039,120,130
2017-03-23,1042,78,92
2017-03-23,1043,88,102
2017-03-23,1050,30,33
2017-03-23,1051,37,45
2017-03-23,1052,2050,2250
2017-03-23,1053,,
2017-03-23,1054,,
2017-03-23,1055,,
2017-03-23,1056,,
2017-03-23,1057,,
2017-03-23,1058,1750,1850
2017-03-23,1059,3700,3900
2017-03-23,1086,,
2017-03-23,1087,30,50
2017-03-23,1088,,
2017-03-23,1089,,
2017-03-23,1098,,2.4
2017-03-23,1099,10.85,11.4
2017-03-23,1100,10.3,10.8
2017-03-23,1101,9.7,10.2
2017-03-23,1102,5.3,5.6
2017-03-23,1103,5,5.3
2017-03-23,1104,6.5,6.8
2017-03-23,1105,5.1,5.5
2017-03-23,1106,1.6,1.9
2017-03-23,1107,2.8,3.1
2017-03-23,1108,2.1,2.3
2017-03-23,1109,,
2017-03-23,1110,,
2017-03-23,1122,,
2017-03-23,1123,168,170
2017-03-23,1124,173,175
2017-03-23,1126,,
2017-03-23,1136,221,224
2017-03-23,1137,186,188
2017-03-23,1138,184,187
2017-03-23,1139,209,214
2017-03-23,1140,197,200
2017-03-23,1141,,
2017-03-23,1145,115,
2017-03-23,1156,92,107
2017-03-23,1157,97,112
2017-03-23,1158,47,57
2017-03-23,1164,,
2017-03-23,1165,,
2017-03-23,1172,222,225
2017-03-23,1173,205,210
2017-03-23,1174,196,201
2017-03-23,1175,186,191
2017-03-23,1183,,
2017-03-23,1184,,
2017-03-23,1192,57,67
2017-03-23,1230,431,432
2017-03-23,1231,,
2017-03-23,1234,,
2017-03-23,1252,645,655
2017-03-23,1257,1.6,1.8
2017-03-23,1261,5200,5800
2017-03-23,1262,4400,4900
2017-03-23,1263,4500,4800
2017-03-23,1264,600,700
2017-03-23,1265,,
2017-03-23,1266,1500,1700
2017-03-23,1267,,
2017-03-23,1268,,
2017-03-23,1269,,
2017-03-23,1270,,
2017-03-23,1271,,
2017-03-23,1272,,
2017-03-23,1273,,
2017-03-23,1274,,
2017-03-23,1275,,
2017-03-23,1276,,
2017-03-23,1277,,
2017-03-23,1278,,
2017-03-23,1279,3800,4000
2017-03-23,1280,2500,2700
2017-03-23,1281,1900,2000
2017-03-23,1282,800,900
2017-03-23,1283,1200,1250
2017-03-23,1284,1100,1200
2017-03-23,1285,2200,2500
2017-03-23,1287,0.8,1
2017-03-23,1288,0.65,0.75
2017-03-23,1289,0.8,0.95
2017-03-23,1290,1.7,2
2017-03-23,1291,1.5,1.6
2017-03-23,1292,1.6,1.7
2017-03-23,1294,355,385
2017-03-23,1295,340,390
2017-03-23,1296,186,188
2017-03-23,1297,97,107
2017-03-23,1298,102,112
2017-03-23,1299,1.9,2.3
2017-03-23,1302,199,201
2017-03-23,1303,2.3,2.5
2017-03-23,1304,0.9,1
2017-03-23,1305,1.1,1.15
2017-03-23,1306,1.3,1.4
2017-03-23,1307,0.7,0.75
2017-03-23,1308,177,179
2017-03-23,1309,179,181
2017-03-23,1310,183,185
2017-03-23,1311,184,185
2017-03-23,1312,,
2017-03-30,30,,
2017-03-30,31,275,
2017-03-30,103,720,820
2017-03-30,104,750,850
2017-03-30,105,530,630
2017-03-30,106,530,630
2017-03-30,107,530,630
2017-03-30,108,450,550
2017-03-30,109,580,680
2017-03-30,155,0.95,1
2017-03-30,175,0.26,0.28
2017-03-30,176,0.4,0.42
2017-03-30,178,0.34,0.36
2017-03-30,183,5.9,6.1
2017-03-30,184,6.1,7.1
2017-03-30,186,1.8,2
2017-03-30,190,1.7,1.8
2017-03-30,191,1.7,1.8
2017-03-30,192,1.75,1.85
2017-03-30,194,2.4,2.6
2017-03-30,195,2.4,2.6
2017-03-30,196,2.2,2.5
2017-03-30,197,1.55,1.75
2017-03-30,204,2,2.2
2017-03-30,206,2.2,2.6
2017-03-30,207,2.3,2.5
2017-03-30,210,1.95,2.3
2017-03-30,211,2.2,2.5
2017-03-30,239,2.8,3
2017-03-30,240,,
2017-03-30,241,,
2017-03-30,242,,
2017-03-30,243,,
2017-03-30,244,3,3.3
2017-03-30,245,3,4
2017-03-30,246,3.5,3.7
2017-03-30,247,0.55,0.65
2017-03-30,248,0.55,0.65
2017-03-30,249,0.7,0.85
2017-03-30,250,0.75,0.85
2017-03-30,251,0.8,0.9
2017-03-30,252,0.8,0.9
2017-03-30,254,0.55,0.65
2017-03-30,255,0.8,0.9
2017-03-30,256,1.2,1.5
2017-03-30,257,1.2,1.5
2017-03-30,258,1.2,1.5
2017-03-30,259,1.5,1.7
2017-03-30,260,1.6,1.75
2017-03-30,261,1.6,1.7
2017-03-30,263,1.5,1.7
2017-03-30,264,1.6,1.7
2017-03-30,267,0.75,0.85
2017-03-30,269,0.6,0.65
2017-03-30,272,1.5,1.6
2017-03-30,274,1.7,1.9
2017-03-30,275,1.7,1.9
2017-03-30,276,1.85,1.9
2017-03-30,277,2.05,2.2
2017-03-30,278,1.85,2
2017-03-30,279,1.7,1.9
2017-03-30,280,1.3,1.5
2017-03-30,282,1.2,1.4
2017-03-30,283,1.6,1.7
2017-03-30,284,1.5,1.6
2017-03-30,285,1.5,1.8
2017-03-30,286,1.7,1.9
2017-03-30,287,1.7,1.9
2017-03-30,288,1.5,1.6
2017-03-30,290,1.7,1.9
2017-03-30,291,8,15
2017-03-30,292,,
2017-03-30,293,,
2017-03-30,294,,
2017-03-30,295,,
2017-03-30,296,,
2017-03-30,297,,
2017-03-30,298,,
2017-03-30,299,,
2017-03-30,300,,
2017-03-30,301,,
2017-03-30,302,,
2017-03-30,305,,
2017-03-30,306,,
2017-03-30,307,,
2017-03-30,308,,
2017-03-30,309,,
2017-03-30,310,,
2017-03-30,311,,
2017-03-30,313,,
2017-03-30,314,,
2017-03-30,315,,
2017-03-30,316,,
2017-03-30,317,,
2017-03-30,318,,
2017-03-30,319,,
2017-03-30,321,,
2017-03-30,329,1.7,1.9
2017-03-30,338,2.4,2.6
2017-03-30,343,,
2017-03-30,345,,
2017-03-30,347,,
2017-03-30,349,,
2017-03-30,433,1.75,1.85
2017-03-30,434,3.3,3.5
2017-03-30,435,2.9,3.1
2017-03-30,455,,
2017-03-30,456,,
2017-03-30,457,,
2017-03-30,554,1.9,2.1
2017-03-30,561,,
2017-03-30,566,1.3,1.4
2017-03-30,567,1.4,1.5
2017-03-30,568,1.55,1.65
2017-03-30,604,2.6,2.9
2017-03-30,716,2,2.2
2017-03-30,718,1.15,1.22
2017-03-30,722,2.5,2.7
2017-03-30,727,2.4,2.6
2017-03-30,730,1.7,1.9
2017-03-30,731,,
2017-03-30,882,0.45,0.5
2017-03-30,896,,
2017-03-30,897,,
2017-03-30,907,2.4,2.6
2017-03-30,908,,
2017-03-30,910,1.15,1.2
2017-03-30,911,1.2,1.25
2017-03-30,912,1.1,1.15
2017-03-30,913,0.9,1
2017-03-30,915,0.8,0.9
2017-03-30,928,,
2017-03-30,929,,
2017-03-30,933,172,174
2017-03-30,934,412,415
2017-03-30,935,,
2017-03-30,936,266,268
2017-03-30,937,273,277
2017-03-30,938,,
2017-03-30,939,183,186
2017-03-30,940,238,240
2017-03-30,941,186,189
2017-03-30,942,,
2017-03-30,943,,
2017-03-30,948,,
2017-03-30,954,,
2017-03-30,958,171,173
2017-03-30,959,,
2017-03-30,960,185,197
2017-03-30,962,380,400
2017-03-30,963,440,460
2017-03-30,964,485,505
2017-03-30,965,495,515
2017-03-30,966,354,360
2017-03-30,967,420,431
2017-03-30,968,121,122
2017-03-30,969,127,128
2017-03-30,970,143,146
2017-03-30,971,128,130
2017-03-30,973,161,162
2017-03-30,974,167,168
2017-03-30,975,176,181
2017-03-30,976,119,120
2017-03-30,977,129,130
2017-03-30,978,139,141
2017-03-30,979,188,190
2017-03-30,980,419,425
2017-03-30,981,325,335
2017-03-30,982,,
2017-03-30,983,370,380
2017-03-30,986,,
2017-03-30,988,625,635
2017-03-30,989,,
2017-03-30,990,,
2017-03-30,991,199,209
2017-03-30,992,199,209
2017-03-30,993,343,344
2017-03-30,994,339,340
2017-03-30,995,352,354
2017-03-30,996,348,350
2017-03-30,999,494,496
2017-03-30,1000,,
2017-03-30,1001,158,176
2017-03-30,1002,200,202
2017-03-30,1003,275,277
2017-03-30,1004,395,398
2017-03-30,1005,417,420
2017-03-30,1006,,
2017-03-30,1007,220,225
2017-03-30,1008,200,205
2017-03-30,1009,155,160
2017-03-30,1010,220,225
2017-03-30,1011,185,190
2017-03-30,1012,165,170
2017-03-30,1013,100,105
2017-03-30,1014,102,104
2017-03-30,1015,125,130
2017-03-30,1016,107,109
2017-03-30,1017,1440,1460
2017-03-30,1018,1515,1520
2017-03-30,1020,,
2017-03-30,1021,156,158
2017-03-30,1022,730,735
2017-03-30,1023,700,705
2017-03-30,1024,142,143
2017-03-30,1025,140,143
2017-03-30,1026,197,200
2017-03-30,1027,182,191
2017-03-30,1028,360,390
2017-03-30,1029,325,330
2017-03-30,1030,340,360
2017-03-30,1033,305,315
2017-03-30,1034,285,300
2017-03-30,1035,215,230
2017-03-30,1036,128,130
2017-03-30,1037,107,110
2017-03-30,1038,60,70
2017-03-30,1039,120,130
2017-03-30,1040,,
2017-03-30,1041,,
2017-03-30,1042,,
2017-03-30,1043,,
2017-03-30,1050,30,33
2017-03-30,1051,37,45
2017-03-30,1052,2050,2250
2017-03-30,1053,,
2017-03-30,1054,,
2017-03-30,1055,,
2017-03-30,1056,,
2017-03-30,1057,,
2017-03-30,1058,1750,1850
2017-03-30,1059,3700,3900
2017-03-30,1086,,
2017-03-30,1087,30,50
2017-03-30,1088,,
2017-03-30,1089,,
2017-03-30,1098,,2.45
2017-03-30,1099,10.85,11.4
2017-03-30,1100,10.3,10.8
2017-03-30,1101,9.7,10.2
2017-03-30,1102,5.3,5.6
2017-03-30,1103,5,5.3
2017-03-30,1104,6.5,6.8
2017-03-30,1105,5.1,5.5
2017-03-30,1106,1.6,1.9
2017-03-30,1107,2.8,3.1
2017-03-30,1108,2.1,2.3
2017-03-30,1109,,
2017-03-30,1110,,
2017-03-30,1122,,
2017-03-30,1123,168,170
2017-03-30,1124,173,175
2017-03-30,1126,,
2017-03-30,1136,219,222
2017-03-30,1137,184,186
2017-03-30,1138,182,185
2017-03-30,1139,209,212
2017-03-30,1140,195,198
2017-03-30,1141,,
2017-03-30,1145,121,
2017-03-30,1156,92,107
2017-03-30,1157,97,112
2017-03-30,1158,47,57
2017-03-30,1164,,
2017-03-30,1165,,
2017-03-30,1172,220,223
2017-03-30,1173,205,210
2017-03-30,1174,196,201
2017-03-30,1175,186,191
2017-03-30,1183,,
2017-03-30,1184,,
2017-03-30,1192,57,67
2017-03-30,1230,431,432
2017-03-30,1231,,
2017-03-30,1234,,
2017-03-30,1252,645,655
2017-03-30,1257,,
2017-03-30,1261,5200,5800
2017-03-30,1262,4400,4900
2017-03-30,1263,4500,4800
2017-03-30,1264,600,700
2017-03-30,1265,,
2017-03-30,1266,1500,1700
2017-03-30,1267,,
2017-03-30,1268,,
2017-03-30,1269,,
2017-03-30,1270,,
2017-03-30,1271,,
2017-03-30,1272,,
2017-03-30,1273,,
2017-03-30,1274,,
2017-03-30,1275,,
2017-03-30,1276,,
2017-03-30,1277,,
2017-03-30,1278,,
2017-03-30,1279,3800,4000
2017-03-30,1280,2500,2700
2017-03-30,1281,1900,2000
2017-03-30,1282,800,900
2017-03-30,1283,1200,1250
2017-03-30,1284,1100,1200
2017-03-30,1285,2200,2500
2017-03-30,1287,0.8,1
2017-03-30,1288,0.65,0.75
2017-03-30,1289,0.8,0.95
2017-03-30,1290,1.7,2
2017-03-30,1291,1.5,1.6
2017-03-30,1292,1.6,1.7
2017-03-30,1294,355,385
2017-03-30,1295,335,385
2017-03-30,1296,186,188
2017-03-30,1297,97,107
2017-03-30,1298,102,112
2017-03-30,1299,1.9,2.3
2017-03-30,1302,199,201
2017-03-30,1303,2.3,2.5
2017-03-30,1304,0.9,1
2017-03-30,1305,1.1,1.15
2017-03-30,1306,1.3,1.4
2017-03-30,1307,0.7,0.75
2017-03-30,1308,177,179
2017-03-30,1309,179,181
2017-03-30,1310,183,185
2017-03-30,1311,184,185
2017-03-30,1312,,
2017-03-30,1313,11.6,11.95
2017-03-30,1314,10.85,11.4
2017-03-30,1315,10.3,10.8
2017-03-30,1316,9.7,10.2
2017-04-06,30,,
2017-04-06,31,275,
2017-04-06,103,700,800
2017-04-06,104,740,840
2017-04-06,105,520,620
2017-04-06,106,520,620
2017-04-06,107,520,620
2017-04-06,108,440,540
2017-04-06,109,570,670
2017-04-06,155,0.95,1
2017-04-06,175,0.26,0.28
2017-04-06,176,0.4,0.42
2017-04-06,178,0.34,0.36
2017-04-06,183,5.9,6.1
2017-04-06,184,6.1,7.1
2017-04-06,186,1.8,2
2017-04-06,190,1.7,1.8
2017-04-06,191,1.7,1.8
2017-04-06,192,1.75,1.85
2017-04-06,194,2.4,2.6
2017-04-06,195,2.4,2.6
2017-04-06,196,2.4,2.7
2017-04-06,197,1.55,1.75
2017-04-06,204,2,2.2
2017-04-06,206,2.1,2.4
2017-04-06,207,2.3,2.5
2017-04-06,210,1.95,2.3
2017-04-06,211,2.2,2.5
2017-04-06,239,2.8,3
2017-04-06,240,,
2017-04-06,241,,
2017-04-06,242,,
2017-04-06,243,,
2017-04-06,244,3,3.3
2017-04-06,245,3,4
2017-04-06,246,3.5,3.7
2017-04-06,247,0.55,0.65
2017-04-06,248,0.55,0.65
2017-04-06,249,0.7,0.85
2017-04-06,250,0.75,0.85
2017-04-06,251,0.8,0.9
2017-04-06,252,0.8,0.9
2017-04-06,254,0.55,0.65
2017-04-06,255,0.8,0.9
2017-04-06,256,1.2,1.5
2017-04-06,257,1.2,1.5
2017-04-06,258,1.2,1.5
2017-04-06,259,1.5,1.7
2017-04-06,260,1.6,1.75
2017-04-06,261,1.6,1.7
2017-04-06,263,1.5,1.7
2017-04-06,264,1.6,1.7
2017-04-06,267,0.75,0.85
2017-04-06,269,0.6,0.65
2017-04-06,272,1.5,1.6
2017-04-06,274,1.7,1.9
2017-04-06,275,1.7,1.9
2017-04-06,276,1.85,1.9
2017-04-06,277,2.05,2.2
2017-04-06,278,1.85,2
2017-04-06,279,1.7,1.9
2017-04-06,280,1.3,1.5
2017-04-06,282,1.2,1.4
2017-04-06,283,1.6,1.7
2017-04-06,284,1.5,1.6
2017-04-06,285,1.5,1.8
2017-04-06,286,1.7,1.9
2017-04-06,287,1.7,1.9
2017-04-06,288,1.5,1.6
2017-04-06,290,1.7,1.9
2017-04-06,291,8,15
2017-04-06,292,,
2017-04-06,293,,
2017-04-06,294,,
2017-04-06,295,,
2017-04-06,296,,
2017-04-06,297,,
2017-04-06,298,,
2017-04-06,299,,
2017-04-06,300,,
2017-04-06,301,,
2017-04-06,302,,
2017-04-06,305,,
2017-04-06,306,,
2017-04-06,307,,
2017-04-06,308,,
2017-04-06,309,,
2017-04-06,310,,
2017-04-06,311,,
2017-04-06,313,,
2017-04-06,314,,
2017-04-06,315,,
2017-04-06,316,,
2017-04-06,317,,
2017-04-06,318,,
2017-04-06,319,,
2017-04-06,321,,
2017-04-06,329,,
2017-04-06,338,2.4,2.6
2017-04-06,343,4,4.2
2017-04-06,345,3.2,3.5
2017-04-06,347,2.5,2.8
2017-04-06,349,,
2017-04-06,433,1.75,1.85
2017-04-06,434,3.3,3.5
2017-04-06,435,2.9,3.1
2017-04-06,455,,
2017-04-06,456,,
2017-04-06,457,,
2017-04-06,554,1.9,2.1
2017-04-06,561,,
2017-04-06,566,,
2017-04-06,567,,
2017-04-06,568,,
2017-04-06,604,2.6,2.9
2017-04-06,716,2,2.2
2017-04-06,718,,
2017-04-06,722,2.5,2.7
2017-04-06,727,2.4,2.6
2017-04-06,730,1.7,1.9
2017-04-06,731,,
2017-04-06,882,0.45,0.5
2017-04-06,896,,
2017-04-06,897,,
2017-04-06,907,2.4,2.6
2017-04-06,908,,
2017-04-06,910,1.2,1.25
2017-04-06,911,1.25,1.3
2017-04-06,912,1.15,1.2
2017-04-06,913,0.95,1.05
2017-04-06,915,,
2017-04-06,928,,
2017-04-06,929,,
2017-04-06,933,172,174
2017-04-06,934,415,418
2017-04-06,935,,
2017-04-06,936,266,268
2017-04-06,937,273,277
2017-04-06,938,,
2017-04-06,939,183,186
2017-04-06,940,238,240
2017-04-06,941,186,189
2017-04-06,942,,
2017-04-06,943,,
2017-04-06,948,,
2017-04-06,954,,
2017-04-06,958,171,173
2017-04-06,959,,
2017-04-06,960,183,195
2017-04-06,962,375,395
2017-04-06,963,435,455
2017-04-06,964,480,500
2017-04-06,965,490,510
2017-04-06,966,349,355
2017-04-06,967,415,426
2017-04-06,968,127,128
2017-04-06,969,133,134
2017-04-06,970,149,152
2017-04-06,971,134,136
2017-04-06,973,167,168
2017-04-06,974,173,174
2017-04-06,975,182,187
2017-04-06,976,125,126
2017-04-06,977,135,136
2017-04-06,978,145,147
2017-04-06,979,188,190
2017-04-06,980,419,425
2017-04-06,981,325,335
2017-04-06,982,,
2017-04-06,983,370,380
2017-04-06,986,,
2017-04-06,988,625,635
2017-04-06,989,,
2017-04-06,990,,
2017-04-06,991,205,215
2017-04-06,992,205,215
2017-04-06,993,343,344
2017-04-06,994,339,340
2017-04-06,995,352,354
2017-04-06,996,348,350
2017-04-06,999,494,496
2017-04-06,1000,,
2017-04-06,1001,158,176
2017-04-06,1002,200,202
2017-04-06,1003,275,277
2017-04-06,1004,395,398
2017-04-06,1005,417,420
2017-04-06,1006,,
2017-04-06,1007,220,225
2017-04-06,1008,200,205
2017-04-06,1009,155,160
2017-04-06,1010,220,225
2017-04-06,1011,185,190
2017-04-06,1012,,
2017-04-06,1013,100,105
2017-04-06,1014,102,104
2017-04-06,1015,125,130
2017-04-06,1016,107,109
2017-04-06,1017,1440,1460
2017-04-06,1018,1505,1510
2017-04-06,1020,,
2017-04-06,1021,156,158
2017-04-06,1022,730,735
2017-04-06,1023,700,705
2017-04-06,1024,142,143
2017-04-06,1025,140,143
2017-04-06,1026,197,200
2017-04-06,1027,182,191
2017-04-06,1028,360,390
2017-04-06,1029,325,330
2017-04-06,1030,330,350
2017-04-06,1033,300,310
2017-04-06,1034,285,300
2017-04-06,1035,215,230
2017-04-06,1036,128,130
2017-04-06,1037,107,110
2017-04-06,1038,60,70
2017-04-06,1039,120,130
2017-04-06,1040,,
2017-04-06,1041,,
2017-04-06,1050,30,33
2017-04-06,1051,37,45
2017-04-06,1052,,
2017-04-06,1053,,
2017-04-06,1054,,
2017-04-06,1055,,
2017-04-06,1056,,
2017-04-06,1057,,
2017-04-06,1058,,
2017-04-06,1059,,
2017-04-06,1086,,
2017-04-06,1087,,
2017-04-06,1088,,
2017-04-06,1089,,
2017-04-06,1122,,
2017-04-06,1123,168,170
2017-04-06,1124,173,175
2017-04-06,1126,,
2017-04-06,1136,219,222
2017-04-06,1137,184,186
2017-04-06,1138,182,185
2017-04-06,1139,209,212
2017-04-06,1140,195,198
2017-04-06,1141,,
2017-04-06,1145,124,
2017-04-06,1156,92,107
2017-04-06,1157,97,112
2017-04-06,1158,47,57
2017-04-06,1164,,
2017-04-06,1165,,
2017-04-06,1172,215,218
2017-04-06,1173,200,205
2017-04-06,1174,193,198
2017-04-06,1175,183,188
2017-04-06,1183,,
2017-04-06,1184,,
2017-04-06,1192,57,67
2017-04-06,1230,431,432
2017-04-06,1231,,
2017-04-06,1234,,
2017-04-06,1252,645,655
2017-04-06,1257,,
2017-04-06,1261,,
2017-04-06,1262,,
2017-04-06,1263,,
2017-04-06,1264,,
2017-04-06,1265,,
2017-04-06,1266,,
2017-04-06,1267,,
2017-04-06,1268,,
2017-04-06,1269,,
2017-04-06,1270,,
2017-04-06,1271,,
2017-04-06,1272,,
2017-04-06,1273,,
2017-04-06,1274,,
2017-04-06,1275,,
2017-04-06,1276,,
2017-04-06,1277,,
2017-04-06,1278,,
2017-04-06,1279,,
2017-04-06,1280,,
2017-04-06,1281,,
2017-04-06,1282,,
2017-04-06,1283,,
2017-04-06,1284,,
2017-04-06,1285,,
2017-04-06,1287,0.8,1
2017-04-06,1288,0.65,0.75
2017-04-06,1289,0.8,0.95
2017-04-06,1290,1.7,2
2017-04-06,1291,1.5,1.6
2017-04-06,1292,1.6,1.7
2017-04-06,1294,350,380
2017-04-06,1295,330,380
2017-04-06,1296,186,188
2017-04-06,1297,97,107
2017-04-06,1298,102,112
2017-04-06,1299,1.9,2.3
2017-04-06,1302,199,201
2017-04-06,1303,,
2017-04-06,1304,0.9,1
2017-04-06,1305,1.1,1.15
2017-04-06,1306,1.3,1.4
2017-04-06,1307,0.7,0.77
2017-04-06,1308,177,179
2017-04-06,1309,179,181
2017-04-06,1310,183,185
2017-04-06,1311,186,187
2017-04-06,1312,,
2017-04-06,1313,11.55,11.9
2017-04-06,1314,10.8,11.35
2017-04-06,1315,10.25,10.75
2017-04-06,1316,9.65,10.15
2017-04-13,30,,
2017-04-13,31,,
2017-04-13,103,690,790
2017-04-13,104,720,820
2017-04-13,105,510,610
2017-04-13,106,510,610
2017-04-13,107,520,620
2017-04-13,108,440,540
2017-04-13,109,560,660
2017-04-13,155,0.95,1
2017-04-13,175,,
2017-04-13,176,,
2017-04-13,178,,
2017-04-13,183,5.9,6.1
2017-04-13,184,6.1,7.1
2017-04-13,186,1.8,2
2017-04-13,190,,
2017-04-13,191,1.7,1.8
2017-04-13,192,1.75,1.85
2017-04-13,194,2.3,2.5
2017-04-13,195,2.3,2.5
2017-04-13,196,2.4,2.7
2017-04-13,197,1.55,1.75
2017-04-13,204,2,2.2
2017-04-13,206,2,2.3
2017-04-13,207,2.4,2.6
2017-04-13,210,1.95,2.3
2017-04-13,211,2.2,2.5
2017-04-13,239,2.8,3
2017-04-13,240,,
2017-04-13,241,,
2017-04-13,242,,
2017-04-13,243,,
2017-04-13,244,3,3.3
2017-04-13,245,3,4
2017-04-13,246,3.5,3.7
2017-04-13,247,0.55,0.65
2017-04-13,248,0.55,0.65
2017-04-13,249,0.7,0.85
2017-04-13,250,0.75,0.85
2017-04-13,251,0.8,0.9
2017-04-13,252,0.8,0.9
2017-04-13,254,0.55,0.65
2017-04-13,255,0.8,0.9
2017-04-13,256,1.2,1.5
2017-04-13,257,1.2,1.5
2017-04-13,258,1.2,1.5
2017-04-13,259,1.5,1.7
2017-04-13,260,1.6,1.75
2017-04-13,261,1.6,1.7
2017-04-13,263,1.5,1.7
2017-04-13,264,1.6,1.7
2017-04-13,267,0.75,0.85
2017-04-13,269,0.6,0.65
2017-04-13,272,1.5,1.6
2017-04-13,274,1.7,1.9
2017-04-13,275,1.7,1.9
2017-04-13,276,1.85,1.9
2017-04-13,277,2.05,2.2
2017-04-13,278,1.85,2
2017-04-13,279,1.7,1.9
2017-04-13,280,1.3,1.5
2017-04-13,282,1.2,1.4
2017-04-13,283,1.6,1.7
2017-04-13,284,1.5,1.6
2017-04-13,285,1.5,1.8
2017-04-13,286,1.7,1.9
2017-04-13,287,1.7,1.9
2017-04-13,288,1.5,1.6
2017-04-13,290,1.7,1.9
2017-04-13,291,8,15
2017-04-13,292,,
2017-04-13,293,,
2017-04-13,294,,
2017-04-13,295,,
2017-04-13,296,,
2017-04-13,297,,
2017-04-13,298,,
2017-04-13,299,,
2017-04-13,300,,
2017-04-13,301,,
2017-04-13,302,,
2017-04-13,305,,
2017-04-13,306,,
2017-04-13,307,,
2017-04-13,308,,
2017-04-13,309,,
2017-04-13,310,,
2017-04-13,311,,
2017-04-13,313,,
2017-04-13,314,,
2017-04-13,315,,
2017-04-13,316,,
2017-04-13,317,,
2017-04-13,318,,
2017-04-13,319,,
2017-04-13,321,,
2017-04-13,329,,
2017-04-13,338,2.3,2.5
2017-04-13,343,3.2,3.8
2017-04-13,345,2.5,3
2017-04-13,347,2,2.3
2017-04-13,349,5.8,6.2
2017-04-13,433,,
2017-04-13,434,3.3,3.5
2017-04-13,435,2.9,3.1
2017-04-13,455,,
2017-04-13,456,,
2017-04-13,457,,
2017-04-13,554,1.9,2.1
2017-04-13,561,,
2017-04-13,604,2.6,2.9
2017-04-13,716,2,2.2
2017-04-13,722,2.6,2.8
2017-04-13,727,2.4,2.6
2017-04-13,730,1.7,1.9
2017-04-13,731,5.4,5.8
2017-04-13,734,,
2017-04-13,882,,
2017-04-13,896,,
2017-04-13,897,,
2017-04-13,907,2.3,2.5
2017-04-13,908,,
2017-04-13,910,,
2017-04-13,911,,
2017-04-13,912,,
2017-04-13,913,,
2017-04-13,928,,
2017-04-13,929,,
2017-04-13,933,172,174
2017-04-13,934,420,423
2017-04-13,935,,
2017-04-13,936,264,266
2017-04-13,937,271,275
2017-04-13,938,,
2017-04-13,939,183,186
2017-04-13,940,238,240
2017-04-13,941,186,189
2017-04-13,942,,
2017-04-13,943,,
2017-04-13,948,,
2017-04-13,954,,
2017-04-13,958,171,173
2017-04-13,959,,
2017-04-13,960,183,195
2017-04-13,962,370,390
2017-04-13,963,430,450
2017-04-13,964,475,495
2017-04-13,965,485,505
2017-04-13,966,344,350
2017-04-13,967,410,421
2017-04-13,968,131,132
2017-04-13,969,139,140
2017-04-13,970,155,158
2017-04-13,971,140,142
2017-04-13,973,171,172
2017-04-13,974,179,180
2017-04-13,975,188,193
2017-04-13,976,129,130
2017-04-13,977,141,142
2017-04-13,978,153,155
2017-04-13,979,188,190
2017-04-13,980,419,425
2017-04-13,981,325,335
2017-04-13,982,,
2017-04-13,983,370,380
2017-04-13,986,,
2017-04-13,988,625,635
2017-04-13,989,,
2017-04-13,990,,
2017-04-13,991,209,219
2017-04-13,992,209,219
2017-04-13,993,353,354
2017-04-13,994,349,350
2017-04-13,995,362,364
2017-04-13,996,358,360
2017-04-13,999,502,504
2017-04-13,1000,,
2017-04-13,1001,158,176
2017-04-13,1002,200,202
2017-04-13,1003,275,277
2017-04-13,1004,402,405
2017-04-13,1005,422,425
2017-04-13,1006,,
2017-04-13,1007,220,225
2017-04-13,1008,200,205
2017-04-13,1009,155,160
2017-04-13,1010,220,225
2017-04-13,1011,185,190
2017-04-13,1012,,
2017-04-13,1013,100,105
2017-04-13,1014,102,104
2017-04-13,1015,125,130
2017-04-13,1016,107,109
2017-04-13,1017,1440,1460
2017-04-13,1018,1505,1510
2017-04-13,1020,,
2017-04-13,1021,156,158
2017-04-13,1022,730,735
2017-04-13,1023,700,705
2017-04-13,1024,142,143
2017-04-13,1025,140,143
2017-04-13,1026,197,200
2017-04-13,1027,182,191
2017-04-13,1028,360,390
2017-04-13,1029,325,330
2017-04-13,1030,325,345
2017-04-13,1033,290,300
2017-04-13,1034,275,290
2017-04-13,1035,205,220
2017-04-13,1036,128,130
2017-04-13,1037,107,110
2017-04-13,1038,60,70
2017-04-13,1039,120,130
2017-04-13,1040,,
2017-04-13,1041,,
2017-04-13,1050,30,33
2017-04-13,1051,37,45
2017-04-13,1052,,
2017-04-13,1053,,
2017-04-13,1054,,
2017-04-13,1055,,
2017-04-13,1056,,
2017-04-13,1057,,
2017-04-13,1058,,
2017-04-13,1059,,
2017-04-13,1086,,
2017-04-13,1087,,
2017-04-13,1088,,
2017-04-13,1089,,
2017-04-13,1122,,
2017-04-13,1123,168,170
2017-04-13,1124,173,175
2017-04-13,1126,,
2017-04-13,1136,219,222
2017-04-13,1137,184,186
2017-04-13,1138,182,185
2017-04-13,1139,206,209
2017-04-13,1140,192,195
2017-04-13,1141,,
2017-04-13,1145,128,
2017-04-13,1156,92,107
2017-04-13,1157,97,112
2017-04-13,1158,,
2017-04-13,1164,,
2017-04-13,1165,,
2017-04-13,1172,210,213
2017-04-13,1173,195,200
2017-04-13,1174,188,193
2017-04-13,1175,178,183
2017-04-13,1183,,
2017-04-13,1184,,
2017-04-13,1192,57,67
2017-04-13,1230,439,440
2017-04-13,1231,,
2017-04-13,1234,,
2017-04-13,1252,645,655
2017-04-13,1257,,
2017-04-13,1261,,
2017-04-13,1262,,
2017-04-13,1263,,
2017-04-13,1264,,
2017-04-13,1265,,
2017-04-13,1266,,
2017-04-13,1267,,
2017-04-13,1268,,
2017-04-13,1269,,
2017-04-13,1270,,
2017-04-13,1271,,
2017-04-13,1272,,
2017-04-13,1273,,
2017-04-13,1274,,
2017-04-13,1275,,
2017-04-13,1276,,
2017-04-13,1277,,
2017-04-13,1278,,
2017-04-13,1279,,
2017-04-13,1280,,
2017-04-13,1281,,
2017-04-13,1282,,
2017-04-13,1283,,
2017-04-13,1284,,
2017-04-13,1285,,
2017-04-13,1287,0.8,1
2017-04-13,1288,0.65,0.75
2017-04-13,1289,0.8,0.95
2017-04-13,1290,1.7,2
2017-04-13,1291,1.5,1.6
2017-04-13,1292,1.6,1.7
2017-04-13,1294,345,370
2017-04-13,1295,330,370
2017-04-13,1296,186,188
2017-04-13,1297,97,107
2017-04-13,1298,102,112
2017-04-13,1299,1.9,2.3
2017-04-13,1302,200,202
2017-04-13,1303,,
2017-04-13,1304,0.9,1
2017-04-13,1305,1.1,1.15
2017-04-13,1306,1.3,1.4
2017-04-13,1307,0.7,0.77
2017-04-13,1308,178,180
2017-04-13,1309,180,182
2017-04-13,1310,184,186
2017-04-13,1311,187,188
2017-04-13,1312,,
2017-04-13,1313,11.5,11.85
2017-04-13,1314,10.75,11.3
2017-04-13,1315,10.2,10.7
2017-04-13,1316,9.6,10.1
2017-04-20,30,,
2017-04-20,31,,
2017-04-20,103,690,790
2017-04-20,104,720,820
2017-04-20,105,510,610
2017-04-20,106,510,610
2017-04-20,107,520,620
2017-04-20,108,440,540
2017-04-20,109,560,660
2017-04-20,155,1.05,1.1
2017-04-20,183,5.9,6.1
2017-04-20,184,6.1,7.1
2017-04-20,186,1.8,2
2017-04-20,190,,
2017-04-20,191,1.7,1.8
2017-04-20,192,1.75,1.85
2017-04-20,194,2.3,2.5
2017-04-20,195,2.3,2.5
2017-04-20,196,2.4,2.7
2017-04-20,197,1.55,1.75
2017-04-20,204,2,2.2
2017-04-20,206,1.9,2.2
2017-04-20,207,2.5,2.7
2017-04-20,210,1.95,2.3
2017-04-20,211,2.2,2.5
2017-04-20,239,2.8,3
2017-04-20,240,,
2017-04-20,241,,
2017-04-20,242,,
2017-04-20,243,,
2017-04-20,244,3,3.3
2017-04-20,245,3,4
2017-04-20,246,3.5,3.7
2017-04-20,247,0.55,0.65
2017-04-20,248,0.55,0.65
2017-04-20,249,0.7,0.85
2017-04-20,250,0.75,0.85
2017-04-20,251,0.8,0.9
2017-04-20,252,0.8,0.9
2017-04-20,254,0.55,0.65
2017-04-20,255,0.8,0.9
2017-04-20,256,1.2,1.5
2017-04-20,257,1.2,1.5
2017-04-20,258,1.2,1.5
2017-04-20,259,1.5,1.7
2017-04-20,260,1.6,1.75
2017-04-20,261,1.6,1.7
2017-04-20,263,1.5,1.7
2017-04-20,264,1.6,1.7
2017-04-20,267,0.75,0.85
2017-04-20,269,0.6,0.65
2017-04-20,272,1.5,1.6
2017-04-20,274,1.7,1.9
2017-04-20,275,1.7,1.9
2017-04-20,276,1.85,1.9
2017-04-20,277,2.05,2.2
2017-04-20,278,1.85,2
2017-04-20,279,1.7,1.9
2017-04-20,280,1.3,1.5
2017-04-20,282,1.2,1.4
2017-04-20,283,1.6,1.7
2017-04-20,284,1.5,1.6
2017-04-20,285,1.5,1.8
2017-04-20,286,1.7,1.9
2017-04-20,287,1.7,1.9
2017-04-20,288,1.5,1.6
2017-04-20,290,1.7,1.9
2017-04-20,291,8,15
2017-04-20,292,,
2017-04-20,293,,
2017-04-20,294,,
2017-04-20,295,,
2017-04-20,296,,
2017-04-20,297,,
2017-04-20,298,,
2017-04-20,299,,
2017-04-20,300,,
2017-04-20,301,,
2017-04-20,302,,
2017-04-20,305,,
2017-04-20,306,,
2017-04-20,307,,
2017-04-20,308,,
2017-04-20,309,,
2017-04-20,310,,
2017-04-20,311,,
2017-04-20,313,,
2017-04-20,314,,
2017-04-20,315,,
2017-04-20,316,,
2017-04-20,317,,
2017-04-20,318,,
2017-04-20,319,,
2017-04-20,321,,
2017-04-20,338,,
2017-04-20,343,2.2,2.5
2017-04-20,345,1.6,2
2017-04-20,347,1,1.3
2017-04-20,349,5.8,6.2
2017-04-20,433,,
2017-04-20,434,3.3,3.5
2017-04-20,435,2.9,3.1
2017-04-20,455,,
2017-04-20,456,,
2017-04-20,457,,
2017-04-20,554,,
2017-04-20,561,,
2017-04-20,604,2.6,2.9
2017-04-20,716,1.9,2.1
2017-04-20,722,2.7,2.9
2017-04-20,727,2.4,2.6
2017-04-20,730,1.7,1.9
2017-04-20,731,5.4,5.8
2017-04-20,734,2.5,2.7
2017-04-20,896,,
2017-04-20,897,,
2017-04-20,907,2.3,2.5
2017-04-20,908,,
2017-04-20,928,,
2017-04-20,929,,
2017-04-20,933,172,174
2017-04-20,934,422,425
2017-04-20,935,,
2017-04-20,936,264,266
2017-04-20,937,271,275
2017-04-20,938,,
2017-04-20,939,183,186
2017-04-20,940,,
2017-04-20,941,186,189
2017-04-20,942,,
2017-04-20,943,,
2017-04-20,948,,
2017-04-20,954,,
2017-04-20,958,171,173
2017-04-20,959,,
2017-04-20,960,182,194
2017-04-20,962,370,390
2017-04-20,963,430,450
2017-04-20,964,475,495
2017-04-20,965,485,505
2017-04-20,966,344,350
2017-04-20,967,410,421
2017-04-20,968,135,136
2017-04-20,969,143,144
2017-04-20,970,157,160
2017-04-20,971,143,145
2017-04-20,973,175,176
2017-04-20,974,183,184
2017-04-20,975,190,195
2017-04-20,976,133,134
2017-04-20,977,144,145
2017-04-20,978,155,157
2017-04-20,979,188,190
2017-04-20,980,419,425
2017-04-20,981,325,335
2017-04-20,982,,
2017-04-20,983,370,380
2017-04-20,986,,
2017-04-20,988,625,635
2017-04-20,989,,
2017-04-20,990,,
2017-04-20,991,213,223
2017-04-20,992,213,223
2017-04-20,993,343,344
2017-04-20,994,339,340
2017-04-20,995,352,354
2017-04-20,996,348,350
2017-04-20,999,496,498
2017-04-20,1000,,
2017-04-20,1001,158,176
2017-04-20,1002,200,202
2017-04-20,1003,275,277
2017-04-20,1004,397,400
2017-04-20,1005,420,423
2017-04-20,1006,,
2017-04-20,1007,,
2017-04-20,1008,200,205
2017-04-20,1009,155,160
2017-04-20,1010,220,225
2017-04-20,1011,185,190
2017-04-20,1012,,
2017-04-20,1013,100,105
2017-04-20,1014,102,104
2017-04-20,1015,125,130
2017-04-20,1016,107,109
2017-04-20,1017,1440,1460
2017-04-20,1018,1505,1510
2017-04-20,1020,,
2017-04-20,1021,156,158
2017-04-20,1022,735,740
2017-04-20,1023,705,710
2017-04-20,1024,142,143
2017-04-20,1025,140,143
2017-04-20,1026,199,202
2017-04-20,1027,182,191
2017-04-20,1028,360,390
2017-04-20,1029,325,330
2017-04-20,1030,325,345
2017-04-20,1033,280,290
2017-04-20,1034,265,280
2017-04-20,1035,195,210
2017-04-20,1036,128,130
2017-04-20,1037,107,110
2017-04-20,1038,60,70
2017-04-20,1039,120,130
2017-04-20,1040,,
2017-04-20,1041,,
2017-04-20,1050,30,33
2017-04-20,1051,37,45
2017-04-20,1052,,
2017-04-20,1053,,
2017-04-20,1054,,
2017-04-20,1055,,
2017-04-20,1056,,
2017-04-20,1057,,
2017-04-20,1058,,
2017-04-20,1059,,
2017-04-20,1086,,
2017-04-20,1087,,
2017-04-20,1088,,
2017-04-20,1089,,
2017-04-20,1122,,
2017-04-20,1123,168,170
2017-04-20,1124,173,175
2017-04-20,1126,,
2017-04-20,1136,219,222
2017-04-20,1137,184,186
2017-04-20,1138,182,185
2017-04-20,1139,206,209
2017-04-20,1140,192,195
2017-04-20,1141,,
2017-04-20,1145,,
2017-04-20,1156,92,107
2017-04-20,1157,97,112
2017-04-20,1158,,
2017-04-20,1164,,
2017-04-20,1165,,
2017-04-20,1172,210,213
2017-04-20,1173,195,200
2017-04-20,1174,188,193
2017-04-20,1175,178,183
2017-04-20,1183,,
2017-04-20,1184,,
2017-04-20,1192,57,67
2017-04-20,1230,433,434
2017-04-20,1231,,
2017-04-20,1234,,
2017-04-20,1252,645,655
2017-04-20,1261,,
2017-04-20,1262,,
2017-04-20,1263,,
2017-04-20,1264,,
2017-04-20,1265,,
2017-04-20,1266,,
2017-04-20,1267,,
2017-04-20,1268,,
2017-04-20,1269,,
2017-04-20,1270,,
2017-04-20,1271,,
2017-04-20,1272,,
2017-04-20,1273,,
2017-04-20,1274,,
2017-04-20,1275,,
2017-04-20,1276,,
2017-04-20,1277,,
2017-04-20,1278,,
2017-04-20,1279,,
2017-04-20,1280,,
2017-04-20,1281,,
2017-04-20,1282,,
2017-04-20,1283,,
2017-04-20,1284,,
2017-04-20,1285,,
2017-04-20,1287,0.8,1
2017-04-20,1288,0.65,0.75
2017-04-20,1289,0.8,0.95
2017-04-20,1290,1.7,2
2017-04-20,1291,1.5,1.6
2017-04-20,1292,1.6,1.7
2017-04-20,1294,345,370
2017-04-20,1295,330,370
2017-04-20,1296,186,188
2017-04-20,1297,97,107
2017-04-20,1298,102,112
2017-04-20,1299,1.9,2.3
2017-04-20,1302,200,202
2017-04-20,1304,1,1.1
2017-04-20,1305,1.2,1.25
2017-04-20,1306,1.4,1.5
2017-04-20,1307,0.7,0.77
2017-04-20,1308,178,180
2017-04-20,1309,180,182
2017-04-20,1310,184,186
2017-04-20,1311,187,188
2017-04-20,1312,,
2017-04-20,1313,11.45,11.8
2017-04-20,1314,10.7,11.25
2017-04-20,1315,10.15,10.65
2017-04-20,1316,9.55,10.05
2017-04-27,30,,
2017-04-27,31,,
2017-04-27,103,680,780
2017-04-27,104,720,820
2017-04-27,105,510,610
2017-04-27,106,510,610
2017-04-27,107,520,620
2017-04-27,108,440,540
2017-04-27,109,560,660
2017-04-27,155,1.05,1.1
2017-04-27,183,5.9,6.1
2017-04-27,184,6.1,7.1
2017-04-27,186,1.8,2
2017-04-27,190,,
2017-04-27,191,1.7,1.8
2017-04-27,192,1.75,1.85
2017-04-27,194,2.2,2.4
2017-04-27,195,2.2,2.4
2017-04-27,196,2.4,2.7
2017-04-27,197,1.55,1.75
2017-04-27,204,2,2.2
2017-04-27,206,1.9,2.2
2017-04-27,207,2.6,2.8
2017-04-27,210,1.95,2.3
2017-04-27,211,2.2,2.5
2017-04-27,239,2.8,3
2017-04-27,240,,
2017-04-27,241,,
2017-04-27,242,,
2017-04-27,243,,
2017-04-27,244,3,3.3
2017-04-27,245,3,4
2017-04-27,246,3.5,3.7
2017-04-27,247,0.55,0.65
2017-04-27,248,0.55,0.65
2017-04-27,249,0.7,0.85
2017-04-27,250,0.75,0.85
2017-04-27,251,0.8,0.9
2017-04-27,252,0.8,0.9
2017-04-27,254,0.55,0.65
2017-04-27,255,0.8,0.9
2017-04-27,256,1.2,1.5
2017-04-27,257,1.2,1.5
2017-04-27,258,1.2,1.5
2017-04-27,259,1.5,1.7
2017-04-27,260,1.6,1.75
2017-04-27,261,1.6,1.7
2017-04-27,263,1.5,1.7
2017-04-27,264,1.6,1.7
2017-04-27,267,0.75,0.85
2017-04-27,269,0.6,0.65
2017-04-27,272,1.5,1.6
2017-04-27,274,1.7,1.9
2017-04-27,275,1.7,1.9
2017-04-27,276,1.85,1.9
2017-04-27,277,2.05,2.2
2017-04-27,278,1.85,2
2017-04-27,279,1.7,1.9
2017-04-27,280,1.3,1.5
2017-04-27,282,1.2,1.4
2017-04-27,283,1.6,1.7
2017-04-27,284,1.5,1.6
2017-04-27,285,1.5,1.8
2017-04-27,286,1.7,1.9
2017-04-27,287,1.7,1.9
2017-04-27,288,1.5,1.6
2017-04-27,290,1.7,1.9
2017-04-27,291,8,15
2017-04-27,292,,
2017-04-27,293,,
2017-04-27,294,,
2017-04-27,295,,
2017-04-27,296,,
2017-04-27,297,,
2017-04-27,298,,
2017-04-27,299,,
2017-04-27,300,,
2017-04-27,301,,
2017-04-27,302,,
2017-04-27,305,,
2017-04-27,306,,
2017-04-27,307,,
2017-04-27,308,,
2017-04-27,309,,
2017-04-27,310,,
2017-04-27,311,,
2017-04-27,313,,
2017-04-27,314,,
2017-04-27,315,,
2017-04-27,316,,
2017-04-27,317,,
2017-04-27,318,,
2017-04-27,319,,
2017-04-27,321,,
2017-04-27,343,2.2,2.5
2017-04-27,345,1.6,2
2017-04-27,347,1,1.3
2017-04-27,349,5.4,5.8
2017-04-27,433,,
2017-04-27,434,3.3,3.5
2017-04-27,435,2.9,3.1
2017-04-27,455,,
2017-04-27,456,2.7,2.9
2017-04-27,457,2.9,3.1
2017-04-27,554,,
2017-04-27,561,,
2017-04-27,604,2.6,2.9
2017-04-27,716,1.9,2.1
2017-04-27,722,2.8,3
2017-04-27,727,2.4,2.6
2017-04-27,730,1.7,1.9
2017-04-27,731,5.4,5.8
2017-04-27,734,2.5,2.7
2017-04-27,896,,
2017-04-27,897,,
2017-04-27,907,2.3,2.5
2017-04-27,908,,
2017-04-27,918,,
2017-04-27,928,,
2017-04-27,929,,
2017-04-27,933,172,174
2017-04-27,934,421,424
2017-04-27,935,,
2017-04-27,936,264,266
2017-04-27,937,271,275
2017-04-27,938,,
2017-04-27,939,183,186
2017-04-27,940,,
2017-04-27,941,186,189
2017-04-27,942,,
2017-04-27,943,,
2017-04-27,948,,
2017-04-27,954,,
2017-04-27,958,171,173
2017-04-27,959,,
2017-04-27,960,182,194
2017-04-27,962,365,385
2017-04-27,963,425,445
2017-04-27,964,470,490
2017-04-27,965,480,500
2017-04-27,966,344,350
2017-04-27,967,410,421
2017-04-27,968,135,136
2017-04-27,969,143,144
2017-04-27,970,155,158
2017-04-27,971,142,144
2017-04-27,973,175,176
2017-04-27,974,183,184
2017-04-27,975,188,193
2017-04-27,976,133,134
2017-04-27,977,143,144
2017-04-27,978,153,155
2017-04-27,979,188,190
2017-04-27,980,419,425
2017-04-27,981,325,335
2017-04-27,982,,
2017-04-27,983,370,380
2017-04-27,986,,
2017-04-27,988,625,635
2017-04-27,989,,
2017-04-27,990,,
2017-04-27,991,213,223
2017-04-27,992,213,223
2017-04-27,993,337,338
2017-04-27,994,333,334
2017-04-27,995,346,348
2017-04-27,996,342,344
2017-04-27,999,488,490
2017-04-27,1000,,
2017-04-27,1001,158,176
2017-04-27,1002,198,200
2017-04-27,1003,275,277
2017-04-27,1004,385,388
2017-04-27,1005,408,411
2017-04-27,1006,,
2017-04-27,1007,,
2017-04-27,1008,200,205
2017-04-27,1009,155,160
2017-04-27,1010,215,220
2017-04-27,1011,180,185
2017-04-27,1012,160,170
2017-04-27,1013,100,105
2017-04-27,1014,102,104
2017-04-27,1015,125,130
2017-04-27,1016,107,109
2017-04-27,1017,1430,1450
2017-04-27,1018,1505,1510
2017-04-27,1020,,
2017-04-27,1021,156,158
2017-04-27,1022,735,740
2017-04-27,1023,705,710
2017-04-27,1024,142,143
2017-04-27,1025,140,143
2017-04-27,1026,189,192
2017-04-27,1027,182,191
2017-04-27,1028,360,390
2017-04-27,1029,325,330
2017-04-27,1030,320,340
2017-04-27,1033,280,290
2017-04-27,1034,265,280
2017-04-27,1035,195,210
2017-04-27,1036,128,130
2017-04-27,1037,107,110
2017-04-27,1038,60,70
2017-04-27,1039,120,130
2017-04-27,1040,,
2017-04-27,1041,,
2017-04-27,1050,30,33
2017-04-27,1051,37,45
2017-04-27,1052,,
2017-04-27,1053,,
2017-04-27,1054,,
2017-04-27,1055,,
2017-04-27,1056,,
2017-04-27,1057,,
2017-04-27,1058,,
2017-04-27,1059,,
2017-04-27,1086,,
2017-04-27,1087,,
2017-04-27,1088,,
2017-04-27,1089,,
2017-04-27,1122,,
2017-04-27,1123,168,170
2017-04-27,1124,173,175
2017-04-27,1126,,
2017-04-27,1136,219,222
2017-04-27,1137,184,186
2017-04-27,1138,182,185
2017-04-27,1139,206,209
2017-04-27,1140,192,195
2017-04-27,1141,,
2017-04-27,1145,,
2017-04-27,1156,92,107
2017-04-27,1157,97,112
2017-04-27,1158,,
2017-04-27,1164,,
2017-04-27,1165,,
2017-04-27,1172,210,213
2017-04-27,1173,195,200
2017-04-27,1174,188,193
2017-04-27,1175,178,183
2017-04-27,1183,,
2017-04-27,1184,,
2017-04-27,1192,57,67
2017-04-27,1230,425,426
2017-04-27,1231,,
2017-04-27,1234,,
2017-04-27,1252,645,655
2017-04-27,1261,,
2017-04-27,1262,,
2017-04-27,1263,,
2017-04-27,1264,,
2017-04-27,1265,,
2017-04-27,1266,,
2017-04-27,1267,,
2017-04-27,1268,,
2017-04-27,1269,,
2017-04-27,1270,,
2017-04-27,1271,,
2017-04-27,1272,,
2017-04-27,1273,,
2017-04-27,1274,,
2017-04-27,1275,,
2017-04-27,1276,,
2017-04-27,1277,,
2017-04-27,1278,,
2017-04-27,1279,,
2017-04-27,1280,,
2017-04-27,1281,,
2017-04-27,1282,,
2017-04-27,1283,,
2017-04-27,1284,,
2017-04-27,1285,,
2017-04-27,1287,0.8,1
2017-04-27,1288,0.65,0.75
2017-04-27,1289,0.8,0.95
2017-04-27,1290,1.7,2
2017-04-27,1291,1.5,1.6
2017-04-27,1292,1.6,1.7
2017-04-27,1294,340,365
2017-04-27,1295,330,370
2017-04-27,1296,186,188
2017-04-27,1297,97,107
2017-04-27,1298,102,112
2017-04-27,1299,1.9,2.3
2017-04-27,1302,200,202
2017-04-27,1304,1,1.1
2017-04-27,1305,1.2,1.25
2017-04-27,1306,1.4,1.5
2017-04-27,1307,0.7,0.77
2017-04-27,1308,178,180
2017-04-27,1309,180,182
2017-04-27,1310,184,186
2017-04-27,1311,185,186
2017-04-27,1312,,
2017-04-27,1313,11.45,11.8
2017-04-27,1314,10.7,11.25
2017-04-27,1315,10.15,10.65
2017-04-27,1316,9.5,10
2017-05-04,30,,
2017-05-04,31,,
2017-05-04,103,670,770
2017-05-04,104,710,810
2017-05-04,105,500,600
2017-05-04,106,490,590
2017-05-04,107,520,620
2017-05-04,108,430,530
2017-05-04,109,550,650
2017-05-04,155,1.05,1.1
2017-05-04,183,5.9,6.1
2017-05-04,184,6.1,7.1
2017-05-04,186,1.7,1.9
2017-05-04,190,,
2017-05-04,191,1.7,1.8
2017-05-04,192,1.75,1.85
2017-05-04,194,2.2,2.4
2017-05-04,195,2.2,2.4
2017-05-04,196,2.4,2.7
2017-05-04,197,1.55,1.75
2017-05-04,204,2,2.2
2017-05-04,206,1.9,2.2
2017-05-04,207,2.6,2.8
2017-05-04,210,1.95,2.3
2017-05-04,211,2.2,2.5
2017-05-04,239,2.8,3
2017-05-04,240,,
2017-05-04,241,,
2017-05-04,242,,
2017-05-04,243,,
2017-05-04,244,3,3.3
2017-05-04,245,3,4
2017-05-04,246,3.5,3.7
2017-05-04,247,0.55,0.65
2017-05-04,248,0.55,0.65
2017-05-04,249,0.7,0.85
2017-05-04,250,0.75,0.85
2017-05-04,251,0.8,0.9
2017-05-04,252,0.8,0.9
2017-05-04,254,0.55,0.65
2017-05-04,255,0.8,0.9
2017-05-04,256,1.2,1.5
2017-05-04,257,1.2,1.5
2017-05-04,258,1.2,1.5
2017-05-04,259,1.5,1.7
2017-05-04,260,1.6,1.75
2017-05-04,261,1.6,1.7
2017-05-04,263,1.5,1.7
2017-05-04,264,1.6,1.7
2017-05-04,267,0.75,0.85
2017-05-04,269,0.6,0.65
2017-05-04,272,1.5,1.6
2017-05-04,274,1.7,1.9
2017-05-04,275,1.7,1.9
2017-05-04,276,1.85,1.9
2017-05-04,277,2.05,2.2
2017-05-04,278,1.85,2
2017-05-04,279,1.7,1.9
2017-05-04,280,1.3,1.5
2017-05-04,282,1.2,1.4
2017-05-04,283,1.6,1.7
2017-05-04,284,1.5,1.6
2017-05-04,285,1.5,1.8
2017-05-04,286,1.7,1.9
2017-05-04,287,1.7,1.9
2017-05-04,288,1.5,1.6
2017-05-04,290,1.7,1.9
2017-05-04,291,8,15
2017-05-04,292,,
2017-05-04,293,,
2017-05-04,294,,
2017-05-04,295,,
2017-05-04,296,,
2017-05-04,297,,
2017-05-04,298,,
2017-05-04,299,,
2017-05-04,300,,
2017-05-04,301,,
2017-05-04,302,,
2017-05-04,305,,
2017-05-04,306,,
2017-05-04,307,,
2017-05-04,308,,
2017-05-04,309,,
2017-05-04,310,,
2017-05-04,311,,
2017-05-04,313,,
2017-05-04,314,,
2017-05-04,315,,
2017-05-04,316,,
2017-05-04,317,,
2017-05-04,318,,
2017-05-04,319,,
2017-05-04,321,,
2017-05-04,343,2.5,2.7
2017-05-04,345,2,2.2
2017-05-04,347,1.3,1.6
2017-05-04,349,5.2,5.6
2017-05-04,433,,
2017-05-04,434,3.3,3.5
2017-05-04,435,2.9,3.1
2017-05-04,455,3.5,3.9
2017-05-04,456,2.6,2.8
2017-05-04,457,2.9,3.1
2017-05-04,554,,
2017-05-04,561,,
2017-05-04,604,2.6,2.9
2017-05-04,716,1.9,2.1
2017-05-04,722,2.8,3
2017-05-04,727,2.4,2.6
2017-05-04,730,1.7,1.9
2017-05-04,731,5.2,5.6
2017-05-04,734,2.5,2.7
2017-05-04,896,,
2017-05-04,897,,
2017-05-04,907,2.2,2.4
2017-05-04,908,3.6,4
2017-05-04,918,5.6,6
2017-05-04,928,,
2017-05-04,929,,
2017-05-04,933,172,174
2017-05-04,934,423,426
2017-05-04,935,,
2017-05-04,936,264,266
2017-05-04,937,271,275
2017-05-04,938,,
2017-05-04,939,183,186
2017-05-04,940,,
2017-05-04,941,186,189
2017-05-04,942,,
2017-05-04,943,,
2017-05-04,948,,
2017-05-04,954,,
2017-05-04,958,171,173
2017-05-04,959,,
2017-05-04,960,182,194
2017-05-04,962,365,385
2017-05-04,963,425,445
2017-05-04,964,470,490
2017-05-04,965,480,500
2017-05-04,966,344,350
2017-05-04,967,410,421
2017-05-04,968,135,136
2017-05-04,969,143,144
2017-05-04,970,152,155
2017-05-04,971,137,139
2017-05-04,973,175,176
2017-05-04,974,183,184
2017-05-04,975,185,190
2017-05-04,976,133,134
2017-05-04,977,138,139
2017-05-04,978,148,150
2017-05-04,979,188,190
2017-05-04,980,419,425
2017-05-04,981,325,335
2017-05-04,982,,
2017-05-04,983,370,380
2017-05-04,986,,
2017-05-04,988,625,635
2017-05-04,989,,
2017-05-04,990,,
2017-05-04,991,213,223
2017-05-04,992,213,223
2017-05-04,993,339,340
2017-05-04,994,335,336
2017-05-04,995,348,350
2017-05-04,996,344,346
2017-05-04,999,493,495
2017-05-04,1000,,
2017-05-04,1001,160,178
2017-05-04,1002,198,200
2017-05-04,1003,275,277
2017-05-04,1004,389,392
2017-05-04,1005,408,411
2017-05-04,1006,,
2017-05-04,1007,,
2017-05-04,1008,200,205
2017-05-04,1009,155,160
2017-05-04,1010,215,220
2017-05-04,1011,180,185
2017-05-04,1012,160,170
2017-05-04,1013,100,105
2017-05-04,1014,102,104
2017-05-04,1015,125,130
2017-05-04,1016,107,109
2017-05-04,1017,1420,1440
2017-05-04,1018,1505,1510
2017-05-04,1020,,
2017-05-04,1021,156,158
2017-05-04,1022,735,740
2017-05-04,1023,705,710
2017-05-04,1024,142,143
2017-05-04,1025,140,143
2017-05-04,1026,192,195
2017-05-04,1027,182,191
2017-05-04,1028,350,380
2017-05-04,1029,325,330
2017-05-04,1030,315,335
2017-05-04,1033,280,290
2017-05-04,1034,265,280
2017-05-04,1035,195,210
2017-05-04,1036,128,130
2017-05-04,1037,107,110
2017-05-04,1038,60,70
2017-05-04,1039,,
2017-05-04,1040,,
2017-05-04,1041,,
2017-05-04,1050,30,33
2017-05-04,1051,37,45
2017-05-04,1052,,
2017-05-04,1053,,
2017-05-04,1054,,
2017-05-04,1055,,
2017-05-04,1056,,
2017-05-04,1057,,
2017-05-04,1058,,
2017-05-04,1059,,
2017-05-04,1086,,
2017-05-04,1087,,
2017-05-04,1088,,
2017-05-04,1089,,
2017-05-04,1122,,
2017-05-04,1123,168,170
2017-05-04,1124,173,175
2017-05-04,1126,,
2017-05-04,1136,219,222
2017-05-04,1137,184,186
2017-05-04,1138,182,185
2017-05-04,1139,206,209
2017-05-04,1140,192,195
2017-05-04,1141,,
2017-05-04,1145,,
2017-05-04,1156,92,107
2017-05-04,1157,97,112
2017-05-04,1158,,
2017-05-04,1164,,
2017-05-04,1165,,
2017-05-04,1172,210,213
2017-05-04,1173,195,200
2017-05-04,1174,188,193
2017-05-04,1175,178,183
2017-05-04,1183,,
2017-05-04,1184,,
2017-05-04,1192,57,67
2017-05-04,1230,430,431
2017-05-04,1231,,
2017-05-04,1234,,
2017-05-04,1252,645,655
2017-05-04,1261,,
2017-05-04,1262,,
2017-05-04,1263,,
2017-05-04,1264,,
2017-05-04,1265,,
2017-05-04,1266,,
2017-05-04,1267,,
2017-05-04,1268,,
2017-05-04,1269,,
2017-05-04,1270,,
2017-05-04,1271,,
2017-05-04,1272,,
2017-05-04,1273,,
2017-05-04,1274,,
2017-05-04,1275,,
2017-05-04,1276,,
2017-05-04,1277,,
2017-05-04,1278,,
2017-05-04,1279,,
2017-05-04,1280,,
2017-05-04,1281,,
2017-05-04,1282,,
2017-05-04,1283,,
2017-05-04,1284,,
2017-05-04,1285,,
2017-05-04,1287,0.8,1
2017-05-04,1288,0.65,0.75
2017-05-04,1289,0.8,0.95
2017-05-04,1290,1.7,2
2017-05-04,1291,1.5,1.6
2017-05-04,1292,1.6,1.7
2017-05-04,1294,335,365
2017-05-04,1295,330,365
2017-05-04,1296,186,188
2017-05-04,1297,97,107
2017-05-04,1298,102,112
2017-05-04,1299,1.9,2.3
2017-05-04,1302,200,202
2017-05-04,1304,1,1.1
2017-05-04,1305,1.2,1.25
2017-05-04,1306,1.4,1.5
2017-05-04,1307,0.7,0.77
2017-05-04,1308,178,180
2017-05-04,1309,180,182
2017-05-04,1310,184,186
2017-05-04,1311,185,186
2017-05-04,1312,,
2017-05-04,1313,11.55,11.9
2017-05-04,1314,10.7,11.25
2017-05-04,1315,10.15,10.65
2017-05-04,1316,9.5,9.95
2017-05-18,30,,
2017-05-18,31,,280
2017-05-18,103,670,770
2017-05-18,104,710,810
2017-05-18,105,500,600
2017-05-18,106,490,590
2017-05-18,107,520,620
2017-05-18,108,430,530
2017-05-18,109,550,650
2017-05-18,183,5.9,6.1
2017-05-18,184,6.1,7.1
2017-05-18,186,1.7,1.9
2017-05-18,190,,
2017-05-18,191,1.7,1.8
2017-05-18,192,1.75,1.85
2017-05-18,194,2.2,2.4
2017-05-18,195,2.2,2.4
2017-05-18,196,2.4,2.7
2017-05-18,197,,
2017-05-18,204,2.1,2.3
2017-05-18,206,2.3,2.6
2017-05-18,210,1.95,2.3
2017-05-18,211,2.2,2.5
2017-05-18,239,2.8,3
2017-05-18,240,,
2017-05-18,241,,
2017-05-18,242,,
2017-05-18,243,,
2017-05-18,244,3,3.3
2017-05-18,245,3,4
2017-05-18,246,3.5,3.7
2017-05-18,247,0.55,0.65
2017-05-18,248,0.55,0.65
2017-05-18,249,0.7,0.85
2017-05-18,250,0.75,0.85
2017-05-18,251,0.8,0.9
2017-05-18,252,0.8,0.9
2017-05-18,254,0.55,0.65
2017-05-18,255,0.8,0.9
2017-05-18,256,1.2,1.5
2017-05-18,257,1.2,1.5
2017-05-18,258,1.2,1.5
2017-05-18,259,1.5,1.7
2017-05-18,260,1.6,1.75
2017-05-18,261,1.6,1.7
2017-05-18,263,1.5,1.7
2017-05-18,264,1.6,1.7
2017-05-18,267,0.75,0.85
2017-05-18,269,0.6,0.65
2017-05-18,272,1.5,1.6
2017-05-18,274,1.7,1.9
2017-05-18,275,1.7,1.9
2017-05-18,276,1.85,1.9
2017-05-18,277,2.05,2.2
2017-05-18,278,1.85,2
2017-05-18,279,1.7,1.9
2017-05-18,280,1.3,1.5
2017-05-18,282,1.2,1.4
2017-05-18,283,1.6,1.7
2017-05-18,284,1.5,1.6
2017-05-18,285,1.5,1.8
2017-05-18,286,1.7,1.9
2017-05-18,287,1.7,1.9
2017-05-18,288,1.5,1.6
2017-05-18,290,1.7,1.9
2017-05-18,291,8,15
2017-05-18,292,,
2017-05-18,293,,
2017-05-18,294,,
2017-05-18,295,,
2017-05-18,296,,
2017-05-18,297,,
2017-05-18,298,,
2017-05-18,299,,
2017-05-18,300,,
2017-05-18,301,,
2017-05-18,302,,
2017-05-18,305,,
2017-05-18,306,,
2017-05-18,307,,
2017-05-18,308,,
2017-05-18,309,,
2017-05-18,310,,
2017-05-18,311,,
2017-05-18,313,,
2017-05-18,314,,
2017-05-18,315,,
2017-05-18,316,,
2017-05-18,317,,
2017-05-18,318,,
2017-05-18,319,,
2017-05-18,321,,
2017-05-18,343,2.8,3
2017-05-18,345,2.2,2.4
2017-05-18,347,1.5,1.8
2017-05-18,349,5.2,5.6
2017-05-18,373,2.5,2.7
2017-05-18,433,,
2017-05-18,434,3.3,3.5
2017-05-18,435,2.9,3.1
2017-05-18,455,3.3,3.7
2017-05-18,456,2.4,2.6
2017-05-18,457,2.7,2.9
2017-05-18,561,,
2017-05-18,604,2.6,2.9
2017-05-18,621,1.6,1.8
2017-05-18,716,1.9,2.1
2017-05-18,727,2.4,2.6
2017-05-18,730,1.7,1.9
2017-05-18,731,5.2,5.6
2017-05-18,734,2.6,2.8
2017-05-18,896,,
2017-05-18,897,,
2017-05-18,907,2.2,2.4
2017-05-18,908,3.4,3.8
2017-05-18,918,5.6,6
2017-05-18,922,,
2017-05-18,923,,
2017-05-18,924,,
2017-05-18,928,,
2017-05-18,929,,
2017-05-18,933,172,174
2017-05-18,934,427,430
2017-05-18,935,,
2017-05-18,936,264,266
2017-05-18,937,271,275
2017-05-18,938,,
2017-05-18,939,183,186
2017-05-18,940,,
2017-05-18,941,186,189
2017-05-18,942,,
2017-05-18,943,,
2017-05-18,948,,
2017-05-18,954,,
2017-05-18,958,171,173
2017-05-18,959,,187
2017-05-18,960,185,193
2017-05-18,962,365,385
2017-05-18,963,425,445
2017-05-18,964,470,490
2017-05-18,965,480,500
2017-05-18,966,349,355
2017-05-18,967,415,426
2017-05-18,968,114,115
2017-05-18,969,122,123
2017-05-18,970,137,140
2017-05-18,971,115,117
2017-05-18,973,154,155
2017-05-18,974,162,163
2017-05-18,975,170,175
2017-05-18,976,112,113
2017-05-18,977,116,117
2017-05-18,978,128,130
2017-05-18,979,188,190
2017-05-18,980,419,425
2017-05-18,981,325,335
2017-05-18,982,,
2017-05-18,983,375,385
2017-05-18,986,,
2017-05-18,988,625,635
2017-05-18,989,,
2017-05-18,990,,
2017-05-18,991,209,219
2017-05-18,992,209,219
2017-05-18,993,329,330
2017-05-18,994,325,326
2017-05-18,995,334,336
2017-05-18,996,332,334
2017-05-18,999,485,487
2017-05-18,1000,,
2017-05-18,1001,165,183
2017-05-18,1002,194,196
2017-05-18,1003,277,279
2017-05-18,1004,381,384
2017-05-18,1005,405,408
2017-05-18,1006,,
2017-05-18,1007,,
2017-05-18,1008,195,200
2017-05-18,1009,155,160
2017-05-18,1010,215,220
2017-05-18,1011,175,180
2017-05-18,1012,160,170
2017-05-18,1013,100,105
2017-05-18,1014,102,104
2017-05-18,1015,120,125
2017-05-18,1016,107,109
2017-05-18,1017,1400,1420
2017-05-18,1018,1495,1500
2017-05-18,1020,,
2017-05-18,1021,156,158
2017-05-18,1022,730,735
2017-05-18,1023,700,705
2017-05-18,1024,142,143
2017-05-18,1025,140,143
2017-05-18,1026,195,198
2017-05-18,1027,182,191
2017-05-18,1028,350,380
2017-05-18,1029,330,335
2017-05-18,1030,315,335
2017-05-18,1033,280,290
2017-05-18,1034,265,280
2017-05-18,1035,195,210
2017-05-18,1036,128,130
2017-05-18,1037,107,110
2017-05-18,1038,60,70
2017-05-18,1039,,
2017-05-18,1040,55,60
2017-05-18,1041,65,70
2017-05-18,1044,,
2017-05-18,1045,,
2017-05-18,1046,,
2017-05-18,1047,,
2017-05-18,1050,30,33
2017-05-18,1051,37,45
2017-05-18,1052,,
2017-05-18,1053,,
2017-05-18,1054,,
2017-05-18,1055,,
2017-05-18,1056,,
2017-05-18,1057,,
2017-05-18,1058,,
2017-05-18,1059,,
2017-05-18,1086,,
2017-05-18,1087,,
2017-05-18,1088,,
2017-05-18,1089,,
2017-05-18,1122,,
2017-05-18,1123,168,170
2017-05-18,1124,173,175
2017-05-18,1126,,
2017-05-18,1136,219,222
2017-05-18,1137,184,186
2017-05-18,1138,182,185
2017-05-18,1139,206,209
2017-05-18,1140,192,195
2017-05-18,1141,,
2017-05-18,1145,,
2017-05-18,1164,,
2017-05-18,1165,,
2017-05-18,1172,210,213
2017-05-18,1173,195,200
2017-05-18,1174,188,193
2017-05-18,1175,178,183
2017-05-18,1183,,
2017-05-18,1184,,
2017-05-18,1230,424,425
2017-05-18,1231,,
2017-05-18,1234,,
2017-05-18,1252,645,655
2017-05-18,1261,,
2017-05-18,1262,,
2017-05-18,1263,,
2017-05-18,1264,,
2017-05-18,1265,,
2017-05-18,1266,,
2017-05-18,1267,,
2017-05-18,1268,,
2017-05-18,1269,,
2017-05-18,1270,,
2017-05-18,1271,,
2017-05-18,1272,,
2017-05-18,1273,,
2017-05-18,1274,,
2017-05-18,1275,,
2017-05-18,1276,,
2017-05-18,1277,,
2017-05-18,1278,,
2017-05-18,1279,,
2017-05-18,1280,,
2017-05-18,1281,,
2017-05-18,1282,,
2017-05-18,1283,,
2017-05-18,1284,,
2017-05-18,1285,,
2017-05-18,1287,0.8,1
2017-05-18,1288,0.65,0.75
2017-05-18,1289,0.8,0.95
2017-05-18,1290,1.7,2
2017-05-18,1291,1.5,1.6
2017-05-18,1292,1.6,1.7
2017-05-18,1294,335,365
2017-05-18,1295,330,365
2017-05-18,1296,186,188
2017-05-18,1299,1.9,2.3
2017-05-18,1302,200,202
2017-05-18,1307,0.7,0.77
2017-05-18,1308,178,180
2017-05-18,1309,180,182
2017-05-18,1310,184,186
2017-05-18,1311,185,186
2017-05-18,1312,,
2017-05-18,1313,11.55,11.9
2017-05-18,1314,10.7,11.25
2017-05-18,1315,10.15,10.65
2017-05-18,1316,9.5,9.9
2017-05-18,1317,,
2017-05-18,1318,,
2017-05-25,30,,
2017-05-25,31,,280
2017-05-25,103,650,750
2017-05-25,104,710,810
2017-05-25,105,500,600
2017-05-25,106,490,590
2017-05-25,107,520,620
2017-05-25,108,410,510
2017-05-25,109,550,650
2017-05-25,183,5.9,6.1
2017-05-25,184,6.1,7.1
2017-05-25,186,1.7,1.9
2017-05-25,190,,
2017-05-25,191,1.7,1.8
2017-05-25,192,1.75,1.85
2017-05-25,194,2.2,2.4
2017-05-25,195,2.2,2.4
2017-05-25,196,2.4,2.7
2017-05-25,197,,
2017-05-25,204,2.1,2.3
2017-05-25,206,2.3,2.6
2017-05-25,210,1.95,2.3
2017-05-25,211,2.2,2.5
2017-05-25,239,2.8,3
2017-05-25,240,,
2017-05-25,241,,
2017-05-25,242,,
2017-05-25,243,,
2017-05-25,244,3,3.3
2017-05-25,245,3,4
2017-05-25,246,3.5,3.7
2017-05-25,247,0.55,0.65
2017-05-25,248,0.55,0.65
2017-05-25,249,0.7,0.85
2017-05-25,250,0.75,0.85
2017-05-25,251,0.8,0.9
2017-05-25,252,0.8,0.9
2017-05-25,254,0.55,0.65
2017-05-25,255,0.8,0.9
2017-05-25,256,1.2,1.5
2017-05-25,257,1.2,1.5
2017-05-25,258,1.2,1.5
2017-05-25,259,1.5,1.7
2017-05-25,260,1.6,1.75
2017-05-25,261,1.6,1.7
2017-05-25,263,1.5,1.7
2017-05-25,264,1.6,1.7
2017-05-25,267,0.75,0.85
2017-05-25,269,0.6,0.65
2017-05-25,272,1.5,1.6
2017-05-25,274,1.7,1.9
2017-05-25,275,1.7,1.9
2017-05-25,276,1.85,1.9
2017-05-25,277,2.05,2.2
2017-05-25,278,1.85,2
2017-05-25,279,1.7,1.9
2017-05-25,280,1.3,1.5
2017-05-25,282,1.2,1.4
2017-05-25,283,1.6,1.7
2017-05-25,284,1.5,1.6
2017-05-25,285,1.5,1.8
2017-05-25,286,1.7,1.9
2017-05-25,287,1.7,1.9
2017-05-25,288,1.5,1.6
2017-05-25,290,1.7,1.9
2017-05-25,291,8,15
2017-05-25,292,,
2017-05-25,293,,
2017-05-25,294,,
2017-05-25,295,,
2017-05-25,296,,
2017-05-25,297,,
2017-05-25,298,,
2017-05-25,299,,
2017-05-25,300,,
2017-05-25,301,,
2017-05-25,302,,
2017-05-25,305,,
2017-05-25,306,,
2017-05-25,307,,
2017-05-25,308,,
2017-05-25,309,,
2017-05-25,310,,
2017-05-25,311,,
2017-05-25,313,,
2017-05-25,314,,
2017-05-25,315,,
2017-05-25,316,,
2017-05-25,317,,
2017-05-25,318,,
2017-05-25,319,,
2017-05-25,321,,
2017-05-25,343,2.8,3
2017-05-25,345,2.2,2.4
2017-05-25,347,1.5,1.8
2017-05-25,349,5.2,5.6
2017-05-25,373,2.5,2.7
2017-05-25,433,,
2017-05-25,434,3.3,3.5
2017-05-25,435,2.9,3.1
2017-05-25,455,3.3,3.7
2017-05-25,456,2.4,2.6
2017-05-25,457,2.7,2.9
2017-05-25,561,,
2017-05-25,604,2.6,2.9
2017-05-25,621,1.6,1.8
2017-05-25,716,1.9,2.1
2017-05-25,727,2.4,2.6
2017-05-25,730,1.7,1.9
2017-05-25,731,5.2,5.6
2017-05-25,734,2.6,2.8
2017-05-25,896,,
2017-05-25,897,,
2017-05-25,907,2.2,2.4
2017-05-25,908,3.4,3.8
2017-05-25,918,5.6,6
2017-05-25,922,0.52,0.62
2017-05-25,923,0.52,0.62
2017-05-25,924,0.67,0.77
2017-05-25,928,,
2017-05-25,929,,
2017-05-25,933,172,174
2017-05-25,934,427,430
2017-05-25,935,,
2017-05-25,936,259,261
2017-05-25,937,261,265
2017-05-25,938,,
2017-05-25,939,183,186
2017-05-25,940,,
2017-05-25,941,186,189
2017-05-25,942,,
2017-05-25,943,,
2017-05-25,948,,
2017-05-25,954,,
2017-05-25,958,170,172
2017-05-25,959,,187
2017-05-25,960,183,191
2017-05-25,962,365,385
2017-05-25,963,425,445
2017-05-25,964,470,490
2017-05-25,965,480,500
2017-05-25,966,349,355
2017-05-25,967,415,426
2017-05-25,968,109,110
2017-05-25,969,117,118
2017-05-25,970,134,137
2017-05-25,971,108,110
2017-05-25,973,149,150
2017-05-25,974,157,158
2017-05-25,975,167,172
2017-05-25,976,107,108
2017-05-25,977,109,110
2017-05-25,978,118,120
2017-05-25,979,188,190
2017-05-25,980,419,425
2017-05-25,981,325,335
2017-05-25,982,,
2017-05-25,983,385,395
2017-05-25,986,,
2017-05-25,988,625,635
2017-05-25,989,,
2017-05-25,990,,
2017-05-25,991,209,219
2017-05-25,992,209,219
2017-05-25,993,327,328
2017-05-25,994,323,324
2017-05-25,995,332,334
2017-05-25,996,330,332
2017-05-25,999,485,487
2017-05-25,1000,,
2017-05-25,1001,165,183
2017-05-25,1002,192,194
2017-05-25,1003,277,279
2017-05-25,1004,376,379
2017-05-25,1005,402,405
2017-05-25,1006,,
2017-05-25,1007,,
2017-05-25,1008,195,200
2017-05-25,1009,155,160
2017-05-25,1010,215,220
2017-05-25,1011,175,180
2017-05-25,1012,160,170
2017-05-25,1013,100,105
2017-05-25,1014,102,104
2017-05-25,1015,120,125
2017-05-25,1016,107,109
2017-05-25,1017,1390,1410
2017-05-25,1018,1485,1490
2017-05-25,1020,,
2017-05-25,1021,154,156
2017-05-25,1022,720,725
2017-05-25,1023,690,695
2017-05-25,1024,142,143
2017-05-25,1025,140,143
2017-05-25,1026,185,188
2017-05-25,1027,182,191
2017-05-25,1028,350,380
2017-05-25,1029,330,335
2017-05-25,1030,305,325
2017-05-25,1033,275,285
2017-05-25,1034,260,275
2017-05-25,1035,190,205
2017-05-25,1036,128,130
2017-05-25,1037,107,110
2017-05-25,1038,60,70
2017-05-25,1039,,
2017-05-25,1040,55,60
2017-05-25,1041,65,70
2017-05-25,1044,,
2017-05-25,1045,,
2017-05-25,1046,,
2017-05-25,1047,,
2017-05-25,1050,30,33
2017-05-25,1051,37,45
2017-05-25,1052,,
2017-05-25,1053,,
2017-05-25,1054,,
2017-05-25,1055,,
2017-05-25,1056,,
2017-05-25,1057,,
2017-05-25,1058,,
2017-05-25,1059,,
2017-05-25,1086,,
2017-05-25,1087,,
2017-05-25,1088,,
2017-05-25,1089,,
2017-05-25,1122,,
2017-05-25,1123,,
2017-05-25,1124,,
2017-05-25,1126,,
2017-05-25,1136,219,222
2017-05-25,1137,184,186
2017-05-25,1138,182,185
2017-05-25,1139,206,209
2017-05-25,1140,192,195
2017-05-25,1141,,
2017-05-25,1145,,
2017-05-25,1164,,
2017-05-25,1165,,
2017-05-25,1172,210,213
2017-05-25,1173,195,200
2017-05-25,1174,188,193
2017-05-25,1175,178,183
2017-05-25,1183,,
2017-05-25,1184,,
2017-05-25,1230,424,425
2017-05-25,1231,,
2017-05-25,1234,,
2017-05-25,1252,645,655
2017-05-25,1261,,
2017-05-25,1262,,
2017-05-25,1263,,
2017-05-25,1264,,
2017-05-25,1265,,
2017-05-25,1266,,
2017-05-25,1267,,
2017-05-25,1268,,
2017-05-25,1269,,
2017-05-25,1270,,
2017-05-25,1271,,
2017-05-25,1272,,
2017-05-25,1273,,
2017-05-25,1274,,
2017-05-25,1275,,
2017-05-25,1276,,
2017-05-25,1277,,
2017-05-25,1278,,
2017-05-25,1279,,
2017-05-25,1280,,
2017-05-25,1281,,
2017-05-25,1282,,
2017-05-25,1283,,
2017-05-25,1284,,
2017-05-25,1285,,
2017-05-25,1287,0.8,1
2017-05-25,1288,0.65,0.75
2017-05-25,1289,0.8,0.95
2017-05-25,1290,1.7,2
2017-05-25,1291,1.5,1.6
2017-05-25,1292,1.6,1.7
2017-05-25,1294,325,365
2017-05-25,1295,330,365
2017-05-25,1296,186,188
2017-05-25,1299,1.9,2.3
2017-05-25,1302,200,202
2017-05-25,1307,,
2017-05-25,1308,178,180
2017-05-25,1309,180,182
2017-05-25,1310,184,186
2017-05-25,1311,185,186
2017-05-25,1312,,
2017-05-25,1313,11.6,11.95
2017-05-25,1314,10.75,11.3
2017-05-25,1315,10.15,10.65
2017-05-25,1316,9.5,9.9
2017-05-25,1317,,
2017-05-25,1318,,
2017-06-08,30,,
2017-06-08,31,,
2017-06-08,103,640,740
2017-06-08,104,690,790
2017-06-08,105,500,600
2017-06-08,106,490,590
2017-06-08,107,520,620
2017-06-08,108,410,510
2017-06-08,109,550,650
2017-06-08,183,5.9,6.1
2017-06-08,184,6.1,7.1
2017-06-08,186,1.6,1.8
2017-06-08,190,,
2017-06-08,191,1.7,1.8
2017-06-08,192,1.75,1.85
2017-06-08,194,2.2,2.4
2017-06-08,195,2.2,2.4
2017-06-08,196,2.4,2.7
2017-06-08,197,,
2017-06-08,204,2.1,2.3
2017-06-08,206,2.2,2.5
2017-06-08,210,1.95,2.3
2017-06-08,211,2.2,2.5
2017-06-08,239,2.8,3
2017-06-08,240,,
2017-06-08,241,,
2017-06-08,242,,
2017-06-08,243,,
2017-06-08,244,3,3.3
2017-06-08,245,3,4
2017-06-08,246,3.5,3.7
2017-06-08,247,0.55,0.65
2017-06-08,248,0.55,0.65
2017-06-08,249,0.7,0.85
2017-06-08,250,0.75,0.85
2017-06-08,251,0.8,0.9
2017-06-08,252,0.8,0.9
2017-06-08,254,0.55,0.65
2017-06-08,255,0.8,0.9
2017-06-08,256,1.2,1.5
2017-06-08,257,1.2,1.5
2017-06-08,258,1.2,1.5
2017-06-08,259,1.5,1.7
2017-06-08,260,1.6,1.75
2017-06-08,261,1.6,1.7
2017-06-08,263,1.5,1.7
2017-06-08,264,1.6,1.7
2017-06-08,267,0.75,0.85
2017-06-08,269,0.6,0.65
2017-06-08,272,1.5,1.6
2017-06-08,274,1.7,1.9
2017-06-08,275,1.7,1.9
2017-06-08,276,1.85,1.9
2017-06-08,277,2.05,2.2
2017-06-08,278,1.85,2
2017-06-08,279,1.7,1.9
2017-06-08,280,1.3,1.5
2017-06-08,282,1.2,1.4
2017-06-08,283,1.6,1.7
2017-06-08,284,1.5,1.6
2017-06-08,285,1.5,1.8
2017-06-08,286,1.7,1.9
2017-06-08,287,1.7,1.9
2017-06-08,288,1.5,1.6
2017-06-08,290,1.7,1.9
2017-06-08,291,8,15
2017-06-08,292,,
2017-06-08,293,,
2017-06-08,294,,
2017-06-08,295,,
2017-06-08,296,,
2017-06-08,297,,
2017-06-08,298,,
2017-06-08,299,,
2017-06-08,300,,
2017-06-08,301,,
2017-06-08,302,,
2017-06-08,305,,
2017-06-08,306,,
2017-06-08,307,,
2017-06-08,308,,
2017-06-08,309,,
2017-06-08,310,,
2017-06-08,311,,
2017-06-08,313,,
2017-06-08,314,,
2017-06-08,315,,
2017-06-08,316,,
2017-06-08,317,,
2017-06-08,318,,
2017-06-08,319,,
2017-06-08,321,,
2017-06-08,373,2.2,2.4
2017-06-08,400,,
2017-06-08,402,,
2017-06-08,433,,
2017-06-08,434,2.9,3.1
2017-06-08,435,2.8,3
2017-06-08,455,3,3.4
2017-06-08,456,2.1,2.3
2017-06-08,457,2.3,2.5
2017-06-08,561,,
2017-06-08,604,,
2017-06-08,621,1.5,1.7
2017-06-08,651,,
2017-06-08,716,1.9,2.1
2017-06-08,727,,
2017-06-08,749,,
2017-06-08,770,0.35,0.4
2017-06-08,771,0.15,0.2
2017-06-08,896,,
2017-06-08,897,,
2017-06-08,907,2.2,2.4
2017-06-08,908,3.1,3.5
2017-06-08,928,,
2017-06-08,929,,
2017-06-08,933,172,174
2017-06-08,934,417,420
2017-06-08,935,,
2017-06-08,936,259,261
2017-06-08,937,261,265
2017-06-08,938,,
2017-06-08,939,183,186
2017-06-08,940,,
2017-06-08,941,186,189
2017-06-08,942,,
2017-06-08,943,,
2017-06-08,948,,
2017-06-08,954,,
2017-06-08,958,170,172
2017-06-08,959,,187
2017-06-08,960,183,192
2017-06-08,962,365,385
2017-06-08,963,425,445
2017-06-08,964,470,490
2017-06-08,965,480,500
2017-06-08,966,349,355
2017-06-08,967,415,426
2017-06-08,968,107,108
2017-06-08,969,115,116
2017-06-08,970,134,137
2017-06-08,971,108,110
2017-06-08,973,147,148
2017-06-08,974,155,156
2017-06-08,975,167,172
2017-06-08,976,105,106
2017-06-08,977,109,110
2017-06-08,978,118,120
2017-06-08,979,188,190
2017-06-08,980,,
2017-06-08,981,,
2017-06-08,982,,
2017-06-08,983,385,395
2017-06-08,986,,
2017-06-08,988,625,635
2017-06-08,989,,
2017-06-08,990,,
2017-06-08,991,209,219
2017-06-08,992,209,219
2017-06-08,993,327,328
2017-06-08,994,323,324
2017-06-08,995,332,334
2017-06-08,996,330,332
2017-06-08,999,485,487
2017-06-08,1000,,
2017-06-08,1001,162,183
2017-06-08,1002,190,192
2017-06-08,1003,282,284
2017-06-08,1004,368,371
2017-06-08,1005,395,398
2017-06-08,1007,,
2017-06-08,1008,195,200
2017-06-08,1009,155,160
2017-06-08,1010,215,220
2017-06-08,1011,175,180
2017-06-08,1012,160,170
2017-06-08,1013,100,105
2017-06-08,1014,102,104
2017-06-08,1015,120,125
2017-06-08,1016,107,109
2017-06-08,1017,1380,1400
2017-06-08,1018,1475,1480
2017-06-08,1021,154,156
2017-06-08,1022,705,710
2017-06-08,1023,675,680
2017-06-08,1024,142,143
2017-06-08,1025,140,143
2017-06-08,1026,169,172
2017-06-08,1027,182,191
2017-06-08,1028,345,360
2017-06-08,1029,335,340
2017-06-08,1030,300,320
2017-06-08,1033,265,275
2017-06-08,1034,250,265
2017-06-08,1035,180,195
2017-06-08,1036,128,130
2017-06-08,1037,107,110
2017-06-08,1038,60,70
2017-06-08,1039,,
2017-06-08,1040,55,60
2017-06-08,1041,65,70
2017-06-08,1042,,
2017-06-08,1043,,
2017-06-08,1044,,
2017-06-08,1045,,
2017-06-08,1046,,
2017-06-08,1047,,
2017-06-08,1048,,
2017-06-08,1050,,
2017-06-08,1051,,
2017-06-08,1058,,
2017-06-08,1059,,
2017-06-08,1086,,
2017-06-08,1087,,
2017-06-08,1088,,
2017-06-08,1089,,
2017-06-08,1094,,
2017-06-08,1095,0.35,0.4
2017-06-08,1111,,
2017-06-08,1112,,
2017-06-08,1113,,
2017-06-08,1114,,
2017-06-08,1115,0.35,0.4
2017-06-08,1122,,
2017-06-08,1123,,
2017-06-08,1124,,
2017-06-08,1126,,
2017-06-08,1136,,
2017-06-08,1137,,
2017-06-08,1138,,
2017-06-08,1139,,
2017-06-08,1140,,
2017-06-08,1141,,
2017-06-08,1145,,
2017-06-08,1164,,
2017-06-08,1165,,
2017-06-08,1172,210,213
2017-06-08,1173,195,200
2017-06-08,1174,188,193
2017-06-08,1175,178,183
2017-06-08,1183,,
2017-06-08,1184,,
2017-06-08,1230,424,425
2017-06-08,1231,,
2017-06-08,1252,645,655
2017-06-08,1261,,
2017-06-08,1262,,
2017-06-08,1263,,
2017-06-08,1264,,
2017-06-08,1265,,
2017-06-08,1266,,
2017-06-08,1267,,
2017-06-08,1268,,
2017-06-08,1269,,
2017-06-08,1270,,
2017-06-08,1271,,
2017-06-08,1272,,
2017-06-08,1273,,
2017-06-08,1274,,
2017-06-08,1275,,
2017-06-08,1276,,
2017-06-08,1277,,
2017-06-08,1278,,
2017-06-08,1279,,
2017-06-08,1280,,
2017-06-08,1281,,
2017-06-08,1282,,
2017-06-08,1283,,
2017-06-08,1284,,
2017-06-08,1285,,
2017-06-08,1287,0.8,1
2017-06-08,1288,0.65,0.75
2017-06-08,1289,0.8,0.95
2017-06-08,1290,1.7,2
2017-06-08,1291,1.5,1.6
2017-06-08,1292,1.6,1.7
2017-06-08,1294,320,355
2017-06-08,1295,330,355
2017-06-08,1296,186,188
2017-06-08,1299,2.2,2.6
2017-06-08,1302,201,203
2017-06-08,1308,179,181
2017-06-08,1309,181,183
2017-06-08,1310,184,186
2017-06-08,1311,186,187
2017-06-08,1312,,
2017-06-08,1313,11.6,11.95
2017-06-08,1314,10.75,11.3
2017-06-08,1315,10.15,10.65
2017-06-08,1316,9.5,9.9
2017-06-08,1319,220,235
2017-06-08,1320,235,240
2017-06-08,1321,,
2017-06-08,1322,,
2017-06-08,1323,,
2017-06-08,1324,,
2017-06-08,1325,,
2017-06-08,1326,,
2017-06-08,1327,,
2017-06-08,1328,0.35,0.4
2017-06-08,1329,0.45,0.57
2017-06-08,1330,0.09,0.13
2017-06-08,1331,0.15,0.2
2017-06-08,1332,2.3,2.5
2017-06-15,30,,
2017-06-15,31,,
2017-06-15,103,640,740
2017-06-15,104,690,790
2017-06-15,105,500,600
2017-06-15,106,490,590
2017-06-15,107,520,620
2017-06-15,108,410,510
2017-06-15,109,550,650
2017-06-15,183,5.9,6.1
2017-06-15,184,6.1,7.1
2017-06-15,186,1.6,1.8
2017-06-15,190,,
2017-06-15,191,1.7,1.8
2017-06-15,192,1.75,1.85
2017-06-15,194,2.2,2.4
2017-06-15,195,2.2,2.4
2017-06-15,196,2.4,2.7
2017-06-15,197,,
2017-06-15,204,2.1,2.3
2017-06-15,206,2.2,2.5
2017-06-15,210,1.95,2.3
2017-06-15,211,2.2,2.5
2017-06-15,239,2.8,3
2017-06-15,240,,
2017-06-15,241,,
2017-06-15,242,,
2017-06-15,243,,
2017-06-15,244,3,3.3
2017-06-15,245,3,4
2017-06-15,246,3.5,3.7
2017-06-15,247,0.55,0.65
2017-06-15,248,0.55,0.65
2017-06-15,249,0.7,0.85
2017-06-15,250,0.75,0.85
2017-06-15,251,0.8,0.9
2017-06-15,252,0.8,0.9
2017-06-15,254,0.55,0.65
2017-06-15,255,0.8,0.9
2017-06-15,256,1.2,1.5
2017-06-15,257,1.2,1.5
2017-06-15,258,1.2,1.5
2017-06-15,259,1.5,1.7
2017-06-15,260,1.6,1.75
2017-06-15,261,1.6,1.7
2017-06-15,263,1.5,1.7
2017-06-15,264,1.6,1.7
2017-06-15,267,0.75,0.85
2017-06-15,269,0.6,0.65
2017-06-15,272,1.5,1.6
2017-06-15,274,1.7,1.9
2017-06-15,275,1.7,1.9
2017-06-15,276,1.85,1.9
2017-06-15,277,2.05,2.2
2017-06-15,278,1.85,2
2017-06-15,279,1.7,1.9
2017-06-15,280,1.3,1.5
2017-06-15,282,1.2,1.4
2017-06-15,283,1.6,1.7
2017-06-15,284,1.5,1.6
2017-06-15,285,1.5,1.8
2017-06-15,286,1.7,1.9
2017-06-15,287,1.7,1.9
2017-06-15,288,1.5,1.6
2017-06-15,290,1.7,1.9
2017-06-15,291,8,15
2017-06-15,292,,
2017-06-15,293,,
2017-06-15,294,,
2017-06-15,295,,
2017-06-15,296,,
2017-06-15,297,,
2017-06-15,298,,
2017-06-15,299,,
2017-06-15,300,,
2017-06-15,301,,
2017-06-15,302,,
2017-06-15,305,,
2017-06-15,306,,
2017-06-15,307,,
2017-06-15,308,,
2017-06-15,309,,
2017-06-15,310,,
2017-06-15,311,,
2017-06-15,313,,
2017-06-15,314,,
2017-06-15,315,,
2017-06-15,316,,
2017-06-15,317,,
2017-06-15,318,,
2017-06-15,319,,
2017-06-15,321,,
2017-06-15,373,2.2,2.4
2017-06-15,400,0.35,0.45
2017-06-15,402,0.3,0.37
2017-06-15,433,,
2017-06-15,434,2.9,3.1
2017-06-15,435,2.8,3
2017-06-15,455,2.8,3.2
2017-06-15,456,2.1,2.3
2017-06-15,457,2.3,2.5
2017-06-15,561,,
2017-06-15,604,,
2017-06-15,621,1.45,1.65
2017-06-15,651,1.6,1.8
2017-06-15,716,1.9,2.1
2017-06-15,727,,
2017-06-15,749,0.08,0.12
2017-06-15,770,,
2017-06-15,771,0.15,0.2
2017-06-15,896,,
2017-06-15,897,,
2017-06-15,907,2.2,2.4
2017-06-15,908,2.9,3.3
2017-06-15,928,,
2017-06-15,929,,
2017-06-15,933,172,174
2017-06-15,934,417,420
2017-06-15,935,,
2017-06-15,936,274,276
2017-06-15,937,276,280
2017-06-15,938,,
2017-06-15,939,183,186
2017-06-15,940,,
2017-06-15,941,186,189
2017-06-15,942,,
2017-06-15,943,,
2017-06-15,948,,
2017-06-15,954,,
2017-06-15,958,160,162
2017-06-15,959,,187
2017-06-15,960,,192
2017-06-15,962,,
2017-06-15,963,,
2017-06-15,964,,
2017-06-15,965,,
2017-06-15,966,,
2017-06-15,967,,
2017-06-15,968,104,105
2017-06-15,969,115,116
2017-06-15,970,134,137
2017-06-15,971,108,110
2017-06-15,973,144,145
2017-06-15,974,155,156
2017-06-15,975,167,172
2017-06-15,976,102,103
2017-06-15,977,109,110
2017-06-15,978,118,120
2017-06-15,979,188,190
2017-06-15,980,,
2017-06-15,981,,
2017-06-15,982,,
2017-06-15,983,385,395
2017-06-15,986,,
2017-06-15,988,625,635
2017-06-15,989,,
2017-06-15,990,,
2017-06-15,991,209,219
2017-06-15,992,209,219
2017-06-15,993,323,324
2017-06-15,994,319,320
2017-06-15,995,328,330
2017-06-15,996,326,328
2017-06-15,999,481,483
2017-06-15,1000,,
2017-06-15,1001,158,181
2017-06-15,1002,190,192
2017-06-15,1003,,
2017-06-15,1004,368,371
2017-06-15,1005,393,396
2017-06-15,1007,,
2017-06-15,1008,195,200
2017-06-15,1009,155,160
2017-06-15,1010,215,220
2017-06-15,1011,175,180
2017-06-15,1012,160,170
2017-06-15,1013,100,105
2017-06-15,1014,102,104
2017-06-15,1015,120,125
2017-06-15,1016,107,109
2017-06-15,1017,1380,1400
2017-06-15,1018,1475,1480
2017-06-15,1021,154,156
2017-06-15,1022,700,705
2017-06-15,1023,670,675
2017-06-15,1024,142,143
2017-06-15,1025,140,143
2017-06-15,1026,157,160
2017-06-15,1027,182,191
2017-06-15,1028,340,355
2017-06-15,1029,340,345
2017-06-15,1030,300,320
2017-06-15,1033,265,275
2017-06-15,1034,250,265
2017-06-15,1035,180,195
2017-06-15,1036,128,130
2017-06-15,1037,107,110
2017-06-15,1038,60,70
2017-06-15,1039,,
2017-06-15,1040,,
2017-06-15,1041,,
2017-06-15,1042,70,80
2017-06-15,1043,85,92
2017-06-15,1044,,
2017-06-15,1045,,
2017-06-15,1046,,
2017-06-15,1047,,
2017-06-15,1048,,
2017-06-15,1049,,
2017-06-15,1050,,
2017-06-15,1051,,
2017-06-15,1058,,
2017-06-15,1059,,
2017-06-15,1086,,
2017-06-15,1087,,
2017-06-15,1088,,
2017-06-15,1089,,
2017-06-15,1094,0.35,0.4
2017-06-15,1095,,
2017-06-15,1111,0.35,0.42
2017-06-15,1112,0.33,0.4
2017-06-15,1113,0.3,0.33
2017-06-15,1114,0.35,0.45
2017-06-15,1115,,
2017-06-15,1122,,
2017-06-15,1123,,
2017-06-15,1124,155,157
2017-06-15,1125,,
2017-06-15,1126,,
2017-06-15,1129,,
2017-06-15,1133,,
2017-06-15,1134,,
2017-06-15,1136,,
2017-06-15,1137,,
2017-06-15,1138,,
2017-06-15,1139,,
2017-06-15,1140,,
2017-06-15,1141,,
2017-06-15,1145,,
2017-06-15,1156,,
2017-06-15,1157,,
2017-06-15,1164,,
2017-06-15,1165,,
2017-06-15,1172,210,213
2017-06-15,1173,195,200
2017-06-15,1174,,
2017-06-15,1175,,
2017-06-15,1183,,
2017-06-15,1184,,
2017-06-15,1230,420,421
2017-06-15,1231,,
2017-06-15,1252,645,655
2017-06-15,1261,,
2017-06-15,1262,,
2017-06-15,1263,,
2017-06-15,1264,,
2017-06-15,1265,,
2017-06-15,1266,,
2017-06-15,1267,,
2017-06-15,1268,,
2017-06-15,1269,,
2017-06-15,1270,,
2017-06-15,1271,,
2017-06-15,1272,,
2017-06-15,1273,,
2017-06-15,1274,,
2017-06-15,1275,,
2017-06-15,1276,,
2017-06-15,1277,,
2017-06-15,1278,,
2017-06-15,1279,,
2017-06-15,1280,,
2017-06-15,1281,,
2017-06-15,1282,,
2017-06-15,1283,,
2017-06-15,1284,,
2017-06-15,1285,,
2017-06-15,1287,0.8,1
2017-06-15,1288,0.65,0.75
2017-06-15,1289,0.8,0.95
2017-06-15,1290,1.7,2
2017-06-15,1291,1.5,1.6
2017-06-15,1292,1.6,1.7
2017-06-15,1294,320,355
2017-06-15,1295,330,355
2017-06-15,1296,186,188
2017-06-15,1299,2.3,2.7
2017-06-15,1302,202,204
2017-06-15,1308,180,182
2017-06-15,1309,182,184
2017-06-15,1310,184,186
2017-06-15,1311,188,189
2017-06-15,1312,,
2017-06-15,1313,11.6,11.95
2017-06-15,1314,10.75,11.3
2017-06-15,1315,10.15,10.65
2017-06-15,1316,9.5,9.9
2017-06-15,1319,220,235
2017-06-15,1320,235,240
2017-06-15,1321,,
2017-06-15,1322,,
2017-06-15,1323,,
2017-06-15,1324,,
2017-06-15,1325,,
2017-06-15,1326,,
2017-06-15,1327,,
2017-06-15,1328,,
2017-06-15,1329,,
2017-06-15,1330,,
2017-06-15,1331,0.15,0.2
2017-06-15,1332,2.3,2.5
2017-06-15,1333,,
2017-06-22,30,215,220
2017-06-22,31,,
2017-06-22,103,640,740
2017-06-22,104,690,790
2017-06-22,105,500,600
2017-06-22,106,490,590
2017-06-22,107,520,620
2017-06-22,108,410,510
2017-06-22,109,550,650
2017-06-22,183,5.9,6.1
2017-06-22,184,6.1,7.1
2017-06-22,186,1.6,1.8
2017-06-22,190,,
2017-06-22,191,1.7,1.8
2017-06-22,192,1.75,1.85
2017-06-22,194,2.2,2.4
2017-06-22,195,2.2,2.4
2017-06-22,196,2.4,2.7
2017-06-22,197,,
2017-06-22,204,2.1,2.3
2017-06-22,206,2.2,2.5
2017-06-22,210,1.95,2.3
2017-06-22,211,2.2,2.5
2017-06-22,239,2.8,3
2017-06-22,240,,
2017-06-22,241,,
2017-06-22,242,,
2017-06-22,243,,
2017-06-22,244,3,3.3
2017-06-22,245,3,4
2017-06-22,246,3.5,3.7
2017-06-22,247,0.55,0.65
2017-06-22,248,0.55,0.65
2017-06-22,249,0.7,0.85
2017-06-22,250,0.75,0.85
2017-06-22,251,0.8,0.9
2017-06-22,252,0.8,0.9
2017-06-22,254,0.55,0.65
2017-06-22,255,0.8,0.9
2017-06-22,256,1.2,1.5
2017-06-22,257,1.2,1.5
2017-06-22,258,1.2,1.5
2017-06-22,259,1.5,1.7
2017-06-22,260,1.6,1.75
2017-06-22,261,1.6,1.7
2017-06-22,263,1.5,1.7
2017-06-22,264,1.6,1.7
2017-06-22,267,0.75,0.85
2017-06-22,269,0.6,0.65
2017-06-22,272,1.5,1.6
2017-06-22,274,1.7,1.9
2017-06-22,275,1.7,1.9
2017-06-22,276,1.85,1.9
2017-06-22,277,2.05,2.2
2017-06-22,278,1.85,2
2017-06-22,279,1.7,1.9
2017-06-22,280,1.3,1.5
2017-06-22,282,1.2,1.4
2017-06-22,283,1.6,1.7
2017-06-22,284,1.5,1.6
2017-06-22,285,1.5,1.8
2017-06-22,286,1.7,1.9
2017-06-22,287,1.7,1.9
2017-06-22,288,1.5,1.6
2017-06-22,290,1.7,1.9
2017-06-22,291,8,15
2017-06-22,292,,
2017-06-22,293,,
2017-06-22,294,,
2017-06-22,295,,
2017-06-22,296,,
2017-06-22,297,,
2017-06-22,298,,
2017-06-22,299,,
2017-06-22,300,,
2017-06-22,301,,
2017-06-22,302,,
2017-06-22,305,,
2017-06-22,306,,
2017-06-22,307,,
2017-06-22,308,,
2017-06-22,309,,
2017-06-22,310,,
2017-06-22,311,,
2017-06-22,313,,
2017-06-22,314,,
2017-06-22,315,,
2017-06-22,316,,
2017-06-22,317,,
2017-06-22,318,,
2017-06-22,319,,
2017-06-22,321,,
2017-06-22,373,2.2,2.4
2017-06-22,400,0.28,0.36
2017-06-22,402,0.28,0.36
2017-06-22,433,,
2017-06-22,434,2.9,3.1
2017-06-22,435,2.8,3
2017-06-22,455,2.8,3.2
2017-06-22,456,2.1,2.3
2017-06-22,457,2.3,2.5
2017-06-22,561,,
2017-06-22,604,,
2017-06-22,621,1.45,1.65
2017-06-22,651,1.6,1.8
2017-06-22,716,1.9,2.1
2017-06-22,727,,
2017-06-22,749,,
2017-06-22,766,,
2017-06-22,767,,
2017-06-22,771,,
2017-06-22,896,,
2017-06-22,897,,
2017-06-22,907,2.2,2.4
2017-06-22,908,2.9,3.3
2017-06-22,928,,
2017-06-22,929,,
2017-06-22,933,175,177
2017-06-22,934,,
2017-06-22,935,,
2017-06-22,936,288,290
2017-06-22,937,290,294
2017-06-22,938,,
2017-06-22,939,,
2017-06-22,940,,
2017-06-22,941,,
2017-06-22,942,,
2017-06-22,943,,
2017-06-22,948,,
2017-06-22,954,,
2017-06-22,958,160,162
2017-06-22,959,,187
2017-06-22,960,,194
2017-06-22,962,,
2017-06-22,963,,
2017-06-22,964,,
2017-06-22,965,,
2017-06-22,966,350,355
2017-06-22,967,420,425
2017-06-22,968,100,101
2017-06-22,969,111,112
2017-06-22,970,134,137
2017-06-22,971,108,110
2017-06-22,973,140,141
2017-06-22,974,151,152
2017-06-22,975,167,172
2017-06-22,976,98,99
2017-06-22,977,109,110
2017-06-22,978,118,120
2017-06-22,979,188,190
2017-06-22,980,,
2017-06-22,981,,
2017-06-22,982,,
2017-06-22,983,385,395
2017-06-22,986,,
2017-06-22,988,625,635
2017-06-22,989,,
2017-06-22,990,,
2017-06-22,991,205,215
2017-06-22,992,205,215
2017-06-22,993,321,322
2017-06-22,994,317,318
2017-06-22,995,326,328
2017-06-22,996,324,326
2017-06-22,999,481,483
2017-06-22,1000,,
2017-06-22,1001,150,175
2017-06-22,1002,188,190
2017-06-22,1003,,
2017-06-22,1004,366,369
2017-06-22,1005,391,394
2017-06-22,1007,,
2017-06-22,1008,200,205
2017-06-22,1009,160,165
2017-06-22,1010,220,225
2017-06-22,1011,180,185
2017-06-22,1012,165,175
2017-06-22,1013,100,105
2017-06-22,1014,102,104
2017-06-22,1015,125,130
2017-06-22,1016,107,109
2017-06-22,1017,1370,1390
2017-06-22,1018,1495,1500
2017-06-22,1021,154,156
2017-06-22,1022,695,700
2017-06-22,1023,665,670
2017-06-22,1024,142,143
2017-06-22,1025,140,143
2017-06-22,1026,152,155
2017-06-22,1027,182,191
2017-06-22,1028,340,355
2017-06-22,1029,345,350
2017-06-22,1030,300,320
2017-06-22,1033,265,275
2017-06-22,1034,250,265
2017-06-22,1035,180,195
2017-06-22,1036,128,130
2017-06-22,1037,107,110
2017-06-22,1038,60,70
2017-06-22,1039,,
2017-06-22,1042,75,85
2017-06-22,1043,87,98
2017-06-22,1044,85,95
2017-06-22,1045,95,105
2017-06-22,1046,,
2017-06-22,1047,,
2017-06-22,1048,,
2017-06-22,1049,,
2017-06-22,1050,27,32
2017-06-22,1051,30,35
2017-06-22,1058,,
2017-06-22,1059,,
2017-06-22,1086,,
2017-06-22,1087,,
2017-06-22,1088,,
2017-06-22,1089,,
2017-06-22,1094,,
2017-06-22,1111,,
2017-06-22,1112,,
2017-06-22,1113,,
2017-06-22,1114,0.35,0.4
2017-06-22,1122,,
2017-06-22,1123,150,152
2017-06-22,1124,155,157
2017-06-22,1125,0.33,0.38
2017-06-22,1126,,
2017-06-22,1129,0.35,0.4
2017-06-22,1131,,
2017-06-22,1133,1,1.1
2017-06-22,1134,1.5,1.6
2017-06-22,1136,,
2017-06-22,1137,,
2017-06-22,1139,,
2017-06-22,1140,,
2017-06-22,1141,,
2017-06-22,1145,,
2017-06-22,1156,,
2017-06-22,1157,,
2017-06-22,1164,,
2017-06-22,1165,,
2017-06-22,1172,,
2017-06-22,1173,,
2017-06-22,1174,,
2017-06-22,1175,,
2017-06-22,1183,,
2017-06-22,1184,,
2017-06-22,1230,420,421
2017-06-22,1231,,
2017-06-22,1252,645,655
2017-06-22,1261,,
2017-06-22,1262,,
2017-06-22,1263,,
2017-06-22,1264,,
2017-06-22,1265,,
2017-06-22,1266,,
2017-06-22,1267,,
2017-06-22,1268,,
2017-06-22,1269,,
2017-06-22,1270,,
2017-06-22,1271,,
2017-06-22,1272,,
2017-06-22,1273,,
2017-06-22,1274,,
2017-06-22,1275,,
2017-06-22,1276,,
2017-06-22,1277,,
2017-06-22,1278,,
2017-06-22,1279,,
2017-06-22,1280,,
2017-06-22,1281,,
2017-06-22,1282,,
2017-06-22,1283,,
2017-06-22,1284,,
2017-06-22,1285,,
2017-06-22,1287,0.8,1
2017-06-22,1288,0.65,0.75
2017-06-22,1289,0.8,0.95
2017-06-22,1290,1.7,2
2017-06-22,1291,1.5,1.6
2017-06-22,1292,1.6,1.7
2017-06-22,1294,320,355
2017-06-22,1295,330,350
2017-06-22,1296,,
2017-06-22,1299,2.3,2.7
2017-06-22,1302,205,207
2017-06-22,1308,183,185
2017-06-22,1309,185,187
2017-06-22,1310,187,189
2017-06-22,1311,191,192
2017-06-22,1312,,
2017-06-22,1313,11.65,11.95
2017-06-22,1314,10.8,11.3
2017-06-22,1315,10.2,10.65
2017-06-22,1316,9.55,9.9
2017-06-22,1319,225,240
2017-06-22,1320,240,245
2017-06-22,1321,,
2017-06-22,1322,,
2017-06-22,1323,,
2017-06-22,1324,,
2017-06-22,1325,,
2017-06-22,1326,,
2017-06-22,1327,,
2017-06-22,1331,,
2017-06-22,1332,2.3,2.5
2017-06-22,1333,174,178
2017-06-22,1334,,
2017-06-22,1335,,
2017-06-22,1336,174,178
2017-06-22,1337,,
2017-06-22,1338,,
2017-06-22,1339,,
2017-06-22,1340,,
2017-06-22,1341,,
2017-06-22,1342,,
2017-06-22,1343,,
2017-06-22,1344,,
2017-06-22,1345,,
2017-06-22,1346,,
2017-06-22,1347,,
2017-06-22,1348,,
2017-06-22,1349,,
2017-06-22,1350,,
2017-06-22,1351,,
2017-06-29,30,218,223
2017-06-29,31,,
2017-06-29,103,640,740
2017-06-29,104,690,790
2017-06-29,105,500,600
2017-06-29,106,490,590
2017-06-29,107,520,620
2017-06-29,108,410,510
2017-06-29,109,550,650
2017-06-29,183,5.9,6.1
2017-06-29,184,6.1,7.1
2017-06-29,186,1.6,1.8
2017-06-29,190,,
2017-06-29,191,1.7,1.8
2017-06-29,192,1.75,1.85
2017-06-29,194,2.2,2.4
2017-06-29,195,2.2,2.4
2017-06-29,196,2.4,2.7
2017-06-29,197,,
2017-06-29,204,2.1,2.3
2017-06-29,206,2.2,2.5
2017-06-29,210,1.95,2.3
2017-06-29,211,2.2,2.5
2017-06-29,239,2.8,3
2017-06-29,240,,
2017-06-29,241,,
2017-06-29,242,,
2017-06-29,243,,
2017-06-29,244,3,3.3
2017-06-29,245,3,4
2017-06-29,246,3.5,3.7
2017-06-29,247,0.55,0.65
2017-06-29,248,0.55,0.65
2017-06-29,249,0.7,0.85
2017-06-29,250,0.75,0.85
2017-06-29,251,0.8,0.9
2017-06-29,252,0.8,0.9
2017-06-29,254,0.55,0.65
2017-06-29,255,0.8,0.9
2017-06-29,256,1.2,1.5
2017-06-29,257,1.2,1.5
2017-06-29,258,1.2,1.5
2017-06-29,259,1.5,1.7
2017-06-29,260,1.6,1.75
2017-06-29,261,1.6,1.7
2017-06-29,263,1.5,1.7
2017-06-29,264,1.6,1.7
2017-06-29,267,0.75,0.85
2017-06-29,269,0.6,0.65
2017-06-29,272,1.5,1.6
2017-06-29,274,1.7,1.9
2017-06-29,275,1.7,1.9
2017-06-29,276,1.85,1.9
2017-06-29,277,2.05,2.2
2017-06-29,278,1.85,2
2017-06-29,279,1.7,1.9
2017-06-29,280,1.3,1.5
2017-06-29,282,1.2,1.4
2017-06-29,283,1.6,1.7
2017-06-29,284,1.5,1.6
2017-06-29,285,1.5,1.8
2017-06-29,286,1.7,1.9
2017-06-29,287,1.7,1.9
2017-06-29,288,1.5,1.6
2017-06-29,290,1.7,1.9
2017-06-29,291,8,15
2017-06-29,292,,
2017-06-29,293,,
2017-06-29,294,,
2017-06-29,295,,
2017-06-29,296,,
2017-06-29,297,,
2017-06-29,298,,
2017-06-29,299,,
2017-06-29,300,,
2017-06-29,301,,
2017-06-29,302,,
2017-06-29,305,,
2017-06-29,306,,
2017-06-29,307,,
2017-06-29,308,,
2017-06-29,309,,
2017-06-29,310,,
2017-06-29,311,,
2017-06-29,313,,
2017-06-29,314,,
2017-06-29,315,,
2017-06-29,316,,
2017-06-29,317,,
2017-06-29,318,,
2017-06-29,319,,
2017-06-29,321,,
2017-06-29,373,2.2,2.4
2017-06-29,400,,
2017-06-29,402,,
2017-06-29,421,,
2017-06-29,433,,
2017-06-29,434,2.9,3.1
2017-06-29,435,2.8,3
2017-06-29,455,2.8,3.2
2017-06-29,456,2.1,2.3
2017-06-29,457,2.3,2.5
2017-06-29,561,,
2017-06-29,604,,
2017-06-29,621,1.45,1.65
2017-06-29,651,1.6,1.8
2017-06-29,659,,
2017-06-29,716,1.9,2.1
2017-06-29,727,,
2017-06-29,766,0.24,0.32
2017-06-29,767,0.24,0.32
2017-06-29,779,,
2017-06-29,896,,
2017-06-29,897,,
2017-06-29,907,2.2,2.4
2017-06-29,908,2.9,3.3
2017-06-29,928,,
2017-06-29,929,,
2017-06-29,933,,
2017-06-29,934,,
2017-06-29,935,,
2017-06-29,936,293,295
2017-06-29,937,295,299
2017-06-29,938,,
2017-06-29,939,,
2017-06-29,940,,
2017-06-29,941,,
2017-06-29,942,,
2017-06-29,943,,
2017-06-29,948,,
2017-06-29,954,,
2017-06-29,958,160,162
2017-06-29,959,,189
2017-06-29,960,,
2017-06-29,962,,
2017-06-29,963,,
2017-06-29,964,,
2017-06-29,965,,
2017-06-29,966,360,365
2017-06-29,967,430,435
2017-06-29,968,94,95
2017-06-29,969,105,106
2017-06-29,970,134,137
2017-06-29,971,108,110
2017-06-29,973,134,135
2017-06-29,974,145,146
2017-06-29,975,167,172
2017-06-29,976,92,93
2017-06-29,977,109,110
2017-06-29,978,118,120
2017-06-29,979,188,190
2017-06-29,980,355,365
2017-06-29,981,340,350
2017-06-29,982,265,275
2017-06-29,983,385,395
2017-06-29,986,,
2017-06-29,988,625,635
2017-06-29,989,,
2017-06-29,990,,
2017-06-29,991,202,212
2017-06-29,992,202,212
2017-06-29,993,311,312
2017-06-29,994,307,308
2017-06-29,995,316,318
2017-06-29,996,314,316
2017-06-29,999,473,475
2017-06-29,1000,,
2017-06-29,1001,145,170
2017-06-29,1002,188,190
2017-06-29,1003,,
2017-06-29,1004,357,360
2017-06-29,1005,385,388
2017-06-29,1007,,
2017-06-29,1008,200,205
2017-06-29,1009,160,165
2017-06-29,1010,225,230
2017-06-29,1011,180,185
2017-06-29,1012,165,175
2017-06-29,1013,95,100
2017-06-29,1014,97,99
2017-06-29,1015,125,130
2017-06-29,1016,107,109
2017-06-29,1017,1370,1390
2017-06-29,1018,1495,1500
2017-06-29,1021,154,156
2017-06-29,1022,690,695
2017-06-29,1023,660,665
2017-06-29,1024,142,143
2017-06-29,1025,140,143
2017-06-29,1026,145,148
2017-06-29,1027,182,191
2017-06-29,1028,340,355
2017-06-29,1029,350,355
2017-06-29,1030,300,320
2017-06-29,1033,265,275
2017-06-29,1034,250,265
2017-06-29,1035,180,195
2017-06-29,1036,128,130
2017-06-29,1037,107,110
2017-06-29,1038,60,70
2017-06-29,1039,,
2017-06-29,1042,80,95
2017-06-29,1043,90,105
2017-06-29,1044,85,100
2017-06-29,1045,95,110
2017-06-29,1046,,
2017-06-29,1047,,
2017-06-29,1048,,
2017-06-29,1049,,
2017-06-29,1050,27,32
2017-06-29,1051,30,35
2017-06-29,1058,,
2017-06-29,1059,,
2017-06-29,1086,,
2017-06-29,1087,,
2017-06-29,1088,,
2017-06-29,1089,,
2017-06-29,1114,0.35,0.4
2017-06-29,1122,,
2017-06-29,1123,150,152
2017-06-29,1124,155,157
2017-06-29,1125,0.33,0.4
2017-06-29,1126,,
2017-06-29,1129,0.35,0.42
2017-06-29,1131,0.3,0.35
2017-06-29,1132,,
2017-06-29,1133,0.35,0.45
2017-06-29,1134,0.5,0.6
2017-06-29,1138,176,180
2017-06-29,1145,,
2017-06-29,1146,,
2017-06-29,1156,,
2017-06-29,1157,,
2017-06-29,1164,,
2017-06-29,1165,,
2017-06-29,1183,200,220
2017-06-29,1184,320,330
2017-06-29,1230,412,413
2017-06-29,1231,,
2017-06-29,1252,645,655
2017-06-29,1261,,
2017-06-29,1262,,
2017-06-29,1263,,
2017-06-29,1264,,
2017-06-29,1265,,
2017-06-29,1266,,
2017-06-29,1267,,
2017-06-29,1268,,
2017-06-29,1269,,
2017-06-29,1270,,
2017-06-29,1271,,
2017-06-29,1272,,
2017-06-29,1273,,
2017-06-29,1274,,
2017-06-29,1275,,
2017-06-29,1276,,
2017-06-29,1277,,
2017-06-29,1278,,
2017-06-29,1279,,
2017-06-29,1280,,
2017-06-29,1281,,
2017-06-29,1282,,
2017-06-29,1283,,
2017-06-29,1284,,
2017-06-29,1285,,
2017-06-29,1287,0.8,1
2017-06-29,1288,0.65,0.75
2017-06-29,1289,0.8,0.95
2017-06-29,1290,1.7,2
2017-06-29,1291,1.5,1.6
2017-06-29,1292,1.6,1.7
2017-06-29,1294,320,355
2017-06-29,1295,330,350
2017-06-29,1296,,
2017-06-29,1299,2.3,2.7
2017-06-29,1302,206,208
2017-06-29,1308,184,186
2017-06-29,1309,186,188
2017-06-29,1310,188,190
2017-06-29,1311,191,192
2017-06-29,1312,,
2017-06-29,1313,11.65,11.95
2017-06-29,1314,10.8,11.3
2017-06-29,1315,10.2,10.65
2017-06-29,1316,9.55,9.9
2017-06-29,1319,225,240
2017-06-29,1320,245,250
2017-06-29,1321,,
2017-06-29,1322,,
2017-06-29,1323,,
2017-06-29,1324,,
2017-06-29,1325,,
2017-06-29,1326,,
2017-06-29,1327,,
2017-06-29,1332,2.3,2.5
2017-06-29,1334,215,225
2017-06-29,1335,185,190
2017-06-29,1336,176,180
2017-06-29,1337,,
2017-06-29,1338,,
2017-06-29,1339,230,235
2017-06-29,1340,,
2017-06-29,1341,,
2017-06-29,1342,240,245
2017-06-29,1343,,
2017-06-29,1344,,
2017-06-29,1345,,
2017-06-29,1346,0.28,0.36
2017-06-29,1347,0.28,0.36
2017-06-29,1348,0.35,0.38
2017-06-29,1349,0.24,0.26
2017-06-29,1350,0.4,0.45
2017-06-29,1351,0.4,0.45
2017-06-29,1352,215,225
2017-06-29,1353,185,190
2017-06-29,1354,230,235
2017-06-29,1355,,
2017-06-29,1356,,
2017-06-29,1357,240,245
2017-06-29,1358,,
2017-06-29,1359,,
2017-06-29,1360,430,435
2017-06-29,1361,,
2017-06-29,1362,,
2017-07-06,30,221,226
2017-07-06,31,,
2017-07-06,103,640,740
2017-07-06,104,680,780
2017-07-06,105,500,600
2017-07-06,106,490,590
2017-07-06,107,520,620
2017-07-06,108,410,510
2017-07-06,109,550,650
2017-07-06,183,5.9,6.1
2017-07-06,184,6.1,7.1
2017-07-06,186,1.6,1.8
2017-07-06,190,,
2017-07-06,191,1.7,1.8
2017-07-06,192,1.75,1.85
2017-07-06,194,2.2,2.4
2017-07-06,195,2.2,2.4
2017-07-06,196,2.4,2.7
2017-07-06,197,,
2017-07-06,204,2.1,2.3
2017-07-06,206,2.2,2.5
2017-07-06,210,1.95,2.3
2017-07-06,211,2.2,2.5
2017-07-06,239,2.8,3
2017-07-06,240,,
2017-07-06,241,,
2017-07-06,242,,
2017-07-06,243,,
2017-07-06,244,3,3.3
2017-07-06,245,3,4
2017-07-06,246,3.5,3.7
2017-07-06,247,0.55,0.65
2017-07-06,248,0.55,0.65
2017-07-06,249,0.7,0.85
2017-07-06,250,0.75,0.85
2017-07-06,251,0.8,0.9
2017-07-06,252,0.8,0.9
2017-07-06,254,0.55,0.65
2017-07-06,255,0.8,0.9
2017-07-06,256,1.2,1.5
2017-07-06,257,1.2,1.5
2017-07-06,258,1.2,1.5
2017-07-06,259,1.5,1.7
2017-07-06,260,1.6,1.75
2017-07-06,261,1.6,1.7
2017-07-06,263,1.5,1.7
2017-07-06,264,1.6,1.7
2017-07-06,267,0.75,0.85
2017-07-06,269,0.6,0.65
2017-07-06,272,1.5,1.6
2017-07-06,274,1.7,1.9
2017-07-06,275,1.7,1.9
2017-07-06,276,1.85,1.9
2017-07-06,277,2.05,2.2
2017-07-06,278,1.85,2
2017-07-06,279,1.7,1.9
2017-07-06,280,1.3,1.5
2017-07-06,282,1.2,1.4
2017-07-06,283,1.6,1.7
2017-07-06,284,1.5,1.6
2017-07-06,285,1.5,1.8
2017-07-06,286,1.7,1.9
2017-07-06,287,1.7,1.9
2017-07-06,288,1.5,1.6
2017-07-06,290,1.7,1.9
2017-07-06,291,8,15
2017-07-06,292,,
2017-07-06,293,,
2017-07-06,294,,
2017-07-06,295,,
2017-07-06,296,,
2017-07-06,297,,
2017-07-06,298,,
2017-07-06,299,,
2017-07-06,300,,
2017-07-06,301,,
2017-07-06,302,,
2017-07-06,305,,
2017-07-06,306,,
2017-07-06,307,,
2017-07-06,308,,
2017-07-06,309,,
2017-07-06,310,,
2017-07-06,311,,
2017-07-06,313,,
2017-07-06,314,,
2017-07-06,315,,
2017-07-06,316,,
2017-07-06,317,,
2017-07-06,318,,
2017-07-06,319,,
2017-07-06,321,,
2017-07-06,373,2.2,2.4
2017-07-06,377,,
2017-07-06,378,,
2017-07-06,421,0.28,0.34
2017-07-06,426,,
2017-07-06,433,,
2017-07-06,434,2.9,3.1
2017-07-06,435,2.8,3
2017-07-06,454,,
2017-07-06,455,2.8,3.2
2017-07-06,456,2.1,2.3
2017-07-06,457,2.3,2.5
2017-07-06,471,,
2017-07-06,472,,
2017-07-06,561,,
2017-07-06,604,,
2017-07-06,621,1.45,1.65
2017-07-06,643,,
2017-07-06,651,1.6,1.8
2017-07-06,659,0.4,0.48
2017-07-06,716,1.9,2.1
2017-07-06,727,,
2017-07-06,766,0.24,0.32
2017-07-06,767,0.24,0.32
2017-07-06,779,0.7,0.8
2017-07-06,882,,
2017-07-06,896,,
2017-07-06,897,,
2017-07-06,907,2.2,2.4
2017-07-06,908,2.9,3.3
2017-07-06,928,,
2017-07-06,929,,
2017-07-06,933,,
2017-07-06,934,,
2017-07-06,935,,
2017-07-06,936,323,325
2017-07-06,937,325,329
2017-07-06,938,,
2017-07-06,939,,
2017-07-06,940,,
2017-07-06,941,,
2017-07-06,942,,
2017-07-06,943,,
2017-07-06,948,,
2017-07-06,954,,
2017-07-06,958,162,164
2017-07-06,959,,
2017-07-06,960,,
2017-07-06,962,350,370
2017-07-06,963,430,450
2017-07-06,964,480,500
2017-07-06,965,490,510
2017-07-06,966,360,365
2017-07-06,968,99,100
2017-07-06,969,110,111
2017-07-06,970,137,140
2017-07-06,971,111,113
2017-07-06,973,139,140
2017-07-06,974,150,151
2017-07-06,975,170,175
2017-07-06,976,97,98
2017-07-06,977,112,113
2017-07-06,978,123,125
2017-07-06,979,188,190
2017-07-06,980,360,370
2017-07-06,981,350,360
2017-07-06,982,275,285
2017-07-06,983,385,395
2017-07-06,986,380,390
2017-07-06,988,625,635
2017-07-06,989,,
2017-07-06,990,390,400
2017-07-06,991,202,212
2017-07-06,992,202,212
2017-07-06,993,324,325
2017-07-06,994,320,321
2017-07-06,995,329,331
2017-07-06,996,327,329
2017-07-06,999,488,490
2017-07-06,1000,,
2017-07-06,1001,145,170
2017-07-06,1002,188,190
2017-07-06,1003,,
2017-07-06,1004,367,370
2017-07-06,1005,390,393
2017-07-06,1007,,
2017-07-06,1008,200,205
2017-07-06,1009,160,165
2017-07-06,1010,225,230
2017-07-06,1011,180,185
2017-07-06,1012,165,175
2017-07-06,1013,95,100
2017-07-06,1014,97,99
2017-07-06,1015,125,130
2017-07-06,1016,107,109
2017-07-06,1017,1370,1390
2017-07-06,1018,1495,1500
2017-07-06,1021,154,156
2017-07-06,1022,690,695
2017-07-06,1023,660,665
2017-07-06,1024,142,143
2017-07-06,1025,140,143
2017-07-06,1026,145,148
2017-07-06,1027,180,189
2017-07-06,1028,340,355
2017-07-06,1029,350,355
2017-07-06,1030,300,320
2017-07-06,1033,265,275
2017-07-06,1034,250,265
2017-07-06,1035,180,195
2017-07-06,1036,128,130
2017-07-06,1037,107,110
2017-07-06,1038,60,70
2017-07-06,1039,,
2017-07-06,1042,85,100
2017-07-06,1043,95,110
2017-07-06,1044,,
2017-07-06,1045,,
2017-07-06,1046,,
2017-07-06,1047,,
2017-07-06,1048,60,80
2017-07-06,1049,,
2017-07-06,1050,27,32
2017-07-06,1051,30,35
2017-07-06,1058,,
2017-07-06,1059,,
2017-07-06,1086,,
2017-07-06,1087,,
2017-07-06,1088,,
2017-07-06,1089,,
2017-07-06,1114,,
2017-07-06,1122,,
2017-07-06,1123,153,155
2017-07-06,1124,158,160
2017-07-06,1125,,
2017-07-06,1126,,
2017-07-06,1129,,
2017-07-06,1131,0.3,0.35
2017-07-06,1132,0.4,0.45
2017-07-06,1133,0.35,0.45
2017-07-06,1134,0.5,0.6
2017-07-06,1138,181,185
2017-07-06,1145,,
2017-07-06,1146,0.45,0.6
2017-07-06,1156,100,115
2017-07-06,1157,110,125
2017-07-06,1158,,
2017-07-06,1164,,
2017-07-06,1165,,
2017-07-06,1183,200,210
2017-07-06,1184,320,330
2017-07-06,1230,427,428
2017-07-06,1231,,
2017-07-06,1252,645,655
2017-07-06,1261,,
2017-07-06,1262,,
2017-07-06,1263,,
2017-07-06,1264,,
2017-07-06,1265,,
2017-07-06,1266,,
2017-07-06,1267,,
2017-07-06,1268,,
2017-07-06,1269,,
2017-07-06,1270,,
2017-07-06,1271,,
2017-07-06,1272,,
2017-07-06,1273,,
2017-07-06,1274,,
2017-07-06,1275,,
2017-07-06,1276,,
2017-07-06,1277,,
2017-07-06,1278,,
2017-07-06,1279,,
2017-07-06,1280,,
2017-07-06,1281,,
2017-07-06,1282,,
2017-07-06,1283,,
2017-07-06,1284,,
2017-07-06,1285,,
2017-07-06,1287,0.8,1
2017-07-06,1288,0.65,0.75
2017-07-06,1289,0.8,0.95
2017-07-06,1290,1.7,2
2017-07-06,1291,1.5,1.6
2017-07-06,1292,1.6,1.7
2017-07-06,1294,320,355
2017-07-06,1295,330,345
2017-07-06,1296,,
2017-07-06,1299,2.3,2.7
2017-07-06,1302,208,210
2017-07-06,1308,186,188
2017-07-06,1309,188,190
2017-07-06,1310,188,190
2017-07-06,1311,191,192
2017-07-06,1312,,
2017-07-06,1313,11.7,12
2017-07-06,1314,10.85,11.35
2017-07-06,1315,10.25,10.7
2017-07-06,1316,9.6,9.95
2017-07-06,1319,225,240
2017-07-06,1320,245,250
2017-07-06,1321,,
2017-07-06,1322,,
2017-07-06,1323,,
2017-07-06,1324,,
2017-07-06,1325,,
2017-07-06,1326,,
2017-07-06,1327,,
2017-07-06,1332,2.3,2.5
2017-07-06,1346,0.28,0.36
2017-07-06,1347,0.28,0.36
2017-07-06,1348,0.35,0.38
2017-07-06,1349,0.24,0.26
2017-07-06,1350,0.4,0.47
2017-07-06,1351,0.4,0.47
2017-07-06,1352,225,230
2017-07-06,1353,190,195
2017-07-06,1354,230,235
2017-07-06,1355,,
2017-07-06,1356,,
2017-07-06,1357,240,245
2017-07-06,1358,230,235
2017-07-06,1359,,
2017-07-06,1360,430,435
2017-07-06,1361,0.35,0.4
2017-07-06,1362,0.18,0.28
2017-07-06,1363,230,235
2017-07-06,1364,,
2017-07-06,1365,,
2017-07-06,1366,1.45,1.65
2017-07-13,30,224,229
2017-07-13,31,,
2017-07-13,103,640,740
2017-07-13,104,680,780
2017-07-13,105,500,600
2017-07-13,106,490,590
2017-07-13,107,520,620
2017-07-13,108,410,510
2017-07-13,109,550,650
2017-07-13,183,5.9,6.1
2017-07-13,184,6.1,7.1
2017-07-13,186,1.6,1.8
2017-07-13,190,1.7,1.8
2017-07-13,191,,
2017-07-13,192,,
2017-07-13,194,,
2017-07-13,195,,
2017-07-13,196,2.2,2.4
2017-07-13,197,,
2017-07-13,204,2.1,2.3
2017-07-13,206,2,2.3
2017-07-13,210,1.95,2.3
2017-07-13,211,2.2,2.5
2017-07-13,239,2.8,3
2017-07-13,240,,
2017-07-13,241,,
2017-07-13,242,,
2017-07-13,243,,
2017-07-13,244,3,3.3
2017-07-13,245,3,4
2017-07-13,246,3.5,3.7
2017-07-13,247,0.55,0.65
2017-07-13,248,0.55,0.65
2017-07-13,249,0.7,0.85
2017-07-13,250,0.75,0.85
2017-07-13,251,0.8,0.9
2017-07-13,252,0.8,0.9
2017-07-13,254,0.55,0.65
2017-07-13,255,0.8,0.9
2017-07-13,256,1.2,1.5
2017-07-13,257,1.2,1.5
2017-07-13,258,1.2,1.5
2017-07-13,259,1.5,1.7
2017-07-13,260,1.6,1.75
2017-07-13,261,1.6,1.7
2017-07-13,263,1.5,1.7
2017-07-13,264,1.6,1.7
2017-07-13,267,0.75,0.85
2017-07-13,269,0.6,0.65
2017-07-13,272,1.5,1.6
2017-07-13,274,1.7,1.9
2017-07-13,275,1.7,1.9
2017-07-13,276,1.85,1.9
2017-07-13,277,2.05,2.2
2017-07-13,278,1.85,2
2017-07-13,279,1.7,1.9
2017-07-13,280,1.3,1.5
2017-07-13,282,1.2,1.4
2017-07-13,283,1.6,1.7
2017-07-13,284,1.5,1.6
2017-07-13,285,1.5,1.8
2017-07-13,286,1.7,1.9
2017-07-13,287,1.7,1.9
2017-07-13,288,1.5,1.6
2017-07-13,290,1.7,1.9
2017-07-13,291,8,15
2017-07-13,292,,
2017-07-13,293,,
2017-07-13,294,,
2017-07-13,295,,
2017-07-13,296,,
2017-07-13,297,,
2017-07-13,298,,
2017-07-13,299,,
2017-07-13,300,,
2017-07-13,301,,
2017-07-13,302,,
2017-07-13,305,,
2017-07-13,306,,
2017-07-13,307,,
2017-07-13,308,,
2017-07-13,309,,
2017-07-13,310,,
2017-07-13,311,,
2017-07-13,313,,
2017-07-13,314,,
2017-07-13,315,,
2017-07-13,316,,
2017-07-13,317,,
2017-07-13,318,,
2017-07-13,319,,
2017-07-13,321,,
2017-07-13,373,,
2017-07-13,377,1.8,2.1
2017-07-13,378,1.7,2
2017-07-13,421,0.28,0.34
2017-07-13,426,1.6,1.9
2017-07-13,433,1.75,1.85
2017-07-13,434,2.7,2.9
2017-07-13,435,2.6,2.8
2017-07-13,454,0.08,0.1
2017-07-13,455,2.6,3
2017-07-13,456,2,2.2
2017-07-13,457,2.1,2.3
2017-07-13,471,0.17,0.2
2017-07-13,472,0.17,0.2
2017-07-13,561,,
2017-07-13,604,,
2017-07-13,643,2.4,2.7
2017-07-13,651,1.35,1.55
2017-07-13,659,0.4,0.48
2017-07-13,716,1.9,2.1
2017-07-13,727,,
2017-07-13,766,,
2017-07-13,767,,
2017-07-13,779,0.7,0.8
2017-07-13,781,,
2017-07-13,782,,
2017-07-13,783,,
2017-07-13,789,,
2017-07-13,882,0.38,0.4
2017-07-13,896,,
2017-07-13,897,,
2017-07-13,907,2.25,2.45
2017-07-13,908,2.7,3.1
2017-07-13,928,,
2017-07-13,929,,
2017-07-13,933,,
2017-07-13,934,,
2017-07-13,935,,
2017-07-13,936,328,330
2017-07-13,937,330,334
2017-07-13,938,,
2017-07-13,939,,
2017-07-13,940,,
2017-07-13,941,,
2017-07-13,942,,
2017-07-13,943,,
2017-07-13,948,,
2017-07-13,954,,
2017-07-13,958,162,164
2017-07-13,959,,
2017-07-13,960,,
2017-07-13,962,350,370
2017-07-13,963,430,450
2017-07-13,964,480,500
2017-07-13,965,490,510
2017-07-13,966,365,370
2017-07-13,968,114,115
2017-07-13,969,125,126
2017-07-13,970,147,150
2017-07-13,971,122,124
2017-07-13,973,154,155
2017-07-13,974,165,166
2017-07-13,975,180,185
2017-07-13,976,112,113
2017-07-13,977,123,124
2017-07-13,978,138,140
2017-07-13,979,188,190
2017-07-13,980,360,370
2017-07-13,981,360,370
2017-07-13,982,275,285
2017-07-13,983,385,395
2017-07-13,986,380,390
2017-07-13,988,625,635
2017-07-13,989,,
2017-07-13,990,390,400
2017-07-13,991,212,222
2017-07-13,992,212,222
2017-07-13,993,328,329
2017-07-13,994,325,326
2017-07-13,995,334,336
2017-07-13,996,333,335
2017-07-13,999,496,498
2017-07-13,1000,,
2017-07-13,1001,145,170
2017-07-13,1002,190,192
2017-07-13,1003,245,250
2017-07-13,1004,377,380
2017-07-13,1005,397,400
2017-07-13,1007,,
2017-07-13,1008,200,205
2017-07-13,1009,160,165
2017-07-13,1010,225,230
2017-07-13,1011,180,185
2017-07-13,1012,165,175
2017-07-13,1013,95,100
2017-07-13,1014,97,99
2017-07-13,1015,125,130
2017-07-13,1016,107,109
2017-07-13,1017,1370,1390
2017-07-13,1018,1495,1500
2017-07-13,1021,154,156
2017-07-13,1022,690,695
2017-07-13,1023,660,665
2017-07-13,1024,142,143
2017-07-13,1025,140,143
2017-07-13,1026,145,148
2017-07-13,1027,180,188
2017-07-13,1028,340,355
2017-07-13,1029,355,360
2017-07-13,1030,300,320
2017-07-13,1033,265,275
2017-07-13,1034,250,265
2017-07-13,1035,180,195
2017-07-13,1036,128,130
2017-07-13,1037,107,110
2017-07-13,1038,60,70
2017-07-13,1039,,
2017-07-13,1042,85,100
2017-07-13,1043,95,110
2017-07-13,1046,,
2017-07-13,1047,,
2017-07-13,1048,,
2017-07-13,1049,90,100
2017-07-13,1050,27,32
2017-07-13,1051,30,35
2017-07-13,1058,,
2017-07-13,1059,,
2017-07-13,1086,,
2017-07-13,1087,,
2017-07-13,1088,,
2017-07-13,1089,,
2017-07-13,1122,,
2017-07-13,1123,153,155
2017-07-13,1124,158,160
2017-07-13,1126,235,240
2017-07-13,1131,,
2017-07-13,1132,0.4,0.45
2017-07-13,1133,0.35,0.45
2017-07-13,1134,0.4,0.5
2017-07-13,1138,181,185
2017-07-13,1145,,
2017-07-13,1146,0.6,0.7
2017-07-13,1153,,
2017-07-13,1154,,
2017-07-13,1156,105,120
2017-07-13,1157,115,130
2017-07-13,1158,70,85
2017-07-13,1163,,
2017-07-13,1164,,
2017-07-13,1165,,
2017-07-13,1166,,
2017-07-13,1167,,
2017-07-13,1171,,
2017-07-13,1183,190,200
2017-07-13,1184,280,320
2017-07-13,1192,,
2017-07-13,1230,435,436
2017-07-13,1231,,
2017-07-13,1252,645,655
2017-07-13,1261,,
2017-07-13,1262,,
2017-07-13,1263,,
2017-07-13,1264,,
2017-07-13,1265,,
2017-07-13,1266,,
2017-07-13,1267,,
2017-07-13,1268,,
2017-07-13,1269,,
2017-07-13,1270,,
2017-07-13,1271,,
2017-07-13,1272,,
2017-07-13,1273,,
2017-07-13,1274,,
2017-07-13,1275,,
2017-07-13,1276,,
2017-07-13,1277,,
2017-07-13,1278,,
2017-07-13,1279,,
2017-07-13,1280,,
2017-07-13,1281,,
2017-07-13,1282,,
2017-07-13,1283,,
2017-07-13,1284,,
2017-07-13,1285,,
2017-07-13,1287,0.8,1
2017-07-13,1288,0.65,0.75
2017-07-13,1289,0.8,0.95
2017-07-13,1290,1.7,2
2017-07-13,1291,1.5,1.6
2017-07-13,1292,1.6,1.7
2017-07-13,1294,320,355
2017-07-13,1295,330,345
2017-07-13,1296,,
2017-07-13,1299,2.4,2.8
2017-07-13,1302,208,210
2017-07-13,1308,186,188
2017-07-13,1309,188,190
2017-07-13,1310,188,190
2017-07-13,1311,190,191
2017-07-13,1312,,
2017-07-13,1313,11.7,12
2017-07-13,1314,10.85,11.35
2017-07-13,1315,10.25,10.7
2017-07-13,1316,9.6,9.95
2017-07-13,1319,225,240
2017-07-13,1320,245,250
2017-07-13,1321,,
2017-07-13,1322,,
2017-07-13,1323,,
2017-07-13,1324,,
2017-07-13,1325,,
2017-07-13,1326,,
2017-07-13,1327,,
2017-07-13,1332,1.9,2.1
2017-07-13,1346,,
2017-07-13,1347,0.28,0.33
2017-07-13,1348,,
2017-07-13,1349,,
2017-07-13,1350,,
2017-07-13,1351,,
2017-07-13,1352,227,232
2017-07-13,1353,190,195
2017-07-13,1354,230,235
2017-07-13,1355,,
2017-07-13,1356,,
2017-07-13,1357,240,245
2017-07-13,1360,430,435
2017-07-13,1361,0.35,0.4
2017-07-13,1362,0.18,0.28
2017-07-13,1363,230,235
2017-07-13,1364,220,225
2017-07-13,1365,0.28,0.33
2017-07-13,1366,1.4,1.6
2017-07-13,1367,,
2017-07-13,1368,,
2017-07-13,1369,,
2017-07-20,30,224,229
2017-07-20,31,235,240
2017-07-20,103,640,740
2017-07-20,104,670,770
2017-07-20,105,500,600
2017-07-20,106,490,590
2017-07-20,107,520,620
2017-07-20,108,410,510
2017-07-20,109,550,650
2017-07-20,183,5.9,6.1
2017-07-20,184,6.1,7.1
2017-07-20,186,1.6,1.8
2017-07-20,190,1.7,1.8
2017-07-20,191,,
2017-07-20,192,,
2017-07-20,194,,
2017-07-20,195,,
2017-07-20,196,2.2,2.4
2017-07-20,197,,
2017-07-20,204,2.1,2.3
2017-07-20,206,2,2.3
2017-07-20,210,1.95,2.3
2017-07-20,211,2.2,2.5
2017-07-20,239,2.8,3
2017-07-20,240,,
2017-07-20,241,,
2017-07-20,242,,
2017-07-20,243,,
2017-07-20,244,3,3.3
2017-07-20,245,3,4
2017-07-20,246,3.5,3.7
2017-07-20,247,0.55,0.65
2017-07-20,248,0.55,0.65
2017-07-20,249,0.7,0.85
2017-07-20,250,0.75,0.85
2017-07-20,251,0.8,0.9
2017-07-20,252,0.8,0.9
2017-07-20,254,0.55,0.65
2017-07-20,255,0.8,0.9
2017-07-20,256,1.2,1.5
2017-07-20,257,1.2,1.5
2017-07-20,258,1.2,1.5
2017-07-20,259,1.5,1.7
2017-07-20,260,1.6,1.75
2017-07-20,261,1.6,1.7
2017-07-20,263,1.5,1.7
2017-07-20,264,1.6,1.7
2017-07-20,267,0.75,0.85
2017-07-20,269,0.6,0.65
2017-07-20,272,1.5,1.6
2017-07-20,274,1.7,1.9
2017-07-20,275,1.7,1.9
2017-07-20,276,1.85,1.9
2017-07-20,277,2.05,2.2
2017-07-20,278,1.85,2
2017-07-20,279,1.7,1.9
2017-07-20,280,1.3,1.5
2017-07-20,282,1.2,1.4
2017-07-20,283,1.6,1.7
2017-07-20,284,1.5,1.6
2017-07-20,285,1.5,1.8
2017-07-20,286,1.7,1.9
2017-07-20,287,1.7,1.9
2017-07-20,288,1.5,1.6
2017-07-20,290,1.7,1.9
2017-07-20,291,8,15
2017-07-20,292,,
2017-07-20,293,,
2017-07-20,294,,
2017-07-20,295,,
2017-07-20,296,,
2017-07-20,297,,
2017-07-20,298,,
2017-07-20,299,,
2017-07-20,300,,
2017-07-20,301,,
2017-07-20,302,,
2017-07-20,305,,
2017-07-20,306,,
2017-07-20,307,,
2017-07-20,308,,
2017-07-20,309,,
2017-07-20,310,,
2017-07-20,311,,
2017-07-20,313,,
2017-07-20,314,,
2017-07-20,315,,
2017-07-20,316,,
2017-07-20,317,,
2017-07-20,318,,
2017-07-20,319,,
2017-07-20,321,,
2017-07-20,373,,
2017-07-20,377,1.8,2.1
2017-07-20,378,1.7,2
2017-07-20,421,,
2017-07-20,426,1.6,1.9
2017-07-20,433,1.75,1.85
2017-07-20,434,2.7,2.9
2017-07-20,435,2.6,2.8
2017-07-20,454,0.07,0.09
2017-07-20,455,2.5,2.9
2017-07-20,456,2,2.2
2017-07-20,457,2.1,2.3
2017-07-20,471,0.14,0.18
2017-07-20,472,0.14,0.18
2017-07-20,561,,
2017-07-20,604,,
2017-07-20,643,,
2017-07-20,651,1.35,1.55
2017-07-20,659,,
2017-07-20,716,1.9,2.1
2017-07-20,727,,
2017-07-20,779,,
2017-07-20,781,0.28,0.38
2017-07-20,782,0.28,0.38
2017-07-20,783,0.28,0.38
2017-07-20,789,0.65,0.72
2017-07-20,882,0.34,0.38
2017-07-20,896,,
2017-07-20,897,,
2017-07-20,907,2.25,2.45
2017-07-20,908,2.6,3
2017-07-20,928,,
2017-07-20,929,,
2017-07-20,933,,
2017-07-20,934,,
2017-07-20,935,,
2017-07-20,936,328,330
2017-07-20,937,330,334
2017-07-20,938,,
2017-07-20,939,,
2017-07-20,940,,
2017-07-20,941,,
2017-07-20,942,,
2017-07-20,943,,
2017-07-20,948,,
2017-07-20,954,,
2017-07-20,958,162,164
2017-07-20,959,,
2017-07-20,960,,
2017-07-20,962,350,370
2017-07-20,963,430,450
2017-07-20,964,480,500
2017-07-20,965,490,510
2017-07-20,966,365,370
2017-07-20,968,124,125
2017-07-20,969,135,136
2017-07-20,970,152,155
2017-07-20,971,128,130
2017-07-20,973,164,165
2017-07-20,974,175,176
2017-07-20,975,185,190
2017-07-20,976,122,123
2017-07-20,977,129,130
2017-07-20,978,148,150
2017-07-20,979,188,190
2017-07-20,980,365,375
2017-07-20,981,365,375
2017-07-20,982,279,289
2017-07-20,983,385,395
2017-07-20,986,380,390
2017-07-20,988,625,635
2017-07-20,989,850,880
2017-07-20,990,390,400
2017-07-20,991,222,232
2017-07-20,992,222,232
2017-07-20,993,325,326
2017-07-20,994,324,325
2017-07-20,995,334,336
2017-07-20,996,333,335
2017-07-20,999,494,496
2017-07-20,1000,,
2017-07-20,1001,145,170
2017-07-20,1002,193,195
2017-07-20,1003,240,245
2017-07-20,1004,372,375
2017-07-20,1005,395,398
2017-07-20,1007,210,220
2017-07-20,1008,200,205
2017-07-20,1009,160,165
2017-07-20,1010,225,230
2017-07-20,1011,180,185
2017-07-20,1012,170,180
2017-07-20,1013,95,100
2017-07-20,1014,98,100
2017-07-20,1015,125,130
2017-07-20,1016,107,109
2017-07-20,1017,1370,1390
2017-07-20,1018,1495,1500
2017-07-20,1021,154,156
2017-07-20,1022,690,695
2017-07-20,1023,660,665
2017-07-20,1024,139,140
2017-07-20,1025,137,140
2017-07-20,1026,147,150
2017-07-20,1027,180,187
2017-07-20,1028,340,355
2017-07-20,1029,360,365
2017-07-20,1030,300,320
2017-07-20,1033,270,280
2017-07-20,1034,255,270
2017-07-20,1035,180,195
2017-07-20,1036,128,130
2017-07-20,1037,107,110
2017-07-20,1038,60,70
2017-07-20,1039,,
2017-07-20,1042,85,100
2017-07-20,1043,95,110
2017-07-20,1049,90,100
2017-07-20,1050,27,32
2017-07-20,1051,30,35
2017-07-20,1058,,
2017-07-20,1059,,
2017-07-20,1086,,
2017-07-20,1087,,
2017-07-20,1088,,
2017-07-20,1089,,
2017-07-20,1122,,
2017-07-20,1123,155,157
2017-07-20,1124,160,162
2017-07-20,1126,235,240
2017-07-20,1132,,
2017-07-20,1133,0.2,0.32
2017-07-20,1134,0.2,0.32
2017-07-20,1138,181,185
2017-07-20,1145,,
2017-07-20,1146,0.6,0.7
2017-07-20,1153,0.3,0.38
2017-07-20,1154,0.23,0.3
2017-07-20,1156,110,125
2017-07-20,1157,120,135
2017-07-20,1158,70,85
2017-07-20,1163,0.13,0.16
2017-07-20,1164,,
2017-07-20,1165,,
2017-07-20,1166,110,125
2017-07-20,1167,120,135
2017-07-20,1168,,
2017-07-20,1171,0.32,0.4
2017-07-20,1183,180,190
2017-07-20,1184,270,310
2017-07-20,1190,,
2017-07-20,1191,,
2017-07-20,1192,,
2017-07-20,1230,433,434
2017-07-20,1231,,
2017-07-20,1252,645,655
2017-07-20,1261,,
2017-07-20,1262,,
2017-07-20,1263,,
2017-07-20,1264,,
2017-07-20,1265,,
2017-07-20,1266,,
2017-07-20,1267,,
2017-07-20,1268,,
2017-07-20,1269,,
2017-07-20,1270,,
2017-07-20,1271,,
2017-07-20,1272,,
2017-07-20,1273,,
2017-07-20,1274,,
2017-07-20,1275,,
2017-07-20,1276,,
2017-07-20,1277,,
2017-07-20,1278,,
2017-07-20,1279,,
2017-07-20,1280,,
2017-07-20,1281,,
2017-07-20,1282,,
2017-07-20,1283,,
2017-07-20,1284,,
2017-07-20,1285,,
2017-07-20,1287,0.8,1
2017-07-20,1288,0.65,0.75
2017-07-20,1289,0.8,0.95
2017-07-20,1290,1.7,2
2017-07-20,1291,1.5,1.6
2017-07-20,1292,1.6,1.7
2017-07-20,1294,320,355
2017-07-20,1295,330,340
2017-07-20,1296,,
2017-07-20,1299,2.5,2.9
2017-07-20,1302,207,209
2017-07-20,1308,185,187
2017-07-20,1309,187,189
2017-07-20,1310,187,189
2017-07-20,1311,189,190
2017-07-20,1312,,
2017-07-20,1313,11.7,12
2017-07-20,1314,10.85,11.35
2017-07-20,1315,10.25,10.7
2017-07-20,1316,9.6,9.95
2017-07-20,1319,225,240
2017-07-20,1320,245,250
2017-07-20,1322,,
2017-07-20,1323,,
2017-07-20,1324,,
2017-07-20,1325,,
2017-07-20,1326,,
2017-07-20,1327,,
2017-07-20,1332,1.8,2
2017-07-20,1347,,
2017-07-20,1352,227,232
2017-07-20,1353,190,195
2017-07-20,1354,230,235
2017-07-20,1355,,
2017-07-20,1356,,
2017-07-20,1357,240,245
2017-07-20,1360,430,435
2017-07-20,1361,,
2017-07-20,1362,0.13,0.23
2017-07-20,1363,230,235
2017-07-20,1364,220,225
2017-07-20,1365,0.28,0.33
2017-07-20,1366,1.4,1.6
2017-07-20,1367,,
2017-07-20,1368,0.3,0.35
2017-07-20,1369,0.45,0.5
2017-07-20,1370,,
2017-07-20,1371,,
2017-07-27,30,224,229
2017-07-27,31,235,240
2017-07-27,103,620,720
2017-07-27,104,670,770
2017-07-27,105,500,600
2017-07-27,106,490,590
2017-07-27,107,520,620
2017-07-27,108,410,510
2017-07-27,109,550,650
2017-07-27,183,5.9,6.1
2017-07-27,184,6.1,7.1
2017-07-27,186,1.6,1.8
2017-07-27,190,1.7,1.8
2017-07-27,191,,
2017-07-27,192,,
2017-07-27,194,,
2017-07-27,195,,
2017-07-27,196,2.1,2.3
2017-07-27,197,1.35,1.55
2017-07-27,204,2.1,2.3
2017-07-27,206,2,2.3
2017-07-27,210,1.95,2.3
2017-07-27,211,2.2,2.5
2017-07-27,239,2.8,3
2017-07-27,240,,
2017-07-27,241,,
2017-07-27,242,,
2017-07-27,243,,
2017-07-27,244,3,3.3
2017-07-27,245,3,4
2017-07-27,246,3.5,3.7
2017-07-27,247,0.55,0.65
2017-07-27,248,0.55,0.65
2017-07-27,249,0.7,0.85
2017-07-27,250,0.75,0.85
2017-07-27,251,0.8,0.9
2017-07-27,252,0.8,0.9
2017-07-27,254,0.55,0.65
2017-07-27,255,0.8,0.9
2017-07-27,256,1.2,1.5
2017-07-27,257,1.2,1.5
2017-07-27,258,1.2,1.5
2017-07-27,259,1.5,1.7
2017-07-27,260,1.6,1.75
2017-07-27,261,1.6,1.7
2017-07-27,263,1.5,1.7
2017-07-27,264,1.6,1.7
2017-07-27,267,0.75,0.85
2017-07-27,269,0.6,0.65
2017-07-27,272,1.5,1.6
2017-07-27,274,1.7,1.9
2017-07-27,275,1.7,1.9
2017-07-27,276,1.85,1.9
2017-07-27,277,2.05,2.2
2017-07-27,278,1.85,2
2017-07-27,279,1.7,1.9
2017-07-27,280,1.3,1.5
2017-07-27,282,1.2,1.4
2017-07-27,283,1.6,1.7
2017-07-27,284,1.5,1.6
2017-07-27,285,1.5,1.8
2017-07-27,286,1.7,1.9
2017-07-27,287,1.7,1.9
2017-07-27,288,1.5,1.6
2017-07-27,290,1.7,1.9
2017-07-27,291,8,15
2017-07-27,292,,
2017-07-27,293,,
2017-07-27,294,,
2017-07-27,295,,
2017-07-27,296,,
2017-07-27,297,,
2017-07-27,298,,
2017-07-27,299,,
2017-07-27,300,,
2017-07-27,301,,
2017-07-27,302,,
2017-07-27,305,,
2017-07-27,306,,
2017-07-27,307,,
2017-07-27,308,,
2017-07-27,309,,
2017-07-27,310,,
2017-07-27,311,,
2017-07-27,313,,
2017-07-27,314,,
2017-07-27,315,,
2017-07-27,316,,
2017-07-27,317,,
2017-07-27,318,,
2017-07-27,319,,
2017-07-27,321,,
2017-07-27,377,1.8,2.1
2017-07-27,378,1.7,2
2017-07-27,426,1.6,1.9
2017-07-27,433,1.75,1.85
2017-07-27,434,2.7,2.9
2017-07-27,435,2.6,2.8
2017-07-27,454,0.07,0.09
2017-07-27,455,2.4,2.8
2017-07-27,456,2.1,2.3
2017-07-27,457,2.2,2.4
2017-07-27,471,0.14,0.18
2017-07-27,472,0.14,0.18
2017-07-27,561,,
2017-07-27,604,,
2017-07-27,651,1.35,1.55
2017-07-27,716,,
2017-07-27,727,,
2017-07-27,781,0.26,0.36
2017-07-27,782,0.26,0.36
2017-07-27,783,0.26,0.36
2017-07-27,789,0.65,0.75
2017-07-27,793,,
2017-07-27,798,,
2017-07-27,882,0.34,0.38
2017-07-27,896,,
2017-07-27,897,,
2017-07-27,907,2.35,2.55
2017-07-27,908,2.5,2.9
2017-07-27,928,,
2017-07-27,929,,
2017-07-27,933,,
2017-07-27,934,,
2017-07-27,935,,
2017-07-27,936,303,305
2017-07-27,937,305,309
2017-07-27,938,,
2017-07-27,939,,
2017-07-27,940,,
2017-07-27,941,,
2017-07-27,942,,
2017-07-27,943,,
2017-07-27,948,,
2017-07-27,954,155,160
2017-07-27,958,162,164
2017-07-27,959,,
2017-07-27,960,180,190
2017-07-27,962,350,370
2017-07-27,963,430,450
2017-07-27,964,480,500
2017-07-27,965,490,510
2017-07-27,966,365,370
2017-07-27,968,124,125
2017-07-27,969,135,136
2017-07-27,970,152,155
2017-07-27,971,128,130
2017-07-27,973,164,165
2017-07-27,974,175,176
2017-07-27,975,185,190
2017-07-27,976,122,123
2017-07-27,977,129,130
2017-07-27,978,148,150
2017-07-27,979,188,190
2017-07-27,980,365,375
2017-07-27,981,365,375
2017-07-27,982,279,289
2017-07-27,983,385,395
2017-07-27,986,380,390
2017-07-27,988,625,635
2017-07-27,989,950,980
2017-07-27,990,390,400
2017-07-27,991,222,232
2017-07-27,992,222,232
2017-07-27,993,315,316
2017-07-27,994,314,315
2017-07-27,995,324,326
2017-07-27,996,323,325
2017-07-27,999,481,483
2017-07-27,1000,,
2017-07-27,1001,145,160
2017-07-27,1002,188,190
2017-07-27,1003,230,235
2017-07-27,1004,367,370
2017-07-27,1005,392,395
2017-07-27,1007,210,220
2017-07-27,1008,200,205
2017-07-27,1009,160,165
2017-07-27,1010,225,230
2017-07-27,1011,180,185
2017-07-27,1012,170,180
2017-07-27,1013,95,100
2017-07-27,1014,98,100
2017-07-27,1015,125,130
2017-07-27,1016,107,109
2017-07-27,1017,1370,1390
2017-07-27,1018,1495,1500
2017-07-27,1021,154,156
2017-07-27,1022,690,695
2017-07-27,1023,660,665
2017-07-27,1024,134,135
2017-07-27,1025,132,135
2017-07-27,1026,144,147
2017-07-27,1027,180,185
2017-07-27,1028,340,355
2017-07-27,1029,360,365
2017-07-27,1030,290,310
2017-07-27,1033,275,285
2017-07-27,1034,260,275
2017-07-27,1035,180,195
2017-07-27,1036,128,130
2017-07-27,1037,107,110
2017-07-27,1038,60,70
2017-07-27,1039,,
2017-07-27,1042,85,100
2017-07-27,1043,95,110
2017-07-27,1049,90,100
2017-07-27,1050,27,32
2017-07-27,1051,30,35
2017-07-27,1058,,
2017-07-27,1059,,
2017-07-27,1086,,
2017-07-27,1087,,
2017-07-27,1088,,
2017-07-27,1089,,
2017-07-27,1122,,
2017-07-27,1123,155,157
2017-07-27,1124,160,162
2017-07-27,1126,235,240
2017-07-27,1133,0.2,0.3
2017-07-27,1134,0.2,0.3
2017-07-27,1138,181,185
2017-07-27,1145,,
2017-07-27,1146,,
2017-07-27,1153,0.35,0.47
2017-07-27,1154,0.27,0.4
2017-07-27,1156,110,125
2017-07-27,1157,120,135
2017-07-27,1158,70,85
2017-07-27,1163,0.15,0.19
2017-07-27,1164,,
2017-07-27,1165,,
2017-07-27,1166,110,125
2017-07-27,1167,120,135
2017-07-27,1168,0.6,0.7
2017-07-27,1171,0.35,0.5
2017-07-27,1182,,
2017-07-27,1183,170,180
2017-07-27,1184,270,310
2017-07-27,1188,,
2017-07-27,1190,,
2017-07-27,1191,,
2017-07-27,1192,,
2017-07-27,1197,,
2017-07-27,1230,423,424
2017-07-27,1231,,
2017-07-27,1252,645,655
2017-07-27,1261,,
2017-07-27,1262,,
2017-07-27,1263,,
2017-07-27,1264,,
2017-07-27,1265,,
2017-07-27,1266,,
2017-07-27,1267,,
2017-07-27,1268,,
2017-07-27,1269,,
2017-07-27,1270,,
2017-07-27,1271,,
2017-07-27,1272,,
2017-07-27,1273,,
2017-07-27,1274,,
2017-07-27,1275,,
2017-07-27,1276,,
2017-07-27,1277,,
2017-07-27,1278,,
2017-07-27,1279,,
2017-07-27,1280,,
2017-07-27,1281,,
2017-07-27,1282,,
2017-07-27,1283,,
2017-07-27,1284,,
2017-07-27,1285,,
2017-07-27,1287,0.8,1
2017-07-27,1288,0.65,0.75
2017-07-27,1289,0.8,0.95
2017-07-27,1290,1.7,2
2017-07-27,1291,1.5,1.6
2017-07-27,1292,1.6,1.7
2017-07-27,1294,310,355
2017-07-27,1295,,
2017-07-27,1296,,
2017-07-27,1299,2.5,2.9
2017-07-27,1302,207,209
2017-07-27,1308,185,187
2017-07-27,1309,187,189
2017-07-27,1310,187,189
2017-07-27,1311,187,188
2017-07-27,1312,,
2017-07-27,1313,11.7,12
2017-07-27,1314,10.85,11.35
2017-07-27,1315,10.25,10.7
2017-07-27,1316,9.6,9.95
2017-07-27,1319,225,240
2017-07-27,1320,245,250
2017-07-27,1322,,
2017-07-27,1323,,
2017-07-27,1324,,
2017-07-27,1325,,
2017-07-27,1326,,
2017-07-27,1327,,
2017-07-27,1332,1.7,1.9
2017-07-27,1352,227,232
2017-07-27,1353,190,195
2017-07-27,1354,230,235
2017-07-27,1355,,
2017-07-27,1356,,
2017-07-27,1357,240,245
2017-07-27,1360,430,435
2017-07-27,1362,0.13,0.23
2017-07-27,1363,230,235
2017-07-27,1364,220,225
2017-07-27,1365,,
2017-07-27,1366,1.35,1.55
2017-07-27,1367,32,34
2017-07-27,1368,0.35,0.47
2017-07-27,1369,0.45,0.5
2017-07-27,1370,0.25,0.32
2017-07-27,1371,0.25,0.32
2017-07-27,1372,,
2017-07-27,1373,,
2017-07-27,1374,,
2017-07-27,1375,,
2017-08-03,30,224,229
2017-08-03,31,232,237
2017-08-03,103,620,720
2017-08-03,104,670,770
2017-08-03,105,500,600
2017-08-03,106,490,590
2017-08-03,107,520,620
2017-08-03,108,410,510
2017-08-03,109,550,650
2017-08-03,175,0.25,0.28
2017-08-03,176,0.35,0.4
2017-08-03,178,0.35,0.4
2017-08-03,183,5.9,6.1
2017-08-03,184,6.1,7.1
2017-08-03,186,1.6,1.8
2017-08-03,190,1.7,1.8
2017-08-03,191,,
2017-08-03,192,,
2017-08-03,194,,
2017-08-03,195,,
2017-08-03,196,2.1,2.3
2017-08-03,197,1.35,1.55
2017-08-03,204,2.1,2.3
2017-08-03,206,2,2.3
2017-08-03,210,1.95,2.3
2017-08-03,211,2.2,2.5
2017-08-03,239,2.8,3
2017-08-03,240,,
2017-08-03,241,,
2017-08-03,242,,
2017-08-03,243,,
2017-08-03,244,3,3.3
2017-08-03,245,3,4
2017-08-03,246,3.5,3.7
2017-08-03,247,0.55,0.65
2017-08-03,248,0.55,0.65
2017-08-03,249,0.7,0.85
2017-08-03,250,0.75,0.85
2017-08-03,251,0.8,0.9
2017-08-03,252,0.8,0.9
2017-08-03,254,0.55,0.65
2017-08-03,255,0.8,0.9
2017-08-03,256,1.2,1.5
2017-08-03,257,1.2,1.5
2017-08-03,258,1.2,1.5
2017-08-03,259,1.5,1.7
2017-08-03,260,1.6,1.75
2017-08-03,261,1.6,1.7
2017-08-03,263,1.5,1.7
2017-08-03,264,1.6,1.7
2017-08-03,267,0.75,0.85
2017-08-03,269,0.6,0.65
2017-08-03,272,1.5,1.6
2017-08-03,274,1.7,1.9
2017-08-03,275,1.7,1.9
2017-08-03,276,1.85,1.9
2017-08-03,277,2.05,2.2
2017-08-03,278,1.85,2
2017-08-03,279,1.7,1.9
2017-08-03,280,1.3,1.5
2017-08-03,282,1.2,1.4
2017-08-03,283,1.6,1.7
2017-08-03,284,1.5,1.6
2017-08-03,285,1.5,1.8
2017-08-03,286,1.7,1.9
2017-08-03,287,1.7,1.9
2017-08-03,288,1.5,1.6
2017-08-03,290,1.7,1.9
2017-08-03,291,8,15
2017-08-03,292,,
2017-08-03,293,,
2017-08-03,294,,
2017-08-03,295,,
2017-08-03,296,,
2017-08-03,297,,
2017-08-03,298,,
2017-08-03,299,,
2017-08-03,300,,
2017-08-03,301,,
2017-08-03,302,,
2017-08-03,305,,
2017-08-03,306,,
2017-08-03,307,,
2017-08-03,308,,
2017-08-03,309,,
2017-08-03,310,,
2017-08-03,311,,
2017-08-03,313,,
2017-08-03,314,,
2017-08-03,315,,
2017-08-03,316,,
2017-08-03,317,,
2017-08-03,318,,
2017-08-03,319,,
2017-08-03,321,,
2017-08-03,377,1.8,2.1
2017-08-03,378,1.7,2
2017-08-03,426,1.6,1.9
2017-08-03,433,1.75,1.85
2017-08-03,434,2.7,2.9
2017-08-03,435,2.6,2.8
2017-08-03,454,,
2017-08-03,455,2.4,2.8
2017-08-03,456,2.1,2.3
2017-08-03,457,2.2,2.4
2017-08-03,471,,
2017-08-03,472,,
2017-08-03,494,0.25,0.28
2017-08-03,561,,
2017-08-03,604,,
2017-08-03,651,1.35,1.55
2017-08-03,716,,
2017-08-03,727,,
2017-08-03,781,,
2017-08-03,782,,
2017-08-03,783,,
2017-08-03,789,,
2017-08-03,793,0.52,0.58
2017-08-03,798,0.26,0.36
2017-08-03,799,,
2017-08-03,810,0.35,0.4
2017-08-03,814,0.22,0.34
2017-08-03,828,0.58,0.65
2017-08-03,840,0.35,0.4
2017-08-03,879,,
2017-08-03,880,,
2017-08-03,881,,
2017-08-03,882,0.34,0.38
2017-08-03,885,,
2017-08-03,896,,
2017-08-03,897,,
2017-08-03,907,2.35,2.55
2017-08-03,908,2.5,2.9
2017-08-03,928,,
2017-08-03,929,,
2017-08-03,933,,
2017-08-03,934,,
2017-08-03,935,,
2017-08-03,936,298,300
2017-08-03,937,300,304
2017-08-03,938,,
2017-08-03,939,,
2017-08-03,940,,
2017-08-03,941,,
2017-08-03,942,,
2017-08-03,943,,
2017-08-03,948,,
2017-08-03,954,155,160
2017-08-03,958,165,167
2017-08-03,959,,
2017-08-03,960,179,183
2017-08-03,962,350,370
2017-08-03,963,430,450
2017-08-03,964,480,500
2017-08-03,965,490,510
2017-08-03,966,365,370
2017-08-03,968,122,123
2017-08-03,969,133,134
2017-08-03,970,152,155
2017-08-03,971,127,129
2017-08-03,973,162,163
2017-08-03,974,173,174
2017-08-03,975,185,190
2017-08-03,976,120,121
2017-08-03,977,128,129
2017-08-03,978,148,150
2017-08-03,979,188,190
2017-08-03,980,365,375
2017-08-03,981,365,375
2017-08-03,982,279,289
2017-08-03,983,385,395
2017-08-03,986,380,390
2017-08-03,988,625,635
2017-08-03,989,950,980
2017-08-03,990,390,400
2017-08-03,991,220,230
2017-08-03,992,220,230
2017-08-03,993,303,304
2017-08-03,994,302,303
2017-08-03,995,312,314
2017-08-03,996,311,313
2017-08-03,999,466,468
2017-08-03,1000,,
2017-08-03,1001,140,155
2017-08-03,1002,183,185
2017-08-03,1003,230,235
2017-08-03,1004,352,355
2017-08-03,1005,377,380
2017-08-03,1007,210,220
2017-08-03,1008,200,205
2017-08-03,1009,160,165
2017-08-03,1010,225,230
2017-08-03,1011,180,185
2017-08-03,1012,170,180
2017-08-03,1013,95,100
2017-08-03,1014,98,100
2017-08-03,1015,125,130
2017-08-03,1016,107,109
2017-08-03,1017,1370,1390
2017-08-03,1018,1495,1500
2017-08-03,1021,154,156
2017-08-03,1022,690,695
2017-08-03,1023,660,665
2017-08-03,1024,134,135
2017-08-03,1025,132,135
2017-08-03,1026,154,157
2017-08-03,1027,180,185
2017-08-03,1028,340,355
2017-08-03,1029,365,370
2017-08-03,1030,290,310
2017-08-03,1033,280,290
2017-08-03,1034,265,280
2017-08-03,1035,180,195
2017-08-03,1036,128,130
2017-08-03,1037,107,110
2017-08-03,1038,60,70
2017-08-03,1039,,
2017-08-03,1042,85,100
2017-08-03,1043,95,110
2017-08-03,1049,90,100
2017-08-03,1050,27,32
2017-08-03,1051,30,35
2017-08-03,1058,,
2017-08-03,1059,,
2017-08-03,1086,,
2017-08-03,1087,,
2017-08-03,1088,,
2017-08-03,1089,,
2017-08-03,1122,,
2017-08-03,1123,155,157
2017-08-03,1124,160,162
2017-08-03,1126,235,240
2017-08-03,1133,0.25,0.35
2017-08-03,1134,0.3,0.4
2017-08-03,1138,180,184
2017-08-03,1145,,
2017-08-03,1153,,
2017-08-03,1154,,
2017-08-03,1156,110,125
2017-08-03,1157,120,135
2017-08-03,1158,70,85
2017-08-03,1163,,
2017-08-03,1164,,
2017-08-03,1165,,
2017-08-03,1166,110,125
2017-08-03,1167,120,135
2017-08-03,1168,0.6,0.7
2017-08-03,1171,0.35,0.5
2017-08-03,1182,0.27,0.4
2017-08-03,1183,170,180
2017-08-03,1184,270,310
2017-08-03,1187,0.3,0.35
2017-08-03,1188,0.2,0.24
2017-08-03,1190,,
2017-08-03,1191,,
2017-08-03,1192,,
2017-08-03,1197,0.35,0.42
2017-08-03,1198,0.35,0.45
2017-08-03,1199,,
2017-08-03,1200,0.55,0.63
2017-08-03,1211,0.35,0.42
2017-08-03,1212,0.35,0.45
2017-08-03,1213,0.5,0.6
2017-08-03,1214,,
2017-08-03,1215,0.55,0.63
2017-08-03,1230,409,410
2017-08-03,1231,,
2017-08-03,1232,,
2017-08-03,1233,,
2017-08-03,1252,645,655
2017-08-03,1261,,
2017-08-03,1262,,
2017-08-03,1263,,
2017-08-03,1264,,
2017-08-03,1265,,
2017-08-03,1266,,
2017-08-03,1267,,
2017-08-03,1268,,
2017-08-03,1269,,
2017-08-03,1270,,
2017-08-03,1271,,
2017-08-03,1272,,
2017-08-03,1273,,
2017-08-03,1274,,
2017-08-03,1275,,
2017-08-03,1276,,
2017-08-03,1277,,
2017-08-03,1278,,
2017-08-03,1279,,
2017-08-03,1280,,
2017-08-03,1281,,
2017-08-03,1282,,
2017-08-03,1283,,
2017-08-03,1284,,
2017-08-03,1285,,
2017-08-03,1287,0.8,1
2017-08-03,1288,0.65,0.75
2017-08-03,1289,0.8,0.95
2017-08-03,1290,1.7,2
2017-08-03,1291,1.5,1.6
2017-08-03,1292,1.6,1.7
2017-08-03,1294,310,355
2017-08-03,1295,,
2017-08-03,1296,,
2017-08-03,1299,2.5,2.9
2017-08-03,1302,206,208
2017-08-03,1308,184,186
2017-08-03,1309,186,188
2017-08-03,1310,186,188
2017-08-03,1311,186,187
2017-08-03,1312,,
2017-08-03,1313,11.7,12
2017-08-03,1314,10.85,11.35
2017-08-03,1315,10.25,10.7
2017-08-03,1316,9.6,9.95
2017-08-03,1319,225,240
2017-08-03,1320,245,250
2017-08-03,1322,,
2017-08-03,1323,,
2017-08-03,1324,,
2017-08-03,1325,,
2017-08-03,1326,,
2017-08-03,1327,,
2017-08-03,1332,1.7,1.9
2017-08-03,1352,226,231
2017-08-03,1353,189,194
2017-08-03,1354,230,235
2017-08-03,1355,,
2017-08-03,1356,,
2017-08-03,1357,240,245
2017-08-03,1360,430,435
2017-08-03,1362,0.15,0.25
2017-08-03,1363,230,235
2017-08-03,1364,220,225
2017-08-03,1366,1.35,1.55
2017-08-03,1367,32,34
2017-08-03,1368,0.35,0.47
2017-08-03,1369,,
2017-08-03,1370,0.25,0.32
2017-08-03,1371,0.25,0.32
2017-08-03,1372,0.26,0.34
2017-08-03,1373,0.26,0.34
2017-08-03,1374,0.26,0.36
2017-08-03,1375,0.55,0.62
2017-08-03,1377,,
2017-08-03,1378,,
2017-08-03,1379,,
2017-08-03,1380,,
2017-08-03,1381,,
2017-08-03,1382,,
2017-08-03,1383,,
2017-08-03,1384,,
2017-08-03,1385,,
2017-08-03,1386,,
2017-08-03,1387,,
2017-08-03,1388,,
2017-08-03,1389,,
2017-08-03,1390,,
2017-08-03,1391,,
2017-08-03,1392,,
2017-08-03,1393,,
2017-08-03,1394,,
2017-08-03,1395,,
2017-08-03,1396,,
2017-08-03,1397,0.26,0.34
2017-08-03,1398,,
2017-08-03,1399,0.26,0.36
2017-08-03,1400,,
2017-08-03,1401,,
2017-08-03,1402,,
2017-08-03,1403,0.45,0.55
2017-08-03,1404,0.48,0.53
2017-08-03,1405,0.22,0.34
2017-08-03,1406,0.22,0.34
2017-08-03,1407,0.22,0.34
2017-08-03,1408,0.22,0.34
2017-08-03,1409,0.22,0.34
2017-08-03,1410,0.3,0.35
2017-08-03,1411,0.35,0.4
2017-08-03,1412,0.45,0.55
2017-08-03,1413,0.48,0.53
2017-08-03,1414,0.55,0.65
2017-08-03,1415,0.77,0.85
2017-08-03,1416,,
2017-08-03,1417,0.34,0.38
2017-08-24,30,227,232
2017-08-24,31,235,240
2017-08-24,103,620,720
2017-08-24,104,670,770
2017-08-24,105,500,600
2017-08-24,106,490,590
2017-08-24,107,520,620
2017-08-24,108,410,510
2017-08-24,109,550,650
2017-08-24,175,0.25,0.28
2017-08-24,176,0.35,0.4
2017-08-24,178,0.35,0.4
2017-08-24,183,5.9,6.1
2017-08-24,184,6.1,7.1
2017-08-24,186,1.6,1.8
2017-08-24,190,1.7,1.8
2017-08-24,191,,
2017-08-24,192,,
2017-08-24,194,,
2017-08-24,195,,
2017-08-24,196,2.1,2.3
2017-08-24,197,1.35,1.55
2017-08-24,204,2.1,2.3
2017-08-24,206,2,2.3
2017-08-24,210,1.95,2.3
2017-08-24,211,2.2,2.5
2017-08-24,239,2.8,3
2017-08-24,240,,
2017-08-24,241,,
2017-08-24,242,,
2017-08-24,243,,
2017-08-24,244,3,3.3
2017-08-24,245,3,4
2017-08-24,246,3.5,3.7
2017-08-24,247,0.55,0.65
2017-08-24,248,0.55,0.65
2017-08-24,249,0.7,0.85
2017-08-24,250,0.75,0.85
2017-08-24,251,0.8,0.9
2017-08-24,252,0.8,0.9
2017-08-24,254,0.55,0.65
2017-08-24,255,0.8,0.9
2017-08-24,256,1.2,1.5
2017-08-24,257,1.2,1.5
2017-08-24,258,1.2,1.5
2017-08-24,259,1.5,1.7
2017-08-24,260,1.6,1.75
2017-08-24,261,1.6,1.7
2017-08-24,263,1.5,1.7
2017-08-24,264,1.6,1.7
2017-08-24,267,0.75,0.85
2017-08-24,269,0.6,0.65
2017-08-24,272,1.5,1.6
2017-08-24,274,1.7,1.9
2017-08-24,275,1.7,1.9
2017-08-24,276,1.85,1.9
2017-08-24,277,2.05,2.2
2017-08-24,278,1.85,2
2017-08-24,279,1.7,1.9
2017-08-24,280,1.3,1.5
2017-08-24,282,1.2,1.4
2017-08-24,283,1.6,1.7
2017-08-24,284,1.5,1.6
2017-08-24,285,1.5,1.8
2017-08-24,286,1.7,1.9
2017-08-24,287,1.7,1.9
2017-08-24,288,1.5,1.6
2017-08-24,290,1.7,1.9
2017-08-24,291,8,15
2017-08-24,292,,
2017-08-24,293,,
2017-08-24,294,,
2017-08-24,295,,
2017-08-24,296,,
2017-08-24,297,,
2017-08-24,298,,
2017-08-24,299,,
2017-08-24,300,,
2017-08-24,301,,
2017-08-24,302,,
2017-08-24,305,,
2017-08-24,306,,
2017-08-24,307,,
2017-08-24,308,,
2017-08-24,309,,
2017-08-24,310,,
2017-08-24,311,,
2017-08-24,313,,
2017-08-24,314,,
2017-08-24,315,,
2017-08-24,316,,
2017-08-24,317,,
2017-08-24,318,,
2017-08-24,319,,
2017-08-24,321,,
2017-08-24,377,1.8,2.1
2017-08-24,378,1.7,2
2017-08-24,426,1.6,1.9
2017-08-24,433,1.75,1.85
2017-08-24,434,2.7,2.9
2017-08-24,435,2.6,2.8
2017-08-24,455,2.4,2.8
2017-08-24,456,2.1,2.3
2017-08-24,457,2.2,2.4
2017-08-24,494,0.25,0.28
2017-08-24,525,,
2017-08-24,527,,
2017-08-24,561,,
2017-08-24,604,,
2017-08-24,651,1.35,1.55
2017-08-24,709,,
2017-08-24,716,,
2017-08-24,727,,
2017-08-24,793,,
2017-08-24,798,,
2017-08-24,799,0.22,0.32
2017-08-24,810,0.35,0.4
2017-08-24,814,0.22,0.32
2017-08-24,828,0.55,0.65
2017-08-24,840,0.35,0.4
2017-08-24,879,0.75,0.83
2017-08-24,880,0.7,0.8
2017-08-24,881,0.8,0.9
2017-08-24,882,0.34,0.38
2017-08-24,885,0.22,0.32
2017-08-24,896,,
2017-08-24,897,,
2017-08-24,907,2.35,2.55
2017-08-24,908,2.5,2.9
2017-08-24,928,,
2017-08-24,929,,
2017-08-24,933,165,168
2017-08-24,934,,
2017-08-24,935,,
2017-08-24,936,288,290
2017-08-24,937,290,294
2017-08-24,938,,
2017-08-24,939,,
2017-08-24,940,235,245
2017-08-24,941,,
2017-08-24,942,,
2017-08-24,943,,
2017-08-24,948,,
2017-08-24,954,155,160
2017-08-24,958,168,170
2017-08-24,959,,
2017-08-24,960,178,180
2017-08-24,962,350,370
2017-08-24,963,430,450
2017-08-24,964,480,500
2017-08-24,965,490,510
2017-08-24,966,365,370
2017-08-24,968,102,103
2017-08-24,969,113,114
2017-08-24,970,155,158
2017-08-24,971,107,109
2017-08-24,973,142,143
2017-08-24,974,153,154
2017-08-24,975,188,193
2017-08-24,976,100,101
2017-08-24,977,108,109
2017-08-24,978,143,145
2017-08-24,979,188,190
2017-08-24,980,365,375
2017-08-24,981,365,375
2017-08-24,982,279,289
2017-08-24,983,385,395
2017-08-24,986,390,400
2017-08-24,988,625,635
2017-08-24,989,950,980
2017-08-24,990,390,400
2017-08-24,991,210,220
2017-08-24,992,210,220
2017-08-24,993,301,302
2017-08-24,994,300,301
2017-08-24,995,310,312
2017-08-24,996,309,311
2017-08-24,999,448,450
2017-08-24,1000,,
2017-08-24,1001,138,145
2017-08-24,1002,183,185
2017-08-24,1003,227,232
2017-08-24,1004,352,355
2017-08-24,1005,377,380
2017-08-24,1007,210,220
2017-08-24,1008,200,205
2017-08-24,1009,160,165
2017-08-24,1010,225,230
2017-08-24,1011,180,185
2017-08-24,1012,170,180
2017-08-24,1013,95,100
2017-08-24,1014,98,100
2017-08-24,1015,125,130
2017-08-24,1016,107,109
2017-08-24,1017,1370,1390
2017-08-24,1018,1495,1500
2017-08-24,1021,154,156
2017-08-24,1022,693,698
2017-08-24,1023,663,668
2017-08-24,1024,134,135
2017-08-24,1025,132,135
2017-08-24,1026,177,180
2017-08-24,1027,180,185
2017-08-24,1028,340,355
2017-08-24,1029,370,375
2017-08-24,1030,290,310
2017-08-24,1033,285,295
2017-08-24,1034,270,285
2017-08-24,1035,180,195
2017-08-24,1036,128,130
2017-08-24,1037,107,110
2017-08-24,1038,60,70
2017-08-24,1039,,
2017-08-24,1042,100,115
2017-08-24,1043,110,125
2017-08-24,1049,,
2017-08-24,1050,29,34
2017-08-24,1051,32,37
2017-08-24,1058,1300,1400
2017-08-24,1059,,
2017-08-24,1086,,
2017-08-24,1087,30,40
2017-08-24,1088,,
2017-08-24,1089,,
2017-08-24,1122,,
2017-08-24,1123,155,157
2017-08-24,1124,160,162
2017-08-24,1126,235,240
2017-08-24,1138,179,183
2017-08-24,1145,102,
2017-08-24,1156,125,140
2017-08-24,1157,135,150
2017-08-24,1158,80,95
2017-08-24,1164,,
2017-08-24,1165,,
2017-08-24,1166,,
2017-08-24,1167,,
2017-08-24,1171,,
2017-08-24,1182,,
2017-08-24,1183,170,180
2017-08-24,1184,270,310
2017-08-24,1187,,
2017-08-24,1188,,
2017-08-24,1190,125,140
2017-08-24,1191,135,150
2017-08-24,1192,100,110
2017-08-24,1197,0.35,0.42
2017-08-24,1198,0.35,0.48
2017-08-24,1199,0.5,0.6
2017-08-24,1200,0.55,0.63
2017-08-24,1211,,
2017-08-24,1212,0.35,0.48
2017-08-24,1213,0.5,0.6
2017-08-24,1214,0.3,0.35
2017-08-24,1215,,
2017-08-24,1230,399,400
2017-08-24,1231,,
2017-08-24,1232,110,125
2017-08-24,1233,120,135
2017-08-24,1236,,
2017-08-24,1246,,
2017-08-24,1252,645,655
2017-08-24,1261,,
2017-08-24,1262,,
2017-08-24,1263,,
2017-08-24,1264,,
2017-08-24,1265,,
2017-08-24,1266,,
2017-08-24,1267,,
2017-08-24,1268,,
2017-08-24,1269,,
2017-08-24,1270,,
2017-08-24,1271,,
2017-08-24,1272,,
2017-08-24,1273,,
2017-08-24,1274,,
2017-08-24,1275,,
2017-08-24,1276,,
2017-08-24,1277,,
2017-08-24,1278,,
2017-08-24,1279,,
2017-08-24,1280,,
2017-08-24,1281,,
2017-08-24,1282,,
2017-08-24,1283,,
2017-08-24,1284,,
2017-08-24,1285,,
2017-08-24,1287,0.8,1
2017-08-24,1288,0.65,0.75
2017-08-24,1289,0.8,0.95
2017-08-24,1290,1.7,2
2017-08-24,1291,1.5,1.6
2017-08-24,1292,1.6,1.7
2017-08-24,1294,310,355
2017-08-24,1295,,
2017-08-24,1296,,
2017-08-24,1299,2.5,2.9
2017-08-24,1302,203,205
2017-08-24,1308,181,183
2017-08-24,1309,186,188
2017-08-24,1310,186,188
2017-08-24,1311,190,191
2017-08-24,1312,,
2017-08-24,1313,11.7,12
2017-08-24,1314,10.85,11.35
2017-08-24,1315,10.25,10.7
2017-08-24,1316,9.6,9.95
2017-08-24,1319,225,240
2017-08-24,1320,245,250
2017-08-24,1322,1750,1850
2017-08-24,1323,,
2017-08-24,1324,3000,3500
2017-08-24,1325,,
2017-08-24,1326,1200,1400
2017-08-24,1327,900,1000
2017-08-24,1332,1.7,1.9
2017-08-24,1352,225,230
2017-08-24,1353,188,193
2017-08-24,1354,230,235
2017-08-24,1355,,
2017-08-24,1356,,
2017-08-24,1357,240,245
2017-08-24,1360,430,435
2017-08-24,1362,,
2017-08-24,1363,230,235
2017-08-24,1364,220,225
2017-08-24,1366,1.35,1.55
2017-08-24,1367,32,34
2017-08-24,1373,,
2017-08-24,1374,,
2017-08-24,1375,,
2017-08-24,1376,1400,
2017-08-24,1377,,
2017-08-24,1378,,
2017-08-24,1379,,
2017-08-24,1380,,
2017-08-24,1381,,
2017-08-24,1382,,
2017-08-24,1383,,
2017-08-24,1384,,
2017-08-24,1385,,
2017-08-24,1386,,
2017-08-24,1387,,
2017-08-24,1388,,
2017-08-24,1389,,
2017-08-24,1390,,
2017-08-24,1391,,
2017-08-24,1392,,
2017-08-24,1393,,
2017-08-24,1394,,
2017-08-24,1395,,
2017-08-24,1396,,
2017-08-24,1397,,
2017-08-24,1398,0.22,0.32
2017-08-24,1399,0.22,0.34
2017-08-24,1400,0.22,0.32
2017-08-24,1401,0.22,0.32
2017-08-24,1402,0.35,0.4
2017-08-24,1403,0.45,0.55
2017-08-24,1404,0.48,0.53
2017-08-24,1405,0.22,0.32
2017-08-24,1406,0.22,0.32
2017-08-24,1407,,
2017-08-24,1408,0.22,0.32
2017-08-24,1409,0.22,0.32
2017-08-24,1410,0.3,0.35
2017-08-24,1411,0.35,0.4
2017-08-24,1412,0.45,0.55
2017-08-24,1413,0.48,0.53
2017-08-24,1414,0.55,0.65
2017-08-24,1415,0.75,0.83
2017-08-24,1416,0.5,0.6
2017-08-24,1417,0.34,0.38
2017-08-24,1418,,
2017-08-24,1419,,
2017-08-24,1420,,
2017-08-24,1421,,
2017-08-31,30,227,232
2017-08-31,31,233,238
2017-08-31,103,620,720
2017-08-31,104,670,770
2017-08-31,105,500,600
2017-08-31,106,490,590
2017-08-31,107,520,620
2017-08-31,108,410,510
2017-08-31,109,550,650
2017-08-31,175,0.25,0.28
2017-08-31,176,0.35,0.4
2017-08-31,178,0.35,0.4
2017-08-31,183,5.9,6.1
2017-08-31,184,6.1,7.1
2017-08-31,186,1.6,1.8
2017-08-31,190,1.7,1.8
2017-08-31,191,,
2017-08-31,192,,
2017-08-31,194,2.7,2.9
2017-08-31,195,2.7,2.9
2017-08-31,196,2.3,2.5
2017-08-31,197,1.35,1.55
2017-08-31,204,2.1,2.3
2017-08-31,206,2.1,2.4
2017-08-31,210,1.95,2.3
2017-08-31,211,2.2,2.5
2017-08-31,239,2.8,3
2017-08-31,240,,
2017-08-31,241,,
2017-08-31,242,,
2017-08-31,243,,
2017-08-31,244,3,3.3
2017-08-31,245,3,4
2017-08-31,246,3.5,3.7
2017-08-31,247,0.55,0.65
2017-08-31,248,0.55,0.65
2017-08-31,249,0.7,0.85
2017-08-31,250,0.75,0.85
2017-08-31,251,0.8,0.9
2017-08-31,252,0.8,0.9
2017-08-31,254,0.55,0.65
2017-08-31,255,0.8,0.9
2017-08-31,256,1.2,1.5
2017-08-31,257,1.2,1.5
2017-08-31,258,1.2,1.5
2017-08-31,259,1.5,1.7
2017-08-31,260,1.6,1.75
2017-08-31,261,1.6,1.7
2017-08-31,263,1.5,1.7
2017-08-31,264,1.6,1.7
2017-08-31,267,0.75,0.85
2017-08-31,269,0.6,0.65
2017-08-31,272,1.5,1.6
2017-08-31,274,1.7,1.9
2017-08-31,275,1.7,1.9
2017-08-31,276,1.85,1.9
2017-08-31,277,2.05,2.2
2017-08-31,278,1.85,2
2017-08-31,279,1.7,1.9
2017-08-31,280,1.3,1.5
2017-08-31,282,1.2,1.4
2017-08-31,283,1.6,1.7
2017-08-31,284,1.5,1.6
2017-08-31,285,1.5,1.8
2017-08-31,286,1.7,1.9
2017-08-31,287,1.7,1.9
2017-08-31,288,1.5,1.6
2017-08-31,290,1.7,1.9
2017-08-31,291,8,15
2017-08-31,292,,
2017-08-31,293,,
2017-08-31,294,,
2017-08-31,295,,
2017-08-31,296,,
2017-08-31,297,,
2017-08-31,298,,
2017-08-31,299,,
2017-08-31,300,,
2017-08-31,301,,
2017-08-31,302,,
2017-08-31,305,,
2017-08-31,306,,
2017-08-31,307,,
2017-08-31,308,,
2017-08-31,309,,
2017-08-31,310,,
2017-08-31,311,,
2017-08-31,313,,
2017-08-31,314,,
2017-08-31,315,,
2017-08-31,316,,
2017-08-31,317,,
2017-08-31,318,,
2017-08-31,319,,
2017-08-31,321,,
2017-08-31,377,,
2017-08-31,378,,
2017-08-31,426,1.7,2
2017-08-31,433,1.75,1.85
2017-08-31,434,2.7,2.9
2017-08-31,435,2.6,2.8
2017-08-31,455,,
2017-08-31,456,2.2,2.4
2017-08-31,457,2.3,2.5
2017-08-31,525,0.45,0.5
2017-08-31,527,,
2017-08-31,529,,
2017-08-31,561,,
2017-08-31,604,,
2017-08-31,651,1.4,1.6
2017-08-31,709,1.7,2
2017-08-31,716,,
2017-08-31,727,,
2017-08-31,799,,
2017-08-31,828,0.55,0.65
2017-08-31,879,0.75,0.83
2017-08-31,880,0.7,0.8
2017-08-31,881,0.8,0.9
2017-08-31,882,0.34,0.38
2017-08-31,885,0.22,0.32
2017-08-31,896,,
2017-08-31,897,,
2017-08-31,907,2.35,2.55
2017-08-31,908,,
2017-08-31,928,,
2017-08-31,929,,
2017-08-31,933,165,168
2017-08-31,934,,
2017-08-31,935,,
2017-08-31,936,278,280
2017-08-31,937,280,284
2017-08-31,938,,
2017-08-31,939,178,180
2017-08-31,940,235,240
2017-08-31,941,,
2017-08-31,942,,
2017-08-31,943,,
2017-08-31,948,,
2017-08-31,954,155,160
2017-08-31,958,168,170
2017-08-31,959,,
2017-08-31,960,175,177
2017-08-31,962,350,370
2017-08-31,963,430,450
2017-08-31,964,480,500
2017-08-31,965,490,510
2017-08-31,966,365,370
2017-08-31,968,94,95
2017-08-31,969,105,106
2017-08-31,970,152,155
2017-08-31,971,99,101
2017-08-31,973,134,135
2017-08-31,974,145,146
2017-08-31,975,185,190
2017-08-31,976,92,93
2017-08-31,977,100,101
2017-08-31,978,131,133
2017-08-31,979,188,190
2017-08-31,980,365,375
2017-08-31,981,365,375
2017-08-31,982,279,289
2017-08-31,983,,
2017-08-31,986,390,400
2017-08-31,988,,
2017-08-31,989,950,980
2017-08-31,990,390,400
2017-08-31,991,210,220
2017-08-31,992,210,220
2017-08-31,993,299,300
2017-08-31,994,298,299
2017-08-31,995,308,310
2017-08-31,996,307,309
2017-08-31,999,443,450
2017-08-31,1000,,
2017-08-31,1001,138,145
2017-08-31,1002,181,183
2017-08-31,1003,224,229
2017-08-31,1004,347,350
2017-08-31,1005,375,378
2017-08-31,1007,210,220
2017-08-31,1008,200,205
2017-08-31,1009,160,165
2017-08-31,1010,225,230
2017-08-31,1011,180,185
2017-08-31,1012,170,180
2017-08-31,1013,95,100
2017-08-31,1014,98,100
2017-08-31,1015,125,130
2017-08-31,1016,107,109
2017-08-31,1017,1370,1390
2017-08-31,1018,1495,1500
2017-08-31,1021,154,156
2017-08-31,1022,698,703
2017-08-31,1023,663,668
2017-08-31,1024,134,135
2017-08-31,1025,132,135
2017-08-31,1026,177,180
2017-08-31,1027,180,183
2017-08-31,1028,340,355
2017-08-31,1029,,
2017-08-31,1030,290,310
2017-08-31,1033,285,295
2017-08-31,1034,270,285
2017-08-31,1035,180,195
2017-08-31,1036,128,130
2017-08-31,1037,107,110
2017-08-31,1038,60,70
2017-08-31,1039,,
2017-08-31,1042,100,115
2017-08-31,1043,110,125
2017-08-31,1050,29,34
2017-08-31,1051,32,37
2017-08-31,1058,1300,1400
2017-08-31,1059,,
2017-08-31,1086,,
2017-08-31,1087,30,40
2017-08-31,1088,,
2017-08-31,1089,,
2017-08-31,1122,,
2017-08-31,1123,155,157
2017-08-31,1124,160,162
2017-08-31,1126,235,240
2017-08-31,1138,179,183
2017-08-31,1145,95,
2017-08-31,1156,125,140
2017-08-31,1157,135,150
2017-08-31,1158,80,95
2017-08-31,1164,,
2017-08-31,1165,,
2017-08-31,1183,170,180
2017-08-31,1184,270,310
2017-08-31,1190,125,140
2017-08-31,1191,135,150
2017-08-31,1192,100,110
2017-08-31,1198,,
2017-08-31,1199,0.5,0.6
2017-08-31,1214,,
2017-08-31,1230,394,400
2017-08-31,1231,,
2017-08-31,1232,110,125
2017-08-31,1233,120,135
2017-08-31,1236,0.25,0.35
2017-08-31,1246,0.4,0.45
2017-08-31,1252,,
2017-08-31,1261,,
2017-08-31,1262,,
2017-08-31,1263,,
2017-08-31,1264,,
2017-08-31,1265,,
2017-08-31,1266,,
2017-08-31,1267,,
2017-08-31,1268,,
2017-08-31,1269,,
2017-08-31,1270,,
2017-08-31,1271,,
2017-08-31,1272,,
2017-08-31,1273,,
2017-08-31,1274,,
2017-08-31,1275,,
2017-08-31,1276,,
2017-08-31,1277,,
2017-08-31,1278,,
2017-08-31,1279,,
2017-08-31,1280,,
2017-08-31,1281,,
2017-08-31,1282,,
2017-08-31,1283,,
2017-08-31,1284,,
2017-08-31,1285,,
2017-08-31,1287,0.8,1
2017-08-31,1288,0.65,0.75
2017-08-31,1289,0.8,0.95
2017-08-31,1290,1.7,2
2017-08-31,1291,1.5,1.6
2017-08-31,1292,1.6,1.7
2017-08-31,1294,310,345
2017-08-31,1295,,
2017-08-31,1296,,
2017-08-31,1297,125,140
2017-08-31,1298,135,150
2017-08-31,1299,2.6,3
2017-08-31,1302,202,204
2017-08-31,1308,180,182
2017-08-31,1309,186,188
2017-08-31,1310,186,188
2017-08-31,1311,191,192
2017-08-31,1312,,
2017-08-31,1313,11.7,12
2017-08-31,1314,10.85,11.35
2017-08-31,1315,10.25,10.7
2017-08-31,1316,9.6,9.95
2017-08-31,1319,225,240
2017-08-31,1320,245,250
2017-08-31,1322,1750,1850
2017-08-31,1323,,
2017-08-31,1324,3000,3500
2017-08-31,1325,,
2017-08-31,1326,1200,1400
2017-08-31,1327,900,1000
2017-08-31,1332,,
2017-08-31,1352,225,230
2017-08-31,1353,188,193
2017-08-31,1354,230,235
2017-08-31,1355,,
2017-08-31,1356,,
2017-08-31,1357,240,245
2017-08-31,1360,430,435
2017-08-31,1363,230,235
2017-08-31,1364,220,225
2017-08-31,1366,1.35,1.55
2017-08-31,1367,32,34
2017-08-31,1398,,
2017-08-31,1400,,
2017-08-31,1401,0.27,0.37
2017-08-31,1402,,
2017-08-31,1403,0.45,0.55
2017-08-31,1404,0.48,0.53
2017-08-31,1416,0.5,0.6
2017-08-31,1418,0.27,0.37
2017-08-31,1419,0.27,0.37
2017-08-31,1420,0.5,0.6
2017-08-31,1421,1.4,1.6
2017-08-31,1422,365,375
2017-08-31,1423,,
2017-08-31,1424,365,375
2017-08-31,1425,279,289
2017-08-31,1426,,
2017-08-31,1427,270,310
2017-08-31,1428,,
2017-08-31,1429,,
2017-08-31,1430,,
2017-08-31,1431,,
2017-08-31,1432,,
2017-08-31,1433,210,220
2017-08-31,1434,390,400
2017-08-31,1435,390,400
2017-08-31,1436,950,980
2017-08-31,1437,,
2017-08-31,1438,,
2017-08-31,1439,,
2017-08-31,1440,225,240
2017-08-31,1441,245,250
2017-08-31,1442,290,310
2017-08-31,1443,310,345
2017-08-31,1444,,
2017-08-31,1445,,
2017-08-31,1446,,
2017-08-31,1447,,
2017-09-07,30,227,232
2017-09-07,31,233,238
2017-09-07,103,620,720
2017-09-07,104,670,770
2017-09-07,105,500,600
2017-09-07,106,490,590
2017-09-07,107,520,620
2017-09-07,108,410,510
2017-09-07,109,550,650
2017-09-07,175,0.25,0.28
2017-09-07,176,0.35,0.43
2017-09-07,178,0.35,0.42
2017-09-07,183,5.9,6.1
2017-09-07,184,6.1,7.1
2017-09-07,186,1.6,1.8
2017-09-07,190,1.7,1.8
2017-09-07,191,,
2017-09-07,192,,
2017-09-07,194,2.7,2.9
2017-09-07,195,2.7,2.9
2017-09-07,196,2.3,2.5
2017-09-07,197,1.35,1.55
2017-09-07,204,2.1,2.3
2017-09-07,206,2.1,2.4
2017-09-07,210,1.95,2.3
2017-09-07,211,2.2,2.5
2017-09-07,239,2.8,3
2017-09-07,240,,
2017-09-07,241,,
2017-09-07,242,,
2017-09-07,243,,
2017-09-07,244,3,3.3
2017-09-07,245,3,4
2017-09-07,246,3.5,3.7
2017-09-07,247,0.55,0.65
2017-09-07,248,0.55,0.65
2017-09-07,249,0.7,0.85
2017-09-07,250,0.75,0.85
2017-09-07,251,0.8,0.9
2017-09-07,252,0.8,0.9
2017-09-07,254,0.55,0.65
2017-09-07,255,0.8,0.9
2017-09-07,256,1.2,1.5
2017-09-07,257,1.2,1.5
2017-09-07,258,1.2,1.5
2017-09-07,259,1.5,1.7
2017-09-07,260,1.6,1.75
2017-09-07,261,1.6,1.7
2017-09-07,263,1.5,1.7
2017-09-07,264,1.6,1.7
2017-09-07,267,0.75,0.85
2017-09-07,269,0.6,0.65
2017-09-07,272,1.5,1.6
2017-09-07,274,1.7,1.9
2017-09-07,275,1.7,1.9
2017-09-07,276,1.85,1.9
2017-09-07,277,2.05,2.2
2017-09-07,278,1.85,2
2017-09-07,279,1.7,1.9
2017-09-07,280,1.3,1.5
2017-09-07,282,1.2,1.4
2017-09-07,283,1.6,1.7
2017-09-07,284,1.5,1.6
2017-09-07,285,1.5,1.8
2017-09-07,286,1.7,1.9
2017-09-07,287,1.7,1.9
2017-09-07,288,1.5,1.6
2017-09-07,290,1.7,1.9
2017-09-07,291,8,15
2017-09-07,292,,
2017-09-07,293,,
2017-09-07,294,,
2017-09-07,295,,
2017-09-07,296,,
2017-09-07,297,,
2017-09-07,298,,
2017-09-07,299,,
2017-09-07,300,,
2017-09-07,301,,
2017-09-07,302,,
2017-09-07,305,,
2017-09-07,306,,
2017-09-07,307,,
2017-09-07,308,,
2017-09-07,309,,
2017-09-07,310,,
2017-09-07,311,,
2017-09-07,313,,
2017-09-07,314,,
2017-09-07,315,,
2017-09-07,316,,
2017-09-07,317,,
2017-09-07,318,,
2017-09-07,319,,
2017-09-07,321,,
2017-09-07,426,1.7,2
2017-09-07,433,1.75,1.85
2017-09-07,434,2.7,2.9
2017-09-07,435,2.6,2.8
2017-09-07,455,,
2017-09-07,456,2.4,2.6
2017-09-07,457,,
2017-09-07,525,0.45,0.5
2017-09-07,527,2.5,2.7
2017-09-07,529,2.3,2.5
2017-09-07,561,,
2017-09-07,604,,
2017-09-07,651,,
2017-09-07,709,1.7,2
2017-09-07,716,1.4,1.6
2017-09-07,727,,
2017-09-07,828,,
2017-09-07,879,0.75,0.83
2017-09-07,880,0.7,0.8
2017-09-07,881,0.8,0.9
2017-09-07,882,0.34,0.38
2017-09-07,885,,
2017-09-07,896,,
2017-09-07,897,,
2017-09-07,907,2.45,2.65
2017-09-07,908,,
2017-09-07,928,,
2017-09-07,929,,
2017-09-07,933,165,168
2017-09-07,934,,
2017-09-07,935,,
2017-09-07,936,273,275
2017-09-07,937,275,279
2017-09-07,938,,
2017-09-07,939,178,180
2017-09-07,940,235,240
2017-09-07,941,,
2017-09-07,942,,
2017-09-07,943,,
2017-09-07,948,,
2017-09-07,954,155,160
2017-09-07,958,170,172
2017-09-07,959,,
2017-09-07,960,175,177
2017-09-07,962,350,370
2017-09-07,963,430,450
2017-09-07,964,480,500
2017-09-07,965,490,510
2017-09-07,966,365,370
2017-09-07,968,94,95
2017-09-07,969,105,106
2017-09-07,970,147,150
2017-09-07,971,99,101
2017-09-07,973,134,135
2017-09-07,974,145,146
2017-09-07,975,180,185
2017-09-07,976,92,93
2017-09-07,977,100,101
2017-09-07,978,118,120
2017-09-07,979,188,190
2017-09-07,993,303,304
2017-09-07,994,302,303
2017-09-07,995,312,314
2017-09-07,996,311,313
2017-09-07,999,443,455
2017-09-07,1000,,
2017-09-07,1001,135,142
2017-09-07,1002,183,185
2017-09-07,1003,224,229
2017-09-07,1004,356,359
2017-09-07,1005,382,385
2017-09-07,1007,210,220
2017-09-07,1008,200,205
2017-09-07,1009,160,165
2017-09-07,1010,225,230
2017-09-07,1011,180,185
2017-09-07,1012,170,180
2017-09-07,1013,95,100
2017-09-07,1014,98,100
2017-09-07,1015,125,130
2017-09-07,1016,107,109
2017-09-07,1017,1370,1390
2017-09-07,1018,1495,1500
2017-09-07,1021,154,156
2017-09-07,1022,700,705
2017-09-07,1023,663,668
2017-09-07,1024,134,135
2017-09-07,1025,132,135
2017-09-07,1026,177,180
2017-09-07,1027,180,183
2017-09-07,1028,340,355
2017-09-07,1029,,
2017-09-07,1033,285,295
2017-09-07,1034,270,285
2017-09-07,1035,180,195
2017-09-07,1036,128,130
2017-09-07,1037,107,110
2017-09-07,1038,60,70
2017-09-07,1039,,
2017-09-07,1042,110,125
2017-09-07,1043,120,135
2017-09-07,1050,32,38
2017-09-07,1051,35,42
2017-09-07,1058,1300,1400
2017-09-07,1059,,
2017-09-07,1086,,
2017-09-07,1087,30,40
2017-09-07,1088,,
2017-09-07,1089,,
2017-09-07,1122,,
2017-09-07,1123,157,159
2017-09-07,1124,162,164
2017-09-07,1126,235,240
2017-09-07,1138,179,183
2017-09-07,1145,95,
2017-09-07,1156,130,145
2017-09-07,1157,140,155
2017-09-07,1158,85,100
2017-09-07,1164,,
2017-09-07,1165,,
2017-09-07,1183,170,180
2017-09-07,1192,105,115
2017-09-07,1199,,
2017-09-07,1230,400,410
2017-09-07,1231,,
2017-09-07,1232,,
2017-09-07,1233,,
2017-09-07,1236,0.28,0.38
2017-09-07,1246,0.4,0.45
2017-09-07,1261,,
2017-09-07,1262,,
2017-09-07,1263,,
2017-09-07,1264,,
2017-09-07,1265,,
2017-09-07,1266,,
2017-09-07,1267,,
2017-09-07,1268,,
2017-09-07,1269,,
2017-09-07,1270,,
2017-09-07,1271,,
2017-09-07,1272,,
2017-09-07,1273,,
2017-09-07,1274,,
2017-09-07,1275,,
2017-09-07,1276,,
2017-09-07,1277,,
2017-09-07,1278,,
2017-09-07,1279,,
2017-09-07,1280,,
2017-09-07,1281,,
2017-09-07,1282,,
2017-09-07,1283,,
2017-09-07,1284,,
2017-09-07,1285,,
2017-09-07,1287,0.8,1
2017-09-07,1288,0.65,0.75
2017-09-07,1289,0.8,0.95
2017-09-07,1290,1.7,2
2017-09-07,1291,1.5,1.6
2017-09-07,1292,1.6,1.7
2017-09-07,1296,,
2017-09-07,1297,130,145
2017-09-07,1298,140,155
2017-09-07,1299,2.6,3
2017-09-07,1302,202,204
2017-09-07,1308,180,182
2017-09-07,1309,185,187
2017-09-07,1310,185,187
2017-09-07,1311,191,192
2017-09-07,1312,,
2017-09-07,1313,11.7,12
2017-09-07,1314,10.85,11.35
2017-09-07,1315,10.25,10.7
2017-09-07,1316,9.6,9.95
2017-09-07,1322,1750,1850
2017-09-07,1323,,
2017-09-07,1324,3000,3500
2017-09-07,1325,,
2017-09-07,1326,1200,1400
2017-09-07,1327,900,1000
2017-09-07,1352,223,228
2017-09-07,1353,188,193
2017-09-07,1354,227,232
2017-09-07,1355,,
2017-09-07,1356,,
2017-09-07,1357,235,240
2017-09-07,1360,430,435
2017-09-07,1363,225,230
2017-09-07,1364,215,220
2017-09-07,1366,1.35,1.55
2017-09-07,1367,32,34
2017-09-07,1401,0.3,0.4
2017-09-07,1403,0.45,0.55
2017-09-07,1404,,
2017-09-07,1416,0.5,0.6
2017-09-07,1418,0.3,0.4
2017-09-07,1419,0.3,0.4
2017-09-07,1420,0.5,0.6
2017-09-07,1421,1.4,1.6
2017-09-07,1422,365,375
2017-09-07,1423,,
2017-09-07,1424,365,375
2017-09-07,1425,284,289
2017-09-07,1426,,
2017-09-07,1427,300,310
2017-09-07,1428,290,300
2017-09-07,1429,620,630
2017-09-07,1430,270,280
2017-09-07,1431,,
2017-09-07,1432,,
2017-09-07,1433,220,230
2017-09-07,1434,400,480
2017-09-07,1435,390,400
2017-09-07,1436,950,980
2017-09-07,1437,,
2017-09-07,1438,,
2017-09-07,1439,,
2017-09-07,1440,225,240
2017-09-07,1441,245,250
2017-09-07,1442,290,310
2017-09-07,1443,310,345
2017-09-07,1444,,
2017-09-07,1445,0.3,0.4
2017-09-07,1446,0.3,0.4
2017-09-07,1447,0.45,0.53
2017-09-07,1448,,
2017-09-07,1449,,
2017-09-07,1450,,
2017-09-14,30,225,230
2017-09-14,31,228,233
2017-09-14,103,620,720
2017-09-14,104,670,770
2017-09-14,105,500,600
2017-09-14,106,490,590
2017-09-14,107,520,620
2017-09-14,108,410,510
2017-09-14,109,550,650
2017-09-14,175,0.25,0.28
2017-09-14,176,0.35,0.43
2017-09-14,178,0.35,0.42
2017-09-14,183,5.9,6.1
2017-09-14,184,6.1,7.1
2017-09-14,186,1.6,1.8
2017-09-14,190,1.7,1.8
2017-09-14,191,,
2017-09-14,192,,
2017-09-14,194,2.7,2.9
2017-09-14,195,2.7,2.9
2017-09-14,196,2.3,2.5
2017-09-14,197,1.35,1.55
2017-09-14,204,2.1,2.3
2017-09-14,206,2.25,2.55
2017-09-14,210,1.95,2.3
2017-09-14,211,2.2,2.5
2017-09-14,239,2.8,3
2017-09-14,240,,
2017-09-14,241,,
2017-09-14,242,,
2017-09-14,243,,
2017-09-14,244,3,3.3
2017-09-14,245,3,4
2017-09-14,246,3.5,3.7
2017-09-14,247,0.55,0.65
2017-09-14,248,0.55,0.65
2017-09-14,249,0.7,0.85
2017-09-14,250,0.75,0.85
2017-09-14,251,0.8,0.9
2017-09-14,252,0.8,0.9
2017-09-14,254,0.55,0.65
2017-09-14,255,0.8,0.9
2017-09-14,256,1.2,1.5
2017-09-14,257,1.2,1.5
2017-09-14,258,1.2,1.5
2017-09-14,259,1.5,1.7
2017-09-14,260,1.6,1.75
2017-09-14,261,1.6,1.7
2017-09-14,263,1.5,1.7
2017-09-14,264,1.6,1.7
2017-09-14,267,0.75,0.85
2017-09-14,269,0.6,0.65
2017-09-14,272,1.5,1.6
2017-09-14,274,1.7,1.9
2017-09-14,275,1.7,1.9
2017-09-14,276,1.85,1.9
2017-09-14,277,2.05,2.2
2017-09-14,278,1.85,2
2017-09-14,279,1.7,1.9
2017-09-14,280,1.3,1.5
2017-09-14,282,1.2,1.4
2017-09-14,283,1.6,1.7
2017-09-14,284,1.5,1.6
2017-09-14,285,1.5,1.8
2017-09-14,286,1.7,1.9
2017-09-14,287,1.7,1.9
2017-09-14,288,1.5,1.6
2017-09-14,290,1.7,1.9
2017-09-14,291,8,15
2017-09-14,292,,
2017-09-14,293,,
2017-09-14,294,,
2017-09-14,295,,
2017-09-14,296,,
2017-09-14,297,,
2017-09-14,298,,
2017-09-14,299,,
2017-09-14,300,,
2017-09-14,301,,
2017-09-14,302,,
2017-09-14,305,,
2017-09-14,306,,
2017-09-14,307,,
2017-09-14,308,,
2017-09-14,309,,
2017-09-14,310,,
2017-09-14,311,,
2017-09-14,313,,
2017-09-14,314,,
2017-09-14,315,,
2017-09-14,316,,
2017-09-14,317,,
2017-09-14,318,,
2017-09-14,319,,
2017-09-14,321,,
2017-09-14,426,,
2017-09-14,433,1.75,1.85
2017-09-14,434,2.7,2.9
2017-09-14,435,2.6,2.8
2017-09-14,455,3.7,4.3
2017-09-14,456,2.4,2.6
2017-09-14,457,,
2017-09-14,525,0.45,0.5
2017-09-14,527,2.5,2.7
2017-09-14,529,2.3,2.5
2017-09-14,561,,
2017-09-14,604,,
2017-09-14,709,1.7,2
2017-09-14,716,1.4,1.6
2017-09-14,727,,
2017-09-14,879,,
2017-09-14,880,0.7,0.8
2017-09-14,881,0.8,0.9
2017-09-14,882,0.34,0.38
2017-09-14,896,,
2017-09-14,897,,
2017-09-14,907,2.45,2.65
2017-09-14,908,,
2017-09-14,928,,
2017-09-14,929,,
2017-09-14,933,165,168
2017-09-14,934,,
2017-09-14,935,,
2017-09-14,936,268,270
2017-09-14,937,270,274
2017-09-14,938,,
2017-09-14,939,178,180
2017-09-14,940,235,237
2017-09-14,941,,
2017-09-14,942,,
2017-09-14,943,,
2017-09-14,948,,
2017-09-14,954,165,170
2017-09-14,958,172,174
2017-09-14,959,,
2017-09-14,960,178,180
2017-09-14,962,350,370
2017-09-14,963,430,450
2017-09-14,964,480,500
2017-09-14,965,490,510
2017-09-14,966,365,370
2017-09-14,968,97,98
2017-09-14,969,108,109
2017-09-14,970,139,142
2017-09-14,971,102,104
2017-09-14,973,137,138
2017-09-14,974,148,149
2017-09-14,975,172,177
2017-09-14,976,95,96
2017-09-14,977,103,104
2017-09-14,978,118,120
2017-09-14,979,188,190
2017-09-14,993,305,306
2017-09-14,994,304,305
2017-09-14,995,312,314
2017-09-14,996,311,313
2017-09-14,999,443,455
2017-09-14,1000,,
2017-09-14,1001,133,140
2017-09-14,1002,183,185
2017-09-14,1003,222,227
2017-09-14,1004,356,359
2017-09-14,1005,382,385
2017-09-14,1007,215,225
2017-09-14,1008,200,205
2017-09-14,1009,160,165
2017-09-14,1010,225,230
2017-09-14,1011,180,185
2017-09-14,1012,170,180
2017-09-14,1013,105,110
2017-09-14,1014,103,105
2017-09-14,1015,125,130
2017-09-14,1016,107,109
2017-09-14,1017,1380,1400
2017-09-14,1018,1505,1510
2017-09-14,1021,152,154
2017-09-14,1022,700,705
2017-09-14,1023,663,668
2017-09-14,1024,129,130
2017-09-14,1025,132,135
2017-09-14,1026,182,185
2017-09-14,1027,175,180
2017-09-14,1028,345,360
2017-09-14,1029,,
2017-09-14,1033,285,295
2017-09-14,1034,270,285
2017-09-14,1035,180,195
2017-09-14,1036,128,130
2017-09-14,1037,107,110
2017-09-14,1038,60,70
2017-09-14,1039,,
2017-09-14,1042,110,125
2017-09-14,1043,120,135
2017-09-14,1050,32,40
2017-09-14,1051,35,45
2017-09-14,1058,1250,1350
2017-09-14,1059,,
2017-09-14,1086,,
2017-09-14,1087,30,40
2017-09-14,1088,,
2017-09-14,1089,,
2017-09-14,1122,,
2017-09-14,1123,162,164
2017-09-14,1124,167,169
2017-09-14,1126,230,235
2017-09-14,1138,179,183
2017-09-14,1145,95,
2017-09-14,1156,130,145
2017-09-14,1157,140,155
2017-09-14,1158,85,100
2017-09-14,1164,,
2017-09-14,1165,,
2017-09-14,1183,170,180
2017-09-14,1192,105,115
2017-09-14,1230,400,410
2017-09-14,1231,,
2017-09-14,1236,0.28,0.38
2017-09-14,1246,0.4,0.45
2017-09-14,1261,,
2017-09-14,1262,,
2017-09-14,1263,,
2017-09-14,1264,,
2017-09-14,1265,,
2017-09-14,1266,,
2017-09-14,1267,,
2017-09-14,1268,,
2017-09-14,1269,,
2017-09-14,1270,,
2017-09-14,1271,,
2017-09-14,1272,,
2017-09-14,1273,,
2017-09-14,1274,,
2017-09-14,1275,,
2017-09-14,1276,,
2017-09-14,1277,,
2017-09-14,1278,,
2017-09-14,1279,,
2017-09-14,1280,,
2017-09-14,1281,,
2017-09-14,1282,,
2017-09-14,1283,,
2017-09-14,1284,,
2017-09-14,1285,,
2017-09-14,1287,0.8,1
2017-09-14,1288,0.65,0.75
2017-09-14,1289,0.8,0.95
2017-09-14,1290,1.7,2
2017-09-14,1291,1.5,1.6
2017-09-14,1292,1.6,1.7
2017-09-14,1296,,
2017-09-14,1297,130,145
2017-09-14,1298,140,155
2017-09-14,1299,2.6,3
2017-09-14,1302,200,202
2017-09-14,1308,178,180
2017-09-14,1309,183,185
2017-09-14,1310,183,185
2017-09-14,1311,189,190
2017-09-14,1312,130,135
2017-09-14,1313,11.7,12
2017-09-14,1314,10.85,11.35
2017-09-14,1315,10.25,10.7
2017-09-14,1316,9.6,9.95
2017-09-14,1322,1700,1800
2017-09-14,1323,,
2017-09-14,1324,3000,3500
2017-09-14,1325,,
2017-09-14,1326,1200,1400
2017-09-14,1327,900,1000
2017-09-14,1352,223,228
2017-09-14,1353,188,193
2017-09-14,1354,227,232
2017-09-14,1355,,
2017-09-14,1356,,
2017-09-14,1357,235,240
2017-09-14,1360,430,435
2017-09-14,1363,225,230
2017-09-14,1364,215,220
2017-09-14,1366,,
2017-09-14,1367,32,34
2017-09-14,1401,,
2017-09-14,1403,,
2017-09-14,1416,0.5,0.6
2017-09-14,1418,,
2017-09-14,1419,,
2017-09-14,1420,0.5,0.6
2017-09-14,1421,1.4,1.6
2017-09-14,1422,365,375
2017-09-14,1423,,
2017-09-14,1424,370,380
2017-09-14,1425,295,300
2017-09-14,1426,,
2017-09-14,1427,300,310
2017-09-14,1428,290,300
2017-09-14,1429,660,670
2017-09-14,1430,270,280
2017-09-14,1431,,
2017-09-14,1432,,
2017-09-14,1433,220,230
2017-09-14,1434,400,480
2017-09-14,1435,390,400
2017-09-14,1436,950,980
2017-09-14,1437,,
2017-09-14,1438,,
2017-09-14,1439,,
2017-09-14,1440,225,240
2017-09-14,1441,245,250
2017-09-14,1442,290,310
2017-09-14,1443,310,345
2017-09-14,1444,,
2017-09-14,1445,0.32,0.42
2017-09-14,1446,0.32,0.42
2017-09-14,1447,0.45,0.53
2017-09-14,1448,0.35,0.45
2017-09-14,1449,0.35,0.45
2017-09-14,1450,0.45,0.53
2017-09-14,1451,,
2017-09-14,1452,,
2017-09-14,1453,,
2017-09-14,1454,,
2017-09-14,1455,,
2017-09-14,1456,,
2017-09-14,1457,,
2017-09-14,1458,,
2017-09-14,1459,,
2017-09-14,1460,,
2017-09-14,1461,,
2017-09-14,1462,,
2017-09-14,1463,,
2017-09-14,1464,,
2017-09-14,1465,,
2017-09-14,1466,,
2017-09-14,1467,,
2017-09-14,1468,,
2017-09-14,1469,,
2017-09-14,1470,,
2017-09-14,1471,,
2017-09-14,1472,,
2017-09-14,1473,,
2017-09-14,1474,,
2017-09-14,1475,,
2017-09-14,1476,,
2017-09-14,1477,,
2017-09-14,1478,,
2017-09-21,30,225,230
2017-09-21,31,228,233
2017-09-21,103,620,720
2017-09-21,104,670,770
2017-09-21,105,500,600
2017-09-21,106,490,590
2017-09-21,107,520,620
2017-09-21,108,410,510
2017-09-21,109,550,650
2017-09-21,175,0.25,0.31
2017-09-21,176,0.35,0.44
2017-09-21,178,0.35,0.43
2017-09-21,183,5.9,6.1
2017-09-21,184,6.1,7.1
2017-09-21,186,1.6,1.8
2017-09-21,190,1.7,1.8
2017-09-21,191,,
2017-09-21,192,,
2017-09-21,194,2.7,2.9
2017-09-21,195,2.7,2.9
2017-09-21,196,2.3,2.5
2017-09-21,197,1.35,1.55
2017-09-21,204,2.1,2.3
2017-09-21,206,,
2017-09-21,210,1.95,2.3
2017-09-21,211,2.2,2.5
2017-09-21,239,4,4.5
2017-09-21,240,,
2017-09-21,241,,
2017-09-21,242,,
2017-09-21,243,,
2017-09-21,244,5.5,6
2017-09-21,245,5.5,6
2017-09-21,246,6.4,7
2017-09-21,247,0.65,0.75
2017-09-21,248,0.6,0.85
2017-09-21,249,0.65,0.9
2017-09-21,250,0.7,0.95
2017-09-21,251,1,1.2
2017-09-21,252,1,1.2
2017-09-21,254,0.9,1
2017-09-21,255,1,1.2
2017-09-21,256,,
2017-09-21,257,,
2017-09-21,258,,
2017-09-21,259,,
2017-09-21,260,,
2017-09-21,261,,
2017-09-21,263,,
2017-09-21,264,,
2017-09-21,267,,
2017-09-21,269,,
2017-09-21,272,,
2017-09-21,274,,
2017-09-21,275,,
2017-09-21,276,,
2017-09-21,277,,
2017-09-21,278,,
2017-09-21,279,,
2017-09-21,280,,
2017-09-21,282,,
2017-09-21,283,,
2017-09-21,284,,
2017-09-21,285,,
2017-09-21,286,,
2017-09-21,287,,
2017-09-21,288,,
2017-09-21,290,,
2017-09-21,291,,
2017-09-21,433,1.75,1.85
2017-09-21,434,2.7,2.9
2017-09-21,435,2.6,2.8
2017-09-21,455,,
2017-09-21,456,2.4,2.6
2017-09-21,457,,
2017-09-21,525,0.45,0.5
2017-09-21,527,2.5,2.7
2017-09-21,529,2.3,2.5
2017-09-21,561,,
2017-09-21,604,,
2017-09-21,709,1.7,2
2017-09-21,716,1.4,1.6
2017-09-21,727,,
2017-09-21,880,,
2017-09-21,881,,
2017-09-21,882,0.34,0.38
2017-09-21,907,2.45,2.65
2017-09-21,908,,
2017-09-21,928,,
2017-09-21,929,,
2017-09-21,933,163,166
2017-09-21,934,,
2017-09-21,935,280,290
2017-09-21,936,263,265
2017-09-21,937,265,269
2017-09-21,938,,
2017-09-21,939,178,180
2017-09-21,940,235,237
2017-09-21,941,,
2017-09-21,942,,
2017-09-21,943,,
2017-09-21,948,,
2017-09-21,954,165,170
2017-09-21,958,172,174
2017-09-21,959,,
2017-09-21,960,178,180
2017-09-21,962,350,370
2017-09-21,963,430,450
2017-09-21,964,480,500
2017-09-21,965,490,510
2017-09-21,966,365,370
2017-09-21,968,99,100
2017-09-21,969,110,111
2017-09-21,970,139,142
2017-09-21,971,102,104
2017-09-21,973,139,140
2017-09-21,974,150,151
2017-09-21,975,172,177
2017-09-21,976,97,98
2017-09-21,977,103,104
2017-09-21,978,118,120
2017-09-21,979,188,190
2017-09-21,993,305,306
2017-09-21,994,304,305
2017-09-21,995,310,312
2017-09-21,996,309,311
2017-09-21,999,448,460
2017-09-21,1000,,
2017-09-21,1001,133,140
2017-09-21,1002,183,185
2017-09-21,1003,219,224
2017-09-21,1004,356,359
2017-09-21,1005,382,385
2017-09-21,1007,215,225
2017-09-21,1008,200,205
2017-09-21,1009,160,165
2017-09-21,1010,225,230
2017-09-21,1011,180,185
2017-09-21,1012,170,180
2017-09-21,1013,105,110
2017-09-21,1014,103,105
2017-09-21,1015,125,130
2017-09-21,1016,107,109
2017-09-21,1017,1380,1400
2017-09-21,1018,1505,1510
2017-09-21,1021,150,152
2017-09-21,1022,700,705
2017-09-21,1023,663,668
2017-09-21,1024,129,130
2017-09-21,1025,132,135
2017-09-21,1026,187,190
2017-09-21,1027,177,182
2017-09-21,1028,350,365
2017-09-21,1029,350,
2017-09-21,1033,285,295
2017-09-21,1034,270,285
2017-09-21,1035,180,195
2017-09-21,1036,128,130
2017-09-21,1037,107,110
2017-09-21,1038,60,70
2017-09-21,1039,,
2017-09-21,1042,115,130
2017-09-21,1043,125,140
2017-09-21,1050,32,40
2017-09-21,1051,37,47
2017-09-21,1058,1250,1350
2017-09-21,1059,,
2017-09-21,1086,,
2017-09-21,1087,35,45
2017-09-21,1088,,
2017-09-21,1089,,
2017-09-21,1122,,
2017-09-21,1123,162,164
2017-09-21,1124,167,169
2017-09-21,1126,230,235
2017-09-21,1138,179,183
2017-09-21,1145,,
2017-09-21,1156,132,147
2017-09-21,1157,142,157
2017-09-21,1158,85,100
2017-09-21,1164,,
2017-09-21,1165,,
2017-09-21,1183,160,170
2017-09-21,1192,105,115
2017-09-21,1230,405,415
2017-09-21,1231,,
2017-09-21,1236,0.28,0.38
2017-09-21,1246,,
2017-09-21,1261,,
2017-09-21,1262,,
2017-09-21,1263,,
2017-09-21,1264,,
2017-09-21,1265,,
2017-09-21,1266,,
2017-09-21,1267,,
2017-09-21,1268,,
2017-09-21,1269,,
2017-09-21,1270,,
2017-09-21,1271,,
2017-09-21,1272,,
2017-09-21,1273,,
2017-09-21,1274,,
2017-09-21,1275,,
2017-09-21,1276,,
2017-09-21,1277,,
2017-09-21,1278,,
2017-09-21,1279,,
2017-09-21,1280,,
2017-09-21,1281,,
2017-09-21,1282,,
2017-09-21,1283,,
2017-09-21,1284,,
2017-09-21,1285,,
2017-09-21,1287,,
2017-09-21,1288,,
2017-09-21,1289,,
2017-09-21,1290,,
2017-09-21,1291,,
2017-09-21,1292,,
2017-09-21,1296,,
2017-09-21,1297,132,147
2017-09-21,1298,142,157
2017-09-21,1299,2.6,3
2017-09-21,1302,198,200
2017-09-21,1308,176,178
2017-09-21,1309,181,183
2017-09-21,1310,183,185
2017-09-21,1311,185,186
2017-09-21,1312,125,130
2017-09-21,1313,11.7,12
2017-09-21,1314,10.85,11.35
2017-09-21,1315,10.25,10.7
2017-09-21,1316,9.6,9.95
2017-09-21,1322,1700,1800
2017-09-21,1323,,
2017-09-21,1324,3000,3500
2017-09-21,1325,,
2017-09-21,1326,1200,1400
2017-09-21,1327,900,1000
2017-09-21,1352,222,227
2017-09-21,1353,188,193
2017-09-21,1354,224,229
2017-09-21,1355,,
2017-09-21,1356,,
2017-09-21,1357,233,238
2017-09-21,1360,430,435
2017-09-21,1363,223,228
2017-09-21,1364,213,218
2017-09-21,1367,32,34
2017-09-21,1416,,
2017-09-21,1420,,
2017-09-21,1421,1.4,1.6
2017-09-21,1422,365,375
2017-09-21,1423,,
2017-09-21,1424,373,383
2017-09-21,1425,295,300
2017-09-21,1426,,
2017-09-21,1427,300,310
2017-09-21,1428,290,300
2017-09-21,1429,660,670
2017-09-21,1430,270,280
2017-09-21,1431,350,380
2017-09-21,1432,,
2017-09-21,1433,225,235
2017-09-21,1434,400,480
2017-09-21,1435,395,405
2017-09-21,1436,950,980
2017-09-21,1437,,
2017-09-21,1438,,
2017-09-21,1439,,
2017-09-21,1440,225,240
2017-09-21,1441,245,250
2017-09-21,1442,290,310
2017-09-21,1443,310,345
2017-09-21,1444,,
2017-09-21,1445,,
2017-09-21,1446,,
2017-09-21,1447,0.45,0.53
2017-09-21,1448,0.35,0.45
2017-09-21,1449,0.35,0.45
2017-09-21,1450,0.45,0.53
2017-09-21,1451,0.35,0.45
2017-09-21,1452,0.35,0.45
2017-09-21,1453,0.4,0.5
2017-09-21,1454,0.4,0.5
2017-09-21,1455,0.4,0.5
2017-09-21,1456,0.38,0.48
2017-09-21,1457,0.45,0.55
2017-09-21,1458,0.45,0.55
2017-09-21,1459,0.5,1
2017-09-21,1460,0.6,0.7
2017-09-21,1461,0.45,0.5
2017-09-21,1462,0.45,0.5
2017-09-21,1463,0.5,0.6
2017-09-21,1464,0.55,0.6
2017-09-21,1465,0.55,0.65
2017-09-21,1466,0.55,0.65
2017-09-21,1467,0.6,0.7
2017-09-21,1468,0.6,0.7
2017-09-21,1469,0.6,0.7
2017-09-21,1470,,
2017-09-21,1471,,
2017-09-21,1472,0.45,0.55
2017-09-21,1473,0.45,0.55
2017-09-21,1474,0.45,0.55
2017-09-21,1475,0.5,0.6
2017-09-21,1476,0.45,0.55
2017-09-21,1477,0.45,0.55
2017-09-21,1478,0.55,0.65
2017-09-21,1479,,
2017-09-28,30,225,230
2017-09-28,31,228,233
2017-09-28,103,620,720
2017-09-28,104,670,770
2017-09-28,105,500,600
2017-09-28,106,490,590
2017-09-28,107,520,620
2017-09-28,108,410,510
2017-09-28,109,550,650
2017-09-28,175,0.25,0.31
2017-09-28,176,0.35,0.44
2017-09-28,178,0.35,0.43
2017-09-28,183,5.9,6.1
2017-09-28,184,6.1,7.1
2017-09-28,186,1.6,1.8
2017-09-28,190,1.7,1.8
2017-09-28,191,,
2017-09-28,192,,
2017-09-28,194,,
2017-09-28,195,,
2017-09-28,196,2.3,2.5
2017-09-28,197,1.35,1.55
2017-09-28,204,2.1,2.3
2017-09-28,206,,
2017-09-28,210,1.95,2.3
2017-09-28,211,2.2,2.5
2017-09-28,239,4,4.5
2017-09-28,240,,
2017-09-28,241,,
2017-09-28,242,,
2017-09-28,243,,
2017-09-28,244,5.5,6
2017-09-28,245,5.5,6
2017-09-28,246,6.4,7
2017-09-28,247,0.65,0.75
2017-09-28,248,0.6,0.85
2017-09-28,249,0.65,0.9
2017-09-28,250,0.7,0.95
2017-09-28,251,1,1.2
2017-09-28,252,1,1.2
2017-09-28,254,0.9,1
2017-09-28,255,1,1.2
2017-09-28,256,,
2017-09-28,257,,
2017-09-28,258,,
2017-09-28,259,,
2017-09-28,260,,
2017-09-28,261,,
2017-09-28,263,,
2017-09-28,264,,
2017-09-28,267,,
2017-09-28,269,,
2017-09-28,272,,
2017-09-28,274,,
2017-09-28,275,,
2017-09-28,276,,
2017-09-28,277,,
2017-09-28,278,,
2017-09-28,279,,
2017-09-28,280,,
2017-09-28,282,,
2017-09-28,283,,
2017-09-28,284,,
2017-09-28,285,,
2017-09-28,286,,
2017-09-28,287,,
2017-09-28,288,,
2017-09-28,290,,
2017-09-28,291,,
2017-09-28,433,1.75,1.85
2017-09-28,434,2.7,2.9
2017-09-28,435,2.6,2.8
2017-09-28,455,,
2017-09-28,456,,
2017-09-28,457,,
2017-09-28,525,0.45,0.5
2017-09-28,527,2.5,2.7
2017-09-28,529,2.3,2.5
2017-09-28,561,,
2017-09-28,604,,
2017-09-28,709,1.75,2.05
2017-09-28,716,1.4,1.6
2017-09-28,727,,
2017-09-28,882,0.34,0.38
2017-09-28,907,2.55,2.75
2017-09-28,908,,
2017-09-28,928,,
2017-09-28,929,,
2017-09-28,933,163,166
2017-09-28,934,368,373
2017-09-28,935,280,290
2017-09-28,936,273,275
2017-09-28,937,275,279
2017-09-28,938,,
2017-09-28,939,178,180
2017-09-28,940,235,237
2017-09-28,941,,
2017-09-28,942,,
2017-09-28,943,,
2017-09-28,948,,
2017-09-28,954,175,180
2017-09-28,958,172,174
2017-09-28,959,,
2017-09-28,960,183,185
2017-09-28,962,350,370
2017-09-28,963,430,450
2017-09-28,964,480,500
2017-09-28,965,490,510
2017-09-28,966,365,370
2017-09-28,968,102,103
2017-09-28,969,113,114
2017-09-28,970,139,142
2017-09-28,971,107,109
2017-09-28,973,142,143
2017-09-28,974,153,154
2017-09-28,975,172,177
2017-09-28,976,100,101
2017-09-28,977,108,109
2017-09-28,978,118,120
2017-09-28,979,188,190
2017-09-28,993,309,310
2017-09-28,994,308,309
2017-09-28,995,314,316
2017-09-28,996,313,315
2017-09-28,999,458,465
2017-09-28,1000,,
2017-09-28,1001,133,140
2017-09-28,1002,183,185
2017-09-28,1003,215,220
2017-09-28,1004,363,366
2017-09-28,1005,386,389
2017-09-28,1007,220,230
2017-09-28,1008,200,205
2017-09-28,1009,160,165
2017-09-28,1010,225,230
2017-09-28,1011,185,190
2017-09-28,1012,175,185
2017-09-28,1013,108,113
2017-09-28,1014,106,108
2017-09-28,1015,130,135
2017-09-28,1016,107,109
2017-09-28,1017,1380,1400
2017-09-28,1018,1505,1510
2017-09-28,1021,148,150
2017-09-28,1022,700,705
2017-09-28,1023,663,668
2017-09-28,1024,129,130
2017-09-28,1025,132,135
2017-09-28,1026,192,195
2017-09-28,1027,177,182
2017-09-28,1028,350,365
2017-09-28,1029,330,
2017-09-28,1033,290,300
2017-09-28,1034,275,290
2017-09-28,1035,185,200
2017-09-28,1036,128,130
2017-09-28,1037,107,110
2017-09-28,1038,60,70
2017-09-28,1039,,
2017-09-28,1042,115,130
2017-09-28,1043,125,140
2017-09-28,1050,32,40
2017-09-28,1051,37,47
2017-09-28,1058,1250,1350
2017-09-28,1059,,
2017-09-28,1086,,
2017-09-28,1087,35,45
2017-09-28,1088,,
2017-09-28,1089,,
2017-09-28,1122,,
2017-09-28,1123,165,167
2017-09-28,1124,170,172
2017-09-28,1126,230,235
2017-09-28,1138,179,183
2017-09-28,1145,,
2017-09-28,1156,132,147
2017-09-28,1157,142,157
2017-09-28,1158,85,100
2017-09-28,1164,,
2017-09-28,1165,,
2017-09-28,1183,160,170
2017-09-28,1192,105,115
2017-09-28,1230,415,420
2017-09-28,1231,,
2017-09-28,1236,0.28,0.38
2017-09-28,1261,,
2017-09-28,1262,,
2017-09-28,1263,,
2017-09-28,1264,,
2017-09-28,1265,,
2017-09-28,1266,,
2017-09-28,1267,,
2017-09-28,1268,,
2017-09-28,1269,,
2017-09-28,1270,,
2017-09-28,1271,,
2017-09-28,1272,,
2017-09-28,1273,,
2017-09-28,1274,,
2017-09-28,1275,,
2017-09-28,1276,,
2017-09-28,1277,,
2017-09-28,1278,,
2017-09-28,1279,,
2017-09-28,1280,,
2017-09-28,1281,,
2017-09-28,1282,,
2017-09-28,1283,,
2017-09-28,1284,,
2017-09-28,1285,,
2017-09-28,1287,,
2017-09-28,1288,,
2017-09-28,1289,,
2017-09-28,1290,,
2017-09-28,1291,,
2017-09-28,1292,,
2017-09-28,1296,,
2017-09-28,1297,132,147
2017-09-28,1298,142,157
2017-09-28,1299,2.6,3
2017-09-28,1302,198,200
2017-09-28,1308,176,178
2017-09-28,1309,181,183
2017-09-28,1310,183,185
2017-09-28,1311,180,181
2017-09-28,1312,125,130
2017-09-28,1313,11.7,12
2017-09-28,1314,10.85,11.35
2017-09-28,1315,10.25,10.7
2017-09-28,1316,9.6,9.95
2017-09-28,1322,1700,1800
2017-09-28,1323,,
2017-09-28,1324,3000,3500
2017-09-28,1325,,
2017-09-28,1326,1200,1400
2017-09-28,1327,900,1000
2017-09-28,1352,221,226
2017-09-28,1353,188,193
2017-09-28,1354,224,229
2017-09-28,1355,,
2017-09-28,1356,,
2017-09-28,1357,233,238
2017-09-28,1360,430,435
2017-09-28,1363,223,228
2017-09-28,1364,213,218
2017-09-28,1367,32,34
2017-09-28,1421,1.4,1.6
2017-09-28,1422,365,375
2017-09-28,1423,,
2017-09-28,1424,373,383
2017-09-28,1425,300,305
2017-09-28,1426,,
2017-09-28,1427,300,310
2017-09-28,1428,295,305
2017-09-28,1429,670,680
2017-09-28,1430,270,280
2017-09-28,1431,350,380
2017-09-28,1432,,
2017-09-28,1433,227,237
2017-09-28,1434,400,480
2017-09-28,1435,395,405
2017-09-28,1436,950,980
2017-09-28,1437,,
2017-09-28,1438,,
2017-09-28,1439,,
2017-09-28,1440,225,240
2017-09-28,1441,245,250
2017-09-28,1442,,
2017-09-28,1443,,
2017-09-28,1444,,
2017-09-28,1447,0.45,0.53
2017-09-28,1448,,
2017-09-28,1449,,
2017-09-28,1450,0.45,0.53
2017-09-28,1451,0.35,0.45
2017-09-28,1452,0.35,0.45
2017-09-28,1453,0.4,0.5
2017-09-28,1454,0.4,0.5
2017-09-28,1455,0.4,0.5
2017-09-28,1456,0.38,0.48
2017-09-28,1457,0.45,0.55
2017-09-28,1458,0.45,0.55
2017-09-28,1459,0.5,1
2017-09-28,1460,0.6,0.7
2017-09-28,1461,0.45,0.5
2017-09-28,1462,0.45,0.5
2017-09-28,1463,0.5,0.6
2017-09-28,1464,0.55,0.6
2017-09-28,1465,0.55,0.65
2017-09-28,1466,0.55,0.65
2017-09-28,1467,0.6,0.7
2017-09-28,1468,0.6,0.7
2017-09-28,1469,0.6,0.7
2017-09-28,1470,,
2017-09-28,1471,,
2017-09-28,1472,0.45,0.55
2017-09-28,1473,0.45,0.55
2017-09-28,1474,0.45,0.55
2017-09-28,1475,0.5,0.6
2017-09-28,1476,0.45,0.55
2017-09-28,1477,0.45,0.55
2017-09-28,1478,0.55,0.65
2017-09-28,1479,0.65,0.73
2017-09-28,1480,,
2017-09-28,1481,,
2017-09-28,1482,,
2017-09-28,1483,620,720
2017-09-28,1484,670,770
2017-09-28,1485,500,600
2017-09-28,1486,490,590
2017-09-28,1487,520,620
2017-09-28,1488,410,510
2017-09-28,1489,550,650
2017-09-28,1490,,
2017-09-28,1491,,
2017-10-05,30,225,230
2017-10-05,31,228,233
2017-10-05,103,600,700
2017-10-05,104,640,740
2017-10-05,105,500,600
2017-10-05,106,500,600
2017-10-05,107,490,590
2017-10-05,108,410,510
2017-10-05,109,550,650
2017-10-05,175,0.25,0.31
2017-10-05,176,0.35,0.44
2017-10-05,178,0.32,0.43
2017-10-05,183,5.9,6.1
2017-10-05,184,6.1,7.1
2017-10-05,186,1.65,1.85
2017-10-05,190,1.7,1.8
2017-10-05,191,,
2017-10-05,192,,
2017-10-05,194,,
2017-10-05,195,,
2017-10-05,196,2.3,2.5
2017-10-05,197,1.35,1.55
2017-10-05,204,2.1,2.3
2017-10-05,206,,
2017-10-05,210,1.95,2.3
2017-10-05,211,2.2,2.5
2017-10-05,239,4,4.5
2017-10-05,240,,
2017-10-05,241,,
2017-10-05,242,,
2017-10-05,243,,
2017-10-05,244,5.5,6
2017-10-05,245,5.5,6
2017-10-05,246,6.4,7
2017-10-05,247,0.65,0.75
2017-10-05,248,0.6,0.85
2017-10-05,249,0.65,0.9
2017-10-05,250,0.7,0.95
2017-10-05,251,1,1.2
2017-10-05,252,1,1.2
2017-10-05,254,0.9,1
2017-10-05,255,1,1.2
2017-10-05,256,,
2017-10-05,257,,
2017-10-05,258,,
2017-10-05,259,,
2017-10-05,260,,
2017-10-05,261,,
2017-10-05,263,,
2017-10-05,264,,
2017-10-05,267,,
2017-10-05,269,,
2017-10-05,272,,
2017-10-05,274,,
2017-10-05,275,,
2017-10-05,276,,
2017-10-05,277,,
2017-10-05,278,,
2017-10-05,279,,
2017-10-05,280,,
2017-10-05,282,,
2017-10-05,283,,
2017-10-05,284,,
2017-10-05,285,,
2017-10-05,286,,
2017-10-05,287,,
2017-10-05,288,,
2017-10-05,290,,
2017-10-05,291,,
2017-10-05,433,1.75,1.85
2017-10-05,434,2.7,2.9
2017-10-05,435,2.6,2.8
2017-10-05,455,,
2017-10-05,456,,
2017-10-05,457,,
2017-10-05,525,,
2017-10-05,527,2.5,2.7
2017-10-05,529,2.3,2.5
2017-10-05,558,,
2017-10-05,561,,
2017-10-05,604,,
2017-10-05,709,1.9,2.2
2017-10-05,716,1.4,1.6
2017-10-05,727,,
2017-10-05,882,0.34,0.38
2017-10-05,907,2.65,2.85
2017-10-05,908,,
2017-10-05,928,,
2017-10-05,929,,
2017-10-05,933,162,165
2017-10-05,934,368,373
2017-10-05,935,280,290
2017-10-05,936,268,270
2017-10-05,937,268,270
2017-10-05,938,,
2017-10-05,939,178,180
2017-10-05,940,235,237
2017-10-05,941,,
2017-10-05,942,,
2017-10-05,943,,
2017-10-05,948,,
2017-10-05,954,175,180
2017-10-05,958,172,174
2017-10-05,959,,
2017-10-05,960,183,185
2017-10-05,962,350,370
2017-10-05,963,430,450
2017-10-05,964,480,500
2017-10-05,965,490,510
2017-10-05,966,365,370
2017-10-05,968,104,105
2017-10-05,969,115,116
2017-10-05,970,139,142
2017-10-05,971,108,110
2017-10-05,973,144,145
2017-10-05,974,155,156
2017-10-05,975,172,177
2017-10-05,976,102,103
2017-10-05,977,109,110
2017-10-05,978,118,120
2017-10-05,979,188,190
2017-10-05,993,309,310
2017-10-05,994,308,309
2017-10-05,995,312,314
2017-10-05,996,311,313
2017-10-05,999,458,465
2017-10-05,1000,,
2017-10-05,1001,133,140
2017-10-05,1002,183,185
2017-10-05,1003,212,217
2017-10-05,1004,367,370
2017-10-05,1005,386,389
2017-10-05,1007,220,230
2017-10-05,1008,200,205
2017-10-05,1009,160,165
2017-10-05,1010,225,230
2017-10-05,1011,185,190
2017-10-05,1012,175,185
2017-10-05,1013,108,113
2017-10-05,1014,106,108
2017-10-05,1015,130,135
2017-10-05,1016,107,109
2017-10-05,1017,1380,1400
2017-10-05,1018,1505,1510
2017-10-05,1021,148,150
2017-10-05,1022,700,705
2017-10-05,1023,663,668
2017-10-05,1024,129,130
2017-10-05,1025,132,135
2017-10-05,1026,192,195
2017-10-05,1027,177,182
2017-10-05,1028,350,365
2017-10-05,1029,325,345
2017-10-05,1033,290,300
2017-10-05,1034,275,290
2017-10-05,1035,185,200
2017-10-05,1036,128,130
2017-10-05,1037,107,110
2017-10-05,1038,60,70
2017-10-05,1039,,
2017-10-05,1042,117,132
2017-10-05,1043,127,142
2017-10-05,1050,35,43
2017-10-05,1051,40,50
2017-10-05,1058,1250,1350
2017-10-05,1059,,
2017-10-05,1086,,
2017-10-05,1087,35,45
2017-10-05,1088,,
2017-10-05,1089,,
2017-10-05,1122,,
2017-10-05,1123,166,168
2017-10-05,1124,171,173
2017-10-05,1126,230,235
2017-10-05,1138,182,186
2017-10-05,1145,,
2017-10-05,1156,132,147
2017-10-05,1157,142,157
2017-10-05,1158,85,100
2017-10-05,1164,,
2017-10-05,1165,,
2017-10-05,1183,160,170
2017-10-05,1192,105,115
2017-10-05,1230,410,415
2017-10-05,1231,,
2017-10-05,1236,,
2017-10-05,1257,,
2017-10-05,1261,,
2017-10-05,1262,,
2017-10-05,1263,,
2017-10-05,1264,,
2017-10-05,1265,,
2017-10-05,1266,,
2017-10-05,1267,,
2017-10-05,1268,,
2017-10-05,1269,,
2017-10-05,1270,,
2017-10-05,1271,,
2017-10-05,1272,,
2017-10-05,1273,,
2017-10-05,1274,,
2017-10-05,1275,,
2017-10-05,1276,,
2017-10-05,1277,,
2017-10-05,1278,,
2017-10-05,1279,2800,3000
2017-10-05,1280,,
2017-10-05,1281,,
2017-10-05,1282,,
2017-10-05,1283,,
2017-10-05,1284,,
2017-10-05,1285,,
2017-10-05,1287,,
2017-10-05,1288,,
2017-10-05,1289,,
2017-10-05,1290,,
2017-10-05,1291,,
2017-10-05,1292,,
2017-10-05,1296,,
2017-10-05,1297,132,147
2017-10-05,1298,142,157
2017-10-05,1299,2.4,2.8
2017-10-05,1302,197,199
2017-10-05,1308,175,177
2017-10-05,1309,180,182
2017-10-05,1310,183,185
2017-10-05,1311,175,176
2017-10-05,1312,125,130
2017-10-05,1313,11.7,12
2017-10-05,1314,10.85,11.35
2017-10-05,1315,10.25,10.7
2017-10-05,1316,9.6,9.95
2017-10-05,1322,1700,1800
2017-10-05,1323,,
2017-10-05,1324,,
2017-10-05,1325,,
2017-10-05,1326,1200,1400
2017-10-05,1327,900,1000
2017-10-05,1352,220,225
2017-10-05,1353,188,193
2017-10-05,1354,224,229
2017-10-05,1355,,
2017-10-05,1356,,
2017-10-05,1357,233,238
2017-10-05,1360,430,435
2017-10-05,1363,223,228
2017-10-05,1364,213,218
2017-10-05,1367,32,34
2017-10-05,1421,1.4,1.6
2017-10-05,1422,365,375
2017-10-05,1423,,
2017-10-05,1424,373,383
2017-10-05,1425,300,310
2017-10-05,1426,,
2017-10-05,1427,300,310
2017-10-05,1428,295,305
2017-10-05,1429,670,680
2017-10-05,1430,270,280
2017-10-05,1431,360,385
2017-10-05,1432,,
2017-10-05,1433,230,240
2017-10-05,1434,400,480
2017-10-05,1435,400,420
2017-10-05,1436,950,980
2017-10-05,1437,,
2017-10-05,1438,,
2017-10-05,1439,,
2017-10-05,1440,230,240
2017-10-05,1441,245,250
2017-10-05,1442,290,310
2017-10-05,1443,290,320
2017-10-05,1444,335,355
2017-10-05,1447,0.45,0.53
2017-10-05,1450,0.45,0.53
2017-10-05,1451,0.35,0.45
2017-10-05,1452,0.35,0.45
2017-10-05,1453,0.4,0.5
2017-10-05,1454,0.4,0.5
2017-10-05,1455,0.4,0.5
2017-10-05,1456,0.38,0.48
2017-10-05,1457,0.45,0.55
2017-10-05,1458,0.45,0.55
2017-10-05,1459,0.5,1
2017-10-05,1460,0.6,0.7
2017-10-05,1461,0.45,0.5
2017-10-05,1462,0.45,0.5
2017-10-05,1463,0.5,0.6
2017-10-05,1464,0.55,0.6
2017-10-05,1465,0.55,0.65
2017-10-05,1466,0.55,0.65
2017-10-05,1467,0.6,0.7
2017-10-05,1468,0.6,0.7
2017-10-05,1469,0.6,0.7
2017-10-05,1470,,
2017-10-05,1471,,
2017-10-05,1472,0.45,0.55
2017-10-05,1473,0.45,0.55
2017-10-05,1474,0.45,0.55
2017-10-05,1475,0.5,0.6
2017-10-05,1476,0.45,0.55
2017-10-05,1477,0.45,0.55
2017-10-05,1478,0.55,0.65
2017-10-05,1479,,
2017-10-05,1480,290,310
2017-10-05,1481,290,320
2017-10-05,1482,335,355
2017-10-05,1483,600,700
2017-10-05,1484,640,740
2017-10-05,1485,500,600
2017-10-05,1486,500,600
2017-10-05,1487,490,590
2017-10-05,1488,410,510
2017-10-05,1489,550,650
2017-10-05,1490,0.6,0.68
2017-10-05,1491,0.8,0.9
2017-10-05,1492,0.8,0.9
2017-10-05,1493,,
2017-10-12,30,225,230
2017-10-12,31,226,231
2017-10-12,103,600,700
2017-10-12,104,700,800
2017-10-12,105,500,600
2017-10-12,106,500,600
2017-10-12,107,490,590
2017-10-12,108,410,510
2017-10-12,109,550,650
2017-10-12,175,0.25,0.31
2017-10-12,176,0.35,0.44
2017-10-12,178,0.32,0.43
2017-10-12,183,5.9,6.1
2017-10-12,184,6.1,7.1
2017-10-12,186,1.65,1.85
2017-10-12,190,1.7,1.8
2017-10-12,191,,
2017-10-12,192,,
2017-10-12,194,,
2017-10-12,195,,
2017-10-12,196,2.3,2.5
2017-10-12,197,1.35,1.55
2017-10-12,204,2.1,2.3
2017-10-12,206,,
2017-10-12,210,1.95,2.3
2017-10-12,211,2.2,2.5
2017-10-12,239,4,4.5
2017-10-12,240,,
2017-10-12,241,,
2017-10-12,242,,
2017-10-12,243,,
2017-10-12,244,5.5,6
2017-10-12,245,5.5,6
2017-10-12,246,6.4,7
2017-10-12,247,0.65,0.75
2017-10-12,248,0.6,0.85
2017-10-12,249,0.65,0.9
2017-10-12,250,0.7,0.95
2017-10-12,251,1,1.2
2017-10-12,252,1,1.2
2017-10-12,254,0.9,1
2017-10-12,255,1,1.2
2017-10-12,256,,
2017-10-12,257,,
2017-10-12,258,,
2017-10-12,259,,
2017-10-12,260,,
2017-10-12,261,,
2017-10-12,263,,
2017-10-12,264,,
2017-10-12,267,,
2017-10-12,269,,
2017-10-12,272,,
2017-10-12,274,,
2017-10-12,275,,
2017-10-12,276,,
2017-10-12,277,,
2017-10-12,278,,
2017-10-12,279,,
2017-10-12,280,,
2017-10-12,282,,
2017-10-12,283,,
2017-10-12,284,,
2017-10-12,285,,
2017-10-12,286,,
2017-10-12,287,,
2017-10-12,288,,
2017-10-12,290,,
2017-10-12,291,,
2017-10-12,433,1.75,1.85
2017-10-12,434,2.7,2.9
2017-10-12,435,2.6,2.8
2017-10-12,455,,
2017-10-12,456,,
2017-10-12,457,,
2017-10-12,527,2.5,2.7
2017-10-12,529,2.3,2.5
2017-10-12,558,0.45,0.53
2017-10-12,561,,
2017-10-12,604,,
2017-10-12,709,,
2017-10-12,716,1.4,1.6
2017-10-12,727,,
2017-10-12,882,0.34,0.38
2017-10-12,907,2.65,2.85
2017-10-12,908,,
2017-10-12,928,,
2017-10-12,929,,
2017-10-12,933,162,165
2017-10-12,934,375,380
2017-10-12,935,280,290
2017-10-12,936,268,270
2017-10-12,937,268,270
2017-10-12,938,,
2017-10-12,939,178,180
2017-10-12,940,233,235
2017-10-12,941,,
2017-10-12,942,,
2017-10-12,943,,
2017-10-12,948,,
2017-10-12,954,175,180
2017-10-12,958,172,174
2017-10-12,959,,
2017-10-12,960,183,185
2017-10-12,962,350,370
2017-10-12,963,430,450
2017-10-12,964,480,500
2017-10-12,965,490,510
2017-10-12,966,365,370
2017-10-12,968,109,110
2017-10-12,969,120,121
2017-10-12,970,139,142
2017-10-12,971,110,112
2017-10-12,973,149,150
2017-10-12,974,160,161
2017-10-12,975,172,177
2017-10-12,976,107,108
2017-10-12,977,111,112
2017-10-12,978,118,120
2017-10-12,979,188,190
2017-10-12,993,309,310
2017-10-12,994,308,309
2017-10-12,995,312,314
2017-10-12,996,311,313
2017-10-12,999,458,465
2017-10-12,1000,,
2017-10-12,1001,131,138
2017-10-12,1002,181,183
2017-10-12,1003,212,217
2017-10-12,1004,370,373
2017-10-12,1005,386,389
2017-10-12,1007,220,230
2017-10-12,1008,200,205
2017-10-12,1009,160,165
2017-10-12,1010,225,230
2017-10-12,1011,185,190
2017-10-12,1012,175,185
2017-10-12,1013,108,113
2017-10-12,1014,106,108
2017-10-12,1015,130,135
2017-10-12,1016,107,109
2017-10-12,1017,1380,1400
2017-10-12,1018,1505,1510
2017-10-12,1021,148,150
2017-10-12,1022,697,702
2017-10-12,1023,660,665
2017-10-12,1024,129,130
2017-10-12,1025,132,135
2017-10-12,1026,192,195
2017-10-12,1027,177,182
2017-10-12,1028,350,365
2017-10-12,1029,325,345
2017-10-12,1033,290,300
2017-10-12,1034,275,290
2017-10-12,1035,185,200
2017-10-12,1036,128,130
2017-10-12,1037,107,110
2017-10-12,1038,40,50
2017-10-12,1039,,
2017-10-12,1042,117,132
2017-10-12,1043,127,142
2017-10-12,1050,35,43
2017-10-12,1051,40,50
2017-10-12,1058,1250,1350
2017-10-12,1059,,
2017-10-12,1086,30,150
2017-10-12,1087,35,45
2017-10-12,1088,,
2017-10-12,1089,,
2017-10-12,1122,,
2017-10-12,1123,166,168
2017-10-12,1124,171,173
2017-10-12,1126,230,235
2017-10-12,1138,182,186
2017-10-12,1145,,
2017-10-12,1156,132,147
2017-10-12,1157,142,157
2017-10-12,1158,85,100
2017-10-12,1164,,
2017-10-12,1165,,
2017-10-12,1183,157,167
2017-10-12,1192,105,115
2017-10-12,1230,410,415
2017-10-12,1231,,
2017-10-12,1257,1.5,1.7
2017-10-12,1261,,
2017-10-12,1262,,
2017-10-12,1263,,
2017-10-12,1264,,
2017-10-12,1265,,
2017-10-12,1266,,
2017-10-12,1267,,
2017-10-12,1268,660,700
2017-10-12,1269,440,470
2017-10-12,1270,570,640
2017-10-12,1271,410,450
2017-10-12,1272,,
2017-10-12,1273,620,710
2017-10-12,1274,410,480
2017-10-12,1275,660,800
2017-10-12,1276,450,500
2017-10-12,1277,670,720
2017-10-12,1278,460,500
2017-10-12,1279,2800,3000
2017-10-12,1280,,
2017-10-12,1281,,
2017-10-12,1282,,
2017-10-12,1283,,
2017-10-12,1284,,
2017-10-12,1285,,
2017-10-12,1287,,
2017-10-12,1288,,
2017-10-12,1289,,
2017-10-12,1290,,
2017-10-12,1291,,
2017-10-12,1292,,
2017-10-12,1296,,
2017-10-12,1297,132,147
2017-10-12,1298,142,157
2017-10-12,1299,2.3,2.7
2017-10-12,1302,196,198
2017-10-12,1308,174,176
2017-10-12,1309,179,181
2017-10-12,1310,182,184
2017-10-12,1311,175,176
2017-10-12,1312,125,130
2017-10-12,1313,11.7,12
2017-10-12,1314,10.85,11.35
2017-10-12,1315,10.25,10.7
2017-10-12,1316,9.6,9.95
2017-10-12,1322,1700,1800
2017-10-12,1323,,
2017-10-12,1324,,
2017-10-12,1325,,
2017-10-12,1326,1200,1400
2017-10-12,1327,900,1000
2017-10-12,1352,219,224
2017-10-12,1353,188,193
2017-10-12,1354,221,226
2017-10-12,1355,,
2017-10-12,1356,,
2017-10-12,1357,230,235
2017-10-12,1360,430,435
2017-10-12,1363,220,225
2017-10-12,1364,210,215
2017-10-12,1367,,
2017-10-12,1421,,
2017-10-12,1422,362,372
2017-10-12,1423,,
2017-10-12,1424,373,383
2017-10-12,1425,300,310
2017-10-12,1426,,
2017-10-12,1427,300,310
2017-10-12,1428,295,305
2017-10-12,1429,670,680
2017-10-12,1430,270,280
2017-10-12,1431,360,385
2017-10-12,1432,,
2017-10-12,1433,230,240
2017-10-12,1434,400,480
2017-10-12,1435,410,430
2017-10-12,1436,950,980
2017-10-12,1437,,
2017-10-12,1438,620,640
2017-10-12,1439,,
2017-10-12,1440,230,240
2017-10-12,1441,245,250
2017-10-12,1442,290,310
2017-10-12,1443,290,320
2017-10-12,1444,360,385
2017-10-12,1447,,
2017-10-12,1450,,
2017-10-12,1451,0.35,0.45
2017-10-12,1452,0.35,0.45
2017-10-12,1453,0.4,0.5
2017-10-12,1454,0.4,0.5
2017-10-12,1455,0.4,0.5
2017-10-12,1456,0.38,0.48
2017-10-12,1457,0.45,0.55
2017-10-12,1458,0.45,0.55
2017-10-12,1459,0.5,1
2017-10-12,1460,0.6,0.7
2017-10-12,1461,0.45,0.5
2017-10-12,1462,0.45,0.5
2017-10-12,1463,0.5,0.6
2017-10-12,1464,0.55,0.6
2017-10-12,1465,0.55,0.65
2017-10-12,1466,0.55,0.65
2017-10-12,1467,0.6,0.7
2017-10-12,1468,0.6,0.7
2017-10-12,1469,0.6,0.7
2017-10-12,1470,,
2017-10-12,1471,,
2017-10-12,1472,0.45,0.55
2017-10-12,1473,0.45,0.55
2017-10-12,1474,0.45,0.55
2017-10-12,1475,0.5,0.6
2017-10-12,1476,0.45,0.55
2017-10-12,1477,0.45,0.55
2017-10-12,1478,0.55,0.65
2017-10-12,1490,0.6,0.68
2017-10-12,1492,0.8,0.9
2017-10-12,1493,0.9,1.05
2017-10-12,1494,,
2017-10-12,1495,,
2017-10-12,1496,,
2017-10-12,1497,,
2017-10-19,30,225,230
2017-10-19,31,223,228
2017-10-19,103,600,700
2017-10-19,104,700,800
2017-10-19,105,500,600
2017-10-19,106,500,600
2017-10-19,107,490,590
2017-10-19,108,430,530
2017-10-19,109,550,650
2017-10-19,175,0.25,0.31
2017-10-19,176,0.35,0.44
2017-10-19,178,0.32,0.43
2017-10-19,183,5.9,6.1
2017-10-19,184,6.1,7.1
2017-10-19,186,1.7,1.9
2017-10-19,190,1.7,1.8
2017-10-19,191,,
2017-10-19,192,,
2017-10-19,194,2.7,2.9
2017-10-19,195,2.7,2.9
2017-10-19,196,2.3,2.5
2017-10-19,197,1.35,1.55
2017-10-19,204,2.1,2.3
2017-10-19,206,,
2017-10-19,210,1.95,2.3
2017-10-19,211,2.2,2.5
2017-10-19,239,4,4.5
2017-10-19,240,,
2017-10-19,241,,
2017-10-19,242,,
2017-10-19,243,,
2017-10-19,244,5.5,6
2017-10-19,245,5.5,6
2017-10-19,246,6.4,7
2017-10-19,247,0.65,0.75
2017-10-19,248,0.6,0.85
2017-10-19,249,0.65,0.9
2017-10-19,250,0.7,0.95
2017-10-19,251,1,1.2
2017-10-19,252,1,1.2
2017-10-19,254,0.9,1
2017-10-19,255,1,1.2
2017-10-19,256,,
2017-10-19,257,,
2017-10-19,258,,
2017-10-19,259,,
2017-10-19,260,,
2017-10-19,261,,
2017-10-19,263,,
2017-10-19,264,,
2017-10-19,267,,
2017-10-19,269,,
2017-10-19,272,,
2017-10-19,274,,
2017-10-19,275,,
2017-10-19,276,,
2017-10-19,277,,
2017-10-19,278,,
2017-10-19,279,,
2017-10-19,280,,
2017-10-19,282,,
2017-10-19,283,,
2017-10-19,284,,
2017-10-19,285,,
2017-10-19,286,,
2017-10-19,287,,
2017-10-19,288,,
2017-10-19,290,,
2017-10-19,291,,
2017-10-19,433,1.75,1.85
2017-10-19,434,2.8,3
2017-10-19,435,2.7,2.9
2017-10-19,455,4,5
2017-10-19,456,,
2017-10-19,457,,
2017-10-19,527,2.6,2.8
2017-10-19,529,2.35,2.55
2017-10-19,558,0.45,0.53
2017-10-19,561,2.4,2.6
2017-10-19,604,,
2017-10-19,716,1.4,1.6
2017-10-19,727,,
2017-10-19,882,0.34,0.38
2017-10-19,907,2.65,2.85
2017-10-19,908,,
2017-10-19,928,,
2017-10-19,929,,
2017-10-19,933,162,165
2017-10-19,934,378,383
2017-10-19,935,280,290
2017-10-19,936,268,270
2017-10-19,937,268,270
2017-10-19,938,,
2017-10-19,939,180,182
2017-10-19,940,233,235
2017-10-19,941,,
2017-10-19,942,,
2017-10-19,943,,
2017-10-19,948,,
2017-10-19,954,175,180
2017-10-19,958,172,174
2017-10-19,959,,
2017-10-19,960,185,187
2017-10-19,962,350,370
2017-10-19,963,430,450
2017-10-19,964,480,500
2017-10-19,965,490,510
2017-10-19,966,365,370
2017-10-19,968,116,117
2017-10-19,969,127,128
2017-10-19,970,142,145
2017-10-19,971,115,117
2017-10-19,973,156,157
2017-10-19,974,167,168
2017-10-19,975,175,180
2017-10-19,976,114,115
2017-10-19,977,116,117
2017-10-19,978,123,125
2017-10-19,979,188,190
2017-10-19,993,314,315
2017-10-19,994,313,314
2017-10-19,995,317,319
2017-10-19,996,316,318
2017-10-19,999,468,475
2017-10-19,1000,,
2017-10-19,1001,131,138
2017-10-19,1002,181,183
2017-10-19,1003,212,217
2017-10-19,1004,375,378
2017-10-19,1005,389,392
2017-10-19,1007,220,230
2017-10-19,1008,200,205
2017-10-19,1009,160,165
2017-10-19,1010,225,230
2017-10-19,1011,185,190
2017-10-19,1012,175,185
2017-10-19,1013,108,113
2017-10-19,1014,106,108
2017-10-19,1015,130,135
2017-10-19,1016,107,109
2017-10-19,1017,1380,1400
2017-10-19,1018,1505,1510
2017-10-19,1021,147,149
2017-10-19,1022,692,697
2017-10-19,1023,655,660
2017-10-19,1024,124,125
2017-10-19,1025,127,130
2017-10-19,1026,197,200
2017-10-19,1027,175,180
2017-10-19,1028,350,365
2017-10-19,1029,310,330
2017-10-19,1033,290,300
2017-10-19,1034,275,290
2017-10-19,1035,185,200
2017-10-19,1036,128,130
2017-10-19,1037,107,110
2017-10-19,1038,40,50
2017-10-19,1039,,170
2017-10-19,1042,117,132
2017-10-19,1043,127,142
2017-10-19,1050,37,45
2017-10-19,1051,45,55
2017-10-19,1058,1250,1350
2017-10-19,1059,,
2017-10-19,1086,30,150
2017-10-19,1087,35,45
2017-10-19,1088,,
2017-10-19,1089,,
2017-10-19,1122,,
2017-10-19,1123,166,168
2017-10-19,1124,171,173
2017-10-19,1126,230,235
2017-10-19,1138,182,186
2017-10-19,1145,,
2017-10-19,1156,132,147
2017-10-19,1157,142,157
2017-10-19,1158,85,100
2017-10-19,1164,1.7,1.8
2017-10-19,1165,1.75,1.85
2017-10-19,1183,157,167
2017-10-19,1192,105,115
2017-10-19,1230,413,418
2017-10-19,1231,,
2017-10-19,1257,1.5,1.7
2017-10-19,1261,,
2017-10-19,1262,,
2017-10-19,1263,,
2017-10-19,1264,,
2017-10-19,1265,,
2017-10-19,1266,,
2017-10-19,1267,,
2017-10-19,1268,660,700
2017-10-19,1269,440,470
2017-10-19,1270,570,640
2017-10-19,1271,410,450
2017-10-19,1272,,
2017-10-19,1273,620,710
2017-10-19,1274,410,480
2017-10-19,1275,660,800
2017-10-19,1276,450,500
2017-10-19,1277,670,720
2017-10-19,1278,460,500
2017-10-19,1279,2800,3000
2017-10-19,1280,,
2017-10-19,1281,,
2017-10-19,1282,,
2017-10-19,1283,,
2017-10-19,1284,,
2017-10-19,1285,,
2017-10-19,1287,,
2017-10-19,1288,,
2017-10-19,1289,,
2017-10-19,1290,,
2017-10-19,1291,,
2017-10-19,1292,,
2017-10-19,1296,,
2017-10-19,1297,132,147
2017-10-19,1298,142,157
2017-10-19,1299,2.3,2.7
2017-10-19,1302,196,198
2017-10-19,1308,174,176
2017-10-19,1309,179,181
2017-10-19,1310,182,184
2017-10-19,1311,177,178
2017-10-19,1312,125,130
2017-10-19,1313,11.7,12
2017-10-19,1314,10.85,11.35
2017-10-19,1315,10.25,10.7
2017-10-19,1316,9.6,9.95
2017-10-19,1322,1700,1800
2017-10-19,1323,,
2017-10-19,1324,,
2017-10-19,1325,,
2017-10-19,1326,1200,1400
2017-10-19,1327,900,1000
2017-10-19,1352,218,223
2017-10-19,1353,188,193
2017-10-19,1354,221,226
2017-10-19,1355,,
2017-10-19,1356,,
2017-10-19,1357,230,235
2017-10-19,1360,430,435
2017-10-19,1363,220,225
2017-10-19,1364,210,215
2017-10-19,1367,,
2017-10-19,1422,362,372
2017-10-19,1423,,
2017-10-19,1424,373,383
2017-10-19,1425,300,310
2017-10-19,1426,,
2017-10-19,1427,300,310
2017-10-19,1428,295,305
2017-10-19,1429,670,680
2017-10-19,1430,270,280
2017-10-19,1431,360,385
2017-10-19,1432,,
2017-10-19,1433,230,240
2017-10-19,1434,400,480
2017-10-19,1435,410,430
2017-10-19,1436,950,980
2017-10-19,1437,,
2017-10-19,1438,625,645
2017-10-19,1439,,
2017-10-19,1440,230,240
2017-10-19,1441,245,250
2017-10-19,1442,290,310
2017-10-19,1443,290,320
2017-10-19,1444,380,385
2017-10-19,1451,0.35,0.45
2017-10-19,1452,0.35,0.45
2017-10-19,1453,0.4,0.5
2017-10-19,1454,0.4,0.5
2017-10-19,1455,0.4,0.5
2017-10-19,1456,0.38,0.48
2017-10-19,1457,0.45,0.55
2017-10-19,1458,0.45,0.55
2017-10-19,1459,0.5,1
2017-10-19,1460,0.6,0.7
2017-10-19,1461,0.45,0.5
2017-10-19,1462,0.45,0.5
2017-10-19,1463,0.5,0.6
2017-10-19,1464,0.55,0.6
2017-10-19,1465,0.55,0.65
2017-10-19,1466,0.55,0.65
2017-10-19,1467,0.6,0.7
2017-10-19,1468,0.6,0.7
2017-10-19,1469,0.6,0.7
2017-10-19,1470,0.4,0.5
2017-10-19,1471,0.4,0.5
2017-10-19,1472,0.45,0.55
2017-10-19,1473,0.45,0.55
2017-10-19,1474,0.45,0.55
2017-10-19,1475,0.5,0.6
2017-10-19,1476,0.45,0.55
2017-10-19,1477,0.45,0.55
2017-10-19,1478,0.55,0.65
2017-10-19,1490,0.6,0.68
2017-10-19,1492,0.8,0.9
2017-10-19,1493,0.9,1.05
2017-10-19,1494,0.7,0.8
2017-10-19,1495,1,1.1
2017-10-19,1496,1.25,1.35
2017-10-19,1497,1.4,1.5
2017-10-26,30,,
2017-10-26,31,218,220
2017-10-26,103,600,700
2017-10-26,104,700,800
2017-10-26,105,500,600
2017-10-26,106,500,600
2017-10-26,107,490,590
2017-10-26,108,430,530
2017-10-26,109,550,650
2017-10-26,175,0.25,0.31
2017-10-26,176,0.35,0.44
2017-10-26,178,0.32,0.43
2017-10-26,183,5.9,6.1
2017-10-26,184,6.1,7.1
2017-10-26,186,1.7,1.9
2017-10-26,190,1.7,1.8
2017-10-26,191,,
2017-10-26,192,,
2017-10-26,194,2.5,2.7
2017-10-26,195,2.5,2.7
2017-10-26,196,2.3,2.5
2017-10-26,197,1.35,1.55
2017-10-26,204,2.1,2.3
2017-10-26,206,,
2017-10-26,209,,
2017-10-26,210,1.95,2.3
2017-10-26,211,2.2,2.5
2017-10-26,216,,
2017-10-26,239,4,4.5
2017-10-26,240,,
2017-10-26,241,,
2017-10-26,242,,
2017-10-26,243,,
2017-10-26,244,5.5,6
2017-10-26,245,5.5,6
2017-10-26,246,6.4,7
2017-10-26,247,0.65,0.75
2017-10-26,248,0.6,0.85
2017-10-26,249,0.65,0.9
2017-10-26,250,0.7,0.95
2017-10-26,251,1,1.2
2017-10-26,252,1,1.2
2017-10-26,254,0.9,1
2017-10-26,255,1,1.2
2017-10-26,256,,
2017-10-26,257,,
2017-10-26,258,,
2017-10-26,259,,
2017-10-26,260,,
2017-10-26,261,,
2017-10-26,263,,
2017-10-26,264,,
2017-10-26,267,,
2017-10-26,269,,
2017-10-26,272,,
2017-10-26,274,,
2017-10-26,275,,
2017-10-26,276,,
2017-10-26,277,,
2017-10-26,278,,
2017-10-26,279,,
2017-10-26,280,,
2017-10-26,282,,
2017-10-26,283,,
2017-10-26,284,,
2017-10-26,285,,
2017-10-26,286,,
2017-10-26,287,,
2017-10-26,288,,
2017-10-26,290,,
2017-10-26,291,,
2017-10-26,433,1.75,1.85
2017-10-26,434,2.8,3
2017-10-26,435,2.7,2.9
2017-10-26,455,4,5
2017-10-26,456,,
2017-10-26,457,,
2017-10-26,527,2.6,2.8
2017-10-26,529,2.35,2.55
2017-10-26,558,0.4,0.45
2017-10-26,561,2.4,2.6
2017-10-26,563,,
2017-10-26,604,,
2017-10-26,716,1.4,1.6
2017-10-26,727,,
2017-10-26,882,0.34,0.38
2017-10-26,907,2.55,2.75
2017-10-26,908,,
2017-10-26,928,,
2017-10-26,929,,
2017-10-26,933,164,167
2017-10-26,934,379,384
2017-10-26,935,,
2017-10-26,936,268,270
2017-10-26,937,268,270
2017-10-26,938,,
2017-10-26,939,184,186
2017-10-26,940,233,235
2017-10-26,941,,
2017-10-26,942,,
2017-10-26,943,,
2017-10-26,948,,
2017-10-26,954,175,180
2017-10-26,958,174,176
2017-10-26,959,,
2017-10-26,960,186,188
2017-10-26,962,350,370
2017-10-26,963,430,450
2017-10-26,964,480,500
2017-10-26,965,490,510
2017-10-26,966,360,365
2017-10-26,968,119,120
2017-10-26,969,127,128
2017-10-26,970,142,145
2017-10-26,971,117,119
2017-10-26,973,159,160
2017-10-26,974,167,168
2017-10-26,975,175,180
2017-10-26,976,117,118
2017-10-26,977,118,119
2017-10-26,978,125,127
2017-10-26,979,188,190
2017-10-26,993,311,312
2017-10-26,994,310,311
2017-10-26,995,314,316
2017-10-26,996,313,315
2017-10-26,999,462,469
2017-10-26,1000,,
2017-10-26,1001,131,138
2017-10-26,1002,181,183
2017-10-26,1003,210,215
2017-10-26,1004,375,378
2017-10-26,1005,387,390
2017-10-26,1007,220,230
2017-10-26,1008,200,205
2017-10-26,1009,160,165
2017-10-26,1010,225,230
2017-10-26,1011,185,190
2017-10-26,1012,175,185
2017-10-26,1013,110,115
2017-10-26,1014,108,110
2017-10-26,1015,130,135
2017-10-26,1016,107,109
2017-10-26,1017,1380,1400
2017-10-26,1018,1505,1510
2017-10-26,1021,147,149
2017-10-26,1022,692,697
2017-10-26,1023,655,660
2017-10-26,1024,124,125
2017-10-26,1025,127,130
2017-10-26,1026,207,210
2017-10-26,1027,175,180
2017-10-26,1028,350,365
2017-10-26,1029,308,328
2017-10-26,1033,285,295
2017-10-26,1034,270,285
2017-10-26,1035,180,195
2017-10-26,1036,128,130
2017-10-26,1037,107,110
2017-10-26,1038,40,50
2017-10-26,1039,,170
2017-10-26,1042,117,132
2017-10-26,1043,127,142
2017-10-26,1050,37,45
2017-10-26,1051,45,55
2017-10-26,1058,1250,1350
2017-10-26,1059,,
2017-10-26,1086,30,150
2017-10-26,1087,35,50
2017-10-26,1088,,
2017-10-26,1089,,
2017-10-26,1122,,
2017-10-26,1123,168,170
2017-10-26,1124,173,175
2017-10-26,1126,228,233
2017-10-26,1138,183,187
2017-10-26,1145,,
2017-10-26,1156,132,147
2017-10-26,1157,142,157
2017-10-26,1158,87,102
2017-10-26,1164,1.7,1.8
2017-10-26,1165,1.75,1.85
2017-10-26,1183,152,162
2017-10-26,1192,107,117
2017-10-26,1230,407,412
2017-10-26,1231,,
2017-10-26,1257,1.5,1.7
2017-10-26,1261,4300,5000
2017-10-26,1262,3400,3800
2017-10-26,1263,,
2017-10-26,1264,,
2017-10-26,1265,,
2017-10-26,1266,,
2017-10-26,1267,,
2017-10-26,1268,660,700
2017-10-26,1269,440,470
2017-10-26,1270,570,640
2017-10-26,1271,410,450
2017-10-26,1272,,
2017-10-26,1273,620,710
2017-10-26,1274,410,480
2017-10-26,1275,660,800
2017-10-26,1276,450,500
2017-10-26,1277,670,720
2017-10-26,1278,460,500
2017-10-26,1279,2800,3000
2017-10-26,1280,,
2017-10-26,1281,,
2017-10-26,1282,,
2017-10-26,1283,,
2017-10-26,1284,,
2017-10-26,1285,,
2017-10-26,1287,,
2017-10-26,1288,,
2017-10-26,1289,,
2017-10-26,1290,,
2017-10-26,1291,,
2017-10-26,1292,,
2017-10-26,1296,,
2017-10-26,1297,132,147
2017-10-26,1298,142,157
2017-10-26,1299,2.3,2.7
2017-10-26,1302,196,198
2017-10-26,1308,174,176
2017-10-26,1309,179,181
2017-10-26,1310,184,186
2017-10-26,1311,177,178
2017-10-26,1312,125,130
2017-10-26,1313,11.7,12
2017-10-26,1314,10.85,11.35
2017-10-26,1315,10.25,10.7
2017-10-26,1316,9.6,9.95
2017-10-26,1322,1700,1800
2017-10-26,1323,,
2017-10-26,1324,,
2017-10-26,1325,,
2017-10-26,1326,1200,1400
2017-10-26,1327,900,1000
2017-10-26,1352,218,223
2017-10-26,1353,188,193
2017-10-26,1354,221,226
2017-10-26,1355,,
2017-10-26,1356,,
2017-10-26,1357,230,235
2017-10-26,1360,425,430
2017-10-26,1363,220,225
2017-10-26,1364,210,215
2017-10-26,1367,,
2017-10-26,1422,362,372
2017-10-26,1423,,
2017-10-26,1424,373,383
2017-10-26,1425,300,310
2017-10-26,1426,,
2017-10-26,1427,,
2017-10-26,1428,295,305
2017-10-26,1429,670,680
2017-10-26,1430,270,280
2017-10-26,1431,365,385
2017-10-26,1432,,
2017-10-26,1433,230,240
2017-10-26,1434,400,480
2017-10-26,1435,410,430
2017-10-26,1436,950,980
2017-10-26,1437,,
2017-10-26,1438,625,645
2017-10-26,1439,,
2017-10-26,1440,230,240
2017-10-26,1441,245,250
2017-10-26,1442,290,310
2017-10-26,1443,290,320
2017-10-26,1444,380,385
2017-10-26,1451,0.35,0.45
2017-10-26,1452,0.35,0.45
2017-10-26,1453,0.4,0.5
2017-10-26,1454,0.4,0.5
2017-10-26,1455,0.4,0.5
2017-10-26,1456,0.38,0.48
2017-10-26,1457,0.45,0.55
2017-10-26,1458,0.45,0.55
2017-10-26,1459,0.5,1
2017-10-26,1460,0.6,0.7
2017-10-26,1461,0.45,0.5
2017-10-26,1462,0.45,0.5
2017-10-26,1463,0.5,0.6
2017-10-26,1464,0.55,0.6
2017-10-26,1465,0.55,0.65
2017-10-26,1466,0.55,0.65
2017-10-26,1467,0.6,0.7
2017-10-26,1468,0.6,0.7
2017-10-26,1469,0.6,0.7
2017-10-26,1470,0.4,0.5
2017-10-26,1471,0.4,0.5
2017-10-26,1472,0.45,0.55
2017-10-26,1473,0.45,0.55
2017-10-26,1474,0.45,0.55
2017-10-26,1475,0.5,0.6
2017-10-26,1476,0.45,0.55
2017-10-26,1477,0.45,0.55
2017-10-26,1478,0.55,0.65
2017-10-26,1490,0.6,0.68
2017-10-26,1492,,
2017-10-26,1493,0.93,1.08
2017-10-26,1494,0.7,0.8
2017-10-26,1495,1,1.1
2017-10-26,1496,1.25,1.35
2017-10-26,1497,1.4,1.5
2017-10-26,1498,,170
2017-10-26,1499,,
2017-11-02,30,,
2017-11-02,31,220,222
2017-11-02,103,600,700
2017-11-02,104,700,800
2017-11-02,105,500,600
2017-11-02,106,500,600
2017-11-02,107,490,590
2017-11-02,108,430,530
2017-11-02,109,550,650
2017-11-02,175,0.25,0.31
2017-11-02,176,0.35,0.44
2017-11-02,178,0.32,0.43
2017-11-02,183,5.9,6.1
2017-11-02,184,6.1,7.1
2017-11-02,186,1.7,1.9
2017-11-02,190,1.7,1.8
2017-11-02,191,,
2017-11-02,192,,
2017-11-02,194,2.4,2.6
2017-11-02,195,2.4,2.6
2017-11-02,196,2.3,2.5
2017-11-02,197,1.35,1.55
2017-11-02,204,2,2.2
2017-11-02,206,,
2017-11-02,209,1.5,1.7
2017-11-02,210,1.95,2.3
2017-11-02,211,2.2,2.5
2017-11-02,216,,
2017-11-02,239,4,4.5
2017-11-02,240,,
2017-11-02,241,,
2017-11-02,242,,
2017-11-02,243,,
2017-11-02,244,5.5,6
2017-11-02,245,5.5,6
2017-11-02,246,6.4,7
2017-11-02,247,0.65,0.75
2017-11-02,248,0.6,0.85
2017-11-02,249,0.65,0.9
2017-11-02,250,0.7,0.95
2017-11-02,251,1,1.2
2017-11-02,252,1,1.2
2017-11-02,254,0.9,1
2017-11-02,255,1,1.2
2017-11-02,256,,
2017-11-02,257,,
2017-11-02,258,,
2017-11-02,259,,
2017-11-02,260,,
2017-11-02,261,,
2017-11-02,263,,
2017-11-02,264,,
2017-11-02,267,,
2017-11-02,269,,
2017-11-02,272,,
2017-11-02,274,,
2017-11-02,275,,
2017-11-02,276,,
2017-11-02,277,,
2017-11-02,278,,
2017-11-02,279,,
2017-11-02,280,,
2017-11-02,282,,
2017-11-02,283,,
2017-11-02,284,,
2017-11-02,285,,
2017-11-02,286,,
2017-11-02,287,,
2017-11-02,288,,
2017-11-02,290,,
2017-11-02,291,,
2017-11-02,433,1.75,1.85
2017-11-02,434,2.8,3
2017-11-02,435,2.7,2.9
2017-11-02,455,4,5
2017-11-02,456,2.8,3
2017-11-02,457,2.9,3.1
2017-11-02,527,2.6,2.8
2017-11-02,529,2.4,2.6
2017-11-02,558,0.4,0.45
2017-11-02,561,2.4,2.6
2017-11-02,563,2.3,2.5
2017-11-02,604,,
2017-11-02,716,1.4,1.6
2017-11-02,727,,
2017-11-02,882,0.34,0.38
2017-11-02,903,,
2017-11-02,907,2.45,2.65
2017-11-02,908,,
2017-11-02,928,,
2017-11-02,929,,
2017-11-02,933,164,167
2017-11-02,934,382,387
2017-11-02,935,,
2017-11-02,936,268,270
2017-11-02,937,268,270
2017-11-02,938,,
2017-11-02,939,185,187
2017-11-02,940,232,234
2017-11-02,941,,
2017-11-02,942,,
2017-11-02,943,,
2017-11-02,948,,
2017-11-02,954,175,180
2017-11-02,958,176,178
2017-11-02,959,,
2017-11-02,960,187,189
2017-11-02,962,350,370
2017-11-02,963,430,450
2017-11-02,964,480,500
2017-11-02,965,490,510
2017-11-02,966,360,365
2017-11-02,968,124,125
2017-11-02,969,129,130
2017-11-02,970,144,147
2017-11-02,971,123,125
2017-11-02,973,164,165
2017-11-02,974,169,170
2017-11-02,975,177,182
2017-11-02,976,122,123
2017-11-02,977,124,125
2017-11-02,978,128,130
2017-11-02,979,188,190
2017-11-02,993,311,312
2017-11-02,994,310,311
2017-11-02,995,314,316
2017-11-02,996,313,315
2017-11-02,999,462,469
2017-11-02,1000,,
2017-11-02,1001,131,138
2017-11-02,1002,181,183
2017-11-02,1003,210,215
2017-11-02,1004,375,378
2017-11-02,1005,387,390
2017-11-02,1007,220,230
2017-11-02,1008,200,205
2017-11-02,1009,160,165
2017-11-02,1010,230,235
2017-11-02,1011,190,195
2017-11-02,1012,180,190
2017-11-02,1013,110,115
2017-11-02,1014,108,110
2017-11-02,1015,130,135
2017-11-02,1016,107,109
2017-11-02,1017,1380,1400
2017-11-02,1018,1505,1510
2017-11-02,1021,147,149
2017-11-02,1022,692,697
2017-11-02,1023,655,660
2017-11-02,1024,124,125
2017-11-02,1025,127,130
2017-11-02,1026,205,210
2017-11-02,1027,174,179
2017-11-02,1028,350,365
2017-11-02,1029,310,330
2017-11-02,1033,285,295
2017-11-02,1034,270,285
2017-11-02,1035,180,195
2017-11-02,1036,128,130
2017-11-02,1037,107,110
2017-11-02,1038,40,50
2017-11-02,1042,117,132
2017-11-02,1043,127,142
2017-11-02,1050,37,45
2017-11-02,1051,45,55
2017-11-02,1058,1250,1350
2017-11-02,1059,,
2017-11-02,1086,30,150
2017-11-02,1087,35,50
2017-11-02,1088,,
2017-11-02,1089,,
2017-11-02,1122,,
2017-11-02,1123,170,172
2017-11-02,1124,175,177
2017-11-02,1126,228,233
2017-11-02,1138,185,189
2017-11-02,1145,,
2017-11-02,1156,132,147
2017-11-02,1157,142,157
2017-11-02,1158,87,102
2017-11-02,1164,1.7,1.8
2017-11-02,1165,1.75,1.85
2017-11-02,1183,150,160
2017-11-02,1192,107,117
2017-11-02,1230,407,412
2017-11-02,1231,,
2017-11-02,1257,1.5,1.7
2017-11-02,1261,4300,5000
2017-11-02,1262,3400,3800
2017-11-02,1263,,
2017-11-02,1264,,
2017-11-02,1265,,
2017-11-02,1266,,
2017-11-02,1267,,
2017-11-02,1268,660,700
2017-11-02,1269,440,470
2017-11-02,1270,570,640
2017-11-02,1271,410,450
2017-11-02,1272,,
2017-11-02,1273,620,710
2017-11-02,1274,410,480
2017-11-02,1275,660,800
2017-11-02,1276,450,500
2017-11-02,1277,670,720
2017-11-02,1278,460,500
2017-11-02,1279,2800,3000
2017-11-02,1280,,
2017-11-02,1281,,
2017-11-02,1282,,
2017-11-02,1283,,
2017-11-02,1284,,
2017-11-02,1285,,
2017-11-02,1287,,
2017-11-02,1288,,
2017-11-02,1289,,
2017-11-02,1290,,
2017-11-02,1291,,
2017-11-02,1292,,
2017-11-02,1296,,
2017-11-02,1297,132,147
2017-11-02,1298,142,157
2017-11-02,1299,2.1,2.5
2017-11-02,1302,196,198
2017-11-02,1308,174,176
2017-11-02,1309,179,181
2017-11-02,1310,184,186
2017-11-02,1311,177,178
2017-11-02,1312,125,130
2017-11-02,1313,11.7,12
2017-11-02,1314,10.85,11.35
2017-11-02,1315,10.25,10.7
2017-11-02,1316,9.6,9.95
2017-11-02,1322,1700,1800
2017-11-02,1323,,
2017-11-02,1324,,
2017-11-02,1325,,
2017-11-02,1326,1200,1400
2017-11-02,1327,900,1000
2017-11-02,1352,217,222
2017-11-02,1353,188,193
2017-11-02,1354,221,226
2017-11-02,1355,,
2017-11-02,1356,,
2017-11-02,1357,230,235
2017-11-02,1360,425,430
2017-11-02,1363,220,225
2017-11-02,1364,210,215
2017-11-02,1367,,
2017-11-02,1422,357,367
2017-11-02,1423,,
2017-11-02,1424,373,383
2017-11-02,1425,305,315
2017-11-02,1426,,
2017-11-02,1427,,
2017-11-02,1428,295,305
2017-11-02,1429,660,670
2017-11-02,1430,270,280
2017-11-02,1431,370,390
2017-11-02,1432,,
2017-11-02,1433,230,240
2017-11-02,1434,400,480
2017-11-02,1435,410,430
2017-11-02,1436,950,980
2017-11-02,1437,,
2017-11-02,1438,630,650
2017-11-02,1439,,
2017-11-02,1440,230,240
2017-11-02,1441,245,250
2017-11-02,1442,290,310
2017-11-02,1443,290,320
2017-11-02,1444,380,385
2017-11-02,1451,,
2017-11-02,1452,,
2017-11-02,1453,,
2017-11-02,1454,,
2017-11-02,1455,,
2017-11-02,1456,,
2017-11-02,1457,,
2017-11-02,1458,,
2017-11-02,1459,,
2017-11-02,1460,,
2017-11-02,1461,,
2017-11-02,1462,,
2017-11-02,1463,,
2017-11-02,1464,,
2017-11-02,1465,,
2017-11-02,1466,,
2017-11-02,1467,,
2017-11-02,1468,,
2017-11-02,1469,,
2017-11-02,1470,,
2017-11-02,1471,,
2017-11-02,1472,,
2017-11-02,1473,,
2017-11-02,1474,,
2017-11-02,1475,,
2017-11-02,1476,,
2017-11-02,1477,,
2017-11-02,1478,,
2017-11-02,1490,0.6,0.68
2017-11-02,1493,0.93,1.08
2017-11-02,1494,0.7,0.8
2017-11-02,1495,1,1.1
2017-11-02,1496,1.25,1.35
2017-11-02,1497,1.4,1.5
2017-11-02,1498,,170
2017-11-02,1499,1.7,1.9
2017-11-02,1500,370,390
2017-11-02,1501,,
2017-11-02,1502,,
2017-11-09,30,,
2017-11-09,31,223,225
2017-11-09,103,600,700
2017-11-09,104,700,800
2017-11-09,105,500,600
2017-11-09,106,500,600
2017-11-09,107,490,590
2017-11-09,108,460,560
2017-11-09,109,550,650
2017-11-09,175,0.25,0.31
2017-11-09,176,0.35,0.44
2017-11-09,178,0.35,0.44
2017-11-09,183,5.9,6.1
2017-11-09,184,6.1,7.1
2017-11-09,186,1.75,1.95
2017-11-09,190,1.7,1.8
2017-11-09,191,,
2017-11-09,192,,
2017-11-09,194,2.3,2.5
2017-11-09,195,2.3,2.5
2017-11-09,196,2.3,2.5
2017-11-09,197,1.35,1.55
2017-11-09,204,2,2.2
2017-11-09,206,2.8,3
2017-11-09,209,1.5,1.7
2017-11-09,210,1.95,2.3
2017-11-09,211,2.2,2.5
2017-11-09,216,,
2017-11-09,239,4,4.5
2017-11-09,240,,
2017-11-09,241,,
2017-11-09,242,,
2017-11-09,243,,
2017-11-09,244,5.5,6
2017-11-09,245,5.5,6
2017-11-09,246,6.4,7
2017-11-09,247,0.65,0.75
2017-11-09,248,0.6,0.85
2017-11-09,249,0.65,0.9
2017-11-09,250,0.7,0.95
2017-11-09,251,1,1.2
2017-11-09,252,1,1.2
2017-11-09,254,0.9,1
2017-11-09,255,1,1.2
2017-11-09,256,,
2017-11-09,257,,
2017-11-09,258,,
2017-11-09,259,,
2017-11-09,260,,
2017-11-09,261,,
2017-11-09,263,,
2017-11-09,264,,
2017-11-09,267,,
2017-11-09,269,,
2017-11-09,272,,
2017-11-09,274,,
2017-11-09,275,,
2017-11-09,276,,
2017-11-09,277,,
2017-11-09,278,,
2017-11-09,279,,
2017-11-09,280,,
2017-11-09,282,,
2017-11-09,283,,
2017-11-09,284,,
2017-11-09,285,,
2017-11-09,286,,
2017-11-09,287,,
2017-11-09,288,,
2017-11-09,290,,
2017-11-09,291,,
2017-11-09,433,1.75,1.85
2017-11-09,434,2.8,3
2017-11-09,435,2.7,2.9
2017-11-09,455,4,5
2017-11-09,456,2.7,2.9
2017-11-09,457,2.8,3
2017-11-09,527,2.6,2.8
2017-11-09,529,2.4,2.6
2017-11-09,558,0.38,0.43
2017-11-09,561,2.4,2.6
2017-11-09,563,2.3,2.5
2017-11-09,604,,
2017-11-09,716,1.4,1.6
2017-11-09,727,,
2017-11-09,882,0.34,0.38
2017-11-09,903,2.6,2.8
2017-11-09,907,2.4,2.6
2017-11-09,908,,
2017-11-09,928,,
2017-11-09,929,,
2017-11-09,933,167,170
2017-11-09,934,385,390
2017-11-09,935,,
2017-11-09,936,273,275
2017-11-09,937,273,275
2017-11-09,938,,
2017-11-09,939,188,190
2017-11-09,940,232,234
2017-11-09,941,,
2017-11-09,942,,
2017-11-09,943,,
2017-11-09,948,,
2017-11-09,954,175,180
2017-11-09,958,178,180
2017-11-09,959,,
2017-11-09,960,188,190
2017-11-09,962,350,370
2017-11-09,963,430,450
2017-11-09,964,480,500
2017-11-09,965,490,510
2017-11-09,966,360,365
2017-11-09,968,129,130
2017-11-09,969,134,135
2017-11-09,970,147,150
2017-11-09,971,131,133
2017-11-09,973,169,170
2017-11-09,974,174,175
2017-11-09,975,180,185
2017-11-09,976,127,128
2017-11-09,977,132,133
2017-11-09,978,136,138
2017-11-09,979,188,190
2017-11-09,993,311,312
2017-11-09,994,310,311
2017-11-09,995,314,316
2017-11-09,996,313,315
2017-11-09,999,462,469
2017-11-09,1000,,
2017-11-09,1001,131,143
2017-11-09,1002,181,183
2017-11-09,1003,210,215
2017-11-09,1004,380,383
2017-11-09,1005,392,395
2017-11-09,1007,220,230
2017-11-09,1008,200,205
2017-11-09,1009,160,165
2017-11-09,1010,230,235
2017-11-09,1011,190,195
2017-11-09,1012,180,190
2017-11-09,1013,115,120
2017-11-09,1014,115,117
2017-11-09,1015,130,135
2017-11-09,1016,107,109
2017-11-09,1017,1380,1400
2017-11-09,1018,1505,1510
2017-11-09,1021,147,149
2017-11-09,1022,692,697
2017-11-09,1023,655,660
2017-11-09,1024,124,125
2017-11-09,1025,127,130
2017-11-09,1026,210,215
2017-11-09,1027,174,179
2017-11-09,1028,350,365
2017-11-09,1029,315,335
2017-11-09,1033,285,295
2017-11-09,1034,270,285
2017-11-09,1035,185,200
2017-11-09,1036,128,130
2017-11-09,1037,107,110
2017-11-09,1038,40,50
2017-11-09,1042,120,135
2017-11-09,1043,130,145
2017-11-09,1050,37,45
2017-11-09,1051,45,55
2017-11-09,1058,1200,1300
2017-11-09,1059,,
2017-11-09,1086,30,150
2017-11-09,1087,35,50
2017-11-09,1088,,
2017-11-09,1089,,
2017-11-09,1122,,
2017-11-09,1123,172,174
2017-11-09,1124,177,179
2017-11-09,1126,228,233
2017-11-09,1138,187,191
2017-11-09,1145,,
2017-11-09,1156,132,147
2017-11-09,1157,142,157
2017-11-09,1158,87,102
2017-11-09,1164,1.7,1.8
2017-11-09,1165,1.75,1.85
2017-11-09,1183,150,160
2017-11-09,1192,107,117
2017-11-09,1230,407,412
2017-11-09,1231,,
2017-11-09,1257,1.5,1.7
2017-11-09,1261,4300,5000
2017-11-09,1262,3400,3800
2017-11-09,1263,,
2017-11-09,1264,,
2017-11-09,1265,,
2017-11-09,1266,,
2017-11-09,1267,,
2017-11-09,1268,660,700
2017-11-09,1269,440,470
2017-11-09,1270,570,640
2017-11-09,1271,410,450
2017-11-09,1272,,
2017-11-09,1273,620,710
2017-11-09,1274,410,480
2017-11-09,1275,660,800
2017-11-09,1276,450,500
2017-11-09,1277,670,720
2017-11-09,1278,460,500
2017-11-09,1279,2800,3000
2017-11-09,1280,,
2017-11-09,1281,,
2017-11-09,1282,,
2017-11-09,1283,,
2017-11-09,1284,,
2017-11-09,1285,,
2017-11-09,1287,,
2017-11-09,1288,,
2017-11-09,1289,,
2017-11-09,1290,,
2017-11-09,1291,,
2017-11-09,1292,,
2017-11-09,1296,,
2017-11-09,1297,132,147
2017-11-09,1298,142,157
2017-11-09,1299,2.1,2.5
2017-11-09,1302,197,199
2017-11-09,1308,175,177
2017-11-09,1309,180,182
2017-11-09,1310,185,187
2017-11-09,1311,177,178
2017-11-09,1312,125,130
2017-11-09,1313,11.7,12
2017-11-09,1314,10.85,11.35
2017-11-09,1315,10.25,10.7
2017-11-09,1316,9.6,9.95
2017-11-09,1322,1700,1800
2017-11-09,1323,,
2017-11-09,1324,,
2017-11-09,1325,,
2017-11-09,1326,1200,1400
2017-11-09,1327,900,1000
2017-11-09,1352,217,222
2017-11-09,1353,190,195
2017-11-09,1354,221,226
2017-11-09,1355,,
2017-11-09,1356,,
2017-11-09,1357,230,235
2017-11-09,1360,425,430
2017-11-09,1363,220,225
2017-11-09,1364,210,215
2017-11-09,1367,,
2017-11-09,1422,357,367
2017-11-09,1423,,
2017-11-09,1424,373,383
2017-11-09,1425,305,315
2017-11-09,1426,,
2017-11-09,1427,,
2017-11-09,1428,295,305
2017-11-09,1429,640,650
2017-11-09,1430,270,280
2017-11-09,1433,230,240
2017-11-09,1434,400,480
2017-11-09,1435,410,430
2017-11-09,1436,,
2017-11-09,1437,,
2017-11-09,1438,630,650
2017-11-09,1439,,
2017-11-09,1440,230,240
2017-11-09,1441,245,250
2017-11-09,1442,290,310
2017-11-09,1443,280,330
2017-11-09,1444,370,385
2017-11-09,1451,,
2017-11-09,1452,,
2017-11-09,1453,,
2017-11-09,1454,,
2017-11-09,1455,,
2017-11-09,1456,,
2017-11-09,1457,,
2017-11-09,1458,,
2017-11-09,1459,,
2017-11-09,1460,,
2017-11-09,1461,,
2017-11-09,1462,,
2017-11-09,1463,,
2017-11-09,1464,,
2017-11-09,1465,,
2017-11-09,1466,,
2017-11-09,1467,,
2017-11-09,1468,,
2017-11-09,1469,,
2017-11-09,1470,,
2017-11-09,1471,,
2017-11-09,1472,,
2017-11-09,1473,,
2017-11-09,1474,,
2017-11-09,1475,,
2017-11-09,1476,,
2017-11-09,1477,,
2017-11-09,1478,,
2017-11-09,1490,,
2017-11-09,1493,0.93,1.08
2017-11-09,1494,0.72,0.82
2017-11-09,1495,1.02,1.12
2017-11-09,1496,1.3,1.4
2017-11-09,1497,1.45,1.55
2017-11-09,1498,,170
2017-11-09,1499,1.7,1.9
2017-11-09,1500,370,390
2017-11-09,1501,,
2017-11-09,1502,1.55,1.6
2017-11-09,1503,,170
2017-11-09,1504,,
2017-11-16,30,,
2017-11-16,31,223,225
2017-11-16,103,600,700
2017-11-16,104,700,800
2017-11-16,105,500,600
2017-11-16,106,500,600
2017-11-16,107,490,590
2017-11-16,108,490,590
2017-11-16,109,550,650
2017-11-16,175,0.25,0.31
2017-11-16,176,0.35,0.44
2017-11-16,178,0.35,0.44
2017-11-16,183,5.9,6.1
2017-11-16,184,6.1,7.1
2017-11-16,186,1.8,2
2017-11-16,187,,
2017-11-16,190,1.7,1.8
2017-11-16,191,,
2017-11-16,192,,
2017-11-16,194,2.3,2.5
2017-11-16,195,2.3,2.5
2017-11-16,196,2.5,2.7
2017-11-16,197,1.35,1.55
2017-11-16,204,1.9,2.1
2017-11-16,206,3,3.2
2017-11-16,209,1.45,1.65
2017-11-16,210,1.95,2.3
2017-11-16,211,2.2,2.5
2017-11-16,239,4,4.5
2017-11-16,240,,
2017-11-16,241,,
2017-11-16,242,,
2017-11-16,243,,
2017-11-16,244,5.5,6
2017-11-16,245,5.5,6
2017-11-16,246,6.4,7
2017-11-16,247,0.65,0.75
2017-11-16,248,0.6,0.85
2017-11-16,249,0.65,0.9
2017-11-16,250,0.7,0.95
2017-11-16,251,1,1.2
2017-11-16,252,1,1.2
2017-11-16,254,0.9,1
2017-11-16,255,1,1.2
2017-11-16,256,,
2017-11-16,257,,
2017-11-16,258,,
2017-11-16,259,,
2017-11-16,260,,
2017-11-16,261,,
2017-11-16,263,,
2017-11-16,264,,
2017-11-16,267,,
2017-11-16,269,,
2017-11-16,272,,
2017-11-16,274,,
2017-11-16,275,,
2017-11-16,276,,
2017-11-16,277,,
2017-11-16,278,,
2017-11-16,279,,
2017-11-16,280,,
2017-11-16,282,,
2017-11-16,283,,
2017-11-16,284,,
2017-11-16,285,,
2017-11-16,286,,
2017-11-16,287,,
2017-11-16,288,,
2017-11-16,290,,
2017-11-16,291,,
2017-11-16,433,1.75,1.85
2017-11-16,434,2.9,3.1
2017-11-16,435,2.8,3
2017-11-16,455,4,5
2017-11-16,456,2.6,2.8
2017-11-16,457,2.7,2.9
2017-11-16,527,2.7,2.9
2017-11-16,529,,
2017-11-16,558,,
2017-11-16,561,,
2017-11-16,563,2.2,2.4
2017-11-16,604,2.5,2.7
2017-11-16,716,1.4,1.6
2017-11-16,727,,
2017-11-16,882,0.34,0.38
2017-11-16,903,2.6,2.8
2017-11-16,907,2.3,2.5
2017-11-16,908,,
2017-11-16,928,,
2017-11-16,929,,
2017-11-16,933,168,171
2017-11-16,934,384,389
2017-11-16,935,,
2017-11-16,936,273,275
2017-11-16,937,273,275
2017-11-16,938,,
2017-11-16,939,190,192
2017-11-16,940,232,234
2017-11-16,941,,
2017-11-16,942,,
2017-11-16,943,,
2017-11-16,948,,
2017-11-16,954,180,185
2017-11-16,958,179,181
2017-11-16,959,,
2017-11-16,960,190,192
2017-11-16,962,350,370
2017-11-16,963,430,450
2017-11-16,964,480,500
2017-11-16,965,490,510
2017-11-16,966,360,365
2017-11-16,968,135,136
2017-11-16,969,140,141
2017-11-16,970,150,153
2017-11-16,971,138,140
2017-11-16,973,175,176
2017-11-16,974,180,181
2017-11-16,975,183,188
2017-11-16,976,133,134
2017-11-16,977,139,140
2017-11-16,978,144,146
2017-11-16,979,193,195
2017-11-16,993,307,308
2017-11-16,994,306,307
2017-11-16,995,310,312
2017-11-16,996,309,311
2017-11-16,999,457,464
2017-11-16,1000,,
2017-11-16,1001,131,143
2017-11-16,1002,181,183
2017-11-16,1003,210,215
2017-11-16,1004,380,383
2017-11-16,1005,392,395
2017-11-16,1007,220,230
2017-11-16,1008,200,205
2017-11-16,1009,160,165
2017-11-16,1010,230,235
2017-11-16,1011,190,195
2017-11-16,1012,180,190
2017-11-16,1013,115,120
2017-11-16,1014,115,117
2017-11-16,1015,130,135
2017-11-16,1016,107,109
2017-11-16,1017,1380,1400
2017-11-16,1018,1505,1510
2017-11-16,1021,147,149
2017-11-16,1022,692,697
2017-11-16,1023,655,660
2017-11-16,1024,124,125
2017-11-16,1025,127,130
2017-11-16,1026,220,225
2017-11-16,1027,174,179
2017-11-16,1028,350,365
2017-11-16,1029,315,335
2017-11-16,1033,285,295
2017-11-16,1034,270,285
2017-11-16,1035,185,200
2017-11-16,1036,128,130
2017-11-16,1037,107,110
2017-11-16,1038,30,40
2017-11-16,1042,125,140
2017-11-16,1043,135,150
2017-11-16,1050,37,45
2017-11-16,1051,45,55
2017-11-16,1058,,
2017-11-16,1059,,
2017-11-16,1086,30,150
2017-11-16,1087,35,50
2017-11-16,1088,,
2017-11-16,1089,,
2017-11-16,1122,,
2017-11-16,1123,173,175
2017-11-16,1124,178,180
2017-11-16,1126,233,238
2017-11-16,1138,188,192
2017-11-16,1145,,
2017-11-16,1156,135,150
2017-11-16,1157,145,160
2017-11-16,1158,87,102
2017-11-16,1164,,
2017-11-16,1165,,
2017-11-16,1183,150,160
2017-11-16,1192,110,120
2017-11-16,1230,402,407
2017-11-16,1231,,
2017-11-16,1257,1.5,1.7
2017-11-16,1261,4300,5000
2017-11-16,1262,3400,3800
2017-11-16,1263,,
2017-11-16,1264,,
2017-11-16,1265,,
2017-11-16,1266,,
2017-11-16,1267,,
2017-11-16,1268,660,700
2017-11-16,1269,440,470
2017-11-16,1270,570,640
2017-11-16,1271,410,450
2017-11-16,1272,,
2017-11-16,1273,620,710
2017-11-16,1274,410,480
2017-11-16,1275,660,800
2017-11-16,1276,450,500
2017-11-16,1277,670,720
2017-11-16,1278,460,500
2017-11-16,1279,2800,3000
2017-11-16,1280,,
2017-11-16,1281,,
2017-11-16,1282,,
2017-11-16,1283,,
2017-11-16,1284,,
2017-11-16,1285,,
2017-11-16,1287,,
2017-11-16,1288,,
2017-11-16,1289,,
2017-11-16,1290,,
2017-11-16,1291,,
2017-11-16,1292,,
2017-11-16,1296,,
2017-11-16,1297,135,150
2017-11-16,1298,145,160
2017-11-16,1299,2,2.4
2017-11-16,1302,197,199
2017-11-16,1308,175,177
2017-11-16,1309,180,182
2017-11-16,1310,177,187
2017-11-16,1311,177,178
2017-11-16,1312,125,130
2017-11-16,1313,11.7,12
2017-11-16,1314,10.9,11.4
2017-11-16,1315,10.25,10.7
2017-11-16,1316,9.6,9.95
2017-11-16,1322,1650,1800
2017-11-16,1323,,
2017-11-16,1324,,
2017-11-16,1325,,
2017-11-16,1326,1200,1400
2017-11-16,1327,900,1000
2017-11-16,1352,216,221
2017-11-16,1353,190,195
2017-11-16,1354,221,226
2017-11-16,1355,,
2017-11-16,1356,,
2017-11-16,1357,230,235
2017-11-16,1360,425,430
2017-11-16,1363,220,225
2017-11-16,1364,210,215
2017-11-16,1367,,
2017-11-16,1422,357,367
2017-11-16,1423,,
2017-11-16,1424,373,383
2017-11-16,1425,305,315
2017-11-16,1426,,
2017-11-16,1427,,
2017-11-16,1428,295,305
2017-11-16,1429,640,650
2017-11-16,1430,270,280
2017-11-16,1433,230,240
2017-11-16,1434,400,480
2017-11-16,1435,410,430
2017-11-16,1436,,
2017-11-16,1437,,
2017-11-16,1438,630,650
2017-11-16,1439,,
2017-11-16,1440,230,240
2017-11-16,1441,245,250
2017-11-16,1442,290,310
2017-11-16,1443,280,330
2017-11-16,1444,370,385
2017-11-16,1451,,
2017-11-16,1452,,
2017-11-16,1453,,
2017-11-16,1454,,
2017-11-16,1455,,
2017-11-16,1456,,
2017-11-16,1457,,
2017-11-16,1458,,
2017-11-16,1459,,
2017-11-16,1460,,
2017-11-16,1461,,
2017-11-16,1462,,
2017-11-16,1463,,
2017-11-16,1464,,
2017-11-16,1465,,
2017-11-16,1466,,
2017-11-16,1467,,
2017-11-16,1468,,
2017-11-16,1469,,
2017-11-16,1470,,
2017-11-16,1471,,
2017-11-16,1472,,
2017-11-16,1473,,
2017-11-16,1474,,
2017-11-16,1475,,
2017-11-16,1476,,
2017-11-16,1477,,
2017-11-16,1478,,
2017-11-16,1493,,
2017-11-16,1494,0.72,0.82
2017-11-16,1495,1.02,1.12
2017-11-16,1496,1.3,1.4
2017-11-16,1497,1.45,1.55
2017-11-16,1499,1.6,1.8
2017-11-16,1500,370,390
2017-11-16,1501,,
2017-11-16,1502,1.55,1.6
2017-11-16,1503,170,180
2017-11-16,1504,2.5,2.7
2017-11-23,30,,
2017-11-23,31,228,230
2017-11-23,103,600,700
2017-11-23,104,700,800
2017-11-23,105,500,600
2017-11-23,106,500,600
2017-11-23,107,490,590
2017-11-23,108,490,590
2017-11-23,109,550,650
2017-11-23,175,0.25,0.31
2017-11-23,176,0.35,0.44
2017-11-23,178,0.35,0.44
2017-11-23,183,5.9,6.1
2017-11-23,184,6.1,7.1
2017-11-23,186,1.8,2
2017-11-23,187,,
2017-11-23,190,1.7,1.8
2017-11-23,191,,
2017-11-23,192,,
2017-11-23,194,2.3,2.5
2017-11-23,195,2.3,2.5
2017-11-23,196,2.5,2.7
2017-11-23,197,1.35,1.55
2017-11-23,204,1.9,2.1
2017-11-23,206,3.2,3.4
2017-11-23,209,1.45,1.65
2017-11-23,210,1.95,2.3
2017-11-23,211,2.2,2.5
2017-11-23,239,4,4.5
2017-11-23,240,,
2017-11-23,241,,
2017-11-23,242,,
2017-11-23,243,,
2017-11-23,244,5.5,6
2017-11-23,245,5.5,6
2017-11-23,246,6.4,7
2017-11-23,247,0.65,0.75
2017-11-23,248,0.6,0.85
2017-11-23,249,0.65,0.9
2017-11-23,250,0.7,0.95
2017-11-23,251,1,1.2
2017-11-23,252,1,1.2
2017-11-23,254,0.9,1
2017-11-23,255,1,1.2
2017-11-23,256,,
2017-11-23,257,,
2017-11-23,258,,
2017-11-23,259,,
2017-11-23,260,,
2017-11-23,261,,
2017-11-23,263,,
2017-11-23,264,,
2017-11-23,267,,
2017-11-23,269,,
2017-11-23,272,,
2017-11-23,274,,
2017-11-23,275,,
2017-11-23,276,,
2017-11-23,277,,
2017-11-23,278,,
2017-11-23,279,,
2017-11-23,280,,
2017-11-23,282,,
2017-11-23,283,,
2017-11-23,284,,
2017-11-23,285,,
2017-11-23,286,,
2017-11-23,287,,
2017-11-23,288,,
2017-11-23,290,,
2017-11-23,291,,
2017-11-23,433,1.75,1.85
2017-11-23,434,2.9,3.1
2017-11-23,435,2.8,3
2017-11-23,455,4,5
2017-11-23,456,2.6,2.8
2017-11-23,457,2.7,2.9
2017-11-23,527,2.7,2.9
2017-11-23,561,,
2017-11-23,563,2.2,2.4
2017-11-23,604,2.5,2.7
2017-11-23,716,1.4,1.6
2017-11-23,727,,
2017-11-23,882,0.34,0.38
2017-11-23,903,2.5,2.7
2017-11-23,907,2.2,2.4
2017-11-23,908,,
2017-11-23,910,,
2017-11-23,911,,
2017-11-23,912,,
2017-11-23,928,,
2017-11-23,929,,
2017-11-23,933,169,172
2017-11-23,934,384,389
2017-11-23,935,,
2017-11-23,936,273,275
2017-11-23,937,273,275
2017-11-23,938,,
2017-11-23,939,192,194
2017-11-23,940,232,234
2017-11-23,941,,
2017-11-23,942,,
2017-11-23,943,,
2017-11-23,948,,
2017-11-23,954,185,190
2017-11-23,958,179,181
2017-11-23,959,,
2017-11-23,960,193,195
2017-11-23,962,350,370
2017-11-23,963,430,450
2017-11-23,964,480,500
2017-11-23,965,490,510
2017-11-23,966,360,365
2017-11-23,968,143,144
2017-11-23,969,148,149
2017-11-23,970,155,158
2017-11-23,971,146,148
2017-11-23,973,183,184
2017-11-23,974,188,189
2017-11-23,975,188,193
2017-11-23,976,141,142
2017-11-23,977,147,148
2017-11-23,978,154,156
2017-11-23,979,196,198
2017-11-23,993,315,316
2017-11-23,994,314,315
2017-11-23,995,318,320
2017-11-23,996,317,319
2017-11-23,999,465,472
2017-11-23,1000,,
2017-11-23,1001,131,143
2017-11-23,1002,181,183
2017-11-23,1003,205,210
2017-11-23,1004,380,383
2017-11-23,1005,392,395
2017-11-23,1007,220,230
2017-11-23,1008,200,205
2017-11-23,1009,160,165
2017-11-23,1010,230,235
2017-11-23,1011,190,195
2017-11-23,1012,180,190
2017-11-23,1013,115,120
2017-11-23,1014,118,120
2017-11-23,1015,140,145
2017-11-23,1016,117,119
2017-11-23,1017,1380,1400
2017-11-23,1018,1505,1510
2017-11-23,1021,147,149
2017-11-23,1022,685,690
2017-11-23,1023,655,660
2017-11-23,1024,124,125
2017-11-23,1025,127,130
2017-11-23,1026,220,225
2017-11-23,1027,177,180
2017-11-23,1028,350,365
2017-11-23,1029,315,335
2017-11-23,1033,285,295
2017-11-23,1034,270,285
2017-11-23,1035,185,200
2017-11-23,1036,128,130
2017-11-23,1037,107,110
2017-11-23,1038,20,30
2017-11-23,1042,125,140
2017-11-23,1043,135,150
2017-11-23,1050,42,50
2017-11-23,1051,50,60
2017-11-23,1058,,
2017-11-23,1059,,
2017-11-23,1086,30,150
2017-11-23,1087,35,50
2017-11-23,1088,,
2017-11-23,1089,,
2017-11-23,1122,,
2017-11-23,1123,173,175
2017-11-23,1124,178,180
2017-11-23,1126,240,245
2017-11-23,1138,188,192
2017-11-23,1145,,
2017-11-23,1156,135,150
2017-11-23,1157,145,160
2017-11-23,1158,87,102
2017-11-23,1164,,
2017-11-23,1165,,
2017-11-23,1183,150,160
2017-11-23,1192,110,120
2017-11-23,1230,410,415
2017-11-23,1231,,
2017-11-23,1257,1.5,1.7
2017-11-23,1261,4300,5000
2017-11-23,1262,3400,3800
2017-11-23,1263,,
2017-11-23,1264,,
2017-11-23,1265,,
2017-11-23,1266,,
2017-11-23,1267,,
2017-11-23,1268,660,700
2017-11-23,1269,440,470
2017-11-23,1270,570,640
2017-11-23,1271,410,450
2017-11-23,1272,,
2017-11-23,1273,620,710
2017-11-23,1274,410,480
2017-11-23,1275,660,800
2017-11-23,1276,450,500
2017-11-23,1277,670,720
2017-11-23,1278,460,500
2017-11-23,1279,2800,3000
2017-11-23,1280,,
2017-11-23,1281,,
2017-11-23,1282,,
2017-11-23,1283,,
2017-11-23,1284,,
2017-11-23,1285,,
2017-11-23,1287,,
2017-11-23,1288,,
2017-11-23,1289,,
2017-11-23,1290,,
2017-11-23,1291,,
2017-11-23,1292,,
2017-11-23,1296,,
2017-11-23,1297,135,150
2017-11-23,1298,145,160
2017-11-23,1299,1.9,2.3
2017-11-23,1302,197,199
2017-11-23,1308,175,177
2017-11-23,1309,180,182
2017-11-23,1310,177,187
2017-11-23,1311,177,178
2017-11-23,1312,125,130
2017-11-23,1313,11.7,12
2017-11-23,1314,10.9,11.4
2017-11-23,1315,10.25,10.7
2017-11-23,1316,9.6,9.95
2017-11-23,1322,1650,1800
2017-11-23,1323,,
2017-11-23,1324,,
2017-11-23,1325,,
2017-11-23,1326,1200,1400
2017-11-23,1327,900,1000
2017-11-23,1352,216,221
2017-11-23,1353,190,195
2017-11-23,1354,221,226
2017-11-23,1355,,
2017-11-23,1356,,
2017-11-23,1357,230,235
2017-11-23,1360,425,430
2017-11-23,1363,220,225
2017-11-23,1364,210,215
2017-11-23,1367,,
2017-11-23,1422,357,367
2017-11-23,1423,,
2017-11-23,1424,373,383
2017-11-23,1425,308,318
2017-11-23,1426,,
2017-11-23,1427,,
2017-11-23,1428,295,305
2017-11-23,1429,640,650
2017-11-23,1430,270,280
2017-11-23,1433,235,245
2017-11-23,1434,400,480
2017-11-23,1435,410,430
2017-11-23,1436,,
2017-11-23,1437,,
2017-11-23,1438,630,650
2017-11-23,1439,,
2017-11-23,1440,230,240
2017-11-23,1441,245,250
2017-11-23,1442,290,310
2017-11-23,1443,280,330
2017-11-23,1444,370,385
2017-11-23,1451,,
2017-11-23,1452,,
2017-11-23,1453,,
2017-11-23,1454,,
2017-11-23,1455,,
2017-11-23,1456,,
2017-11-23,1457,,
2017-11-23,1458,,
2017-11-23,1459,,
2017-11-23,1460,,
2017-11-23,1461,,
2017-11-23,1462,,
2017-11-23,1463,,
2017-11-23,1464,,
2017-11-23,1465,,
2017-11-23,1466,,
2017-11-23,1467,,
2017-11-23,1468,,
2017-11-23,1469,,
2017-11-23,1470,,
2017-11-23,1471,,
2017-11-23,1472,,
2017-11-23,1473,,
2017-11-23,1474,,
2017-11-23,1475,,
2017-11-23,1476,,
2017-11-23,1477,,
2017-11-23,1478,,
2017-11-23,1494,0.72,0.82
2017-11-23,1495,1.02,1.12
2017-11-23,1496,1.3,1.4
2017-11-23,1497,1.45,1.55
2017-11-23,1499,1.5,1.7
2017-11-23,1500,370,390
2017-11-23,1501,,
2017-11-23,1502,1.55,1.6
2017-11-23,1503,170,180
2017-11-23,1504,2.5,2.7
2017-11-23,1505,,
2017-11-30,30,,
2017-11-30,31,228,230
2017-11-30,103,600,700
2017-11-30,104,700,800
2017-11-30,105,500,600
2017-11-30,106,500,600
2017-11-30,107,490,590
2017-11-30,108,490,590
2017-11-30,109,550,650
2017-11-30,175,0.25,0.31
2017-11-30,176,0.35,0.44
2017-11-30,178,0.35,0.44
2017-11-30,183,5.9,6.1
2017-11-30,184,6.1,7.1
2017-11-30,186,1.85,2.05
2017-11-30,187,,
2017-11-30,190,1.7,1.8
2017-11-30,191,,
2017-11-30,192,,
2017-11-30,194,2.3,2.5
2017-11-30,195,2.3,2.5
2017-11-30,196,2.5,2.7
2017-11-30,197,1.35,1.55
2017-11-30,204,1.9,2.1
2017-11-30,206,3.2,3.4
2017-11-30,209,1.45,1.65
2017-11-30,210,1.95,2.3
2017-11-30,211,2.2,2.5
2017-11-30,239,5.4,5.7
2017-11-30,240,,
2017-11-30,241,,
2017-11-30,242,,
2017-11-30,243,,
2017-11-30,244,,
2017-11-30,245,,
2017-11-30,246,6.4,6.8
2017-11-30,247,0.65,0.8
2017-11-30,248,0.65,0.9
2017-11-30,249,0.65,0.9
2017-11-30,250,0.7,1
2017-11-30,251,1,1.3
2017-11-30,252,1,1.3
2017-11-30,254,0.9,1
2017-11-30,255,1,1.3
2017-11-30,256,,
2017-11-30,257,,
2017-11-30,258,,
2017-11-30,259,,
2017-11-30,260,,
2017-11-30,261,,
2017-11-30,263,,
2017-11-30,264,,
2017-11-30,267,,
2017-11-30,269,,
2017-11-30,272,,
2017-11-30,274,,
2017-11-30,275,,
2017-11-30,276,,
2017-11-30,277,,
2017-11-30,278,,
2017-11-30,279,,
2017-11-30,280,,
2017-11-30,282,,
2017-11-30,283,,
2017-11-30,284,,
2017-11-30,285,,
2017-11-30,286,,
2017-11-30,287,,
2017-11-30,288,,
2017-11-30,290,,
2017-11-30,291,,
2017-11-30,433,1.75,1.85
2017-11-30,434,2.9,3.1
2017-11-30,435,2.8,3
2017-11-30,455,4,5
2017-11-30,456,2.6,2.8
2017-11-30,457,2.7,2.9
2017-11-30,527,2.7,2.9
2017-11-30,561,,
2017-11-30,563,2.2,2.4
2017-11-30,604,2.5,2.7
2017-11-30,716,1.4,1.6
2017-11-30,727,,
2017-11-30,882,0.34,0.38
2017-11-30,903,2.5,2.7
2017-11-30,907,2.2,2.4
2017-11-30,908,,
2017-11-30,910,1.7,1.8
2017-11-30,911,1.8,1.85
2017-11-30,912,1.6,1.7
2017-11-30,914,,
2017-11-30,928,,
2017-11-30,929,,
2017-11-30,933,170,172
2017-11-30,934,384,389
2017-11-30,935,,
2017-11-30,936,268,270
2017-11-30,937,268,270
2017-11-30,938,,
2017-11-30,939,193,195
2017-11-30,940,230,232
2017-11-30,941,,
2017-11-30,942,,
2017-11-30,943,,
2017-11-30,948,,
2017-11-30,954,185,190
2017-11-30,958,179,181
2017-11-30,959,,
2017-11-30,960,193,195
2017-11-30,962,350,370
2017-11-30,963,430,450
2017-11-30,964,480,500
2017-11-30,965,490,510
2017-11-30,966,360,365
2017-11-30,968,147,148
2017-11-30,969,152,153
2017-11-30,970,159,162
2017-11-30,971,146,148
2017-11-30,973,187,188
2017-11-30,974,192,193
2017-11-30,975,192,197
2017-11-30,976,145,146
2017-11-30,977,147,148
2017-11-30,978,158,160
2017-11-30,979,198,200
2017-11-30,993,315,316
2017-11-30,994,314,315
2017-11-30,995,318,320
2017-11-30,996,317,319
2017-11-30,999,465,472
2017-11-30,1000,,
2017-11-30,1001,131,143
2017-11-30,1002,182,184
2017-11-30,1003,205,210
2017-11-30,1004,375,378
2017-11-30,1005,387,390
2017-11-30,1007,220,230
2017-11-30,1008,200,205
2017-11-30,1009,165,170
2017-11-30,1010,230,235
2017-11-30,1011,190,195
2017-11-30,1012,180,190
2017-11-30,1013,115,120
2017-11-30,1014,118,120
2017-11-30,1015,140,145
2017-11-30,1016,122,124
2017-11-30,1017,1380,1400
2017-11-30,1018,1505,1510
2017-11-30,1021,147,149
2017-11-30,1022,675,680
2017-11-30,1023,650,655
2017-11-30,1024,124,125
2017-11-30,1025,127,130
2017-11-30,1026,210,215
2017-11-30,1027,179,182
2017-11-30,1028,350,365
2017-11-30,1029,315,335
2017-11-30,1033,285,295
2017-11-30,1034,270,285
2017-11-30,1035,195,210
2017-11-30,1036,138,140
2017-11-30,1037,115,118
2017-11-30,1038,20,30
2017-11-30,1042,130,145
2017-11-30,1043,140,155
2017-11-30,1050,42,53
2017-11-30,1051,50,63
2017-11-30,1058,,
2017-11-30,1059,,
2017-11-30,1086,30,150
2017-11-30,1087,35,50
2017-11-30,1088,,
2017-11-30,1089,,
2017-11-30,1122,,
2017-11-30,1123,173,175
2017-11-30,1124,178,180
2017-11-30,1126,245,250
2017-11-30,1138,188,192
2017-11-30,1145,,
2017-11-30,1156,140,155
2017-11-30,1157,150,165
2017-11-30,1158,92,107
2017-11-30,1164,,
2017-11-30,1165,,
2017-11-30,1183,150,160
2017-11-30,1192,115,125
2017-11-30,1230,410,415
2017-11-30,1231,,
2017-11-30,1257,1.5,1.7
2017-11-30,1261,4300,5000
2017-11-30,1262,3400,3800
2017-11-30,1263,,
2017-11-30,1264,,
2017-11-30,1265,,
2017-11-30,1266,,
2017-11-30,1267,,
2017-11-30,1268,,
2017-11-30,1269,,
2017-11-30,1270,,
2017-11-30,1271,,
2017-11-30,1272,,
2017-11-30,1273,,
2017-11-30,1274,,
2017-11-30,1275,,
2017-11-30,1276,,
2017-11-30,1277,,
2017-11-30,1278,,
2017-11-30,1279,,
2017-11-30,1280,,
2017-11-30,1281,,
2017-11-30,1282,,
2017-11-30,1283,,
2017-11-30,1284,,
2017-11-30,1285,,
2017-11-30,1287,,
2017-11-30,1288,,
2017-11-30,1289,,
2017-11-30,1290,,
2017-11-30,1291,,
2017-11-30,1292,,
2017-11-30,1296,,
2017-11-30,1297,140,155
2017-11-30,1298,150,165
2017-11-30,1299,1.8,2.2
2017-11-30,1302,197,199
2017-11-30,1308,175,177
2017-11-30,1309,180,182
2017-11-30,1310,177,187
2017-11-30,1311,176,177
2017-11-30,1312,125,130
2017-11-30,1313,11.7,12
2017-11-30,1314,10.9,11.4
2017-11-30,1315,10.25,10.7
2017-11-30,1316,9.6,9.95
2017-11-30,1322,1600,1800
2017-11-30,1323,,
2017-11-30,1324,,
2017-11-30,1325,,
2017-11-30,1326,1200,1400
2017-11-30,1327,900,1000
2017-11-30,1352,216,221
2017-11-30,1353,190,195
2017-11-30,1354,221,226
2017-11-30,1355,,
2017-11-30,1356,,
2017-11-30,1357,230,235
2017-11-30,1360,425,430
2017-11-30,1363,220,225
2017-11-30,1364,210,215
2017-11-30,1367,,
2017-11-30,1422,357,367
2017-11-30,1423,,
2017-11-30,1424,373,383
2017-11-30,1425,310,320
2017-11-30,1426,,
2017-11-30,1427,,
2017-11-30,1428,295,305
2017-11-30,1429,640,650
2017-11-30,1430,270,280
2017-11-30,1433,235,245
2017-11-30,1434,400,480
2017-11-30,1435,420,440
2017-11-30,1436,,
2017-11-30,1437,,
2017-11-30,1438,630,650
2017-11-30,1439,,
2017-11-30,1440,230,240
2017-11-30,1441,245,250
2017-11-30,1442,290,310
2017-11-30,1443,270,330
2017-11-30,1444,365,385
2017-11-30,1451,,
2017-11-30,1452,,
2017-11-30,1453,,
2017-11-30,1454,,
2017-11-30,1455,,
2017-11-30,1456,,
2017-11-30,1457,,
2017-11-30,1458,,
2017-11-30,1459,,
2017-11-30,1460,,
2017-11-30,1461,,
2017-11-30,1462,,
2017-11-30,1463,,
2017-11-30,1464,,
2017-11-30,1465,,
2017-11-30,1466,,
2017-11-30,1467,,
2017-11-30,1468,,
2017-11-30,1469,,
2017-11-30,1470,,
2017-11-30,1471,,
2017-11-30,1472,,
2017-11-30,1473,,
2017-11-30,1474,,
2017-11-30,1475,,
2017-11-30,1476,,
2017-11-30,1477,,
2017-11-30,1478,,
2017-11-30,1494,0.72,0.82
2017-11-30,1495,1.02,1.12
2017-11-30,1496,1.3,1.4
2017-11-30,1497,1.45,1.55
2017-11-30,1499,1.5,1.7
2017-11-30,1500,370,390
2017-11-30,1501,,
2017-11-30,1502,1.55,1.6
2017-11-30,1503,175,185
2017-11-30,1504,2.5,2.7
2017-11-30,1505,6.2,6.7
2017-12-07,30,,
2017-12-07,31,228,230
2017-12-07,103,600,700
2017-12-07,104,700,800
2017-12-07,105,500,600
2017-12-07,106,500,600
2017-12-07,107,490,590
2017-12-07,108,490,590
2017-12-07,109,550,650
2017-12-07,175,0.25,0.31
2017-12-07,176,0.35,0.44
2017-12-07,178,0.35,0.44
2017-12-07,183,5.9,6.1
2017-12-07,184,6.1,7.1
2017-12-07,186,1.85,2.05
2017-12-07,187,,
2017-12-07,190,1.7,1.8
2017-12-07,191,,
2017-12-07,192,,
2017-12-07,194,2.3,2.5
2017-12-07,195,2.3,2.5
2017-12-07,196,2.7,2.9
2017-12-07,197,1.35,1.55
2017-12-07,204,1.9,2.1
2017-12-07,206,,
2017-12-07,209,1.45,1.65
2017-12-07,210,1.95,2.3
2017-12-07,211,2.2,2.5
2017-12-07,239,5.4,5.7
2017-12-07,240,,
2017-12-07,241,,
2017-12-07,242,,
2017-12-07,243,,
2017-12-07,244,,
2017-12-07,245,,
2017-12-07,246,6.4,6.8
2017-12-07,247,0.65,0.8
2017-12-07,248,0.65,0.9
2017-12-07,249,0.65,0.9
2017-12-07,250,0.7,1
2017-12-07,251,1,1.3
2017-12-07,252,1,1.3
2017-12-07,254,0.9,1
2017-12-07,255,1,1.3
2017-12-07,256,,
2017-12-07,257,,
2017-12-07,258,,
2017-12-07,259,,
2017-12-07,260,,
2017-12-07,261,,
2017-12-07,263,,
2017-12-07,264,,
2017-12-07,267,,
2017-12-07,269,,
2017-12-07,272,,
2017-12-07,274,,
2017-12-07,275,,
2017-12-07,276,,
2017-12-07,277,,
2017-12-07,278,,
2017-12-07,279,,
2017-12-07,280,,
2017-12-07,282,,
2017-12-07,283,,
2017-12-07,284,,
2017-12-07,285,,
2017-12-07,286,,
2017-12-07,287,,
2017-12-07,288,,
2017-12-07,290,,
2017-12-07,291,,
2017-12-07,433,1.75,1.85
2017-12-07,434,2.9,3.1
2017-12-07,435,2.8,3
2017-12-07,455,4,5
2017-12-07,456,2.7,2.9
2017-12-07,457,2.9,3.1
2017-12-07,527,2.7,2.9
2017-12-07,561,,
2017-12-07,563,2.2,2.4
2017-12-07,604,2.5,2.7
2017-12-07,716,1.4,1.6
2017-12-07,727,,
2017-12-07,882,0.34,0.38
2017-12-07,903,2.5,2.7
2017-12-07,907,2.2,2.4
2017-12-07,908,,
2017-12-07,910,1.7,1.8
2017-12-07,911,1.8,1.85
2017-12-07,912,1.6,1.7
2017-12-07,914,0.78,0.83
2017-12-07,916,,
2017-12-07,928,,
2017-12-07,929,,
2017-12-07,933,170,172
2017-12-07,934,385,390
2017-12-07,935,,
2017-12-07,936,268,270
2017-12-07,937,268,270
2017-12-07,938,,
2017-12-07,939,193,195
2017-12-07,940,230,232
2017-12-07,941,,
2017-12-07,942,,
2017-12-07,943,,
2017-12-07,948,,
2017-12-07,954,185,190
2017-12-07,958,179,181
2017-12-07,959,,
2017-12-07,960,193,197
2017-12-07,962,350,370
2017-12-07,963,430,450
2017-12-07,964,480,500
2017-12-07,965,490,510
2017-12-07,966,360,365
2017-12-07,968,145,146
2017-12-07,969,150,151
2017-12-07,970,159,162
2017-12-07,971,146,148
2017-12-07,973,185,186
2017-12-07,974,190,191
2017-12-07,975,192,197
2017-12-07,976,143,144
2017-12-07,977,147,148
2017-12-07,978,158,160
2017-12-07,979,198,200
2017-12-07,993,335,336
2017-12-07,994,334,335
2017-12-07,995,343,345
2017-12-07,996,342,344
2017-12-07,999,480,487
2017-12-07,1000,,
2017-12-07,1001,133,145
2017-12-07,1002,186,188
2017-12-07,1003,210,215
2017-12-07,1004,382,385
2017-12-07,1005,389,392
2017-12-07,1007,220,230
2017-12-07,1008,200,205
2017-12-07,1009,165,170
2017-12-07,1010,230,235
2017-12-07,1011,190,195
2017-12-07,1012,180,190
2017-12-07,1013,115,120
2017-12-07,1014,118,120
2017-12-07,1015,140,145
2017-12-07,1016,122,124
2017-12-07,1017,1430,1450
2017-12-07,1018,1555,1560
2017-12-07,1021,147,149
2017-12-07,1022,670,675
2017-12-07,1023,645,650
2017-12-07,1024,124,125
2017-12-07,1025,127,130
2017-12-07,1026,220,225
2017-12-07,1027,182,185
2017-12-07,1028,350,365
2017-12-07,1029,315,335
2017-12-07,1033,290,300
2017-12-07,1034,275,290
2017-12-07,1035,202,217
2017-12-07,1036,141,143
2017-12-07,1037,118,121
2017-12-07,1038,20,30
2017-12-07,1042,135,150
2017-12-07,1043,145,160
2017-12-07,1050,42,53
2017-12-07,1051,50,63
2017-12-07,1058,1100,1300
2017-12-07,1059,,
2017-12-07,1086,30,150
2017-12-07,1087,35,50
2017-12-07,1088,,
2017-12-07,1089,,
2017-12-07,1122,,
2017-12-07,1123,173,175
2017-12-07,1124,178,180
2017-12-07,1126,250,255
2017-12-07,1138,190,194
2017-12-07,1145,144,
2017-12-07,1156,140,155
2017-12-07,1157,150,165
2017-12-07,1158,95,110
2017-12-07,1164,,
2017-12-07,1165,,
2017-12-07,1183,150,160
2017-12-07,1192,115,125
2017-12-07,1230,425,430
2017-12-07,1231,,
2017-12-07,1257,1.5,1.7
2017-12-07,1261,4300,5000
2017-12-07,1262,3400,3800
2017-12-07,1263,,
2017-12-07,1264,,
2017-12-07,1265,,
2017-12-07,1266,,
2017-12-07,1267,,
2017-12-07,1268,,
2017-12-07,1269,,
2017-12-07,1270,,
2017-12-07,1271,,
2017-12-07,1272,,
2017-12-07,1273,,
2017-12-07,1274,,
2017-12-07,1275,,
2017-12-07,1276,,
2017-12-07,1277,,
2017-12-07,1278,,
2017-12-07,1279,,
2017-12-07,1280,,
2017-12-07,1281,,
2017-12-07,1282,,
2017-12-07,1283,,
2017-12-07,1284,,
2017-12-07,1285,,
2017-12-07,1287,,
2017-12-07,1288,,
2017-12-07,1289,,
2017-12-07,1290,,
2017-12-07,1291,,
2017-12-07,1292,,
2017-12-07,1296,,
2017-12-07,1297,140,155
2017-12-07,1298,150,165
2017-12-07,1299,1.7,2.1
2017-12-07,1302,197,199
2017-12-07,1308,175,177
2017-12-07,1309,180,182
2017-12-07,1310,177,187
2017-12-07,1311,176,177
2017-12-07,1312,125,130
2017-12-07,1313,11.7,12.05
2017-12-07,1314,10.9,11.45
2017-12-07,1315,10.25,10.75
2017-12-07,1316,9.6,10
2017-12-07,1322,1500,1800
2017-12-07,1323,,
2017-12-07,1324,,
2017-12-07,1325,,
2017-12-07,1326,1200,1400
2017-12-07,1327,900,1000
2017-12-07,1352,215,220
2017-12-07,1353,192,197
2017-12-07,1354,221,226
2017-12-07,1355,,
2017-12-07,1356,,
2017-12-07,1357,230,235
2017-12-07,1360,425,430
2017-12-07,1363,220,225
2017-12-07,1364,210,215
2017-12-07,1367,,
2017-12-07,1422,357,367
2017-12-07,1423,,
2017-12-07,1424,373,383
2017-12-07,1425,310,320
2017-12-07,1426,,
2017-12-07,1427,,
2017-12-07,1428,295,305
2017-12-07,1429,640,650
2017-12-07,1430,270,280
2017-12-07,1433,235,245
2017-12-07,1434,400,480
2017-12-07,1435,420,440
2017-12-07,1436,,
2017-12-07,1437,,
2017-12-07,1438,630,650
2017-12-07,1439,,
2017-12-07,1440,230,240
2017-12-07,1441,245,250
2017-12-07,1442,290,310
2017-12-07,1443,270,330
2017-12-07,1444,360,385
2017-12-07,1451,,
2017-12-07,1452,,
2017-12-07,1453,,
2017-12-07,1454,,
2017-12-07,1455,,
2017-12-07,1456,,
2017-12-07,1457,,
2017-12-07,1458,,
2017-12-07,1459,,
2017-12-07,1460,,
2017-12-07,1461,,
2017-12-07,1462,,
2017-12-07,1463,,
2017-12-07,1464,,
2017-12-07,1465,,
2017-12-07,1466,,
2017-12-07,1467,,
2017-12-07,1468,,
2017-12-07,1469,,
2017-12-07,1470,,
2017-12-07,1471,,
2017-12-07,1472,,
2017-12-07,1473,,
2017-12-07,1474,,
2017-12-07,1475,,
2017-12-07,1476,,
2017-12-07,1477,,
2017-12-07,1478,,
2017-12-07,1494,0.72,0.82
2017-12-07,1495,1.02,1.12
2017-12-07,1496,1.3,1.4
2017-12-07,1497,1.45,1.55
2017-12-07,1499,1.5,1.7
2017-12-07,1500,370,390
2017-12-07,1501,,
2017-12-07,1502,1.55,1.6
2017-12-07,1503,175,185
2017-12-07,1504,2.5,2.7
2017-12-07,1505,6.2,6.7
2017-12-07,1506,,
2017-12-14,30,,
2017-12-14,31,228,230
2017-12-14,103,600,700
2017-12-14,104,680,780
2017-12-14,105,500,600
2017-12-14,106,500,600
2017-12-14,107,490,590
2017-12-14,108,490,590
2017-12-14,109,550,650
2017-12-14,175,0.25,0.31
2017-12-14,176,0.35,0.44
2017-12-14,178,0.35,0.44
2017-12-14,183,5.9,6.1
2017-12-14,184,6.1,7.1
2017-12-14,186,1.85,2.05
2017-12-14,187,,
2017-12-14,190,1.7,1.8
2017-12-14,191,,
2017-12-14,192,,
2017-12-14,194,2.3,2.5
2017-12-14,195,2.3,2.5
2017-12-14,196,2.7,2.9
2017-12-14,197,1.35,1.55
2017-12-14,204,1.9,2.1
2017-12-14,206,,
2017-12-14,209,1.45,1.65
2017-12-14,210,1.95,2.3
2017-12-14,211,2.2,2.5
2017-12-14,239,5.4,5.7
2017-12-14,240,,
2017-12-14,241,,
2017-12-14,242,,
2017-12-14,243,,
2017-12-14,244,,
2017-12-14,245,,
2017-12-14,246,6.4,6.8
2017-12-14,247,0.65,0.8
2017-12-14,248,0.65,0.9
2017-12-14,249,0.65,0.9
2017-12-14,250,0.7,1
2017-12-14,251,1,1.3
2017-12-14,252,1,1.3
2017-12-14,254,0.9,1
2017-12-14,255,1,1.3
2017-12-14,256,,
2017-12-14,257,,
2017-12-14,258,,
2017-12-14,259,,
2017-12-14,260,,
2017-12-14,261,,
2017-12-14,263,,
2017-12-14,264,,
2017-12-14,267,,
2017-12-14,269,,
2017-12-14,272,,
2017-12-14,274,,
2017-12-14,275,,
2017-12-14,276,,
2017-12-14,277,,
2017-12-14,278,,
2017-12-14,279,,
2017-12-14,280,,
2017-12-14,282,,
2017-12-14,283,,
2017-12-14,284,,
2017-12-14,285,,
2017-12-14,286,,
2017-12-14,287,,
2017-12-14,288,,
2017-12-14,290,,
2017-12-14,291,,
2017-12-14,433,1.75,1.85
2017-12-14,434,2.9,3.1
2017-12-14,435,2.8,3
2017-12-14,455,4,5
2017-12-14,456,2.7,2.9
2017-12-14,457,2.9,3.1
2017-12-14,527,2.7,2.9
2017-12-14,561,,
2017-12-14,563,2.2,2.4
2017-12-14,604,2.5,2.7
2017-12-14,716,1.4,1.6
2017-12-14,727,,
2017-12-14,882,0.34,0.38
2017-12-14,903,2.5,2.7
2017-12-14,907,2,2.2
2017-12-14,908,,
2017-12-14,910,1.7,1.8
2017-12-14,911,1.8,1.85
2017-12-14,912,1.55,1.65
2017-12-14,914,0.75,0.8
2017-12-14,916,2.1,2.3
2017-12-14,928,,
2017-12-14,929,,
2017-12-14,933,172,174
2017-12-14,934,382,387
2017-12-14,935,,
2017-12-14,936,273,275
2017-12-14,937,283,285
2017-12-14,938,,
2017-12-14,939,193,195
2017-12-14,940,230,232
2017-12-14,941,,
2017-12-14,942,,
2017-12-14,943,,
2017-12-14,948,,
2017-12-14,954,185,190
2017-12-14,958,179,181
2017-12-14,959,,
2017-12-14,960,194,198
2017-12-14,962,350,370
2017-12-14,963,430,450
2017-12-14,964,480,500
2017-12-14,965,490,510
2017-12-14,966,360,365
2017-12-14,968,145,146
2017-12-14,969,150,151
2017-12-14,970,162,165
2017-12-14,971,140,142
2017-12-14,973,185,186
2017-12-14,974,190,191
2017-12-14,975,195,200
2017-12-14,976,143,144
2017-12-14,977,141,142
2017-12-14,978,158,160
2017-12-14,979,203,205
2017-12-14,993,323,324
2017-12-14,994,322,323
2017-12-14,995,331,333
2017-12-14,996,330,332
2017-12-14,999,468,475
2017-12-14,1000,,
2017-12-14,1001,135,147
2017-12-14,1002,188,190
2017-12-14,1003,212,217
2017-12-14,1004,372,375
2017-12-14,1005,384,387
2017-12-14,1007,220,230
2017-12-14,1008,200,205
2017-12-14,1009,165,170
2017-12-14,1010,230,235
2017-12-14,1011,195,200
2017-12-14,1012,190,200
2017-12-14,1013,118,123
2017-12-14,1014,121,123
2017-12-14,1015,140,145
2017-12-14,1016,122,124
2017-12-14,1017,1470,1490
2017-12-14,1018,1595,1600
2017-12-14,1021,150,152
2017-12-14,1022,670,675
2017-12-14,1023,645,650
2017-12-14,1024,124,125
2017-12-14,1025,127,130
2017-12-14,1026,220,225
2017-12-14,1027,187,190
2017-12-14,1028,350,365
2017-12-14,1029,315,335
2017-12-14,1033,290,300
2017-12-14,1034,275,290
2017-12-14,1035,202,217
2017-12-14,1036,141,143
2017-12-14,1037,118,121
2017-12-14,1038,20,30
2017-12-14,1042,140,155
2017-12-14,1043,150,165
2017-12-14,1050,42,53
2017-12-14,1051,53,68
2017-12-14,1058,1100,1300
2017-12-14,1059,,
2017-12-14,1086,30,150
2017-12-14,1087,35,50
2017-12-14,1088,,
2017-12-14,1089,,
2017-12-14,1122,,
2017-12-14,1123,173,175
2017-12-14,1124,178,180
2017-12-14,1126,250,255
2017-12-14,1138,190,194
2017-12-14,1145,140,
2017-12-14,1156,140,155
2017-12-14,1157,150,165
2017-12-14,1158,97,112
2017-12-14,1164,,
2017-12-14,1165,,
2017-12-14,1183,150,160
2017-12-14,1192,115,125
2017-12-14,1230,413,418
2017-12-14,1231,,
2017-12-14,1257,1.5,1.7
2017-12-14,1261,4300,5000
2017-12-14,1262,3400,3800
2017-12-14,1263,,
2017-12-14,1264,,
2017-12-14,1265,,
2017-12-14,1266,,
2017-12-14,1267,,
2017-12-14,1268,,
2017-12-14,1269,,
2017-12-14,1270,,
2017-12-14,1271,,
2017-12-14,1272,,
2017-12-14,1273,,
2017-12-14,1274,,
2017-12-14,1275,,
2017-12-14,1276,,
2017-12-14,1277,,
2017-12-14,1278,,
2017-12-14,1279,,
2017-12-14,1280,,
2017-12-14,1281,,
2017-12-14,1282,,
2017-12-14,1283,,
2017-12-14,1284,,
2017-12-14,1285,,
2017-12-14,1287,,
2017-12-14,1288,,
2017-12-14,1289,,
2017-12-14,1290,,
2017-12-14,1291,,
2017-12-14,1292,,
2017-12-14,1296,,
2017-12-14,1297,140,155
2017-12-14,1298,150,165
2017-12-14,1299,1.7,2.1
2017-12-14,1302,197,199
2017-12-14,1308,175,177
2017-12-14,1309,180,182
2017-12-14,1310,177,187
2017-12-14,1311,176,177
2017-12-14,1312,125,130
2017-12-14,1313,11.7,12.05
2017-12-14,1314,10.9,11.45
2017-12-14,1315,10.25,10.75
2017-12-14,1316,9.6,10
2017-12-14,1322,1500,1800
2017-12-14,1323,,
2017-12-14,1324,,
2017-12-14,1325,,
2017-12-14,1326,1200,1400
2017-12-14,1327,900,1000
2017-12-14,1352,215,220
2017-12-14,1353,192,197
2017-12-14,1354,221,226
2017-12-14,1355,,
2017-12-14,1356,,
2017-12-14,1357,230,235
2017-12-14,1360,425,430
2017-12-14,1363,220,225
2017-12-14,1364,210,215
2017-12-14,1367,,
2017-12-14,1422,357,367
2017-12-14,1423,,
2017-12-14,1424,373,383
2017-12-14,1425,310,320
2017-12-14,1426,,
2017-12-14,1427,,
2017-12-14,1428,295,305
2017-12-14,1429,640,650
2017-12-14,1430,270,280
2017-12-14,1433,235,245
2017-12-14,1434,400,480
2017-12-14,1435,420,440
2017-12-14,1436,,
2017-12-14,1437,,
2017-12-14,1438,630,650
2017-12-14,1439,,
2017-12-14,1440,235,245
2017-12-14,1441,250,255
2017-12-14,1442,290,310
2017-12-14,1443,270,330
2017-12-14,1444,355,375
2017-12-14,1451,,
2017-12-14,1452,,
2017-12-14,1453,,
2017-12-14,1454,,
2017-12-14,1455,,
2017-12-14,1456,,
2017-12-14,1457,,
2017-12-14,1458,,
2017-12-14,1459,,
2017-12-14,1460,,
2017-12-14,1461,,
2017-12-14,1462,,
2017-12-14,1463,,
2017-12-14,1464,,
2017-12-14,1465,,
2017-12-14,1466,,
2017-12-14,1467,,
2017-12-14,1468,,
2017-12-14,1469,,
2017-12-14,1470,,
2017-12-14,1471,,
2017-12-14,1472,,
2017-12-14,1473,,
2017-12-14,1474,,
2017-12-14,1475,,
2017-12-14,1476,,
2017-12-14,1477,,
2017-12-14,1478,,
2017-12-14,1494,0.7,0.8
2017-12-14,1495,1,1.1
2017-12-14,1496,1.3,1.4
2017-12-14,1497,1.45,1.55
2017-12-14,1499,1.5,1.7
2017-12-14,1500,370,390
2017-12-14,1501,,
2017-12-14,1502,1.55,1.6
2017-12-14,1503,175,185
2017-12-14,1504,2.5,2.7
2017-12-14,1505,6.2,6.7
2017-12-14,1506,1.15,1.25
2017-12-21,30,,
2017-12-21,31,228,230
2017-12-21,103,600,700
2017-12-21,104,680,780
2017-12-21,105,500,600
2017-12-21,106,500,600
2017-12-21,107,490,590
2017-12-21,108,490,590
2017-12-21,109,550,650
2017-12-21,175,0.25,0.31
2017-12-21,176,0.35,0.44
2017-12-21,178,0.35,0.44
2017-12-21,183,5.9,6.1
2017-12-21,184,6.1,7.1
2017-12-21,186,1.9,2.1
2017-12-21,187,,
2017-12-21,190,1.7,1.8
2017-12-21,191,,
2017-12-21,192,,
2017-12-21,194,2.3,2.5
2017-12-21,195,2.3,2.5
2017-12-21,196,2.8,3
2017-12-21,197,1.35,1.55
2017-12-21,204,1.8,2
2017-12-21,206,,
2017-12-21,209,1.45,1.65
2017-12-21,210,1.95,2.3
2017-12-21,211,2.2,2.5
2017-12-21,239,5.4,5.7
2017-12-21,240,,
2017-12-21,241,,
2017-12-21,242,,
2017-12-21,243,,
2017-12-21,244,,
2017-12-21,245,,
2017-12-21,246,6.4,6.8
2017-12-21,247,0.65,0.8
2017-12-21,248,0.65,0.9
2017-12-21,249,0.65,0.9
2017-12-21,250,0.7,1
2017-12-21,251,1,1.3
2017-12-21,252,1,1.3
2017-12-21,254,0.9,1
2017-12-21,255,1,1.3
2017-12-21,256,,
2017-12-21,257,,
2017-12-21,258,,
2017-12-21,259,,
2017-12-21,260,,
2017-12-21,261,,
2017-12-21,263,,
2017-12-21,264,,
2017-12-21,267,,
2017-12-21,269,,
2017-12-21,272,,
2017-12-21,274,,
2017-12-21,275,,
2017-12-21,276,,
2017-12-21,277,,
2017-12-21,278,,
2017-12-21,279,,
2017-12-21,280,,
2017-12-21,282,,
2017-12-21,283,,
2017-12-21,284,,
2017-12-21,285,,
2017-12-21,286,,
2017-12-21,287,,
2017-12-21,288,,
2017-12-21,290,,
2017-12-21,291,,
2017-12-21,433,1.75,1.85
2017-12-21,434,2.9,3.1
2017-12-21,435,2.8,3
2017-12-21,455,3.9,4.9
2017-12-21,456,2.7,2.9
2017-12-21,457,2.9,3.1
2017-12-21,527,2.7,2.9
2017-12-21,561,,
2017-12-21,563,2.2,2.4
2017-12-21,604,2.5,2.7
2017-12-21,716,1.4,1.6
2017-12-21,727,,
2017-12-21,882,0.34,0.38
2017-12-21,903,,
2017-12-21,907,2,2.2
2017-12-21,908,,
2017-12-21,910,1.7,1.8
2017-12-21,911,1.8,1.85
2017-12-21,912,1.55,1.65
2017-12-21,914,0.75,0.8
2017-12-21,916,2.1,2.3
2017-12-21,928,,
2017-12-21,929,,
2017-12-21,933,172,174
2017-12-21,934,378,383
2017-12-21,935,,
2017-12-21,936,273,275
2017-12-21,937,283,285
2017-12-21,938,,
2017-12-21,939,193,195
2017-12-21,940,230,232
2017-12-21,941,,
2017-12-21,942,,
2017-12-21,943,,
2017-12-21,948,,
2017-12-21,954,185,190
2017-12-21,958,182,184
2017-12-21,959,,
2017-12-21,960,194,198
2017-12-21,962,350,370
2017-12-21,963,430,450
2017-12-21,964,480,500
2017-12-21,965,490,510
2017-12-21,966,360,365
2017-12-21,968,145,146
2017-12-21,969,150,151
2017-12-21,970,162,165
2017-12-21,971,140,142
2017-12-21,973,185,186
2017-12-21,974,190,191
2017-12-21,975,195,200
2017-12-21,976,143,144
2017-12-21,977,141,142
2017-12-21,978,158,160
2017-12-21,979,208,210
2017-12-21,993,320,321
2017-12-21,994,319,320
2017-12-21,995,328,330
2017-12-21,996,327,329
2017-12-21,999,460,467
2017-12-21,1000,,
2017-12-21,1001,135,147
2017-12-21,1002,188,190
2017-12-21,1003,212,217
2017-12-21,1004,365,368
2017-12-21,1005,379,382
2017-12-21,1007,220,230
2017-12-21,1008,200,205
2017-12-21,1009,170,175
2017-12-21,1010,230,235
2017-12-21,1011,195,200
2017-12-21,1012,190,200
2017-12-21,1013,120,125
2017-12-21,1014,123,125
2017-12-21,1015,140,145
2017-12-21,1016,128,130
2017-12-21,1017,1480,1500
2017-12-21,1018,1605,1610
2017-12-21,1021,152,154
2017-12-21,1022,665,670
2017-12-21,1023,640,645
2017-12-21,1024,124,125
2017-12-21,1025,127,130
2017-12-21,1026,215,220
2017-12-21,1027,187,190
2017-12-21,1028,350,365
2017-12-21,1029,315,335
2017-12-21,1033,290,300
2017-12-21,1034,275,290
2017-12-21,1035,202,217
2017-12-21,1036,141,143
2017-12-21,1037,118,121
2017-12-21,1038,20,30
2017-12-21,1042,145,160
2017-12-21,1043,155,170
2017-12-21,1050,50,55
2017-12-21,1051,58,70
2017-12-21,1058,1100,1300
2017-12-21,1059,,
2017-12-21,1086,30,150
2017-12-21,1087,35,50
2017-12-21,1088,,
2017-12-21,1089,,
2017-12-21,1122,,
2017-12-21,1123,176,178
2017-12-21,1124,181,183
2017-12-21,1126,,
2017-12-21,1138,190,194
2017-12-21,1145,140,
2017-12-21,1156,145,155
2017-12-21,1157,155,165
2017-12-21,1158,97,112
2017-12-21,1164,,
2017-12-21,1165,,
2017-12-21,1183,150,160
2017-12-21,1192,115,125
2017-12-21,1230,405,410
2017-12-21,1231,,
2017-12-21,1257,1.5,1.7
2017-12-21,1261,4300,5000
2017-12-21,1262,3400,3800
2017-12-21,1263,,
2017-12-21,1264,,
2017-12-21,1265,,
2017-12-21,1266,,
2017-12-21,1267,,
2017-12-21,1268,,
2017-12-21,1269,,
2017-12-21,1270,,
2017-12-21,1271,,
2017-12-21,1272,,
2017-12-21,1273,,
2017-12-21,1274,,
2017-12-21,1275,,
2017-12-21,1276,,
2017-12-21,1277,,
2017-12-21,1278,,
2017-12-21,1279,,
2017-12-21,1280,,
2017-12-21,1281,,
2017-12-21,1282,,
2017-12-21,1283,,
2017-12-21,1284,,
2017-12-21,1285,,
2017-12-21,1287,,
2017-12-21,1288,,
2017-12-21,1289,,
2017-12-21,1290,,
2017-12-21,1291,,
2017-12-21,1292,,
2017-12-21,1296,,
2017-12-21,1297,145,155
2017-12-21,1298,155,165
2017-12-21,1299,1.7,2.1
2017-12-21,1302,197,199
2017-12-21,1308,175,177
2017-12-21,1309,180,182
2017-12-21,1310,177,187
2017-12-21,1311,176,177
2017-12-21,1312,125,130
2017-12-21,1313,11.75,12.05
2017-12-21,1314,10.95,11.45
2017-12-21,1315,10.3,10.75
2017-12-21,1316,9.65,10
2017-12-21,1322,1500,1800
2017-12-21,1323,,
2017-12-21,1324,,
2017-12-21,1325,,
2017-12-21,1326,1200,1400
2017-12-21,1327,900,1000
2017-12-21,1352,215,220
2017-12-21,1353,192,197
2017-12-21,1354,222,227
2017-12-21,1355,,
2017-12-21,1356,,
2017-12-21,1357,230,235
2017-12-21,1360,425,430
2017-12-21,1363,220,225
2017-12-21,1364,210,215
2017-12-21,1367,,
2017-12-21,1422,357,367
2017-12-21,1423,,
2017-12-21,1424,373,383
2017-12-21,1425,310,320
2017-12-21,1426,,
2017-12-21,1427,,
2017-12-21,1428,295,305
2017-12-21,1429,640,650
2017-12-21,1430,270,280
2017-12-21,1433,235,245
2017-12-21,1434,400,480
2017-12-21,1435,420,440
2017-12-21,1436,,
2017-12-21,1437,,
2017-12-21,1438,630,650
2017-12-21,1439,,
2017-12-21,1440,235,245
2017-12-21,1441,250,255
2017-12-21,1442,290,310
2017-12-21,1443,270,330
2017-12-21,1444,355,375
2017-12-21,1451,,
2017-12-21,1452,,
2017-12-21,1453,,
2017-12-21,1454,,
2017-12-21,1455,,
2017-12-21,1456,,
2017-12-21,1457,,
2017-12-21,1458,,
2017-12-21,1459,,
2017-12-21,1460,,
2017-12-21,1461,,
2017-12-21,1462,,
2017-12-21,1463,,
2017-12-21,1464,,
2017-12-21,1465,,
2017-12-21,1466,,
2017-12-21,1467,,
2017-12-21,1468,,
2017-12-21,1469,,
2017-12-21,1470,,
2017-12-21,1471,,
2017-12-21,1472,,
2017-12-21,1473,,
2017-12-21,1474,,
2017-12-21,1475,,
2017-12-21,1476,,
2017-12-21,1477,,
2017-12-21,1478,,
2017-12-21,1494,0.7,0.8
2017-12-21,1495,1,1.1
2017-12-21,1496,1.3,1.4
2017-12-21,1497,1.45,1.55
2017-12-21,1499,1.5,1.7
2017-12-21,1500,370,390
2017-12-21,1501,,
2017-12-21,1502,1.55,1.6
2017-12-21,1503,180,185
2017-12-21,1504,2.5,2.7
2017-12-21,1505,6.2,6.7
2017-12-21,1506,1.15,1.25
