date,code,low,high
2020-01-09,649,176,178
2020-01-09,650,352,355
2020-01-09,653,278,280
2020-01-09,654,,
2020-01-09,655,203,205
2020-01-09,656,230,234
2020-01-09,657,,
2020-01-09,658,,
2020-01-09,659,,
2020-01-09,670,162,172
2020-01-09,675,,
2020-01-09,684,410,415
2020-01-09,686,129,131
2020-01-09,687,140,141
2020-01-09,688,154,157
2020-01-09,689,133,135
2020-01-09,691,169,171
2020-01-09,692,180,181
2020-01-09,693,187,192
2020-01-09,694,126,128
2020-01-09,695,133,135
2020-01-09,696,140,142
2020-01-09,697,193,195
2020-01-09,711,337,338
2020-01-09,712,333,334
2020-01-09,713,347,349
2020-01-09,714,344,346
2020-01-09,717,422,425
2020-01-09,718,,
2020-01-09,719,174,177
2020-01-09,720,232,234
2020-01-09,721,248,251
2020-01-09,722,365,367
2020-01-09,723,381,384
2020-01-09,725,225,230
2020-01-09,726,205,210
2020-01-09,727,185,190
2020-01-09,728,230,240
2020-01-09,729,190,200
2020-01-09,730,185,195
2020-01-09,731,120,125
2020-01-09,732,115,120
2020-01-09,733,135,140
2020-01-09,734,123,125
2020-01-09,735,1502,1522
2020-01-09,736,1797,1802
2020-01-09,739,163,165
2020-01-09,742,186,187
2020-01-09,743,181,184
2020-01-09,744,172,175
2020-01-09,745,196,198
2020-01-09,747,240,255
2020-01-09,748,360,380
2020-01-09,751,730,810
2020-01-09,752,740,820
2020-01-09,753,610,690
2020-01-09,754,610,690
2020-01-09,755,520,600
2020-01-09,756,680,760
2020-01-09,757,690,770
2020-01-09,758,380,390
2020-01-09,759,355,375
2020-01-09,760,235,250
2020-01-09,761,148,150
2020-01-09,762,110,115
2020-01-09,763,70,80
2020-01-09,765,,
2020-01-09,766,,
2020-01-09,767,85,100
2020-01-09,768,95,110
2020-01-09,769,,
2020-01-09,770,,
2020-01-09,819,,
2020-01-09,820,258,260
2020-01-09,829,165,170
2020-01-09,830,172,175
2020-01-09,831,177,180
2020-01-09,833,,
2020-01-09,849,100,105
2020-01-09,850,115,120
2020-01-09,852,,
2020-01-09,853,,
2020-01-09,858,190,200
2020-01-09,860,125,128
2020-01-09,861,130,138
2020-01-09,863,372,375
2020-01-09,865,,
2020-01-09,866,,
2020-01-09,871,125,128
2020-01-09,872,130,138
2020-01-09,904,395,435
2020-01-09,905,385,405
2020-01-09,906,,
2020-01-09,909,193,195
2020-01-09,910,171,173
2020-01-09,911,175,177
2020-01-09,913,180,181
2020-01-09,914,,
2020-01-09,919,200,209
2020-01-09,923,235,245
2020-01-09,924,265,270
2020-01-09,951,475,480
2020-01-09,955,,
2020-01-09,957,,
2020-01-09,962,,
2020-01-09,963,680,700
2020-01-09,964,260,270
2020-01-09,967,197,207
2020-01-09,970,600,620
2020-01-09,987,,
2020-01-09,988,150,160
2020-01-09,993,315,335
2020-01-09,994,355,375
2020-01-09,995,375,415
2020-01-09,996,385,425
2020-01-09,997,282,285
2020-01-09,998,695,700
2020-01-09,999,655,660
2020-01-09,1000,,
2020-01-09,1021,275,285
2020-01-09,1022,425,435
2020-01-09,1024,380,400
2020-01-09,1026,,
2020-01-09,1027,,
2020-01-09,1028,285,290
2020-01-09,1029,310,330
2020-01-09,1030,45,48
2020-01-09,1031,60,68
2020-01-09,1032,280,300
2020-01-09,1033,260,280
2020-01-09,1034,590,600
2020-01-09,1035,179,181
2020-01-09,1036,60,73
2020-01-09,1037,70,83
2020-01-09,1038,211,216
2020-01-09,1039,194,199
2020-01-09,1040,194,197
2020-01-09,1041,185,188
2020-01-09,1042,178,180
2020-01-09,1050,395,415
2020-01-09,1051,255,260
2020-01-09,1052,245,250
2020-01-09,1053,228,233
2020-01-09,1054,269,274
2020-01-09,1055,259,264
2020-01-09,1057,,
2020-01-09,1058,244,249
2020-01-09,1059,182,185
2020-01-09,1061,240,260
2020-01-09,1062,,
2020-01-09,1063,,
2020-01-09,1064,1350,1450
2020-01-09,1065,,
2020-01-09,1066,,
2020-01-09,1067,,
2020-01-09,1068,,
2020-01-09,1069,,
2020-01-09,1070,1100,1150
2020-01-09,1071,1610,1700
2020-01-09,1072,,
2020-01-09,1073,,
2020-01-09,1074,,
2020-01-09,1075,,
2020-01-09,1076,800,900
2020-01-09,1077,,
2020-01-09,1078,60,70
2020-01-09,1079,,
2020-01-09,1080,,
2020-01-09,1081,1590,1700
2020-01-09,1082,,
2020-01-09,1083,,
2020-01-09,1084,,
2020-01-09,1085,,
2020-01-09,1086,1295,1350
2020-01-09,1087,1895,2000
2020-01-09,1088,,
2020-01-09,1089,,
2020-01-09,1090,,
2020-01-09,1091,900,1000
2020-01-09,1092,190,197
2020-01-09,1095,,
2020-01-16,649,176,178
2020-01-16,650,356,358
2020-01-16,653,278,280
2020-01-16,654,,
2020-01-16,655,206,208
2020-01-16,656,230,234
2020-01-16,657,,
2020-01-16,658,,
2020-01-16,659,,
2020-01-16,670,162,172
2020-01-16,675,,
2020-01-16,684,410,415
2020-01-16,686,126,128
2020-01-16,687,137,138
2020-01-16,688,154,157
2020-01-16,689,128,130
2020-01-16,691,166,168
2020-01-16,692,177,178
2020-01-16,693,187,192
2020-01-16,694,123,125
2020-01-16,695,128,130
2020-01-16,696,137,139
2020-01-16,697,193,195
2020-01-16,711,339,340
2020-01-16,712,335,336
2020-01-16,713,349,351
2020-01-16,714,346,348
2020-01-16,717,422,425
2020-01-16,718,,
2020-01-16,719,174,177
2020-01-16,720,232,234
2020-01-16,721,248,251
2020-01-16,722,368,370
2020-01-16,723,384,387
2020-01-16,725,225,230
2020-01-16,726,205,210
2020-01-16,727,185,190
2020-01-16,728,230,240
2020-01-16,729,190,200
2020-01-16,730,185,195
2020-01-16,731,120,125
2020-01-16,732,115,120
2020-01-16,733,135,140
2020-01-16,734,123,125
2020-01-16,735,1502,1522
2020-01-16,736,1797,1802
2020-01-16,739,163,165
2020-01-16,742,186,187
2020-01-16,743,181,184
2020-01-16,744,174,177
2020-01-16,745,198,200
2020-01-16,747,240,255
2020-01-16,748,350,370
2020-01-16,751,710,790
2020-01-16,752,740,820
2020-01-16,753,610,690
2020-01-16,754,610,690
2020-01-16,755,520,600
2020-01-16,756,680,760
2020-01-16,757,690,770
2020-01-16,758,380,390
2020-01-16,759,355,375
2020-01-16,760,235,250
2020-01-16,761,148,150
2020-01-16,762,110,115
2020-01-16,763,70,80
2020-01-16,765,,
2020-01-16,766,,
2020-01-16,767,85,100
2020-01-16,768,95,110
2020-01-16,769,,
2020-01-16,770,,
2020-01-16,819,,
2020-01-16,820,258,260
2020-01-16,829,167,172
2020-01-16,830,174,177
2020-01-16,831,179,182
2020-01-16,833,,
2020-01-16,849,100,105
2020-01-16,850,115,120
2020-01-16,852,,
2020-01-16,853,,
2020-01-16,858,192,202
2020-01-16,860,125,128
2020-01-16,861,130,138
2020-01-16,863,372,375
2020-01-16,865,,
2020-01-16,866,,
2020-01-16,871,125,128
2020-01-16,872,130,138
2020-01-16,904,385,435
2020-01-16,905,385,405
2020-01-16,906,,
2020-01-16,909,194,196
2020-01-16,910,172,174
2020-01-16,911,176,178
2020-01-16,913,181,182
2020-01-16,914,,
2020-01-16,919,202,213
2020-01-16,923,235,245
2020-01-16,924,265,270
2020-01-16,951,475,480
2020-01-16,955,,
2020-01-16,957,,
2020-01-16,962,,
2020-01-16,963,680,700
2020-01-16,964,260,270
2020-01-16,967,195,205
2020-01-16,970,600,620
2020-01-16,987,,
2020-01-16,988,150,160
2020-01-16,993,315,335
2020-01-16,994,355,375
2020-01-16,995,375,415
2020-01-16,996,385,425
2020-01-16,997,282,285
2020-01-16,998,695,700
2020-01-16,999,655,660
2020-01-16,1000,,
2020-01-16,1021,275,285
2020-01-16,1022,425,435
2020-01-16,1024,380,400
2020-01-16,1026,,
2020-01-16,1027,,
2020-01-16,1028,285,290
2020-01-16,1029,310,330
2020-01-16,1030,45,48
2020-01-16,1031,60,68
2020-01-16,1032,280,300
2020-01-16,1033,260,280
2020-01-16,1034,610,620
2020-01-16,1035,180,182
2020-01-16,1036,60,73
2020-01-16,1037,70,83
2020-01-16,1038,211,216
2020-01-16,1039,196,201
2020-01-16,1040,196,199
2020-01-16,1041,187,190
2020-01-16,1042,180,182
2020-01-16,1050,395,415
2020-01-16,1051,255,260
2020-01-16,1052,245,250
2020-01-16,1053,228,233
2020-01-16,1054,269,274
2020-01-16,1055,259,264
2020-01-16,1057,,
2020-01-16,1058,244,249
2020-01-16,1059,183,186
2020-01-16,1061,240,260
2020-01-16,1062,,
2020-01-16,1063,,
2020-01-16,1064,,
2020-01-16,1065,,
2020-01-16,1066,,
2020-01-16,1067,,
2020-01-16,1068,,
2020-01-16,1069,,
2020-01-16,1070,,
2020-01-16,1071,,
2020-01-16,1072,,
2020-01-16,1073,,
2020-01-16,1074,,
2020-01-16,1075,,
2020-01-16,1076,,
2020-01-16,1077,,
2020-01-16,1078,,
2020-01-16,1079,,
2020-01-16,1080,,
2020-01-16,1081,,
2020-01-16,1082,,
2020-01-16,1083,,
2020-01-16,1084,,
2020-01-16,1085,,
2020-01-16,1086,1295,1350
2020-01-16,1087,,
2020-01-16,1088,,
2020-01-16,1089,,
2020-01-16,1090,,
2020-01-16,1091,,
2020-01-16,1092,185,195
2020-01-16,1095,,
2020-01-23,649,176,178
2020-01-23,650,359,361
2020-01-23,653,278,280
2020-01-23,654,,
2020-01-23,655,208,210
2020-01-23,656,230,234
2020-01-23,657,,
2020-01-23,658,,
2020-01-23,659,,
2020-01-23,670,164,174
2020-01-23,675,,
2020-01-23,684,410,415
2020-01-23,686,122,124
2020-01-23,687,133,134
2020-01-23,688,154,157
2020-01-23,689,123,125
2020-01-23,691,162,164
2020-01-23,692,173,174
2020-01-23,693,187,192
2020-01-23,694,119,121
2020-01-23,695,123,125
2020-01-23,696,129,131
2020-01-23,697,193,195
2020-01-23,711,349,350
2020-01-23,712,345,346
2020-01-23,713,359,361
2020-01-23,714,356,358
2020-01-23,717,424,427
2020-01-23,718,,
2020-01-23,719,174,177
2020-01-23,720,232,234
2020-01-23,721,250,253
2020-01-23,722,370,372
2020-01-23,723,387,390
2020-01-23,725,225,230
2020-01-23,726,205,210
2020-01-23,727,185,190
2020-01-23,728,230,240
2020-01-23,729,190,200
2020-01-23,730,185,195
2020-01-23,731,120,125
2020-01-23,732,115,120
2020-01-23,733,135,140
2020-01-23,734,123,125
2020-01-23,735,1542,1562
2020-01-23,736,1837,1842
2020-01-23,739,163,165
2020-01-23,742,189,190
2020-01-23,743,186,189
2020-01-23,744,181,184
2020-01-23,745,198,200
2020-01-23,747,240,255
2020-01-23,748,340,365
2020-01-23,751,695,775
2020-01-23,752,760,840
2020-01-23,753,610,690
2020-01-23,754,610,690
2020-01-23,755,520,600
2020-01-23,756,680,760
2020-01-23,757,690,770
2020-01-23,758,380,390
2020-01-23,759,355,375
2020-01-23,760,240,255
2020-01-23,761,148,150
2020-01-23,762,110,115
2020-01-23,763,70,80
2020-01-23,765,,
2020-01-23,766,,
2020-01-23,767,85,100
2020-01-23,768,95,110
2020-01-23,769,,
2020-01-23,770,,
2020-01-23,819,,
2020-01-23,820,258,260
2020-01-23,829,168,173
2020-01-23,830,175,178
2020-01-23,831,180,183
2020-01-23,833,,
2020-01-23,849,100,105
2020-01-23,850,115,120
2020-01-23,852,,
2020-01-23,853,,
2020-01-23,858,192,202
2020-01-23,860,125,128
2020-01-23,861,130,138
2020-01-23,863,374,377
2020-01-23,865,,
2020-01-23,866,,
2020-01-23,871,125,128
2020-01-23,872,130,138
2020-01-23,904,375,435
2020-01-23,905,395,415
2020-01-23,906,,
2020-01-23,909,196,198
2020-01-23,910,174,176
2020-01-23,911,178,180
2020-01-23,913,184,185
2020-01-23,914,,
2020-01-23,919,204,215
2020-01-23,923,235,245
2020-01-23,924,265,270
2020-01-23,951,475,480
2020-01-23,955,,
2020-01-23,957,,
2020-01-23,962,,
2020-01-23,963,690,710
2020-01-23,964,260,270
2020-01-23,967,195,205
2020-01-23,970,,
2020-01-23,987,,
2020-01-23,988,150,160
2020-01-23,993,320,340
2020-01-23,994,360,380
2020-01-23,995,380,420
2020-01-23,996,390,430
2020-01-23,997,282,285
2020-01-23,998,700,705
2020-01-23,999,665,670
2020-01-23,1000,,
2020-01-23,1021,275,285
2020-01-23,1022,420,430
2020-01-23,1024,,
2020-01-23,1026,,
2020-01-23,1027,,
2020-01-23,1028,285,290
2020-01-23,1029,310,330
2020-01-23,1030,45,48
2020-01-23,1031,60,68
2020-01-23,1032,280,300
2020-01-23,1033,260,280
2020-01-23,1034,615,625
2020-01-23,1035,183,185
2020-01-23,1036,60,73
2020-01-23,1037,70,83
2020-01-23,1038,211,216
2020-01-23,1039,198,203
2020-01-23,1040,198,201
2020-01-23,1041,189,192
2020-01-23,1042,182,184
2020-01-23,1050,395,415
2020-01-23,1051,255,260
2020-01-23,1052,245,250
2020-01-23,1053,228,233
2020-01-23,1054,269,274
2020-01-23,1055,259,264
2020-01-23,1057,,
2020-01-23,1058,244,249
2020-01-23,1059,185,188
2020-01-23,1061,240,260
2020-01-23,1062,,
2020-01-23,1063,,
2020-01-23,1064,,
2020-01-23,1065,,
2020-01-23,1066,,
2020-01-23,1067,,
2020-01-23,1068,,
2020-01-23,1069,,
2020-01-23,1070,,
2020-01-23,1071,,
2020-01-23,1072,,
2020-01-23,1073,,
2020-01-23,1074,,
2020-01-23,1075,,
2020-01-23,1076,,
2020-01-23,1077,,
2020-01-23,1078,,
2020-01-23,1079,,
2020-01-23,1080,,
2020-01-23,1081,,
2020-01-23,1082,,
2020-01-23,1083,,
2020-01-23,1084,,
2020-01-23,1085,,
2020-01-23,1086,,
2020-01-23,1087,,
2020-01-23,1088,,
2020-01-23,1089,,
2020-01-23,1090,,
2020-01-23,1091,,
2020-01-23,1092,185,195
2020-01-23,1095,,
2020-01-30,649,176,178
2020-01-30,650,359,361
2020-01-30,653,278,280
2020-01-30,654,,
2020-01-30,655,208,210
2020-01-30,656,230,234
2020-01-30,657,,
2020-01-30,658,,
2020-01-30,659,,
2020-01-30,670,164,174
2020-01-30,675,,
2020-01-30,684,410,415
2020-01-30,686,116,118
2020-01-30,687,124,125
2020-01-30,688,152,155
2020-01-30,689,118,120
2020-01-30,691,156,158
2020-01-30,692,164,165
2020-01-30,693,185,190
2020-01-30,694,113,115
2020-01-30,695,118,120
2020-01-30,696,121,123
2020-01-30,697,193,195
2020-01-30,711,350,351
2020-01-30,712,347,348
2020-01-30,713,360,362
2020-01-30,714,358,360
2020-01-30,717,426,429
2020-01-30,718,,
2020-01-30,719,174,177
2020-01-30,720,232,234
2020-01-30,721,250,253
2020-01-30,722,370,372
2020-01-30,723,387,390
2020-01-30,725,225,230
2020-01-30,726,205,210
2020-01-30,727,185,190
2020-01-30,728,230,240
2020-01-30,729,190,200
2020-01-30,730,185,195
2020-01-30,731,120,125
2020-01-30,732,115,120
2020-01-30,733,135,140
2020-01-30,734,123,125
2020-01-30,735,1572,1592
2020-01-30,736,1867,1872
2020-01-30,739,165,167
2020-01-30,742,189,190
2020-01-30,743,186,189
2020-01-30,744,181,184
2020-01-30,745,198,200
2020-01-30,747,240,255
2020-01-30,748,340,360
2020-01-30,751,685,765
2020-01-30,752,780,860
2020-01-30,753,605,685
2020-01-30,754,605,685
2020-01-30,755,515,595
2020-01-30,756,680,760
2020-01-30,757,685,765
2020-01-30,758,380,390
2020-01-30,759,355,375
2020-01-30,760,240,255
2020-01-30,761,148,150
2020-01-30,762,110,115
2020-01-30,763,70,80
2020-01-30,765,,
2020-01-30,766,,
2020-01-30,767,85,100
2020-01-30,768,95,110
2020-01-30,769,,
2020-01-30,770,,
2020-01-30,819,,
2020-01-30,820,259,261
2020-01-30,829,168,173
2020-01-30,830,175,178
2020-01-30,831,180,183
2020-01-30,833,,
2020-01-30,849,100,105
2020-01-30,850,115,120
2020-01-30,852,,
2020-01-30,853,,
2020-01-30,858,217,227
2020-01-30,860,125,128
2020-01-30,861,130,138
2020-01-30,863,376,379
2020-01-30,865,,
2020-01-30,866,,
2020-01-30,871,125,128
2020-01-30,872,130,138
2020-01-30,904,370,430
2020-01-30,905,405,425
2020-01-30,906,,
2020-01-30,909,197,199
2020-01-30,910,175,177
2020-01-30,911,179,181
2020-01-30,913,185,186
2020-01-30,914,,
2020-01-30,919,205,216
2020-01-30,923,235,245
2020-01-30,924,265,270
2020-01-30,951,475,480
2020-01-30,957,,
2020-01-30,962,,
2020-01-30,963,700,720
2020-01-30,964,260,270
2020-01-30,967,195,205
2020-01-30,970,,
2020-01-30,987,,
2020-01-30,988,150,160
2020-01-30,993,320,340
2020-01-30,994,360,380
2020-01-30,995,380,420
2020-01-30,996,390,430
2020-01-30,997,282,285
2020-01-30,998,705,710
2020-01-30,999,670,675
2020-01-30,1000,,
2020-01-30,1021,275,285
2020-01-30,1022,420,430
2020-01-30,1024,,
2020-01-30,1026,,
2020-01-30,1027,,
2020-01-30,1028,285,290
2020-01-30,1029,330,350
2020-01-30,1030,45,48
2020-01-30,1031,60,68
2020-01-30,1032,280,300
2020-01-30,1033,260,280
2020-01-30,1034,615,625
2020-01-30,1035,184,186
2020-01-30,1036,60,73
2020-01-30,1037,70,83
2020-01-30,1038,212,217
2020-01-30,1039,198,203
2020-01-30,1040,198,201
2020-01-30,1041,189,192
2020-01-30,1042,182,184
2020-01-30,1050,395,415
2020-01-30,1051,255,260
2020-01-30,1052,245,250
2020-01-30,1053,228,233
2020-01-30,1054,269,274
2020-01-30,1055,259,264
2020-01-30,1057,,
2020-01-30,1058,244,249
2020-01-30,1059,185,188
2020-01-30,1061,240,260
2020-01-30,1062,,
2020-01-30,1063,,
2020-01-30,1092,,195
2020-01-30,1095,,
2020-02-06,649,176,178
2020-02-06,650,359,361
2020-02-06,653,278,280
2020-02-06,654,,
2020-02-06,655,206,208
2020-02-06,656,230,234
2020-02-06,657,,
2020-02-06,658,,
2020-02-06,659,,
2020-02-06,670,164,174
2020-02-06,675,,
2020-02-06,684,410,415
2020-02-06,686,113,115
2020-02-06,687,121,122
2020-02-06,688,150,153
2020-02-06,689,116,118
2020-02-06,691,153,155
2020-02-06,692,161,162
2020-02-06,693,183,188
2020-02-06,694,110,112
2020-02-06,695,116,118
2020-02-06,696,116,118
2020-02-06,697,193,195
2020-02-06,711,342,343
2020-02-06,712,339,340
2020-02-06,713,352,354
2020-02-06,714,350,352
2020-02-06,717,423,426
2020-02-06,718,,
2020-02-06,719,169,172
2020-02-06,720,227,229
2020-02-06,721,250,253
2020-02-06,722,368,370
2020-02-06,723,385,388
2020-02-06,725,225,230
2020-02-06,726,205,210
2020-02-06,727,185,190
2020-02-06,728,230,240
2020-02-06,729,190,200
2020-02-06,730,185,195
2020-02-06,731,125,130
2020-02-06,732,115,120
2020-02-06,733,135,140
2020-02-06,734,123,125
2020-02-06,735,1572,1592
2020-02-06,736,1867,1872
2020-02-06,739,165,167
2020-02-06,742,189,190
2020-02-06,743,186,189
2020-02-06,744,183,185
2020-02-06,745,198,200
2020-02-06,747,240,255
2020-02-06,748,340,360
2020-02-06,751,685,765
2020-02-06,752,790,870
2020-02-06,753,605,685
2020-02-06,754,605,685
2020-02-06,755,515,595
2020-02-06,756,680,760
2020-02-06,757,685,765
2020-02-06,758,380,390
2020-02-06,759,355,375
2020-02-06,760,240,255
2020-02-06,761,148,150
2020-02-06,762,110,115
2020-02-06,763,70,80
2020-02-06,765,,
2020-02-06,766,,
2020-02-06,767,85,100
2020-02-06,768,95,110
2020-02-06,769,,
2020-02-06,770,,
2020-02-06,819,,
2020-02-06,820,259,261
2020-02-06,829,168,173
2020-02-06,830,175,178
2020-02-06,831,180,183
2020-02-06,833,,
2020-02-06,849,100,105
2020-02-06,850,115,120
2020-02-06,851,60,73
2020-02-06,852,,
2020-02-06,853,,
2020-02-06,858,227,237
2020-02-06,860,125,128
2020-02-06,861,130,138
2020-02-06,862,70,83
2020-02-06,863,373,376
2020-02-06,865,,
2020-02-06,866,,
2020-02-06,871,125,128
2020-02-06,872,130,138
2020-02-06,904,370,430
2020-02-06,905,410,430
2020-02-06,906,,
2020-02-06,909,197,199
2020-02-06,910,175,177
2020-02-06,911,179,181
2020-02-06,913,185,186
2020-02-06,914,,
2020-02-06,919,205,216
2020-02-06,923,235,245
2020-02-06,924,265,270
2020-02-06,951,475,480
2020-02-06,957,,
2020-02-06,962,,
2020-02-06,963,700,720
2020-02-06,964,260,270
2020-02-06,967,188,198
2020-02-06,970,,
2020-02-06,987,,
2020-02-06,988,150,160
2020-02-06,993,320,340
2020-02-06,994,360,380
2020-02-06,995,380,420
2020-02-06,996,390,430
2020-02-06,997,282,285
2020-02-06,998,705,710
2020-02-06,999,670,675
2020-02-06,1000,,
2020-02-06,1021,275,285
2020-02-06,1022,420,430
2020-02-06,1024,,
2020-02-06,1026,,
2020-02-06,1027,,
2020-02-06,1028,285,290
2020-02-06,1029,350,370
2020-02-06,1030,45,48
2020-02-06,1031,60,68
2020-02-06,1032,280,300
2020-02-06,1033,260,280
2020-02-06,1034,615,625
2020-02-06,1035,184,186
2020-02-06,1038,212,217
2020-02-06,1039,198,203
2020-02-06,1040,198,201
2020-02-06,1041,189,192
2020-02-06,1042,182,184
2020-02-06,1050,395,415
2020-02-06,1051,255,260
2020-02-06,1052,245,250
2020-02-06,1053,228,233
2020-02-06,1054,269,274
2020-02-06,1055,259,264
2020-02-06,1057,,
2020-02-06,1058,244,249
2020-02-06,1059,185,188
2020-02-06,1061,240,260
2020-02-06,1062,,
2020-02-06,1063,,
2020-02-06,1092,,195
2020-02-06,1095,,
2020-02-13,649,176,178
2020-02-13,650,359,361
2020-02-13,653,278,280
2020-02-13,654,,
2020-02-13,655,205,207
2020-02-13,656,230,234
2020-02-13,657,,
2020-02-13,658,,
2020-02-13,659,,
2020-02-13,670,164,174
2020-02-13,675,,
2020-02-13,684,410,415
2020-02-13,686,113,115
2020-02-13,687,121,122
2020-02-13,688,147,150
2020-02-13,689,116,118
2020-02-13,691,153,155
2020-02-13,692,161,162
2020-02-13,693,180,185
2020-02-13,694,110,112
2020-02-13,695,116,118
2020-02-13,696,116,118
2020-02-13,697,193,195
2020-02-13,711,346,347
2020-02-13,712,343,344
2020-02-13,713,356,358
2020-02-13,714,354,356
2020-02-13,717,423,426
2020-02-13,718,,
2020-02-13,719,174,177
2020-02-13,720,224,226
2020-02-13,721,250,253
2020-02-13,722,368,370
2020-02-13,723,385,388
2020-02-13,725,225,230
2020-02-13,726,205,210
2020-02-13,727,185,190
2020-02-13,728,230,240
2020-02-13,729,190,200
2020-02-13,730,185,195
2020-02-13,731,125,130
2020-02-13,732,115,120
2020-02-13,733,135,140
2020-02-13,734,123,125
2020-02-13,735,1572,1592
2020-02-13,736,1867,1872
2020-02-13,739,165,167
2020-02-13,742,189,190
2020-02-13,743,186,189
2020-02-13,744,198,200
2020-02-13,745,198,200
2020-02-13,747,240,255
2020-02-13,748,335,355
2020-02-13,751,675,755
2020-02-13,752,790,870
2020-02-13,753,595,675
2020-02-13,754,595,675
2020-02-13,755,510,590
2020-02-13,756,670,750
2020-02-13,757,675,755
2020-02-13,758,375,385
2020-02-13,759,350,370
2020-02-13,760,240,255
2020-02-13,761,148,150
2020-02-13,762,110,115
2020-02-13,763,70,80
2020-02-13,765,,
2020-02-13,766,,
2020-02-13,767,85,97
2020-02-13,768,95,107
2020-02-13,769,,
2020-02-13,770,,
2020-02-13,819,,
2020-02-13,820,259,261
2020-02-13,829,168,173
2020-02-13,830,175,178
2020-02-13,831,180,183
2020-02-13,833,,
2020-02-13,849,100,105
2020-02-13,850,115,120
2020-02-13,851,60,73
2020-02-13,852,,
2020-02-13,853,,
2020-02-13,858,227,237
2020-02-13,860,125,128
2020-02-13,861,130,138
2020-02-13,862,70,83
2020-02-13,863,373,376
2020-02-13,865,,
2020-02-13,866,,
2020-02-13,871,125,128
2020-02-13,872,130,138
2020-02-13,904,360,420
2020-02-13,905,410,430
2020-02-13,906,,
2020-02-13,909,197,199
2020-02-13,910,175,177
2020-02-13,911,179,181
2020-02-13,913,185,186
2020-02-13,914,,
2020-02-13,919,203,214
2020-02-13,923,235,245
2020-02-13,924,265,270
2020-02-13,951,475,480
2020-02-13,957,,
2020-02-13,962,,
2020-02-13,963,700,720
2020-02-13,964,260,270
2020-02-13,967,185,195
2020-02-13,970,,
2020-02-13,987,,
2020-02-13,988,,
2020-02-13,993,320,340
2020-02-13,994,360,380
2020-02-13,995,380,420
2020-02-13,996,390,430
2020-02-13,997,282,285
2020-02-13,998,705,710
2020-02-13,999,670,675
2020-02-13,1000,,
2020-02-13,1021,275,285
2020-02-13,1022,420,430
2020-02-13,1024,,
2020-02-13,1026,,
2020-02-13,1027,,
2020-02-13,1028,285,290
2020-02-13,1029,350,370
2020-02-13,1030,45,48
2020-02-13,1031,60,68
2020-02-13,1032,280,300
2020-02-13,1033,260,280
2020-02-13,1034,625,635
2020-02-13,1035,182,186
2020-02-13,1038,212,217
2020-02-13,1039,198,203
2020-02-13,1040,198,201
2020-02-13,1041,189,192
2020-02-13,1042,182,184
2020-02-13,1050,395,415
2020-02-13,1051,260,265
2020-02-13,1052,250,255
2020-02-13,1053,233,238
2020-02-13,1054,274,279
2020-02-13,1055,264,269
2020-02-13,1057,,
2020-02-13,1058,249,254
2020-02-13,1059,184,187
2020-02-13,1061,240,260
2020-02-13,1062,,
2020-02-13,1063,,
2020-02-13,1092,,195
2020-02-13,1095,,
2020-02-20,649,176,178
2020-02-20,650,362,364
2020-02-20,653,276,278
2020-02-20,654,,
2020-02-20,655,205,207
2020-02-20,656,230,234
2020-02-20,657,,
2020-02-20,658,,
2020-02-20,659,,
2020-02-20,670,164,174
2020-02-20,675,,
2020-02-20,684,410,415
2020-02-20,686,116,118
2020-02-20,687,124,125
2020-02-20,688,147,150
2020-02-20,689,118,120
2020-02-20,691,156,158
2020-02-20,692,164,165
2020-02-20,693,180,185
2020-02-20,694,113,115
2020-02-20,695,118,120
2020-02-20,696,118,120
2020-02-20,697,193,195
2020-02-20,711,348,349
2020-02-20,712,343,344
2020-02-20,713,356,358
2020-02-20,714,354,356
2020-02-20,717,425,428
2020-02-20,718,,
2020-02-20,719,174,177
2020-02-20,720,224,226
2020-02-20,721,250,253
2020-02-20,722,370,372
2020-02-20,723,387,390
2020-02-20,725,225,230
2020-02-20,726,205,210
2020-02-20,727,185,190
2020-02-20,728,230,240
2020-02-20,729,190,200
2020-02-20,730,185,195
2020-02-20,731,125,130
2020-02-20,732,115,120
2020-02-20,733,135,140
2020-02-20,734,123,125
2020-02-20,735,1572,1592
2020-02-20,736,1867,1872
2020-02-20,739,165,167
2020-02-20,742,191,192
2020-02-20,743,188,191
2020-02-20,744,208,210
2020-02-20,745,198,200
2020-02-20,747,240,260
2020-02-20,748,335,355
2020-02-20,751,675,755
2020-02-20,752,790,870
2020-02-20,753,595,675
2020-02-20,754,595,675
2020-02-20,755,510,590
2020-02-20,756,670,750
2020-02-20,757,675,755
2020-02-20,758,375,385
2020-02-20,759,350,370
2020-02-20,760,240,255
2020-02-20,761,148,150
2020-02-20,762,110,115
2020-02-20,763,70,80
2020-02-20,765,,
2020-02-20,766,,
2020-02-20,767,85,97
2020-02-20,768,95,107
2020-02-20,769,,
2020-02-20,770,,
2020-02-20,819,,
2020-02-20,820,259,261
2020-02-20,829,168,173
2020-02-20,830,175,178
2020-02-20,831,180,183
2020-02-20,833,,
2020-02-20,849,100,105
2020-02-20,850,115,120
2020-02-20,851,60,73
2020-02-20,852,,
2020-02-20,853,,
2020-02-20,858,230,240
2020-02-20,860,125,128
2020-02-20,861,130,138
2020-02-20,862,70,83
2020-02-20,863,375,378
2020-02-20,865,,
2020-02-20,866,,
2020-02-20,871,125,128
2020-02-20,872,130,138
2020-02-20,904,360,420
2020-02-20,905,410,430
2020-02-20,906,,
2020-02-20,909,197,199
2020-02-20,910,175,177
2020-02-20,911,179,181
2020-02-20,913,184,185
2020-02-20,914,,
2020-02-20,919,203,214
2020-02-20,923,235,245
2020-02-20,924,265,270
2020-02-20,951,475,480
2020-02-20,957,,
2020-02-20,962,,
2020-02-20,963,,
2020-02-20,964,260,270
2020-02-20,967,185,195
2020-02-20,970,,
2020-02-20,987,,
2020-02-20,988,,
2020-02-20,993,320,340
2020-02-20,994,360,380
2020-02-20,995,380,420
2020-02-20,996,390,430
2020-02-20,997,280,283
2020-02-20,998,705,710
2020-02-20,999,670,675
2020-02-20,1000,,
2020-02-20,1021,270,285
2020-02-20,1022,415,425
2020-02-20,1024,,
2020-02-20,1026,,
2020-02-20,1027,,
2020-02-20,1028,285,290
2020-02-20,1029,365,385
2020-02-20,1030,45,48
2020-02-20,1031,60,68
2020-02-20,1032,280,300
2020-02-20,1033,260,280
2020-02-20,1034,630,640
2020-02-20,1035,181,185
2020-02-20,1038,212,217
2020-02-20,1039,198,203
2020-02-20,1040,198,201
2020-02-20,1041,189,192
2020-02-20,1042,182,184
2020-02-20,1050,395,415
2020-02-20,1051,265,270
2020-02-20,1052,255,260
2020-02-20,1053,238,243
2020-02-20,1054,279,284
2020-02-20,1055,269,274
2020-02-20,1057,,
2020-02-20,1058,254,259
2020-02-20,1059,182,185
2020-02-20,1061,235,255
2020-02-20,1062,,
2020-02-20,1063,,
2020-02-20,1092,,195
2020-02-20,1095,,
2020-03-05,649,176,178
2020-03-05,650,362,364
2020-03-05,653,271,273
2020-03-05,654,,
2020-03-05,655,204,206
2020-03-05,656,230,233
2020-03-05,657,,
2020-03-05,658,,
2020-03-05,659,,
2020-03-05,670,169,179
2020-03-05,675,,
2020-03-05,684,410,415
2020-03-05,686,121,123
2020-03-05,687,127,128
2020-03-05,688,147,150
2020-03-05,689,124,126
2020-03-05,691,161,163
2020-03-05,692,167,168
2020-03-05,693,180,185
2020-03-05,694,118,120
2020-03-05,695,124,126
2020-03-05,696,124,126
2020-03-05,697,193,195
2020-03-05,711,351,352
2020-03-05,712,346,347
2020-03-05,713,359,361
2020-03-05,714,357,359
2020-03-05,717,428,431
2020-03-05,718,,
2020-03-05,719,174,177
2020-03-05,720,220,222
2020-03-05,721,250,253
2020-03-05,722,369,371
2020-03-05,723,387,390
2020-03-05,725,225,230
2020-03-05,726,205,210
2020-03-05,727,185,190
2020-03-05,728,230,240
2020-03-05,729,190,200
2020-03-05,730,185,195
2020-03-05,731,125,130
2020-03-05,732,115,120
2020-03-05,733,135,140
2020-03-05,734,123,125
2020-03-05,735,1572,1592
2020-03-05,736,1867,1872
2020-03-05,739,165,167
2020-03-05,742,191,192
2020-03-05,743,188,191
2020-03-05,744,200,202
2020-03-05,745,198,200
2020-03-05,747,240,260
2020-03-05,748,335,355
2020-03-05,751,675,755
2020-03-05,752,770,850
2020-03-05,753,595,675
2020-03-05,754,595,675
2020-03-05,755,510,590
2020-03-05,756,670,750
2020-03-05,757,675,755
2020-03-05,758,370,380
2020-03-05,759,345,365
2020-03-05,760,235,250
2020-03-05,761,148,150
2020-03-05,762,110,115
2020-03-05,763,70,80
2020-03-05,765,,
2020-03-05,766,,
2020-03-05,767,85,97
2020-03-05,768,95,107
2020-03-05,769,,
2020-03-05,770,,
2020-03-05,819,,
2020-03-05,820,249,251
2020-03-05,829,166,171
2020-03-05,830,173,176
2020-03-05,831,178,181
2020-03-05,833,,
2020-03-05,849,100,105
2020-03-05,850,115,120
2020-03-05,851,60,73
2020-03-05,852,,
2020-03-05,853,,
2020-03-05,858,240,250
2020-03-05,860,125,128
2020-03-05,861,130,138
2020-03-05,862,70,83
2020-03-05,863,378,381
2020-03-05,865,,
2020-03-05,866,,
2020-03-05,871,125,128
2020-03-05,872,130,138
2020-03-05,904,360,420
2020-03-05,905,400,420
2020-03-05,906,,
2020-03-05,909,197,199
2020-03-05,910,175,177
2020-03-05,911,179,181
2020-03-05,913,183,184
2020-03-05,914,,
2020-03-05,919,202,213
2020-03-05,923,235,245
2020-03-05,924,265,270
2020-03-05,951,475,480
2020-03-05,957,,
2020-03-05,962,,
2020-03-05,963,,
2020-03-05,964,260,270
2020-03-05,967,185,195
2020-03-05,970,,
2020-03-05,987,,
2020-03-05,988,,
2020-03-05,993,320,340
2020-03-05,994,360,380
2020-03-05,995,380,420
2020-03-05,996,390,430
2020-03-05,997,275,278
2020-03-05,998,700,705
2020-03-05,999,665,670
2020-03-05,1000,,
2020-03-05,1021,270,285
2020-03-05,1022,410,420
2020-03-05,1024,,
2020-03-05,1026,,
2020-03-05,1027,,
2020-03-05,1028,285,290
2020-03-05,1029,380,400
2020-03-05,1030,45,48
2020-03-05,1031,60,68
2020-03-05,1032,280,300
2020-03-05,1033,260,280
2020-03-05,1034,635,645
2020-03-05,1035,180,183
2020-03-05,1038,212,217
2020-03-05,1039,198,203
2020-03-05,1040,198,201
2020-03-05,1041,189,192
2020-03-05,1042,182,184
2020-03-05,1050,395,415
2020-03-05,1051,265,270
2020-03-05,1052,255,260
2020-03-05,1053,238,243
2020-03-05,1054,279,284
2020-03-05,1055,269,274
2020-03-05,1057,,
2020-03-05,1058,254,259
2020-03-05,1059,179,182
2020-03-05,1061,235,255
2020-03-05,1062,,
2020-03-05,1063,,
2020-03-05,1092,,195
2020-03-05,1095,,
2020-03-12,649,176,178
2020-03-12,650,359,361
2020-03-12,653,275,277
2020-03-12,654,,
2020-03-12,655,204,206
2020-03-12,656,230,233
2020-03-12,657,,
2020-03-12,658,,
2020-03-12,659,,
2020-03-12,670,169,179
2020-03-12,675,,
2020-03-12,684,410,415
2020-03-12,686,125,127
2020-03-12,687,131,132
2020-03-12,688,151,154
2020-03-12,689,128,130
2020-03-12,691,165,167
2020-03-12,692,171,172
2020-03-12,693,184,189
2020-03-12,694,122,124
2020-03-12,695,128,130
2020-03-12,696,128,130
2020-03-12,697,193,195
2020-03-12,711,354,355
2020-03-12,712,351,352
2020-03-12,713,363,365
2020-03-12,714,361,363
2020-03-12,717,427,430
2020-03-12,718,,
2020-03-12,719,174,177
2020-03-12,720,223,225
2020-03-12,721,250,253
2020-03-12,722,361,363
2020-03-12,723,387,390
2020-03-12,725,225,230
2020-03-12,726,205,210
2020-03-12,727,185,190
2020-03-12,728,230,240
2020-03-12,729,190,200
2020-03-12,730,185,195
2020-03-12,731,130,135
2020-03-12,732,120,125
2020-03-12,733,135,140
2020-03-12,734,123,125
2020-03-12,735,1572,1592
2020-03-12,736,1867,1872
2020-03-12,739,165,167
2020-03-12,742,193,194
2020-03-12,743,190,193
2020-03-12,744,210,212
2020-03-12,745,198,200
2020-03-12,747,245,260
2020-03-12,748,345,365
2020-03-12,751,695,775
2020-03-12,752,770,850
2020-03-12,753,595,675
2020-03-12,754,595,675
2020-03-12,755,510,590
2020-03-12,756,670,750
2020-03-12,757,675,755
2020-03-12,758,370,380
2020-03-12,759,345,365
2020-03-12,760,235,250
2020-03-12,761,148,150
2020-03-12,762,110,115
2020-03-12,763,70,80
2020-03-12,765,,
2020-03-12,766,,
2020-03-12,767,85,97
2020-03-12,768,95,107
2020-03-12,769,,
2020-03-12,770,,
2020-03-12,819,,
2020-03-12,820,249,251
2020-03-12,829,166,171
2020-03-12,830,173,176
2020-03-12,831,178,181
2020-03-12,833,,
2020-03-12,849,100,105
2020-03-12,850,115,120
2020-03-12,851,60,73
2020-03-12,852,,
2020-03-12,853,,
2020-03-12,858,240,250
2020-03-12,860,125,128
2020-03-12,861,130,138
2020-03-12,862,70,83
2020-03-12,863,377,380
2020-03-12,865,,
2020-03-12,866,,
2020-03-12,871,125,128
2020-03-12,872,130,138
2020-03-12,904,380,430
2020-03-12,905,400,420
2020-03-12,906,,
2020-03-12,909,199,201
2020-03-12,910,177,179
2020-03-12,911,181,183
2020-03-12,913,185,186
2020-03-12,914,,
2020-03-12,919,202,213
2020-03-12,923,235,245
2020-03-12,924,265,270
2020-03-12,951,475,480
2020-03-12,957,,
2020-03-12,962,,
2020-03-12,963,,
2020-03-12,964,260,270
2020-03-12,967,185,195
2020-03-12,970,,
2020-03-12,987,,
2020-03-12,988,,
2020-03-12,993,320,340
2020-03-12,994,360,380
2020-03-12,995,380,420
2020-03-12,996,390,430
2020-03-12,997,275,278
2020-03-12,998,695,700
2020-03-12,999,660,665
2020-03-12,1000,,
2020-03-12,1021,270,285
2020-03-12,1022,410,420
2020-03-12,1024,,
2020-03-12,1026,,
2020-03-12,1027,,
2020-03-12,1028,285,290
2020-03-12,1029,380,400
2020-03-12,1030,45,50
2020-03-12,1031,60,70
2020-03-12,1032,280,300
2020-03-12,1033,260,280
2020-03-12,1034,640,650
2020-03-12,1035,183,186
2020-03-12,1038,212,217
2020-03-12,1039,198,203
2020-03-12,1040,198,201
2020-03-12,1041,189,192
2020-03-12,1042,182,184
2020-03-12,1050,395,415
2020-03-12,1051,265,270
2020-03-12,1052,255,260
2020-03-12,1053,238,243
2020-03-12,1054,279,284
2020-03-12,1055,269,274
2020-03-12,1057,,
2020-03-12,1058,254,259
2020-03-12,1059,179,182
2020-03-12,1061,235,255
2020-03-12,1062,,
2020-03-12,1063,,
2020-03-12,1092,,195
2020-03-12,1095,,
2020-03-19,649,178,180
2020-03-19,650,359,361
2020-03-19,653,285,287
2020-03-19,654,,
2020-03-19,655,,
2020-03-19,656,235,238
2020-03-19,657,,
2020-03-19,658,,
2020-03-19,659,,
2020-03-19,670,169,179
2020-03-19,675,,
2020-03-19,684,410,415
2020-03-19,686,132,134
2020-03-19,687,138,139
2020-03-19,688,158,161
2020-03-19,689,135,137
2020-03-19,691,172,174
2020-03-19,692,178,179
2020-03-19,693,191,196
2020-03-19,694,129,131
2020-03-19,695,135,137
2020-03-19,696,135,137
2020-03-19,697,197,199
2020-03-19,711,388,389
2020-03-19,712,385,386
2020-03-19,713,397,399
2020-03-19,714,395,397
2020-03-19,717,447,450
2020-03-19,718,,
2020-03-19,719,179,182
2020-03-19,720,228,230
2020-03-19,721,257,260
2020-03-19,722,,
2020-03-19,723,387,390
2020-03-19,725,228,233
2020-03-19,726,205,210
2020-03-19,727,185,190
2020-03-19,728,230,240
2020-03-19,729,190,200
2020-03-19,730,185,195
2020-03-19,731,130,135
2020-03-19,732,120,125
2020-03-19,733,135,140
2020-03-19,734,123,125
2020-03-19,735,1572,1592
2020-03-19,736,1867,1872
2020-03-19,739,169,171
2020-03-19,742,195,196
2020-03-19,743,192,195
2020-03-19,744,222,224
2020-03-19,745,200,202
2020-03-19,747,245,260
2020-03-19,748,355,375
2020-03-19,751,715,795
2020-03-19,752,770,850
2020-03-19,753,595,675
2020-03-19,754,595,675
2020-03-19,755,510,590
2020-03-19,756,670,750
2020-03-19,757,675,755
2020-03-19,758,365,375
2020-03-19,759,340,360
2020-03-19,760,235,250
2020-03-19,761,148,150
2020-03-19,762,110,115
2020-03-19,763,70,80
2020-03-19,765,,
2020-03-19,766,,
2020-03-19,767,85,97
2020-03-19,768,95,107
2020-03-19,769,,
2020-03-19,770,,
2020-03-19,819,,
2020-03-19,820,252,254
2020-03-19,829,169,174
2020-03-19,830,176,179
2020-03-19,831,181,184
2020-03-19,833,,
2020-03-19,849,100,105
2020-03-19,850,115,120
2020-03-19,851,60,73
2020-03-19,852,,
2020-03-19,853,,
2020-03-19,858,240,250
2020-03-19,860,125,128
2020-03-19,861,130,138
2020-03-19,862,70,83
2020-03-19,863,397,400
2020-03-19,865,,
2020-03-19,866,,
2020-03-19,871,125,128
2020-03-19,872,130,138
2020-03-19,904,385,433
2020-03-19,905,400,420
2020-03-19,906,,
2020-03-19,909,205,207
2020-03-19,910,183,185
2020-03-19,911,187,189
2020-03-19,913,188,189
2020-03-19,914,,
2020-03-19,919,205,216
2020-03-19,923,235,245
2020-03-19,924,265,270
2020-03-19,951,475,480
2020-03-19,957,,
2020-03-19,962,,
2020-03-19,963,,
2020-03-19,964,260,270
2020-03-19,967,185,195
2020-03-19,970,,
2020-03-19,987,,
2020-03-19,988,,
2020-03-19,993,320,340
2020-03-19,994,360,380
2020-03-19,995,380,420
2020-03-19,996,390,430
2020-03-19,997,285,288
2020-03-19,998,690,695
2020-03-19,999,655,660
2020-03-19,1000,,
2020-03-19,1021,270,285
2020-03-19,1022,410,420
2020-03-19,1024,,
2020-03-19,1026,,
2020-03-19,1027,,
2020-03-19,1028,290,295
2020-03-19,1029,380,400
2020-03-19,1030,45,50
2020-03-19,1031,60,70
2020-03-19,1032,280,300
2020-03-19,1033,260,280
2020-03-19,1034,640,650
2020-03-19,1035,,189
2020-03-19,1038,215,220
2020-03-19,1039,201,206
2020-03-19,1040,201,204
2020-03-19,1041,192,195
2020-03-19,1042,185,187
2020-03-19,1050,395,415
2020-03-19,1051,265,270
2020-03-19,1052,255,260
2020-03-19,1053,238,243
2020-03-19,1054,279,284
2020-03-19,1055,269,274
2020-03-19,1057,,
2020-03-19,1058,254,259
2020-03-19,1059,,
2020-03-19,1061,235,255
2020-03-19,1062,,
2020-03-19,1063,,
2020-03-19,1092,,195
2020-03-19,1095,,
2020-03-26,649,181,183
2020-03-26,650,377,379
2020-03-26,653,288,290
2020-03-26,654,,
2020-03-26,655,,
2020-03-26,656,240,243
2020-03-26,657,,
2020-03-26,658,,
2020-03-26,659,,
2020-03-26,670,169,179
2020-03-26,675,,
2020-03-26,684,410,415
2020-03-26,686,144,146
2020-03-26,687,150,151
2020-03-26,688,163,166
2020-03-26,689,147,149
2020-03-26,691,184,186
2020-03-26,692,190,191
2020-03-26,693,196,201
2020-03-26,694,141,143
2020-03-26,695,147,149
2020-03-26,696,147,149
2020-03-26,697,202,204
2020-03-26,711,445,446
2020-03-26,712,442,443
2020-03-26,713,450,452
2020-03-26,714,448,450
2020-03-26,717,492,495
2020-03-26,718,,
2020-03-26,719,186,189
2020-03-26,720,238,240
2020-03-26,721,264,267
2020-03-26,722,393,395
2020-03-26,723,407,410
2020-03-26,725,233,238
2020-03-26,726,210,215
2020-03-26,727,190,195
2020-03-26,728,235,245
2020-03-26,729,195,205
2020-03-26,730,190,200
2020-03-26,731,135,140
2020-03-26,732,125,130
2020-03-26,733,140,145
2020-03-26,734,128,130
2020-03-26,735,1572,1592
2020-03-26,736,1867,1872
2020-03-26,739,173,175
2020-03-26,742,198,199
2020-03-26,743,195,198
2020-03-26,744,235,237
2020-03-26,745,200,202
2020-03-26,747,250,265
2020-03-26,748,365,385
2020-03-26,751,735,815
2020-03-26,752,790,870
2020-03-26,753,595,675
2020-03-26,754,595,675
2020-03-26,755,510,590
2020-03-26,756,680,760
2020-03-26,757,675,755
2020-03-26,758,365,375
2020-03-26,759,340,360
2020-03-26,760,230,245
2020-03-26,761,148,150
2020-03-26,762,110,115
2020-03-26,763,70,80
2020-03-26,765,,
2020-03-26,766,,
2020-03-26,767,85,97
2020-03-26,768,95,107
2020-03-26,769,,
2020-03-26,770,,
2020-03-26,819,,
2020-03-26,820,260,262
2020-03-26,829,169,174
2020-03-26,830,176,179
2020-03-26,831,181,184
2020-03-26,833,,
2020-03-26,849,100,105
2020-03-26,850,115,120
2020-03-26,851,60,73
2020-03-26,852,,
2020-03-26,853,,
2020-03-26,858,240,250
2020-03-26,860,125,128
2020-03-26,861,130,138
2020-03-26,862,70,83
2020-03-26,863,442,445
2020-03-26,865,,
2020-03-26,866,,
2020-03-26,871,125,128
2020-03-26,872,130,138
2020-03-26,904,385,433
2020-03-26,905,410,430
2020-03-26,906,,
2020-03-26,909,208,210
2020-03-26,910,186,188
2020-03-26,911,190,192
2020-03-26,913,190,191
2020-03-26,914,,
2020-03-26,919,211,222
2020-03-26,923,235,245
2020-03-26,924,265,270
2020-03-26,951,475,480
2020-03-26,957,,
2020-03-26,962,,
2020-03-26,963,,
2020-03-26,964,260,270
2020-03-26,967,190,200
2020-03-26,970,,
2020-03-26,987,,
2020-03-26,988,,
2020-03-26,993,335,355
2020-03-26,994,375,395
2020-03-26,995,395,435
2020-03-26,996,405,445
2020-03-26,997,290,293
2020-03-26,998,680,685
2020-03-26,999,645,650
2020-03-26,1000,,
2020-03-26,1021,270,285
2020-03-26,1022,410,420
2020-03-26,1024,,
2020-03-26,1026,,
2020-03-26,1027,,
2020-03-26,1028,295,300
2020-03-26,1029,380,400
2020-03-26,1030,45,50
2020-03-26,1031,60,70
2020-03-26,1032,280,300
2020-03-26,1033,260,280
2020-03-26,1034,645,655
2020-03-26,1035,,191
2020-03-26,1038,222,225
2020-03-26,1039,208,211
2020-03-26,1040,208,211
2020-03-26,1041,199,202
2020-03-26,1042,192,194
2020-03-26,1050,395,415
2020-03-26,1051,269,274
2020-03-26,1052,259,264
2020-03-26,1053,242,247
2020-03-26,1054,283,288
2020-03-26,1055,273,278
2020-03-26,1057,,
2020-03-26,1058,258,263
2020-03-26,1059,,
2020-03-26,1061,235,255
2020-03-26,1062,,
2020-03-26,1063,,
2020-03-26,1092,,195
2020-03-26,1095,,
2020-04-02,649,181,183
2020-04-02,650,377,379
2020-04-02,653,286,288
2020-04-02,654,,
2020-04-02,655,,
2020-04-02,656,240,243
2020-04-02,657,,
2020-04-02,658,,
2020-04-02,659,,
2020-04-02,670,169,179
2020-04-02,675,,
2020-04-02,684,425,430
2020-04-02,686,150,152
2020-04-02,687,156,157
2020-04-02,688,167,170
2020-04-02,689,152,154
2020-04-02,691,190,192
2020-04-02,692,196,197
2020-04-02,693,200,205
2020-04-02,694,147,149
2020-04-02,695,152,154
2020-04-02,696,154,156
2020-04-02,697,202,204
2020-04-02,711,429,430
2020-04-02,712,422,423
2020-04-02,713,428,430
2020-04-02,714,426,428
2020-04-02,717,485,488
2020-04-02,718,,
2020-04-02,719,192,195
2020-04-02,720,244,246
2020-04-02,721,269,272
2020-04-02,722,391,393
2020-04-02,723,415,418
2020-04-02,725,233,238
2020-04-02,726,210,215
2020-04-02,727,190,195
2020-04-02,728,235,245
2020-04-02,729,195,205
2020-04-02,730,190,200
2020-04-02,731,135,140
2020-04-02,732,125,130
2020-04-02,733,140,145
2020-04-02,734,128,130
2020-04-02,735,1572,1592
2020-04-02,736,1867,1872
2020-04-02,739,175,177
2020-04-02,742,200,201
2020-04-02,743,197,200
2020-04-02,744,238,240
2020-04-02,745,200,202
2020-04-02,747,250,265
2020-04-02,748,395,405
2020-04-02,751,785,865
2020-04-02,752,810,890
2020-04-02,753,615,695
2020-04-02,754,615,695
2020-04-02,755,530,610
2020-04-02,756,680,760
2020-04-02,757,695,775
2020-04-02,758,365,375
2020-04-02,759,340,360
2020-04-02,760,230,245
2020-04-02,761,153,155
2020-04-02,762,115,120
2020-04-02,763,70,80
2020-04-02,765,,
2020-04-02,766,,
2020-04-02,767,85,97
2020-04-02,768,95,107
2020-04-02,769,,
2020-04-02,770,,
2020-04-02,819,,
2020-04-02,820,263,265
2020-04-02,829,169,174
2020-04-02,830,176,179
2020-04-02,831,181,184
2020-04-02,833,,
2020-04-02,849,100,105
2020-04-02,850,115,120
2020-04-02,851,60,73
2020-04-02,852,,
2020-04-02,853,,
2020-04-02,858,242,252
2020-04-02,860,128,131
2020-04-02,861,133,141
2020-04-02,862,70,83
2020-04-02,863,435,438
2020-04-02,865,,
2020-04-02,866,,
2020-04-02,871,128,131
2020-04-02,872,133,141
2020-04-02,904,425,443
2020-04-02,905,420,440
2020-04-02,906,,
2020-04-02,909,208,210
2020-04-02,910,186,188
2020-04-02,911,190,192
2020-04-02,913,189,190
2020-04-02,914,,
2020-04-02,919,211,222
2020-04-02,923,240,250
2020-04-02,924,270,275
2020-04-02,951,490,495
2020-04-02,957,,
2020-04-02,962,,
2020-04-02,963,,
2020-04-02,964,260,270
2020-04-02,967,195,205
2020-04-02,970,,
2020-04-02,987,,
2020-04-02,988,,
2020-04-02,993,340,360
2020-04-02,994,380,400
2020-04-02,995,400,440
2020-04-02,996,410,450
2020-04-02,997,290,293
2020-04-02,998,675,680
2020-04-02,999,640,645
2020-04-02,1000,,
2020-04-02,1021,270,285
2020-04-02,1022,410,420
2020-04-02,1024,,
2020-04-02,1026,,
2020-04-02,1027,,
2020-04-02,1028,300,305
2020-04-02,1029,380,400
2020-04-02,1030,45,50
2020-04-02,1031,60,70
2020-04-02,1032,280,300
2020-04-02,1033,260,280
2020-04-02,1034,650,660
2020-04-02,1035,,190
2020-04-02,1038,223,226
2020-04-02,1039,211,214
2020-04-02,1040,211,214
2020-04-02,1041,202,205
2020-04-02,1042,195,197
2020-04-02,1050,395,415
2020-04-02,1051,276,281
2020-04-02,1052,266,271
2020-04-02,1053,249,254
2020-04-02,1054,290,295
2020-04-02,1055,280,285
2020-04-02,1057,,
2020-04-02,1058,265,270
2020-04-02,1059,,
2020-04-02,1061,235,255
2020-04-02,1062,,
2020-04-02,1063,,
2020-04-02,1092,190,200
2020-04-02,1095,,
2020-04-09,649,181,183
2020-04-09,650,377,379
2020-04-09,653,283,285
2020-04-09,654,,
2020-04-09,655,213,215
2020-04-09,656,235,238
2020-04-09,657,,
2020-04-09,658,,
2020-04-09,659,,
2020-04-09,670,169,179
2020-04-09,675,,
2020-04-09,684,428,433
2020-04-09,686,150,152
2020-04-09,687,156,157
2020-04-09,688,167,170
2020-04-09,689,152,154
2020-04-09,691,190,192
2020-04-09,692,196,197
2020-04-09,693,200,205
2020-04-09,694,147,149
2020-04-09,695,152,154
2020-04-09,696,154,156
2020-04-09,697,202,204
2020-04-09,711,397,398
2020-04-09,712,390,391
2020-04-09,713,395,397
2020-04-09,714,393,395
2020-04-09,717,462,465
2020-04-09,718,,
2020-04-09,719,197,200
2020-04-09,720,248,250
2020-04-09,721,275,278
2020-04-09,722,388,390
2020-04-09,723,410,413
2020-04-09,725,233,238
2020-04-09,726,210,215
2020-04-09,727,190,195
2020-04-09,728,235,245
2020-04-09,729,195,205
2020-04-09,730,190,200
2020-04-09,731,135,140
2020-04-09,732,125,130
2020-04-09,733,140,145
2020-04-09,734,128,130
2020-04-09,735,1582,1602
2020-04-09,736,1867,1872
2020-04-09,739,177,179
2020-04-09,742,200,201
2020-04-09,743,197,200
2020-04-09,744,226,228
2020-04-09,745,200,202
2020-04-09,747,250,260
2020-04-09,748,470,480
2020-04-09,751,935,1015
2020-04-09,752,890,970
2020-04-09,753,675,755
2020-04-09,754,675,755
2020-04-09,755,590,670
2020-04-09,756,680,760
2020-04-09,757,755,835
2020-04-09,758,365,375
2020-04-09,759,340,360
2020-04-09,760,230,245
2020-04-09,761,153,155
2020-04-09,762,115,120
2020-04-09,763,70,80
2020-04-09,765,,
2020-04-09,766,,
2020-04-09,767,85,97
2020-04-09,768,95,107
2020-04-09,769,,
2020-04-09,770,,
2020-04-09,819,,
2020-04-09,820,263,265
2020-04-09,829,168,173
2020-04-09,830,175,178
2020-04-09,831,180,183
2020-04-09,833,,
2020-04-09,849,100,105
2020-04-09,850,115,120
2020-04-09,851,60,73
2020-04-09,852,,
2020-04-09,853,,
2020-04-09,858,242,252
2020-04-09,860,128,131
2020-04-09,861,133,141
2020-04-09,862,70,83
2020-04-09,863,412,415
2020-04-09,865,,
2020-04-09,866,,
2020-04-09,871,128,131
2020-04-09,872,133,141
2020-04-09,904,470,493
2020-04-09,905,460,480
2020-04-09,906,,
2020-04-09,909,207,209
2020-04-09,910,185,187
2020-04-09,911,189,191
2020-04-09,913,188,189
2020-04-09,914,,
2020-04-09,919,211,222
2020-04-09,923,240,250
2020-04-09,924,270,275
2020-04-09,951,493,498
2020-04-09,957,,
2020-04-09,962,,
2020-04-09,963,,
2020-04-09,964,260,270
2020-04-09,967,198,208
2020-04-09,970,,
2020-04-09,987,,
2020-04-09,988,,
2020-04-09,993,340,360
2020-04-09,994,380,400
2020-04-09,995,400,440
2020-04-09,996,410,450
2020-04-09,997,285,288
2020-04-09,998,675,680
2020-04-09,999,640,645
2020-04-09,1000,,
2020-04-09,1021,270,285
2020-04-09,1022,415,425
2020-04-09,1024,,
2020-04-09,1026,,
2020-04-09,1027,,
2020-04-09,1028,300,305
2020-04-09,1029,380,400
2020-04-09,1030,45,50
2020-04-09,1031,60,70
2020-04-09,1032,280,300
2020-04-09,1033,260,280
2020-04-09,1034,650,660
2020-04-09,1035,,189
2020-04-09,1038,223,226
2020-04-09,1039,211,214
2020-04-09,1040,211,214
2020-04-09,1041,202,205
2020-04-09,1042,195,197
2020-04-09,1050,395,415
2020-04-09,1051,280,285
2020-04-09,1052,270,275
2020-04-09,1053,253,258
2020-04-09,1054,294,299
2020-04-09,1055,284,289
2020-04-09,1057,,
2020-04-09,1058,269,274
2020-04-09,1059,185,187
2020-04-09,1061,230,250
2020-04-09,1062,,
2020-04-09,1063,,
2020-04-09,1092,190,200
2020-04-09,1095,,
2020-04-16,649,181,183
2020-04-16,650,377,379
2020-04-16,653,280,282
2020-04-16,654,,
2020-04-16,655,211,213
2020-04-16,656,233,236
2020-04-16,657,,
2020-04-16,658,,
2020-04-16,659,,
2020-04-16,670,169,179
2020-04-16,675,,
2020-04-16,684,428,433
2020-04-16,686,140,142
2020-04-16,687,146,147
2020-04-16,688,162,165
2020-04-16,689,140,142
2020-04-16,691,180,182
2020-04-16,692,186,187
2020-04-16,693,195,200
2020-04-16,694,137,139
2020-04-16,695,140,142
2020-04-16,696,142,144
2020-04-16,697,202,204
2020-04-16,711,384,385
2020-04-16,712,377,378
2020-04-16,713,382,384
2020-04-16,714,380,382
2020-04-16,717,457,460
2020-04-16,718,,
2020-04-16,719,189,192
2020-04-16,720,245,247
2020-04-16,721,275,280
2020-04-16,722,385,387
2020-04-16,723,408,411
2020-04-16,725,228,233
2020-04-16,726,205,210
2020-04-16,727,185,190
2020-04-16,728,230,240
2020-04-16,729,195,205
2020-04-16,730,190,200
2020-04-16,731,135,140
2020-04-16,732,125,130
2020-04-16,733,140,145
2020-04-16,734,128,130
2020-04-16,735,1582,1602
2020-04-16,736,1867,1872
2020-04-16,739,177,179
2020-04-16,742,202,203
2020-04-16,743,199,202
2020-04-16,744,213,215
2020-04-16,745,198,200
2020-04-16,747,250,260
2020-04-16,748,470,480
2020-04-16,751,935,1015
2020-04-16,752,890,970
2020-04-16,753,675,755
2020-04-16,754,675,755
2020-04-16,755,590,670
2020-04-16,756,680,760
2020-04-16,757,755,835
2020-04-16,758,355,365
2020-04-16,759,330,350
2020-04-16,760,230,245
2020-04-16,761,153,155
2020-04-16,762,115,120
2020-04-16,763,70,80
2020-04-16,765,,
2020-04-16,766,,
2020-04-16,767,,
2020-04-16,768,,
2020-04-16,769,,
2020-04-16,770,,
2020-04-16,819,,
2020-04-16,820,263,265
2020-04-16,829,166,171
2020-04-16,830,173,176
2020-04-16,831,178,181
2020-04-16,833,,
2020-04-16,849,100,105
2020-04-16,850,115,120
2020-04-16,851,,
2020-04-16,852,,
2020-04-16,853,,
2020-04-16,858,,
2020-04-16,860,128,131
2020-04-16,861,133,141
2020-04-16,862,70,83
2020-04-16,863,407,410
2020-04-16,865,,
2020-04-16,866,,
2020-04-16,871,128,131
2020-04-16,872,133,141
2020-04-16,904,480,493
2020-04-16,905,470,480
2020-04-16,906,,
2020-04-16,909,206,208
2020-04-16,910,184,186
2020-04-16,911,188,190
2020-04-16,913,187,188
2020-04-16,914,,
2020-04-16,919,209,222
2020-04-16,923,240,250
2020-04-16,924,270,275
2020-04-16,951,493,498
2020-04-16,957,,
2020-04-16,962,,
2020-04-16,963,,
2020-04-16,964,260,270
2020-04-16,967,194,204
2020-04-16,970,,
2020-04-16,987,,
2020-04-16,988,,
2020-04-16,993,340,360
2020-04-16,994,380,400
2020-04-16,995,400,440
2020-04-16,996,410,450
2020-04-16,997,282,285
2020-04-16,998,680,685
2020-04-16,999,645,650
2020-04-16,1000,660,670
2020-04-16,1021,280,290
2020-04-16,1022,420,430
2020-04-16,1024,,
2020-04-16,1026,,
2020-04-16,1027,,
2020-04-16,1028,300,305
2020-04-16,1029,,
2020-04-16,1030,45,50
2020-04-16,1031,60,70
2020-04-16,1032,280,300
2020-04-16,1033,260,280
2020-04-16,1034,,
2020-04-16,1035,,188
2020-04-16,1038,221,224
2020-04-16,1039,209,212
2020-04-16,1040,209,212
2020-04-16,1041,200,203
2020-04-16,1042,193,195
2020-04-16,1050,395,415
2020-04-16,1051,280,285
2020-04-16,1052,270,275
2020-04-16,1053,253,258
2020-04-16,1054,294,299
2020-04-16,1055,284,289
2020-04-16,1057,,
2020-04-16,1058,269,274
2020-04-16,1059,182,184
2020-04-16,1061,230,250
2020-04-16,1062,,
2020-04-16,1063,,
2020-04-16,1092,190,200
2020-04-16,1095,,
2020-04-23,649,180,182
2020-04-23,650,377,379
2020-04-23,653,275,277
2020-04-23,654,,
2020-04-23,655,210,212
2020-04-23,656,230,233
2020-04-23,657,,
2020-04-23,658,,
2020-04-23,659,,
2020-04-23,670,169,179
2020-04-23,675,,
2020-04-23,684,428,433
2020-04-23,686,122,124
2020-04-23,687,128,129
2020-04-23,688,156,159
2020-04-23,689,124,126
2020-04-23,691,162,164
2020-04-23,692,168,169
2020-04-23,693,189,194
2020-04-23,694,119,121
2020-04-23,695,124,126
2020-04-23,696,124,126
2020-04-23,697,202,204
2020-04-23,711,379,380
2020-04-23,712,374,375
2020-04-23,713,379,381
2020-04-23,714,377,379
2020-04-23,717,457,460
2020-04-23,718,,
2020-04-23,719,184,192
2020-04-23,720,242,244
2020-04-23,721,275,280
2020-04-23,722,383,385
2020-04-23,723,396,399
2020-04-23,725,228,233
2020-04-23,726,200,205
2020-04-23,727,180,185
2020-04-23,728,225,235
2020-04-23,729,195,205
2020-04-23,730,190,200
2020-04-23,731,135,140
2020-04-23,732,125,130
2020-04-23,733,140,145
2020-04-23,734,128,130
2020-04-23,735,1592,1612
2020-04-23,736,1877,1882
2020-04-23,739,177,179
2020-04-23,742,204,205
2020-04-23,743,201,204
2020-04-23,744,206,208
2020-04-23,745,198,200
2020-04-23,747,250,255
2020-04-23,748,470,480
2020-04-23,751,935,1015
2020-04-23,752,890,970
2020-04-23,753,675,755
2020-04-23,754,675,755
2020-04-23,755,600,680
2020-04-23,756,680,760
2020-04-23,757,755,835
2020-04-23,758,355,365
2020-04-23,759,330,350
2020-04-23,760,230,245
2020-04-23,761,153,155
2020-04-23,762,115,120
2020-04-23,763,70,80
2020-04-23,765,,
2020-04-23,766,,
2020-04-23,767,,
2020-04-23,768,,
2020-04-23,769,,
2020-04-23,770,,
2020-04-23,819,,
2020-04-23,820,263,265
2020-04-23,829,164,169
2020-04-23,830,171,174
2020-04-23,831,176,179
2020-04-23,833,,
2020-04-23,849,100,105
2020-04-23,850,115,120
2020-04-23,851,,
2020-04-23,852,,
2020-04-23,853,,
2020-04-23,858,,
2020-04-23,860,128,131
2020-04-23,861,133,141
2020-04-23,862,70,83
2020-04-23,863,407,410
2020-04-23,865,,
2020-04-23,866,,
2020-04-23,871,128,131
2020-04-23,872,133,141
2020-04-23,904,480,503
2020-04-23,905,470,480
2020-04-23,906,,
2020-04-23,909,204,206
2020-04-23,910,182,184
2020-04-23,911,186,188
2020-04-23,913,186,187
2020-04-23,914,,
2020-04-23,919,207,222
2020-04-23,923,240,250
2020-04-23,924,270,275
2020-04-23,951,493,498
2020-04-23,957,,
2020-04-23,962,,
2020-04-23,963,,
2020-04-23,964,260,270
2020-04-23,967,190,200
2020-04-23,970,,
2020-04-23,987,,
2020-04-23,988,,
2020-04-23,993,340,360
2020-04-23,994,380,400
2020-04-23,995,400,440
2020-04-23,996,410,450
2020-04-23,997,277,280
2020-04-23,998,685,690
2020-04-23,999,650,655
2020-04-23,1000,660,670
2020-04-23,1021,280,290
2020-04-23,1022,420,430
2020-04-23,1024,,
2020-04-23,1026,,
2020-04-23,1027,,
2020-04-23,1028,300,305
2020-04-23,1029,,
2020-04-23,1030,45,50
2020-04-23,1031,60,70
2020-04-23,1032,280,300
2020-04-23,1033,260,280
2020-04-23,1034,,
2020-04-23,1035,,187
2020-04-23,1038,219,222
2020-04-23,1039,208,211
2020-04-23,1040,208,211
2020-04-23,1041,199,202
2020-04-23,1042,192,194
2020-04-23,1050,395,415
2020-04-23,1051,280,285
2020-04-23,1052,270,275
2020-04-23,1053,253,258
2020-04-23,1054,294,299
2020-04-23,1055,284,289
2020-04-23,1057,,
2020-04-23,1058,269,274
2020-04-23,1059,180,182
2020-04-23,1061,230,250
2020-04-23,1062,,
2020-04-23,1063,,
2020-04-23,1092,190,200
2020-04-23,1095,,
2020-04-30,649,178,180
2020-04-30,650,377,379
2020-04-30,653,271,273
2020-04-30,654,,
2020-04-30,655,208,210
2020-04-30,656,228,231
2020-04-30,657,,
2020-04-30,658,,
2020-04-30,659,,
2020-04-30,670,169,179
2020-04-30,675,,
2020-04-30,684,431,436
2020-04-30,686,116,118
2020-04-30,687,122,123
2020-04-30,688,151,154
2020-04-30,689,118,120
2020-04-30,691,156,158
2020-04-30,692,162,163
2020-04-30,693,184,189
2020-04-30,694,113,115
2020-04-30,695,118,120
2020-04-30,696,118,120
2020-04-30,697,202,204
2020-04-30,711,369,370
2020-04-30,712,356,357
2020-04-30,713,376,378
2020-04-30,714,362,364
2020-04-30,717,450,453
2020-04-30,718,,
2020-04-30,719,184,192
2020-04-30,720,242,244
2020-04-30,721,275,280
2020-04-30,722,379,381
2020-04-30,723,390,393
2020-04-30,725,228,233
2020-04-30,726,200,205
2020-04-30,727,180,185
2020-04-30,728,225,235
2020-04-30,729,195,205
2020-04-30,730,190,200
2020-04-30,731,135,140
2020-04-30,732,125,130
2020-04-30,733,140,145
2020-04-30,734,128,130
2020-04-30,735,1592,1612
2020-04-30,736,1877,1882
2020-04-30,739,176,178
2020-04-30,742,204,205
2020-04-30,743,204,205
2020-04-30,744,203,205
2020-04-30,745,197,199
2020-04-30,747,248,253
2020-04-30,748,470,480
2020-04-30,751,935,1015
2020-04-30,752,890,970
2020-04-30,753,675,755
2020-04-30,754,675,755
2020-04-30,755,600,680
2020-04-30,756,680,760
2020-04-30,757,755,835
2020-04-30,758,355,365
2020-04-30,759,330,350
2020-04-30,760,230,245
2020-04-30,761,153,155
2020-04-30,762,115,120
2020-04-30,763,70,80
2020-04-30,765,,
2020-04-30,766,,
2020-04-30,767,,
2020-04-30,768,,
2020-04-30,769,,
2020-04-30,770,,
2020-04-30,819,,
2020-04-30,820,263,265
2020-04-30,829,162,167
2020-04-30,830,169,172
2020-04-30,831,174,177
2020-04-30,833,,
2020-04-30,849,100,105
2020-04-30,850,115,120
2020-04-30,851,,
2020-04-30,852,,
2020-04-30,853,,
2020-04-30,858,,
2020-04-30,860,128,131
2020-04-30,861,133,141
2020-04-30,862,70,83
2020-04-30,863,400,403
2020-04-30,865,,
2020-04-30,866,,
2020-04-30,871,128,131
2020-04-30,872,133,141
2020-04-30,904,480,503
2020-04-30,905,470,480
2020-04-30,906,,
2020-04-30,909,203,205
2020-04-30,910,181,183
2020-04-30,911,185,187
2020-04-30,913,186,187
2020-04-30,914,,
2020-04-30,919,205,220
2020-04-30,923,240,250
2020-04-30,924,270,275
2020-04-30,951,496,501
2020-04-30,957,,
2020-04-30,962,,
2020-04-30,963,,
2020-04-30,964,260,270
2020-04-30,967,185,195
2020-04-30,970,,
2020-04-30,987,,
2020-04-30,988,,
2020-04-30,993,340,360
2020-04-30,994,380,400
2020-04-30,995,400,440
2020-04-30,996,410,450
2020-04-30,997,273,276
2020-04-30,998,690,695
2020-04-30,999,655,660
2020-04-30,1000,660,670
2020-04-30,1021,280,290
2020-04-30,1022,420,430
2020-04-30,1024,,
2020-04-30,1026,,
2020-04-30,1027,,
2020-04-30,1028,300,305
2020-04-30,1029,,
2020-04-30,1030,45,50
2020-04-30,1031,60,70
2020-04-30,1032,280,300
2020-04-30,1033,260,280
2020-04-30,1034,690,700
2020-04-30,1035,180,187
2020-04-30,1038,217,220
2020-04-30,1039,206,209
2020-04-30,1040,206,209
2020-04-30,1041,197,200
2020-04-30,1042,190,192
2020-04-30,1050,395,415
2020-04-30,1051,280,285
2020-04-30,1052,270,275
2020-04-30,1053,253,258
2020-04-30,1054,294,299
2020-04-30,1055,284,289
2020-04-30,1057,,
2020-04-30,1058,269,274
2020-04-30,1059,178,180
2020-04-30,1061,230,250
2020-04-30,1062,,
2020-04-30,1063,,
2020-04-30,1092,190,200
2020-04-30,1095,,
2020-05-07,649,178,180
2020-05-07,650,377,379
2020-05-07,653,265,267
2020-05-07,654,,
2020-05-07,655,205,207
2020-05-07,656,225,228
2020-05-07,657,,
2020-05-07,658,,
2020-05-07,659,,
2020-05-07,670,169,179
2020-05-07,675,,
2020-05-07,684,431,436
2020-05-07,686,116,118
2020-05-07,687,122,123
2020-05-07,688,151,154
2020-05-07,689,118,120
2020-05-07,691,156,158
2020-05-07,692,162,163
2020-05-07,693,184,189
2020-05-07,694,113,115
2020-05-07,695,118,120
2020-05-07,696,118,120
2020-05-07,697,202,204
2020-05-07,711,354,355
2020-05-07,712,346,347
2020-05-07,713,364,366
2020-05-07,714,352,354
2020-05-07,717,450,453
2020-05-07,718,,
2020-05-07,719,184,192
2020-05-07,720,238,240
2020-05-07,721,275,280
2020-05-07,722,375,377
2020-05-07,723,385,388
2020-05-07,725,228,233
2020-05-07,726,200,205
2020-05-07,727,180,185
2020-05-07,728,225,235
2020-05-07,729,195,205
2020-05-07,730,190,200
2020-05-07,731,135,140
2020-05-07,732,125,130
2020-05-07,733,140,145
2020-05-07,734,128,130
2020-05-07,735,1607,1627
2020-05-07,736,1887,1892
2020-05-07,739,174,176
2020-05-07,742,205,206
2020-05-07,743,205,206
2020-05-07,744,197,199
2020-05-07,745,196,198
2020-05-07,747,248,250
2020-05-07,748,470,480
2020-05-07,751,935,1015
2020-05-07,752,890,970
2020-05-07,753,665,745
2020-05-07,754,665,745
2020-05-07,755,600,680
2020-05-07,756,670,750
2020-05-07,757,745,825
2020-05-07,758,360,370
2020-05-07,759,335,355
2020-05-07,760,230,245
2020-05-07,761,153,155
2020-05-07,762,115,120
2020-05-07,763,70,80
2020-05-07,765,70,82
2020-05-07,766,80,92
2020-05-07,767,,
2020-05-07,768,,
2020-05-07,769,,
2020-05-07,770,,
2020-05-07,773,65,75
2020-05-07,819,,
2020-05-07,820,258,260
2020-05-07,829,159,164
2020-05-07,830,166,169
2020-05-07,831,171,174
2020-05-07,833,,
2020-05-07,849,100,105
2020-05-07,850,115,120
2020-05-07,852,,
2020-05-07,853,,
2020-05-07,858,,
2020-05-07,860,128,131
2020-05-07,861,133,141
2020-05-07,862,70,83
2020-05-07,863,400,403
2020-05-07,865,,
2020-05-07,866,,
2020-05-07,871,128,131
2020-05-07,872,133,141
2020-05-07,904,480,503
2020-05-07,905,470,480
2020-05-07,906,,
2020-05-07,909,203,205
2020-05-07,910,181,183
2020-05-07,911,185,187
2020-05-07,913,186,187
2020-05-07,914,,
2020-05-07,919,203,218
2020-05-07,923,235,245
2020-05-07,924,265,270
2020-05-07,951,496,501
2020-05-07,957,,
2020-05-07,962,,
2020-05-07,963,,
2020-05-07,964,260,270
2020-05-07,967,185,195
2020-05-07,970,,
2020-05-07,987,,
2020-05-07,988,,
2020-05-07,993,340,360
2020-05-07,994,380,400
2020-05-07,995,400,440
2020-05-07,996,410,450
2020-05-07,997,267,270
2020-05-07,998,690,695
2020-05-07,999,655,660
2020-05-07,1000,660,670
2020-05-07,1021,280,290
2020-05-07,1022,420,430
2020-05-07,1024,,
2020-05-07,1026,,
2020-05-07,1027,,
2020-05-07,1028,,
2020-05-07,1029,,
2020-05-07,1030,45,50
2020-05-07,1031,60,70
2020-05-07,1032,280,300
2020-05-07,1033,260,280
2020-05-07,1034,690,700
2020-05-07,1035,179,187
2020-05-07,1038,215,218
2020-05-07,1039,204,207
2020-05-07,1040,204,207
2020-05-07,1041,195,198
2020-05-07,1042,188,190
2020-05-07,1050,395,415
2020-05-07,1051,280,285
2020-05-07,1052,270,275
2020-05-07,1053,253,258
2020-05-07,1054,291,296
2020-05-07,1055,281,286
2020-05-07,1057,,
2020-05-07,1058,266,271
2020-05-07,1059,173,175
2020-05-07,1061,230,250
2020-05-07,1062,,
2020-05-07,1063,,
2020-05-07,1092,190,200
2020-05-07,1095,,
2020-05-14,649,178,180
2020-05-14,650,377,379
2020-05-14,653,263,265
2020-05-14,654,,
2020-05-14,655,203,205
2020-05-14,656,225,228
2020-05-14,657,,
2020-05-14,658,,
2020-05-14,659,,
2020-05-14,670,165,175
2020-05-14,675,,
2020-05-14,684,431,436
2020-05-14,686,125,127
2020-05-14,687,131,132
2020-05-14,688,157,160
2020-05-14,689,124,126
2020-05-14,691,165,167
2020-05-14,692,171,172
2020-05-14,693,190,195
2020-05-14,694,122,124
2020-05-14,695,124,126
2020-05-14,696,126,128
2020-05-14,697,202,204
2020-05-14,711,339,340
2020-05-14,712,335,336
2020-05-14,713,350,352
2020-05-14,714,342,344
2020-05-14,717,450,453
2020-05-14,718,,
2020-05-14,719,182,192
2020-05-14,720,234,236
2020-05-14,721,275,280
2020-05-14,722,370,372
2020-05-14,723,378,381
2020-05-14,725,228,233
2020-05-14,726,200,205
2020-05-14,727,180,185
2020-05-14,728,225,235
2020-05-14,729,195,205
2020-05-14,730,190,200
2020-05-14,731,135,140
2020-05-14,732,125,130
2020-05-14,733,140,145
2020-05-14,734,128,130
2020-05-14,735,1607,1627
2020-05-14,736,1887,1892
2020-05-14,739,172,174
2020-05-14,742,205,206
2020-05-14,743,205,206
2020-05-14,744,187,189
2020-05-14,745,196,198
2020-05-14,747,248,250
2020-05-14,748,470,480
2020-05-14,751,935,1015
2020-05-14,752,890,970
2020-05-14,753,665,745
2020-05-14,754,665,745
2020-05-14,755,600,680
2020-05-14,756,670,750
2020-05-14,757,745,825
2020-05-14,758,360,370
2020-05-14,759,335,355
2020-05-14,760,230,245
2020-05-14,761,153,155
2020-05-14,762,115,120
2020-05-14,763,70,80
2020-05-14,765,70,89
2020-05-14,766,79,99
2020-05-14,767,,
2020-05-14,768,,
2020-05-14,769,,
2020-05-14,770,,
2020-05-14,773,65,75
2020-05-14,819,,
2020-05-14,820,256,258
2020-05-14,829,157,162
2020-05-14,830,164,167
2020-05-14,831,169,172
2020-05-14,833,,
2020-05-14,849,100,105
2020-05-14,850,115,120
2020-05-14,852,,
2020-05-14,853,,
2020-05-14,858,,
2020-05-14,860,128,131
2020-05-14,861,133,141
2020-05-14,862,70,83
2020-05-14,863,400,403
2020-05-14,865,,
2020-05-14,866,,
2020-05-14,871,128,131
2020-05-14,872,133,141
2020-05-14,904,480,503
2020-05-14,905,470,480
2020-05-14,906,,
2020-05-14,909,202,204
2020-05-14,910,180,182
2020-05-14,911,184,186
2020-05-14,913,186,187
2020-05-14,914,,
2020-05-14,919,201,218
2020-05-14,923,235,245
2020-05-14,924,265,270
2020-05-14,951,496,501
2020-05-14,957,,
2020-05-14,962,,
2020-05-14,963,,
2020-05-14,964,260,270
2020-05-14,967,185,195
2020-05-14,970,,
2020-05-14,987,,
2020-05-14,988,,
2020-05-14,993,340,360
2020-05-14,994,380,400
2020-05-14,995,400,440
2020-05-14,996,410,450
2020-05-14,997,265,268
2020-05-14,998,690,695
2020-05-14,999,655,660
2020-05-14,1000,660,680
2020-05-14,1021,280,290
2020-05-14,1022,420,430
2020-05-14,1024,,
2020-05-14,1026,,
2020-05-14,1027,,
2020-05-14,1028,,
2020-05-14,1029,,
2020-05-14,1030,45,50
2020-05-14,1031,60,70
2020-05-14,1032,280,300
2020-05-14,1033,260,280
2020-05-14,1034,695,710
2020-05-14,1035,178,186
2020-05-14,1038,212,215
2020-05-14,1039,202,205
2020-05-14,1040,202,205
2020-05-14,1041,193,196
2020-05-14,1042,186,188
2020-05-14,1050,395,415
2020-05-14,1051,275,280
2020-05-14,1052,265,270
2020-05-14,1053,248,253
2020-05-14,1054,286,291
2020-05-14,1055,276,281
2020-05-14,1057,,
2020-05-14,1058,261,266
2020-05-14,1059,171,173
2020-05-14,1061,230,250
2020-05-14,1062,,
2020-05-14,1063,,
2020-05-14,1092,190,200
2020-05-14,1095,,
2020-05-21,649,178,180
2020-05-21,650,376,378
2020-05-21,653,260,262
2020-05-21,654,,
2020-05-21,655,202,204
2020-05-21,656,,
2020-05-21,657,,
2020-05-21,658,,
2020-05-21,659,,
2020-05-21,670,165,175
2020-05-21,675,,
2020-05-21,684,431,436
2020-05-21,686,138,140
2020-05-21,687,144,145
2020-05-21,688,162,165
2020-05-21,689,134,136
2020-05-21,691,178,180
2020-05-21,692,184,185
2020-05-21,693,195,200
2020-05-21,694,135,137
2020-05-21,695,134,136
2020-05-21,696,138,140
2020-05-21,697,205,207
2020-05-21,711,324,325
2020-05-21,712,324,325
2020-05-21,713,335,337
2020-05-21,714,332,334
2020-05-21,717,445,448
2020-05-21,718,,
2020-05-21,719,175,188
2020-05-21,720,229,231
2020-05-21,721,273,278
2020-05-21,722,360,362
2020-05-21,723,368,371
2020-05-21,725,218,223
2020-05-21,726,200,205
2020-05-21,727,175,180
2020-05-21,728,220,225
2020-05-21,729,195,205
2020-05-21,730,190,200
2020-05-21,731,135,140
2020-05-21,732,125,130
2020-05-21,733,140,145
2020-05-21,734,128,130
2020-05-21,735,1607,1627
2020-05-21,736,1887,1892
2020-05-21,739,170,172
2020-05-21,742,205,206
2020-05-21,743,205,206
2020-05-21,744,167,169
2020-05-21,745,195,197
2020-05-21,747,248,250
2020-05-21,748,470,480
2020-05-21,751,935,1015
2020-05-21,752,890,970
2020-05-21,753,650,730
2020-05-21,754,650,730
2020-05-21,755,635,715
2020-05-21,756,640,720
2020-05-21,757,730,810
2020-05-21,758,360,370
2020-05-21,759,335,355
2020-05-21,760,230,245
2020-05-21,761,153,155
2020-05-21,762,115,120
2020-05-21,763,70,80
2020-05-21,765,70,89
2020-05-21,766,79,99
2020-05-21,767,,
2020-05-21,768,,
2020-05-21,769,,
2020-05-21,770,,
2020-05-21,773,65,75
2020-05-21,819,,
2020-05-21,820,247,255
2020-05-21,829,155,160
2020-05-21,830,162,165
2020-05-21,831,167,170
2020-05-21,833,,
2020-05-21,849,100,105
2020-05-21,850,115,120
2020-05-21,852,,
2020-05-21,853,,
2020-05-21,858,,
2020-05-21,860,128,131
2020-05-21,861,133,141
2020-05-21,862,70,83
2020-05-21,863,395,398
2020-05-21,865,,
2020-05-21,866,,
2020-05-21,871,128,131
2020-05-21,872,133,141
2020-05-21,904,480,503
2020-05-21,905,470,480
2020-05-21,906,,
2020-05-21,909,201,203
2020-05-21,910,179,181
2020-05-21,911,183,185
2020-05-21,913,185,186
2020-05-21,914,,
2020-05-21,919,201,218
2020-05-21,923,235,245
2020-05-21,924,255,265
2020-05-21,951,496,501
2020-05-21,957,,
2020-05-21,962,,
2020-05-21,963,,
2020-05-21,964,260,270
2020-05-21,967,188,198
2020-05-21,970,,
2020-05-21,987,,
2020-05-21,988,,
2020-05-21,993,340,360
2020-05-21,994,380,400
2020-05-21,995,400,440
2020-05-21,996,410,450
2020-05-21,997,262,265
2020-05-21,998,680,685
2020-05-21,999,645,650
2020-05-21,1000,660,680
2020-05-21,1021,280,290
2020-05-21,1022,420,430
2020-05-21,1024,,
2020-05-21,1026,,
2020-05-21,1027,,
2020-05-21,1028,,
2020-05-21,1029,,
2020-05-21,1030,45,50
2020-05-21,1031,60,70
2020-05-21,1032,280,300
2020-05-21,1033,260,280
2020-05-21,1034,695,710
2020-05-21,1035,177,186
2020-05-21,1038,209,212
2020-05-21,1039,200,203
2020-05-21,1040,200,203
2020-05-21,1041,191,194
2020-05-21,1042,184,186
2020-05-21,1050,395,415
2020-05-21,1051,274,279
2020-05-21,1052,264,269
2020-05-21,1053,247,252
2020-05-21,1054,284,289
2020-05-21,1055,274,279
2020-05-21,1057,,
2020-05-21,1058,259,264
2020-05-21,1059,169,171
2020-05-21,1061,230,250
2020-05-21,1062,,
2020-05-21,1063,,
2020-05-21,1092,190,200
2020-05-21,1095,,
2020-05-28,649,178,180
2020-05-28,650,376,378
2020-05-28,653,260,262
2020-05-28,654,,
2020-05-28,655,201,203
2020-05-28,656,,
2020-05-28,657,,
2020-05-28,658,,
2020-05-28,659,,
2020-05-28,670,165,175
2020-05-28,675,,
2020-05-28,684,431,436
2020-05-28,686,148,150
2020-05-28,687,154,155
2020-05-28,688,167,170
2020-05-28,689,142,144
2020-05-28,691,188,190
2020-05-28,692,194,195
2020-05-28,693,200,205
2020-05-28,694,145,147
2020-05-28,695,142,144
2020-05-28,696,148,150
2020-05-28,697,205,207
2020-05-28,711,322,323
2020-05-28,712,320,321
2020-05-28,713,331,333
2020-05-28,714,330,332
2020-05-28,717,445,448
2020-05-28,718,,
2020-05-28,719,175,188
2020-05-28,720,234,236
2020-05-28,721,271,276
2020-05-28,722,353,355
2020-05-28,723,368,371
2020-05-28,725,218,223
2020-05-28,726,200,205
2020-05-28,727,175,180
2020-05-28,728,220,225
2020-05-28,729,195,205
2020-05-28,730,190,200
2020-05-28,731,135,140
2020-05-28,732,125,130
2020-05-28,733,140,145
2020-05-28,734,128,130
2020-05-28,735,1607,1627
2020-05-28,736,1887,1892
2020-05-28,739,170,172
2020-05-28,742,209,210
2020-05-28,743,209,210
2020-05-28,744,163,165
2020-05-28,745,195,197
2020-05-28,747,248,250
2020-05-28,748,470,480
2020-05-28,751,935,1015
2020-05-28,752,890,970
2020-05-28,753,650,730
2020-05-28,754,650,730
2020-05-28,755,650,730
2020-05-28,756,640,720
2020-05-28,757,730,810
2020-05-28,758,360,370
2020-05-28,759,335,355
2020-05-28,760,230,245
2020-05-28,761,155,157
2020-05-28,762,117,122
2020-05-28,763,70,80
2020-05-28,765,70,89
2020-05-28,766,79,99
2020-05-28,767,,
2020-05-28,768,,
2020-05-28,769,,
2020-05-28,770,,
2020-05-28,773,65,75
2020-05-28,819,,
2020-05-28,820,245,253
2020-05-28,829,155,160
2020-05-28,830,162,165
2020-05-28,831,167,170
2020-05-28,833,,
2020-05-28,849,,
2020-05-28,850,,
2020-05-28,852,,
2020-05-28,853,,
2020-05-28,858,,
2020-05-28,860,128,131
2020-05-28,861,133,141
2020-05-28,862,70,83
2020-05-28,863,395,398
2020-05-28,865,,
2020-05-28,866,,
2020-05-28,871,128,131
2020-05-28,872,133,141
2020-05-28,904,480,503
2020-05-28,905,470,480
2020-05-28,906,,
2020-05-28,909,201,203
2020-05-28,910,179,181
2020-05-28,911,183,185
2020-05-28,913,185,186
2020-05-28,914,,
2020-05-28,919,201,218
2020-05-28,923,235,245
2020-05-28,924,255,265
2020-05-28,951,496,501
2020-05-28,957,,
2020-05-28,962,,
2020-05-28,963,,
2020-05-28,964,260,270
2020-05-28,967,194,204
2020-05-28,970,,
2020-05-28,987,,
2020-05-28,988,,
2020-05-28,993,340,360
2020-05-28,994,380,400
2020-05-28,995,400,440
2020-05-28,996,410,450
2020-05-28,997,260,263
2020-05-28,998,675,680
2020-05-28,999,640,645
2020-05-28,1000,660,690
2020-05-28,1021,280,290
2020-05-28,1022,420,430
2020-05-28,1024,,
2020-05-28,1026,,
2020-05-28,1027,,
2020-05-28,1028,,
2020-05-28,1029,,
2020-05-28,1030,43,48
2020-05-28,1031,52,62
2020-05-28,1032,280,300
2020-05-28,1033,260,280
2020-05-28,1034,695,710
2020-05-28,1035,177,186
2020-05-28,1038,207,210
2020-05-28,1039,199,202
2020-05-28,1040,199,202
2020-05-28,1041,190,193
2020-05-28,1042,183,185
2020-05-28,1050,395,415
2020-05-28,1051,274,279
2020-05-28,1052,264,269
2020-05-28,1053,247,252
2020-05-28,1054,284,289
2020-05-28,1055,274,279
2020-05-28,1057,,
2020-05-28,1058,259,264
2020-05-28,1059,169,171
2020-05-28,1061,230,250
2020-05-28,1062,,
2020-05-28,1063,,
2020-05-28,1092,190,200
2020-05-28,1095,,
2020-06-04,649,178,180
2020-06-04,650,376,378
2020-06-04,653,260,262
2020-06-04,654,,
2020-06-04,655,199,201
2020-06-04,656,,
2020-06-04,657,,
2020-06-04,658,,
2020-06-04,659,,
2020-06-04,670,165,175
2020-06-04,675,,
2020-06-04,684,431,436
2020-06-04,686,156,158
2020-06-04,687,162,163
2020-06-04,688,169,172
2020-06-04,689,142,144
2020-06-04,691,196,198
2020-06-04,692,202,203
2020-06-04,693,202,207
2020-06-04,694,153,155
2020-06-04,695,142,144
2020-06-04,696,148,150
2020-06-04,697,205,207
2020-06-04,711,320,321
2020-06-04,712,318,319
2020-06-04,713,329,331
2020-06-04,714,328,330
2020-06-04,717,445,448
2020-06-04,718,,
2020-06-04,719,175,188
2020-06-04,720,236,238
2020-06-04,721,271,276
2020-06-04,722,348,350
2020-06-04,723,362,365
2020-06-04,725,218,223
2020-06-04,726,200,205
2020-06-04,727,175,180
2020-06-04,728,220,225
2020-06-04,729,195,205
2020-06-04,730,190,200
2020-06-04,731,125,130
2020-06-04,732,125,130
2020-06-04,733,140,145
2020-06-04,734,128,130
2020-06-04,735,1607,1627
2020-06-04,736,1887,1892
2020-06-04,739,170,172
2020-06-04,742,209,210
2020-06-04,743,209,210
2020-06-04,744,160,162
2020-06-04,745,195,197
2020-06-04,747,248,250
2020-06-04,748,450,460
2020-06-04,751,895,975
2020-06-04,752,890,970
2020-06-04,753,650,730
2020-06-04,754,650,730
2020-06-04,755,650,730
2020-06-04,756,630,710
2020-06-04,757,730,810
2020-06-04,758,350,360
2020-06-04,759,325,345
2020-06-04,760,230,245
2020-06-04,761,157,159
2020-06-04,762,119,124
2020-06-04,763,70,80
2020-06-04,765,,
2020-06-04,766,,
2020-06-04,767,70,105
2020-06-04,768,85,115
2020-06-04,769,,
2020-06-04,770,,
2020-06-04,773,65,75
2020-06-04,819,,
2020-06-04,820,244,252
2020-06-04,829,,
2020-06-04,830,,
2020-06-04,831,,
2020-06-04,833,,
2020-06-04,849,,
2020-06-04,850,,
2020-06-04,852,,
2020-06-04,853,,
2020-06-04,858,,
2020-06-04,860,128,131
2020-06-04,861,133,141
2020-06-04,862,70,83
2020-06-04,863,395,398
2020-06-04,865,,
2020-06-04,866,,
2020-06-04,871,128,131
2020-06-04,872,133,141
2020-06-04,904,480,493
2020-06-04,905,470,480
2020-06-04,906,,
2020-06-04,909,201,203
2020-06-04,910,179,181
2020-06-04,911,183,185
2020-06-04,913,185,186
2020-06-04,914,,
2020-06-04,919,198,218
2020-06-04,923,235,245
2020-06-04,924,255,265
2020-06-04,951,496,501
2020-06-04,957,,
2020-06-04,962,,
2020-06-04,963,,
2020-06-04,964,,
2020-06-04,967,194,204
2020-06-04,970,,
2020-06-04,987,,
2020-06-04,988,,
2020-06-04,993,340,360
2020-06-04,994,380,400
2020-06-04,995,400,440
2020-06-04,996,410,450
2020-06-04,997,260,263
2020-06-04,998,670,675
2020-06-04,999,635,640
2020-06-04,1000,660,700
2020-06-04,1021,280,290
2020-06-04,1022,,
2020-06-04,1024,,
2020-06-04,1026,,
2020-06-04,1027,,
2020-06-04,1028,,
2020-06-04,1029,,
2020-06-04,1030,,
2020-06-04,1031,,
2020-06-04,1032,280,300
2020-06-04,1033,255,280
2020-06-04,1034,,
2020-06-04,1035,177,186
2020-06-04,1038,205,208
2020-06-04,1039,197,200
2020-06-04,1040,197,200
2020-06-04,1041,188,191
2020-06-04,1042,181,183
2020-06-04,1050,395,415
2020-06-04,1051,274,279
2020-06-04,1052,264,269
2020-06-04,1053,247,252
2020-06-04,1054,284,289
2020-06-04,1055,274,279
2020-06-04,1057,,
2020-06-04,1058,259,264
2020-06-04,1059,168,170
2020-06-04,1061,230,250
2020-06-04,1062,,
2020-06-04,1063,,
2020-06-04,1092,,
2020-06-04,1095,,
2020-06-11,649,178,180
2020-06-11,650,386,388
2020-06-11,653,260,262
2020-06-11,654,,
2020-06-11,655,199,201
2020-06-11,656,,
2020-06-11,657,,
2020-06-11,658,,
2020-06-11,659,,
2020-06-11,670,,
2020-06-11,675,,
2020-06-11,684,431,436
2020-06-11,686,151,153
2020-06-11,687,157,158
2020-06-11,688,169,172
2020-06-11,689,131,133
2020-06-11,691,191,193
2020-06-11,692,197,198
2020-06-11,693,202,207
2020-06-11,694,148,150
2020-06-11,695,131,133
2020-06-11,696,144,146
2020-06-11,697,205,207
2020-06-11,711,320,321
2020-06-11,712,318,319
2020-06-11,713,329,331
2020-06-11,714,328,330
2020-06-11,717,445,448
2020-06-11,718,,
2020-06-11,719,175,188
2020-06-11,720,235,237
2020-06-11,721,279,284
2020-06-11,722,347,349
2020-06-11,723,361,364
2020-06-11,725,218,223
2020-06-11,726,200,205
2020-06-11,727,175,180
2020-06-11,728,220,225
2020-06-11,729,195,205
2020-06-11,730,190,200
2020-06-11,731,125,130
2020-06-11,732,125,130
2020-06-11,733,140,145
2020-06-11,734,128,130
2020-06-11,735,1607,1627
2020-06-11,736,1887,1892
2020-06-11,739,170,172
2020-06-11,742,209,210
2020-06-11,743,209,210
2020-06-11,744,160,162
2020-06-11,745,192,194
2020-06-11,747,248,250
2020-06-11,748,450,460
2020-06-11,751,895,975
2020-06-11,752,890,970
2020-06-11,753,620,700
2020-06-11,754,620,700
2020-06-11,755,620,700
2020-06-11,756,610,690
2020-06-11,757,700,780
2020-06-11,758,350,360
2020-06-11,759,325,345
2020-06-11,760,230,245
2020-06-11,761,159,161
2020-06-11,762,121,126
2020-06-11,763,70,80
2020-06-11,765,,
2020-06-11,766,,
2020-06-11,767,75,105
2020-06-11,768,85,115
2020-06-11,769,,
2020-06-11,770,,
2020-06-11,773,65,75
2020-06-11,819,,
2020-06-11,820,244,252
2020-06-11,829,,
2020-06-11,830,,
2020-06-11,831,,
2020-06-11,833,,
2020-06-11,849,,
2020-06-11,850,,
2020-06-11,852,,
2020-06-11,853,,
2020-06-11,858,,
2020-06-11,860,128,131
2020-06-11,861,133,141
2020-06-11,862,70,83
2020-06-11,863,395,398
2020-06-11,865,,
2020-06-11,866,,
2020-06-11,871,128,131
2020-06-11,872,133,141
2020-06-11,904,475,483
2020-06-11,905,470,480
2020-06-11,906,,
2020-06-11,909,202,204
2020-06-11,910,180,182
2020-06-11,911,184,186
2020-06-11,913,187,188
2020-06-11,914,,
2020-06-11,919,198,218
2020-06-11,923,235,245
2020-06-11,924,255,265
2020-06-11,951,496,501
2020-06-11,957,,
2020-06-11,962,,
2020-06-11,963,,
2020-06-11,964,,
2020-06-11,967,190,200
2020-06-11,970,,
2020-06-11,987,,
2020-06-11,988,,
2020-06-11,993,340,360
2020-06-11,994,380,400
2020-06-11,995,400,440
2020-06-11,996,410,450
2020-06-11,997,259,262
2020-06-11,998,665,670
2020-06-11,999,625,630
2020-06-11,1000,660,700
2020-06-11,1021,280,290
2020-06-11,1022,,
2020-06-11,1024,,
2020-06-11,1028,,
2020-06-11,1029,,
2020-06-11,1032,280,300
2020-06-11,1033,255,280
2020-06-11,1034,,
2020-06-11,1035,180,188
2020-06-11,1038,,
2020-06-11,1039,,
2020-06-11,1040,,
2020-06-11,1041,,
2020-06-11,1042,,
2020-06-11,1050,,
2020-06-11,1051,274,279
2020-06-11,1052,264,269
2020-06-11,1053,247,252
2020-06-11,1054,284,289
2020-06-11,1055,274,279
2020-06-11,1057,,
2020-06-11,1058,259,264
2020-06-11,1059,,
2020-06-11,1061,230,250
2020-06-11,1062,,
2020-06-11,1063,,
2020-06-11,1092,,
2020-06-11,1095,,
2020-06-18,649,178,180
2020-06-18,650,,
2020-06-18,653,262,264
2020-06-18,654,,
2020-06-18,655,198,200
2020-06-18,656,,
2020-06-18,657,,
2020-06-18,658,,
2020-06-18,659,,
2020-06-18,670,,
2020-06-18,675,,
2020-06-18,684,441,446
2020-06-18,686,136,138
2020-06-18,687,142,143
2020-06-18,688,167,170
2020-06-18,689,123,125
2020-06-18,691,176,178
2020-06-18,692,182,183
2020-06-18,693,200,205
2020-06-18,694,133,135
2020-06-18,695,123,125
2020-06-18,696,138,140
2020-06-18,697,205,207
2020-06-18,711,320,321
2020-06-18,712,318,319
2020-06-18,713,329,331
2020-06-18,714,328,330
2020-06-18,717,445,448
2020-06-18,718,,
2020-06-18,719,180,188
2020-06-18,720,233,235
2020-06-18,721,279,284
2020-06-18,722,352,354
2020-06-18,723,365,368
2020-06-18,725,218,223
2020-06-18,726,200,205
2020-06-18,727,175,180
2020-06-18,728,220,225
2020-06-18,729,195,205
2020-06-18,730,190,200
2020-06-18,731,125,130
2020-06-18,732,125,130
2020-06-18,733,140,145
2020-06-18,734,128,130
2020-06-18,735,1607,1627
2020-06-18,736,1887,1892
2020-06-18,739,170,172
2020-06-18,742,212,213
2020-06-18,743,212,213
2020-06-18,744,158,160
2020-06-18,745,190,192
2020-06-18,747,248,250
2020-06-18,748,450,460
2020-06-18,751,895,975
2020-06-18,752,890,970
2020-06-18,753,600,680
2020-06-18,754,600,680
2020-06-18,755,600,680
2020-06-18,756,600,680
2020-06-18,757,680,760
2020-06-18,758,350,360
2020-06-18,759,325,345
2020-06-18,760,230,245
2020-06-18,761,161,163
2020-06-18,762,123,128
2020-06-18,763,70,80
2020-06-18,765,,
2020-06-18,766,,
2020-06-18,767,75,105
2020-06-18,768,85,115
2020-06-18,769,,
2020-06-18,770,,
2020-06-18,773,65,75
2020-06-18,819,,
2020-06-18,820,240,244
2020-06-18,829,,
2020-06-18,830,,
2020-06-18,831,,
2020-06-18,833,,
2020-06-18,849,,
2020-06-18,850,,
2020-06-18,852,,
2020-06-18,853,,
2020-06-18,858,,
2020-06-18,860,128,131
2020-06-18,861,133,141
2020-06-18,862,70,83
2020-06-18,863,395,398
2020-06-18,865,,
2020-06-18,866,,
2020-06-18,871,128,131
2020-06-18,872,133,141
2020-06-18,904,475,483
2020-06-18,905,,
2020-06-18,906,,
2020-06-18,909,204,206
2020-06-18,910,182,184
2020-06-18,911,186,188
2020-06-18,913,191,192
2020-06-18,914,,
2020-06-18,919,195,215
2020-06-18,923,235,245
2020-06-18,924,255,265
2020-06-18,951,506,511
2020-06-18,957,,
2020-06-18,962,,
2020-06-18,963,,
2020-06-18,964,,
2020-06-18,967,187,197
2020-06-18,970,,
2020-06-18,987,,
2020-06-18,988,,
2020-06-18,993,340,360
2020-06-18,994,380,400
2020-06-18,995,400,440
2020-06-18,996,410,450
2020-06-18,997,261,264
2020-06-18,998,660,665
2020-06-18,999,620,625
2020-06-18,1000,670,710
2020-06-18,1021,,
2020-06-18,1022,,
2020-06-18,1024,,
2020-06-18,1028,,
2020-06-18,1029,,
2020-06-18,1032,280,300
2020-06-18,1033,255,280
2020-06-18,1034,,
2020-06-18,1035,184,192
2020-06-18,1038,,
2020-06-18,1039,,
2020-06-18,1040,,
2020-06-18,1041,,
2020-06-18,1042,,
2020-06-18,1050,,
2020-06-18,1051,,
2020-06-18,1052,,
2020-06-18,1053,,
2020-06-18,1054,,
2020-06-18,1055,,
2020-06-18,1057,,
2020-06-18,1058,,
2020-06-18,1059,,
2020-06-18,1061,230,250
2020-06-18,1062,,
2020-06-18,1063,,
2020-06-18,1092,,
2020-06-18,1095,,
2020-06-25,649,180,182
2020-06-25,650,,
2020-06-25,653,262,264
2020-06-25,654,,
2020-06-25,655,196,198
2020-06-25,656,,
2020-06-25,657,,
2020-06-25,658,,
2020-06-25,659,,
2020-06-25,670,,
2020-06-25,675,,
2020-06-25,684,446,451
2020-06-25,686,124,126
2020-06-25,687,130,131
2020-06-25,688,167,170
2020-06-25,689,123,125
2020-06-25,691,164,166
2020-06-25,692,170,171
2020-06-25,693,200,205
2020-06-25,694,121,123
2020-06-25,695,123,125
2020-06-25,696,134,136
2020-06-25,697,205,207
2020-06-25,711,318,319
2020-06-25,712,317,318
2020-06-25,713,327,329
2020-06-25,714,327,329
2020-06-25,717,450,453
2020-06-25,718,,
2020-06-25,719,182,190
2020-06-25,720,235,237
2020-06-25,721,279,284
2020-06-25,722,352,354
2020-06-25,723,367,370
2020-06-25,725,218,223
2020-06-25,726,200,205
2020-06-25,727,175,180
2020-06-25,728,220,225
2020-06-25,729,195,205
2020-06-25,730,190,200
2020-06-25,731,120,125
2020-06-25,732,120,125
2020-06-25,733,140,145
2020-06-25,734,128,130
2020-06-25,735,1607,1627
2020-06-25,736,1887,1892
2020-06-25,739,170,172
2020-06-25,742,214,215
2020-06-25,743,214,215
2020-06-25,744,163,165
2020-06-25,745,189,191
2020-06-25,747,250,252
2020-06-25,748,450,460
2020-06-25,751,895,975
2020-06-25,752,890,970
2020-06-25,753,600,680
2020-06-25,754,600,680
2020-06-25,755,600,680
2020-06-25,756,600,680
2020-06-25,757,680,760
2020-06-25,758,350,360
2020-06-25,759,325,345
2020-06-25,760,230,245
2020-06-25,761,161,163
2020-06-25,762,123,128
2020-06-25,763,70,80
2020-06-25,765,,
2020-06-25,766,,
2020-06-25,767,75,105
2020-06-25,768,85,115
2020-06-25,769,80,92
2020-06-25,770,90,102
2020-06-25,773,,
2020-06-25,819,213,218
2020-06-25,820,232,244
2020-06-25,829,148,152
2020-06-25,830,153,157
2020-06-25,831,158,161
2020-06-25,833,,
2020-06-25,849,,
2020-06-25,850,,
2020-06-25,851,65,75
2020-06-25,852,,
2020-06-25,853,,
2020-06-25,858,,
2020-06-25,860,128,131
2020-06-25,861,133,141
2020-06-25,862,,
2020-06-25,863,400,403
2020-06-25,865,,
2020-06-25,866,,
2020-06-25,871,128,131
2020-06-25,872,133,141
2020-06-25,904,460,483
2020-06-25,905,,
2020-06-25,906,,
2020-06-25,909,205,207
2020-06-25,910,183,185
2020-06-25,911,187,189
2020-06-25,913,193,194
2020-06-25,914,,
2020-06-25,919,192,
2020-06-25,923,235,245
2020-06-25,924,250,260
2020-06-25,951,511,516
2020-06-25,957,,
2020-06-25,962,,
2020-06-25,963,,
2020-06-25,964,,
2020-06-25,967,185,195
2020-06-25,970,,
2020-06-25,987,,
2020-06-25,988,,
2020-06-25,993,340,360
2020-06-25,994,380,400
2020-06-25,995,400,440
2020-06-25,996,410,450
2020-06-25,997,259,262
2020-06-25,998,655,660
2020-06-25,999,615,620
2020-06-25,1000,675,715
2020-06-25,1021,,
2020-06-25,1022,,
2020-06-25,1024,,
2020-06-25,1026,40,45
2020-06-25,1027,45,50
2020-06-25,1028,,
2020-06-25,1029,,
2020-06-25,1030,,
2020-06-25,1031,,
2020-06-25,1032,280,300
2020-06-25,1033,255,280
2020-06-25,1034,,
2020-06-25,1035,186,194
2020-06-25,1050,,
2020-06-25,1057,,
2020-06-25,1059,161,163
2020-06-25,1061,230,250
2020-06-25,1062,,
2020-06-25,1063,,
2020-06-25,1092,,
2020-06-25,1095,,
2020-06-25,1096,,
2020-06-25,1097,,
2020-06-25,1098,,
2020-06-25,1099,,
2020-06-25,1100,,
2020-06-25,1101,,
2020-06-25,1102,,
2020-06-25,1103,,
2020-06-25,1104,,
2020-06-25,1105,,
2020-06-25,1106,,
2020-07-02,649,,
2020-07-02,650,,
2020-07-02,653,262,264
2020-07-02,654,,
2020-07-02,655,186,188
2020-07-02,656,220,225
2020-07-02,657,,
2020-07-02,658,,
2020-07-02,659,,
2020-07-02,670,170,175
2020-07-02,675,,
2020-07-02,684,446,451
2020-07-02,686,114,116
2020-07-02,687,120,121
2020-07-02,688,164,167
2020-07-02,689,121,123
2020-07-02,691,154,156
2020-07-02,692,160,161
2020-07-02,693,197,202
2020-07-02,694,111,113
2020-07-02,695,121,123
2020-07-02,696,130,132
2020-07-02,697,205,207
2020-07-02,711,326,327
2020-07-02,712,323,324
2020-07-02,713,335,337
2020-07-02,714,333,335
2020-07-02,717,456,459
2020-07-02,718,,
2020-07-02,719,182,190
2020-07-02,720,235,237
2020-07-02,721,274,279
2020-07-02,722,359,361
2020-07-02,723,374,377
2020-07-02,725,218,223
2020-07-02,726,200,205
2020-07-02,727,175,180
2020-07-02,728,220,225
2020-07-02,729,195,205
2020-07-02,730,190,200
2020-07-02,731,120,125
2020-07-02,732,120,125
2020-07-02,733,140,145
2020-07-02,734,128,130
2020-07-02,735,1607,1627
2020-07-02,736,1887,1892
2020-07-02,739,171,173
2020-07-02,742,214,215
2020-07-02,743,214,215
2020-07-02,744,163,165
2020-07-02,745,189,191
2020-07-02,747,250,252
2020-07-02,748,450,460
2020-07-02,751,895,975
2020-07-02,752,890,970
2020-07-02,753,600,680
2020-07-02,754,600,680
2020-07-02,755,600,680
2020-07-02,756,600,680
2020-07-02,757,680,760
2020-07-02,758,355,365
2020-07-02,759,330,350
2020-07-02,760,230,245
2020-07-02,761,161,163
2020-07-02,762,123,128
2020-07-02,763,70,80
2020-07-02,765,,
2020-07-02,766,,
2020-07-02,767,75,105
2020-07-02,768,85,115
2020-07-02,769,90,95
2020-07-02,770,95,105
2020-07-02,773,,
2020-07-02,774,75,90
2020-07-02,819,213,218
2020-07-02,820,227,244
2020-07-02,829,148,152
2020-07-02,830,153,157
2020-07-02,831,158,161
2020-07-02,833,,
2020-07-02,849,,
2020-07-02,850,,
2020-07-02,851,65,75
2020-07-02,852,,
2020-07-02,853,,
2020-07-02,858,260,270
2020-07-02,860,,
2020-07-02,861,,
2020-07-02,862,,
2020-07-02,863,406,409
2020-07-02,865,,
2020-07-02,866,,
2020-07-02,871,,
2020-07-02,872,,
2020-07-02,904,460,483
2020-07-02,905,,
2020-07-02,906,,
2020-07-02,909,206,208
2020-07-02,910,184,186
2020-07-02,911,188,190
2020-07-02,913,197,198
2020-07-02,914,,
2020-07-02,919,186,
2020-07-02,923,235,245
2020-07-02,924,250,260
2020-07-02,951,511,516
2020-07-02,957,,
2020-07-02,962,,
2020-07-02,963,,
2020-07-02,964,240,250
2020-07-02,967,183,193
2020-07-02,970,,
2020-07-02,987,,
2020-07-02,988,,
2020-07-02,993,330,350
2020-07-02,994,370,390
2020-07-02,995,390,430
2020-07-02,996,400,440
2020-07-02,997,259,262
2020-07-02,998,650,655
2020-07-02,999,610,615
2020-07-02,1000,,
2020-07-02,1021,270,280
2020-07-02,1022,370,380
2020-07-02,1024,360,380
2020-07-02,1026,44,49
2020-07-02,1027,49,54
2020-07-02,1028,270,280
2020-07-02,1029,,
2020-07-02,1030,,
2020-07-02,1031,,
2020-07-02,1032,280,300
2020-07-02,1033,255,280
2020-07-02,1034,,
2020-07-02,1035,188,198
2020-07-02,1050,360,380
2020-07-02,1057,,
2020-07-02,1059,161,163
2020-07-02,1061,230,250
2020-07-02,1062,,
2020-07-02,1063,,
2020-07-02,1092,180,190
2020-07-02,1095,,
2020-07-02,1097,186,189
2020-07-02,1099,175,178
2020-07-02,1100,,
2020-07-02,1107,200,207
2020-07-02,1108,183,186
2020-07-02,1109,303,308
2020-07-02,1110,295,300
2020-07-02,1111,280,285
2020-07-02,1112,320,325
2020-07-02,1113,312,317
2020-07-02,1114,297,302
2020-07-09,649,,
2020-07-09,650,,
2020-07-09,653,262,264
2020-07-09,654,,
2020-07-09,655,186,188
2020-07-09,656,222,225
2020-07-09,657,,
2020-07-09,658,,
2020-07-09,659,,
2020-07-09,670,170,175
2020-07-09,675,,
2020-07-09,684,436,441
2020-07-09,686,115,117
2020-07-09,687,121,122
2020-07-09,688,164,167
2020-07-09,689,121,123
2020-07-09,691,155,157
2020-07-09,692,161,162
2020-07-09,693,197,202
2020-07-09,694,112,114
2020-07-09,695,121,123
2020-07-09,696,130,132
2020-07-09,697,203,205
2020-07-09,711,326,327
2020-07-09,712,323,324
2020-07-09,713,335,337
2020-07-09,714,333,335
2020-07-09,717,459,462
2020-07-09,718,,
2020-07-09,719,182,190
2020-07-09,720,235,237
2020-07-09,721,264,269
2020-07-09,722,361,363
2020-07-09,723,376,379
2020-07-09,725,218,223
2020-07-09,726,200,205
2020-07-09,727,175,180
2020-07-09,728,220,225
2020-07-09,729,195,205
2020-07-09,730,190,200
2020-07-09,731,120,125
2020-07-09,732,120,125
2020-07-09,733,135,140
2020-07-09,734,123,125
2020-07-09,735,1607,1627
2020-07-09,736,1887,1892
2020-07-09,739,172,174
2020-07-09,742,214,215
2020-07-09,743,214,215
2020-07-09,744,163,165
2020-07-09,745,188,190
2020-07-09,747,250,257
2020-07-09,748,450,460
2020-07-09,751,895,975
2020-07-09,752,890,970
2020-07-09,753,600,680
2020-07-09,754,600,680
2020-07-09,755,600,680
2020-07-09,756,600,680
2020-07-09,757,680,760
2020-07-09,758,365,375
2020-07-09,759,340,360
2020-07-09,760,235,250
2020-07-09,761,161,163
2020-07-09,762,123,128
2020-07-09,763,70,80
2020-07-09,765,,
2020-07-09,766,,
2020-07-09,767,80,100
2020-07-09,768,90,110
2020-07-09,769,85,95
2020-07-09,770,95,105
2020-07-09,773,,
2020-07-09,774,70,80
2020-07-09,819,215,220
2020-07-09,820,225,236
2020-07-09,829,148,152
2020-07-09,830,153,157
2020-07-09,831,158,161
2020-07-09,833,,
2020-07-09,849,,
2020-07-09,850,,
2020-07-09,851,65,75
2020-07-09,852,,
2020-07-09,853,,
2020-07-09,858,260,270
2020-07-09,860,,
2020-07-09,861,,
2020-07-09,862,,
2020-07-09,863,404,407
2020-07-09,865,,
2020-07-09,866,,
2020-07-09,871,,
2020-07-09,872,,
2020-07-09,904,470,483
2020-07-09,905,,
2020-07-09,906,,
2020-07-09,909,208,210
2020-07-09,910,186,188
2020-07-09,911,190,192
2020-07-09,913,201,202
2020-07-09,914,,
2020-07-09,919,186,
2020-07-09,923,235,245
2020-07-09,924,245,255
2020-07-09,951,501,506
2020-07-09,957,,
2020-07-09,962,365,375
2020-07-09,963,,
2020-07-09,964,240,250
2020-07-09,967,170,180
2020-07-09,970,,
2020-07-09,987,,
2020-07-09,988,,
2020-07-09,993,330,350
2020-07-09,994,370,390
2020-07-09,995,390,430
2020-07-09,996,400,440
2020-07-09,997,259,262
2020-07-09,998,645,650
2020-07-09,999,605,610
2020-07-09,1000,,
2020-07-09,1021,270,280
2020-07-09,1022,370,380
2020-07-09,1024,360,380
2020-07-09,1026,44,49
2020-07-09,1027,49,54
2020-07-09,1028,270,280
2020-07-09,1029,380,390
2020-07-09,1030,,
2020-07-09,1031,,
2020-07-09,1032,280,300
2020-07-09,1033,255,280
2020-07-09,1034,,
2020-07-09,1035,190,202
2020-07-09,1050,360,380
2020-07-09,1057,,
2020-07-09,1059,161,163
2020-07-09,1061,230,250
2020-07-09,1062,,
2020-07-09,1063,,
2020-07-09,1092,180,190
2020-07-09,1095,,
2020-07-09,1097,186,189
2020-07-09,1099,175,178
2020-07-09,1100,,
2020-07-09,1107,200,207
2020-07-09,1108,183,186
2020-07-09,1109,295,300
2020-07-09,1110,287,292
2020-07-09,1111,272,277
2020-07-09,1112,308,313
2020-07-09,1113,300,305
2020-07-09,1114,285,290
2020-07-16,649,,
2020-07-16,650,,
2020-07-16,653,262,264
2020-07-16,654,,
2020-07-16,655,186,188
2020-07-16,656,222,225
2020-07-16,657,,
2020-07-16,658,,
2020-07-16,659,,
2020-07-16,670,170,175
2020-07-16,675,,
2020-07-16,684,436,441
2020-07-16,686,123,125
2020-07-16,687,129,130
2020-07-16,688,167,170
2020-07-16,689,127,129
2020-07-16,691,163,165
2020-07-16,692,169,170
2020-07-16,693,200,205
2020-07-16,694,120,122
2020-07-16,695,127,129
2020-07-16,696,137,139
2020-07-16,697,200,202
2020-07-16,711,316,317
2020-07-16,712,313,314
2020-07-16,713,325,327
2020-07-16,714,323,325
2020-07-16,717,450,453
2020-07-16,718,,
2020-07-16,719,185,190
2020-07-16,720,233,235
2020-07-16,721,252,257
2020-07-16,722,354,356
2020-07-16,723,371,374
2020-07-16,725,218,223
2020-07-16,726,200,205
2020-07-16,727,175,180
2020-07-16,728,220,225
2020-07-16,729,195,205
2020-07-16,730,190,200
2020-07-16,731,120,125
2020-07-16,732,120,125
2020-07-16,733,135,140
2020-07-16,734,123,125
2020-07-16,735,1607,1627
2020-07-16,736,1887,1892
2020-07-16,739,172,174
2020-07-16,742,215,216
2020-07-16,743,215,216
2020-07-16,744,161,163
2020-07-16,745,188,190
2020-07-16,747,250,257
2020-07-16,748,,
2020-07-16,751,895,975
2020-07-16,752,890,970
2020-07-16,753,600,680
2020-07-16,754,600,680
2020-07-16,755,600,680
2020-07-16,756,600,680
2020-07-16,757,680,760
2020-07-16,758,370,380
2020-07-16,759,345,365
2020-07-16,760,240,255
2020-07-16,761,161,163
2020-07-16,762,123,128
2020-07-16,763,70,80
2020-07-16,765,,
2020-07-16,766,,
2020-07-16,767,80,100
2020-07-16,768,90,110
2020-07-16,769,,
2020-07-16,770,,
2020-07-16,773,,
2020-07-16,774,65,75
2020-07-16,819,215,220
2020-07-16,820,225,229
2020-07-16,829,148,152
2020-07-16,830,153,157
2020-07-16,831,158,161
2020-07-16,833,,
2020-07-16,849,85,95
2020-07-16,850,95,105
2020-07-16,851,60,70
2020-07-16,852,,
2020-07-16,853,,
2020-07-16,858,265,275
2020-07-16,860,,
2020-07-16,861,,
2020-07-16,862,,
2020-07-16,863,395,398
2020-07-16,865,,
2020-07-16,866,,
2020-07-16,871,,
2020-07-16,872,,
2020-07-16,904,470,483
2020-07-16,905,,
2020-07-16,906,,
2020-07-16,909,210,212
2020-07-16,910,188,190
2020-07-16,911,192,194
2020-07-16,913,203,204
2020-07-16,914,,
2020-07-16,919,186,
2020-07-16,923,235,245
2020-07-16,924,245,255
2020-07-16,951,501,506
2020-07-16,957,,
2020-07-16,962,365,375
2020-07-16,963,,
2020-07-16,964,240,250
2020-07-16,967,170,180
2020-07-16,970,,
2020-07-16,987,,
2020-07-16,988,,
2020-07-16,993,330,350
2020-07-16,994,370,390
2020-07-16,995,390,430
2020-07-16,996,400,440
2020-07-16,997,259,262
2020-07-16,998,645,650
2020-07-16,999,605,610
2020-07-16,1000,,
2020-07-16,1021,270,280
2020-07-16,1022,370,380
2020-07-16,1024,360,380
2020-07-16,1026,44,49
2020-07-16,1027,49,54
2020-07-16,1028,275,285
2020-07-16,1029,380,390
2020-07-16,1030,,
2020-07-16,1031,,
2020-07-16,1032,280,300
2020-07-16,1033,255,280
2020-07-16,1034,,
2020-07-16,1035,192,204
2020-07-16,1050,360,380
2020-07-16,1057,,
2020-07-16,1059,161,163
2020-07-16,1061,230,250
2020-07-16,1062,,
2020-07-16,1063,,
2020-07-16,1092,180,190
2020-07-16,1095,,
2020-07-16,1097,188,191
2020-07-16,1099,177,180
2020-07-16,1100,,
2020-07-16,1107,202,209
2020-07-16,1108,185,188
2020-07-16,1109,290,295
2020-07-16,1110,282,287
2020-07-16,1111,267,272
2020-07-16,1112,299,304
2020-07-16,1113,291,296
2020-07-16,1114,276,281
2020-07-23,649,,
2020-07-23,650,,
2020-07-23,684,426,431
2020-07-23,686,133,135
2020-07-23,687,139,140
2020-07-23,688,170,173
2020-07-23,689,134,136
2020-07-23,691,173,175
2020-07-23,692,179,180
2020-07-23,693,203,208
2020-07-23,694,130,132
2020-07-23,695,134,136
2020-07-23,696,145,147
2020-07-23,697,200,202
2020-07-23,711,316,317
2020-07-23,712,313,314
2020-07-23,713,325,327
2020-07-23,714,323,325
2020-07-23,717,447,450
2020-07-23,718,,
2020-07-23,719,185,190
2020-07-23,720,233,235
2020-07-23,721,250,255
2020-07-23,722,354,356
2020-07-23,723,371,374
2020-07-23,725,218,223
2020-07-23,726,200,205
2020-07-23,727,175,180
2020-07-23,728,220,225
2020-07-23,729,195,205
2020-07-23,730,190,200
2020-07-23,731,120,125
2020-07-23,732,120,125
2020-07-23,733,135,140
2020-07-23,734,123,125
2020-07-23,735,1607,1627
2020-07-23,736,1887,1892
2020-07-23,739,172,174
2020-07-23,742,215,216
2020-07-23,743,215,216
2020-07-23,744,163,165
2020-07-23,745,188,190
2020-07-23,747,250,257
2020-07-23,765,,
2020-07-23,766,,
2020-07-23,767,80,100
2020-07-23,768,90,110
2020-07-23,769,,
2020-07-23,770,,
2020-07-23,773,,
2020-07-23,774,65,75
2020-07-23,833,,
2020-07-23,849,85,95
2020-07-23,850,95,105
2020-07-23,851,60,70
2020-07-23,852,87,97
2020-07-23,853,97,107
2020-07-23,860,,
2020-07-23,861,,
2020-07-23,862,,
2020-07-23,863,392,395
2020-07-23,865,,
2020-07-23,866,,
2020-07-23,871,,
2020-07-23,872,,
2020-07-23,909,210,212
2020-07-23,923,230,240
2020-07-23,924,245,255
2020-07-23,951,491,496
2020-07-23,955,350,370
2020-07-23,957,,
2020-07-23,962,370,380
2020-07-23,963,,
2020-07-23,964,245,255
2020-07-23,967,170,180
2020-07-23,970,,
2020-07-23,987,,
2020-07-23,988,,
2020-07-23,993,330,350
2020-07-23,994,370,390
2020-07-23,995,390,430
2020-07-23,996,400,440
2020-07-23,998,640,645
2020-07-23,999,600,605
2020-07-23,1000,,
2020-07-23,1021,270,280
2020-07-23,1022,370,380
2020-07-23,1024,360,380
2020-07-23,1026,44,49
2020-07-23,1027,49,54
2020-07-23,1029,390,400
2020-07-23,1030,,
2020-07-23,1031,,
2020-07-23,1032,280,300
2020-07-23,1033,255,280
2020-07-23,1034,,
2020-07-23,1050,360,380
2020-07-23,1057,,
2020-07-23,1061,230,250
2020-07-23,1062,,
2020-07-23,1063,,
2020-07-23,1092,180,190
2020-07-23,1095,,
2020-07-23,1097,189,192
2020-07-23,1099,178,181
2020-07-23,1100,,
2020-07-23,1107,202,209
2020-07-23,1108,186,189
2020-07-23,1109,285,290
2020-07-23,1110,277,282
2020-07-23,1111,262,267
2020-07-23,1115,257,260
2020-07-23,1116,260,262
2020-07-23,1117,,
2020-07-23,1118,186,188
2020-07-23,1119,224,227
2020-07-23,1120,,
2020-07-23,1121,,
2020-07-23,1122,,
2020-07-23,1123,,
2020-07-23,1124,292,297
2020-07-23,1125,284,289
2020-07-23,1126,269,274
2020-07-23,1127,188,190
2020-07-23,1128,192,194
2020-07-23,1129,191,202
2020-07-23,1130,201,202
2020-07-23,1131,,
2020-07-23,1132,170,175
2020-07-23,1133,148,152
2020-07-23,1134,153,157
2020-07-23,1135,158,161
2020-07-23,1136,161,163
2020-07-23,1137,,
2020-07-23,1138,186,200
2020-07-23,1139,215,220
2020-07-23,1140,225,229
2020-07-23,1141,268,278
2020-07-23,1142,275,285
2020-07-23,1143,,
2020-07-23,1144,470,483
2020-07-23,1145,,
2020-07-23,1146,895,975
2020-07-23,1147,890,970
2020-07-23,1148,600,680
2020-07-23,1149,600,680
2020-07-23,1150,600,680
2020-07-23,1151,600,680
2020-07-23,1152,680,760
2020-07-23,1153,370,380
2020-07-23,1154,345,365
2020-07-23,1155,240,255
2020-07-23,1156,164,166
2020-07-23,1157,126,131
2020-07-23,1158,70,80
2020-07-23,1159,85,105
2020-07-23,1160,95,115
2020-07-23,1161,90,100
2020-07-23,1162,100,110
2020-07-23,1163,70,80
2020-07-23,1164,65,75
2020-07-23,1165,49,54
2020-07-23,1166,54,59
2020-07-30,649,,
2020-07-30,650,,
2020-07-30,684,426,431
2020-07-30,686,139,141
2020-07-30,687,145,146
2020-07-30,688,170,173
2020-07-30,689,139,141
2020-07-30,691,179,181
2020-07-30,692,185,186
2020-07-30,693,203,208
2020-07-30,694,136,138
2020-07-30,695,139,141
2020-07-30,696,150,152
2020-07-30,697,200,202
2020-07-30,711,319,320
2020-07-30,712,317,318
2020-07-30,713,328,330
2020-07-30,714,327,329
2020-07-30,717,447,450
2020-07-30,718,,
2020-07-30,719,185,190
2020-07-30,720,233,235
2020-07-30,721,245,250
2020-07-30,722,352,354
2020-07-30,723,367,370
2020-07-30,725,213,223
2020-07-30,726,200,205
2020-07-30,727,170,180
2020-07-30,728,215,225
2020-07-30,729,195,205
2020-07-30,730,190,200
2020-07-30,731,120,130
2020-07-30,732,120,125
2020-07-30,733,135,140
2020-07-30,734,123,125
2020-07-30,735,1602,1622
2020-07-30,736,1882,1887
2020-07-30,739,172,174
2020-07-30,742,215,216
2020-07-30,743,215,216
2020-07-30,744,163,165
2020-07-30,745,188,190
2020-07-30,747,250,260
2020-07-30,765,,
2020-07-30,766,,
2020-07-30,767,80,100
2020-07-30,768,90,110
2020-07-30,769,,
2020-07-30,770,,
2020-07-30,773,,
2020-07-30,774,65,75
2020-07-30,833,,
2020-07-30,849,85,95
2020-07-30,850,95,105
2020-07-30,851,60,70
2020-07-30,852,87,97
2020-07-30,853,97,107
2020-07-30,860,,
2020-07-30,861,,
2020-07-30,862,,
2020-07-30,863,392,395
2020-07-30,865,,
2020-07-30,866,,
2020-07-30,871,,
2020-07-30,872,,
2020-07-30,909,210,212
2020-07-30,923,230,240
2020-07-30,924,245,255
2020-07-30,951,491,496
2020-07-30,955,35,37
2020-07-30,957,,
2020-07-30,962,370,380
2020-07-30,963,,
2020-07-30,964,245,255
2020-07-30,967,170,180
2020-07-30,987,,
2020-07-30,988,,
2020-07-30,993,330,350
2020-07-30,994,370,390
2020-07-30,995,390,430
2020-07-30,996,400,440
2020-07-30,998,640,645
2020-07-30,999,600,605
2020-07-30,1000,,
2020-07-30,1021,270,280
2020-07-30,1022,370,380
2020-07-30,1024,360,380
2020-07-30,1026,44,49
2020-07-30,1027,49,54
2020-07-30,1029,390,400
2020-07-30,1031,,
2020-07-30,1032,280,300
2020-07-30,1033,255,280
2020-07-30,1034,,
2020-07-30,1050,360,380
2020-07-30,1057,,
2020-07-30,1061,,
2020-07-30,1062,,
2020-07-30,1063,,
2020-07-30,1092,180,190
2020-07-30,1095,,
2020-07-30,1097,189,192
2020-07-30,1099,178,181
2020-07-30,1100,,
2020-07-30,1107,202,209
2020-07-30,1108,186,189
2020-07-30,1109,283,288
2020-07-30,1110,275,280
2020-07-30,1111,260,265
2020-07-30,1115,255,258
2020-07-30,1116,258,260
2020-07-30,1117,,
2020-07-30,1118,186,188
2020-07-30,1119,225,228
2020-07-30,1121,,
2020-07-30,1122,,
2020-07-30,1123,,
2020-07-30,1124,290,295
2020-07-30,1125,282,287
2020-07-30,1126,267,272
2020-07-30,1127,188,190
2020-07-30,1128,192,194
2020-07-30,1129,193,202
2020-07-30,1130,200,201
2020-07-30,1131,,
2020-07-30,1132,170,175
2020-07-30,1133,150,154
2020-07-30,1134,155,159
2020-07-30,1135,160,163
2020-07-30,1136,163,165
2020-07-30,1137,,
2020-07-30,1138,186,200
2020-07-30,1139,215,220
2020-07-30,1140,225,227
2020-07-30,1141,268,278
2020-07-30,1142,275,285
2020-07-30,1143,,
2020-07-30,1144,470,483
2020-07-30,1145,,
2020-07-30,1146,895,975
2020-07-30,1147,890,970
2020-07-30,1148,600,680
2020-07-30,1149,600,680
2020-07-30,1150,600,680
2020-07-30,1151,585,665
2020-07-30,1152,680,760
2020-07-30,1153,370,380
2020-07-30,1154,345,365
2020-07-30,1155,240,255
2020-07-30,1156,166,168
2020-07-30,1157,128,133
2020-07-30,1158,70,80
2020-07-30,1159,95,115
2020-07-30,1160,105,125
2020-07-30,1161,100,110
2020-07-30,1162,110,120
2020-07-30,1163,80,90
2020-07-30,1164,75,85
2020-07-30,1165,60,65
2020-07-30,1166,65,70
2020-07-30,1167,218,220
2020-07-30,1168,280,290
2020-07-30,1169,720,770
2020-07-30,1170,,
2020-07-30,1171,,
2020-07-30,1172,,
2020-07-30,1173,,
2020-07-30,1174,,
2020-07-30,1175,,
2020-08-06,649,,
2020-08-06,650,,
2020-08-06,684,426,431
2020-08-06,686,141,143
2020-08-06,687,147,148
2020-08-06,688,170,173
2020-08-06,689,141,143
2020-08-06,691,181,183
2020-08-06,692,187,188
2020-08-06,693,203,208
2020-08-06,694,138,140
2020-08-06,695,141,143
2020-08-06,696,152,154
2020-08-06,697,200,202
2020-08-06,711,320,321
2020-08-06,712,317,318
2020-08-06,713,329,331
2020-08-06,714,327,329
2020-08-06,717,442,445
2020-08-06,718,,
2020-08-06,719,185,190
2020-08-06,720,233,235
2020-08-06,721,245,247
2020-08-06,722,346,348
2020-08-06,723,365,368
2020-08-06,725,213,223
2020-08-06,726,200,205
2020-08-06,727,170,180
2020-08-06,728,215,225
2020-08-06,729,195,205
2020-08-06,730,190,200
2020-08-06,731,120,130
2020-08-06,732,120,125
2020-08-06,733,135,140
2020-08-06,734,123,125
2020-08-06,735,1597,1617
2020-08-06,736,1877,1882
2020-08-06,739,172,174
2020-08-06,742,215,216
2020-08-06,743,215,216
2020-08-06,744,163,165
2020-08-06,745,185,187
2020-08-06,747,250,265
2020-08-06,765,,
2020-08-06,766,,
2020-08-06,767,90,110
2020-08-06,768,100,120
2020-08-06,769,,
2020-08-06,770,,
2020-08-06,773,,
2020-08-06,774,65,75
2020-08-06,833,,
2020-08-06,849,95,105
2020-08-06,850,105,115
2020-08-06,851,60,70
2020-08-06,852,90,100
2020-08-06,853,100,110
2020-08-06,860,,
2020-08-06,861,,
2020-08-06,862,,
2020-08-06,863,387,390
2020-08-06,865,,
2020-08-06,866,,
2020-08-06,871,,
2020-08-06,872,,
2020-08-06,909,210,212
2020-08-06,923,230,240
2020-08-06,924,245,255
2020-08-06,951,491,496
2020-08-06,955,35,37
2020-08-06,957,,
2020-08-06,962,370,380
2020-08-06,963,,
2020-08-06,964,245,255
2020-08-06,967,175,185
2020-08-06,987,,
2020-08-06,988,,
2020-08-06,993,330,350
2020-08-06,994,370,390
2020-08-06,995,390,430
2020-08-06,996,400,440
2020-08-06,998,640,645
2020-08-06,999,600,605
2020-08-06,1000,,
2020-08-06,1021,270,280
2020-08-06,1022,365,375
2020-08-06,1024,365,385
2020-08-06,1026,44,49
2020-08-06,1027,49,54
2020-08-06,1029,395,405
2020-08-06,1031,,
2020-08-06,1032,280,300
2020-08-06,1033,255,280
2020-08-06,1034,,
2020-08-06,1050,365,385
2020-08-06,1057,,
2020-08-06,1061,,
2020-08-06,1062,,
2020-08-06,1063,,
2020-08-06,1092,180,190
2020-08-06,1095,,
2020-08-06,1097,191,194
2020-08-06,1099,180,183
2020-08-06,1100,,
2020-08-06,1107,204,211
2020-08-06,1108,188,191
2020-08-06,1109,283,288
2020-08-06,1110,275,280
2020-08-06,1111,260,265
2020-08-06,1115,253,256
2020-08-06,1116,256,258
2020-08-06,1117,,
2020-08-06,1118,186,188
2020-08-06,1119,225,228
2020-08-06,1121,,
2020-08-06,1122,,
2020-08-06,1123,,
2020-08-06,1124,290,295
2020-08-06,1125,282,287
2020-08-06,1126,267,272
2020-08-06,1127,188,190
2020-08-06,1128,192,194
2020-08-06,1129,193,201
2020-08-06,1130,199,200
2020-08-06,1131,,
2020-08-06,1132,170,175
2020-08-06,1133,150,154
2020-08-06,1134,155,159
2020-08-06,1135,160,163
2020-08-06,1136,163,165
2020-08-06,1137,,
2020-08-06,1138,186,200
2020-08-06,1139,217,222
2020-08-06,1140,225,227
2020-08-06,1141,270,280
2020-08-06,1142,280,290
2020-08-06,1143,,
2020-08-06,1144,470,483
2020-08-06,1145,,
2020-08-06,1146,895,975
2020-08-06,1147,890,970
2020-08-06,1148,600,680
2020-08-06,1149,600,680
2020-08-06,1150,600,680
2020-08-06,1151,585,665
2020-08-06,1152,680,760
2020-08-06,1153,370,380
2020-08-06,1154,345,365
2020-08-06,1155,240,255
2020-08-06,1156,166,168
2020-08-06,1157,128,133
2020-08-06,1158,70,80
2020-08-06,1159,105,125
2020-08-06,1160,115,135
2020-08-06,1161,110,120
2020-08-06,1162,120,130
2020-08-06,1163,80,90
2020-08-06,1164,75,85
2020-08-06,1165,60,65
2020-08-06,1166,65,70
2020-08-06,1167,218,220
2020-08-06,1169,730,780
2020-08-06,1170,,
2020-08-06,1171,,
2020-08-06,1172,,
2020-08-06,1173,,
2020-08-06,1174,,
2020-08-06,1175,,
2020-08-06,1176,280,290
2020-08-27,649,164,166
2020-08-27,650,,
2020-08-27,684,426,431
2020-08-27,686,127,129
2020-08-27,687,133,134
2020-08-27,688,168,171
2020-08-27,689,128,130
2020-08-27,691,167,169
2020-08-27,692,173,174
2020-08-27,693,201,206
2020-08-27,694,124,126
2020-08-27,695,128,130
2020-08-27,696,146,148
2020-08-27,697,200,202
2020-08-27,711,327,328
2020-08-27,712,324,325
2020-08-27,713,336,338
2020-08-27,714,334,336
2020-08-27,717,449,452
2020-08-27,718,,
2020-08-27,719,,
2020-08-27,720,236,238
2020-08-27,721,242,244
2020-08-27,722,356,358
2020-08-27,723,370,373
2020-08-27,725,213,223
2020-08-27,726,200,205
2020-08-27,727,170,180
2020-08-27,728,210,220
2020-08-27,729,190,200
2020-08-27,730,185,195
2020-08-27,731,120,130
2020-08-27,732,120,125
2020-08-27,733,135,140
2020-08-27,734,123,125
2020-08-27,735,1597,1617
2020-08-27,736,1877,1882
2020-08-27,739,172,174
2020-08-27,742,215,216
2020-08-27,743,215,216
2020-08-27,744,167,169
2020-08-27,745,184,186
2020-08-27,747,250,270
2020-08-27,765,,
2020-08-27,766,,
2020-08-27,767,90,110
2020-08-27,768,100,120
2020-08-27,769,,
2020-08-27,770,,
2020-08-27,773,,
2020-08-27,774,65,75
2020-08-27,833,,
2020-08-27,849,95,105
2020-08-27,850,105,115
2020-08-27,851,60,70
2020-08-27,852,90,100
2020-08-27,853,100,110
2020-08-27,860,,
2020-08-27,861,,
2020-08-27,862,,
2020-08-27,863,394,397
2020-08-27,865,,
2020-08-27,866,,
2020-08-27,871,,
2020-08-27,872,,
2020-08-27,909,202,204
2020-08-27,923,230,240
2020-08-27,924,245,255
2020-08-27,951,491,496
2020-08-27,955,35,37
2020-08-27,957,,
2020-08-27,962,370,380
2020-08-27,963,,
2020-08-27,964,245,255
2020-08-27,967,175,185
2020-08-27,987,,
2020-08-27,988,,
2020-08-27,993,330,350
2020-08-27,994,370,390
2020-08-27,995,390,430
2020-08-27,996,400,440
2020-08-27,998,640,645
2020-08-27,999,600,605
2020-08-27,1000,,
2020-08-27,1021,270,280
2020-08-27,1022,365,375
2020-08-27,1024,370,390
2020-08-27,1026,44,49
2020-08-27,1027,49,54
2020-08-27,1029,405,415
2020-08-27,1031,,
2020-08-27,1032,,
2020-08-27,1033,,
2020-08-27,1034,,
2020-08-27,1050,370,390
2020-08-27,1057,,
2020-08-27,1061,,
2020-08-27,1062,,
2020-08-27,1063,,
2020-08-27,1092,180,190
2020-08-27,1095,,
2020-08-27,1097,191,194
2020-08-27,1099,180,183
2020-08-27,1100,,
2020-08-27,1107,204,211
2020-08-27,1108,188,191
2020-08-27,1109,283,288
2020-08-27,1110,275,280
2020-08-27,1111,260,265
2020-08-27,1115,257,260
2020-08-27,1116,260,262
2020-08-27,1117,,
2020-08-27,1118,187,189
2020-08-27,1119,225,228
2020-08-27,1121,,
2020-08-27,1122,,
2020-08-27,1123,,
2020-08-27,1124,290,295
2020-08-27,1125,282,287
2020-08-27,1126,267,272
2020-08-27,1127,180,182
2020-08-27,1128,184,186
2020-08-27,1129,,201
2020-08-27,1130,199,200
2020-08-27,1131,,
2020-08-27,1132,170,175
2020-08-27,1133,152,156
2020-08-27,1134,157,161
2020-08-27,1135,162,165
2020-08-27,1136,165,167
2020-08-27,1137,,
2020-08-27,1138,187,200
2020-08-27,1139,220,225
2020-08-27,1140,228,230
2020-08-27,1141,273,283
2020-08-27,1142,280,290
2020-08-27,1143,,
2020-08-27,1144,470,483
2020-08-27,1145,,
2020-08-27,1146,895,975
2020-08-27,1147,890,970
2020-08-27,1148,600,680
2020-08-27,1149,600,680
2020-08-27,1150,600,680
2020-08-27,1151,585,665
2020-08-27,1152,680,760
2020-08-27,1153,375,385
2020-08-27,1154,350,370
2020-08-27,1155,240,255
2020-08-27,1156,166,168
2020-08-27,1157,128,133
2020-08-27,1158,70,80
2020-08-27,1159,105,125
2020-08-27,1160,115,135
2020-08-27,1161,110,120
2020-08-27,1162,120,130
2020-08-27,1163,80,90
2020-08-27,1164,75,85
2020-08-27,1165,60,65
2020-08-27,1166,65,70
2020-08-27,1167,218,220
2020-08-27,1169,740,790
2020-08-27,1170,,
2020-08-27,1171,,
2020-08-27,1172,,
2020-08-27,1173,,
2020-08-27,1174,,
2020-08-27,1175,,
2020-08-27,1176,280,290
2020-09-03,649,164,166
2020-09-03,650,,
2020-09-03,684,426,431
2020-09-03,686,117,119
2020-09-03,687,123,124
2020-09-03,688,166,169
2020-09-03,689,122,124
2020-09-03,691,157,159
2020-09-03,692,163,164
2020-09-03,693,199,204
2020-09-03,694,114,116
2020-09-03,695,122,124
2020-09-03,696,134,136
2020-09-03,697,200,202
2020-09-03,711,327,328
2020-09-03,712,324,325
2020-09-03,713,336,338
2020-09-03,714,334,336
2020-09-03,717,459,462
2020-09-03,718,,
2020-09-03,719,,
2020-09-03,720,246,248
2020-09-03,721,242,244
2020-09-03,722,360,362
2020-09-03,723,374,377
2020-09-03,725,213,223
2020-09-03,726,200,205
2020-09-03,727,170,180
2020-09-03,728,210,220
2020-09-03,729,190,200
2020-09-03,730,185,195
2020-09-03,731,120,130
2020-09-03,732,120,125
2020-09-03,733,135,140
2020-09-03,734,123,125
2020-09-03,735,1597,1617
2020-09-03,736,1877,1882
2020-09-03,739,171,173
2020-09-03,742,215,216
2020-09-03,743,215,216
2020-09-03,744,172,174
2020-09-03,745,184,186
2020-09-03,747,250,270
2020-09-03,765,,
2020-09-03,766,,
2020-09-03,767,90,110
2020-09-03,768,100,120
2020-09-03,769,,
2020-09-03,770,,
2020-09-03,773,,
2020-09-03,774,,
2020-09-03,833,,
2020-09-03,849,95,105
2020-09-03,850,105,115
2020-09-03,851,60,70
2020-09-03,852,,
2020-09-03,853,,
2020-09-03,860,88,102
2020-09-03,861,98,112
2020-09-03,862,65,75
2020-09-03,863,404,407
2020-09-03,865,70,85
2020-09-03,866,80,95
2020-09-03,871,,
2020-09-03,872,,
2020-09-03,909,200,202
2020-09-03,923,230,240
2020-09-03,924,245,255
2020-09-03,951,491,496
2020-09-03,955,35,37
2020-09-03,957,,
2020-09-03,962,,
2020-09-03,963,,
2020-09-03,964,245,255
2020-09-03,967,170,180
2020-09-03,987,,
2020-09-03,988,,
2020-09-03,993,330,350
2020-09-03,994,370,390
2020-09-03,995,390,430
2020-09-03,996,400,440
2020-09-03,998,650,655
2020-09-03,999,610,615
2020-09-03,1000,,
2020-09-03,1021,270,280
2020-09-03,1022,360,370
2020-09-03,1024,370,390
2020-09-03,1026,,
2020-09-03,1027,,
2020-09-03,1029,,
2020-09-03,1030,50,55
2020-09-03,1031,55,60
2020-09-03,1032,,
2020-09-03,1033,,
2020-09-03,1034,,
2020-09-03,1050,370,390
2020-09-03,1057,,
2020-09-03,1060,630,640
2020-09-03,1061,,
2020-09-03,1063,,
2020-09-03,1092,180,190
2020-09-03,1095,,
2020-09-03,1097,193,196
2020-09-03,1099,182,185
2020-09-03,1100,,
2020-09-03,1107,205,212
2020-09-03,1108,190,193
2020-09-03,1109,280,285
2020-09-03,1110,272,277
2020-09-03,1111,257,262
2020-09-03,1115,260,263
2020-09-03,1116,263,265
2020-09-03,1117,,
2020-09-03,1118,188,190
2020-09-03,1119,225,228
2020-09-03,1121,,
2020-09-03,1122,,
2020-09-03,1123,,
2020-09-03,1124,287,292
2020-09-03,1125,279,284
2020-09-03,1126,264,269
2020-09-03,1127,178,180
2020-09-03,1128,182,184
2020-09-03,1129,195,201
2020-09-03,1130,199,200
2020-09-03,1131,,
2020-09-03,1132,170,175
2020-09-03,1133,153,157
2020-09-03,1134,158,162
2020-09-03,1135,163,166
2020-09-03,1136,166,168
2020-09-03,1137,,
2020-09-03,1138,187,200
2020-09-03,1139,220,225
2020-09-03,1140,228,230
2020-09-03,1141,273,283
2020-09-03,1142,280,290
2020-09-03,1143,,
2020-09-03,1144,470,483
2020-09-03,1145,,
2020-09-03,1146,895,975
2020-09-03,1147,890,970
2020-09-03,1148,600,680
2020-09-03,1149,600,680
2020-09-03,1150,600,680
2020-09-03,1151,585,665
2020-09-03,1152,680,760
2020-09-03,1153,380,390
2020-09-03,1154,355,375
2020-09-03,1155,240,255
2020-09-03,1156,163,165
2020-09-03,1157,125,130
2020-09-03,1158,70,80
2020-09-03,1159,105,125
2020-09-03,1160,115,135
2020-09-03,1161,110,120
2020-09-03,1162,120,130
2020-09-03,1163,,
2020-09-03,1164,75,85
2020-09-03,1165,,
2020-09-03,1166,,
2020-09-03,1167,218,220
2020-09-03,1169,740,790
2020-09-03,1170,,
2020-09-03,1171,103,117
2020-09-03,1172,113,127
2020-09-03,1173,,
2020-09-03,1174,,
2020-09-03,1175,,
2020-09-03,1176,265,275
2020-09-03,1177,80,90
2020-09-03,1178,65,70
2020-09-03,1179,70,75
2020-09-10,649,164,166
2020-09-10,650,,
2020-09-10,684,426,431
2020-09-10,686,113,115
2020-09-10,687,119,120
2020-09-10,688,166,169
2020-09-10,689,120,122
2020-09-10,691,153,155
2020-09-10,692,159,160
2020-09-10,693,199,204
2020-09-10,694,110,112
2020-09-10,695,120,122
2020-09-10,696,128,130
2020-09-10,697,200,202
2020-09-10,711,340,341
2020-09-10,712,334,335
2020-09-10,713,349,351
2020-09-10,714,340,342
2020-09-10,717,462,465
2020-09-10,718,,
2020-09-10,719,190,194
2020-09-10,720,253,255
2020-09-10,721,242,244
2020-09-10,722,365,367
2020-09-10,723,380,383
2020-09-10,725,213,223
2020-09-10,726,200,205
2020-09-10,727,170,180
2020-09-10,728,210,220
2020-09-10,729,190,200
2020-09-10,730,185,195
2020-09-10,731,120,130
2020-09-10,732,120,125
2020-09-10,733,135,140
2020-09-10,734,123,125
2020-09-10,735,1587,1607
2020-09-10,736,1867,1872
2020-09-10,739,170,172
2020-09-10,742,215,216
2020-09-10,743,215,216
2020-09-10,744,173,175
2020-09-10,745,184,186
2020-09-10,747,250,270
2020-09-10,765,,
2020-09-10,766,,
2020-09-10,767,90,110
2020-09-10,768,100,120
2020-09-10,769,,
2020-09-10,770,,
2020-09-10,773,,
2020-09-10,774,,
2020-09-10,833,,
2020-09-10,849,95,105
2020-09-10,850,105,115
2020-09-10,851,60,70
2020-09-10,852,,
2020-09-10,853,,
2020-09-10,860,88,102
2020-09-10,861,98,112
2020-09-10,862,65,75
2020-09-10,863,407,410
2020-09-10,865,70,85
2020-09-10,866,80,95
2020-09-10,871,,
2020-09-10,872,,
2020-09-10,909,197,199
2020-09-10,923,230,240
2020-09-10,924,245,255
2020-09-10,951,491,496
2020-09-10,955,,
2020-09-10,957,,
2020-09-10,962,,
2020-09-10,963,,
2020-09-10,964,245,255
2020-09-10,967,170,180
2020-09-10,987,,
2020-09-10,988,,
2020-09-10,993,330,350
2020-09-10,994,370,390
2020-09-10,995,390,430
2020-09-10,996,400,440
2020-09-10,998,665,670
2020-09-10,999,625,630
2020-09-10,1000,,
2020-09-10,1021,270,280
2020-09-10,1022,360,370
2020-09-10,1024,380,400
2020-09-10,1026,,
2020-09-10,1027,,
2020-09-10,1029,,
2020-09-10,1030,52,57
2020-09-10,1031,57,62
2020-09-10,1032,,
2020-09-10,1033,,
2020-09-10,1034,,
2020-09-10,1050,380,390
2020-09-10,1057,,
2020-09-10,1060,630,640
2020-09-10,1061,,
2020-09-10,1063,,
2020-09-10,1092,180,190
2020-09-10,1095,,
2020-09-10,1097,193,196
2020-09-10,1099,182,185
2020-09-10,1100,,
2020-09-10,1107,206,213
2020-09-10,1108,190,193
2020-09-10,1109,278,283
2020-09-10,1110,270,275
2020-09-10,1111,255,260
2020-09-10,1115,,263
2020-09-10,1116,263,265
2020-09-10,1117,,
2020-09-10,1118,188,190
2020-09-10,1119,225,228
2020-09-10,1121,,
2020-09-10,1122,,
2020-09-10,1123,,
2020-09-10,1124,285,290
2020-09-10,1125,277,282
2020-09-10,1126,262,267
2020-09-10,1127,175,177
2020-09-10,1128,179,181
2020-09-10,1129,188,199
2020-09-10,1130,197,198
2020-09-10,1131,,
2020-09-10,1132,170,175
2020-09-10,1133,154,158
2020-09-10,1134,159,163
2020-09-10,1135,164,167
2020-09-10,1136,167,169
2020-09-10,1137,,
2020-09-10,1138,188,202
2020-09-10,1139,220,225
2020-09-10,1140,228,230
2020-09-10,1141,,
2020-09-10,1142,280,290
2020-09-10,1143,,
2020-09-10,1144,,
2020-09-10,1145,,
2020-09-10,1146,895,975
2020-09-10,1147,890,970
2020-09-10,1148,600,680
2020-09-10,1149,600,680
2020-09-10,1150,600,680
2020-09-10,1151,585,665
2020-09-10,1152,680,760
2020-09-10,1153,380,390
2020-09-10,1154,355,375
2020-09-10,1155,240,255
2020-09-10,1156,163,165
2020-09-10,1157,125,130
2020-09-10,1158,70,80
2020-09-10,1159,105,125
2020-09-10,1160,115,135
2020-09-10,1161,110,120
2020-09-10,1162,120,130
2020-09-10,1163,,
2020-09-10,1164,75,85
2020-09-10,1165,,
2020-09-10,1166,,
2020-09-10,1167,218,220
2020-09-10,1169,740,790
2020-09-10,1170,,
2020-09-10,1171,103,117
2020-09-10,1172,113,127
2020-09-10,1173,,
2020-09-10,1174,,
2020-09-10,1175,,
2020-09-10,1176,255,265
2020-09-10,1177,80,90
2020-09-10,1178,67,72
2020-09-10,1179,72,77
2020-09-10,1180,,
2020-09-10,1181,,
2020-09-10,1182,,
2020-09-10,1183,,
2020-09-10,1184,,
2020-09-10,1185,,
2020-09-10,1186,,
2020-09-17,649,164,166
2020-09-17,650,,
2020-09-17,684,421,426
2020-09-17,686,111,113
2020-09-17,687,117,118
2020-09-17,688,166,169
2020-09-17,689,120,122
2020-09-17,691,151,153
2020-09-17,692,157,158
2020-09-17,693,199,204
2020-09-17,694,108,110
2020-09-17,695,120,122
2020-09-17,696,124,126
2020-09-17,697,200,202
2020-09-17,711,350,351
2020-09-17,712,344,345
2020-09-17,713,359,361
2020-09-17,714,350,352
2020-09-17,717,468,471
2020-09-17,718,,
2020-09-17,719,190,194
2020-09-17,720,260,262
2020-09-17,721,244,246
2020-09-17,722,374,376
2020-09-17,723,389,392
2020-09-17,725,213,223
2020-09-17,726,200,205
2020-09-17,727,170,180
2020-09-17,728,210,220
2020-09-17,729,190,200
2020-09-17,730,185,195
2020-09-17,731,125,130
2020-09-17,732,125,130
2020-09-17,733,135,140
2020-09-17,734,123,125
2020-09-17,735,1587,1607
2020-09-17,736,1867,1872
2020-09-17,739,170,172
2020-09-17,742,215,216
2020-09-17,743,215,216
2020-09-17,744,175,177
2020-09-17,745,184,186
2020-09-17,747,250,270
2020-09-17,765,,
2020-09-17,766,,
2020-09-17,767,90,110
2020-09-17,768,100,120
2020-09-17,769,,
2020-09-17,770,,
2020-09-17,773,,
2020-09-17,774,,
2020-09-17,833,,
2020-09-17,849,95,105
2020-09-17,850,105,115
2020-09-17,851,60,70
2020-09-17,852,,
2020-09-17,853,,
2020-09-17,860,88,102
2020-09-17,861,98,112
2020-09-17,862,65,75
2020-09-17,863,413,416
2020-09-17,865,70,85
2020-09-17,866,80,95
2020-09-17,871,,
2020-09-17,872,,
2020-09-17,909,197,199
2020-09-17,923,230,240
2020-09-17,924,245,255
2020-09-17,951,486,491
2020-09-17,955,,
2020-09-17,957,,
2020-09-17,962,,
2020-09-17,963,,
2020-09-17,964,245,255
2020-09-17,967,165,175
2020-09-17,987,,
2020-09-17,988,,
2020-09-17,993,330,350
2020-09-17,994,370,390
2020-09-17,995,390,430
2020-09-17,996,400,440
2020-09-17,998,675,680
2020-09-17,999,635,640
2020-09-17,1000,,
2020-09-17,1021,265,280
2020-09-17,1022,355,370
2020-09-17,1024,390,410
2020-09-17,1026,,
2020-09-17,1027,,
2020-09-17,1029,,
2020-09-17,1030,52,57
2020-09-17,1031,57,62
2020-09-17,1032,270,285
2020-09-17,1033,250,265
2020-09-17,1034,,
2020-09-17,1050,385,395
2020-09-17,1057,,
2020-09-17,1061,200,210
2020-09-17,1064,1580,1680
2020-09-17,1065,,
2020-09-17,1066,,
2020-09-17,1068,,
2020-09-17,1069,800,900
2020-09-17,1070,1450,1550
2020-09-17,1071,1800,1900
2020-09-17,1072,,
2020-09-17,1073,,
2020-09-17,1074,,
2020-09-17,1075,,
2020-09-17,1076,,
2020-09-17,1077,,
2020-09-17,1078,,
2020-09-17,1079,,
2020-09-17,1080,,
2020-09-17,1081,1860,1980
2020-09-17,1082,,
2020-09-17,1083,,
2020-09-17,1084,,
2020-09-17,1085,890,1000
2020-09-17,1086,1700,1820
2020-09-17,1087,2120,2230
2020-09-17,1088,,
2020-09-17,1089,,
2020-09-17,1090,,
2020-09-17,1092,180,190
2020-09-17,1095,,
2020-09-17,1097,194,197
2020-09-17,1099,183,186
2020-09-17,1100,,
2020-09-17,1107,207,214
2020-09-17,1108,191,194
2020-09-17,1109,277,282
2020-09-17,1110,269,274
2020-09-17,1111,254,259
2020-09-17,1115,,263
2020-09-17,1116,263,265
2020-09-17,1117,,
2020-09-17,1118,190,192
2020-09-17,1119,225,228
2020-09-17,1121,,
2020-09-17,1122,,
2020-09-17,1123,,
2020-09-17,1124,282,287
2020-09-17,1125,274,279
2020-09-17,1126,259,264
2020-09-17,1127,175,177
2020-09-17,1128,179,181
2020-09-17,1129,185,199
2020-09-17,1130,197,198
2020-09-17,1131,,
2020-09-17,1132,172,177
2020-09-17,1133,156,160
2020-09-17,1134,161,165
2020-09-17,1135,166,169
2020-09-17,1136,170,172
2020-09-17,1137,,
2020-09-17,1138,190,204
2020-09-17,1139,220,225
2020-09-17,1140,228,230
2020-09-17,1141,,
2020-09-17,1142,280,290
2020-09-17,1143,,
2020-09-17,1144,,
2020-09-17,1145,,
2020-09-17,1146,895,975
2020-09-17,1147,890,970
2020-09-17,1148,600,680
2020-09-17,1149,600,680
2020-09-17,1150,600,680
2020-09-17,1151,585,665
2020-09-17,1152,680,760
2020-09-17,1153,380,390
2020-09-17,1154,355,375
2020-09-17,1155,240,255
2020-09-17,1156,163,165
2020-09-17,1157,125,130
2020-09-17,1158,70,80
2020-09-17,1159,105,125
2020-09-17,1160,115,135
2020-09-17,1161,110,120
2020-09-17,1162,120,130
2020-09-17,1163,,
2020-09-17,1164,75,85
2020-09-17,1165,,
2020-09-17,1166,,
2020-09-17,1167,218,220
2020-09-17,1169,740,790
2020-09-17,1170,,
2020-09-17,1171,103,117
2020-09-17,1172,113,127
2020-09-17,1173,,
2020-09-17,1174,,
2020-09-17,1175,,
2020-09-17,1176,235,245
2020-09-17,1177,80,90
2020-09-17,1178,67,72
2020-09-17,1179,72,77
2020-09-17,1180,,
2020-09-17,1181,,
2020-09-17,1182,,
2020-09-17,1183,,
2020-09-17,1184,,
2020-09-17,1185,,
2020-09-17,1186,,
2020-09-17,1187,630,650
2020-09-17,1188,335,340
2020-09-24,649,165,167
2020-09-24,650,372,376
2020-09-24,684,421,426
2020-09-24,686,111,113
2020-09-24,687,117,118
2020-09-24,688,166,169
2020-09-24,689,120,122
2020-09-24,691,151,153
2020-09-24,692,157,158
2020-09-24,693,199,204
2020-09-24,694,108,110
2020-09-24,695,120,122
2020-09-24,696,124,126
2020-09-24,697,200,202
2020-09-24,711,368,369
2020-09-24,712,361,362
2020-09-24,713,377,379
2020-09-24,714,367,369
2020-09-24,717,483,486
2020-09-24,718,,
2020-09-24,719,190,194
2020-09-24,720,274,276
2020-09-24,721,244,246
2020-09-24,722,381,383
2020-09-24,723,396,399
2020-09-24,725,213,223
2020-09-24,726,200,205
2020-09-24,727,170,180
2020-09-24,728,210,220
2020-09-24,729,190,200
2020-09-24,730,185,195
2020-09-24,731,125,130
2020-09-24,732,125,130
2020-09-24,733,135,140
2020-09-24,734,123,125
2020-09-24,735,1587,1607
2020-09-24,736,1867,1872
2020-09-24,739,170,172
2020-09-24,742,215,216
2020-09-24,743,215,216
2020-09-24,744,175,184
2020-09-24,745,184,186
2020-09-24,747,250,270
2020-09-24,765,,
2020-09-24,766,,
2020-09-24,767,90,110
2020-09-24,768,100,120
2020-09-24,769,,
2020-09-24,770,,
2020-09-24,773,,
2020-09-24,774,,
2020-09-24,833,,
2020-09-24,849,95,105
2020-09-24,850,105,115
2020-09-24,851,60,70
2020-09-24,852,,
2020-09-24,853,,
2020-09-24,860,88,102
2020-09-24,861,98,112
2020-09-24,862,65,75
2020-09-24,863,428,431
2020-09-24,865,,
2020-09-24,866,,
2020-09-24,871,78,93
2020-09-24,872,88,103
2020-09-24,909,198,200
2020-09-24,923,230,240
2020-09-24,924,245,255
2020-09-24,951,486,491
2020-09-24,955,,
2020-09-24,957,,
2020-09-24,962,,
2020-09-24,963,,
2020-09-24,964,245,255
2020-09-24,967,165,175
2020-09-24,987,,
2020-09-24,988,,
2020-09-24,993,330,350
2020-09-24,994,370,390
2020-09-24,995,390,430
2020-09-24,996,400,440
2020-09-24,998,680,685
2020-09-24,999,640,645
2020-09-24,1000,,
2020-09-24,1021,265,280
2020-09-24,1022,350,365
2020-09-24,1024,390,410
2020-09-24,1026,,
2020-09-24,1027,,
2020-09-24,1029,,
2020-09-24,1030,52,57
2020-09-24,1031,57,62
2020-09-24,1032,270,285
2020-09-24,1033,250,265
2020-09-24,1034,,
2020-09-24,1050,385,395
2020-09-24,1057,,
2020-09-24,1061,200,210
2020-09-24,1064,1580,1680
2020-09-24,1069,800,900
2020-09-24,1070,1400,1500
2020-09-24,1071,1800,1900
2020-09-24,1072,,
2020-09-24,1073,,
2020-09-24,1074,,
2020-09-24,1075,,
2020-09-24,1076,,
2020-09-24,1077,,
2020-09-24,1078,,
2020-09-24,1079,,
2020-09-24,1080,,
2020-09-24,1081,1860,1980
2020-09-24,1082,,
2020-09-24,1083,,
2020-09-24,1084,,
2020-09-24,1085,890,1000
2020-09-24,1086,1650,1765
2020-09-24,1087,2120,2230
2020-09-24,1088,,
2020-09-24,1089,,
2020-09-24,1090,,
2020-09-24,1092,180,190
2020-09-24,1095,,
2020-09-24,1097,196,199
2020-09-24,1099,185,188
2020-09-24,1100,,
2020-09-24,1107,208,215
2020-09-24,1108,193,196
2020-09-24,1109,277,282
2020-09-24,1110,269,274
2020-09-24,1111,254,259
2020-09-24,1115,,267
2020-09-24,1116,267,269
2020-09-24,1117,,
2020-09-24,1118,193,195
2020-09-24,1119,227,230
2020-09-24,1121,,
2020-09-24,1122,,
2020-09-24,1123,,
2020-09-24,1124,282,287
2020-09-24,1125,274,279
2020-09-24,1126,259,264
2020-09-24,1127,176,178
2020-09-24,1128,180,182
2020-09-24,1129,185,200
2020-09-24,1130,199,200
2020-09-24,1131,,
2020-09-24,1132,172,177
2020-09-24,1133,158,162
2020-09-24,1134,163,167
2020-09-24,1135,168,171
2020-09-24,1136,173,175
2020-09-24,1137,,
2020-09-24,1138,193,208
2020-09-24,1139,225,230
2020-09-24,1140,240,242
2020-09-24,1141,,
2020-09-24,1142,280,290
2020-09-24,1143,,
2020-09-24,1144,,
2020-09-24,1145,,
2020-09-24,1146,895,975
2020-09-24,1147,890,970
2020-09-24,1148,600,680
2020-09-24,1149,600,680
2020-09-24,1150,600,680
2020-09-24,1151,585,665
2020-09-24,1152,680,760
2020-09-24,1153,380,390
2020-09-24,1154,355,375
2020-09-24,1155,240,255
2020-09-24,1156,163,165
2020-09-24,1157,125,130
2020-09-24,1158,70,80
2020-09-24,1159,105,125
2020-09-24,1160,115,135
2020-09-24,1161,110,120
2020-09-24,1162,120,130
2020-09-24,1163,,
2020-09-24,1164,75,85
2020-09-24,1165,,
2020-09-24,1166,,
2020-09-24,1167,220,222
2020-09-24,1169,740,790
2020-09-24,1170,,
2020-09-24,1171,103,117
2020-09-24,1172,113,127
2020-09-24,1173,,
2020-09-24,1174,,
2020-09-24,1175,,
2020-09-24,1176,235,245
2020-09-24,1177,80,90
2020-09-24,1178,67,72
2020-09-24,1179,72,77
2020-09-24,1180,,
2020-09-24,1181,,
2020-09-24,1182,,
2020-09-24,1183,,
2020-09-24,1184,,
2020-09-24,1185,,
2020-09-24,1186,,
2020-09-24,1187,630,650
2020-09-24,1188,340,345
2020-10-01,649,167,169
2020-10-01,650,375,379
2020-10-01,684,421,426
2020-10-01,686,113,115
2020-10-01,687,119,120
2020-10-01,688,168,171
2020-10-01,689,123,125
2020-10-01,691,153,155
2020-10-01,692,159,160
2020-10-01,693,201,206
2020-10-01,694,110,112
2020-10-01,695,123,125
2020-10-01,696,126,128
2020-10-01,697,203,205
2020-10-01,711,378,379
2020-10-01,712,371,372
2020-10-01,713,387,389
2020-10-01,714,377,379
2020-10-01,717,479,482
2020-10-01,718,,
2020-10-01,719,190,194
2020-10-01,720,282,284
2020-10-01,721,248,250
2020-10-01,722,384,386
2020-10-01,723,398,401
2020-10-01,725,213,223
2020-10-01,726,200,205
2020-10-01,727,170,180
2020-10-01,728,210,220
2020-10-01,729,190,200
2020-10-01,730,185,195
2020-10-01,731,125,130
2020-10-01,732,125,130
2020-10-01,733,135,140
2020-10-01,734,123,125
2020-10-01,735,1577,1597
2020-10-01,736,1857,1862
2020-10-01,739,170,172
2020-10-01,742,216,217
2020-10-01,743,216,217
2020-10-01,744,180,184
2020-10-01,745,184,186
2020-10-01,747,240,260
2020-10-01,765,,
2020-10-01,766,,
2020-10-01,767,90,110
2020-10-01,768,100,120
2020-10-01,769,,
2020-10-01,770,,
2020-10-01,773,,
2020-10-01,774,,
2020-10-01,833,,
2020-10-01,849,95,105
2020-10-01,850,105,115
2020-10-01,851,60,70
2020-10-01,852,,
2020-10-01,853,,
2020-10-01,860,88,102
2020-10-01,861,98,112
2020-10-01,862,65,75
2020-10-01,863,430,433
2020-10-01,865,,
2020-10-01,866,,
2020-10-01,871,78,93
2020-10-01,872,88,103
2020-10-01,909,199,201
2020-10-01,923,230,240
2020-10-01,924,245,255
2020-10-01,951,486,491
2020-10-01,955,,
2020-10-01,957,,
2020-10-01,962,,
2020-10-01,963,,
2020-10-01,964,245,255
2020-10-01,967,165,175
2020-10-01,987,,
2020-10-01,988,,
2020-10-01,993,330,350
2020-10-01,994,370,390
2020-10-01,995,390,430
2020-10-01,996,400,440
2020-10-01,998,685,690
2020-10-01,999,645,650
2020-10-01,1000,,
2020-10-01,1021,265,280
2020-10-01,1022,350,365
2020-10-01,1024,390,410
2020-10-01,1026,,
2020-10-01,1027,,
2020-10-01,1029,,
2020-10-01,1030,52,57
2020-10-01,1031,57,62
2020-10-01,1032,270,285
2020-10-01,1033,250,265
2020-10-01,1034,,
2020-10-01,1050,385,395
2020-10-01,1057,,
2020-10-01,1061,200,210
2020-10-01,1064,1580,1680
2020-10-01,1069,800,900
2020-10-01,1070,1400,1500
2020-10-01,1071,1800,1900
2020-10-01,1072,,
2020-10-01,1073,,
2020-10-01,1074,,
2020-10-01,1075,,
2020-10-01,1076,,
2020-10-01,1077,,
2020-10-01,1078,,
2020-10-01,1079,,
2020-10-01,1080,,
2020-10-01,1081,1860,1980
2020-10-01,1082,,
2020-10-01,1083,,
2020-10-01,1084,,
2020-10-01,1085,890,1000
2020-10-01,1086,1650,1765
2020-10-01,1087,2120,2230
2020-10-01,1088,,
2020-10-01,1089,,
2020-10-01,1090,,
2020-10-01,1092,180,190
2020-10-01,1095,,
2020-10-01,1097,197,200
2020-10-01,1099,186,189
2020-10-01,1100,,
2020-10-01,1107,209,216
2020-10-01,1108,194,197
2020-10-01,1109,277,282
2020-10-01,1110,269,274
2020-10-01,1111,254,259
2020-10-01,1115,,270
2020-10-01,1116,270,272
2020-10-01,1117,,
2020-10-01,1118,196,198
2020-10-01,1119,228,231
2020-10-01,1121,,
2020-10-01,1122,,
2020-10-01,1123,,
2020-10-01,1124,282,287
2020-10-01,1125,274,279
2020-10-01,1126,259,264
2020-10-01,1127,177,179
2020-10-01,1128,181,183
2020-10-01,1129,185,200
2020-10-01,1130,199,200
2020-10-01,1131,,
2020-10-01,1132,174,179
2020-10-01,1133,160,164
2020-10-01,1134,165,169
2020-10-01,1135,170,173
2020-10-01,1136,176,178
2020-10-01,1137,,
2020-10-01,1138,195,210
2020-10-01,1139,228,233
2020-10-01,1140,243,245
2020-10-01,1141,,
2020-10-01,1142,280,290
2020-10-01,1143,375,385
2020-10-01,1144,405,435
2020-10-01,1145,375,385
2020-10-01,1146,,
2020-10-01,1147,,
2020-10-01,1148,,
2020-10-01,1149,,
2020-10-01,1150,,
2020-10-01,1151,,
2020-10-01,1152,,
2020-10-01,1153,380,390
2020-10-01,1154,355,375
2020-10-01,1155,240,255
2020-10-01,1156,163,165
2020-10-01,1157,125,130
2020-10-01,1158,70,80
2020-10-01,1159,105,125
2020-10-01,1160,115,135
2020-10-01,1161,110,120
2020-10-01,1162,120,130
2020-10-01,1163,,
2020-10-01,1164,75,85
2020-10-01,1165,,
2020-10-01,1166,,
2020-10-01,1167,220,222
2020-10-01,1169,740,790
2020-10-01,1170,,
2020-10-01,1171,103,117
2020-10-01,1172,113,127
2020-10-01,1173,,
2020-10-01,1174,,
2020-10-01,1175,,
2020-10-01,1176,230,240
2020-10-01,1177,80,90
2020-10-01,1178,67,72
2020-10-01,1179,72,77
2020-10-01,1180,,
2020-10-01,1181,,
2020-10-01,1182,,
2020-10-01,1183,,
2020-10-01,1184,,
2020-10-01,1185,,
2020-10-01,1186,,
2020-10-01,1187,630,650
2020-10-01,1188,340,345
2020-10-08,649,169,171
2020-10-08,650,383,387
2020-10-08,684,421,426
2020-10-08,686,120,122
2020-10-08,687,126,127
2020-10-08,688,170,173
2020-10-08,689,128,130
2020-10-08,691,165,167
2020-10-08,692,171,172
2020-10-08,693,208,213
2020-10-08,694,117,119
2020-10-08,695,128,130
2020-10-08,696,131,133
2020-10-08,697,208,210
2020-10-08,711,392,393
2020-10-08,712,385,386
2020-10-08,713,401,403
2020-10-08,714,391,393
2020-10-08,717,484,487
2020-10-08,718,,
2020-10-08,719,190,194
2020-10-08,720,287,289
2020-10-08,721,253,255
2020-10-08,722,390,392
2020-10-08,723,404,407
2020-10-08,725,213,223
2020-10-08,726,200,205
2020-10-08,727,170,180
2020-10-08,728,210,220
2020-10-08,729,190,200
2020-10-08,730,185,195
2020-10-08,731,125,130
2020-10-08,732,125,130
2020-10-08,733,135,140
2020-10-08,734,123,125
2020-10-08,735,1567,1587
2020-10-08,736,1847,1852
2020-10-08,739,170,172
2020-10-08,742,216,217
2020-10-08,743,216,217
2020-10-08,744,182,186
2020-10-08,745,185,187
2020-10-08,747,240,260
2020-10-08,765,,
2020-10-08,766,,
2020-10-08,767,90,110
2020-10-08,768,100,120
2020-10-08,769,,
2020-10-08,770,,
2020-10-08,773,,
2020-10-08,774,,
2020-10-08,833,,
2020-10-08,849,95,105
2020-10-08,850,105,115
2020-10-08,851,60,70
2020-10-08,852,,
2020-10-08,853,,
2020-10-08,860,88,102
2020-10-08,861,98,112
2020-10-08,862,65,75
2020-10-08,863,435,438
2020-10-08,865,,
2020-10-08,866,,
2020-10-08,871,78,93
2020-10-08,872,88,103
2020-10-08,909,200,202
2020-10-08,923,230,240
2020-10-08,924,245,255
2020-10-08,951,486,491
2020-10-08,955,,
2020-10-08,957,,
2020-10-08,962,,
2020-10-08,963,,
2020-10-08,964,245,255
2020-10-08,967,168,178
2020-10-08,987,,
2020-10-08,993,340,360
2020-10-08,994,380,400
2020-10-08,995,400,440
2020-10-08,996,410,450
2020-10-08,998,685,690
2020-10-08,999,645,650
2020-10-08,1000,,
2020-10-08,1021,265,280
2020-10-08,1022,350,360
2020-10-08,1024,390,410
2020-10-08,1026,,
2020-10-08,1027,,
2020-10-08,1029,,
2020-10-08,1030,52,57
2020-10-08,1031,57,62
2020-10-08,1032,275,285
2020-10-08,1033,255,265
2020-10-08,1034,625,645
2020-10-08,1050,385,395
2020-10-08,1057,,
2020-10-08,1061,200,210
2020-10-08,1064,1580,1680
2020-10-08,1069,800,900
2020-10-08,1070,1400,1500
2020-10-08,1071,1800,1900
2020-10-08,1072,,
2020-10-08,1073,,
2020-10-08,1074,,
2020-10-08,1075,,
2020-10-08,1076,,
2020-10-08,1077,,
2020-10-08,1078,,
2020-10-08,1079,,
2020-10-08,1080,,
2020-10-08,1081,1860,1980
2020-10-08,1082,,
2020-10-08,1083,,
2020-10-08,1084,,
2020-10-08,1085,890,1000
2020-10-08,1086,1650,1765
2020-10-08,1087,2120,2230
2020-10-08,1088,,
2020-10-08,1089,,
2020-10-08,1090,,
2020-10-08,1092,180,190
2020-10-08,1095,,
2020-10-08,1097,199,202
2020-10-08,1099,188,191
2020-10-08,1100,,
2020-10-08,1107,211,218
2020-10-08,1108,196,199
2020-10-08,1109,280,285
2020-10-08,1110,272,277
2020-10-08,1111,257,262
2020-10-08,1115,,280
2020-10-08,1116,280,282
2020-10-08,1117,,
2020-10-08,1118,201,203
2020-10-08,1119,230,233
2020-10-08,1121,,
2020-10-08,1122,,
2020-10-08,1123,,
2020-10-08,1124,285,290
2020-10-08,1125,277,282
2020-10-08,1126,262,267
2020-10-08,1127,178,180
2020-10-08,1128,182,184
2020-10-08,1129,185,200
2020-10-08,1130,199,200
2020-10-08,1131,,
2020-10-08,1132,184,189
2020-10-08,1133,163,167
2020-10-08,1134,168,172
2020-10-08,1135,173,176
2020-10-08,1136,179,181
2020-10-08,1137,,
2020-10-08,1138,200,215
2020-10-08,1139,230,235
2020-10-08,1140,243,245
2020-10-08,1141,,
2020-10-08,1142,280,290
2020-10-08,1143,425,435
2020-10-08,1144,455,495
2020-10-08,1145,395,405
2020-10-08,1146,850,930
2020-10-08,1147,750,830
2020-10-08,1148,560,640
2020-10-08,1149,560,640
2020-10-08,1150,550,630
2020-10-08,1151,560,640
2020-10-08,1152,620,700
2020-10-08,1153,380,390
2020-10-08,1154,355,375
2020-10-08,1155,250,265
2020-10-08,1156,163,165
2020-10-08,1157,125,130
2020-10-08,1158,70,80
2020-10-08,1159,105,125
2020-10-08,1160,115,135
2020-10-08,1161,110,120
2020-10-08,1162,120,130
2020-10-08,1163,,
2020-10-08,1164,75,85
2020-10-08,1165,,
2020-10-08,1166,,
2020-10-08,1167,222,224
2020-10-08,1169,740,790
2020-10-08,1170,,
2020-10-08,1171,103,117
2020-10-08,1172,113,127
2020-10-08,1173,,
2020-10-08,1174,,
2020-10-08,1175,,
2020-10-08,1176,230,240
2020-10-08,1177,80,90
2020-10-08,1178,67,72
2020-10-08,1179,72,77
2020-10-08,1180,,
2020-10-08,1181,,
2020-10-08,1182,,
2020-10-08,1183,,
2020-10-08,1184,,
2020-10-08,1185,,
2020-10-08,1186,,
2020-10-08,1187,630,655
2020-10-08,1188,340,345
2020-10-08,1189,140,160
2020-10-15,649,171,173
2020-10-15,650,387,391
2020-10-15,684,421,426
2020-10-15,686,130,132
2020-10-15,687,136,137
2020-10-15,688,173,176
2020-10-15,689,138,140
2020-10-15,691,175,177
2020-10-15,692,181,182
2020-10-15,693,211,216
2020-10-15,694,127,129
2020-10-15,695,138,140
2020-10-15,696,141,143
2020-10-15,697,213,215
2020-10-15,711,402,403
2020-10-15,712,395,396
2020-10-15,713,411,413
2020-10-15,714,401,403
2020-10-15,717,484,487
2020-10-15,718,,
2020-10-15,719,200,204
2020-10-15,720,302,304
2020-10-15,721,258,260
2020-10-15,722,396,398
2020-10-15,723,408,411
2020-10-15,725,213,223
2020-10-15,726,200,205
2020-10-15,727,170,180
2020-10-15,728,210,220
2020-10-15,729,190,200
2020-10-15,730,185,195
2020-10-15,731,125,130
2020-10-15,732,125,130
2020-10-15,733,135,140
2020-10-15,734,123,125
2020-10-15,735,1567,1587
2020-10-15,736,1847,1852
2020-10-15,739,172,174
2020-10-15,742,216,217
2020-10-15,743,216,217
2020-10-15,744,182,186
2020-10-15,745,190,192
2020-10-15,747,245,265
2020-10-15,765,,
2020-10-15,766,,
2020-10-15,767,90,110
2020-10-15,768,100,120
2020-10-15,769,,
2020-10-15,770,,
2020-10-15,773,,
2020-10-15,774,,
2020-10-15,833,,
2020-10-15,849,90,100
2020-10-15,850,100,110
2020-10-15,851,60,70
2020-10-15,852,,
2020-10-15,853,,
2020-10-15,860,91,105
2020-10-15,861,101,115
2020-10-15,862,65,75
2020-10-15,863,435,438
2020-10-15,865,,
2020-10-15,866,,
2020-10-15,871,81,96
2020-10-15,872,91,106
2020-10-15,909,202,204
2020-10-15,923,230,240
2020-10-15,924,245,255
2020-10-15,951,486,491
2020-10-15,955,,
2020-10-15,957,,
2020-10-15,962,,
2020-10-15,963,,
2020-10-15,964,245,255
2020-10-15,967,173,183
2020-10-15,987,,
2020-10-15,993,340,360
2020-10-15,994,380,400
2020-10-15,995,400,440
2020-10-15,996,410,450
2020-10-15,998,685,690
2020-10-15,999,645,650
2020-10-15,1000,,
2020-10-15,1021,265,280
2020-10-15,1022,350,360
2020-10-15,1024,390,410
2020-10-15,1026,,
2020-10-15,1027,,
2020-10-15,1029,,
2020-10-15,1030,55,60
2020-10-15,1031,60,65
2020-10-15,1032,275,285
2020-10-15,1033,255,265
2020-10-15,1034,635,650
2020-10-15,1050,385,395
2020-10-15,1057,,
2020-10-15,1061,200,210
2020-10-15,1064,1580,1680
2020-10-15,1069,800,900
2020-10-15,1070,1400,1500
2020-10-15,1071,1800,1900
2020-10-15,1072,,
2020-10-15,1073,,
2020-10-15,1074,,
2020-10-15,1075,,
2020-10-15,1076,,
2020-10-15,1077,,
2020-10-15,1078,,
2020-10-15,1079,,
2020-10-15,1080,,
2020-10-15,1081,1860,1980
2020-10-15,1082,,
2020-10-15,1083,,
2020-10-15,1084,,
2020-10-15,1085,890,1000
2020-10-15,1086,1650,1765
2020-10-15,1087,2120,2230
2020-10-15,1088,,
2020-10-15,1089,,
2020-10-15,1090,,
2020-10-15,1092,180,190
2020-10-15,1095,,
2020-10-15,1097,202,205
2020-10-15,1099,191,194
2020-10-15,1100,,
2020-10-15,1107,214,221
2020-10-15,1108,199,202
2020-10-15,1109,281,286
2020-10-15,1110,274,279
2020-10-15,1111,259,264
2020-10-15,1115,,283
2020-10-15,1116,283,285
2020-10-15,1117,,
2020-10-15,1118,204,206
2020-10-15,1119,233,236
2020-10-15,1121,,
2020-10-15,1122,,
2020-10-15,1123,,
2020-10-15,1124,286,291
2020-10-15,1125,279,284
2020-10-15,1126,264,269
2020-10-15,1127,180,182
2020-10-15,1128,184,186
2020-10-15,1129,189,203
2020-10-15,1130,202,203
2020-10-15,1131,,
2020-10-15,1132,184,189
2020-10-15,1133,167,171
2020-10-15,1134,172,176
2020-10-15,1135,177,180
2020-10-15,1136,183,185
2020-10-15,1137,,
2020-10-15,1138,202,217
2020-10-15,1139,238,243
2020-10-15,1140,251,253
2020-10-15,1141,,
2020-10-15,1142,280,290
2020-10-15,1143,435,455
2020-10-15,1144,480,530
2020-10-15,1145,395,405
2020-10-15,1146,890,970
2020-10-15,1147,750,830
2020-10-15,1148,570,650
2020-10-15,1149,570,650
2020-10-15,1150,560,640
2020-10-15,1151,570,650
2020-10-15,1152,630,710
2020-10-15,1153,390,400
2020-10-15,1154,365,385
2020-10-15,1155,260,275
2020-10-15,1156,168,170
2020-10-15,1157,130,135
2020-10-15,1158,70,80
2020-10-15,1159,105,125
2020-10-15,1160,115,135
2020-10-15,1161,110,120
2020-10-15,1162,120,130
2020-10-15,1163,,
2020-10-15,1164,75,85
2020-10-15,1165,,
2020-10-15,1166,,
2020-10-15,1167,225,227
2020-10-15,1169,,
2020-10-15,1170,,
2020-10-15,1171,103,117
2020-10-15,1172,113,127
2020-10-15,1173,,
2020-10-15,1174,,
2020-10-15,1175,,
2020-10-15,1176,230,240
2020-10-15,1177,80,90
2020-10-15,1178,70,75
2020-10-15,1179,75,80
2020-10-15,1180,,
2020-10-15,1181,,
2020-10-15,1182,,
2020-10-15,1183,,
2020-10-15,1184,,
2020-10-15,1185,,
2020-10-15,1186,,
2020-10-15,1187,635,660
2020-10-15,1188,,
2020-10-15,1189,140,160
2020-10-22,649,175,177
2020-10-22,650,392,396
2020-10-22,684,421,426
2020-10-22,686,140,142
2020-10-22,687,146,147
2020-10-22,688,178,181
2020-10-22,689,148,150
2020-10-22,691,185,187
2020-10-22,692,191,192
2020-10-22,693,216,221
2020-10-22,694,137,139
2020-10-22,695,148,150
2020-10-22,696,151,153
2020-10-22,697,218,220
2020-10-22,711,418,419
2020-10-22,712,411,412
2020-10-22,713,427,429
2020-10-22,714,417,419
2020-10-22,717,489,492
2020-10-22,718,,
2020-10-22,719,210,214
2020-10-22,720,312,314
2020-10-22,721,262,264
2020-10-22,722,403,405
2020-10-22,723,418,421
2020-10-22,725,213,223
2020-10-22,726,200,205
2020-10-22,727,170,180
2020-10-22,728,210,220
2020-10-22,729,190,200
2020-10-22,730,185,195
2020-10-22,731,125,130
2020-10-22,732,125,130
2020-10-22,733,135,140
2020-10-22,734,123,125
2020-10-22,735,1557,1577
2020-10-22,736,1837,1842
2020-10-22,739,178,180
2020-10-22,742,218,219
2020-10-22,743,218,219
2020-10-22,744,187,191
2020-10-22,745,195,197
2020-10-22,747,250,270
2020-10-22,765,,
2020-10-22,766,,
2020-10-22,767,90,110
2020-10-22,768,100,120
2020-10-22,769,,
2020-10-22,770,,
2020-10-22,773,,
2020-10-22,774,,
2020-10-22,833,,
2020-10-22,849,90,100
2020-10-22,850,100,110
2020-10-22,851,60,70
2020-10-22,852,,
2020-10-22,853,,
2020-10-22,860,91,105
2020-10-22,861,101,115
2020-10-22,862,65,75
2020-10-22,863,440,443
2020-10-22,865,,
2020-10-22,866,,
2020-10-22,871,81,96
2020-10-22,872,91,106
2020-10-22,909,212,214
2020-10-22,923,230,240
2020-10-22,924,245,255
2020-10-22,951,486,491
2020-10-22,955,,
2020-10-22,957,,
2020-10-22,962,,
2020-10-22,963,,
2020-10-22,964,245,255
2020-10-22,967,180,190
2020-10-22,987,,
2020-10-22,993,350,370
2020-10-22,994,390,410
2020-10-22,995,410,450
2020-10-22,996,420,460
2020-10-22,998,690,695
2020-10-22,999,650,655
2020-10-22,1000,,
2020-10-22,1021,270,280
2020-10-22,1022,350,360
2020-10-22,1024,390,410
2020-10-22,1026,,
2020-10-22,1027,,
2020-10-22,1029,,
2020-10-22,1030,55,60
2020-10-22,1031,60,65
2020-10-22,1032,275,285
2020-10-22,1033,255,265
2020-10-22,1034,640,655
2020-10-22,1050,385,395
2020-10-22,1057,,
2020-10-22,1061,200,210
2020-10-22,1064,1580,1680
2020-10-22,1069,800,900
2020-10-22,1070,1400,1500
2020-10-22,1071,1800,1900
2020-10-22,1072,,
2020-10-22,1073,,
2020-10-22,1074,,
2020-10-22,1075,,
2020-10-22,1076,,
2020-10-22,1077,,
2020-10-22,1078,,
2020-10-22,1079,,
2020-10-22,1080,,
2020-10-22,1081,1860,1980
2020-10-22,1082,,
2020-10-22,1083,,
2020-10-22,1084,,
2020-10-22,1085,890,1000
2020-10-22,1086,1650,1765
2020-10-22,1087,2120,2230
2020-10-22,1088,,
2020-10-22,1089,,
2020-10-22,1090,,
2020-10-22,1092,180,190
2020-10-22,1095,,
2020-10-22,1097,212,215
2020-10-22,1099,201,204
2020-10-22,1100,,
2020-10-22,1107,221,228
2020-10-22,1108,209,212
2020-10-22,1109,283,288
2020-10-22,1110,276,281
2020-10-22,1111,261,266
2020-10-22,1115,,290
2020-10-22,1116,290,292
2020-10-22,1117,,
2020-10-22,1118,211,213
2020-10-22,1119,236,239
2020-10-22,1121,,
2020-10-22,1122,,
2020-10-22,1123,,
2020-10-22,1124,288,293
2020-10-22,1125,281,286
2020-10-22,1126,266,271
2020-10-22,1127,190,192
2020-10-22,1128,194,196
2020-10-22,1129,199,215
2020-10-22,1130,214,215
2020-10-22,1131,,
2020-10-22,1132,,
2020-10-22,1133,172,176
2020-10-22,1134,177,181
2020-10-22,1135,182,185
2020-10-22,1136,188,190
2020-10-22,1137,,
2020-10-22,1138,209,227
2020-10-22,1139,248,253
2020-10-22,1140,261,263
2020-10-22,1141,,
2020-10-22,1142,280,290
2020-10-22,1143,435,455
2020-10-22,1144,480,530
2020-10-22,1145,415,425
2020-10-22,1146,890,970
2020-10-22,1147,790,870
2020-10-22,1148,580,660
2020-10-22,1149,580,660
2020-10-22,1150,580,660
2020-10-22,1151,610,690
2020-10-22,1152,640,720
2020-10-22,1153,390,400
2020-10-22,1154,365,385
2020-10-22,1155,260,275
2020-10-22,1156,168,170
2020-10-22,1157,130,135
2020-10-22,1158,70,80
2020-10-22,1159,105,125
2020-10-22,1160,115,135
2020-10-22,1161,110,120
2020-10-22,1162,120,130
2020-10-22,1163,,
2020-10-22,1164,75,85
2020-10-22,1165,,
2020-10-22,1166,,
2020-10-22,1167,228,230
2020-10-22,1169,,
2020-10-22,1170,,
2020-10-22,1171,103,117
2020-10-22,1172,113,127
2020-10-22,1173,,
2020-10-22,1174,,
2020-10-22,1175,,
2020-10-22,1176,230,240
2020-10-22,1177,80,90
2020-10-22,1178,70,75
2020-10-22,1179,75,80
2020-10-22,1180,,
2020-10-22,1181,,
2020-10-22,1182,,
2020-10-22,1183,,
2020-10-22,1184,,
2020-10-22,1185,,
2020-10-22,1186,,
2020-10-22,1187,635,660
2020-10-22,1188,,
2020-10-22,1189,140,160
2020-10-29,649,179,181
2020-10-29,650,392,396
2020-10-29,684,426,431
2020-10-29,686,155,157
2020-10-29,687,161,162
2020-10-29,688,181,184
2020-10-29,689,158,160
2020-10-29,691,200,202
2020-10-29,692,206,207
2020-10-29,693,219,224
2020-10-29,694,152,154
2020-10-29,695,158,160
2020-10-29,696,164,166
2020-10-29,697,218,220
2020-10-29,711,418,419
2020-10-29,712,414,415
2020-10-29,713,427,429
2020-10-29,714,420,422
2020-10-29,717,491,494
2020-10-29,718,,
2020-10-29,719,210,214
2020-10-29,720,316,318
2020-10-29,721,268,270
2020-10-29,722,403,405
2020-10-29,723,418,421
2020-10-29,725,213,223
2020-10-29,726,200,205
2020-10-29,727,170,180
2020-10-29,728,210,220
2020-10-29,729,190,200
2020-10-29,730,185,195
2020-10-29,731,125,130
2020-10-29,732,125,130
2020-10-29,733,135,140
2020-10-29,734,123,125
2020-10-29,735,1557,1577
2020-10-29,736,1837,1842
2020-10-29,739,179,181
2020-10-29,742,219,220
2020-10-29,743,219,220
2020-10-29,744,200,204
2020-10-29,745,198,200
2020-10-29,747,255,275
2020-10-29,765,,
2020-10-29,766,,
2020-10-29,767,90,110
2020-10-29,768,100,120
2020-10-29,769,,
2020-10-29,770,,
2020-10-29,773,,
2020-10-29,774,,
2020-10-29,833,,
2020-10-29,849,90,100
2020-10-29,850,100,110
2020-10-29,851,60,70
2020-10-29,852,,
2020-10-29,853,,
2020-10-29,860,91,105
2020-10-29,861,101,115
2020-10-29,862,65,75
2020-10-29,863,442,445
2020-10-29,865,,
2020-10-29,866,,
2020-10-29,871,81,96
2020-10-29,872,91,106
2020-10-29,909,215,217
2020-10-29,923,230,240
2020-10-29,924,245,255
2020-10-29,951,491,496
2020-10-29,955,,
2020-10-29,957,,
2020-10-29,962,,
2020-10-29,963,,
2020-10-29,964,245,255
2020-10-29,967,187,197
2020-10-29,987,,
2020-10-29,993,350,370
2020-10-29,994,390,410
2020-10-29,995,410,450
2020-10-29,996,420,460
2020-10-29,998,695,700
2020-10-29,999,655,660
2020-10-29,1000,,
2020-10-29,1021,275,285
2020-10-29,1022,350,360
2020-10-29,1024,,
2020-10-29,1026,,
2020-10-29,1027,,
2020-10-29,1029,,
2020-10-29,1030,55,60
2020-10-29,1031,60,65
2020-10-29,1032,280,290
2020-10-29,1033,260,270
2020-10-29,1034,650,665
2020-10-29,1050,390,400
2020-10-29,1057,,
2020-10-29,1061,200,210
2020-10-29,1064,1580,1680
2020-10-29,1069,800,900
2020-10-29,1070,1400,1500
2020-10-29,1071,1800,1900
2020-10-29,1072,,
2020-10-29,1073,,
2020-10-29,1074,,
2020-10-29,1075,,
2020-10-29,1076,,
2020-10-29,1077,,
2020-10-29,1078,,
2020-10-29,1079,,
2020-10-29,1080,,
2020-10-29,1081,1860,1980
2020-10-29,1082,,
2020-10-29,1083,,
2020-10-29,1084,,
2020-10-29,1085,890,1000
2020-10-29,1086,1650,1765
2020-10-29,1087,2120,2230
2020-10-29,1088,,
2020-10-29,1089,,
2020-10-29,1090,,
2020-10-29,1092,185,195
2020-10-29,1095,,
2020-10-29,1097,215,218
2020-10-29,1099,204,207
2020-10-29,1100,,
2020-10-29,1107,224,230
2020-10-29,1108,212,215
2020-10-29,1109,285,290
2020-10-29,1110,278,283
2020-10-29,1111,263,268
2020-10-29,1115,,287
2020-10-29,1116,287,289
2020-10-29,1117,,
2020-10-29,1118,214,216
2020-10-29,1119,236,239
2020-10-29,1121,,
2020-10-29,1122,,
2020-10-29,1123,,
2020-10-29,1124,290,295
2020-10-29,1125,283,288
2020-10-29,1126,268,273
2020-10-29,1127,193,195
2020-10-29,1128,197,199
2020-10-29,1129,204,220
2020-10-29,1130,219,220
2020-10-29,1131,,
2020-10-29,1132,,
2020-10-29,1133,176,180
2020-10-29,1134,181,185
2020-10-29,1135,186,189
2020-10-29,1136,190,192
2020-10-29,1137,,
2020-10-29,1138,214,230
2020-10-29,1139,248,253
2020-10-29,1140,261,263
2020-10-29,1141,,
2020-10-29,1142,280,290
2020-10-29,1143,460,480
2020-10-29,1144,480,530
2020-10-29,1145,415,425
2020-10-29,1146,940,1020
2020-10-29,1147,790,870
2020-10-29,1148,580,660
2020-10-29,1149,580,660
2020-10-29,1150,600,680
2020-10-29,1151,620,700
2020-10-29,1152,640,720
2020-10-29,1153,390,400
2020-10-29,1154,365,385
2020-10-29,1155,260,275
2020-10-29,1156,168,170
2020-10-29,1157,130,135
2020-10-29,1158,70,80
2020-10-29,1159,105,125
2020-10-29,1160,115,135
2020-10-29,1161,110,120
2020-10-29,1162,120,130
2020-10-29,1163,,
2020-10-29,1164,75,85
2020-10-29,1165,,
2020-10-29,1166,,
2020-10-29,1167,228,230
2020-10-29,1169,,
2020-10-29,1170,,
2020-10-29,1171,103,117
2020-10-29,1172,113,127
2020-10-29,1173,,
2020-10-29,1174,,
2020-10-29,1175,,
2020-10-29,1176,230,240
2020-10-29,1177,80,90
2020-10-29,1178,70,75
2020-10-29,1179,75,80
2020-10-29,1180,,
2020-10-29,1181,,
2020-10-29,1182,,
2020-10-29,1183,,
2020-10-29,1184,,
2020-10-29,1185,,
2020-10-29,1186,,
2020-10-29,1187,635,660
2020-10-29,1188,,
2020-10-29,1189,140,160
2020-11-05,649,186,188
2020-11-05,650,398,402
2020-11-05,684,426,431
2020-11-05,686,163,165
2020-11-05,687,169,170
2020-11-05,688,183,186
2020-11-05,689,166,168
2020-11-05,691,208,210
2020-11-05,692,214,215
2020-11-05,693,221,226
2020-11-05,694,160,162
2020-11-05,695,166,168
2020-11-05,696,170,172
2020-11-05,697,218,220
2020-11-05,711,430,431
2020-11-05,712,426,427
2020-11-05,713,439,441
2020-11-05,714,432,434
2020-11-05,717,503,506
2020-11-05,718,,
2020-11-05,719,213,217
2020-11-05,720,316,318
2020-11-05,721,273,275
2020-11-05,722,410,412
2020-11-05,723,425,428
2020-11-05,725,213,223
2020-11-05,726,200,205
2020-11-05,727,170,180
2020-11-05,728,210,220
2020-11-05,729,190,200
2020-11-05,730,185,195
2020-11-05,731,125,130
2020-11-05,732,125,130
2020-11-05,733,135,140
2020-11-05,734,123,125
2020-11-05,735,1557,1577
2020-11-05,736,1837,1842
2020-11-05,739,183,185
2020-11-05,742,219,220
2020-11-05,743,219,220
2020-11-05,744,200,204
2020-11-05,745,200,202
2020-11-05,747,260,280
2020-11-05,765,,
2020-11-05,766,,
2020-11-05,767,90,110
2020-11-05,768,100,120
2020-11-05,769,,
2020-11-05,770,,
2020-11-05,773,,
2020-11-05,774,,
2020-11-05,833,,
2020-11-05,849,86,98
2020-11-05,850,96,108
2020-11-05,851,60,70
2020-11-05,852,,
2020-11-05,853,,
2020-11-05,860,91,105
2020-11-05,861,101,115
2020-11-05,862,65,75
2020-11-05,863,454,457
2020-11-05,865,,
2020-11-05,866,,
2020-11-05,871,83,98
2020-11-05,872,93,108
2020-11-05,909,216,218
2020-11-05,923,230,240
2020-11-05,924,245,255
2020-11-05,951,491,496
2020-11-05,955,,
2020-11-05,957,,
2020-11-05,962,,
2020-11-05,963,,
2020-11-05,964,245,255
2020-11-05,967,192,202
2020-11-05,987,,
2020-11-05,993,350,370
2020-11-05,994,390,410
2020-11-05,995,410,450
2020-11-05,996,420,460
2020-11-05,998,695,700
2020-11-05,999,655,660
2020-11-05,1000,,
2020-11-05,1021,275,285
2020-11-05,1022,350,360
2020-11-05,1024,,
2020-11-05,1026,,
2020-11-05,1027,,
2020-11-05,1029,,
2020-11-05,1030,55,60
2020-11-05,1031,60,65
2020-11-05,1032,280,290
2020-11-05,1033,260,270
2020-11-05,1034,660,670
2020-11-05,1050,390,400
2020-11-05,1057,,
2020-11-05,1061,200,210
2020-11-05,1064,1580,1680
2020-11-05,1069,800,900
2020-11-05,1070,1400,1500
2020-11-05,1071,1800,1900
2020-11-05,1072,,
2020-11-05,1073,,
2020-11-05,1074,,
2020-11-05,1075,,
2020-11-05,1076,,
2020-11-05,1077,,
2020-11-05,1078,,
2020-11-05,1079,,
2020-11-05,1080,,
2020-11-05,1081,1860,1980
2020-11-05,1082,,
2020-11-05,1083,,
2020-11-05,1084,,
2020-11-05,1085,890,1000
2020-11-05,1086,1650,1765
2020-11-05,1087,2120,2230
2020-11-05,1088,,
2020-11-05,1089,,
2020-11-05,1090,,
2020-11-05,1092,188,198
2020-11-05,1095,,
2020-11-05,1097,215,218
2020-11-05,1099,204,207
2020-11-05,1100,,
2020-11-05,1107,224,230
2020-11-05,1108,212,215
2020-11-05,1109,289,293
2020-11-05,1110,282,286
2020-11-05,1111,267,271
2020-11-05,1115,,289
2020-11-05,1116,289,291
2020-11-05,1117,,
2020-11-05,1118,216,218
2020-11-05,1119,236,239
2020-11-05,1121,,
2020-11-05,1122,,
2020-11-05,1123,,
2020-11-05,1124,294,298
2020-11-05,1125,287,291
2020-11-05,1126,272,276
2020-11-05,1127,194,196
2020-11-05,1128,198,200
2020-11-05,1129,202,215
2020-11-05,1130,214,215
2020-11-05,1131,,
2020-11-05,1132,,
2020-11-05,1133,176,180
2020-11-05,1134,181,185
2020-11-05,1135,186,189
2020-11-05,1136,190,192
2020-11-05,1137,,
2020-11-05,1138,216,230
2020-11-05,1139,258,263
2020-11-05,1140,271,273
2020-11-05,1141,,
2020-11-05,1142,280,290
2020-11-05,1143,460,480
2020-11-05,1144,480,530
2020-11-05,1145,415,425
2020-11-05,1146,940,1020
2020-11-05,1147,790,870
2020-11-05,1148,610,690
2020-11-05,1149,610,690
2020-11-05,1150,615,695
2020-11-05,1151,630,710
2020-11-05,1152,670,750
2020-11-05,1153,390,400
2020-11-05,1154,365,385
2020-11-05,1155,260,275
2020-11-05,1156,168,170
2020-11-05,1157,130,135
2020-11-05,1158,70,80
2020-11-05,1159,105,125
2020-11-05,1160,115,135
2020-11-05,1161,110,120
2020-11-05,1162,120,130
2020-11-05,1163,,
2020-11-05,1164,75,85
2020-11-05,1165,,
2020-11-05,1166,,
2020-11-05,1167,228,230
2020-11-05,1169,,
2020-11-05,1170,,
2020-11-05,1171,103,117
2020-11-05,1172,113,127
2020-11-05,1173,,
2020-11-05,1174,,
2020-11-05,1175,,
2020-11-05,1176,230,240
2020-11-05,1177,80,90
2020-11-05,1178,70,75
2020-11-05,1179,75,80
2020-11-05,1180,,
2020-11-05,1181,,
2020-11-05,1182,,
2020-11-05,1183,,
2020-11-05,1184,,
2020-11-05,1185,,
2020-11-05,1186,,
2020-11-05,1187,635,660
2020-11-05,1188,,
2020-11-05,1189,140,160
2020-11-12,649,188,190
2020-11-12,650,409,413
2020-11-12,684,431,436
2020-11-12,686,165,167
2020-11-12,687,171,172
2020-11-12,688,183,186
2020-11-12,689,166,168
2020-11-12,691,210,212
2020-11-12,692,216,217
2020-11-12,693,221,226
2020-11-12,694,162,164
2020-11-12,695,166,168
2020-11-12,696,172,174
2020-11-12,697,218,220
2020-11-12,711,435,436
2020-11-12,712,431,432
2020-11-12,713,444,446
2020-11-12,714,437,439
2020-11-12,717,508,511
2020-11-12,718,,
2020-11-12,719,221,225
2020-11-12,720,328,330
2020-11-12,721,288,290
2020-11-12,722,425,427
2020-11-12,723,440,443
2020-11-12,725,213,223
2020-11-12,726,200,205
2020-11-12,727,170,180
2020-11-12,728,210,220
2020-11-12,729,190,200
2020-11-12,730,185,195
2020-11-12,731,125,130
2020-11-12,732,125,130
2020-11-12,733,135,140
2020-11-12,734,123,125
2020-11-12,735,1557,1577
2020-11-12,736,1837,1842
2020-11-12,739,188,190
2020-11-12,742,219,220
2020-11-12,743,219,220
2020-11-12,744,208,212
2020-11-12,745,203,205
2020-11-12,747,260,280
2020-11-12,765,,
2020-11-12,766,,
2020-11-12,767,90,110
2020-11-12,768,100,120
2020-11-12,769,,
2020-11-12,770,,
2020-11-12,773,,
2020-11-12,774,,
2020-11-12,833,,
2020-11-12,849,86,98
2020-11-12,850,96,108
2020-11-12,851,60,70
2020-11-12,852,,
2020-11-12,853,,
2020-11-12,860,91,105
2020-11-12,861,101,115
2020-11-12,862,65,75
2020-11-12,863,459,462
2020-11-12,865,,
2020-11-12,866,,
2020-11-12,871,83,98
2020-11-12,872,93,108
2020-11-12,909,216,218
2020-11-12,923,230,240
2020-11-12,924,245,255
2020-11-12,951,496,501
2020-11-12,955,,
2020-11-12,957,,
2020-11-12,962,,
2020-11-12,963,,
2020-11-12,964,245,255
2020-11-12,967,192,202
2020-11-12,987,,
2020-11-12,993,350,370
2020-11-12,994,390,410
2020-11-12,995,410,450
2020-11-12,996,420,460
2020-11-12,998,695,700
2020-11-12,999,655,660
2020-11-12,1000,,
2020-11-12,1021,275,285
2020-11-12,1022,350,360
2020-11-12,1024,,
2020-11-12,1026,,
2020-11-12,1027,,
2020-11-12,1029,,
2020-11-12,1030,55,60
2020-11-12,1031,60,65
2020-11-12,1032,280,290
2020-11-12,1033,260,270
2020-11-12,1034,675,685
2020-11-12,1050,,
2020-11-12,1057,,
2020-11-12,1061,200,210
2020-11-12,1064,1580,1680
2020-11-12,1069,800,900
2020-11-12,1070,1400,1500
2020-11-12,1071,1800,1900
2020-11-12,1072,,
2020-11-12,1073,,
2020-11-12,1074,,
2020-11-12,1075,,
2020-11-12,1076,,
2020-11-12,1077,,
2020-11-12,1078,,
2020-11-12,1079,,
2020-11-12,1080,,
2020-11-12,1081,1860,1980
2020-11-12,1082,,
2020-11-12,1083,,
2020-11-12,1084,,
2020-11-12,1085,890,1000
2020-11-12,1086,1650,1765
2020-11-12,1087,2120,2230
2020-11-12,1088,,
2020-11-12,1089,,
2020-11-12,1090,,
2020-11-12,1092,190,200
2020-11-12,1095,,
2020-11-12,1097,215,218
2020-11-12,1099,204,207
2020-11-12,1100,,
2020-11-12,1107,224,230
2020-11-12,1108,212,215
2020-11-12,1109,293,297
2020-11-12,1110,286,290
2020-11-12,1111,271,275
2020-11-12,1115,,
2020-11-12,1116,295,297
2020-11-12,1117,,
2020-11-12,1118,218,220
2020-11-12,1119,236,239
2020-11-12,1121,,
2020-11-12,1122,,
2020-11-12,1123,,
2020-11-12,1124,298,302
2020-11-12,1125,291,295
2020-11-12,1126,276,280
2020-11-12,1127,194,196
2020-11-12,1128,198,200
2020-11-12,1129,202,215
2020-11-12,1130,214,215
2020-11-12,1131,,
2020-11-12,1132,,
2020-11-12,1133,178,182
2020-11-12,1134,183,187
2020-11-12,1135,188,191
2020-11-12,1136,192,194
2020-11-12,1137,,
2020-11-12,1138,219,230
2020-11-12,1139,,
2020-11-12,1140,283,285
2020-11-12,1141,,
2020-11-12,1142,285,295
2020-11-12,1143,460,480
2020-11-12,1144,480,530
2020-11-12,1145,415,425
2020-11-12,1146,940,1020
2020-11-12,1147,790,870
2020-11-12,1148,610,690
2020-11-12,1149,610,690
2020-11-12,1150,615,695
2020-11-12,1151,630,710
2020-11-12,1152,670,750
2020-11-12,1153,390,400
2020-11-12,1154,365,385
2020-11-12,1155,260,275
2020-11-12,1156,168,170
2020-11-12,1157,130,135
2020-11-12,1158,70,80
2020-11-12,1159,105,125
2020-11-12,1160,115,135
2020-11-12,1161,110,120
2020-11-12,1162,120,130
2020-11-12,1163,,
2020-11-12,1164,75,85
2020-11-12,1165,,
2020-11-12,1166,,
2020-11-12,1167,228,230
2020-11-12,1169,,
2020-11-12,1170,,
2020-11-12,1171,103,117
2020-11-12,1172,113,127
2020-11-12,1173,,
2020-11-12,1174,,
2020-11-12,1175,,
2020-11-12,1176,230,240
2020-11-12,1177,80,90
2020-11-12,1178,70,75
2020-11-12,1179,75,80
2020-11-12,1180,,
2020-11-12,1181,,
2020-11-12,1182,,
2020-11-12,1183,,
2020-11-12,1184,,
2020-11-12,1185,,
2020-11-12,1186,,
2020-11-12,1187,635,660
2020-11-12,1188,,
2020-11-12,1189,140,160
2020-11-19,649,188,190
2020-11-19,650,419,423
2020-11-19,684,431,436
2020-11-19,686,161,163
2020-11-19,687,167,168
2020-11-19,688,178,181
2020-11-19,689,160,162
2020-11-19,691,206,208
2020-11-19,692,212,213
2020-11-19,693,216,221
2020-11-19,694,158,160
2020-11-19,695,160,162
2020-11-19,696,168,170
2020-11-19,697,218,220
2020-11-19,711,435,436
2020-11-19,712,431,432
2020-11-19,713,444,446
2020-11-19,714,437,439
2020-11-19,717,511,514
2020-11-19,718,,
2020-11-19,719,,
2020-11-19,720,331,333
2020-11-19,721,298,300
2020-11-19,722,435,437
2020-11-19,723,450,453
2020-11-19,725,218,223
2020-11-19,726,203,208
2020-11-19,727,175,180
2020-11-19,728,215,225
2020-11-19,729,190,200
2020-11-19,730,190,200
2020-11-19,731,125,130
2020-11-19,732,125,130
2020-11-19,733,135,140
2020-11-19,734,128,130
2020-11-19,735,1557,1577
2020-11-19,736,1837,1842
2020-11-19,739,190,192
2020-11-19,742,221,222
2020-11-19,743,221,222
2020-11-19,744,211,215
2020-11-19,745,208,210
2020-11-19,747,265,285
2020-11-19,765,,
2020-11-19,766,,
2020-11-19,767,95,110
2020-11-19,768,105,120
2020-11-19,769,,
2020-11-19,770,,
2020-11-19,773,,
2020-11-19,774,,
2020-11-19,833,,
2020-11-19,849,86,98
2020-11-19,850,96,108
2020-11-19,851,60,70
2020-11-19,852,,
2020-11-19,853,,
2020-11-19,860,89,103
2020-11-19,861,99,113
2020-11-19,862,65,75
2020-11-19,863,462,465
2020-11-19,865,,
2020-11-19,866,,
2020-11-19,871,85,100
2020-11-19,872,95,110
2020-11-19,909,216,218
2020-11-19,923,233,243
2020-11-19,924,250,260
2020-11-19,951,496,501
2020-11-19,955,,
2020-11-19,957,,
2020-11-19,962,,
2020-11-19,963,,
2020-11-19,964,245,255
2020-11-19,967,192,202
2020-11-19,987,,
2020-11-19,993,350,370
2020-11-19,994,390,410
2020-11-19,995,410,450
2020-11-19,996,420,460
2020-11-19,998,695,700
2020-11-19,999,655,660
2020-11-19,1000,,
2020-11-19,1021,280,290
2020-11-19,1022,350,360
2020-11-19,1024,,
2020-11-19,1026,,
2020-11-19,1027,,
2020-11-19,1029,,
2020-11-19,1030,55,60
2020-11-19,1031,60,70
2020-11-19,1032,280,290
2020-11-19,1033,263,273
2020-11-19,1034,675,685
2020-11-19,1050,,
2020-11-19,1057,,
2020-11-19,1061,200,210
2020-11-19,1064,1580,1680
2020-11-19,1069,800,900
2020-11-19,1070,1400,1500
2020-11-19,1071,1800,1900
2020-11-19,1072,,
2020-11-19,1073,,
2020-11-19,1074,,
2020-11-19,1075,,
2020-11-19,1076,,
2020-11-19,1077,,
2020-11-19,1078,,
2020-11-19,1079,,
2020-11-19,1080,,
2020-11-19,1081,1860,1980
2020-11-19,1082,,
2020-11-19,1083,,
2020-11-19,1084,,
2020-11-19,1085,890,1000
2020-11-19,1086,1650,1765
2020-11-19,1087,2120,2230
2020-11-19,1088,,
2020-11-19,1089,,
2020-11-19,1090,,
2020-11-19,1092,190,200
2020-11-19,1095,,
2020-11-19,1097,215,218
2020-11-19,1099,204,207
2020-11-19,1100,,
2020-11-19,1107,224,230
2020-11-19,1108,212,215
2020-11-19,1109,297,301
2020-11-19,1110,290,294
2020-11-19,1111,275,279
2020-11-19,1115,,
2020-11-19,1116,,
2020-11-19,1117,,
2020-11-19,1118,221,223
2020-11-19,1119,238,241
2020-11-19,1121,,
2020-11-19,1122,,
2020-11-19,1123,,
2020-11-19,1124,302,306
2020-11-19,1125,295,299
2020-11-19,1126,280,284
2020-11-19,1127,194,196
2020-11-19,1128,198,200
2020-11-19,1129,202,215
2020-11-19,1130,214,215
2020-11-19,1131,,
2020-11-19,1132,,
2020-11-19,1133,178,182
2020-11-19,1134,183,187
2020-11-19,1135,188,191
2020-11-19,1136,192,194
2020-11-19,1137,,
2020-11-19,1138,222,233
2020-11-19,1139,,
2020-11-19,1140,283,285
2020-11-19,1141,,
2020-11-19,1142,285,295
2020-11-19,1143,460,480
2020-11-19,1144,480,530
2020-11-19,1145,425,435
2020-11-19,1146,940,1020
2020-11-19,1147,810,890
2020-11-19,1148,610,690
2020-11-19,1149,610,690
2020-11-19,1150,615,695
2020-11-19,1151,630,710
2020-11-19,1152,670,750
2020-11-19,1153,390,400
2020-11-19,1154,365,385
2020-11-19,1155,260,275
2020-11-19,1156,168,170
2020-11-19,1157,130,135
2020-11-19,1158,70,80
2020-11-19,1159,105,125
2020-11-19,1160,115,135
2020-11-19,1161,110,120
2020-11-19,1162,120,130
2020-11-19,1163,,
2020-11-19,1164,75,85
2020-11-19,1165,,
2020-11-19,1166,,
2020-11-19,1167,230,232
2020-11-19,1169,,
2020-11-19,1170,,
2020-11-19,1171,103,117
2020-11-19,1172,113,127
2020-11-19,1173,,
2020-11-19,1174,,
2020-11-19,1175,,
2020-11-19,1176,230,240
2020-11-19,1177,80,90
2020-11-19,1178,70,75
2020-11-19,1179,75,80
2020-11-19,1180,,
2020-11-19,1181,,
2020-11-19,1182,,
2020-11-19,1183,,
2020-11-19,1184,,
2020-11-19,1185,,
2020-11-19,1186,,
2020-11-19,1187,635,660
2020-11-19,1188,,
2020-11-19,1189,140,160
2020-11-26,649,188,190
2020-11-26,650,430,434
2020-11-26,684,431,436
2020-11-26,686,155,157
2020-11-26,687,161,162
2020-11-26,688,174,177
2020-11-26,689,155,157
2020-11-26,691,203,205
2020-11-26,692,209,210
2020-11-26,693,212,217
2020-11-26,694,152,154
2020-11-26,695,155,157
2020-11-26,696,163,165
2020-11-26,697,218,220
2020-11-26,711,435,436
2020-11-26,712,431,432
2020-11-26,713,444,446
2020-11-26,714,439,441
2020-11-26,717,521,524
2020-11-26,718,,
2020-11-26,719,,
2020-11-26,720,331,333
2020-11-26,721,298,300
2020-11-26,722,444,446
2020-11-26,723,458,461
2020-11-26,725,218,223
2020-11-26,726,203,208
2020-11-26,727,175,180
2020-11-26,728,215,225
2020-11-26,729,190,200
2020-11-26,730,190,200
2020-11-26,731,125,130
2020-11-26,732,125,130
2020-11-26,733,135,140
2020-11-26,734,128,130
2020-11-26,735,1557,1577
2020-11-26,736,1837,1842
2020-11-26,739,190,192
2020-11-26,742,222,223
2020-11-26,743,222,223
2020-11-26,744,211,213
2020-11-26,745,211,213
2020-11-26,747,270,290
2020-11-26,765,,
2020-11-26,766,,
2020-11-26,767,95,110
2020-11-26,768,105,120
2020-11-26,769,,
2020-11-26,770,,
2020-11-26,773,,
2020-11-26,774,,
2020-11-26,833,,
2020-11-26,849,86,98
2020-11-26,850,96,108
2020-11-26,851,60,70
2020-11-26,852,,
2020-11-26,853,,
2020-11-26,860,89,103
2020-11-26,861,99,113
2020-11-26,862,65,75
2020-11-26,863,472,475
2020-11-26,865,,
2020-11-26,866,,
2020-11-26,871,85,100
2020-11-26,872,95,110
2020-11-26,909,216,218
2020-11-26,923,233,243
2020-11-26,924,250,260
2020-11-26,951,496,501
2020-11-26,955,,
2020-11-26,957,,
2020-11-26,962,,
2020-11-26,963,,
2020-11-26,964,245,255
2020-11-26,967,188,198
2020-11-26,987,,
2020-11-26,993,350,370
2020-11-26,994,390,410
2020-11-26,995,410,450
2020-11-26,996,420,460
2020-11-26,998,700,705
2020-11-26,999,660,665
2020-11-26,1000,,
2020-11-26,1021,280,290
2020-11-26,1022,350,360
2020-11-26,1024,,
2020-11-26,1026,,
2020-11-26,1027,,
2020-11-26,1029,,
2020-11-26,1030,55,60
2020-11-26,1031,60,70
2020-11-26,1032,280,290
2020-11-26,1033,265,275
2020-11-26,1034,680,690
2020-11-26,1050,,
2020-11-26,1057,,
2020-11-26,1061,210,220
2020-11-26,1064,1580,1680
2020-11-26,1069,800,900
2020-11-26,1070,1400,1500
2020-11-26,1071,1800,1900
2020-11-26,1072,,
2020-11-26,1073,,
2020-11-26,1074,,
2020-11-26,1075,,
2020-11-26,1076,,
2020-11-26,1077,,
2020-11-26,1078,,
2020-11-26,1079,,
2020-11-26,1080,,
2020-11-26,1081,1860,1980
2020-11-26,1082,,
2020-11-26,1083,,
2020-11-26,1084,,
2020-11-26,1085,890,1000
2020-11-26,1086,1650,1765
2020-11-26,1087,2120,2230
2020-11-26,1088,,
2020-11-26,1089,,
2020-11-26,1090,,
2020-11-26,1092,190,200
2020-11-26,1095,,
2020-11-26,1097,215,218
2020-11-26,1099,204,207
2020-11-26,1100,,
2020-11-26,1107,224,230
2020-11-26,1108,212,215
2020-11-26,1109,299,303
2020-11-26,1110,292,296
2020-11-26,1111,277,281
2020-11-26,1115,,
2020-11-26,1116,,
2020-11-26,1117,,
2020-11-26,1118,221,223
2020-11-26,1119,238,241
2020-11-26,1121,,
2020-11-26,1122,,
2020-11-26,1123,,
2020-11-26,1124,304,308
2020-11-26,1125,297,301
2020-11-26,1126,282,286
2020-11-26,1127,194,196
2020-11-26,1128,198,200
2020-11-26,1129,202,215
2020-11-26,1130,214,215
2020-11-26,1131,,
2020-11-26,1132,,
2020-11-26,1133,178,182
2020-11-26,1134,183,187
2020-11-26,1135,188,191
2020-11-26,1136,192,194
2020-11-26,1137,,
2020-11-26,1138,222,233
2020-11-26,1139,,
2020-11-26,1140,283,285
2020-11-26,1141,,
2020-11-26,1142,290,295
2020-11-26,1143,460,480
2020-11-26,1144,480,530
2020-11-26,1145,425,435
2020-11-26,1146,940,1020
2020-11-26,1147,810,890
2020-11-26,1148,610,690
2020-11-26,1149,610,690
2020-11-26,1150,615,695
2020-11-26,1151,630,710
2020-11-26,1152,670,750
2020-11-26,1153,390,400
2020-11-26,1154,365,385
2020-11-26,1155,260,275
2020-11-26,1156,168,170
2020-11-26,1157,130,135
2020-11-26,1158,70,80
2020-11-26,1159,105,125
2020-11-26,1160,115,135
2020-11-26,1161,110,120
2020-11-26,1162,120,130
2020-11-26,1163,,
2020-11-26,1164,75,85
2020-11-26,1165,,
2020-11-26,1166,,
2020-11-26,1167,230,232
2020-11-26,1169,,
2020-11-26,1170,,
2020-11-26,1171,103,117
2020-11-26,1172,113,127
2020-11-26,1173,,
2020-11-26,1174,,
2020-11-26,1175,,
2020-11-26,1176,230,240
2020-11-26,1177,80,90
2020-11-26,1178,70,75
2020-11-26,1179,75,80
2020-11-26,1180,,
2020-11-26,1181,,
2020-11-26,1182,,
2020-11-26,1183,,
2020-11-26,1184,,
2020-11-26,1185,,
2020-11-26,1186,,
2020-11-26,1187,635,660
2020-11-26,1188,,
2020-11-26,1189,140,160
2020-12-03,649,188,190
2020-12-03,650,428,432
2020-12-03,684,431,436
2020-12-03,686,155,157
2020-12-03,687,161,162
2020-12-03,688,174,177
2020-12-03,689,155,157
2020-12-03,691,203,205
2020-12-03,692,209,210
2020-12-03,693,212,217
2020-12-03,694,152,154
2020-12-03,695,155,157
2020-12-03,696,163,165
2020-12-03,697,218,220
2020-12-03,711,417,418
2020-12-03,712,413,414
2020-12-03,713,426,428
2020-12-03,714,421,423
2020-12-03,717,526,529
2020-12-03,718,,
2020-12-03,719,,
2020-12-03,720,325,327
2020-12-03,721,308,310
2020-12-03,722,427,429
2020-12-03,723,445,448
2020-12-03,725,218,223
2020-12-03,726,203,208
2020-12-03,727,175,180
2020-12-03,728,215,225
2020-12-03,729,190,200
2020-12-03,730,190,200
2020-12-03,731,125,130
2020-12-03,732,125,130
2020-12-03,733,135,140
2020-12-03,734,128,130
2020-12-03,735,1557,1577
2020-12-03,736,1837,1842
2020-12-03,739,190,192
2020-12-03,742,222,223
2020-12-03,743,222,223
2020-12-03,744,208,210
2020-12-03,745,213,215
2020-12-03,747,275,295
2020-12-03,765,,
2020-12-03,766,,
2020-12-03,767,95,110
2020-12-03,768,105,120
2020-12-03,769,,
2020-12-03,770,,
2020-12-03,773,,
2020-12-03,774,,
2020-12-03,833,,
2020-12-03,849,86,98
2020-12-03,850,96,108
2020-12-03,851,60,70
2020-12-03,852,,
2020-12-03,853,,
2020-12-03,860,89,103
2020-12-03,861,99,113
2020-12-03,862,65,75
2020-12-03,863,468,471
2020-12-03,865,,
2020-12-03,866,,
2020-12-03,871,85,100
2020-12-03,872,95,110
2020-12-03,909,216,218
2020-12-03,923,233,243
2020-12-03,924,250,260
2020-12-03,951,496,501
2020-12-03,955,,
2020-12-03,957,,
2020-12-03,962,,
2020-12-03,963,,
2020-12-03,964,245,255
2020-12-03,967,185,195
2020-12-03,987,,
2020-12-03,993,350,370
2020-12-03,994,390,410
2020-12-03,995,410,450
2020-12-03,996,420,460
2020-12-03,998,705,710
2020-12-03,999,665,670
2020-12-03,1000,,
2020-12-03,1021,280,290
2020-12-03,1022,350,360
2020-12-03,1024,,
2020-12-03,1026,,
2020-12-03,1027,,
2020-12-03,1029,,
2020-12-03,1030,55,60
2020-12-03,1031,60,70
2020-12-03,1032,280,290
2020-12-03,1033,265,275
2020-12-03,1034,680,690
2020-12-03,1050,,
2020-12-03,1057,,
2020-12-03,1061,210,220
2020-12-03,1064,1580,1680
2020-12-03,1069,800,900
2020-12-03,1070,1400,1500
2020-12-03,1071,1800,1900
2020-12-03,1072,,
2020-12-03,1073,,
2020-12-03,1074,,
2020-12-03,1075,,
2020-12-03,1076,,
2020-12-03,1077,,
2020-12-03,1078,,
2020-12-03,1079,,
2020-12-03,1080,,
2020-12-03,1081,1860,1980
2020-12-03,1082,,
2020-12-03,1083,,
2020-12-03,1084,,
2020-12-03,1085,890,1000
2020-12-03,1086,1650,1765
2020-12-03,1087,2120,2230
2020-12-03,1088,,
2020-12-03,1089,,
2020-12-03,1090,,
2020-12-03,1092,195,205
2020-12-03,1095,,
2020-12-03,1097,215,218
2020-12-03,1099,204,207
2020-12-03,1100,,
2020-12-03,1107,224,230
2020-12-03,1108,212,215
2020-12-03,1109,299,303
2020-12-03,1110,292,296
2020-12-03,1111,277,281
2020-12-03,1115,,
2020-12-03,1116,,
2020-12-03,1117,,
2020-12-03,1118,221,223
2020-12-03,1119,238,241
2020-12-03,1121,,
2020-12-03,1122,,
2020-12-03,1123,,
2020-12-03,1124,304,308
2020-12-03,1125,297,301
2020-12-03,1126,282,286
2020-12-03,1127,194,196
2020-12-03,1128,198,200
2020-12-03,1129,200,213
2020-12-03,1130,212,213
2020-12-03,1131,,
2020-12-03,1132,,
2020-12-03,1133,178,182
2020-12-03,1134,183,187
2020-12-03,1135,188,191
2020-12-03,1136,192,194
2020-12-03,1137,,
2020-12-03,1138,222,233
2020-12-03,1139,,
2020-12-03,1140,282,284
2020-12-03,1141,,
2020-12-03,1142,290,295
2020-12-03,1143,460,480
2020-12-03,1144,480,530
2020-12-03,1145,425,435
2020-12-03,1146,940,1020
2020-12-03,1147,810,890
2020-12-03,1148,610,690
2020-12-03,1149,610,690
2020-12-03,1150,615,695
2020-12-03,1151,630,710
2020-12-03,1152,670,750
2020-12-03,1153,395,405
2020-12-03,1154,370,390
2020-12-03,1155,265,280
2020-12-03,1156,168,170
2020-12-03,1157,130,135
2020-12-03,1158,70,80
2020-12-03,1159,105,125
2020-12-03,1160,115,135
2020-12-03,1161,110,120
2020-12-03,1162,120,130
2020-12-03,1163,,
2020-12-03,1164,75,85
2020-12-03,1165,,
2020-12-03,1166,,
2020-12-03,1167,230,232
2020-12-03,1169,,
2020-12-03,1170,,
2020-12-03,1171,103,117
2020-12-03,1172,113,127
2020-12-03,1173,,
2020-12-03,1174,,
2020-12-03,1175,,
2020-12-03,1176,230,240
2020-12-03,1177,80,90
2020-12-03,1178,70,75
2020-12-03,1179,75,80
2020-12-03,1180,,
2020-12-03,1181,,
2020-12-03,1182,,
2020-12-03,1183,,
2020-12-03,1184,,
2020-12-03,1185,,
2020-12-03,1186,,
2020-12-03,1187,635,660
2020-12-03,1188,,
2020-12-03,1189,140,160
2020-12-10,649,188,190
2020-12-10,650,428,432
2020-12-10,684,431,436
2020-12-10,686,158,160
2020-12-10,687,164,165
2020-12-10,688,177,180
2020-12-10,689,157,159
2020-12-10,691,206,208
2020-12-10,692,212,213
2020-12-10,693,215,220
2020-12-10,694,155,157
2020-12-10,695,157,159
2020-12-10,696,166,168
2020-12-10,697,218,220
2020-12-10,711,414,415
2020-12-10,712,410,411
2020-12-10,713,423,425
2020-12-10,714,418,420
2020-12-10,717,529,532
2020-12-10,718,,
2020-12-10,719,,
2020-12-10,720,318,320
2020-12-10,721,313,315
2020-12-10,722,429,431
2020-12-10,723,443,446
2020-12-10,725,218,223
2020-12-10,726,203,208
2020-12-10,727,175,180
2020-12-10,728,215,225
2020-12-10,729,190,200
2020-12-10,730,190,200
2020-12-10,731,125,130
2020-12-10,732,125,130
2020-12-10,733,135,140
2020-12-10,734,128,130
2020-12-10,735,1557,1577
2020-12-10,736,1837,1842
2020-12-10,739,190,192
2020-12-10,742,222,223
2020-12-10,743,222,223
2020-12-10,744,208,210
2020-12-10,745,213,215
2020-12-10,747,290,310
2020-12-10,765,,
2020-12-10,766,,
2020-12-10,767,95,110
2020-12-10,768,105,120
2020-12-10,769,,
2020-12-10,770,,
2020-12-10,773,,
2020-12-10,774,,
2020-12-10,833,,
2020-12-10,849,88,100
2020-12-10,850,98,110
2020-12-10,851,60,70
2020-12-10,852,,
2020-12-10,853,,
2020-12-10,860,89,103
2020-12-10,861,99,113
2020-12-10,862,65,75
2020-12-10,863,471,474
2020-12-10,865,,
2020-12-10,866,,
2020-12-10,871,85,100
2020-12-10,872,95,110
2020-12-10,909,215,217
2020-12-10,923,233,243
2020-12-10,924,250,260
2020-12-10,951,496,501
2020-12-10,955,,
2020-12-10,957,,
2020-12-10,962,,
2020-12-10,963,,
2020-12-10,964,245,255
2020-12-10,967,185,195
2020-12-10,987,,
2020-12-10,993,350,370
2020-12-10,994,390,410
2020-12-10,995,410,450
2020-12-10,996,420,460
2020-12-10,998,710,715
2020-12-10,999,670,675
2020-12-10,1000,,
2020-12-10,1021,280,290
2020-12-10,1022,350,360
2020-12-10,1024,,
2020-12-10,1026,,
2020-12-10,1027,,
2020-12-10,1029,,
2020-12-10,1030,55,60
2020-12-10,1031,60,70
2020-12-10,1032,280,290
2020-12-10,1033,265,275
2020-12-10,1034,680,690
2020-12-10,1050,,
2020-12-10,1057,,
2020-12-10,1061,,
2020-12-10,1064,1580,1680
2020-12-10,1069,800,900
2020-12-10,1070,1400,1500
2020-12-10,1071,1800,1900
2020-12-10,1072,,
2020-12-10,1073,,
2020-12-10,1074,,
2020-12-10,1075,,
2020-12-10,1076,,
2020-12-10,1077,,
2020-12-10,1078,,
2020-12-10,1079,,
2020-12-10,1080,,
2020-12-10,1081,1860,1980
2020-12-10,1082,,
2020-12-10,1083,,
2020-12-10,1084,,
2020-12-10,1085,890,1000
2020-12-10,1086,1650,1765
2020-12-10,1087,2120,2230
2020-12-10,1088,,
2020-12-10,1089,,
2020-12-10,1090,,
2020-12-10,1092,195,205
2020-12-10,1095,,
2020-12-10,1097,215,218
2020-12-10,1099,204,207
2020-12-10,1100,,
2020-12-10,1107,223,229
2020-12-10,1108,212,215
2020-12-10,1109,297,301
2020-12-10,1110,290,294
2020-12-10,1111,275,279
2020-12-10,1115,,305
2020-12-10,1116,,
2020-12-10,1117,,
2020-12-10,1118,221,223
2020-12-10,1119,238,241
2020-12-10,1121,,
2020-12-10,1122,,
2020-12-10,1123,,
2020-12-10,1124,302,306
2020-12-10,1125,295,299
2020-12-10,1126,280,284
2020-12-10,1127,193,195
2020-12-10,1128,197,199
2020-12-10,1129,199,211
2020-12-10,1130,210,211
2020-12-10,1131,,
2020-12-10,1132,,
2020-12-10,1133,178,182
2020-12-10,1134,183,187
2020-12-10,1135,188,191
2020-12-10,1136,192,194
2020-12-10,1137,,
2020-12-10,1138,222,233
2020-12-10,1139,,
2020-12-10,1140,282,284
2020-12-10,1141,,
2020-12-10,1142,290,295
2020-12-10,1143,460,480
2020-12-10,1144,480,530
2020-12-10,1145,425,435
2020-12-10,1146,940,1020
2020-12-10,1147,810,890
2020-12-10,1148,610,690
2020-12-10,1149,610,690
2020-12-10,1150,615,695
2020-12-10,1151,615,695
2020-12-10,1152,670,750
2020-12-10,1153,395,405
2020-12-10,1154,370,390
2020-12-10,1155,275,290
2020-12-10,1156,168,170
2020-12-10,1157,130,135
2020-12-10,1158,70,80
2020-12-10,1159,105,125
2020-12-10,1160,115,135
2020-12-10,1161,110,120
2020-12-10,1162,120,130
2020-12-10,1163,,
2020-12-10,1164,75,85
2020-12-10,1165,,
2020-12-10,1166,,
2020-12-10,1167,230,232
2020-12-10,1169,,
2020-12-10,1170,,
2020-12-10,1171,103,117
2020-12-10,1172,113,127
2020-12-10,1173,,
2020-12-10,1174,,
2020-12-10,1175,,
2020-12-10,1176,230,240
2020-12-10,1177,80,90
2020-12-10,1178,70,75
2020-12-10,1179,75,80
2020-12-10,1180,,
2020-12-10,1181,,
2020-12-10,1182,,
2020-12-10,1183,,
2020-12-10,1184,,
2020-12-10,1185,,
2020-12-10,1186,,
2020-12-10,1187,635,660
2020-12-10,1188,,
2020-12-10,1189,140,160
2020-12-17,649,188,190
2020-12-17,650,430,434
2020-12-17,684,426,431
2020-12-17,686,168,170
2020-12-17,687,174,175
2020-12-17,688,182,185
2020-12-17,689,166,168
2020-12-17,691,216,218
2020-12-17,692,222,223
2020-12-17,693,220,225
2020-12-17,694,165,167
2020-12-17,695,166,168
2020-12-17,696,176,178
2020-12-17,697,218,220
2020-12-17,711,427,428
2020-12-17,712,423,424
2020-12-17,713,436,438
2020-12-17,714,431,433
2020-12-17,717,542,545
2020-12-17,718,,
2020-12-17,719,,
2020-12-17,720,314,316
2020-12-17,721,313,315
2020-12-17,722,432,434
2020-12-17,723,446,449
2020-12-17,725,218,223
2020-12-17,726,203,208
2020-12-17,727,175,180
2020-12-17,728,215,225
2020-12-17,729,190,200
2020-12-17,730,190,200
2020-12-17,731,125,130
2020-12-17,732,125,130
2020-12-17,733,135,140
2020-12-17,734,128,130
2020-12-17,735,1557,1577
2020-12-17,736,1837,1842
2020-12-17,739,,
2020-12-17,742,222,223
2020-12-17,743,222,223
2020-12-17,744,211,213
2020-12-17,745,213,215
2020-12-17,747,300,320
2020-12-17,765,,
2020-12-17,766,,
2020-12-17,767,95,110
2020-12-17,768,105,120
2020-12-17,769,,
2020-12-17,770,,
2020-12-17,773,,
2020-12-17,774,,
2020-12-17,833,,
2020-12-17,849,88,100
2020-12-17,850,98,110
2020-12-17,851,60,70
2020-12-17,852,,
2020-12-17,853,,
2020-12-17,860,89,103
2020-12-17,861,99,113
2020-12-17,862,65,75
2020-12-17,863,484,487
2020-12-17,865,,
2020-12-17,866,,
2020-12-17,871,85,100
2020-12-17,872,95,110
2020-12-17,909,215,217
2020-12-17,923,233,243
2020-12-17,924,250,260
2020-12-17,951,491,496
2020-12-17,955,,
2020-12-17,957,,
2020-12-17,962,,
2020-12-17,963,,
2020-12-17,964,245,255
2020-12-17,967,190,200
2020-12-17,987,,
2020-12-17,993,350,370
2020-12-17,994,390,410
2020-12-17,995,410,450
2020-12-17,996,420,460
2020-12-17,998,715,720
2020-12-17,999,675,680
2020-12-17,1000,,
2020-12-17,1021,280,290
2020-12-17,1022,350,360
2020-12-17,1024,,
2020-12-17,1026,,
2020-12-17,1027,,
2020-12-17,1029,,
2020-12-17,1030,55,60
2020-12-17,1031,60,70
2020-12-17,1032,280,290
2020-12-17,1033,265,275
2020-12-17,1034,680,690
2020-12-17,1050,,
2020-12-17,1057,,
2020-12-17,1061,,
2020-12-17,1064,1580,1680
2020-12-17,1069,800,900
2020-12-17,1070,1400,1500
2020-12-17,1071,1800,1900
2020-12-17,1072,,
2020-12-17,1073,,
2020-12-17,1074,,
2020-12-17,1075,,
2020-12-17,1076,,
2020-12-17,1077,,
2020-12-17,1078,,
2020-12-17,1079,,
2020-12-17,1080,,
2020-12-17,1081,1860,1980
2020-12-17,1082,,
2020-12-17,1083,,
2020-12-17,1084,,
2020-12-17,1085,890,1000
2020-12-17,1086,1650,1765
2020-12-17,1087,2120,2230
2020-12-17,1088,,
2020-12-17,1089,,
2020-12-17,1090,,
2020-12-17,1092,195,205
2020-12-17,1095,,
2020-12-17,1097,215,218
2020-12-17,1099,204,207
2020-12-17,1100,,
2020-12-17,1107,223,229
2020-12-17,1108,212,215
2020-12-17,1109,295,299
2020-12-17,1110,288,292
2020-12-17,1111,273,277
2020-12-17,1115,,305
2020-12-17,1116,,
2020-12-17,1117,,
2020-12-17,1118,221,223
2020-12-17,1119,238,241
2020-12-17,1121,,
2020-12-17,1122,,
2020-12-17,1123,,
2020-12-17,1124,298,302
2020-12-17,1125,291,295
2020-12-17,1126,276,280
2020-12-17,1127,193,195
2020-12-17,1128,197,199
2020-12-17,1129,197,209
2020-12-17,1130,208,209
2020-12-17,1131,,
2020-12-17,1132,,
2020-12-17,1133,178,182
2020-12-17,1134,183,187
2020-12-17,1135,188,191
2020-12-17,1136,192,194
2020-12-17,1137,,
2020-12-17,1138,222,233
2020-12-17,1139,,
2020-12-17,1140,282,284
2020-12-17,1141,,
2020-12-17,1142,290,295
2020-12-17,1143,450,470
2020-12-17,1144,480,530
2020-12-17,1145,425,435
2020-12-17,1146,920,1000
2020-12-17,1147,810,890
2020-12-17,1148,610,690
2020-12-17,1149,610,690
2020-12-17,1150,615,695
2020-12-17,1151,615,695
2020-12-17,1152,670,750
2020-12-17,1153,395,405
2020-12-17,1154,370,390
2020-12-17,1155,275,290
2020-12-17,1156,168,170
2020-12-17,1157,130,135
2020-12-17,1158,70,80
2020-12-17,1159,105,125
2020-12-17,1160,115,135
2020-12-17,1161,110,120
2020-12-17,1162,120,130
2020-12-17,1163,,
2020-12-17,1164,75,85
2020-12-17,1165,,
2020-12-17,1166,,
2020-12-17,1167,230,232
2020-12-17,1169,,
2020-12-17,1170,,
2020-12-17,1171,103,117
2020-12-17,1172,113,127
2020-12-17,1173,,
2020-12-17,1174,,
2020-12-17,1175,,
2020-12-17,1176,225,235
2020-12-17,1177,80,90
2020-12-17,1178,70,75
2020-12-17,1179,75,80
2020-12-17,1180,,
2020-12-17,1181,,
2020-12-17,1182,,
2020-12-17,1183,,
2020-12-17,1184,,
2020-12-17,1185,,
2020-12-17,1186,,
2020-12-17,1187,635,660
2020-12-17,1188,,
2020-12-17,1189,140,160
