date,code,low,high
2022-01-13,30,,
2022-01-13,31,391,393
2022-01-13,103,1080,1160
2022-01-13,104,840,920
2022-01-13,105,800,880
2022-01-13,106,870,950
2022-01-13,107,730,810
2022-01-13,108,960,1040
2022-01-13,109,840,920
2022-01-13,175,0.5,0.53
2022-01-13,176,0.75,0.78
2022-01-13,178,0.6,0.63
2022-01-13,186,,
2022-01-13,187,,
2022-01-13,190,1.6,1.8
2022-01-13,194,2,2.2
2022-01-13,195,2,2.2
2022-01-13,196,2,2.2
2022-01-13,201,3.15,3.35
2022-01-13,202,1.7,1.9
2022-01-13,203,1.95,2.15
2022-01-13,204,1.6,1.8
2022-01-13,206,2.5,3
2022-01-13,208,1.7,1.9
2022-01-13,209,1.5,1.7
2022-01-13,210,1.85,2.2
2022-01-13,211,2.1,2.4
2022-01-13,213,1.7,1.9
2022-01-13,482,2.8,3
2022-01-13,483,2.5,2.7
2022-01-13,513,,
2022-01-13,515,,
2022-01-13,621,5.9,6.3
2022-01-13,637,1.7,1.9
2022-01-13,640,1.7,1.9
2022-01-13,681,1.7,1.9
2022-01-13,851,1.3,1.5
2022-01-13,1135,0.55,0.6
2022-01-13,1156,2.1,2.3
2022-01-13,1165,1.6,1.8
2022-01-13,1177,314,319
2022-01-13,1178,,
2022-01-13,1182,286,289
2022-01-13,1183,597,600
2022-01-13,1186,446,448
2022-01-13,1187,,
2022-01-13,1188,323,325
2022-01-13,1189,427,432
2022-01-13,1191,,
2022-01-13,1192,,
2022-01-13,1197,,
2022-01-13,1203,,
2022-01-13,1208,,
2022-01-13,1209,323,333
2022-01-13,1215,810,815
2022-01-13,1217,217,219
2022-01-13,1218,230,231
2022-01-13,1219,277,280
2022-01-13,1220,223,225
2022-01-13,1222,269,271
2022-01-13,1223,280,281
2022-01-13,1224,329,331
2022-01-13,1225,214,216
2022-01-13,1226,223,225
2022-01-13,1227,268,270
2022-01-13,1228,348,350
2022-01-13,1242,504,506
2022-01-13,1243,,
2022-01-13,1244,512,514
2022-01-13,1245,508,510
2022-01-13,1248,716,719
2022-01-13,1249,,
2022-01-13,1250,261,266
2022-01-13,1251,331,333
2022-01-13,1252,382,384
2022-01-13,1253,556,560
2022-01-13,1254,573,576
2022-01-13,1270,237,238
2022-01-13,1273,234,235
2022-01-13,1274,234,235
2022-01-13,1275,299,301
2022-01-13,1276,275,277
2022-01-13,1278,390,415
2022-01-13,1282,585,595
2022-01-13,1283,560,580
2022-01-13,1284,350,365
2022-01-13,1285,208,210
2022-01-13,1286,175,180
2022-01-13,1287,70,80
2022-01-13,1289,,
2022-01-13,1290,,
2022-01-13,1291,127,145
2022-01-13,1292,138,153
2022-01-13,1293,,
2022-01-13,1294,,
2022-01-13,1297,,
2022-01-13,1298,,
2022-01-13,1378,,
2022-01-13,1379,295,299
2022-01-13,1380,301,305
2022-01-13,1414,,
2022-01-13,1432,145,160
2022-01-13,1433,150,170
2022-01-13,1434,93,113
2022-01-13,1452,,
2022-01-13,1453,,
2022-01-13,1478,,
2022-01-13,1491,145,170
2022-01-13,1492,155,180
2022-01-13,1493,108,128
2022-01-13,1535,656,659
2022-01-13,1536,,
2022-01-13,1537,,
2022-01-13,1538,,
2022-01-13,1553,155,175
2022-01-13,1554,165,183
2022-01-13,1618,,
2022-01-13,1621,,
2022-01-13,1624,305,307
2022-01-13,1630,283,285
2022-01-13,1631,288,290
2022-01-13,1633,290,291
2022-01-13,1634,,
2022-01-13,1656,321,325
2022-01-13,1676,377,382
2022-01-13,1677,327,330
2022-01-13,1684,875,880
2022-01-13,1704,,
2022-01-13,1774,,
2022-01-13,1779,,
2022-01-13,1780,,
2022-01-13,1781,350,360
2022-01-13,1784,235,245
2022-01-13,1790,,
2022-01-13,1792,277,287
2022-01-13,1793,460,480
2022-01-13,1794,590,620
2022-01-13,1795,420,430
2022-01-13,1862,1.8,2
2022-01-13,1863,2,2.2
2022-01-13,1864,2.4,2.6
2022-01-13,1865,2.6,3.1
2022-01-13,1868,1.5,1.7
2022-01-13,1871,,
2022-01-13,1887,1.7,1.9
2022-01-13,1893,555,575
2022-01-13,1894,595,615
2022-01-13,1895,635,675
2022-01-13,1896,645,685
2022-01-13,1900,445,448
2022-01-13,1901,1215,1220
2022-01-13,1902,1185,1190
2022-01-13,1951,540,550
2022-01-13,1953,,
2022-01-13,1960,,
2022-01-13,1961,,
2022-01-13,1971,385,390
2022-01-13,1981,3.9,4.2
2022-01-13,1982,,
2022-01-13,1983,4.3,4.9
2022-01-13,1984,4.8,5.2
2022-01-13,1985,5.7,6
2022-01-13,1986,,
2022-01-13,1987,,
2022-01-13,1988,4.2,4.5
2022-01-13,1989,4.6,5.3
2022-01-13,1990,4.8,5.2
2022-01-13,1991,5,5.3
2022-01-13,1992,6.3,7
2022-01-13,1993,6,6.3
2022-01-13,1994,,
2022-01-13,1995,8,8.5
2022-01-13,1996,4.8,5.2
2022-01-13,1997,,
2022-01-13,1998,6.4,7
2022-01-13,1999,4.8,5.2
2022-01-13,2000,6.2,6.7
2022-01-13,2001,,
2022-01-13,2002,5,5.3
2022-01-13,2003,5,5.3
2022-01-13,2004,,
2022-01-13,2005,,
2022-01-13,2006,5.6,5.8
2022-01-13,2007,,
2022-01-13,2008,6.1,6.4
2022-01-13,2009,,
2022-01-13,2010,,
2022-01-13,2011,,
2022-01-13,2012,,
2022-01-13,2013,6,6.2
2022-01-13,2014,5,5.3
2022-01-13,2015,5.2,5.6
2022-01-13,2016,6.4,7
2022-01-13,2017,,
2022-01-13,2018,,
2022-01-13,2019,,
2022-01-13,2020,,
2022-01-13,2021,,
2022-01-13,2022,,
2022-01-13,2023,6.5,7
2022-01-13,2024,,
2022-01-13,2025,,
2022-01-13,2026,,
2022-01-13,2027,,
2022-01-13,2028,,
2022-01-13,2029,,
2022-01-13,2030,,
2022-01-13,2031,,
2022-01-13,2032,,
2022-01-13,2033,,
2022-01-13,2034,,
2022-01-13,2035,,
2022-01-13,2036,,
2022-01-13,2037,,
2022-01-13,2038,,
2022-01-13,2039,,
2022-01-13,2040,,
2022-01-13,2041,,
2022-01-13,2042,,
2022-01-13,2043,,
2022-01-13,2044,,
2022-01-13,2045,,
2022-01-13,2046,,
2022-01-13,2047,,
2022-01-13,2048,,
2022-01-13,2049,,
2022-01-13,2050,,
2022-01-13,2051,,
2022-01-13,2052,,
2022-01-13,2053,,
2022-01-13,2054,,
2022-01-13,2055,,
2022-01-13,2056,,
2022-01-13,2057,,
2022-01-13,2099,,
2022-01-13,2100,65,70
2022-01-13,2101,75,80
2022-01-13,2123,430,450
2022-01-13,2124,410,430
2022-01-13,2130,995,1005
2022-01-13,2137,3.6,3.8
2022-01-13,2142,2.6,2.8
2022-01-13,2147,291,291
2022-01-13,2171,,
2022-01-13,2172,430,440
2022-01-13,2188,305,307
2022-01-13,2189,,
2022-01-13,2228,1.7,1.9
2022-01-13,2242,1.7,1.9
2022-01-13,2262,2000,2100
2022-01-13,2263,2250,2350
2022-01-13,2264,,
2022-01-13,2265,,
2022-01-13,2266,,
2022-01-13,2267,1500,1600
2022-01-13,2268,,
2022-01-13,2269,,
2022-01-13,2270,80,100
2022-01-13,2271,,
2022-01-13,2272,,
2022-01-13,2273,2530,2710
2022-01-13,2274,,
2022-01-13,2275,,
2022-01-13,2276,1220,1330
2022-01-13,2277,830,945
2022-01-13,2278,2330,2450
2022-01-13,2279,2630,2740
2022-01-13,2280,,
2022-01-13,2281,,
2022-01-13,2282,1660,1820
2022-01-13,2283,,
2022-01-13,2293,,
2022-01-13,2304,1.7,1.9
2022-01-13,2339,532,537
2022-01-13,2340,526,531
2022-01-13,2341,512,516
2022-01-13,2344,,
2022-01-13,2378,,
2022-01-13,2379,,
2022-01-13,2380,,
2022-01-13,2381,,
2022-01-13,2382,,
2022-01-13,2383,,
2022-01-13,2384,,
2022-01-13,2385,,
2022-01-13,2386,132,150
2022-01-13,2387,143,158
2022-01-13,2388,150,165
2022-01-13,2389,155,175
2022-01-13,2390,150,175
2022-01-13,2391,160,185
2022-01-13,2392,160,180
2022-01-13,2393,170,188
2022-01-13,2394,,
2022-01-13,2395,,
2022-01-13,2396,98,118
2022-01-13,2397,113,133
2022-01-13,2398,,
2022-01-13,2399,,
2022-01-13,2400,70,75
2022-01-13,2401,80,85
2022-01-13,2402,2150,2300
2022-01-13,2403,,
2022-01-13,2404,,
2022-01-13,2405,,
2022-01-13,2406,1100,1200
2022-01-13,2407,750,850
2022-01-13,2416,,
2022-01-13,2418,,
2022-01-13,2431,,
2022-01-13,2483,,
2022-01-13,2484,5.6,6
2022-01-13,2585,,
2022-01-13,2589,190,210
2022-01-13,2634,130,135
2022-01-13,2635,130,135
2022-01-13,2636,1632,1652
2022-01-13,2637,1927,1932
2022-01-13,2638,255,260
2022-01-13,2639,245,250
2022-01-13,2640,215,220
2022-01-13,2641,275,280
2022-01-13,2642,220,230
2022-01-13,2643,180,190
2022-01-13,2644,167,177
2022-01-13,2645,160,167
2022-01-13,2646,,
2022-01-13,2647,210,220
2022-01-13,2650,,
2022-01-13,2656,1.4,1.6
2022-01-13,2658,,
2022-01-13,2665,1.7,1.9
2022-01-13,2679,370,380
2022-01-13,2687,544,548
2022-01-13,2688,539,543
2022-01-13,2689,252,260
2022-01-13,2713,360,370
2022-01-13,2714,385,395
2022-01-13,2717,,
2022-01-13,2718,,
2022-01-13,2719,82,87
2022-01-13,2720,,
2022-01-13,2721,87,92
2022-01-13,2781,0.65,0.7
2022-01-13,2782,0.6,0.63
2022-01-13,2783,0.67,0.7
2022-01-13,2784,0.82,0.85
2022-01-13,2785,1.7,1.9
2022-01-13,2786,1.8,2
2022-01-13,2787,,
2022-01-13,2813,37.5,41.5
2022-01-13,2814,38.5,42.5
2022-01-13,2815,37.5,41.5
2022-01-13,2816,38.5,42.5
2022-01-13,2817,,
2022-01-13,2818,,
2022-01-13,2819,,
2022-01-13,2820,,
2022-01-13,2821,,
2022-01-13,2822,60,70
2022-01-13,2823,45,50
2022-01-13,2824,40,45
2022-01-13,2825,40,45
2022-01-13,2826,,
2022-01-13,2827,,
2022-01-13,2828,,
2022-01-13,2829,45,50
2022-01-13,2830,,
2022-01-13,2831,,
2022-01-13,2832,,
2022-01-13,2833,,
2022-01-13,2834,37.5,41.5
2022-01-13,2835,,
2022-01-13,2836,,
2022-01-13,2837,,
2022-01-13,2838,,
2022-01-13,2839,,
2022-01-13,2840,,
2022-01-13,2841,,
2022-01-13,2842,,
2022-01-13,2843,52,57
2022-01-13,2844,50,55
2022-01-13,2845,50,55
2022-01-13,2846,45,50
2022-01-13,2847,,
2022-01-13,2848,,
2022-01-13,2849,,
2022-01-13,2850,,
2022-01-13,2851,,
2022-01-13,2854,2.1,2.3
2022-01-13,2856,1.25,1.45
2022-01-13,2860,1.4,1.6
2022-01-13,2861,1.9,2
2022-01-13,2863,2.2,2.5
2022-01-13,2864,2.5,2.7
2022-01-13,2870,1.4,1.6
2022-01-13,2871,1.6,1.8
2022-01-13,2872,1.8,2
2022-01-13,2873,2,2.2
2022-01-13,2875,0.7,0.9
2022-01-13,2876,1.8,2
2022-01-13,2877,1.6,1.8
2022-01-20,30,,
2022-01-20,31,391,393
2022-01-20,103,1080,1160
2022-01-20,104,840,920
2022-01-20,105,810,890
2022-01-20,106,870,950
2022-01-20,107,740,820
2022-01-20,108,990,1070
2022-01-20,109,850,930
2022-01-20,175,0.5,0.53
2022-01-20,176,0.75,0.78
2022-01-20,178,0.6,0.63
2022-01-20,186,,
2022-01-20,187,,
2022-01-20,190,1.6,1.8
2022-01-20,194,2,2.2
2022-01-20,195,2,2.2
2022-01-20,196,2,2.2
2022-01-20,201,3.15,3.35
2022-01-20,202,1.7,1.9
2022-01-20,203,1.95,2.15
2022-01-20,204,1.6,1.8
2022-01-20,206,2.5,3
2022-01-20,208,1.7,1.9
2022-01-20,209,1.5,1.7
2022-01-20,210,1.85,2.2
2022-01-20,211,2.1,2.4
2022-01-20,213,1.7,1.9
2022-01-20,482,2.8,3
2022-01-20,483,2.5,2.7
2022-01-20,513,,
2022-01-20,515,,
2022-01-20,621,5.9,6.3
2022-01-20,637,1.7,1.9
2022-01-20,640,,
2022-01-20,681,1.7,1.9
2022-01-20,851,1.3,1.5
2022-01-20,1135,0.55,0.6
2022-01-20,1156,2.2,2.4
2022-01-20,1165,1.6,1.8
2022-01-20,1177,311,316
2022-01-20,1178,,
2022-01-20,1182,283,286
2022-01-20,1183,597,600
2022-01-20,1186,436,438
2022-01-20,1187,,
2022-01-20,1188,320,322
2022-01-20,1189,420,430
2022-01-20,1191,,
2022-01-20,1192,,
2022-01-20,1197,,
2022-01-20,1203,,
2022-01-20,1208,,
2022-01-20,1209,320,330
2022-01-20,1215,820,825
2022-01-20,1217,215,217
2022-01-20,1218,228,229
2022-01-20,1219,277,280
2022-01-20,1220,218,220
2022-01-20,1222,267,269
2022-01-20,1223,278,279
2022-01-20,1224,329,331
2022-01-20,1225,212,214
2022-01-20,1226,218,220
2022-01-20,1227,243,245
2022-01-20,1228,348,350
2022-01-20,1242,504,506
2022-01-20,1243,500,502
2022-01-20,1244,512,514
2022-01-20,1245,508,510
2022-01-20,1248,714,717
2022-01-20,1249,,
2022-01-20,1250,270,275
2022-01-20,1251,328,330
2022-01-20,1252,402,404
2022-01-20,1253,556,560
2022-01-20,1254,573,576
2022-01-20,1270,237,238
2022-01-20,1273,234,235
2022-01-20,1274,234,235
2022-01-20,1275,299,301
2022-01-20,1276,275,277
2022-01-20,1278,400,425
2022-01-20,1282,590,600
2022-01-20,1283,565,585
2022-01-20,1284,350,365
2022-01-20,1285,208,210
2022-01-20,1286,175,180
2022-01-20,1287,70,80
2022-01-20,1289,,
2022-01-20,1290,,
2022-01-20,1291,127,145
2022-01-20,1292,138,153
2022-01-20,1293,,
2022-01-20,1294,,
2022-01-20,1297,,
2022-01-20,1298,,
2022-01-20,1378,,
2022-01-20,1379,292,296
2022-01-20,1380,298,302
2022-01-20,1414,,
2022-01-20,1432,145,160
2022-01-20,1433,150,170
2022-01-20,1434,93,113
2022-01-20,1452,,
2022-01-20,1453,,
2022-01-20,1478,,
2022-01-20,1491,145,170
2022-01-20,1492,155,180
2022-01-20,1493,108,128
2022-01-20,1535,654,657
2022-01-20,1536,,
2022-01-20,1537,,
2022-01-20,1538,,
2022-01-20,1553,155,175
2022-01-20,1554,165,183
2022-01-20,1618,,
2022-01-20,1621,,
2022-01-20,1624,304,306
2022-01-20,1630,282,284
2022-01-20,1631,287,289
2022-01-20,1633,288,289
2022-01-20,1634,,
2022-01-20,1656,318,322
2022-01-20,1676,377,382
2022-01-20,1677,324,327
2022-01-20,1684,885,890
2022-01-20,1704,,
2022-01-20,1774,,
2022-01-20,1779,,
2022-01-20,1780,,
2022-01-20,1781,,
2022-01-20,1784,245,255
2022-01-20,1790,1030,1040
2022-01-20,1792,284,294
2022-01-20,1793,460,480
2022-01-20,1794,600,630
2022-01-20,1795,420,430
2022-01-20,1862,1.8,2
2022-01-20,1863,2,2.2
2022-01-20,1864,2.4,2.6
2022-01-20,1865,2.6,3.1
2022-01-20,1868,,
2022-01-20,1871,410,430
2022-01-20,1887,1.7,1.9
2022-01-20,1893,555,575
2022-01-20,1894,595,615
2022-01-20,1895,635,675
2022-01-20,1896,645,685
2022-01-20,1900,435,438
2022-01-20,1901,1205,1210
2022-01-20,1902,1175,1180
2022-01-20,1951,550,560
2022-01-20,1953,,
2022-01-20,1960,,
2022-01-20,1961,,
2022-01-20,1971,385,390
2022-01-20,1981,3.9,4.2
2022-01-20,1982,,
2022-01-20,1983,4.3,4.9
2022-01-20,1984,4.8,5.2
2022-01-20,1985,5.7,6
2022-01-20,1986,,
2022-01-20,1987,,
2022-01-20,1988,4.2,4.5
2022-01-20,1989,4.6,5.3
2022-01-20,1990,4.8,5.2
2022-01-20,1991,5,5.3
2022-01-20,1992,6.3,7
2022-01-20,1993,6,6.3
2022-01-20,1994,,
2022-01-20,1995,8,8.5
2022-01-20,1996,4.8,5.2
2022-01-20,1997,,
2022-01-20,1998,6.4,7
2022-01-20,1999,4.8,5.2
2022-01-20,2000,6.2,6.7
2022-01-20,2001,,
2022-01-20,2002,5,5.3
2022-01-20,2003,5,5.3
2022-01-20,2004,,
2022-01-20,2005,,
2022-01-20,2006,5.6,5.8
2022-01-20,2007,,
2022-01-20,2008,6.1,6.4
2022-01-20,2009,,
2022-01-20,2010,,
2022-01-20,2011,,
2022-01-20,2012,,
2022-01-20,2013,6,6.2
2022-01-20,2014,5,5.3
2022-01-20,2015,5.2,5.6
2022-01-20,2016,6.4,7
2022-01-20,2017,,
2022-01-20,2018,,
2022-01-20,2019,,
2022-01-20,2020,,
2022-01-20,2021,,
2022-01-20,2022,,
2022-01-20,2023,6.5,7
2022-01-20,2024,,
2022-01-20,2025,,
2022-01-20,2026,,
2022-01-20,2027,,
2022-01-20,2028,,
2022-01-20,2029,,
2022-01-20,2030,,
2022-01-20,2031,,
2022-01-20,2032,,
2022-01-20,2033,,
2022-01-20,2034,,
2022-01-20,2035,,
2022-01-20,2036,,
2022-01-20,2037,,
2022-01-20,2038,,
2022-01-20,2039,,
2022-01-20,2040,,
2022-01-20,2041,,
2022-01-20,2042,,
2022-01-20,2043,,
2022-01-20,2044,,
2022-01-20,2045,,
2022-01-20,2046,,
2022-01-20,2047,,
2022-01-20,2048,,
2022-01-20,2049,,
2022-01-20,2050,,
2022-01-20,2051,,
2022-01-20,2052,,
2022-01-20,2053,,
2022-01-20,2054,,
2022-01-20,2055,,
2022-01-20,2056,,
2022-01-20,2057,,
2022-01-20,2099,,
2022-01-20,2100,65,70
2022-01-20,2101,75,80
2022-01-20,2123,430,450
2022-01-20,2124,410,430
2022-01-20,2130,1050,1060
2022-01-20,2137,3.6,3.8
2022-01-20,2142,2.6,2.8
2022-01-20,2147,289,289
2022-01-20,2171,,
2022-01-20,2172,430,440
2022-01-20,2188,300,302
2022-01-20,2189,,
2022-01-20,2228,1.7,1.9
2022-01-20,2242,1.7,1.9
2022-01-20,2262,,
2022-01-20,2263,,
2022-01-20,2264,,
2022-01-20,2265,,
2022-01-20,2266,,
2022-01-20,2267,,
2022-01-20,2268,,
2022-01-20,2269,,
2022-01-20,2270,,
2022-01-20,2271,,
2022-01-20,2272,,
2022-01-20,2273,,
2022-01-20,2274,,
2022-01-20,2275,,
2022-01-20,2276,,
2022-01-20,2277,,
2022-01-20,2278,,
2022-01-20,2279,,
2022-01-20,2280,,
2022-01-20,2281,,
2022-01-20,2282,,
2022-01-20,2283,,
2022-01-20,2293,,
2022-01-20,2304,1.7,1.9
2022-01-20,2339,540,545
2022-01-20,2340,534,539
2022-01-20,2341,520,524
2022-01-20,2344,,
2022-01-20,2378,,
2022-01-20,2379,,
2022-01-20,2380,,
2022-01-20,2381,,
2022-01-20,2382,,
2022-01-20,2383,,
2022-01-20,2384,,
2022-01-20,2385,,
2022-01-20,2386,132,150
2022-01-20,2387,143,158
2022-01-20,2388,150,165
2022-01-20,2389,155,175
2022-01-20,2390,150,175
2022-01-20,2391,160,185
2022-01-20,2392,160,180
2022-01-20,2393,170,188
2022-01-20,2394,,
2022-01-20,2395,,
2022-01-20,2396,98,118
2022-01-20,2397,113,133
2022-01-20,2398,,
2022-01-20,2399,,
2022-01-20,2400,70,75
2022-01-20,2401,80,85
2022-01-20,2402,,
2022-01-20,2403,,
2022-01-20,2404,,
2022-01-20,2405,,
2022-01-20,2406,,
2022-01-20,2407,,
2022-01-20,2416,,
2022-01-20,2418,,
2022-01-20,2431,,
2022-01-20,2483,,
2022-01-20,2484,5.6,6
2022-01-20,2585,,
2022-01-20,2589,190,210
2022-01-20,2634,130,135
2022-01-20,2635,130,135
2022-01-20,2636,1632,1652
2022-01-20,2637,1927,1932
2022-01-20,2638,255,260
2022-01-20,2639,245,250
2022-01-20,2640,215,220
2022-01-20,2641,275,280
2022-01-20,2642,220,230
2022-01-20,2643,180,190
2022-01-20,2644,167,177
2022-01-20,2645,160,167
2022-01-20,2646,,
2022-01-20,2647,210,220
2022-01-20,2650,1.8,2
2022-01-20,2656,1.4,1.6
2022-01-20,2658,,
2022-01-20,2665,1.7,1.9
2022-01-20,2679,370,380
2022-01-20,2687,556,560
2022-01-20,2688,551,555
2022-01-20,2689,257,265
2022-01-20,2713,360,370
2022-01-20,2714,385,395
2022-01-20,2717,,
2022-01-20,2718,,
2022-01-20,2719,82,87
2022-01-20,2720,,
2022-01-20,2721,87,92
2022-01-20,2781,0.65,0.7
2022-01-20,2782,0.6,0.63
2022-01-20,2783,0.67,0.7
2022-01-20,2784,0.82,0.85
2022-01-20,2785,1.7,1.9
2022-01-20,2786,1.8,2
2022-01-20,2787,,
2022-01-20,2813,37.5,41.5
2022-01-20,2814,38.5,42.5
2022-01-20,2815,37.5,41.5
2022-01-20,2816,38.5,42.5
2022-01-20,2817,,
2022-01-20,2818,,
2022-01-20,2819,,
2022-01-20,2820,,
2022-01-20,2821,,
2022-01-20,2822,60,70
2022-01-20,2823,45,50
2022-01-20,2824,40,45
2022-01-20,2825,40,45
2022-01-20,2826,,
2022-01-20,2827,,
2022-01-20,2828,,
2022-01-20,2829,45,50
2022-01-20,2830,,
2022-01-20,2831,,
2022-01-20,2832,,
2022-01-20,2833,,
2022-01-20,2834,37.5,41.5
2022-01-20,2835,,
2022-01-20,2836,,
2022-01-20,2837,,
2022-01-20,2838,,
2022-01-20,2839,,
2022-01-20,2840,,
2022-01-20,2841,,
2022-01-20,2842,,
2022-01-20,2843,52,57
2022-01-20,2844,50,55
2022-01-20,2845,50,55
2022-01-20,2846,45,50
2022-01-20,2847,,
2022-01-20,2848,,
2022-01-20,2849,,
2022-01-20,2850,,
2022-01-20,2851,,
2022-01-20,2854,2.1,2.3
2022-01-20,2856,1.25,1.45
2022-01-20,2860,1.4,1.6
2022-01-20,2861,1.9,2
2022-01-20,2863,2.2,2.5
2022-01-20,2864,2.5,2.7
2022-01-20,2870,1.4,1.6
2022-01-20,2871,1.6,1.8
2022-01-20,2872,1.8,2
2022-01-20,2873,2,2.2
2022-01-20,2875,0.7,0.9
2022-01-20,2876,1.8,2
2022-01-20,2877,1.6,1.8
2022-01-20,2883,1050,1060
2022-01-27,30,,
2022-01-27,31,391,393
2022-01-27,103,1160,1240
2022-01-27,104,920,1000
2022-01-27,105,880,960
2022-01-27,106,870,950
2022-01-27,107,800,880
2022-01-27,108,1090,1170
2022-01-27,109,920,1000
2022-01-27,175,0.5,0.53
2022-01-27,176,0.75,0.78
2022-01-27,178,0.6,0.63
2022-01-27,186,,
2022-01-27,187,,
2022-01-27,190,1.6,1.8
2022-01-27,194,2.1,2.3
2022-01-27,195,2.1,2.3
2022-01-27,196,,
2022-01-27,201,3.15,3.35
2022-01-27,202,1.7,1.9
2022-01-27,203,1.95,2.15
2022-01-27,204,1.6,1.8
2022-01-27,206,,
2022-01-27,208,,
2022-01-27,209,,
2022-01-27,210,1.85,2.2
2022-01-27,211,2.1,2.4
2022-01-27,213,1.7,1.9
2022-01-27,482,2.8,3
2022-01-27,483,2.5,2.7
2022-01-27,513,,
2022-01-27,515,,
2022-01-27,621,5.9,6.3
2022-01-27,637,1.7,1.9
2022-01-27,640,,
2022-01-27,681,1.7,1.9
2022-01-27,851,1.2,1.4
2022-01-27,1135,0.55,0.6
2022-01-27,1156,2.3,2.5
2022-01-27,1165,1.7,1.9
2022-01-27,1177,310,315
2022-01-27,1178,,
2022-01-27,1182,281,284
2022-01-27,1183,602,605
2022-01-27,1186,436,438
2022-01-27,1187,,
2022-01-27,1188,320,322
2022-01-27,1189,420,430
2022-01-27,1191,,
2022-01-27,1192,,
2022-01-27,1197,,
2022-01-27,1203,,
2022-01-27,1208,,
2022-01-27,1209,320,325
2022-01-27,1215,820,825
2022-01-27,1217,210,212
2022-01-27,1218,223,224
2022-01-27,1219,272,275
2022-01-27,1220,211,213
2022-01-27,1222,262,264
2022-01-27,1223,273,274
2022-01-27,1224,324,326
2022-01-27,1225,207,209
2022-01-27,1226,211,213
2022-01-27,1227,218,220
2022-01-27,1228,348,350
2022-01-27,1242,509,511
2022-01-27,1243,,
2022-01-27,1244,517,519
2022-01-27,1245,513,515
2022-01-27,1248,719,722
2022-01-27,1249,,
2022-01-27,1250,270,275
2022-01-27,1251,327,329
2022-01-27,1252,406,408
2022-01-27,1253,566,570
2022-01-27,1254,588,591
2022-01-27,1270,237,238
2022-01-27,1273,234,235
2022-01-27,1274,234,235
2022-01-27,1275,299,301
2022-01-27,1276,275,277
2022-01-27,1278,400,425
2022-01-27,1282,590,600
2022-01-27,1283,565,585
2022-01-27,1284,350,365
2022-01-27,1285,208,210
2022-01-27,1286,175,180
2022-01-27,1287,70,80
2022-01-27,1289,,
2022-01-27,1290,,
2022-01-27,1291,127,145
2022-01-27,1292,138,153
2022-01-27,1293,,
2022-01-27,1294,,
2022-01-27,1297,,
2022-01-27,1298,,
2022-01-27,1378,,
2022-01-27,1379,292,296
2022-01-27,1380,298,302
2022-01-27,1414,,
2022-01-27,1432,145,160
2022-01-27,1433,150,170
2022-01-27,1434,93,113
2022-01-27,1452,,
2022-01-27,1453,,
2022-01-27,1478,,
2022-01-27,1491,145,170
2022-01-27,1492,155,180
2022-01-27,1493,108,128
2022-01-27,1535,659,662
2022-01-27,1536,,
2022-01-27,1537,,
2022-01-27,1538,,
2022-01-27,1553,155,175
2022-01-27,1554,165,183
2022-01-27,1618,,
2022-01-27,1621,,
2022-01-27,1624,304,306
2022-01-27,1630,282,284
2022-01-27,1631,287,289
2022-01-27,1633,288,289
2022-01-27,1634,,
2022-01-27,1656,317,321
2022-01-27,1676,377,382
2022-01-27,1677,323,326
2022-01-27,1684,885,890
2022-01-27,1704,,
2022-01-27,1774,,
2022-01-27,1779,,
2022-01-27,1780,,
2022-01-27,1781,,
2022-01-27,1784,245,255
2022-01-27,1790,1050,1080
2022-01-27,1792,284,294
2022-01-27,1793,500,520
2022-01-27,1794,625,690
2022-01-27,1795,460,470
2022-01-27,1862,1.8,2
2022-01-27,1863,2,2.2
2022-01-27,1864,2.4,2.6
2022-01-27,1865,2.6,3.1
2022-01-27,1868,,
2022-01-27,1871,410,430
2022-01-27,1887,1.7,1.9
2022-01-27,1893,555,575
2022-01-27,1894,595,615
2022-01-27,1895,635,675
2022-01-27,1896,645,685
2022-01-27,1900,435,438
2022-01-27,1901,1200,1205
2022-01-27,1902,1170,1175
2022-01-27,1951,555,565
2022-01-27,1953,,
2022-01-27,1960,,
2022-01-27,1961,,
2022-01-27,1971,385,390
2022-01-27,1981,3.9,4.2
2022-01-27,1982,,
2022-01-27,1983,4.3,4.9
2022-01-27,1984,4.8,5.2
2022-01-27,1985,5.7,6
2022-01-27,1986,,
2022-01-27,1987,,
2022-01-27,1988,4.2,4.5
2022-01-27,1989,4.6,5.3
2022-01-27,1990,4.8,5.2
2022-01-27,1991,5,5.3
2022-01-27,1992,6.3,7
2022-01-27,1993,6,6.3
2022-01-27,1994,,
2022-01-27,1995,8,8.5
2022-01-27,1996,4.8,5.2
2022-01-27,1997,,
2022-01-27,1998,6.4,7
2022-01-27,1999,4.8,5.2
2022-01-27,2000,6.2,6.7
2022-01-27,2001,,
2022-01-27,2002,5,5.3
2022-01-27,2003,5,5.3
2022-01-27,2004,,
2022-01-27,2005,,
2022-01-27,2006,5.6,5.8
2022-01-27,2007,,
2022-01-27,2008,6.1,6.4
2022-01-27,2009,,
2022-01-27,2010,,
2022-01-27,2011,,
2022-01-27,2012,,
2022-01-27,2013,6,6.2
2022-01-27,2014,5,5.3
2022-01-27,2015,5.2,5.6
2022-01-27,2016,6.4,7
2022-01-27,2017,,
2022-01-27,2018,,
2022-01-27,2019,,
2022-01-27,2020,,
2022-01-27,2021,,
2022-01-27,2022,,
2022-01-27,2023,6.5,7
2022-01-27,2024,,
2022-01-27,2025,,
2022-01-27,2026,,
2022-01-27,2027,,
2022-01-27,2028,,
2022-01-27,2029,,
2022-01-27,2030,,
2022-01-27,2031,,
2022-01-27,2032,,
2022-01-27,2033,,
2022-01-27,2034,,
2022-01-27,2035,,
2022-01-27,2036,,
2022-01-27,2037,,
2022-01-27,2038,,
2022-01-27,2039,,
2022-01-27,2040,,
2022-01-27,2041,,
2022-01-27,2042,,
2022-01-27,2043,,
2022-01-27,2044,,
2022-01-27,2045,,
2022-01-27,2046,,
2022-01-27,2047,,
2022-01-27,2048,,
2022-01-27,2049,,
2022-01-27,2050,,
2022-01-27,2051,,
2022-01-27,2052,,
2022-01-27,2053,,
2022-01-27,2054,,
2022-01-27,2055,,
2022-01-27,2056,,
2022-01-27,2057,,
2022-01-27,2099,,
2022-01-27,2100,65,70
2022-01-27,2101,75,80
2022-01-27,2123,430,450
2022-01-27,2124,410,430
2022-01-27,2137,3.6,3.8
2022-01-27,2142,2.6,2.8
2022-01-27,2147,289,289
2022-01-27,2171,,
2022-01-27,2172,430,440
2022-01-27,2188,300,302
2022-01-27,2189,,
2022-01-27,2190,,
2022-01-27,2228,1.7,1.9
2022-01-27,2242,1.7,1.9
2022-01-27,2262,,
2022-01-27,2263,,
2022-01-27,2264,,
2022-01-27,2265,,
2022-01-27,2266,,
2022-01-27,2267,,
2022-01-27,2268,,
2022-01-27,2269,,
2022-01-27,2270,,
2022-01-27,2271,,
2022-01-27,2272,,
2022-01-27,2273,,
2022-01-27,2274,,
2022-01-27,2275,,
2022-01-27,2276,,
2022-01-27,2277,,
2022-01-27,2278,,
2022-01-27,2279,,
2022-01-27,2280,,
2022-01-27,2281,,
2022-01-27,2282,,
2022-01-27,2283,,
2022-01-27,2293,,
2022-01-27,2304,1.7,1.9
2022-01-27,2339,540,545
2022-01-27,2340,534,539
2022-01-27,2341,520,524
2022-01-27,2344,,
2022-01-27,2378,,
2022-01-27,2379,,
2022-01-27,2380,,
2022-01-27,2381,,
2022-01-27,2382,,
2022-01-27,2383,,
2022-01-27,2384,,
2022-01-27,2385,,
2022-01-27,2386,132,150
2022-01-27,2387,143,158
2022-01-27,2388,150,165
2022-01-27,2389,155,175
2022-01-27,2390,150,175
2022-01-27,2391,160,185
2022-01-27,2392,160,180
2022-01-27,2393,170,188
2022-01-27,2394,,
2022-01-27,2395,,
2022-01-27,2396,98,118
2022-01-27,2397,113,133
2022-01-27,2398,,
2022-01-27,2399,,
2022-01-27,2400,70,75
2022-01-27,2401,80,85
2022-01-27,2402,,
2022-01-27,2403,,
2022-01-27,2404,,
2022-01-27,2405,,
2022-01-27,2406,,
2022-01-27,2407,,
2022-01-27,2416,,
2022-01-27,2418,,
2022-01-27,2431,,
2022-01-27,2483,,
2022-01-27,2484,5.6,6
2022-01-27,2585,,
2022-01-27,2589,190,210
2022-01-27,2634,135,140
2022-01-27,2635,135,140
2022-01-27,2636,1632,1652
2022-01-27,2637,1927,1932
2022-01-27,2638,255,260
2022-01-27,2639,245,250
2022-01-27,2640,215,220
2022-01-27,2641,275,280
2022-01-27,2642,220,230
2022-01-27,2643,180,190
2022-01-27,2644,167,177
2022-01-27,2645,160,167
2022-01-27,2646,,
2022-01-27,2647,210,220
2022-01-27,2650,1.7,1.9
2022-01-27,2656,1.4,1.6
2022-01-27,2658,,
2022-01-27,2665,1.7,1.9
2022-01-27,2679,370,380
2022-01-27,2687,556,560
2022-01-27,2688,551,555
2022-01-27,2689,257,265
2022-01-27,2713,360,370
2022-01-27,2714,385,395
2022-01-27,2717,,
2022-01-27,2718,,
2022-01-27,2719,82,87
2022-01-27,2720,,
2022-01-27,2721,87,92
2022-01-27,2781,0.65,0.7
2022-01-27,2782,0.6,0.63
2022-01-27,2783,0.67,0.7
2022-01-27,2784,0.82,0.85
2022-01-27,2785,1.7,1.9
2022-01-27,2786,1.8,2
2022-01-27,2787,,
2022-01-27,2813,37.5,41.5
2022-01-27,2814,38.5,42.5
2022-01-27,2815,37.5,41.5
2022-01-27,2816,38.5,42.5
2022-01-27,2817,,
2022-01-27,2818,,
2022-01-27,2819,,
2022-01-27,2820,,
2022-01-27,2821,,
2022-01-27,2822,60,70
2022-01-27,2823,45,50
2022-01-27,2824,40,45
2022-01-27,2825,40,45
2022-01-27,2826,,
2022-01-27,2827,,
2022-01-27,2828,,
2022-01-27,2829,45,50
2022-01-27,2830,,
2022-01-27,2831,,
2022-01-27,2832,,
2022-01-27,2833,,
2022-01-27,2834,37.5,41.5
2022-01-27,2835,,
2022-01-27,2836,,
2022-01-27,2837,,
2022-01-27,2838,,
2022-01-27,2839,,
2022-01-27,2840,,
2022-01-27,2841,,
2022-01-27,2842,,
2022-01-27,2843,52,57
2022-01-27,2844,50,55
2022-01-27,2845,50,55
2022-01-27,2846,45,50
2022-01-27,2847,,
2022-01-27,2848,,
2022-01-27,2849,,
2022-01-27,2850,,
2022-01-27,2851,,
2022-01-27,2854,2.2,2.4
2022-01-27,2856,1.25,1.45
2022-01-27,2860,1.3,1.5
2022-01-27,2861,1.9,2
2022-01-27,2863,2.2,2.5
2022-01-27,2864,2.5,2.7
2022-01-27,2870,1.4,1.6
2022-01-27,2871,1.6,1.8
2022-01-27,2872,1.8,2
2022-01-27,2873,2,2.2
2022-01-27,2875,0.7,0.9
2022-01-27,2876,1.8,2
2022-01-27,2877,1.6,1.8
2022-01-27,2883,1090,1100
2022-02-03,30,,
2022-02-03,31,389,391
2022-02-03,103,1180,1260
2022-02-03,104,920,1000
2022-02-03,105,880,960
2022-02-03,106,870,950
2022-02-03,107,800,880
2022-02-03,108,1130,1250
2022-02-03,109,920,1000
2022-02-03,175,0.5,0.53
2022-02-03,176,0.75,0.78
2022-02-03,178,0.65,0.68
2022-02-03,186,,
2022-02-03,187,,
2022-02-03,190,1.6,1.8
2022-02-03,194,2.3,2.5
2022-02-03,195,2.3,2.5
2022-02-03,196,,
2022-02-03,201,3.15,3.35
2022-02-03,202,1.7,1.9
2022-02-03,203,1.95,2.15
2022-02-03,204,1.6,1.8
2022-02-03,206,,
2022-02-03,210,1.85,2.2
2022-02-03,211,2.1,2.4
2022-02-03,213,1.7,1.9
2022-02-03,482,2.8,3
2022-02-03,483,2.5,2.7
2022-02-03,513,,
2022-02-03,515,,
2022-02-03,621,5.9,6.3
2022-02-03,637,1.7,1.9
2022-02-03,681,1.7,1.9
2022-02-03,851,1.2,1.4
2022-02-03,1135,0.57,0.62
2022-02-03,1156,,
2022-02-03,1165,1.7,1.9
2022-02-03,1177,304,309
2022-02-03,1178,,
2022-02-03,1182,279,282
2022-02-03,1183,614,617
2022-02-03,1186,426,428
2022-02-03,1187,,
2022-02-03,1188,315,317
2022-02-03,1189,415,425
2022-02-03,1191,,
2022-02-03,1192,,
2022-02-03,1197,,
2022-02-03,1203,,
2022-02-03,1208,,
2022-02-03,1209,315,315
2022-02-03,1215,820,825
2022-02-03,1217,198,200
2022-02-03,1218,205,206
2022-02-03,1219,260,263
2022-02-03,1220,203,205
2022-02-03,1222,250,252
2022-02-03,1223,255,256
2022-02-03,1224,312,314
2022-02-03,1225,195,197
2022-02-03,1226,203,205
2022-02-03,1227,206,208
2022-02-03,1228,348,350
2022-02-03,1242,529,531
2022-02-03,1243,,
2022-02-03,1244,535,537
2022-02-03,1245,531,533
2022-02-03,1248,737,740
2022-02-03,1249,,
2022-02-03,1250,273,278
2022-02-03,1251,332,334
2022-02-03,1252,406,408
2022-02-03,1253,601,605
2022-02-03,1254,618,621
2022-02-03,1270,234,235
2022-02-03,1273,234,235
2022-02-03,1274,234,235
2022-02-03,1275,296,298
2022-02-03,1276,275,277
2022-02-03,1278,400,425
2022-02-03,1282,590,600
2022-02-03,1283,565,585
2022-02-03,1284,350,365
2022-02-03,1285,208,210
2022-02-03,1286,175,180
2022-02-03,1287,70,80
2022-02-03,1289,,
2022-02-03,1290,,
2022-02-03,1291,127,145
2022-02-03,1292,138,153
2022-02-03,1293,,
2022-02-03,1294,,
2022-02-03,1297,,
2022-02-03,1298,,
2022-02-03,1378,,
2022-02-03,1379,291,295
2022-02-03,1380,297,301
2022-02-03,1414,,
2022-02-03,1432,145,160
2022-02-03,1433,150,170
2022-02-03,1434,93,113
2022-02-03,1452,,
2022-02-03,1453,,
2022-02-03,1478,,
2022-02-03,1491,145,170
2022-02-03,1492,160,185
2022-02-03,1493,108,128
2022-02-03,1535,677,680
2022-02-03,1536,,
2022-02-03,1537,,
2022-02-03,1538,,
2022-02-03,1553,155,175
2022-02-03,1554,170,188
2022-02-03,1618,,
2022-02-03,1621,,
2022-02-03,1624,305,307
2022-02-03,1630,283,285
2022-02-03,1631,288,290
2022-02-03,1633,292,293
2022-02-03,1634,,
2022-02-03,1656,311,315
2022-02-03,1676,375,380
2022-02-03,1677,317,320
2022-02-03,1684,885,890
2022-02-03,1704,,
2022-02-03,1774,,
2022-02-03,1779,,
2022-02-03,1780,,
2022-02-03,1781,,
2022-02-03,1784,235,245
2022-02-03,1790,1050,1080
2022-02-03,1792,289,299
2022-02-03,1793,510,530
2022-02-03,1794,645,720
2022-02-03,1795,460,470
2022-02-03,1862,,
2022-02-03,1863,,
2022-02-03,1864,,
2022-02-03,1865,,
2022-02-03,1871,410,430
2022-02-03,1887,1.7,1.9
2022-02-03,1893,555,575
2022-02-03,1894,595,615
2022-02-03,1895,635,675
2022-02-03,1896,645,685
2022-02-03,1900,425,428
2022-02-03,1901,1200,1205
2022-02-03,1902,1170,1175
2022-02-03,1951,555,565
2022-02-03,1953,,
2022-02-03,1960,,
2022-02-03,1961,,
2022-02-03,1971,385,390
2022-02-03,1981,3.9,4.2
2022-02-03,1982,,
2022-02-03,1983,4.3,4.9
2022-02-03,1984,4.8,5.2
2022-02-03,1985,5.7,6
2022-02-03,1986,,
2022-02-03,1987,,
2022-02-03,1988,4.2,4.5
2022-02-03,1989,4.6,5.3
2022-02-03,1990,4.8,5.2
2022-02-03,1991,5,5.3
2022-02-03,1992,6.3,7
2022-02-03,1993,6,6.3
2022-02-03,1994,,
2022-02-03,1995,8,8.5
2022-02-03,1996,4.8,5.2
2022-02-03,1997,,
2022-02-03,1998,6.4,7
2022-02-03,1999,4.8,5.2
2022-02-03,2000,6.2,6.7
2022-02-03,2001,,
2022-02-03,2002,5,5.3
2022-02-03,2003,5,5.3
2022-02-03,2004,,
2022-02-03,2005,,
2022-02-03,2006,5.6,5.8
2022-02-03,2007,,
2022-02-03,2008,6.1,6.4
2022-02-03,2009,,
2022-02-03,2010,,
2022-02-03,2011,,
2022-02-03,2012,,
2022-02-03,2013,6,6.2
2022-02-03,2014,5,5.3
2022-02-03,2015,5.2,5.6
2022-02-03,2016,6.4,7
2022-02-03,2017,,
2022-02-03,2018,,
2022-02-03,2019,,
2022-02-03,2020,,
2022-02-03,2021,,
2022-02-03,2022,,
2022-02-03,2023,6.5,7
2022-02-03,2024,,
2022-02-03,2025,,
2022-02-03,2026,,
2022-02-03,2027,,
2022-02-03,2028,,
2022-02-03,2029,,
2022-02-03,2030,,
2022-02-03,2031,,
2022-02-03,2032,,
2022-02-03,2033,,
2022-02-03,2034,,
2022-02-03,2035,,
2022-02-03,2036,,
2022-02-03,2037,,
2022-02-03,2038,,
2022-02-03,2039,,
2022-02-03,2040,,
2022-02-03,2041,,
2022-02-03,2042,,
2022-02-03,2043,,
2022-02-03,2044,,
2022-02-03,2045,,
2022-02-03,2046,,
2022-02-03,2047,,
2022-02-03,2048,,
2022-02-03,2049,,
2022-02-03,2050,,
2022-02-03,2051,,
2022-02-03,2052,,
2022-02-03,2053,,
2022-02-03,2054,,
2022-02-03,2055,,
2022-02-03,2056,,
2022-02-03,2057,,
2022-02-03,2099,,
2022-02-03,2100,65,70
2022-02-03,2101,75,80
2022-02-03,2123,430,450
2022-02-03,2124,410,430
2022-02-03,2137,3.6,3.8
2022-02-03,2142,2.6,2.8
2022-02-03,2147,290,293
2022-02-03,2171,,
2022-02-03,2172,430,440
2022-02-03,2188,299,301
2022-02-03,2189,,
2022-02-03,2190,,
2022-02-03,2228,1.7,1.9
2022-02-03,2242,1.7,1.9
2022-02-03,2262,,
2022-02-03,2263,,
2022-02-03,2264,,
2022-02-03,2265,,
2022-02-03,2266,,
2022-02-03,2267,,
2022-02-03,2268,,
2022-02-03,2269,,
2022-02-03,2270,,
2022-02-03,2271,,
2022-02-03,2272,,
2022-02-03,2273,,
2022-02-03,2274,,
2022-02-03,2275,,
2022-02-03,2276,,
2022-02-03,2277,,
2022-02-03,2278,,
2022-02-03,2279,,
2022-02-03,2280,,
2022-02-03,2281,,
2022-02-03,2282,,
2022-02-03,2283,,
2022-02-03,2293,,
2022-02-03,2304,1.7,1.9
2022-02-03,2339,537,542
2022-02-03,2340,531,536
2022-02-03,2341,517,521
2022-02-03,2344,,
2022-02-03,2378,,
2022-02-03,2379,,
2022-02-03,2380,,
2022-02-03,2381,,
2022-02-03,2382,,
2022-02-03,2383,,
2022-02-03,2384,,
2022-02-03,2385,,
2022-02-03,2386,132,150
2022-02-03,2387,143,158
2022-02-03,2388,150,165
2022-02-03,2389,155,175
2022-02-03,2390,150,175
2022-02-03,2391,165,190
2022-02-03,2392,160,180
2022-02-03,2393,175,193
2022-02-03,2394,,
2022-02-03,2395,,
2022-02-03,2396,98,118
2022-02-03,2397,113,133
2022-02-03,2398,,
2022-02-03,2399,,
2022-02-03,2400,70,75
2022-02-03,2401,80,85
2022-02-03,2402,,
2022-02-03,2403,,
2022-02-03,2404,,
2022-02-03,2405,,
2022-02-03,2406,,
2022-02-03,2407,,
2022-02-03,2416,400,405
2022-02-03,2418,,
2022-02-03,2431,,
2022-02-03,2483,,
2022-02-03,2484,5.6,6
2022-02-03,2585,,
2022-02-03,2589,200,220
2022-02-03,2634,135,140
2022-02-03,2635,135,140
2022-02-03,2636,1642,1662
2022-02-03,2637,1937,1942
2022-02-03,2638,255,260
2022-02-03,2639,245,250
2022-02-03,2640,225,230
2022-02-03,2641,280,285
2022-02-03,2642,220,230
2022-02-03,2643,190,200
2022-02-03,2644,177,187
2022-02-03,2645,170,177
2022-02-03,2646,,
2022-02-03,2647,210,220
2022-02-03,2650,1.7,1.9
2022-02-03,2656,1.4,1.6
2022-02-03,2658,,
2022-02-03,2665,1.7,1.9
2022-02-03,2679,370,380
2022-02-03,2687,551,555
2022-02-03,2688,546,550
2022-02-03,2689,262,270
2022-02-03,2713,360,370
2022-02-03,2714,385,395
2022-02-03,2717,,
2022-02-03,2718,,
2022-02-03,2719,82,87
2022-02-03,2720,,
2022-02-03,2721,87,92
2022-02-03,2781,0.68,0.73
2022-02-03,2782,0.62,0.65
2022-02-03,2783,0.77,0.8
2022-02-03,2784,0.87,0.9
2022-02-03,2785,1.7,1.9
2022-02-03,2786,1.8,2
2022-02-03,2813,37.5,41.5
2022-02-03,2814,38.5,42.5
2022-02-03,2815,37.5,41.5
2022-02-03,2816,38.5,42.5
2022-02-03,2817,,
2022-02-03,2818,,
2022-02-03,2819,,
2022-02-03,2820,,
2022-02-03,2821,,
2022-02-03,2822,60,70
2022-02-03,2823,45,50
2022-02-03,2824,40,45
2022-02-03,2825,40,45
2022-02-03,2826,,
2022-02-03,2827,,
2022-02-03,2828,,
2022-02-03,2829,45,50
2022-02-03,2830,,
2022-02-03,2831,,
2022-02-03,2832,,
2022-02-03,2833,,
2022-02-03,2834,37.5,41.5
2022-02-03,2835,,
2022-02-03,2836,,
2022-02-03,2837,,
2022-02-03,2838,,
2022-02-03,2839,,
2022-02-03,2840,,
2022-02-03,2841,,
2022-02-03,2842,,
2022-02-03,2843,52,57
2022-02-03,2844,50,55
2022-02-03,2845,50,55
2022-02-03,2846,45,50
2022-02-03,2847,,
2022-02-03,2848,,
2022-02-03,2849,,
2022-02-03,2850,,
2022-02-03,2851,,
2022-02-03,2854,2.4,2.6
2022-02-03,2856,1.25,1.45
2022-02-03,2860,1.3,1.5
2022-02-03,2861,,
2022-02-03,2863,2.2,2.5
2022-02-03,2864,2.5,2.7
2022-02-03,2870,1.4,1.6
2022-02-03,2871,1.6,1.8
2022-02-03,2872,1.8,2
2022-02-03,2873,2,2.2
2022-02-03,2875,0.7,0.9
2022-02-03,2876,1.8,2
2022-02-03,2877,1.6,1.8
2022-02-03,2883,1090,1100
2022-02-10,30,,
2022-02-10,31,388,390
2022-02-10,103,1180,1260
2022-02-10,104,940,1020
2022-02-10,105,890,970
2022-02-10,106,880,960
2022-02-10,107,800,880
2022-02-10,108,1130,1250
2022-02-10,109,930,1010
2022-02-10,175,0.5,0.53
2022-02-10,176,0.75,0.78
2022-02-10,178,0.65,0.68
2022-02-10,186,,
2022-02-10,187,,
2022-02-10,190,1.6,1.8
2022-02-10,194,2.3,2.5
2022-02-10,195,2.3,2.5
2022-02-10,196,,
2022-02-10,201,3.15,3.35
2022-02-10,202,1.7,1.9
2022-02-10,203,1.95,2.15
2022-02-10,204,1.6,1.8
2022-02-10,206,2.5,2.9
2022-02-10,210,1.85,2.2
2022-02-10,211,2.1,2.4
2022-02-10,213,1.7,1.9
2022-02-10,482,2.8,3
2022-02-10,483,2.5,2.7
2022-02-10,513,,
2022-02-10,515,,
2022-02-10,621,5.9,6.3
2022-02-10,637,1.7,1.9
2022-02-10,681,1.75,1.95
2022-02-10,851,1.2,1.4
2022-02-10,1135,0.57,0.62
2022-02-10,1156,,
2022-02-10,1165,1.7,1.9
2022-02-10,1177,296,301
2022-02-10,1178,,
2022-02-10,1182,279,282
2022-02-10,1183,626,629
2022-02-10,1186,436,438
2022-02-10,1187,,
2022-02-10,1188,309,311
2022-02-10,1189,412,422
2022-02-10,1191,,
2022-02-10,1192,,
2022-02-10,1197,,
2022-02-10,1203,,
2022-02-10,1208,,
2022-02-10,1209,309,315
2022-02-10,1215,810,815
2022-02-10,1217,193,195
2022-02-10,1218,200,201
2022-02-10,1219,252,255
2022-02-10,1220,201,203
2022-02-10,1222,245,247
2022-02-10,1223,250,251
2022-02-10,1224,304,306
2022-02-10,1225,190,192
2022-02-10,1226,201,203
2022-02-10,1227,204,206
2022-02-10,1228,343,345
2022-02-10,1242,555,557
2022-02-10,1243,,
2022-02-10,1244,560,562
2022-02-10,1245,553,555
2022-02-10,1248,757,760
2022-02-10,1249,,
2022-02-10,1250,280,285
2022-02-10,1251,334,336
2022-02-10,1252,406,408
2022-02-10,1253,626,630
2022-02-10,1254,638,641
2022-02-10,1270,234,235
2022-02-10,1273,234,235
2022-02-10,1274,234,235
2022-02-10,1275,296,298
2022-02-10,1276,275,277
2022-02-10,1278,400,425
2022-02-10,1282,590,600
2022-02-10,1283,565,585
2022-02-10,1284,350,365
2022-02-10,1285,208,210
2022-02-10,1286,175,180
2022-02-10,1287,70,80
2022-02-10,1289,,
2022-02-10,1290,,
2022-02-10,1291,127,145
2022-02-10,1292,138,153
2022-02-10,1293,,
2022-02-10,1294,,
2022-02-10,1297,,
2022-02-10,1298,,
2022-02-10,1378,,
2022-02-10,1379,286,290
2022-02-10,1380,292,296
2022-02-10,1414,,
2022-02-10,1432,145,160
2022-02-10,1433,150,170
2022-02-10,1434,93,113
2022-02-10,1452,,
2022-02-10,1453,,
2022-02-10,1478,,
2022-02-10,1491,145,170
2022-02-10,1492,160,185
2022-02-10,1493,108,128
2022-02-10,1535,697,700
2022-02-10,1536,,
2022-02-10,1537,,
2022-02-10,1538,,
2022-02-10,1553,155,175
2022-02-10,1554,170,188
2022-02-10,1618,,
2022-02-10,1621,,
2022-02-10,1624,305,307
2022-02-10,1630,283,285
2022-02-10,1631,288,290
2022-02-10,1633,293,294
2022-02-10,1634,,
2022-02-10,1656,303,307
2022-02-10,1676,372,377
2022-02-10,1677,312,315
2022-02-10,1684,875,880
2022-02-10,1704,,
2022-02-10,1774,,
2022-02-10,1779,,
2022-02-10,1780,,
2022-02-10,1781,,
2022-02-10,1784,230,240
2022-02-10,1790,1050,1080
2022-02-10,1792,289,299
2022-02-10,1793,510,530
2022-02-10,1794,665,720
2022-02-10,1795,470,480
2022-02-10,1871,410,430
2022-02-10,1887,1.75,1.95
2022-02-10,1893,555,575
2022-02-10,1894,595,615
2022-02-10,1895,635,675
2022-02-10,1896,645,685
2022-02-10,1900,435,438
2022-02-10,1901,1200,1205
2022-02-10,1902,1170,1175
2022-02-10,1951,550,560
2022-02-10,1953,,
2022-02-10,1960,,
2022-02-10,1961,,
2022-02-10,1971,385,390
2022-02-10,1981,3.9,4.2
2022-02-10,1982,,
2022-02-10,1983,4.3,4.9
2022-02-10,1984,4.8,5.2
2022-02-10,1985,5.7,6
2022-02-10,1986,,
2022-02-10,1987,,
2022-02-10,1988,4.2,4.5
2022-02-10,1989,4.6,5.3
2022-02-10,1990,4.8,5.2
2022-02-10,1991,5,5.3
2022-02-10,1992,6.3,7
2022-02-10,1993,6,6.3
2022-02-10,1994,,
2022-02-10,1995,8,8.5
2022-02-10,1996,4.8,5.2
2022-02-10,1997,,
2022-02-10,1998,6.4,7
2022-02-10,1999,4.8,5.2
2022-02-10,2000,6.2,6.7
2022-02-10,2001,,
2022-02-10,2002,5,5.3
2022-02-10,2003,5,5.3
2022-02-10,2004,,
2022-02-10,2005,,
2022-02-10,2006,5.6,5.8
2022-02-10,2007,,
2022-02-10,2008,6.1,6.4
2022-02-10,2009,,
2022-02-10,2010,,
2022-02-10,2011,,
2022-02-10,2012,,
2022-02-10,2013,6,6.2
2022-02-10,2014,5,5.3
2022-02-10,2015,5.2,5.6
2022-02-10,2016,6.4,7
2022-02-10,2017,,
2022-02-10,2018,,
2022-02-10,2019,,
2022-02-10,2020,,
2022-02-10,2021,,
2022-02-10,2022,,
2022-02-10,2023,6.5,7
2022-02-10,2024,,
2022-02-10,2025,,
2022-02-10,2026,,
2022-02-10,2027,,
2022-02-10,2028,,
2022-02-10,2029,,
2022-02-10,2030,,
2022-02-10,2031,,
2022-02-10,2032,,
2022-02-10,2033,,
2022-02-10,2034,,
2022-02-10,2035,,
2022-02-10,2036,,
2022-02-10,2037,,
2022-02-10,2038,,
2022-02-10,2039,,
2022-02-10,2040,,
2022-02-10,2041,,
2022-02-10,2042,,
2022-02-10,2043,,
2022-02-10,2044,,
2022-02-10,2045,,
2022-02-10,2046,,
2022-02-10,2047,,
2022-02-10,2048,,
2022-02-10,2049,,
2022-02-10,2050,,
2022-02-10,2051,,
2022-02-10,2052,,
2022-02-10,2053,,
2022-02-10,2054,,
2022-02-10,2055,,
2022-02-10,2056,,
2022-02-10,2057,,
2022-02-10,2099,,
2022-02-10,2100,65,70
2022-02-10,2101,75,80
2022-02-10,2123,430,450
2022-02-10,2124,410,430
2022-02-10,2130,1090,1100
2022-02-10,2137,3.6,3.8
2022-02-10,2142,2.6,2.8
2022-02-10,2147,290,294
2022-02-10,2171,,
2022-02-10,2172,430,440
2022-02-10,2188,289,291
2022-02-10,2189,,
2022-02-10,2190,,
2022-02-10,2228,1.75,1.95
2022-02-10,2242,1.7,1.9
2022-02-10,2262,,
2022-02-10,2263,,
2022-02-10,2264,,
2022-02-10,2265,,
2022-02-10,2266,,
2022-02-10,2267,,
2022-02-10,2268,,
2022-02-10,2269,,
2022-02-10,2270,,
2022-02-10,2271,,
2022-02-10,2272,,
2022-02-10,2273,,
2022-02-10,2274,,
2022-02-10,2275,,
2022-02-10,2276,,
2022-02-10,2277,,
2022-02-10,2278,,
2022-02-10,2279,,
2022-02-10,2280,,
2022-02-10,2281,,
2022-02-10,2282,,
2022-02-10,2283,,
2022-02-10,2293,,
2022-02-10,2304,1.7,1.9
2022-02-10,2339,519,524
2022-02-10,2340,513,518
2022-02-10,2341,499,503
2022-02-10,2344,,
2022-02-10,2378,,
2022-02-10,2379,,
2022-02-10,2380,,
2022-02-10,2381,,
2022-02-10,2382,,
2022-02-10,2383,,
2022-02-10,2384,,
2022-02-10,2385,,
2022-02-10,2386,132,150
2022-02-10,2387,143,158
2022-02-10,2388,150,165
2022-02-10,2389,155,175
2022-02-10,2390,150,175
2022-02-10,2391,165,190
2022-02-10,2392,160,180
2022-02-10,2393,175,193
2022-02-10,2394,,
2022-02-10,2395,,
2022-02-10,2396,98,118
2022-02-10,2397,113,133
2022-02-10,2398,,
2022-02-10,2399,,
2022-02-10,2400,70,75
2022-02-10,2401,80,85
2022-02-10,2402,,
2022-02-10,2403,,
2022-02-10,2404,,
2022-02-10,2405,,
2022-02-10,2406,,
2022-02-10,2407,,
2022-02-10,2416,397,402
2022-02-10,2418,,
2022-02-10,2431,,
2022-02-10,2483,,
2022-02-10,2484,5.6,6
2022-02-10,2585,,
2022-02-10,2589,200,220
2022-02-10,2634,135,140
2022-02-10,2635,135,140
2022-02-10,2636,1642,1662
2022-02-10,2637,1937,1942
2022-02-10,2638,255,260
2022-02-10,2639,245,250
2022-02-10,2640,225,230
2022-02-10,2641,280,285
2022-02-10,2642,220,230
2022-02-10,2643,193,203
2022-02-10,2644,180,190
2022-02-10,2645,173,180
2022-02-10,2646,,
2022-02-10,2647,210,220
2022-02-10,2650,1.7,1.9
2022-02-10,2656,1.4,1.6
2022-02-10,2658,,
2022-02-10,2665,1.7,1.9
2022-02-10,2679,370,380
2022-02-10,2687,531,535
2022-02-10,2688,526,530
2022-02-10,2689,262,270
2022-02-10,2713,360,370
2022-02-10,2714,385,395
2022-02-10,2717,,
2022-02-10,2718,,
2022-02-10,2719,82,87
2022-02-10,2720,,
2022-02-10,2721,87,92
2022-02-10,2781,0.68,0.73
2022-02-10,2782,0.62,0.65
2022-02-10,2783,0.77,0.8
2022-02-10,2784,0.87,0.9
2022-02-10,2785,1.7,1.9
2022-02-10,2786,1.8,2
2022-02-10,2813,37.5,41.5
2022-02-10,2814,38.5,42.5
2022-02-10,2815,37.5,41.5
2022-02-10,2816,38.5,42.5
2022-02-10,2817,,
2022-02-10,2818,,
2022-02-10,2819,,
2022-02-10,2820,,
2022-02-10,2821,,
2022-02-10,2822,60,70
2022-02-10,2823,45,50
2022-02-10,2824,40,45
2022-02-10,2825,40,45
2022-02-10,2826,,
2022-02-10,2827,,
2022-02-10,2828,,
2022-02-10,2829,45,50
2022-02-10,2830,,
2022-02-10,2831,,
2022-02-10,2832,,
2022-02-10,2833,,
2022-02-10,2834,37.5,41.5
2022-02-10,2835,,
2022-02-10,2836,,
2022-02-10,2837,,
2022-02-10,2838,,
2022-02-10,2839,,
2022-02-10,2840,,
2022-02-10,2841,,
2022-02-10,2842,,
2022-02-10,2843,52,57
2022-02-10,2844,50,55
2022-02-10,2845,50,55
2022-02-10,2846,45,50
2022-02-10,2847,,
2022-02-10,2848,,
2022-02-10,2849,,
2022-02-10,2850,,
2022-02-10,2851,,
2022-02-10,2854,2.4,2.6
2022-02-10,2856,1.25,1.45
2022-02-10,2860,1.3,1.5
2022-02-10,2863,2.2,2.5
2022-02-10,2864,2.5,2.7
2022-02-10,2870,1.4,1.6
2022-02-10,2871,1.6,1.8
2022-02-10,2872,1.8,2
2022-02-10,2873,2,2.2
2022-02-10,2875,0.7,0.9
2022-02-10,2876,1.8,2
2022-02-10,2877,1.6,1.8
2022-02-10,2883,1090,1100
2022-02-17,30,,
2022-02-17,31,385,387
2022-02-17,103,1180,1260
2022-02-17,104,940,1020
2022-02-17,105,890,970
2022-02-17,106,880,960
2022-02-17,107,800,880
2022-02-17,108,1130,1250
2022-02-17,109,930,1010
2022-02-17,175,0.5,0.53
2022-02-17,176,0.75,0.78
2022-02-17,178,0.65,0.68
2022-02-17,186,,
2022-02-17,187,,
2022-02-17,190,1.7,1.9
2022-02-17,194,2.3,2.5
2022-02-17,195,2.3,2.5
2022-02-17,196,1.9,2.1
2022-02-17,201,3.15,3.35
2022-02-17,202,1.7,1.9
2022-02-17,203,2.1,2.3
2022-02-17,204,1.6,1.8
2022-02-17,206,2.3,2.7
2022-02-17,210,1.85,2.2
2022-02-17,211,2.1,2.4
2022-02-17,213,1.6,1.8
2022-02-17,482,2.8,3
2022-02-17,483,2.5,2.7
2022-02-17,513,,
2022-02-17,515,,
2022-02-17,621,5.9,6.3
2022-02-17,637,1.7,1.9
2022-02-17,681,1.75,1.95
2022-02-17,851,1.2,1.4
2022-02-17,864,,
2022-02-17,1135,0.57,0.62
2022-02-17,1156,,
2022-02-17,1165,1.7,1.9
2022-02-17,1177,293,298
2022-02-17,1178,,
2022-02-17,1182,279,282
2022-02-17,1183,626,629
2022-02-17,1186,431,433
2022-02-17,1187,,
2022-02-17,1188,304,306
2022-02-17,1189,402,412
2022-02-17,1191,,
2022-02-17,1192,,
2022-02-17,1197,,
2022-02-17,1203,,
2022-02-17,1208,,
2022-02-17,1209,304,310
2022-02-17,1215,800,805
2022-02-17,1217,193,195
2022-02-17,1218,200,201
2022-02-17,1219,252,255
2022-02-17,1220,201,203
2022-02-17,1222,245,247
2022-02-17,1223,250,251
2022-02-17,1224,304,306
2022-02-17,1225,190,192
2022-02-17,1226,201,203
2022-02-17,1227,204,206
2022-02-17,1228,343,345
2022-02-17,1242,535,537
2022-02-17,1243,,
2022-02-17,1244,540,542
2022-02-17,1245,533,535
2022-02-17,1248,747,750
2022-02-17,1249,,
2022-02-17,1250,285,290
2022-02-17,1251,342,344
2022-02-17,1252,406,408
2022-02-17,1253,624,628
2022-02-17,1254,638,641
2022-02-17,1270,234,235
2022-02-17,1273,234,235
2022-02-17,1274,234,235
2022-02-17,1275,296,298
2022-02-17,1276,275,277
2022-02-17,1278,410,430
2022-02-17,1282,590,600
2022-02-17,1283,565,585
2022-02-17,1284,350,365
2022-02-17,1285,208,210
2022-02-17,1286,175,180
2022-02-17,1287,70,80
2022-02-17,1289,,
2022-02-17,1290,,
2022-02-17,1291,130,145
2022-02-17,1292,140,153
2022-02-17,1293,,
2022-02-17,1294,,
2022-02-17,1297,,
2022-02-17,1298,,
2022-02-17,1378,,
2022-02-17,1379,283,287
2022-02-17,1380,289,293
2022-02-17,1414,,
2022-02-17,1432,145,160
2022-02-17,1433,150,170
2022-02-17,1434,93,113
2022-02-17,1452,,
2022-02-17,1453,,
2022-02-17,1478,,
2022-02-17,1491,145,170
2022-02-17,1492,160,185
2022-02-17,1493,108,128
2022-02-17,1535,687,690
2022-02-17,1536,,
2022-02-17,1537,,
2022-02-17,1538,,
2022-02-17,1553,155,175
2022-02-17,1554,170,188
2022-02-17,1618,,
2022-02-17,1621,,
2022-02-17,1624,307,309
2022-02-17,1630,285,287
2022-02-17,1631,290,292
2022-02-17,1633,296,297
2022-02-17,1634,,
2022-02-17,1656,300,304
2022-02-17,1676,372,377
2022-02-17,1677,310,313
2022-02-17,1684,865,870
2022-02-17,1704,,
2022-02-17,1774,,
2022-02-17,1779,,
2022-02-17,1780,,
2022-02-17,1781,,
2022-02-17,1784,230,240
2022-02-17,1790,1050,1080
2022-02-17,1792,289,299
2022-02-17,1793,510,530
2022-02-17,1794,665,720
2022-02-17,1795,470,480
2022-02-17,1871,410,430
2022-02-17,1887,1.75,1.95
2022-02-17,1893,545,565
2022-02-17,1894,585,605
2022-02-17,1895,630,670
2022-02-17,1896,640,680
2022-02-17,1900,430,433
2022-02-17,1901,1200,1205
2022-02-17,1902,1170,1175
2022-02-17,1951,525,535
2022-02-17,1953,,
2022-02-17,1960,,
2022-02-17,1961,,
2022-02-17,1971,385,390
2022-02-17,1981,3.9,4.2
2022-02-17,1982,,
2022-02-17,1983,4.3,4.9
2022-02-17,1984,4.8,5.2
2022-02-17,1985,5.7,6
2022-02-17,1986,,
2022-02-17,1987,,
2022-02-17,1988,4.2,4.5
2022-02-17,1989,4.6,5.3
2022-02-17,1990,4.8,5.2
2022-02-17,1991,5,5.3
2022-02-17,1992,6.3,7
2022-02-17,1993,6,6.3
2022-02-17,1994,,
2022-02-17,1995,8,8.5
2022-02-17,1996,4.8,5.2
2022-02-17,1997,,
2022-02-17,1998,6.4,7
2022-02-17,1999,4.8,5.2
2022-02-17,2000,6.2,6.7
2022-02-17,2001,,
2022-02-17,2002,5,5.3
2022-02-17,2003,5,5.3
2022-02-17,2004,,
2022-02-17,2005,,
2022-02-17,2006,5.6,5.8
2022-02-17,2007,,
2022-02-17,2008,6.1,6.4
2022-02-17,2009,,
2022-02-17,2010,,
2022-02-17,2011,,
2022-02-17,2012,,
2022-02-17,2013,6,6.2
2022-02-17,2014,5,5.3
2022-02-17,2015,5.2,5.6
2022-02-17,2016,6.4,7
2022-02-17,2017,,
2022-02-17,2018,,
2022-02-17,2019,,
2022-02-17,2020,,
2022-02-17,2021,,
2022-02-17,2022,,
2022-02-17,2023,6.5,7
2022-02-17,2024,,
2022-02-17,2025,,
2022-02-17,2026,,
2022-02-17,2027,,
2022-02-17,2028,,
2022-02-17,2029,,
2022-02-17,2030,,
2022-02-17,2031,,
2022-02-17,2032,,
2022-02-17,2033,,
2022-02-17,2034,,
2022-02-17,2035,,
2022-02-17,2036,,
2022-02-17,2037,,
2022-02-17,2038,,
2022-02-17,2039,,
2022-02-17,2040,,
2022-02-17,2041,,
2022-02-17,2042,,
2022-02-17,2043,,
2022-02-17,2044,,
2022-02-17,2045,,
2022-02-17,2046,,
2022-02-17,2047,,
2022-02-17,2048,,
2022-02-17,2049,,
2022-02-17,2050,,
2022-02-17,2051,,
2022-02-17,2052,,
2022-02-17,2053,,
2022-02-17,2054,,
2022-02-17,2055,,
2022-02-17,2056,,
2022-02-17,2057,,
2022-02-17,2099,,
2022-02-17,2100,65,70
2022-02-17,2101,75,80
2022-02-17,2123,430,450
2022-02-17,2124,410,430
2022-02-17,2130,,
2022-02-17,2137,3.6,3.8
2022-02-17,2142,2.5,2.7
2022-02-17,2147,292,297
2022-02-17,2171,,
2022-02-17,2172,,
2022-02-17,2188,288,290
2022-02-17,2189,,
2022-02-17,2190,,
2022-02-17,2228,1.75,1.95
2022-02-17,2242,1.7,1.9
2022-02-17,2262,,
2022-02-17,2263,,
2022-02-17,2264,,
2022-02-17,2265,,
2022-02-17,2266,,
2022-02-17,2267,,
2022-02-17,2268,,
2022-02-17,2269,,
2022-02-17,2270,,
2022-02-17,2271,,
2022-02-17,2272,,
2022-02-17,2273,,
2022-02-17,2274,,
2022-02-17,2275,,
2022-02-17,2276,,
2022-02-17,2277,,
2022-02-17,2278,,
2022-02-17,2279,,
2022-02-17,2280,,
2022-02-17,2281,,
2022-02-17,2282,,
2022-02-17,2283,,
2022-02-17,2293,,
2022-02-17,2304,1.7,1.9
2022-02-17,2339,510,515
2022-02-17,2340,504,509
2022-02-17,2341,490,494
2022-02-17,2344,,
2022-02-17,2378,,
2022-02-17,2379,,
2022-02-17,2380,,
2022-02-17,2381,,
2022-02-17,2382,,
2022-02-17,2383,,
2022-02-17,2384,,
2022-02-17,2385,,
2022-02-17,2386,135,150
2022-02-17,2387,145,158
2022-02-17,2388,150,165
2022-02-17,2389,155,175
2022-02-17,2390,150,175
2022-02-17,2391,165,190
2022-02-17,2392,160,180
2022-02-17,2393,175,193
2022-02-17,2394,,
2022-02-17,2395,,
2022-02-17,2396,98,118
2022-02-17,2397,113,133
2022-02-17,2398,,
2022-02-17,2399,,
2022-02-17,2400,70,75
2022-02-17,2401,80,85
2022-02-17,2402,,
2022-02-17,2403,,
2022-02-17,2404,,
2022-02-17,2405,,
2022-02-17,2406,,
2022-02-17,2407,,
2022-02-17,2416,385,390
2022-02-17,2418,,
2022-02-17,2431,,
2022-02-17,2483,,
2022-02-17,2484,5.6,6
2022-02-17,2585,,
2022-02-17,2589,200,220
2022-02-17,2634,135,140
2022-02-17,2635,135,140
2022-02-17,2636,1642,1662
2022-02-17,2637,1937,1942
2022-02-17,2638,255,260
2022-02-17,2639,245,250
2022-02-17,2640,225,230
2022-02-17,2641,280,285
2022-02-17,2642,220,230
2022-02-17,2643,193,203
2022-02-17,2644,180,190
2022-02-17,2645,173,180
2022-02-17,2646,,
2022-02-17,2647,210,220
2022-02-17,2650,1.7,1.9
2022-02-17,2656,1.4,1.6
2022-02-17,2658,,
2022-02-17,2665,1.7,1.9
2022-02-17,2679,370,380
2022-02-17,2687,522,526
2022-02-17,2688,517,521
2022-02-17,2689,262,270
2022-02-17,2713,360,370
2022-02-17,2714,385,395
2022-02-17,2717,,
2022-02-17,2718,,
2022-02-17,2719,82,87
2022-02-17,2720,,
2022-02-17,2721,87,92
2022-02-17,2781,0.68,0.73
2022-02-17,2782,0.62,0.65
2022-02-17,2783,0.77,0.8
2022-02-17,2784,0.87,0.9
2022-02-17,2785,1.7,1.9
2022-02-17,2786,1.8,2
2022-02-17,2813,37.5,41.5
2022-02-17,2814,38.5,42.5
2022-02-17,2815,37.5,41.5
2022-02-17,2816,38.5,42.5
2022-02-17,2817,,
2022-02-17,2818,,
2022-02-17,2819,,
2022-02-17,2820,,
2022-02-17,2821,,
2022-02-17,2822,60,70
2022-02-17,2823,45,50
2022-02-17,2824,40,45
2022-02-17,2825,40,45
2022-02-17,2826,,
2022-02-17,2827,,
2022-02-17,2828,,
2022-02-17,2829,45,50
2022-02-17,2830,,
2022-02-17,2831,,
2022-02-17,2832,,
2022-02-17,2833,,
2022-02-17,2834,37.5,41.5
2022-02-17,2835,,
2022-02-17,2836,,
2022-02-17,2837,,
2022-02-17,2838,,
2022-02-17,2839,,
2022-02-17,2840,,
2022-02-17,2841,,
2022-02-17,2842,,
2022-02-17,2843,52,57
2022-02-17,2844,50,55
2022-02-17,2845,50,55
2022-02-17,2846,45,50
2022-02-17,2847,,
2022-02-17,2848,,
2022-02-17,2849,,
2022-02-17,2850,,
2022-02-17,2851,,
2022-02-17,2854,2.4,2.6
2022-02-17,2856,1.25,1.45
2022-02-17,2860,1.3,1.5
2022-02-17,2863,2.2,2.5
2022-02-17,2864,2.5,2.7
2022-02-17,2870,1.4,1.6
2022-02-17,2871,1.6,1.8
2022-02-17,2872,1.8,2
2022-02-17,2873,2,2.2
2022-02-17,2875,0.7,0.9
2022-02-17,2876,1.8,2
2022-02-17,2877,1.6,1.8
2022-02-24,30,,
2022-02-24,31,,
2022-02-24,103,1240,1320
2022-02-24,104,940,1020
2022-02-24,105,1020,1100
2022-02-24,106,1010,1090
2022-02-24,107,800,880
2022-02-24,108,1140,1260
2022-02-24,109,1060,1140
2022-02-24,175,0.5,0.53
2022-02-24,176,0.75,0.78
2022-02-24,178,0.65,0.68
2022-02-24,186,,
2022-02-24,187,,
2022-02-24,190,1.7,1.9
2022-02-24,194,2.2,2.4
2022-02-24,195,2.2,2.4
2022-02-24,196,1.9,2.1
2022-02-24,201,3.15,3.35
2022-02-24,202,1.7,1.9
2022-02-24,203,2.1,2.3
2022-02-24,204,1.6,1.8
2022-02-24,206,2.1,2.5
2022-02-24,210,1.85,2.2
2022-02-24,211,2.1,2.4
2022-02-24,213,1.6,1.8
2022-02-24,482,2.8,3
2022-02-24,483,2.5,2.7
2022-02-24,513,,
2022-02-24,515,,
2022-02-24,621,5.9,6.3
2022-02-24,637,1.75,1.95
2022-02-24,681,1.8,2
2022-02-24,851,1.2,1.4
2022-02-24,864,1.6,1.8
2022-02-24,1135,0.57,0.62
2022-02-24,1156,2.2,2.4
2022-02-24,1165,1.7,1.9
2022-02-24,1177,301,306
2022-02-24,1178,,
2022-02-24,1182,285,288
2022-02-24,1183,636,639
2022-02-24,1186,438,440
2022-02-24,1187,,
2022-02-24,1188,312,314
2022-02-24,1189,406,416
2022-02-24,1191,,
2022-02-24,1192,,
2022-02-24,1197,,
2022-02-24,1203,,
2022-02-24,1208,,
2022-02-24,1209,312,320
2022-02-24,1215,800,805
2022-02-24,1217,205,207
2022-02-24,1218,212,213
2022-02-24,1219,262,265
2022-02-24,1220,211,213
2022-02-24,1222,257,259
2022-02-24,1223,262,263
2022-02-24,1224,314,316
2022-02-24,1225,202,204
2022-02-24,1226,211,213
2022-02-24,1227,219,221
2022-02-24,1228,348,350
2022-02-24,1242,573,575
2022-02-24,1243,,
2022-02-24,1244,578,580
2022-02-24,1245,571,573
2022-02-24,1248,772,775
2022-02-24,1249,,
2022-02-24,1250,,
2022-02-24,1251,,
2022-02-24,1252,,
2022-02-24,1253,,
2022-02-24,1254,,
2022-02-24,1270,244,245
2022-02-24,1273,234,235
2022-02-24,1274,234,235
2022-02-24,1275,306,308
2022-02-24,1276,280,282
2022-02-24,1278,410,430
2022-02-24,1282,590,600
2022-02-24,1283,565,585
2022-02-24,1284,350,365
2022-02-24,1285,208,210
2022-02-24,1286,175,180
2022-02-24,1287,70,80
2022-02-24,1289,,
2022-02-24,1290,,
2022-02-24,1291,130,145
2022-02-24,1292,140,153
2022-02-24,1293,,
2022-02-24,1294,,
2022-02-24,1297,,
2022-02-24,1298,,
2022-02-24,1378,,
2022-02-24,1379,290,294
2022-02-24,1380,296,300
2022-02-24,1414,,
2022-02-24,1432,145,160
2022-02-24,1433,150,170
2022-02-24,1434,93,113
2022-02-24,1452,,
2022-02-24,1453,,
2022-02-24,1478,,
2022-02-24,1491,145,170
2022-02-24,1492,160,185
2022-02-24,1493,108,128
2022-02-24,1535,712,715
2022-02-24,1536,,
2022-02-24,1537,,
2022-02-24,1538,,
2022-02-24,1553,155,175
2022-02-24,1554,170,188
2022-02-24,1618,,
2022-02-24,1621,,
2022-02-24,1624,317,319
2022-02-24,1630,295,297
2022-02-24,1631,300,302
2022-02-24,1633,309,310
2022-02-24,1634,,
2022-02-24,1656,308,312
2022-02-24,1676,376,381
2022-02-24,1677,318,321
2022-02-24,1684,865,870
2022-02-24,1704,,
2022-02-24,1774,,
2022-02-24,1779,,
2022-02-24,1780,,
2022-02-24,1781,,
2022-02-24,1784,230,240
2022-02-24,1790,1050,1080
2022-02-24,1792,289,299
2022-02-24,1793,540,560
2022-02-24,1794,675,740
2022-02-24,1795,470,480
2022-02-24,1871,410,430
2022-02-24,1887,1.8,2
2022-02-24,1893,545,565
2022-02-24,1894,585,605
2022-02-24,1895,630,670
2022-02-24,1896,640,680
2022-02-24,1900,437,440
2022-02-24,1901,1205,1210
2022-02-24,1902,1175,1180
2022-02-24,1951,525,535
2022-02-24,1953,,
2022-02-24,1960,,
2022-02-24,1961,,
2022-02-24,1971,,
2022-02-24,1981,3.9,4.2
2022-02-24,1982,,
2022-02-24,1983,4.3,4.9
2022-02-24,1984,4.8,5.2
2022-02-24,1985,5.7,6
2022-02-24,1986,,
2022-02-24,1987,,
2022-02-24,1988,4.2,4.5
2022-02-24,1989,4.6,5.3
2022-02-24,1990,4.8,5.2
2022-02-24,1991,5,5.3
2022-02-24,1992,6.3,7
2022-02-24,1993,6,6.3
2022-02-24,1994,,
2022-02-24,1995,8,8.5
2022-02-24,1996,4.8,5.2
2022-02-24,1997,,
2022-02-24,1998,6.4,7
2022-02-24,1999,4.8,5.2
2022-02-24,2000,6.2,6.7
2022-02-24,2001,,
2022-02-24,2002,5,5.3
2022-02-24,2003,5,5.3
2022-02-24,2004,,
2022-02-24,2005,,
2022-02-24,2006,5.6,5.8
2022-02-24,2007,,
2022-02-24,2008,6.1,6.4
2022-02-24,2009,,
2022-02-24,2010,,
2022-02-24,2011,,
2022-02-24,2012,,
2022-02-24,2013,6,6.2
2022-02-24,2014,5,5.3
2022-02-24,2015,5.2,5.6
2022-02-24,2016,6.4,7
2022-02-24,2017,,
2022-02-24,2018,,
2022-02-24,2019,,
2022-02-24,2020,,
2022-02-24,2021,,
2022-02-24,2022,,
2022-02-24,2023,6.5,7
2022-02-24,2024,,
2022-02-24,2025,,
2022-02-24,2026,,
2022-02-24,2027,,
2022-02-24,2028,,
2022-02-24,2029,,
2022-02-24,2030,,
2022-02-24,2031,,
2022-02-24,2032,,
2022-02-24,2033,,
2022-02-24,2034,,
2022-02-24,2035,,
2022-02-24,2036,,
2022-02-24,2037,,
2022-02-24,2038,,
2022-02-24,2039,,
2022-02-24,2040,,
2022-02-24,2041,,
2022-02-24,2042,,
2022-02-24,2043,,
2022-02-24,2044,,
2022-02-24,2045,,
2022-02-24,2046,,
2022-02-24,2047,,
2022-02-24,2048,,
2022-02-24,2049,,
2022-02-24,2050,,
2022-02-24,2051,,
2022-02-24,2052,,
2022-02-24,2053,,
2022-02-24,2054,,
2022-02-24,2055,,
2022-02-24,2056,,
2022-02-24,2057,,
2022-02-24,2099,,
2022-02-24,2100,65,70
2022-02-24,2101,75,80
2022-02-24,2123,430,450
2022-02-24,2124,410,430
2022-02-24,2130,,
2022-02-24,2137,3.6,3.8
2022-02-24,2142,2.5,2.7
2022-02-24,2147,302,310
2022-02-24,2171,,
2022-02-24,2172,,
2022-02-24,2188,296,298
2022-02-24,2189,,
2022-02-24,2190,,
2022-02-24,2228,1.8,2
2022-02-24,2242,1.75,1.95
2022-02-24,2262,,
2022-02-24,2263,,
2022-02-24,2264,,
2022-02-24,2265,,
2022-02-24,2266,,
2022-02-24,2267,,
2022-02-24,2268,,
2022-02-24,2269,,
2022-02-24,2270,,
2022-02-24,2271,,
2022-02-24,2272,,
2022-02-24,2273,,
2022-02-24,2274,,
2022-02-24,2275,,
2022-02-24,2276,,
2022-02-24,2277,,
2022-02-24,2278,,
2022-02-24,2279,,
2022-02-24,2280,,
2022-02-24,2281,,
2022-02-24,2282,,
2022-02-24,2283,,
2022-02-24,2293,,
2022-02-24,2304,1.75,1.95
2022-02-24,2339,510,515
2022-02-24,2340,504,509
2022-02-24,2341,490,494
2022-02-24,2344,,
2022-02-24,2378,,
2022-02-24,2379,,
2022-02-24,2380,,
2022-02-24,2381,,
2022-02-24,2382,,
2022-02-24,2383,,
2022-02-24,2384,,
2022-02-24,2385,,
2022-02-24,2386,135,150
2022-02-24,2387,145,158
2022-02-24,2388,150,165
2022-02-24,2389,155,175
2022-02-24,2390,150,175
2022-02-24,2391,165,190
2022-02-24,2392,160,180
2022-02-24,2393,175,193
2022-02-24,2394,,
2022-02-24,2395,,
2022-02-24,2396,98,118
2022-02-24,2397,113,133
2022-02-24,2398,,
2022-02-24,2399,,
2022-02-24,2400,70,75
2022-02-24,2401,80,85
2022-02-24,2402,,
2022-02-24,2403,,
2022-02-24,2404,,
2022-02-24,2405,,
2022-02-24,2406,,
2022-02-24,2407,,
2022-02-24,2416,389,394
2022-02-24,2418,,
2022-02-24,2431,,
2022-02-24,2483,,
2022-02-24,2484,5.6,6
2022-02-24,2585,,
2022-02-24,2589,200,220
2022-02-24,2634,135,140
2022-02-24,2635,135,140
2022-02-24,2636,1642,1662
2022-02-24,2637,1937,1942
2022-02-24,2638,255,260
2022-02-24,2639,245,250
2022-02-24,2640,225,230
2022-02-24,2641,280,285
2022-02-24,2642,220,230
2022-02-24,2643,193,203
2022-02-24,2644,180,190
2022-02-24,2645,173,180
2022-02-24,2646,,
2022-02-24,2647,210,220
2022-02-24,2650,1.7,1.9
2022-02-24,2656,1.4,1.6
2022-02-24,2658,,
2022-02-24,2665,1.7,1.9
2022-02-24,2679,370,380
2022-02-24,2687,522,526
2022-02-24,2688,517,521
2022-02-24,2689,262,270
2022-02-24,2713,360,370
2022-02-24,2714,385,395
2022-02-24,2717,,
2022-02-24,2718,,
2022-02-24,2719,82,87
2022-02-24,2720,,
2022-02-24,2721,87,92
2022-02-24,2781,0.68,0.73
2022-02-24,2782,0.62,0.65
2022-02-24,2783,0.77,0.8
2022-02-24,2784,0.87,0.9
2022-02-24,2785,1.7,1.9
2022-02-24,2786,1.8,2
2022-02-24,2813,37.5,41.5
2022-02-24,2814,38.5,42.5
2022-02-24,2815,37.5,41.5
2022-02-24,2816,38.5,42.5
2022-02-24,2817,,
2022-02-24,2818,,
2022-02-24,2819,,
2022-02-24,2820,,
2022-02-24,2821,,
2022-02-24,2822,60,70
2022-02-24,2823,45,50
2022-02-24,2824,40,45
2022-02-24,2825,40,45
2022-02-24,2826,,
2022-02-24,2827,,
2022-02-24,2828,,
2022-02-24,2829,45,50
2022-02-24,2830,,
2022-02-24,2831,,
2022-02-24,2832,,
2022-02-24,2833,,
2022-02-24,2834,37.5,41.5
2022-02-24,2835,,
2022-02-24,2836,,
2022-02-24,2837,,
2022-02-24,2838,,
2022-02-24,2839,,
2022-02-24,2840,,
2022-02-24,2841,,
2022-02-24,2842,,
2022-02-24,2843,52,57
2022-02-24,2844,50,55
2022-02-24,2845,50,55
2022-02-24,2846,45,50
2022-02-24,2847,,
2022-02-24,2848,,
2022-02-24,2849,,
2022-02-24,2850,,
2022-02-24,2851,,
2022-02-24,2854,2.4,2.6
2022-02-24,2856,1.25,1.45
2022-02-24,2860,1.3,1.5
2022-02-24,2863,2.2,2.5
2022-02-24,2864,2.5,2.7
2022-02-24,2870,1.4,1.6
2022-02-24,2871,1.6,1.8
2022-02-24,2872,1.8,2
2022-02-24,2873,2,2.2
2022-02-24,2875,0.7,0.9
2022-02-24,2876,1.9,2.1
2022-02-24,2877,1.7,1.9
2022-02-24,2889,1.25,1.45
2022-02-24,2891,1.4,1.6
2022-02-24,2892,1.6,1.8
2022-02-24,2893,1.8,2
2022-02-24,2894,2,2.2
2022-02-24,2895,2.2,2.5
2022-02-24,2896,2.5,2.7
2022-02-24,2898,0.57,0.62
2022-02-24,2899,0.68,0.73
2022-02-24,2901,0.5,0.53
2022-02-24,2902,0.65,0.68
2022-02-24,2903,0.75,0.78
2022-02-24,2905,0.62,0.65
2022-02-24,2906,0.77,0.8
2022-02-24,2907,0.87,0.9
2022-03-03,30,,
2022-03-03,31,,
2022-03-03,103,1240,1320
2022-03-03,104,940,1020
2022-03-03,105,1020,1100
2022-03-03,106,1010,1090
2022-03-03,107,800,880
2022-03-03,108,1140,1260
2022-03-03,109,1060,1140
2022-03-03,186,,
2022-03-03,187,,
2022-03-03,190,,
2022-03-03,194,,
2022-03-03,195,,
2022-03-03,196,,
2022-03-03,201,,
2022-03-03,202,,
2022-03-03,203,,
2022-03-03,204,,
2022-03-03,206,,
2022-03-03,210,,
2022-03-03,211,,
2022-03-03,213,,
2022-03-03,482,,
2022-03-03,483,,
2022-03-03,513,,
2022-03-03,515,,
2022-03-03,621,,
2022-03-03,637,,
2022-03-03,681,,
2022-03-03,851,,
2022-03-03,864,,
2022-03-03,1156,,
2022-03-03,1165,,
2022-03-03,1177,331,336
2022-03-03,1178,,
2022-03-03,1182,305,308
2022-03-03,1183,657,660
2022-03-03,1186,483,485
2022-03-03,1187,,
2022-03-03,1188,342,344
2022-03-03,1189,436,446
2022-03-03,1191,,
2022-03-03,1192,,
2022-03-03,1197,,
2022-03-03,1203,,
2022-03-03,1208,,
2022-03-03,1209,342,355
2022-03-03,1215,800,805
2022-03-03,1217,215,217
2022-03-03,1218,222,223
2022-03-03,1219,272,275
2022-03-03,1220,221,223
2022-03-03,1222,267,269
2022-03-03,1223,272,273
2022-03-03,1224,324,326
2022-03-03,1225,212,214
2022-03-03,1226,221,223
2022-03-03,1227,229,231
2022-03-03,1228,358,360
2022-03-03,1242,566,568
2022-03-03,1243,,
2022-03-03,1244,573,575
2022-03-03,1245,568,570
2022-03-03,1248,784,787
2022-03-03,1249,,
2022-03-03,1250,,
2022-03-03,1251,425,430
2022-03-03,1252,,
2022-03-03,1253,670,675
2022-03-03,1254,695,700
2022-03-03,1270,274,275
2022-03-03,1273,234,235
2022-03-03,1274,234,235
2022-03-03,1275,313,315
2022-03-03,1276,310,312
2022-03-03,1278,420,440
2022-03-03,1282,590,600
2022-03-03,1283,565,585
2022-03-03,1284,350,365
2022-03-03,1285,208,210
2022-03-03,1286,175,180
2022-03-03,1287,70,80
2022-03-03,1289,,
2022-03-03,1290,,
2022-03-03,1291,135,145
2022-03-03,1292,145,153
2022-03-03,1293,,
2022-03-03,1294,,
2022-03-03,1297,,
2022-03-03,1298,,
2022-03-03,1378,,
2022-03-03,1379,305,309
2022-03-03,1380,311,315
2022-03-03,1414,,
2022-03-03,1432,150,160
2022-03-03,1433,155,170
2022-03-03,1434,103,123
2022-03-03,1452,,
2022-03-03,1453,,
2022-03-03,1478,,
2022-03-03,1491,150,170
2022-03-03,1492,165,185
2022-03-03,1493,118,138
2022-03-03,1535,724,727
2022-03-03,1536,,
2022-03-03,1537,,
2022-03-03,1538,,
2022-03-03,1553,160,175
2022-03-03,1554,175,188
2022-03-03,1618,,
2022-03-03,1621,,
2022-03-03,1624,350,352
2022-03-03,1630,328,330
2022-03-03,1631,333,335
2022-03-03,1633,349,350
2022-03-03,1634,,
2022-03-03,1656,338,342
2022-03-03,1676,390,395
2022-03-03,1677,348,351
2022-03-03,1684,865,870
2022-03-03,1704,,
2022-03-03,1774,,
2022-03-03,1779,,
2022-03-03,1780,,
2022-03-03,1781,,
2022-03-03,1784,240,250
2022-03-03,1790,1050,1080
2022-03-03,1792,289,299
2022-03-03,1793,540,560
2022-03-03,1794,675,740
2022-03-03,1795,470,480
2022-03-03,1871,415,435
2022-03-03,1887,,
2022-03-03,1893,575,595
2022-03-03,1894,615,635
2022-03-03,1895,660,700
2022-03-03,1896,670,710
2022-03-03,1900,482,485
2022-03-03,1901,1245,1250
2022-03-03,1902,1215,1220
2022-03-03,1951,525,535
2022-03-03,1953,,
2022-03-03,1960,,
2022-03-03,1961,,
2022-03-03,1971,,
2022-03-03,1981,3.9,4.2
2022-03-03,1982,,
2022-03-03,1983,4.3,4.9
2022-03-03,1984,4.8,5.2
2022-03-03,1985,5.7,6
2022-03-03,1986,,
2022-03-03,1987,,
2022-03-03,1988,4.2,4.5
2022-03-03,1989,4.6,5.3
2022-03-03,1990,4.8,5.2
2022-03-03,1991,5,5.3
2022-03-03,1992,6.3,7
2022-03-03,1993,6,6.3
2022-03-03,1994,,
2022-03-03,1995,8,8.5
2022-03-03,1996,4.8,5.2
2022-03-03,1997,,
2022-03-03,1998,6.4,7
2022-03-03,1999,4.8,5.2
2022-03-03,2000,6.2,6.7
2022-03-03,2001,,
2022-03-03,2002,5,5.3
2022-03-03,2003,5,5.3
2022-03-03,2004,,
2022-03-03,2005,,
2022-03-03,2006,5.6,5.8
2022-03-03,2007,,
2022-03-03,2008,6.1,6.4
2022-03-03,2009,,
2022-03-03,2010,,
2022-03-03,2011,,
2022-03-03,2012,,
2022-03-03,2013,6,6.2
2022-03-03,2014,5,5.3
2022-03-03,2015,5.2,5.6
2022-03-03,2016,6.4,7
2022-03-03,2017,,
2022-03-03,2018,,
2022-03-03,2019,,
2022-03-03,2020,,
2022-03-03,2021,,
2022-03-03,2022,,
2022-03-03,2023,6.5,7
2022-03-03,2024,,
2022-03-03,2025,,
2022-03-03,2026,,
2022-03-03,2027,,
2022-03-03,2028,,
2022-03-03,2029,,
2022-03-03,2030,,
2022-03-03,2031,,
2022-03-03,2032,,
2022-03-03,2033,,
2022-03-03,2034,,
2022-03-03,2035,,
2022-03-03,2036,,
2022-03-03,2037,,
2022-03-03,2038,,
2022-03-03,2039,,
2022-03-03,2040,,
2022-03-03,2041,,
2022-03-03,2042,,
2022-03-03,2043,,
2022-03-03,2044,,
2022-03-03,2045,,
2022-03-03,2046,,
2022-03-03,2047,,
2022-03-03,2048,,
2022-03-03,2049,,
2022-03-03,2050,,
2022-03-03,2051,,
2022-03-03,2052,,
2022-03-03,2053,,
2022-03-03,2054,,
2022-03-03,2055,,
2022-03-03,2056,,
2022-03-03,2057,,
2022-03-03,2099,,
2022-03-03,2100,65,70
2022-03-03,2101,75,80
2022-03-03,2123,445,465
2022-03-03,2124,415,435
2022-03-03,2130,,
2022-03-03,2137,,
2022-03-03,2142,,
2022-03-03,2147,340,350
2022-03-03,2171,,
2022-03-03,2172,,
2022-03-03,2188,316,318
2022-03-03,2189,,
2022-03-03,2190,,
2022-03-03,2228,,
2022-03-03,2242,,
2022-03-03,2262,,
2022-03-03,2263,,
2022-03-03,2264,,
2022-03-03,2265,,
2022-03-03,2266,,
2022-03-03,2267,,
2022-03-03,2268,,
2022-03-03,2269,,
2022-03-03,2270,,
2022-03-03,2271,,
2022-03-03,2272,,
2022-03-03,2273,,
2022-03-03,2274,,
2022-03-03,2275,,
2022-03-03,2276,,
2022-03-03,2277,,
2022-03-03,2278,,
2022-03-03,2279,,
2022-03-03,2280,,
2022-03-03,2281,,
2022-03-03,2282,,
2022-03-03,2283,,
2022-03-03,2293,,
2022-03-03,2304,,
2022-03-03,2339,510,515
2022-03-03,2340,504,509
2022-03-03,2341,490,494
2022-03-03,2344,,
2022-03-03,2378,,
2022-03-03,2379,,
2022-03-03,2380,,
2022-03-03,2381,,
2022-03-03,2382,,
2022-03-03,2383,,
2022-03-03,2384,,
2022-03-03,2385,,
2022-03-03,2386,140,150
2022-03-03,2387,150,158
2022-03-03,2388,155,165
2022-03-03,2389,160,175
2022-03-03,2390,155,175
2022-03-03,2391,170,190
2022-03-03,2392,165,180
2022-03-03,2393,180,193
2022-03-03,2394,,
2022-03-03,2395,,
2022-03-03,2396,108,128
2022-03-03,2397,123,143
2022-03-03,2398,,
2022-03-03,2399,,
2022-03-03,2400,70,75
2022-03-03,2401,80,85
2022-03-03,2402,,
2022-03-03,2403,,
2022-03-03,2404,,
2022-03-03,2405,,
2022-03-03,2406,,
2022-03-03,2407,,
2022-03-03,2416,419,424
2022-03-03,2418,,
2022-03-03,2431,,
2022-03-03,2483,,
2022-03-03,2484,,
2022-03-03,2585,,
2022-03-03,2589,200,220
2022-03-03,2634,140,145
2022-03-03,2635,140,145
2022-03-03,2636,1662,1682
2022-03-03,2637,1957,1962
2022-03-03,2638,260,265
2022-03-03,2639,250,255
2022-03-03,2640,230,235
2022-03-03,2641,285,290
2022-03-03,2642,225,235
2022-03-03,2643,198,208
2022-03-03,2644,185,195
2022-03-03,2645,178,185
2022-03-03,2646,,
2022-03-03,2647,215,225
2022-03-03,2650,,
2022-03-03,2656,,
2022-03-03,2658,,
2022-03-03,2665,,
2022-03-03,2679,,
2022-03-03,2687,522,526
2022-03-03,2688,517,521
2022-03-03,2689,262,270
2022-03-03,2713,380,390
2022-03-03,2714,405,415
2022-03-03,2717,,
2022-03-03,2718,,
2022-03-03,2719,92,97
2022-03-03,2720,,
2022-03-03,2721,97,102
2022-03-03,2785,,
2022-03-03,2786,,
2022-03-03,2813,37.5,41.5
2022-03-03,2814,38.5,42.5
2022-03-03,2815,37.5,41.5
2022-03-03,2816,38.5,42.5
2022-03-03,2817,,
2022-03-03,2818,,
2022-03-03,2819,,
2022-03-03,2820,,
2022-03-03,2821,,
2022-03-03,2822,60,70
2022-03-03,2823,45,50
2022-03-03,2824,40,45
2022-03-03,2825,40,45
2022-03-03,2826,,
2022-03-03,2827,,
2022-03-03,2828,,
2022-03-03,2829,45,50
2022-03-03,2830,,
2022-03-03,2831,,
2022-03-03,2832,,
2022-03-03,2833,,
2022-03-03,2834,37.5,41.5
2022-03-03,2835,,
2022-03-03,2836,,
2022-03-03,2837,,
2022-03-03,2838,,
2022-03-03,2839,,
2022-03-03,2840,,
2022-03-03,2841,,
2022-03-03,2842,,
2022-03-03,2843,52,57
2022-03-03,2844,50,55
2022-03-03,2845,50,55
2022-03-03,2846,45,50
2022-03-03,2847,,
2022-03-03,2848,,
2022-03-03,2849,,
2022-03-03,2850,,
2022-03-03,2851,,
2022-03-03,2854,,
2022-03-03,2860,,
2022-03-03,2875,,
2022-03-03,2876,,
2022-03-03,2877,,
2022-03-03,2889,,
2022-03-03,2890,,
2022-03-03,2891,,
2022-03-03,2892,,
2022-03-03,2893,,
2022-03-03,2894,,
2022-03-03,2895,,
2022-03-03,2896,,
2022-03-03,2897,,
2022-03-03,2898,,
2022-03-03,2899,,
2022-03-03,2900,,
2022-03-03,2901,,
2022-03-03,2902,,
2022-03-03,2903,,
2022-03-03,2904,,
2022-03-03,2905,,
2022-03-03,2906,,
2022-03-03,2907,,
2022-03-10,30,,
2022-03-10,31,435,440
2022-03-10,103,1240,1320
2022-03-10,104,940,1020
2022-03-10,105,1020,1100
2022-03-10,106,1010,1090
2022-03-10,107,800,880
2022-03-10,108,1140,1260
2022-03-10,109,1060,1140
2022-03-10,186,,
2022-03-10,187,,
2022-03-10,190,,
2022-03-10,194,,
2022-03-10,195,,
2022-03-10,196,,
2022-03-10,201,,
2022-03-10,202,,
2022-03-10,203,,
2022-03-10,204,,
2022-03-10,206,,
2022-03-10,210,,
2022-03-10,211,,
2022-03-10,213,,
2022-03-10,482,,
2022-03-10,483,,
2022-03-10,513,,
2022-03-10,515,,
2022-03-10,621,,
2022-03-10,637,,
2022-03-10,681,,
2022-03-10,851,,
2022-03-10,864,,
2022-03-10,1156,,
2022-03-10,1165,,
2022-03-10,1177,391,396
2022-03-10,1178,,
2022-03-10,1182,375,378
2022-03-10,1183,685,688
2022-03-10,1186,498,500
2022-03-10,1187,,
2022-03-10,1188,402,404
2022-03-10,1189,441,451
2022-03-10,1191,,
2022-03-10,1192,,
2022-03-10,1197,,
2022-03-10,1203,,
2022-03-10,1208,,
2022-03-10,1209,402,415
2022-03-10,1215,800,805
2022-03-10,1217,250,252
2022-03-10,1218,257,258
2022-03-10,1219,307,310
2022-03-10,1220,256,258
2022-03-10,1222,302,304
2022-03-10,1223,307,308
2022-03-10,1224,359,361
2022-03-10,1225,247,249
2022-03-10,1226,256,258
2022-03-10,1227,268,270
2022-03-10,1228,388,390
2022-03-10,1242,618,620
2022-03-10,1243,,
2022-03-10,1244,625,627
2022-03-10,1245,620,622
2022-03-10,1248,829,832
2022-03-10,1249,,
2022-03-10,1250,,
2022-03-10,1251,490,495
2022-03-10,1252,493,498
2022-03-10,1253,690,695
2022-03-10,1254,715,720
2022-03-10,1270,364,365
2022-03-10,1273,249,250
2022-03-10,1274,249,250
2022-03-10,1275,321,323
2022-03-10,1276,360,362
2022-03-10,1278,430,450
2022-03-10,1282,590,600
2022-03-10,1283,565,585
2022-03-10,1284,350,365
2022-03-10,1285,238,240
2022-03-10,1286,195,200
2022-03-10,1287,70,80
2022-03-10,1289,,
2022-03-10,1290,,
2022-03-10,1291,140,150
2022-03-10,1292,150,158
2022-03-10,1293,,
2022-03-10,1294,,
2022-03-10,1297,,
2022-03-10,1298,,
2022-03-10,1378,,
2022-03-10,1379,380,384
2022-03-10,1380,386,390
2022-03-10,1414,,
2022-03-10,1432,160,170
2022-03-10,1433,165,180
2022-03-10,1434,103,123
2022-03-10,1452,,
2022-03-10,1453,,
2022-03-10,1478,,
2022-03-10,1491,160,180
2022-03-10,1492,175,195
2022-03-10,1493,118,138
2022-03-10,1535,769,772
2022-03-10,1536,,
2022-03-10,1537,,
2022-03-10,1538,,
2022-03-10,1553,170,185
2022-03-10,1554,185,198
2022-03-10,1618,,
2022-03-10,1621,,
2022-03-10,1624,425,427
2022-03-10,1630,403,405
2022-03-10,1631,408,410
2022-03-10,1633,419,420
2022-03-10,1634,,
2022-03-10,1656,398,402
2022-03-10,1676,430,435
2022-03-10,1677,408,411
2022-03-10,1684,865,870
2022-03-10,1704,,
2022-03-10,1774,,
2022-03-10,1779,,
2022-03-10,1780,,
2022-03-10,1781,,
2022-03-10,1784,280,290
2022-03-10,1790,1070,1100
2022-03-10,1792,289,299
2022-03-10,1793,540,560
2022-03-10,1794,675,740
2022-03-10,1795,470,480
2022-03-10,1871,440,460
2022-03-10,1887,,
2022-03-10,1893,635,655
2022-03-10,1894,675,695
2022-03-10,1895,720,760
2022-03-10,1896,730,770
2022-03-10,1900,497,500
2022-03-10,1901,1335,1340
2022-03-10,1902,1305,1310
2022-03-10,1951,525,535
2022-03-10,1953,,
2022-03-10,1960,,
2022-03-10,1961,,
2022-03-10,1971,,
2022-03-10,1981,3.9,4.2
2022-03-10,1982,,
2022-03-10,1983,4.3,4.9
2022-03-10,1984,4.8,5.2
2022-03-10,1985,5.7,6
2022-03-10,1986,,
2022-03-10,1987,,
2022-03-10,1988,4.2,4.5
2022-03-10,1989,4.6,5.3
2022-03-10,1990,4.8,5.2
2022-03-10,1991,5,5.3
2022-03-10,1992,6.3,7
2022-03-10,1993,6,6.3
2022-03-10,1994,,
2022-03-10,1995,8,8.5
2022-03-10,1996,4.8,5.2
2022-03-10,1997,,
2022-03-10,1998,6.4,7
2022-03-10,1999,4.8,5.2
2022-03-10,2000,6.2,6.7
2022-03-10,2001,,
2022-03-10,2002,5,5.3
2022-03-10,2003,5,5.3
2022-03-10,2004,,
2022-03-10,2005,,
2022-03-10,2006,5.6,5.8
2022-03-10,2007,,
2022-03-10,2008,6.1,6.4
2022-03-10,2009,,
2022-03-10,2010,,
2022-03-10,2011,,
2022-03-10,2012,,
2022-03-10,2013,6,6.2
2022-03-10,2014,5,5.3
2022-03-10,2015,5.2,5.6
2022-03-10,2016,6.4,7
2022-03-10,2017,,
2022-03-10,2018,,
2022-03-10,2019,,
2022-03-10,2020,,
2022-03-10,2021,,
2022-03-10,2022,,
2022-03-10,2023,6.5,7
2022-03-10,2024,,
2022-03-10,2025,,
2022-03-10,2026,,
2022-03-10,2027,,
2022-03-10,2028,,
2022-03-10,2029,,
2022-03-10,2030,,
2022-03-10,2031,,
2022-03-10,2032,,
2022-03-10,2033,,
2022-03-10,2034,,
2022-03-10,2035,,
2022-03-10,2036,,
2022-03-10,2037,,
2022-03-10,2038,,
2022-03-10,2039,,
2022-03-10,2040,,
2022-03-10,2041,,
2022-03-10,2042,,
2022-03-10,2043,,
2022-03-10,2044,,
2022-03-10,2045,,
2022-03-10,2046,,
2022-03-10,2047,,
2022-03-10,2048,,
2022-03-10,2049,,
2022-03-10,2050,,
2022-03-10,2051,,
2022-03-10,2052,,
2022-03-10,2053,,
2022-03-10,2054,,
2022-03-10,2055,,
2022-03-10,2056,,
2022-03-10,2057,,
2022-03-10,2099,,
2022-03-10,2100,65,70
2022-03-10,2101,75,80
2022-03-10,2123,475,495
2022-03-10,2124,440,460
2022-03-10,2130,,
2022-03-10,2137,,
2022-03-10,2142,,
2022-03-10,2147,410,420
2022-03-10,2171,,
2022-03-10,2172,,
2022-03-10,2188,396,398
2022-03-10,2189,,
2022-03-10,2190,,
2022-03-10,2228,,
2022-03-10,2242,,
2022-03-10,2262,,
2022-03-10,2263,,
2022-03-10,2264,,
2022-03-10,2265,,
2022-03-10,2266,,
2022-03-10,2267,,
2022-03-10,2268,,
2022-03-10,2269,,
2022-03-10,2270,,
2022-03-10,2271,,
2022-03-10,2272,,
2022-03-10,2273,,
2022-03-10,2274,,
2022-03-10,2275,,
2022-03-10,2276,,
2022-03-10,2277,,
2022-03-10,2278,,
2022-03-10,2279,,
2022-03-10,2280,,
2022-03-10,2281,,
2022-03-10,2282,,
2022-03-10,2283,,
2022-03-10,2293,,
2022-03-10,2304,,
2022-03-10,2339,510,515
2022-03-10,2340,504,509
2022-03-10,2341,490,494
2022-03-10,2344,,
2022-03-10,2378,,
2022-03-10,2379,,
2022-03-10,2380,,
2022-03-10,2381,,
2022-03-10,2382,,
2022-03-10,2383,,
2022-03-10,2384,,
2022-03-10,2385,,
2022-03-10,2386,145,155
2022-03-10,2387,155,163
2022-03-10,2388,165,175
2022-03-10,2389,170,185
2022-03-10,2390,165,185
2022-03-10,2391,180,200
2022-03-10,2392,175,190
2022-03-10,2393,190,203
2022-03-10,2394,,
2022-03-10,2395,,
2022-03-10,2396,108,128
2022-03-10,2397,123,143
2022-03-10,2398,,
2022-03-10,2399,,
2022-03-10,2400,70,75
2022-03-10,2401,80,85
2022-03-10,2402,,
2022-03-10,2403,,
2022-03-10,2404,,
2022-03-10,2405,,
2022-03-10,2406,,
2022-03-10,2407,,
2022-03-10,2416,429,434
2022-03-10,2418,,
2022-03-10,2431,,
2022-03-10,2483,,
2022-03-10,2484,,
2022-03-10,2585,,
2022-03-10,2589,200,220
2022-03-10,2634,145,150
2022-03-10,2635,145,150
2022-03-10,2636,1732,1752
2022-03-10,2637,2027,2032
2022-03-10,2638,265,270
2022-03-10,2639,255,260
2022-03-10,2640,235,240
2022-03-10,2641,290,295
2022-03-10,2642,230,240
2022-03-10,2643,203,213
2022-03-10,2644,190,200
2022-03-10,2645,183,190
2022-03-10,2646,,
2022-03-10,2647,220,230
2022-03-10,2650,,
2022-03-10,2656,,
2022-03-10,2658,,
2022-03-10,2665,,
2022-03-10,2679,,
2022-03-10,2687,522,526
2022-03-10,2688,517,521
2022-03-10,2689,267,275
2022-03-10,2713,415,425
2022-03-10,2714,440,450
2022-03-10,2717,,
2022-03-10,2718,,
2022-03-10,2719,92,97
2022-03-10,2720,,
2022-03-10,2721,97,102
2022-03-10,2785,,
2022-03-10,2786,,
2022-03-10,2813,37.5,41.5
2022-03-10,2814,38.5,42.5
2022-03-10,2815,37.5,41.5
2022-03-10,2816,38.5,42.5
2022-03-10,2817,,
2022-03-10,2818,,
2022-03-10,2819,,
2022-03-10,2820,,
2022-03-10,2821,,
2022-03-10,2822,60,70
2022-03-10,2823,45,50
2022-03-10,2824,40,45
2022-03-10,2825,40,45
2022-03-10,2826,,
2022-03-10,2827,,
2022-03-10,2828,,
2022-03-10,2829,45,50
2022-03-10,2830,,
2022-03-10,2831,,
2022-03-10,2832,,
2022-03-10,2833,,
2022-03-10,2834,37.5,41.5
2022-03-10,2835,,
2022-03-10,2836,,
2022-03-10,2837,,
2022-03-10,2838,,
2022-03-10,2839,,
2022-03-10,2840,,
2022-03-10,2841,,
2022-03-10,2842,,
2022-03-10,2843,52,57
2022-03-10,2844,50,55
2022-03-10,2845,50,55
2022-03-10,2846,45,50
2022-03-10,2847,,
2022-03-10,2848,,
2022-03-10,2849,,
2022-03-10,2850,,
2022-03-10,2851,,
2022-03-10,2854,,
2022-03-10,2860,,
2022-03-10,2875,,
2022-03-10,2876,,
2022-03-10,2877,,
2022-03-10,2889,,
2022-03-10,2890,,
2022-03-10,2891,,
2022-03-10,2892,,
2022-03-10,2893,,
2022-03-10,2894,,
2022-03-10,2895,,
2022-03-10,2896,,
2022-03-10,2897,,
2022-03-10,2898,,
2022-03-10,2899,,
2022-03-10,2900,,
2022-03-10,2901,,
2022-03-10,2902,,
2022-03-10,2903,,
2022-03-10,2904,,
2022-03-10,2905,,
2022-03-10,2906,,
2022-03-10,2907,,
2022-03-17,30,,
2022-03-17,31,435,445
2022-03-17,103,1260,1340
2022-03-17,104,940,1020
2022-03-17,105,1020,1100
2022-03-17,106,1010,1090
2022-03-17,107,800,880
2022-03-17,108,1140,1260
2022-03-17,109,1060,1140
2022-03-17,186,,
2022-03-17,187,,
2022-03-17,190,,
2022-03-17,194,,
2022-03-17,195,,
2022-03-17,196,,
2022-03-17,201,,
2022-03-17,202,,
2022-03-17,203,,
2022-03-17,204,,
2022-03-17,206,,
2022-03-17,210,,
2022-03-17,211,,
2022-03-17,213,,
2022-03-17,482,,
2022-03-17,483,,
2022-03-17,513,,
2022-03-17,515,,
2022-03-17,621,,
2022-03-17,637,,
2022-03-17,681,,
2022-03-17,851,,
2022-03-17,864,,
2022-03-17,1156,,
2022-03-17,1165,,
2022-03-17,1177,397,402
2022-03-17,1178,,
2022-03-17,1182,382,385
2022-03-17,1183,697,700
2022-03-17,1186,488,490
2022-03-17,1187,,
2022-03-17,1188,414,416
2022-03-17,1189,461,471
2022-03-17,1191,,
2022-03-17,1192,,
2022-03-17,1197,,
2022-03-17,1203,,
2022-03-17,1208,,
2022-03-17,1209,414,427
2022-03-17,1215,800,805
2022-03-17,1217,280,282
2022-03-17,1218,287,288
2022-03-17,1219,327,330
2022-03-17,1220,288,290
2022-03-17,1222,332,334
2022-03-17,1223,337,338
2022-03-17,1224,379,381
2022-03-17,1225,277,279
2022-03-17,1226,288,290
2022-03-17,1227,298,300
2022-03-17,1228,398,400
2022-03-17,1242,605,607
2022-03-17,1243,,
2022-03-17,1244,613,615
2022-03-17,1245,608,610
2022-03-17,1248,839,842
2022-03-17,1249,,
2022-03-17,1250,,
2022-03-17,1251,490,495
2022-03-17,1252,495,500
2022-03-17,1253,685,690
2022-03-17,1254,710,715
2022-03-17,1270,364,365
2022-03-17,1273,249,250
2022-03-17,1274,249,250
2022-03-17,1275,331,333
2022-03-17,1276,360,362
2022-03-17,1278,440,460
2022-03-17,1282,590,600
2022-03-17,1283,565,585
2022-03-17,1284,350,365
2022-03-17,1285,248,250
2022-03-17,1286,205,210
2022-03-17,1287,70,80
2022-03-17,1289,,
2022-03-17,1290,,
2022-03-17,1291,145,155
2022-03-17,1292,155,163
2022-03-17,1293,,
2022-03-17,1294,,
2022-03-17,1297,,
2022-03-17,1298,,
2022-03-17,1378,,
2022-03-17,1379,380,384
2022-03-17,1380,386,390
2022-03-17,1414,,
2022-03-17,1432,160,170
2022-03-17,1433,165,180
2022-03-17,1434,103,123
2022-03-17,1452,,
2022-03-17,1453,,
2022-03-17,1478,,
2022-03-17,1491,160,180
2022-03-17,1492,175,195
2022-03-17,1493,118,138
2022-03-17,1535,779,782
2022-03-17,1536,,
2022-03-17,1537,,
2022-03-17,1538,,
2022-03-17,1553,170,185
2022-03-17,1554,185,198
2022-03-17,1618,,
2022-03-17,1621,,
2022-03-17,1624,425,427
2022-03-17,1630,403,405
2022-03-17,1631,408,410
2022-03-17,1633,419,420
2022-03-17,1634,,
2022-03-17,1656,404,408
2022-03-17,1676,435,440
2022-03-17,1677,414,417
2022-03-17,1684,865,870
2022-03-17,1704,,
2022-03-17,1774,,
2022-03-17,1779,,
2022-03-17,1780,,
2022-03-17,1781,,
2022-03-17,1784,280,290
2022-03-17,1790,1090,1110
2022-03-17,1792,294,304
2022-03-17,1793,550,570
2022-03-17,1794,695,760
2022-03-17,1795,470,480
2022-03-17,1871,455,475
2022-03-17,1887,,
2022-03-17,1893,635,655
2022-03-17,1894,675,695
2022-03-17,1895,720,760
2022-03-17,1896,730,770
2022-03-17,1900,487,490
2022-03-17,1901,1415,1420
2022-03-17,1902,1385,1390
2022-03-17,1951,525,535
2022-03-17,1953,,
2022-03-17,1960,,
2022-03-17,1961,,
2022-03-17,1971,,
2022-03-17,1981,3.9,4.2
2022-03-17,1982,,
2022-03-17,1983,4.3,4.9
2022-03-17,1984,4.8,5.2
2022-03-17,1985,5.7,6
2022-03-17,1986,,
2022-03-17,1987,,
2022-03-17,1988,4.2,4.5
2022-03-17,1989,4.6,5.3
2022-03-17,1990,4.8,5.2
2022-03-17,1991,5,5.3
2022-03-17,1992,6.3,7
2022-03-17,1993,6,6.3
2022-03-17,1994,,
2022-03-17,1995,8,8.5
2022-03-17,1996,4.8,5.2
2022-03-17,1997,,
2022-03-17,1998,6.4,7
2022-03-17,1999,4.8,5.2
2022-03-17,2000,6.2,6.7
2022-03-17,2001,,
2022-03-17,2002,5,5.3
2022-03-17,2003,5,5.3
2022-03-17,2004,,
2022-03-17,2005,,
2022-03-17,2006,5.6,5.8
2022-03-17,2007,,
2022-03-17,2008,6.1,6.4
2022-03-17,2009,,
2022-03-17,2010,,
2022-03-17,2011,,
2022-03-17,2012,,
2022-03-17,2013,6,6.2
2022-03-17,2014,5,5.3
2022-03-17,2015,5.2,5.6
2022-03-17,2016,6.4,7
2022-03-17,2017,,
2022-03-17,2018,,
2022-03-17,2019,,
2022-03-17,2020,,
2022-03-17,2021,,
2022-03-17,2022,,
2022-03-17,2023,6.5,7
2022-03-17,2024,,
2022-03-17,2025,,
2022-03-17,2026,,
2022-03-17,2027,,
2022-03-17,2028,,
2022-03-17,2029,,
2022-03-17,2030,,
2022-03-17,2031,,
2022-03-17,2032,,
2022-03-17,2033,,
2022-03-17,2034,,
2022-03-17,2035,,
2022-03-17,2036,,
2022-03-17,2037,,
2022-03-17,2038,,
2022-03-17,2039,,
2022-03-17,2040,,
2022-03-17,2041,,
2022-03-17,2042,,
2022-03-17,2043,,
2022-03-17,2044,,
2022-03-17,2045,,
2022-03-17,2046,,
2022-03-17,2047,,
2022-03-17,2048,,
2022-03-17,2049,,
2022-03-17,2050,,
2022-03-17,2051,,
2022-03-17,2052,,
2022-03-17,2053,,
2022-03-17,2054,,
2022-03-17,2055,,
2022-03-17,2056,,
2022-03-17,2057,,
2022-03-17,2099,,
2022-03-17,2100,65,70
2022-03-17,2101,75,80
2022-03-17,2123,495,515
2022-03-17,2124,455,475
2022-03-17,2130,,
2022-03-17,2137,,
2022-03-17,2142,,
2022-03-17,2147,410,420
2022-03-17,2171,,
2022-03-17,2172,,
2022-03-17,2188,391,393
2022-03-17,2189,,
2022-03-17,2190,,
2022-03-17,2228,,
2022-03-17,2242,,
2022-03-17,2262,,
2022-03-17,2263,,
2022-03-17,2264,,
2022-03-17,2265,,
2022-03-17,2266,,
2022-03-17,2267,,
2022-03-17,2268,,
2022-03-17,2269,,
2022-03-17,2270,,
2022-03-17,2271,,
2022-03-17,2272,,
2022-03-17,2273,,
2022-03-17,2274,,
2022-03-17,2275,,
2022-03-17,2276,,
2022-03-17,2277,,
2022-03-17,2278,,
2022-03-17,2279,,
2022-03-17,2280,,
2022-03-17,2281,,
2022-03-17,2282,,
2022-03-17,2283,,
2022-03-17,2293,,
2022-03-17,2304,,
2022-03-17,2339,520,525
2022-03-17,2340,514,519
2022-03-17,2341,500,504
2022-03-17,2344,,
2022-03-17,2378,,
2022-03-17,2379,,
2022-03-17,2380,,
2022-03-17,2381,,
2022-03-17,2382,,
2022-03-17,2383,,
2022-03-17,2384,,
2022-03-17,2385,,
2022-03-17,2386,150,160
2022-03-17,2387,160,168
2022-03-17,2388,165,175
2022-03-17,2389,170,185
2022-03-17,2390,165,185
2022-03-17,2391,180,200
2022-03-17,2392,175,190
2022-03-17,2393,190,203
2022-03-17,2394,,
2022-03-17,2395,,
2022-03-17,2396,108,128
2022-03-17,2397,123,143
2022-03-17,2398,,
2022-03-17,2399,,
2022-03-17,2400,70,75
2022-03-17,2401,80,85
2022-03-17,2402,,
2022-03-17,2403,,
2022-03-17,2404,,
2022-03-17,2405,,
2022-03-17,2406,,
2022-03-17,2407,,
2022-03-17,2416,449,454
2022-03-17,2418,,
2022-03-17,2431,,
2022-03-17,2483,,
2022-03-17,2484,,
2022-03-17,2585,,
2022-03-17,2589,220,230
2022-03-17,2634,145,150
2022-03-17,2635,145,150
2022-03-17,2636,1732,1752
2022-03-17,2637,2027,2032
2022-03-17,2638,275,280
2022-03-17,2639,265,270
2022-03-17,2640,245,250
2022-03-17,2641,300,305
2022-03-17,2642,230,240
2022-03-17,2643,208,218
2022-03-17,2644,195,205
2022-03-17,2645,188,195
2022-03-17,2646,,
2022-03-17,2647,220,230
2022-03-17,2650,,
2022-03-17,2656,,
2022-03-17,2658,,
2022-03-17,2665,,
2022-03-17,2679,,
2022-03-17,2687,532,536
2022-03-17,2688,527,531
2022-03-17,2689,277,285
2022-03-17,2713,435,445
2022-03-17,2714,460,470
2022-03-17,2717,,
2022-03-17,2718,,
2022-03-17,2719,92,97
2022-03-17,2720,,
2022-03-17,2721,97,102
2022-03-17,2785,,
2022-03-17,2786,,
2022-03-17,2813,37.5,41.5
2022-03-17,2814,38.5,42.5
2022-03-17,2815,37.5,41.5
2022-03-17,2816,38.5,42.5
2022-03-17,2817,,
2022-03-17,2818,,
2022-03-17,2819,,
2022-03-17,2820,,
2022-03-17,2821,,
2022-03-17,2822,60,70
2022-03-17,2823,45,50
2022-03-17,2824,40,45
2022-03-17,2825,40,45
2022-03-17,2826,,
2022-03-17,2827,,
2022-03-17,2828,,
2022-03-17,2829,45,50
2022-03-17,2830,,
2022-03-17,2831,,
2022-03-17,2832,,
2022-03-17,2833,,
2022-03-17,2834,37.5,41.5
2022-03-17,2835,,
2022-03-17,2836,,
2022-03-17,2837,,
2022-03-17,2838,,
2022-03-17,2839,,
2022-03-17,2840,,
2022-03-17,2841,,
2022-03-17,2842,,
2022-03-17,2843,52,57
2022-03-17,2844,50,55
2022-03-17,2845,50,55
2022-03-17,2846,45,50
2022-03-17,2847,,
2022-03-17,2848,,
2022-03-17,2849,,
2022-03-17,2850,,
2022-03-17,2851,,
2022-03-17,2854,,
2022-03-17,2860,,
2022-03-17,2875,,
2022-03-17,2876,,
2022-03-17,2877,,
2022-03-17,2889,,
2022-03-17,2890,,
2022-03-17,2891,,
2022-03-17,2892,,
2022-03-17,2893,,
2022-03-17,2894,,
2022-03-17,2895,,
2022-03-17,2896,,
2022-03-17,2897,,
2022-03-17,2898,,
2022-03-17,2899,,
2022-03-17,2900,,
2022-03-17,2901,,
2022-03-17,2902,,
2022-03-17,2903,,
2022-03-17,2904,,
2022-03-17,2905,,
2022-03-17,2906,,
2022-03-17,2907,,
2022-03-24,30,,
2022-03-24,31,430,435
2022-03-24,103,1280,1360
2022-03-24,104,940,1020
2022-03-24,105,1120,1200
2022-03-24,106,1010,1090
2022-03-24,107,800,880
2022-03-24,108,1140,1260
2022-03-24,109,1160,1240
2022-03-24,186,,
2022-03-24,187,,
2022-03-24,190,,
2022-03-24,194,,
2022-03-24,195,,
2022-03-24,196,,
2022-03-24,201,,
2022-03-24,202,,
2022-03-24,203,,
2022-03-24,204,,
2022-03-24,206,,
2022-03-24,210,,
2022-03-24,211,,
2022-03-24,213,,
2022-03-24,482,,
2022-03-24,483,,
2022-03-24,513,,
2022-03-24,515,,
2022-03-24,621,,
2022-03-24,637,,
2022-03-24,681,,
2022-03-24,851,,
2022-03-24,864,,
2022-03-24,1156,,
2022-03-24,1165,,
2022-03-24,1177,397,402
2022-03-24,1178,,
2022-03-24,1182,382,385
2022-03-24,1183,705,708
2022-03-24,1186,488,490
2022-03-24,1187,,
2022-03-24,1188,414,416
2022-03-24,1189,461,471
2022-03-24,1191,,
2022-03-24,1192,,
2022-03-24,1197,,
2022-03-24,1203,,
2022-03-24,1208,,
2022-03-24,1209,407,417
2022-03-24,1215,800,805
2022-03-24,1217,280,282
2022-03-24,1218,287,288
2022-03-24,1219,327,330
2022-03-24,1220,288,290
2022-03-24,1222,332,334
2022-03-24,1223,337,338
2022-03-24,1224,379,381
2022-03-24,1225,277,279
2022-03-24,1226,288,290
2022-03-24,1227,298,300
2022-03-24,1228,398,400
2022-03-24,1242,602,604
2022-03-24,1243,,
2022-03-24,1244,610,612
2022-03-24,1245,605,607
2022-03-24,1248,839,842
2022-03-24,1249,,
2022-03-24,1250,,
2022-03-24,1251,475,480
2022-03-24,1252,495,500
2022-03-24,1253,695,700
2022-03-24,1254,715,720
2022-03-24,1270,359,360
2022-03-24,1273,249,250
2022-03-24,1274,249,250
2022-03-24,1275,328,330
2022-03-24,1276,360,362
2022-03-24,1278,440,460
2022-03-24,1282,590,600
2022-03-24,1283,565,585
2022-03-24,1284,350,365
2022-03-24,1285,263,265
2022-03-24,1286,220,225
2022-03-24,1287,70,80
2022-03-24,1289,,
2022-03-24,1290,,
2022-03-24,1291,155,165
2022-03-24,1292,165,173
2022-03-24,1293,,
2022-03-24,1294,,
2022-03-24,1297,,
2022-03-24,1298,,
2022-03-24,1378,,
2022-03-24,1379,380,384
2022-03-24,1380,386,390
2022-03-24,1414,,
2022-03-24,1432,170,180
2022-03-24,1433,175,190
2022-03-24,1434,108,128
2022-03-24,1452,,
2022-03-24,1453,,
2022-03-24,1478,,
2022-03-24,1491,165,185
2022-03-24,1492,180,200
2022-03-24,1493,123,143
2022-03-24,1535,779,782
2022-03-24,1536,,
2022-03-24,1537,,
2022-03-24,1538,,
2022-03-24,1553,175,190
2022-03-24,1554,190,203
2022-03-24,1618,,
2022-03-24,1621,,
2022-03-24,1624,415,417
2022-03-24,1630,393,395
2022-03-24,1631,398,400
2022-03-24,1633,409,410
2022-03-24,1634,,
2022-03-24,1656,404,408
2022-03-24,1676,435,440
2022-03-24,1677,414,417
2022-03-24,1684,865,870
2022-03-24,1704,,
2022-03-24,1774,,
2022-03-24,1779,,
2022-03-24,1780,,
2022-03-24,1781,,
2022-03-24,1784,300,310
2022-03-24,1790,1090,1110
2022-03-24,1792,294,304
2022-03-24,1793,560,580
2022-03-24,1794,715,770
2022-03-24,1795,470,480
2022-03-24,1871,455,475
2022-03-24,1887,,
2022-03-24,1893,635,655
2022-03-24,1894,675,695
2022-03-24,1895,720,760
2022-03-24,1896,730,770
2022-03-24,1900,487,490
2022-03-24,1901,1425,1430
2022-03-24,1902,1395,1400
2022-03-24,1951,535,545
2022-03-24,1953,,
2022-03-24,1960,,
2022-03-24,1961,,
2022-03-24,1971,,
2022-03-24,1981,3.9,4.2
2022-03-24,1982,,
2022-03-24,1983,4.3,4.9
2022-03-24,1984,4.8,5.2
2022-03-24,1985,5.7,6
2022-03-24,1986,,
2022-03-24,1987,,
2022-03-24,1988,4.2,4.5
2022-03-24,1989,4.6,5.3
2022-03-24,1990,4.8,5.2
2022-03-24,1991,5,5.3
2022-03-24,1992,6.3,7
2022-03-24,1993,6,6.3
2022-03-24,1994,,
2022-03-24,1995,8,8.5
2022-03-24,1996,4.8,5.2
2022-03-24,1997,,
2022-03-24,1998,6.4,7
2022-03-24,1999,4.8,5.2
2022-03-24,2000,6.2,6.7
2022-03-24,2001,,
2022-03-24,2002,5,5.3
2022-03-24,2003,5,5.3
2022-03-24,2004,,
2022-03-24,2005,,
2022-03-24,2006,5.6,5.8
2022-03-24,2007,,
2022-03-24,2008,6.1,6.4
2022-03-24,2009,,
2022-03-24,2010,,
2022-03-24,2011,,
2022-03-24,2012,,
2022-03-24,2013,6,6.2
2022-03-24,2014,5,5.3
2022-03-24,2015,5.2,5.6
2022-03-24,2016,6.4,7
2022-03-24,2017,,
2022-03-24,2018,,
2022-03-24,2019,,
2022-03-24,2020,,
2022-03-24,2021,,
2022-03-24,2022,,
2022-03-24,2023,6.5,7
2022-03-24,2024,,
2022-03-24,2025,,
2022-03-24,2026,,
2022-03-24,2027,,
2022-03-24,2028,,
2022-03-24,2029,,
2022-03-24,2030,,
2022-03-24,2031,,
2022-03-24,2032,,
2022-03-24,2033,,
2022-03-24,2034,,
2022-03-24,2035,,
2022-03-24,2036,,
2022-03-24,2037,,
2022-03-24,2038,,
2022-03-24,2039,,
2022-03-24,2040,,
2022-03-24,2041,,
2022-03-24,2042,,
2022-03-24,2043,,
2022-03-24,2044,,
2022-03-24,2045,,
2022-03-24,2046,,
2022-03-24,2047,,
2022-03-24,2048,,
2022-03-24,2049,,
2022-03-24,2050,,
2022-03-24,2051,,
2022-03-24,2052,,
2022-03-24,2053,,
2022-03-24,2054,,
2022-03-24,2055,,
2022-03-24,2056,,
2022-03-24,2057,,
2022-03-24,2099,,
2022-03-24,2100,65,70
2022-03-24,2101,75,85
2022-03-24,2123,495,515
2022-03-24,2124,455,475
2022-03-24,2130,,
2022-03-24,2137,,
2022-03-24,2142,,
2022-03-24,2147,400,410
2022-03-24,2171,,
2022-03-24,2172,,
2022-03-24,2188,388,390
2022-03-24,2189,,
2022-03-24,2190,,
2022-03-24,2228,,
2022-03-24,2242,,
2022-03-24,2262,,
2022-03-24,2263,,
2022-03-24,2264,,
2022-03-24,2265,,
2022-03-24,2266,,
2022-03-24,2267,,
2022-03-24,2268,,
2022-03-24,2269,,
2022-03-24,2270,,
2022-03-24,2271,,
2022-03-24,2272,,
2022-03-24,2273,,
2022-03-24,2274,,
2022-03-24,2275,,
2022-03-24,2276,,
2022-03-24,2277,,
2022-03-24,2278,,
2022-03-24,2279,,
2022-03-24,2280,,
2022-03-24,2281,,
2022-03-24,2282,,
2022-03-24,2283,,
2022-03-24,2293,,
2022-03-24,2304,,
2022-03-24,2339,520,525
2022-03-24,2340,514,519
2022-03-24,2341,500,504
2022-03-24,2344,,
2022-03-24,2378,,
2022-03-24,2379,,
2022-03-24,2380,,
2022-03-24,2381,,
2022-03-24,2382,,
2022-03-24,2383,,
2022-03-24,2384,,
2022-03-24,2385,,
2022-03-24,2386,160,170
2022-03-24,2387,170,178
2022-03-24,2388,175,185
2022-03-24,2389,180,195
2022-03-24,2390,170,190
2022-03-24,2391,185,205
2022-03-24,2392,180,195
2022-03-24,2393,195,208
2022-03-24,2394,,
2022-03-24,2395,,
2022-03-24,2396,113,133
2022-03-24,2397,128,148
2022-03-24,2398,,
2022-03-24,2399,,
2022-03-24,2400,70,75
2022-03-24,2401,80,90
2022-03-24,2402,,
2022-03-24,2403,,
2022-03-24,2404,,
2022-03-24,2405,,
2022-03-24,2406,,
2022-03-24,2407,,
2022-03-24,2416,449,454
2022-03-24,2418,,
2022-03-24,2431,,
2022-03-24,2483,,
2022-03-24,2484,,
2022-03-24,2585,,
2022-03-24,2589,220,230
2022-03-24,2634,145,150
2022-03-24,2635,145,150
2022-03-24,2636,1732,1752
2022-03-24,2637,2027,2032
2022-03-24,2638,295,300
2022-03-24,2639,285,290
2022-03-24,2640,265,270
2022-03-24,2641,300,305
2022-03-24,2642,230,240
2022-03-24,2643,208,218
2022-03-24,2644,195,205
2022-03-24,2645,188,195
2022-03-24,2646,,
2022-03-24,2647,220,230
2022-03-24,2650,,
2022-03-24,2656,,
2022-03-24,2658,,
2022-03-24,2665,,
2022-03-24,2679,,
2022-03-24,2687,532,536
2022-03-24,2688,527,531
2022-03-24,2689,277,285
2022-03-24,2713,435,445
2022-03-24,2714,460,470
2022-03-24,2717,,
2022-03-24,2718,,
2022-03-24,2719,97,102
2022-03-24,2720,,
2022-03-24,2721,102,107
2022-03-24,2785,,
2022-03-24,2786,,
2022-03-24,2813,37.5,41.5
2022-03-24,2814,38.5,42.5
2022-03-24,2815,37.5,41.5
2022-03-24,2816,38.5,42.5
2022-03-24,2817,,
2022-03-24,2818,,
2022-03-24,2819,,
2022-03-24,2820,,
2022-03-24,2821,,
2022-03-24,2822,60,70
2022-03-24,2823,45,50
2022-03-24,2824,40,45
2022-03-24,2825,40,45
2022-03-24,2826,,
2022-03-24,2827,,
2022-03-24,2828,,
2022-03-24,2829,45,50
2022-03-24,2830,,
2022-03-24,2831,,
2022-03-24,2832,,
2022-03-24,2833,,
2022-03-24,2834,37.5,41.5
2022-03-24,2835,,
2022-03-24,2836,,
2022-03-24,2837,,
2022-03-24,2838,,
2022-03-24,2839,,
2022-03-24,2840,,
2022-03-24,2841,,
2022-03-24,2842,,
2022-03-24,2843,52,57
2022-03-24,2844,50,55
2022-03-24,2845,50,55
2022-03-24,2846,45,50
2022-03-24,2847,,
2022-03-24,2848,,
2022-03-24,2849,,
2022-03-24,2850,,
2022-03-24,2851,,
2022-03-24,2854,,
2022-03-24,2860,,
2022-03-24,2875,,
2022-03-24,2876,,
2022-03-24,2877,,
2022-03-24,2889,,
2022-03-24,2890,,
2022-03-24,2891,,
2022-03-24,2892,,
2022-03-24,2893,,
2022-03-24,2894,,
2022-03-24,2895,,
2022-03-24,2896,,
2022-03-24,2897,,
2022-03-24,2898,,
2022-03-24,2899,,
2022-03-24,2900,,
2022-03-24,2901,,
2022-03-24,2902,,
2022-03-24,2903,,
2022-03-24,2904,,
2022-03-24,2905,,
2022-03-24,2906,,
2022-03-24,2907,,
2022-03-31,30,,
2022-03-31,31,425,430
2022-03-31,103,1300,1380
2022-03-31,104,1040,1120
2022-03-31,105,1120,1200
2022-03-31,106,1010,1090
2022-03-31,107,890,970
2022-03-31,108,1140,1260
2022-03-31,109,1160,1240
2022-03-31,186,,
2022-03-31,187,,
2022-03-31,190,,
2022-03-31,194,,
2022-03-31,195,,
2022-03-31,196,,
2022-03-31,201,,
2022-03-31,202,,
2022-03-31,203,,
2022-03-31,204,,
2022-03-31,206,,
2022-03-31,210,,
2022-03-31,211,,
2022-03-31,213,,
2022-03-31,482,,
2022-03-31,483,,
2022-03-31,513,,
2022-03-31,515,,
2022-03-31,621,,
2022-03-31,637,,
2022-03-31,681,,
2022-03-31,851,,
2022-03-31,864,,
2022-03-31,1156,,
2022-03-31,1165,,
2022-03-31,1177,389,394
2022-03-31,1178,,
2022-03-31,1182,375,378
2022-03-31,1183,705,708
2022-03-31,1186,486,488
2022-03-31,1187,,
2022-03-31,1188,397,399
2022-03-31,1189,446,456
2022-03-31,1191,,
2022-03-31,1192,,
2022-03-31,1197,,
2022-03-31,1203,,
2022-03-31,1208,,
2022-03-31,1209,390,410
2022-03-31,1215,800,805
2022-03-31,1217,248,250
2022-03-31,1218,255,256
2022-03-31,1219,307,310
2022-03-31,1220,268,270
2022-03-31,1222,300,302
2022-03-31,1223,305,306
2022-03-31,1224,359,361
2022-03-31,1225,245,247
2022-03-31,1226,268,270
2022-03-31,1227,273,275
2022-03-31,1228,388,390
2022-03-31,1242,585,587
2022-03-31,1243,576,578
2022-03-31,1244,593,595
2022-03-31,1245,588,590
2022-03-31,1248,819,822
2022-03-31,1249,,
2022-03-31,1250,,
2022-03-31,1251,458,463
2022-03-31,1252,490,495
2022-03-31,1253,675,680
2022-03-31,1254,695,700
2022-03-31,1270,353,354
2022-03-31,1273,249,250
2022-03-31,1274,249,250
2022-03-31,1275,325,327
2022-03-31,1276,360,362
2022-03-31,1278,450,470
2022-03-31,1282,590,600
2022-03-31,1283,565,585
2022-03-31,1284,350,365
2022-03-31,1285,263,265
2022-03-31,1286,220,225
2022-03-31,1287,70,80
2022-03-31,1289,,
2022-03-31,1290,,
2022-03-31,1291,155,165
2022-03-31,1292,165,173
2022-03-31,1293,,
2022-03-31,1294,,
2022-03-31,1297,,
2022-03-31,1298,,
2022-03-31,1378,,
2022-03-31,1379,373,377
2022-03-31,1380,379,383
2022-03-31,1414,,
2022-03-31,1432,170,180
2022-03-31,1433,175,190
2022-03-31,1434,108,128
2022-03-31,1452,,
2022-03-31,1453,,
2022-03-31,1478,,
2022-03-31,1491,165,185
2022-03-31,1492,180,200
2022-03-31,1493,123,143
2022-03-31,1535,766,769
2022-03-31,1536,,
2022-03-31,1537,,
2022-03-31,1538,,
2022-03-31,1553,175,190
2022-03-31,1554,190,203
2022-03-31,1618,,
2022-03-31,1621,,
2022-03-31,1624,405,407
2022-03-31,1630,383,385
2022-03-31,1631,388,390
2022-03-31,1633,394,395
2022-03-31,1634,,
2022-03-31,1656,396,400
2022-03-31,1676,429,434
2022-03-31,1677,406,409
2022-03-31,1684,865,870
2022-03-31,1704,,
2022-03-31,1774,,
2022-03-31,1779,,
2022-03-31,1780,,
2022-03-31,1781,,
2022-03-31,1784,300,310
2022-03-31,1790,1090,1110
2022-03-31,1792,304,314
2022-03-31,1793,570,590
2022-03-31,1794,765,820
2022-03-31,1795,520,530
2022-03-31,1871,450,470
2022-03-31,1887,,
2022-03-31,1893,635,655
2022-03-31,1894,675,695
2022-03-31,1895,720,760
2022-03-31,1896,730,770
2022-03-31,1900,485,488
2022-03-31,1901,1445,1450
2022-03-31,1902,1415,1420
2022-03-31,1951,535,545
2022-03-31,1953,,
2022-03-31,1960,,
2022-03-31,1961,,
2022-03-31,1971,,
2022-03-31,1981,4,4.2
2022-03-31,1982,,
2022-03-31,1983,3.9,4.2
2022-03-31,1984,,
2022-03-31,1985,,
2022-03-31,1986,5,5.3
2022-03-31,1987,,
2022-03-31,1988,4.1,4.3
2022-03-31,1989,4.2,5.2
2022-03-31,1990,4.6,5.2
2022-03-31,1991,4.6,5.4
2022-03-31,1992,6,6.5
2022-03-31,1993,6,6.5
2022-03-31,1994,,
2022-03-31,1995,,
2022-03-31,1996,4.6,4.8
2022-03-31,1997,5,5.3
2022-03-31,1998,6.1,6.6
2022-03-31,1999,,
2022-03-31,2000,6,6.3
2022-03-31,2001,,
2022-03-31,2002,4.6,5.2
2022-03-31,2003,5.8,6
2022-03-31,2004,,
2022-03-31,2005,,
2022-03-31,2006,5.2,6.1
2022-03-31,2007,,
2022-03-31,2008,5.8,6.3
2022-03-31,2009,7,7.2
2022-03-31,2010,6.4,6.8
2022-03-31,2011,,
2022-03-31,2012,,
2022-03-31,2013,5.5,6
2022-03-31,2014,5,5.3
2022-03-31,2015,5.3,5.6
2022-03-31,2016,5.6,6
2022-03-31,2017,6.8,7
2022-03-31,2018,6.8,7
2022-03-31,2019,6.5,6.6
2022-03-31,2020,,
2022-03-31,2021,,
2022-03-31,2022,,
2022-03-31,2023,6.5,7
2022-03-31,2024,,
2022-03-31,2025,,
2022-03-31,2026,,
2022-03-31,2027,,
2022-03-31,2028,,
2022-03-31,2029,,
2022-03-31,2030,,
2022-03-31,2031,,
2022-03-31,2032,,
2022-03-31,2033,,
2022-03-31,2034,,
2022-03-31,2035,,
2022-03-31,2036,,
2022-03-31,2037,,
2022-03-31,2038,,
2022-03-31,2039,,
2022-03-31,2040,,
2022-03-31,2041,,
2022-03-31,2042,,
2022-03-31,2043,,
2022-03-31,2044,,
2022-03-31,2045,,
2022-03-31,2046,,
2022-03-31,2047,,
2022-03-31,2048,,
2022-03-31,2049,,
2022-03-31,2050,,
2022-03-31,2051,,
2022-03-31,2052,,
2022-03-31,2053,,
2022-03-31,2054,,
2022-03-31,2055,,
2022-03-31,2056,,
2022-03-31,2057,,
2022-03-31,2099,,
2022-03-31,2100,65,70
2022-03-31,2101,75,85
2022-03-31,2123,490,510
2022-03-31,2124,450,470
2022-03-31,2130,,
2022-03-31,2137,,
2022-03-31,2142,,
2022-03-31,2147,390,395
2022-03-31,2171,,
2022-03-31,2172,,
2022-03-31,2188,380,382
2022-03-31,2189,,
2022-03-31,2190,,
2022-03-31,2228,,
2022-03-31,2242,,
2022-03-31,2262,,
2022-03-31,2263,,
2022-03-31,2264,,
2022-03-31,2265,,
2022-03-31,2266,,
2022-03-31,2267,,
2022-03-31,2268,,
2022-03-31,2269,,
2022-03-31,2270,,
2022-03-31,2271,,
2022-03-31,2272,,
2022-03-31,2273,,
2022-03-31,2274,,
2022-03-31,2275,,
2022-03-31,2276,,
2022-03-31,2277,,
2022-03-31,2278,,
2022-03-31,2279,,
2022-03-31,2280,,
2022-03-31,2281,,
2022-03-31,2282,,
2022-03-31,2283,,
2022-03-31,2293,,
2022-03-31,2304,,
2022-03-31,2339,525,530
2022-03-31,2340,519,524
2022-03-31,2341,505,509
2022-03-31,2344,,
2022-03-31,2378,,
2022-03-31,2379,,
2022-03-31,2380,,
2022-03-31,2381,,
2022-03-31,2382,,
2022-03-31,2383,,
2022-03-31,2384,,
2022-03-31,2385,,
2022-03-31,2386,160,170
2022-03-31,2387,170,178
2022-03-31,2388,175,185
2022-03-31,2389,180,195
2022-03-31,2390,170,190
2022-03-31,2391,185,205
2022-03-31,2392,180,195
2022-03-31,2393,195,208
2022-03-31,2394,,
2022-03-31,2395,,
2022-03-31,2396,113,133
2022-03-31,2397,128,148
2022-03-31,2398,,
2022-03-31,2399,,
2022-03-31,2400,70,75
2022-03-31,2401,80,90
2022-03-31,2402,,
2022-03-31,2403,,
2022-03-31,2404,,
2022-03-31,2405,,
2022-03-31,2406,,
2022-03-31,2407,,
2022-03-31,2416,434,439
2022-03-31,2418,,
2022-03-31,2431,,
2022-03-31,2483,,
2022-03-31,2484,,
2022-03-31,2585,,
2022-03-31,2589,220,230
2022-03-31,2634,145,150
2022-03-31,2635,145,150
2022-03-31,2636,1732,1752
2022-03-31,2637,2027,2032
2022-03-31,2638,295,300
2022-03-31,2639,285,290
2022-03-31,2640,265,270
2022-03-31,2641,300,305
2022-03-31,2642,230,240
2022-03-31,2643,208,218
2022-03-31,2644,195,205
2022-03-31,2645,188,195
2022-03-31,2646,,
2022-03-31,2647,220,230
2022-03-31,2650,,
2022-03-31,2656,,
2022-03-31,2658,,
2022-03-31,2665,,
2022-03-31,2679,,
2022-03-31,2687,537,541
2022-03-31,2688,532,536
2022-03-31,2689,287,295
2022-03-31,2713,435,445
2022-03-31,2714,460,470
2022-03-31,2717,,
2022-03-31,2718,,
2022-03-31,2719,97,102
2022-03-31,2720,,
2022-03-31,2721,102,107
2022-03-31,2785,,
2022-03-31,2786,,
2022-03-31,2813,,
2022-03-31,2814,,
2022-03-31,2815,,
2022-03-31,2816,,
2022-03-31,2817,,
2022-03-31,2818,,
2022-03-31,2819,,
2022-03-31,2820,,
2022-03-31,2821,,
2022-03-31,2822,,
2022-03-31,2823,,
2022-03-31,2824,,
2022-03-31,2825,,
2022-03-31,2826,,
2022-03-31,2827,,
2022-03-31,2828,,
2022-03-31,2829,,
2022-03-31,2830,,
2022-03-31,2831,,
2022-03-31,2832,,
2022-03-31,2833,,
2022-03-31,2834,,
2022-03-31,2835,,
2022-03-31,2836,,
2022-03-31,2837,,
2022-03-31,2838,,
2022-03-31,2839,,
2022-03-31,2840,,
2022-03-31,2841,,
2022-03-31,2842,,
2022-03-31,2843,,
2022-03-31,2844,,
2022-03-31,2845,,
2022-03-31,2846,,
2022-03-31,2847,,
2022-03-31,2848,,
2022-03-31,2849,,
2022-03-31,2850,,
2022-03-31,2851,,
2022-03-31,2854,,
2022-03-31,2860,,
2022-03-31,2875,,
2022-03-31,2876,,
2022-03-31,2877,,
2022-03-31,2889,,
2022-03-31,2890,,
2022-03-31,2891,,
2022-03-31,2892,,
2022-03-31,2893,,
2022-03-31,2894,,
2022-03-31,2895,,
2022-03-31,2896,,
2022-03-31,2897,,
2022-03-31,2898,,
2022-03-31,2899,,
2022-03-31,2900,,
2022-03-31,2901,,
2022-03-31,2902,,
2022-03-31,2903,,
2022-03-31,2904,,
2022-03-31,2905,,
2022-03-31,2906,,
2022-03-31,2907,,
2022-04-07,30,,
2022-04-07,31,420,425
2022-04-07,103,1320,1400
2022-04-07,104,1140,1220
2022-04-07,105,1120,1200
2022-04-07,106,1010,1090
2022-04-07,107,890,970
2022-04-07,108,1220,1340
2022-04-07,109,1160,1240
2022-04-07,186,,
2022-04-07,187,,
2022-04-07,190,,
2022-04-07,194,,
2022-04-07,195,,
2022-04-07,196,,
2022-04-07,201,,
2022-04-07,202,,
2022-04-07,203,,
2022-04-07,204,,
2022-04-07,206,,
2022-04-07,210,,
2022-04-07,211,,
2022-04-07,213,,
2022-04-07,482,,
2022-04-07,483,,
2022-04-07,513,,
2022-04-07,515,,
2022-04-07,621,,
2022-04-07,637,,
2022-04-07,681,,
2022-04-07,851,,
2022-04-07,864,,
2022-04-07,1156,,
2022-04-07,1165,,
2022-04-07,1177,379,384
2022-04-07,1178,,
2022-04-07,1182,370,373
2022-04-07,1183,696,699
2022-04-07,1186,491,493
2022-04-07,1187,,
2022-04-07,1188,393,395
2022-04-07,1189,442,452
2022-04-07,1191,,
2022-04-07,1192,,
2022-04-07,1197,,
2022-04-07,1203,,
2022-04-07,1208,,
2022-04-07,1209,385,400
2022-04-07,1215,800,805
2022-04-07,1217,216,218
2022-04-07,1218,223,224
2022-04-07,1219,287,290
2022-04-07,1220,238,240
2022-04-07,1222,268,270
2022-04-07,1223,273,274
2022-04-07,1224,339,341
2022-04-07,1225,213,215
2022-04-07,1226,238,240
2022-04-07,1227,248,250
2022-04-07,1228,378,380
2022-04-07,1242,579,581
2022-04-07,1243,570,572
2022-04-07,1244,587,589
2022-04-07,1245,582,584
2022-04-07,1248,808,811
2022-04-07,1249,,
2022-04-07,1250,,
2022-04-07,1251,435,440
2022-04-07,1252,490,495
2022-04-07,1253,665,670
2022-04-07,1254,690,695
2022-04-07,1270,343,344
2022-04-07,1273,249,250
2022-04-07,1274,249,250
2022-04-07,1275,325,327
2022-04-07,1276,360,362
2022-04-07,1278,450,470
2022-04-07,1282,590,600
2022-04-07,1283,565,585
2022-04-07,1284,350,365
2022-04-07,1285,263,265
2022-04-07,1286,220,225
2022-04-07,1287,70,80
2022-04-07,1289,,
2022-04-07,1290,,
2022-04-07,1291,155,165
2022-04-07,1292,165,173
2022-04-07,1293,,
2022-04-07,1294,,
2022-04-07,1297,,
2022-04-07,1298,,
2022-04-07,1378,,
2022-04-07,1379,366,370
2022-04-07,1380,372,376
2022-04-07,1414,,
2022-04-07,1432,170,180
2022-04-07,1433,175,190
2022-04-07,1434,115,135
2022-04-07,1452,,
2022-04-07,1453,,
2022-04-07,1478,,
2022-04-07,1491,165,185
2022-04-07,1492,180,200
2022-04-07,1493,130,150
2022-04-07,1535,758,761
2022-04-07,1536,,
2022-04-07,1537,,
2022-04-07,1538,,
2022-04-07,1553,175,190
2022-04-07,1554,190,203
2022-04-07,1618,,
2022-04-07,1621,,
2022-04-07,1624,395,397
2022-04-07,1630,373,375
2022-04-07,1631,378,380
2022-04-07,1633,374,375
2022-04-07,1634,,
2022-04-07,1656,386,390
2022-04-07,1676,419,424
2022-04-07,1677,396,399
2022-04-07,1684,865,870
2022-04-07,1704,,
2022-04-07,1774,,
2022-04-07,1779,,
2022-04-07,1780,,
2022-04-07,1781,,
2022-04-07,1784,280,290
2022-04-07,1790,1090,1110
2022-04-07,1792,304,314
2022-04-07,1793,580,600
2022-04-07,1794,815,870
2022-04-07,1795,570,580
2022-04-07,1871,445,465
2022-04-07,1887,,
2022-04-07,1893,635,655
2022-04-07,1894,675,695
2022-04-07,1895,720,760
2022-04-07,1896,730,770
2022-04-07,1900,490,493
2022-04-07,1901,1445,1450
2022-04-07,1902,1415,1420
2022-04-07,1951,535,545
2022-04-07,1953,,
2022-04-07,1960,,
2022-04-07,1961,,
2022-04-07,1971,,
2022-04-07,1981,4,4.2
2022-04-07,1982,,
2022-04-07,1983,3.9,4.2
2022-04-07,1984,,
2022-04-07,1985,,
2022-04-07,1986,5,5.3
2022-04-07,1987,,
2022-04-07,1988,4.1,4.3
2022-04-07,1989,4.2,5.2
2022-04-07,1990,4.6,5.2
2022-04-07,1991,4.6,5.4
2022-04-07,1992,6,6.5
2022-04-07,1993,6,6.5
2022-04-07,1994,,
2022-04-07,1995,,
2022-04-07,1996,4.6,4.8
2022-04-07,1997,5,5.3
2022-04-07,1998,6.1,6.6
2022-04-07,1999,,
2022-04-07,2000,6,6.3
2022-04-07,2001,,
2022-04-07,2002,4.6,5.2
2022-04-07,2003,5.8,6
2022-04-07,2004,,
2022-04-07,2005,,
2022-04-07,2006,5.2,6.1
2022-04-07,2007,,
2022-04-07,2008,5.8,6.3
2022-04-07,2009,7,7.2
2022-04-07,2010,6.4,6.8
2022-04-07,2011,,
2022-04-07,2012,,
2022-04-07,2013,5.5,6
2022-04-07,2014,5,5.3
2022-04-07,2015,5.3,5.6
2022-04-07,2016,5.6,6
2022-04-07,2017,6.8,7
2022-04-07,2018,6.8,7
2022-04-07,2019,6.5,6.6
2022-04-07,2020,,
2022-04-07,2021,,
2022-04-07,2022,,
2022-04-07,2023,6.5,7
2022-04-07,2024,,
2022-04-07,2025,,
2022-04-07,2026,,
2022-04-07,2027,,
2022-04-07,2028,,
2022-04-07,2029,,
2022-04-07,2030,,
2022-04-07,2031,,
2022-04-07,2032,,
2022-04-07,2033,,
2022-04-07,2034,,
2022-04-07,2035,,
2022-04-07,2036,,
2022-04-07,2037,,
2022-04-07,2038,,
2022-04-07,2039,,
2022-04-07,2040,,
2022-04-07,2041,,
2022-04-07,2042,,
2022-04-07,2043,,
2022-04-07,2044,,
2022-04-07,2045,,
2022-04-07,2046,,
2022-04-07,2047,,
2022-04-07,2048,,
2022-04-07,2049,,
2022-04-07,2050,,
2022-04-07,2051,,
2022-04-07,2052,,
2022-04-07,2053,,
2022-04-07,2054,,
2022-04-07,2055,,
2022-04-07,2056,,
2022-04-07,2057,,
2022-04-07,2099,,
2022-04-07,2100,65,70
2022-04-07,2101,75,85
2022-04-07,2123,490,510
2022-04-07,2124,445,465
2022-04-07,2130,,
2022-04-07,2137,,
2022-04-07,2142,,
2022-04-07,2147,375,375
2022-04-07,2171,,
2022-04-07,2172,,
2022-04-07,2188,378,380
2022-04-07,2189,,
2022-04-07,2190,,
2022-04-07,2228,,
2022-04-07,2242,,
2022-04-07,2262,,
2022-04-07,2263,,
2022-04-07,2264,,
2022-04-07,2265,,
2022-04-07,2266,,
2022-04-07,2267,,
2022-04-07,2268,,
2022-04-07,2269,,
2022-04-07,2270,,
2022-04-07,2271,,
2022-04-07,2272,,
2022-04-07,2273,,
2022-04-07,2274,,
2022-04-07,2275,,
2022-04-07,2276,,
2022-04-07,2277,,
2022-04-07,2278,,
2022-04-07,2279,,
2022-04-07,2280,,
2022-04-07,2281,,
2022-04-07,2282,,
2022-04-07,2283,,
2022-04-07,2293,,
2022-04-07,2304,,
2022-04-07,2339,525,530
2022-04-07,2340,519,524
2022-04-07,2341,505,509
2022-04-07,2344,,
2022-04-07,2378,,
2022-04-07,2379,,
2022-04-07,2380,,
2022-04-07,2381,,
2022-04-07,2382,,
2022-04-07,2383,,
2022-04-07,2384,,
2022-04-07,2385,,
2022-04-07,2386,160,170
2022-04-07,2387,170,178
2022-04-07,2388,175,185
2022-04-07,2389,180,195
2022-04-07,2390,170,190
2022-04-07,2391,185,205
2022-04-07,2392,180,195
2022-04-07,2393,195,208
2022-04-07,2394,,
2022-04-07,2395,,
2022-04-07,2396,120,140
2022-04-07,2397,135,155
2022-04-07,2398,,
2022-04-07,2399,,
2022-04-07,2400,70,75
2022-04-07,2401,80,90
2022-04-07,2402,,
2022-04-07,2403,,
2022-04-07,2404,,
2022-04-07,2405,,
2022-04-07,2406,,
2022-04-07,2407,,
2022-04-07,2416,430,435
2022-04-07,2418,,
2022-04-07,2431,,
2022-04-07,2483,,
2022-04-07,2484,,
2022-04-07,2585,,
2022-04-07,2589,,
2022-04-07,2634,145,150
2022-04-07,2635,145,150
2022-04-07,2636,1732,1752
2022-04-07,2637,2027,2032
2022-04-07,2638,295,300
2022-04-07,2639,285,290
2022-04-07,2640,265,270
2022-04-07,2641,300,305
2022-04-07,2642,230,240
2022-04-07,2643,208,218
2022-04-07,2644,195,205
2022-04-07,2645,188,195
2022-04-07,2646,,
2022-04-07,2647,220,230
2022-04-07,2650,,
2022-04-07,2656,,
2022-04-07,2658,,
2022-04-07,2665,,
2022-04-07,2679,,
2022-04-07,2687,537,541
2022-04-07,2688,532,536
2022-04-07,2689,287,295
2022-04-07,2713,435,445
2022-04-07,2714,460,470
2022-04-07,2717,,
2022-04-07,2718,,
2022-04-07,2719,97,102
2022-04-07,2720,,
2022-04-07,2721,102,107
2022-04-07,2785,,
2022-04-07,2786,,
2022-04-07,2813,,
2022-04-07,2814,,
2022-04-07,2815,,
2022-04-07,2816,,
2022-04-07,2817,,
2022-04-07,2818,,
2022-04-07,2819,,
2022-04-07,2820,,
2022-04-07,2821,,
2022-04-07,2822,,
2022-04-07,2823,,
2022-04-07,2824,,
2022-04-07,2825,,
2022-04-07,2826,,
2022-04-07,2827,,
2022-04-07,2828,,
2022-04-07,2829,,
2022-04-07,2830,,
2022-04-07,2831,,
2022-04-07,2832,,
2022-04-07,2833,,
2022-04-07,2834,,
2022-04-07,2835,,
2022-04-07,2836,,
2022-04-07,2837,,
2022-04-07,2838,,
2022-04-07,2839,,
2022-04-07,2840,,
2022-04-07,2841,,
2022-04-07,2842,,
2022-04-07,2843,,
2022-04-07,2844,,
2022-04-07,2845,,
2022-04-07,2846,,
2022-04-07,2847,,
2022-04-07,2848,,
2022-04-07,2849,,
2022-04-07,2850,,
2022-04-07,2851,,
2022-04-07,2854,,
2022-04-07,2860,,
2022-04-07,2875,,
2022-04-07,2876,,
2022-04-07,2877,,
2022-04-07,2889,,
2022-04-07,2890,,
2022-04-07,2891,,
2022-04-07,2892,,
2022-04-07,2893,,
2022-04-07,2894,,
2022-04-07,2895,,
2022-04-07,2896,,
2022-04-07,2897,,
2022-04-07,2898,,
2022-04-07,2899,,
2022-04-07,2900,,
2022-04-07,2901,,
2022-04-07,2902,,
2022-04-07,2903,,
2022-04-07,2904,,
2022-04-07,2905,,
2022-04-07,2906,,
2022-04-07,2907,,
2022-04-14,30,,
2022-04-14,31,415,420
2022-04-14,103,1460,1540
2022-04-14,104,1230,1310
2022-04-14,105,1170,1250
2022-04-14,106,1110,1190
2022-04-14,107,890,970
2022-04-14,108,1320,1440
2022-04-14,109,1210,1290
2022-04-14,175,,
2022-04-14,176,,
2022-04-14,178,,
2022-04-14,186,,
2022-04-14,187,,
2022-04-14,190,,
2022-04-14,194,,
2022-04-14,195,,
2022-04-14,196,,
2022-04-14,201,,
2022-04-14,202,,
2022-04-14,203,,
2022-04-14,204,,
2022-04-14,206,,
2022-04-14,210,,
2022-04-14,211,,
2022-04-14,213,,
2022-04-14,338,,
2022-04-14,482,,
2022-04-14,483,,
2022-04-14,513,,
2022-04-14,515,,
2022-04-14,621,,
2022-04-14,637,,
2022-04-14,681,,
2022-04-14,851,,
2022-04-14,864,,
2022-04-14,865,,
2022-04-14,1135,,
2022-04-14,1156,,
2022-04-14,1165,,
2022-04-14,1177,379,384
2022-04-14,1178,,
2022-04-14,1182,370,373
2022-04-14,1183,698,701
2022-04-14,1186,496,498
2022-04-14,1187,,
2022-04-14,1188,393,395
2022-04-14,1189,450,460
2022-04-14,1191,,
2022-04-14,1192,,
2022-04-14,1197,,
2022-04-14,1203,,
2022-04-14,1208,,
2022-04-14,1209,385,405
2022-04-14,1215,800,805
2022-04-14,1217,208,210
2022-04-14,1218,215,216
2022-04-14,1219,272,275
2022-04-14,1220,230,232
2022-04-14,1222,260,262
2022-04-14,1223,265,266
2022-04-14,1224,324,326
2022-04-14,1225,205,207
2022-04-14,1226,230,232
2022-04-14,1227,243,245
2022-04-14,1228,378,380
2022-04-14,1242,574,576
2022-04-14,1243,565,567
2022-04-14,1244,582,584
2022-04-14,1245,577,579
2022-04-14,1248,800,803
2022-04-14,1249,,
2022-04-14,1250,,
2022-04-14,1251,425,430
2022-04-14,1252,470,475
2022-04-14,1253,670,675
2022-04-14,1254,695,700
2022-04-14,1270,333,334
2022-04-14,1273,249,250
2022-04-14,1274,249,250
2022-04-14,1275,320,322
2022-04-14,1276,360,362
2022-04-14,1278,450,470
2022-04-14,1282,580,590
2022-04-14,1283,555,575
2022-04-14,1284,340,355
2022-04-14,1285,253,255
2022-04-14,1286,210,215
2022-04-14,1287,70,80
2022-04-14,1289,,
2022-04-14,1290,,
2022-04-14,1291,155,170
2022-04-14,1292,165,183
2022-04-14,1293,,
2022-04-14,1294,,
2022-04-14,1297,,
2022-04-14,1298,,
2022-04-14,1378,,
2022-04-14,1379,366,370
2022-04-14,1380,372,376
2022-04-14,1414,,
2022-04-14,1432,170,185
2022-04-14,1433,175,200
2022-04-14,1434,115,135
2022-04-14,1452,,
2022-04-14,1453,,
2022-04-14,1478,,
2022-04-14,1491,165,185
2022-04-14,1492,180,200
2022-04-14,1493,130,150
2022-04-14,1535,750,753
2022-04-14,1536,,
2022-04-14,1537,,
2022-04-14,1538,,
2022-04-14,1553,175,190
2022-04-14,1554,190,203
2022-04-14,1618,,
2022-04-14,1621,,
2022-04-14,1624,395,397
2022-04-14,1630,373,375
2022-04-14,1631,378,380
2022-04-14,1633,374,375
2022-04-14,1634,,
2022-04-14,1656,386,390
2022-04-14,1676,417,422
2022-04-14,1677,396,399
2022-04-14,1684,865,870
2022-04-14,1704,,
2022-04-14,1774,,
2022-04-14,1779,,
2022-04-14,1780,,
2022-04-14,1781,,
2022-04-14,1784,280,290
2022-04-14,1790,1100,1120
2022-04-14,1792,304,314
2022-04-14,1793,650,670
2022-04-14,1794,865,960
2022-04-14,1795,615,625
2022-04-14,1871,445,465
2022-04-14,1887,,
2022-04-14,1893,635,655
2022-04-14,1894,675,695
2022-04-14,1895,720,760
2022-04-14,1896,730,770
2022-04-14,1900,505,508
2022-04-14,1901,1445,1450
2022-04-14,1902,1415,1420
2022-04-14,1951,535,545
2022-04-14,1953,,
2022-04-14,1960,,
2022-04-14,1961,,
2022-04-14,1971,,
2022-04-14,1981,4,4.2
2022-04-14,1982,,
2022-04-14,1983,3.9,4.2
2022-04-14,1984,,
2022-04-14,1985,,
2022-04-14,1986,5,5.3
2022-04-14,1987,,
2022-04-14,1988,4.1,4.3
2022-04-14,1989,4.2,5.2
2022-04-14,1990,4.6,5.2
2022-04-14,1991,4.6,5.4
2022-04-14,1992,6,6.5
2022-04-14,1993,6,6.5
2022-04-14,1994,,
2022-04-14,1995,,
2022-04-14,1996,4.6,4.8
2022-04-14,1997,5,5.3
2022-04-14,1998,6.1,6.6
2022-04-14,1999,,
2022-04-14,2000,6,6.3
2022-04-14,2001,,
2022-04-14,2002,4.6,5.2
2022-04-14,2003,5.8,6
2022-04-14,2004,,
2022-04-14,2005,,
2022-04-14,2006,5.2,6.1
2022-04-14,2007,,
2022-04-14,2008,5.8,6.3
2022-04-14,2009,7,7.2
2022-04-14,2010,6.4,6.8
2022-04-14,2011,,
2022-04-14,2012,,
2022-04-14,2013,5.5,6
2022-04-14,2014,5,5.3
2022-04-14,2015,5.3,5.6
2022-04-14,2016,5.6,6
2022-04-14,2017,6.8,7
2022-04-14,2018,6.8,7
2022-04-14,2019,6.5,6.6
2022-04-14,2020,,
2022-04-14,2021,,
2022-04-14,2022,,
2022-04-14,2023,6.5,7
2022-04-14,2024,,
2022-04-14,2025,,
2022-04-14,2026,,
2022-04-14,2027,,
2022-04-14,2028,,
2022-04-14,2029,,
2022-04-14,2030,,
2022-04-14,2031,,
2022-04-14,2032,,
2022-04-14,2033,,
2022-04-14,2034,,
2022-04-14,2035,,
2022-04-14,2036,,
2022-04-14,2037,,
2022-04-14,2038,,
2022-04-14,2039,,
2022-04-14,2040,,
2022-04-14,2041,,
2022-04-14,2042,,
2022-04-14,2043,,
2022-04-14,2044,,
2022-04-14,2045,,
2022-04-14,2046,,
2022-04-14,2047,,
2022-04-14,2048,,
2022-04-14,2049,,
2022-04-14,2050,,
2022-04-14,2051,,
2022-04-14,2052,,
2022-04-14,2053,,
2022-04-14,2054,,
2022-04-14,2055,,
2022-04-14,2056,,
2022-04-14,2057,,
2022-04-14,2099,,
2022-04-14,2100,65,70
2022-04-14,2101,75,85
2022-04-14,2123,490,510
2022-04-14,2124,445,465
2022-04-14,2130,,
2022-04-14,2137,,
2022-04-14,2140,,
2022-04-14,2142,,
2022-04-14,2147,375,375
2022-04-14,2171,,
2022-04-14,2172,,
2022-04-14,2188,378,380
2022-04-14,2189,,
2022-04-14,2190,,
2022-04-14,2228,,
2022-04-14,2242,,
2022-04-14,2262,,
2022-04-14,2263,,
2022-04-14,2264,,
2022-04-14,2265,,
2022-04-14,2266,,
2022-04-14,2267,,
2022-04-14,2268,,
2022-04-14,2269,,
2022-04-14,2270,,
2022-04-14,2271,,
2022-04-14,2272,,
2022-04-14,2273,,
2022-04-14,2274,,
2022-04-14,2275,,
2022-04-14,2276,,
2022-04-14,2277,,
2022-04-14,2278,,
2022-04-14,2279,,
2022-04-14,2280,,
2022-04-14,2281,,
2022-04-14,2282,,
2022-04-14,2283,,
2022-04-14,2293,,
2022-04-14,2303,,
2022-04-14,2304,,
2022-04-14,2339,523,528
2022-04-14,2340,517,522
2022-04-14,2341,503,507
2022-04-14,2344,,
2022-04-14,2378,,
2022-04-14,2379,,
2022-04-14,2380,,
2022-04-14,2381,,
2022-04-14,2382,,
2022-04-14,2383,,
2022-04-14,2384,,
2022-04-14,2385,,
2022-04-14,2386,160,175
2022-04-14,2387,170,188
2022-04-14,2388,175,190
2022-04-14,2389,180,205
2022-04-14,2390,170,190
2022-04-14,2391,185,205
2022-04-14,2392,180,195
2022-04-14,2393,195,208
2022-04-14,2394,,
2022-04-14,2395,,
2022-04-14,2396,120,140
2022-04-14,2397,135,155
2022-04-14,2398,,
2022-04-14,2399,,
2022-04-14,2400,70,75
2022-04-14,2401,80,90
2022-04-14,2402,,
2022-04-14,2403,,
2022-04-14,2404,,
2022-04-14,2405,,
2022-04-14,2406,,
2022-04-14,2407,,
2022-04-14,2416,438,443
2022-04-14,2418,,
2022-04-14,2431,,
2022-04-14,2483,,
2022-04-14,2484,,
2022-04-14,2585,,
2022-04-14,2589,,
2022-04-14,2634,145,150
2022-04-14,2635,145,150
2022-04-14,2636,1772,1792
2022-04-14,2637,2227,2232
2022-04-14,2638,305,310
2022-04-14,2639,295,300
2022-04-14,2640,270,275
2022-04-14,2641,305,310
2022-04-14,2642,,
2022-04-14,2643,208,218
2022-04-14,2644,195,205
2022-04-14,2645,188,195
2022-04-14,2646,,
2022-04-14,2647,220,230
2022-04-14,2650,,
2022-04-14,2656,,
2022-04-14,2658,,
2022-04-14,2665,,
2022-04-14,2679,,
2022-04-14,2687,535,539
2022-04-14,2688,530,534
2022-04-14,2689,287,295
2022-04-14,2713,435,445
2022-04-14,2714,460,470
2022-04-14,2717,,
2022-04-14,2718,,
2022-04-14,2719,97,102
2022-04-14,2720,,
2022-04-14,2721,102,107
2022-04-14,2781,,
2022-04-14,2782,,
2022-04-14,2783,,
2022-04-14,2784,,
2022-04-14,2785,,
2022-04-14,2786,,
2022-04-14,2813,,
2022-04-14,2814,,
2022-04-14,2815,,
2022-04-14,2816,,
2022-04-14,2817,,
2022-04-14,2818,,
2022-04-14,2819,,
2022-04-14,2820,,
2022-04-14,2821,,
2022-04-14,2822,,
2022-04-14,2823,,
2022-04-14,2824,,
2022-04-14,2825,,
2022-04-14,2826,,
2022-04-14,2827,,
2022-04-14,2828,,
2022-04-14,2829,,
2022-04-14,2830,,
2022-04-14,2831,,
2022-04-14,2832,,
2022-04-14,2833,,
2022-04-14,2834,,
2022-04-14,2835,,
2022-04-14,2836,,
2022-04-14,2837,,
2022-04-14,2838,,
2022-04-14,2839,,
2022-04-14,2840,,
2022-04-14,2841,,
2022-04-14,2842,,
2022-04-14,2843,,
2022-04-14,2844,,
2022-04-14,2845,,
2022-04-14,2846,,
2022-04-14,2847,,
2022-04-14,2848,,
2022-04-14,2849,,
2022-04-14,2850,,
2022-04-14,2851,,
2022-04-14,2854,,
2022-04-14,2860,,
2022-04-14,2863,,
2022-04-14,2864,,
2022-04-14,2870,,
2022-04-14,2871,,
2022-04-14,2872,,
2022-04-14,2873,,
2022-04-14,2875,,
2022-04-14,2876,,
2022-04-14,2877,,
2022-04-14,2889,,
2022-04-14,2890,,
2022-04-14,2891,,
2022-04-14,2892,,
2022-04-14,2893,,
2022-04-14,2894,,
2022-04-14,2895,,
2022-04-14,2896,,
2022-04-14,2897,,
2022-04-14,2898,,
2022-04-14,2899,,
2022-04-14,2900,,
2022-04-14,2901,,
2022-04-14,2902,,
2022-04-14,2903,,
2022-04-14,2904,,
2022-04-14,2905,,
2022-04-14,2906,,
2022-04-14,2907,,
2022-04-21,30,,
2022-04-21,31,421,426
2022-04-21,103,1460,1540
2022-04-21,104,1330,1410
2022-04-21,105,1170,1250
2022-04-21,106,1110,1190
2022-04-21,107,890,970
2022-04-21,108,1320,1440
2022-04-21,109,1210,1290
2022-04-21,175,0.48,0.51
2022-04-21,176,0.7,0.75
2022-04-21,178,,
2022-04-21,186,,
2022-04-21,190,,
2022-04-21,194,2,2.2
2022-04-21,195,2,2.2
2022-04-21,196,1.9,2.1
2022-04-21,201,3.15,3.35
2022-04-21,202,1.8,2
2022-04-21,203,2.5,2.7
2022-04-21,204,1.4,1.6
2022-04-21,206,2,2.4
2022-04-21,210,2,2.35
2022-04-21,211,2.2,2.5
2022-04-21,213,1.5,1.7
2022-04-21,338,,
2022-04-21,349,,
2022-04-21,358,3.5,4.5
2022-04-21,482,2.8,3
2022-04-21,483,2.5,2.7
2022-04-21,513,,
2022-04-21,515,,
2022-04-21,621,6,6.4
2022-04-21,637,1.75,1.95
2022-04-21,681,1.8,2
2022-04-21,851,1.3,1.5
2022-04-21,864,1.6,1.8
2022-04-21,865,1.7,1.9
2022-04-21,869,4.8,5.2
2022-04-21,1135,0.57,0.62
2022-04-21,1156,1.9,2.1
2022-04-21,1165,1.5,1.7
2022-04-21,1177,379,384
2022-04-21,1178,,
2022-04-21,1182,370,373
2022-04-21,1183,700,703
2022-04-21,1186,506,508
2022-04-21,1187,,
2022-04-21,1188,403,405
2022-04-21,1189,460,470
2022-04-21,1191,,
2022-04-21,1192,,
2022-04-21,1197,,
2022-04-21,1203,,
2022-04-21,1208,,
2022-04-21,1209,390,410
2022-04-21,1215,800,805
2022-04-21,1217,203,205
2022-04-21,1218,210,211
2022-04-21,1219,267,270
2022-04-21,1220,230,232
2022-04-21,1222,255,257
2022-04-21,1223,260,261
2022-04-21,1224,319,321
2022-04-21,1225,200,202
2022-04-21,1226,230,232
2022-04-21,1227,243,245
2022-04-21,1228,378,380
2022-04-21,1242,582,584
2022-04-21,1243,573,575
2022-04-21,1244,590,592
2022-04-21,1245,585,587
2022-04-21,1248,792,795
2022-04-21,1249,,
2022-04-21,1250,,
2022-04-21,1251,420,425
2022-04-21,1252,470,475
2022-04-21,1253,690,695
2022-04-21,1254,710,715
2022-04-21,1270,333,334
2022-04-21,1273,249,250
2022-04-21,1274,249,250
2022-04-21,1275,328,330
2022-04-21,1276,360,362
2022-04-21,1278,450,470
2022-04-21,1282,570,580
2022-04-21,1283,545,565
2022-04-21,1284,330,345
2022-04-21,1285,248,250
2022-04-21,1286,205,210
2022-04-21,1287,70,80
2022-04-21,1289,,
2022-04-21,1290,,
2022-04-21,1291,155,170
2022-04-21,1292,165,183
2022-04-21,1293,,
2022-04-21,1294,,
2022-04-21,1297,,
2022-04-21,1298,,
2022-04-21,1378,,
2022-04-21,1379,368,372
2022-04-21,1380,374,378
2022-04-21,1414,,
2022-04-21,1432,170,185
2022-04-21,1433,175,200
2022-04-21,1434,115,135
2022-04-21,1452,,
2022-04-21,1453,,
2022-04-21,1478,,
2022-04-21,1491,165,185
2022-04-21,1492,180,200
2022-04-21,1493,130,150
2022-04-21,1535,742,745
2022-04-21,1536,,
2022-04-21,1537,,
2022-04-21,1538,,
2022-04-21,1553,175,190
2022-04-21,1554,190,203
2022-04-21,1618,,
2022-04-21,1621,,
2022-04-21,1624,397,399
2022-04-21,1630,375,377
2022-04-21,1631,380,382
2022-04-21,1633,374,375
2022-04-21,1634,,
2022-04-21,1656,386,390
2022-04-21,1676,417,422
2022-04-21,1677,396,399
2022-04-21,1684,865,870
2022-04-21,1704,,
2022-04-21,1774,,
2022-04-21,1779,,
2022-04-21,1780,,
2022-04-21,1781,,
2022-04-21,1784,260,270
2022-04-21,1790,1120,1140
2022-04-21,1792,304,314
2022-04-21,1793,650,670
2022-04-21,1794,965,1060
2022-04-21,1795,665,675
2022-04-21,1871,445,465
2022-04-21,1887,1.8,2
2022-04-21,1893,635,655
2022-04-21,1894,675,695
2022-04-21,1895,720,760
2022-04-21,1896,730,770
2022-04-21,1900,515,518
2022-04-21,1901,1445,1450
2022-04-21,1902,1415,1420
2022-04-21,1951,535,545
2022-04-21,1953,,
2022-04-21,1960,,
2022-04-21,1961,,
2022-04-21,1971,,
2022-04-21,1981,4,4.2
2022-04-21,1982,,
2022-04-21,1983,3.9,4.2
2022-04-21,1984,,
2022-04-21,1985,,
2022-04-21,1986,5,5.3
2022-04-21,1987,,
2022-04-21,1988,4.1,4.3
2022-04-21,1989,4.2,5.2
2022-04-21,1990,4.6,5.2
2022-04-21,1991,4.6,5.4
2022-04-21,1992,6,6.5
2022-04-21,1993,6,6.5
2022-04-21,1994,,
2022-04-21,1995,,
2022-04-21,1996,4.6,4.8
2022-04-21,1997,5,5.3
2022-04-21,1998,6.1,6.6
2022-04-21,1999,,
2022-04-21,2000,6,6.3
2022-04-21,2001,,
2022-04-21,2002,4.6,5.2
2022-04-21,2003,5.8,6
2022-04-21,2004,,
2022-04-21,2005,,
2022-04-21,2006,5.2,6.1
2022-04-21,2007,,
2022-04-21,2008,5.8,6.3
2022-04-21,2009,7,7.2
2022-04-21,2010,6.4,6.8
2022-04-21,2011,,
2022-04-21,2012,,
2022-04-21,2013,5.5,6
2022-04-21,2014,5,5.3
2022-04-21,2015,5.3,5.6
2022-04-21,2016,5.6,6
2022-04-21,2017,6.8,7
2022-04-21,2018,6.8,7
2022-04-21,2019,6.5,6.6
2022-04-21,2020,,
2022-04-21,2021,,
2022-04-21,2022,,
2022-04-21,2023,6.5,7
2022-04-21,2024,,
2022-04-21,2025,,
2022-04-21,2026,,
2022-04-21,2027,,
2022-04-21,2028,,
2022-04-21,2029,,
2022-04-21,2030,,
2022-04-21,2031,,
2022-04-21,2032,,
2022-04-21,2033,,
2022-04-21,2034,,
2022-04-21,2035,,
2022-04-21,2036,,
2022-04-21,2037,,
2022-04-21,2038,,
2022-04-21,2039,,
2022-04-21,2040,,
2022-04-21,2041,,
2022-04-21,2042,,
2022-04-21,2043,,
2022-04-21,2044,,
2022-04-21,2045,,
2022-04-21,2046,,
2022-04-21,2047,,
2022-04-21,2048,,
2022-04-21,2049,,
2022-04-21,2050,,
2022-04-21,2051,,
2022-04-21,2052,,
2022-04-21,2053,,
2022-04-21,2054,,
2022-04-21,2055,,
2022-04-21,2056,,
2022-04-21,2057,,
2022-04-21,2099,,
2022-04-21,2100,65,70
2022-04-21,2101,75,85
2022-04-21,2123,490,510
2022-04-21,2124,445,465
2022-04-21,2130,,
2022-04-21,2137,3.6,3.8
2022-04-21,2140,1.6,1.8
2022-04-21,2142,2.5,2.7
2022-04-21,2147,377,375
2022-04-21,2171,,
2022-04-21,2172,,
2022-04-21,2188,382,384
2022-04-21,2189,,
2022-04-21,2190,,
2022-04-21,2228,1.8,2
2022-04-21,2242,1.75,1.95
2022-04-21,2262,,
2022-04-21,2263,,
2022-04-21,2264,,
2022-04-21,2265,,
2022-04-21,2266,,
2022-04-21,2267,,
2022-04-21,2268,,
2022-04-21,2269,,
2022-04-21,2270,,
2022-04-21,2271,,
2022-04-21,2272,,
2022-04-21,2273,,
2022-04-21,2274,,
2022-04-21,2275,,
2022-04-21,2276,,
2022-04-21,2277,,
2022-04-21,2278,,
2022-04-21,2279,,
2022-04-21,2280,,
2022-04-21,2281,,
2022-04-21,2282,,
2022-04-21,2283,,
2022-04-21,2293,,
2022-04-21,2303,3.5,4.5
2022-04-21,2304,1.75,1.95
2022-04-21,2339,523,528
2022-04-21,2340,517,522
2022-04-21,2341,503,507
2022-04-21,2344,,
2022-04-21,2378,,
2022-04-21,2379,,
2022-04-21,2380,,
2022-04-21,2381,,
2022-04-21,2382,,
2022-04-21,2383,,
2022-04-21,2384,,
2022-04-21,2385,,
2022-04-21,2386,160,175
2022-04-21,2387,170,188
2022-04-21,2388,175,190
2022-04-21,2389,180,205
2022-04-21,2390,170,190
2022-04-21,2391,185,205
2022-04-21,2392,180,195
2022-04-21,2393,195,208
2022-04-21,2394,,
2022-04-21,2395,,
2022-04-21,2396,120,140
2022-04-21,2397,135,155
2022-04-21,2398,,
2022-04-21,2399,,
2022-04-21,2400,70,75
2022-04-21,2401,80,90
2022-04-21,2402,,
2022-04-21,2403,,
2022-04-21,2404,,
2022-04-21,2405,,
2022-04-21,2406,,
2022-04-21,2407,,
2022-04-21,2416,448,453
2022-04-21,2418,,
2022-04-21,2431,,
2022-04-21,2483,,
2022-04-21,2484,5.7,6.1
2022-04-21,2585,,
2022-04-21,2589,,
2022-04-21,2634,145,150
2022-04-21,2635,145,150
2022-04-21,2636,1772,1792
2022-04-21,2637,2227,2232
2022-04-21,2638,305,310
2022-04-21,2639,295,300
2022-04-21,2640,270,275
2022-04-21,2641,305,310
2022-04-21,2642,,
2022-04-21,2643,208,218
2022-04-21,2644,195,205
2022-04-21,2645,188,195
2022-04-21,2646,,
2022-04-21,2647,220,230
2022-04-21,2656,,
2022-04-21,2658,1.7,1.9
2022-04-21,2665,1.6,1.8
2022-04-21,2679,,
2022-04-21,2687,535,539
2022-04-21,2688,530,534
2022-04-21,2689,287,295
2022-04-21,2713,435,445
2022-04-21,2714,460,470
2022-04-21,2717,,
2022-04-21,2718,,
2022-04-21,2719,97,102
2022-04-21,2720,,
2022-04-21,2721,102,107
2022-04-21,2781,0.68,0.73
2022-04-21,2782,0.6,0.63
2022-04-21,2783,,
2022-04-21,2784,0.82,0.85
2022-04-21,2785,1.8,2
2022-04-21,2786,2.8,3
2022-04-21,2813,,
2022-04-21,2814,,
2022-04-21,2815,,
2022-04-21,2816,,
2022-04-21,2817,,
2022-04-21,2818,,
2022-04-21,2819,,
2022-04-21,2820,,
2022-04-21,2821,,
2022-04-21,2822,,
2022-04-21,2823,,
2022-04-21,2824,,
2022-04-21,2825,,
2022-04-21,2826,,
2022-04-21,2827,,
2022-04-21,2828,,
2022-04-21,2829,,
2022-04-21,2830,,
2022-04-21,2831,,
2022-04-21,2832,,
2022-04-21,2833,,
2022-04-21,2834,,
2022-04-21,2835,,
2022-04-21,2836,,
2022-04-21,2837,,
2022-04-21,2838,,
2022-04-21,2839,,
2022-04-21,2840,,
2022-04-21,2841,,
2022-04-21,2842,,
2022-04-21,2843,,
2022-04-21,2844,,
2022-04-21,2845,,
2022-04-21,2846,,
2022-04-21,2847,,
2022-04-21,2848,,
2022-04-21,2849,,
2022-04-21,2850,,
2022-04-21,2851,,
2022-04-21,2854,,
2022-04-21,2856,1.25,1.45
2022-04-21,2860,1.3,1.5
2022-04-21,2863,2.2,2.5
2022-04-21,2864,2.5,2.7
2022-04-21,2870,1.4,1.6
2022-04-21,2871,1.6,1.8
2022-04-21,2872,1.8,2
2022-04-21,2873,2,2.2
2022-04-21,2875,0.4,0.6
2022-04-21,2889,1.25,1.45
2022-04-21,2932,,
2022-04-21,2933,,
2022-04-21,2934,,
2022-04-28,30,,
2022-04-28,31,426,431
2022-04-28,103,1520,1600
2022-04-28,104,1330,1410
2022-04-28,105,1170,1250
2022-04-28,106,1110,1190
2022-04-28,107,890,970
2022-04-28,108,1320,1440
2022-04-28,109,1210,1290
2022-04-28,175,0.48,0.51
2022-04-28,176,0.7,0.75
2022-04-28,178,,
2022-04-28,186,,
2022-04-28,194,2,2.2
2022-04-28,195,2,2.2
2022-04-28,196,1.9,2.1
2022-04-28,201,3.15,3.35
2022-04-28,202,1.8,2
2022-04-28,203,2.5,2.7
2022-04-28,204,1.4,1.6
2022-04-28,206,1.9,2.3
2022-04-28,210,2,2.35
2022-04-28,211,2.2,2.5
2022-04-28,213,1.5,1.7
2022-04-28,338,2.2,2.6
2022-04-28,349,,
2022-04-28,353,,
2022-04-28,358,3.5,4.5
2022-04-28,363,,
2022-04-28,482,2.8,3
2022-04-28,483,2.5,2.7
2022-04-28,513,,
2022-04-28,515,,
2022-04-28,621,6,6.4
2022-04-28,637,1.75,1.95
2022-04-28,681,1.8,2
2022-04-28,851,1.4,1.6
2022-04-28,864,1.6,1.8
2022-04-28,865,1.7,1.9
2022-04-28,869,4.8,5.5
2022-04-28,1135,0.6,0.65
2022-04-28,1156,1.8,2
2022-04-28,1165,1.5,1.7
2022-04-28,1177,383,388
2022-04-28,1178,,
2022-04-28,1182,372,375
2022-04-28,1183,699,702
2022-04-28,1186,526,528
2022-04-28,1187,,
2022-04-28,1188,403,405
2022-04-28,1189,465,475
2022-04-28,1191,,
2022-04-28,1192,,
2022-04-28,1197,,
2022-04-28,1203,,
2022-04-28,1208,,
2022-04-28,1209,395,410
2022-04-28,1215,800,805
2022-04-28,1217,206,208
2022-04-28,1218,213,214
2022-04-28,1219,267,270
2022-04-28,1220,230,232
2022-04-28,1222,258,260
2022-04-28,1223,263,264
2022-04-28,1224,319,321
2022-04-28,1225,203,205
2022-04-28,1226,230,232
2022-04-28,1227,243,245
2022-04-28,1228,378,380
2022-04-28,1242,572,574
2022-04-28,1243,563,565
2022-04-28,1244,580,582
2022-04-28,1245,575,577
2022-04-28,1248,782,785
2022-04-28,1249,,
2022-04-28,1250,,
2022-04-28,1251,415,420
2022-04-28,1252,470,475
2022-04-28,1253,690,695
2022-04-28,1254,715,720
2022-04-28,1270,333,334
2022-04-28,1273,249,250
2022-04-28,1274,249,250
2022-04-28,1275,325,327
2022-04-28,1276,360,362
2022-04-28,1278,460,480
2022-04-28,1282,560,570
2022-04-28,1283,535,555
2022-04-28,1284,320,335
2022-04-28,1285,248,250
2022-04-28,1286,205,210
2022-04-28,1287,70,80
2022-04-28,1289,,
2022-04-28,1290,,
2022-04-28,1291,,
2022-04-28,1292,,
2022-04-28,1293,,
2022-04-28,1294,,
2022-04-28,1297,,
2022-04-28,1298,,
2022-04-28,1378,,
2022-04-28,1379,,
2022-04-28,1380,379,383
2022-04-28,1414,,
2022-04-28,1432,,
2022-04-28,1433,,
2022-04-28,1434,,
2022-04-28,1452,,
2022-04-28,1453,,
2022-04-28,1478,,
2022-04-28,1491,165,185
2022-04-28,1492,180,200
2022-04-28,1493,,
2022-04-28,1535,732,735
2022-04-28,1536,,
2022-04-28,1537,,
2022-04-28,1538,,
2022-04-28,1553,175,190
2022-04-28,1554,190,203
2022-04-28,1618,,
2022-04-28,1621,,
2022-04-28,1624,399,401
2022-04-28,1630,377,379
2022-04-28,1631,382,384
2022-04-28,1633,376,377
2022-04-28,1634,,
2022-04-28,1656,390,394
2022-04-28,1676,419,424
2022-04-28,1677,398,401
2022-04-28,1684,865,870
2022-04-28,1704,,
2022-04-28,1774,,
2022-04-28,1779,,
2022-04-28,1780,,
2022-04-28,1781,,
2022-04-28,1784,260,270
2022-04-28,1790,1140,1160
2022-04-28,1792,304,314
2022-04-28,1793,680,700
2022-04-28,1794,965,1060
2022-04-28,1795,665,675
2022-04-28,1871,445,465
2022-04-28,1887,1.8,2
2022-04-28,1893,635,655
2022-04-28,1894,675,695
2022-04-28,1895,720,760
2022-04-28,1896,730,770
2022-04-28,1900,535,538
2022-04-28,1901,1460,1465
2022-04-28,1902,1430,1435
2022-04-28,1951,535,545
2022-04-28,1953,,
2022-04-28,1960,,
2022-04-28,1961,,
2022-04-28,1971,,
2022-04-28,1981,4,4.2
2022-04-28,1982,,
2022-04-28,1983,3.9,4.2
2022-04-28,1984,,
2022-04-28,1985,,
2022-04-28,1986,5,5.3
2022-04-28,1987,,
2022-04-28,1988,4.1,4.3
2022-04-28,1989,4.2,5.2
2022-04-28,1990,4.6,5.2
2022-04-28,1991,4.6,5.4
2022-04-28,1992,6,6.5
2022-04-28,1993,6,6.5
2022-04-28,1994,,
2022-04-28,1995,,
2022-04-28,1996,4.6,4.8
2022-04-28,1997,5,5.3
2022-04-28,1998,6.1,6.6
2022-04-28,1999,,
2022-04-28,2000,6,6.3
2022-04-28,2001,,
2022-04-28,2002,4.6,5.2
2022-04-28,2003,5.8,6
2022-04-28,2004,,
2022-04-28,2005,,
2022-04-28,2006,5.2,6.1
2022-04-28,2007,,
2022-04-28,2008,5.8,6.3
2022-04-28,2009,7,7.2
2022-04-28,2010,6.4,6.8
2022-04-28,2011,,
2022-04-28,2012,,
2022-04-28,2013,5.5,6
2022-04-28,2014,5,5.3
2022-04-28,2015,5.3,5.6
2022-04-28,2016,5.6,6
2022-04-28,2017,6.8,7
2022-04-28,2018,6.8,7
2022-04-28,2019,6.5,6.6
2022-04-28,2020,,
2022-04-28,2021,,
2022-04-28,2022,,
2022-04-28,2023,6.5,7
2022-04-28,2024,,
2022-04-28,2025,,
2022-04-28,2026,,
2022-04-28,2027,,
2022-04-28,2028,,
2022-04-28,2029,,
2022-04-28,2030,,
2022-04-28,2031,,
2022-04-28,2032,,
2022-04-28,2033,,
2022-04-28,2034,,
2022-04-28,2035,,
2022-04-28,2036,,
2022-04-28,2037,,
2022-04-28,2038,,
2022-04-28,2039,,
2022-04-28,2040,,
2022-04-28,2041,,
2022-04-28,2042,,
2022-04-28,2043,,
2022-04-28,2044,,
2022-04-28,2045,,
2022-04-28,2046,,
2022-04-28,2047,,
2022-04-28,2048,,
2022-04-28,2049,,
2022-04-28,2050,,
2022-04-28,2051,,
2022-04-28,2052,,
2022-04-28,2053,,
2022-04-28,2054,,
2022-04-28,2055,,
2022-04-28,2056,,
2022-04-28,2057,,
2022-04-28,2099,,
2022-04-28,2100,65,70
2022-04-28,2101,75,85
2022-04-28,2123,490,510
2022-04-28,2124,445,465
2022-04-28,2130,,
2022-04-28,2137,3.6,3.8
2022-04-28,2140,1.6,1.8
2022-04-28,2142,2.5,2.7
2022-04-28,2147,379,377
2022-04-28,2171,,
2022-04-28,2172,,
2022-04-28,2188,382,384
2022-04-28,2189,,
2022-04-28,2190,,
2022-04-28,2228,1.8,2
2022-04-28,2242,1.75,1.95
2022-04-28,2262,,
2022-04-28,2263,,
2022-04-28,2264,,
2022-04-28,2265,,
2022-04-28,2266,,
2022-04-28,2267,,
2022-04-28,2268,,
2022-04-28,2269,,
2022-04-28,2270,,
2022-04-28,2271,,
2022-04-28,2272,,
2022-04-28,2273,,
2022-04-28,2274,,
2022-04-28,2275,,
2022-04-28,2276,,
2022-04-28,2277,,
2022-04-28,2278,,
2022-04-28,2279,,
2022-04-28,2280,,
2022-04-28,2281,,
2022-04-28,2282,,
2022-04-28,2283,,
2022-04-28,2293,,
2022-04-28,2304,1.75,1.95
2022-04-28,2309,,
2022-04-28,2339,523,528
2022-04-28,2340,517,522
2022-04-28,2341,503,507
2022-04-28,2344,,
2022-04-28,2378,,
2022-04-28,2379,,
2022-04-28,2380,,
2022-04-28,2381,,
2022-04-28,2382,,
2022-04-28,2383,,
2022-04-28,2384,,
2022-04-28,2385,,
2022-04-28,2386,,
2022-04-28,2387,,
2022-04-28,2388,,
2022-04-28,2389,,
2022-04-28,2390,170,190
2022-04-28,2391,185,205
2022-04-28,2392,180,195
2022-04-28,2393,195,208
2022-04-28,2394,,
2022-04-28,2395,,
2022-04-28,2396,,
2022-04-28,2397,,
2022-04-28,2398,,
2022-04-28,2399,,
2022-04-28,2400,70,75
2022-04-28,2401,80,90
2022-04-28,2402,,
2022-04-28,2403,,
2022-04-28,2404,,
2022-04-28,2405,,
2022-04-28,2406,,
2022-04-28,2407,,
2022-04-28,2416,453,458
2022-04-28,2418,,
2022-04-28,2431,,
2022-04-28,2483,,
2022-04-28,2484,5.7,6.1
2022-04-28,2585,,
2022-04-28,2589,,
2022-04-28,2634,145,150
2022-04-28,2635,145,150
2022-04-28,2636,1772,1792
2022-04-28,2637,2227,2232
2022-04-28,2638,305,310
2022-04-28,2639,295,300
2022-04-28,2640,270,275
2022-04-28,2641,305,310
2022-04-28,2642,,
2022-04-28,2643,208,218
2022-04-28,2644,195,205
2022-04-28,2645,188,195
2022-04-28,2646,,
2022-04-28,2647,220,230
2022-04-28,2658,1.7,1.9
2022-04-28,2665,1.6,1.8
2022-04-28,2679,,
2022-04-28,2687,535,539
2022-04-28,2688,530,534
2022-04-28,2689,287,295
2022-04-28,2713,435,445
2022-04-28,2714,460,470
2022-04-28,2717,,
2022-04-28,2718,,
2022-04-28,2719,,
2022-04-28,2720,,
2022-04-28,2721,,
2022-04-28,2781,,
2022-04-28,2782,0.6,0.63
2022-04-28,2783,,
2022-04-28,2784,0.82,0.85
2022-04-28,2785,1.8,2
2022-04-28,2786,2.8,3
2022-04-28,2813,,
2022-04-28,2814,,
2022-04-28,2815,,
2022-04-28,2816,,
2022-04-28,2817,,
2022-04-28,2818,,
2022-04-28,2819,,
2022-04-28,2820,,
2022-04-28,2821,,
2022-04-28,2822,,
2022-04-28,2823,,
2022-04-28,2824,,
2022-04-28,2825,,
2022-04-28,2826,,
2022-04-28,2827,,
2022-04-28,2828,,
2022-04-28,2829,,
2022-04-28,2830,,
2022-04-28,2831,,
2022-04-28,2832,,
2022-04-28,2833,,
2022-04-28,2834,,
2022-04-28,2835,,
2022-04-28,2836,,
2022-04-28,2837,,
2022-04-28,2838,,
2022-04-28,2839,,
2022-04-28,2840,,
2022-04-28,2841,,
2022-04-28,2842,,
2022-04-28,2843,,
2022-04-28,2844,,
2022-04-28,2845,,
2022-04-28,2846,,
2022-04-28,2847,,
2022-04-28,2848,,
2022-04-28,2849,,
2022-04-28,2850,,
2022-04-28,2851,,
2022-04-28,2854,,
2022-04-28,2856,1.25,1.45
2022-04-28,2860,1.3,1.5
2022-04-28,2863,2.2,2.5
2022-04-28,2864,2.5,2.7
2022-04-28,2870,1.4,1.6
2022-04-28,2871,1.6,1.8
2022-04-28,2872,1.8,2
2022-04-28,2873,2,2.2
2022-04-28,2875,0.4,0.6
2022-04-28,2932,0.7,0.75
2022-04-28,2933,,
2022-04-28,2934,,
2022-05-05,30,,
2022-05-05,31,431,436
2022-05-05,103,1560,1640
2022-05-05,104,1330,1410
2022-05-05,105,1210,1290
2022-05-05,106,1210,1290
2022-05-05,107,940,1020
2022-05-05,108,1320,1440
2022-05-05,109,1250,1330
2022-05-05,175,0.48,0.51
2022-05-05,176,0.75,0.8
2022-05-05,178,,
2022-05-05,186,,
2022-05-05,194,2,2.2
2022-05-05,195,2,2.2
2022-05-05,196,1.9,2.1
2022-05-05,201,3.15,3.35
2022-05-05,202,1.8,2
2022-05-05,203,2.5,2.7
2022-05-05,204,1.4,1.6
2022-05-05,206,1.9,2.3
2022-05-05,210,2,2.35
2022-05-05,211,2.2,2.5
2022-05-05,213,1.5,1.7
2022-05-05,338,2.2,2.6
2022-05-05,349,4.4,7.2
2022-05-05,353,,
2022-05-05,358,3.5,4.5
2022-05-05,363,,
2022-05-05,482,2.8,3
2022-05-05,483,2.5,2.7
2022-05-05,513,,
2022-05-05,515,,
2022-05-05,621,6,6.4
2022-05-05,637,1.75,1.95
2022-05-05,681,1.8,2
2022-05-05,851,1.4,1.6
2022-05-05,864,1.6,1.8
2022-05-05,865,1.7,1.9
2022-05-05,869,4.9,5.6
2022-05-05,1135,0.6,0.65
2022-05-05,1156,1.8,2
2022-05-05,1165,1.5,1.7
2022-05-05,1177,384,389
2022-05-05,1178,,
2022-05-05,1182,372,375
2022-05-05,1183,695,698
2022-05-05,1186,536,538
2022-05-05,1187,,
2022-05-05,1188,403,405
2022-05-05,1189,465,475
2022-05-05,1191,,
2022-05-05,1192,,
2022-05-05,1197,,
2022-05-05,1203,,
2022-05-05,1208,,
2022-05-05,1209,397,410
2022-05-05,1215,800,805
2022-05-05,1217,210,212
2022-05-05,1218,217,218
2022-05-05,1219,275,278
2022-05-05,1220,230,232
2022-05-05,1222,262,264
2022-05-05,1223,267,268
2022-05-05,1224,327,329
2022-05-05,1225,207,209
2022-05-05,1226,230,232
2022-05-05,1227,246,248
2022-05-05,1228,388,390
2022-05-05,1242,542,544
2022-05-05,1243,533,535
2022-05-05,1244,550,552
2022-05-05,1245,545,547
2022-05-05,1248,757,760
2022-05-05,1249,,
2022-05-05,1250,,
2022-05-05,1251,400,405
2022-05-05,1252,,
2022-05-05,1253,680,685
2022-05-05,1254,700,705
2022-05-05,1270,339,340
2022-05-05,1273,249,250
2022-05-05,1274,249,250
2022-05-05,1275,325,327
2022-05-05,1276,360,362
2022-05-05,1278,460,480
2022-05-05,1282,550,560
2022-05-05,1283,525,545
2022-05-05,1284,310,325
2022-05-05,1285,248,250
2022-05-05,1286,205,210
2022-05-05,1287,70,80
2022-05-05,1289,,
2022-05-05,1290,,
2022-05-05,1291,,
2022-05-05,1292,,
2022-05-05,1293,,
2022-05-05,1294,,
2022-05-05,1297,,
2022-05-05,1298,,
2022-05-05,1378,,
2022-05-05,1379,,
2022-05-05,1380,,
2022-05-05,1414,,
2022-05-05,1432,,
2022-05-05,1433,,
2022-05-05,1434,,
2022-05-05,1452,,
2022-05-05,1453,,
2022-05-05,1478,,
2022-05-05,1491,165,185
2022-05-05,1492,180,200
2022-05-05,1493,,
2022-05-05,1535,707,710
2022-05-05,1536,,
2022-05-05,1537,,
2022-05-05,1538,,
2022-05-05,1553,175,190
2022-05-05,1554,190,203
2022-05-05,1618,,
2022-05-05,1621,,
2022-05-05,1624,399,401
2022-05-05,1630,377,379
2022-05-05,1631,382,384
2022-05-05,1633,376,377
2022-05-05,1634,,
2022-05-05,1656,391,395
2022-05-05,1676,419,424
2022-05-05,1677,398,401
2022-05-05,1684,865,870
2022-05-05,1704,,
2022-05-05,1774,,
2022-05-05,1779,,
2022-05-05,1780,,
2022-05-05,1781,,
2022-05-05,1784,260,270
2022-05-05,1790,1140,1160
2022-05-05,1792,304,314
2022-05-05,1793,700,720
2022-05-05,1794,965,1060
2022-05-05,1795,665,675
2022-05-05,1871,445,465
2022-05-05,1887,1.8,2
2022-05-05,1893,635,655
2022-05-05,1894,675,695
2022-05-05,1895,720,760
2022-05-05,1896,730,770
2022-05-05,1900,545,548
2022-05-05,1901,1485,1490
2022-05-05,1902,1455,1460
2022-05-05,1951,535,545
2022-05-05,1953,,
2022-05-05,1960,,
2022-05-05,1961,,
2022-05-05,1971,,
2022-05-05,1981,4,4.2
2022-05-05,1982,,
2022-05-05,1983,3.9,4.2
2022-05-05,1984,,
2022-05-05,1985,,
2022-05-05,1986,5,5.3
2022-05-05,1987,,
2022-05-05,1988,4.1,4.3
2022-05-05,1989,4.2,5.2
2022-05-05,1990,4.6,5.2
2022-05-05,1991,4.6,5.4
2022-05-05,1992,6,6.5
2022-05-05,1993,6,6.5
2022-05-05,1994,,
2022-05-05,1995,,
2022-05-05,1996,4.6,4.8
2022-05-05,1997,5,5.3
2022-05-05,1998,6.1,6.6
2022-05-05,1999,,
2022-05-05,2000,6,6.3
2022-05-05,2001,,
2022-05-05,2002,4.6,5.2
2022-05-05,2003,5.8,6
2022-05-05,2004,,
2022-05-05,2005,,
2022-05-05,2006,5.2,6.1
2022-05-05,2007,,
2022-05-05,2008,5.8,6.3
2022-05-05,2009,7,7.2
2022-05-05,2010,6.4,6.8
2022-05-05,2011,,
2022-05-05,2012,,
2022-05-05,2013,5.5,6
2022-05-05,2014,5,5.3
2022-05-05,2015,5.3,5.6
2022-05-05,2016,5.6,6
2022-05-05,2017,6.8,7
2022-05-05,2018,6.8,7
2022-05-05,2019,6.5,6.6
2022-05-05,2020,,
2022-05-05,2021,,
2022-05-05,2022,,
2022-05-05,2023,6.5,7
2022-05-05,2024,,
2022-05-05,2025,,
2022-05-05,2026,,
2022-05-05,2027,,
2022-05-05,2028,,
2022-05-05,2029,,
2022-05-05,2030,,
2022-05-05,2031,,
2022-05-05,2032,,
2022-05-05,2033,,
2022-05-05,2034,,
2022-05-05,2035,,
2022-05-05,2036,,
2022-05-05,2037,,
2022-05-05,2038,,
2022-05-05,2039,,
2022-05-05,2040,,
2022-05-05,2041,,
2022-05-05,2042,,
2022-05-05,2043,,
2022-05-05,2044,,
2022-05-05,2045,,
2022-05-05,2046,,
2022-05-05,2047,,
2022-05-05,2048,,
2022-05-05,2049,,
2022-05-05,2050,,
2022-05-05,2051,,
2022-05-05,2052,,
2022-05-05,2053,,
2022-05-05,2054,,
2022-05-05,2055,,
2022-05-05,2056,,
2022-05-05,2057,,
2022-05-05,2099,,
2022-05-05,2100,60,65
2022-05-05,2101,70,80
2022-05-05,2123,490,510
2022-05-05,2124,445,465
2022-05-05,2130,,
2022-05-05,2137,3.6,3.8
2022-05-05,2140,1.6,1.8
2022-05-05,2142,2.5,2.7
2022-05-05,2147,379,377
2022-05-05,2171,,
2022-05-05,2172,,
2022-05-05,2188,387,389
2022-05-05,2189,,
2022-05-05,2190,,
2022-05-05,2228,1.8,2
2022-05-05,2242,1.75,1.95
2022-05-05,2262,,
2022-05-05,2263,,
2022-05-05,2264,,
2022-05-05,2265,,
2022-05-05,2266,,
2022-05-05,2267,,
2022-05-05,2268,,
2022-05-05,2269,,
2022-05-05,2270,,
2022-05-05,2271,,
2022-05-05,2272,,
2022-05-05,2273,,
2022-05-05,2274,,
2022-05-05,2275,,
2022-05-05,2276,,
2022-05-05,2277,,
2022-05-05,2278,,
2022-05-05,2279,,
2022-05-05,2280,,
2022-05-05,2281,,
2022-05-05,2282,,
2022-05-05,2283,,
2022-05-05,2293,,
2022-05-05,2304,1.75,1.95
2022-05-05,2309,,
2022-05-05,2339,523,528
2022-05-05,2340,517,522
2022-05-05,2341,503,507
2022-05-05,2344,,
2022-05-05,2378,,
2022-05-05,2379,,
2022-05-05,2380,,
2022-05-05,2381,,
2022-05-05,2382,,
2022-05-05,2383,,
2022-05-05,2384,,
2022-05-05,2385,,
2022-05-05,2386,,
2022-05-05,2387,,
2022-05-05,2388,,
2022-05-05,2389,,
2022-05-05,2390,170,190
2022-05-05,2391,185,205
2022-05-05,2392,180,195
2022-05-05,2393,195,208
2022-05-05,2394,,
2022-05-05,2395,,
2022-05-05,2396,,
2022-05-05,2397,,
2022-05-05,2398,,
2022-05-05,2399,,
2022-05-05,2400,65,70
2022-05-05,2401,75,85
2022-05-05,2402,,
2022-05-05,2403,,
2022-05-05,2404,,
2022-05-05,2405,,
2022-05-05,2406,,
2022-05-05,2407,,
2022-05-05,2416,453,458
2022-05-05,2418,,
2022-05-05,2431,,
2022-05-05,2483,1.2,1.6
2022-05-05,2484,5.7,6.1
2022-05-05,2585,,
2022-05-05,2589,,
2022-05-05,2634,140,145
2022-05-05,2635,140,145
2022-05-05,2636,1772,1792
2022-05-05,2637,2227,2232
2022-05-05,2638,305,310
2022-05-05,2639,295,300
2022-05-05,2640,270,275
2022-05-05,2641,305,310
2022-05-05,2642,250,270
2022-05-05,2643,208,218
2022-05-05,2644,195,205
2022-05-05,2645,188,195
2022-05-05,2646,,
2022-05-05,2647,,
2022-05-05,2658,1.7,1.9
2022-05-05,2665,1.6,1.8
2022-05-05,2679,,
2022-05-05,2687,535,539
2022-05-05,2688,530,534
2022-05-05,2689,287,295
2022-05-05,2713,435,445
2022-05-05,2714,460,470
2022-05-05,2717,,
2022-05-05,2718,,
2022-05-05,2719,,
2022-05-05,2720,,
2022-05-05,2721,,
2022-05-05,2781,,
2022-05-05,2782,0.6,0.63
2022-05-05,2783,,
2022-05-05,2784,0.87,0.9
2022-05-05,2785,1.8,2
2022-05-05,2786,2.8,3
2022-05-05,2813,,
2022-05-05,2814,,
2022-05-05,2815,,
2022-05-05,2816,,
2022-05-05,2817,,
2022-05-05,2818,,
2022-05-05,2819,,
2022-05-05,2820,,
2022-05-05,2821,,
2022-05-05,2822,,
2022-05-05,2823,,
2022-05-05,2824,,
2022-05-05,2825,,
2022-05-05,2826,,
2022-05-05,2827,,
2022-05-05,2828,,
2022-05-05,2829,,
2022-05-05,2830,,
2022-05-05,2831,,
2022-05-05,2832,,
2022-05-05,2833,,
2022-05-05,2834,,
2022-05-05,2835,,
2022-05-05,2836,,
2022-05-05,2837,,
2022-05-05,2838,,
2022-05-05,2839,,
2022-05-05,2840,,
2022-05-05,2841,,
2022-05-05,2842,,
2022-05-05,2843,,
2022-05-05,2844,,
2022-05-05,2845,,
2022-05-05,2846,,
2022-05-05,2847,,
2022-05-05,2848,,
2022-05-05,2849,,
2022-05-05,2850,,
2022-05-05,2851,,
2022-05-05,2854,,
2022-05-05,2856,1.25,1.45
2022-05-05,2860,1.3,1.5
2022-05-05,2863,2.2,2.5
2022-05-05,2864,2.5,2.7
2022-05-05,2870,1.4,1.6
2022-05-05,2871,1.6,1.8
2022-05-05,2872,1.8,2
2022-05-05,2873,2,2.2
2022-05-05,2875,,
2022-05-05,2932,0.7,0.75
2022-05-05,2933,,
2022-05-05,2934,,
2022-05-05,2944,,
2022-05-05,2945,,
2022-05-05,2946,,
2022-05-12,30,,
2022-05-12,31,428,433
2022-05-12,103,1620,1700
2022-05-12,104,1370,1450
2022-05-12,105,1210,1290
2022-05-12,106,1210,1290
2022-05-12,107,970,1050
2022-05-12,108,1370,1490
2022-05-12,109,1250,1330
2022-05-12,175,0.45,0.48
2022-05-12,176,0.65,0.7
2022-05-12,178,,
2022-05-12,186,,
2022-05-12,194,1.8,2
2022-05-12,195,1.8,2
2022-05-12,196,1.9,2.1
2022-05-12,201,3.15,3.35
2022-05-12,202,1.8,2
2022-05-12,203,2.5,2.7
2022-05-12,204,1.4,1.6
2022-05-12,206,1.9,2.3
2022-05-12,210,2,2.35
2022-05-12,211,2.2,2.5
2022-05-12,213,1.5,1.7
2022-05-12,338,2.2,2.6
2022-05-12,349,4.2,7
2022-05-12,353,3.5,4.5
2022-05-12,358,3,4
2022-05-12,363,,
2022-05-12,482,2.7,2.9
2022-05-12,483,2.5,2.7
2022-05-12,513,,
2022-05-12,515,,
2022-05-12,621,6,6.4
2022-05-12,637,1.75,1.95
2022-05-12,681,1.8,2
2022-05-12,851,1.4,1.6
2022-05-12,864,1.6,1.8
2022-05-12,865,1.7,1.9
2022-05-12,869,4.9,5.6
2022-05-12,911,,
2022-05-12,1135,0.6,0.65
2022-05-12,1156,1.6,1.8
2022-05-12,1165,1.5,1.7
2022-05-12,1177,384,389
2022-05-12,1178,,
2022-05-12,1182,374,377
2022-05-12,1183,677,680
2022-05-12,1186,558,560
2022-05-12,1187,,
2022-05-12,1188,403,405
2022-05-12,1189,465,475
2022-05-12,1191,,
2022-05-12,1192,,
2022-05-12,1197,,
2022-05-12,1203,,
2022-05-12,1208,,
2022-05-12,1209,400,415
2022-05-12,1215,800,805
2022-05-12,1217,213,215
2022-05-12,1218,220,221
2022-05-12,1219,287,290
2022-05-12,1220,230,232
2022-05-12,1222,265,267
2022-05-12,1223,270,271
2022-05-12,1224,339,341
2022-05-12,1225,210,212
2022-05-12,1226,230,232
2022-05-12,1227,246,248
2022-05-12,1228,398,400
2022-05-12,1242,522,524
2022-05-12,1243,513,515
2022-05-12,1244,530,532
2022-05-12,1245,525,527
2022-05-12,1248,737,740
2022-05-12,1249,,
2022-05-12,1250,,
2022-05-12,1251,390,395
2022-05-12,1252,,
2022-05-12,1253,668,673
2022-05-12,1254,688,693
2022-05-12,1270,339,340
2022-05-12,1273,249,250
2022-05-12,1274,249,250
2022-05-12,1275,325,327
2022-05-12,1276,360,362
2022-05-12,1278,460,480
2022-05-12,1282,550,560
2022-05-12,1283,525,545
2022-05-12,1284,310,325
2022-05-12,1285,253,255
2022-05-12,1286,210,215
2022-05-12,1287,70,80
2022-05-12,1289,,
2022-05-12,1290,,
2022-05-12,1291,,
2022-05-12,1292,,
2022-05-12,1293,,
2022-05-12,1294,,
2022-05-12,1297,,
2022-05-12,1298,,
2022-05-12,1378,,
2022-05-12,1379,,
2022-05-12,1380,,
2022-05-12,1414,,
2022-05-12,1432,,
2022-05-12,1433,,
2022-05-12,1434,,
2022-05-12,1452,,
2022-05-12,1453,,
2022-05-12,1478,,
2022-05-12,1491,,
2022-05-12,1492,,
2022-05-12,1493,,
2022-05-12,1535,687,690
2022-05-12,1536,,
2022-05-12,1537,,
2022-05-12,1538,,
2022-05-12,1553,,
2022-05-12,1554,,
2022-05-12,1618,,
2022-05-12,1621,,
2022-05-12,1624,399,401
2022-05-12,1630,377,379
2022-05-12,1631,382,384
2022-05-12,1633,380,381
2022-05-12,1634,,
2022-05-12,1656,391,395
2022-05-12,1676,421,426
2022-05-12,1677,398,401
2022-05-12,1684,865,870
2022-05-12,1704,,
2022-05-12,1774,,
2022-05-12,1779,,
2022-05-12,1780,,
2022-05-12,1781,,
2022-05-12,1784,265,275
2022-05-12,1790,1140,1160
2022-05-12,1792,,
2022-05-12,1793,730,750
2022-05-12,1794,1000,1095
2022-05-12,1795,685,695
2022-05-12,1871,445,465
2022-05-12,1887,1.8,2
2022-05-12,1893,635,655
2022-05-12,1894,675,695
2022-05-12,1895,720,760
2022-05-12,1896,730,770
2022-05-12,1900,567,570
2022-05-12,1901,1520,1525
2022-05-12,1902,1490,1495
2022-05-12,1951,535,545
2022-05-12,1953,,
2022-05-12,1960,,
2022-05-12,1961,,
2022-05-12,1971,,
2022-05-12,1981,4,4.2
2022-05-12,1982,,
2022-05-12,1983,3.9,4.2
2022-05-12,1984,,
2022-05-12,1985,,
2022-05-12,1986,5,5.3
2022-05-12,1987,,
2022-05-12,1988,4.1,4.3
2022-05-12,1989,4.2,5.2
2022-05-12,1990,4.6,5.2
2022-05-12,1991,4.6,5.4
2022-05-12,1992,6,6.5
2022-05-12,1993,6,6.5
2022-05-12,1994,,
2022-05-12,1995,,
2022-05-12,1996,4.6,4.8
2022-05-12,1997,5,5.3
2022-05-12,1998,6.1,6.6
2022-05-12,1999,,
2022-05-12,2000,6,6.3
2022-05-12,2001,,
2022-05-12,2002,4.6,5.2
2022-05-12,2003,5.8,6
2022-05-12,2004,,
2022-05-12,2005,,
2022-05-12,2006,5.2,6.1
2022-05-12,2007,,
2022-05-12,2008,5.8,6.3
2022-05-12,2009,7,7.2
2022-05-12,2010,6.4,6.8
2022-05-12,2011,,
2022-05-12,2012,,
2022-05-12,2013,5.5,6
2022-05-12,2014,5,5.3
2022-05-12,2015,5.3,5.6
2022-05-12,2016,5.6,6
2022-05-12,2017,6.8,7
2022-05-12,2018,6.8,7
2022-05-12,2019,6.5,6.6
2022-05-12,2020,,
2022-05-12,2021,,
2022-05-12,2022,,
2022-05-12,2023,6.5,7
2022-05-12,2024,,
2022-05-12,2025,,
2022-05-12,2026,,
2022-05-12,2027,,
2022-05-12,2028,,
2022-05-12,2029,,
2022-05-12,2030,,
2022-05-12,2031,,
2022-05-12,2032,,
2022-05-12,2033,,
2022-05-12,2034,,
2022-05-12,2035,,
2022-05-12,2036,,
2022-05-12,2037,,
2022-05-12,2038,,
2022-05-12,2039,,
2022-05-12,2040,,
2022-05-12,2041,,
2022-05-12,2042,,
2022-05-12,2043,,
2022-05-12,2044,,
2022-05-12,2045,,
2022-05-12,2046,,
2022-05-12,2047,,
2022-05-12,2048,,
2022-05-12,2049,,
2022-05-12,2050,,
2022-05-12,2051,,
2022-05-12,2052,,
2022-05-12,2053,,
2022-05-12,2054,,
2022-05-12,2055,,
2022-05-12,2056,,
2022-05-12,2057,,
2022-05-12,2099,,
2022-05-12,2100,58,63
2022-05-12,2101,68,78
2022-05-12,2123,490,510
2022-05-12,2124,445,465
2022-05-12,2130,,
2022-05-12,2137,3.6,3.8
2022-05-12,2140,1.6,1.8
2022-05-12,2142,2.4,2.6
2022-05-12,2147,380,381
2022-05-12,2171,,
2022-05-12,2172,,
2022-05-12,2188,387,389
2022-05-12,2189,,
2022-05-12,2190,,
2022-05-12,2228,1.8,2
2022-05-12,2242,1.75,1.95
2022-05-12,2262,,
2022-05-12,2263,,
2022-05-12,2264,,
2022-05-12,2265,,
2022-05-12,2266,,
2022-05-12,2267,,
2022-05-12,2268,,
2022-05-12,2269,,
2022-05-12,2270,,
2022-05-12,2271,,
2022-05-12,2272,,
2022-05-12,2273,,
2022-05-12,2274,,
2022-05-12,2275,,
2022-05-12,2276,,
2022-05-12,2277,,
2022-05-12,2278,,
2022-05-12,2279,,
2022-05-12,2280,,
2022-05-12,2281,,
2022-05-12,2282,,
2022-05-12,2283,,
2022-05-12,2293,,
2022-05-12,2304,1.75,1.95
2022-05-12,2339,523,528
2022-05-12,2340,517,522
2022-05-12,2341,503,507
2022-05-12,2344,,
2022-05-12,2378,,
2022-05-12,2379,,
2022-05-12,2380,,
2022-05-12,2381,,
2022-05-12,2382,,
2022-05-12,2383,,
2022-05-12,2384,,
2022-05-12,2385,,
2022-05-12,2386,,
2022-05-12,2387,,
2022-05-12,2388,,
2022-05-12,2389,,
2022-05-12,2390,,
2022-05-12,2391,,
2022-05-12,2392,,
2022-05-12,2393,,
2022-05-12,2394,,
2022-05-12,2395,,
2022-05-12,2396,,
2022-05-12,2397,,
2022-05-12,2398,,
2022-05-12,2399,,
2022-05-12,2400,63,68
2022-05-12,2401,73,83
2022-05-12,2402,,
2022-05-12,2403,,
2022-05-12,2404,,
2022-05-12,2405,,
2022-05-12,2406,,
2022-05-12,2407,,
2022-05-12,2416,453,458
2022-05-12,2418,,
2022-05-12,2431,,
2022-05-12,2483,1.2,1.6
2022-05-12,2484,5.7,6.1
2022-05-12,2585,,
2022-05-12,2589,,
2022-05-12,2634,140,145
2022-05-12,2635,140,145
2022-05-12,2636,1822,1842
2022-05-12,2637,2297,2302
2022-05-12,2638,305,310
2022-05-12,2639,295,300
2022-05-12,2640,270,275
2022-05-12,2641,305,310
2022-05-12,2642,250,270
2022-05-12,2643,213,223
2022-05-12,2644,200,210
2022-05-12,2645,193,200
2022-05-12,2646,,
2022-05-12,2647,,
2022-05-12,2658,1.7,1.9
2022-05-12,2665,1.6,1.8
2022-05-12,2679,,
2022-05-12,2687,535,539
2022-05-12,2688,530,534
2022-05-12,2689,,
2022-05-12,2713,435,445
2022-05-12,2714,460,470
2022-05-12,2717,,
2022-05-12,2718,,
2022-05-12,2719,,
2022-05-12,2720,,
2022-05-12,2721,,
2022-05-12,2781,,
2022-05-12,2782,0.55,0.6
2022-05-12,2783,,
2022-05-12,2784,0.7,0.75
2022-05-12,2785,1.8,2
2022-05-12,2786,2.8,3
2022-05-12,2813,,
2022-05-12,2814,,
2022-05-12,2815,,
2022-05-12,2816,,
2022-05-12,2817,,
2022-05-12,2818,,
2022-05-12,2819,,
2022-05-12,2820,,
2022-05-12,2821,,
2022-05-12,2822,,
2022-05-12,2823,,
2022-05-12,2824,,
2022-05-12,2825,,
2022-05-12,2826,,
2022-05-12,2827,,
2022-05-12,2828,,
2022-05-12,2829,,
2022-05-12,2830,,
2022-05-12,2831,,
2022-05-12,2832,,
2022-05-12,2833,,
2022-05-12,2834,,
2022-05-12,2835,,
2022-05-12,2836,,
2022-05-12,2837,,
2022-05-12,2838,,
2022-05-12,2839,,
2022-05-12,2840,,
2022-05-12,2841,,
2022-05-12,2842,,
2022-05-12,2843,,
2022-05-12,2844,,
2022-05-12,2845,,
2022-05-12,2846,,
2022-05-12,2847,,
2022-05-12,2848,,
2022-05-12,2849,,
2022-05-12,2850,,
2022-05-12,2851,,
2022-05-12,2854,,
2022-05-12,2856,1.05,1.25
2022-05-12,2860,1.3,1.5
2022-05-12,2863,2.1,2.3
2022-05-12,2864,2.25,2.4
2022-05-12,2870,1.5,1.6
2022-05-12,2871,1.6,1.8
2022-05-12,2872,1.8,1.9
2022-05-12,2873,1.9,2
2022-05-12,2875,,
2022-05-12,2932,0.7,0.75
2022-05-12,2933,,
2022-05-12,2934,,
2022-05-12,2944,2.2,2.4
2022-05-12,2945,1.9,2.1
2022-05-12,2946,3.5,4.5
2022-05-12,2953,,
2022-05-12,2954,,
2022-05-12,2955,,
2022-05-12,2956,,
2022-05-12,2957,,
2022-05-12,2958,,
2022-05-12,2959,,
2022-05-12,2960,,
2022-05-12,2961,,
2022-05-12,2962,,
2022-05-12,2963,,
2022-05-12,2964,,
2022-05-12,2965,,
2022-05-12,2966,,
2022-05-12,2967,,
2022-05-12,2968,,
2022-05-12,2969,,
2022-05-12,2970,,
2022-05-12,2971,,
2022-05-12,2972,,
2022-05-12,2973,,
2022-05-12,2974,,
2022-05-12,2975,,
2022-05-12,2976,,
2022-05-12,2977,,
2022-05-12,2978,,
2022-05-12,2979,,
2022-05-12,2980,,
2022-05-12,2981,,
2022-05-12,2982,,
2022-05-12,2983,,
2022-05-12,2984,,
2022-05-12,2985,,
2022-05-12,2986,,
2022-05-12,2987,,
2022-05-12,2988,,
2022-05-12,2989,,
2022-05-12,2990,,
2022-05-12,2991,,
2022-05-12,2992,,
2022-05-12,2993,,
2022-05-12,2994,,
2022-05-12,2995,,
2022-05-12,2996,,
2022-05-12,2997,,
2022-05-12,2998,,
2022-05-12,2999,,
2022-05-12,3000,,
2022-05-12,3001,,
2022-05-12,3002,,
2022-05-12,3003,,
2022-05-12,3004,,
2022-05-12,3005,2.2,2.4
2022-05-12,3006,1.9,2.1
2022-05-12,3007,,
2022-05-19,30,,
2022-05-19,31,430,435
2022-05-19,103,1660,1740
2022-05-19,104,1420,1500
2022-05-19,105,1210,1290
2022-05-19,106,1210,1290
2022-05-19,107,1020,1100
2022-05-19,108,1370,1490
2022-05-19,109,1250,1330
2022-05-19,175,0.42,0.48
2022-05-19,176,0.65,0.7
2022-05-19,178,,
2022-05-19,186,,
2022-05-19,194,1.8,2
2022-05-19,195,1.8,2
2022-05-19,196,1.9,2.1
2022-05-19,201,3.15,3.35
2022-05-19,202,1.8,2
2022-05-19,203,2.5,2.7
2022-05-19,204,1.4,1.6
2022-05-19,206,1.9,2.3
2022-05-19,210,2,2.35
2022-05-19,211,2.2,2.5
2022-05-19,213,1.5,1.7
2022-05-19,338,2.1,2.5
2022-05-19,349,4.2,7
2022-05-19,353,3.5,4.5
2022-05-19,358,3,3.5
2022-05-19,363,,
2022-05-19,482,2.7,2.9
2022-05-19,483,2.5,2.7
2022-05-19,513,,
2022-05-19,515,,
2022-05-19,621,6,6.4
2022-05-19,637,,
2022-05-19,681,1.8,2
2022-05-19,851,1.5,1.7
2022-05-19,864,1.6,1.8
2022-05-19,865,1.7,1.9
2022-05-19,869,,
2022-05-19,911,4.9,5.8
2022-05-19,919,,
2022-05-19,1135,0.6,0.65
2022-05-19,1156,1.6,1.8
2022-05-19,1165,1.5,1.7
2022-05-19,1177,399,404
2022-05-19,1178,,
2022-05-19,1182,379,382
2022-05-19,1183,676,679
2022-05-19,1186,588,590
2022-05-19,1187,,
2022-05-19,1188,418,420
2022-05-19,1189,490,500
2022-05-19,1191,,
2022-05-19,1192,,
2022-05-19,1197,,
2022-05-19,1203,,
2022-05-19,1208,,
2022-05-19,1209,415,430
2022-05-19,1215,800,805
2022-05-19,1217,223,225
2022-05-19,1218,230,231
2022-05-19,1219,299,302
2022-05-19,1220,235,237
2022-05-19,1222,275,277
2022-05-19,1223,280,281
2022-05-19,1224,351,353
2022-05-19,1225,220,222
2022-05-19,1226,235,237
2022-05-19,1227,248,250
2022-05-19,1228,398,400
2022-05-19,1242,534,536
2022-05-19,1243,528,530
2022-05-19,1244,542,544
2022-05-19,1245,537,539
2022-05-19,1248,749,752
2022-05-19,1249,,
2022-05-19,1250,,
2022-05-19,1251,390,395
2022-05-19,1252,,
2022-05-19,1253,685,690
2022-05-19,1254,701,706
2022-05-19,1270,346,347
2022-05-19,1273,249,250
2022-05-19,1274,249,250
2022-05-19,1275,330,332
2022-05-19,1276,360,362
2022-05-19,1278,465,485
2022-05-19,1282,550,560
2022-05-19,1283,525,545
2022-05-19,1284,300,315
2022-05-19,1285,253,255
2022-05-19,1286,210,215
2022-05-19,1287,70,80
2022-05-19,1378,,
2022-05-19,1379,,
2022-05-19,1380,,
2022-05-19,1414,,
2022-05-19,1478,,
2022-05-19,1535,699,702
2022-05-19,1536,,
2022-05-19,1618,,
2022-05-19,1621,,
2022-05-19,1624,407,409
2022-05-19,1630,385,387
2022-05-19,1631,390,392
2022-05-19,1633,385,386
2022-05-19,1634,,
2022-05-19,1656,406,410
2022-05-19,1676,433,438
2022-05-19,1677,413,416
2022-05-19,1684,865,870
2022-05-19,1704,,
2022-05-19,1774,,
2022-05-19,1779,,
2022-05-19,1780,,
2022-05-19,1781,,
2022-05-19,1784,265,275
2022-05-19,1790,1140,1160
2022-05-19,1792,314,324
2022-05-19,1793,750,770
2022-05-19,1794,1000,1095
2022-05-19,1795,710,720
2022-05-19,1871,445,465
2022-05-19,1887,1.8,2
2022-05-19,1893,645,665
2022-05-19,1894,685,705
2022-05-19,1895,730,770
2022-05-19,1896,740,780
2022-05-19,1900,597,600
2022-05-19,1901,1545,1550
2022-05-19,1902,1515,1520
2022-05-19,1912,,
2022-05-19,1951,535,545
2022-05-19,1953,,
2022-05-19,1960,,
2022-05-19,1961,,
2022-05-19,1971,,
2022-05-19,1981,4,4.2
2022-05-19,1982,,
2022-05-19,1983,3.9,4.2
2022-05-19,1984,,
2022-05-19,1985,,
2022-05-19,1986,5,5.3
2022-05-19,1987,,
2022-05-19,1988,4.1,4.3
2022-05-19,1989,4.2,5.2
2022-05-19,1990,4.6,5.2
2022-05-19,1991,4.6,5.4
2022-05-19,1992,6,6.5
2022-05-19,1993,6,6.5
2022-05-19,1994,,
2022-05-19,1995,,
2022-05-19,1996,4.6,4.8
2022-05-19,1997,5,5.3
2022-05-19,1998,6.1,6.6
2022-05-19,1999,,
2022-05-19,2000,6,6.3
2022-05-19,2001,,
2022-05-19,2002,4.6,5.2
2022-05-19,2003,5.8,6
2022-05-19,2004,,
2022-05-19,2005,,
2022-05-19,2006,5.2,6.1
2022-05-19,2007,,
2022-05-19,2008,5.8,6.3
2022-05-19,2009,7,7.2
2022-05-19,2010,6.4,6.8
2022-05-19,2011,,
2022-05-19,2012,,
2022-05-19,2013,5.5,6
2022-05-19,2014,5,5.3
2022-05-19,2015,5.3,5.6
2022-05-19,2016,5.6,6
2022-05-19,2017,6.8,7
2022-05-19,2018,6.8,7
2022-05-19,2019,6.5,6.6
2022-05-19,2020,,
2022-05-19,2021,,
2022-05-19,2022,,
2022-05-19,2023,6.5,7
2022-05-19,2024,,
2022-05-19,2025,,
2022-05-19,2026,,
2022-05-19,2027,,
2022-05-19,2028,,
2022-05-19,2029,,
2022-05-19,2030,,
2022-05-19,2031,,
2022-05-19,2032,,
2022-05-19,2033,,
2022-05-19,2034,,
2022-05-19,2035,,
2022-05-19,2036,,
2022-05-19,2037,,
2022-05-19,2038,,
2022-05-19,2039,,
2022-05-19,2040,,
2022-05-19,2041,,
2022-05-19,2042,,
2022-05-19,2043,,
2022-05-19,2044,,
2022-05-19,2045,,
2022-05-19,2046,,
2022-05-19,2047,,
2022-05-19,2048,,
2022-05-19,2049,,
2022-05-19,2050,,
2022-05-19,2051,,
2022-05-19,2052,,
2022-05-19,2053,,
2022-05-19,2054,,
2022-05-19,2055,,
2022-05-19,2056,,
2022-05-19,2057,,
2022-05-19,2099,,
2022-05-19,2100,58,63
2022-05-19,2101,68,78
2022-05-19,2123,490,510
2022-05-19,2124,445,465
2022-05-19,2130,,
2022-05-19,2137,3.6,3.8
2022-05-19,2140,1.6,1.8
2022-05-19,2142,2.4,2.6
2022-05-19,2147,385,386
2022-05-19,2171,,
2022-05-19,2172,,
2022-05-19,2176,,
2022-05-19,2188,389,391
2022-05-19,2189,,
2022-05-19,2190,,
2022-05-19,2228,1.8,2
2022-05-19,2242,,
2022-05-19,2262,,
2022-05-19,2263,,
2022-05-19,2264,,
2022-05-19,2265,,
2022-05-19,2266,,
2022-05-19,2267,,
2022-05-19,2268,,
2022-05-19,2269,,
2022-05-19,2270,,
2022-05-19,2271,,
2022-05-19,2272,,
2022-05-19,2273,,
2022-05-19,2274,,
2022-05-19,2275,,
2022-05-19,2276,,
2022-05-19,2277,,
2022-05-19,2278,,
2022-05-19,2279,,
2022-05-19,2280,,
2022-05-19,2281,,
2022-05-19,2282,,
2022-05-19,2283,,
2022-05-19,2293,,
2022-05-19,2304,,
2022-05-19,2339,528,533
2022-05-19,2340,522,527
2022-05-19,2341,508,512
2022-05-19,2344,,
2022-05-19,2398,,
2022-05-19,2399,,
2022-05-19,2400,63,68
2022-05-19,2401,73,83
2022-05-19,2402,,
2022-05-19,2403,,
2022-05-19,2404,,
2022-05-19,2405,,
2022-05-19,2406,,
2022-05-19,2407,,
2022-05-19,2416,478,483
2022-05-19,2418,,
2022-05-19,2431,,
2022-05-19,2483,1.2,1.6
2022-05-19,2484,5.7,6.1
2022-05-19,2585,,
2022-05-19,2589,,
2022-05-19,2634,140,145
2022-05-19,2635,140,145
2022-05-19,2636,1822,1842
2022-05-19,2637,2297,2302
2022-05-19,2638,310,315
2022-05-19,2639,300,305
2022-05-19,2640,275,280
2022-05-19,2641,310,315
2022-05-19,2642,250,270
2022-05-19,2643,218,228
2022-05-19,2644,205,215
2022-05-19,2645,198,205
2022-05-19,2646,,
2022-05-19,2647,,
2022-05-19,2658,1.7,1.9
2022-05-19,2665,1.5,1.7
2022-05-19,2679,,
2022-05-19,2687,540,544
2022-05-19,2688,535,539
2022-05-19,2689,297,305
2022-05-19,2713,435,445
2022-05-19,2714,460,470
2022-05-19,2717,,
2022-05-19,2781,,
2022-05-19,2782,0.53,0.6
2022-05-19,2783,,
2022-05-19,2784,0.7,0.75
2022-05-19,2785,1.8,2
2022-05-19,2786,2.8,3
2022-05-19,2813,,
2022-05-19,2814,,
2022-05-19,2815,,
2022-05-19,2816,,
2022-05-19,2817,,
2022-05-19,2818,,
2022-05-19,2819,,
2022-05-19,2820,,
2022-05-19,2821,,
2022-05-19,2822,,
2022-05-19,2823,,
2022-05-19,2824,,
2022-05-19,2825,,
2022-05-19,2826,,
2022-05-19,2827,,
2022-05-19,2828,,
2022-05-19,2829,,
2022-05-19,2830,,
2022-05-19,2831,,
2022-05-19,2832,,
2022-05-19,2833,,
2022-05-19,2834,,
2022-05-19,2835,,
2022-05-19,2836,,
2022-05-19,2837,,
2022-05-19,2838,,
2022-05-19,2839,,
2022-05-19,2840,,
2022-05-19,2841,,
2022-05-19,2842,,
2022-05-19,2843,,
2022-05-19,2844,,
2022-05-19,2845,,
2022-05-19,2846,,
2022-05-19,2847,,
2022-05-19,2848,,
2022-05-19,2849,,
2022-05-19,2850,,
2022-05-19,2851,,
2022-05-19,2854,,
2022-05-19,2856,1.05,1.25
2022-05-19,2860,1.3,1.5
2022-05-19,2863,2,2.1
2022-05-19,2864,2.1,2.2
2022-05-19,2870,1.5,1.6
2022-05-19,2871,1.6,1.8
2022-05-19,2872,1.8,1.9
2022-05-19,2873,1.9,2
2022-05-19,2875,,
2022-05-19,2932,0.7,0.75
2022-05-19,2933,,
2022-05-19,2934,,
2022-05-19,2953,105,115
2022-05-19,2954,110,120
2022-05-19,2955,130,140
2022-05-19,2956,140,150
2022-05-19,2957,,
2022-05-19,2958,,
2022-05-19,2959,,
2022-05-19,2960,,
2022-05-19,2961,,
2022-05-19,2962,,
2022-05-19,2963,,
2022-05-19,2964,,
2022-05-19,2965,,
2022-05-19,2966,,
2022-05-19,2967,,
2022-05-19,2968,,
2022-05-19,2969,,
2022-05-19,2970,,
2022-05-19,2971,,
2022-05-19,2972,,
2022-05-19,2973,93,103
2022-05-19,2974,,
2022-05-19,2975,,
2022-05-19,2976,,
2022-05-19,2977,83,93
2022-05-19,2978,,
2022-05-19,2979,125,135
2022-05-19,2980,130,150
2022-05-19,2981,150,160
2022-05-19,2982,160,170
2022-05-19,2983,,
2022-05-19,2984,,
2022-05-19,2985,,
2022-05-19,2986,,
2022-05-19,2987,,
2022-05-19,2988,,
2022-05-19,2989,,
2022-05-19,2990,,
2022-05-19,2991,,
2022-05-19,2992,,
2022-05-19,2993,,
2022-05-19,2994,,
2022-05-19,2995,,
2022-05-19,2996,,
2022-05-19,2997,,
2022-05-19,2998,,
2022-05-19,2999,113,123
2022-05-19,3000,,
2022-05-19,3001,,
2022-05-19,3002,,
2022-05-19,3003,103,113
2022-05-19,3004,,
2022-05-19,3005,2.2,2.4
2022-05-19,3006,1.9,2.1
2022-05-19,3007,,
2022-05-19,3014,,
2022-05-19,3015,,
2022-05-19,3016,,
2022-05-19,3017,,
2022-05-19,3018,,
2022-05-26,30,,
2022-05-26,31,430,435
2022-05-26,103,1620,1700
2022-05-26,104,1320,1400
2022-05-26,105,1210,1290
2022-05-26,106,1210,1290
2022-05-26,107,1020,1100
2022-05-26,108,1370,1490
2022-05-26,109,1250,1330
2022-05-26,175,,
2022-05-26,176,,
2022-05-26,178,,
2022-05-26,186,,
2022-05-26,194,1.8,2
2022-05-26,195,1.8,2
2022-05-26,196,1.9,2.1
2022-05-26,201,3.15,3.35
2022-05-26,202,1.8,2
2022-05-26,203,2.5,2.7
2022-05-26,204,1.4,1.6
2022-05-26,206,1.9,2.3
2022-05-26,210,2,2.35
2022-05-26,211,2.2,2.5
2022-05-26,213,1.5,1.7
2022-05-26,338,2.1,2.5
2022-05-26,349,4.2,6.4
2022-05-26,353,3.3,4.3
2022-05-26,358,2.8,3.3
2022-05-26,363,2.9,3.1
2022-05-26,406,,
2022-05-26,407,,
2022-05-26,482,2.7,2.9
2022-05-26,483,2.5,2.7
2022-05-26,513,,
2022-05-26,515,,
2022-05-26,621,6,6.4
2022-05-26,637,,
2022-05-26,681,1.8,2
2022-05-26,851,1.5,1.7
2022-05-26,864,,
2022-05-26,865,,
2022-05-26,869,,
2022-05-26,911,4.8,5.7
2022-05-26,919,,
2022-05-26,1135,,
2022-05-26,1156,1.6,1.8
2022-05-26,1165,1.5,1.7
2022-05-26,1172,1,1.2
2022-05-26,1173,1.1,1.3
2022-05-26,1177,395,400
2022-05-26,1178,,
2022-05-26,1182,382,385
2022-05-26,1183,672,675
2022-05-26,1186,568,570
2022-05-26,1187,,
2022-05-26,1188,414,416
2022-05-26,1189,490,500
2022-05-26,1191,,
2022-05-26,1192,,
2022-05-26,1197,,
2022-05-26,1203,,
2022-05-26,1208,,
2022-05-26,1209,411,426
2022-05-26,1215,800,805
2022-05-26,1217,226,228
2022-05-26,1218,236,237
2022-05-26,1219,307,310
2022-05-26,1220,235,237
2022-05-26,1222,278,280
2022-05-26,1223,286,287
2022-05-26,1224,359,361
2022-05-26,1225,223,225
2022-05-26,1226,235,237
2022-05-26,1227,248,250
2022-05-26,1228,403,405
2022-05-26,1242,544,546
2022-05-26,1243,540,542
2022-05-26,1244,552,554
2022-05-26,1245,549,551
2022-05-26,1248,744,747
2022-05-26,1249,,
2022-05-26,1250,,
2022-05-26,1251,390,395
2022-05-26,1252,,
2022-05-26,1253,690,695
2022-05-26,1254,701,706
2022-05-26,1270,346,347
2022-05-26,1273,254,255
2022-05-26,1274,254,255
2022-05-26,1275,335,337
2022-05-26,1276,360,362
2022-05-26,1278,465,485
2022-05-26,1282,550,560
2022-05-26,1283,525,545
2022-05-26,1284,300,315
2022-05-26,1285,258,260
2022-05-26,1286,215,220
2022-05-26,1287,70,80
2022-05-26,1378,,
2022-05-26,1379,,
2022-05-26,1380,,
2022-05-26,1414,,
2022-05-26,1478,,
2022-05-26,1535,694,697
2022-05-26,1536,,
2022-05-26,1618,,
2022-05-26,1621,,
2022-05-26,1624,403,405
2022-05-26,1630,381,383
2022-05-26,1631,386,388
2022-05-26,1633,380,381
2022-05-26,1634,,
2022-05-26,1655,,
2022-05-26,1656,402,406
2022-05-26,1676,433,438
2022-05-26,1677,409,412
2022-05-26,1684,865,870
2022-05-26,1704,,
2022-05-26,1774,,
2022-05-26,1779,,
2022-05-26,1780,,
2022-05-26,1781,,
2022-05-26,1784,265,275
2022-05-26,1790,1140,1160
2022-05-26,1792,314,324
2022-05-26,1793,730,750
2022-05-26,1794,960,1095
2022-05-26,1795,660,670
2022-05-26,1871,445,465
2022-05-26,1887,1.8,2
2022-05-26,1893,645,665
2022-05-26,1894,685,705
2022-05-26,1895,730,770
2022-05-26,1896,740,780
2022-05-26,1900,567,570
2022-05-26,1901,1545,1550
2022-05-26,1902,1515,1520
2022-05-26,1912,,
2022-05-26,1951,535,545
2022-05-26,1953,,
2022-05-26,1957,,
2022-05-26,1958,,
2022-05-26,1960,,
2022-05-26,1961,,
2022-05-26,1971,,
2022-05-26,1981,4,4.2
2022-05-26,1982,,
2022-05-26,1983,3.9,4.2
2022-05-26,1984,,
2022-05-26,1985,,
2022-05-26,1986,5,5.3
2022-05-26,1987,,
2022-05-26,1988,4.1,4.3
2022-05-26,1989,4.2,5.2
2022-05-26,1990,4.6,5.2
2022-05-26,1991,4.6,5.4
2022-05-26,1992,6,6.5
2022-05-26,1993,6,6.5
2022-05-26,1994,,
2022-05-26,1995,,
2022-05-26,1996,4.6,4.8
2022-05-26,1997,5,5.3
2022-05-26,1998,6.1,6.6
2022-05-26,1999,,
2022-05-26,2000,6,6.3
2022-05-26,2001,,
2022-05-26,2002,4.6,5.2
2022-05-26,2003,5.8,6
2022-05-26,2004,,
2022-05-26,2005,,
2022-05-26,2006,5.2,6.1
2022-05-26,2007,,
2022-05-26,2008,5.8,6.3
2022-05-26,2009,7,7.2
2022-05-26,2010,6.4,6.8
2022-05-26,2011,,
2022-05-26,2012,,
2022-05-26,2013,5.5,6
2022-05-26,2014,5,5.3
2022-05-26,2015,5.3,5.6
2022-05-26,2016,5.6,6
2022-05-26,2017,6.8,7
2022-05-26,2018,6.8,7
2022-05-26,2019,6.5,6.6
2022-05-26,2020,,
2022-05-26,2021,,
2022-05-26,2022,,
2022-05-26,2023,6.5,7
2022-05-26,2024,,
2022-05-26,2025,,
2022-05-26,2026,,
2022-05-26,2027,,
2022-05-26,2028,,
2022-05-26,2029,,
2022-05-26,2030,,
2022-05-26,2031,,
2022-05-26,2032,,
2022-05-26,2033,,
2022-05-26,2034,,
2022-05-26,2035,,
2022-05-26,2036,,
2022-05-26,2037,,
2022-05-26,2038,,
2022-05-26,2039,,
2022-05-26,2040,,
2022-05-26,2041,,
2022-05-26,2042,,
2022-05-26,2043,,
2022-05-26,2044,,
2022-05-26,2045,,
2022-05-26,2046,,
2022-05-26,2047,,
2022-05-26,2048,,
2022-05-26,2049,,
2022-05-26,2050,,
2022-05-26,2051,,
2022-05-26,2052,,
2022-05-26,2053,,
2022-05-26,2054,,
2022-05-26,2055,,
2022-05-26,2056,,
2022-05-26,2057,,
2022-05-26,2099,,
2022-05-26,2100,58,63
2022-05-26,2101,68,78
2022-05-26,2123,490,510
2022-05-26,2124,445,465
2022-05-26,2130,,
2022-05-26,2137,3.6,3.8
2022-05-26,2140,,
2022-05-26,2142,2.4,2.6
2022-05-26,2147,385,381
2022-05-26,2171,,
2022-05-26,2172,,
2022-05-26,2176,,
2022-05-26,2188,387,389
2022-05-26,2189,,
2022-05-26,2190,,
2022-05-26,2228,1.8,2
2022-05-26,2242,,
2022-05-26,2262,,
2022-05-26,2263,,
2022-05-26,2264,,
2022-05-26,2265,,
2022-05-26,2266,,
2022-05-26,2267,,
2022-05-26,2268,,
2022-05-26,2269,,
2022-05-26,2270,,
2022-05-26,2271,,
2022-05-26,2272,,
2022-05-26,2273,,
2022-05-26,2274,,
2022-05-26,2275,,
2022-05-26,2276,,
2022-05-26,2277,,
2022-05-26,2278,,
2022-05-26,2279,,
2022-05-26,2280,,
2022-05-26,2281,,
2022-05-26,2282,,
2022-05-26,2283,,
2022-05-26,2293,,
2022-05-26,2304,,
2022-05-26,2339,534,539
2022-05-26,2340,528,533
2022-05-26,2341,514,518
2022-05-26,2344,,
2022-05-26,2398,,
2022-05-26,2399,,
2022-05-26,2400,63,68
2022-05-26,2401,73,83
2022-05-26,2402,,
2022-05-26,2403,,
2022-05-26,2404,,
2022-05-26,2405,,
2022-05-26,2406,,
2022-05-26,2407,,
2022-05-26,2416,478,483
2022-05-26,2418,,
2022-05-26,2431,,
2022-05-26,2483,1.2,1.6
2022-05-26,2484,5.7,6.1
2022-05-26,2585,,
2022-05-26,2589,,
2022-05-26,2634,140,145
2022-05-26,2635,140,145
2022-05-26,2636,1822,1842
2022-05-26,2637,2297,2302
2022-05-26,2638,315,320
2022-05-26,2639,305,310
2022-05-26,2640,275,280
2022-05-26,2641,315,320
2022-05-26,2642,250,270
2022-05-26,2643,220,230
2022-05-26,2644,207,217
2022-05-26,2645,200,207
2022-05-26,2646,280,290
2022-05-26,2647,230,240
2022-05-26,2658,1.7,1.9
2022-05-26,2664,1,1.2
2022-05-26,2665,1.5,1.7
2022-05-26,2679,,
2022-05-26,2687,546,550
2022-05-26,2688,541,545
2022-05-26,2689,297,305
2022-05-26,2713,435,445
2022-05-26,2714,460,470
2022-05-26,2717,,
2022-05-26,2781,,
2022-05-26,2782,,
2022-05-26,2783,,
2022-05-26,2784,,
2022-05-26,2785,1.8,2
2022-05-26,2786,2.8,3
2022-05-26,2813,,
2022-05-26,2814,,
2022-05-26,2815,,
2022-05-26,2816,,
2022-05-26,2817,,
2022-05-26,2818,,
2022-05-26,2819,,
2022-05-26,2820,,
2022-05-26,2821,,
2022-05-26,2822,,
2022-05-26,2823,,
2022-05-26,2824,,
2022-05-26,2825,,
2022-05-26,2826,,
2022-05-26,2827,,
2022-05-26,2828,,
2022-05-26,2829,,
2022-05-26,2830,,
2022-05-26,2831,,
2022-05-26,2832,,
2022-05-26,2833,,
2022-05-26,2834,,
2022-05-26,2835,,
2022-05-26,2836,,
2022-05-26,2837,,
2022-05-26,2838,,
2022-05-26,2839,,
2022-05-26,2840,,
2022-05-26,2841,,
2022-05-26,2842,,
2022-05-26,2843,,
2022-05-26,2844,,
2022-05-26,2845,,
2022-05-26,2846,,
2022-05-26,2847,,
2022-05-26,2848,,
2022-05-26,2849,,
2022-05-26,2850,,
2022-05-26,2851,,
2022-05-26,2854,,
2022-05-26,2856,1.05,1.25
2022-05-26,2860,1.3,1.5
2022-05-26,2863,2,2.1
2022-05-26,2864,2.1,2.2
2022-05-26,2870,1.5,1.6
2022-05-26,2871,1.6,1.8
2022-05-26,2872,1.8,1.9
2022-05-26,2873,1.9,2
2022-05-26,2932,,
2022-05-26,2933,,
2022-05-26,2934,,
2022-05-26,2953,105,115
2022-05-26,2954,115,125
2022-05-26,2955,130,140
2022-05-26,2956,145,150
2022-05-26,2957,,
2022-05-26,2958,,
2022-05-26,2959,,
2022-05-26,2960,,
2022-05-26,2961,,
2022-05-26,2962,,
2022-05-26,2963,,
2022-05-26,2964,,
2022-05-26,2965,,
2022-05-26,2966,,
2022-05-26,2967,,
2022-05-26,2968,,
2022-05-26,2969,,
2022-05-26,2970,,
2022-05-26,2971,,
2022-05-26,2972,,
2022-05-26,2973,93,103
2022-05-26,2974,,
2022-05-26,2975,,
2022-05-26,2976,,
2022-05-26,2977,83,93
2022-05-26,2978,,
2022-05-26,2979,125,135
2022-05-26,2980,135,155
2022-05-26,2981,150,160
2022-05-26,2982,165,170
2022-05-26,2983,,
2022-05-26,2984,,
2022-05-26,2985,,
2022-05-26,2986,,
2022-05-26,2987,,
2022-05-26,2988,,
2022-05-26,2989,,
2022-05-26,2990,,
2022-05-26,2991,,
2022-05-26,2992,,
2022-05-26,2993,,
2022-05-26,2994,,
2022-05-26,2995,,
2022-05-26,2996,,
2022-05-26,2997,,
2022-05-26,2998,,
2022-05-26,2999,113,123
2022-05-26,3000,,
2022-05-26,3001,,
2022-05-26,3002,,
2022-05-26,3003,103,113
2022-05-26,3004,,
2022-05-26,3005,2.2,2.4
2022-05-26,3006,1.9,2.1
2022-05-26,3007,,
2022-05-26,3014,1.1,1.3
2022-05-26,3015,1,1.2
2022-05-26,3016,1,1.2
2022-05-26,3017,2.9,3.1
2022-05-26,3018,,
2022-05-26,3019,,
2022-05-26,3020,,
2022-06-01,30,,
2022-06-01,31,430,435
2022-06-01,103,1620,1700
2022-06-01,104,1320,1400
2022-06-01,105,1210,1290
2022-06-01,106,1210,1290
2022-06-01,107,980,1060
2022-06-01,108,1370,1490
2022-06-01,109,1250,1330
2022-06-01,186,,
2022-06-01,194,1.8,2
2022-06-01,195,1.8,2
2022-06-01,196,1.9,2.1
2022-06-01,201,3.15,3.35
2022-06-01,202,1.8,2
2022-06-01,203,2.5,2.7
2022-06-01,204,1.4,1.6
2022-06-01,206,1.9,2.3
2022-06-01,210,2,2.35
2022-06-01,211,2.2,2.5
2022-06-01,213,1.5,1.7
2022-06-01,338,2.1,2.5
2022-06-01,349,4.2,6.4
2022-06-01,353,3.2,4.2
2022-06-01,358,2.7,3.2
2022-06-01,363,2.8,3
2022-06-01,406,,
2022-06-01,407,,
2022-06-01,482,2.7,2.9
2022-06-01,483,2.5,2.7
2022-06-01,513,,
2022-06-01,515,,
2022-06-01,621,6,6.4
2022-06-01,637,,
2022-06-01,681,1.8,2
2022-06-01,851,1.5,1.7
2022-06-01,869,,
2022-06-01,911,4.8,5.7
2022-06-01,919,,
2022-06-01,1156,,
2022-06-01,1165,1.5,1.7
2022-06-01,1172,1,1.2
2022-06-01,1173,1.1,1.3
2022-06-01,1177,390,395
2022-06-01,1178,,
2022-06-01,1182,382,385
2022-06-01,1183,667,670
2022-06-01,1186,563,565
2022-06-01,1187,,
2022-06-01,1188,406,408
2022-06-01,1189,490,500
2022-06-01,1191,,
2022-06-01,1192,,
2022-06-01,1197,,
2022-06-01,1203,,
2022-06-01,1208,,
2022-06-01,1209,400,415
2022-06-01,1215,800,805
2022-06-01,1217,226,228
2022-06-01,1218,236,237
2022-06-01,1219,307,310
2022-06-01,1220,235,237
2022-06-01,1222,278,280
2022-06-01,1223,286,287
2022-06-01,1224,359,361
2022-06-01,1225,223,225
2022-06-01,1226,235,237
2022-06-01,1227,248,250
2022-06-01,1228,403,405
2022-06-01,1242,534,536
2022-06-01,1243,530,532
2022-06-01,1244,542,544
2022-06-01,1245,539,541
2022-06-01,1248,734,737
2022-06-01,1249,,
2022-06-01,1250,,
2022-06-01,1251,386,391
2022-06-01,1252,,
2022-06-01,1253,675,680
2022-06-01,1254,691,696
2022-06-01,1270,344,345
2022-06-01,1273,264,265
2022-06-01,1274,264,265
2022-06-01,1275,335,337
2022-06-01,1276,360,362
2022-06-01,1278,470,490
2022-06-01,1282,550,560
2022-06-01,1283,525,545
2022-06-01,1284,300,315
2022-06-01,1285,258,260
2022-06-01,1286,215,220
2022-06-01,1287,70,80
2022-06-01,1378,,
2022-06-01,1379,,
2022-06-01,1380,,
2022-06-01,1414,,
2022-06-01,1478,,
2022-06-01,1535,684,687
2022-06-01,1536,,
2022-06-01,1618,,
2022-06-01,1621,,
2022-06-01,1624,395,397
2022-06-01,1630,373,375
2022-06-01,1631,378,380
2022-06-01,1633,372,373
2022-06-01,1634,,
2022-06-01,1655,,
2022-06-01,1656,397,401
2022-06-01,1676,433,438
2022-06-01,1677,404,407
2022-06-01,1684,865,870
2022-06-01,1704,,
2022-06-01,1774,,
2022-06-01,1779,,
2022-06-01,1780,,
2022-06-01,1781,,
2022-06-01,1784,265,275
2022-06-01,1790,1140,1160
2022-06-01,1792,324,334
2022-06-01,1793,730,750
2022-06-01,1794,960,1095
2022-06-01,1795,660,670
2022-06-01,1871,445,465
2022-06-01,1887,1.8,2
2022-06-01,1893,645,665
2022-06-01,1894,685,705
2022-06-01,1895,730,770
2022-06-01,1896,740,780
2022-06-01,1900,562,565
2022-06-01,1901,1555,1560
2022-06-01,1902,1525,1530
2022-06-01,1912,,
2022-06-01,1918,1.1,1.2
2022-06-01,1922,,
2022-06-01,1951,,
2022-06-01,1953,,
2022-06-01,1957,,
2022-06-01,1958,,
2022-06-01,1960,,
2022-06-01,1961,,
2022-06-01,1971,,
2022-06-01,1981,4,4.2
2022-06-01,1982,,
2022-06-01,1983,3.9,4.2
2022-06-01,1984,,
2022-06-01,1985,,
2022-06-01,1986,5,5.3
2022-06-01,1987,,
2022-06-01,1988,4.1,4.3
2022-06-01,1989,4.2,5.2
2022-06-01,1990,4.6,5.2
2022-06-01,1991,4.6,5.4
2022-06-01,1992,6,6.5
2022-06-01,1993,6,6.5
2022-06-01,1994,,
2022-06-01,1995,,
2022-06-01,1996,4.6,4.8
2022-06-01,1997,5,5.3
2022-06-01,1998,6.1,6.6
2022-06-01,1999,,
2022-06-01,2000,6,6.3
2022-06-01,2001,,
2022-06-01,2002,4.6,5.2
2022-06-01,2003,5.8,6
2022-06-01,2004,,
2022-06-01,2005,,
2022-06-01,2006,5.2,6.1
2022-06-01,2007,,
2022-06-01,2008,5.8,6.3
2022-06-01,2009,7,7.2
2022-06-01,2010,6.4,6.8
2022-06-01,2011,,
2022-06-01,2012,,
2022-06-01,2013,5.5,6
2022-06-01,2014,5,5.3
2022-06-01,2015,5.3,5.6
2022-06-01,2016,5.6,6
2022-06-01,2017,6.8,7
2022-06-01,2018,6.8,7
2022-06-01,2019,6.5,6.6
2022-06-01,2020,,
2022-06-01,2021,,
2022-06-01,2022,,
2022-06-01,2023,6.5,7
2022-06-01,2024,,
2022-06-01,2025,,
2022-06-01,2026,,
2022-06-01,2027,,
2022-06-01,2028,,
2022-06-01,2029,,
2022-06-01,2030,,
2022-06-01,2031,,
2022-06-01,2032,,
2022-06-01,2033,,
2022-06-01,2034,,
2022-06-01,2035,,
2022-06-01,2036,,
2022-06-01,2037,,
2022-06-01,2038,,
2022-06-01,2039,,
2022-06-01,2040,,
2022-06-01,2041,,
2022-06-01,2042,,
2022-06-01,2043,,
2022-06-01,2044,,
2022-06-01,2045,,
2022-06-01,2046,,
2022-06-01,2047,,
2022-06-01,2048,,
2022-06-01,2049,,
2022-06-01,2050,,
2022-06-01,2051,,
2022-06-01,2052,,
2022-06-01,2053,,
2022-06-01,2054,,
2022-06-01,2055,,
2022-06-01,2056,,
2022-06-01,2057,,
2022-06-01,2099,,
2022-06-01,2100,58,63
2022-06-01,2101,68,78
2022-06-01,2123,490,510
2022-06-01,2124,445,465
2022-06-01,2130,,
2022-06-01,2137,3.6,3.8
2022-06-01,2142,2.4,2.6
2022-06-01,2147,373,373
2022-06-01,2171,,
2022-06-01,2172,,
2022-06-01,2176,1.9,2.5
2022-06-01,2188,377,379
2022-06-01,2189,,
2022-06-01,2190,,
2022-06-01,2228,1.8,2
2022-06-01,2242,,
2022-06-01,2262,,
2022-06-01,2263,,
2022-06-01,2264,,
2022-06-01,2265,,
2022-06-01,2266,,
2022-06-01,2267,,
2022-06-01,2268,,
2022-06-01,2269,,
2022-06-01,2270,,
2022-06-01,2271,,
2022-06-01,2272,,
2022-06-01,2273,,
2022-06-01,2274,,
2022-06-01,2275,,
2022-06-01,2276,,
2022-06-01,2277,,
2022-06-01,2278,,
2022-06-01,2279,,
2022-06-01,2280,,
2022-06-01,2281,,
2022-06-01,2282,,
2022-06-01,2283,,
2022-06-01,2293,,
2022-06-01,2304,,
2022-06-01,2307,,
2022-06-01,2339,540,545
2022-06-01,2340,534,539
2022-06-01,2341,520,524
2022-06-01,2344,,
2022-06-01,2398,,
2022-06-01,2399,,
2022-06-01,2400,63,68
2022-06-01,2401,73,83
2022-06-01,2402,,
2022-06-01,2403,,
2022-06-01,2404,,
2022-06-01,2405,,
2022-06-01,2406,,
2022-06-01,2407,,
2022-06-01,2416,478,483
2022-06-01,2418,,
2022-06-01,2431,,
2022-06-01,2483,1.15,1.55
2022-06-01,2484,5.7,6.1
2022-06-01,2585,,
2022-06-01,2589,,
2022-06-01,2634,140,145
2022-06-01,2635,140,145
2022-06-01,2636,1822,1842
2022-06-01,2637,2297,2302
2022-06-01,2638,320,325
2022-06-01,2639,310,315
2022-06-01,2640,280,285
2022-06-01,2641,325,330
2022-06-01,2642,250,270
2022-06-01,2643,220,230
2022-06-01,2644,207,217
2022-06-01,2645,200,207
2022-06-01,2646,280,290
2022-06-01,2647,230,240
2022-06-01,2658,1.7,1.9
2022-06-01,2664,1,1.2
2022-06-01,2665,1.5,1.7
2022-06-01,2679,,
2022-06-01,2687,552,556
2022-06-01,2688,547,551
2022-06-01,2689,307,315
2022-06-01,2713,,
2022-06-01,2714,,
2022-06-01,2717,,
2022-06-01,2785,,
2022-06-01,2786,2.8,3
2022-06-01,2813,,
2022-06-01,2814,,
2022-06-01,2815,,
2022-06-01,2816,,
2022-06-01,2817,,
2022-06-01,2818,,
2022-06-01,2819,,
2022-06-01,2820,,
2022-06-01,2821,,
2022-06-01,2822,,
2022-06-01,2823,,
2022-06-01,2824,,
2022-06-01,2825,,
2022-06-01,2826,,
2022-06-01,2827,,
2022-06-01,2828,,
2022-06-01,2829,,
2022-06-01,2830,,
2022-06-01,2831,,
2022-06-01,2832,,
2022-06-01,2833,,
2022-06-01,2834,,
2022-06-01,2835,,
2022-06-01,2836,,
2022-06-01,2837,,
2022-06-01,2838,,
2022-06-01,2839,,
2022-06-01,2840,,
2022-06-01,2841,,
2022-06-01,2842,,
2022-06-01,2843,,
2022-06-01,2844,,
2022-06-01,2845,,
2022-06-01,2846,,
2022-06-01,2847,,
2022-06-01,2848,,
2022-06-01,2849,,
2022-06-01,2850,,
2022-06-01,2851,,
2022-06-01,2854,,
2022-06-01,2856,,
2022-06-01,2860,1.3,1.5
2022-06-01,2863,,
2022-06-01,2864,,
2022-06-01,2870,,
2022-06-01,2871,,
2022-06-01,2872,,
2022-06-01,2873,,
2022-06-01,2933,,
2022-06-01,2934,,
2022-06-01,2953,105,115
2022-06-01,2954,115,125
2022-06-01,2955,130,140
2022-06-01,2956,145,150
2022-06-01,2957,,
2022-06-01,2958,,
2022-06-01,2959,,
2022-06-01,2960,,
2022-06-01,2961,,
2022-06-01,2962,,
2022-06-01,2963,,
2022-06-01,2964,,
2022-06-01,2965,,
2022-06-01,2966,,
2022-06-01,2967,,
2022-06-01,2968,,
2022-06-01,2969,,
2022-06-01,2970,,
2022-06-01,2971,,
2022-06-01,2972,,
2022-06-01,2973,93,103
2022-06-01,2974,,
2022-06-01,2975,,
2022-06-01,2976,,
2022-06-01,2977,83,93
2022-06-01,2978,,
2022-06-01,2979,125,135
2022-06-01,2980,135,155
2022-06-01,2981,150,160
2022-06-01,2982,165,170
2022-06-01,2983,,
2022-06-01,2984,,
2022-06-01,2985,,
2022-06-01,2986,,
2022-06-01,2987,,
2022-06-01,2988,,
2022-06-01,2989,,
2022-06-01,2990,,
2022-06-01,2991,,
2022-06-01,2992,,
2022-06-01,2993,,
2022-06-01,2994,,
2022-06-01,2995,,
2022-06-01,2996,,
2022-06-01,2997,,
2022-06-01,2998,,
2022-06-01,2999,113,123
2022-06-01,3000,,
2022-06-01,3001,,
2022-06-01,3002,,
2022-06-01,3003,103,113
2022-06-01,3004,,
2022-06-01,3005,2.1,2.3
2022-06-01,3006,1.8,2
2022-06-01,3007,,
2022-06-01,3019,1.1,1.2
2022-06-01,3020,0.28,0.32
2022-06-01,3021,,
2022-06-01,3022,,
2022-06-01,3023,,
2022-06-01,3024,,
2022-06-01,3025,,
2022-06-01,3026,,
2022-06-01,3027,,
2022-06-01,3028,,
2022-06-01,3029,,
2022-06-01,3030,,
2022-06-01,3031,,
2022-06-01,3032,,
2022-06-01,3033,,
2022-06-01,3034,,
2022-06-01,3035,0.28,0.32
2022-06-01,3036,,
2022-06-09,30,,
2022-06-09,31,425,430
2022-06-09,103,1560,1640
2022-06-09,104,1220,1300
2022-06-09,105,1210,1290
2022-06-09,106,1210,1290
2022-06-09,107,980,1060
2022-06-09,108,1370,1490
2022-06-09,109,1250,1330
2022-06-09,186,,
2022-06-09,194,1.8,2
2022-06-09,195,1.8,2
2022-06-09,196,1.9,2.1
2022-06-09,201,3.15,3.35
2022-06-09,202,1.8,2
2022-06-09,203,2.5,2.7
2022-06-09,204,1.4,1.6
2022-06-09,206,1.9,2.3
2022-06-09,210,2,2.35
2022-06-09,211,2.2,2.5
2022-06-09,213,1.6,1.8
2022-06-09,338,,
2022-06-09,349,,
2022-06-09,353,,
2022-06-09,358,,
2022-06-09,363,,
2022-06-09,406,,
2022-06-09,407,,
2022-06-09,466,0.6,0.8
2022-06-09,482,2.8,3
2022-06-09,483,2.5,2.7
2022-06-09,513,,
2022-06-09,515,,
2022-06-09,621,6,6.4
2022-06-09,637,,
2022-06-09,681,1.8,2
2022-06-09,739,,
2022-06-09,851,,
2022-06-09,911,,
2022-06-09,919,2.2,2.5
2022-06-09,1156,,
2022-06-09,1165,,
2022-06-09,1172,0.95,1.15
2022-06-09,1173,,
2022-06-09,1177,383,388
2022-06-09,1178,,
2022-06-09,1182,382,385
2022-06-09,1183,652,655
2022-06-09,1186,556,558
2022-06-09,1187,,
2022-06-09,1188,398,400
2022-06-09,1189,482,492
2022-06-09,1191,,
2022-06-09,1192,,
2022-06-09,1197,,
2022-06-09,1203,,
2022-06-09,1208,,
2022-06-09,1209,392,405
2022-06-09,1215,800,805
2022-06-09,1217,218,220
2022-06-09,1218,231,232
2022-06-09,1219,307,310
2022-06-09,1220,235,237
2022-06-09,1222,270,272
2022-06-09,1223,281,282
2022-06-09,1224,359,361
2022-06-09,1225,215,217
2022-06-09,1226,235,237
2022-06-09,1227,248,250
2022-06-09,1228,398,400
2022-06-09,1242,519,521
2022-06-09,1243,515,517
2022-06-09,1244,527,529
2022-06-09,1245,524,526
2022-06-09,1248,719,722
2022-06-09,1249,,
2022-06-09,1250,,
2022-06-09,1251,380,385
2022-06-09,1252,,
2022-06-09,1253,670,675
2022-06-09,1254,691,696
2022-06-09,1270,336,337
2022-06-09,1273,274,275
2022-06-09,1274,274,275
2022-06-09,1275,335,337
2022-06-09,1276,358,360
2022-06-09,1278,470,490
2022-06-09,1282,550,560
2022-06-09,1283,525,545
2022-06-09,1284,300,315
2022-06-09,1285,258,260
2022-06-09,1286,215,220
2022-06-09,1287,70,80
2022-06-09,1378,,
2022-06-09,1379,,
2022-06-09,1380,,
2022-06-09,1414,,
2022-06-09,1478,,
2022-06-09,1535,669,672
2022-06-09,1536,,
2022-06-09,1618,,
2022-06-09,1621,,
2022-06-09,1624,385,387
2022-06-09,1630,363,365
2022-06-09,1631,368,370
2022-06-09,1633,364,365
2022-06-09,1634,,
2022-06-09,1655,1.7,2.1
2022-06-09,1656,390,394
2022-06-09,1676,430,435
2022-06-09,1677,397,400
2022-06-09,1684,865,870
2022-06-09,1774,,
2022-06-09,1779,,
2022-06-09,1780,,
2022-06-09,1781,,
2022-06-09,1784,270,280
2022-06-09,1790,1140,1160
2022-06-09,1792,324,334
2022-06-09,1793,700,720
2022-06-09,1794,960,1095
2022-06-09,1795,610,620
2022-06-09,1871,445,465
2022-06-09,1887,1.8,2
2022-06-09,1893,645,665
2022-06-09,1894,685,705
2022-06-09,1895,730,770
2022-06-09,1896,740,780
2022-06-09,1900,555,558
2022-06-09,1901,1560,1565
2022-06-09,1902,1530,1535
2022-06-09,1912,0.9,1.1
2022-06-09,1918,1.05,1.15
2022-06-09,1922,,
2022-06-09,1951,,
2022-06-09,1953,,
2022-06-09,1960,,
2022-06-09,1961,,
2022-06-09,1971,,
2022-06-09,1981,4,4.2
2022-06-09,1982,,
2022-06-09,1983,3.9,4.2
2022-06-09,1984,,
2022-06-09,1985,,
2022-06-09,1986,5,5.3
2022-06-09,1987,,
2022-06-09,1988,4.1,4.3
2022-06-09,1989,4.2,5.2
2022-06-09,1990,4.6,5.2
2022-06-09,1991,4.6,5.4
2022-06-09,1992,6,6.5
2022-06-09,1993,6,6.5
2022-06-09,1994,,
2022-06-09,1995,,
2022-06-09,1996,4.6,4.8
2022-06-09,1997,5,5.3
2022-06-09,1998,6.1,6.6
2022-06-09,1999,,
2022-06-09,2000,6,6.3
2022-06-09,2001,,
2022-06-09,2002,4.6,5.2
2022-06-09,2003,5.8,6
2022-06-09,2004,,
2022-06-09,2005,,
2022-06-09,2006,5.2,6.1
2022-06-09,2007,,
2022-06-09,2008,5.8,6.3
2022-06-09,2009,7,7.2
2022-06-09,2010,6.4,6.8
2022-06-09,2011,,
2022-06-09,2012,,
2022-06-09,2013,5.5,6
2022-06-09,2014,5,5.3
2022-06-09,2015,5.3,5.6
2022-06-09,2016,5.6,6
2022-06-09,2017,6.8,7
2022-06-09,2018,6.8,7
2022-06-09,2019,6.5,6.6
2022-06-09,2020,,
2022-06-09,2021,,
2022-06-09,2022,,
2022-06-09,2023,6.5,7
2022-06-09,2024,,
2022-06-09,2025,,
2022-06-09,2026,,
2022-06-09,2027,,
2022-06-09,2028,,
2022-06-09,2029,,
2022-06-09,2030,,
2022-06-09,2031,,
2022-06-09,2032,,
2022-06-09,2033,,
2022-06-09,2034,,
2022-06-09,2035,,
2022-06-09,2036,,
2022-06-09,2037,,
2022-06-09,2038,,
2022-06-09,2039,,
2022-06-09,2040,,
2022-06-09,2041,,
2022-06-09,2042,,
2022-06-09,2043,,
2022-06-09,2044,,
2022-06-09,2045,,
2022-06-09,2046,,
2022-06-09,2047,,
2022-06-09,2048,,
2022-06-09,2049,,
2022-06-09,2050,,
2022-06-09,2051,,
2022-06-09,2052,,
2022-06-09,2053,,
2022-06-09,2054,,
2022-06-09,2055,,
2022-06-09,2056,,
2022-06-09,2057,,
2022-06-09,2099,,
2022-06-09,2100,53,58
2022-06-09,2101,63,73
2022-06-09,2123,490,510
2022-06-09,2124,445,465
2022-06-09,2130,,
2022-06-09,2137,3.6,3.8
2022-06-09,2142,2.4,2.6
2022-06-09,2147,363,365
2022-06-09,2171,,
2022-06-09,2172,,
2022-06-09,2176,2.1,2.7
2022-06-09,2188,357,359
2022-06-09,2189,,
2022-06-09,2190,,
2022-06-09,2228,1.8,2
2022-06-09,2242,,
2022-06-09,2262,,
2022-06-09,2263,,
2022-06-09,2264,,
2022-06-09,2265,,
2022-06-09,2266,,
2022-06-09,2267,,
2022-06-09,2268,,
2022-06-09,2269,,
2022-06-09,2270,,
2022-06-09,2271,,
2022-06-09,2272,,
2022-06-09,2273,,
2022-06-09,2274,,
2022-06-09,2275,,
2022-06-09,2276,,
2022-06-09,2277,,
2022-06-09,2278,,
2022-06-09,2279,,
2022-06-09,2280,,
2022-06-09,2281,,
2022-06-09,2282,,
2022-06-09,2283,,
2022-06-09,2293,,
2022-06-09,2304,,
2022-06-09,2307,6,9
2022-06-09,2313,0.8,0.9
2022-06-09,2339,540,545
2022-06-09,2340,534,539
2022-06-09,2341,520,524
2022-06-09,2344,,
2022-06-09,2398,,
2022-06-09,2399,,
2022-06-09,2400,58,63
2022-06-09,2401,68,78
2022-06-09,2402,,
2022-06-09,2403,,
2022-06-09,2404,,
2022-06-09,2405,,
2022-06-09,2406,,
2022-06-09,2407,,
2022-06-09,2416,470,475
2022-06-09,2418,,
2022-06-09,2431,,
2022-06-09,2483,1.15,1.55
2022-06-09,2484,5.7,6.1
2022-06-09,2585,,
2022-06-09,2589,,
2022-06-09,2634,140,145
2022-06-09,2635,140,145
2022-06-09,2636,1822,1842
2022-06-09,2637,2297,2302
2022-06-09,2638,320,325
2022-06-09,2639,310,315
2022-06-09,2640,280,285
2022-06-09,2641,325,330
2022-06-09,2642,250,270
2022-06-09,2643,220,230
2022-06-09,2644,207,217
2022-06-09,2645,200,207
2022-06-09,2646,280,290
2022-06-09,2647,230,240
2022-06-09,2658,1.7,1.9
2022-06-09,2664,,
2022-06-09,2665,1.4,1.6
2022-06-09,2675,,
2022-06-09,2676,,
2022-06-09,2677,,
2022-06-09,2679,,
2022-06-09,2687,552,556
2022-06-09,2688,547,551
2022-06-09,2689,307,315
2022-06-09,2713,,
2022-06-09,2714,,
2022-06-09,2717,,
2022-06-09,2785,,
2022-06-09,2786,2.8,3
2022-06-09,2813,,
2022-06-09,2814,,
2022-06-09,2815,,
2022-06-09,2816,,
2022-06-09,2817,,
2022-06-09,2818,,
2022-06-09,2819,,
2022-06-09,2820,,
2022-06-09,2821,,
2022-06-09,2822,,
2022-06-09,2823,,
2022-06-09,2824,,
2022-06-09,2825,,
2022-06-09,2826,,
2022-06-09,2827,,
2022-06-09,2828,,
2022-06-09,2829,,
2022-06-09,2830,,
2022-06-09,2831,,
2022-06-09,2832,,
2022-06-09,2833,,
2022-06-09,2834,,
2022-06-09,2835,,
2022-06-09,2836,,
2022-06-09,2837,,
2022-06-09,2838,,
2022-06-09,2839,,
2022-06-09,2840,,
2022-06-09,2841,,
2022-06-09,2842,,
2022-06-09,2843,,
2022-06-09,2844,,
2022-06-09,2845,,
2022-06-09,2846,,
2022-06-09,2847,,
2022-06-09,2848,,
2022-06-09,2849,,
2022-06-09,2850,,
2022-06-09,2851,,
2022-06-09,2860,1.3,1.5
2022-06-09,2934,,
2022-06-09,2953,110,120
2022-06-09,2954,120,130
2022-06-09,2955,130,140
2022-06-09,2956,145,150
2022-06-09,2957,,
2022-06-09,2958,,
2022-06-09,2959,,
2022-06-09,2960,,
2022-06-09,2961,,
2022-06-09,2962,,
2022-06-09,2963,,
2022-06-09,2964,,
2022-06-09,2967,,
2022-06-09,2968,,
2022-06-09,2969,,
2022-06-09,2970,,
2022-06-09,2971,,
2022-06-09,2972,,
2022-06-09,2973,93,103
2022-06-09,2974,,
2022-06-09,2975,,
2022-06-09,2976,,
2022-06-09,2977,83,93
2022-06-09,2978,,
2022-06-09,2979,130,140
2022-06-09,2980,140,160
2022-06-09,2981,150,160
2022-06-09,2982,165,170
2022-06-09,2983,,
2022-06-09,2984,,
2022-06-09,2985,,
2022-06-09,2986,,
2022-06-09,2987,,
2022-06-09,2988,,
2022-06-09,2989,,
2022-06-09,2990,,
2022-06-09,2993,,
2022-06-09,2994,,
2022-06-09,2995,,
2022-06-09,2996,,
2022-06-09,2997,,
2022-06-09,2998,,
2022-06-09,2999,113,123
2022-06-09,3000,,
2022-06-09,3001,,
2022-06-09,3002,,
2022-06-09,3003,103,113
2022-06-09,3004,,
2022-06-09,3005,,
2022-06-09,3006,,
2022-06-09,3021,,
2022-06-09,3022,,
2022-06-09,3023,,
2022-06-09,3024,,
2022-06-09,3025,,
2022-06-09,3026,0.9,1.1
2022-06-09,3027,0.8,0.9
2022-06-09,3028,1,1.15
2022-06-09,3029,0.8,0.95
2022-06-09,3030,0.6,0.8
2022-06-09,3031,0.9,1.1
2022-06-09,3032,1.3,1.5
2022-06-09,3033,0.8,1
2022-06-09,3034,1.3,1.5
2022-06-09,3035,0.26,0.32
2022-06-09,3036,,
2022-06-09,3037,1,1.15
2022-06-09,3038,0.8,0.95
2022-06-09,3039,,
2022-06-09,3040,,
2022-06-09,3041,,
2022-06-09,3042,0.9,1.1
2022-06-09,3043,,
2022-06-16,30,,
2022-06-16,31,415,425
2022-06-16,103,1470,1550
2022-06-16,104,1220,1300
2022-06-16,105,1210,1290
2022-06-16,106,1210,1290
2022-06-16,107,980,1060
2022-06-16,108,1370,1490
2022-06-16,109,1250,1330
2022-06-16,186,,
2022-06-16,194,1.8,2
2022-06-16,195,1.8,2
2022-06-16,196,1.9,2.1
2022-06-16,201,3.15,3.35
2022-06-16,202,1.8,2
2022-06-16,203,2.5,2.7
2022-06-16,204,1.5,1.7
2022-06-16,206,1.9,2.3
2022-06-16,210,2,2.35
2022-06-16,211,2.2,2.5
2022-06-16,213,1.6,1.8
2022-06-16,338,,
2022-06-16,406,,
2022-06-16,407,2.7,3.3
2022-06-16,466,,
2022-06-16,482,2.8,3
2022-06-16,483,2.5,2.7
2022-06-16,513,,
2022-06-16,515,,
2022-06-16,621,6,6.4
2022-06-16,637,,
2022-06-16,681,1.8,2
2022-06-16,739,2,2.6
2022-06-16,760,,
2022-06-16,851,,
2022-06-16,919,2.2,2.5
2022-06-16,1156,,
2022-06-16,1172,,
2022-06-16,1177,,
2022-06-16,1178,,
2022-06-16,1182,370,373
2022-06-16,1183,642,645
2022-06-16,1186,556,558
2022-06-16,1187,,
2022-06-16,1188,393,395
2022-06-16,1189,477,487
2022-06-16,1191,,
2022-06-16,1192,,
2022-06-16,1197,,
2022-06-16,1203,,
2022-06-16,1208,,
2022-06-16,1209,385,400
2022-06-16,1215,800,805
2022-06-16,1217,208,210
2022-06-16,1218,221,222
2022-06-16,1219,302,305
2022-06-16,1220,231,233
2022-06-16,1222,260,262
2022-06-16,1223,271,272
2022-06-16,1224,354,356
2022-06-16,1225,205,207
2022-06-16,1226,231,233
2022-06-16,1227,243,245
2022-06-16,1228,398,400
2022-06-16,1242,534,536
2022-06-16,1243,530,532
2022-06-16,1244,542,544
2022-06-16,1245,539,541
2022-06-16,1248,729,732
2022-06-16,1249,,
2022-06-16,1250,,
2022-06-16,1251,375,380
2022-06-16,1252,,
2022-06-16,1253,670,675
2022-06-16,1254,686,691
2022-06-16,1270,331,332
2022-06-16,1273,289,290
2022-06-16,1274,289,290
2022-06-16,1275,335,337
2022-06-16,1276,358,360
2022-06-16,1278,475,490
2022-06-16,1282,550,560
2022-06-16,1283,525,545
2022-06-16,1284,300,315
2022-06-16,1285,258,260
2022-06-16,1286,215,220
2022-06-16,1287,70,80
2022-06-16,1378,,
2022-06-16,1379,310,315
2022-06-16,1380,318,323
2022-06-16,1414,,
2022-06-16,1478,,
2022-06-16,1535,679,682
2022-06-16,1536,,
2022-06-16,1618,,
2022-06-16,1621,,
2022-06-16,1624,377,379
2022-06-16,1630,355,357
2022-06-16,1631,360,362
2022-06-16,1633,361,362
2022-06-16,1634,,
2022-06-16,1655,1.7,2.1
2022-06-16,1656,,
2022-06-16,1676,,
2022-06-16,1677,,
2022-06-16,1684,865,870
2022-06-16,1774,,
2022-06-16,1779,,
2022-06-16,1780,,
2022-06-16,1781,,
2022-06-16,1784,270,280
2022-06-16,1790,1140,1160
2022-06-16,1792,324,334
2022-06-16,1793,655,675
2022-06-16,1794,960,1095
2022-06-16,1795,610,620
2022-06-16,1871,445,465
2022-06-16,1887,1.8,2
2022-06-16,1893,645,665
2022-06-16,1894,685,705
2022-06-16,1895,730,770
2022-06-16,1896,740,780
2022-06-16,1900,555,558
2022-06-16,1901,1560,1565
2022-06-16,1902,1530,1535
2022-06-16,1912,,
2022-06-16,1918,,
2022-06-16,1922,,
2022-06-16,1926,0.65,0.85
2022-06-16,1951,,
2022-06-16,1953,,
2022-06-16,1957,1.1,1.3
2022-06-16,1958,1.1,1.3
2022-06-16,1960,,
2022-06-16,1961,,
2022-06-16,1971,,
2022-06-16,1981,4,4.2
2022-06-16,1982,,
2022-06-16,1983,3.9,4.2
2022-06-16,1984,,
2022-06-16,1985,,
2022-06-16,1986,5,5.3
2022-06-16,1987,,
2022-06-16,1988,4.1,4.3
2022-06-16,1989,4.2,5.2
2022-06-16,1990,4.6,5.2
2022-06-16,1991,4.6,5.4
2022-06-16,1992,6,6.5
2022-06-16,1993,6,6.5
2022-06-16,1994,,
2022-06-16,1995,,
2022-06-16,1996,4.6,4.8
2022-06-16,1997,5,5.3
2022-06-16,1998,6.1,6.6
2022-06-16,1999,,
2022-06-16,2000,6,6.3
2022-06-16,2001,,
2022-06-16,2002,4.6,5.2
2022-06-16,2003,5.8,6
2022-06-16,2004,,
2022-06-16,2005,,
2022-06-16,2006,5.2,6.1
2022-06-16,2007,,
2022-06-16,2008,5.8,6.3
2022-06-16,2009,7,7.2
2022-06-16,2010,6.4,6.8
2022-06-16,2011,,
2022-06-16,2012,,
2022-06-16,2013,5.5,6
2022-06-16,2014,5,5.3
2022-06-16,2015,5.3,5.6
2022-06-16,2016,5.6,6
2022-06-16,2017,6.8,7
2022-06-16,2018,6.8,7
2022-06-16,2019,6.5,6.6
2022-06-16,2020,,
2022-06-16,2021,,
2022-06-16,2022,,
2022-06-16,2023,6.5,7
2022-06-16,2024,,
2022-06-16,2025,,
2022-06-16,2026,,
2022-06-16,2027,,
2022-06-16,2028,,
2022-06-16,2029,,
2022-06-16,2030,,
2022-06-16,2031,,
2022-06-16,2032,,
2022-06-16,2033,,
2022-06-16,2034,,
2022-06-16,2035,,
2022-06-16,2036,,
2022-06-16,2037,,
2022-06-16,2038,,
2022-06-16,2039,,
2022-06-16,2040,,
2022-06-16,2041,,
2022-06-16,2042,,
2022-06-16,2043,,
2022-06-16,2044,,
2022-06-16,2045,,
2022-06-16,2046,,
2022-06-16,2047,,
2022-06-16,2048,,
2022-06-16,2049,,
2022-06-16,2050,,
2022-06-16,2051,,
2022-06-16,2052,,
2022-06-16,2053,,
2022-06-16,2054,,
2022-06-16,2055,,
2022-06-16,2056,,
2022-06-16,2057,,
2022-06-16,2099,,
2022-06-16,2100,,
2022-06-16,2101,,
2022-06-16,2123,490,510
2022-06-16,2124,445,465
2022-06-16,2130,,
2022-06-16,2137,3.6,3.8
2022-06-16,2142,2.4,2.6
2022-06-16,2147,353,362
2022-06-16,2171,,
2022-06-16,2172,,
2022-06-16,2176,2.1,2.7
2022-06-16,2188,,
2022-06-16,2189,,
2022-06-16,2190,,
2022-06-16,2228,1.8,2
2022-06-16,2242,,
2022-06-16,2262,,
2022-06-16,2263,,
2022-06-16,2264,,
2022-06-16,2265,,
2022-06-16,2266,,
2022-06-16,2267,,
2022-06-16,2268,,
2022-06-16,2269,,
2022-06-16,2270,,
2022-06-16,2271,,
2022-06-16,2272,,
2022-06-16,2273,,
2022-06-16,2274,,
2022-06-16,2275,,
2022-06-16,2276,,
2022-06-16,2277,,
2022-06-16,2278,,
2022-06-16,2279,,
2022-06-16,2280,,
2022-06-16,2281,,
2022-06-16,2282,,
2022-06-16,2283,,
2022-06-16,2293,,
2022-06-16,2304,,
2022-06-16,2307,5.5,8
2022-06-16,2313,,
2022-06-16,2339,,
2022-06-16,2340,,
2022-06-16,2341,,
2022-06-16,2344,,
2022-06-16,2398,,
2022-06-16,2399,,
2022-06-16,2400,,
2022-06-16,2401,,
2022-06-16,2402,,
2022-06-16,2403,,
2022-06-16,2404,,
2022-06-16,2405,,
2022-06-16,2406,,
2022-06-16,2407,,
2022-06-16,2416,465,470
2022-06-16,2418,,
2022-06-16,2431,,
2022-06-16,2483,1.15,1.55
2022-06-16,2484,5.7,6.1
2022-06-16,2585,,
2022-06-16,2589,,
2022-06-16,2634,140,145
2022-06-16,2635,140,145
2022-06-16,2636,1822,1842
2022-06-16,2637,2297,2302
2022-06-16,2638,325,330
2022-06-16,2639,315,320
2022-06-16,2640,285,290
2022-06-16,2641,330,335
2022-06-16,2642,250,270
2022-06-16,2643,220,230
2022-06-16,2644,207,217
2022-06-16,2645,200,207
2022-06-16,2646,290,300
2022-06-16,2647,230,240
2022-06-16,2658,1.7,1.9
2022-06-16,2665,1.4,1.6
2022-06-16,2675,0.6,0.72
2022-06-16,2676,0.6,0.72
2022-06-16,2677,0.7,0.82
2022-06-16,2679,,
2022-06-16,2684,0.6,0.72
2022-06-16,2685,0.6,0.72
2022-06-16,2686,0.7,0.82
2022-06-16,2687,,
2022-06-16,2688,,
2022-06-16,2689,307,315
2022-06-16,2713,,
2022-06-16,2714,,
2022-06-16,2717,,
2022-06-16,2786,,
2022-06-16,2813,,
2022-06-16,2814,,
2022-06-16,2815,,
2022-06-16,2816,,
2022-06-16,2817,,
2022-06-16,2818,,
2022-06-16,2819,,
2022-06-16,2820,,
2022-06-16,2821,,
2022-06-16,2822,,
2022-06-16,2823,,
2022-06-16,2824,,
2022-06-16,2825,,
2022-06-16,2826,,
2022-06-16,2827,,
2022-06-16,2828,,
2022-06-16,2829,,
2022-06-16,2830,,
2022-06-16,2831,,
2022-06-16,2832,,
2022-06-16,2833,,
2022-06-16,2834,,
2022-06-16,2835,,
2022-06-16,2836,,
2022-06-16,2837,,
2022-06-16,2838,,
2022-06-16,2839,,
2022-06-16,2840,,
2022-06-16,2841,,
2022-06-16,2842,,
2022-06-16,2843,,
2022-06-16,2844,,
2022-06-16,2845,,
2022-06-16,2846,,
2022-06-16,2847,,
2022-06-16,2848,,
2022-06-16,2849,,
2022-06-16,2850,,
2022-06-16,2851,,
2022-06-16,2860,1.3,1.5
2022-06-16,2934,,
2022-06-16,2953,110,120
2022-06-16,2954,120,130
2022-06-16,2955,130,140
2022-06-16,2956,145,150
2022-06-16,2957,165,170
2022-06-16,2958,170,175
2022-06-16,2959,,
2022-06-16,2960,,
2022-06-16,2961,,
2022-06-16,2962,,
2022-06-16,2963,,
2022-06-16,2964,,
2022-06-16,2967,,
2022-06-16,2968,,
2022-06-16,2969,,
2022-06-16,2970,,
2022-06-16,2971,,
2022-06-16,2972,,
2022-06-16,2973,98,108
2022-06-16,2974,,
2022-06-16,2975,,
2022-06-16,2976,,
2022-06-16,2977,83,93
2022-06-16,2978,,
2022-06-16,2979,130,140
2022-06-16,2980,140,160
2022-06-16,2981,150,160
2022-06-16,2982,165,170
2022-06-16,2983,185,190
2022-06-16,2984,190,195
2022-06-16,2985,,
2022-06-16,2986,,
2022-06-16,2987,,
2022-06-16,2988,,
2022-06-16,2989,,
2022-06-16,2990,,
2022-06-16,2993,,
2022-06-16,2994,,
2022-06-16,2995,,
2022-06-16,2996,,
2022-06-16,2997,,
2022-06-16,2998,,
2022-06-16,2999,118,128
2022-06-16,3000,,
2022-06-16,3001,,
2022-06-16,3002,,
2022-06-16,3003,103,113
2022-06-16,3004,,
2022-06-16,3021,,
2022-06-16,3022,,
2022-06-16,3023,,
2022-06-16,3024,,
2022-06-16,3025,,
2022-06-16,3032,1.1,1.3
2022-06-16,3033,0.75,0.95
2022-06-16,3034,1.1,1.3
2022-06-16,3035,0.18,0.22
2022-06-16,3036,1.9,2.5
2022-06-16,3037,,
2022-06-16,3038,0.75,0.9
2022-06-16,3039,0.65,0.85
2022-06-16,3040,0.45,0.55
2022-06-16,3041,0.7,0.8
2022-06-16,3042,0.75,0.9
2022-06-16,3043,0.24,0.3
2022-06-16,3044,,
2022-06-16,3045,,
2022-06-16,3046,,
2022-06-16,3047,,
2022-06-16,3048,,
2022-06-16,3049,0.45,0.55
2022-06-16,3050,0.7,0.8
2022-06-16,3051,0.75,0.9
2022-06-16,3052,0.75,0.95
2022-06-16,3053,0.24,0.3
2022-06-16,3054,,
2022-06-16,3055,,
2022-06-23,30,390,395
2022-06-23,31,405,430
2022-06-23,103,1560,1640
2022-06-23,104,1220,1300
2022-06-23,105,1210,1290
2022-06-23,106,1210,1290
2022-06-23,107,980,1060
2022-06-23,108,1370,1490
2022-06-23,109,1250,1330
2022-06-23,186,,
2022-06-23,194,1.8,2
2022-06-23,195,1.8,2
2022-06-23,196,1.8,2
2022-06-23,201,3.15,3.35
2022-06-23,202,1.8,2
2022-06-23,203,2.5,2.7
2022-06-23,204,1.5,1.7
2022-06-23,206,1.8,2.2
2022-06-23,210,2,2.35
2022-06-23,211,2.2,2.5
2022-06-23,213,1.75,1.95
2022-06-23,338,,
2022-06-23,406,2.7,3.3
2022-06-23,407,2.7,3.3
2022-06-23,482,2.8,3
2022-06-23,483,2.5,2.7
2022-06-23,513,,
2022-06-23,515,,
2022-06-23,621,6,6.4
2022-06-23,637,,
2022-06-23,681,1.8,2
2022-06-23,739,2,2.6
2022-06-23,760,,
2022-06-23,851,,
2022-06-23,919,2.2,2.5
2022-06-23,1156,,
2022-06-23,1177,,
2022-06-23,1178,,
2022-06-23,1182,,
2022-06-23,1183,642,645
2022-06-23,1186,526,528
2022-06-23,1187,,
2022-06-23,1188,385,390
2022-06-23,1189,470,480
2022-06-23,1191,,
2022-06-23,1192,,
2022-06-23,1197,,
2022-06-23,1203,300,305
2022-06-23,1208,,
2022-06-23,1209,380,390
2022-06-23,1215,800,805
2022-06-23,1217,204,206
2022-06-23,1218,221,222
2022-06-23,1219,302,305
2022-06-23,1220,228,230
2022-06-23,1222,256,258
2022-06-23,1223,271,272
2022-06-23,1224,354,356
2022-06-23,1225,201,203
2022-06-23,1226,228,230
2022-06-23,1227,243,245
2022-06-23,1228,398,400
2022-06-23,1242,524,526
2022-06-23,1243,520,522
2022-06-23,1244,532,534
2022-06-23,1245,529,531
2022-06-23,1248,721,724
2022-06-23,1249,,
2022-06-23,1250,,
2022-06-23,1251,365,370
2022-06-23,1252,,
2022-06-23,1253,662,667
2022-06-23,1254,676,681
2022-06-23,1270,324,325
2022-06-23,1273,304,305
2022-06-23,1274,304,305
2022-06-23,1275,330,332
2022-06-23,1276,358,360
2022-06-23,1278,475,490
2022-06-23,1282,550,560
2022-06-23,1283,525,545
2022-06-23,1284,300,315
2022-06-23,1285,258,260
2022-06-23,1286,215,220
2022-06-23,1287,70,80
2022-06-23,1378,295,305
2022-06-23,1379,315,320
2022-06-23,1380,323,328
2022-06-23,1406,,
2022-06-23,1414,,
2022-06-23,1478,,
2022-06-23,1535,671,674
2022-06-23,1536,,
2022-06-23,1618,,
2022-06-23,1621,,
2022-06-23,1624,377,379
2022-06-23,1630,355,357
2022-06-23,1631,360,362
2022-06-23,1633,356,357
2022-06-23,1634,,
2022-06-23,1655,1.7,2.1
2022-06-23,1656,,
2022-06-23,1676,,
2022-06-23,1677,,
2022-06-23,1684,865,870
2022-06-23,1704,,
2022-06-23,1774,,
2022-06-23,1779,,
2022-06-23,1780,,
2022-06-23,1781,,
2022-06-23,1784,270,280
2022-06-23,1790,1140,1160
2022-06-23,1792,324,334
2022-06-23,1793,700,720
2022-06-23,1794,960,1095
2022-06-23,1795,610,620
2022-06-23,1871,445,465
2022-06-23,1887,1.8,2
2022-06-23,1893,645,665
2022-06-23,1894,685,705
2022-06-23,1895,730,770
2022-06-23,1896,740,780
2022-06-23,1900,525,528
2022-06-23,1901,1525,1530
2022-06-23,1902,1495,1500
2022-06-23,1922,1,1.2
2022-06-23,1926,0.7,0.8
2022-06-23,1927,0.7,0.8
2022-06-23,1935,0.8,0.9
2022-06-23,1951,,
2022-06-23,1953,,
2022-06-23,1957,1.05,1.2
2022-06-23,1958,1.05,1.2
2022-06-23,1960,45,50
2022-06-23,1961,50,55
2022-06-23,1971,,
2022-06-23,1981,4,4.2
2022-06-23,1982,,
2022-06-23,1983,3.9,4.2
2022-06-23,1984,,
2022-06-23,1985,,
2022-06-23,1986,5,5.3
2022-06-23,1987,,
2022-06-23,1988,4.1,4.3
2022-06-23,1989,4.2,5.2
2022-06-23,1990,4.6,5.2
2022-06-23,1991,4.6,5.4
2022-06-23,1992,6,6.5
2022-06-23,1993,6,6.5
2022-06-23,1994,,
2022-06-23,1995,,
2022-06-23,1996,4.6,4.8
2022-06-23,1997,5,5.3
2022-06-23,1998,6.1,6.6
2022-06-23,1999,,
2022-06-23,2000,6,6.3
2022-06-23,2001,,
2022-06-23,2002,4.6,5.2
2022-06-23,2003,5.8,6
2022-06-23,2004,,
2022-06-23,2005,,
2022-06-23,2006,5.2,6.1
2022-06-23,2007,,
2022-06-23,2008,5.8,6.3
2022-06-23,2009,7,7.2
2022-06-23,2010,6.4,6.8
2022-06-23,2011,,
2022-06-23,2012,,
2022-06-23,2013,5.5,6
2022-06-23,2014,5,5.3
2022-06-23,2015,5.3,5.6
2022-06-23,2016,5.6,6
2022-06-23,2017,6.8,7
2022-06-23,2018,6.8,7
2022-06-23,2019,6.5,6.6
2022-06-23,2020,,
2022-06-23,2021,,
2022-06-23,2022,,
2022-06-23,2023,6.5,7
2022-06-23,2024,,
2022-06-23,2025,,
2022-06-23,2026,,
2022-06-23,2027,,
2022-06-23,2028,,
2022-06-23,2029,,
2022-06-23,2030,,
2022-06-23,2031,,
2022-06-23,2032,,
2022-06-23,2033,,
2022-06-23,2034,,
2022-06-23,2035,,
2022-06-23,2036,,
2022-06-23,2037,,
2022-06-23,2038,,
2022-06-23,2039,,
2022-06-23,2040,,
2022-06-23,2041,,
2022-06-23,2042,,
2022-06-23,2043,,
2022-06-23,2044,,
2022-06-23,2045,,
2022-06-23,2046,,
2022-06-23,2047,,
2022-06-23,2048,,
2022-06-23,2049,,
2022-06-23,2050,,
2022-06-23,2051,,
2022-06-23,2052,,
2022-06-23,2053,,
2022-06-23,2054,,
2022-06-23,2055,,
2022-06-23,2056,,
2022-06-23,2057,,
2022-06-23,2099,,
2022-06-23,2100,,
2022-06-23,2101,,
2022-06-23,2123,490,510
2022-06-23,2124,445,465
2022-06-23,2130,,
2022-06-23,2137,3.6,3.8
2022-06-23,2142,2.4,2.6
2022-06-23,2147,348,357
2022-06-23,2171,,
2022-06-23,2172,,
2022-06-23,2176,2.1,2.7
2022-06-23,2188,,
2022-06-23,2189,,
2022-06-23,2190,,
2022-06-23,2228,1.8,2
2022-06-23,2242,,
2022-06-23,2262,,
2022-06-23,2263,,
2022-06-23,2264,,
2022-06-23,2265,,
2022-06-23,2266,,
2022-06-23,2267,,
2022-06-23,2268,,
2022-06-23,2269,,
2022-06-23,2270,,
2022-06-23,2271,,
2022-06-23,2272,,
2022-06-23,2273,,
2022-06-23,2274,,
2022-06-23,2275,,
2022-06-23,2276,,
2022-06-23,2277,,
2022-06-23,2278,,
2022-06-23,2279,,
2022-06-23,2280,,
2022-06-23,2281,,
2022-06-23,2282,,
2022-06-23,2283,,
2022-06-23,2293,,
2022-06-23,2304,,
2022-06-23,2307,5.5,8
2022-06-23,2327,0.65,0.75
2022-06-23,2339,,
2022-06-23,2340,,
2022-06-23,2341,,
2022-06-23,2344,,
2022-06-23,2398,50,55
2022-06-23,2399,55,60
2022-06-23,2400,,
2022-06-23,2401,,
2022-06-23,2402,,
2022-06-23,2403,,
2022-06-23,2404,,
2022-06-23,2405,,
2022-06-23,2406,,
2022-06-23,2407,,
2022-06-23,2416,458,463
2022-06-23,2418,,
2022-06-23,2431,,
2022-06-23,2483,1.15,1.55
2022-06-23,2484,5.7,6.1
2022-06-23,2585,,
2022-06-23,2589,,
2022-06-23,2634,140,145
2022-06-23,2635,140,145
2022-06-23,2636,1822,1842
2022-06-23,2637,2297,2302
2022-06-23,2638,325,330
2022-06-23,2639,315,320
2022-06-23,2640,285,290
2022-06-23,2641,340,345
2022-06-23,2642,260,280
2022-06-23,2643,220,230
2022-06-23,2644,207,217
2022-06-23,2645,200,207
2022-06-23,2646,300,310
2022-06-23,2647,240,250
2022-06-23,2658,1.7,1.9
2022-06-23,2665,1.4,1.6
2022-06-23,2679,355,365
2022-06-23,2684,0.6,0.72
2022-06-23,2685,0.6,0.72
2022-06-23,2686,0.7,0.82
2022-06-23,2687,,
2022-06-23,2688,,
2022-06-23,2689,307,315
2022-06-23,2691,0.8,0.9
2022-06-23,2713,,
2022-06-23,2714,,
2022-06-23,2717,,
2022-06-23,2786,2,2.4
2022-06-23,2813,,
2022-06-23,2814,,
2022-06-23,2815,,
2022-06-23,2816,,
2022-06-23,2817,,
2022-06-23,2818,,
2022-06-23,2819,,
2022-06-23,2820,,
2022-06-23,2821,,
2022-06-23,2822,,
2022-06-23,2823,,
2022-06-23,2824,,
2022-06-23,2825,,
2022-06-23,2826,,
2022-06-23,2827,,
2022-06-23,2828,,
2022-06-23,2829,,
2022-06-23,2830,,
2022-06-23,2831,,
2022-06-23,2832,,
2022-06-23,2833,,
2022-06-23,2834,,
2022-06-23,2835,,
2022-06-23,2836,,
2022-06-23,2837,,
2022-06-23,2838,,
2022-06-23,2839,,
2022-06-23,2840,,
2022-06-23,2841,,
2022-06-23,2842,,
2022-06-23,2843,,
2022-06-23,2844,,
2022-06-23,2845,,
2022-06-23,2846,,
2022-06-23,2847,,
2022-06-23,2848,,
2022-06-23,2849,,
2022-06-23,2850,,
2022-06-23,2851,,
2022-06-23,2860,1.3,1.5
2022-06-23,2934,,
2022-06-23,2953,,
2022-06-23,2954,,
2022-06-23,2955,,
2022-06-23,2956,,
2022-06-23,2957,170,175
2022-06-23,2958,175,180
2022-06-23,2959,,
2022-06-23,2960,,
2022-06-23,2961,,
2022-06-23,2962,,
2022-06-23,2963,140,150
2022-06-23,2964,150,160
2022-06-23,2967,,
2022-06-23,2968,,
2022-06-23,2969,,
2022-06-23,2970,,
2022-06-23,2971,,
2022-06-23,2972,,
2022-06-23,2973,100,110
2022-06-23,2974,,
2022-06-23,2975,,
2022-06-23,2976,,
2022-06-23,2977,83,93
2022-06-23,2978,,
2022-06-23,2979,,
2022-06-23,2980,,
2022-06-23,2981,,
2022-06-23,2982,,
2022-06-23,2983,190,195
2022-06-23,2984,195,200
2022-06-23,2985,,
2022-06-23,2986,,
2022-06-23,2987,,
2022-06-23,2988,,
2022-06-23,2989,160,170
2022-06-23,2990,170,180
2022-06-23,2993,,
2022-06-23,2994,,
2022-06-23,2995,,
2022-06-23,2996,,
2022-06-23,2997,,
2022-06-23,2998,,
2022-06-23,2999,120,130
2022-06-23,3000,,
2022-06-23,3001,,
2022-06-23,3002,,
2022-06-23,3003,103,113
2022-06-23,3004,,
2022-06-23,3021,160,170
2022-06-23,3022,170,175
2022-06-23,3023,180,190
2022-06-23,3024,190,195
2022-06-23,3025,,
2022-06-23,3035,0.16,0.2
2022-06-23,3036,1.9,2.5
2022-06-23,3038,0.75,0.9
2022-06-23,3044,0.8,0.9
2022-06-23,3045,0.8,0.9
2022-06-23,3046,0.7,0.8
2022-06-23,3047,0.65,0.75
2022-06-23,3048,,
2022-06-23,3049,0.45,0.55
2022-06-23,3050,0.7,0.8
2022-06-23,3051,0.75,0.9
2022-06-23,3052,0.75,0.9
2022-06-23,3053,,
2022-06-23,3054,0.18,0.25
2022-06-23,3055,0.22,0.3
2022-06-23,3056,,
2022-06-23,3057,,
2022-06-23,3058,,
2022-06-23,3059,,
2022-06-23,3060,,
2022-06-23,3061,,
2022-06-23,3062,,
2022-06-23,3063,,
2022-06-23,3064,,
2022-06-23,3065,,
2022-06-23,3066,,
2022-06-23,3067,,
2022-06-23,3068,0.18,0.25
2022-06-23,3069,0.22,0.3
2022-06-30,30,395,400
2022-06-30,31,405,435
2022-06-30,103,1620,1700
2022-06-30,104,1280,1360
2022-06-30,105,1210,1290
2022-06-30,106,1210,1290
2022-06-30,107,980,1060
2022-06-30,108,1370,1490
2022-06-30,109,1250,1330
2022-06-30,186,,
2022-06-30,194,1.9,2.1
2022-06-30,195,1.9,2.1
2022-06-30,196,1.8,2
2022-06-30,201,3.15,3.35
2022-06-30,202,1.8,2
2022-06-30,203,2.5,2.7
2022-06-30,204,1.5,1.7
2022-06-30,206,1.7,2.1
2022-06-30,210,2,2.35
2022-06-30,211,2.2,2.5
2022-06-30,213,1.75,1.95
2022-06-30,338,,
2022-06-30,402,,
2022-06-30,406,2.7,3.3
2022-06-30,407,2.7,3.3
2022-06-30,482,2.8,3
2022-06-30,483,2.5,2.7
2022-06-30,513,,
2022-06-30,515,,
2022-06-30,621,6,6.4
2022-06-30,637,,
2022-06-30,681,1.8,2
2022-06-30,739,2,2.6
2022-06-30,760,,
2022-06-30,851,,
2022-06-30,919,2.2,2.5
2022-06-30,1156,,
2022-06-30,1177,353,358
2022-06-30,1178,340,345
2022-06-30,1182,,
2022-06-30,1183,642,645
2022-06-30,1186,511,513
2022-06-30,1187,,
2022-06-30,1188,360,365
2022-06-30,1189,,
2022-06-30,1191,,
2022-06-30,1192,,
2022-06-30,1197,,
2022-06-30,1203,300,305
2022-06-30,1208,,
2022-06-30,1209,355,380
2022-06-30,1215,800,805
2022-06-30,1217,202,204
2022-06-30,1218,221,222
2022-06-30,1219,302,305
2022-06-30,1220,228,230
2022-06-30,1222,254,256
2022-06-30,1223,271,272
2022-06-30,1224,354,356
2022-06-30,1225,199,201
2022-06-30,1226,228,230
2022-06-30,1227,243,245
2022-06-30,1228,393,395
2022-06-30,1242,547,549
2022-06-30,1243,543,545
2022-06-30,1244,555,557
2022-06-30,1245,552,554
2022-06-30,1248,733,736
2022-06-30,1249,,
2022-06-30,1250,,
2022-06-30,1251,360,365
2022-06-30,1252,,
2022-06-30,1253,669,674
2022-06-30,1254,686,691
2022-06-30,1270,324,325
2022-06-30,1273,304,305
2022-06-30,1274,304,305
2022-06-30,1275,325,327
2022-06-30,1276,358,360
2022-06-30,1278,480,495
2022-06-30,1282,560,570
2022-06-30,1283,535,555
2022-06-30,1284,310,325
2022-06-30,1285,263,265
2022-06-30,1286,220,225
2022-06-30,1287,80,90
2022-06-30,1378,295,305
2022-06-30,1379,315,320
2022-06-30,1380,323,328
2022-06-30,1406,367,372
2022-06-30,1414,,
2022-06-30,1478,270,290
2022-06-30,1535,683,686
2022-06-30,1536,,
2022-06-30,1618,,
2022-06-30,1621,,
2022-06-30,1624,375,377
2022-06-30,1630,353,355
2022-06-30,1631,358,360
2022-06-30,1633,354,355
2022-06-30,1634,,
2022-06-30,1655,1.7,2.1
2022-06-30,1684,865,870
2022-06-30,1704,,
2022-06-30,1774,,
2022-06-30,1779,,
2022-06-30,1780,,
2022-06-30,1781,,
2022-06-30,1784,270,280
2022-06-30,1790,1140,1160
2022-06-30,1792,324,334
2022-06-30,1793,730,750
2022-06-30,1794,960,1095
2022-06-30,1795,640,650
2022-06-30,1871,445,465
2022-06-30,1887,1.8,2
2022-06-30,1893,645,665
2022-06-30,1894,685,705
2022-06-30,1895,730,770
2022-06-30,1896,740,780
2022-06-30,1900,510,513
2022-06-30,1901,1500,1505
2022-06-30,1902,1460,1465
2022-06-30,1922,1,1.2
2022-06-30,1926,,
2022-06-30,1927,0.6,0.7
2022-06-30,1935,0.6,0.7
2022-06-30,1951,,
2022-06-30,1953,475,485
2022-06-30,1957,1.05,1.2
2022-06-30,1958,1.05,1.2
2022-06-30,1960,45,50
2022-06-30,1961,50,55
2022-06-30,1971,390,400
2022-06-30,1981,4,4.2
2022-06-30,1982,,
2022-06-30,1983,3.9,4.2
2022-06-30,1984,,
2022-06-30,1985,,
2022-06-30,1986,5,5.3
2022-06-30,1987,,
2022-06-30,1988,4.1,4.3
2022-06-30,1989,4.2,5.2
2022-06-30,1990,4.6,5.2
2022-06-30,1991,4.6,5.4
2022-06-30,1992,6,6.5
2022-06-30,1993,6,6.5
2022-06-30,1994,,
2022-06-30,1995,,
2022-06-30,1996,4.6,4.8
2022-06-30,1997,5,5.3
2022-06-30,1998,6.1,6.6
2022-06-30,1999,,
2022-06-30,2000,6,6.3
2022-06-30,2001,,
2022-06-30,2002,4.6,5.2
2022-06-30,2003,5.8,6
2022-06-30,2004,,
2022-06-30,2005,,
2022-06-30,2006,5.2,6.1
2022-06-30,2007,,
2022-06-30,2008,5.8,6.3
2022-06-30,2009,7,7.2
2022-06-30,2010,6.4,6.8
2022-06-30,2011,,
2022-06-30,2012,,
2022-06-30,2013,5.5,6
2022-06-30,2014,5,5.3
2022-06-30,2015,5.3,5.6
2022-06-30,2016,5.6,6
2022-06-30,2017,6.8,7
2022-06-30,2018,6.8,7
2022-06-30,2019,6.5,6.6
2022-06-30,2020,,
2022-06-30,2021,,
2022-06-30,2022,,
2022-06-30,2023,6.5,7
2022-06-30,2024,,
2022-06-30,2025,,
2022-06-30,2026,,
2022-06-30,2027,,
2022-06-30,2028,,
2022-06-30,2029,,
2022-06-30,2030,,
2022-06-30,2031,,
2022-06-30,2032,,
2022-06-30,2033,,
2022-06-30,2034,,
2022-06-30,2035,,
2022-06-30,2036,,
2022-06-30,2037,,
2022-06-30,2038,,
2022-06-30,2039,,
2022-06-30,2040,,
2022-06-30,2041,,
2022-06-30,2042,,
2022-06-30,2043,,
2022-06-30,2044,,
2022-06-30,2045,,
2022-06-30,2046,,
2022-06-30,2047,,
2022-06-30,2048,,
2022-06-30,2049,,
2022-06-30,2050,,
2022-06-30,2051,,
2022-06-30,2052,,
2022-06-30,2053,,
2022-06-30,2054,,
2022-06-30,2055,,
2022-06-30,2056,,
2022-06-30,2057,,
2022-06-30,2099,,
2022-06-30,2100,,
2022-06-30,2101,,
2022-06-30,2123,490,510
2022-06-30,2124,445,465
2022-06-30,2130,,
2022-06-30,2137,3.6,3.8
2022-06-30,2142,2.4,2.6
2022-06-30,2147,345,355
2022-06-30,2171,,
2022-06-30,2172,480,490
2022-06-30,2176,2.1,2.7
2022-06-30,2188,325,328
2022-06-30,2189,,
2022-06-30,2190,,
2022-06-30,2228,1.8,2
2022-06-30,2242,,
2022-06-30,2262,,
2022-06-30,2263,,
2022-06-30,2264,,
2022-06-30,2265,,
2022-06-30,2266,,
2022-06-30,2267,,
2022-06-30,2268,,
2022-06-30,2269,,
2022-06-30,2270,,
2022-06-30,2271,,
2022-06-30,2272,,
2022-06-30,2273,,
2022-06-30,2274,,
2022-06-30,2275,,
2022-06-30,2276,,
2022-06-30,2277,,
2022-06-30,2278,,
2022-06-30,2279,,
2022-06-30,2280,,
2022-06-30,2281,,
2022-06-30,2282,,
2022-06-30,2283,,
2022-06-30,2293,,
2022-06-30,2304,,
2022-06-30,2307,5.5,8
2022-06-30,2327,0.6,0.7
2022-06-30,2340,535,540
2022-06-30,2341,525,530
2022-06-30,2344,543,548
2022-06-30,2398,50,55
2022-06-30,2399,55,60
2022-06-30,2400,,
2022-06-30,2401,,
2022-06-30,2402,,
2022-06-30,2403,,
2022-06-30,2404,,
2022-06-30,2405,,
2022-06-30,2406,,
2022-06-30,2407,,
2022-06-30,2416,,
2022-06-30,2418,,
2022-06-30,2431,,
2022-06-30,2483,1.15,1.55
2022-06-30,2484,5.7,6.1
2022-06-30,2585,,
2022-06-30,2589,,
2022-06-30,2634,140,145
2022-06-30,2635,140,145
2022-06-30,2636,1812,1832
2022-06-30,2637,2287,2292
2022-06-30,2638,335,340
2022-06-30,2639,325,330
2022-06-30,2640,295,300
2022-06-30,2641,350,355
2022-06-30,2642,270,290
2022-06-30,2643,230,240
2022-06-30,2644,217,227
2022-06-30,2645,210,217
2022-06-30,2646,310,320
2022-06-30,2647,250,260
2022-06-30,2658,1.7,1.9
2022-06-30,2665,1.4,1.6
2022-06-30,2679,355,365
2022-06-30,2684,,
2022-06-30,2685,,
2022-06-30,2686,,
2022-06-30,2688,553,558
2022-06-30,2689,307,315
2022-06-30,2691,0.6,0.7
2022-06-30,2701,,
2022-06-30,2713,,
2022-06-30,2714,,
2022-06-30,2717,,
2022-06-30,2786,2,2.4
2022-06-30,2813,,
2022-06-30,2814,,
2022-06-30,2815,,
2022-06-30,2816,,
2022-06-30,2817,,
2022-06-30,2818,,
2022-06-30,2819,,
2022-06-30,2820,,
2022-06-30,2821,,
2022-06-30,2822,,
2022-06-30,2823,,
2022-06-30,2824,,
2022-06-30,2825,,
2022-06-30,2826,,
2022-06-30,2827,,
2022-06-30,2828,,
2022-06-30,2829,,
2022-06-30,2830,,
2022-06-30,2831,,
2022-06-30,2832,,
2022-06-30,2833,,
2022-06-30,2834,,
2022-06-30,2835,,
2022-06-30,2836,,
2022-06-30,2837,,
2022-06-30,2838,,
2022-06-30,2839,,
2022-06-30,2840,,
2022-06-30,2841,,
2022-06-30,2842,,
2022-06-30,2843,,
2022-06-30,2844,,
2022-06-30,2845,,
2022-06-30,2846,,
2022-06-30,2847,,
2022-06-30,2848,,
2022-06-30,2849,,
2022-06-30,2850,,
2022-06-30,2851,,
2022-06-30,2860,1.3,1.5
2022-06-30,2934,,
2022-06-30,2953,,
2022-06-30,2954,,
2022-06-30,2955,,
2022-06-30,2956,,
2022-06-30,2957,175,180
2022-06-30,2958,180,185
2022-06-30,2959,,
2022-06-30,2960,,
2022-06-30,2961,,
2022-06-30,2962,,
2022-06-30,2963,140,150
2022-06-30,2964,150,160
2022-06-30,2967,,
2022-06-30,2968,,
2022-06-30,2969,,
2022-06-30,2970,,
2022-06-30,2971,,
2022-06-30,2972,,
2022-06-30,2973,,
2022-06-30,2974,130,140
2022-06-30,2975,125,135
2022-06-30,2976,,
2022-06-30,2977,83,93
2022-06-30,2978,,
2022-06-30,2979,,
2022-06-30,2980,,
2022-06-30,2981,,
2022-06-30,2982,,
2022-06-30,2983,190,195
2022-06-30,2984,195,200
2022-06-30,2985,,
2022-06-30,2986,,
2022-06-30,2987,,
2022-06-30,2988,,
2022-06-30,2989,160,170
2022-06-30,2990,170,180
2022-06-30,2993,,
2022-06-30,2994,,
2022-06-30,2995,,
2022-06-30,2996,,
2022-06-30,2997,,
2022-06-30,2998,,
2022-06-30,2999,,
2022-06-30,3000,140,150
2022-06-30,3001,135,145
2022-06-30,3002,,
2022-06-30,3003,103,113
2022-06-30,3004,,
2022-06-30,3021,160,170
2022-06-30,3022,170,175
2022-06-30,3023,180,190
2022-06-30,3024,190,195
2022-06-30,3035,,
2022-06-30,3036,1.9,2.5
2022-06-30,3038,,
2022-06-30,3048,0.6,0.7
2022-06-30,3049,0.45,0.55
2022-06-30,3050,0.7,0.8
2022-06-30,3051,0.75,0.9
2022-06-30,3052,0.75,0.9
2022-06-30,3053,,
2022-06-30,3056,408,413
2022-06-30,3057,360,365
2022-06-30,3058,542,547
2022-06-30,3059,560,565
2022-06-30,3060,0.85,1
2022-06-30,3061,0.85,1
2022-06-30,3062,0.85,1
2022-06-30,3063,0.6,0.7
2022-06-30,3064,0.9,1
2022-06-30,3065,0.9,1
2022-06-30,3066,0.6,0.7
2022-06-30,3067,0.9,1
2022-06-30,3068,0.18,0.25
2022-06-30,3069,0.18,0.25
2022-06-30,3070,,
2022-06-30,3071,0.85,1
2022-06-30,3072,0.85,1
2022-06-30,3073,0.85,1
2022-06-30,3074,0.6,0.7
2022-06-30,3075,0.9,1
2022-06-30,3076,0.9,1
2022-06-30,3077,,
2022-06-30,3078,0.9,1
2022-06-30,3079,,
2022-06-30,3080,,
2022-07-07,30,400,405
2022-07-07,31,405,435
2022-07-07,103,1660,1740
2022-07-07,104,1320,1400
2022-07-07,105,1210,1290
2022-07-07,106,1210,1290
2022-07-07,107,980,1060
2022-07-07,108,1370,1490
2022-07-07,109,1250,1330
2022-07-07,186,,
2022-07-07,194,2,2.2
2022-07-07,195,2,2.2
2022-07-07,196,1.8,2
2022-07-07,201,3.15,3.35
2022-07-07,202,1.8,2
2022-07-07,203,2.5,2.7
2022-07-07,204,1.5,1.7
2022-07-07,206,1.6,2.2
2022-07-07,210,2,2.35
2022-07-07,211,2.2,2.5
2022-07-07,213,1.75,1.95
2022-07-07,338,,
2022-07-07,402,1.7,2.1
2022-07-07,406,2.6,3.2
2022-07-07,407,2.6,3.2
2022-07-07,482,2.8,3
2022-07-07,483,2.5,2.7
2022-07-07,513,,
2022-07-07,515,,
2022-07-07,621,6,6.4
2022-07-07,637,,
2022-07-07,681,1.8,2
2022-07-07,739,2,2.6
2022-07-07,760,,
2022-07-07,851,,
2022-07-07,919,,
2022-07-07,1156,1.7,2.2
2022-07-07,1177,347,352
2022-07-07,1178,334,339
2022-07-07,1182,,
2022-07-07,1183,639,642
2022-07-07,1186,476,478
2022-07-07,1187,,
2022-07-07,1188,350,355
2022-07-07,1189,,
2022-07-07,1191,,
2022-07-07,1192,,
2022-07-07,1197,,
2022-07-07,1203,307,312
2022-07-07,1208,,
2022-07-07,1209,345,370
2022-07-07,1215,800,805
2022-07-07,1217,196,198
2022-07-07,1218,221,222
2022-07-07,1219,302,305
2022-07-07,1220,228,230
2022-07-07,1222,248,250
2022-07-07,1223,271,272
2022-07-07,1224,354,356
2022-07-07,1225,193,195
2022-07-07,1226,228,230
2022-07-07,1227,243,245
2022-07-07,1228,393,395
2022-07-07,1242,547,549
2022-07-07,1243,543,545
2022-07-07,1244,555,557
2022-07-07,1245,552,554
2022-07-07,1248,733,736
2022-07-07,1249,,
2022-07-07,1250,,
2022-07-07,1251,358,363
2022-07-07,1252,,
2022-07-07,1253,659,664
2022-07-07,1254,676,681
2022-07-07,1270,319,320
2022-07-07,1273,304,305
2022-07-07,1274,304,305
2022-07-07,1275,318,320
2022-07-07,1276,358,360
2022-07-07,1278,485,500
2022-07-07,1282,565,575
2022-07-07,1283,540,560
2022-07-07,1284,310,325
2022-07-07,1285,263,265
2022-07-07,1286,220,225
2022-07-07,1287,80,90
2022-07-07,1378,295,305
2022-07-07,1379,315,320
2022-07-07,1380,323,328
2022-07-07,1406,361,366
2022-07-07,1414,,
2022-07-07,1469,,
2022-07-07,1478,270,290
2022-07-07,1535,683,686
2022-07-07,1536,,
2022-07-07,1618,,
2022-07-07,1621,,
2022-07-07,1624,368,370
2022-07-07,1630,346,348
2022-07-07,1631,351,353
2022-07-07,1633,344,345
2022-07-07,1634,,
2022-07-07,1655,,
2022-07-07,1684,865,870
2022-07-07,1704,,
2022-07-07,1774,,
2022-07-07,1779,340,350
2022-07-07,1780,,
2022-07-07,1781,340,350
2022-07-07,1784,270,280
2022-07-07,1790,1140,1160
2022-07-07,1792,349,359
2022-07-07,1793,750,770
2022-07-07,1794,960,1095
2022-07-07,1795,660,670
2022-07-07,1871,445,465
2022-07-07,1887,1.8,2
2022-07-07,1893,635,655
2022-07-07,1894,675,695
2022-07-07,1895,720,760
2022-07-07,1896,730,770
2022-07-07,1900,475,478
2022-07-07,1901,1450,1455
2022-07-07,1902,1410,1415
2022-07-07,1922,1,1.2
2022-07-07,1927,,
2022-07-07,1935,,
2022-07-07,1951,550,560
2022-07-07,1953,500,510
2022-07-07,1957,1.05,1.2
2022-07-07,1958,1.05,1.2
2022-07-07,1960,45,50
2022-07-07,1961,50,55
2022-07-07,1971,400,410
2022-07-07,1981,4,4.2
2022-07-07,1982,,
2022-07-07,1983,3.9,4.2
2022-07-07,1984,,
2022-07-07,1985,,
2022-07-07,1986,5,5.3
2022-07-07,1987,,
2022-07-07,1988,4.1,4.3
2022-07-07,1989,4.2,5.2
2022-07-07,1990,4.6,5.2
2022-07-07,1991,4.6,5.4
2022-07-07,1992,6,6.5
2022-07-07,1993,6,6.5
2022-07-07,1994,,
2022-07-07,1995,,
2022-07-07,1996,4.6,4.8
2022-07-07,1997,5,5.3
2022-07-07,1998,6.1,6.6
2022-07-07,1999,,
2022-07-07,2000,6,6.3
2022-07-07,2001,,
2022-07-07,2002,4.6,5.2
2022-07-07,2003,5.8,6
2022-07-07,2004,,
2022-07-07,2005,,
2022-07-07,2006,5.2,6.1
2022-07-07,2007,,
2022-07-07,2008,5.8,6.3
2022-07-07,2009,7,7.2
2022-07-07,2010,6.4,6.8
2022-07-07,2011,,
2022-07-07,2012,,
2022-07-07,2013,5.5,6
2022-07-07,2014,5,5.3
2022-07-07,2015,5.3,5.6
2022-07-07,2016,5.6,6
2022-07-07,2017,6.8,7
2022-07-07,2018,6.8,7
2022-07-07,2019,6.5,6.6
2022-07-07,2020,,
2022-07-07,2021,,
2022-07-07,2022,,
2022-07-07,2023,6.5,7
2022-07-07,2024,,
2022-07-07,2025,,
2022-07-07,2026,,
2022-07-07,2027,,
2022-07-07,2028,,
2022-07-07,2029,,
2022-07-07,2030,,
2022-07-07,2031,,
2022-07-07,2032,,
2022-07-07,2033,,
2022-07-07,2034,,
2022-07-07,2035,,
2022-07-07,2036,,
2022-07-07,2037,,
2022-07-07,2038,,
2022-07-07,2039,,
2022-07-07,2040,,
2022-07-07,2041,,
2022-07-07,2042,,
2022-07-07,2043,,
2022-07-07,2044,,
2022-07-07,2045,,
2022-07-07,2046,,
2022-07-07,2047,,
2022-07-07,2048,,
2022-07-07,2049,,
2022-07-07,2050,,
2022-07-07,2051,,
2022-07-07,2052,,
2022-07-07,2053,,
2022-07-07,2054,,
2022-07-07,2055,,
2022-07-07,2056,,
2022-07-07,2057,,
2022-07-07,2099,395,405
2022-07-07,2100,,
2022-07-07,2101,,
2022-07-07,2123,,
2022-07-07,2124,,
2022-07-07,2130,,
2022-07-07,2137,3.6,3.8
2022-07-07,2142,2.4,2.6
2022-07-07,2147,340,345
2022-07-07,2171,,
2022-07-07,2172,505,515
2022-07-07,2176,2.1,2.7
2022-07-07,2188,325,328
2022-07-07,2189,,
2022-07-07,2190,,
2022-07-07,2228,1.8,2
2022-07-07,2242,,
2022-07-07,2262,,
2022-07-07,2263,,
2022-07-07,2264,,
2022-07-07,2265,,
2022-07-07,2266,,
2022-07-07,2267,,
2022-07-07,2268,,
2022-07-07,2269,,
2022-07-07,2270,,
2022-07-07,2271,,
2022-07-07,2272,,
2022-07-07,2273,,
2022-07-07,2274,,
2022-07-07,2275,,
2022-07-07,2276,,
2022-07-07,2277,,
2022-07-07,2278,,
2022-07-07,2279,,
2022-07-07,2280,,
2022-07-07,2281,,
2022-07-07,2282,,
2022-07-07,2283,,
2022-07-07,2293,,
2022-07-07,2304,,
2022-07-07,2307,5.5,8
2022-07-07,2327,,
2022-07-07,2340,520,525
2022-07-07,2341,510,515
2022-07-07,2344,523,528
2022-07-07,2398,50,55
2022-07-07,2399,55,60
2022-07-07,2400,,
2022-07-07,2401,,
2022-07-07,2402,,
2022-07-07,2403,,
2022-07-07,2404,,
2022-07-07,2405,,
2022-07-07,2406,,
2022-07-07,2407,,
2022-07-07,2416,,
2022-07-07,2418,,
2022-07-07,2431,,
2022-07-07,2483,1.05,1.45
2022-07-07,2484,5.7,6.1
2022-07-07,2585,,
2022-07-07,2589,,
2022-07-07,2634,140,145
2022-07-07,2635,140,145
2022-07-07,2636,1812,1832
2022-07-07,2637,2287,2292
2022-07-07,2638,335,340
2022-07-07,2639,325,330
2022-07-07,2640,295,300
2022-07-07,2641,355,360
2022-07-07,2642,275,295
2022-07-07,2643,230,240
2022-07-07,2644,217,227
2022-07-07,2645,210,217
2022-07-07,2646,310,320
2022-07-07,2647,250,260
2022-07-07,2658,1.7,1.9
2022-07-07,2665,1.4,1.6
2022-07-07,2679,350,360
2022-07-07,2688,533,538
2022-07-07,2689,312,320
2022-07-07,2691,0.6,0.7
2022-07-07,2701,,
2022-07-07,2713,385,395
2022-07-07,2717,,
2022-07-07,2786,2,2.4
2022-07-07,2813,,
2022-07-07,2814,,
2022-07-07,2815,,
2022-07-07,2816,,
2022-07-07,2817,,
2022-07-07,2818,,
2022-07-07,2819,,
2022-07-07,2820,,
2022-07-07,2821,,
2022-07-07,2822,,
2022-07-07,2823,,
2022-07-07,2824,,
2022-07-07,2825,,
2022-07-07,2826,,
2022-07-07,2827,,
2022-07-07,2828,,
2022-07-07,2829,,
2022-07-07,2830,,
2022-07-07,2831,,
2022-07-07,2832,,
2022-07-07,2833,,
2022-07-07,2834,,
2022-07-07,2835,,
2022-07-07,2836,,
2022-07-07,2837,,
2022-07-07,2838,,
2022-07-07,2839,,
2022-07-07,2840,,
2022-07-07,2841,,
2022-07-07,2842,,
2022-07-07,2843,,
2022-07-07,2844,,
2022-07-07,2845,,
2022-07-07,2846,,
2022-07-07,2847,,
2022-07-07,2848,,
2022-07-07,2849,,
2022-07-07,2850,,
2022-07-07,2851,,
2022-07-07,2860,1.3,1.5
2022-07-07,2934,,
2022-07-07,2953,,
2022-07-07,2954,,
2022-07-07,2955,,
2022-07-07,2956,,
2022-07-07,2957,175,180
2022-07-07,2958,180,185
2022-07-07,2959,190,200
2022-07-07,2960,200,210
2022-07-07,2961,,
2022-07-07,2962,,
2022-07-07,2963,140,150
2022-07-07,2964,150,160
2022-07-07,2967,,
2022-07-07,2968,,
2022-07-07,2969,,
2022-07-07,2970,,
2022-07-07,2971,,
2022-07-07,2972,,
2022-07-07,2973,,
2022-07-07,2974,130,140
2022-07-07,2975,125,135
2022-07-07,2976,,
2022-07-07,2977,83,93
2022-07-07,2978,,
2022-07-07,2979,,
2022-07-07,2980,,
2022-07-07,2981,,
2022-07-07,2982,,
2022-07-07,2983,190,195
2022-07-07,2984,195,200
2022-07-07,2985,210,220
2022-07-07,2986,220,230
2022-07-07,2987,,
2022-07-07,2988,,
2022-07-07,2989,160,170
2022-07-07,2990,170,180
2022-07-07,2993,,
2022-07-07,2994,,
2022-07-07,2995,,
2022-07-07,2996,,
2022-07-07,2997,,
2022-07-07,2998,,
2022-07-07,2999,,
2022-07-07,3000,140,150
2022-07-07,3001,135,145
2022-07-07,3002,,
2022-07-07,3003,103,113
2022-07-07,3004,,
2022-07-07,3021,160,170
2022-07-07,3022,170,175
2022-07-07,3023,180,190
2022-07-07,3024,190,195
2022-07-07,3035,,
2022-07-07,3036,1.9,2.5
2022-07-07,3048,0.6,0.7
2022-07-07,3049,0.45,0.55
2022-07-07,3050,0.7,0.8
2022-07-07,3051,,
2022-07-07,3052,0.75,0.9
2022-07-07,3053,,
2022-07-07,3056,408,413
2022-07-07,3057,354,359
2022-07-07,3058,527,532
2022-07-07,3059,540,545
2022-07-07,3068,0.18,0.25
2022-07-07,3069,0.18,0.25
2022-07-07,3070,430,440
2022-07-07,3071,,
2022-07-07,3072,0.85,1.05
2022-07-07,3073,,
2022-07-07,3074,0.6,0.7
2022-07-07,3075,0.9,1
2022-07-07,3076,,
2022-07-07,3077,,
2022-07-07,3078,0.9,1
2022-07-07,3079,0.75,0.9
2022-07-07,3080,2,2.4
2022-07-07,3082,,
2022-07-07,3083,,
2022-07-07,3084,,
2022-07-07,3085,,
2022-07-07,3086,,
2022-07-07,3087,,
2022-07-07,3088,,
2022-07-07,3089,,
2022-07-07,3090,,
2022-07-07,3091,,
2022-07-07,3092,,
2022-07-07,3093,,
2022-07-07,3094,,
2022-07-07,3095,,
2022-07-07,3096,,
2022-07-07,3097,,
2022-07-07,3098,,
2022-07-14,30,410,415
2022-07-14,31,405,435
2022-07-14,103,1660,1740
2022-07-14,104,1320,1400
2022-07-14,105,1210,1290
2022-07-14,106,1210,1290
2022-07-14,107,980,1060
2022-07-14,108,1370,1490
2022-07-14,109,1250,1330
2022-07-14,186,,
2022-07-14,194,2,2.2
2022-07-14,195,2,2.2
2022-07-14,196,1.8,2
2022-07-14,201,3.05,3.25
2022-07-14,202,1.8,2
2022-07-14,203,2.5,2.7
2022-07-14,204,1.5,1.7
2022-07-14,206,1.6,2.2
2022-07-14,210,2,2.35
2022-07-14,211,2.2,2.5
2022-07-14,213,1.75,1.95
2022-07-14,402,1.7,2.1
2022-07-14,406,2.6,3.2
2022-07-14,407,2.6,3.2
2022-07-14,482,2.7,2.9
2022-07-14,483,2.4,2.6
2022-07-14,513,,
2022-07-14,515,,
2022-07-14,621,6,6.4
2022-07-14,637,,
2022-07-14,681,1.8,2
2022-07-14,739,2,2.6
2022-07-14,760,2,2.6
2022-07-14,851,,
2022-07-14,1156,1.7,2.2
2022-07-14,1177,347,352
2022-07-14,1178,334,339
2022-07-14,1182,,
2022-07-14,1183,649,652
2022-07-14,1186,476,478
2022-07-14,1187,,
2022-07-14,1188,350,355
2022-07-14,1189,,
2022-07-14,1191,,
2022-07-14,1192,,
2022-07-14,1197,,
2022-07-14,1203,307,312
2022-07-14,1208,,
2022-07-14,1209,350,370
2022-07-14,1215,785,790
2022-07-14,1217,196,198
2022-07-14,1218,221,222
2022-07-14,1219,302,305
2022-07-14,1220,228,230
2022-07-14,1222,248,250
2022-07-14,1223,271,272
2022-07-14,1224,354,356
2022-07-14,1225,193,195
2022-07-14,1226,228,230
2022-07-14,1227,243,245
2022-07-14,1228,393,395
2022-07-14,1242,562,564
2022-07-14,1243,558,560
2022-07-14,1244,570,572
2022-07-14,1245,567,569
2022-07-14,1248,745,748
2022-07-14,1249,,
2022-07-14,1250,,
2022-07-14,1251,358,363
2022-07-14,1252,,
2022-07-14,1253,667,672
2022-07-14,1254,684,689
2022-07-14,1270,334,335
2022-07-14,1273,304,305
2022-07-14,1274,304,305
2022-07-14,1275,320,322
2022-07-14,1276,358,360
2022-07-14,1278,485,500
2022-07-14,1282,570,580
2022-07-14,1283,545,565
2022-07-14,1284,315,330
2022-07-14,1285,268,270
2022-07-14,1286,225,230
2022-07-14,1287,80,90
2022-07-14,1378,295,305
2022-07-14,1379,315,320
2022-07-14,1380,323,328
2022-07-14,1406,361,366
2022-07-14,1414,,
2022-07-14,1424,0.55,0.75
2022-07-14,1435,0.65,0.85
2022-07-14,1462,0.3,0.32
2022-07-14,1469,,
2022-07-14,1478,270,290
2022-07-14,1535,695,698
2022-07-14,1536,,
2022-07-14,1618,,
2022-07-14,1621,,
2022-07-14,1624,378,380
2022-07-14,1630,356,358
2022-07-14,1631,361,363
2022-07-14,1633,356,357
2022-07-14,1634,,
2022-07-14,1655,,
2022-07-14,1684,850,855
2022-07-14,1686,0.6,0.75
2022-07-14,1704,,
2022-07-14,1774,,
2022-07-14,1779,340,350
2022-07-14,1780,,
2022-07-14,1781,340,350
2022-07-14,1784,270,280
2022-07-14,1790,1140,1160
2022-07-14,1792,354,364
2022-07-14,1793,750,770
2022-07-14,1794,960,1095
2022-07-14,1795,660,670
2022-07-14,1871,445,465
2022-07-14,1887,1.8,2
2022-07-14,1893,635,655
2022-07-14,1894,675,695
2022-07-14,1895,720,760
2022-07-14,1896,730,770
2022-07-14,1900,475,478
2022-07-14,1901,1420,1425
2022-07-14,1902,1360,1365
2022-07-14,1922,1,1.2
2022-07-14,1951,525,535
2022-07-14,1953,510,520
2022-07-14,1957,1.05,1.2
2022-07-14,1958,1.05,1.2
2022-07-14,1960,45,50
2022-07-14,1961,50,55
2022-07-14,1971,405,415
2022-07-14,1972,0.65,0.85
2022-07-14,1981,4,4.2
2022-07-14,1982,,
2022-07-14,1983,3.9,4.2
2022-07-14,1984,,
2022-07-14,1985,,
2022-07-14,1986,5,5.3
2022-07-14,1987,,
2022-07-14,1988,4.1,4.3
2022-07-14,1989,4.2,5.2
2022-07-14,1990,4.6,5.2
2022-07-14,1991,4.6,5.4
2022-07-14,1992,6,6.5
2022-07-14,1993,6,6.5
2022-07-14,1994,,
2022-07-14,1995,,
2022-07-14,1996,4.6,4.8
2022-07-14,1997,5,5.3
2022-07-14,1998,6.1,6.6
2022-07-14,1999,,
2022-07-14,2000,6,6.3
2022-07-14,2001,,
2022-07-14,2002,4.6,5.2
2022-07-14,2003,5.8,6
2022-07-14,2004,,
2022-07-14,2005,,
2022-07-14,2006,5.2,6.1
2022-07-14,2007,,
2022-07-14,2008,5.8,6.3
2022-07-14,2009,7,7.2
2022-07-14,2010,6.4,6.8
2022-07-14,2011,,
2022-07-14,2012,,
2022-07-14,2013,5.5,6
2022-07-14,2014,5,5.3
2022-07-14,2015,5.3,5.6
2022-07-14,2016,5.6,6
2022-07-14,2017,6.8,7
2022-07-14,2018,6.8,7
2022-07-14,2019,6.5,6.6
2022-07-14,2020,,
2022-07-14,2021,,
2022-07-14,2022,,
2022-07-14,2023,6.5,7
2022-07-14,2024,,
2022-07-14,2025,,
2022-07-14,2026,,
2022-07-14,2027,,
2022-07-14,2028,,
2022-07-14,2029,,
2022-07-14,2030,,
2022-07-14,2031,,
2022-07-14,2032,,
2022-07-14,2033,,
2022-07-14,2034,,
2022-07-14,2035,,
2022-07-14,2036,,
2022-07-14,2037,,
2022-07-14,2038,,
2022-07-14,2039,,
2022-07-14,2040,,
2022-07-14,2041,,
2022-07-14,2042,,
2022-07-14,2043,,
2022-07-14,2044,,
2022-07-14,2045,,
2022-07-14,2046,,
2022-07-14,2047,,
2022-07-14,2048,,
2022-07-14,2049,,
2022-07-14,2050,,
2022-07-14,2051,,
2022-07-14,2052,,
2022-07-14,2053,,
2022-07-14,2054,,
2022-07-14,2055,,
2022-07-14,2056,,
2022-07-14,2057,,
2022-07-14,2099,395,405
2022-07-14,2100,,
2022-07-14,2101,,
2022-07-14,2123,,
2022-07-14,2124,,
2022-07-14,2130,,
2022-07-14,2137,3.5,3.7
2022-07-14,2142,,
2022-07-14,2147,357,357
2022-07-14,2171,,
2022-07-14,2172,515,525
2022-07-14,2176,2.1,2.7
2022-07-14,2188,327,330
2022-07-14,2189,,
2022-07-14,2190,,
2022-07-14,2228,1.8,2
2022-07-14,2242,,
2022-07-14,2262,,
2022-07-14,2263,,
2022-07-14,2264,,
2022-07-14,2265,,
2022-07-14,2266,,
2022-07-14,2267,,
2022-07-14,2268,,
2022-07-14,2269,,
2022-07-14,2270,,
2022-07-14,2271,,
2022-07-14,2272,,
2022-07-14,2273,,
2022-07-14,2274,,
2022-07-14,2275,,
2022-07-14,2276,,
2022-07-14,2277,,
2022-07-14,2278,,
2022-07-14,2279,,
2022-07-14,2280,,
2022-07-14,2281,,
2022-07-14,2282,,
2022-07-14,2283,,
2022-07-14,2293,,
2022-07-14,2304,,
2022-07-14,2307,,
2022-07-14,2340,490,495
2022-07-14,2341,480,485
2022-07-14,2344,493,498
2022-07-14,2398,50,55
2022-07-14,2399,55,60
2022-07-14,2400,,
2022-07-14,2401,,
2022-07-14,2402,,
2022-07-14,2403,,
2022-07-14,2404,,
2022-07-14,2405,,
2022-07-14,2406,,
2022-07-14,2407,,
2022-07-14,2416,,
2022-07-14,2418,,
2022-07-14,2431,,
2022-07-14,2483,1.05,1.45
2022-07-14,2484,5.7,6.1
2022-07-14,2585,,
2022-07-14,2589,,
2022-07-14,2634,140,145
2022-07-14,2635,150,155
2022-07-14,2636,1812,1832
2022-07-14,2637,2287,2292
2022-07-14,2638,340,345
2022-07-14,2639,330,335
2022-07-14,2640,300,305
2022-07-14,2641,365,370
2022-07-14,2642,285,295
2022-07-14,2643,240,250
2022-07-14,2644,227,237
2022-07-14,2645,220,227
2022-07-14,2646,320,330
2022-07-14,2647,265,275
2022-07-14,2658,1.7,1.9
2022-07-14,2665,1.4,1.6
2022-07-14,2679,350,360
2022-07-14,2688,503,508
2022-07-14,2689,317,325
2022-07-14,2691,,
2022-07-14,2701,0.6,0.75
2022-07-14,2713,385,395
2022-07-14,2717,,
2022-07-14,2786,2,2.4
2022-07-14,2813,,
2022-07-14,2814,,
2022-07-14,2815,,
2022-07-14,2816,,
2022-07-14,2817,,
2022-07-14,2818,,
2022-07-14,2819,,
2022-07-14,2820,,
2022-07-14,2821,,
2022-07-14,2822,,
2022-07-14,2823,,
2022-07-14,2824,,
2022-07-14,2825,,
2022-07-14,2826,,
2022-07-14,2827,,
2022-07-14,2828,,
2022-07-14,2829,,
2022-07-14,2830,,
2022-07-14,2831,,
2022-07-14,2832,,
2022-07-14,2833,,
2022-07-14,2834,,
2022-07-14,2835,,
2022-07-14,2836,,
2022-07-14,2837,,
2022-07-14,2838,,
2022-07-14,2839,,
2022-07-14,2840,,
2022-07-14,2841,,
2022-07-14,2842,,
2022-07-14,2843,,
2022-07-14,2844,,
2022-07-14,2845,,
2022-07-14,2846,,
2022-07-14,2847,,
2022-07-14,2848,,
2022-07-14,2849,,
2022-07-14,2850,,
2022-07-14,2851,,
2022-07-14,2860,1.3,1.5
2022-07-14,2934,,
2022-07-14,2953,,
2022-07-14,2954,,
2022-07-14,2955,,
2022-07-14,2956,,
2022-07-14,2957,,
2022-07-14,2958,,
2022-07-14,2959,195,205
2022-07-14,2960,205,215
2022-07-14,2961,,
2022-07-14,2962,,
2022-07-14,2963,150,160
2022-07-14,2964,160,170
2022-07-14,2967,190,200
2022-07-14,2968,200,210
2022-07-14,2969,,
2022-07-14,2970,,
2022-07-14,2971,,
2022-07-14,2972,,
2022-07-14,2973,,
2022-07-14,2974,130,140
2022-07-14,2975,125,135
2022-07-14,2976,,
2022-07-14,2977,83,93
2022-07-14,2978,,
2022-07-14,2979,,
2022-07-14,2980,,
2022-07-14,2981,,
2022-07-14,2982,,
2022-07-14,2983,,
2022-07-14,2984,,
2022-07-14,2985,215,225
2022-07-14,2986,225,235
2022-07-14,2987,,
2022-07-14,2988,,
2022-07-14,2989,170,180
2022-07-14,2990,180,190
2022-07-14,2993,210,220
2022-07-14,2994,220,230
2022-07-14,2995,,
2022-07-14,2996,,
2022-07-14,2997,,
2022-07-14,2998,,
2022-07-14,2999,,
2022-07-14,3000,140,150
2022-07-14,3001,135,145
2022-07-14,3002,,
2022-07-14,3003,103,113
2022-07-14,3004,,
2022-07-14,3021,175,185
2022-07-14,3022,185,190
2022-07-14,3023,195,205
2022-07-14,3024,205,210
2022-07-14,3035,,
2022-07-14,3036,1.9,2.5
2022-07-14,3048,,
2022-07-14,3049,0.3,0.4
2022-07-14,3050,0.55,0.65
2022-07-14,3051,,
2022-07-14,3052,0.7,0.85
2022-07-14,3053,,
2022-07-14,3056,408,413
2022-07-14,3057,354,359
2022-07-14,3058,497,502
2022-07-14,3059,510,515
2022-07-14,3068,0.2,0.25
2022-07-14,3069,0.2,0.27
2022-07-14,3070,430,440
2022-07-14,3072,,
2022-07-14,3074,,
2022-07-14,3075,,
2022-07-14,3077,0.9,1.1
2022-07-14,3078,,
2022-07-14,3079,0.7,0.85
2022-07-14,3080,2,2.4
2022-07-14,3082,0.65,0.85
2022-07-14,3083,0.9,1.05
2022-07-14,3084,0.65,0.85
2022-07-14,3085,0.9,1.1
2022-07-14,3086,,
2022-07-14,3087,0.6,0.75
2022-07-14,3088,0.9,1.1
2022-07-14,3089,0.6,0.75
2022-07-14,3090,0.9,1.1
2022-07-14,3091,0.55,0.75
2022-07-14,3092,0.9,1.15
2022-07-14,3093,0.55,0.75
2022-07-14,3094,0.9,1.15
2022-07-14,3095,0.8,1
2022-07-14,3096,0.15,0.2
2022-07-14,3097,0.3,0.32
2022-07-14,3098,,
2022-07-14,3100,,
2022-07-14,3101,,
2022-07-14,3102,,
2022-07-14,3103,0.9,1.05
2022-07-14,3104,0.9,1.1
2022-07-14,3105,,
2022-07-14,3106,,
2022-07-14,3107,0.9,1.1
2022-07-14,3108,,
2022-07-14,3109,,
2022-07-14,3110,0.9,1.15
2022-07-14,3111,0.55,0.75
2022-07-14,3112,0.9,1.15
2022-07-14,3113,0.8,1
2022-07-14,3114,,
2022-07-21,30,415,420
2022-07-21,31,415,440
2022-07-21,103,1660,1740
2022-07-21,104,1320,1400
2022-07-21,105,1210,1290
2022-07-21,106,1210,1290
2022-07-21,107,980,1060
2022-07-21,108,1370,1490
2022-07-21,109,1250,1330
2022-07-21,186,,
2022-07-21,194,2,2.2
2022-07-21,195,2,2.2
2022-07-21,196,1.8,2
2022-07-21,201,3.05,3.25
2022-07-21,202,1.8,2
2022-07-21,203,2.5,2.7
2022-07-21,204,1.5,1.7
2022-07-21,206,1.6,2.2
2022-07-21,210,2,2.35
2022-07-21,211,2.2,2.5
2022-07-21,213,1.75,1.95
2022-07-21,402,1.7,2.1
2022-07-21,406,2.6,3.2
2022-07-21,407,2.6,3.2
2022-07-21,480,0.75,0.9
2022-07-21,482,2.7,2.9
2022-07-21,483,2.4,2.6
2022-07-21,513,,
2022-07-21,515,,
2022-07-21,524,,
2022-07-21,621,6,6.4
2022-07-21,637,,
2022-07-21,681,1.8,2
2022-07-21,739,2,2.6
2022-07-21,760,2,2.6
2022-07-21,851,,
2022-07-21,1156,1.7,2.2
2022-07-21,1177,347,352
2022-07-21,1178,334,339
2022-07-21,1182,,
2022-07-21,1183,632,635
2022-07-21,1186,476,478
2022-07-21,1187,,
2022-07-21,1188,355,360
2022-07-21,1189,,
2022-07-21,1191,,
2022-07-21,1192,,
2022-07-21,1197,,
2022-07-21,1203,315,320
2022-07-21,1208,,
2022-07-21,1209,355,375
2022-07-21,1215,775,780
2022-07-21,1217,201,203
2022-07-21,1218,231,232
2022-07-21,1219,302,305
2022-07-21,1220,233,235
2022-07-21,1222,253,255
2022-07-21,1223,281,282
2022-07-21,1224,354,356
2022-07-21,1225,198,200
2022-07-21,1226,233,235
2022-07-21,1227,250,252
2022-07-21,1228,393,395
2022-07-21,1242,547,549
2022-07-21,1243,543,545
2022-07-21,1244,555,557
2022-07-21,1245,552,554
2022-07-21,1248,730,733
2022-07-21,1249,,
2022-07-21,1250,,
2022-07-21,1251,353,358
2022-07-21,1252,,395
2022-07-21,1253,637,642
2022-07-21,1254,654,659
2022-07-21,1270,334,335
2022-07-21,1273,309,310
2022-07-21,1274,309,310
2022-07-21,1275,317,319
2022-07-21,1276,358,360
2022-07-21,1278,485,500
2022-07-21,1282,575,585
2022-07-21,1283,550,570
2022-07-21,1284,320,335
2022-07-21,1285,268,270
2022-07-21,1286,225,230
2022-07-21,1287,80,90
2022-07-21,1378,295,305
2022-07-21,1379,315,320
2022-07-21,1380,323,328
2022-07-21,1406,361,366
2022-07-21,1414,,
2022-07-21,1424,0.4,0.55
2022-07-21,1435,0.65,0.75
2022-07-21,1462,0.32,0.36
2022-07-21,1469,0.65,0.75
2022-07-21,1478,277,297
2022-07-21,1535,680,683
2022-07-21,1536,,
2022-07-21,1618,,
2022-07-21,1621,,
2022-07-21,1624,395,397
2022-07-21,1630,373,375
2022-07-21,1631,378,380
2022-07-21,1633,376,377
2022-07-21,1634,,
2022-07-21,1655,,
2022-07-21,1684,840,845
2022-07-21,1686,0.6,0.8
2022-07-21,1774,,
2022-07-21,1779,340,350
2022-07-21,1780,,
2022-07-21,1781,340,350
2022-07-21,1784,275,285
2022-07-21,1790,1140,1160
2022-07-21,1792,379,389
2022-07-21,1793,750,770
2022-07-21,1794,960,1095
2022-07-21,1795,660,670
2022-07-21,1871,,
2022-07-21,1887,1.8,2
2022-07-21,1893,635,655
2022-07-21,1894,675,695
2022-07-21,1895,720,760
2022-07-21,1896,730,770
2022-07-21,1900,475,478
2022-07-21,1901,1410,1415
2022-07-21,1902,1350,1355
2022-07-21,1922,1,1.2
2022-07-21,1951,525,535
2022-07-21,1953,520,530
2022-07-21,1957,1.05,1.2
2022-07-21,1958,1.05,1.2
2022-07-21,1960,45,50
2022-07-21,1961,50,55
2022-07-21,1971,410,420
2022-07-21,1972,0.65,0.75
2022-07-21,1981,4,4.2
2022-07-21,1982,,
2022-07-21,1983,3.9,4.2
2022-07-21,1984,,
2022-07-21,1985,,
2022-07-21,1986,5,5.3
2022-07-21,1987,,
2022-07-21,1988,4.1,4.3
2022-07-21,1989,4.2,5.2
2022-07-21,1990,4.6,5.2
2022-07-21,1991,4.6,5.4
2022-07-21,1992,6,6.5
2022-07-21,1993,6,6.5
2022-07-21,1994,,
2022-07-21,1995,,
2022-07-21,1996,4.6,4.8
2022-07-21,1997,5,5.3
2022-07-21,1998,6.1,6.6
2022-07-21,1999,,
2022-07-21,2000,6,6.3
2022-07-21,2001,,
2022-07-21,2002,4.6,5.2
2022-07-21,2003,5.8,6
2022-07-21,2004,,
2022-07-21,2005,,
2022-07-21,2006,5.2,6.1
2022-07-21,2007,,
2022-07-21,2008,5.8,6.3
2022-07-21,2009,7,7.2
2022-07-21,2010,6.4,6.8
2022-07-21,2011,,
2022-07-21,2012,,
2022-07-21,2013,5.5,6
2022-07-21,2014,5,5.3
2022-07-21,2015,5.3,5.6
2022-07-21,2016,5.6,6
2022-07-21,2017,6.8,7
2022-07-21,2018,6.8,7
2022-07-21,2019,6.5,6.6
2022-07-21,2020,,
2022-07-21,2021,,
2022-07-21,2022,,
2022-07-21,2023,6.5,7
2022-07-21,2024,,
2022-07-21,2025,,
2022-07-21,2026,,
2022-07-21,2027,,
2022-07-21,2028,,
2022-07-21,2029,,
2022-07-21,2030,,
2022-07-21,2031,,
2022-07-21,2032,,
2022-07-21,2033,,
2022-07-21,2034,,
2022-07-21,2035,,
2022-07-21,2036,,
2022-07-21,2037,,
2022-07-21,2038,,
2022-07-21,2039,,
2022-07-21,2040,,
2022-07-21,2041,,
2022-07-21,2042,,
2022-07-21,2043,,
2022-07-21,2044,,
2022-07-21,2045,,
2022-07-21,2046,,
2022-07-21,2047,,
2022-07-21,2048,,
2022-07-21,2049,,
2022-07-21,2050,,
2022-07-21,2051,,
2022-07-21,2052,,
2022-07-21,2053,,
2022-07-21,2054,,
2022-07-21,2055,,
2022-07-21,2056,,
2022-07-21,2057,,
2022-07-21,2099,395,405
2022-07-21,2100,,
2022-07-21,2101,,
2022-07-21,2123,,
2022-07-21,2124,,
2022-07-21,2130,,
2022-07-21,2137,3.5,3.7
2022-07-21,2142,,
2022-07-21,2147,377,377
2022-07-21,2171,,
2022-07-21,2172,525,535
2022-07-21,2176,2.1,2.7
2022-07-21,2188,332,335
2022-07-21,2189,,
2022-07-21,2190,,
2022-07-21,2228,1.8,2
2022-07-21,2242,,
2022-07-21,2262,,
2022-07-21,2263,,
2022-07-21,2264,,
2022-07-21,2265,,
2022-07-21,2266,,
2022-07-21,2267,,
2022-07-21,2268,,
2022-07-21,2269,,
2022-07-21,2270,,
2022-07-21,2271,,
2022-07-21,2272,,
2022-07-21,2273,,
2022-07-21,2274,,
2022-07-21,2275,,
2022-07-21,2276,,
2022-07-21,2277,,
2022-07-21,2278,,
2022-07-21,2279,,
2022-07-21,2280,,
2022-07-21,2281,,
2022-07-21,2282,,
2022-07-21,2283,,
2022-07-21,2293,,
2022-07-21,2304,,
2022-07-21,2307,,
2022-07-21,2340,485,490
2022-07-21,2341,475,480
2022-07-21,2344,488,493
2022-07-21,2398,50,55
2022-07-21,2399,55,60
2022-07-21,2400,,
2022-07-21,2401,,
2022-07-21,2402,,
2022-07-21,2403,,
2022-07-21,2404,,
2022-07-21,2405,,
2022-07-21,2406,,
2022-07-21,2407,,
2022-07-21,2416,,
2022-07-21,2418,,
2022-07-21,2431,,
2022-07-21,2483,1.05,1.45
2022-07-21,2484,5.7,6.1
2022-07-21,2585,,
2022-07-21,2589,,
2022-07-21,2634,140,145
2022-07-21,2635,150,155
2022-07-21,2636,1812,1832
2022-07-21,2637,2287,2292
2022-07-21,2638,340,345
2022-07-21,2639,330,335
2022-07-21,2640,300,305
2022-07-21,2641,375,380
2022-07-21,2642,290,300
2022-07-21,2643,240,250
2022-07-21,2644,227,237
2022-07-21,2645,220,227
2022-07-21,2646,330,340
2022-07-21,2647,270,280
2022-07-21,2658,1.7,1.9
2022-07-21,2665,1.4,1.6
2022-07-21,2679,350,360
2022-07-21,2688,498,503
2022-07-21,2689,332,340
2022-07-21,2701,0.6,0.8
2022-07-21,2713,390,400
2022-07-21,2717,,
2022-07-21,2786,2,2.4
2022-07-21,2813,,
2022-07-21,2814,,
2022-07-21,2815,,
2022-07-21,2816,,
2022-07-21,2817,,
2022-07-21,2818,,
2022-07-21,2819,,
2022-07-21,2820,,
2022-07-21,2821,,
2022-07-21,2822,,
2022-07-21,2823,,
2022-07-21,2824,,
2022-07-21,2825,,
2022-07-21,2826,,
2022-07-21,2827,,
2022-07-21,2828,,
2022-07-21,2829,,
2022-07-21,2830,,
2022-07-21,2831,,
2022-07-21,2832,,
2022-07-21,2833,,
2022-07-21,2834,,
2022-07-21,2835,,
2022-07-21,2836,,
2022-07-21,2837,,
2022-07-21,2838,,
2022-07-21,2839,,
2022-07-21,2840,,
2022-07-21,2841,,
2022-07-21,2842,,
2022-07-21,2843,,
2022-07-21,2844,,
2022-07-21,2845,,
2022-07-21,2846,,
2022-07-21,2847,,
2022-07-21,2848,,
2022-07-21,2849,,
2022-07-21,2850,,
2022-07-21,2851,,
2022-07-21,2860,1.3,1.5
2022-07-21,2934,,
2022-07-21,2953,,
2022-07-21,2954,,
2022-07-21,2955,,
2022-07-21,2956,,
2022-07-21,2957,,
2022-07-21,2958,,
2022-07-21,2959,200,210
2022-07-21,2960,210,220
2022-07-21,2961,,
2022-07-21,2962,,
2022-07-21,2963,160,170
2022-07-21,2964,170,180
2022-07-21,2967,200,210
2022-07-21,2968,210,220
2022-07-21,2969,,
2022-07-21,2970,,
2022-07-21,2971,,
2022-07-21,2972,,
2022-07-21,2973,,
2022-07-21,2974,150,160
2022-07-21,2975,140,150
2022-07-21,2976,,
2022-07-21,2977,90,100
2022-07-21,2978,,
2022-07-21,2979,,
2022-07-21,2980,,
2022-07-21,2981,,
2022-07-21,2982,,
2022-07-21,2983,,
2022-07-21,2984,,
2022-07-21,2985,220,230
2022-07-21,2986,230,240
2022-07-21,2987,,
2022-07-21,2988,,
2022-07-21,2989,180,190
2022-07-21,2990,190,200
2022-07-21,2993,220,230
2022-07-21,2994,230,240
2022-07-21,2995,,
2022-07-21,2996,,
2022-07-21,2997,,
2022-07-21,2998,,
2022-07-21,2999,,
2022-07-21,3000,150,160
2022-07-21,3001,145,155
2022-07-21,3002,,
2022-07-21,3003,110,120
2022-07-21,3004,,
2022-07-21,3021,185,195
2022-07-21,3022,195,200
2022-07-21,3023,205,215
2022-07-21,3024,215,220
2022-07-21,3036,1.9,2.5
2022-07-21,3049,0.3,0.4
2022-07-21,3050,0.55,0.65
2022-07-21,3051,,
2022-07-21,3052,0.7,0.85
2022-07-21,3053,,
2022-07-21,3056,408,413
2022-07-21,3057,354,359
2022-07-21,3058,492,497
2022-07-21,3059,505,510
2022-07-21,3068,0.2,0.25
2022-07-21,3069,0.2,0.3
2022-07-21,3070,430,440
2022-07-21,3077,0.8,0.9
2022-07-21,3079,0.7,0.85
2022-07-21,3080,2,2.4
2022-07-21,3086,0.75,0.9
2022-07-21,3096,0.15,0.2
2022-07-21,3098,,
2022-07-21,3100,30,75
2022-07-21,3101,,
2022-07-21,3102,,
2022-07-21,3103,0.75,0.9
2022-07-21,3104,0.75,0.9
2022-07-21,3105,0.65,0.75
2022-07-21,3106,0.75,0.9
2022-07-21,3107,0.8,1
2022-07-21,3108,0.6,0.8
2022-07-21,3109,0.8,1
2022-07-21,3110,0.55,0.8
2022-07-21,3111,0.4,0.55
2022-07-21,3112,0.55,0.8
2022-07-21,3113,0.65,0.75
2022-07-21,3114,0.75,0.9
2022-07-21,3115,,
2022-07-21,3116,,
2022-07-21,3117,,
2022-07-21,3118,,
2022-07-21,3119,,
2022-07-21,3120,,
2022-07-21,3121,,
2022-07-21,3122,,
2022-07-21,3123,,
2022-07-21,3124,,
2022-07-21,3125,0.15,0.2
2022-07-21,3126,,
2022-07-28,30,420,425
2022-07-28,31,420,440
2022-07-28,103,1660,1740
2022-07-28,104,1320,1400
2022-07-28,105,1210,1290
2022-07-28,106,1210,1290
2022-07-28,107,980,1060
2022-07-28,108,1370,1490
2022-07-28,109,1250,1330
2022-07-28,186,,
2022-07-28,190,,
2022-07-28,194,2.1,2.5
2022-07-28,195,2.1,2.5
2022-07-28,196,1.8,2
2022-07-28,201,3.05,3.25
2022-07-28,202,1.8,2
2022-07-28,203,2.5,2.7
2022-07-28,204,1.5,1.7
2022-07-28,206,1.6,2.2
2022-07-28,210,2,2.35
2022-07-28,211,2.2,2.5
2022-07-28,213,1.9,2.1
2022-07-28,402,1.6,2
2022-07-28,406,2.5,3.1
2022-07-28,407,2.5,3.1
2022-07-28,480,,
2022-07-28,482,2.7,2.9
2022-07-28,483,2.4,2.6
2022-07-28,513,,
2022-07-28,515,,
2022-07-28,524,0.65,0.75
2022-07-28,621,6,6.4
2022-07-28,637,,
2022-07-28,681,1.8,2
2022-07-28,739,1.9,2.5
2022-07-28,760,1.9,2.5
2022-07-28,851,,
2022-07-28,1156,1.7,2.2
2022-07-28,1177,347,352
2022-07-28,1178,334,339
2022-07-28,1182,,
2022-07-28,1183,642,645
2022-07-28,1186,476,478
2022-07-28,1187,,
2022-07-28,1188,362,367
2022-07-28,1189,,
2022-07-28,1191,,
2022-07-28,1192,,
2022-07-28,1197,,
2022-07-28,1203,325,330
2022-07-28,1208,,
2022-07-28,1209,362,380
2022-07-28,1215,775,780
2022-07-28,1217,214,216
2022-07-28,1218,244,245
2022-07-28,1219,307,310
2022-07-28,1220,240,242
2022-07-28,1222,266,268
2022-07-28,1223,294,295
2022-07-28,1224,359,361
2022-07-28,1225,211,213
2022-07-28,1226,240,242
2022-07-28,1227,260,262
2022-07-28,1228,398,400
2022-07-28,1242,582,584
2022-07-28,1243,578,580
2022-07-28,1244,590,592
2022-07-28,1245,587,589
2022-07-28,1248,760,763
2022-07-28,1249,,
2022-07-28,1250,,
2022-07-28,1251,355,360
2022-07-28,1252,400,405
2022-07-28,1253,665,670
2022-07-28,1254,682,687
2022-07-28,1270,339,340
2022-07-28,1273,309,310
2022-07-28,1274,309,310
2022-07-28,1275,317,319
2022-07-28,1276,358,360
2022-07-28,1278,485,500
2022-07-28,1282,575,585
2022-07-28,1283,550,570
2022-07-28,1284,320,335
2022-07-28,1285,268,270
2022-07-28,1286,225,230
2022-07-28,1287,80,90
2022-07-28,1378,298,308
2022-07-28,1379,318,323
2022-07-28,1380,326,331
2022-07-28,1406,361,366
2022-07-28,1414,,
2022-07-28,1424,,
2022-07-28,1435,,
2022-07-28,1445,0.4,0.5
2022-07-28,1462,0.32,0.36
2022-07-28,1469,0.68,0.78
2022-07-28,1478,277,297
2022-07-28,1535,710,713
2022-07-28,1536,,
2022-07-28,1618,,
2022-07-28,1621,,
2022-07-28,1624,405,407
2022-07-28,1630,383,385
2022-07-28,1631,388,390
2022-07-28,1633,388,389
2022-07-28,1634,,
2022-07-28,1684,840,845
2022-07-28,1686,,
2022-07-28,1705,0.6,0.75
2022-07-28,1774,,
2022-07-28,1779,340,350
2022-07-28,1780,,
2022-07-28,1781,340,350
2022-07-28,1784,285,295
2022-07-28,1790,,
2022-07-28,1792,386,396
2022-07-28,1793,750,770
2022-07-28,1794,960,1095
2022-07-28,1795,,
2022-07-28,1871,,
2022-07-28,1887,1.8,2
2022-07-28,1893,635,655
2022-07-28,1894,675,695
2022-07-28,1895,720,760
2022-07-28,1896,730,770
2022-07-28,1900,475,478
2022-07-28,1901,1385,1390
2022-07-28,1902,1325,1330
2022-07-28,1922,,
2022-07-28,1951,525,535
2022-07-28,1953,520,530
2022-07-28,1957,1.05,1.2
2022-07-28,1958,1.05,1.2
2022-07-28,1960,45,50
2022-07-28,1961,50,55
2022-07-28,1971,415,425
2022-07-28,1972,0.65,0.75
2022-07-28,1973,0.6,0.8
2022-07-28,1974,0.8,0.9
2022-07-28,1976,0.6,0.8
2022-07-28,1977,0.8,0.9
2022-07-28,1981,4,4.2
2022-07-28,1982,,
2022-07-28,1983,3.9,4.2
2022-07-28,1984,,
2022-07-28,1985,,
2022-07-28,1986,5,5.3
2022-07-28,1987,,
2022-07-28,1988,4.1,4.3
2022-07-28,1989,4.2,5.2
2022-07-28,1990,4.6,5.2
2022-07-28,1991,4.6,5.4
2022-07-28,1992,6,6.5
2022-07-28,1993,6,6.5
2022-07-28,1994,,
2022-07-28,1995,,
2022-07-28,1996,4.6,4.8
2022-07-28,1997,5,5.3
2022-07-28,1998,6.1,6.6
2022-07-28,1999,,
2022-07-28,2000,6,6.3
2022-07-28,2001,,
2022-07-28,2002,4.6,5.2
2022-07-28,2003,5.8,6
2022-07-28,2004,,
2022-07-28,2005,,
2022-07-28,2006,5.2,6.1
2022-07-28,2007,,
2022-07-28,2008,5.8,6.3
2022-07-28,2009,7,7.2
2022-07-28,2010,6.4,6.8
2022-07-28,2011,,
2022-07-28,2012,,
2022-07-28,2013,5.5,6
2022-07-28,2014,5,5.3
2022-07-28,2015,5.3,5.6
2022-07-28,2016,5.6,6
2022-07-28,2017,6.8,7
2022-07-28,2018,6.8,7
2022-07-28,2019,6.5,6.6
2022-07-28,2020,,
2022-07-28,2021,,
2022-07-28,2022,,
2022-07-28,2023,6.5,7
2022-07-28,2024,,
2022-07-28,2025,,
2022-07-28,2026,,
2022-07-28,2027,,
2022-07-28,2028,,
2022-07-28,2029,,
2022-07-28,2030,,
2022-07-28,2031,,
2022-07-28,2032,,
2022-07-28,2033,,
2022-07-28,2034,,
2022-07-28,2035,,
2022-07-28,2036,,
2022-07-28,2037,,
2022-07-28,2038,,
2022-07-28,2039,,
2022-07-28,2040,,
2022-07-28,2041,,
2022-07-28,2042,,
2022-07-28,2043,,
2022-07-28,2044,,
2022-07-28,2045,,
2022-07-28,2046,,
2022-07-28,2047,,
2022-07-28,2048,,
2022-07-28,2049,,
2022-07-28,2050,,
2022-07-28,2051,,
2022-07-28,2052,,
2022-07-28,2053,,
2022-07-28,2054,,
2022-07-28,2055,,
2022-07-28,2056,,
2022-07-28,2057,,
2022-07-28,2099,395,405
2022-07-28,2100,,
2022-07-28,2101,,
2022-07-28,2123,,
2022-07-28,2124,,
2022-07-28,2130,,
2022-07-28,2137,3.5,3.7
2022-07-28,2147,390,389
2022-07-28,2171,,
2022-07-28,2172,525,535
2022-07-28,2176,2.1,2.7
2022-07-28,2188,337,340
2022-07-28,2189,,
2022-07-28,2190,,
2022-07-28,2228,1.8,2
2022-07-28,2242,,
2022-07-28,2262,,
2022-07-28,2263,,
2022-07-28,2264,,
2022-07-28,2265,,
2022-07-28,2266,,
2022-07-28,2267,,
2022-07-28,2268,,
2022-07-28,2269,,
2022-07-28,2270,,
2022-07-28,2271,,
2022-07-28,2272,,
2022-07-28,2273,,
2022-07-28,2274,,
2022-07-28,2275,,
2022-07-28,2276,,
2022-07-28,2277,,
2022-07-28,2278,,
2022-07-28,2279,,
2022-07-28,2280,,
2022-07-28,2281,,
2022-07-28,2282,,
2022-07-28,2283,,
2022-07-28,2293,,
2022-07-28,2304,,
2022-07-28,2307,,
2022-07-28,2340,490,495
2022-07-28,2341,480,485
2022-07-28,2344,493,498
2022-07-28,2398,50,55
2022-07-28,2399,55,60
2022-07-28,2400,,
2022-07-28,2401,,
2022-07-28,2402,,
2022-07-28,2403,,
2022-07-28,2404,,
2022-07-28,2405,,
2022-07-28,2406,,
2022-07-28,2407,,
2022-07-28,2416,,
2022-07-28,2418,,
2022-07-28,2431,,
2022-07-28,2483,1.05,1.45
2022-07-28,2484,5.7,6.1
2022-07-28,2585,,
2022-07-28,2589,,
2022-07-28,2634,145,150
2022-07-28,2635,155,160
2022-07-28,2636,1812,1832
2022-07-28,2637,2287,2292
2022-07-28,2638,345,350
2022-07-28,2639,330,335
2022-07-28,2640,300,305
2022-07-28,2641,375,380
2022-07-28,2642,310,320
2022-07-28,2643,240,250
2022-07-28,2644,227,237
2022-07-28,2645,220,227
2022-07-28,2646,330,340
2022-07-28,2647,270,280
2022-07-28,2658,1.85,2.05
2022-07-28,2665,1.4,1.6
2022-07-28,2679,350,360
2022-07-28,2688,503,508
2022-07-28,2689,342,350
2022-07-28,2701,0.6,0.8
2022-07-28,2713,390,400
2022-07-28,2717,,
2022-07-28,2786,2,2.4
2022-07-28,2813,,
2022-07-28,2814,,
2022-07-28,2815,,
2022-07-28,2816,,
2022-07-28,2817,,
2022-07-28,2818,,
2022-07-28,2819,,
2022-07-28,2820,,
2022-07-28,2821,,
2022-07-28,2822,,
2022-07-28,2823,,
2022-07-28,2824,,
2022-07-28,2825,,
2022-07-28,2826,,
2022-07-28,2827,,
2022-07-28,2828,,
2022-07-28,2829,,
2022-07-28,2830,,
2022-07-28,2831,,
2022-07-28,2832,,
2022-07-28,2833,,
2022-07-28,2834,,
2022-07-28,2835,,
2022-07-28,2836,,
2022-07-28,2837,,
2022-07-28,2838,,
2022-07-28,2839,,
2022-07-28,2840,,
2022-07-28,2841,,
2022-07-28,2842,,
2022-07-28,2843,,
2022-07-28,2844,,
2022-07-28,2845,,
2022-07-28,2846,,
2022-07-28,2847,,
2022-07-28,2848,,
2022-07-28,2849,,
2022-07-28,2850,,
2022-07-28,2851,,
2022-07-28,2860,1.3,1.5
2022-07-28,2934,,
2022-07-28,2953,,
2022-07-28,2954,,
2022-07-28,2955,,
2022-07-28,2956,,
2022-07-28,2957,,
2022-07-28,2958,,
2022-07-28,2959,200,210
2022-07-28,2960,210,220
2022-07-28,2961,,
2022-07-28,2962,,
2022-07-28,2963,160,170
2022-07-28,2964,170,180
2022-07-28,2967,200,210
2022-07-28,2968,210,220
2022-07-28,2969,,
2022-07-28,2970,,
2022-07-28,2971,,
2022-07-28,2972,,
2022-07-28,2973,,
2022-07-28,2974,150,160
2022-07-28,2975,140,150
2022-07-28,2976,,
2022-07-28,2977,90,100
2022-07-28,2978,,
2022-07-28,2979,,
2022-07-28,2980,,
2022-07-28,2981,,
2022-07-28,2982,,
2022-07-28,2983,,
2022-07-28,2984,,
2022-07-28,2985,220,230
2022-07-28,2986,230,240
2022-07-28,2987,,
2022-07-28,2988,,
2022-07-28,2989,180,190
2022-07-28,2990,190,200
2022-07-28,2993,220,230
2022-07-28,2994,230,240
2022-07-28,2995,,
2022-07-28,2996,,
2022-07-28,2997,,
2022-07-28,2998,,
2022-07-28,2999,,
2022-07-28,3000,150,160
2022-07-28,3001,145,155
2022-07-28,3002,,
2022-07-28,3003,110,120
2022-07-28,3004,,
2022-07-28,3021,185,195
2022-07-28,3022,195,200
2022-07-28,3023,205,215
2022-07-28,3024,215,220
2022-07-28,3036,1.9,2.5
2022-07-28,3049,0.3,0.4
2022-07-28,3050,0.55,0.65
2022-07-28,3051,,
2022-07-28,3052,0.7,0.85
2022-07-28,3053,,
2022-07-28,3056,408,413
2022-07-28,3057,354,359
2022-07-28,3058,497,502
2022-07-28,3059,510,515
2022-07-28,3068,,
2022-07-28,3069,,
2022-07-28,3070,430,440
2022-07-28,3077,0.8,0.9
2022-07-28,3079,0.7,0.85
2022-07-28,3080,1.9,2.3
2022-07-28,3086,0.78,0.92
2022-07-28,3098,,
2022-07-28,3100,30,75
2022-07-28,3101,,
2022-07-28,3102,,
2022-07-28,3103,,
2022-07-28,3104,0.75,0.9
2022-07-28,3107,,
2022-07-28,3108,0.6,0.75
2022-07-28,3109,0.75,0.9
2022-07-28,3110,,
2022-07-28,3111,,
2022-07-28,3112,,
2022-07-28,3113,,
2022-07-28,3115,0.6,0.8
2022-07-28,3116,0.8,0.9
2022-07-28,3117,0.6,0.8
2022-07-28,3118,0.8,0.9
2022-07-28,3119,0.4,0.5
2022-07-28,3120,0.5,0.6
2022-07-28,3121,0.4,0.5
2022-07-28,3122,0.5,0.6
2022-07-28,3123,0.5,0.6
2022-07-28,3124,0.22,0.27
2022-07-28,3125,0.15,0.2
2022-07-28,3126,1.1,1.3
2022-07-28,3127,0.75,0.9
2022-07-28,3128,0.4,0.5
2022-07-28,3129,0.5,0.6
2022-07-28,3130,0.5,0.6
2022-07-28,3131,,
2022-07-28,3132,,
2022-07-28,3133,,
2022-07-28,3134,,
2022-07-28,3135,,
2022-07-28,3136,,
2022-07-28,3137,,
2022-07-28,3138,,
2022-08-04,30,430,435
2022-08-04,31,430,450
2022-08-04,103,1660,1740
2022-08-04,104,1320,1400
2022-08-04,105,1210,1290
2022-08-04,106,1210,1290
2022-08-04,107,980,1060
2022-08-04,108,1370,1490
2022-08-04,109,1250,1330
2022-08-04,175,,
2022-08-04,176,,
2022-08-04,178,,
2022-08-04,186,,
2022-08-04,190,,
2022-08-04,194,2.3,2.7
2022-08-04,195,2.3,2.7
2022-08-04,196,1.8,2
2022-08-04,201,3.05,3.25
2022-08-04,202,1.8,2
2022-08-04,203,2.5,2.7
2022-08-04,204,1.5,1.7
2022-08-04,206,1.6,2.2
2022-08-04,210,2,2.35
2022-08-04,211,2.2,2.5
2022-08-04,213,1.9,2.1
2022-08-04,402,,
2022-08-04,406,2.5,3.1
2022-08-04,407,2.5,3.1
2022-08-04,468,,
2022-08-04,482,2.7,2.9
2022-08-04,483,2.4,2.6
2022-08-04,513,,
2022-08-04,515,,
2022-08-04,524,0.65,0.75
2022-08-04,621,6,6.4
2022-08-04,637,,
2022-08-04,681,1.8,2
2022-08-04,739,1.9,2.5
2022-08-04,760,1.9,2.5
2022-08-04,851,,
2022-08-04,1148,,
2022-08-04,1156,1.7,2.2
2022-08-04,1177,350,355
2022-08-04,1178,337,342
2022-08-04,1182,,
2022-08-04,1183,,
2022-08-04,1186,458,460
2022-08-04,1187,,
2022-08-04,1188,365,370
2022-08-04,1189,,
2022-08-04,1191,,
2022-08-04,1192,,
2022-08-04,1197,,
2022-08-04,1203,325,330
2022-08-04,1208,,
2022-08-04,1209,365,380
2022-08-04,1215,775,780
2022-08-04,1217,228,230
2022-08-04,1218,258,259
2022-08-04,1219,317,320
2022-08-04,1220,248,250
2022-08-04,1222,280,282
2022-08-04,1223,308,309
2022-08-04,1224,369,371
2022-08-04,1225,225,227
2022-08-04,1226,248,250
2022-08-04,1227,270,272
2022-08-04,1228,398,400
2022-08-04,1242,572,574
2022-08-04,1243,568,570
2022-08-04,1244,580,582
2022-08-04,1245,577,579
2022-08-04,1248,750,753
2022-08-04,1249,,
2022-08-04,1250,,
2022-08-04,1251,360,365
2022-08-04,1252,400,405
2022-08-04,1253,655,660
2022-08-04,1254,672,677
2022-08-04,1270,339,340
2022-08-04,1273,319,320
2022-08-04,1274,319,320
2022-08-04,1275,320,322
2022-08-04,1276,358,360
2022-08-04,1278,490,505
2022-08-04,1282,580,590
2022-08-04,1283,555,575
2022-08-04,1284,325,340
2022-08-04,1285,273,275
2022-08-04,1286,230,235
2022-08-04,1287,85,95
2022-08-04,1378,300,310
2022-08-04,1379,320,325
2022-08-04,1380,328,333
2022-08-04,1406,364,369
2022-08-04,1414,,
2022-08-04,1445,0.37,0.47
2022-08-04,1462,0.32,0.36
2022-08-04,1469,0.7,0.8
2022-08-04,1476,0.4,0.5
2022-08-04,1478,280,300
2022-08-04,1535,700,703
2022-08-04,1536,,
2022-08-04,1618,,
2022-08-04,1621,,
2022-08-04,1624,405,407
2022-08-04,1630,383,385
2022-08-04,1631,388,390
2022-08-04,1633,388,389
2022-08-04,1634,,
2022-08-04,1684,840,845
2022-08-04,1705,0.6,0.75
2022-08-04,1772,,
2022-08-04,1774,,
2022-08-04,1779,340,350
2022-08-04,1780,,
2022-08-04,1781,340,350
2022-08-04,1784,290,300
2022-08-04,1790,,
2022-08-04,1792,386,396
2022-08-04,1793,,
2022-08-04,1794,,
2022-08-04,1795,,
2022-08-04,1871,,
2022-08-04,1887,1.8,2
2022-08-04,1893,635,655
2022-08-04,1894,675,695
2022-08-04,1895,720,760
2022-08-04,1896,730,770
2022-08-04,1900,457,460
2022-08-04,1901,1355,1360
2022-08-04,1902,1275,1280
2022-08-04,1922,,
2022-08-04,1951,525,535
2022-08-04,1953,530,540
2022-08-04,1957,1.05,1.2
2022-08-04,1958,1.05,1.2
2022-08-04,1960,,
2022-08-04,1961,,
2022-08-04,1971,425,435
2022-08-04,1972,0.65,0.75
2022-08-04,1973,0.58,0.78
2022-08-04,1974,0.77,0.87
2022-08-04,1976,0.58,0.78
2022-08-04,1977,0.77,0.87
2022-08-04,1981,4,4.2
2022-08-04,1982,,
2022-08-04,1983,3.9,4.2
2022-08-04,1984,,
2022-08-04,1985,,
2022-08-04,1986,5,5.3
2022-08-04,1987,,
2022-08-04,1988,4.1,4.3
2022-08-04,1989,4.2,5.2
2022-08-04,1990,4.6,5.2
2022-08-04,1991,4.6,5.4
2022-08-04,1992,6,6.5
2022-08-04,1993,6,6.5
2022-08-04,1994,,
2022-08-04,1995,,
2022-08-04,1996,4.6,4.8
2022-08-04,1997,5,5.3
2022-08-04,1998,6.1,6.6
2022-08-04,1999,,
2022-08-04,2000,6,6.3
2022-08-04,2001,,
2022-08-04,2002,4.6,5.2
2022-08-04,2003,5.8,6
2022-08-04,2004,,
2022-08-04,2005,,
2022-08-04,2006,5.2,6.1
2022-08-04,2007,,
2022-08-04,2008,5.8,6.3
2022-08-04,2009,7,7.2
2022-08-04,2010,6.4,6.8
2022-08-04,2011,,
2022-08-04,2012,,
2022-08-04,2013,5.5,6
2022-08-04,2014,5,5.3
2022-08-04,2015,5.3,5.6
2022-08-04,2016,5.6,6
2022-08-04,2017,6.8,7
2022-08-04,2018,6.8,7
2022-08-04,2019,6.5,6.6
2022-08-04,2020,,
2022-08-04,2021,,
2022-08-04,2022,,
2022-08-04,2023,6.5,7
2022-08-04,2024,,
2022-08-04,2025,,
2022-08-04,2026,,
2022-08-04,2027,,
2022-08-04,2028,,
2022-08-04,2029,,
2022-08-04,2030,,
2022-08-04,2031,,
2022-08-04,2032,,
2022-08-04,2033,,
2022-08-04,2034,,
2022-08-04,2035,,
2022-08-04,2036,,
2022-08-04,2037,,
2022-08-04,2038,,
2022-08-04,2039,,
2022-08-04,2040,,
2022-08-04,2041,,
2022-08-04,2042,,
2022-08-04,2043,,
2022-08-04,2044,,
2022-08-04,2045,,
2022-08-04,2046,,
2022-08-04,2047,,
2022-08-04,2048,,
2022-08-04,2049,,
2022-08-04,2050,,
2022-08-04,2051,,
2022-08-04,2052,,
2022-08-04,2053,,
2022-08-04,2054,,
2022-08-04,2055,,
2022-08-04,2056,,
2022-08-04,2057,,
2022-08-04,2099,395,405
2022-08-04,2100,70,75
2022-08-04,2101,75,80
2022-08-04,2123,,
2022-08-04,2124,,
2022-08-04,2130,,
2022-08-04,2137,3.5,3.7
2022-08-04,2147,390,389
2022-08-04,2171,,
2022-08-04,2172,535,545
2022-08-04,2176,2.1,2.7
2022-08-04,2188,337,340
2022-08-04,2189,,
2022-08-04,2190,,
2022-08-04,2228,1.8,2
2022-08-04,2242,,
2022-08-04,2262,,
2022-08-04,2263,,
2022-08-04,2264,,
2022-08-04,2265,,
2022-08-04,2266,,
2022-08-04,2267,,
2022-08-04,2268,,
2022-08-04,2269,,
2022-08-04,2270,,
2022-08-04,2271,,
2022-08-04,2272,,
2022-08-04,2273,,
2022-08-04,2274,,
2022-08-04,2275,,
2022-08-04,2276,,
2022-08-04,2277,,
2022-08-04,2278,,
2022-08-04,2279,,
2022-08-04,2280,,
2022-08-04,2281,,
2022-08-04,2282,,
2022-08-04,2283,,
2022-08-04,2293,,
2022-08-04,2304,,
2022-08-04,2340,495,500
2022-08-04,2341,485,490
2022-08-04,2344,498,503
2022-08-04,2398,,
2022-08-04,2399,,
2022-08-04,2400,75,80
2022-08-04,2401,80,85
2022-08-04,2402,,
2022-08-04,2403,,
2022-08-04,2404,,
2022-08-04,2405,,
2022-08-04,2406,,
2022-08-04,2407,,
2022-08-04,2416,,
2022-08-04,2418,,
2022-08-04,2431,,
2022-08-04,2483,1.05,1.45
2022-08-04,2484,5.7,6.1
2022-08-04,2585,,
2022-08-04,2589,,
2022-08-04,2634,145,150
2022-08-04,2635,155,160
2022-08-04,2636,1852,1872
2022-08-04,2637,2357,2392
2022-08-04,2638,345,350
2022-08-04,2639,330,335
2022-08-04,2640,300,305
2022-08-04,2641,375,380
2022-08-04,2642,310,320
2022-08-04,2643,250,260
2022-08-04,2644,237,247
2022-08-04,2645,225,232
2022-08-04,2646,330,340
2022-08-04,2647,270,280
2022-08-04,2658,1.85,2.05
2022-08-04,2665,1.4,1.6
2022-08-04,2679,350,360
2022-08-04,2688,508,513
2022-08-04,2689,342,350
2022-08-04,2701,,
2022-08-04,2713,390,400
2022-08-04,2717,,
2022-08-04,2781,,
2022-08-04,2782,,
2022-08-04,2783,,
2022-08-04,2784,,
2022-08-04,2786,2,2.4
2022-08-04,2813,,
2022-08-04,2814,,
2022-08-04,2815,,
2022-08-04,2816,,
2022-08-04,2817,,
2022-08-04,2818,,
2022-08-04,2819,,
2022-08-04,2820,,
2022-08-04,2821,,
2022-08-04,2822,,
2022-08-04,2823,,
2022-08-04,2824,,
2022-08-04,2825,,
2022-08-04,2826,,
2022-08-04,2827,,
2022-08-04,2828,,
2022-08-04,2829,,
2022-08-04,2830,,
2022-08-04,2831,,
2022-08-04,2832,,
2022-08-04,2833,,
2022-08-04,2834,,
2022-08-04,2835,,
2022-08-04,2836,,
2022-08-04,2837,,
2022-08-04,2838,,
2022-08-04,2839,,
2022-08-04,2840,,
2022-08-04,2841,,
2022-08-04,2842,,
2022-08-04,2843,,
2022-08-04,2844,,
2022-08-04,2845,,
2022-08-04,2846,,
2022-08-04,2847,,
2022-08-04,2848,,
2022-08-04,2849,,
2022-08-04,2850,,
2022-08-04,2851,,
2022-08-04,2860,1.3,1.5
2022-08-04,2953,,
2022-08-04,2954,,
2022-08-04,2955,,
2022-08-04,2956,,
2022-08-04,2957,,
2022-08-04,2958,,
2022-08-04,2959,,
2022-08-04,2960,,
2022-08-04,2961,,
2022-08-04,2962,,
2022-08-04,2963,170,180
2022-08-04,2964,180,190
2022-08-04,2967,210,220
2022-08-04,2968,220,230
2022-08-04,2969,230,240
2022-08-04,2970,240,250
2022-08-04,2971,,
2022-08-04,2972,,
2022-08-04,2973,,
2022-08-04,2974,,
2022-08-04,2975,140,150
2022-08-04,2976,170,180
2022-08-04,2977,,
2022-08-04,2978,110,120
2022-08-04,2979,,
2022-08-04,2980,,
2022-08-04,2981,,
2022-08-04,2982,,
2022-08-04,2983,,
2022-08-04,2984,,
2022-08-04,2985,,
2022-08-04,2986,,
2022-08-04,2987,,
2022-08-04,2988,,
2022-08-04,2989,190,200
2022-08-04,2990,200,210
2022-08-04,2993,230,240
2022-08-04,2994,240,250
2022-08-04,2995,250,260
2022-08-04,2996,260,270
2022-08-04,2997,,
2022-08-04,2998,,
2022-08-04,2999,,
2022-08-04,3000,,
2022-08-04,3001,145,155
2022-08-04,3002,170,180
2022-08-04,3003,,
2022-08-04,3004,130,140
2022-08-04,3021,195,205
2022-08-04,3022,205,210
2022-08-04,3023,215,225
2022-08-04,3024,225,230
2022-08-04,3036,1.9,2.5
2022-08-04,3049,0.3,0.4
2022-08-04,3050,0.55,0.65
2022-08-04,3052,0.7,0.85
2022-08-04,3056,408,413
2022-08-04,3057,357,362
2022-08-04,3058,502,507
2022-08-04,3059,515,520
2022-08-04,3070,430,440
2022-08-04,3077,,
2022-08-04,3079,0.7,0.85
2022-08-04,3080,,
2022-08-04,3086,0.8,0.95
2022-08-04,3098,,
2022-08-04,3100,45,80
2022-08-04,3101,,
2022-08-04,3102,,
2022-08-04,3104,0.75,0.9
2022-08-04,3123,0.5,0.6
2022-08-04,3124,,
2022-08-04,3126,1.1,1.3
2022-08-04,3127,0.75,0.9
2022-08-04,3128,0.37,0.47
2022-08-04,3129,0.47,0.57
2022-08-04,3130,0.47,0.57
2022-08-04,3131,0.4,0.5
2022-08-04,3132,0.5,0.6
2022-08-04,3133,0.22,0.25
2022-08-04,3134,0.27,0.3
2022-08-04,3135,0.15,0.18
2022-08-04,3136,0.21,0.24
2022-08-04,3137,0.22,0.25
2022-08-04,3138,0.29,0.32
2022-08-04,3139,,
2022-08-04,3140,,
2022-08-04,3141,,
2022-08-04,3142,,
2022-08-04,3143,,
2022-08-04,3144,,
2022-08-04,3145,,
2022-08-04,3146,,
2022-08-04,3147,0.5,0.6
2022-08-04,3148,,
2022-08-04,3149,,
2022-08-04,3150,,
2022-08-04,3151,,
2022-08-04,3152,,
2022-08-04,3153,,
2022-08-04,3154,,
2022-08-04,3155,,
2022-08-04,3156,,
2022-08-04,3157,,
2022-08-04,3158,,
2022-08-04,3159,,
2022-08-04,3160,,
2022-08-04,3161,,
2022-08-04,3162,,
2022-08-25,30,435,440
2022-08-25,31,435,455
2022-08-25,103,1660,1740
2022-08-25,104,1320,1400
2022-08-25,105,1210,1290
2022-08-25,106,1210,1290
2022-08-25,107,980,1060
2022-08-25,108,1370,1490
2022-08-25,109,1250,1330
2022-08-25,175,,
2022-08-25,176,,
2022-08-25,178,,
2022-08-25,186,,
2022-08-25,190,1.5,1.7
2022-08-25,194,,
2022-08-25,195,,
2022-08-25,196,1.8,2
2022-08-25,201,3.05,3.25
2022-08-25,202,,
2022-08-25,203,2.6,2.8
2022-08-25,204,1.5,1.7
2022-08-25,206,1.8,2.5
2022-08-25,210,2,2.35
2022-08-25,211,2.2,2.5
2022-08-25,213,1.9,2.1
2022-08-25,406,2.5,3.1
2022-08-25,407,2.5,3.1
2022-08-25,468,1.7,2.2
2022-08-25,482,2.7,2.9
2022-08-25,483,2.4,2.6
2022-08-25,513,,
2022-08-25,515,,
2022-08-25,524,,
2022-08-25,586,0.65,0.8
2022-08-25,587,0.45,0.55
2022-08-25,614,0.8,0.9
2022-08-25,621,6,6.4
2022-08-25,628,,
2022-08-25,637,,
2022-08-25,681,1.8,2
2022-08-25,739,1.9,2.5
2022-08-25,760,1.9,2.5
2022-08-25,851,,
2022-08-25,1148,,
2022-08-25,1156,1.8,2.3
2022-08-25,1177,354,359
2022-08-25,1178,341,346
2022-08-25,1182,356,360
2022-08-25,1183,,
2022-08-25,1186,468,470
2022-08-25,1187,,
2022-08-25,1188,375,380
2022-08-25,1189,455,458
2022-08-25,1191,,
2022-08-25,1192,,
2022-08-25,1197,,
2022-08-25,1203,325,330
2022-08-25,1208,,
2022-08-25,1209,375,380
2022-08-25,1215,775,780
2022-08-25,1217,231,233
2022-08-25,1218,261,262
2022-08-25,1219,322,325
2022-08-25,1220,248,250
2022-08-25,1222,283,285
2022-08-25,1223,311,312
2022-08-25,1224,374,376
2022-08-25,1225,228,230
2022-08-25,1226,248,250
2022-08-25,1227,278,280
2022-08-25,1228,403,405
2022-08-25,1242,582,584
2022-08-25,1243,573,575
2022-08-25,1244,590,592
2022-08-25,1245,582,584
2022-08-25,1248,750,753
2022-08-25,1249,,
2022-08-25,1250,,
2022-08-25,1251,362,367
2022-08-25,1252,402,407
2022-08-25,1253,695,700
2022-08-25,1254,712,717
2022-08-25,1270,335,336
2022-08-25,1273,329,330
2022-08-25,1274,329,330
2022-08-25,1275,340,342
2022-08-25,1276,363,365
2022-08-25,1278,490,515
2022-08-25,1282,580,590
2022-08-25,1283,555,575
2022-08-25,1284,325,340
2022-08-25,1285,273,275
2022-08-25,1286,230,235
2022-08-25,1287,85,95
2022-08-25,1378,303,313
2022-08-25,1379,323,328
2022-08-25,1380,331,336
2022-08-25,1406,368,373
2022-08-25,1414,,
2022-08-25,1445,,
2022-08-25,1462,,
2022-08-25,1469,0.7,0.8
2022-08-25,1476,,
2022-08-25,1478,280,300
2022-08-25,1500,0.4,0.45
2022-08-25,1501,0.4,0.5
2022-08-25,1535,700,703
2022-08-25,1536,,
2022-08-25,1618,,
2022-08-25,1621,,
2022-08-25,1624,397,399
2022-08-25,1630,375,377
2022-08-25,1631,384,386
2022-08-25,1633,376,377
2022-08-25,1634,,
2022-08-25,1684,840,845
2022-08-25,1705,,
2022-08-25,1710,0.3,0.35
2022-08-25,1772,,
2022-08-25,1774,,
2022-08-25,1779,340,350
2022-08-25,1780,,
2022-08-25,1781,340,350
2022-08-25,1784,295,305
2022-08-25,1790,,
2022-08-25,1792,396,406
2022-08-25,1793,,
2022-08-25,1794,,
2022-08-25,1795,,
2022-08-25,1871,,
2022-08-25,1887,1.8,2
2022-08-25,1893,635,655
2022-08-25,1894,675,695
2022-08-25,1895,720,760
2022-08-25,1896,730,770
2022-08-25,1900,467,470
2022-08-25,1901,1375,1380
2022-08-25,1902,1275,1280
2022-08-25,1922,,
2022-08-25,1951,525,535
2022-08-25,1953,530,540
2022-08-25,1957,1.05,1.2
2022-08-25,1958,1.05,1.2
2022-08-25,1960,,
2022-08-25,1961,,
2022-08-25,1971,428,438
2022-08-25,1972,,
2022-08-25,1973,,
2022-08-25,1974,,
2022-08-25,1976,,
2022-08-25,1977,,
2022-08-25,1981,4,4.2
2022-08-25,1982,,
2022-08-25,1983,3.9,4.2
2022-08-25,1984,,
2022-08-25,1985,,
2022-08-25,1986,5,5.3
2022-08-25,1987,,
2022-08-25,1988,4.1,4.3
2022-08-25,1989,4.2,5.2
2022-08-25,1990,4.6,5.2
2022-08-25,1991,4.6,5.4
2022-08-25,1992,6,6.5
2022-08-25,1993,6,6.5
2022-08-25,1994,,
2022-08-25,1995,,
2022-08-25,1996,4.6,4.8
2022-08-25,1997,5,5.3
2022-08-25,1998,6.1,6.6
2022-08-25,1999,,
2022-08-25,2000,6,6.3
2022-08-25,2001,,
2022-08-25,2002,4.6,5.2
2022-08-25,2003,5.8,6
2022-08-25,2004,,
2022-08-25,2005,,
2022-08-25,2006,5.2,6.1
2022-08-25,2007,,
2022-08-25,2008,5.8,6.3
2022-08-25,2009,7,7.2
2022-08-25,2010,6.4,6.8
2022-08-25,2011,,
2022-08-25,2012,,
2022-08-25,2013,5.5,6
2022-08-25,2014,5,5.3
2022-08-25,2015,5.3,5.6
2022-08-25,2016,5.6,6
2022-08-25,2017,6.8,7
2022-08-25,2018,6.8,7
2022-08-25,2019,6.5,6.6
2022-08-25,2020,,
2022-08-25,2021,,
2022-08-25,2022,,
2022-08-25,2023,6.5,7
2022-08-25,2024,,
2022-08-25,2025,,
2022-08-25,2026,,
2022-08-25,2027,,
2022-08-25,2028,,
2022-08-25,2029,,
2022-08-25,2030,,
2022-08-25,2031,,
2022-08-25,2032,,
2022-08-25,2033,,
2022-08-25,2034,,
2022-08-25,2035,,
2022-08-25,2036,,
2022-08-25,2037,,
2022-08-25,2038,,
2022-08-25,2039,,
2022-08-25,2040,,
2022-08-25,2041,,
2022-08-25,2042,,
2022-08-25,2043,,
2022-08-25,2044,,
2022-08-25,2045,,
2022-08-25,2046,,
2022-08-25,2047,,
2022-08-25,2048,,
2022-08-25,2049,,
2022-08-25,2050,,
2022-08-25,2051,,
2022-08-25,2052,,
2022-08-25,2053,,
2022-08-25,2054,,
2022-08-25,2055,,
2022-08-25,2056,,
2022-08-25,2057,,
2022-08-25,2099,395,405
2022-08-25,2100,70,75
2022-08-25,2101,75,80
2022-08-25,2123,,
2022-08-25,2124,,
2022-08-25,2130,,
2022-08-25,2137,3.5,3.7
2022-08-25,2147,380,377
2022-08-25,2171,,
2022-08-25,2172,535,545
2022-08-25,2176,2.1,2.7
2022-08-25,2188,342,345
2022-08-25,2189,,
2022-08-25,2190,,
2022-08-25,2228,1.8,2
2022-08-25,2242,1.8,2
2022-08-25,2262,,
2022-08-25,2263,,
2022-08-25,2264,,
2022-08-25,2265,,
2022-08-25,2266,,
2022-08-25,2267,,
2022-08-25,2268,,
2022-08-25,2269,,
2022-08-25,2270,,
2022-08-25,2271,,
2022-08-25,2272,,
2022-08-25,2273,,
2022-08-25,2274,,
2022-08-25,2275,,
2022-08-25,2276,,
2022-08-25,2277,,
2022-08-25,2278,,
2022-08-25,2279,,
2022-08-25,2280,,
2022-08-25,2281,,
2022-08-25,2282,,
2022-08-25,2283,,
2022-08-25,2293,,
2022-08-25,2304,1.8,2
2022-08-25,2340,495,500
2022-08-25,2341,485,490
2022-08-25,2344,498,503
2022-08-25,2398,,
2022-08-25,2399,,
2022-08-25,2400,75,80
2022-08-25,2401,80,85
2022-08-25,2402,,
2022-08-25,2403,,
2022-08-25,2404,,
2022-08-25,2405,,
2022-08-25,2406,,
2022-08-25,2407,,
2022-08-25,2416,435,438
2022-08-25,2418,,
2022-08-25,2431,,
2022-08-25,2483,1.05,1.45
2022-08-25,2484,5.7,6.1
2022-08-25,2585,,
2022-08-25,2589,,
2022-08-25,2634,145,150
2022-08-25,2635,155,160
2022-08-25,2636,1882,1902
2022-08-25,2637,2387,2422
2022-08-25,2638,350,355
2022-08-25,2639,335,340
2022-08-25,2640,305,310
2022-08-25,2641,380,385
2022-08-25,2642,315,325
2022-08-25,2643,250,260
2022-08-25,2644,237,247
2022-08-25,2645,225,232
2022-08-25,2646,335,345
2022-08-25,2647,275,285
2022-08-25,2658,1.85,2.05
2022-08-25,2665,1.5,1.7
2022-08-25,2679,355,365
2022-08-25,2688,508,513
2022-08-25,2689,342,350
2022-08-25,2713,390,400
2022-08-25,2717,,
2022-08-25,2744,0.6,0.75
2022-08-25,2754,0.53,0.7
2022-08-25,2756,0.53,0.7
2022-08-25,2767,0.6,0.75
2022-08-25,2781,,
2022-08-25,2782,,
2022-08-25,2783,,
2022-08-25,2784,,
2022-08-25,2786,2,2.4
2022-08-25,2813,,
2022-08-25,2814,,
2022-08-25,2815,,
2022-08-25,2816,,
2022-08-25,2817,,
2022-08-25,2818,,
2022-08-25,2819,,
2022-08-25,2820,,
2022-08-25,2821,,
2022-08-25,2822,,
2022-08-25,2823,,
2022-08-25,2824,,
2022-08-25,2825,,
2022-08-25,2826,,
2022-08-25,2827,,
2022-08-25,2828,,
2022-08-25,2829,,
2022-08-25,2830,,
2022-08-25,2831,,
2022-08-25,2832,,
2022-08-25,2833,,
2022-08-25,2834,,
2022-08-25,2835,,
2022-08-25,2836,,
2022-08-25,2837,,
2022-08-25,2838,,
2022-08-25,2839,,
2022-08-25,2840,,
2022-08-25,2841,,
2022-08-25,2842,,
2022-08-25,2843,,
2022-08-25,2844,,
2022-08-25,2845,,
2022-08-25,2846,,
2022-08-25,2847,,
2022-08-25,2848,,
2022-08-25,2849,,
2022-08-25,2850,,
2022-08-25,2851,,
2022-08-25,2860,1.3,1.5
2022-08-25,2953,,
2022-08-25,2954,,
2022-08-25,2955,,
2022-08-25,2956,,
2022-08-25,2957,,
2022-08-25,2958,,
2022-08-25,2959,,
2022-08-25,2960,,
2022-08-25,2961,,
2022-08-25,2962,,
2022-08-25,2963,190,200
2022-08-25,2964,200,210
2022-08-25,2967,220,230
2022-08-25,2968,230,240
2022-08-25,2969,240,250
2022-08-25,2970,250,260
2022-08-25,2971,,
2022-08-25,2972,,
2022-08-25,2973,,
2022-08-25,2974,,
2022-08-25,2975,150,160
2022-08-25,2976,175,185
2022-08-25,2977,,
2022-08-25,2978,120,130
2022-08-25,2979,,
2022-08-25,2980,,
2022-08-25,2981,,
2022-08-25,2982,,
2022-08-25,2983,,
2022-08-25,2984,,
2022-08-25,2985,,
2022-08-25,2986,,
2022-08-25,2987,,
2022-08-25,2988,,
2022-08-25,2989,210,220
2022-08-25,2990,220,230
2022-08-25,2993,240,250
2022-08-25,2994,250,260
2022-08-25,2995,260,270
2022-08-25,2996,270,280
2022-08-25,2997,,
2022-08-25,2998,,
2022-08-25,2999,,
2022-08-25,3000,,
2022-08-25,3001,155,165
2022-08-25,3002,175,185
2022-08-25,3003,,
2022-08-25,3004,140,150
2022-08-25,3021,205,215
2022-08-25,3022,215,220
2022-08-25,3023,225,235
2022-08-25,3024,235,240
2022-08-25,3036,1.9,2.5
2022-08-25,3049,0.3,0.4
2022-08-25,3050,0.55,0.65
2022-08-25,3052,0.7,0.85
2022-08-25,3056,412,417
2022-08-25,3057,361,366
2022-08-25,3058,502,507
2022-08-25,3059,515,520
2022-08-25,3070,430,440
2022-08-25,3079,0.7,0.85
2022-08-25,3086,0.8,0.95
2022-08-25,3098,,
2022-08-25,3100,45,80
2022-08-25,3101,,
2022-08-25,3102,,
2022-08-25,3104,,
2022-08-25,3123,,
2022-08-25,3124,,
2022-08-25,3126,1.2,1.4
2022-08-25,3127,,
2022-08-25,3128,,
2022-08-25,3129,,
2022-08-25,3130,,
2022-08-25,3133,,
2022-08-25,3134,,
2022-08-25,3135,0.15,0.18
2022-08-25,3136,0.21,0.24
2022-08-25,3137,0.22,0.25
2022-08-25,3138,0.29,0.32
2022-08-25,3139,0.6,0.75
2022-08-25,3140,0.75,0.9
2022-08-25,3141,0.6,0.75
2022-08-25,3142,0.75,0.9
2022-08-25,3143,0.53,0.7
2022-08-25,3144,0.7,0.8
2022-08-25,3145,0.53,0.7
2022-08-25,3146,0.7,0.8
2022-08-25,3147,,
2022-08-25,3148,0.3,0.35
2022-08-25,3149,0.35,0.45
2022-08-25,3150,0.4,0.45
2022-08-25,3151,0.45,0.55
2022-08-25,3152,0.4,0.5
2022-08-25,3153,0.45,0.55
2022-08-25,3154,0.65,0.8
2022-08-25,3155,0.8,0.9
2022-08-25,3156,1.05,1.15
2022-08-25,3157,,
2022-08-25,3158,,
2022-08-25,3159,,
2022-08-25,3160,,
2022-08-25,3161,,
2022-08-25,3162,,
2022-08-25,3163,,
2022-08-25,3164,,
2022-08-25,3165,,
2022-08-25,3166,,
2022-08-25,3167,,
2022-08-25,3168,,
2022-08-25,3169,,
2022-08-25,3170,,
2022-08-25,3171,0.75,0.9
2022-08-25,3172,0.75,0.9
2022-08-25,3173,0.7,0.8
2022-08-25,3174,0.7,0.8
2022-08-25,3175,0.35,0.45
2022-08-25,3176,0.45,0.55
2022-08-25,3177,1.05,1.15
2022-08-25,3178,,
2022-09-01,30,435,440
2022-09-01,31,435,455
2022-09-01,103,1660,1740
2022-09-01,104,1320,1400
2022-09-01,105,1210,1290
2022-09-01,106,1210,1290
2022-09-01,107,980,1060
2022-09-01,108,1370,1490
2022-09-01,109,1250,1330
2022-09-01,175,0.48,0.5
2022-09-01,176,0.65,0.68
2022-09-01,178,0.65,0.68
2022-09-01,186,,
2022-09-01,190,1.5,1.7
2022-09-01,194,,
2022-09-01,195,,
2022-09-01,196,1.8,2
2022-09-01,201,3.05,3.25
2022-09-01,202,,
2022-09-01,203,,
2022-09-01,204,1.5,1.7
2022-09-01,206,1.8,2.5
2022-09-01,210,2.05,2.4
2022-09-01,211,2.25,2.55
2022-09-01,213,1.9,2.1
2022-09-01,406,,
2022-09-01,407,,
2022-09-01,468,,
2022-09-01,482,2.7,2.9
2022-09-01,483,2.4,2.6
2022-09-01,513,,
2022-09-01,515,,
2022-09-01,586,0.65,0.8
2022-09-01,587,0.45,0.55
2022-09-01,614,1,1.1
2022-09-01,621,6,6.4
2022-09-01,628,1.8,2.1
2022-09-01,637,,
2022-09-01,681,1.8,2
2022-09-01,739,,
2022-09-01,760,,
2022-09-01,851,,
2022-09-01,1148,1.8,2.1
2022-09-01,1156,1.8,2.3
2022-09-01,1177,358,363
2022-09-01,1178,345,350
2022-09-01,1182,356,360
2022-09-01,1183,,
2022-09-01,1186,476,478
2022-09-01,1187,,
2022-09-01,1188,375,380
2022-09-01,1189,450,453
2022-09-01,1191,,
2022-09-01,1192,,
2022-09-01,1197,,
2022-09-01,1203,330,335
2022-09-01,1208,,
2022-09-01,1209,375,375
2022-09-01,1215,775,780
2022-09-01,1217,226,228
2022-09-01,1218,256,257
2022-09-01,1219,322,325
2022-09-01,1220,243,245
2022-09-01,1222,278,280
2022-09-01,1223,306,307
2022-09-01,1224,374,376
2022-09-01,1225,223,225
2022-09-01,1226,243,245
2022-09-01,1227,280,282
2022-09-01,1228,403,405
2022-09-01,1242,555,557
2022-09-01,1243,548,550
2022-09-01,1244,563,565
2022-09-01,1245,557,559
2022-09-01,1248,745,748
2022-09-01,1249,,
2022-09-01,1250,290,300
2022-09-01,1251,354,359
2022-09-01,1252,402,407
2022-09-01,1253,675,680
2022-09-01,1254,692,697
2022-09-01,1270,335,336
2022-09-01,1273,339,340
2022-09-01,1274,339,340
2022-09-01,1275,343,345
2022-09-01,1276,368,370
2022-09-01,1278,490,515
2022-09-01,1282,580,590
2022-09-01,1283,555,575
2022-09-01,1284,325,340
2022-09-01,1285,273,275
2022-09-01,1286,230,235
2022-09-01,1287,85,95
2022-09-01,1378,306,316
2022-09-01,1379,326,331
2022-09-01,1380,334,339
2022-09-01,1406,372,377
2022-09-01,1414,,
2022-09-01,1462,,
2022-09-01,1469,0.7,0.8
2022-09-01,1478,280,300
2022-09-01,1500,0.4,0.45
2022-09-01,1501,0.4,0.5
2022-09-01,1509,0.7,0.8
2022-09-01,1535,695,698
2022-09-01,1536,,
2022-09-01,1540,0.7,0.8
2022-09-01,1618,,
2022-09-01,1621,,
2022-09-01,1624,395,397
2022-09-01,1630,373,375
2022-09-01,1631,382,384
2022-09-01,1633,366,367
2022-09-01,1634,,
2022-09-01,1684,840,845
2022-09-01,1710,0.3,0.35
2022-09-01,1772,1.4,1.6
2022-09-01,1774,,
2022-09-01,1779,340,350
2022-09-01,1780,,
2022-09-01,1781,345,355
2022-09-01,1784,300,310
2022-09-01,1790,,
2022-09-01,1792,406,416
2022-09-01,1793,,
2022-09-01,1794,,
2022-09-01,1795,,
2022-09-01,1871,,
2022-09-01,1887,1.7,1.9
2022-09-01,1893,635,655
2022-09-01,1894,675,695
2022-09-01,1895,720,760
2022-09-01,1896,730,770
2022-09-01,1900,472,475
2022-09-01,1901,1385,1390
2022-09-01,1902,1285,1290
2022-09-01,1922,,
2022-09-01,1951,510,520
2022-09-01,1953,530,540
2022-09-01,1957,1.05,1.2
2022-09-01,1958,1.05,1.2
2022-09-01,1960,,
2022-09-01,1961,,
2022-09-01,1971,432,442
2022-09-01,1981,4,4.2
2022-09-01,1982,,
2022-09-01,1983,3.9,4.2
2022-09-01,1984,,
2022-09-01,1985,,
2022-09-01,1986,5,5.3
2022-09-01,1987,,
2022-09-01,1988,4.1,4.3
2022-09-01,1989,4.2,5.2
2022-09-01,1990,4.6,5.2
2022-09-01,1991,4.6,5.4
2022-09-01,1992,6,6.5
2022-09-01,1993,6,6.5
2022-09-01,1994,,
2022-09-01,1995,,
2022-09-01,1996,4.6,4.8
2022-09-01,1997,5,5.3
2022-09-01,1998,6.1,6.6
2022-09-01,1999,,
2022-09-01,2000,6,6.3
2022-09-01,2001,,
2022-09-01,2002,4.6,5.2
2022-09-01,2003,5.8,6
2022-09-01,2004,,
2022-09-01,2005,,
2022-09-01,2006,5.2,6.1
2022-09-01,2007,,
2022-09-01,2008,5.8,6.3
2022-09-01,2009,7,7.2
2022-09-01,2010,6.4,6.8
2022-09-01,2011,,
2022-09-01,2012,,
2022-09-01,2013,5.5,6
2022-09-01,2014,5,5.3
2022-09-01,2015,5.3,5.6
2022-09-01,2016,5.6,6
2022-09-01,2017,6.8,7
2022-09-01,2018,6.8,7
2022-09-01,2019,6.5,6.6
2022-09-01,2020,,
2022-09-01,2021,,
2022-09-01,2022,,
2022-09-01,2023,6.5,7
2022-09-01,2024,,
2022-09-01,2025,,
2022-09-01,2026,,
2022-09-01,2027,,
2022-09-01,2028,,
2022-09-01,2029,,
2022-09-01,2030,,
2022-09-01,2031,,
2022-09-01,2032,,
2022-09-01,2033,,
2022-09-01,2034,,
2022-09-01,2035,,
2022-09-01,2036,,
2022-09-01,2037,,
2022-09-01,2038,,
2022-09-01,2039,,
2022-09-01,2040,,
2022-09-01,2041,,
2022-09-01,2042,,
2022-09-01,2043,,
2022-09-01,2044,,
2022-09-01,2045,,
2022-09-01,2046,,
2022-09-01,2047,,
2022-09-01,2048,,
2022-09-01,2049,,
2022-09-01,2050,,
2022-09-01,2051,,
2022-09-01,2052,,
2022-09-01,2053,,
2022-09-01,2054,,
2022-09-01,2055,,
2022-09-01,2056,,
2022-09-01,2057,,
2022-09-01,2099,395,405
2022-09-01,2100,70,75
2022-09-01,2101,75,80
2022-09-01,2123,530,540
2022-09-01,2124,490,500
2022-09-01,2130,,
2022-09-01,2137,3.5,3.7
2022-09-01,2147,378,367
2022-09-01,2171,,
2022-09-01,2172,535,545
2022-09-01,2176,,
2022-09-01,2188,342,345
2022-09-01,2189,,
2022-09-01,2190,,
2022-09-01,2228,1.7,1.9
2022-09-01,2242,1.7,1.9
2022-09-01,2262,2300,2450
2022-09-01,2263,2650,2900
2022-09-01,2264,,
2022-09-01,2265,,
2022-09-01,2266,,
2022-09-01,2267,,
2022-09-01,2268,,
2022-09-01,2269,,
2022-09-01,2270,,
2022-09-01,2271,,
2022-09-01,2272,,
2022-09-01,2273,3000,3120
2022-09-01,2274,,
2022-09-01,2275,,
2022-09-01,2276,,
2022-09-01,2277,,
2022-09-01,2278,,2600
2022-09-01,2280,,
2022-09-01,2281,,
2022-09-01,2282,,
2022-09-01,2283,,
2022-09-01,2293,,
2022-09-01,2304,1.7,1.9
2022-09-01,2340,478,483
2022-09-01,2341,468,473
2022-09-01,2344,478,483
2022-09-01,2398,,
2022-09-01,2399,,
2022-09-01,2400,75,80
2022-09-01,2401,80,85
2022-09-01,2402,2500,2650
2022-09-01,2403,,
2022-09-01,2404,,
2022-09-01,2405,,
2022-09-01,2406,,
2022-09-01,2407,,
2022-09-01,2416,430,433
2022-09-01,2418,,
2022-09-01,2431,,
2022-09-01,2483,1.05,1.45
2022-09-01,2484,5.7,6.1
2022-09-01,2585,,
2022-09-01,2589,,
2022-09-01,2634,145,150
2022-09-01,2635,155,160
2022-09-01,2636,1882,1902
2022-09-01,2637,2387,2422
2022-09-01,2638,350,355
2022-09-01,2639,335,340
2022-09-01,2640,305,310
2022-09-01,2641,390,395
2022-09-01,2642,325,335
2022-09-01,2643,250,260
2022-09-01,2644,237,247
2022-09-01,2645,225,232
2022-09-01,2646,345,355
2022-09-01,2647,285,295
2022-09-01,2658,,
2022-09-01,2665,1.5,1.7
2022-09-01,2679,360,370
2022-09-01,2688,488,493
2022-09-01,2689,342,350
2022-09-01,2713,395,405
2022-09-01,2717,,
2022-09-01,2744,0.53,0.7
2022-09-01,2754,0.53,0.7
2022-09-01,2756,0.53,0.7
2022-09-01,2767,0.53,0.7
2022-09-01,2781,0.73,0.8
2022-09-01,2782,0.55,0.6
2022-09-01,2783,0.75,0.8
2022-09-01,2784,0.75,0.8
2022-09-01,2786,2,2.4
2022-09-01,2813,,
2022-09-01,2814,,
2022-09-01,2815,,
2022-09-01,2816,,
2022-09-01,2817,,
2022-09-01,2818,,
2022-09-01,2819,,
2022-09-01,2820,,
2022-09-01,2821,,
2022-09-01,2822,,
2022-09-01,2823,,
2022-09-01,2824,,
2022-09-01,2825,,
2022-09-01,2826,,
2022-09-01,2827,,
2022-09-01,2828,,
2022-09-01,2829,,
2022-09-01,2830,,
2022-09-01,2831,,
2022-09-01,2832,,
2022-09-01,2833,,
2022-09-01,2834,,
2022-09-01,2835,,
2022-09-01,2836,,
2022-09-01,2837,,
2022-09-01,2838,,
2022-09-01,2839,,
2022-09-01,2840,,
2022-09-01,2841,,
2022-09-01,2842,,
2022-09-01,2843,,
2022-09-01,2844,,
2022-09-01,2845,,
2022-09-01,2846,,
2022-09-01,2847,,
2022-09-01,2848,,
2022-09-01,2849,,
2022-09-01,2850,,
2022-09-01,2851,,
2022-09-01,2860,1.3,1.5
2022-09-01,2953,,
2022-09-01,2954,,
2022-09-01,2955,,
2022-09-01,2956,,
2022-09-01,2957,,
2022-09-01,2958,,
2022-09-01,2959,,
2022-09-01,2960,,
2022-09-01,2961,,
2022-09-01,2962,,
2022-09-01,2963,190,200
2022-09-01,2964,200,210
2022-09-01,2967,220,230
2022-09-01,2968,230,240
2022-09-01,2969,240,250
2022-09-01,2970,250,260
2022-09-01,2971,240,260
2022-09-01,2972,250,270
2022-09-01,2973,,
2022-09-01,2974,,
2022-09-01,2975,150,160
2022-09-01,2976,175,185
2022-09-01,2977,,
2022-09-01,2978,135,145
2022-09-01,2979,,
2022-09-01,2980,,
2022-09-01,2981,,
2022-09-01,2982,,
2022-09-01,2983,,
2022-09-01,2984,,
2022-09-01,2985,,
2022-09-01,2986,,
2022-09-01,2987,,
2022-09-01,2988,,
2022-09-01,2989,210,220
2022-09-01,2990,220,230
2022-09-01,2993,240,250
2022-09-01,2994,250,260
2022-09-01,2995,260,270
2022-09-01,2996,270,280
2022-09-01,2997,260,280
2022-09-01,2998,270,290
2022-09-01,2999,,
2022-09-01,3000,,
2022-09-01,3001,155,165
2022-09-01,3002,175,185
2022-09-01,3003,,
2022-09-01,3004,155,165
2022-09-01,3021,205,215
2022-09-01,3022,215,220
2022-09-01,3023,225,235
2022-09-01,3024,235,240
2022-09-01,3036,,
2022-09-01,3049,0.3,0.4
2022-09-01,3050,0.55,0.65
2022-09-01,3052,0.7,0.85
2022-09-01,3056,415,420
2022-09-01,3057,365,370
2022-09-01,3058,485,490
2022-09-01,3059,495,500
2022-09-01,3070,435,445
2022-09-01,3079,0.7,0.85
2022-09-01,3086,0.8,0.95
2022-09-01,3098,,
2022-09-01,3100,45,85
2022-09-01,3101,,
2022-09-01,3102,,
2022-09-01,3124,,
2022-09-01,3126,1.2,1.4
2022-09-01,3133,,
2022-09-01,3134,,
2022-09-01,3135,0.15,0.18
2022-09-01,3136,0.21,0.24
2022-09-01,3137,,
2022-09-01,3138,,
2022-09-01,3157,0.65,0.7
2022-09-01,3158,0.6,0.65
2022-09-01,3159,0.55,0.6
2022-09-01,3160,0.75,0.8
2022-09-01,3161,0.75,0.8
2022-09-01,3162,1.5,1.8
2022-09-01,3163,,
2022-09-01,3164,,
2022-09-01,3165,,
2022-09-01,3166,,
2022-09-01,3167,0.7,0.8
2022-09-01,3168,0.8,0.95
2022-09-01,3169,0.7,0.8
2022-09-01,3170,0.8,0.95
2022-09-01,3171,0.7,0.8
2022-09-01,3172,0.7,0.8
2022-09-01,3173,0.7,0.8
2022-09-01,3174,0.7,0.8
2022-09-01,3175,0.35,0.45
2022-09-01,3176,0.45,0.55
2022-09-01,3177,1.2,1.3
2022-09-01,3178,1.5,1.9
2022-09-01,3179,,
2022-09-01,3181,0.8,0.95
2022-09-01,3182,0.8,0.95
2022-09-01,3183,,
2022-09-01,3184,,
2022-09-01,3185,,
2022-09-01,3186,,
2022-09-01,3187,0.7,0.85
2022-09-01,3188,,
2022-09-01,3189,,
2022-09-01,3190,,
2022-09-01,3191,,
2022-09-08,30,435,440
2022-09-08,31,432,455
2022-09-08,103,1660,1740
2022-09-08,104,1320,1400
2022-09-08,105,1210,1290
2022-09-08,106,1210,1290
2022-09-08,107,980,1060
2022-09-08,108,1370,1490
2022-09-08,109,1250,1330
2022-09-08,175,0.48,0.5
2022-09-08,176,0.65,0.68
2022-09-08,178,0.65,0.68
2022-09-08,186,,
2022-09-08,190,1.5,1.7
2022-09-08,194,,
2022-09-08,195,,
2022-09-08,196,,
2022-09-08,201,3.05,3.25
2022-09-08,202,,
2022-09-08,203,,
2022-09-08,204,1.5,1.7
2022-09-08,206,1.7,2.4
2022-09-08,210,2.05,2.4
2022-09-08,211,2.25,2.55
2022-09-08,213,1.9,2.1
2022-09-08,468,,
2022-09-08,482,2.7,2.9
2022-09-08,483,2.4,2.6
2022-09-08,513,,
2022-09-08,515,,
2022-09-08,586,,
2022-09-08,587,,
2022-09-08,614,0.95,1.1
2022-09-08,615,0.9,1.15
2022-09-08,621,6,6.4
2022-09-08,628,1.7,2
2022-09-08,637,,
2022-09-08,681,1.8,2
2022-09-08,851,,
2022-09-08,1148,1.7,2
2022-09-08,1156,,
2022-09-08,1177,358,363
2022-09-08,1178,345,350
2022-09-08,1182,353,357
2022-09-08,1183,,
2022-09-08,1186,479,481
2022-09-08,1187,,
2022-09-08,1188,375,378
2022-09-08,1189,450,453
2022-09-08,1191,,
2022-09-08,1192,,
2022-09-08,1197,,
2022-09-08,1203,330,335
2022-09-08,1208,,
2022-09-08,1209,373,372
2022-09-08,1215,760,765
2022-09-08,1217,221,223
2022-09-08,1218,256,257
2022-09-08,1219,322,325
2022-09-08,1220,236,238
2022-09-08,1222,273,275
2022-09-08,1223,306,307
2022-09-08,1224,374,376
2022-09-08,1225,218,220
2022-09-08,1226,236,238
2022-09-08,1227,278,280
2022-09-08,1228,403,405
2022-09-08,1242,545,547
2022-09-08,1243,538,540
2022-09-08,1244,553,555
2022-09-08,1245,547,549
2022-09-08,1248,735,738
2022-09-08,1249,,
2022-09-08,1250,290,300
2022-09-08,1251,347,352
2022-09-08,1252,402,407
2022-09-08,1253,665,670
2022-09-08,1254,682,687
2022-09-08,1270,330,331
2022-09-08,1273,339,340
2022-09-08,1274,339,340
2022-09-08,1275,353,355
2022-09-08,1276,388,390
2022-09-08,1278,490,515
2022-09-08,1282,580,590
2022-09-08,1283,555,575
2022-09-08,1284,325,340
2022-09-08,1285,273,275
2022-09-08,1286,230,235
2022-09-08,1287,85,95
2022-09-08,1378,306,316
2022-09-08,1379,326,331
2022-09-08,1380,334,339
2022-09-08,1406,372,377
2022-09-08,1414,,
2022-09-08,1469,,
2022-09-08,1478,280,300
2022-09-08,1500,,
2022-09-08,1501,,
2022-09-08,1509,0.7,0.8
2022-09-08,1535,685,688
2022-09-08,1536,,
2022-09-08,1540,0.7,0.8
2022-09-08,1542,0.45,0.6
2022-09-08,1618,,
2022-09-08,1621,,
2022-09-08,1624,387,389
2022-09-08,1630,365,367
2022-09-08,1631,374,376
2022-09-08,1633,358,359
2022-09-08,1634,290,300
2022-09-08,1684,825,830
2022-09-08,1710,0.3,0.35
2022-09-08,1772,1.4,1.6
2022-09-08,1774,,
2022-09-08,1779,340,350
2022-09-08,1780,,
2022-09-08,1781,345,355
2022-09-08,1784,300,310
2022-09-08,1790,,
2022-09-08,1792,416,426
2022-09-08,1793,,
2022-09-08,1794,,
2022-09-08,1795,,
2022-09-08,1871,,
2022-09-08,1887,1.6,1.8
2022-09-08,1893,635,655
2022-09-08,1894,675,695
2022-09-08,1895,720,760
2022-09-08,1896,730,770
2022-09-08,1900,475,478
2022-09-08,1901,1395,1400
2022-09-08,1902,1285,1290
2022-09-08,1951,490,500
2022-09-08,1953,535,545
2022-09-08,1957,,
2022-09-08,1958,,
2022-09-08,1960,,
2022-09-08,1961,,
2022-09-08,1971,432,442
2022-09-08,1981,4,4.2
2022-09-08,1982,,
2022-09-08,1983,3.9,4.2
2022-09-08,1984,,
2022-09-08,1985,,
2022-09-08,1986,5,5.3
2022-09-08,1987,,
2022-09-08,1988,4.1,4.3
2022-09-08,1989,4.2,5.2
2022-09-08,1990,4.6,5.2
2022-09-08,1991,4.6,5.4
2022-09-08,1992,6,6.5
2022-09-08,1993,6,6.5
2022-09-08,1994,,
2022-09-08,1995,,
2022-09-08,1996,4.6,4.8
2022-09-08,1997,5,5.3
2022-09-08,1998,6.1,6.6
2022-09-08,1999,,
2022-09-08,2000,6,6.3
2022-09-08,2001,,
2022-09-08,2002,4.6,5.2
2022-09-08,2003,5.8,6
2022-09-08,2004,,
2022-09-08,2005,,
2022-09-08,2006,5.2,6.1
2022-09-08,2007,,
2022-09-08,2008,5.8,6.3
2022-09-08,2009,7,7.2
2022-09-08,2010,6.4,6.8
2022-09-08,2011,,
2022-09-08,2012,,
2022-09-08,2013,5.5,6
2022-09-08,2014,5,5.3
2022-09-08,2015,5.3,5.6
2022-09-08,2016,5.6,6
2022-09-08,2017,6.8,7
2022-09-08,2018,6.8,7
2022-09-08,2019,6.5,6.6
2022-09-08,2020,,
2022-09-08,2021,,
2022-09-08,2022,,
2022-09-08,2023,6.5,7
2022-09-08,2024,,
2022-09-08,2025,,
2022-09-08,2026,,
2022-09-08,2027,,
2022-09-08,2028,,
2022-09-08,2029,,
2022-09-08,2030,,
2022-09-08,2031,,
2022-09-08,2032,,
2022-09-08,2033,,
2022-09-08,2034,,
2022-09-08,2035,,
2022-09-08,2036,,
2022-09-08,2037,,
2022-09-08,2038,,
2022-09-08,2039,,
2022-09-08,2040,,
2022-09-08,2041,,
2022-09-08,2042,,
2022-09-08,2043,,
2022-09-08,2044,,
2022-09-08,2045,,
2022-09-08,2046,,
2022-09-08,2047,,
2022-09-08,2048,,
2022-09-08,2049,,
2022-09-08,2050,,
2022-09-08,2051,,
2022-09-08,2052,,
2022-09-08,2053,,
2022-09-08,2054,,
2022-09-08,2055,,
2022-09-08,2056,,
2022-09-08,2057,,
2022-09-08,2099,395,405
2022-09-08,2100,70,75
2022-09-08,2101,75,80
2022-09-08,2123,530,540
2022-09-08,2124,490,500
2022-09-08,2130,,
2022-09-08,2137,3.5,3.7
2022-09-08,2147,374,359
2022-09-08,2171,,
2022-09-08,2172,540,550
2022-09-08,2188,338,341
2022-09-08,2189,,
2022-09-08,2228,1.6,1.8
2022-09-08,2242,1.6,1.8
2022-09-08,2262,2400,2500
2022-09-08,2263,2650,2900
2022-09-08,2264,,
2022-09-08,2265,,
2022-09-08,2266,,
2022-09-08,2267,1500,1600
2022-09-08,2268,1500,1600
2022-09-08,2269,,
2022-09-08,2270,120,140
2022-09-08,2271,,
2022-09-08,2272,,
2022-09-08,2273,3050,3200
2022-09-08,2274,,
2022-09-08,2275,,
2022-09-08,2276,1320,1430
2022-09-08,2277,1650,1760
2022-09-08,2278,,2700
2022-09-08,2280,,
2022-09-08,2281,,
2022-09-08,2282,1650,1760
2022-09-08,2283,1650,1760
2022-09-08,2293,,
2022-09-08,2304,1.6,1.8
2022-09-08,2340,458,463
2022-09-08,2341,448,453
2022-09-08,2344,458,463
2022-09-08,2398,,
2022-09-08,2399,,
2022-09-08,2400,75,80
2022-09-08,2401,80,85
2022-09-08,2402,2600,2700
2022-09-08,2403,,
2022-09-08,2404,,
2022-09-08,2405,,
2022-09-08,2406,1200,1300
2022-09-08,2407,1500,1600
2022-09-08,2416,430,433
2022-09-08,2418,,
2022-09-08,2431,,
2022-09-08,2483,,
2022-09-08,2484,5.7,6.1
2022-09-08,2585,650,660
2022-09-08,2589,,
2022-09-08,2634,145,150
2022-09-08,2635,155,160
2022-09-08,2636,1892,1912
2022-09-08,2637,2407,2442
2022-09-08,2638,350,355
2022-09-08,2639,335,340
2022-09-08,2640,305,310
2022-09-08,2641,390,395
2022-09-08,2642,325,335
2022-09-08,2643,250,260
2022-09-08,2644,237,247
2022-09-08,2645,225,232
2022-09-08,2646,345,355
2022-09-08,2647,285,295
2022-09-08,2658,,
2022-09-08,2665,1.5,1.7
2022-09-08,2679,365,375
2022-09-08,2688,468,473
2022-09-08,2689,352,360
2022-09-08,2713,395,405
2022-09-08,2717,,
2022-09-08,2744,0.45,0.6
2022-09-08,2754,0.45,0.6
2022-09-08,2756,0.45,0.6
2022-09-08,2767,0.45,0.6
2022-09-08,2781,0.73,0.8
2022-09-08,2782,0.55,0.6
2022-09-08,2783,0.75,0.8
2022-09-08,2784,0.75,0.8
2022-09-08,2786,,
2022-09-08,2813,,
2022-09-08,2814,,
2022-09-08,2815,,
2022-09-08,2816,,
2022-09-08,2817,,
2022-09-08,2818,,
2022-09-08,2819,,
2022-09-08,2820,,
2022-09-08,2821,,
2022-09-08,2822,,
2022-09-08,2823,,
2022-09-08,2824,,
2022-09-08,2825,,
2022-09-08,2826,,
2022-09-08,2827,,
2022-09-08,2828,,
2022-09-08,2829,,
2022-09-08,2830,,
2022-09-08,2831,,
2022-09-08,2832,,
2022-09-08,2833,,
2022-09-08,2834,,
2022-09-08,2835,,
2022-09-08,2836,,
2022-09-08,2837,,
2022-09-08,2838,,
2022-09-08,2839,,
2022-09-08,2840,,
2022-09-08,2841,,
2022-09-08,2842,,
2022-09-08,2843,,
2022-09-08,2844,,
2022-09-08,2845,,
2022-09-08,2846,,
2022-09-08,2847,,
2022-09-08,2848,,
2022-09-08,2849,,
2022-09-08,2850,,
2022-09-08,2851,,
2022-09-08,2860,1.3,1.5
2022-09-08,2953,,
2022-09-08,2954,,
2022-09-08,2955,,
2022-09-08,2956,,
2022-09-08,2957,,
2022-09-08,2958,,
2022-09-08,2959,,
2022-09-08,2960,,
2022-09-08,2961,,
2022-09-08,2962,,
2022-09-08,2963,190,200
2022-09-08,2964,200,210
2022-09-08,2967,220,230
2022-09-08,2968,230,240
2022-09-08,2969,240,250
2022-09-08,2970,250,260
2022-09-08,2971,240,260
2022-09-08,2972,250,270
2022-09-08,2973,,
2022-09-08,2974,,
2022-09-08,2975,150,160
2022-09-08,2976,175,185
2022-09-08,2977,,
2022-09-08,2978,135,145
2022-09-08,2979,,
2022-09-08,2980,,
2022-09-08,2981,,
2022-09-08,2982,,
2022-09-08,2983,,
2022-09-08,2984,,
2022-09-08,2985,,
2022-09-08,2986,,
2022-09-08,2987,,
2022-09-08,2988,,
2022-09-08,2989,210,220
2022-09-08,2990,220,230
2022-09-08,2993,240,250
2022-09-08,2994,250,260
2022-09-08,2995,260,270
2022-09-08,2996,270,280
2022-09-08,2997,260,280
2022-09-08,2998,270,290
2022-09-08,2999,,
2022-09-08,3000,,
2022-09-08,3001,155,165
2022-09-08,3002,175,185
2022-09-08,3003,,
2022-09-08,3004,155,165
2022-09-08,3021,205,215
2022-09-08,3022,215,220
2022-09-08,3023,225,235
2022-09-08,3024,235,240
2022-09-08,3049,,
2022-09-08,3050,,
2022-09-08,3052,,
2022-09-08,3056,415,420
2022-09-08,3057,365,370
2022-09-08,3058,465,470
2022-09-08,3059,475,480
2022-09-08,3070,435,445
2022-09-08,3086,,
2022-09-08,3098,,
2022-09-08,3100,45,85
2022-09-08,3101,,
2022-09-08,3102,,
2022-09-08,3126,,
2022-09-08,3135,0.15,0.18
2022-09-08,3136,0.21,0.24
2022-09-08,3157,0.65,0.7
2022-09-08,3158,0.6,0.65
2022-09-08,3159,0.55,0.6
2022-09-08,3160,0.75,0.8
2022-09-08,3161,0.75,0.8
2022-09-08,3162,1.5,1.8
2022-09-08,3171,0.6,0.7
2022-09-08,3172,0.6,0.7
2022-09-08,3173,0.6,0.7
2022-09-08,3174,0.6,0.7
2022-09-08,3175,0.35,0.45
2022-09-08,3176,,
2022-09-08,3177,1.15,1.3
2022-09-08,3178,1.5,1.9
2022-09-08,3179,860,900
2022-09-08,3181,0.8,0.95
2022-09-08,3182,0.8,0.95
2022-09-08,3183,0.45,0.6
2022-09-08,3184,0.6,0.7
2022-09-08,3185,0.9,1.15
2022-09-08,3186,0.65,0.85
2022-09-08,3187,,
2022-09-08,3188,,
2022-09-08,3189,,
2022-09-08,3190,,
2022-09-08,3191,,
2022-09-08,3192,0.6,0.7
2022-09-08,3193,,
2022-09-08,3194,0.65,0.85
2022-09-08,3195,,
2022-09-08,3196,,
2022-09-08,3197,,
2022-09-08,3198,,
2022-09-08,3199,,
2022-09-08,3200,,
2022-09-15,30,435,440
2022-09-15,31,432,450
2022-09-15,103,1660,1740
2022-09-15,104,1320,1400
2022-09-15,105,1210,1290
2022-09-15,106,1210,1290
2022-09-15,107,980,1060
2022-09-15,108,1370,1490
2022-09-15,109,1250,1330
2022-09-15,175,0.53,0.55
2022-09-15,176,0.65,0.68
2022-09-15,178,0.65,0.68
2022-09-15,186,,
2022-09-15,190,1.5,1.7
2022-09-15,194,2.4,3
2022-09-15,195,2.4,3
2022-09-15,196,,
2022-09-15,201,3.05,3.25
2022-09-15,202,,
2022-09-15,203,,
2022-09-15,204,1.5,1.7
2022-09-15,206,1.8,2.5
2022-09-15,210,2.05,2.4
2022-09-15,211,2.25,2.55
2022-09-15,213,,
2022-09-15,468,,
2022-09-15,482,2.7,2.9
2022-09-15,483,2.4,2.6
2022-09-15,513,,
2022-09-15,515,,
2022-09-15,614,0.95,1.1
2022-09-15,615,0.9,1.15
2022-09-15,621,6,6.4
2022-09-15,628,1.7,2
2022-09-15,631,,
2022-09-15,637,,
2022-09-15,681,1.8,2
2022-09-15,851,,
2022-09-15,1148,1.7,2
2022-09-15,1156,,
2022-09-15,1177,358,363
2022-09-15,1178,345,350
2022-09-15,1182,348,352
2022-09-15,1183,,
2022-09-15,1186,479,481
2022-09-15,1187,,
2022-09-15,1188,373,376
2022-09-15,1189,450,453
2022-09-15,1191,,
2022-09-15,1192,,
2022-09-15,1197,,
2022-09-15,1203,330,335
2022-09-15,1208,,
2022-09-15,1209,371,370
2022-09-15,1215,760,765
2022-09-15,1217,217,219
2022-09-15,1218,252,253
2022-09-15,1219,322,325
2022-09-15,1220,228,230
2022-09-15,1222,269,271
2022-09-15,1223,302,303
2022-09-15,1224,374,376
2022-09-15,1225,214,216
2022-09-15,1226,228,230
2022-09-15,1227,268,270
2022-09-15,1228,403,405
2022-09-15,1242,576,578
2022-09-15,1243,569,571
2022-09-15,1244,584,586
2022-09-15,1245,578,580
2022-09-15,1248,735,738
2022-09-15,1249,,
2022-09-15,1250,290,300
2022-09-15,1251,347,352
2022-09-15,1252,402,407
2022-09-15,1253,650,660
2022-09-15,1254,662,667
2022-09-15,1270,330,331
2022-09-15,1273,339,340
2022-09-15,1274,339,340
2022-09-15,1275,360,362
2022-09-15,1276,390,392
2022-09-15,1278,,
2022-09-15,1282,580,590
2022-09-15,1283,555,575
2022-09-15,1284,325,340
2022-09-15,1285,273,275
2022-09-15,1286,230,235
2022-09-15,1287,85,95
2022-09-15,1378,306,316
2022-09-15,1379,326,331
2022-09-15,1380,334,339
2022-09-15,1406,372,377
2022-09-15,1414,,
2022-09-15,1478,280,300
2022-09-15,1509,,
2022-09-15,1535,685,688
2022-09-15,1536,,
2022-09-15,1540,,
2022-09-15,1542,0.35,0.5
2022-09-15,1549,0.2,0.25
2022-09-15,1618,,
2022-09-15,1621,1.9,2.1
2022-09-15,1624,382,384
2022-09-15,1630,360,362
2022-09-15,1631,367,369
2022-09-15,1633,357,358
2022-09-15,1634,290,300
2022-09-15,1684,825,830
2022-09-15,1710,0.3,0.35
2022-09-15,1772,1.4,1.6
2022-09-15,1774,,
2022-09-15,1779,340,350
2022-09-15,1780,,
2022-09-15,1781,355,365
2022-09-15,1784,300,310
2022-09-15,1790,,
2022-09-15,1792,416,426
2022-09-15,1793,,
2022-09-15,1794,,
2022-09-15,1795,,
2022-09-15,1871,,
2022-09-15,1887,1.6,1.8
2022-09-15,1893,635,655
2022-09-15,1894,675,695
2022-09-15,1895,720,760
2022-09-15,1896,730,770
2022-09-15,1900,475,478
2022-09-15,1901,1405,1410
2022-09-15,1902,1295,1300
2022-09-15,1951,490,500
2022-09-15,1953,535,545
2022-09-15,1960,,
2022-09-15,1961,,
2022-09-15,1971,432,442
2022-09-15,1981,4,4.2
2022-09-15,1982,,
2022-09-15,1983,3.9,4.2
2022-09-15,1984,,
2022-09-15,1985,,
2022-09-15,1986,5,5.3
2022-09-15,1987,,
2022-09-15,1988,4.1,4.3
2022-09-15,1989,4.2,5.2
2022-09-15,1990,4.6,5.2
2022-09-15,1991,4.6,5.4
2022-09-15,1992,6,6.5
2022-09-15,1993,6,6.5
2022-09-15,1994,,
2022-09-15,1995,,
2022-09-15,1996,4.6,4.8
2022-09-15,1997,5,5.3
2022-09-15,1998,6.1,6.6
2022-09-15,1999,,
2022-09-15,2000,6,6.3
2022-09-15,2001,,
2022-09-15,2002,4.6,5.2
2022-09-15,2003,5.8,6
2022-09-15,2004,,
2022-09-15,2005,,
2022-09-15,2006,5.2,6.1
2022-09-15,2007,,
2022-09-15,2008,5.8,6.3
2022-09-15,2009,7,7.2
2022-09-15,2010,6.4,6.8
2022-09-15,2011,,
2022-09-15,2012,,
2022-09-15,2013,5.5,6
2022-09-15,2014,5,5.3
2022-09-15,2015,5.3,5.6
2022-09-15,2016,5.6,6
2022-09-15,2017,6.8,7
2022-09-15,2018,6.8,7
2022-09-15,2019,6.5,6.6
2022-09-15,2020,,
2022-09-15,2021,,
2022-09-15,2022,,
2022-09-15,2023,6.5,7
2022-09-15,2024,,
2022-09-15,2025,,
2022-09-15,2026,,
2022-09-15,2027,,
2022-09-15,2028,,
2022-09-15,2029,,
2022-09-15,2030,,
2022-09-15,2031,,
2022-09-15,2032,,
2022-09-15,2033,,
2022-09-15,2034,,
2022-09-15,2035,,
2022-09-15,2036,,
2022-09-15,2037,,
2022-09-15,2038,,
2022-09-15,2039,,
2022-09-15,2040,,
2022-09-15,2041,,
2022-09-15,2042,,
2022-09-15,2043,,
2022-09-15,2044,,
2022-09-15,2045,,
2022-09-15,2046,,
2022-09-15,2047,,
2022-09-15,2048,,
2022-09-15,2049,,
2022-09-15,2050,,
2022-09-15,2051,,
2022-09-15,2052,,
2022-09-15,2053,,
2022-09-15,2054,,
2022-09-15,2055,,
2022-09-15,2056,,
2022-09-15,2057,,
2022-09-15,2099,395,405
2022-09-15,2100,70,75
2022-09-15,2101,75,80
2022-09-15,2122,0.28,0.33
2022-09-15,2123,530,540
2022-09-15,2124,490,500
2022-09-15,2130,,
2022-09-15,2137,3.5,3.7
2022-09-15,2147,374,358
2022-09-15,2171,,
2022-09-15,2172,540,550
2022-09-15,2188,336,339
2022-09-15,2189,430,440
2022-09-15,2228,1.6,1.8
2022-09-15,2242,1.6,1.8
2022-09-15,2262,2400,2500
2022-09-15,2263,2650,2900
2022-09-15,2264,,
2022-09-15,2265,,
2022-09-15,2266,,
2022-09-15,2267,1500,1600
2022-09-15,2268,1500,1600
2022-09-15,2269,,
2022-09-15,2270,120,140
2022-09-15,2271,,
2022-09-15,2272,,
2022-09-15,2273,3050,3170
2022-09-15,2274,,
2022-09-15,2275,,
2022-09-15,2276,1320,1430
2022-09-15,2277,1650,1760
2022-09-15,2278,,2700
2022-09-15,2280,,
2022-09-15,2281,,
2022-09-15,2282,1650,1760
2022-09-15,2283,1650,1760
2022-09-15,2285,,
2022-09-15,2293,,
2022-09-15,2304,1.6,1.8
2022-09-15,2340,458,463
2022-09-15,2341,448,453
2022-09-15,2344,458,463
2022-09-15,2398,,
2022-09-15,2399,,
2022-09-15,2400,75,80
2022-09-15,2401,80,85
2022-09-15,2402,2600,2700
2022-09-15,2403,,
2022-09-15,2404,,
2022-09-15,2405,,
2022-09-15,2406,1200,1300
2022-09-15,2407,1500,1600
2022-09-15,2416,430,433
2022-09-15,2418,,
2022-09-15,2431,,
2022-09-15,2484,5.7,6.1
2022-09-15,2585,635,645
2022-09-15,2589,,
2022-09-15,2634,145,150
2022-09-15,2635,155,160
2022-09-15,2636,1862,1882
2022-09-15,2637,2407,2442
2022-09-15,2638,350,355
2022-09-15,2639,335,340
2022-09-15,2640,305,310
2022-09-15,2641,390,395
2022-09-15,2642,325,335
2022-09-15,2643,250,260
2022-09-15,2644,237,247
2022-09-15,2645,225,232
2022-09-15,2646,345,355
2022-09-15,2647,285,295
2022-09-15,2658,,
2022-09-15,2665,1.5,1.7
2022-09-15,2679,370,380
2022-09-15,2688,468,473
2022-09-15,2689,352,360
2022-09-15,2713,405,415
2022-09-15,2717,,
2022-09-15,2744,0.35,0.5
2022-09-15,2754,,
2022-09-15,2756,0.35,0.5
2022-09-15,2767,0.35,0.5
2022-09-15,2781,0.73,0.8
2022-09-15,2782,0.6,0.65
2022-09-15,2783,0.75,0.8
2022-09-15,2784,0.75,0.8
2022-09-15,2786,,
2022-09-15,2813,,
2022-09-15,2814,,
2022-09-15,2815,,
2022-09-15,2816,,
2022-09-15,2817,,
2022-09-15,2818,,
2022-09-15,2819,,
2022-09-15,2820,,
2022-09-15,2821,,
2022-09-15,2822,,
2022-09-15,2823,,
2022-09-15,2824,,
2022-09-15,2825,,
2022-09-15,2826,,
2022-09-15,2827,,
2022-09-15,2828,,
2022-09-15,2829,,
2022-09-15,2830,,
2022-09-15,2831,,
2022-09-15,2832,,
2022-09-15,2833,,
2022-09-15,2834,,
2022-09-15,2835,,
2022-09-15,2836,,
2022-09-15,2837,,
2022-09-15,2838,,
2022-09-15,2839,,
2022-09-15,2840,,
2022-09-15,2841,,
2022-09-15,2842,,
2022-09-15,2843,,
2022-09-15,2844,,
2022-09-15,2845,,
2022-09-15,2846,,
2022-09-15,2847,,
2022-09-15,2848,,
2022-09-15,2849,,
2022-09-15,2850,,
2022-09-15,2851,,
2022-09-15,2860,1.3,1.5
2022-09-15,2953,,
2022-09-15,2954,,
2022-09-15,2955,,
2022-09-15,2956,,
2022-09-15,2957,,
2022-09-15,2958,,
2022-09-15,2959,,
2022-09-15,2960,,
2022-09-15,2961,,
2022-09-15,2962,,
2022-09-15,2963,190,200
2022-09-15,2964,200,210
2022-09-15,2967,220,230
2022-09-15,2968,230,240
2022-09-15,2969,240,250
2022-09-15,2970,250,260
2022-09-15,2971,240,260
2022-09-15,2972,250,270
2022-09-15,2973,,
2022-09-15,2974,,
2022-09-15,2975,150,160
2022-09-15,2976,175,185
2022-09-15,2977,,
2022-09-15,2978,135,145
2022-09-15,2979,,
2022-09-15,2980,,
2022-09-15,2981,,
2022-09-15,2982,,
2022-09-15,2983,,
2022-09-15,2984,,
2022-09-15,2985,,
2022-09-15,2986,,
2022-09-15,2987,,
2022-09-15,2988,,
2022-09-15,2989,210,220
2022-09-15,2990,220,230
2022-09-15,2993,240,250
2022-09-15,2994,250,260
2022-09-15,2995,260,270
2022-09-15,2996,270,280
2022-09-15,2997,260,280
2022-09-15,2998,270,290
2022-09-15,2999,,
2022-09-15,3000,,
2022-09-15,3001,155,165
2022-09-15,3002,175,185
2022-09-15,3003,,
2022-09-15,3004,155,165
2022-09-15,3021,205,215
2022-09-15,3022,215,220
2022-09-15,3023,225,235
2022-09-15,3024,235,240
2022-09-15,3056,415,420
2022-09-15,3057,365,370
2022-09-15,3058,465,470
2022-09-15,3059,475,480
2022-09-15,3070,440,450
2022-09-15,3098,,
2022-09-15,3100,45,85
2022-09-15,3101,,
2022-09-15,3102,,
2022-09-15,3126,,
2022-09-15,3135,0.2,0.23
2022-09-15,3136,0.26,0.29
2022-09-15,3157,0.65,0.7
2022-09-15,3158,0.6,0.65
2022-09-15,3159,0.6,0.65
2022-09-15,3160,0.75,0.8
2022-09-15,3161,0.75,0.8
2022-09-15,3162,1.5,1.8
2022-09-15,3171,0.5,0.6
2022-09-15,3172,0.5,0.6
2022-09-15,3173,,
2022-09-15,3174,0.5,0.6
2022-09-15,3175,0.35,0.45
2022-09-15,3177,1.15,1.3
2022-09-15,3178,1.5,1.9
2022-09-15,3179,860,900
2022-09-15,3181,,
2022-09-15,3182,,
2022-09-15,3188,0.55,0.7
2022-09-15,3189,0.55,0.65
2022-09-15,3190,0.5,0.65
2022-09-15,3191,,
2022-09-15,3192,0.5,0.6
2022-09-15,3193,0.2,0.25
2022-09-15,3194,0.65,0.85
2022-09-15,3195,0.28,0.33
2022-09-15,3196,0.4,0.45
2022-09-15,3197,0.55,0.7
2022-09-15,3198,0.55,0.65
2022-09-15,3199,0.5,0.65
2022-09-15,3200,,
2022-09-15,3201,0.4,0.45
2022-09-15,3202,,
2022-09-22,30,435,440
2022-09-22,31,432,450
2022-09-22,103,,
2022-09-22,104,,
2022-09-22,105,,
2022-09-22,106,,
2022-09-22,107,,
2022-09-22,108,,
2022-09-22,109,,
2022-09-22,175,0.53,0.55
2022-09-22,176,0.65,0.68
2022-09-22,178,0.65,0.68
2022-09-22,186,,
2022-09-22,190,1.5,1.7
2022-09-22,194,2.4,3
2022-09-22,195,2.4,3
2022-09-22,196,,
2022-09-22,201,3.05,3.25
2022-09-22,202,,
2022-09-22,203,,
2022-09-22,204,1.6,1.8
2022-09-22,206,2,2.7
2022-09-22,210,2.05,2.4
2022-09-22,211,2.25,2.55
2022-09-22,213,,
2022-09-22,468,1.5,1.9
2022-09-22,482,2.7,2.9
2022-09-22,483,2.4,2.6
2022-09-22,513,,
2022-09-22,515,,
2022-09-22,614,0.95,1.1
2022-09-22,615,0.9,1.15
2022-09-22,621,6,6.4
2022-09-22,628,1.6,1.9
2022-09-22,631,,
2022-09-22,637,,
2022-09-22,681,1.8,2
2022-09-22,851,1.5,1.9
2022-09-22,1148,1.6,1.9
2022-09-22,1156,1.9,2.6
2022-09-22,1177,358,363
2022-09-22,1178,345,350
2022-09-22,1182,348,352
2022-09-22,1183,615,620
2022-09-22,1186,501,503
2022-09-22,1187,,
2022-09-22,1188,373,376
2022-09-22,1189,452,455
2022-09-22,1191,,
2022-09-22,1192,,
2022-09-22,1197,,
2022-09-22,1203,330,335
2022-09-22,1208,,
2022-09-22,1209,371,375
2022-09-22,1215,760,765
2022-09-22,1217,210,212
2022-09-22,1218,242,243
2022-09-22,1219,317,320
2022-09-22,1220,221,223
2022-09-22,1222,262,264
2022-09-22,1223,292,293
2022-09-22,1224,369,371
2022-09-22,1225,207,209
2022-09-22,1226,221,223
2022-09-22,1227,258,260
2022-09-22,1228,403,405
2022-09-22,1242,616,618
2022-09-22,1243,609,611
2022-09-22,1244,624,626
2022-09-22,1245,618,620
2022-09-22,1248,765,768
2022-09-22,1249,,
2022-09-22,1250,290,300
2022-09-22,1251,352,357
2022-09-22,1252,402,407
2022-09-22,1253,635,660
2022-09-22,1254,662,667
2022-09-22,1270,330,331
2022-09-22,1273,339,340
2022-09-22,1274,339,340
2022-09-22,1275,370,372
2022-09-22,1276,390,392
2022-09-22,1278,460,490
2022-09-22,1282,580,590
2022-09-22,1283,555,575
2022-09-22,1284,325,340
2022-09-22,1285,273,275
2022-09-22,1286,230,235
2022-09-22,1287,85,95
2022-09-22,1378,306,316
2022-09-22,1379,326,331
2022-09-22,1380,334,339
2022-09-22,1406,372,377
2022-09-22,1414,,
2022-09-22,1478,280,300
2022-09-22,1535,715,718
2022-09-22,1536,,
2022-09-22,1542,0.35,0.5
2022-09-22,1549,0.2,0.25
2022-09-22,1618,,
2022-09-22,1621,1.9,2.1
2022-09-22,1624,382,384
2022-09-22,1630,360,362
2022-09-22,1631,367,369
2022-09-22,1633,355,356
2022-09-22,1634,290,300
2022-09-22,1684,825,830
2022-09-22,1710,0.3,0.35
2022-09-22,1772,,
2022-09-22,1774,,
2022-09-22,1779,340,350
2022-09-22,1780,,
2022-09-22,1781,355,365
2022-09-22,1784,300,310
2022-09-22,1790,,
2022-09-22,1792,416,426
2022-09-22,1793,,
2022-09-22,1794,,
2022-09-22,1795,,
2022-09-22,1801,0.3,0.4
2022-09-22,1871,,
2022-09-22,1887,1.6,1.8
2022-09-22,1893,635,655
2022-09-22,1894,675,695
2022-09-22,1895,720,760
2022-09-22,1896,730,770
2022-09-22,1900,497,500
2022-09-22,1901,1405,1410
2022-09-22,1902,1295,1300
2022-09-22,1951,490,500
2022-09-22,1953,535,545
2022-09-22,1960,,
2022-09-22,1961,,
2022-09-22,1971,432,442
2022-09-22,1981,4,4.2
2022-09-22,1982,,
2022-09-22,1983,3.9,4.2
2022-09-22,1984,,
2022-09-22,1985,,
2022-09-22,1986,5,5.3
2022-09-22,1987,,
2022-09-22,1988,4.1,4.3
2022-09-22,1989,4.2,5.2
2022-09-22,1990,4.6,5.2
2022-09-22,1991,4.6,5.4
2022-09-22,1992,6,6.5
2022-09-22,1993,6,6.5
2022-09-22,1994,,
2022-09-22,1995,,
2022-09-22,1996,4.6,4.8
2022-09-22,1997,5,5.3
2022-09-22,1998,6.1,6.6
2022-09-22,1999,,
2022-09-22,2000,6,6.3
2022-09-22,2001,,
2022-09-22,2002,4.6,5.2
2022-09-22,2003,5.8,6
2022-09-22,2004,,
2022-09-22,2005,,
2022-09-22,2006,5.2,6.1
2022-09-22,2007,,
2022-09-22,2008,5.8,6.3
2022-09-22,2009,7,7.2
2022-09-22,2010,6.4,6.8
2022-09-22,2011,,
2022-09-22,2012,,
2022-09-22,2013,5.5,6
2022-09-22,2014,5,5.3
2022-09-22,2015,5.3,5.6
2022-09-22,2016,5.6,6
2022-09-22,2017,6.8,7
2022-09-22,2018,6.8,7
2022-09-22,2019,6.5,6.6
2022-09-22,2020,,
2022-09-22,2021,,
2022-09-22,2022,,
2022-09-22,2023,6.5,7
2022-09-22,2024,,
2022-09-22,2025,,
2022-09-22,2026,,
2022-09-22,2027,,
2022-09-22,2028,,
2022-09-22,2029,,
2022-09-22,2030,,
2022-09-22,2031,,
2022-09-22,2032,,
2022-09-22,2033,,
2022-09-22,2034,,
2022-09-22,2035,,
2022-09-22,2036,,
2022-09-22,2037,,
2022-09-22,2038,,
2022-09-22,2039,,
2022-09-22,2040,,
2022-09-22,2041,,
2022-09-22,2042,,
2022-09-22,2043,,
2022-09-22,2044,,
2022-09-22,2045,,
2022-09-22,2046,,
2022-09-22,2047,,
2022-09-22,2048,,
2022-09-22,2049,,
2022-09-22,2050,,
2022-09-22,2051,,
2022-09-22,2052,,
2022-09-22,2053,,
2022-09-22,2054,,
2022-09-22,2055,,
2022-09-22,2056,,
2022-09-22,2057,,
2022-09-22,2099,395,405
2022-09-22,2100,70,75
2022-09-22,2101,75,80
2022-09-22,2122,0.28,0.33
2022-09-22,2123,530,540
2022-09-22,2124,490,500
2022-09-22,2130,980,1000
2022-09-22,2137,3.5,3.7
2022-09-22,2147,374,356
2022-09-22,2171,,
2022-09-22,2172,540,550
2022-09-22,2188,336,339
2022-09-22,2189,430,440
2022-09-22,2228,1.6,1.8
2022-09-22,2242,1.6,1.8
2022-09-22,2262,2400,2500
2022-09-22,2263,2650,2900
2022-09-22,2264,,
2022-09-22,2265,,
2022-09-22,2266,,
2022-09-22,2267,1500,1600
2022-09-22,2268,1500,1600
2022-09-22,2269,,
2022-09-22,2270,120,140
2022-09-22,2271,,
2022-09-22,2272,,
2022-09-22,2273,3050,3170
2022-09-22,2274,,
2022-09-22,2275,,
2022-09-22,2276,1320,1430
2022-09-22,2277,1650,1760
2022-09-22,2278,,2700
2022-09-22,2280,,
2022-09-22,2281,,
2022-09-22,2282,1650,1760
2022-09-22,2283,1650,1760
2022-09-22,2285,,
2022-09-22,2288,,
2022-09-22,2293,,
2022-09-22,2304,1.6,1.8
2022-09-22,2340,458,463
2022-09-22,2341,448,453
2022-09-22,2344,458,463
2022-09-22,2398,,
2022-09-22,2399,,
2022-09-22,2400,75,80
2022-09-22,2401,80,85
2022-09-22,2402,2600,2700
2022-09-22,2403,,
2022-09-22,2404,,
2022-09-22,2405,,
2022-09-22,2406,1200,1300
2022-09-22,2407,1500,1600
2022-09-22,2416,432,435
2022-09-22,2418,,
2022-09-22,2431,,
2022-09-22,2484,5.7,6.1
2022-09-22,2585,635,645
2022-09-22,2589,270,275
2022-09-22,2634,145,150
2022-09-22,2635,155,160
2022-09-22,2636,1892,1912
2022-09-22,2637,2477,2512
2022-09-22,2638,355,380
2022-09-22,2639,340,350
2022-09-22,2640,310,320
2022-09-22,2641,390,400
2022-09-22,2642,325,335
2022-09-22,2643,250,260
2022-09-22,2644,237,247
2022-09-22,2645,225,232
2022-09-22,2646,350,360
2022-09-22,2647,290,300
2022-09-22,2665,1.5,1.7
2022-09-22,2679,370,380
2022-09-22,2688,468,473
2022-09-22,2689,352,360
2022-09-22,2713,405,415
2022-09-22,2717,,
2022-09-22,2744,0.35,0.5
2022-09-22,2756,0.35,0.5
2022-09-22,2767,0.35,0.5
2022-09-22,2781,0.73,0.8
2022-09-22,2782,0.6,0.65
2022-09-22,2783,0.75,0.8
2022-09-22,2784,0.75,0.8
2022-09-22,2786,2.2,2.7
2022-09-22,2794,,
2022-09-22,2795,,
2022-09-22,2804,,
2022-09-22,2813,,
2022-09-22,2814,,
2022-09-22,2815,,
2022-09-22,2816,,
2022-09-22,2817,,
2022-09-22,2818,,
2022-09-22,2819,,
2022-09-22,2820,,
2022-09-22,2821,,
2022-09-22,2822,,
2022-09-22,2823,,
2022-09-22,2824,,
2022-09-22,2825,,
2022-09-22,2826,,
2022-09-22,2827,,
2022-09-22,2828,,
2022-09-22,2829,,
2022-09-22,2830,,
2022-09-22,2831,,
2022-09-22,2832,,
2022-09-22,2833,,
2022-09-22,2834,,
2022-09-22,2835,,
2022-09-22,2836,,
2022-09-22,2837,,
2022-09-22,2838,,
2022-09-22,2839,,
2022-09-22,2840,,
2022-09-22,2841,,
2022-09-22,2842,,
2022-09-22,2843,,
2022-09-22,2844,,
2022-09-22,2845,,
2022-09-22,2846,,
2022-09-22,2847,,
2022-09-22,2848,,
2022-09-22,2849,,
2022-09-22,2850,,
2022-09-22,2851,,
2022-09-22,2860,1.3,1.5
2022-09-22,2953,,
2022-09-22,2954,,
2022-09-22,2955,,
2022-09-22,2956,,
2022-09-22,2957,,
2022-09-22,2958,,
2022-09-22,2959,,
2022-09-22,2960,,
2022-09-22,2961,,
2022-09-22,2962,,
2022-09-22,2963,190,200
2022-09-22,2964,200,210
2022-09-22,2967,220,230
2022-09-22,2968,230,240
2022-09-22,2969,240,250
2022-09-22,2970,250,260
2022-09-22,2971,240,260
2022-09-22,2972,250,270
2022-09-22,2973,,
2022-09-22,2974,,
2022-09-22,2975,160,170
2022-09-22,2976,180,190
2022-09-22,2977,,
2022-09-22,2978,145,155
2022-09-22,2979,,
2022-09-22,2980,,
2022-09-22,2981,,
2022-09-22,2982,,
2022-09-22,2983,,
2022-09-22,2984,,
2022-09-22,2985,,
2022-09-22,2986,,
2022-09-22,2987,,
2022-09-22,2988,,
2022-09-22,2989,210,220
2022-09-22,2990,220,230
2022-09-22,2993,240,250
2022-09-22,2994,250,260
2022-09-22,2995,260,270
2022-09-22,2996,270,280
2022-09-22,2997,260,280
2022-09-22,2998,270,290
2022-09-22,2999,,
2022-09-22,3000,,
2022-09-22,3001,165,175
2022-09-22,3002,180,190
2022-09-22,3003,,
2022-09-22,3004,165,175
2022-09-22,3021,205,215
2022-09-22,3022,215,220
2022-09-22,3023,225,235
2022-09-22,3024,235,240
2022-09-22,3056,415,420
2022-09-22,3057,365,370
2022-09-22,3058,465,470
2022-09-22,3059,475,480
2022-09-22,3070,440,450
2022-09-22,3098,,
2022-09-22,3100,,
2022-09-22,3101,,
2022-09-22,3102,,
2022-09-22,3126,,
2022-09-22,3135,,
2022-09-22,3136,,
2022-09-22,3157,0.65,0.7
2022-09-22,3158,0.6,0.65
2022-09-22,3159,0.6,0.65
2022-09-22,3160,0.75,0.8
2022-09-22,3161,0.75,0.8
2022-09-22,3162,1.5,1.8
2022-09-22,3171,0.5,0.6
2022-09-22,3172,0.5,0.6
2022-09-22,3174,0.5,0.6
2022-09-22,3175,0.35,0.45
2022-09-22,3177,1.15,1.3
2022-09-22,3178,,
2022-09-22,3179,860,900
2022-09-22,3188,0.55,0.7
2022-09-22,3189,0.55,0.65
2022-09-22,3190,0.5,0.65
2022-09-22,3191,1.2,1.5
2022-09-22,3192,0.5,0.6
2022-09-22,3194,0.65,0.85
2022-09-22,3200,1.1,1.5
2022-09-22,3201,0.4,0.45
2022-09-22,3202,0.3,0.4
2022-09-22,3203,,
2022-09-22,3204,,
2022-09-29,30,435,440
2022-09-29,31,432,450
2022-09-29,103,1650,1780
2022-09-29,104,1310,1440
2022-09-29,105,1120,1250
2022-09-29,106,1120,1250
2022-09-29,107,950,1080
2022-09-29,108,1040,1200
2022-09-29,109,1230,1360
2022-09-29,175,0.55,0.6
2022-09-29,176,0.7,0.73
2022-09-29,178,0.65,0.68
2022-09-29,186,,
2022-09-29,190,1.5,1.7
2022-09-29,194,2.4,3
2022-09-29,195,2.4,3
2022-09-29,196,,
2022-09-29,201,3.05,3.25
2022-09-29,202,,
2022-09-29,203,,
2022-09-29,204,1.6,1.8
2022-09-29,206,2.2,2.9
2022-09-29,210,2.1,2.45
2022-09-29,211,2.3,2.6
2022-09-29,213,,
2022-09-29,468,1.5,1.9
2022-09-29,482,2.7,2.9
2022-09-29,483,2.4,2.6
2022-09-29,513,,
2022-09-29,515,,
2022-09-29,614,,
2022-09-29,615,,
2022-09-29,621,6,6.4
2022-09-29,628,1.6,1.9
2022-09-29,631,,
2022-09-29,637,,
2022-09-29,681,1.7,1.9
2022-09-29,851,1.5,1.9
2022-09-29,1148,1.6,1.9
2022-09-29,1156,1.9,2.6
2022-09-29,1177,358,363
2022-09-29,1178,345,350
2022-09-29,1182,346,350
2022-09-29,1183,612,617
2022-09-29,1186,511,513
2022-09-29,1187,,
2022-09-29,1188,373,376
2022-09-29,1189,452,455
2022-09-29,1191,,
2022-09-29,1192,,
2022-09-29,1197,,
2022-09-29,1203,330,335
2022-09-29,1208,,
2022-09-29,1209,371,375
2022-09-29,1215,760,765
2022-09-29,1217,208,210
2022-09-29,1218,234,235
2022-09-29,1219,307,310
2022-09-29,1220,216,218
2022-09-29,1222,260,262
2022-09-29,1223,284,285
2022-09-29,1224,359,361
2022-09-29,1225,205,207
2022-09-29,1226,216,218
2022-09-29,1227,253,255
2022-09-29,1228,398,400
2022-09-29,1242,586,588
2022-09-29,1243,579,581
2022-09-29,1244,594,596
2022-09-29,1245,588,590
2022-09-29,1248,733,736
2022-09-29,1249,,
2022-09-29,1250,290,300
2022-09-29,1251,355,360
2022-09-29,1252,397,402
2022-09-29,1253,625,660
2022-09-29,1254,657,662
2022-09-29,1270,333,334
2022-09-29,1273,349,350
2022-09-29,1274,349,350
2022-09-29,1275,388,390
2022-09-29,1276,390,392
2022-09-29,1278,460,490
2022-09-29,1282,600,610
2022-09-29,1283,585,595
2022-09-29,1284,350,360
2022-09-29,1285,290,300
2022-09-29,1286,255,265
2022-09-29,1287,90,100
2022-09-29,1378,306,316
2022-09-29,1379,326,331
2022-09-29,1380,334,339
2022-09-29,1406,372,377
2022-09-29,1414,,
2022-09-29,1478,280,300
2022-09-29,1535,683,686
2022-09-29,1536,,
2022-09-29,1542,0.35,0.5
2022-09-29,1549,0.2,0.25
2022-09-29,1618,,
2022-09-29,1621,1.9,2.1
2022-09-29,1624,382,384
2022-09-29,1630,360,362
2022-09-29,1631,367,369
2022-09-29,1633,355,356
2022-09-29,1634,290,300
2022-09-29,1684,825,830
2022-09-29,1710,,
2022-09-29,1774,,
2022-09-29,1779,340,350
2022-09-29,1780,,
2022-09-29,1781,360,370
2022-09-29,1784,300,310
2022-09-29,1790,,
2022-09-29,1792,416,426
2022-09-29,1793,835,850
2022-09-29,1794,1105,1200
2022-09-29,1795,660,675
2022-09-29,1801,0.3,0.4
2022-09-29,1871,,
2022-09-29,1887,1.5,1.7
2022-09-29,1893,635,655
2022-09-29,1894,675,695
2022-09-29,1895,720,760
2022-09-29,1896,730,770
2022-09-29,1900,507,510
2022-09-29,1901,1415,1420
2022-09-29,1902,1305,1310
2022-09-29,1951,495,505
2022-09-29,1953,535,545
2022-09-29,1960,,
2022-09-29,1961,,
2022-09-29,1971,432,442
2022-09-29,1981,4,4.2
2022-09-29,1982,,
2022-09-29,1983,3.9,4.2
2022-09-29,1984,,
2022-09-29,1985,,
2022-09-29,1986,5,5.3
2022-09-29,1987,,
2022-09-29,1988,4.1,4.3
2022-09-29,1989,4.2,5.2
2022-09-29,1990,4.6,5.2
2022-09-29,1991,4.6,5.4
2022-09-29,1992,6,6.5
2022-09-29,1993,6,6.5
2022-09-29,1994,,
2022-09-29,1995,,
2022-09-29,1996,4.6,4.8
2022-09-29,1997,5,5.3
2022-09-29,1998,6.1,6.6
2022-09-29,1999,,
2022-09-29,2000,6,6.3
2022-09-29,2001,,
2022-09-29,2002,4.6,5.2
2022-09-29,2003,5.8,6
2022-09-29,2004,,
2022-09-29,2005,,
2022-09-29,2006,5.2,6.1
2022-09-29,2007,,
2022-09-29,2008,5.8,6.3
2022-09-29,2009,7,7.2
2022-09-29,2010,6.4,6.8
2022-09-29,2011,,
2022-09-29,2012,,
2022-09-29,2013,5.5,6
2022-09-29,2014,5,5.3
2022-09-29,2015,5.3,5.6
2022-09-29,2016,5.6,6
2022-09-29,2017,6.8,7
2022-09-29,2018,6.8,7
2022-09-29,2019,6.5,6.6
2022-09-29,2020,,
2022-09-29,2021,,
2022-09-29,2022,,
2022-09-29,2023,6.5,7
2022-09-29,2024,,
2022-09-29,2025,,
2022-09-29,2026,,
2022-09-29,2027,,
2022-09-29,2028,,
2022-09-29,2029,,
2022-09-29,2030,,
2022-09-29,2031,,
2022-09-29,2032,,
2022-09-29,2033,,
2022-09-29,2034,,
2022-09-29,2035,,
2022-09-29,2036,,
2022-09-29,2037,,
2022-09-29,2038,,
2022-09-29,2039,,
2022-09-29,2040,,
2022-09-29,2041,,
2022-09-29,2042,,
2022-09-29,2043,,
2022-09-29,2044,,
2022-09-29,2045,,
2022-09-29,2046,,
2022-09-29,2047,,
2022-09-29,2048,,
2022-09-29,2049,,
2022-09-29,2050,,
2022-09-29,2051,,
2022-09-29,2052,,
2022-09-29,2053,,
2022-09-29,2054,,
2022-09-29,2055,,
2022-09-29,2056,,
2022-09-29,2057,,
2022-09-29,2099,395,405
2022-09-29,2100,70,75
2022-09-29,2101,75,80
2022-09-29,2122,0.28,0.33
2022-09-29,2123,530,540
2022-09-29,2124,490,500
2022-09-29,2130,980,1000
2022-09-29,2137,3.5,3.7
2022-09-29,2147,374,356
2022-09-29,2171,,
2022-09-29,2172,540,550
2022-09-29,2188,336,339
2022-09-29,2189,430,440
2022-09-29,2228,1.5,1.7
2022-09-29,2242,1.5,1.7
2022-09-29,2262,2400,2500
2022-09-29,2263,2650,2900
2022-09-29,2264,,
2022-09-29,2265,,
2022-09-29,2266,,
2022-09-29,2267,1500,1600
2022-09-29,2268,1500,1600
2022-09-29,2269,,
2022-09-29,2270,120,140
2022-09-29,2271,,
2022-09-29,2272,,
2022-09-29,2273,3050,3170
2022-09-29,2274,,
2022-09-29,2275,,
2022-09-29,2276,1320,1430
2022-09-29,2277,1650,1760
2022-09-29,2278,,2700
2022-09-29,2280,,
2022-09-29,2281,,
2022-09-29,2282,1650,1760
2022-09-29,2283,1650,1760
2022-09-29,2285,,
2022-09-29,2288,,
2022-09-29,2293,,
2022-09-29,2304,1.5,1.7
2022-09-29,2340,465,470
2022-09-29,2341,455,460
2022-09-29,2344,468,473
2022-09-29,2398,,
2022-09-29,2399,,
2022-09-29,2400,75,80
2022-09-29,2401,80,85
2022-09-29,2402,2600,2700
2022-09-29,2403,,
2022-09-29,2404,,
2022-09-29,2405,,
2022-09-29,2406,1200,1300
2022-09-29,2407,1500,1600
2022-09-29,2416,432,435
2022-09-29,2418,,
2022-09-29,2431,,
2022-09-29,2484,5.7,6.1
2022-09-29,2585,625,635
2022-09-29,2589,270,275
2022-09-29,2634,145,150
2022-09-29,2635,160,165
2022-09-29,2636,1932,1952
2022-09-29,2637,2517,2552
2022-09-29,2638,355,380
2022-09-29,2639,340,350
2022-09-29,2640,310,320
2022-09-29,2641,390,400
2022-09-29,2642,325,335
2022-09-29,2643,250,260
2022-09-29,2644,237,247
2022-09-29,2645,225,232
2022-09-29,2646,350,360
2022-09-29,2647,290,300
2022-09-29,2665,1.5,1.7
2022-09-29,2679,370,380
2022-09-29,2688,478,483
2022-09-29,2689,352,360
2022-09-29,2713,405,415
2022-09-29,2717,,
2022-09-29,2744,,
2022-09-29,2756,,
2022-09-29,2767,,
2022-09-29,2781,0.73,0.8
2022-09-29,2782,0.62,0.67
2022-09-29,2783,0.75,0.8
2022-09-29,2784,0.8,0.85
2022-09-29,2786,2.2,2.7
2022-09-29,2794,0.35,0.5
2022-09-29,2795,0.5,0.6
2022-09-29,2800,0.35,0.5
2022-09-29,2801,0.5,0.6
2022-09-29,2803,,
2022-09-29,2804,0.4,0.5
2022-09-29,2806,,
2022-09-29,2810,0.4,0.5
2022-09-29,2813,,
2022-09-29,2814,,
2022-09-29,2815,,
2022-09-29,2816,,
2022-09-29,2817,,
2022-09-29,2818,,
2022-09-29,2819,,
2022-09-29,2820,,
2022-09-29,2821,,
2022-09-29,2822,,
2022-09-29,2823,,
2022-09-29,2824,,
2022-09-29,2825,,
2022-09-29,2826,,
2022-09-29,2827,,
2022-09-29,2828,,
2022-09-29,2829,,
2022-09-29,2830,,
2022-09-29,2831,,
2022-09-29,2832,,
2022-09-29,2833,,
2022-09-29,2834,,
2022-09-29,2835,,
2022-09-29,2836,,
2022-09-29,2837,,
2022-09-29,2838,,
2022-09-29,2839,,
2022-09-29,2840,,
2022-09-29,2841,,
2022-09-29,2842,,
2022-09-29,2843,,
2022-09-29,2844,,
2022-09-29,2845,,
2022-09-29,2846,,
2022-09-29,2847,,
2022-09-29,2848,,
2022-09-29,2849,,
2022-09-29,2850,,
2022-09-29,2851,,
2022-09-29,2860,1.3,1.5
2022-09-29,2953,,
2022-09-29,2954,,
2022-09-29,2955,,
2022-09-29,2956,,
2022-09-29,2957,,
2022-09-29,2958,,
2022-09-29,2959,,
2022-09-29,2960,,
2022-09-29,2961,,
2022-09-29,2962,,
2022-09-29,2963,190,200
2022-09-29,2964,200,210
2022-09-29,2967,220,230
2022-09-29,2968,230,240
2022-09-29,2969,240,250
2022-09-29,2970,250,260
2022-09-29,2971,240,260
2022-09-29,2972,250,270
2022-09-29,2973,,
2022-09-29,2974,,
2022-09-29,2975,160,170
2022-09-29,2976,180,190
2022-09-29,2977,,
2022-09-29,2978,145,155
2022-09-29,2979,,
2022-09-29,2980,,
2022-09-29,2981,,
2022-09-29,2982,,
2022-09-29,2983,,
2022-09-29,2984,,
2022-09-29,2985,,
2022-09-29,2986,,
2022-09-29,2987,,
2022-09-29,2988,,
2022-09-29,2989,210,220
2022-09-29,2990,220,230
2022-09-29,2993,240,250
2022-09-29,2994,250,260
2022-09-29,2995,260,270
2022-09-29,2996,270,280
2022-09-29,2997,260,280
2022-09-29,2998,270,290
2022-09-29,2999,,
2022-09-29,3000,,
2022-09-29,3001,165,175
2022-09-29,3002,180,190
2022-09-29,3003,,
2022-09-29,3004,165,175
2022-09-29,3021,205,215
2022-09-29,3022,215,220
2022-09-29,3023,225,235
2022-09-29,3024,235,240
2022-09-29,3056,415,420
2022-09-29,3057,365,370
2022-09-29,3058,472,477
2022-09-29,3059,485,490
2022-09-29,3070,440,450
2022-09-29,3100,,
2022-09-29,3101,,
2022-09-29,3102,,
2022-09-29,3157,0.65,0.7
2022-09-29,3158,0.6,0.65
2022-09-29,3159,0.62,0.67
2022-09-29,3160,0.75,0.8
2022-09-29,3161,0.8,0.85
2022-09-29,3162,1.4,1.7
2022-09-29,3171,,
2022-09-29,3172,,
2022-09-29,3174,,
2022-09-29,3175,,
2022-09-29,3177,,
2022-09-29,3178,,
2022-09-29,3179,860,900
2022-09-29,3188,0.55,0.7
2022-09-29,3189,0.55,0.65
2022-09-29,3190,0.5,0.65
2022-09-29,3191,1.2,1.5
2022-09-29,3192,0.5,0.6
2022-09-29,3194,,
2022-09-29,3200,1.1,1.5
2022-09-29,3201,0.4,0.45
2022-09-29,3203,0.35,0.5
2022-09-29,3204,0.5,0.6
2022-09-29,3205,0.35,0.5
2022-09-29,3206,0.5,0.6
2022-09-29,3207,,
2022-10-06,30,435,440
2022-10-06,31,432,450
2022-10-06,103,1650,1780
2022-10-06,104,1310,1440
2022-10-06,105,1120,1250
2022-10-06,106,1120,1250
2022-10-06,107,950,1080
2022-10-06,108,1040,1200
2022-10-06,109,1230,1360
2022-10-06,175,0.55,0.6
2022-10-06,176,0.7,0.73
2022-10-06,178,0.65,0.68
2022-10-06,186,,
2022-10-06,190,1.5,1.7
2022-10-06,194,2.4,3
2022-10-06,195,2.4,3
2022-10-06,196,,
2022-10-06,201,3.05,3.25
2022-10-06,202,,
2022-10-06,203,,
2022-10-06,204,1.6,1.8
2022-10-06,206,2.2,2.9
2022-10-06,210,2.1,2.45
2022-10-06,211,2.3,2.6
2022-10-06,213,,
2022-10-06,468,1.5,1.9
2022-10-06,482,2.6,2.8
2022-10-06,483,2.3,2.5
2022-10-06,513,,
2022-10-06,515,,
2022-10-06,621,6,6.4
2022-10-06,628,1.5,1.8
2022-10-06,631,,
2022-10-06,637,,
2022-10-06,681,1.7,1.9
2022-10-06,851,1.5,1.9
2022-10-06,1148,1.5,1.8
2022-10-06,1156,2.1,2.6
2022-10-06,1177,362,367
2022-10-06,1178,349,354
2022-10-06,1182,346,350
2022-10-06,1183,608,613
2022-10-06,1186,511,513
2022-10-06,1187,,
2022-10-06,1188,376,379
2022-10-06,1189,452,455
2022-10-06,1191,,
2022-10-06,1192,,
2022-10-06,1197,,
2022-10-06,1203,330,335
2022-10-06,1208,,
2022-10-06,1209,374,380
2022-10-06,1215,760,765
2022-10-06,1217,208,210
2022-10-06,1218,234,235
2022-10-06,1219,300,303
2022-10-06,1220,214,216
2022-10-06,1222,260,262
2022-10-06,1223,284,285
2022-10-06,1224,352,354
2022-10-06,1225,205,207
2022-10-06,1226,214,216
2022-10-06,1227,250,252
2022-10-06,1228,398,400
2022-10-06,1242,566,568
2022-10-06,1243,559,561
2022-10-06,1244,574,576
2022-10-06,1245,568,570
2022-10-06,1248,716,719
2022-10-06,1249,,
2022-10-06,1250,290,300
2022-10-06,1251,362,367
2022-10-06,1252,397,402
2022-10-06,1253,610,635
2022-10-06,1254,642,647
2022-10-06,1270,338,339
2022-10-06,1273,349,350
2022-10-06,1274,349,350
2022-10-06,1275,388,390
2022-10-06,1276,388,390
2022-10-06,1278,460,490
2022-10-06,1282,600,610
2022-10-06,1283,585,595
2022-10-06,1284,350,360
2022-10-06,1285,290,300
2022-10-06,1286,255,265
2022-10-06,1287,90,100
2022-10-06,1378,306,316
2022-10-06,1379,326,331
2022-10-06,1380,334,339
2022-10-06,1406,376,381
2022-10-06,1414,,
2022-10-06,1478,280,300
2022-10-06,1535,666,669
2022-10-06,1536,,
2022-10-06,1542,,
2022-10-06,1618,,
2022-10-06,1621,1.9,2.1
2022-10-06,1624,382,384
2022-10-06,1630,360,362
2022-10-06,1631,367,369
2022-10-06,1633,355,356
2022-10-06,1634,290,300
2022-10-06,1684,825,830
2022-10-06,1774,,
2022-10-06,1779,340,350
2022-10-06,1780,,
2022-10-06,1781,360,370
2022-10-06,1784,295,305
2022-10-06,1790,,
2022-10-06,1792,416,426
2022-10-06,1793,835,850
2022-10-06,1794,1105,1200
2022-10-06,1795,660,675
2022-10-06,1801,0.3,0.4
2022-10-06,1871,,
2022-10-06,1887,1.5,1.7
2022-10-06,1893,635,655
2022-10-06,1894,675,695
2022-10-06,1895,720,760
2022-10-06,1896,730,770
2022-10-06,1900,507,510
2022-10-06,1901,1425,1430
2022-10-06,1902,1315,1320
2022-10-06,1951,500,510
2022-10-06,1953,535,545
2022-10-06,1960,,
2022-10-06,1961,,
2022-10-06,1971,432,442
2022-10-06,1981,4,4.2
2022-10-06,1982,,
2022-10-06,1983,3.9,4.2
2022-10-06,1984,,
2022-10-06,1985,,
2022-10-06,1986,5,5.3
2022-10-06,1987,,
2022-10-06,1988,4.1,4.3
2022-10-06,1989,4.2,5.2
2022-10-06,1990,4.6,5.2
2022-10-06,1991,4.6,5.4
2022-10-06,1992,6,6.5
2022-10-06,1993,6,6.5
2022-10-06,1994,,
2022-10-06,1995,,
2022-10-06,1996,4.6,4.8
2022-10-06,1997,5,5.3
2022-10-06,1998,6.1,6.6
2022-10-06,1999,,
2022-10-06,2000,6,6.3
2022-10-06,2001,,
2022-10-06,2002,4.6,5.2
2022-10-06,2003,5.8,6
2022-10-06,2004,,
2022-10-06,2005,,
2022-10-06,2006,5.2,6.1
2022-10-06,2007,,
2022-10-06,2008,5.8,6.3
2022-10-06,2009,7,7.2
2022-10-06,2010,6.4,6.8
2022-10-06,2011,,
2022-10-06,2012,,
2022-10-06,2013,5.5,6
2022-10-06,2014,5,5.3
2022-10-06,2015,5.3,5.6
2022-10-06,2016,5.6,6
2022-10-06,2017,6.8,7
2022-10-06,2018,6.8,7
2022-10-06,2019,6.5,6.6
2022-10-06,2020,,
2022-10-06,2021,,
2022-10-06,2022,,
2022-10-06,2023,6.5,7
2022-10-06,2024,,
2022-10-06,2025,,
2022-10-06,2026,,
2022-10-06,2027,,
2022-10-06,2028,,
2022-10-06,2029,,
2022-10-06,2030,,
2022-10-06,2031,,
2022-10-06,2032,,
2022-10-06,2033,,
2022-10-06,2034,,
2022-10-06,2035,,
2022-10-06,2036,,
2022-10-06,2037,,
2022-10-06,2038,,
2022-10-06,2039,,
2022-10-06,2040,,
2022-10-06,2041,,
2022-10-06,2042,,
2022-10-06,2043,,
2022-10-06,2044,,
2022-10-06,2045,,
2022-10-06,2046,,
2022-10-06,2047,,
2022-10-06,2048,,
2022-10-06,2049,,
2022-10-06,2050,,
2022-10-06,2051,,
2022-10-06,2052,,
2022-10-06,2053,,
2022-10-06,2054,,
2022-10-06,2055,,
2022-10-06,2056,,
2022-10-06,2057,,
2022-10-06,2099,395,405
2022-10-06,2100,70,75
2022-10-06,2101,75,80
2022-10-06,2122,0.28,0.33
2022-10-06,2123,530,540
2022-10-06,2124,490,500
2022-10-06,2130,980,1000
2022-10-06,2137,3.5,3.7
2022-10-06,2147,374,356
2022-10-06,2171,,
2022-10-06,2172,540,550
2022-10-06,2188,336,339
2022-10-06,2189,430,440
2022-10-06,2228,1.5,1.7
2022-10-06,2242,1.5,1.7
2022-10-06,2248,0.35,0.45
2022-10-06,2262,2400,2500
2022-10-06,2263,2650,2900
2022-10-06,2264,,
2022-10-06,2265,,
2022-10-06,2266,,
2022-10-06,2267,1500,1600
2022-10-06,2268,1500,1600
2022-10-06,2269,,
2022-10-06,2270,120,140
2022-10-06,2271,,
2022-10-06,2272,,
2022-10-06,2273,3000,3100
2022-10-06,2274,,
2022-10-06,2275,,
2022-10-06,2276,1320,1430
2022-10-06,2277,1650,1760
2022-10-06,2278,,2700
2022-10-06,2280,,
2022-10-06,2281,,
2022-10-06,2282,1650,1760
2022-10-06,2283,1650,1760
2022-10-06,2285,,
2022-10-06,2288,1.4,1.9
2022-10-06,2293,,
2022-10-06,2304,1.5,1.7
2022-10-06,2340,470,475
2022-10-06,2341,460,465
2022-10-06,2344,473,478
2022-10-06,2398,,
2022-10-06,2399,,
2022-10-06,2400,75,80
2022-10-06,2401,80,85
2022-10-06,2402,2550,2650
2022-10-06,2403,,
2022-10-06,2404,,
2022-10-06,2405,,
2022-10-06,2406,1200,1300
2022-10-06,2407,1500,1600
2022-10-06,2416,432,435
2022-10-06,2418,,
2022-10-06,2431,,
2022-10-06,2484,5.7,6.1
2022-10-06,2585,620,630
2022-10-06,2589,270,275
2022-10-06,2634,145,150
2022-10-06,2635,160,165
2022-10-06,2636,1932,1952
2022-10-06,2637,2517,2552
2022-10-06,2638,355,380
2022-10-06,2639,340,350
2022-10-06,2640,310,320
2022-10-06,2641,390,400
2022-10-06,2642,325,335
2022-10-06,2643,250,260
2022-10-06,2644,237,247
2022-10-06,2645,225,232
2022-10-06,2646,350,360
2022-10-06,2647,290,300
2022-10-06,2665,1.5,1.7
2022-10-06,2679,370,380
2022-10-06,2688,483,488
2022-10-06,2689,352,360
2022-10-06,2713,410,420
2022-10-06,2717,,
2022-10-06,2781,0.78,0.85
2022-10-06,2782,0.62,0.67
2022-10-06,2783,0.75,0.8
2022-10-06,2784,0.8,0.85
2022-10-06,2786,2.2,2.7
2022-10-06,2800,0.35,0.5
2022-10-06,2801,0.5,0.6
2022-10-06,2803,0.3,0.4
2022-10-06,2806,0.35,0.45
2022-10-06,2807,,
2022-10-06,2808,,
2022-10-06,2809,0.3,0.4
2022-10-06,2810,0.4,0.5
2022-10-06,2813,,
2022-10-06,2814,,
2022-10-06,2815,,
2022-10-06,2816,,
2022-10-06,2817,,
2022-10-06,2818,,
2022-10-06,2819,,
2022-10-06,2820,,
2022-10-06,2821,,
2022-10-06,2822,,
2022-10-06,2823,,
2022-10-06,2824,,
2022-10-06,2825,,
2022-10-06,2826,,
2022-10-06,2827,,
2022-10-06,2828,,
2022-10-06,2829,,
2022-10-06,2830,,
2022-10-06,2831,,
2022-10-06,2832,,
2022-10-06,2833,,
2022-10-06,2834,,
2022-10-06,2835,,
2022-10-06,2836,,
2022-10-06,2837,,
2022-10-06,2838,,
2022-10-06,2839,,
2022-10-06,2840,,
2022-10-06,2841,,
2022-10-06,2842,,
2022-10-06,2843,,
2022-10-06,2844,,
2022-10-06,2845,,
2022-10-06,2846,,
2022-10-06,2847,,
2022-10-06,2848,,
2022-10-06,2849,,
2022-10-06,2850,,
2022-10-06,2851,,
2022-10-06,2860,1.3,1.5
2022-10-06,2953,,
2022-10-06,2954,,
2022-10-06,2955,,
2022-10-06,2956,,
2022-10-06,2957,,
2022-10-06,2958,,
2022-10-06,2959,,
2022-10-06,2960,,
2022-10-06,2961,,
2022-10-06,2962,,
2022-10-06,2963,200,210
2022-10-06,2964,210,220
2022-10-06,2967,225,235
2022-10-06,2968,235,245
2022-10-06,2969,240,250
2022-10-06,2970,250,260
2022-10-06,2971,240,260
2022-10-06,2972,250,270
2022-10-06,2973,,
2022-10-06,2974,,
2022-10-06,2975,160,170
2022-10-06,2976,180,190
2022-10-06,2977,,
2022-10-06,2978,145,155
2022-10-06,2979,,
2022-10-06,2980,,
2022-10-06,2981,,
2022-10-06,2982,,
2022-10-06,2983,,
2022-10-06,2984,,
2022-10-06,2985,,
2022-10-06,2986,,
2022-10-06,2987,,
2022-10-06,2988,,
2022-10-06,2989,220,230
2022-10-06,2990,230,240
2022-10-06,2993,245,255
2022-10-06,2994,255,265
2022-10-06,2995,260,270
2022-10-06,2996,270,280
2022-10-06,2997,260,280
2022-10-06,2998,270,290
2022-10-06,2999,,
2022-10-06,3000,,
2022-10-06,3001,165,175
2022-10-06,3002,180,190
2022-10-06,3003,,
2022-10-06,3004,165,175
2022-10-06,3021,215,225
2022-10-06,3022,225,230
2022-10-06,3023,235,245
2022-10-06,3024,245,250
2022-10-06,3056,417,422
2022-10-06,3057,369,374
2022-10-06,3058,477,482
2022-10-06,3059,490,495
2022-10-06,3070,445,455
2022-10-06,3100,,
2022-10-06,3101,,
2022-10-06,3102,,
2022-10-06,3157,0.7,0.75
2022-10-06,3158,0.65,0.7
2022-10-06,3159,0.62,0.67
2022-10-06,3160,0.75,0.8
2022-10-06,3161,0.8,0.85
2022-10-06,3162,1.4,1.7
2022-10-06,3179,860,900
2022-10-06,3188,0.65,0.8
2022-10-06,3189,0.55,0.65
2022-10-06,3190,0.5,0.65
2022-10-06,3191,1.2,1.5
2022-10-06,3192,,
2022-10-06,3200,1.1,1.5
2022-10-06,3201,0.4,0.45
2022-10-06,3205,0.35,0.5
2022-10-06,3206,0.5,0.6
2022-10-06,3207,1.9,2.6
2022-10-13,30,435,440
2022-10-13,31,432,450
2022-10-13,103,1680,1810
2022-10-13,104,1400,1530
2022-10-13,105,1120,1250
2022-10-13,106,1120,1250
2022-10-13,107,950,1080
2022-10-13,108,1070,1230
2022-10-13,109,1230,1360
2022-10-13,175,0.55,0.6
2022-10-13,176,0.7,0.73
2022-10-13,178,0.65,0.68
2022-10-13,186,,
2022-10-13,190,1.5,1.7
2022-10-13,194,2.4,3
2022-10-13,195,2.4,3
2022-10-13,196,,
2022-10-13,201,3.05,3.25
2022-10-13,202,,
2022-10-13,203,,
2022-10-13,204,1.6,1.8
2022-10-13,206,2.2,2.9
2022-10-13,210,2.1,2.45
2022-10-13,211,2.3,2.6
2022-10-13,213,,
2022-10-13,468,1.5,1.9
2022-10-13,482,2.6,2.8
2022-10-13,483,2.3,2.5
2022-10-13,513,,
2022-10-13,515,,
2022-10-13,621,6,6.4
2022-10-13,628,1.5,1.8
2022-10-13,631,0.45,0.55
2022-10-13,637,,
2022-10-13,640,,
2022-10-13,681,1.7,1.9
2022-10-13,851,1.5,1.9
2022-10-13,1148,1.5,1.8
2022-10-13,1150,,
2022-10-13,1156,2.1,2.6
2022-10-13,1177,366,371
2022-10-13,1178,353,358
2022-10-13,1182,349,353
2022-10-13,1183,611,616
2022-10-13,1186,526,528
2022-10-13,1187,,
2022-10-13,1188,379,382
2022-10-13,1189,462,465
2022-10-13,1191,,
2022-10-13,1192,,
2022-10-13,1197,,
2022-10-13,1203,330,335
2022-10-13,1208,,
2022-10-13,1209,377,380
2022-10-13,1215,760,765
2022-10-13,1217,213,215
2022-10-13,1218,239,240
2022-10-13,1219,292,295
2022-10-13,1220,214,216
2022-10-13,1222,265,267
2022-10-13,1223,289,290
2022-10-13,1224,344,346
2022-10-13,1225,210,212
2022-10-13,1226,214,216
2022-10-13,1227,253,255
2022-10-13,1228,393,395
2022-10-13,1242,606,608
2022-10-13,1243,599,601
2022-10-13,1244,614,616
2022-10-13,1245,608,610
2022-10-13,1248,731,734
2022-10-13,1249,,
2022-10-13,1250,295,305
2022-10-13,1251,380,385
2022-10-13,1252,397,402
2022-10-13,1253,625,650
2022-10-13,1254,657,662
2022-10-13,1270,340,341
2022-10-13,1273,349,350
2022-10-13,1274,349,350
2022-10-13,1275,400,402
2022-10-13,1276,385,387
2022-10-13,1278,470,500
2022-10-13,1282,605,615
2022-10-13,1283,590,600
2022-10-13,1284,355,365
2022-10-13,1285,295,305
2022-10-13,1286,260,270
2022-10-13,1287,95,105
2022-10-13,1378,306,316
2022-10-13,1379,326,331
2022-10-13,1380,334,339
2022-10-13,1406,380,385
2022-10-13,1414,,
2022-10-13,1478,280,300
2022-10-13,1535,681,684
2022-10-13,1536,,
2022-10-13,1618,,
2022-10-13,1621,1.9,2.1
2022-10-13,1624,384,386
2022-10-13,1630,362,364
2022-10-13,1631,369,371
2022-10-13,1633,365,366
2022-10-13,1634,290,300
2022-10-13,1684,825,830
2022-10-13,1774,,
2022-10-13,1779,,
2022-10-13,1780,,
2022-10-13,1781,365,375
2022-10-13,1784,295,305
2022-10-13,1790,,
2022-10-13,1792,416,426
2022-10-13,1793,850,865
2022-10-13,1794,1155,1250
2022-10-13,1795,705,720
2022-10-13,1801,0.3,0.4
2022-10-13,1868,,
2022-10-13,1871,,
2022-10-13,1887,1.5,1.7
2022-10-13,1893,635,655
2022-10-13,1894,675,695
2022-10-13,1895,720,760
2022-10-13,1896,730,770
2022-10-13,1900,522,525
2022-10-13,1901,1425,1430
2022-10-13,1902,1315,1320
2022-10-13,1951,505,515
2022-10-13,1953,535,545
2022-10-13,1960,,
2022-10-13,1961,,
2022-10-13,1971,437,447
2022-10-13,1981,3.5,3.7
2022-10-13,1982,,
2022-10-13,1983,,
2022-10-13,1984,,
2022-10-13,1985,,
2022-10-13,1986,,
2022-10-13,1987,,
2022-10-13,1988,4,4.2
2022-10-13,1989,,
2022-10-13,1990,4.3,4.6
2022-10-13,1991,,
2022-10-13,1992,5.8,6.2
2022-10-13,1993,,
2022-10-13,1994,,
2022-10-13,1995,,
2022-10-13,1996,,
2022-10-13,1997,,
2022-10-13,1998,,
2022-10-13,1999,,
2022-10-13,2000,,
2022-10-13,2001,,
2022-10-13,2003,,
2022-10-13,2004,,
2022-10-13,2005,,
2022-10-13,2006,,
2022-10-13,2007,,
2022-10-13,2008,,
2022-10-13,2009,,
2022-10-13,2010,,
2022-10-13,2011,,
2022-10-13,2012,,
2022-10-13,2013,,
2022-10-13,2014,,
2022-10-13,2015,,
2022-10-13,2017,,
2022-10-13,2018,,
2022-10-13,2019,,
2022-10-13,2020,,
2022-10-13,2023,,
2022-10-13,2030,,
2022-10-13,2031,,
2022-10-13,2032,,
2022-10-13,2033,,
2022-10-13,2034,,
2022-10-13,2035,,
2022-10-13,2036,,
2022-10-13,2037,,
2022-10-13,2038,,
2022-10-13,2039,,
2022-10-13,2040,,
2022-10-13,2041,,
2022-10-13,2042,,
2022-10-13,2043,,
2022-10-13,2044,,
2022-10-13,2045,,
2022-10-13,2046,,
2022-10-13,2047,,
2022-10-13,2048,,
2022-10-13,2053,,
2022-10-13,2054,,
2022-10-13,2055,,
2022-10-13,2056,,
2022-10-13,2099,,
2022-10-13,2100,70,75
2022-10-13,2101,75,80
2022-10-13,2122,0.28,0.33
2022-10-13,2123,530,540
2022-10-13,2124,490,500
2022-10-13,2130,980,1000
2022-10-13,2137,3.5,3.7
2022-10-13,2147,380,
2022-10-13,2171,,
2022-10-13,2172,540,550
2022-10-13,2188,338,341
2022-10-13,2189,430,440
2022-10-13,2228,1.5,1.7
2022-10-13,2242,1.5,1.7
2022-10-13,2248,0.35,0.45
2022-10-13,2262,2400,2500
2022-10-13,2263,2650,2900
2022-10-13,2264,,
2022-10-13,2265,,
2022-10-13,2266,,
2022-10-13,2267,1500,1600
2022-10-13,2268,1500,1600
2022-10-13,2269,,
2022-10-13,2270,120,140
2022-10-13,2271,,
2022-10-13,2272,,
2022-10-13,2273,3080,3200
2022-10-13,2274,,
2022-10-13,2275,,
2022-10-13,2276,1320,1430
2022-10-13,2277,1650,1760
2022-10-13,2278,,2700
2022-10-13,2280,,
2022-10-13,2281,,
2022-10-13,2282,1650,1760
2022-10-13,2283,1650,1760
2022-10-13,2285,0.63,0.75
2022-10-13,2288,1.4,1.9
2022-10-13,2293,,
2022-10-13,2304,1.5,1.7
2022-10-13,2340,480,485
2022-10-13,2341,470,475
2022-10-13,2344,485,490
2022-10-13,2398,,
2022-10-13,2399,,
2022-10-13,2400,75,80
2022-10-13,2401,80,85
2022-10-13,2402,2620,2720
2022-10-13,2403,,
2022-10-13,2404,,
2022-10-13,2405,,
2022-10-13,2406,1200,1300
2022-10-13,2407,1500,1600
2022-10-13,2416,442,445
2022-10-13,2418,,
2022-10-13,2431,,
2022-10-13,2484,5.7,6.1
2022-10-13,2585,,
2022-10-13,2589,270,275
2022-10-13,2634,145,150
2022-10-13,2635,160,165
2022-10-13,2636,1972,1992
2022-10-13,2637,2557,2592
2022-10-13,2638,355,380
2022-10-13,2639,340,350
2022-10-13,2640,310,320
2022-10-13,2641,390,400
2022-10-13,2642,325,335
2022-10-13,2643,250,260
2022-10-13,2644,237,247
2022-10-13,2645,225,232
2022-10-13,2646,350,360
2022-10-13,2647,290,300
2022-10-13,2665,1.5,1.7
2022-10-13,2679,370,380
2022-10-13,2688,495,500
2022-10-13,2689,352,360
2022-10-13,2713,410,420
2022-10-13,2717,,
2022-10-13,2781,0.78,0.85
2022-10-13,2782,0.62,0.67
2022-10-13,2783,0.75,0.8
2022-10-13,2784,0.8,0.85
2022-10-13,2786,2.2,2.7
2022-10-13,2800,,
2022-10-13,2801,,
2022-10-13,2807,0.45,0.55
2022-10-13,2808,0.63,0.75
2022-10-13,2809,0.3,0.4
2022-10-13,2810,0.4,0.5
2022-10-13,2813,,
2022-10-13,2814,,
2022-10-13,2815,,
2022-10-13,2816,,
2022-10-13,2817,,
2022-10-13,2818,,
2022-10-13,2819,,
2022-10-13,2820,,
2022-10-13,2821,,
2022-10-13,2822,45,60
2022-10-13,2823,40,50
2022-10-13,2824,,
2022-10-13,2825,,
2022-10-13,2826,,
2022-10-13,2827,,
2022-10-13,2828,35,45
2022-10-13,2829,40,50
2022-10-13,2830,,
2022-10-13,2831,,
2022-10-13,2832,45,50
2022-10-13,2833,35,45
2022-10-13,2834,,
2022-10-13,2835,,
2022-10-13,2836,,
2022-10-13,2837,,
2022-10-13,2838,,
2022-10-13,2839,,
2022-10-13,2840,,
2022-10-13,2841,,
2022-10-13,2842,,
2022-10-13,2843,45,55
2022-10-13,2844,45,50
2022-10-13,2845,,
2022-10-13,2846,,
2022-10-13,2847,,
2022-10-13,2848,,
2022-10-13,2849,,
2022-10-13,2850,,
2022-10-13,2851,35,45
2022-10-13,2853,,
2022-10-13,2855,,
2022-10-13,2860,1.3,1.5
2022-10-13,2953,,
2022-10-13,2954,,
2022-10-13,2955,,
2022-10-13,2956,,
2022-10-13,2957,,
2022-10-13,2958,,
2022-10-13,2959,,
2022-10-13,2960,,
2022-10-13,2961,,
2022-10-13,2962,,
2022-10-13,2963,200,210
2022-10-13,2964,210,220
2022-10-13,2967,225,235
2022-10-13,2968,235,245
2022-10-13,2969,240,250
2022-10-13,2970,250,260
2022-10-13,2971,240,260
2022-10-13,2972,250,270
2022-10-13,2973,,
2022-10-13,2974,,
2022-10-13,2975,160,170
2022-10-13,2976,180,190
2022-10-13,2977,,
2022-10-13,2978,145,155
2022-10-13,2979,,
2022-10-13,2980,,
2022-10-13,2981,,
2022-10-13,2982,,
2022-10-13,2983,,
2022-10-13,2984,,
2022-10-13,2985,,
2022-10-13,2986,,
2022-10-13,2987,,
2022-10-13,2988,,
2022-10-13,2989,220,230
2022-10-13,2990,230,240
2022-10-13,2993,245,255
2022-10-13,2994,255,265
2022-10-13,2995,260,270
2022-10-13,2996,270,280
2022-10-13,2997,260,280
2022-10-13,2998,270,290
2022-10-13,2999,,
2022-10-13,3000,,
2022-10-13,3001,165,175
2022-10-13,3002,180,190
2022-10-13,3003,,
2022-10-13,3004,165,175
2022-10-13,3021,215,225
2022-10-13,3022,225,230
2022-10-13,3023,235,245
2022-10-13,3024,245,250
2022-10-13,3056,420,425
2022-10-13,3057,373,378
2022-10-13,3058,487,492
2022-10-13,3059,502,507
2022-10-13,3070,445,455
2022-10-13,3100,,
2022-10-13,3101,,
2022-10-13,3102,,
2022-10-13,3157,0.7,0.75
2022-10-13,3158,0.65,0.7
2022-10-13,3159,0.62,0.67
2022-10-13,3160,0.75,0.8
2022-10-13,3161,0.8,0.85
2022-10-13,3162,1.5,1.8
2022-10-13,3179,860,900
2022-10-13,3188,0.65,0.8
2022-10-13,3189,0.55,0.65
2022-10-13,3190,0.5,0.65
2022-10-13,3191,1.2,1.5
2022-10-13,3200,1.1,1.5
2022-10-13,3201,0.4,0.45
2022-10-13,3205,,
2022-10-13,3206,,
2022-10-13,3207,1.9,2.6
2022-10-13,3208,,
2022-10-13,3209,5.8,6.2
2022-10-13,3210,,
2022-10-13,3211,,
2022-10-13,3212,,
2022-10-13,3213,,
2022-10-13,3214,,
2022-10-13,3215,,
2022-10-13,3216,,
2022-10-13,3217,,
2022-10-13,3218,,
2022-10-13,3219,,
2022-10-20,30,435,440
2022-10-20,31,432,450
2022-10-20,103,1880,2010
2022-10-20,104,1500,1630
2022-10-20,105,1160,1290
2022-10-20,106,1120,1250
2022-10-20,107,950,1080
2022-10-20,108,1070,1230
2022-10-20,109,1270,1400
2022-10-20,175,0.55,0.6
2022-10-20,176,0.7,0.73
2022-10-20,178,0.65,0.68
2022-10-20,186,,
2022-10-20,190,1.5,1.7
2022-10-20,194,2.4,3
2022-10-20,195,2.4,3
2022-10-20,196,,
2022-10-20,201,3.05,3.25
2022-10-20,202,,
2022-10-20,203,,
2022-10-20,204,1.6,1.8
2022-10-20,206,2.2,2.9
2022-10-20,210,2.1,2.45
2022-10-20,211,2.3,2.6
2022-10-20,213,1.9,2.1
2022-10-20,468,1.5,1.9
2022-10-20,482,2.6,2.8
2022-10-20,483,2.3,2.5
2022-10-20,513,,
2022-10-20,515,,
2022-10-20,621,6,6.4
2022-10-20,628,1.5,1.8
2022-10-20,631,0.4,0.5
2022-10-20,637,,
2022-10-20,640,,
2022-10-20,681,1.7,1.9
2022-10-20,851,1.5,1.9
2022-10-20,1148,1.5,1.8
2022-10-20,1150,,
2022-10-20,1156,2.1,2.6
2022-10-20,1177,366,371
2022-10-20,1178,353,358
2022-10-20,1182,349,353
2022-10-20,1183,613,618
2022-10-20,1186,519,521
2022-10-20,1187,,
2022-10-20,1188,379,382
2022-10-20,1189,462,465
2022-10-20,1191,,
2022-10-20,1192,,
2022-10-20,1197,,
2022-10-20,1203,330,335
2022-10-20,1208,,
2022-10-20,1209,377,375
2022-10-20,1215,770,775
2022-10-20,1217,220,222
2022-10-20,1218,246,247
2022-10-20,1219,292,295
2022-10-20,1220,219,221
2022-10-20,1222,272,274
2022-10-20,1223,296,297
2022-10-20,1224,344,346
2022-10-20,1225,217,219
2022-10-20,1226,219,221
2022-10-20,1227,258,260
2022-10-20,1228,393,395
2022-10-20,1242,,
2022-10-20,1243,,
2022-10-20,1244,,
2022-10-20,1245,615,617
2022-10-20,1248,726,729
2022-10-20,1249,,
2022-10-20,1250,300,310
2022-10-20,1251,385,390
2022-10-20,1252,397,402
2022-10-20,1253,620,645
2022-10-20,1254,657,662
2022-10-20,1270,340,341
2022-10-20,1273,349,350
2022-10-20,1274,349,350
2022-10-20,1275,412,414
2022-10-20,1276,385,387
2022-10-20,1278,470,500
2022-10-20,1282,605,615
2022-10-20,1283,590,600
2022-10-20,1284,360,370
2022-10-20,1285,300,310
2022-10-20,1286,265,275
2022-10-20,1287,100,110
2022-10-20,1378,306,316
2022-10-20,1379,326,331
2022-10-20,1380,334,339
2022-10-20,1406,380,385
2022-10-20,1414,,
2022-10-20,1478,280,300
2022-10-20,1535,676,679
2022-10-20,1536,,
2022-10-20,1618,,
2022-10-20,1621,,
2022-10-20,1624,383,385
2022-10-20,1630,361,363
2022-10-20,1631,368,370
2022-10-20,1633,361,362
2022-10-20,1634,290,300
2022-10-20,1684,835,840
2022-10-20,1774,,
2022-10-20,1779,,
2022-10-20,1780,,
2022-10-20,1781,365,375
2022-10-20,1784,295,305
2022-10-20,1790,,
2022-10-20,1792,416,426
2022-10-20,1793,950,965
2022-10-20,1794,1155,1250
2022-10-20,1795,755,770
2022-10-20,1801,0.3,0.4
2022-10-20,1868,,
2022-10-20,1871,,
2022-10-20,1887,1.5,1.7
2022-10-20,1893,635,655
2022-10-20,1894,675,695
2022-10-20,1895,720,760
2022-10-20,1896,730,770
2022-10-20,1900,515,518
2022-10-20,1901,1415,1420
2022-10-20,1902,1305,1310
2022-10-20,1951,508,518
2022-10-20,1953,540,550
2022-10-20,1960,,
2022-10-20,1961,,
2022-10-20,1971,437,447
2022-10-20,1981,3.5,3.7
2022-10-20,1982,,
2022-10-20,1983,,
2022-10-20,1984,,
2022-10-20,1985,,
2022-10-20,1986,,
2022-10-20,1987,,
2022-10-20,1988,4,4.2
2022-10-20,1989,,
2022-10-20,1990,4.3,4.6
2022-10-20,1991,,
2022-10-20,1992,5.8,6.2
2022-10-20,1993,,
2022-10-20,1994,,
2022-10-20,1995,,
2022-10-20,1996,,
2022-10-20,1997,,
2022-10-20,1998,,
2022-10-20,1999,,
2022-10-20,2000,,
2022-10-20,2001,,
2022-10-20,2003,,
2022-10-20,2004,,
2022-10-20,2005,,
2022-10-20,2006,,
2022-10-20,2007,,
2022-10-20,2008,,
2022-10-20,2009,,
2022-10-20,2010,,
2022-10-20,2011,,
2022-10-20,2012,,
2022-10-20,2013,,
2022-10-20,2014,,
2022-10-20,2015,,
2022-10-20,2017,,
2022-10-20,2018,,
2022-10-20,2019,,
2022-10-20,2020,,
2022-10-20,2023,,
2022-10-20,2030,,
2022-10-20,2031,,
2022-10-20,2032,,
2022-10-20,2033,,
2022-10-20,2034,,
2022-10-20,2035,,
2022-10-20,2036,,
2022-10-20,2037,,
2022-10-20,2038,,
2022-10-20,2039,,
2022-10-20,2040,,
2022-10-20,2041,,
2022-10-20,2042,,
2022-10-20,2043,,
2022-10-20,2044,,
2022-10-20,2045,,
2022-10-20,2046,,
2022-10-20,2047,,
2022-10-20,2048,,
2022-10-20,2053,,
2022-10-20,2054,,
2022-10-20,2055,,
2022-10-20,2056,,
2022-10-20,2099,,
2022-10-20,2100,70,75
2022-10-20,2101,75,80
2022-10-20,2122,,
2022-10-20,2123,530,540
2022-10-20,2124,490,500
2022-10-20,2130,970,990
2022-10-20,2137,3.5,3.7
2022-10-20,2147,379,
2022-10-20,2171,,
2022-10-20,2172,545,555
2022-10-20,2188,337,340
2022-10-20,2189,430,440
2022-10-20,2228,1.5,1.7
2022-10-20,2242,1.5,1.7
2022-10-20,2248,0.35,0.45
2022-10-20,2262,2400,2500
2022-10-20,2263,2650,2900
2022-10-20,2264,,
2022-10-20,2265,,
2022-10-20,2266,,
2022-10-20,2267,1500,1600
2022-10-20,2268,1500,1600
2022-10-20,2269,,
2022-10-20,2270,120,140
2022-10-20,2271,,
2022-10-20,2272,,
2022-10-20,2273,3180,3290
2022-10-20,2274,,
2022-10-20,2275,,
2022-10-20,2276,1320,1430
2022-10-20,2277,1650,1760
2022-10-20,2278,,2700
2022-10-20,2280,,
2022-10-20,2281,,
2022-10-20,2282,1650,1760
2022-10-20,2283,1650,1760
2022-10-20,2285,0.58,0.7
2022-10-20,2288,,
2022-10-20,2293,,
2022-10-20,2304,1.5,1.7
2022-10-20,2340,483,488
2022-10-20,2341,473,478
2022-10-20,2344,488,493
2022-10-20,2398,,
2022-10-20,2399,,
2022-10-20,2400,75,80
2022-10-20,2401,80,85
2022-10-20,2402,2700,2800
2022-10-20,2403,,
2022-10-20,2404,,
2022-10-20,2405,,
2022-10-20,2406,1200,1300
2022-10-20,2407,1500,1600
2022-10-20,2416,442,445
2022-10-20,2418,,
2022-10-20,2431,,
2022-10-20,2484,5.7,6.1
2022-10-20,2585,,
2022-10-20,2589,270,275
2022-10-20,2594,,
2022-10-20,2634,145,150
2022-10-20,2635,165,170
2022-10-20,2636,1972,1992
2022-10-20,2637,2557,2592
2022-10-20,2638,360,385
2022-10-20,2639,350,370
2022-10-20,2640,320,340
2022-10-20,2641,390,400
2022-10-20,2642,335,345
2022-10-20,2643,260,280
2022-10-20,2644,247,267
2022-10-20,2645,225,242
2022-10-20,2646,350,360
2022-10-20,2647,290,300
2022-10-20,2665,1.5,1.7
2022-10-20,2679,370,380
2022-10-20,2688,498,503
2022-10-20,2689,352,360
2022-10-20,2713,410,420
2022-10-20,2717,,
2022-10-20,2781,0.78,0.85
2022-10-20,2782,0.62,0.67
2022-10-20,2783,0.75,0.8
2022-10-20,2784,0.8,0.85
2022-10-20,2786,2.2,2.7
2022-10-20,2809,0.3,0.4
2022-10-20,2810,0.4,0.5
2022-10-20,2813,,
2022-10-20,2814,,
2022-10-20,2815,,
2022-10-20,2816,,
2022-10-20,2817,,
2022-10-20,2818,,
2022-10-20,2819,,
2022-10-20,2820,,
2022-10-20,2821,,
2022-10-20,2822,45,60
2022-10-20,2823,40,50
2022-10-20,2824,,
2022-10-20,2825,,
2022-10-20,2826,,
2022-10-20,2827,,
2022-10-20,2828,35,45
2022-10-20,2829,40,50
2022-10-20,2830,,
2022-10-20,2831,,
2022-10-20,2832,45,50
2022-10-20,2833,35,45
2022-10-20,2834,,
2022-10-20,2835,,
2022-10-20,2836,,
2022-10-20,2837,,
2022-10-20,2838,,
2022-10-20,2839,,
2022-10-20,2840,,
2022-10-20,2841,,
2022-10-20,2842,,
2022-10-20,2843,45,55
2022-10-20,2844,45,50
2022-10-20,2845,,
2022-10-20,2846,,
2022-10-20,2847,,
2022-10-20,2848,,
2022-10-20,2849,,
2022-10-20,2850,,
2022-10-20,2851,35,45
2022-10-20,2853,0.6,0.7
2022-10-20,2855,1.7,2
2022-10-20,2856,0.6,0.7
2022-10-20,2860,1.3,1.5
2022-10-20,2953,,
2022-10-20,2954,,
2022-10-20,2955,,
2022-10-20,2956,,
2022-10-20,2957,,
2022-10-20,2958,,
2022-10-20,2959,,
2022-10-20,2960,,
2022-10-20,2961,,
2022-10-20,2962,,
2022-10-20,2963,200,210
2022-10-20,2964,210,220
2022-10-20,2967,225,235
2022-10-20,2968,235,245
2022-10-20,2969,240,250
2022-10-20,2970,250,260
2022-10-20,2971,240,260
2022-10-20,2972,250,270
2022-10-20,2973,,
2022-10-20,2974,,
2022-10-20,2975,160,170
2022-10-20,2976,180,190
2022-10-20,2977,,
2022-10-20,2978,145,155
2022-10-20,2979,,
2022-10-20,2980,,
2022-10-20,2981,,
2022-10-20,2982,,
2022-10-20,2983,,
2022-10-20,2984,,
2022-10-20,2985,,
2022-10-20,2986,,
2022-10-20,2987,,
2022-10-20,2988,,
2022-10-20,2989,220,230
2022-10-20,2990,230,240
2022-10-20,2993,245,255
2022-10-20,2994,255,265
2022-10-20,2995,260,270
2022-10-20,2996,270,280
2022-10-20,2997,260,280
2022-10-20,2998,270,290
2022-10-20,2999,,
2022-10-20,3000,,
2022-10-20,3001,165,175
2022-10-20,3002,180,190
2022-10-20,3003,,
2022-10-20,3004,165,175
2022-10-20,3021,215,225
2022-10-20,3022,225,230
2022-10-20,3023,235,245
2022-10-20,3024,245,250
2022-10-20,3056,420,425
2022-10-20,3057,373,378
2022-10-20,3058,490,495
2022-10-20,3059,505,510
2022-10-20,3070,445,455
2022-10-20,3100,,
2022-10-20,3101,,
2022-10-20,3102,,
2022-10-20,3157,0.7,0.75
2022-10-20,3158,0.65,0.7
2022-10-20,3159,0.62,0.67
2022-10-20,3160,0.75,0.8
2022-10-20,3161,0.8,0.85
2022-10-20,3162,1.5,1.8
2022-10-20,3179,860,900
2022-10-20,3188,0.65,0.8
2022-10-20,3189,0.55,0.65
2022-10-20,3190,0.5,0.65
2022-10-20,3191,1.2,1.5
2022-10-20,3200,1.1,1.5
2022-10-20,3201,,
2022-10-20,3207,1.9,2.6
2022-10-20,3208,0.4,0.5
2022-10-20,3209,5.8,6.2
2022-10-20,3210,,
2022-10-20,3211,,
2022-10-20,3212,,
2022-10-20,3213,,
2022-10-20,3214,,
2022-10-20,3215,,
2022-10-20,3216,,
2022-10-20,3217,,
2022-10-20,3218,,
2022-10-20,3219,,
2022-10-20,3221,0.4,0.5
2022-10-20,3222,,
2022-10-20,3223,,
2022-10-27,30,435,440
2022-10-27,31,432,450
2022-10-27,103,1880,2010
2022-10-27,104,1500,1630
2022-10-27,105,1160,1290
2022-10-27,106,1160,1290
2022-10-27,107,950,1080
2022-10-27,108,1170,1290
2022-10-27,109,1270,1400
2022-10-27,175,0.55,0.6
2022-10-27,176,0.7,0.73
2022-10-27,178,0.65,0.68
2022-10-27,186,,
2022-10-27,190,1.5,1.7
2022-10-27,194,2.4,3
2022-10-27,195,2.4,3
2022-10-27,196,2.3,2.7
2022-10-27,201,3.05,3.25
2022-10-27,202,,
2022-10-27,203,,
2022-10-27,204,1.6,1.8
2022-10-27,206,2.2,2.9
2022-10-27,208,,
2022-10-27,210,2.1,2.45
2022-10-27,211,2.3,2.6
2022-10-27,213,1.9,2.1
2022-10-27,468,1.5,1.9
2022-10-27,482,2.6,2.8
2022-10-27,483,2.3,2.5
2022-10-27,513,,
2022-10-27,515,,
2022-10-27,621,6,6.4
2022-10-27,628,1.5,1.8
2022-10-27,631,0.4,0.5
2022-10-27,637,1.7,1.9
2022-10-27,640,2,2.2
2022-10-27,681,1.7,1.9
2022-10-27,851,1.5,1.9
2022-10-27,1148,1.5,1.8
2022-10-27,1150,2.1,2.3
2022-10-27,1156,2,2.5
2022-10-27,1165,,
2022-10-27,1177,366,371
2022-10-27,1178,353,358
2022-10-27,1182,349,353
2022-10-27,1183,613,618
2022-10-27,1186,506,508
2022-10-27,1187,,
2022-10-27,1188,377,380
2022-10-27,1189,462,465
2022-10-27,1191,,
2022-10-27,1192,,
2022-10-27,1197,,
2022-10-27,1203,330,335
2022-10-27,1208,,
2022-10-27,1209,375,375
2022-10-27,1215,770,775
2022-10-27,1217,235,237
2022-10-27,1218,261,262
2022-10-27,1219,292,295
2022-10-27,1220,235,237
2022-10-27,1222,287,289
2022-10-27,1223,311,312
2022-10-27,1224,344,346
2022-10-27,1225,232,234
2022-10-27,1226,235,237
2022-10-27,1227,270,272
2022-10-27,1228,393,395
2022-10-27,1242,,
2022-10-27,1243,,
2022-10-27,1244,,
2022-10-27,1245,610,612
2022-10-27,1248,712,715
2022-10-27,1249,,
2022-10-27,1250,305,315
2022-10-27,1251,402,407
2022-10-27,1252,397,402
2022-10-27,1253,620,643
2022-10-27,1254,647,652
2022-10-27,1270,340,341
2022-10-27,1273,349,350
2022-10-27,1274,349,350
2022-10-27,1275,412,414
2022-10-27,1276,385,387
2022-10-27,1278,470,500
2022-10-27,1282,605,615
2022-10-27,1283,590,600
2022-10-27,1284,360,370
2022-10-27,1285,300,310
2022-10-27,1286,265,275
2022-10-27,1287,100,110
2022-10-27,1378,306,316
2022-10-27,1379,326,331
2022-10-27,1380,334,339
2022-10-27,1406,380,385
2022-10-27,1414,,
2022-10-27,1478,,
2022-10-27,1535,662,665
2022-10-27,1536,,
2022-10-27,1618,,
2022-10-27,1621,,
2022-10-27,1624,381,383
2022-10-27,1630,359,361
2022-10-27,1631,366,368
2022-10-27,1633,355,356
2022-10-27,1634,290,300
2022-10-27,1684,835,840
2022-10-27,1774,,
2022-10-27,1779,,
2022-10-27,1780,,
2022-10-27,1781,365,375
2022-10-27,1784,295,305
2022-10-27,1790,,
2022-10-27,1792,416,426
2022-10-27,1793,950,965
2022-10-27,1794,1155,1250
2022-10-27,1795,755,770
2022-10-27,1801,0.3,0.4
2022-10-27,1868,1.8,2
2022-10-27,1871,,
2022-10-27,1887,1.5,1.7
2022-10-27,1893,635,655
2022-10-27,1894,675,695
2022-10-27,1895,720,760
2022-10-27,1896,730,770
2022-10-27,1900,500,503
2022-10-27,1901,1385,1390
2022-10-27,1902,1275,1280
2022-10-27,1951,508,518
2022-10-27,1953,550,560
2022-10-27,1960,,
2022-10-27,1961,,
2022-10-27,1971,442,452
2022-10-27,1981,3.5,3.7
2022-10-27,1982,,
2022-10-27,1983,,
2022-10-27,1984,,
2022-10-27,1985,,
2022-10-27,1986,,
2022-10-27,1987,,
2022-10-27,1988,4,4.2
2022-10-27,1989,,
2022-10-27,1990,4.3,4.6
2022-10-27,1991,,
2022-10-27,1992,5.8,6.2
2022-10-27,1993,,
2022-10-27,1994,,
2022-10-27,1995,,
2022-10-27,1996,,
2022-10-27,1997,,
2022-10-27,1998,,
2022-10-27,1999,,
2022-10-27,2000,,
2022-10-27,2001,,
2022-10-27,2003,,
2022-10-27,2004,,
2022-10-27,2005,,
2022-10-27,2006,,
2022-10-27,2007,,
2022-10-27,2008,,
2022-10-27,2009,,
2022-10-27,2010,,
2022-10-27,2011,,
2022-10-27,2012,,
2022-10-27,2013,,
2022-10-27,2014,,
2022-10-27,2015,,
2022-10-27,2017,,
2022-10-27,2018,,
2022-10-27,2019,,
2022-10-27,2020,,
2022-10-27,2023,,
2022-10-27,2030,,
2022-10-27,2031,,
2022-10-27,2032,,
2022-10-27,2033,,
2022-10-27,2034,,
2022-10-27,2035,,
2022-10-27,2036,,
2022-10-27,2037,,
2022-10-27,2038,,
2022-10-27,2039,,
2022-10-27,2040,,
2022-10-27,2041,,
2022-10-27,2042,,
2022-10-27,2043,,
2022-10-27,2044,,
2022-10-27,2045,,
2022-10-27,2046,,
2022-10-27,2047,,
2022-10-27,2048,,
2022-10-27,2053,,
2022-10-27,2054,,
2022-10-27,2055,,
2022-10-27,2056,,
2022-10-27,2099,,
2022-10-27,2100,70,75
2022-10-27,2101,75,80
2022-10-27,2123,530,540
2022-10-27,2124,490,500
2022-10-27,2130,970,990
2022-10-27,2137,3.5,3.7
2022-10-27,2147,378,
2022-10-27,2171,,
2022-10-27,2172,555,565
2022-10-27,2188,337,340
2022-10-27,2189,430,440
2022-10-27,2228,1.5,1.7
2022-10-27,2242,1.5,1.7
2022-10-27,2248,0.35,0.45
2022-10-27,2262,2400,2500
2022-10-27,2263,2650,2900
2022-10-27,2264,,
2022-10-27,2265,,
2022-10-27,2266,,
2022-10-27,2267,1500,1600
2022-10-27,2268,1500,1600
2022-10-27,2269,,
2022-10-27,2270,120,140
2022-10-27,2271,,
2022-10-27,2272,,
2022-10-27,2273,3180,3290
2022-10-27,2274,,
2022-10-27,2275,,
2022-10-27,2276,1320,1430
2022-10-27,2277,1650,1760
2022-10-27,2278,,2700
2022-10-27,2279,,3410
2022-10-27,2280,,
2022-10-27,2281,,
2022-10-27,2282,1650,1760
2022-10-27,2283,1650,1760
2022-10-27,2285,0.58,0.7
2022-10-27,2293,,
2022-10-27,2304,1.5,1.7
2022-10-27,2340,483,488
2022-10-27,2341,473,478
2022-10-27,2344,488,493
2022-10-27,2398,,
2022-10-27,2399,,
2022-10-27,2400,75,80
2022-10-27,2401,80,85
2022-10-27,2402,2700,2800
2022-10-27,2403,,
2022-10-27,2404,,
2022-10-27,2405,,
2022-10-27,2406,1200,1300
2022-10-27,2407,1500,1600
2022-10-27,2416,437,440
2022-10-27,2418,,
2022-10-27,2431,,
2022-10-27,2484,5.7,6.1
2022-10-27,2585,,
2022-10-27,2589,270,275
2022-10-27,2594,,
2022-10-27,2634,145,150
2022-10-27,2635,165,170
2022-10-27,2636,1952,1972
2022-10-27,2637,2537,2572
2022-10-27,2638,360,385
2022-10-27,2639,350,370
2022-10-27,2640,320,340
2022-10-27,2641,390,400
2022-10-27,2642,335,345
2022-10-27,2643,260,280
2022-10-27,2644,247,267
2022-10-27,2645,225,242
2022-10-27,2646,350,360
2022-10-27,2647,290,300
2022-10-27,2665,1.5,1.7
2022-10-27,2679,370,380
2022-10-27,2688,498,503
2022-10-27,2689,352,360
2022-10-27,2713,410,420
2022-10-27,2717,,
2022-10-27,2781,0.78,0.85
2022-10-27,2782,0.62,0.67
2022-10-27,2783,0.75,0.8
2022-10-27,2784,0.8,0.85
2022-10-27,2786,2.2,2.7
2022-10-27,2809,0.3,0.4
2022-10-27,2810,0.4,0.5
2022-10-27,2813,,
2022-10-27,2814,,
2022-10-27,2815,,
2022-10-27,2816,,
2022-10-27,2817,,
2022-10-27,2818,,
2022-10-27,2819,,
2022-10-27,2820,,
2022-10-27,2821,,
2022-10-27,2822,45,60
2022-10-27,2823,40,50
2022-10-27,2824,,
2022-10-27,2825,,
2022-10-27,2826,,
2022-10-27,2827,,
2022-10-27,2828,35,45
2022-10-27,2829,40,50
2022-10-27,2830,,
2022-10-27,2831,,
2022-10-27,2832,45,50
2022-10-27,2833,35,45
2022-10-27,2834,,
2022-10-27,2835,,
2022-10-27,2836,,
2022-10-27,2837,,
2022-10-27,2838,,
2022-10-27,2839,,
2022-10-27,2840,,
2022-10-27,2841,,
2022-10-27,2842,,
2022-10-27,2843,45,55
2022-10-27,2844,45,50
2022-10-27,2845,,
2022-10-27,2846,,
2022-10-27,2847,,
2022-10-27,2848,,
2022-10-27,2849,,
2022-10-27,2850,,
2022-10-27,2851,35,45
2022-10-27,2854,,2
2022-10-27,2855,1.7,2
2022-10-27,2856,0.6,0.7
2022-10-27,2860,1.3,1.5
2022-10-27,2953,,
2022-10-27,2954,,
2022-10-27,2955,,
2022-10-27,2956,,
2022-10-27,2957,,
2022-10-27,2958,,
2022-10-27,2959,,
2022-10-27,2960,,
2022-10-27,2961,,
2022-10-27,2962,,
2022-10-27,2963,200,210
2022-10-27,2964,210,220
2022-10-27,2967,225,235
2022-10-27,2968,235,245
2022-10-27,2969,240,250
2022-10-27,2970,250,260
2022-10-27,2971,240,260
2022-10-27,2972,250,270
2022-10-27,2973,,
2022-10-27,2974,,
2022-10-27,2975,160,170
2022-10-27,2976,180,190
2022-10-27,2977,,
2022-10-27,2978,145,155
2022-10-27,2979,,
2022-10-27,2980,,
2022-10-27,2981,,
2022-10-27,2982,,
2022-10-27,2983,,
2022-10-27,2984,,
2022-10-27,2985,,
2022-10-27,2986,,
2022-10-27,2987,,
2022-10-27,2988,,
2022-10-27,2989,220,230
2022-10-27,2990,230,240
2022-10-27,2993,245,255
2022-10-27,2994,255,265
2022-10-27,2995,260,270
2022-10-27,2996,270,280
2022-10-27,2997,260,280
2022-10-27,2998,270,290
2022-10-27,2999,,
2022-10-27,3000,,
2022-10-27,3001,165,175
2022-10-27,3002,180,190
2022-10-27,3003,,
2022-10-27,3004,165,175
2022-10-27,3021,215,225
2022-10-27,3022,225,230
2022-10-27,3023,235,245
2022-10-27,3024,245,250
2022-10-27,3056,420,425
2022-10-27,3057,373,378
2022-10-27,3058,490,495
2022-10-27,3059,505,510
2022-10-27,3070,445,455
2022-10-27,3100,,
2022-10-27,3101,,
2022-10-27,3102,,
2022-10-27,3157,0.7,0.75
2022-10-27,3158,0.65,0.7
2022-10-27,3159,0.62,0.67
2022-10-27,3160,0.75,0.8
2022-10-27,3161,0.8,0.85
2022-10-27,3162,1.5,1.8
2022-10-27,3179,860,900
2022-10-27,3188,0.65,0.8
2022-10-27,3189,0.55,0.65
2022-10-27,3190,0.5,0.65
2022-10-27,3191,1.2,1.5
2022-10-27,3200,1.1,1.5
2022-10-27,3207,1.9,2.6
2022-10-27,3209,5.8,6.2
2022-10-27,3210,,
2022-10-27,3211,,
2022-10-27,3212,,
2022-10-27,3213,,
2022-10-27,3214,,
2022-10-27,3215,,
2022-10-27,3216,,
2022-10-27,3217,,
2022-10-27,3218,,
2022-10-27,3219,,
2022-10-27,3220,,3410
2022-10-27,3221,0.4,0.5
2022-10-27,3222,,
2022-10-27,3223,,
2022-10-27,3224,,
2022-10-27,3225,,
2022-11-03,30,450,455
2022-11-03,31,447,465
2022-11-03,103,1880,2010
2022-11-03,104,1500,1630
2022-11-03,105,1160,1290
2022-11-03,106,1160,1290
2022-11-03,107,950,1080
2022-11-03,108,1170,1290
2022-11-03,109,1270,1400
2022-11-03,175,0.55,0.6
2022-11-03,176,0.7,0.73
2022-11-03,178,0.65,0.68
2022-11-03,186,,
2022-11-03,190,1.5,1.7
2022-11-03,194,2.3,2.8
2022-11-03,195,2.3,2.8
2022-11-03,196,2.3,2.7
2022-11-03,201,3.05,3.25
2022-11-03,202,,
2022-11-03,203,,
2022-11-03,204,1.6,1.8
2022-11-03,206,2.1,2.8
2022-11-03,208,,
2022-11-03,209,,
2022-11-03,210,2.1,2.45
2022-11-03,211,2.3,2.6
2022-11-03,213,1.9,2.1
2022-11-03,468,1.5,1.9
2022-11-03,482,2.6,2.8
2022-11-03,483,2.3,2.5
2022-11-03,513,,
2022-11-03,515,,
2022-11-03,621,6,6.4
2022-11-03,628,1.5,1.8
2022-11-03,631,0.4,0.5
2022-11-03,637,1.7,1.9
2022-11-03,640,2,2.2
2022-11-03,681,1.7,1.9
2022-11-03,851,1.5,1.9
2022-11-03,1148,1.5,1.8
2022-11-03,1150,2.1,2.3
2022-11-03,1156,2,2.4
2022-11-03,1165,1.7,1.9
2022-11-03,1177,366,371
2022-11-03,1178,353,358
2022-11-03,1182,349,353
2022-11-03,1183,610,615
2022-11-03,1186,518,520
2022-11-03,1187,,
2022-11-03,1188,377,380
2022-11-03,1189,462,465
2022-11-03,1191,,
2022-11-03,1192,,
2022-11-03,1197,,
2022-11-03,1203,330,335
2022-11-03,1208,,
2022-11-03,1209,375,378
2022-11-03,1215,770,775
2022-11-03,1217,250,252
2022-11-03,1218,276,277
2022-11-03,1219,297,300
2022-11-03,1220,253,255
2022-11-03,1222,302,304
2022-11-03,1223,326,327
2022-11-03,1224,349,351
2022-11-03,1225,247,249
2022-11-03,1226,253,255
2022-11-03,1227,283,285
2022-11-03,1228,398,400
2022-11-03,1242,,
2022-11-03,1243,,
2022-11-03,1244,,
2022-11-03,1245,616,618
2022-11-03,1248,722,725
2022-11-03,1249,,
2022-11-03,1250,310,320
2022-11-03,1251,410,415
2022-11-03,1252,397,402
2022-11-03,1253,615,643
2022-11-03,1254,647,652
2022-11-03,1270,340,341
2022-11-03,1273,349,350
2022-11-03,1274,349,350
2022-11-03,1275,412,414
2022-11-03,1276,385,387
2022-11-03,1278,470,500
2022-11-03,1282,605,615
2022-11-03,1283,590,600
2022-11-03,1284,360,370
2022-11-03,1285,300,310
2022-11-03,1286,265,275
2022-11-03,1287,100,110
2022-11-03,1378,306,316
2022-11-03,1379,326,331
2022-11-03,1380,334,339
2022-11-03,1406,380,385
2022-11-03,1414,,
2022-11-03,1478,,
2022-11-03,1535,672,675
2022-11-03,1536,,
2022-11-03,1618,,
2022-11-03,1621,,
2022-11-03,1624,381,383
2022-11-03,1630,359,361
2022-11-03,1631,366,368
2022-11-03,1633,358,359
2022-11-03,1634,290,300
2022-11-03,1684,835,840
2022-11-03,1774,,
2022-11-03,1779,,
2022-11-03,1780,,
2022-11-03,1781,365,375
2022-11-03,1784,307,317
2022-11-03,1790,,
2022-11-03,1792,416,426
2022-11-03,1793,950,965
2022-11-03,1794,1155,1250
2022-11-03,1795,755,770
2022-11-03,1801,0.3,0.4
2022-11-03,1868,1.8,2
2022-11-03,1871,,
2022-11-03,1887,1.5,1.7
2022-11-03,1893,635,655
2022-11-03,1894,675,695
2022-11-03,1895,720,760
2022-11-03,1896,730,770
2022-11-03,1900,512,515
2022-11-03,1901,1365,1370
2022-11-03,1902,1255,1260
2022-11-03,1951,508,518
2022-11-03,1953,,
2022-11-03,1960,,
2022-11-03,1961,,
2022-11-03,1971,450,460
2022-11-03,1981,3.5,3.7
2022-11-03,1982,,
2022-11-03,1983,,
2022-11-03,1984,,
2022-11-03,1985,,
2022-11-03,1986,,
2022-11-03,1987,,
2022-11-03,1988,4,4.2
2022-11-03,1989,,
2022-11-03,1990,4.3,4.6
2022-11-03,1991,,
2022-11-03,1992,5.8,6.2
2022-11-03,1993,,
2022-11-03,1994,,
2022-11-03,1995,,
2022-11-03,1996,,
2022-11-03,1997,,
2022-11-03,1998,,
2022-11-03,1999,,
2022-11-03,2000,,
2022-11-03,2001,,
2022-11-03,2003,,
2022-11-03,2004,,
2022-11-03,2005,,
2022-11-03,2006,,
2022-11-03,2007,,
2022-11-03,2008,,
2022-11-03,2009,,
2022-11-03,2010,,
2022-11-03,2011,,
2022-11-03,2012,,
2022-11-03,2013,,
2022-11-03,2014,,
2022-11-03,2015,,
2022-11-03,2017,,
2022-11-03,2018,,
2022-11-03,2019,,
2022-11-03,2020,,
2022-11-03,2023,,
2022-11-03,2030,,
2022-11-03,2031,,
2022-11-03,2032,,
2022-11-03,2033,,
2022-11-03,2034,,
2022-11-03,2035,,
2022-11-03,2036,,
2022-11-03,2037,,
2022-11-03,2038,,
2022-11-03,2039,,
2022-11-03,2040,,
2022-11-03,2041,,
2022-11-03,2042,,
2022-11-03,2043,,
2022-11-03,2044,,
2022-11-03,2045,,
2022-11-03,2046,,
2022-11-03,2047,,
2022-11-03,2048,,
2022-11-03,2053,,
2022-11-03,2054,,
2022-11-03,2055,,
2022-11-03,2056,,
2022-11-03,2099,,
2022-11-03,2100,70,75
2022-11-03,2101,75,80
2022-11-03,2123,530,540
2022-11-03,2124,490,500
2022-11-03,2130,970,990
2022-11-03,2137,3.5,3.7
2022-11-03,2147,378,
2022-11-03,2171,,
2022-11-03,2172,555,565
2022-11-03,2188,337,340
2022-11-03,2189,430,440
2022-11-03,2228,1.5,1.7
2022-11-03,2242,1.5,1.7
2022-11-03,2248,0.35,0.45
2022-11-03,2262,2400,2500
2022-11-03,2263,2650,2900
2022-11-03,2264,,
2022-11-03,2265,,
2022-11-03,2266,,
2022-11-03,2267,1500,1600
2022-11-03,2268,1500,1600
2022-11-03,2269,,
2022-11-03,2270,120,140
2022-11-03,2271,,
2022-11-03,2272,,
2022-11-03,2273,3180,3290
2022-11-03,2274,,
2022-11-03,2275,,
2022-11-03,2276,1320,1430
2022-11-03,2277,1650,1760
2022-11-03,2278,,2700
2022-11-03,2279,,3410
2022-11-03,2280,,
2022-11-03,2281,,
2022-11-03,2282,1650,1760
2022-11-03,2283,1650,1760
2022-11-03,2285,0.58,0.7
2022-11-03,2293,,
2022-11-03,2304,1.5,1.7
2022-11-03,2340,483,488
2022-11-03,2341,473,478
2022-11-03,2344,488,493
2022-11-03,2398,,
2022-11-03,2399,,
2022-11-03,2400,75,80
2022-11-03,2401,80,85
2022-11-03,2402,2700,2800
2022-11-03,2403,,
2022-11-03,2404,,
2022-11-03,2405,,
2022-11-03,2406,1200,1300
2022-11-03,2407,1500,1600
2022-11-03,2416,437,440
2022-11-03,2418,,
2022-11-03,2431,,
2022-11-03,2484,5.7,6.1
2022-11-03,2585,,
2022-11-03,2589,270,275
2022-11-03,2594,2.3,2.5
2022-11-03,2634,145,150
2022-11-03,2635,165,170
2022-11-03,2636,1952,1972
2022-11-03,2637,2537,2572
2022-11-03,2638,360,385
2022-11-03,2639,350,370
2022-11-03,2640,320,340
2022-11-03,2641,390,400
2022-11-03,2642,335,345
2022-11-03,2643,260,280
2022-11-03,2644,247,267
2022-11-03,2645,225,242
2022-11-03,2646,350,360
2022-11-03,2647,290,300
2022-11-03,2665,1.5,1.7
2022-11-03,2679,370,380
2022-11-03,2688,498,503
2022-11-03,2689,352,360
2022-11-03,2713,410,420
2022-11-03,2717,,
2022-11-03,2781,0.78,0.85
2022-11-03,2782,0.62,0.67
2022-11-03,2783,0.75,0.8
2022-11-03,2784,0.8,0.85
2022-11-03,2786,2.2,2.7
2022-11-03,2809,0.3,0.4
2022-11-03,2810,0.4,0.5
2022-11-03,2813,,
2022-11-03,2814,,
2022-11-03,2815,,
2022-11-03,2816,,
2022-11-03,2817,,
2022-11-03,2818,,
2022-11-03,2819,,
2022-11-03,2820,,
2022-11-03,2821,,
2022-11-03,2822,45,60
2022-11-03,2823,40,50
2022-11-03,2824,,
2022-11-03,2825,,
2022-11-03,2826,,
2022-11-03,2827,,
2022-11-03,2828,35,45
2022-11-03,2829,40,50
2022-11-03,2830,,
2022-11-03,2831,,
2022-11-03,2832,45,50
2022-11-03,2833,35,45
2022-11-03,2834,,
2022-11-03,2835,,
2022-11-03,2836,,
2022-11-03,2837,,
2022-11-03,2838,,
2022-11-03,2839,,
2022-11-03,2840,,
2022-11-03,2841,,
2022-11-03,2842,,
2022-11-03,2843,45,55
2022-11-03,2844,45,50
2022-11-03,2845,,
2022-11-03,2846,,
2022-11-03,2847,,
2022-11-03,2848,,
2022-11-03,2849,,
2022-11-03,2850,,
2022-11-03,2851,35,45
2022-11-03,2854,2,2.2
2022-11-03,2855,1.7,2
2022-11-03,2856,0.6,0.7
2022-11-03,2860,1.3,1.5
2022-11-03,2953,,
2022-11-03,2954,,
2022-11-03,2955,,
2022-11-03,2956,,
2022-11-03,2957,,
2022-11-03,2958,,
2022-11-03,2959,,
2022-11-03,2960,,
2022-11-03,2961,,
2022-11-03,2962,,
2022-11-03,2963,200,210
2022-11-03,2964,210,220
2022-11-03,2967,225,235
2022-11-03,2968,235,245
2022-11-03,2969,240,250
2022-11-03,2970,250,260
2022-11-03,2971,240,260
2022-11-03,2972,250,270
2022-11-03,2973,,
2022-11-03,2974,,
2022-11-03,2975,160,170
2022-11-03,2976,180,190
2022-11-03,2977,,
2022-11-03,2978,145,155
2022-11-03,2979,,
2022-11-03,2980,,
2022-11-03,2981,,
2022-11-03,2982,,
2022-11-03,2983,,
2022-11-03,2984,,
2022-11-03,2985,,
2022-11-03,2986,,
2022-11-03,2987,,
2022-11-03,2988,,
2022-11-03,2989,220,230
2022-11-03,2990,230,240
2022-11-03,2993,245,255
2022-11-03,2994,255,265
2022-11-03,2995,260,270
2022-11-03,2996,270,280
2022-11-03,2997,260,280
2022-11-03,2998,270,290
2022-11-03,2999,,
2022-11-03,3000,,
2022-11-03,3001,165,175
2022-11-03,3002,180,190
2022-11-03,3003,,
2022-11-03,3004,165,175
2022-11-03,3021,215,225
2022-11-03,3022,225,230
2022-11-03,3023,235,245
2022-11-03,3024,245,250
2022-11-03,3056,420,425
2022-11-03,3057,373,378
2022-11-03,3058,490,495
2022-11-03,3059,505,510
2022-11-03,3070,445,455
2022-11-03,3100,,
2022-11-03,3101,,
2022-11-03,3102,,
2022-11-03,3157,0.7,0.75
2022-11-03,3158,0.65,0.7
2022-11-03,3159,0.62,0.67
2022-11-03,3160,0.75,0.8
2022-11-03,3161,0.8,0.85
2022-11-03,3162,1.5,1.8
2022-11-03,3179,,
2022-11-03,3188,0.8,1
2022-11-03,3189,0.55,0.65
2022-11-03,3190,0.5,0.65
2022-11-03,3191,1.2,1.5
2022-11-03,3200,1.1,1.5
2022-11-03,3207,1.9,2.6
2022-11-03,3209,5.8,6.2
2022-11-03,3210,,
2022-11-03,3211,,
2022-11-03,3212,,
2022-11-03,3213,,
2022-11-03,3214,,
2022-11-03,3215,,
2022-11-03,3216,,
2022-11-03,3217,,
2022-11-03,3218,,
2022-11-03,3219,,
2022-11-03,3221,0.4,0.5
2022-11-03,3224,,
2022-11-03,3225,,
2022-11-10,30,450,455
2022-11-10,31,447,465
2022-11-10,103,1950,2080
2022-11-10,104,1600,1730
2022-11-10,105,1260,1390
2022-11-10,106,1160,1290
2022-11-10,107,950,1080
2022-11-10,108,1270,1390
2022-11-10,109,1370,1500
2022-11-10,175,0.55,0.6
2022-11-10,176,0.7,0.73
2022-11-10,178,0.65,0.68
2022-11-10,186,,
2022-11-10,190,1.5,1.7
2022-11-10,194,2.2,2.7
2022-11-10,195,2.2,2.7
2022-11-10,196,2.3,2.7
2022-11-10,201,3.05,3.25
2022-11-10,202,,
2022-11-10,203,1.9,2.6
2022-11-10,204,1.6,1.8
2022-11-10,206,2.1,2.8
2022-11-10,208,1.9,2.1
2022-11-10,209,1.4,1.6
2022-11-10,210,2.1,2.45
2022-11-10,211,2.3,2.6
2022-11-10,213,1.9,2.1
2022-11-10,468,1.5,1.9
2022-11-10,482,2.6,2.8
2022-11-10,483,2.3,2.5
2022-11-10,513,,
2022-11-10,621,6,6.4
2022-11-10,628,1.5,1.8
2022-11-10,631,0.4,0.5
2022-11-10,637,1.7,1.9
2022-11-10,640,2,2.2
2022-11-10,681,1.7,1.9
2022-11-10,851,1.5,1.9
2022-11-10,1148,1.5,1.8
2022-11-10,1150,2.1,2.3
2022-11-10,1156,1.9,2.3
2022-11-10,1165,1.7,1.9
2022-11-10,1177,364,369
2022-11-10,1178,351,356
2022-11-10,1182,349,353
2022-11-10,1183,603,608
2022-11-10,1186,508,510
2022-11-10,1187,,
2022-11-10,1188,374,377
2022-11-10,1189,462,465
2022-11-10,1191,,
2022-11-10,1192,,
2022-11-10,1197,,
2022-11-10,1203,330,335
2022-11-10,1208,,
2022-11-10,1209,372,373
2022-11-10,1215,770,775
2022-11-10,1217,273,275
2022-11-10,1218,299,300
2022-11-10,1219,307,310
2022-11-10,1220,276,278
2022-11-10,1222,325,327
2022-11-10,1223,349,350
2022-11-10,1224,359,361
2022-11-10,1225,270,272
2022-11-10,1226,276,278
2022-11-10,1227,298,300
2022-11-10,1228,398,400
2022-11-10,1242,,
2022-11-10,1243,,
2022-11-10,1244,,
2022-11-10,1245,591,593
2022-11-10,1248,697,700
2022-11-10,1249,,
2022-11-10,1250,310,320
2022-11-10,1251,403,408
2022-11-10,1252,397,402
2022-11-10,1253,610,638
2022-11-10,1254,642,647
2022-11-10,1270,340,341
2022-11-10,1273,349,350
2022-11-10,1274,349,350
2022-11-10,1275,412,414
2022-11-10,1276,385,387
2022-11-10,1278,475,500
2022-11-10,1282,615,625
2022-11-10,1283,600,610
2022-11-10,1284,370,380
2022-11-10,1285,310,320
2022-11-10,1286,265,275
2022-11-10,1287,100,110
2022-11-10,1378,306,316
2022-11-10,1379,326,331
2022-11-10,1380,334,339
2022-11-10,1406,378,383
2022-11-10,1414,,
2022-11-10,1478,,
2022-11-10,1535,647,650
2022-11-10,1536,,
2022-11-10,1618,,
2022-11-10,1621,,
2022-11-10,1624,379,381
2022-11-10,1630,357,359
2022-11-10,1631,364,366
2022-11-10,1633,354,355
2022-11-10,1634,290,300
2022-11-10,1684,835,840
2022-11-10,1774,,
2022-11-10,1779,,
2022-11-10,1780,,
2022-11-10,1781,365,375
2022-11-10,1784,307,317
2022-11-10,1790,,
2022-11-10,1792,416,426
2022-11-10,1793,985,1000
2022-11-10,1794,1200,1300
2022-11-10,1795,805,820
2022-11-10,1801,0.3,0.4
2022-11-10,1868,1.7,1.9
2022-11-10,1871,,
2022-11-10,1887,1.5,1.7
2022-11-10,1893,635,655
2022-11-10,1894,675,695
2022-11-10,1895,720,760
2022-11-10,1896,730,770
2022-11-10,1900,502,505
2022-11-10,1901,1340,1345
2022-11-10,1902,1230,1235
2022-11-10,1951,503,513
2022-11-10,1953,,
2022-11-10,1960,,
2022-11-10,1961,,
2022-11-10,1971,450,460
2022-11-10,1981,3.5,3.7
2022-11-10,1982,,
2022-11-10,1983,,
2022-11-10,1984,,
2022-11-10,1985,,
2022-11-10,1986,,
2022-11-10,1987,,
2022-11-10,1988,4,4.2
2022-11-10,1989,,
2022-11-10,1990,4.3,4.6
2022-11-10,1991,,
2022-11-10,1992,5.8,6.2
2022-11-10,1993,,
2022-11-10,1994,,
2022-11-10,1995,,
2022-11-10,1996,,
2022-11-10,1997,,
2022-11-10,1998,,
2022-11-10,1999,,
2022-11-10,2000,,
2022-11-10,2001,,
2022-11-10,2003,,
2022-11-10,2004,,
2022-11-10,2005,,
2022-11-10,2006,,
2022-11-10,2007,,
2022-11-10,2008,,
2022-11-10,2009,,
2022-11-10,2010,,
2022-11-10,2011,,
2022-11-10,2012,,
2022-11-10,2013,,
2022-11-10,2014,,
2022-11-10,2015,,
2022-11-10,2017,,
2022-11-10,2018,,
2022-11-10,2019,,
2022-11-10,2020,,
2022-11-10,2023,,
2022-11-10,2030,,
2022-11-10,2031,,
2022-11-10,2032,,
2022-11-10,2033,,
2022-11-10,2034,,
2022-11-10,2035,,
2022-11-10,2036,,
2022-11-10,2037,,
2022-11-10,2038,,
2022-11-10,2039,,
2022-11-10,2040,,
2022-11-10,2041,,
2022-11-10,2042,,
2022-11-10,2043,,
2022-11-10,2044,,
2022-11-10,2045,,
2022-11-10,2046,,
2022-11-10,2047,,
2022-11-10,2048,,
2022-11-10,2053,,
2022-11-10,2054,,
2022-11-10,2055,,
2022-11-10,2056,,
2022-11-10,2099,,
2022-11-10,2100,70,75
2022-11-10,2101,75,80
2022-11-10,2123,530,540
2022-11-10,2124,490,500
2022-11-10,2130,955,975
2022-11-10,2137,3.5,3.7
2022-11-10,2147,375,
2022-11-10,2171,,
2022-11-10,2172,555,565
2022-11-10,2188,337,340
2022-11-10,2189,,
2022-11-10,2228,1.5,1.7
2022-11-10,2242,1.5,1.7
2022-11-10,2248,0.35,0.45
2022-11-10,2262,2600,2700
2022-11-10,2263,2650,2900
2022-11-10,2264,,
2022-11-10,2265,,
2022-11-10,2266,,
2022-11-10,2267,1500,1600
2022-11-10,2268,1500,1600
2022-11-10,2269,,
2022-11-10,2270,120,140
2022-11-10,2271,,
2022-11-10,2272,,
2022-11-10,2273,3290,3410
2022-11-10,2274,,
2022-11-10,2275,,
2022-11-10,2276,1320,1430
2022-11-10,2277,1650,1760
2022-11-10,2278,,3180
2022-11-10,2279,,3410
2022-11-10,2280,,
2022-11-10,2281,,
2022-11-10,2282,1650,1760
2022-11-10,2283,1650,1760
2022-11-10,2285,0.58,0.7
2022-11-10,2293,,
2022-11-10,2304,1.5,1.7
2022-11-10,2340,478,483
2022-11-10,2341,468,473
2022-11-10,2344,483,488
2022-11-10,2398,,
2022-11-10,2399,,
2022-11-10,2400,75,80
2022-11-10,2401,80,85
2022-11-10,2402,2800,2900
2022-11-10,2403,,
2022-11-10,2404,,
2022-11-10,2405,,
2022-11-10,2406,1200,1300
2022-11-10,2407,1500,1600
2022-11-10,2416,437,440
2022-11-10,2418,,
2022-11-10,2431,,
2022-11-10,2484,5.7,6.1
2022-11-10,2585,,
2022-11-10,2589,270,275
2022-11-10,2594,2.3,2.5
2022-11-10,2634,145,150
2022-11-10,2635,165,170
2022-11-10,2636,1932,1952
2022-11-10,2637,2517,2552
2022-11-10,2638,360,385
2022-11-10,2639,350,370
2022-11-10,2640,320,340
2022-11-10,2641,390,400
2022-11-10,2642,335,345
2022-11-10,2643,260,280
2022-11-10,2644,247,267
2022-11-10,2645,225,242
2022-11-10,2646,350,360
2022-11-10,2647,290,300
2022-11-10,2665,1.5,1.7
2022-11-10,2679,370,380
2022-11-10,2688,493,498
2022-11-10,2689,352,360
2022-11-10,2713,410,420
2022-11-10,2717,,
2022-11-10,2781,0.78,0.85
2022-11-10,2782,0.62,0.67
2022-11-10,2783,0.75,0.8
2022-11-10,2784,0.8,0.85
2022-11-10,2786,2.2,2.7
2022-11-10,2809,0.3,0.4
2022-11-10,2810,0.4,0.5
2022-11-10,2813,,
2022-11-10,2814,,
2022-11-10,2815,,
2022-11-10,2816,,
2022-11-10,2817,,
2022-11-10,2818,,
2022-11-10,2819,,
2022-11-10,2820,,
2022-11-10,2821,,
2022-11-10,2822,45,60
2022-11-10,2823,40,50
2022-11-10,2824,,
2022-11-10,2825,,
2022-11-10,2826,,
2022-11-10,2827,,
2022-11-10,2828,35,45
2022-11-10,2829,40,50
2022-11-10,2830,,
2022-11-10,2831,,
2022-11-10,2832,45,50
2022-11-10,2833,35,45
2022-11-10,2834,,
2022-11-10,2835,,
2022-11-10,2836,,
2022-11-10,2837,,
2022-11-10,2838,,
2022-11-10,2839,,
2022-11-10,2840,,
2022-11-10,2841,,
2022-11-10,2842,,
2022-11-10,2843,45,55
2022-11-10,2844,45,50
2022-11-10,2845,,
2022-11-10,2846,,
2022-11-10,2847,,
2022-11-10,2848,,
2022-11-10,2849,,
2022-11-10,2850,,
2022-11-10,2851,35,45
2022-11-10,2854,2,2.2
2022-11-10,2855,1.7,2
2022-11-10,2856,0.6,0.7
2022-11-10,2860,1.3,1.5
2022-11-10,2953,,
2022-11-10,2954,,
2022-11-10,2955,,
2022-11-10,2956,,
2022-11-10,2957,,
2022-11-10,2958,,
2022-11-10,2959,,
2022-11-10,2960,,
2022-11-10,2961,,
2022-11-10,2962,,
2022-11-10,2963,200,210
2022-11-10,2964,210,220
2022-11-10,2967,225,235
2022-11-10,2968,235,245
2022-11-10,2969,240,250
2022-11-10,2970,250,260
2022-11-10,2971,240,260
2022-11-10,2972,250,270
2022-11-10,2973,,
2022-11-10,2974,,
2022-11-10,2975,165,175
2022-11-10,2976,180,190
2022-11-10,2977,,
2022-11-10,2978,160,170
2022-11-10,2979,,
2022-11-10,2980,,
2022-11-10,2981,,
2022-11-10,2982,,
2022-11-10,2983,,
2022-11-10,2984,,
2022-11-10,2985,,
2022-11-10,2986,,
2022-11-10,2987,,
2022-11-10,2988,,
2022-11-10,2989,220,230
2022-11-10,2990,230,240
2022-11-10,2993,245,255
2022-11-10,2994,255,265
2022-11-10,2995,260,270
2022-11-10,2996,270,280
2022-11-10,2997,260,280
2022-11-10,2998,270,290
2022-11-10,2999,,
2022-11-10,3000,,
2022-11-10,3001,170,180
2022-11-10,3002,180,190
2022-11-10,3003,,
2022-11-10,3004,180,190
2022-11-10,3021,220,230
2022-11-10,3022,230,235
2022-11-10,3023,240,250
2022-11-10,3024,250,255
2022-11-10,3056,420,425
2022-11-10,3057,371,376
2022-11-10,3058,485,490
2022-11-10,3059,500,505
2022-11-10,3070,445,455
2022-11-10,3100,,
2022-11-10,3101,,
2022-11-10,3102,,
2022-11-10,3157,0.7,0.75
2022-11-10,3158,0.65,0.7
2022-11-10,3159,0.62,0.67
2022-11-10,3160,0.75,0.8
2022-11-10,3161,0.8,0.85
2022-11-10,3162,1.5,1.8
2022-11-10,3179,,
2022-11-10,3188,0.8,1
2022-11-10,3189,0.55,0.65
2022-11-10,3190,0.5,0.65
2022-11-10,3191,1.2,1.5
2022-11-10,3200,1.15,1.55
2022-11-10,3207,1.9,2.6
2022-11-10,3209,5.8,6.2
2022-11-10,3210,,
2022-11-10,3211,,
2022-11-10,3212,,
2022-11-10,3213,,
2022-11-10,3214,,
2022-11-10,3215,,
2022-11-10,3216,,
2022-11-10,3217,,
2022-11-10,3218,,
2022-11-10,3219,,
2022-11-10,3221,0.4,0.5
2022-11-10,3225,,
2022-11-17,30,444,449
2022-11-17,31,441,459
2022-11-17,103,2070,2200
2022-11-17,104,1690,1820
2022-11-17,105,1330,1460
2022-11-17,106,1200,1330
2022-11-17,107,950,1080
2022-11-17,108,1270,1390
2022-11-17,109,1440,1570
2022-11-17,175,0.55,0.6
2022-11-17,176,0.7,0.73
2022-11-17,178,0.65,0.68
2022-11-17,186,,
2022-11-17,190,1.5,1.7
2022-11-17,194,2.2,2.7
2022-11-17,195,2.2,2.7
2022-11-17,196,2.3,2.7
2022-11-17,201,3.05,3.25
2022-11-17,202,,
2022-11-17,203,1.9,2.6
2022-11-17,204,1.6,1.8
2022-11-17,206,2.1,2.8
2022-11-17,208,1.9,2.1
2022-11-17,209,1.4,1.6
2022-11-17,210,2.1,2.45
2022-11-17,211,2.3,2.6
2022-11-17,213,1.8,2
2022-11-17,468,,
2022-11-17,482,2.6,2.8
2022-11-17,483,2.3,2.5
2022-11-17,513,,
2022-11-17,621,6,6.4
2022-11-17,628,1.5,1.8
2022-11-17,631,0.4,0.5
2022-11-17,637,1.7,1.9
2022-11-17,640,2,2.2
2022-11-17,681,1.7,1.9
2022-11-17,851,1.5,1.9
2022-11-17,1148,1.5,1.8
2022-11-17,1150,2.1,2.3
2022-11-17,1156,1.8,2.2
2022-11-17,1165,1.7,1.9
2022-11-17,1177,359,364
2022-11-17,1178,346,351
2022-11-17,1182,344,348
2022-11-17,1183,588,593
2022-11-17,1186,498,500
2022-11-17,1187,,
2022-11-17,1188,367,370
2022-11-17,1189,462,465
2022-11-17,1191,,
2022-11-17,1192,,
2022-11-17,1197,,
2022-11-17,1203,330,335
2022-11-17,1208,,
2022-11-17,1209,365,360
2022-11-17,1215,770,775
2022-11-17,1217,283,285
2022-11-17,1218,309,310
2022-11-17,1219,317,320
2022-11-17,1220,286,288
2022-11-17,1222,335,337
2022-11-17,1223,359,360
2022-11-17,1224,369,371
2022-11-17,1225,280,282
2022-11-17,1226,286,288
2022-11-17,1227,308,310
2022-11-17,1228,398,400
2022-11-17,1242,,
2022-11-17,1243,,
2022-11-17,1244,550,552
2022-11-17,1245,548,550
2022-11-17,1248,677,680
2022-11-17,1249,,
2022-11-17,1250,310,320
2022-11-17,1251,390,395
2022-11-17,1252,397,402
2022-11-17,1253,580,620
2022-11-17,1254,617,622
2022-11-17,1270,335,336
2022-11-17,1273,349,350
2022-11-17,1274,349,350
2022-11-17,1275,412,414
2022-11-17,1276,385,387
2022-11-17,1278,475,500
2022-11-17,1282,615,625
2022-11-17,1283,600,610
2022-11-17,1284,370,380
2022-11-17,1285,310,320
2022-11-17,1286,265,275
2022-11-17,1287,100,110
2022-11-17,1378,302,312
2022-11-17,1379,322,327
2022-11-17,1380,330,335
2022-11-17,1406,373,378
2022-11-17,1414,,
2022-11-17,1478,,
2022-11-17,1535,627,630
2022-11-17,1536,,
2022-11-17,1618,,
2022-11-17,1621,,
2022-11-17,1624,370,372
2022-11-17,1630,348,350
2022-11-17,1631,355,357
2022-11-17,1633,342,343
2022-11-17,1634,280,290
2022-11-17,1684,835,840
2022-11-17,1774,,
2022-11-17,1779,,
2022-11-17,1780,,
2022-11-17,1781,365,375
2022-11-17,1784,315,325
2022-11-17,1790,,
2022-11-17,1792,416,426
2022-11-17,1793,1045,1060
2022-11-17,1794,1250,1350
2022-11-17,1795,850,865
2022-11-17,1801,0.3,0.4
2022-11-17,1868,1.7,1.9
2022-11-17,1871,,
2022-11-17,1887,1.5,1.7
2022-11-17,1893,635,655
2022-11-17,1894,675,695
2022-11-17,1895,720,760
2022-11-17,1896,730,770
2022-11-17,1900,492,495
2022-11-17,1901,1340,1345
2022-11-17,1902,1230,1235
2022-11-17,1951,498,508
2022-11-17,1953,,
2022-11-17,1960,,
2022-11-17,1961,,
2022-11-17,1971,450,460
2022-11-17,1981,3.5,3.7
2022-11-17,1982,,
2022-11-17,1983,,
2022-11-17,1984,,
2022-11-17,1985,,
2022-11-17,1986,,
2022-11-17,1987,,
2022-11-17,1988,4,4.2
2022-11-17,1989,,
2022-11-17,1990,4.3,4.6
2022-11-17,1991,,
2022-11-17,1992,5.8,6.2
2022-11-17,1993,,
2022-11-17,1994,,
2022-11-17,1995,,
2022-11-17,1996,,
2022-11-17,1997,,
2022-11-17,1998,,
2022-11-17,1999,,
2022-11-17,2000,,
2022-11-17,2001,,
2022-11-17,2003,,
2022-11-17,2004,,
2022-11-17,2005,,
2022-11-17,2006,,
2022-11-17,2007,,
2022-11-17,2008,,
2022-11-17,2009,,
2022-11-17,2010,,
2022-11-17,2011,,
2022-11-17,2012,,
2022-11-17,2013,,
2022-11-17,2014,,
2022-11-17,2015,,
2022-11-17,2017,,
2022-11-17,2018,,
2022-11-17,2019,,
2022-11-17,2020,,
2022-11-17,2023,,
2022-11-17,2030,,
2022-11-17,2031,,
2022-11-17,2032,,
2022-11-17,2033,,
2022-11-17,2034,,
2022-11-17,2035,,
2022-11-17,2036,,
2022-11-17,2037,,
2022-11-17,2038,,
2022-11-17,2039,,
2022-11-17,2040,,
2022-11-17,2041,,
2022-11-17,2042,,
2022-11-17,2043,,
2022-11-17,2044,,
2022-11-17,2045,,
2022-11-17,2046,,
2022-11-17,2047,,
2022-11-17,2048,,
2022-11-17,2053,,
2022-11-17,2054,,
2022-11-17,2055,,
2022-11-17,2056,,
2022-11-17,2099,,
2022-11-17,2100,70,75
2022-11-17,2101,75,80
2022-11-17,2123,530,540
2022-11-17,2124,490,500
2022-11-17,2130,930,950
2022-11-17,2137,3.5,3.7
2022-11-17,2147,367,
2022-11-17,2171,,
2022-11-17,2172,555,565
2022-11-17,2188,332,335
2022-11-17,2189,,
2022-11-17,2228,1.5,1.7
2022-11-17,2242,1.5,1.7
2022-11-17,2248,0.35,0.45
2022-11-17,2262,2600,2700
2022-11-17,2263,2800,2900
2022-11-17,2264,,
2022-11-17,2265,,
2022-11-17,2266,,
2022-11-17,2267,1500,1600
2022-11-17,2268,1500,1600
2022-11-17,2269,,
2022-11-17,2270,120,140
2022-11-17,2271,,
2022-11-17,2272,,
2022-11-17,2273,3290,3410
2022-11-17,2274,,
2022-11-17,2275,,
2022-11-17,2276,1320,1430
2022-11-17,2277,1650,1760
2022-11-17,2278,,3180
2022-11-17,2279,,3410
2022-11-17,2280,,
2022-11-17,2281,,
2022-11-17,2282,1650,1760
2022-11-17,2283,1650,1760
2022-11-17,2285,0.58,0.7
2022-11-17,2293,,
2022-11-17,2304,1.5,1.7
2022-11-17,2340,473,478
2022-11-17,2341,463,468
2022-11-17,2344,478,483
2022-11-17,2398,,
2022-11-17,2399,,
2022-11-17,2400,75,80
2022-11-17,2401,80,85
2022-11-17,2402,2800,2900
2022-11-17,2403,,
2022-11-17,2404,,
2022-11-17,2405,,
2022-11-17,2406,1200,1300
2022-11-17,2407,1500,1600
2022-11-17,2416,437,440
2022-11-17,2418,,
2022-11-17,2431,,
2022-11-17,2484,5.7,6.1
2022-11-17,2585,,
2022-11-17,2589,270,275
2022-11-17,2594,2.3,2.5
2022-11-17,2634,145,150
2022-11-17,2635,165,170
2022-11-17,2636,1932,1952
2022-11-17,2637,2517,2552
2022-11-17,2638,360,385
2022-11-17,2639,350,370
2022-11-17,2640,320,340
2022-11-17,2641,390,400
2022-11-17,2642,335,345
2022-11-17,2643,260,280
2022-11-17,2644,247,267
2022-11-17,2645,225,242
2022-11-17,2646,350,360
2022-11-17,2647,290,300
2022-11-17,2665,1.5,1.7
2022-11-17,2679,370,380
2022-11-17,2688,488,493
2022-11-17,2689,352,360
2022-11-17,2713,410,420
2022-11-17,2717,,
2022-11-17,2781,0.78,0.85
2022-11-17,2782,0.62,0.67
2022-11-17,2783,0.75,0.8
2022-11-17,2784,0.8,0.85
2022-11-17,2786,2.1,2.6
2022-11-17,2809,0.3,0.4
2022-11-17,2810,0.4,0.5
2022-11-17,2813,,
2022-11-17,2814,,
2022-11-17,2815,,
2022-11-17,2816,,
2022-11-17,2817,,
2022-11-17,2818,,
2022-11-17,2819,,
2022-11-17,2820,,
2022-11-17,2821,,
2022-11-17,2822,45,60
2022-11-17,2823,40,50
2022-11-17,2824,,
2022-11-17,2825,,
2022-11-17,2826,,
2022-11-17,2827,,
2022-11-17,2828,35,45
2022-11-17,2829,40,50
2022-11-17,2830,,
2022-11-17,2831,,
2022-11-17,2832,45,50
2022-11-17,2833,35,45
2022-11-17,2834,,
2022-11-17,2835,,
2022-11-17,2836,,
2022-11-17,2837,,
2022-11-17,2838,,
2022-11-17,2839,,
2022-11-17,2840,,
2022-11-17,2841,,
2022-11-17,2842,,
2022-11-17,2843,45,55
2022-11-17,2844,45,50
2022-11-17,2845,,
2022-11-17,2846,,
2022-11-17,2847,,
2022-11-17,2848,,
2022-11-17,2849,,
2022-11-17,2850,,
2022-11-17,2851,35,45
2022-11-17,2854,2,2.2
2022-11-17,2855,1.7,2
2022-11-17,2856,0.6,0.7
2022-11-17,2860,1.3,1.5
2022-11-17,2953,,
2022-11-17,2954,,
2022-11-17,2955,,
2022-11-17,2956,,
2022-11-17,2957,,
2022-11-17,2958,,
2022-11-17,2959,,
2022-11-17,2960,,
2022-11-17,2961,,
2022-11-17,2962,,
2022-11-17,2963,200,210
2022-11-17,2964,210,220
2022-11-17,2967,225,235
2022-11-17,2968,235,245
2022-11-17,2969,240,250
2022-11-17,2970,250,260
2022-11-17,2971,240,260
2022-11-17,2972,250,270
2022-11-17,2973,,
2022-11-17,2974,,
2022-11-17,2975,165,175
2022-11-17,2976,180,190
2022-11-17,2977,,
2022-11-17,2978,160,170
2022-11-17,2979,,
2022-11-17,2980,,
2022-11-17,2981,,
2022-11-17,2982,,
2022-11-17,2983,,
2022-11-17,2984,,
2022-11-17,2985,,
2022-11-17,2986,,
2022-11-17,2987,,
2022-11-17,2988,,
2022-11-17,2989,220,230
2022-11-17,2990,230,240
2022-11-17,2993,245,255
2022-11-17,2994,255,265
2022-11-17,2995,260,270
2022-11-17,2996,270,280
2022-11-17,2997,260,280
2022-11-17,2998,270,290
2022-11-17,2999,,
2022-11-17,3000,,
2022-11-17,3001,170,180
2022-11-17,3002,180,190
2022-11-17,3003,,
2022-11-17,3004,180,190
2022-11-17,3021,220,230
2022-11-17,3022,230,235
2022-11-17,3023,240,250
2022-11-17,3024,250,255
2022-11-17,3056,415,420
2022-11-17,3057,366,371
2022-11-17,3058,480,485
2022-11-17,3059,495,500
2022-11-17,3070,445,455
2022-11-17,3100,,
2022-11-17,3101,,
2022-11-17,3102,,
2022-11-17,3157,0.7,0.75
2022-11-17,3158,0.65,0.7
2022-11-17,3159,0.62,0.67
2022-11-17,3160,0.75,0.8
2022-11-17,3161,0.8,0.85
2022-11-17,3162,1.5,1.8
2022-11-17,3179,,
2022-11-17,3188,0.8,1
2022-11-17,3189,0.55,0.65
2022-11-17,3190,0.5,0.65
2022-11-17,3191,1.2,1.5
2022-11-17,3200,1.15,1.55
2022-11-17,3207,1.9,2.6
2022-11-17,3209,5.8,6.2
2022-11-17,3210,,
2022-11-17,3211,,
2022-11-17,3212,,
2022-11-17,3213,,
2022-11-17,3214,,
2022-11-17,3215,,
2022-11-17,3216,,
2022-11-17,3217,,
2022-11-17,3218,,
2022-11-17,3219,,
2022-11-17,3221,0.4,0.5
2022-11-17,3225,,
2022-11-24,30,434,439
2022-11-24,31,436,449
2022-11-24,103,2070,2200
2022-11-24,104,1690,1820
2022-11-24,105,1330,1460
2022-11-24,106,1200,1330
2022-11-24,107,950,1080
2022-11-24,108,1270,1390
2022-11-24,109,1440,1570
2022-11-24,175,0.6,0.65
2022-11-24,176,0.7,0.73
2022-11-24,178,0.65,0.68
2022-11-24,186,,
2022-11-24,190,1.5,1.7
2022-11-24,194,2.2,2.7
2022-11-24,195,2.2,2.7
2022-11-24,196,2.3,2.7
2022-11-24,201,3.05,3.25
2022-11-24,202,,
2022-11-24,203,1.9,2.5
2022-11-24,204,1.6,1.8
2022-11-24,206,2.3,2.8
2022-11-24,208,1.9,2.1
2022-11-24,209,1.4,1.6
2022-11-24,210,2.15,2.5
2022-11-24,211,2.35,2.65
2022-11-24,213,1.8,2
2022-11-24,482,2.6,2.8
2022-11-24,483,2.3,2.5
2022-11-24,513,,
2022-11-24,621,6,6.4
2022-11-24,628,,
2022-11-24,631,0.4,0.5
2022-11-24,637,1.7,1.9
2022-11-24,640,2,2.2
2022-11-24,681,1.7,1.9
2022-11-24,851,1.5,1.9
2022-11-24,1148,,
2022-11-24,1150,2.1,2.3
2022-11-24,1156,1.8,2.2
2022-11-24,1165,1.7,1.9
2022-11-24,1177,356,361
2022-11-24,1178,343,348
2022-11-24,1182,341,345
2022-11-24,1183,558,563
2022-11-24,1186,493,495
2022-11-24,1187,,
2022-11-24,1188,360,363
2022-11-24,1189,462,465
2022-11-24,1191,,
2022-11-24,1192,,
2022-11-24,1197,,
2022-11-24,1203,330,335
2022-11-24,1208,,
2022-11-24,1209,358,350
2022-11-24,1215,765,770
2022-11-24,1217,283,285
2022-11-24,1218,309,310
2022-11-24,1219,317,320
2022-11-24,1220,290,292
2022-11-24,1222,335,337
2022-11-24,1223,359,360
2022-11-24,1224,369,371
2022-11-24,1225,280,282
2022-11-24,1226,290,292
2022-11-24,1227,313,315
2022-11-24,1228,398,400
2022-11-24,1242,,
2022-11-24,1243,,
2022-11-24,1244,550,552
2022-11-24,1245,548,550
2022-11-24,1248,667,670
2022-11-24,1249,,
2022-11-24,1250,310,320
2022-11-24,1251,380,385
2022-11-24,1252,395,400
2022-11-24,1253,570,590
2022-11-24,1254,599,604
2022-11-24,1270,335,336
2022-11-24,1273,349,350
2022-11-24,1274,349,350
2022-11-24,1275,407,409
2022-11-24,1276,385,387
2022-11-24,1278,475,500
2022-11-24,1282,620,630
2022-11-24,1283,610,620
2022-11-24,1284,375,385
2022-11-24,1285,320,330
2022-11-24,1286,265,275
2022-11-24,1287,110,120
2022-11-24,1378,297,307
2022-11-24,1379,317,322
2022-11-24,1380,325,330
2022-11-24,1406,370,375
2022-11-24,1414,,
2022-11-24,1478,,
2022-11-24,1535,617,620
2022-11-24,1536,,
2022-11-24,1618,,
2022-11-24,1624,365,367
2022-11-24,1630,343,345
2022-11-24,1631,350,352
2022-11-24,1633,335,336
2022-11-24,1634,275,285
2022-11-24,1684,830,835
2022-11-24,1774,,
2022-11-24,1779,,
2022-11-24,1780,,
2022-11-24,1781,365,375
2022-11-24,1784,315,325
2022-11-24,1790,,
2022-11-24,1792,416,426
2022-11-24,1793,1045,1060
2022-11-24,1794,1250,1350
2022-11-24,1795,850,865
2022-11-24,1801,0.3,0.4
2022-11-24,1862,,
2022-11-24,1863,,
2022-11-24,1864,,
2022-11-24,1865,,
2022-11-24,1868,1.6,1.8
2022-11-24,1871,,
2022-11-24,1887,1.5,1.7
2022-11-24,1893,635,655
2022-11-24,1894,675,695
2022-11-24,1895,720,760
2022-11-24,1896,730,770
2022-11-24,1900,492,495
2022-11-24,1901,1340,1345
2022-11-24,1902,1230,1235
2022-11-24,1951,498,508
2022-11-24,1953,,
2022-11-24,1960,,
2022-11-24,1961,,
2022-11-24,1971,450,460
2022-11-24,1981,3.5,3.7
2022-11-24,1982,,
2022-11-24,1983,,
2022-11-24,1984,,
2022-11-24,1985,,
2022-11-24,1986,,
2022-11-24,1987,,
2022-11-24,1988,4,4.2
2022-11-24,1989,,
2022-11-24,1990,4.3,4.6
2022-11-24,1991,,
2022-11-24,1992,5.8,6.2
2022-11-24,1993,,
2022-11-24,1994,,
2022-11-24,1995,,
2022-11-24,1996,,
2022-11-24,1997,,
2022-11-24,1998,,
2022-11-24,1999,,
2022-11-24,2000,,
2022-11-24,2001,,
2022-11-24,2003,,
2022-11-24,2004,,
2022-11-24,2005,,
2022-11-24,2006,,
2022-11-24,2007,,
2022-11-24,2008,,
2022-11-24,2009,,
2022-11-24,2010,,
2022-11-24,2011,,
2022-11-24,2012,,
2022-11-24,2013,,
2022-11-24,2014,,
2022-11-24,2015,,
2022-11-24,2017,,
2022-11-24,2018,,
2022-11-24,2019,,
2022-11-24,2020,,
2022-11-24,2023,,
2022-11-24,2030,,
2022-11-24,2031,,
2022-11-24,2032,,
2022-11-24,2033,,
2022-11-24,2034,,
2022-11-24,2035,,
2022-11-24,2036,,
2022-11-24,2037,,
2022-11-24,2038,,
2022-11-24,2039,,
2022-11-24,2040,,
2022-11-24,2041,,
2022-11-24,2042,,
2022-11-24,2043,,
2022-11-24,2044,,
2022-11-24,2045,,
2022-11-24,2046,,
2022-11-24,2047,,
2022-11-24,2048,,
2022-11-24,2053,,
2022-11-24,2054,,
2022-11-24,2055,,
2022-11-24,2056,,
2022-11-24,2099,,
2022-11-24,2100,70,75
2022-11-24,2101,75,80
2022-11-24,2123,530,540
2022-11-24,2124,490,500
2022-11-24,2130,915,935
2022-11-24,2137,3.5,3.7
2022-11-24,2147,360,
2022-11-24,2171,,
2022-11-24,2172,555,565
2022-11-24,2188,322,325
2022-11-24,2189,,
2022-11-24,2228,1.5,1.7
2022-11-24,2242,1.5,1.7
2022-11-24,2248,0.35,0.45
2022-11-24,2262,2600,2700
2022-11-24,2263,2850,2950
2022-11-24,2264,,
2022-11-24,2265,,
2022-11-24,2266,,
2022-11-24,2267,1500,1600
2022-11-24,2268,1500,1600
2022-11-24,2269,,
2022-11-24,2270,120,140
2022-11-24,2271,,
2022-11-24,2272,,
2022-11-24,2273,3290,3410
2022-11-24,2274,,
2022-11-24,2275,,
2022-11-24,2276,1320,1430
2022-11-24,2277,1650,1760
2022-11-24,2278,,3180
2022-11-24,2279,,3470
2022-11-24,2280,,
2022-11-24,2281,,
2022-11-24,2282,1650,1760
2022-11-24,2283,1650,1760
2022-11-24,2285,0.58,0.7
2022-11-24,2293,,
2022-11-24,2304,1.5,1.7
2022-11-24,2340,470,475
2022-11-24,2341,460,465
2022-11-24,2344,475,480
2022-11-24,2398,,
2022-11-24,2399,,
2022-11-24,2400,75,80
2022-11-24,2401,80,85
2022-11-24,2402,2800,2900
2022-11-24,2403,,
2022-11-24,2404,,
2022-11-24,2405,,
2022-11-24,2406,1200,1300
2022-11-24,2407,1500,1600
2022-11-24,2416,437,440
2022-11-24,2418,,
2022-11-24,2431,,
2022-11-24,2484,5.7,6.1
2022-11-24,2585,,
2022-11-24,2589,280,285
2022-11-24,2594,2.3,2.5
2022-11-24,2634,145,150
2022-11-24,2635,165,170
2022-11-24,2636,1932,1952
2022-11-24,2637,2517,2552
2022-11-24,2638,360,385
2022-11-24,2639,350,370
2022-11-24,2640,320,340
2022-11-24,2641,395,405
2022-11-24,2642,340,350
2022-11-24,2643,260,280
2022-11-24,2644,247,267
2022-11-24,2645,225,242
2022-11-24,2646,360,370
2022-11-24,2647,300,310
2022-11-24,2665,1.5,1.7
2022-11-24,2679,370,380
2022-11-24,2688,485,490
2022-11-24,2689,352,360
2022-11-24,2713,410,420
2022-11-24,2717,,
2022-11-24,2781,0.78,0.85
2022-11-24,2782,0.65,0.7
2022-11-24,2783,0.75,0.8
2022-11-24,2784,0.8,0.85
2022-11-24,2786,2.1,2.6
2022-11-24,2809,0.3,0.4
2022-11-24,2810,0.4,0.5
2022-11-24,2813,,
2022-11-24,2814,,
2022-11-24,2815,,
2022-11-24,2816,,
2022-11-24,2817,,
2022-11-24,2818,,
2022-11-24,2819,,
2022-11-24,2820,,
2022-11-24,2821,,
2022-11-24,2822,45,60
2022-11-24,2823,40,50
2022-11-24,2824,,
2022-11-24,2825,,
2022-11-24,2826,,
2022-11-24,2827,,
2022-11-24,2828,35,45
2022-11-24,2829,40,50
2022-11-24,2830,,
2022-11-24,2831,,
2022-11-24,2832,45,50
2022-11-24,2833,35,45
2022-11-24,2834,,
2022-11-24,2835,,
2022-11-24,2836,,
2022-11-24,2837,,
2022-11-24,2838,,
2022-11-24,2839,,
2022-11-24,2840,,
2022-11-24,2841,,
2022-11-24,2842,,
2022-11-24,2843,45,55
2022-11-24,2844,45,50
2022-11-24,2845,,
2022-11-24,2846,,
2022-11-24,2847,,
2022-11-24,2848,,
2022-11-24,2849,,
2022-11-24,2850,,
2022-11-24,2851,35,45
2022-11-24,2854,2,2.2
2022-11-24,2855,1.7,2
2022-11-24,2856,0.6,0.7
2022-11-24,2860,1.3,1.5
2022-11-24,2861,,
2022-11-24,2953,,
2022-11-24,2954,,
2022-11-24,2955,,
2022-11-24,2956,,
2022-11-24,2957,,
2022-11-24,2958,,
2022-11-24,2959,,
2022-11-24,2960,,
2022-11-24,2961,,
2022-11-24,2962,,
2022-11-24,2963,200,210
2022-11-24,2964,210,220
2022-11-24,2967,225,235
2022-11-24,2968,235,245
2022-11-24,2969,240,250
2022-11-24,2970,250,260
2022-11-24,2971,240,260
2022-11-24,2972,250,270
2022-11-24,2973,,
2022-11-24,2974,,
2022-11-24,2975,165,175
2022-11-24,2976,180,190
2022-11-24,2977,,
2022-11-24,2978,160,170
2022-11-24,2979,,
2022-11-24,2980,,
2022-11-24,2981,,
2022-11-24,2982,,
2022-11-24,2983,,
2022-11-24,2984,,
2022-11-24,2985,,
2022-11-24,2986,,
2022-11-24,2987,,
2022-11-24,2988,,
2022-11-24,2989,220,230
2022-11-24,2990,230,240
2022-11-24,2993,245,255
2022-11-24,2994,255,265
2022-11-24,2995,260,270
2022-11-24,2996,270,280
2022-11-24,2997,260,280
2022-11-24,2998,270,290
2022-11-24,2999,,
2022-11-24,3000,,
2022-11-24,3001,170,180
2022-11-24,3002,180,190
2022-11-24,3003,,
2022-11-24,3004,180,190
2022-11-24,3021,220,230
2022-11-24,3022,230,235
2022-11-24,3023,240,250
2022-11-24,3024,250,255
2022-11-24,3056,411,416
2022-11-24,3057,363,368
2022-11-24,3058,477,482
2022-11-24,3059,492,497
2022-11-24,3070,445,455
2022-11-24,3100,,
2022-11-24,3101,,
2022-11-24,3102,,
2022-11-24,3157,0.7,0.75
2022-11-24,3158,0.65,0.7
2022-11-24,3159,0.67,0.72
2022-11-24,3160,0.75,0.8
2022-11-24,3161,0.8,0.85
2022-11-24,3162,1.5,1.8
2022-11-24,3179,,
2022-11-24,3188,0.8,1
2022-11-24,3189,0.55,0.65
2022-11-24,3190,0.5,0.65
2022-11-24,3191,1.2,1.5
2022-11-24,3200,1.15,1.55
2022-11-24,3207,1.9,2.6
2022-11-24,3209,5.8,6.2
2022-11-24,3210,,
2022-11-24,3211,,
2022-11-24,3212,,
2022-11-24,3213,,
2022-11-24,3214,,
2022-11-24,3215,,
2022-11-24,3216,,
2022-11-24,3217,,
2022-11-24,3218,,
2022-11-24,3219,,
2022-11-24,3221,0.4,0.5
2022-11-24,3225,1.6,2
2022-12-01,30,434,439
2022-12-01,31,431,449
2022-12-01,103,2070,2200
2022-12-01,104,1690,1820
2022-12-01,105,1330,1460
2022-12-01,106,1250,1380
2022-12-01,107,950,1080
2022-12-01,108,1270,1390
2022-12-01,109,1440,1570
2022-12-01,175,0.6,0.65
2022-12-01,176,0.7,0.73
2022-12-01,178,0.65,0.68
2022-12-01,186,,
2022-12-01,190,1.5,1.7
2022-12-01,194,2.2,2.7
2022-12-01,195,2.2,2.7
2022-12-01,196,2.3,2.7
2022-12-01,201,3.05,3.25
2022-12-01,202,,
2022-12-01,203,1.9,2.5
2022-12-01,204,1.6,1.8
2022-12-01,206,2.3,2.8
2022-12-01,208,1.9,2.1
2022-12-01,209,1.4,1.6
2022-12-01,210,2.15,2.5
2022-12-01,211,2.35,2.65
2022-12-01,213,1.8,2
2022-12-01,482,2.6,2.8
2022-12-01,483,2.3,2.5
2022-12-01,513,,
2022-12-01,621,6,6.4
2022-12-01,631,0.4,0.5
2022-12-01,637,1.7,1.9
2022-12-01,640,2,2.2
2022-12-01,681,1.7,1.9
2022-12-01,851,1.5,1.9
2022-12-01,1150,,
2022-12-01,1156,1.7,2.1
2022-12-01,1165,1.7,1.9
2022-12-01,1177,353,358
2022-12-01,1178,340,345
2022-12-01,1182,335,339
2022-12-01,1183,545,550
2022-12-01,1186,493,495
2022-12-01,1187,,
2022-12-01,1188,350,353
2022-12-01,1189,457,460
2022-12-01,1191,,
2022-12-01,1192,,
2022-12-01,1197,,
2022-12-01,1203,,
2022-12-01,1208,,
2022-12-01,1209,348,347
2022-12-01,1215,760,765
2022-12-01,1217,283,285
2022-12-01,1218,309,310
2022-12-01,1219,317,320
2022-12-01,1220,290,292
2022-12-01,1222,335,337
2022-12-01,1223,359,360
2022-12-01,1224,369,371
2022-12-01,1225,280,282
2022-12-01,1226,290,292
2022-12-01,1227,313,315
2022-12-01,1228,398,400
2022-12-01,1242,560,562
2022-12-01,1243,,
2022-12-01,1244,560,562
2022-12-01,1245,558,560
2022-12-01,1248,659,662
2022-12-01,1249,,
2022-12-01,1250,310,320
2022-12-01,1251,370,375
2022-12-01,1252,395,400
2022-12-01,1253,560,575
2022-12-01,1254,589,594
2022-12-01,1270,335,336
2022-12-01,1273,349,350
2022-12-01,1274,349,350
2022-12-01,1275,405,407
2022-12-01,1276,378,380
2022-12-01,1278,475,500
2022-12-01,1282,620,630
2022-12-01,1283,610,620
2022-12-01,1284,375,385
2022-12-01,1285,320,330
2022-12-01,1286,265,275
2022-12-01,1287,110,120
2022-12-01,1378,290,300
2022-12-01,1379,310,315
2022-12-01,1380,318,323
2022-12-01,1406,367,372
2022-12-01,1414,,
2022-12-01,1478,,
2022-12-01,1535,609,612
2022-12-01,1536,,
2022-12-01,1618,,
2022-12-01,1624,359,361
2022-12-01,1630,337,339
2022-12-01,1631,344,346
2022-12-01,1633,331,332
2022-12-01,1634,270,280
2022-12-01,1684,825,830
2022-12-01,1774,,
2022-12-01,1779,,
2022-12-01,1780,,
2022-12-01,1781,,
2022-12-01,1784,315,325
2022-12-01,1790,,
2022-12-01,1792,416,426
2022-12-01,1793,1045,1060
2022-12-01,1794,1250,1350
2022-12-01,1795,850,865
2022-12-01,1801,0.3,0.4
2022-12-01,1862,1.2,1.25
2022-12-01,1863,1.75,1.8
2022-12-01,1864,2.05,2.1
2022-12-01,1865,2.25,2.3
2022-12-01,1868,1.6,1.8
2022-12-01,1871,,
2022-12-01,1887,1.5,1.7
2022-12-01,1893,625,645
2022-12-01,1894,665,685
2022-12-01,1895,710,750
2022-12-01,1896,720,760
2022-12-01,1900,492,495
2022-12-01,1901,1330,1335
2022-12-01,1902,1225,1230
2022-12-01,1951,494,504
2022-12-01,1953,,
2022-12-01,1960,,
2022-12-01,1961,,
2022-12-01,1971,450,460
2022-12-01,1981,3.5,3.7
2022-12-01,1982,,
2022-12-01,1983,,
2022-12-01,1984,,
2022-12-01,1985,,
2022-12-01,1986,,
2022-12-01,1987,,
2022-12-01,1988,4,4.2
2022-12-01,1989,,
2022-12-01,1990,4.3,4.6
2022-12-01,1991,,
2022-12-01,1992,5.8,6.2
2022-12-01,1993,,
2022-12-01,1994,,
2022-12-01,1995,,
2022-12-01,1996,,
2022-12-01,1997,,
2022-12-01,1998,,
2022-12-01,1999,,
2022-12-01,2000,,
2022-12-01,2001,,
2022-12-01,2003,,
2022-12-01,2004,,
2022-12-01,2005,,
2022-12-01,2006,,
2022-12-01,2007,,
2022-12-01,2008,,
2022-12-01,2009,,
2022-12-01,2010,,
2022-12-01,2011,,
2022-12-01,2012,,
2022-12-01,2013,,
2022-12-01,2014,,
2022-12-01,2015,,
2022-12-01,2017,,
2022-12-01,2018,,
2022-12-01,2019,,
2022-12-01,2020,,
2022-12-01,2023,,
2022-12-01,2030,,
2022-12-01,2031,,
2022-12-01,2032,,
2022-12-01,2033,,
2022-12-01,2034,,
2022-12-01,2035,,
2022-12-01,2036,,
2022-12-01,2037,,
2022-12-01,2038,,
2022-12-01,2039,,
2022-12-01,2040,,
2022-12-01,2041,,
2022-12-01,2042,,
2022-12-01,2043,,
2022-12-01,2044,,
2022-12-01,2045,,
2022-12-01,2046,,
2022-12-01,2047,,
2022-12-01,2048,,
2022-12-01,2053,,
2022-12-01,2054,,
2022-12-01,2055,,
2022-12-01,2056,,
2022-12-01,2099,,
2022-12-01,2100,70,75
2022-12-01,2101,75,80
2022-12-01,2123,530,540
2022-12-01,2124,490,500
2022-12-01,2130,900,920
2022-12-01,2137,3.5,3.7
2022-12-01,2147,350,
2022-12-01,2171,,
2022-12-01,2172,,
2022-12-01,2188,315,318
2022-12-01,2189,,
2022-12-01,2228,1.5,1.7
2022-12-01,2242,1.5,1.7
2022-12-01,2248,0.35,0.45
2022-12-01,2262,2600,2700
2022-12-01,2263,2850,2950
2022-12-01,2264,,
2022-12-01,2265,,
2022-12-01,2266,,
2022-12-01,2267,1500,1600
2022-12-01,2268,1500,1600
2022-12-01,2269,,
2022-12-01,2270,120,140
2022-12-01,2271,,
2022-12-01,2272,,
2022-12-01,2273,3290,3470
2022-12-01,2274,,
2022-12-01,2275,,
2022-12-01,2276,1320,1430
2022-12-01,2277,1540,1650
2022-12-01,2278,,3180
2022-12-01,2279,,3470
2022-12-01,2280,,
2022-12-01,2281,,
2022-12-01,2282,1650,1760
2022-12-01,2283,1650,1760
2022-12-01,2285,0.58,0.7
2022-12-01,2293,,
2022-12-01,2304,1.5,1.7
2022-12-01,2340,465,470
2022-12-01,2341,455,460
2022-12-01,2344,470,475
2022-12-01,2398,,
2022-12-01,2399,,
2022-12-01,2400,75,80
2022-12-01,2401,80,85
2022-12-01,2402,2800,2950
2022-12-01,2403,,
2022-12-01,2404,,
2022-12-01,2405,,
2022-12-01,2406,1200,1300
2022-12-01,2407,1400,1500
2022-12-01,2416,427,430
2022-12-01,2418,,
2022-12-01,2431,,
2022-12-01,2484,5.7,6.1
2022-12-01,2585,,
2022-12-01,2589,280,285
2022-12-01,2594,,
2022-12-01,2634,145,150
2022-12-01,2635,165,170
2022-12-01,2636,1902,1922
2022-12-01,2637,2487,2522
2022-12-01,2638,360,385
2022-12-01,2639,350,370
2022-12-01,2640,320,340
2022-12-01,2641,395,405
2022-12-01,2642,340,350
2022-12-01,2643,260,280
2022-12-01,2644,247,267
2022-12-01,2645,225,242
2022-12-01,2646,360,370
2022-12-01,2647,300,310
2022-12-01,2665,1.5,1.7
2022-12-01,2679,370,380
2022-12-01,2688,480,485
2022-12-01,2689,352,360
2022-12-01,2713,410,420
2022-12-01,2717,,
2022-12-01,2781,0.78,0.85
2022-12-01,2782,0.65,0.7
2022-12-01,2783,0.75,0.8
2022-12-01,2784,0.8,0.85
2022-12-01,2786,2,2.5
2022-12-01,2809,0.3,0.4
2022-12-01,2810,0.4,0.5
2022-12-01,2813,,
2022-12-01,2814,,
2022-12-01,2815,,
2022-12-01,2816,,
2022-12-01,2817,,
2022-12-01,2818,,
2022-12-01,2819,,
2022-12-01,2820,,
2022-12-01,2821,,
2022-12-01,2822,45,60
2022-12-01,2823,40,50
2022-12-01,2824,,
2022-12-01,2825,,
2022-12-01,2826,,
2022-12-01,2827,,
2022-12-01,2828,35,45
2022-12-01,2829,40,50
2022-12-01,2830,,
2022-12-01,2831,,
2022-12-01,2832,45,50
2022-12-01,2833,35,45
2022-12-01,2834,,
2022-12-01,2835,,
2022-12-01,2836,,
2022-12-01,2837,,
2022-12-01,2838,,
2022-12-01,2839,,
2022-12-01,2840,,
2022-12-01,2841,,
2022-12-01,2842,,
2022-12-01,2843,45,55
2022-12-01,2844,45,50
2022-12-01,2845,,
2022-12-01,2846,,
2022-12-01,2847,,
2022-12-01,2848,,
2022-12-01,2849,,
2022-12-01,2850,,
2022-12-01,2851,35,45
2022-12-01,2854,2,2.2
2022-12-01,2855,1.7,2
2022-12-01,2856,0.6,0.7
2022-12-01,2860,1.3,1.5
2022-12-01,2861,1,1.1
2022-12-01,2953,,
2022-12-01,2954,,
2022-12-01,2955,,
2022-12-01,2956,,
2022-12-01,2957,,
2022-12-01,2958,,
2022-12-01,2959,,
2022-12-01,2960,,
2022-12-01,2961,,
2022-12-01,2962,,
2022-12-01,2963,200,210
2022-12-01,2964,210,220
2022-12-01,2967,225,235
2022-12-01,2968,235,245
2022-12-01,2969,240,250
2022-12-01,2970,250,260
2022-12-01,2971,240,260
2022-12-01,2972,250,270
2022-12-01,2973,,
2022-12-01,2974,,
2022-12-01,2975,165,175
2022-12-01,2976,180,190
2022-12-01,2977,,
2022-12-01,2978,160,170
2022-12-01,2979,,
2022-12-01,2980,,
2022-12-01,2981,,
2022-12-01,2982,,
2022-12-01,2983,,
2022-12-01,2984,,
2022-12-01,2985,,
2022-12-01,2986,,
2022-12-01,2987,,
2022-12-01,2988,,
2022-12-01,2989,220,230
2022-12-01,2990,230,240
2022-12-01,2993,245,255
2022-12-01,2994,255,265
2022-12-01,2995,260,270
2022-12-01,2996,270,280
2022-12-01,2997,260,280
2022-12-01,2998,270,290
2022-12-01,2999,,
2022-12-01,3000,,
2022-12-01,3001,170,180
2022-12-01,3002,180,190
2022-12-01,3003,,
2022-12-01,3004,180,190
2022-12-01,3021,220,230
2022-12-01,3022,230,235
2022-12-01,3023,240,250
2022-12-01,3024,250,255
2022-12-01,3056,411,416
2022-12-01,3057,360,365
2022-12-01,3058,472,477
2022-12-01,3059,487,492
2022-12-01,3070,445,455
2022-12-01,3100,,
2022-12-01,3101,,
2022-12-01,3102,,
2022-12-01,3157,0.7,0.75
2022-12-01,3158,0.65,0.7
2022-12-01,3159,0.67,0.72
2022-12-01,3160,0.75,0.8
2022-12-01,3161,0.8,0.85
2022-12-01,3162,,
2022-12-01,3179,,
2022-12-01,3188,0.8,1
2022-12-01,3189,0.55,0.65
2022-12-01,3190,0.5,0.65
2022-12-01,3191,1.2,1.5
2022-12-01,3200,1.15,1.55
2022-12-01,3207,1.9,2.6
2022-12-01,3209,5.8,6.2
2022-12-01,3210,,
2022-12-01,3211,,
2022-12-01,3212,,
2022-12-01,3213,,
2022-12-01,3214,,
2022-12-01,3215,,
2022-12-01,3216,,
2022-12-01,3217,,
2022-12-01,3218,,
2022-12-01,3219,,
2022-12-01,3221,0.4,0.5
2022-12-01,3225,1.6,2
2022-12-07,30,434,439
2022-12-07,31,431,449
2022-12-07,103,2070,2200
2022-12-07,104,1690,1820
2022-12-07,105,1330,1460
2022-12-07,106,1250,1380
2022-12-07,107,950,1080
2022-12-07,108,1270,1390
2022-12-07,109,1440,1570
2022-12-07,175,0.6,0.65
2022-12-07,176,0.7,0.73
2022-12-07,178,0.65,0.68
2022-12-07,186,,
2022-12-07,190,1.5,1.7
2022-12-07,194,2.2,2.7
2022-12-07,195,2.2,2.7
2022-12-07,196,2.3,2.7
2022-12-07,201,3.05,3.25
2022-12-07,202,,
2022-12-07,203,1.9,2.5
2022-12-07,204,1.6,1.8
2022-12-07,206,2.4,2.9
2022-12-07,208,1.9,2.1
2022-12-07,209,1.4,1.6
2022-12-07,210,2.15,2.5
2022-12-07,211,2.35,2.65
2022-12-07,213,1.8,2
2022-12-07,482,2.6,2.8
2022-12-07,483,2.3,2.5
2022-12-07,513,,
2022-12-07,621,6,6.4
2022-12-07,631,0.4,0.5
2022-12-07,637,1.7,1.9
2022-12-07,640,1.9,2.1
2022-12-07,681,1.7,1.9
2022-12-07,851,1.5,1.9
2022-12-07,1156,1.7,2.1
2022-12-07,1165,1.7,1.9
2022-12-07,1177,341,346
2022-12-07,1178,328,333
2022-12-07,1182,331,335
2022-12-07,1183,533,538
2022-12-07,1186,481,483
2022-12-07,1187,,
2022-12-07,1188,344,347
2022-12-07,1189,457,460
2022-12-07,1191,,
2022-12-07,1192,,
2022-12-07,1197,,
2022-12-07,1203,,
2022-12-07,1208,,
2022-12-07,1209,342,332
2022-12-07,1215,750,755
2022-12-07,1217,278,280
2022-12-07,1218,304,305
2022-12-07,1219,317,320
2022-12-07,1220,280,282
2022-12-07,1222,330,332
2022-12-07,1223,354,355
2022-12-07,1224,369,371
2022-12-07,1225,275,277
2022-12-07,1226,280,282
2022-12-07,1227,313,315
2022-12-07,1228,388,390
2022-12-07,1242,590,592
2022-12-07,1243,,
2022-12-07,1244,590,592
2022-12-07,1245,588,590
2022-12-07,1248,679,682
2022-12-07,1249,,
2022-12-07,1250,310,320
2022-12-07,1251,370,375
2022-12-07,1252,395,400
2022-12-07,1253,550,580
2022-12-07,1254,584,589
2022-12-07,1270,335,336
2022-12-07,1273,349,350
2022-12-07,1274,349,350
2022-12-07,1275,405,407
2022-12-07,1276,373,375
2022-12-07,1278,475,500
2022-12-07,1282,620,630
2022-12-07,1283,610,620
2022-12-07,1284,375,385
2022-12-07,1285,320,330
2022-12-07,1286,265,275
2022-12-07,1287,110,120
2022-12-07,1378,286,296
2022-12-07,1379,306,311
2022-12-07,1380,314,319
2022-12-07,1406,355,360
2022-12-07,1414,,
2022-12-07,1478,,
2022-12-07,1535,629,632
2022-12-07,1536,,
2022-12-07,1618,,
2022-12-07,1624,350,352
2022-12-07,1630,328,330
2022-12-07,1631,335,337
2022-12-07,1633,326,327
2022-12-07,1634,260,270
2022-12-07,1684,815,820
2022-12-07,1774,,
2022-12-07,1779,,
2022-12-07,1780,,
2022-12-07,1781,,
2022-12-07,1784,315,335
2022-12-07,1790,,
2022-12-07,1792,416,426
2022-12-07,1793,1045,1060
2022-12-07,1794,1250,1350
2022-12-07,1795,850,865
2022-12-07,1801,0.3,0.4
2022-12-07,1862,1.2,1.25
2022-12-07,1863,1.75,1.8
2022-12-07,1864,2.05,2.1
2022-12-07,1865,2.25,2.3
2022-12-07,1868,1.6,1.8
2022-12-07,1871,,
2022-12-07,1887,1.5,1.7
2022-12-07,1893,620,640
2022-12-07,1894,660,680
2022-12-07,1895,705,745
2022-12-07,1896,715,755
2022-12-07,1900,480,483
2022-12-07,1901,1310,1315
2022-12-07,1902,1205,1210
2022-12-07,1951,487,497
2022-12-07,1953,,
2022-12-07,1960,,
2022-12-07,1961,,
2022-12-07,1971,450,460
2022-12-07,1981,3.5,3.7
2022-12-07,1982,,
2022-12-07,1983,,
2022-12-07,1984,,
2022-12-07,1985,,
2022-12-07,1986,,
2022-12-07,1987,,
2022-12-07,1988,4,4.2
2022-12-07,1989,,
2022-12-07,1990,4.3,4.6
2022-12-07,1991,,
2022-12-07,1992,5.8,6.2
2022-12-07,1993,,
2022-12-07,1994,,
2022-12-07,1995,,
2022-12-07,1996,,
2022-12-07,1997,,
2022-12-07,1998,,
2022-12-07,1999,,
2022-12-07,2000,,
2022-12-07,2001,,
2022-12-07,2003,,
2022-12-07,2004,,
2022-12-07,2005,,
2022-12-07,2006,,
2022-12-07,2007,,
2022-12-07,2008,,
2022-12-07,2009,,
2022-12-07,2010,,
2022-12-07,2011,,
2022-12-07,2012,,
2022-12-07,2013,,
2022-12-07,2014,,
2022-12-07,2015,,
2022-12-07,2017,,
2022-12-07,2018,,
2022-12-07,2019,,
2022-12-07,2020,,
2022-12-07,2023,,
2022-12-07,2030,,
2022-12-07,2031,,
2022-12-07,2032,,
2022-12-07,2033,,
2022-12-07,2034,,
2022-12-07,2035,,
2022-12-07,2036,,
2022-12-07,2037,,
2022-12-07,2038,,
2022-12-07,2039,,
2022-12-07,2040,,
2022-12-07,2041,,
2022-12-07,2042,,
2022-12-07,2043,,
2022-12-07,2044,,
2022-12-07,2045,,
2022-12-07,2046,,
2022-12-07,2047,,
2022-12-07,2048,,
2022-12-07,2053,,
2022-12-07,2054,,
2022-12-07,2055,,
2022-12-07,2056,,
2022-12-07,2099,,
2022-12-07,2100,70,75
2022-12-07,2101,75,80
2022-12-07,2123,530,540
2022-12-07,2124,490,500
2022-12-07,2137,3.5,3.7
2022-12-07,2147,345,327
2022-12-07,2171,,
2022-12-07,2172,,
2022-12-07,2188,311,314
2022-12-07,2189,,
2022-12-07,2228,1.5,1.7
2022-12-07,2242,1.5,1.7
2022-12-07,2248,0.35,0.45
2022-12-07,2262,2600,2700
2022-12-07,2263,2850,2950
2022-12-07,2264,,
2022-12-07,2265,,
2022-12-07,2266,,
2022-12-07,2267,1500,1600
2022-12-07,2268,1500,1600
2022-12-07,2269,,
2022-12-07,2270,120,140
2022-12-07,2271,,
2022-12-07,2272,,
2022-12-07,2273,3290,3470
2022-12-07,2274,,
2022-12-07,2275,,
2022-12-07,2276,1320,1430
2022-12-07,2277,1540,1650
2022-12-07,2278,,3180
2022-12-07,2279,,3470
2022-12-07,2280,,
2022-12-07,2281,,
2022-12-07,2282,1650,1760
2022-12-07,2283,1650,1760
2022-12-07,2285,0.58,0.7
2022-12-07,2293,,
2022-12-07,2304,1.5,1.7
2022-12-07,2340,460,465
2022-12-07,2341,450,455
2022-12-07,2344,465,470
2022-12-07,2398,,
2022-12-07,2399,,
2022-12-07,2400,75,80
2022-12-07,2401,80,85
2022-12-07,2402,2800,2950
2022-12-07,2403,,
2022-12-07,2404,,
2022-12-07,2405,,
2022-12-07,2406,1200,1300
2022-12-07,2407,1400,1500
2022-12-07,2416,427,430
2022-12-07,2418,,
2022-12-07,2431,,
2022-12-07,2484,5.7,6.1
2022-12-07,2585,,
2022-12-07,2589,280,285
2022-12-07,2634,145,150
2022-12-07,2635,165,170
2022-12-07,2636,1882,1902
2022-12-07,2637,2487,2522
2022-12-07,2638,360,385
2022-12-07,2639,350,370
2022-12-07,2640,320,340
2022-12-07,2641,395,405
2022-12-07,2642,340,350
2022-12-07,2643,260,280
2022-12-07,2644,247,267
2022-12-07,2645,225,242
2022-12-07,2646,360,370
2022-12-07,2647,300,310
2022-12-07,2665,1.5,1.7
2022-12-07,2679,370,380
2022-12-07,2688,475,480
2022-12-07,2689,352,360
2022-12-07,2713,410,420
2022-12-07,2717,,
2022-12-07,2781,0.78,0.85
2022-12-07,2782,0.65,0.7
2022-12-07,2783,0.75,0.8
2022-12-07,2784,0.8,0.85
2022-12-07,2786,2,2.5
2022-12-07,2809,0.3,0.4
2022-12-07,2810,0.4,0.5
2022-12-07,2813,,
2022-12-07,2814,,
2022-12-07,2815,,
2022-12-07,2816,,
2022-12-07,2817,,
2022-12-07,2818,,
2022-12-07,2819,,
2022-12-07,2820,,
2022-12-07,2821,,
2022-12-07,2822,45,60
2022-12-07,2823,40,50
2022-12-07,2824,,
2022-12-07,2825,,
2022-12-07,2826,,
2022-12-07,2827,,
2022-12-07,2828,35,45
2022-12-07,2829,40,50
2022-12-07,2830,,
2022-12-07,2831,,
2022-12-07,2832,45,50
2022-12-07,2833,35,45
2022-12-07,2834,,
2022-12-07,2835,,
2022-12-07,2836,,
2022-12-07,2837,,
2022-12-07,2838,,
2022-12-07,2839,,
2022-12-07,2840,,
2022-12-07,2841,,
2022-12-07,2842,,
2022-12-07,2843,45,55
2022-12-07,2844,45,50
2022-12-07,2845,,
2022-12-07,2846,,
2022-12-07,2847,,
2022-12-07,2848,,
2022-12-07,2849,,
2022-12-07,2850,,
2022-12-07,2851,35,45
2022-12-07,2854,2.2,2.4
2022-12-07,2855,1.7,2
2022-12-07,2856,0.6,0.7
2022-12-07,2860,1.3,1.5
2022-12-07,2861,1,1.1
2022-12-07,2953,,
2022-12-07,2954,,
2022-12-07,2955,,
2022-12-07,2956,,
2022-12-07,2957,,
2022-12-07,2958,,
2022-12-07,2959,,
2022-12-07,2960,,
2022-12-07,2961,,
2022-12-07,2962,,
2022-12-07,2963,200,210
2022-12-07,2964,210,220
2022-12-07,2967,225,235
2022-12-07,2968,235,245
2022-12-07,2969,240,250
2022-12-07,2970,250,260
2022-12-07,2971,240,260
2022-12-07,2972,250,270
2022-12-07,2973,,
2022-12-07,2974,,
2022-12-07,2975,165,175
2022-12-07,2976,180,190
2022-12-07,2977,,
2022-12-07,2978,160,170
2022-12-07,2979,,
2022-12-07,2980,,
2022-12-07,2981,,
2022-12-07,2982,,
2022-12-07,2983,,
2022-12-07,2984,,
2022-12-07,2985,,
2022-12-07,2986,,
2022-12-07,2987,,
2022-12-07,2988,,
2022-12-07,2989,220,230
2022-12-07,2990,230,240
2022-12-07,2993,245,255
2022-12-07,2994,255,265
2022-12-07,2995,260,270
2022-12-07,2996,270,280
2022-12-07,2997,260,280
2022-12-07,2998,270,290
2022-12-07,2999,,
2022-12-07,3000,,
2022-12-07,3001,170,180
2022-12-07,3002,180,190
2022-12-07,3003,,
2022-12-07,3004,180,190
2022-12-07,3021,220,230
2022-12-07,3022,230,235
2022-12-07,3023,240,250
2022-12-07,3024,250,255
2022-12-07,3056,405,410
2022-12-07,3057,348,353
2022-12-07,3058,467,472
2022-12-07,3059,482,487
2022-12-07,3070,445,455
2022-12-07,3100,,
2022-12-07,3101,,
2022-12-07,3102,,
2022-12-07,3157,0.7,0.75
2022-12-07,3158,0.65,0.7
2022-12-07,3159,0.67,0.72
2022-12-07,3160,0.75,0.8
2022-12-07,3161,0.8,0.85
2022-12-07,3179,,
2022-12-07,3188,0.85,1.05
2022-12-07,3189,0.55,0.65
2022-12-07,3190,0.5,0.65
2022-12-07,3191,1.2,1.5
2022-12-07,3200,1.15,1.55
2022-12-07,3207,1.9,2.6
2022-12-07,3209,5.8,6.2
2022-12-07,3210,,
2022-12-07,3211,,
2022-12-07,3212,,
2022-12-07,3213,,
2022-12-07,3214,,
2022-12-07,3215,,
2022-12-07,3216,,
2022-12-07,3217,,
2022-12-07,3218,,
2022-12-07,3219,,
2022-12-07,3221,0.4,0.5
2022-12-07,3225,1.6,2
2022-12-15,30,434,439
2022-12-15,31,431,449
2022-12-15,103,2070,2200
2022-12-15,104,1690,1820
2022-12-15,105,1330,1460
2022-12-15,106,1250,1380
2022-12-15,107,850,980
2022-12-15,108,1270,1390
2022-12-15,109,1440,1570
2022-12-15,175,0.65,0.7
2022-12-15,176,0.7,0.75
2022-12-15,178,0.65,0.7
2022-12-15,186,,
2022-12-15,190,1.5,1.7
2022-12-15,194,2.3,2.8
2022-12-15,195,2.3,2.8
2022-12-15,196,2.3,2.7
2022-12-15,201,3.05,3.25
2022-12-15,202,,
2022-12-15,203,1.9,2.5
2022-12-15,204,1.6,1.8
2022-12-15,206,2.5,3
2022-12-15,208,1.8,2
2022-12-15,209,1.4,1.6
2022-12-15,210,2.15,2.5
2022-12-15,211,2.35,2.65
2022-12-15,213,1.8,2
2022-12-15,482,2.6,2.8
2022-12-15,483,2.3,2.5
2022-12-15,513,,
2022-12-15,621,6,6.4
2022-12-15,631,0.4,0.5
2022-12-15,637,1.7,1.9
2022-12-15,640,1.9,2.1
2022-12-15,681,1.7,1.9
2022-12-15,851,1.5,1.9
2022-12-15,1156,1.7,2.1
2022-12-15,1165,1.7,1.9
2022-12-15,1177,334,339
2022-12-15,1178,321,326
2022-12-15,1182,331,335
2022-12-15,1183,533,538
2022-12-15,1186,475,477
2022-12-15,1187,,
2022-12-15,1188,334,337
2022-12-15,1189,450,453
2022-12-15,1191,,
2022-12-15,1192,,
2022-12-15,1197,,
2022-12-15,1203,,
2022-12-15,1208,,
2022-12-15,1209,332,335
2022-12-15,1215,750,755
2022-12-15,1217,268,270
2022-12-15,1218,294,295
2022-12-15,1219,312,315
2022-12-15,1220,268,270
2022-12-15,1222,320,322
2022-12-15,1223,344,345
2022-12-15,1224,364,366
2022-12-15,1225,265,267
2022-12-15,1226,268,270
2022-12-15,1227,308,310
2022-12-15,1228,388,390
2022-12-15,1242,595,597
2022-12-15,1243,,
2022-12-15,1244,600,602
2022-12-15,1245,598,600
2022-12-15,1248,684,687
2022-12-15,1249,,
2022-12-15,1250,315,320
2022-12-15,1251,376,381
2022-12-15,1252,390,395
2022-12-15,1253,545,580
2022-12-15,1254,582,587
2022-12-15,1270,335,336
2022-12-15,1273,349,350
2022-12-15,1274,349,350
2022-12-15,1275,410,412
2022-12-15,1276,373,375
2022-12-15,1278,475,500
2022-12-15,1282,620,630
2022-12-15,1283,610,620
2022-12-15,1284,375,385
2022-12-15,1285,320,330
2022-12-15,1286,265,275
2022-12-15,1287,110,120
2022-12-15,1378,282,292
2022-12-15,1379,302,307
2022-12-15,1380,310,315
2022-12-15,1406,348,353
2022-12-15,1414,,
2022-12-15,1478,,
2022-12-15,1535,634,637
2022-12-15,1536,,
2022-12-15,1618,,
2022-12-15,1624,350,352
2022-12-15,1630,328,330
2022-12-15,1631,335,337
2022-12-15,1633,326,327
2022-12-15,1634,260,270
2022-12-15,1684,815,820
2022-12-15,1774,,
2022-12-15,1779,,
2022-12-15,1780,,
2022-12-15,1781,,
2022-12-15,1784,315,335
2022-12-15,1790,,
2022-12-15,1792,416,426
2022-12-15,1793,1045,1060
2022-12-15,1794,1250,1350
2022-12-15,1795,850,865
2022-12-15,1801,0.3,0.4
2022-12-15,1862,1.2,1.25
2022-12-15,1863,1.75,1.8
2022-12-15,1864,2.05,2.1
2022-12-15,1865,2.25,2.3
2022-12-15,1868,1.6,1.8
2022-12-15,1871,,
2022-12-15,1887,1.5,1.7
2022-12-15,1893,610,630
2022-12-15,1894,650,670
2022-12-15,1895,695,735
2022-12-15,1896,705,745
2022-12-15,1900,474,477
2022-12-15,1901,1280,1285
2022-12-15,1902,1185,1190
2022-12-15,1951,487,497
2022-12-15,1953,,
2022-12-15,1960,,
2022-12-15,1961,,
2022-12-15,1971,450,460
2022-12-15,1981,3.5,3.7
2022-12-15,1982,,
2022-12-15,1983,,
2022-12-15,1984,,
2022-12-15,1985,,
2022-12-15,1986,,
2022-12-15,1987,,
2022-12-15,1988,4,4.2
2022-12-15,1989,,
2022-12-15,1990,4.3,4.6
2022-12-15,1991,,
2022-12-15,1992,5.8,6.2
2022-12-15,1993,,
2022-12-15,1994,,
2022-12-15,1995,,
2022-12-15,1996,,
2022-12-15,1997,,
2022-12-15,1998,,
2022-12-15,1999,,
2022-12-15,2000,,
2022-12-15,2001,,
2022-12-15,2003,,
2022-12-15,2004,,
2022-12-15,2005,,
2022-12-15,2006,,
2022-12-15,2007,,
2022-12-15,2008,,
2022-12-15,2009,,
2022-12-15,2010,,
2022-12-15,2011,,
2022-12-15,2012,,
2022-12-15,2013,,
2022-12-15,2014,,
2022-12-15,2015,,
2022-12-15,2017,,
2022-12-15,2018,,
2022-12-15,2019,,
2022-12-15,2020,,
2022-12-15,2023,,
2022-12-15,2030,,
2022-12-15,2031,,
2022-12-15,2032,,
2022-12-15,2033,,
2022-12-15,2034,,
2022-12-15,2035,,
2022-12-15,2036,,
2022-12-15,2037,,
2022-12-15,2038,,
2022-12-15,2039,,
2022-12-15,2040,,
2022-12-15,2041,,
2022-12-15,2042,,
2022-12-15,2043,,
2022-12-15,2044,,
2022-12-15,2045,,
2022-12-15,2046,,
2022-12-15,2047,,
2022-12-15,2048,,
2022-12-15,2053,,
2022-12-15,2054,,
2022-12-15,2055,,
2022-12-15,2056,,
2022-12-15,2099,,
2022-12-15,2100,70,75
2022-12-15,2101,75,80
2022-12-15,2123,530,540
2022-12-15,2124,490,500
2022-12-15,2137,3.5,3.7
2022-12-15,2147,345,327
2022-12-15,2171,,
2022-12-15,2172,,
2022-12-15,2188,311,314
2022-12-15,2189,,
2022-12-15,2228,1.5,1.7
2022-12-15,2242,1.5,1.7
2022-12-15,2248,0.35,0.45
2022-12-15,2262,2600,2700
2022-12-15,2263,2850,2950
2022-12-15,2264,,
2022-12-15,2265,,
2022-12-15,2266,,
2022-12-15,2267,1500,1600
2022-12-15,2268,1500,1600
2022-12-15,2269,,
2022-12-15,2270,120,140
2022-12-15,2271,,
2022-12-15,2272,,
2022-12-15,2273,3290,3470
2022-12-15,2274,,
2022-12-15,2275,,
2022-12-15,2276,1320,1430
2022-12-15,2277,1540,1650
2022-12-15,2278,,3180
2022-12-15,2279,,3470
2022-12-15,2280,,
2022-12-15,2281,,
2022-12-15,2282,1650,1760
2022-12-15,2283,1650,1760
2022-12-15,2285,0.58,0.7
2022-12-15,2293,,
2022-12-15,2304,1.5,1.7
2022-12-15,2340,460,465
2022-12-15,2341,450,455
2022-12-15,2344,465,470
2022-12-15,2398,,
2022-12-15,2399,,
2022-12-15,2400,75,80
2022-12-15,2401,80,85
2022-12-15,2402,2800,2950
2022-12-15,2403,,
2022-12-15,2404,,
2022-12-15,2405,,
2022-12-15,2406,1200,1300
2022-12-15,2407,1400,1500
2022-12-15,2416,417,420
2022-12-15,2418,,
2022-12-15,2431,,
2022-12-15,2484,5.7,6.1
2022-12-15,2585,,
2022-12-15,2589,280,285
2022-12-15,2634,145,150
2022-12-15,2635,165,170
2022-12-15,2636,1882,1902
2022-12-15,2637,2487,2522
2022-12-15,2638,360,385
2022-12-15,2639,350,370
2022-12-15,2640,320,340
2022-12-15,2641,395,405
2022-12-15,2642,340,350
2022-12-15,2643,260,280
2022-12-15,2644,247,267
2022-12-15,2645,225,242
2022-12-15,2646,360,370
2022-12-15,2647,300,310
2022-12-15,2665,1.5,1.7
2022-12-15,2679,370,380
2022-12-15,2688,475,480
2022-12-15,2689,352,360
2022-12-15,2713,410,420
2022-12-15,2717,,
2022-12-15,2781,0.78,0.85
2022-12-15,2782,0.75,0.8
2022-12-15,2783,0.75,0.8
2022-12-15,2784,0.8,0.85
2022-12-15,2786,2,2.5
2022-12-15,2809,0.3,0.4
2022-12-15,2810,0.4,0.5
2022-12-15,2813,,
2022-12-15,2814,,
2022-12-15,2815,,
2022-12-15,2816,,
2022-12-15,2817,,
2022-12-15,2818,,
2022-12-15,2819,,
2022-12-15,2820,,
2022-12-15,2821,,
2022-12-15,2822,45,60
2022-12-15,2823,40,50
2022-12-15,2824,,
2022-12-15,2825,,
2022-12-15,2826,,
2022-12-15,2827,,
2022-12-15,2828,35,45
2022-12-15,2829,40,50
2022-12-15,2830,,
2022-12-15,2831,,
2022-12-15,2832,45,50
2022-12-15,2833,35,45
2022-12-15,2834,,
2022-12-15,2835,,
2022-12-15,2836,,
2022-12-15,2837,,
2022-12-15,2838,,
2022-12-15,2839,,
2022-12-15,2840,,
2022-12-15,2841,,
2022-12-15,2842,,
2022-12-15,2843,45,55
2022-12-15,2844,45,50
2022-12-15,2845,,
2022-12-15,2846,,
2022-12-15,2847,,
2022-12-15,2848,,
2022-12-15,2849,,
2022-12-15,2850,,
2022-12-15,2851,35,45
2022-12-15,2854,2.2,2.4
2022-12-15,2855,1.7,2
2022-12-15,2856,0.6,0.7
2022-12-15,2860,1.3,1.5
2022-12-15,2861,1,1.1
2022-12-15,2953,,
2022-12-15,2954,,
2022-12-15,2955,,
2022-12-15,2956,,
2022-12-15,2957,,
2022-12-15,2958,,
2022-12-15,2959,,
2022-12-15,2960,,
2022-12-15,2961,,
2022-12-15,2962,,
2022-12-15,2963,200,210
2022-12-15,2964,210,220
2022-12-15,2967,225,235
2022-12-15,2968,235,245
2022-12-15,2969,240,250
2022-12-15,2970,250,260
2022-12-15,2971,240,260
2022-12-15,2972,250,270
2022-12-15,2973,,
2022-12-15,2974,,
2022-12-15,2975,165,175
2022-12-15,2976,180,190
2022-12-15,2977,,
2022-12-15,2978,160,170
2022-12-15,2979,,
2022-12-15,2980,,
2022-12-15,2981,,
2022-12-15,2982,,
2022-12-15,2983,,
2022-12-15,2984,,
2022-12-15,2985,,
2022-12-15,2986,,
2022-12-15,2987,,
2022-12-15,2988,,
2022-12-15,2989,220,230
2022-12-15,2990,230,240
2022-12-15,2993,245,255
2022-12-15,2994,255,265
2022-12-15,2995,260,270
2022-12-15,2996,270,280
2022-12-15,2997,260,280
2022-12-15,2998,270,290
2022-12-15,2999,,
2022-12-15,3000,,
2022-12-15,3001,170,180
2022-12-15,3002,180,190
2022-12-15,3003,,
2022-12-15,3004,180,190
2022-12-15,3021,220,230
2022-12-15,3022,230,235
2022-12-15,3023,240,250
2022-12-15,3024,250,255
2022-12-15,3056,405,410
2022-12-15,3057,341,346
2022-12-15,3058,467,472
2022-12-15,3059,482,487
2022-12-15,3070,445,455
2022-12-15,3100,,
2022-12-15,3101,,
2022-12-15,3102,,
2022-12-15,3157,0.7,0.75
2022-12-15,3158,0.65,0.7
2022-12-15,3159,0.75,0.8
2022-12-15,3160,0.75,0.8
2022-12-15,3161,0.8,0.85
2022-12-15,3179,,
2022-12-15,3188,0.85,1.05
2022-12-15,3189,0.55,0.65
2022-12-15,3190,0.5,0.65
2022-12-15,3191,1.2,1.5
2022-12-15,3200,1.15,1.55
2022-12-15,3207,1.9,2.6
2022-12-15,3209,5.8,6.2
2022-12-15,3210,,
2022-12-15,3211,,
2022-12-15,3212,,
2022-12-15,3213,,
2022-12-15,3214,,
2022-12-15,3215,,
2022-12-15,3216,,
2022-12-15,3217,,
2022-12-15,3218,,
2022-12-15,3219,,
2022-12-15,3221,0.4,0.5
2022-12-15,3225,1.6,2
2022-12-22,30,434,439
2022-12-22,31,429,447
2022-12-22,103,2070,2200
2022-12-22,104,1690,1820
2022-12-22,105,1330,1460
2022-12-22,106,1250,1380
2022-12-22,107,850,980
2022-12-22,108,1270,1390
2022-12-22,109,1440,1570
2022-12-22,175,0.65,0.7
2022-12-22,176,0.7,0.75
2022-12-22,178,0.65,0.7
2022-12-22,186,,
2022-12-22,190,1.5,1.7
2022-12-22,194,2.3,2.8
2022-12-22,195,2.3,2.8
2022-12-22,196,2.3,2.7
2022-12-22,201,3.05,3.25
2022-12-22,202,,
2022-12-22,203,1.9,2.5
2022-12-22,204,1.6,1.8
2022-12-22,206,2.4,2.9
2022-12-22,208,1.8,2
2022-12-22,209,1.4,1.6
2022-12-22,210,2.15,2.5
2022-12-22,211,2.35,2.65
2022-12-22,213,1.8,2
2022-12-22,482,2.6,2.8
2022-12-22,483,2.3,2.5
2022-12-22,513,,
2022-12-22,621,6,6.4
2022-12-22,631,0.4,0.5
2022-12-22,637,1.7,1.9
2022-12-22,640,1.8,2
2022-12-22,681,1.7,1.9
2022-12-22,851,1.5,1.9
2022-12-22,1156,1.7,2.1
2022-12-22,1165,1.7,1.9
2022-12-22,1177,332,337
2022-12-22,1178,319,324
2022-12-22,1182,331,335
2022-12-22,1183,535,540
2022-12-22,1186,478,480
2022-12-22,1187,,
2022-12-22,1188,332,335
2022-12-22,1189,447,450
2022-12-22,1191,,
2022-12-22,1192,,
2022-12-22,1197,,
2022-12-22,1203,,
2022-12-22,1208,,
2022-12-22,1209,330,335
2022-12-22,1215,750,755
2022-12-22,1217,263,265
2022-12-22,1218,289,290
2022-12-22,1219,312,315
2022-12-22,1220,258,260
2022-12-22,1222,315,317
2022-12-22,1223,339,340
2022-12-22,1224,364,366
2022-12-22,1225,260,262
2022-12-22,1226,258,260
2022-12-22,1227,303,305
2022-12-22,1228,378,380
2022-12-22,1242,595,597
2022-12-22,1243,,
2022-12-22,1244,600,602
2022-12-22,1245,598,600
2022-12-22,1248,684,687
2022-12-22,1249,,
2022-12-22,1250,315,320
2022-12-22,1251,373,378
2022-12-22,1252,390,395
2022-12-22,1253,545,573
2022-12-22,1254,577,582
2022-12-22,1270,330,331
2022-12-22,1273,349,350
2022-12-22,1274,349,350
2022-12-22,1275,410,412
2022-12-22,1276,373,375
2022-12-22,1278,475,500
2022-12-22,1282,620,630
2022-12-22,1283,610,620
2022-12-22,1284,375,385
2022-12-22,1285,320,330
2022-12-22,1286,265,275
2022-12-22,1287,110,120
2022-12-22,1378,282,292
2022-12-22,1379,302,307
2022-12-22,1380,310,315
2022-12-22,1406,346,351
2022-12-22,1414,,
2022-12-22,1478,,
2022-12-22,1535,634,637
2022-12-22,1536,,
2022-12-22,1618,,
2022-12-22,1624,350,352
2022-12-22,1630,328,330
2022-12-22,1631,335,337
2022-12-22,1633,324,325
2022-12-22,1634,260,270
2022-12-22,1684,815,820
2022-12-22,1774,,
2022-12-22,1779,,
2022-12-22,1780,,
2022-12-22,1781,,
2022-12-22,1784,315,335
2022-12-22,1790,,
2022-12-22,1792,416,426
2022-12-22,1793,1045,1060
2022-12-22,1794,1250,1350
2022-12-22,1795,850,865
2022-12-22,1801,0.3,0.4
2022-12-22,1862,1.2,1.25
2022-12-22,1863,1.75,1.8
2022-12-22,1864,2.05,2.1
2022-12-22,1865,2.25,2.3
2022-12-22,1868,1.6,1.8
2022-12-22,1871,,
2022-12-22,1887,1.5,1.7
2022-12-22,1893,610,630
2022-12-22,1894,650,670
2022-12-22,1895,695,735
2022-12-22,1896,705,745
2022-12-22,1900,477,480
2022-12-22,1901,1270,1275
2022-12-22,1902,1175,1180
2022-12-22,1951,487,497
2022-12-22,1953,,
2022-12-22,1960,,
2022-12-22,1961,,
2022-12-22,1971,450,460
2022-12-22,1981,3.5,3.7
2022-12-22,1982,,
2022-12-22,1983,,
2022-12-22,1984,,
2022-12-22,1985,,
2022-12-22,1986,,
2022-12-22,1987,,
2022-12-22,1988,4,4.2
2022-12-22,1989,,
2022-12-22,1990,4.3,4.6
2022-12-22,1991,,
2022-12-22,1992,5.8,6.2
2022-12-22,1993,,
2022-12-22,1994,,
2022-12-22,1995,,
2022-12-22,1996,,
2022-12-22,1997,,
2022-12-22,1998,,
2022-12-22,1999,,
2022-12-22,2000,,
2022-12-22,2001,,
2022-12-22,2003,,
2022-12-22,2004,,
2022-12-22,2005,,
2022-12-22,2006,,
2022-12-22,2007,,
2022-12-22,2008,,
2022-12-22,2009,,
2022-12-22,2010,,
2022-12-22,2011,,
2022-12-22,2012,,
2022-12-22,2013,,
2022-12-22,2014,,
2022-12-22,2015,,
2022-12-22,2017,,
2022-12-22,2018,,
2022-12-22,2019,,
2022-12-22,2020,,
2022-12-22,2023,,
2022-12-22,2030,,
2022-12-22,2031,,
2022-12-22,2032,,
2022-12-22,2033,,
2022-12-22,2034,,
2022-12-22,2035,,
2022-12-22,2036,,
2022-12-22,2037,,
2022-12-22,2038,,
2022-12-22,2039,,
2022-12-22,2040,,
2022-12-22,2041,,
2022-12-22,2042,,
2022-12-22,2043,,
2022-12-22,2044,,
2022-12-22,2045,,
2022-12-22,2046,,
2022-12-22,2047,,
2022-12-22,2048,,
2022-12-22,2053,,
2022-12-22,2054,,
2022-12-22,2055,,
2022-12-22,2056,,
2022-12-22,2099,,
2022-12-22,2100,70,75
2022-12-22,2101,75,80
2022-12-22,2123,530,540
2022-12-22,2124,490,500
2022-12-22,2137,3.5,3.7
2022-12-22,2147,345,325
2022-12-22,2171,,
2022-12-22,2172,,
2022-12-22,2188,311,314
2022-12-22,2189,,
2022-12-22,2228,1.5,1.7
2022-12-22,2242,1.5,1.7
2022-12-22,2248,0.35,0.45
2022-12-22,2262,2600,2700
2022-12-22,2263,2850,2950
2022-12-22,2264,,
2022-12-22,2265,,
2022-12-22,2266,,
2022-12-22,2267,1500,1600
2022-12-22,2268,1500,1600
2022-12-22,2269,,
2022-12-22,2270,120,140
2022-12-22,2271,,
2022-12-22,2272,,
2022-12-22,2273,3290,3470
2022-12-22,2274,,
2022-12-22,2275,,
2022-12-22,2276,1320,1430
2022-12-22,2277,1540,1650
2022-12-22,2278,,3180
2022-12-22,2279,,3470
2022-12-22,2280,,
2022-12-22,2281,,
2022-12-22,2282,1650,1760
2022-12-22,2283,1650,1760
2022-12-22,2285,0.58,0.7
2022-12-22,2293,,
2022-12-22,2304,1.5,1.7
2022-12-22,2340,460,465
2022-12-22,2341,450,455
2022-12-22,2344,465,470
2022-12-22,2398,,
2022-12-22,2399,,
2022-12-22,2400,75,80
2022-12-22,2401,80,85
2022-12-22,2402,2800,2950
2022-12-22,2403,,
2022-12-22,2404,,
2022-12-22,2405,,
2022-12-22,2406,1200,1300
2022-12-22,2407,1400,1500
2022-12-22,2416,412,415
2022-12-22,2418,,
2022-12-22,2431,,
2022-12-22,2484,5.7,6.1
2022-12-22,2585,,
2022-12-22,2589,,
2022-12-22,2634,145,150
2022-12-22,2635,165,170
2022-12-22,2636,1902,1922
2022-12-22,2637,2477,2512
2022-12-22,2638,360,385
2022-12-22,2639,350,370
2022-12-22,2640,320,340
2022-12-22,2641,395,405
2022-12-22,2642,340,350
2022-12-22,2643,260,280
2022-12-22,2644,247,267
2022-12-22,2645,225,242
2022-12-22,2646,360,370
2022-12-22,2647,300,310
2022-12-22,2665,1.5,1.7
2022-12-22,2679,370,380
2022-12-22,2688,475,480
2022-12-22,2689,352,360
2022-12-22,2713,410,420
2022-12-22,2717,,
2022-12-22,2781,0.78,0.85
2022-12-22,2782,0.75,0.8
2022-12-22,2783,0.75,0.8
2022-12-22,2784,0.8,0.85
2022-12-22,2786,2,2.5
2022-12-22,2809,0.3,0.4
2022-12-22,2810,0.4,0.5
2022-12-22,2813,,
2022-12-22,2814,,
2022-12-22,2815,,
2022-12-22,2816,,
2022-12-22,2817,,
2022-12-22,2818,,
2022-12-22,2819,,
2022-12-22,2820,,
2022-12-22,2821,,
2022-12-22,2822,45,60
2022-12-22,2823,40,50
2022-12-22,2824,,
2022-12-22,2825,,
2022-12-22,2826,,
2022-12-22,2827,,
2022-12-22,2828,35,45
2022-12-22,2829,40,50
2022-12-22,2830,,
2022-12-22,2831,,
2022-12-22,2832,45,50
2022-12-22,2833,35,45
2022-12-22,2834,,
2022-12-22,2835,,
2022-12-22,2836,,
2022-12-22,2837,,
2022-12-22,2838,,
2022-12-22,2839,,
2022-12-22,2840,,
2022-12-22,2841,,
2022-12-22,2842,,
2022-12-22,2843,45,55
2022-12-22,2844,45,50
2022-12-22,2845,,
2022-12-22,2846,,
2022-12-22,2847,,
2022-12-22,2848,,
2022-12-22,2849,,
2022-12-22,2850,,
2022-12-22,2851,35,45
2022-12-22,2854,2.2,2.4
2022-12-22,2855,1.7,2
2022-12-22,2856,0.6,0.7
2022-12-22,2860,1.3,1.5
2022-12-22,2861,1,1.1
2022-12-22,2953,,
2022-12-22,2954,,
2022-12-22,2955,,
2022-12-22,2956,,
2022-12-22,2957,,
2022-12-22,2958,,
2022-12-22,2959,,
2022-12-22,2960,,
2022-12-22,2961,,
2022-12-22,2962,,
2022-12-22,2963,210,220
2022-12-22,2964,220,230
2022-12-22,2967,225,235
2022-12-22,2968,235,245
2022-12-22,2969,240,250
2022-12-22,2970,250,260
2022-12-22,2971,240,260
2022-12-22,2972,250,270
2022-12-22,2973,,
2022-12-22,2974,,
2022-12-22,2975,165,175
2022-12-22,2976,180,190
2022-12-22,2977,,
2022-12-22,2978,160,170
2022-12-22,2979,,
2022-12-22,2980,,
2022-12-22,2981,,
2022-12-22,2982,,
2022-12-22,2983,,
2022-12-22,2984,,
2022-12-22,2985,,
2022-12-22,2986,,
2022-12-22,2987,,
2022-12-22,2988,,
2022-12-22,2989,230,240
2022-12-22,2990,240,250
2022-12-22,2993,245,255
2022-12-22,2994,255,265
2022-12-22,2995,260,270
2022-12-22,2996,270,280
2022-12-22,2997,260,280
2022-12-22,2998,270,290
2022-12-22,2999,,
2022-12-22,3000,,
2022-12-22,3001,170,180
2022-12-22,3002,180,190
2022-12-22,3003,,
2022-12-22,3004,180,190
2022-12-22,3021,220,230
2022-12-22,3022,230,235
2022-12-22,3023,240,250
2022-12-22,3024,250,255
2022-12-22,3056,405,410
2022-12-22,3057,339,344
2022-12-22,3058,467,472
2022-12-22,3059,482,487
2022-12-22,3070,445,455
2022-12-22,3100,,
2022-12-22,3101,,
2022-12-22,3102,,
2022-12-22,3157,0.7,0.75
2022-12-22,3158,0.65,0.7
2022-12-22,3159,0.75,0.8
2022-12-22,3160,0.75,0.8
2022-12-22,3161,0.8,0.85
2022-12-22,3179,,
2022-12-22,3188,0.85,1.05
2022-12-22,3189,0.55,0.65
2022-12-22,3190,0.5,0.65
2022-12-22,3191,1.2,1.5
2022-12-22,3200,1.15,1.55
2022-12-22,3207,1.9,2.6
2022-12-22,3209,5.8,6.2
2022-12-22,3210,,
2022-12-22,3211,,
2022-12-22,3212,,
2022-12-22,3213,,
2022-12-22,3214,,
2022-12-22,3215,,
2022-12-22,3216,,
2022-12-22,3217,,
2022-12-22,3218,,
2022-12-22,3219,,
2022-12-22,3221,0.4,0.5
2022-12-22,3225,1.6,2
2022-12-29,30,434,439
2022-12-29,31,429,447
2022-12-29,103,2070,2200
2022-12-29,104,1690,1820
2022-12-29,105,1330,1460
2022-12-29,106,1250,1380
2022-12-29,107,850,980
2022-12-29,108,1270,1390
2022-12-29,109,1440,1570
2022-12-29,175,0.65,0.7
2022-12-29,176,0.7,0.75
2022-12-29,178,0.65,0.7
2022-12-29,186,,
2022-12-29,190,1.5,1.7
2022-12-29,194,2.3,2.8
2022-12-29,195,2.3,2.8
2022-12-29,196,2.3,2.7
2022-12-29,201,3.05,3.25
2022-12-29,202,,
2022-12-29,203,1.9,2.5
2022-12-29,204,1.6,1.8
2022-12-29,206,2.4,2.9
2022-12-29,208,1.8,2
2022-12-29,209,1.4,1.6
2022-12-29,210,2.15,2.5
2022-12-29,211,2.35,2.65
2022-12-29,213,1.8,2
2022-12-29,482,2.6,2.8
2022-12-29,483,2.3,2.5
2022-12-29,513,,
2022-12-29,621,6,6.4
2022-12-29,631,0.4,0.5
2022-12-29,637,1.7,1.9
2022-12-29,640,1.8,2
2022-12-29,681,1.7,1.9
2022-12-29,851,1.5,1.9
2022-12-29,1156,1.7,2.1
2022-12-29,1165,1.7,1.9
2022-12-29,1177,332,337
2022-12-29,1178,319,324
2022-12-29,1182,331,335
2022-12-29,1183,538,543
2022-12-29,1186,478,480
2022-12-29,1187,,
2022-12-29,1188,332,335
2022-12-29,1189,447,450
2022-12-29,1191,,
2022-12-29,1192,,
2022-12-29,1197,,
2022-12-29,1203,,
2022-12-29,1208,,
2022-12-29,1209,330,338
2022-12-29,1215,750,755
2022-12-29,1217,263,265
2022-12-29,1218,289,290
2022-12-29,1219,312,315
2022-12-29,1220,258,260
2022-12-29,1222,315,317
2022-12-29,1223,339,340
2022-12-29,1224,364,366
2022-12-29,1225,260,262
2022-12-29,1226,258,260
2022-12-29,1227,303,305
2022-12-29,1228,378,380
2022-12-29,1242,605,607
2022-12-29,1243,,
2022-12-29,1244,615,617
2022-12-29,1245,613,615
2022-12-29,1248,689,692
2022-12-29,1249,,
2022-12-29,1250,315,320
2022-12-29,1251,373,378
2022-12-29,1252,390,395
2022-12-29,1253,545,570
2022-12-29,1254,577,582
2022-12-29,1270,330,331
2022-12-29,1273,349,350
2022-12-29,1274,349,350
2022-12-29,1275,410,412
2022-12-29,1276,368,370
2022-12-29,1278,475,500
2022-12-29,1282,620,630
2022-12-29,1283,610,620
2022-12-29,1284,375,385
2022-12-29,1285,320,330
2022-12-29,1286,265,275
2022-12-29,1287,110,120
2022-12-29,1378,282,292
2022-12-29,1379,302,307
2022-12-29,1380,310,315
2022-12-29,1406,346,351
2022-12-29,1414,,
2022-12-29,1478,,
2022-12-29,1535,639,642
2022-12-29,1536,,
2022-12-29,1618,,
2022-12-29,1624,350,352
2022-12-29,1630,328,330
2022-12-29,1631,335,337
2022-12-29,1633,322,323
2022-12-29,1634,260,270
2022-12-29,1684,815,820
2022-12-29,1774,,
2022-12-29,1779,,
2022-12-29,1780,,
2022-12-29,1781,,
2022-12-29,1784,315,335
2022-12-29,1790,,
2022-12-29,1792,416,426
2022-12-29,1793,1045,1060
2022-12-29,1794,1250,1350
2022-12-29,1795,850,865
2022-12-29,1801,0.3,0.4
2022-12-29,1862,1.2,1.25
2022-12-29,1863,1.75,1.8
2022-12-29,1864,2.05,2.1
2022-12-29,1865,2.25,2.3
2022-12-29,1868,1.6,1.8
2022-12-29,1871,,
2022-12-29,1887,1.5,1.7
2022-12-29,1893,610,630
2022-12-29,1894,650,670
2022-12-29,1895,695,735
2022-12-29,1896,705,745
2022-12-29,1900,477,480
2022-12-29,1901,1230,1235
2022-12-29,1902,1150,1155
2022-12-29,1951,487,497
2022-12-29,1953,,
2022-12-29,1960,,
2022-12-29,1961,,
2022-12-29,1971,450,460
2022-12-29,1981,3.5,3.7
2022-12-29,1982,,
2022-12-29,1983,,
2022-12-29,1984,,
2022-12-29,1985,,
2022-12-29,1986,,
2022-12-29,1987,,
2022-12-29,1988,4,4.2
2022-12-29,1989,,
2022-12-29,1990,4.3,4.6
2022-12-29,1991,,
2022-12-29,1992,5.8,6.2
2022-12-29,1993,,
2022-12-29,1994,,
2022-12-29,1995,,
2022-12-29,1996,,
2022-12-29,1997,,
2022-12-29,1998,,
2022-12-29,1999,,
2022-12-29,2000,,
2022-12-29,2001,,
2022-12-29,2003,,
2022-12-29,2004,,
2022-12-29,2005,,
2022-12-29,2006,,
2022-12-29,2007,,
2022-12-29,2008,,
2022-12-29,2009,,
2022-12-29,2010,,
2022-12-29,2011,,
2022-12-29,2012,,
2022-12-29,2013,,
2022-12-29,2014,,
2022-12-29,2015,,
2022-12-29,2017,,
2022-12-29,2018,,
2022-12-29,2019,,
2022-12-29,2020,,
2022-12-29,2023,,
2022-12-29,2030,,
2022-12-29,2031,,
2022-12-29,2032,,
2022-12-29,2033,,
2022-12-29,2034,,
2022-12-29,2035,,
2022-12-29,2036,,
2022-12-29,2037,,
2022-12-29,2038,,
2022-12-29,2039,,
2022-12-29,2040,,
2022-12-29,2041,,
2022-12-29,2042,,
2022-12-29,2043,,
2022-12-29,2044,,
2022-12-29,2045,,
2022-12-29,2046,,
2022-12-29,2047,,
2022-12-29,2048,,
2022-12-29,2053,,
2022-12-29,2054,,
2022-12-29,2055,,
2022-12-29,2056,,
2022-12-29,2099,,
2022-12-29,2100,70,75
2022-12-29,2101,75,80
2022-12-29,2123,530,540
2022-12-29,2124,490,500
2022-12-29,2137,3.5,3.7
2022-12-29,2147,345,323
2022-12-29,2171,,
2022-12-29,2172,,
2022-12-29,2188,311,314
2022-12-29,2189,,
2022-12-29,2228,1.5,1.7
2022-12-29,2242,1.5,1.7
2022-12-29,2248,0.35,0.45
2022-12-29,2262,2600,2700
2022-12-29,2263,2850,2950
2022-12-29,2264,,
2022-12-29,2265,,
2022-12-29,2266,,
2022-12-29,2267,1500,1600
2022-12-29,2268,1500,1600
2022-12-29,2269,,
2022-12-29,2270,120,140
2022-12-29,2271,,
2022-12-29,2272,,
2022-12-29,2273,3290,3470
2022-12-29,2274,,
2022-12-29,2275,,
2022-12-29,2276,1320,1430
2022-12-29,2277,1540,1650
2022-12-29,2278,,3180
2022-12-29,2279,,3470
2022-12-29,2280,,
2022-12-29,2281,,
2022-12-29,2282,1650,1760
2022-12-29,2283,1650,1760
2022-12-29,2285,0.58,0.7
2022-12-29,2293,,
2022-12-29,2304,1.5,1.7
2022-12-29,2340,460,465
2022-12-29,2341,450,455
2022-12-29,2344,465,470
2022-12-29,2398,,
2022-12-29,2399,,
2022-12-29,2400,75,80
2022-12-29,2401,80,85
2022-12-29,2402,2800,2950
2022-12-29,2403,,
2022-12-29,2404,,
2022-12-29,2405,,
2022-12-29,2406,1200,1300
2022-12-29,2407,1400,1500
2022-12-29,2416,412,415
2022-12-29,2418,,
2022-12-29,2431,,
2022-12-29,2484,5.7,6.1
2022-12-29,2585,,
2022-12-29,2589,,
2022-12-29,2634,145,150
2022-12-29,2635,165,170
2022-12-29,2636,1902,1922
2022-12-29,2637,2477,2512
2022-12-29,2638,360,385
2022-12-29,2639,350,370
2022-12-29,2640,320,340
2022-12-29,2641,395,405
2022-12-29,2642,340,350
2022-12-29,2643,260,280
2022-12-29,2644,247,267
2022-12-29,2645,225,242
2022-12-29,2646,360,370
2022-12-29,2647,300,310
2022-12-29,2650,,
2022-12-29,2655,,
2022-12-29,2665,1.5,1.7
2022-12-29,2679,370,380
2022-12-29,2688,475,480
2022-12-29,2689,352,360
2022-12-29,2713,410,420
2022-12-29,2717,,
2022-12-29,2781,0.78,0.85
2022-12-29,2782,0.75,0.8
2022-12-29,2783,0.75,0.8
2022-12-29,2784,0.8,0.85
2022-12-29,2786,2,2.5
2022-12-29,2809,0.3,0.4
2022-12-29,2810,0.4,0.5
2022-12-29,2813,,
2022-12-29,2814,,
2022-12-29,2815,,
2022-12-29,2816,,
2022-12-29,2817,,
2022-12-29,2818,,
2022-12-29,2819,,
2022-12-29,2820,,
2022-12-29,2821,,
2022-12-29,2822,45,60
2022-12-29,2823,40,50
2022-12-29,2824,,
2022-12-29,2825,,
2022-12-29,2826,,
2022-12-29,2827,,
2022-12-29,2828,35,45
2022-12-29,2829,40,50
2022-12-29,2830,,
2022-12-29,2831,,
2022-12-29,2832,45,50
2022-12-29,2833,35,45
2022-12-29,2834,,
2022-12-29,2835,,
2022-12-29,2836,,
2022-12-29,2837,,
2022-12-29,2838,,
2022-12-29,2839,,
2022-12-29,2840,,
2022-12-29,2841,,
2022-12-29,2842,,
2022-12-29,2843,45,55
2022-12-29,2844,45,50
2022-12-29,2845,,
2022-12-29,2846,,
2022-12-29,2847,,
2022-12-29,2848,,
2022-12-29,2849,,
2022-12-29,2850,,
2022-12-29,2851,35,45
2022-12-29,2854,2.2,2.4
2022-12-29,2855,1.7,2
2022-12-29,2856,0.6,0.7
2022-12-29,2860,1.3,1.5
2022-12-29,2861,1,1.1
2022-12-29,2876,,
2022-12-29,2877,,
2022-12-29,2953,,
2022-12-29,2954,,
2022-12-29,2955,,
2022-12-29,2956,,
2022-12-29,2957,,
2022-12-29,2958,,
2022-12-29,2959,,
2022-12-29,2960,,
2022-12-29,2961,,
2022-12-29,2962,,
2022-12-29,2963,210,220
2022-12-29,2964,220,230
2022-12-29,2967,225,235
2022-12-29,2968,235,245
2022-12-29,2969,240,250
2022-12-29,2970,250,260
2022-12-29,2971,240,260
2022-12-29,2972,250,270
2022-12-29,2973,,
2022-12-29,2974,,
2022-12-29,2975,165,175
2022-12-29,2976,180,190
2022-12-29,2977,,
2022-12-29,2978,160,170
2022-12-29,2979,,
2022-12-29,2980,,
2022-12-29,2981,,
2022-12-29,2982,,
2022-12-29,2983,,
2022-12-29,2984,,
2022-12-29,2985,,
2022-12-29,2986,,
2022-12-29,2987,,
2022-12-29,2988,,
2022-12-29,2989,230,240
2022-12-29,2990,240,250
2022-12-29,2993,245,255
2022-12-29,2994,255,265
2022-12-29,2995,260,270
2022-12-29,2996,270,280
2022-12-29,2997,260,280
2022-12-29,2998,270,290
2022-12-29,2999,,
2022-12-29,3000,,
2022-12-29,3001,170,180
2022-12-29,3002,180,190
2022-12-29,3003,,
2022-12-29,3004,180,190
2022-12-29,3021,220,230
2022-12-29,3022,230,235
2022-12-29,3023,240,250
2022-12-29,3024,250,255
2022-12-29,3056,405,410
2022-12-29,3057,339,344
2022-12-29,3058,467,472
2022-12-29,3059,482,487
2022-12-29,3070,445,455
2022-12-29,3100,,
2022-12-29,3101,,
2022-12-29,3102,,
2022-12-29,3157,0.7,0.75
2022-12-29,3158,0.65,0.7
2022-12-29,3159,0.75,0.8
2022-12-29,3160,0.75,0.8
2022-12-29,3161,0.8,0.85
2022-12-29,3179,,
2022-12-29,3188,0.85,1.05
2022-12-29,3189,0.55,0.65
2022-12-29,3190,0.5,0.65
2022-12-29,3191,1.2,1.5
2022-12-29,3200,1.15,1.55
2022-12-29,3207,1.9,2.6
2022-12-29,3209,5.8,6.2
2022-12-29,3210,,
2022-12-29,3211,,
2022-12-29,3212,,
2022-12-29,3213,,
2022-12-29,3214,,
2022-12-29,3215,,
2022-12-29,3216,,
2022-12-29,3217,,
2022-12-29,3218,,
2022-12-29,3219,,
2022-12-29,3221,0.4,0.5
2022-12-29,3225,1.6,2
2022-12-29,3228,,
2022-12-29,3229,,
