date,code,low,high
2025-01-02,649,228,232
2025-01-02,650,425,430
2025-01-02,684,525,530
2025-01-02,686,195,197
2025-01-02,687,204,205
2025-01-02,688,217,220
2025-01-02,689,195,197
2025-01-02,691,255,257
2025-01-02,692,262,263
2025-01-02,693,277,279
2025-01-02,694,192,194
2025-01-02,695,195,197
2025-01-02,696,215,217
2025-01-02,697,243,245
2025-01-02,711,395,397
2025-01-02,712,,
2025-01-02,713,404,406
2025-01-02,714,400,402
2025-01-02,717,561,564
2025-01-02,718,,
2025-01-02,719,180,185
2025-01-02,720,271,276
2025-01-02,721,313,318
2025-01-02,722,,439
2025-01-02,723,449,454
2025-01-02,735,1787,1872
2025-01-02,736,2562,2587
2025-01-02,739,206,210
2025-01-02,742,304,305
2025-01-02,743,304,305
2025-01-02,744,175,177
2025-01-02,745,230,235
2025-01-02,747,420,450
2025-01-02,769,,
2025-01-02,770,,
2025-01-02,833,,
2025-01-02,849,170,205
2025-01-02,850,175,215
2025-01-02,852,,
2025-01-02,853,,
2025-01-02,860,180,215
2025-01-02,861,195,225
2025-01-02,863,502,507
2025-01-02,864,,
2025-01-02,865,,
2025-01-02,866,,
2025-01-02,871,175,215
2025-01-02,872,180,225
2025-01-02,909,254,256
2025-01-02,924,305,315
2025-01-02,951,590,595
2025-01-02,963,,
2025-01-02,967,205,225
2025-01-02,993,380,400
2025-01-02,994,430,450
2025-01-02,995,490,530
2025-01-02,996,500,540
2025-01-02,998,970,975
2025-01-02,999,895,900
2025-01-02,1000,,
2025-01-02,1026,,
2025-01-02,1027,,
2025-01-02,1030,105,115
2025-01-02,1031,105,125
2025-01-02,1032,,
2025-01-02,1034,680,700
2025-01-02,1050,410,420
2025-01-02,1061,,
2025-01-02,1095,,
2025-01-02,1115,335,338
2025-01-02,1116,335,337
2025-01-02,1117,,
2025-01-02,1118,255,258
2025-01-02,1119,345,350
2025-01-02,1121,,
2025-01-02,1123,,
2025-01-02,1127,232,234
2025-01-02,1128,252,254
2025-01-02,1129,255,252
2025-01-02,1130,253,254
2025-01-02,1131,175,180
2025-01-02,1137,,
2025-01-02,1138,253,260
2025-01-02,1139,345,350
2025-01-02,1140,350,355
2025-01-02,1143,910,960
2025-01-02,1144,960,1060
2025-01-02,1145,625,675
2025-01-02,1146,1900,2050
2025-01-02,1147,1250,1400
2025-01-02,1148,830,980
2025-01-02,1150,900,1040
2025-01-02,1151,900,1150
2025-01-02,1152,1000,1150
2025-01-02,1153,570,580
2025-01-02,1154,560,575
2025-01-02,1155,270,280
2025-01-02,1156,195,210
2025-01-02,1157,150,160
2025-01-02,1158,90,100
2025-01-02,1161,175,210
2025-01-02,1162,180,220
2025-01-02,1165,,
2025-01-02,1166,,
2025-01-02,1167,319,324
2025-01-02,1170,,
2025-01-02,1171,185,220
2025-01-02,1172,200,230
2025-01-02,1173,180,220
2025-01-02,1174,185,230
2025-01-02,1178,110,120
2025-01-02,1179,110,130
2025-01-02,1182,,
2025-01-02,1183,,
2025-01-02,1184,,
2025-01-02,1185,,
2025-01-02,1186,,
2025-01-02,1188,,
2025-01-02,1189,240,260
2025-01-02,1200,165,170
2025-01-02,1201,165,170
2025-01-02,1202,305,310
2025-01-02,1203,280,295
2025-01-02,1204,230,245
2025-01-02,1205,280,295
2025-01-02,1206,240,250
2025-01-02,1207,,
2025-01-02,1208,190,200
2025-01-02,1209,165,175
2025-01-02,1210,,
2025-01-02,1211,,
2025-01-02,1213,235,245
2025-01-02,1225,,
2025-01-02,1235,,
2025-01-02,1237,,
2025-01-02,1239,,
2025-01-02,1240,,
2025-01-02,1241,100,125
2025-01-02,1242,,
2025-01-02,1243,70,95
2025-01-02,1244,,
2025-01-02,1245,,
2025-01-02,1247,,
2025-01-02,1249,,
2025-01-02,1250,,
2025-01-02,1251,105,130
2025-01-02,1252,,
2025-01-02,1253,75,100
2025-01-02,1254,,
2025-01-02,1255,95,165
2025-01-02,1259,90,160
2025-01-02,1263,,
2025-01-02,1264,,
2025-01-02,1265,95,175
2025-01-02,1266,80,155
2025-01-02,1267,85,170
2025-01-02,1268,,
2025-01-02,1269,,
2025-01-02,1270,100,180
2025-01-02,1271,85,160
2025-01-02,1272,90,175
2025-01-02,1289,390,400
2025-01-02,1295,,
2025-01-02,1297,231,236
2025-01-02,1311,,
2025-01-02,1318,335,340
2025-01-02,1319,310,320
2025-01-02,1323,,
2025-01-02,1330,,
2025-01-02,1331,,
2025-01-02,1332,,
2025-01-02,1333,283,288
2025-01-02,1334,,
2025-01-02,1335,1950,2200
2025-01-02,1336,830,980
2025-01-02,1338,,
2025-01-02,1339,,
2025-01-02,1342,241,246
2025-01-02,1343,248,253
2025-01-02,1344,255,260
2025-01-02,1345,270,280
2025-01-02,1346,,
2025-01-02,1347,306,316
2025-01-02,1348,260,265
2025-01-02,1349,252,257
2025-01-02,1350,238,243
2025-01-02,1351,234,238
2025-01-02,1352,315,320
2025-01-02,1353,298,303
2025-01-02,1354,273,283
2025-01-02,1356,325,330
2025-01-02,1357,308,313
2025-01-02,1358,283,293
2025-01-02,1360,230,245
2025-01-02,1361,240,255
2025-01-02,1362,305,325
2025-01-02,1363,385,395
2025-01-02,1364,355,365
2025-01-02,1365,325,335
2025-01-02,1367,290,330
2025-01-02,1368,,
2025-01-02,1369,335,350
2025-01-09,649,233,237
2025-01-09,650,425,430
2025-01-09,684,525,530
2025-01-09,686,190,192
2025-01-09,687,199,200
2025-01-09,688,215,218
2025-01-09,689,183,185
2025-01-09,691,250,252
2025-01-09,692,257,258
2025-01-09,693,275,277
2025-01-09,694,187,189
2025-01-09,695,183,185
2025-01-09,696,203,205
2025-01-09,697,243,245
2025-01-09,711,378,380
2025-01-09,712,,
2025-01-09,713,387,389
2025-01-09,714,383,385
2025-01-09,717,544,547
2025-01-09,718,,
2025-01-09,719,180,185
2025-01-09,720,274,279
2025-01-09,721,313,318
2025-01-09,722,,434
2025-01-09,723,444,449
2025-01-09,735,1767,1852
2025-01-09,736,2542,2567
2025-01-09,739,206,210
2025-01-09,742,304,305
2025-01-09,743,304,305
2025-01-09,744,170,172
2025-01-09,745,230,235
2025-01-09,747,420,450
2025-01-09,769,,
2025-01-09,770,,
2025-01-09,833,,
2025-01-09,849,175,210
2025-01-09,850,180,220
2025-01-09,852,,
2025-01-09,853,,
2025-01-09,860,185,220
2025-01-09,861,200,230
2025-01-09,863,485,490
2025-01-09,864,,
2025-01-09,865,,
2025-01-09,866,,
2025-01-09,871,180,220
2025-01-09,872,185,230
2025-01-09,909,256,258
2025-01-09,924,305,315
2025-01-09,951,590,595
2025-01-09,963,,
2025-01-09,967,205,225
2025-01-09,993,380,400
2025-01-09,994,430,450
2025-01-09,995,490,530
2025-01-09,996,500,540
2025-01-09,998,970,975
2025-01-09,999,895,900
2025-01-09,1000,,
2025-01-09,1026,,
2025-01-09,1027,,
2025-01-09,1030,110,120
2025-01-09,1031,110,130
2025-01-09,1032,,
2025-01-09,1034,690,710
2025-01-09,1050,410,420
2025-01-09,1061,,
2025-01-09,1095,,
2025-01-09,1115,339,342
2025-01-09,1116,337,339
2025-01-09,1117,,
2025-01-09,1118,257,260
2025-01-09,1119,345,350
2025-01-09,1121,,
2025-01-09,1123,,
2025-01-09,1127,234,236
2025-01-09,1128,254,256
2025-01-09,1129,255,252
2025-01-09,1130,253,254
2025-01-09,1131,175,180
2025-01-09,1137,,
2025-01-09,1138,255,262
2025-01-09,1139,,
2025-01-09,1140,350,355
2025-01-09,1143,910,960
2025-01-09,1144,960,1060
2025-01-09,1145,625,675
2025-01-09,1146,1900,2050
2025-01-09,1147,1250,1400
2025-01-09,1148,830,980
2025-01-09,1150,900,1040
2025-01-09,1151,900,1150
2025-01-09,1152,1000,1150
2025-01-09,1153,570,580
2025-01-09,1154,560,575
2025-01-09,1155,270,280
2025-01-09,1156,195,210
2025-01-09,1157,150,160
2025-01-09,1158,90,100
2025-01-09,1161,180,215
2025-01-09,1162,185,225
2025-01-09,1165,,
2025-01-09,1166,,
2025-01-09,1167,319,324
2025-01-09,1170,,
2025-01-09,1171,190,225
2025-01-09,1172,205,235
2025-01-09,1173,185,225
2025-01-09,1174,190,235
2025-01-09,1178,115,125
2025-01-09,1179,115,135
2025-01-09,1182,,
2025-01-09,1183,,
2025-01-09,1184,,
2025-01-09,1185,,
2025-01-09,1186,,
2025-01-09,1188,,
2025-01-09,1189,240,260
2025-01-09,1200,170,175
2025-01-09,1201,170,175
2025-01-09,1202,305,310
2025-01-09,1203,285,300
2025-01-09,1204,230,245
2025-01-09,1205,280,300
2025-01-09,1206,240,250
2025-01-09,1207,,
2025-01-09,1208,190,200
2025-01-09,1209,165,175
2025-01-09,1210,,
2025-01-09,1211,,
2025-01-09,1213,235,245
2025-01-09,1225,,
2025-01-09,1235,,
2025-01-09,1237,,
2025-01-09,1239,,
2025-01-09,1240,,
2025-01-09,1241,100,125
2025-01-09,1242,,
2025-01-09,1243,70,95
2025-01-09,1244,,
2025-01-09,1245,,
2025-01-09,1247,,
2025-01-09,1249,,
2025-01-09,1250,,
2025-01-09,1251,105,130
2025-01-09,1252,,
2025-01-09,1253,75,100
2025-01-09,1254,,
2025-01-09,1255,95,165
2025-01-09,1259,90,160
2025-01-09,1263,,
2025-01-09,1264,,
2025-01-09,1265,95,175
2025-01-09,1266,80,155
2025-01-09,1267,85,170
2025-01-09,1268,,
2025-01-09,1269,,
2025-01-09,1270,100,180
2025-01-09,1271,85,160
2025-01-09,1272,90,175
2025-01-09,1289,395,405
2025-01-09,1295,,
2025-01-09,1297,231,236
2025-01-09,1311,,
2025-01-09,1318,340,345
2025-01-09,1319,310,320
2025-01-09,1323,,
2025-01-09,1330,,
2025-01-09,1331,,
2025-01-09,1332,,
2025-01-09,1333,283,288
2025-01-09,1334,,
2025-01-09,1335,1950,2200
2025-01-09,1336,830,980
2025-01-09,1338,,
2025-01-09,1339,,
2025-01-09,1342,241,246
2025-01-09,1343,248,253
2025-01-09,1344,255,260
2025-01-09,1345,275,285
2025-01-09,1346,,
2025-01-09,1347,308,318
2025-01-09,1348,264,269
2025-01-09,1349,256,261
2025-01-09,1350,242,247
2025-01-09,1351,238,242
2025-01-09,1352,315,320
2025-01-09,1353,298,303
2025-01-09,1354,273,283
2025-01-09,1356,325,330
2025-01-09,1357,308,313
2025-01-09,1358,283,293
2025-01-09,1360,230,245
2025-01-09,1361,240,255
2025-01-09,1362,305,325
2025-01-09,1363,393,403
2025-01-09,1364,363,373
2025-01-09,1365,333,343
2025-01-09,1367,295,330
2025-01-09,1368,,
2025-01-09,1369,335,350
2025-01-16,649,236,240
2025-01-16,650,430,435
2025-01-16,684,525,530
2025-01-16,686,175,177
2025-01-16,687,184,185
2025-01-16,688,205,208
2025-01-16,689,165,167
2025-01-16,691,235,237
2025-01-16,692,242,243
2025-01-16,693,265,267
2025-01-16,694,172,174
2025-01-16,695,165,167
2025-01-16,696,180,182
2025-01-16,697,243,245
2025-01-16,711,371,373
2025-01-16,712,368,370
2025-01-16,713,380,382
2025-01-16,714,376,378
2025-01-16,717,524,527
2025-01-16,718,,
2025-01-16,719,185,190
2025-01-16,720,279,284
2025-01-16,721,313,318
2025-01-16,722,,446
2025-01-16,723,452,457
2025-01-16,735,1807,1892
2025-01-16,736,2582,2607
2025-01-16,739,206,210
2025-01-16,742,304,305
2025-01-16,743,304,305
2025-01-16,744,173,175
2025-01-16,745,230,235
2025-01-16,747,430,460
2025-01-16,769,,
2025-01-16,770,,
2025-01-16,833,,
2025-01-16,849,175,210
2025-01-16,850,180,220
2025-01-16,852,,
2025-01-16,853,,
2025-01-16,860,185,220
2025-01-16,861,200,230
2025-01-16,863,475,480
2025-01-16,864,,
2025-01-16,865,,
2025-01-16,866,,
2025-01-16,871,180,220
2025-01-16,872,185,230
2025-01-16,909,259,261
2025-01-16,924,305,315
2025-01-16,951,590,595
2025-01-16,963,,
2025-01-16,967,210,230
2025-01-16,993,380,400
2025-01-16,994,430,450
2025-01-16,995,490,530
2025-01-16,996,500,540
2025-01-16,998,980,985
2025-01-16,999,905,910
2025-01-16,1000,,
2025-01-16,1026,,
2025-01-16,1027,,
2025-01-16,1030,110,120
2025-01-16,1031,110,130
2025-01-16,1032,,
2025-01-16,1034,690,710
2025-01-16,1050,410,420
2025-01-16,1061,,
2025-01-16,1095,,
2025-01-16,1115,337,340
2025-01-16,1116,335,337
2025-01-16,1117,,
2025-01-16,1118,260,263
2025-01-16,1119,345,350
2025-01-16,1121,,
2025-01-16,1123,,
2025-01-16,1127,237,239
2025-01-16,1128,257,259
2025-01-16,1129,258,252
2025-01-16,1130,253,254
2025-01-16,1131,175,180
2025-01-16,1137,,
2025-01-16,1138,258,264
2025-01-16,1139,,
2025-01-16,1140,355,360
2025-01-16,1143,910,960
2025-01-16,1144,960,1060
2025-01-16,1145,675,725
2025-01-16,1146,1900,2050
2025-01-16,1147,1350,1500
2025-01-16,1148,830,980
2025-01-16,1150,900,1040
2025-01-16,1151,900,1150
2025-01-16,1152,1000,1150
2025-01-16,1153,565,575
2025-01-16,1154,555,570
2025-01-16,1155,270,280
2025-01-16,1156,195,210
2025-01-16,1157,150,160
2025-01-16,1158,90,100
2025-01-16,1161,180,215
2025-01-16,1162,185,225
2025-01-16,1165,,
2025-01-16,1166,,
2025-01-16,1167,319,324
2025-01-16,1170,,
2025-01-16,1171,190,225
2025-01-16,1172,205,235
2025-01-16,1173,185,225
2025-01-16,1174,190,235
2025-01-16,1178,115,125
2025-01-16,1179,115,135
2025-01-16,1182,,
2025-01-16,1183,,
2025-01-16,1184,,
2025-01-16,1185,,
2025-01-16,1186,,
2025-01-16,1188,,
2025-01-16,1189,240,260
2025-01-16,1200,170,175
2025-01-16,1201,170,175
2025-01-16,1202,305,310
2025-01-16,1203,285,300
2025-01-16,1204,230,245
2025-01-16,1205,280,300
2025-01-16,1206,240,250
2025-01-16,1207,,
2025-01-16,1208,190,200
2025-01-16,1209,165,175
2025-01-16,1210,,
2025-01-16,1211,,
2025-01-16,1213,235,245
2025-01-16,1225,,
2025-01-16,1235,,
2025-01-16,1237,,
2025-01-16,1239,,
2025-01-16,1240,,
2025-01-16,1241,100,125
2025-01-16,1242,,
2025-01-16,1243,70,95
2025-01-16,1244,,
2025-01-16,1245,,
2025-01-16,1247,,
2025-01-16,1249,,
2025-01-16,1250,,
2025-01-16,1251,105,130
2025-01-16,1252,,
2025-01-16,1253,75,100
2025-01-16,1254,,
2025-01-16,1255,95,165
2025-01-16,1259,90,160
2025-01-16,1263,,
2025-01-16,1264,,
2025-01-16,1265,95,175
2025-01-16,1266,80,155
2025-01-16,1267,85,170
2025-01-16,1268,,
2025-01-16,1269,,
2025-01-16,1270,100,180
2025-01-16,1271,85,160
2025-01-16,1272,90,175
2025-01-16,1289,395,405
2025-01-16,1295,,
2025-01-16,1297,235,240
2025-01-16,1311,,
2025-01-16,1318,340,345
2025-01-16,1319,310,320
2025-01-16,1323,,
2025-01-16,1330,,
2025-01-16,1331,,
2025-01-16,1332,,
2025-01-16,1333,285,290
2025-01-16,1334,,
2025-01-16,1335,1950,2200
2025-01-16,1336,830,980
2025-01-16,1338,,
2025-01-16,1339,,
2025-01-16,1342,245,250
2025-01-16,1343,252,257
2025-01-16,1344,260,265
2025-01-16,1345,285,295
2025-01-16,1346,,
2025-01-16,1347,308,318
2025-01-16,1348,267,272
2025-01-16,1349,259,264
2025-01-16,1350,245,250
2025-01-16,1351,241,245
2025-01-16,1352,319,324
2025-01-16,1353,302,307
2025-01-16,1354,277,287
2025-01-16,1356,329,334
2025-01-16,1357,312,317
2025-01-16,1358,287,297
2025-01-16,1360,234,249
2025-01-16,1361,244,259
2025-01-16,1362,305,325
2025-01-16,1363,400,410
2025-01-16,1364,370,380
2025-01-16,1365,340,350
2025-01-16,1367,300,330
2025-01-16,1368,,
2025-01-16,1369,335,350
2025-01-23,649,238,242
2025-01-23,650,430,435
2025-01-23,684,525,530
2025-01-23,686,158,160
2025-01-23,687,162,163
2025-01-23,688,195,198
2025-01-23,689,153,155
2025-01-23,691,218,220
2025-01-23,692,220,221
2025-01-23,693,255,257
2025-01-23,694,155,157
2025-01-23,695,153,155
2025-01-23,696,155,157
2025-01-23,697,243,245
2025-01-23,711,376,378
2025-01-23,712,373,375
2025-01-23,713,385,387
2025-01-23,714,381,383
2025-01-23,717,524,527
2025-01-23,718,,
2025-01-23,719,190,195
2025-01-23,720,284,289
2025-01-23,721,313,318
2025-01-23,722,,451
2025-01-23,723,460,465
2025-01-23,735,1787,1872
2025-01-23,736,2562,2587
2025-01-23,739,206,210
2025-01-23,742,304,305
2025-01-23,743,304,305
2025-01-23,744,173,175
2025-01-23,745,230,235
2025-01-23,747,430,460
2025-01-23,769,,
2025-01-23,770,,
2025-01-23,833,,
2025-01-23,849,175,210
2025-01-23,850,180,220
2025-01-23,852,,
2025-01-23,853,,
2025-01-23,860,185,220
2025-01-23,861,200,230
2025-01-23,863,480,485
2025-01-23,864,,
2025-01-23,865,,
2025-01-23,866,,
2025-01-23,871,180,220
2025-01-23,872,185,230
2025-01-23,909,259,261
2025-01-23,924,305,315
2025-01-23,951,590,595
2025-01-23,963,,
2025-01-23,967,210,230
2025-01-23,993,380,400
2025-01-23,994,430,450
2025-01-23,995,490,530
2025-01-23,996,500,540
2025-01-23,998,985,990
2025-01-23,999,910,915
2025-01-23,1000,,
2025-01-23,1026,,
2025-01-23,1027,,
2025-01-23,1030,110,120
2025-01-23,1031,110,130
2025-01-23,1032,,
2025-01-23,1034,690,710
2025-01-23,1050,410,420
2025-01-23,1061,,
2025-01-23,1095,,
2025-01-23,1115,334,337
2025-01-23,1116,332,334
2025-01-23,1117,,
2025-01-23,1118,260,263
2025-01-23,1119,345,350
2025-01-23,1121,,
2025-01-23,1123,,
2025-01-23,1127,237,239
2025-01-23,1128,257,259
2025-01-23,1129,258,252
2025-01-23,1130,253,254
2025-01-23,1131,175,180
2025-01-23,1137,,
2025-01-23,1138,258,264
2025-01-23,1139,,
2025-01-23,1140,355,360
2025-01-23,1143,910,960
2025-01-23,1144,980,1080
2025-01-23,1145,675,725
2025-01-23,1146,1900,2050
2025-01-23,1147,1350,1500
2025-01-23,1148,830,980
2025-01-23,1150,900,1040
2025-01-23,1151,900,1150
2025-01-23,1152,1000,1150
2025-01-23,1153,555,565
2025-01-23,1154,545,560
2025-01-23,1155,270,280
2025-01-23,1156,195,210
2025-01-23,1157,150,160
2025-01-23,1158,90,100
2025-01-23,1161,180,215
2025-01-23,1162,185,225
2025-01-23,1165,,
2025-01-23,1166,,
2025-01-23,1167,319,324
2025-01-23,1170,,
2025-01-23,1171,190,225
2025-01-23,1172,205,235
2025-01-23,1173,185,225
2025-01-23,1174,190,235
2025-01-23,1178,115,125
2025-01-23,1179,115,135
2025-01-23,1182,,
2025-01-23,1183,,
2025-01-23,1184,,
2025-01-23,1185,,
2025-01-23,1186,,
2025-01-23,1188,,
2025-01-23,1189,240,260
2025-01-23,1200,170,175
2025-01-23,1201,170,175
2025-01-23,1202,305,310
2025-01-23,1203,285,300
2025-01-23,1204,230,245
2025-01-23,1205,280,300
2025-01-23,1206,240,250
2025-01-23,1207,,
2025-01-23,1208,190,200
2025-01-23,1209,165,175
2025-01-23,1210,,
2025-01-23,1211,,
2025-01-23,1213,235,245
2025-01-23,1225,,
2025-01-23,1235,,
2025-01-23,1237,,
2025-01-23,1239,,
2025-01-23,1240,,
2025-01-23,1241,100,125
2025-01-23,1242,,
2025-01-23,1243,70,95
2025-01-23,1244,,
2025-01-23,1245,,
2025-01-23,1247,,
2025-01-23,1249,,
2025-01-23,1250,,
2025-01-23,1251,105,130
2025-01-23,1252,,
2025-01-23,1253,75,100
2025-01-23,1254,,
2025-01-23,1255,95,165
2025-01-23,1259,90,160
2025-01-23,1263,,
2025-01-23,1264,,
2025-01-23,1265,95,175
2025-01-23,1266,80,155
2025-01-23,1267,85,170
2025-01-23,1268,,
2025-01-23,1269,,
2025-01-23,1270,100,180
2025-01-23,1271,85,160
2025-01-23,1272,90,175
2025-01-23,1289,395,405
2025-01-23,1295,,
2025-01-23,1297,235,240
2025-01-23,1311,,
2025-01-23,1318,340,345
2025-01-23,1319,310,320
2025-01-23,1323,,
2025-01-23,1330,,
2025-01-23,1331,,
2025-01-23,1332,,
2025-01-23,1333,288,293
2025-01-23,1334,,
2025-01-23,1335,1990,2240
2025-01-23,1336,830,980
2025-01-23,1338,,
2025-01-23,1339,,
2025-01-23,1342,245,250
2025-01-23,1343,252,257
2025-01-23,1344,260,265
2025-01-23,1345,285,295
2025-01-23,1346,,
2025-01-23,1347,308,318
2025-01-23,1348,267,272
2025-01-23,1349,259,264
2025-01-23,1350,245,250
2025-01-23,1351,241,245
2025-01-23,1352,322,327
2025-01-23,1353,305,310
2025-01-23,1354,280,290
2025-01-23,1356,334,339
2025-01-23,1357,317,322
2025-01-23,1358,292,302
2025-01-23,1360,237,252
2025-01-23,1361,249,264
2025-01-23,1362,305,325
2025-01-23,1363,400,410
2025-01-23,1364,370,380
2025-01-23,1365,340,350
2025-01-23,1367,300,330
2025-01-23,1368,,
2025-01-23,1369,335,350
2025-01-30,649,238,242
2025-01-30,650,432,437
2025-01-30,684,535,540
2025-01-30,686,140,142
2025-01-30,687,144,145
2025-01-30,688,175,178
2025-01-30,689,143,145
2025-01-30,691,200,202
2025-01-30,692,202,203
2025-01-30,693,235,237
2025-01-30,694,137,139
2025-01-30,695,143,145
2025-01-30,696,135,137
2025-01-30,697,243,245
2025-01-30,711,376,378
2025-01-30,712,373,375
2025-01-30,713,385,387
2025-01-30,714,381,383
2025-01-30,717,524,527
2025-01-30,718,,
2025-01-30,719,190,195
2025-01-30,720,284,289
2025-01-30,721,313,318
2025-01-30,722,,451
2025-01-30,723,460,465
2025-01-30,735,1757,1842
2025-01-30,736,2532,2557
2025-01-30,739,201,205
2025-01-30,742,304,305
2025-01-30,743,304,305
2025-01-30,744,173,175
2025-01-30,745,230,235
2025-01-30,747,430,460
2025-01-30,769,,
2025-01-30,770,,
2025-01-30,833,,
2025-01-30,849,175,210
2025-01-30,850,180,220
2025-01-30,852,,
2025-01-30,853,,
2025-01-30,860,185,220
2025-01-30,861,200,230
2025-01-30,863,480,485
2025-01-30,864,,
2025-01-30,865,,
2025-01-30,866,,
2025-01-30,871,180,220
2025-01-30,872,185,230
2025-01-30,909,259,261
2025-01-30,924,310,320
2025-01-30,951,600,605
2025-01-30,963,,
2025-01-30,967,210,230
2025-01-30,993,380,400
2025-01-30,994,430,450
2025-01-30,995,490,530
2025-01-30,996,500,540
2025-01-30,998,995,1000
2025-01-30,999,920,925
2025-01-30,1000,,
2025-01-30,1026,,
2025-01-30,1027,,
2025-01-30,1030,110,120
2025-01-30,1031,110,130
2025-01-30,1032,,
2025-01-30,1034,690,710
2025-01-30,1050,410,420
2025-01-30,1061,,
2025-01-30,1095,,
2025-01-30,1115,332,335
2025-01-30,1116,330,332
2025-01-30,1117,,
2025-01-30,1118,262,265
2025-01-30,1119,345,350
2025-01-30,1121,,
2025-01-30,1123,,
2025-01-30,1127,237,239
2025-01-30,1128,257,259
2025-01-30,1129,258,252
2025-01-30,1130,253,254
2025-01-30,1131,175,180
2025-01-30,1137,,
2025-01-30,1138,260,264
2025-01-30,1139,,
2025-01-30,1140,360,365
2025-01-30,1143,910,960
2025-01-30,1144,980,1080
2025-01-30,1145,675,725
2025-01-30,1146,1900,2050
2025-01-30,1147,1350,1500
2025-01-30,1148,830,980
2025-01-30,1150,900,1040
2025-01-30,1151,900,1150
2025-01-30,1152,1000,1150
2025-01-30,1153,535,545
2025-01-30,1154,525,540
2025-01-30,1155,275,285
2025-01-30,1156,190,205
2025-01-30,1157,145,155
2025-01-30,1158,90,100
2025-01-30,1161,180,215
2025-01-30,1162,185,225
2025-01-30,1165,,
2025-01-30,1166,,
2025-01-30,1167,319,324
2025-01-30,1170,,
2025-01-30,1171,190,225
2025-01-30,1172,205,235
2025-01-30,1173,185,225
2025-01-30,1174,190,235
2025-01-30,1178,115,125
2025-01-30,1179,115,135
2025-01-30,1182,,
2025-01-30,1183,,
2025-01-30,1184,,
2025-01-30,1185,,
2025-01-30,1186,,
2025-01-30,1188,,
2025-01-30,1189,240,260
2025-01-30,1200,170,175
2025-01-30,1201,170,175
2025-01-30,1202,305,310
2025-01-30,1203,285,300
2025-01-30,1204,230,245
2025-01-30,1205,280,300
2025-01-30,1206,240,250
2025-01-30,1207,,
2025-01-30,1208,190,200
2025-01-30,1209,165,175
2025-01-30,1210,,
2025-01-30,1211,,
2025-01-30,1213,240,250
2025-01-30,1225,,
2025-01-30,1235,,
2025-01-30,1237,,
2025-01-30,1239,,
2025-01-30,1240,,
2025-01-30,1241,100,125
2025-01-30,1242,,
2025-01-30,1243,70,95
2025-01-30,1244,,
2025-01-30,1245,,
2025-01-30,1247,,
2025-01-30,1249,,
2025-01-30,1250,,
2025-01-30,1251,105,130
2025-01-30,1252,,
2025-01-30,1253,75,100
2025-01-30,1254,,
2025-01-30,1255,95,165
2025-01-30,1259,90,160
2025-01-30,1263,,
2025-01-30,1264,,
2025-01-30,1265,95,175
2025-01-30,1266,80,155
2025-01-30,1267,85,170
2025-01-30,1268,,
2025-01-30,1269,,
2025-01-30,1270,100,180
2025-01-30,1271,85,160
2025-01-30,1272,90,175
2025-01-30,1289,410,420
2025-01-30,1295,,
2025-01-30,1297,238,243
2025-01-30,1311,,
2025-01-30,1318,355,360
2025-01-30,1319,325,335
2025-01-30,1323,,
2025-01-30,1330,,
2025-01-30,1331,,
2025-01-30,1332,,
2025-01-30,1333,290,295
2025-01-30,1334,,
2025-01-30,1335,1990,2240
2025-01-30,1336,830,980
2025-01-30,1338,,
2025-01-30,1339,,
2025-01-30,1342,248,253
2025-01-30,1343,257,262
2025-01-30,1344,265,270
2025-01-30,1345,285,295
2025-01-30,1346,,
2025-01-30,1347,308,318
2025-01-30,1348,269,274
2025-01-30,1349,261,266
2025-01-30,1350,245,250
2025-01-30,1351,241,245
2025-01-30,1352,325,330
2025-01-30,1353,308,313
2025-01-30,1354,283,293
2025-01-30,1356,339,344
2025-01-30,1357,322,327
2025-01-30,1358,297,307
2025-01-30,1360,240,255
2025-01-30,1361,254,269
2025-01-30,1362,305,325
2025-01-30,1363,402,412
2025-01-30,1364,380,390
2025-01-30,1365,350,360
2025-01-30,1367,300,330
2025-01-30,1368,,
2025-01-30,1369,340,360
2025-02-06,649,238,242
2025-02-06,650,436,441
2025-02-06,684,545,550
2025-02-06,686,128,130
2025-02-06,687,132,133
2025-02-06,688,155,158
2025-02-06,689,138,140
2025-02-06,691,188,190
2025-02-06,692,190,191
2025-02-06,693,215,217
2025-02-06,694,125,127
2025-02-06,695,138,140
2025-02-06,696,135,137
2025-02-06,697,243,245
2025-02-06,711,376,378
2025-02-06,712,373,375
2025-02-06,713,385,387
2025-02-06,714,381,383
2025-02-06,717,519,522
2025-02-06,718,,
2025-02-06,719,190,195
2025-02-06,720,284,289
2025-02-06,721,313,318
2025-02-06,722,,451
2025-02-06,723,463,468
2025-02-06,735,1792,1877
2025-02-06,736,2567,2592
2025-02-06,739,201,205
2025-02-06,742,304,305
2025-02-06,743,304,305
2025-02-06,744,173,175
2025-02-06,745,230,235
2025-02-06,747,430,460
2025-02-06,769,,
2025-02-06,770,,
2025-02-06,833,,
2025-02-06,849,175,210
2025-02-06,850,180,220
2025-02-06,852,,
2025-02-06,853,,
2025-02-06,860,185,220
2025-02-06,861,200,230
2025-02-06,863,475,480
2025-02-06,864,,
2025-02-06,865,,
2025-02-06,866,,
2025-02-06,871,180,220
2025-02-06,872,185,230
2025-02-06,909,264,266
2025-02-06,924,310,320
2025-02-06,951,610,615
2025-02-06,963,,
2025-02-06,967,200,220
2025-02-06,993,380,400
2025-02-06,994,430,450
2025-02-06,995,490,530
2025-02-06,996,500,540
2025-02-06,998,1015,1020
2025-02-06,999,940,945
2025-02-06,1000,,
2025-02-06,1026,,
2025-02-06,1027,,
2025-02-06,1030,110,120
2025-02-06,1031,110,130
2025-02-06,1032,,
2025-02-06,1034,690,710
2025-02-06,1050,410,420
2025-02-06,1061,,
2025-02-06,1095,,
2025-02-06,1115,335,338
2025-02-06,1116,333,335
2025-02-06,1117,,
2025-02-06,1118,262,265
2025-02-06,1119,345,350
2025-02-06,1121,,
2025-02-06,1123,,
2025-02-06,1127,242,244
2025-02-06,1128,262,264
2025-02-06,1129,260,255
2025-02-06,1130,256,257
2025-02-06,1131,175,180
2025-02-06,1137,,
2025-02-06,1138,260,264
2025-02-06,1139,,
2025-02-06,1140,365,370
2025-02-06,1143,910,960
2025-02-06,1144,980,1080
2025-02-06,1145,650,700
2025-02-06,1146,1900,2050
2025-02-06,1147,1300,1450
2025-02-06,1148,800,950
2025-02-06,1150,900,1040
2025-02-06,1151,900,1150
2025-02-06,1152,970,1120
2025-02-06,1153,515,525
2025-02-06,1154,505,520
2025-02-06,1155,275,285
2025-02-06,1156,185,200
2025-02-06,1157,140,150
2025-02-06,1158,90,100
2025-02-06,1161,180,215
2025-02-06,1162,185,225
2025-02-06,1165,,
2025-02-06,1166,,
2025-02-06,1167,319,324
2025-02-06,1170,,
2025-02-06,1171,190,225
2025-02-06,1172,205,235
2025-02-06,1173,185,225
2025-02-06,1174,190,235
2025-02-06,1178,115,125
2025-02-06,1179,115,135
2025-02-06,1182,,
2025-02-06,1183,,
2025-02-06,1184,,
2025-02-06,1185,,
2025-02-06,1186,,
2025-02-06,1188,,
2025-02-06,1189,240,260
2025-02-06,1200,170,175
2025-02-06,1201,170,175
2025-02-06,1202,305,310
2025-02-06,1203,285,300
2025-02-06,1204,230,245
2025-02-06,1205,280,300
2025-02-06,1206,240,250
2025-02-06,1207,,
2025-02-06,1208,190,200
2025-02-06,1209,165,175
2025-02-06,1210,,
2025-02-06,1211,,
2025-02-06,1213,240,250
2025-02-06,1225,,
2025-02-06,1235,,
2025-02-06,1237,,
2025-02-06,1239,,
2025-02-06,1240,,
2025-02-06,1241,100,125
2025-02-06,1242,,
2025-02-06,1243,70,95
2025-02-06,1244,,
2025-02-06,1245,,
2025-02-06,1247,,
2025-02-06,1249,,
2025-02-06,1250,,
2025-02-06,1251,105,130
2025-02-06,1252,,
2025-02-06,1253,75,100
2025-02-06,1254,,
2025-02-06,1255,95,165
2025-02-06,1259,90,160
2025-02-06,1263,,
2025-02-06,1264,,
2025-02-06,1265,95,175
2025-02-06,1266,80,155
2025-02-06,1267,85,170
2025-02-06,1268,,
2025-02-06,1269,,
2025-02-06,1270,100,180
2025-02-06,1271,85,160
2025-02-06,1272,90,175
2025-02-06,1289,410,420
2025-02-06,1295,,
2025-02-06,1297,238,243
2025-02-06,1311,,
2025-02-06,1318,365,370
2025-02-06,1319,330,340
2025-02-06,1323,,
2025-02-06,1330,,
2025-02-06,1331,,
2025-02-06,1332,,
2025-02-06,1333,290,295
2025-02-06,1334,,
2025-02-06,1335,1990,2240
2025-02-06,1336,800,950
2025-02-06,1338,,
2025-02-06,1339,,
2025-02-06,1342,248,253
2025-02-06,1343,257,262
2025-02-06,1344,265,270
2025-02-06,1345,285,295
2025-02-06,1346,,
2025-02-06,1347,308,318
2025-02-06,1348,269,274
2025-02-06,1349,261,266
2025-02-06,1350,245,250
2025-02-06,1351,241,245
2025-02-06,1352,325,330
2025-02-06,1353,308,313
2025-02-06,1354,283,293
2025-02-06,1356,339,344
2025-02-06,1357,322,327
2025-02-06,1358,297,307
2025-02-06,1360,240,255
2025-02-06,1361,254,269
2025-02-06,1362,,
2025-02-06,1363,405,415
2025-02-06,1364,390,400
2025-02-06,1365,360,370
2025-02-06,1367,300,330
2025-02-06,1368,,
2025-02-06,1369,340,360
2025-02-13,649,240,244
2025-02-13,650,439,444
2025-02-13,684,545,550
2025-02-13,686,123,125
2025-02-13,687,127,128
2025-02-13,688,150,153
2025-02-13,689,138,140
2025-02-13,691,183,185
2025-02-13,692,185,186
2025-02-13,693,210,212
2025-02-13,694,120,122
2025-02-13,695,138,140
2025-02-13,696,135,137
2025-02-13,697,243,245
2025-02-13,711,361,363
2025-02-13,712,358,360
2025-02-13,713,370,372
2025-02-13,714,366,368
2025-02-13,717,504,507
2025-02-13,718,,
2025-02-13,719,195,200
2025-02-13,720,284,289
2025-02-13,721,313,318
2025-02-13,722,,448
2025-02-13,723,460,465
2025-02-13,735,1792,1877
2025-02-13,736,2567,2592
2025-02-13,739,201,205
2025-02-13,742,304,305
2025-02-13,743,304,305
2025-02-13,744,173,175
2025-02-13,745,230,235
2025-02-13,747,430,460
2025-02-13,769,,
2025-02-13,770,,
2025-02-13,833,,
2025-02-13,849,175,210
2025-02-13,850,180,220
2025-02-13,852,,
2025-02-13,853,,
2025-02-13,860,185,220
2025-02-13,861,200,230
2025-02-13,863,460,465
2025-02-13,864,,
2025-02-13,865,,
2025-02-13,866,,
2025-02-13,871,180,220
2025-02-13,872,185,230
2025-02-13,909,267,269
2025-02-13,924,310,320
2025-02-13,951,610,615
2025-02-13,963,,
2025-02-13,967,190,210
2025-02-13,993,380,400
2025-02-13,994,430,450
2025-02-13,995,490,530
2025-02-13,996,500,540
2025-02-13,998,1025,1030
2025-02-13,999,960,965
2025-02-13,1000,,
2025-02-13,1026,,
2025-02-13,1027,,
2025-02-13,1030,110,120
2025-02-13,1031,110,130
2025-02-13,1032,,
2025-02-13,1034,690,710
2025-02-13,1050,410,420
2025-02-13,1061,,
2025-02-13,1095,,
2025-02-13,1115,340,343
2025-02-13,1116,338,340
2025-02-13,1117,,
2025-02-13,1118,267,270
2025-02-13,1119,345,350
2025-02-13,1121,,
2025-02-13,1123,,
2025-02-13,1127,245,247
2025-02-13,1128,264,266
2025-02-13,1129,265,257
2025-02-13,1130,258,259
2025-02-13,1131,175,180
2025-02-13,1137,,
2025-02-13,1138,265,266
2025-02-13,1139,,
2025-02-13,1140,365,370
2025-02-13,1143,910,960
2025-02-13,1144,980,1080
2025-02-13,1145,650,700
2025-02-13,1146,1900,2050
2025-02-13,1147,1300,1450
2025-02-13,1148,800,950
2025-02-13,1150,900,1040
2025-02-13,1151,900,1150
2025-02-13,1152,970,1120
2025-02-13,1153,515,525
2025-02-13,1154,500,520
2025-02-13,1155,275,285
2025-02-13,1156,185,200
2025-02-13,1157,140,150
2025-02-13,1158,80,90
2025-02-13,1161,180,215
2025-02-13,1162,185,225
2025-02-13,1165,,
2025-02-13,1166,,
2025-02-13,1167,319,324
2025-02-13,1170,,
2025-02-13,1171,190,225
2025-02-13,1172,205,235
2025-02-13,1173,185,225
2025-02-13,1174,190,235
2025-02-13,1178,115,125
2025-02-13,1179,115,135
2025-02-13,1182,,
2025-02-13,1183,,
2025-02-13,1184,,
2025-02-13,1185,,
2025-02-13,1186,,
2025-02-13,1188,,
2025-02-13,1189,240,260
2025-02-13,1200,170,175
2025-02-13,1201,170,175
2025-02-13,1202,305,310
2025-02-13,1203,285,300
2025-02-13,1204,230,245
2025-02-13,1205,280,300
2025-02-13,1206,240,250
2025-02-13,1207,,
2025-02-13,1208,190,200
2025-02-13,1209,165,175
2025-02-13,1210,,
2025-02-13,1211,,
2025-02-13,1213,240,250
2025-02-13,1225,,
2025-02-13,1235,,
2025-02-13,1237,,
2025-02-13,1239,,
2025-02-13,1240,,
2025-02-13,1241,100,125
2025-02-13,1242,,
2025-02-13,1243,70,95
2025-02-13,1244,,
2025-02-13,1245,,
2025-02-13,1247,,
2025-02-13,1249,,
2025-02-13,1250,,
2025-02-13,1251,105,130
2025-02-13,1252,,
2025-02-13,1253,75,100
2025-02-13,1254,,
2025-02-13,1255,95,165
2025-02-13,1259,90,160
2025-02-13,1263,,
2025-02-13,1264,,
2025-02-13,1265,95,175
2025-02-13,1266,80,155
2025-02-13,1267,85,170
2025-02-13,1268,,
2025-02-13,1269,,
2025-02-13,1270,100,180
2025-02-13,1271,85,160
2025-02-13,1272,90,175
2025-02-13,1289,420,430
2025-02-13,1295,,
2025-02-13,1297,240,245
2025-02-13,1311,,
2025-02-13,1318,375,380
2025-02-13,1319,340,350
2025-02-13,1323,,
2025-02-13,1330,,
2025-02-13,1331,,
2025-02-13,1332,,
2025-02-13,1333,295,300
2025-02-13,1334,,
2025-02-13,1335,1990,2240
2025-02-13,1336,800,950
2025-02-13,1338,,
2025-02-13,1339,,
2025-02-13,1342,250,255
2025-02-13,1343,259,264
2025-02-13,1344,267,272
2025-02-13,1345,285,295
2025-02-13,1346,,
2025-02-13,1347,308,318
2025-02-13,1348,273,278
2025-02-13,1349,265,270
2025-02-13,1350,249,254
2025-02-13,1351,245,249
2025-02-13,1352,325,330
2025-02-13,1353,308,313
2025-02-13,1354,283,293
2025-02-13,1356,339,344
2025-02-13,1357,322,327
2025-02-13,1358,297,307
2025-02-13,1360,240,255
2025-02-13,1361,254,269
2025-02-13,1362,,
2025-02-13,1363,415,425
2025-02-13,1364,400,410
2025-02-13,1365,370,380
2025-02-13,1367,300,330
2025-02-13,1368,,
2025-02-13,1369,340,360
2025-02-20,649,240,244
2025-02-20,650,439,444
2025-02-20,684,545,550
2025-02-20,686,128,130
2025-02-20,687,134,135
2025-02-20,688,150,153
2025-02-20,689,138,140
2025-02-20,691,188,190
2025-02-20,692,192,193
2025-02-20,693,210,212
2025-02-20,694,125,127
2025-02-20,695,138,140
2025-02-20,696,141,143
2025-02-20,697,243,245
2025-02-20,711,361,363
2025-02-20,712,358,360
2025-02-20,713,370,372
2025-02-20,714,366,368
2025-02-20,717,504,507
2025-02-20,718,,
2025-02-20,719,205,210
2025-02-20,720,289,294
2025-02-20,721,313,318
2025-02-20,722,,448
2025-02-20,723,460,465
2025-02-20,735,1777,1862
2025-02-20,736,2587,2612
2025-02-20,739,201,205
2025-02-20,742,304,305
2025-02-20,743,304,305
2025-02-20,744,173,175
2025-02-20,745,230,235
2025-02-20,747,430,460
2025-02-20,769,,
2025-02-20,770,,
2025-02-20,833,,
2025-02-20,849,175,210
2025-02-20,850,180,220
2025-02-20,852,,
2025-02-20,853,,
2025-02-20,860,185,220
2025-02-20,861,200,230
2025-02-20,863,460,465
2025-02-20,864,,
2025-02-20,865,,
2025-02-20,866,,
2025-02-20,871,180,220
2025-02-20,872,185,230
2025-02-20,909,270,272
2025-02-20,924,310,320
2025-02-20,951,610,615
2025-02-20,963,,
2025-02-20,967,190,210
2025-02-20,993,380,400
2025-02-20,994,430,450
2025-02-20,995,490,530
2025-02-20,996,500,540
2025-02-20,998,1025,1030
2025-02-20,999,970,975
2025-02-20,1000,,
2025-02-20,1026,,
2025-02-20,1027,,
2025-02-20,1030,110,120
2025-02-20,1031,110,130
2025-02-20,1032,,
2025-02-20,1034,690,710
2025-02-20,1050,410,420
2025-02-20,1061,,
2025-02-20,1095,,
2025-02-20,1115,345,348
2025-02-20,1116,335,337
2025-02-20,1117,,
2025-02-20,1118,267,270
2025-02-20,1119,345,350
2025-02-20,1121,,
2025-02-20,1123,,
2025-02-20,1127,248,250
2025-02-20,1128,267,269
2025-02-20,1129,265,260
2025-02-20,1130,261,262
2025-02-20,1131,175,180
2025-02-20,1137,,
2025-02-20,1138,265,270
2025-02-20,1139,,
2025-02-20,1140,360,365
2025-02-20,1143,910,960
2025-02-20,1144,980,1080
2025-02-20,1145,625,675
2025-02-20,1146,1900,2050
2025-02-20,1147,1250,1400
2025-02-20,1148,780,930
2025-02-20,1150,900,1040
2025-02-20,1151,870,1150
2025-02-20,1152,950,1100
2025-02-20,1153,515,525
2025-02-20,1154,490,510
2025-02-20,1155,275,285
2025-02-20,1156,185,200
2025-02-20,1157,140,150
2025-02-20,1158,80,90
2025-02-20,1161,180,215
2025-02-20,1162,185,225
2025-02-20,1165,,
2025-02-20,1166,,
2025-02-20,1167,319,324
2025-02-20,1170,,
2025-02-20,1171,190,225
2025-02-20,1172,205,235
2025-02-20,1173,185,225
2025-02-20,1174,190,235
2025-02-20,1178,115,125
2025-02-20,1179,115,135
2025-02-20,1182,,
2025-02-20,1183,,
2025-02-20,1184,,
2025-02-20,1185,,
2025-02-20,1186,,
2025-02-20,1188,,
2025-02-20,1189,240,260
2025-02-20,1200,170,175
2025-02-20,1201,170,175
2025-02-20,1202,305,310
2025-02-20,1203,285,300
2025-02-20,1204,230,245
2025-02-20,1205,280,300
2025-02-20,1206,240,250
2025-02-20,1207,,
2025-02-20,1208,190,200
2025-02-20,1209,165,175
2025-02-20,1210,,
2025-02-20,1211,,
2025-02-20,1213,240,250
2025-02-20,1225,,
2025-02-20,1235,,
2025-02-20,1237,,
2025-02-20,1239,,
2025-02-20,1240,,
2025-02-20,1241,100,125
2025-02-20,1242,,
2025-02-20,1243,70,95
2025-02-20,1244,,
2025-02-20,1245,,
2025-02-20,1247,,
2025-02-20,1249,,
2025-02-20,1250,,
2025-02-20,1251,105,130
2025-02-20,1252,,
2025-02-20,1253,75,100
2025-02-20,1254,,
2025-02-20,1255,95,165
2025-02-20,1259,90,160
2025-02-20,1263,,
2025-02-20,1264,,
2025-02-20,1265,95,175
2025-02-20,1266,80,155
2025-02-20,1267,85,170
2025-02-20,1268,,
2025-02-20,1269,,
2025-02-20,1270,100,180
2025-02-20,1271,85,160
2025-02-20,1272,90,175
2025-02-20,1289,425,435
2025-02-20,1295,,
2025-02-20,1297,240,245
2025-02-20,1311,,
2025-02-20,1318,395,400
2025-02-20,1319,360,370
2025-02-20,1323,,
2025-02-20,1330,,
2025-02-20,1331,,
2025-02-20,1332,,
2025-02-20,1333,295,300
2025-02-20,1334,,
2025-02-20,1335,1990,2240
2025-02-20,1336,780,930
2025-02-20,1338,,
2025-02-20,1339,,
2025-02-20,1342,250,255
2025-02-20,1343,259,264
2025-02-20,1344,267,272
2025-02-20,1345,295,305
2025-02-20,1346,,
2025-02-20,1347,308,318
2025-02-20,1348,273,278
2025-02-20,1349,265,270
2025-02-20,1350,249,254
2025-02-20,1351,245,249
2025-02-20,1352,325,330
2025-02-20,1353,308,313
2025-02-20,1354,283,293
2025-02-20,1356,339,344
2025-02-20,1357,322,327
2025-02-20,1358,297,307
2025-02-20,1360,240,255
2025-02-20,1361,254,269
2025-02-20,1362,,
2025-02-20,1363,425,435
2025-02-20,1364,410,420
2025-02-20,1365,380,390
2025-02-20,1367,300,330
2025-02-20,1368,,
2025-02-20,1369,345,370
2025-02-27,649,240,244
2025-02-27,650,439,444
2025-02-27,684,545,550
2025-02-27,686,138,140
2025-02-27,687,144,145
2025-02-27,688,160,163
2025-02-27,689,144,146
2025-02-27,691,198,200
2025-02-27,692,202,203
2025-02-27,693,220,222
2025-02-27,694,135,137
2025-02-27,695,144,146
2025-02-27,696,151,153
2025-02-27,697,243,245
2025-02-27,711,363,365
2025-02-27,712,362,364
2025-02-27,713,372,374
2025-02-27,714,370,372
2025-02-27,717,504,507
2025-02-27,718,,
2025-02-27,719,215,220
2025-02-27,720,285,290
2025-02-27,721,313,318
2025-02-27,722,,448
2025-02-27,723,460,465
2025-02-27,735,1767,1852
2025-02-27,736,2607,2632
2025-02-27,739,201,205
2025-02-27,742,304,305
2025-02-27,743,304,305
2025-02-27,744,175,180
2025-02-27,745,230,235
2025-02-27,747,430,460
2025-02-27,769,,
2025-02-27,770,,
2025-02-27,833,,
2025-02-27,849,175,210
2025-02-27,850,180,220
2025-02-27,852,,
2025-02-27,853,,
2025-02-27,860,185,220
2025-02-27,861,200,230
2025-02-27,863,460,465
2025-02-27,864,,
2025-02-27,865,,
2025-02-27,866,,
2025-02-27,871,180,220
2025-02-27,872,185,230
2025-02-27,909,270,272
2025-02-27,924,310,320
2025-02-27,951,610,615
2025-02-27,963,,
2025-02-27,967,190,210
2025-02-27,993,380,400
2025-02-27,994,430,450
2025-02-27,995,490,530
2025-02-27,996,500,540
2025-02-27,998,1035,1040
2025-02-27,999,980,985
2025-02-27,1000,,
2025-02-27,1026,,
2025-02-27,1027,,
2025-02-27,1030,110,120
2025-02-27,1031,110,130
2025-02-27,1032,,
2025-02-27,1034,690,710
2025-02-27,1050,410,420
2025-02-27,1061,,
2025-02-27,1095,,
2025-02-27,1115,345,348
2025-02-27,1116,335,337
2025-02-27,1117,,
2025-02-27,1118,267,270
2025-02-27,1119,345,350
2025-02-27,1121,,
2025-02-27,1123,,
2025-02-27,1127,248,250
2025-02-27,1128,267,269
2025-02-27,1129,265,260
2025-02-27,1130,261,262
2025-02-27,1131,175,180
2025-02-27,1137,,
2025-02-27,1138,265,270
2025-02-27,1139,,
2025-02-27,1140,360,365
2025-02-27,1143,910,960
2025-02-27,1144,980,1080
2025-02-27,1145,625,675
2025-02-27,1146,1900,2050
2025-02-27,1147,1250,1400
2025-02-27,1148,780,930
2025-02-27,1150,900,1040
2025-02-27,1151,870,1150
2025-02-27,1152,950,1100
2025-02-27,1153,510,520
2025-02-27,1154,485,505
2025-02-27,1155,275,285
2025-02-27,1156,178,193
2025-02-27,1157,133,143
2025-02-27,1158,75,85
2025-02-27,1161,180,215
2025-02-27,1162,185,225
2025-02-27,1165,,
2025-02-27,1166,,
2025-02-27,1167,319,324
2025-02-27,1170,,
2025-02-27,1171,190,225
2025-02-27,1172,205,235
2025-02-27,1173,185,225
2025-02-27,1174,190,235
2025-02-27,1178,115,125
2025-02-27,1179,115,135
2025-02-27,1182,,
2025-02-27,1183,,
2025-02-27,1184,,
2025-02-27,1185,,
2025-02-27,1186,,
2025-02-27,1188,,
2025-02-27,1189,240,260
2025-02-27,1200,170,175
2025-02-27,1201,170,175
2025-02-27,1202,305,310
2025-02-27,1203,285,300
2025-02-27,1204,230,245
2025-02-27,1205,280,300
2025-02-27,1206,240,250
2025-02-27,1207,,
2025-02-27,1208,190,200
2025-02-27,1209,165,175
2025-02-27,1210,,
2025-02-27,1211,,
2025-02-27,1213,240,250
2025-02-27,1225,,
2025-02-27,1235,,
2025-02-27,1237,,
2025-02-27,1239,,
2025-02-27,1240,,
2025-02-27,1241,100,125
2025-02-27,1242,,
2025-02-27,1243,70,95
2025-02-27,1244,,
2025-02-27,1245,,
2025-02-27,1247,,
2025-02-27,1249,,
2025-02-27,1250,,
2025-02-27,1251,105,130
2025-02-27,1252,,
2025-02-27,1253,75,100
2025-02-27,1254,,
2025-02-27,1255,95,165
2025-02-27,1259,90,160
2025-02-27,1263,,
2025-02-27,1264,,
2025-02-27,1265,95,175
2025-02-27,1266,80,155
2025-02-27,1267,85,170
2025-02-27,1268,,
2025-02-27,1269,,
2025-02-27,1270,100,180
2025-02-27,1271,85,160
2025-02-27,1272,90,175
2025-02-27,1289,425,435
2025-02-27,1295,,
2025-02-27,1297,240,245
2025-02-27,1311,,
2025-02-27,1318,395,400
2025-02-27,1319,360,370
2025-02-27,1323,,
2025-02-27,1330,,
2025-02-27,1331,,
2025-02-27,1332,,
2025-02-27,1333,295,300
2025-02-27,1334,,
2025-02-27,1335,1990,2240
2025-02-27,1336,780,930
2025-02-27,1338,,
2025-02-27,1339,,
2025-02-27,1342,250,255
2025-02-27,1343,259,264
2025-02-27,1344,267,272
2025-02-27,1345,295,305
2025-02-27,1346,,
2025-02-27,1347,308,318
2025-02-27,1348,273,278
2025-02-27,1349,265,270
2025-02-27,1350,249,254
2025-02-27,1351,245,249
2025-02-27,1352,325,330
2025-02-27,1353,308,313
2025-02-27,1354,283,293
2025-02-27,1356,339,344
2025-02-27,1357,322,327
2025-02-27,1358,297,307
2025-02-27,1360,240,255
2025-02-27,1361,254,269
2025-02-27,1362,,
2025-02-27,1363,425,435
2025-02-27,1364,410,420
2025-02-27,1365,380,390
2025-02-27,1367,300,330
2025-02-27,1368,,
2025-02-27,1369,350,375
2025-03-06,649,238,242
2025-03-06,650,429,434
2025-03-06,684,545,550
2025-03-06,686,150,152
2025-03-06,687,156,157
2025-03-06,688,172,175
2025-03-06,689,154,156
2025-03-06,691,210,212
2025-03-06,692,214,215
2025-03-06,693,232,234
2025-03-06,694,147,149
2025-03-06,695,154,156
2025-03-06,696,161,163
2025-03-06,697,243,245
2025-03-06,711,360,362
2025-03-06,712,359,361
2025-03-06,713,369,371
2025-03-06,714,367,369
2025-03-06,717,499,502
2025-03-06,718,,
2025-03-06,719,222,227
2025-03-06,720,283,288
2025-03-06,721,311,316
2025-03-06,722,,428
2025-03-06,723,440,445
2025-03-06,735,1777,1862
2025-03-06,736,2617,2642
2025-03-06,739,201,205
2025-03-06,742,304,305
2025-03-06,743,304,305
2025-03-06,744,170,175
2025-03-06,745,230,235
2025-03-06,747,430,460
2025-03-06,769,,
2025-03-06,770,,
2025-03-06,833,,
2025-03-06,849,175,210
2025-03-06,850,180,220
2025-03-06,852,,
2025-03-06,853,,
2025-03-06,860,185,220
2025-03-06,861,200,230
2025-03-06,863,455,460
2025-03-06,864,,
2025-03-06,865,,
2025-03-06,866,,
2025-03-06,871,180,220
2025-03-06,872,185,230
2025-03-06,909,266,268
2025-03-06,924,305,315
2025-03-06,951,610,615
2025-03-06,963,,
2025-03-06,967,193,213
2025-03-06,993,380,400
2025-03-06,994,430,450
2025-03-06,995,490,530
2025-03-06,996,500,540
2025-03-06,998,1040,1045
2025-03-06,999,985,990
2025-03-06,1000,,
2025-03-06,1026,,
2025-03-06,1027,,
2025-03-06,1030,110,120
2025-03-06,1031,110,130
2025-03-06,1032,,
2025-03-06,1034,700,720
2025-03-06,1050,410,420
2025-03-06,1061,,
2025-03-06,1095,,
2025-03-06,1115,335,338
2025-03-06,1116,325,327
2025-03-06,1117,,
2025-03-06,1118,263,266
2025-03-06,1119,345,350
2025-03-06,1121,,
2025-03-06,1123,,
2025-03-06,1127,244,246
2025-03-06,1128,263,265
2025-03-06,1129,263,253
2025-03-06,1130,254,255
2025-03-06,1131,175,180
2025-03-06,1137,,
2025-03-06,1138,262,265
2025-03-06,1139,,
2025-03-06,1140,355,360
2025-03-06,1143,910,960
2025-03-06,1144,980,1080
2025-03-06,1145,625,675
2025-03-06,1146,1900,2050
2025-03-06,1147,1250,1400
2025-03-06,1148,780,930
2025-03-06,1150,900,1040
2025-03-06,1151,885,1150
2025-03-06,1152,950,1100
2025-03-06,1153,510,520
2025-03-06,1154,480,500
2025-03-06,1155,275,285
2025-03-06,1156,178,193
2025-03-06,1157,133,143
2025-03-06,1158,75,85
2025-03-06,1161,180,215
2025-03-06,1162,185,225
2025-03-06,1165,,
2025-03-06,1166,,
2025-03-06,1167,319,324
2025-03-06,1170,,
2025-03-06,1171,190,225
2025-03-06,1172,205,235
2025-03-06,1173,185,225
2025-03-06,1174,190,235
2025-03-06,1178,115,125
2025-03-06,1179,115,135
2025-03-06,1182,,
2025-03-06,1183,,
2025-03-06,1184,,
2025-03-06,1185,,
2025-03-06,1186,,
2025-03-06,1188,,
2025-03-06,1189,240,260
2025-03-06,1200,170,175
2025-03-06,1201,170,175
2025-03-06,1202,305,310
2025-03-06,1203,285,300
2025-03-06,1204,230,245
2025-03-06,1205,280,300
2025-03-06,1206,240,250
2025-03-06,1207,,
2025-03-06,1208,190,200
2025-03-06,1209,165,175
2025-03-06,1210,,
2025-03-06,1211,,
2025-03-06,1213,235,245
2025-03-06,1225,,
2025-03-06,1235,,
2025-03-06,1237,,
2025-03-06,1239,,
2025-03-06,1240,,
2025-03-06,1241,90,125
2025-03-06,1242,,
2025-03-06,1243,60,95
2025-03-06,1244,,
2025-03-06,1245,,
2025-03-06,1247,,
2025-03-06,1249,,
2025-03-06,1250,,
2025-03-06,1251,95,130
2025-03-06,1252,,
2025-03-06,1253,65,100
2025-03-06,1254,,
2025-03-06,1255,95,165
2025-03-06,1259,90,160
2025-03-06,1263,,
2025-03-06,1264,,
2025-03-06,1265,95,175
2025-03-06,1266,80,155
2025-03-06,1267,85,170
2025-03-06,1268,,
2025-03-06,1269,,
2025-03-06,1270,100,180
2025-03-06,1271,85,160
2025-03-06,1272,90,175
2025-03-06,1289,425,435
2025-03-06,1295,,
2025-03-06,1297,240,245
2025-03-06,1311,,
2025-03-06,1318,395,400
2025-03-06,1319,360,370
2025-03-06,1323,,
2025-03-06,1330,,
2025-03-06,1331,,
2025-03-06,1332,,
2025-03-06,1333,295,300
2025-03-06,1334,,
2025-03-06,1335,1990,2240
2025-03-06,1336,780,930
2025-03-06,1338,,
2025-03-06,1339,,
2025-03-06,1342,250,255
2025-03-06,1343,259,264
2025-03-06,1344,267,272
2025-03-06,1345,295,305
2025-03-06,1346,,
2025-03-06,1347,306,316
2025-03-06,1348,273,278
2025-03-06,1349,265,270
2025-03-06,1350,249,254
2025-03-06,1351,245,249
2025-03-06,1352,325,330
2025-03-06,1353,308,313
2025-03-06,1354,283,293
2025-03-06,1356,339,344
2025-03-06,1357,322,327
2025-03-06,1358,297,307
2025-03-06,1360,240,255
2025-03-06,1361,254,269
2025-03-06,1362,,
2025-03-06,1363,425,435
2025-03-06,1364,410,420
2025-03-06,1365,380,390
2025-03-06,1367,300,330
2025-03-06,1368,,
2025-03-06,1369,350,375
2025-03-13,649,238,242
2025-03-13,650,419,424
2025-03-13,684,545,550
2025-03-13,686,161,163
2025-03-13,687,167,168
2025-03-13,688,182,185
2025-03-13,689,163,165
2025-03-13,691,221,223
2025-03-13,692,225,226
2025-03-13,693,242,244
2025-03-13,694,158,160
2025-03-13,695,163,165
2025-03-13,696,171,173
2025-03-13,697,243,245
2025-03-13,711,360,362
2025-03-13,712,359,361
2025-03-13,713,369,371
2025-03-13,714,367,369
2025-03-13,717,499,502
2025-03-13,718,,
2025-03-13,719,222,227
2025-03-13,720,280,285
2025-03-13,721,306,311
2025-03-13,722,,423
2025-03-13,723,435,440
2025-03-13,735,1777,1862
2025-03-13,736,2677,2702
2025-03-13,739,201,205
2025-03-13,742,304,305
2025-03-13,743,304,305
2025-03-13,744,170,175
2025-03-13,745,230,235
2025-03-13,747,430,460
2025-03-13,769,,
2025-03-13,770,,
2025-03-13,833,,
2025-03-13,849,175,210
2025-03-13,850,180,220
2025-03-13,852,,
2025-03-13,853,,
2025-03-13,860,185,220
2025-03-13,861,200,230
2025-03-13,863,455,460
2025-03-13,864,,
2025-03-13,865,,
2025-03-13,866,,
2025-03-13,871,180,220
2025-03-13,872,185,230
2025-03-13,909,260,262
2025-03-13,924,305,315
2025-03-13,951,610,615
2025-03-13,963,,
2025-03-13,967,197,217
2025-03-13,993,380,400
2025-03-13,994,430,450
2025-03-13,995,490,530
2025-03-13,996,500,540
2025-03-13,998,1040,1045
2025-03-13,999,985,990
2025-03-13,1000,,
2025-03-13,1026,,
2025-03-13,1027,,
2025-03-13,1030,110,120
2025-03-13,1031,110,130
2025-03-13,1032,,
2025-03-13,1034,700,720
2025-03-13,1050,410,420
2025-03-13,1061,,
2025-03-13,1095,,
2025-03-13,1115,330,333
2025-03-13,1116,320,322
2025-03-13,1117,,
2025-03-13,1118,259,262
2025-03-13,1119,345,350
2025-03-13,1121,,
2025-03-13,1123,,
2025-03-13,1127,238,240
2025-03-13,1128,257,259
2025-03-13,1129,260,248
2025-03-13,1130,249,250
2025-03-13,1131,175,180
2025-03-13,1137,,
2025-03-13,1138,258,261
2025-03-13,1139,,
2025-03-13,1140,355,360
2025-03-13,1143,910,960
2025-03-13,1144,980,1080
2025-03-13,1145,625,675
2025-03-13,1146,1900,2050
2025-03-13,1147,1250,1400
2025-03-13,1148,780,930
2025-03-13,1150,900,1040
2025-03-13,1151,885,1150
2025-03-13,1152,950,1100
2025-03-13,1153,510,520
2025-03-13,1154,480,500
2025-03-13,1155,275,285
2025-03-13,1156,178,193
2025-03-13,1157,133,143
2025-03-13,1158,75,85
2025-03-13,1161,180,215
2025-03-13,1162,185,225
2025-03-13,1165,,
2025-03-13,1166,,
2025-03-13,1167,319,324
2025-03-13,1170,,
2025-03-13,1171,190,225
2025-03-13,1172,205,235
2025-03-13,1173,185,225
2025-03-13,1174,190,235
2025-03-13,1178,115,125
2025-03-13,1179,115,135
2025-03-13,1182,,
2025-03-13,1183,,
2025-03-13,1184,,
2025-03-13,1185,,
2025-03-13,1186,,
2025-03-13,1188,,
2025-03-13,1189,240,260
2025-03-13,1200,170,175
2025-03-13,1201,170,175
2025-03-13,1202,305,310
2025-03-13,1203,285,300
2025-03-13,1204,230,245
2025-03-13,1205,280,300
2025-03-13,1206,240,250
2025-03-13,1207,,
2025-03-13,1208,190,200
2025-03-13,1209,165,175
2025-03-13,1210,,
2025-03-13,1211,,
2025-03-13,1213,235,245
2025-03-13,1225,,
2025-03-13,1235,,
2025-03-13,1237,,
2025-03-13,1239,,
2025-03-13,1240,,
2025-03-13,1241,90,125
2025-03-13,1242,,
2025-03-13,1243,60,95
2025-03-13,1244,,
2025-03-13,1245,,
2025-03-13,1247,,
2025-03-13,1249,,
2025-03-13,1250,,
2025-03-13,1251,95,130
2025-03-13,1252,,
2025-03-13,1253,65,100
2025-03-13,1254,,
2025-03-13,1255,95,165
2025-03-13,1259,90,160
2025-03-13,1263,,
2025-03-13,1264,,
2025-03-13,1265,95,175
2025-03-13,1266,80,155
2025-03-13,1267,85,170
2025-03-13,1268,,
2025-03-13,1269,,
2025-03-13,1270,100,180
2025-03-13,1271,85,160
2025-03-13,1272,90,175
2025-03-13,1289,425,435
2025-03-13,1295,,
2025-03-13,1297,240,245
2025-03-13,1311,,
2025-03-13,1318,400,405
2025-03-13,1319,360,370
2025-03-13,1323,,
2025-03-13,1330,,
2025-03-13,1331,,
2025-03-13,1332,,
2025-03-13,1333,295,300
2025-03-13,1334,,
2025-03-13,1335,1990,2240
2025-03-13,1336,780,930
2025-03-13,1338,,
2025-03-13,1339,,
2025-03-13,1342,250,255
2025-03-13,1343,259,264
2025-03-13,1344,267,272
2025-03-13,1345,295,305
2025-03-13,1346,,
2025-03-13,1347,302,312
2025-03-13,1348,271,276
2025-03-13,1349,263,268
2025-03-13,1350,247,252
2025-03-13,1351,243,247
2025-03-13,1352,322,327
2025-03-13,1353,305,310
2025-03-13,1354,280,290
2025-03-13,1356,336,341
2025-03-13,1357,319,324
2025-03-13,1358,294,304
2025-03-13,1360,237,252
2025-03-13,1361,251,266
2025-03-13,1362,,
2025-03-13,1363,435,445
2025-03-13,1364,420,430
2025-03-13,1365,385,400
2025-03-13,1367,305,335
2025-03-13,1368,,
2025-03-13,1369,350,375
2025-03-20,649,238,242
2025-03-20,650,417,422
2025-03-20,684,545,550
2025-03-20,686,171,173
2025-03-20,687,177,178
2025-03-20,688,192,195
2025-03-20,689,173,175
2025-03-20,691,231,233
2025-03-20,692,235,236
2025-03-20,693,252,254
2025-03-20,694,168,170
2025-03-20,695,173,175
2025-03-20,696,181,183
2025-03-20,697,243,245
2025-03-20,711,355,357
2025-03-20,712,354,356
2025-03-20,713,364,366
2025-03-20,714,362,364
2025-03-20,717,494,497
2025-03-20,718,,
2025-03-20,719,222,227
2025-03-20,720,280,285
2025-03-20,721,306,311
2025-03-20,722,,420
2025-03-20,723,432,437
2025-03-20,735,1797,1882
2025-03-20,736,2757,2782
2025-03-20,739,201,205
2025-03-20,742,304,305
2025-03-20,743,304,305
2025-03-20,744,165,175
2025-03-20,745,230,235
2025-03-20,747,430,460
2025-03-20,769,,
2025-03-20,770,,
2025-03-20,833,,
2025-03-20,849,175,210
2025-03-20,850,180,220
2025-03-20,852,,
2025-03-20,853,,
2025-03-20,860,185,220
2025-03-20,861,200,230
2025-03-20,863,450,455
2025-03-20,864,,
2025-03-20,865,,
2025-03-20,866,,
2025-03-20,871,180,220
2025-03-20,872,185,230
2025-03-20,909,260,262
2025-03-20,924,305,315
2025-03-20,951,610,615
2025-03-20,963,,
2025-03-20,967,200,220
2025-03-20,993,380,400
2025-03-20,994,430,450
2025-03-20,995,490,530
2025-03-20,996,500,540
2025-03-20,998,1040,1045
2025-03-20,999,985,990
2025-03-20,1000,,
2025-03-20,1026,,
2025-03-20,1027,,
2025-03-20,1030,110,120
2025-03-20,1031,110,130
2025-03-20,1032,,
2025-03-20,1034,700,720
2025-03-20,1050,410,420
2025-03-20,1061,,
2025-03-20,1095,,
2025-03-20,1115,325,328
2025-03-20,1116,317,319
2025-03-20,1117,,
2025-03-20,1118,257,260
2025-03-20,1119,345,350
2025-03-20,1121,,
2025-03-20,1123,,
2025-03-20,1127,238,240
2025-03-20,1128,257,259
2025-03-20,1129,260,248
2025-03-20,1130,249,250
2025-03-20,1131,175,180
2025-03-20,1137,,
2025-03-20,1138,256,261
2025-03-20,1139,,
2025-03-20,1140,355,360
2025-03-20,1143,880,930
2025-03-20,1144,980,1080
2025-03-20,1145,625,675
2025-03-20,1146,1840,1990
2025-03-20,1147,1250,1400
2025-03-20,1148,780,930
2025-03-20,1150,960,1100
2025-03-20,1151,900,1150
2025-03-20,1152,950,1100
2025-03-20,1153,510,520
2025-03-20,1154,480,500
2025-03-20,1155,275,285
2025-03-20,1156,178,193
2025-03-20,1157,138,148
2025-03-20,1158,75,85
2025-03-20,1161,180,215
2025-03-20,1162,185,225
2025-03-20,1165,,
2025-03-20,1166,,
2025-03-20,1167,316,321
2025-03-20,1170,,
2025-03-20,1171,190,225
2025-03-20,1172,205,235
2025-03-20,1173,185,225
2025-03-20,1174,190,235
2025-03-20,1178,115,125
2025-03-20,1179,115,135
2025-03-20,1182,,
2025-03-20,1183,,
2025-03-20,1184,,
2025-03-20,1185,,
2025-03-20,1186,,
2025-03-20,1188,,
2025-03-20,1189,240,260
2025-03-20,1200,170,175
2025-03-20,1201,170,175
2025-03-20,1202,305,310
2025-03-20,1203,285,300
2025-03-20,1204,230,245
2025-03-20,1205,280,300
2025-03-20,1206,240,250
2025-03-20,1207,,
2025-03-20,1208,190,200
2025-03-20,1209,165,175
2025-03-20,1210,,
2025-03-20,1211,,
2025-03-20,1213,235,245
2025-03-20,1225,,
2025-03-20,1235,,
2025-03-20,1237,,
2025-03-20,1239,,
2025-03-20,1240,,
2025-03-20,1241,90,125
2025-03-20,1242,,
2025-03-20,1243,60,95
2025-03-20,1244,,
2025-03-20,1245,,
2025-03-20,1247,,
2025-03-20,1249,,
2025-03-20,1250,,
2025-03-20,1251,95,130
2025-03-20,1252,,
2025-03-20,1253,65,100
2025-03-20,1254,,
2025-03-20,1255,95,165
2025-03-20,1259,90,160
2025-03-20,1263,,
2025-03-20,1264,,
2025-03-20,1265,95,175
2025-03-20,1266,80,155
2025-03-20,1267,85,170
2025-03-20,1268,,
2025-03-20,1269,,
2025-03-20,1270,100,180
2025-03-20,1271,85,160
2025-03-20,1272,90,175
2025-03-20,1289,425,435
2025-03-20,1295,,
2025-03-20,1297,240,245
2025-03-20,1311,,
2025-03-20,1318,400,405
2025-03-20,1319,360,370
2025-03-20,1323,,
2025-03-20,1330,,
2025-03-20,1331,,
2025-03-20,1332,,
2025-03-20,1333,292,297
2025-03-20,1334,,
2025-03-20,1335,1990,2240
2025-03-20,1336,780,930
2025-03-20,1338,,
2025-03-20,1339,,
2025-03-20,1342,250,255
2025-03-20,1343,259,264
2025-03-20,1344,267,272
2025-03-20,1345,295,305
2025-03-20,1346,,
2025-03-20,1347,300,307
2025-03-20,1348,271,276
2025-03-20,1349,263,268
2025-03-20,1350,247,252
2025-03-20,1351,241,245
2025-03-20,1352,320,325
2025-03-20,1353,303,308
2025-03-20,1354,278,288
2025-03-20,1356,334,339
2025-03-20,1357,317,322
2025-03-20,1358,292,302
2025-03-20,1360,235,250
2025-03-20,1361,249,264
2025-03-20,1362,,
2025-03-20,1363,435,445
2025-03-20,1364,420,430
2025-03-20,1365,385,400
2025-03-20,1367,310,340
2025-03-20,1368,,
2025-03-20,1369,350,375
2025-03-27,649,238,242
2025-03-27,650,417,422
2025-03-27,684,545,550
2025-03-27,686,175,177
2025-03-27,687,181,182
2025-03-27,688,202,205
2025-03-27,689,178,180
2025-03-27,691,235,237
2025-03-27,692,239,240
2025-03-27,693,262,264
2025-03-27,694,172,174
2025-03-27,695,178,180
2025-03-27,696,188,190
2025-03-27,697,243,245
2025-03-27,711,355,357
2025-03-27,712,354,356
2025-03-27,713,364,366
2025-03-27,714,362,364
2025-03-27,717,494,497
2025-03-27,718,,
2025-03-27,719,222,227
2025-03-27,720,280,285
2025-03-27,721,304,309
2025-03-27,722,,420
2025-03-27,723,432,437
2025-03-27,735,1807,1892
2025-03-27,736,2767,2792
2025-03-27,739,201,205
2025-03-27,742,304,305
2025-03-27,743,304,305
2025-03-27,744,165,175
2025-03-27,745,230,235
2025-03-27,747,430,460
2025-03-27,769,,
2025-03-27,770,,
2025-03-27,833,,
2025-03-27,849,175,210
2025-03-27,850,180,220
2025-03-27,852,,
2025-03-27,853,,
2025-03-27,860,185,220
2025-03-27,861,200,230
2025-03-27,863,450,455
2025-03-27,864,,
2025-03-27,865,,
2025-03-27,866,,
2025-03-27,871,180,220
2025-03-27,872,185,230
2025-03-27,909,260,262
2025-03-27,924,305,315
2025-03-27,951,610,615
2025-03-27,963,,
2025-03-27,967,205,225
2025-03-27,993,380,400
2025-03-27,994,430,450
2025-03-27,995,490,530
2025-03-27,996,500,540
2025-03-27,998,1040,1045
2025-03-27,999,985,990
2025-03-27,1000,710,730
2025-03-27,1026,,
2025-03-27,1027,,
2025-03-27,1030,110,120
2025-03-27,1031,110,130
2025-03-27,1032,,
2025-03-27,1034,710,730
2025-03-27,1050,410,420
2025-03-27,1061,,
2025-03-27,1095,,
2025-03-27,1115,323,326
2025-03-27,1116,315,317
2025-03-27,1117,,
2025-03-27,1118,255,258
2025-03-27,1119,345,350
2025-03-27,1121,,
2025-03-27,1123,,
2025-03-27,1127,238,240
2025-03-27,1128,257,259
2025-03-27,1129,260,253
2025-03-27,1130,254,255
2025-03-27,1131,180,185
2025-03-27,1137,,
2025-03-27,1138,254,261
2025-03-27,1139,,
2025-03-27,1140,355,360
2025-03-27,1143,880,930
2025-03-27,1144,980,1080
2025-03-27,1145,625,675
2025-03-27,1146,1840,1990
2025-03-27,1147,1250,1400
2025-03-27,1148,780,930
2025-03-27,1150,960,1100
2025-03-27,1151,900,1150
2025-03-27,1152,950,1100
2025-03-27,1153,510,520
2025-03-27,1154,480,500
2025-03-27,1155,275,285
2025-03-27,1156,178,193
2025-03-27,1157,138,148
2025-03-27,1158,75,85
2025-03-27,1161,180,215
2025-03-27,1162,185,225
2025-03-27,1165,,
2025-03-27,1166,,
2025-03-27,1167,316,321
2025-03-27,1170,,
2025-03-27,1171,190,225
2025-03-27,1172,205,235
2025-03-27,1173,185,225
2025-03-27,1174,190,235
2025-03-27,1178,115,125
2025-03-27,1179,115,135
2025-03-27,1182,,
2025-03-27,1183,,
2025-03-27,1184,,
2025-03-27,1185,,
2025-03-27,1186,,
2025-03-27,1188,,
2025-03-27,1189,240,260
2025-03-27,1200,170,175
2025-03-27,1201,170,175
2025-03-27,1202,305,310
2025-03-27,1203,285,300
2025-03-27,1204,230,245
2025-03-27,1205,280,300
2025-03-27,1206,240,250
2025-03-27,1207,,
2025-03-27,1208,190,200
2025-03-27,1209,165,175
2025-03-27,1210,,
2025-03-27,1211,,
2025-03-27,1213,235,245
2025-03-27,1225,,
2025-03-27,1235,,
2025-03-27,1237,,
2025-03-27,1239,,
2025-03-27,1240,,
2025-03-27,1241,90,125
2025-03-27,1242,,
2025-03-27,1243,60,95
2025-03-27,1244,,
2025-03-27,1245,,
2025-03-27,1247,,
2025-03-27,1249,,
2025-03-27,1250,,
2025-03-27,1251,95,130
2025-03-27,1252,,
2025-03-27,1253,65,100
2025-03-27,1254,,
2025-03-27,1255,95,165
2025-03-27,1259,90,160
2025-03-27,1263,,
2025-03-27,1264,,
2025-03-27,1265,95,175
2025-03-27,1266,80,155
2025-03-27,1267,85,170
2025-03-27,1268,,
2025-03-27,1269,,
2025-03-27,1270,100,180
2025-03-27,1271,85,160
2025-03-27,1272,90,175
2025-03-27,1289,425,435
2025-03-27,1295,,
2025-03-27,1297,240,245
2025-03-27,1311,,
2025-03-27,1318,405,410
2025-03-27,1319,360,370
2025-03-27,1323,,
2025-03-27,1330,,
2025-03-27,1331,,
2025-03-27,1332,,
2025-03-27,1333,292,297
2025-03-27,1334,,
2025-03-27,1335,1990,2240
2025-03-27,1336,780,930
2025-03-27,1338,,
2025-03-27,1339,,
2025-03-27,1342,250,255
2025-03-27,1343,259,264
2025-03-27,1344,267,272
2025-03-27,1345,300,310
2025-03-27,1346,,
2025-03-27,1347,298,305
2025-03-27,1348,269,274
2025-03-27,1349,261,266
2025-03-27,1350,245,250
2025-03-27,1351,239,243
2025-03-27,1352,317,322
2025-03-27,1353,300,305
2025-03-27,1354,275,285
2025-03-27,1356,331,336
2025-03-27,1357,314,319
2025-03-27,1358,289,299
2025-03-27,1360,232,247
2025-03-27,1361,246,261
2025-03-27,1362,,
2025-03-27,1363,435,445
2025-03-27,1364,420,430
2025-03-27,1365,385,400
2025-03-27,1367,310,340
2025-03-27,1368,,
2025-03-27,1369,350,380
2025-04-03,649,238,242
2025-04-03,650,415,420
2025-04-03,684,537,542
2025-04-03,686,175,177
2025-04-03,687,181,182
2025-04-03,688,202,205
2025-04-03,689,178,180
2025-04-03,691,235,237
2025-04-03,692,239,240
2025-04-03,693,262,264
2025-04-03,694,172,174
2025-04-03,695,178,180
2025-04-03,696,188,190
2025-04-03,697,243,245
2025-04-03,711,345,347
2025-04-03,712,344,346
2025-04-03,713,354,356
2025-04-03,714,352,354
2025-04-03,717,484,487
2025-04-03,718,,
2025-04-03,719,222,227
2025-04-03,720,275,280
2025-04-03,721,302,307
2025-04-03,722,,413
2025-04-03,723,425,430
2025-04-03,735,1807,1892
2025-04-03,736,2767,2792
2025-04-03,739,201,205
2025-04-03,742,304,305
2025-04-03,743,304,305
2025-04-03,744,165,175
2025-04-03,745,230,235
2025-04-03,747,430,460
2025-04-03,769,,
2025-04-03,770,,
2025-04-03,833,,
2025-04-03,849,175,210
2025-04-03,850,180,220
2025-04-03,852,,
2025-04-03,853,,
2025-04-03,860,185,220
2025-04-03,861,200,230
2025-04-03,863,440,445
2025-04-03,864,,
2025-04-03,865,,
2025-04-03,866,,
2025-04-03,871,180,220
2025-04-03,872,185,230
2025-04-03,909,258,260
2025-04-03,924,305,315
2025-04-03,951,602,607
2025-04-03,963,,
2025-04-03,967,208,228
2025-04-03,993,380,400
2025-04-03,994,430,450
2025-04-03,995,490,530
2025-04-03,996,500,540
2025-04-03,998,1050,1055
2025-04-03,999,995,1000
2025-04-03,1000,710,730
2025-04-03,1026,,
2025-04-03,1027,,
2025-04-03,1030,110,120
2025-04-03,1031,110,130
2025-04-03,1032,,
2025-04-03,1034,,
2025-04-03,1050,,
2025-04-03,1061,,
2025-04-03,1095,,
2025-04-03,1115,313,316
2025-04-03,1116,308,310
2025-04-03,1117,,
2025-04-03,1118,251,254
2025-04-03,1119,335,340
2025-04-03,1121,,
2025-04-03,1123,,
2025-04-03,1127,236,238
2025-04-03,1128,255,257
2025-04-03,1129,257,250
2025-04-03,1130,251,252
2025-04-03,1131,180,185
2025-04-03,1137,,
2025-04-03,1138,250,259
2025-04-03,1139,,
2025-04-03,1140,350,360
2025-04-03,1143,880,930
2025-04-03,1144,980,1080
2025-04-03,1145,625,675
2025-04-03,1146,1840,1990
2025-04-03,1147,1250,1400
2025-04-03,1148,780,930
2025-04-03,1150,960,1100
2025-04-03,1151,900,1150
2025-04-03,1152,950,1100
2025-04-03,1153,510,520
2025-04-03,1154,480,500
2025-04-03,1155,270,280
2025-04-03,1156,180,195
2025-04-03,1157,140,150
2025-04-03,1158,75,85
2025-04-03,1161,180,215
2025-04-03,1162,185,225
2025-04-03,1165,,
2025-04-03,1166,,
2025-04-03,1167,311,316
2025-04-03,1170,,
2025-04-03,1171,190,225
2025-04-03,1172,205,235
2025-04-03,1173,185,225
2025-04-03,1174,190,235
2025-04-03,1178,115,125
2025-04-03,1179,115,135
2025-04-03,1182,,
2025-04-03,1183,,
2025-04-03,1184,,
2025-04-03,1185,,
2025-04-03,1186,,
2025-04-03,1188,,
2025-04-03,1189,,
2025-04-03,1200,170,175
2025-04-03,1201,170,175
2025-04-03,1202,305,310
2025-04-03,1203,285,300
2025-04-03,1204,230,245
2025-04-03,1205,280,300
2025-04-03,1206,240,250
2025-04-03,1207,,
2025-04-03,1208,190,200
2025-04-03,1209,165,175
2025-04-03,1210,,
2025-04-03,1211,,
2025-04-03,1213,235,245
2025-04-03,1225,,
2025-04-03,1235,,
2025-04-03,1237,,
2025-04-03,1239,,
2025-04-03,1240,,
2025-04-03,1241,90,125
2025-04-03,1242,,
2025-04-03,1243,60,95
2025-04-03,1244,,
2025-04-03,1245,,
2025-04-03,1247,,
2025-04-03,1249,,
2025-04-03,1250,,
2025-04-03,1251,95,130
2025-04-03,1252,,
2025-04-03,1253,65,100
2025-04-03,1254,,
2025-04-03,1255,95,165
2025-04-03,1259,90,160
2025-04-03,1263,,
2025-04-03,1264,,
2025-04-03,1265,95,175
2025-04-03,1266,80,155
2025-04-03,1267,85,170
2025-04-03,1268,,
2025-04-03,1269,,
2025-04-03,1270,100,180
2025-04-03,1271,85,160
2025-04-03,1272,90,175
2025-04-03,1289,425,435
2025-04-03,1295,,
2025-04-03,1297,238,243
2025-04-03,1311,,
2025-04-03,1318,405,410
2025-04-03,1319,360,370
2025-04-03,1323,,
2025-04-03,1330,,
2025-04-03,1331,,
2025-04-03,1332,,
2025-04-03,1333,287,292
2025-04-03,1334,,
2025-04-03,1335,1990,2240
2025-04-03,1336,780,930
2025-04-03,1338,,
2025-04-03,1339,,
2025-04-03,1342,248,253
2025-04-03,1343,257,262
2025-04-03,1344,262,267
2025-04-03,1345,305,315
2025-04-03,1346,,
2025-04-03,1347,294,301
2025-04-03,1348,267,272
2025-04-03,1349,259,264
2025-04-03,1350,243,248
2025-04-03,1351,237,241
2025-04-03,1352,313,318
2025-04-03,1353,296,301
2025-04-03,1354,271,281
2025-04-03,1356,327,332
2025-04-03,1357,310,315
2025-04-03,1358,285,295
2025-04-03,1360,228,243
2025-04-03,1361,242,257
2025-04-03,1362,,
2025-04-03,1363,435,445
2025-04-03,1364,420,430
2025-04-03,1365,385,400
2025-04-03,1367,310,340
2025-04-03,1368,,
2025-04-03,1369,350,380
2025-04-10,649,238,242
2025-04-10,650,415,420
2025-04-10,684,527,532
2025-04-10,686,168,170
2025-04-10,687,176,177
2025-04-10,688,202,205
2025-04-10,689,168,170
2025-04-10,691,228,230
2025-04-10,692,234,235
2025-04-10,693,262,264
2025-04-10,694,165,167
2025-04-10,695,168,170
2025-04-10,696,188,190
2025-04-10,697,243,245
2025-04-10,711,353,355
2025-04-10,712,352,354
2025-04-10,713,362,364
2025-04-10,714,360,362
2025-04-10,717,492,495
2025-04-10,718,,
2025-04-10,719,222,227
2025-04-10,720,275,280
2025-04-10,721,302,307
2025-04-10,722,,413
2025-04-10,723,425,430
2025-04-10,735,1807,1892
2025-04-10,736,2792,2817
2025-04-10,739,201,205
2025-04-10,742,304,305
2025-04-10,743,304,305
2025-04-10,744,170,180
2025-04-10,745,230,235
2025-04-10,747,435,465
2025-04-10,769,,
2025-04-10,770,,
2025-04-10,833,,
2025-04-10,849,175,210
2025-04-10,850,180,220
2025-04-10,852,,
2025-04-10,853,,
2025-04-10,860,185,220
2025-04-10,861,200,230
2025-04-10,863,448,453
2025-04-10,864,,
2025-04-10,865,,
2025-04-10,866,,
2025-04-10,871,180,220
2025-04-10,872,185,230
2025-04-10,909,258,260
2025-04-10,924,305,315
2025-04-10,951,592,597
2025-04-10,963,,
2025-04-10,967,208,228
2025-04-10,993,380,400
2025-04-10,994,430,450
2025-04-10,995,490,530
2025-04-10,996,500,540
2025-04-10,998,1050,1055
2025-04-10,999,995,1000
2025-04-10,1000,720,740
2025-04-10,1026,,
2025-04-10,1027,,
2025-04-10,1030,110,120
2025-04-10,1031,110,130
2025-04-10,1032,,
2025-04-10,1034,,
2025-04-10,1050,,
2025-04-10,1061,,
2025-04-10,1095,,
2025-04-10,1115,315,318
2025-04-10,1116,310,312
2025-04-10,1117,,
2025-04-10,1118,248,251
2025-04-10,1119,320,325
2025-04-10,1121,,
2025-04-10,1123,,
2025-04-10,1127,236,238
2025-04-10,1128,255,257
2025-04-10,1129,257,250
2025-04-10,1130,251,252
2025-04-10,1131,180,185
2025-04-10,1137,,
2025-04-10,1138,247,256
2025-04-10,1139,,
2025-04-10,1140,350,360
2025-04-10,1143,880,930
2025-04-10,1144,980,1080
2025-04-10,1145,625,675
2025-04-10,1146,1840,1990
2025-04-10,1147,1250,1400
2025-04-10,1148,780,930
2025-04-10,1150,960,1100
2025-04-10,1151,900,1150
2025-04-10,1152,950,1100
2025-04-10,1153,510,520
2025-04-10,1154,480,500
2025-04-10,1155,270,280
2025-04-10,1156,180,195
2025-04-10,1157,140,150
2025-04-10,1158,75,85
2025-04-10,1161,180,215
2025-04-10,1162,185,225
2025-04-10,1165,,
2025-04-10,1166,,
2025-04-10,1167,301,306
2025-04-10,1170,,
2025-04-10,1171,190,225
2025-04-10,1172,205,235
2025-04-10,1173,185,225
2025-04-10,1174,190,235
2025-04-10,1178,115,125
2025-04-10,1179,115,135
2025-04-10,1182,,
2025-04-10,1183,,
2025-04-10,1184,,
2025-04-10,1185,,
2025-04-10,1186,,
2025-04-10,1188,,
2025-04-10,1189,,
2025-04-10,1200,170,175
2025-04-10,1201,170,175
2025-04-10,1202,305,310
2025-04-10,1203,285,300
2025-04-10,1204,230,245
2025-04-10,1205,280,300
2025-04-10,1206,240,250
2025-04-10,1207,,
2025-04-10,1208,190,200
2025-04-10,1209,165,175
2025-04-10,1210,,
2025-04-10,1211,,
2025-04-10,1213,235,245
2025-04-10,1225,,
2025-04-10,1235,,
2025-04-10,1237,,
2025-04-10,1239,,
2025-04-10,1240,,
2025-04-10,1241,90,125
2025-04-10,1242,,
2025-04-10,1243,60,95
2025-04-10,1244,,
2025-04-10,1245,,
2025-04-10,1247,,
2025-04-10,1249,,
2025-04-10,1250,,
2025-04-10,1251,95,130
2025-04-10,1252,,
2025-04-10,1253,65,100
2025-04-10,1254,,
2025-04-10,1255,95,165
2025-04-10,1259,90,160
2025-04-10,1263,,
2025-04-10,1264,,
2025-04-10,1265,95,175
2025-04-10,1266,80,155
2025-04-10,1267,85,170
2025-04-10,1268,,
2025-04-10,1269,,
2025-04-10,1270,100,180
2025-04-10,1271,85,160
2025-04-10,1272,90,175
2025-04-10,1289,425,435
2025-04-10,1295,,
2025-04-10,1297,233,238
2025-04-10,1311,,
2025-04-10,1318,405,410
2025-04-10,1319,360,370
2025-04-10,1323,,
2025-04-10,1330,,
2025-04-10,1331,,
2025-04-10,1332,,
2025-04-10,1333,277,282
2025-04-10,1334,,
2025-04-10,1335,1990,2240
2025-04-10,1336,780,930
2025-04-10,1338,,
2025-04-10,1339,,
2025-04-10,1342,243,248
2025-04-10,1343,252,257
2025-04-10,1344,255,260
2025-04-10,1345,305,315
2025-04-10,1346,,
2025-04-10,1347,286,293
2025-04-10,1348,267,272
2025-04-10,1349,257,262
2025-04-10,1350,241,246
2025-04-10,1351,235,239
2025-04-10,1352,308,313
2025-04-10,1353,291,296
2025-04-10,1354,266,276
2025-04-10,1356,322,327
2025-04-10,1357,305,310
2025-04-10,1358,280,290
2025-04-10,1360,223,238
2025-04-10,1361,237,252
2025-04-10,1362,,
2025-04-10,1363,435,445
2025-04-10,1364,420,430
2025-04-10,1365,385,400
2025-04-10,1367,320,345
2025-04-10,1368,,
2025-04-10,1369,355,385
2025-04-17,649,238,242
2025-04-17,650,415,420
2025-04-17,684,517,522
2025-04-17,686,168,170
2025-04-17,687,179,180
2025-04-17,688,207,210
2025-04-17,689,168,170
2025-04-17,691,228,230
2025-04-17,692,237,238
2025-04-17,693,267,269
2025-04-17,694,165,167
2025-04-17,695,168,170
2025-04-17,696,191,193
2025-04-17,697,243,245
2025-04-17,711,343,345
2025-04-17,712,342,344
2025-04-17,713,352,354
2025-04-17,714,350,352
2025-04-17,717,482,485
2025-04-17,718,,
2025-04-17,719,225,230
2025-04-17,720,272,277
2025-04-17,721,302,307
2025-04-17,722,,415
2025-04-17,723,425,430
2025-04-17,735,1727,1812
2025-04-17,736,2712,2737
2025-04-17,739,201,205
2025-04-17,742,304,305
2025-04-17,743,304,305
2025-04-17,744,175,185
2025-04-17,745,230,235
2025-04-17,747,435,465
2025-04-17,769,,
2025-04-17,770,,
2025-04-17,833,,
2025-04-17,849,175,210
2025-04-17,850,180,220
2025-04-17,852,,
2025-04-17,853,,
2025-04-17,860,185,220
2025-04-17,861,200,230
2025-04-17,863,438,443
2025-04-17,864,,
2025-04-17,865,,
2025-04-17,866,,
2025-04-17,871,180,220
2025-04-17,872,185,230
2025-04-17,909,257,259
2025-04-17,924,305,315
2025-04-17,951,582,587
2025-04-17,963,,
2025-04-17,967,208,228
2025-04-17,993,380,400
2025-04-17,994,430,450
2025-04-17,995,490,530
2025-04-17,996,500,540
2025-04-17,998,1050,1055
2025-04-17,999,995,1000
2025-04-17,1000,720,740
2025-04-17,1026,,
2025-04-17,1027,,
2025-04-17,1030,110,120
2025-04-17,1031,110,130
2025-04-17,1032,,
2025-04-17,1034,,
2025-04-17,1050,,
2025-04-17,1061,,
2025-04-17,1095,,
2025-04-17,1115,315,318
2025-04-17,1116,305,307
2025-04-17,1117,,
2025-04-17,1118,243,246
2025-04-17,1119,315,320
2025-04-17,1121,,
2025-04-17,1123,,
2025-04-17,1127,235,237
2025-04-17,1128,254,256
2025-04-17,1129,256,248
2025-04-17,1130,249,250
2025-04-17,1131,180,185
2025-04-17,1137,,
2025-04-17,1138,242,251
2025-04-17,1139,,
2025-04-17,1140,350,360
2025-04-17,1143,880,930
2025-04-17,1144,980,1080
2025-04-17,1145,625,675
2025-04-17,1146,1840,1990
2025-04-17,1147,1250,1400
2025-04-17,1148,780,930
2025-04-17,1150,960,1100
2025-04-17,1151,930,1150
2025-04-17,1152,950,1100
2025-04-17,1153,510,520
2025-04-17,1154,480,500
2025-04-17,1155,260,270
2025-04-17,1156,185,200
2025-04-17,1157,145,155
2025-04-17,1158,75,85
2025-04-17,1161,180,215
2025-04-17,1162,185,225
2025-04-17,1165,,
2025-04-17,1166,,
2025-04-17,1167,298,303
2025-04-17,1170,,
2025-04-17,1171,190,225
2025-04-17,1172,205,235
2025-04-17,1173,185,225
2025-04-17,1174,190,235
2025-04-17,1178,115,125
2025-04-17,1179,115,135
2025-04-17,1182,,
2025-04-17,1183,,
2025-04-17,1184,,
2025-04-17,1185,,
2025-04-17,1186,,
2025-04-17,1188,,
2025-04-17,1189,,
2025-04-17,1200,170,175
2025-04-17,1201,170,175
2025-04-17,1202,305,310
2025-04-17,1203,285,300
2025-04-17,1204,230,245
2025-04-17,1205,280,300
2025-04-17,1206,240,250
2025-04-17,1207,,
2025-04-17,1208,190,200
2025-04-17,1209,165,175
2025-04-17,1210,,
2025-04-17,1211,,
2025-04-17,1213,235,245
2025-04-17,1225,,
2025-04-17,1235,,
2025-04-17,1237,,
2025-04-17,1239,,
2025-04-17,1240,,
2025-04-17,1241,,
2025-04-17,1242,,
2025-04-17,1243,,
2025-04-17,1244,,
2025-04-17,1245,,
2025-04-17,1247,,
2025-04-17,1249,,
2025-04-17,1250,,
2025-04-17,1251,,
2025-04-17,1252,,
2025-04-17,1253,,
2025-04-17,1254,,
2025-04-17,1255,,
2025-04-17,1259,,
2025-04-17,1263,,
2025-04-17,1264,,
2025-04-17,1265,,
2025-04-17,1266,,
2025-04-17,1267,,
2025-04-17,1268,,
2025-04-17,1269,,
2025-04-17,1270,,
2025-04-17,1271,,
2025-04-17,1272,,
2025-04-17,1289,425,435
2025-04-17,1295,,
2025-04-17,1297,229,234
2025-04-17,1311,,
2025-04-17,1318,405,410
2025-04-17,1319,360,370
2025-04-17,1323,,
2025-04-17,1330,,
2025-04-17,1331,,
2025-04-17,1332,,
2025-04-17,1333,277,282
2025-04-17,1334,,
2025-04-17,1335,1990,2240
2025-04-17,1336,780,930
2025-04-17,1338,,
2025-04-17,1339,,
2025-04-17,1342,239,244
2025-04-17,1343,248,253
2025-04-17,1344,248,253
2025-04-17,1345,305,315
2025-04-17,1346,,
2025-04-17,1347,284,291
2025-04-17,1348,267,272
2025-04-17,1349,257,262
2025-04-17,1350,241,246
2025-04-17,1351,232,236
2025-04-17,1352,305,310
2025-04-17,1353,288,293
2025-04-17,1354,263,273
2025-04-17,1356,319,324
2025-04-17,1357,302,307
2025-04-17,1358,277,287
2025-04-17,1360,220,235
2025-04-17,1361,234,249
2025-04-17,1362,,
2025-04-17,1363,435,445
2025-04-17,1364,420,430
2025-04-17,1365,385,400
2025-04-17,1367,320,345
2025-04-17,1368,,
2025-04-17,1369,355,385
2025-04-24,649,238,242
2025-04-24,650,415,420
2025-04-24,684,517,522
2025-04-24,686,168,170
2025-04-24,687,179,180
2025-04-24,688,207,210
2025-04-24,689,168,170
2025-04-24,691,228,230
2025-04-24,692,237,238
2025-04-24,693,267,269
2025-04-24,694,165,167
2025-04-24,695,168,170
2025-04-24,696,191,193
2025-04-24,697,243,245
2025-04-24,711,343,345
2025-04-24,712,342,344
2025-04-24,713,352,354
2025-04-24,714,350,352
2025-04-24,717,482,485
2025-04-24,718,,
2025-04-24,719,225,230
2025-04-24,720,272,277
2025-04-24,721,302,307
2025-04-24,722,,415
2025-04-24,723,425,430
2025-04-24,735,1727,1812
2025-04-24,736,2692,2717
2025-04-24,739,206,210
2025-04-24,742,304,305
2025-04-24,743,304,305
2025-04-24,744,180,190
2025-04-24,745,230,235
2025-04-24,747,435,465
2025-04-24,769,,
2025-04-24,770,,
2025-04-24,833,,
2025-04-24,849,175,210
2025-04-24,850,180,220
2025-04-24,852,,
2025-04-24,853,,
2025-04-24,860,185,220
2025-04-24,861,200,230
2025-04-24,863,438,443
2025-04-24,864,,
2025-04-24,865,,
2025-04-24,866,,
2025-04-24,871,180,220
2025-04-24,872,185,230
2025-04-24,909,257,259
2025-04-24,924,305,315
2025-04-24,951,582,587
2025-04-24,963,,
2025-04-24,967,208,228
2025-04-24,993,380,400
2025-04-24,994,430,450
2025-04-24,995,490,530
2025-04-24,996,500,540
2025-04-24,998,1050,1055
2025-04-24,999,995,1000
2025-04-24,1000,720,740
2025-04-24,1026,,
2025-04-24,1027,,
2025-04-24,1030,,
2025-04-24,1031,,
2025-04-24,1032,,
2025-04-24,1034,,
2025-04-24,1050,,
2025-04-24,1061,,
2025-04-24,1095,,
2025-04-24,1115,315,318
2025-04-24,1116,305,307
2025-04-24,1117,,
2025-04-24,1118,243,246
2025-04-24,1119,315,320
2025-04-24,1121,,
2025-04-24,1123,,
2025-04-24,1127,235,237
2025-04-24,1128,254,256
2025-04-24,1129,256,248
2025-04-24,1130,249,250
2025-04-24,1131,180,185
2025-04-24,1137,,
2025-04-24,1138,242,251
2025-04-24,1139,,
2025-04-24,1140,350,360
2025-04-24,1143,880,930
2025-04-24,1144,980,1080
2025-04-24,1145,625,675
2025-04-24,1146,1840,1990
2025-04-24,1147,1250,1400
2025-04-24,1148,780,930
2025-04-24,1150,960,1100
2025-04-24,1151,930,1150
2025-04-24,1152,950,1100
2025-04-24,1153,510,520
2025-04-24,1154,480,500
2025-04-24,1155,260,270
2025-04-24,1156,185,200
2025-04-24,1157,145,155
2025-04-24,1158,75,85
2025-04-24,1161,180,215
2025-04-24,1162,185,225
2025-04-24,1165,,
2025-04-24,1166,,
2025-04-24,1167,298,303
2025-04-24,1170,,
2025-04-24,1171,190,225
2025-04-24,1172,205,235
2025-04-24,1173,185,225
2025-04-24,1174,190,235
2025-04-24,1178,,
2025-04-24,1179,,
2025-04-24,1182,,
2025-04-24,1183,,
2025-04-24,1184,,
2025-04-24,1185,,
2025-04-24,1186,,
2025-04-24,1188,,
2025-04-24,1189,,
2025-04-24,1200,170,175
2025-04-24,1201,170,175
2025-04-24,1202,,
2025-04-24,1203,,
2025-04-24,1204,,
2025-04-24,1205,280,300
2025-04-24,1206,240,250
2025-04-24,1207,,
2025-04-24,1208,190,200
2025-04-24,1209,165,175
2025-04-24,1210,,
2025-04-24,1211,,
2025-04-24,1213,235,245
2025-04-24,1225,,
2025-04-24,1235,,
2025-04-24,1237,,
2025-04-24,1239,,
2025-04-24,1240,,
2025-04-24,1241,,
2025-04-24,1242,,
2025-04-24,1243,,
2025-04-24,1244,,
2025-04-24,1245,,
2025-04-24,1247,,
2025-04-24,1249,,
2025-04-24,1250,,
2025-04-24,1251,,
2025-04-24,1252,,
2025-04-24,1253,,
2025-04-24,1254,,
2025-04-24,1255,,
2025-04-24,1259,,
2025-04-24,1263,,
2025-04-24,1264,,
2025-04-24,1265,,
2025-04-24,1266,,
2025-04-24,1267,,
2025-04-24,1268,,
2025-04-24,1269,,
2025-04-24,1270,,
2025-04-24,1271,,
2025-04-24,1272,,
2025-04-24,1289,425,435
2025-04-24,1295,,
2025-04-24,1297,226,231
2025-04-24,1311,,
2025-04-24,1318,405,410
2025-04-24,1319,360,370
2025-04-24,1323,,
2025-04-24,1330,,
2025-04-24,1331,,
2025-04-24,1332,,
2025-04-24,1333,277,282
2025-04-24,1334,,
2025-04-24,1335,1990,2240
2025-04-24,1336,780,930
2025-04-24,1338,,
2025-04-24,1339,,
2025-04-24,1342,236,241
2025-04-24,1343,245,250
2025-04-24,1344,240,245
2025-04-24,1345,305,315
2025-04-24,1346,,
2025-04-24,1347,284,291
2025-04-24,1348,267,272
2025-04-24,1349,257,262
2025-04-24,1350,241,246
2025-04-24,1351,232,236
2025-04-24,1352,305,310
2025-04-24,1353,288,293
2025-04-24,1354,263,273
2025-04-24,1356,319,324
2025-04-24,1357,302,307
2025-04-24,1358,277,287
2025-04-24,1360,220,235
2025-04-24,1361,234,249
2025-04-24,1362,,
2025-04-24,1363,435,445
2025-04-24,1364,420,430
2025-04-24,1365,385,400
2025-04-24,1367,320,345
2025-04-24,1368,,
2025-04-24,1369,355,385
2025-05-08,649,238,242
2025-05-08,650,413,418
2025-05-08,684,507,512
2025-05-08,686,166,168
2025-05-08,687,177,178
2025-05-08,688,207,210
2025-05-08,689,161,163
2025-05-08,691,226,228
2025-05-08,692,235,236
2025-05-08,693,267,269
2025-05-08,694,163,165
2025-05-08,695,161,163
2025-05-08,696,181,183
2025-05-08,697,243,245
2025-05-08,711,343,345
2025-05-08,712,340,342
2025-05-08,713,352,354
2025-05-08,714,348,350
2025-05-08,717,482,485
2025-05-08,718,,
2025-05-08,719,225,230
2025-05-08,720,270,275
2025-05-08,721,302,307
2025-05-08,722,,415
2025-05-08,723,425,430
2025-05-08,735,1707,1792
2025-05-08,736,2672,2697
2025-05-08,739,206,210
2025-05-08,742,304,305
2025-05-08,743,304,305
2025-05-08,744,185,190
2025-05-08,745,230,235
2025-05-08,747,435,465
2025-05-08,769,,
2025-05-08,770,,
2025-05-08,833,,
2025-05-08,849,175,210
2025-05-08,850,180,220
2025-05-08,852,,
2025-05-08,853,,
2025-05-08,860,185,220
2025-05-08,861,200,230
2025-05-08,863,438,443
2025-05-08,864,,
2025-05-08,865,,
2025-05-08,866,,
2025-05-08,871,180,220
2025-05-08,872,185,230
2025-05-08,909,257,259
2025-05-08,924,305,315
2025-05-08,951,572,577
2025-05-08,963,,
2025-05-08,967,213,233
2025-05-08,993,370,390
2025-05-08,994,420,440
2025-05-08,995,480,520
2025-05-08,996,490,530
2025-05-08,998,1040,1045
2025-05-08,999,985,990
2025-05-08,1000,720,740
2025-05-08,1026,,
2025-05-08,1027,,
2025-05-08,1030,,
2025-05-08,1031,,
2025-05-08,1032,,
2025-05-08,1034,,
2025-05-08,1050,,
2025-05-08,1061,,
2025-05-08,1095,,
2025-05-08,1115,315,318
2025-05-08,1116,305,307
2025-05-08,1117,,
2025-05-08,1118,240,243
2025-05-08,1119,312,317
2025-05-08,1121,,
2025-05-08,1123,,
2025-05-08,1127,235,237
2025-05-08,1128,254,256
2025-05-08,1129,256,248
2025-05-08,1130,249,250
2025-05-08,1131,180,185
2025-05-08,1137,,
2025-05-08,1138,239,248
2025-05-08,1139,,
2025-05-08,1140,345,355
2025-05-08,1143,880,930
2025-05-08,1144,980,1080
2025-05-08,1145,625,675
2025-05-08,1146,1840,1990
2025-05-08,1147,1250,1400
2025-05-08,1148,780,930
2025-05-08,1150,960,1100
2025-05-08,1151,950,1150
2025-05-08,1152,950,1100
2025-05-08,1153,510,520
2025-05-08,1154,480,500
2025-05-08,1155,250,260
2025-05-08,1156,185,200
2025-05-08,1157,145,155
2025-05-08,1158,75,85
2025-05-08,1161,180,215
2025-05-08,1162,185,225
2025-05-08,1165,,
2025-05-08,1166,,
2025-05-08,1167,295,300
2025-05-08,1170,,
2025-05-08,1171,190,225
2025-05-08,1172,205,235
2025-05-08,1173,185,225
2025-05-08,1174,190,235
2025-05-08,1178,,
2025-05-08,1179,,
2025-05-08,1182,,
2025-05-08,1183,,
2025-05-08,1184,,
2025-05-08,1185,,
2025-05-08,1186,,
2025-05-08,1188,,
2025-05-08,1189,,
2025-05-08,1200,170,175
2025-05-08,1201,170,175
2025-05-08,1203,275,280
2025-05-08,1204,230,240
2025-05-08,1205,285,300
2025-05-08,1206,240,250
2025-05-08,1207,,
2025-05-08,1208,190,200
2025-05-08,1209,165,175
2025-05-08,1210,,
2025-05-08,1211,,
2025-05-08,1213,235,245
2025-05-08,1225,,
2025-05-08,1237,,
2025-05-08,1239,,
2025-05-08,1240,,
2025-05-08,1241,,
2025-05-08,1242,,
2025-05-08,1243,,
2025-05-08,1244,,
2025-05-08,1245,,
2025-05-08,1247,,
2025-05-08,1249,,
2025-05-08,1250,,
2025-05-08,1251,,
2025-05-08,1252,,
2025-05-08,1253,,
2025-05-08,1254,,
2025-05-08,1255,,
2025-05-08,1259,,
2025-05-08,1264,,
2025-05-08,1265,,
2025-05-08,1266,,
2025-05-08,1267,,
2025-05-08,1268,,
2025-05-08,1269,,
2025-05-08,1270,,
2025-05-08,1271,,
2025-05-08,1272,,
2025-05-08,1289,425,435
2025-05-08,1291,,
2025-05-08,1292,,
2025-05-08,1293,25,30
2025-05-08,1294,,
2025-05-08,1295,,
2025-05-08,1297,221,226
2025-05-08,1311,,
2025-05-08,1318,405,410
2025-05-08,1319,360,370
2025-05-08,1323,,
2025-05-08,1330,,
2025-05-08,1331,,
2025-05-08,1332,,
2025-05-08,1333,274,279
2025-05-08,1334,,
2025-05-08,1335,1990,2240
2025-05-08,1336,780,930
2025-05-08,1338,,
2025-05-08,1339,,
2025-05-08,1342,231,236
2025-05-08,1343,240,245
2025-05-08,1344,235,240
2025-05-08,1345,305,315
2025-05-08,1346,,
2025-05-08,1347,282,289
2025-05-08,1348,267,272
2025-05-08,1349,253,258
2025-05-08,1350,237,242
2025-05-08,1351,,
2025-05-08,1352,299,304
2025-05-08,1353,282,287
2025-05-08,1354,257,267
2025-05-08,1356,313,318
2025-05-08,1357,296,301
2025-05-08,1358,271,281
2025-05-08,1360,214,229
2025-05-08,1361,228,243
2025-05-08,1362,,
2025-05-08,1363,435,445
2025-05-08,1364,420,430
2025-05-08,1365,385,400
2025-05-08,1367,320,345
2025-05-08,1368,,
2025-05-08,1369,355,385
2025-05-08,1370,120,130
2025-05-08,1371,130,140
2025-05-15,649,238,242
2025-05-15,650,415,420
2025-05-15,684,502,507
2025-05-15,686,154,156
2025-05-15,687,165,166
2025-05-15,688,207,210
2025-05-15,689,156,158
2025-05-15,691,214,216
2025-05-15,692,223,224
2025-05-15,693,267,269
2025-05-15,694,151,153
2025-05-15,695,156,158
2025-05-15,696,168,170
2025-05-15,697,243,245
2025-05-15,711,343,345
2025-05-15,712,,
2025-05-15,713,352,354
2025-05-15,714,346,348
2025-05-15,717,482,485
2025-05-15,718,,
2025-05-15,719,225,230
2025-05-15,720,270,275
2025-05-15,721,302,307
2025-05-15,722,,415
2025-05-15,723,425,430
2025-05-15,735,1707,1792
2025-05-15,736,2652,2677
2025-05-15,739,201,205
2025-05-15,742,304,305
2025-05-15,743,304,305
2025-05-15,744,190,195
2025-05-15,745,230,235
2025-05-15,747,435,465
2025-05-15,769,,
2025-05-15,770,,
2025-05-15,833,,
2025-05-15,849,175,210
2025-05-15,850,180,220
2025-05-15,852,,
2025-05-15,853,,
2025-05-15,860,185,220
2025-05-15,861,200,230
2025-05-15,863,438,443
2025-05-15,864,,
2025-05-15,865,,
2025-05-15,866,,
2025-05-15,871,180,220
2025-05-15,872,185,230
2025-05-15,909,257,259
2025-05-15,924,305,315
2025-05-15,951,567,572
2025-05-15,963,,
2025-05-15,967,210,230
2025-05-15,993,370,390
2025-05-15,994,420,440
2025-05-15,995,480,520
2025-05-15,996,490,530
2025-05-15,998,1025,1030
2025-05-15,999,980,985
2025-05-15,1000,730,750
2025-05-15,1026,,
2025-05-15,1027,,
2025-05-15,1030,,
2025-05-15,1031,,
2025-05-15,1032,,
2025-05-15,1034,,
2025-05-15,1050,,
2025-05-15,1061,,
2025-05-15,1095,,
2025-05-15,1115,315,318
2025-05-15,1116,300,302
2025-05-15,1117,,
2025-05-15,1118,238,241
2025-05-15,1119,302,307
2025-05-15,1121,,
2025-05-15,1123,,
2025-05-15,1127,235,237
2025-05-15,1128,254,256
2025-05-15,1129,256,248
2025-05-15,1130,249,250
2025-05-15,1131,180,185
2025-05-15,1137,,
2025-05-15,1138,237,248
2025-05-15,1139,,
2025-05-15,1140,340,350
2025-05-15,1143,850,900
2025-05-15,1144,930,1030
2025-05-15,1145,625,675
2025-05-15,1146,1780,1930
2025-05-15,1147,1250,1400
2025-05-15,1148,780,930
2025-05-15,1150,960,1100
2025-05-15,1151,970,1170
2025-05-15,1152,950,1100
2025-05-15,1153,510,520
2025-05-15,1154,480,500
2025-05-15,1155,245,255
2025-05-15,1156,190,205
2025-05-15,1157,150,160
2025-05-15,1158,75,85
2025-05-15,1161,180,215
2025-05-15,1162,185,225
2025-05-15,1165,,
2025-05-15,1166,,
2025-05-15,1167,285,290
2025-05-15,1170,,
2025-05-15,1171,190,225
2025-05-15,1172,205,235
2025-05-15,1173,185,225
2025-05-15,1174,190,235
2025-05-15,1178,,
2025-05-15,1179,,
2025-05-15,1182,,
2025-05-15,1183,,
2025-05-15,1184,,
2025-05-15,1185,,
2025-05-15,1186,,
2025-05-15,1188,,
2025-05-15,1200,170,175
2025-05-15,1201,170,175
2025-05-15,1203,275,280
2025-05-15,1204,230,240
2025-05-15,1205,285,300
2025-05-15,1206,240,250
2025-05-15,1207,,
2025-05-15,1208,190,200
2025-05-15,1209,165,175
2025-05-15,1210,,
2025-05-15,1211,,
2025-05-15,1213,235,245
2025-05-15,1225,,
2025-05-15,1235,80,100
2025-05-15,1237,110,120
2025-05-15,1239,,
2025-05-15,1240,,
2025-05-15,1241,,
2025-05-15,1242,,
2025-05-15,1243,,
2025-05-15,1244,,
2025-05-15,1245,,
2025-05-15,1247,,
2025-05-15,1249,,
2025-05-15,1250,,
2025-05-15,1251,,
2025-05-15,1252,,
2025-05-15,1253,,
2025-05-15,1254,,
2025-05-15,1255,,
2025-05-15,1259,,
2025-05-15,1263,90,110
2025-05-15,1264,120,130
2025-05-15,1265,,
2025-05-15,1266,,
2025-05-15,1267,,
2025-05-15,1268,,
2025-05-15,1269,,
2025-05-15,1270,,
2025-05-15,1271,,
2025-05-15,1272,,
2025-05-15,1289,425,435
2025-05-15,1293,25,30
2025-05-15,1294,,
2025-05-15,1295,,
2025-05-15,1297,,
2025-05-15,1311,,
2025-05-15,1318,405,410
2025-05-15,1319,360,370
2025-05-15,1323,,
2025-05-15,1330,,
2025-05-15,1331,,
2025-05-15,1332,,
2025-05-15,1333,271,276
2025-05-15,1334,,
2025-05-15,1335,1890,2140
2025-05-15,1336,780,930
2025-05-15,1338,,
2025-05-15,1339,,
2025-05-15,1342,231,236
2025-05-15,1343,240,245
2025-05-15,1344,235,240
2025-05-15,1345,,
2025-05-15,1346,,
2025-05-15,1347,280,287
2025-05-15,1348,267,272
2025-05-15,1349,253,258
2025-05-15,1350,237,242
2025-05-15,1351,,
2025-05-15,1352,295,300
2025-05-15,1353,278,283
2025-05-15,1354,253,263
2025-05-15,1356,309,314
2025-05-15,1357,292,297
2025-05-15,1358,267,277
2025-05-15,1360,210,225
2025-05-15,1361,224,239
2025-05-15,1362,,
2025-05-15,1363,420,430
2025-05-15,1364,405,415
2025-05-15,1365,370,385
2025-05-15,1367,340,355
2025-05-15,1368,,
2025-05-15,1369,360,390
2025-05-15,1372,135,140
2025-05-22,649,238,242
2025-05-22,650,413,418
2025-05-22,684,497,502
2025-05-22,686,134,136
2025-05-22,687,150,151
2025-05-22,688,202,205
2025-05-22,689,151,153
2025-05-22,691,194,196
2025-05-22,692,208,209
2025-05-22,693,262,264
2025-05-22,694,131,133
2025-05-22,695,151,153
2025-05-22,696,156,158
2025-05-22,697,243,245
2025-05-22,711,338,340
2025-05-22,712,,
2025-05-22,713,347,349
2025-05-22,714,341,343
2025-05-22,717,477,480
2025-05-22,718,,
2025-05-22,719,225,230
2025-05-22,720,270,275
2025-05-22,721,302,305
2025-05-22,722,,412
2025-05-22,723,422,427
2025-05-22,735,1687,1772
2025-05-22,736,2627,2652
2025-05-22,739,196,200
2025-05-22,742,304,305
2025-05-22,743,304,305
2025-05-22,744,190,195
2025-05-22,745,230,235
2025-05-22,747,435,465
2025-05-22,769,,
2025-05-22,770,,
2025-05-22,833,,
2025-05-22,849,175,210
2025-05-22,850,180,220
2025-05-22,852,,
2025-05-22,853,,
2025-05-22,860,185,220
2025-05-22,861,200,230
2025-05-22,863,433,438
2025-05-22,864,,
2025-05-22,865,,
2025-05-22,866,,
2025-05-22,871,180,220
2025-05-22,872,185,230
2025-05-22,909,257,259
2025-05-22,924,305,315
2025-05-22,951,562,567
2025-05-22,963,,
2025-05-22,967,210,230
2025-05-22,993,360,380
2025-05-22,994,410,430
2025-05-22,995,470,510
2025-05-22,996,480,520
2025-05-22,998,1015,1020
2025-05-22,999,970,975
2025-05-22,1000,730,750
2025-05-22,1026,,
2025-05-22,1027,,
2025-05-22,1030,,
2025-05-22,1031,,
2025-05-22,1032,,
2025-05-22,1034,,
2025-05-22,1050,,
2025-05-22,1061,,
2025-05-22,1095,,
2025-05-22,1115,317,320
2025-05-22,1116,302,304
2025-05-22,1117,,
2025-05-22,1118,241,244
2025-05-22,1119,302,307
2025-05-22,1121,,
2025-05-22,1123,,
2025-05-22,1127,235,237
2025-05-22,1128,254,256
2025-05-22,1129,256,248
2025-05-22,1130,249,250
2025-05-22,1131,180,185
2025-05-22,1137,,
2025-05-22,1138,240,248
2025-05-22,1139,,
2025-05-22,1140,340,350
2025-05-22,1143,850,900
2025-05-22,1144,930,1030
2025-05-22,1145,625,675
2025-05-22,1146,1780,1930
2025-05-22,1147,1250,1400
2025-05-22,1148,780,930
2025-05-22,1150,960,1100
2025-05-22,1151,970,1170
2025-05-22,1152,950,1100
2025-05-22,1153,510,520
2025-05-22,1154,480,500
2025-05-22,1155,240,250
2025-05-22,1156,190,205
2025-05-22,1157,150,160
2025-05-22,1158,75,85
2025-05-22,1161,180,215
2025-05-22,1162,185,225
2025-05-22,1165,,
2025-05-22,1166,,
2025-05-22,1167,285,290
2025-05-22,1170,,
2025-05-22,1171,190,225
2025-05-22,1172,205,235
2025-05-22,1173,185,225
2025-05-22,1174,190,235
2025-05-22,1178,,
2025-05-22,1179,,
2025-05-22,1182,,
2025-05-22,1183,,
2025-05-22,1184,,
2025-05-22,1185,,
2025-05-22,1186,,
2025-05-22,1188,,
2025-05-22,1200,170,175
2025-05-22,1201,170,175
2025-05-22,1203,275,280
2025-05-22,1204,230,240
2025-05-22,1205,285,300
2025-05-22,1206,240,250
2025-05-22,1207,,
2025-05-22,1208,190,200
2025-05-22,1209,165,175
2025-05-22,1210,,
2025-05-22,1211,,
2025-05-22,1213,235,245
2025-05-22,1225,,
2025-05-22,1235,80,100
2025-05-22,1237,110,120
2025-05-22,1239,,
2025-05-22,1240,,
2025-05-22,1241,,
2025-05-22,1242,,
2025-05-22,1243,,
2025-05-22,1244,,
2025-05-22,1245,,
2025-05-22,1247,,
2025-05-22,1249,,
2025-05-22,1250,,
2025-05-22,1251,,
2025-05-22,1252,,
2025-05-22,1253,,
2025-05-22,1254,,
2025-05-22,1255,,
2025-05-22,1259,,
2025-05-22,1263,90,110
2025-05-22,1264,120,130
2025-05-22,1265,,
2025-05-22,1266,,
2025-05-22,1267,,
2025-05-22,1268,,
2025-05-22,1269,,
2025-05-22,1270,,
2025-05-22,1271,,
2025-05-22,1272,,
2025-05-22,1289,425,435
2025-05-22,1293,30,35
2025-05-22,1294,,
2025-05-22,1295,,
2025-05-22,1297,,
2025-05-22,1311,,
2025-05-22,1318,405,410
2025-05-22,1319,360,370
2025-05-22,1323,,
2025-05-22,1330,,
2025-05-22,1331,,
2025-05-22,1332,,
2025-05-22,1333,271,276
2025-05-22,1334,,
2025-05-22,1335,1890,2140
2025-05-22,1336,780,930
2025-05-22,1338,,
2025-05-22,1339,,
2025-05-22,1342,231,236
2025-05-22,1343,240,245
2025-05-22,1344,238,243
2025-05-22,1345,,
2025-05-22,1346,,
2025-05-22,1347,278,285
2025-05-22,1348,265,270
2025-05-22,1349,251,256
2025-05-22,1350,235,240
2025-05-22,1351,,
2025-05-22,1352,293,298
2025-05-22,1353,276,281
2025-05-22,1354,251,261
2025-05-22,1356,307,312
2025-05-22,1357,290,295
2025-05-22,1358,265,275
2025-05-22,1360,208,223
2025-05-22,1361,222,237
2025-05-22,1362,,
2025-05-22,1363,410,420
2025-05-22,1364,395,405
2025-05-22,1365,360,375
2025-05-22,1367,345,360
2025-05-22,1368,,
2025-05-22,1369,370,395
2025-05-22,1372,135,140
2025-05-29,649,238,242
2025-05-29,650,413,418
2025-05-29,684,497,502
2025-05-29,686,129,131
2025-05-29,687,145,146
2025-05-29,688,197,200
2025-05-29,689,149,151
2025-05-29,691,189,191
2025-05-29,692,203,204
2025-05-29,693,257,259
2025-05-29,694,126,128
2025-05-29,695,149,151
2025-05-29,696,152,154
2025-05-29,697,243,245
2025-05-29,711,336,338
2025-05-29,712,,
2025-05-29,713,345,347
2025-05-29,714,339,341
2025-05-29,717,475,478
2025-05-29,718,,
2025-05-29,719,230,235
2025-05-29,720,270,275
2025-05-29,721,299,302
2025-05-29,722,,410
2025-05-29,723,420,425
2025-05-29,735,1657,1742
2025-05-29,736,2597,2622
2025-05-29,739,196,200
2025-05-29,742,304,305
2025-05-29,743,304,305
2025-05-29,744,193,198
2025-05-29,745,230,235
2025-05-29,747,435,465
2025-05-29,769,,
2025-05-29,770,,
2025-05-29,833,,
2025-05-29,849,,
2025-05-29,850,,
2025-05-29,852,,
2025-05-29,853,,
2025-05-29,860,,
2025-05-29,861,,
2025-05-29,863,431,436
2025-05-29,864,,
2025-05-29,865,,
2025-05-29,866,,
2025-05-29,871,,
2025-05-29,872,,
2025-05-29,909,258,260
2025-05-29,924,305,315
2025-05-29,951,562,567
2025-05-29,963,,
2025-05-29,967,208,228
2025-05-29,993,360,380
2025-05-29,994,410,430
2025-05-29,995,470,510
2025-05-29,996,480,520
2025-05-29,998,1005,1010
2025-05-29,999,960,965
2025-05-29,1000,740,750
2025-05-29,1026,,
2025-05-29,1027,,
2025-05-29,1030,,
2025-05-29,1031,,
2025-05-29,1032,,
2025-05-29,1034,,
2025-05-29,1050,,
2025-05-29,1061,,
2025-05-29,1095,,
2025-05-29,1115,317,320
2025-05-29,1116,302,304
2025-05-29,1117,,
2025-05-29,1118,243,246
2025-05-29,1119,302,307
2025-05-29,1121,,
2025-05-29,1123,,
2025-05-29,1127,236,238
2025-05-29,1128,253,255
2025-05-29,1129,256,244
2025-05-29,1130,245,246
2025-05-29,1131,180,185
2025-05-29,1137,,
2025-05-29,1138,242,248
2025-05-29,1139,,
2025-05-29,1140,340,350
2025-05-29,1143,850,900
2025-05-29,1144,930,1030
2025-05-29,1145,625,675
2025-05-29,1146,1780,1930
2025-05-29,1147,1250,1400
2025-05-29,1148,780,930
2025-05-29,1150,960,1100
2025-05-29,1151,1020,1170
2025-05-29,1152,950,1100
2025-05-29,1153,510,520
2025-05-29,1154,480,500
2025-05-29,1155,230,240
2025-05-29,1156,190,205
2025-05-29,1157,150,160
2025-05-29,1158,75,85
2025-05-29,1161,,
2025-05-29,1162,,
2025-05-29,1165,,
2025-05-29,1166,,
2025-05-29,1167,285,290
2025-05-29,1170,,
2025-05-29,1171,,
2025-05-29,1172,,
2025-05-29,1173,,
2025-05-29,1174,,
2025-05-29,1178,,
2025-05-29,1179,,
2025-05-29,1182,,
2025-05-29,1183,,
2025-05-29,1184,,
2025-05-29,1185,,
2025-05-29,1186,,
2025-05-29,1188,,
2025-05-29,1200,170,175
2025-05-29,1201,170,175
2025-05-29,1203,275,280
2025-05-29,1204,230,240
2025-05-29,1205,290,300
2025-05-29,1206,240,250
2025-05-29,1207,,
2025-05-29,1208,190,200
2025-05-29,1209,165,175
2025-05-29,1210,,
2025-05-29,1211,,
2025-05-29,1213,235,245
2025-05-29,1225,,
2025-05-29,1235,68,105
2025-05-29,1237,110,120
2025-05-29,1239,,
2025-05-29,1240,,
2025-05-29,1241,,
2025-05-29,1242,,
2025-05-29,1243,,
2025-05-29,1244,,
2025-05-29,1245,73,110
2025-05-29,1247,115,125
2025-05-29,1249,,
2025-05-29,1250,,
2025-05-29,1251,,
2025-05-29,1252,,
2025-05-29,1253,,
2025-05-29,1254,,
2025-05-29,1255,,
2025-05-29,1259,,
2025-05-29,1263,78,115
2025-05-29,1264,120,130
2025-05-29,1265,,
2025-05-29,1266,,
2025-05-29,1267,,
2025-05-29,1268,83,120
2025-05-29,1269,125,135
2025-05-29,1270,,
2025-05-29,1271,,
2025-05-29,1272,,
2025-05-29,1289,425,435
2025-05-29,1293,33,38
2025-05-29,1294,,
2025-05-29,1295,,
2025-05-29,1297,,
2025-05-29,1311,,
2025-05-29,1318,405,410
2025-05-29,1319,360,370
2025-05-29,1323,,
2025-05-29,1330,,
2025-05-29,1331,,
2025-05-29,1332,,
2025-05-29,1333,271,276
2025-05-29,1334,,
2025-05-29,1335,1890,2140
2025-05-29,1336,780,930
2025-05-29,1338,,
2025-05-29,1339,,
2025-05-29,1342,231,236
2025-05-29,1343,240,245
2025-05-29,1344,241,246
2025-05-29,1345,,
2025-05-29,1346,,
2025-05-29,1347,278,285
2025-05-29,1348,265,270
2025-05-29,1349,251,256
2025-05-29,1350,235,240
2025-05-29,1351,,
2025-05-29,1352,293,298
2025-05-29,1353,276,281
2025-05-29,1354,251,261
2025-05-29,1356,307,312
2025-05-29,1357,290,295
2025-05-29,1358,265,275
2025-05-29,1360,208,223
2025-05-29,1361,222,237
2025-05-29,1362,,
2025-05-29,1363,405,415
2025-05-29,1364,390,400
2025-05-29,1365,355,370
2025-05-29,1367,345,360
2025-05-29,1368,,
2025-05-29,1369,370,395
2025-05-29,1372,135,140
2025-06-05,649,238,242
2025-06-05,650,409,414
2025-06-05,684,497,502
2025-06-05,686,129,131
2025-06-05,687,145,146
2025-06-05,688,197,200
2025-06-05,689,149,151
2025-06-05,691,189,191
2025-06-05,692,203,204
2025-06-05,693,257,259
2025-06-05,694,126,128
2025-06-05,695,149,151
2025-06-05,696,152,154
2025-06-05,697,240,242
2025-06-05,711,334,336
2025-06-05,712,,
2025-06-05,713,343,345
2025-06-05,714,337,339
2025-06-05,717,473,476
2025-06-05,718,,
2025-06-05,719,230,235
2025-06-05,720,270,275
2025-06-05,721,299,302
2025-06-05,722,,410
2025-06-05,723,420,425
2025-06-05,735,1657,1742
2025-06-05,736,2597,2622
2025-06-05,739,196,200
2025-06-05,742,304,305
2025-06-05,743,304,305
2025-06-05,744,193,198
2025-06-05,745,230,235
2025-06-05,747,435,465
2025-06-05,769,,
2025-06-05,770,,
2025-06-05,833,,
2025-06-05,849,,
2025-06-05,850,,
2025-06-05,852,,
2025-06-05,853,,
2025-06-05,860,,
2025-06-05,861,,
2025-06-05,863,429,434
2025-06-05,864,,
2025-06-05,865,,
2025-06-05,866,,
2025-06-05,871,,
2025-06-05,872,,
2025-06-05,909,256,258
2025-06-05,924,305,315
2025-06-05,951,562,567
2025-06-05,963,,
2025-06-05,967,205,225
2025-06-05,993,360,380
2025-06-05,994,410,430
2025-06-05,995,470,510
2025-06-05,996,480,520
2025-06-05,998,995,1000
2025-06-05,999,950,955
2025-06-05,1000,740,750
2025-06-05,1026,,
2025-06-05,1027,,
2025-06-05,1030,,
2025-06-05,1031,,
2025-06-05,1032,,
2025-06-05,1034,,
2025-06-05,1050,,
2025-06-05,1061,,
2025-06-05,1095,,
2025-06-05,1115,317,320
2025-06-05,1116,302,304
2025-06-05,1117,,
2025-06-05,1118,245,248
2025-06-05,1119,300,305
2025-06-05,1121,,
2025-06-05,1123,,
2025-06-05,1127,234,236
2025-06-05,1128,251,253
2025-06-05,1129,256,244
2025-06-05,1130,245,246
2025-06-05,1131,,
2025-06-05,1137,,
2025-06-05,1138,244,248
2025-06-05,1139,,
2025-06-05,1140,330,340
2025-06-05,1143,800,850
2025-06-05,1144,880,980
2025-06-05,1145,625,675
2025-06-05,1146,1680,1830
2025-06-05,1147,1250,1400
2025-06-05,1148,780,930
2025-06-05,1150,960,1100
2025-06-05,1151,1020,1170
2025-06-05,1152,950,1100
2025-06-05,1153,510,520
2025-06-05,1154,480,500
2025-06-05,1155,220,230
2025-06-05,1156,190,205
2025-06-05,1157,150,160
2025-06-05,1158,75,85
2025-06-05,1161,,
2025-06-05,1162,,
2025-06-05,1165,,
2025-06-05,1166,,
2025-06-05,1167,283,288
2025-06-05,1170,,
2025-06-05,1171,,
2025-06-05,1172,,
2025-06-05,1173,,
2025-06-05,1174,,
2025-06-05,1178,,
2025-06-05,1179,,
2025-06-05,1182,,
2025-06-05,1183,,
2025-06-05,1184,,
2025-06-05,1185,,
2025-06-05,1186,,
2025-06-05,1188,,
2025-06-05,1200,170,175
2025-06-05,1201,170,175
2025-06-05,1203,275,280
2025-06-05,1204,230,240
2025-06-05,1205,290,300
2025-06-05,1206,240,250
2025-06-05,1207,,
2025-06-05,1208,190,200
2025-06-05,1209,165,175
2025-06-05,1210,,
2025-06-05,1211,,
2025-06-05,1213,235,245
2025-06-05,1225,,
2025-06-05,1235,68,105
2025-06-05,1237,110,120
2025-06-05,1239,90,100
2025-06-05,1240,,
2025-06-05,1241,,
2025-06-05,1242,,
2025-06-05,1243,,
2025-06-05,1244,,
2025-06-05,1245,73,110
2025-06-05,1247,115,125
2025-06-05,1249,95,105
2025-06-05,1250,,
2025-06-05,1251,,
2025-06-05,1252,,
2025-06-05,1253,,
2025-06-05,1254,,
2025-06-05,1255,,
2025-06-05,1259,,
2025-06-05,1263,78,115
2025-06-05,1264,120,130
2025-06-05,1265,,
2025-06-05,1266,,
2025-06-05,1267,,
2025-06-05,1268,83,120
2025-06-05,1269,125,135
2025-06-05,1270,,
2025-06-05,1271,,
2025-06-05,1272,,
2025-06-05,1289,,
2025-06-05,1293,35,40
2025-06-05,1294,,
2025-06-05,1295,,
2025-06-05,1297,,
2025-06-05,1311,,
2025-06-05,1318,,
2025-06-05,1319,,
2025-06-05,1323,,
2025-06-05,1330,,
2025-06-05,1331,,
2025-06-05,1332,,
2025-06-05,1333,269,274
2025-06-05,1334,,
2025-06-05,1335,1790,2040
2025-06-05,1336,780,930
2025-06-05,1338,,
2025-06-05,1339,,
2025-06-05,1342,,
2025-06-05,1343,,
2025-06-05,1344,238,243
2025-06-05,1345,,
2025-06-05,1346,,
2025-06-05,1347,278,285
2025-06-05,1348,265,270
2025-06-05,1349,251,256
2025-06-05,1350,235,240
2025-06-05,1351,,
2025-06-05,1352,293,298
2025-06-05,1353,276,281
2025-06-05,1354,251,261
2025-06-05,1356,307,312
2025-06-05,1357,290,295
2025-06-05,1358,265,275
2025-06-05,1360,208,223
2025-06-05,1361,222,237
2025-06-05,1362,,
2025-06-05,1363,,
2025-06-05,1364,,
2025-06-05,1365,,
2025-06-05,1367,355,365
2025-06-05,1368,,
2025-06-05,1369,370,395
2025-06-05,1372,135,140
2025-06-12,649,,
2025-06-12,650,405,410
2025-06-12,684,497,502
2025-06-12,686,129,131
2025-06-12,687,145,146
2025-06-12,688,192,195
2025-06-12,689,149,151
2025-06-12,691,189,191
2025-06-12,692,203,204
2025-06-12,693,252,254
2025-06-12,694,126,128
2025-06-12,695,149,151
2025-06-12,696,152,154
2025-06-12,697,240,242
2025-06-12,711,324,326
2025-06-12,712,,
2025-06-12,713,333,335
2025-06-12,714,327,329
2025-06-12,717,463,466
2025-06-12,718,,
2025-06-12,719,230,235
2025-06-12,720,265,270
2025-06-12,721,299,302
2025-06-12,722,,410
2025-06-12,723,420,425
2025-06-12,735,1657,1742
2025-06-12,736,2597,2622
2025-06-12,739,196,200
2025-06-12,742,304,305
2025-06-12,743,304,305
2025-06-12,744,193,198
2025-06-12,745,230,235
2025-06-12,747,435,465
2025-06-12,769,150,160
2025-06-12,770,160,170
2025-06-12,833,,
2025-06-12,849,,
2025-06-12,850,,
2025-06-12,852,,
2025-06-12,853,,
2025-06-12,860,,
2025-06-12,861,,
2025-06-12,863,419,424
2025-06-12,864,,
2025-06-12,865,,
2025-06-12,866,,
2025-06-12,871,,
2025-06-12,872,,
2025-06-12,909,254,256
2025-06-12,924,305,315
2025-06-12,951,562,567
2025-06-12,963,,
2025-06-12,967,202,222
2025-06-12,993,360,380
2025-06-12,994,410,430
2025-06-12,995,470,510
2025-06-12,996,480,520
2025-06-12,998,995,1000
2025-06-12,999,950,955
2025-06-12,1000,740,750
2025-06-12,1026,,
2025-06-12,1027,,
2025-06-12,1030,,
2025-06-12,1031,,
2025-06-12,1032,,
2025-06-12,1034,,
2025-06-12,1050,,
2025-06-12,1061,,
2025-06-12,1095,,
2025-06-12,1115,317,320
2025-06-12,1116,302,304
2025-06-12,1117,,
2025-06-12,1118,245,248
2025-06-12,1119,300,305
2025-06-12,1121,,
2025-06-12,1123,,
2025-06-12,1127,232,234
2025-06-12,1128,246,248
2025-06-12,1129,254,242
2025-06-12,1130,243,244
2025-06-12,1131,,
2025-06-12,1137,,
2025-06-12,1138,244,250
2025-06-12,1139,,
2025-06-12,1140,320,330
2025-06-12,1143,770,820
2025-06-12,1144,860,960
2025-06-12,1145,625,675
2025-06-12,1146,1620,1770
2025-06-12,1147,1250,1400
2025-06-12,1148,760,910
2025-06-12,1150,960,1100
2025-06-12,1151,1020,1170
2025-06-12,1152,930,1080
2025-06-12,1153,500,510
2025-06-12,1154,470,490
2025-06-12,1155,215,225
2025-06-12,1156,190,205
2025-06-12,1157,150,160
2025-06-12,1158,75,85
2025-06-12,1161,,
2025-06-12,1162,,
2025-06-12,1165,,
2025-06-12,1166,,
2025-06-12,1167,283,288
2025-06-12,1170,,
2025-06-12,1171,,
2025-06-12,1172,,
2025-06-12,1173,,
2025-06-12,1174,,
2025-06-12,1178,,
2025-06-12,1179,,
2025-06-12,1182,155,165
2025-06-12,1183,165,175
2025-06-12,1184,,
2025-06-12,1185,,
2025-06-12,1186,,
2025-06-12,1188,,
2025-06-12,1200,,
2025-06-12,1201,,
2025-06-12,1203,275,280
2025-06-12,1204,230,240
2025-06-12,1205,290,300
2025-06-12,1206,240,250
2025-06-12,1207,,
2025-06-12,1208,190,200
2025-06-12,1209,165,175
2025-06-12,1210,,
2025-06-12,1211,,
2025-06-12,1213,235,245
2025-06-12,1225,,
2025-06-12,1235,,
2025-06-12,1237,,
2025-06-12,1239,90,100
2025-06-12,1240,,
2025-06-12,1241,,
2025-06-12,1242,,
2025-06-12,1243,,
2025-06-12,1244,,
2025-06-12,1245,,
2025-06-12,1247,,
2025-06-12,1249,95,105
2025-06-12,1250,,
2025-06-12,1251,,
2025-06-12,1252,,
2025-06-12,1253,,
2025-06-12,1254,,
2025-06-12,1255,83,120
2025-06-12,1259,78,115
2025-06-12,1263,,
2025-06-12,1264,,
2025-06-12,1265,88,125
2025-06-12,1266,120,130
2025-06-12,1267,130,140
2025-06-12,1268,,
2025-06-12,1269,,
2025-06-12,1270,93,130
2025-06-12,1271,125,135
2025-06-12,1272,135,145
2025-06-12,1289,,
2025-06-12,1293,,
2025-06-12,1294,,
2025-06-12,1295,,
2025-06-12,1297,,
2025-06-12,1311,,
2025-06-12,1318,,
2025-06-12,1319,,
2025-06-12,1323,,
2025-06-12,1330,,
2025-06-12,1331,,
2025-06-12,1332,,
2025-06-12,1333,269,274
2025-06-12,1334,,
2025-06-12,1335,1750,2000
2025-06-12,1336,780,930
2025-06-12,1338,,
2025-06-12,1339,,
2025-06-12,1342,,
2025-06-12,1343,,
2025-06-12,1344,,
2025-06-12,1345,,
2025-06-12,1346,,
2025-06-12,1347,,
2025-06-12,1348,,
2025-06-12,1349,,
2025-06-12,1350,,
2025-06-12,1351,,
2025-06-12,1352,,
2025-06-12,1353,,
2025-06-12,1354,,
2025-06-12,1356,,
2025-06-12,1357,,
2025-06-12,1358,,
2025-06-12,1360,,
2025-06-12,1361,,
2025-06-12,1362,,
2025-06-12,1363,,
2025-06-12,1364,,
2025-06-12,1365,,
2025-06-12,1367,355,365
2025-06-12,1368,,
2025-06-12,1369,370,395
2025-06-12,1372,145,150
2025-06-19,649,,
2025-06-19,650,400,405
2025-06-19,684,497,502
2025-06-19,686,129,131
2025-06-19,687,145,146
2025-06-19,688,189,192
2025-06-19,689,149,151
2025-06-19,691,189,191
2025-06-19,692,203,204
2025-06-19,693,249,251
2025-06-19,694,126,128
2025-06-19,695,149,151
2025-06-19,696,152,154
2025-06-19,697,238,240
2025-06-19,711,317,319
2025-06-19,712,,
2025-06-19,713,326,328
2025-06-19,714,320,322
2025-06-19,717,457,460
2025-06-19,718,,
2025-06-19,719,230,235
2025-06-19,720,262,267
2025-06-19,721,299,302
2025-06-19,722,,410
2025-06-19,723,420,425
2025-06-19,735,1637,1722
2025-06-19,736,2597,2622
2025-06-19,739,196,200
2025-06-19,742,304,305
2025-06-19,743,304,305
2025-06-19,744,197,202
2025-06-19,745,230,235
2025-06-19,747,435,465
2025-06-19,769,150,165
2025-06-19,770,160,175
2025-06-19,833,,
2025-06-19,849,,
2025-06-19,850,,
2025-06-19,852,,
2025-06-19,853,,
2025-06-19,860,,
2025-06-19,861,,
2025-06-19,863,413,418
2025-06-19,864,,
2025-06-19,865,,
2025-06-19,866,,
2025-06-19,871,,
2025-06-19,872,,
2025-06-19,909,256,258
2025-06-19,924,305,315
2025-06-19,951,562,567
2025-06-19,963,,
2025-06-19,967,202,222
2025-06-19,993,360,380
2025-06-19,994,410,430
2025-06-19,995,470,510
2025-06-19,996,480,520
2025-06-19,998,995,1000
2025-06-19,999,950,955
2025-06-19,1000,740,750
2025-06-19,1026,,
2025-06-19,1027,,
2025-06-19,1030,,
2025-06-19,1031,,
2025-06-19,1032,,
2025-06-19,1034,,
2025-06-19,1050,,
2025-06-19,1061,,
2025-06-19,1095,,
2025-06-19,1115,317,320
2025-06-19,1116,308,310
2025-06-19,1117,,
2025-06-19,1118,243,246
2025-06-19,1119,295,300
2025-06-19,1121,,
2025-06-19,1123,,
2025-06-19,1127,234,236
2025-06-19,1128,246,248
2025-06-19,1129,254,244
2025-06-19,1130,245,246
2025-06-19,1131,,
2025-06-19,1134,190,193
2025-06-19,1135,198,203
2025-06-19,1137,,
2025-06-19,1139,290,300
2025-06-19,1140,320,330
2025-06-19,1143,770,820
2025-06-19,1144,860,960
2025-06-19,1145,625,675
2025-06-19,1146,1620,1770
2025-06-19,1147,1250,1400
2025-06-19,1148,760,910
2025-06-19,1150,960,1100
2025-06-19,1151,1020,1170
2025-06-19,1152,930,1080
2025-06-19,1153,500,510
2025-06-19,1154,470,490
2025-06-19,1155,210,220
2025-06-19,1156,190,205
2025-06-19,1157,150,160
2025-06-19,1158,75,85
2025-06-19,1161,,
2025-06-19,1162,,
2025-06-19,1165,,
2025-06-19,1166,,
2025-06-19,1167,278,283
2025-06-19,1170,,
2025-06-19,1171,,
2025-06-19,1172,,
2025-06-19,1173,,
2025-06-19,1174,,
2025-06-19,1178,,
2025-06-19,1179,,
2025-06-19,1182,155,170
2025-06-19,1183,165,180
2025-06-19,1184,,
2025-06-19,1185,,
2025-06-19,1186,,
2025-06-19,1188,,
2025-06-19,1200,,
2025-06-19,1201,,
2025-06-19,1203,275,280
2025-06-19,1204,230,240
2025-06-19,1205,290,300
2025-06-19,1206,240,250
2025-06-19,1207,,
2025-06-19,1208,190,200
2025-06-19,1209,165,175
2025-06-19,1210,,
2025-06-19,1211,,
2025-06-19,1213,235,245
2025-06-19,1225,,
2025-06-19,1235,,
2025-06-19,1237,,
2025-06-19,1239,90,100
2025-06-19,1240,,
2025-06-19,1241,,
2025-06-19,1242,,
2025-06-19,1243,80,90
2025-06-19,1244,,
2025-06-19,1245,,
2025-06-19,1247,,
2025-06-19,1249,95,105
2025-06-19,1250,,
2025-06-19,1251,,
2025-06-19,1252,,
2025-06-19,1253,85,95
2025-06-19,1254,,
2025-06-19,1255,83,120
2025-06-19,1259,78,115
2025-06-19,1263,,
2025-06-19,1264,,
2025-06-19,1265,88,125
2025-06-19,1266,120,130
2025-06-19,1267,130,140
2025-06-19,1268,,
2025-06-19,1269,,
2025-06-19,1270,93,130
2025-06-19,1271,125,135
2025-06-19,1272,135,145
2025-06-19,1289,,
2025-06-19,1291,135,145
2025-06-19,1292,140,150
2025-06-19,1293,,
2025-06-19,1294,,
2025-06-19,1295,,
2025-06-19,1297,,
2025-06-19,1311,,
2025-06-19,1318,,
2025-06-19,1319,,
2025-06-19,1323,,
2025-06-19,1330,,
2025-06-19,1331,,
2025-06-19,1332,,
2025-06-19,1333,264,269
2025-06-19,1334,,
2025-06-19,1335,1750,2000
2025-06-19,1336,780,930
2025-06-19,1338,,
2025-06-19,1339,,
2025-06-19,1344,,
2025-06-19,1345,,
2025-06-19,1346,,
2025-06-19,1347,,
2025-06-19,1348,,
2025-06-19,1349,,
2025-06-19,1350,,
2025-06-19,1351,,
2025-06-19,1352,,
2025-06-19,1353,,
2025-06-19,1354,,
2025-06-19,1356,,
2025-06-19,1357,,
2025-06-19,1358,,
2025-06-19,1360,,
2025-06-19,1361,,
2025-06-19,1362,,
2025-06-19,1363,,
2025-06-19,1364,,
2025-06-19,1365,,
2025-06-19,1367,355,365
2025-06-19,1368,,
2025-06-19,1369,370,395
2025-06-19,1372,145,150
2025-06-19,1373,242,250
2025-06-26,649,,
2025-06-26,650,395,400
2025-06-26,684,497,502
2025-06-26,686,124,126
2025-06-26,687,140,141
2025-06-26,688,184,187
2025-06-26,689,146,148
2025-06-26,691,184,186
2025-06-26,692,198,199
2025-06-26,693,244,246
2025-06-26,694,121,123
2025-06-26,695,146,148
2025-06-26,696,149,151
2025-06-26,697,238,240
2025-06-26,711,302,304
2025-06-26,712,,
2025-06-26,713,311,313
2025-06-26,714,308,310
2025-06-26,717,442,445
2025-06-26,718,,
2025-06-26,719,230,235
2025-06-26,720,260,265
2025-06-26,721,289,292
2025-06-26,722,,400
2025-06-26,723,410,415
2025-06-26,735,1637,1722
2025-06-26,736,2607,2632
2025-06-26,739,196,200
2025-06-26,742,304,305
2025-06-26,743,304,305
2025-06-26,744,202,207
2025-06-26,745,230,235
2025-06-26,747,435,465
2025-06-26,769,150,165
2025-06-26,770,160,175
2025-06-26,833,,
2025-06-26,849,,
2025-06-26,850,,
2025-06-26,852,,
2025-06-26,853,,
2025-06-26,860,,
2025-06-26,861,,
2025-06-26,863,398,403
2025-06-26,864,,
2025-06-26,865,,
2025-06-26,866,,
2025-06-26,871,,
2025-06-26,872,,
2025-06-26,909,257,259
2025-06-26,924,310,320
2025-06-26,951,562,567
2025-06-26,963,,
2025-06-26,967,200,220
2025-06-26,993,360,380
2025-06-26,994,410,430
2025-06-26,995,470,510
2025-06-26,996,480,520
2025-06-26,998,995,1000
2025-06-26,999,950,955
2025-06-26,1000,740,750
2025-06-26,1026,60,70
2025-06-26,1027,70,80
2025-06-26,1030,,
2025-06-26,1031,,
2025-06-26,1032,,
2025-06-26,1034,,
2025-06-26,1050,370,380
2025-06-26,1061,,
2025-06-26,1095,,
2025-06-26,1115,307,310
2025-06-26,1116,298,300
2025-06-26,1117,,
2025-06-26,1118,230,233
2025-06-26,1119,285,290
2025-06-26,1121,,
2025-06-26,1123,,
2025-06-26,1127,235,237
2025-06-26,1128,246,248
2025-06-26,1129,254,245
2025-06-26,1130,246,247
2025-06-26,1131,,
2025-06-26,1134,197,200
2025-06-26,1135,205,210
2025-06-26,1137,,
2025-06-26,1139,290,300
2025-06-26,1140,320,330
2025-06-26,1143,750,800
2025-06-26,1144,820,920
2025-06-26,1145,625,675
2025-06-26,1146,1580,1730
2025-06-26,1147,1250,1400
2025-06-26,1148,760,910
2025-06-26,1150,960,1100
2025-06-26,1151,1020,1170
2025-06-26,1152,930,1080
2025-06-26,1153,500,510
2025-06-26,1154,470,490
2025-06-26,1155,210,220
2025-06-26,1156,190,205
2025-06-26,1157,150,160
2025-06-26,1158,75,85
2025-06-26,1161,,
2025-06-26,1162,,
2025-06-26,1165,67,77
2025-06-26,1166,77,87
2025-06-26,1167,274,279
2025-06-26,1170,,
2025-06-26,1171,,
2025-06-26,1172,,
2025-06-26,1173,,
2025-06-26,1174,,
2025-06-26,1178,,
2025-06-26,1179,,
2025-06-26,1182,155,170
2025-06-26,1183,165,180
2025-06-26,1184,,
2025-06-26,1185,,
2025-06-26,1186,,
2025-06-26,1188,,
2025-06-26,1200,150,155
2025-06-26,1201,150,155
2025-06-26,1203,280,285
2025-06-26,1204,235,245
2025-06-26,1205,295,305
2025-06-26,1206,245,255
2025-06-26,1207,,
2025-06-26,1208,190,200
2025-06-26,1209,165,175
2025-06-26,1210,,
2025-06-26,1211,,
2025-06-26,1213,235,245
2025-06-26,1225,,
2025-06-26,1235,,
2025-06-26,1237,,
2025-06-26,1239,90,100
2025-06-26,1240,,
2025-06-26,1241,,
2025-06-26,1242,,
2025-06-26,1243,80,90
2025-06-26,1244,,
2025-06-26,1245,,
2025-06-26,1247,,
2025-06-26,1249,95,105
2025-06-26,1250,,
2025-06-26,1251,,
2025-06-26,1252,,
2025-06-26,1253,85,95
2025-06-26,1254,,
2025-06-26,1255,83,120
2025-06-26,1259,78,115
2025-06-26,1263,,
2025-06-26,1264,,
2025-06-26,1265,88,125
2025-06-26,1266,120,130
2025-06-26,1267,130,140
2025-06-26,1268,,
2025-06-26,1269,,
2025-06-26,1270,93,130
2025-06-26,1271,125,135
2025-06-26,1272,135,145
2025-06-26,1289,,
2025-06-26,1291,135,145
2025-06-26,1292,140,150
2025-06-26,1293,,
2025-06-26,1294,,
2025-06-26,1295,745,755
2025-06-26,1297,,
2025-06-26,1311,205,210
2025-06-26,1318,,
2025-06-26,1319,,
2025-06-26,1323,,
2025-06-26,1330,,
2025-06-26,1331,,
2025-06-26,1332,,
2025-06-26,1333,260,265
2025-06-26,1334,,
2025-06-26,1335,1670,1920
2025-06-26,1336,780,930
2025-06-26,1338,,
2025-06-26,1339,,
2025-06-26,1344,,
2025-06-26,1346,380,390
2025-06-26,1362,,
2025-06-26,1363,,
2025-06-26,1364,,
2025-06-26,1365,,
2025-06-26,1367,355,365
2025-06-26,1368,,
2025-06-26,1369,370,395
2025-06-26,1372,145,150
2025-06-26,1373,230,245
2025-06-26,1374,262,267
2025-06-26,1375,240,245
2025-06-26,1376,230,235
2025-06-26,1377,,
2025-06-26,1378,300,305
2025-06-26,1379,285,290
2025-06-26,1380,275,280
2025-06-26,1381,312,317
2025-06-26,1382,297,302
2025-06-26,1383,287,292
2025-06-26,1384,235,245
2025-07-03,649,,
2025-07-03,650,395,400
2025-07-03,684,497,502
2025-07-03,686,124,126
2025-07-03,687,137,138
2025-07-03,688,177,180
2025-07-03,689,144,146
2025-07-03,691,184,186
2025-07-03,692,198,199
2025-07-03,693,237,239
2025-07-03,694,121,123
2025-07-03,695,144,146
2025-07-03,696,147,149
2025-07-03,697,238,240
2025-07-03,711,302,304
2025-07-03,712,,
2025-07-03,713,311,313
2025-07-03,714,308,310
2025-07-03,717,442,445
2025-07-03,718,,
2025-07-03,719,230,235
2025-07-03,720,258,263
2025-07-03,721,280,283
2025-07-03,722,,402
2025-07-03,723,412,417
2025-07-03,735,1622,1707
2025-07-03,736,2592,2617
2025-07-03,739,196,200
2025-07-03,742,304,305
2025-07-03,743,304,305
2025-07-03,744,205,210
2025-07-03,745,230,235
2025-07-03,747,435,465
2025-07-03,769,,
2025-07-03,770,,
2025-07-03,833,,
2025-07-03,849,160,175
2025-07-03,850,170,185
2025-07-03,852,170,190
2025-07-03,853,180,200
2025-07-03,860,,
2025-07-03,861,,
2025-07-03,863,398,403
2025-07-03,864,,
2025-07-03,865,,
2025-07-03,866,,
2025-07-03,871,,
2025-07-03,872,,
2025-07-03,909,263,265
2025-07-03,924,310,320
2025-07-03,951,562,567
2025-07-03,963,,
2025-07-03,967,200,220
2025-07-03,993,360,380
2025-07-03,994,410,430
2025-07-03,995,470,510
2025-07-03,996,480,520
2025-07-03,998,1000,1005
2025-07-03,999,950,955
2025-07-03,1000,740,750
2025-07-03,1026,60,70
2025-07-03,1027,70,80
2025-07-03,1030,,
2025-07-03,1031,,
2025-07-03,1032,,
2025-07-03,1034,,
2025-07-03,1050,370,380
2025-07-03,1061,,
2025-07-03,1095,,
2025-07-03,1115,307,310
2025-07-03,1116,303,305
2025-07-03,1117,,
2025-07-03,1118,230,233
2025-07-03,1119,285,290
2025-07-03,1121,,
2025-07-03,1123,,
2025-07-03,1127,241,243
2025-07-03,1128,252,254
2025-07-03,1129,258,250
2025-07-03,1130,251,252
2025-07-03,1131,,
2025-07-03,1134,205,208
2025-07-03,1135,213,218
2025-07-03,1137,,
2025-07-03,1139,290,300
2025-07-03,1140,315,325
2025-07-03,1143,730,780
2025-07-03,1144,800,900
2025-07-03,1145,605,655
2025-07-03,1146,1540,1690
2025-07-03,1147,1210,1360
2025-07-03,1148,760,910
2025-07-03,1150,960,1100
2025-07-03,1151,1020,1170
2025-07-03,1152,930,1080
2025-07-03,1153,500,510
2025-07-03,1154,470,490
2025-07-03,1155,210,220
2025-07-03,1156,190,205
2025-07-03,1157,150,160
2025-07-03,1158,75,85
2025-07-03,1161,165,180
2025-07-03,1162,175,190
2025-07-03,1165,67,77
2025-07-03,1166,77,87
2025-07-03,1167,274,279
2025-07-03,1170,,
2025-07-03,1171,,
2025-07-03,1172,,
2025-07-03,1173,,
2025-07-03,1174,,
2025-07-03,1178,,
2025-07-03,1179,,
2025-07-03,1182,,
2025-07-03,1183,,
2025-07-03,1184,175,195
2025-07-03,1185,185,205
2025-07-03,1186,,
2025-07-03,1188,,
2025-07-03,1200,155,160
2025-07-03,1201,155,160
2025-07-03,1203,285,290
2025-07-03,1204,235,245
2025-07-03,1205,300,310
2025-07-03,1206,245,255
2025-07-03,1207,,
2025-07-03,1208,190,200
2025-07-03,1209,165,175
2025-07-03,1210,,
2025-07-03,1211,,
2025-07-03,1213,235,245
2025-07-03,1225,,
2025-07-03,1235,,
2025-07-03,1237,,
2025-07-03,1239,,
2025-07-03,1240,90,110
2025-07-03,1241,90,110
2025-07-03,1242,,
2025-07-03,1243,,
2025-07-03,1244,90,100
2025-07-03,1245,,
2025-07-03,1247,,
2025-07-03,1249,,
2025-07-03,1250,95,115
2025-07-03,1251,95,115
2025-07-03,1252,,
2025-07-03,1253,,
2025-07-03,1254,95,105
2025-07-03,1255,83,120
2025-07-03,1259,78,115
2025-07-03,1263,,
2025-07-03,1264,,
2025-07-03,1265,88,125
2025-07-03,1266,120,130
2025-07-03,1267,130,140
2025-07-03,1268,,
2025-07-03,1269,,
2025-07-03,1270,93,130
2025-07-03,1271,125,135
2025-07-03,1272,135,145
2025-07-03,1291,,
2025-07-03,1292,,
2025-07-03,1293,,
2025-07-03,1294,,
2025-07-03,1295,765,775
2025-07-03,1297,,
2025-07-03,1311,215,220
2025-07-03,1323,,
2025-07-03,1330,,
2025-07-03,1331,,
2025-07-03,1332,,
2025-07-03,1333,260,265
2025-07-03,1334,,
2025-07-03,1335,1630,1880
2025-07-03,1336,780,930
2025-07-03,1338,,
2025-07-03,1339,,
2025-07-03,1344,218,222
2025-07-03,1346,380,390
2025-07-03,1362,295,305
2025-07-03,1367,355,365
2025-07-03,1368,,
2025-07-03,1369,370,395
2025-07-03,1372,145,150
2025-07-03,1373,230,250
2025-07-03,1374,262,267
2025-07-03,1375,242,247
2025-07-03,1376,232,237
2025-07-03,1377,,
2025-07-03,1378,298,303
2025-07-03,1379,283,288
2025-07-03,1380,273,278
2025-07-03,1381,310,315
2025-07-03,1382,295,300
2025-07-03,1383,285,290
2025-07-03,1384,245,255
2025-07-03,1385,222,227
2025-07-03,1386,335,350
2025-07-03,1387,310,320
2025-07-03,1388,270,280
2025-07-03,1389,360,370
2025-07-03,1390,340,350
2025-07-10,649,,
2025-07-10,650,395,400
2025-07-10,684,497,502
2025-07-10,686,124,126
2025-07-10,687,137,138
2025-07-10,688,172,175
2025-07-10,689,144,146
2025-07-10,691,184,186
2025-07-10,692,198,199
2025-07-10,693,232,234
2025-07-10,694,121,123
2025-07-10,695,144,146
2025-07-10,696,147,149
2025-07-10,697,238,240
2025-07-10,711,299,301
2025-07-10,712,,
2025-07-10,713,308,310
2025-07-10,714,303,305
2025-07-10,717,434,437
2025-07-10,718,,
2025-07-10,719,230,235
2025-07-10,720,258,263
2025-07-10,721,270,273
2025-07-10,722,,400
2025-07-10,723,410,415
2025-07-10,735,1622,1707
2025-07-10,736,2592,2617
2025-07-10,739,196,200
2025-07-10,742,304,305
2025-07-10,743,304,305
2025-07-10,744,215,220
2025-07-10,745,230,235
2025-07-10,747,435,465
2025-07-10,769,,
2025-07-10,770,,
2025-07-10,833,,
2025-07-10,849,165,180
2025-07-10,850,175,190
2025-07-10,852,170,190
2025-07-10,853,180,200
2025-07-10,860,,
2025-07-10,861,,
2025-07-10,863,390,395
2025-07-10,864,,
2025-07-10,865,,
2025-07-10,866,,
2025-07-10,871,,
2025-07-10,872,,
2025-07-10,909,269,271
2025-07-10,924,310,320
2025-07-10,951,562,567
2025-07-10,963,,
2025-07-10,967,200,220
2025-07-10,993,360,380
2025-07-10,994,410,430
2025-07-10,995,470,510
2025-07-10,996,480,520
2025-07-10,998,1000,1005
2025-07-10,999,950,955
2025-07-10,1000,740,750
2025-07-10,1026,60,70
2025-07-10,1027,70,80
2025-07-10,1030,,
2025-07-10,1031,,
2025-07-10,1032,,
2025-07-10,1034,,
2025-07-10,1050,370,380
2025-07-10,1061,,
2025-07-10,1095,,
2025-07-10,1115,302,305
2025-07-10,1116,300,302
2025-07-10,1117,,
2025-07-10,1118,230,233
2025-07-10,1119,285,290
2025-07-10,1121,,
2025-07-10,1123,,
2025-07-10,1127,247,249
2025-07-10,1128,258,260
2025-07-10,1129,264,256
2025-07-10,1130,257,258
2025-07-10,1131,,
2025-07-10,1134,205,208
2025-07-10,1135,213,218
2025-07-10,1137,,
2025-07-10,1139,290,300
2025-07-10,1140,315,325
2025-07-10,1143,700,750
2025-07-10,1144,770,900
2025-07-10,1145,590,640
2025-07-10,1146,1480,1630
2025-07-10,1147,1180,1330
2025-07-10,1148,730,880
2025-07-10,1150,960,1100
2025-07-10,1151,1020,1170
2025-07-10,1152,900,1050
2025-07-10,1153,500,510
2025-07-10,1154,470,490
2025-07-10,1155,210,220
2025-07-10,1156,190,205
2025-07-10,1157,150,160
2025-07-10,1158,75,85
2025-07-10,1161,170,185
2025-07-10,1162,180,195
2025-07-10,1165,67,77
2025-07-10,1166,77,87
2025-07-10,1167,274,279
2025-07-10,1170,,
2025-07-10,1171,,
2025-07-10,1172,,
2025-07-10,1173,,
2025-07-10,1174,,
2025-07-10,1182,,
2025-07-10,1183,,
2025-07-10,1184,175,195
2025-07-10,1185,185,205
2025-07-10,1186,,
2025-07-10,1188,,
2025-07-10,1189,220,230
2025-07-10,1200,155,160
2025-07-10,1201,155,160
2025-07-10,1203,285,290
2025-07-10,1204,235,245
2025-07-10,1205,300,310
2025-07-10,1206,245,255
2025-07-10,1207,,
2025-07-10,1208,190,200
2025-07-10,1209,165,175
2025-07-10,1210,,
2025-07-10,1211,,
2025-07-10,1213,235,245
2025-07-10,1225,,
2025-07-10,1235,,
2025-07-10,1237,,
2025-07-10,1239,,
2025-07-10,1240,90,110
2025-07-10,1241,90,110
2025-07-10,1242,,
2025-07-10,1243,,
2025-07-10,1244,90,100
2025-07-10,1245,,
2025-07-10,1247,,
2025-07-10,1249,,
2025-07-10,1250,95,115
2025-07-10,1251,95,115
2025-07-10,1252,,
2025-07-10,1253,,
2025-07-10,1254,95,105
2025-07-10,1255,83,120
2025-07-10,1259,78,115
2025-07-10,1263,,
2025-07-10,1264,,
2025-07-10,1265,88,125
2025-07-10,1266,125,135
2025-07-10,1267,135,145
2025-07-10,1268,,
2025-07-10,1269,,
2025-07-10,1270,93,130
2025-07-10,1271,130,140
2025-07-10,1272,140,150
2025-07-10,1295,765,775
2025-07-10,1297,,
2025-07-10,1311,215,220
2025-07-10,1323,,
2025-07-10,1330,,
2025-07-10,1331,,
2025-07-10,1332,,
2025-07-10,1333,260,265
2025-07-10,1334,,
2025-07-10,1335,1570,1820
2025-07-10,1336,750,900
2025-07-10,1338,270,280
2025-07-10,1339,,
2025-07-10,1344,218,222
2025-07-10,1346,380,390
2025-07-10,1362,295,305
2025-07-10,1367,365,375
2025-07-10,1368,,
2025-07-10,1369,370,395
2025-07-10,1372,145,150
2025-07-10,1373,230,250
2025-07-10,1374,262,267
2025-07-10,1375,245,250
2025-07-10,1376,235,240
2025-07-10,1377,,
2025-07-10,1378,295,300
2025-07-10,1379,280,285
2025-07-10,1380,270,275
2025-07-10,1381,307,312
2025-07-10,1382,292,297
2025-07-10,1383,282,287
2025-07-10,1384,250,260
2025-07-10,1385,225,230
2025-07-10,1386,335,350
2025-07-10,1387,310,320
2025-07-10,1388,270,280
2025-07-10,1389,360,370
2025-07-10,1390,340,350
2025-07-17,649,,
2025-07-17,650,395,400
2025-07-17,684,497,502
2025-07-17,686,128,130
2025-07-17,687,141,142
2025-07-17,688,172,175
2025-07-17,689,144,146
2025-07-17,691,188,190
2025-07-17,692,202,203
2025-07-17,693,232,234
2025-07-17,694,125,127
2025-07-17,695,144,146
2025-07-17,696,157,159
2025-07-17,697,238,240
2025-07-17,711,303,305
2025-07-17,712,,
2025-07-17,713,312,314
2025-07-17,714,307,309
2025-07-17,717,441,444
2025-07-17,718,,
2025-07-17,719,230,235
2025-07-17,720,265,270
2025-07-17,721,270,273
2025-07-17,722,,410
2025-07-17,723,420,425
2025-07-17,735,1622,1707
2025-07-17,736,2592,2617
2025-07-17,739,200,204
2025-07-17,742,304,305
2025-07-17,743,304,305
2025-07-17,744,225,230
2025-07-17,745,235,240
2025-07-17,747,435,465
2025-07-17,769,,
2025-07-17,770,,
2025-07-17,833,,
2025-07-17,849,175,190
2025-07-17,850,185,200
2025-07-17,852,180,200
2025-07-17,853,190,210
2025-07-17,860,,
2025-07-17,861,,
2025-07-17,863,397,402
2025-07-17,864,,
2025-07-17,865,,
2025-07-17,866,,
2025-07-17,871,,
2025-07-17,872,,
2025-07-17,909,275,277
2025-07-17,924,315,325
2025-07-17,951,562,567
2025-07-17,963,,
2025-07-17,967,200,220
2025-07-17,993,360,380
2025-07-17,994,410,430
2025-07-17,995,470,510
2025-07-17,996,480,520
2025-07-17,998,1010,1015
2025-07-17,999,960,965
2025-07-17,1000,740,750
2025-07-17,1026,65,75
2025-07-17,1027,75,85
2025-07-17,1030,,
2025-07-17,1031,,
2025-07-17,1032,,
2025-07-17,1034,,
2025-07-17,1050,380,390
2025-07-17,1061,,
2025-07-17,1095,,
2025-07-17,1115,305,308
2025-07-17,1116,303,305
2025-07-17,1117,,
2025-07-17,1118,232,235
2025-07-17,1119,285,290
2025-07-17,1121,,
2025-07-17,1123,,
2025-07-17,1127,253,255
2025-07-17,1128,264,266
2025-07-17,1129,270,266
2025-07-17,1130,269,270
2025-07-17,1131,,
2025-07-17,1134,205,208
2025-07-17,1135,213,218
2025-07-17,1137,,
2025-07-17,1139,290,300
2025-07-17,1140,290,
2025-07-17,1143,670,720
2025-07-17,1144,770,900
2025-07-17,1145,590,640
2025-07-17,1146,1420,1570
2025-07-17,1147,1180,1330
2025-07-17,1148,730,880
2025-07-17,1150,960,1100
2025-07-17,1151,1020,1170
2025-07-17,1152,900,1050
2025-07-17,1153,500,510
2025-07-17,1154,470,490
2025-07-17,1155,210,220
2025-07-17,1156,190,205
2025-07-17,1157,150,160
2025-07-17,1158,75,85
2025-07-17,1161,180,195
2025-07-17,1162,190,205
2025-07-17,1165,72,82
2025-07-17,1166,82,92
2025-07-17,1167,274,279
2025-07-17,1170,,
2025-07-17,1171,,
2025-07-17,1172,,
2025-07-17,1173,,
2025-07-17,1174,,
2025-07-17,1182,,
2025-07-17,1183,,
2025-07-17,1184,185,205
2025-07-17,1185,195,215
2025-07-17,1186,,
2025-07-17,1188,,
2025-07-17,1189,240,250
2025-07-17,1200,155,160
2025-07-17,1201,155,160
2025-07-17,1203,285,290
2025-07-17,1204,235,245
2025-07-17,1205,305,315
2025-07-17,1206,245,255
2025-07-17,1207,,
2025-07-17,1208,190,200
2025-07-17,1209,165,175
2025-07-17,1210,,
2025-07-17,1211,,
2025-07-17,1213,240,250
2025-07-17,1225,,
2025-07-17,1235,,
2025-07-17,1237,,
2025-07-17,1239,,
2025-07-17,1240,95,115
2025-07-17,1241,95,115
2025-07-17,1242,,
2025-07-17,1243,,
2025-07-17,1244,90,100
2025-07-17,1245,,
2025-07-17,1247,,
2025-07-17,1249,,
2025-07-17,1250,100,120
2025-07-17,1251,100,120
2025-07-17,1252,,
2025-07-17,1253,,
2025-07-17,1254,95,105
2025-07-17,1255,88,125
2025-07-17,1259,83,120
2025-07-17,1263,,
2025-07-17,1264,,
2025-07-17,1265,93,130
2025-07-17,1266,130,140
2025-07-17,1267,140,150
2025-07-17,1268,,
2025-07-17,1269,,
2025-07-17,1270,98,135
2025-07-17,1271,135,145
2025-07-17,1272,145,155
2025-07-17,1295,765,775
2025-07-17,1297,,
2025-07-17,1311,215,220
2025-07-17,1323,280,290
2025-07-17,1330,,
2025-07-17,1331,385,395
2025-07-17,1332,370,380
2025-07-17,1333,260,265
2025-07-17,1334,325,335
2025-07-17,1335,1570,1820
2025-07-17,1336,750,900
2025-07-17,1338,275,285
2025-07-17,1339,,
2025-07-17,1344,218,222
2025-07-17,1346,390,400
2025-07-17,1362,295,305
2025-07-17,1367,365,375
2025-07-17,1368,,
2025-07-17,1369,370,395
2025-07-17,1372,150,155
2025-07-17,1373,230,250
2025-07-17,1374,264,269
2025-07-17,1375,248,253
2025-07-17,1376,238,243
2025-07-17,1377,,
2025-07-17,1378,292,297
2025-07-17,1379,280,285
2025-07-17,1380,270,275
2025-07-17,1381,304,309
2025-07-17,1382,292,297
2025-07-17,1383,282,287
2025-07-17,1384,255,265
2025-07-17,1385,228,233
2025-07-17,1386,350,365
2025-07-17,1387,320,330
2025-07-17,1388,280,290
2025-07-17,1389,360,370
2025-07-17,1390,340,350
2025-07-24,649,,
2025-07-24,650,397,402
2025-07-24,684,490,495
2025-07-24,686,136,138
2025-07-24,687,149,150
2025-07-24,688,172,175
2025-07-24,689,144,146
2025-07-24,691,196,198
2025-07-24,692,210,211
2025-07-24,693,232,234
2025-07-24,694,133,135
2025-07-24,695,144,146
2025-07-24,696,168,170
2025-07-24,697,238,240
2025-07-24,711,308,310
2025-07-24,712,,
2025-07-24,713,317,319
2025-07-24,714,312,314
2025-07-24,717,449,452
2025-07-24,718,,
2025-07-24,719,230,235
2025-07-24,720,270,275
2025-07-24,721,267,270
2025-07-24,722,,410
2025-07-24,723,417,422
2025-07-24,735,1622,1707
2025-07-24,736,2592,2617
2025-07-24,739,200,204
2025-07-24,742,304,305
2025-07-24,743,304,305
2025-07-24,744,245,250
2025-07-24,745,235,240
2025-07-24,747,435,465
2025-07-24,769,,
2025-07-24,770,,
2025-07-24,833,,
2025-07-24,849,175,190
2025-07-24,850,185,200
2025-07-24,852,180,200
2025-07-24,853,190,210
2025-07-24,860,,
2025-07-24,861,,
2025-07-24,863,405,410
2025-07-24,864,,
2025-07-24,865,,
2025-07-24,866,,
2025-07-24,871,,
2025-07-24,872,,
2025-07-24,909,285,287
2025-07-24,924,315,325
2025-07-24,951,555,560
2025-07-24,963,,
2025-07-24,967,200,220
2025-07-24,993,360,380
2025-07-24,994,410,430
2025-07-24,995,470,510
2025-07-24,996,480,520
2025-07-24,998,1015,1020
2025-07-24,999,965,970
2025-07-24,1000,740,750
2025-07-24,1026,,
2025-07-24,1027,,
2025-07-24,1030,77,87
2025-07-24,1031,90,100
2025-07-24,1032,,
2025-07-24,1034,,
2025-07-24,1050,385,395
2025-07-24,1061,,
2025-07-24,1095,,
2025-07-24,1115,295,298
2025-07-24,1116,293,295
2025-07-24,1117,,
2025-07-24,1118,232,235
2025-07-24,1119,285,290
2025-07-24,1121,,
2025-07-24,1123,,
2025-07-24,1127,263,265
2025-07-24,1128,274,276
2025-07-24,1129,278,276
2025-07-24,1130,279,280
2025-07-24,1131,,
2025-07-24,1134,205,208
2025-07-24,1135,213,218
2025-07-24,1137,,
2025-07-24,1139,290,300
2025-07-24,1140,290,
2025-07-24,1143,650,700
2025-07-24,1144,770,900
2025-07-24,1145,575,625
2025-07-24,1146,1380,1530
2025-07-24,1147,1150,1300
2025-07-24,1148,700,850
2025-07-24,1150,960,1100
2025-07-24,1151,1020,1170
2025-07-24,1152,870,1020
2025-07-24,1153,500,510
2025-07-24,1154,470,490
2025-07-24,1155,210,220
2025-07-24,1156,190,205
2025-07-24,1157,150,160
2025-07-24,1158,60,70
2025-07-24,1161,180,195
2025-07-24,1162,190,205
2025-07-24,1165,,
2025-07-24,1166,,
2025-07-24,1167,274,279
2025-07-24,1170,,
2025-07-24,1171,,
2025-07-24,1172,,
2025-07-24,1173,,
2025-07-24,1174,,
2025-07-24,1178,84,94
2025-07-24,1179,97,107
2025-07-24,1182,,
2025-07-24,1183,,
2025-07-24,1184,185,205
2025-07-24,1185,195,215
2025-07-24,1186,,
2025-07-24,1188,,
2025-07-24,1189,240,250
2025-07-24,1200,155,160
2025-07-24,1201,155,160
2025-07-24,1203,285,290
2025-07-24,1204,235,245
2025-07-24,1205,305,315
2025-07-24,1206,245,255
2025-07-24,1207,,
2025-07-24,1208,190,200
2025-07-24,1209,165,175
2025-07-24,1210,,
2025-07-24,1211,,
2025-07-24,1213,240,250
2025-07-24,1225,,
2025-07-24,1235,,
2025-07-24,1237,,
2025-07-24,1239,,
2025-07-24,1240,95,115
2025-07-24,1241,95,115
2025-07-24,1242,,
2025-07-24,1243,,
2025-07-24,1244,90,100
2025-07-24,1245,,
2025-07-24,1247,,
2025-07-24,1249,,
2025-07-24,1250,100,120
2025-07-24,1251,100,120
2025-07-24,1252,,
2025-07-24,1253,,
2025-07-24,1254,95,105
2025-07-24,1255,88,125
2025-07-24,1259,83,120
2025-07-24,1263,,
2025-07-24,1264,,
2025-07-24,1265,93,130
2025-07-24,1266,130,140
2025-07-24,1267,140,150
2025-07-24,1268,,
2025-07-24,1269,,
2025-07-24,1270,98,135
2025-07-24,1271,135,145
2025-07-24,1272,145,155
2025-07-24,1295,765,775
2025-07-24,1297,,
2025-07-24,1311,215,220
2025-07-24,1323,280,290
2025-07-24,1330,,
2025-07-24,1331,385,395
2025-07-24,1332,370,380
2025-07-24,1333,260,265
2025-07-24,1334,325,335
2025-07-24,1335,1570,1820
2025-07-24,1336,720,870
2025-07-24,1338,275,285
2025-07-24,1339,,
2025-07-24,1344,216,220
2025-07-24,1346,395,405
2025-07-24,1362,295,300
2025-07-24,1367,365,375
2025-07-24,1368,,
2025-07-24,1369,370,395
2025-07-24,1372,150,155
2025-07-24,1373,230,
2025-07-24,1374,264,269
2025-07-24,1375,248,253
2025-07-24,1376,238,243
2025-07-24,1377,,
2025-07-24,1378,289,294
2025-07-24,1379,277,282
2025-07-24,1380,267,272
2025-07-24,1381,301,306
2025-07-24,1382,289,294
2025-07-24,1383,279,284
2025-07-24,1384,255,265
2025-07-24,1385,228,233
2025-07-24,1386,355,370
2025-07-24,1387,325,335
2025-07-24,1388,285,295
2025-07-24,1389,360,370
2025-07-24,1390,340,350
2025-07-31,649,,
2025-07-31,650,400,405
2025-07-31,684,490,495
2025-07-31,686,136,138
2025-07-31,687,149,150
2025-07-31,688,180,183
2025-07-31,689,144,146
2025-07-31,691,196,198
2025-07-31,692,210,211
2025-07-31,693,240,242
2025-07-31,694,133,135
2025-07-31,695,144,146
2025-07-31,696,178,180
2025-07-31,697,238,240
2025-07-31,711,313,315
2025-07-31,712,,
2025-07-31,713,322,324
2025-07-31,714,320,322
2025-07-31,717,456,459
2025-07-31,718,,
2025-07-31,719,235,240
2025-07-31,720,275,280
2025-07-31,721,267,270
2025-07-31,722,,410
2025-07-31,723,417,422
2025-07-31,735,1642,1727
2025-07-31,736,2592,2617
2025-07-31,739,200,204
2025-07-31,742,304,305
2025-07-31,743,304,305
2025-07-31,744,250,255
2025-07-31,745,235,240
2025-07-31,747,435,465
2025-07-31,769,,
2025-07-31,770,,
2025-07-31,833,,
2025-07-31,849,175,190
2025-07-31,850,185,200
2025-07-31,852,180,200
2025-07-31,853,190,210
2025-07-31,860,,
2025-07-31,861,,
2025-07-31,863,412,417
2025-07-31,864,,
2025-07-31,865,,
2025-07-31,866,,
2025-07-31,871,,
2025-07-31,872,,
2025-07-31,909,283,285
2025-07-31,924,315,325
2025-07-31,951,555,560
2025-07-31,963,,
2025-07-31,967,200,220
2025-07-31,993,360,380
2025-07-31,994,410,430
2025-07-31,995,470,510
2025-07-31,996,480,520
2025-07-31,998,1020,1025
2025-07-31,999,970,975
2025-07-31,1000,740,750
2025-07-31,1026,,
2025-07-31,1027,,
2025-07-31,1030,80,90
2025-07-31,1031,90,100
2025-07-31,1032,,
2025-07-31,1034,,
2025-07-31,1050,385,395
2025-07-31,1061,,
2025-07-31,1095,,
2025-07-31,1115,303,306
2025-07-31,1116,303,305
2025-07-31,1117,,
2025-07-31,1118,232,235
2025-07-31,1119,285,290
2025-07-31,1121,,
2025-07-31,1123,,
2025-07-31,1127,261,263
2025-07-31,1128,272,274
2025-07-31,1129,280,278
2025-07-31,1130,281,282
2025-07-31,1131,,
2025-07-31,1134,205,208
2025-07-31,1135,213,218
2025-07-31,1137,,
2025-07-31,1139,290,300
2025-07-31,1140,290,
2025-07-31,1143,630,680
2025-07-31,1144,770,900
2025-07-31,1145,555,605
2025-07-31,1146,1350,1500
2025-07-31,1147,1120,1270
2025-07-31,1148,700,850
2025-07-31,1150,960,1100
2025-07-31,1151,1020,1170
2025-07-31,1152,870,1020
2025-07-31,1153,500,510
2025-07-31,1154,470,490
2025-07-31,1155,210,220
2025-07-31,1156,190,205
2025-07-31,1157,150,160
2025-07-31,1158,60,70
2025-07-31,1161,180,195
2025-07-31,1162,190,205
2025-07-31,1165,,
2025-07-31,1166,,
2025-07-31,1167,270,275
2025-07-31,1170,,
2025-07-31,1171,,
2025-07-31,1172,,
2025-07-31,1173,,
2025-07-31,1174,,
2025-07-31,1178,87,97
2025-07-31,1179,97,107
2025-07-31,1182,,
2025-07-31,1183,,
2025-07-31,1184,185,205
2025-07-31,1185,195,215
2025-07-31,1186,,
2025-07-31,1188,,
2025-07-31,1189,240,250
2025-07-31,1200,155,160
2025-07-31,1201,155,160
2025-07-31,1203,285,290
2025-07-31,1204,235,245
2025-07-31,1205,305,315
2025-07-31,1206,245,255
2025-07-31,1207,,
2025-07-31,1208,190,200
2025-07-31,1209,165,175
2025-07-31,1210,,
2025-07-31,1211,,
2025-07-31,1213,240,250
2025-07-31,1225,,
2025-07-31,1235,,
2025-07-31,1237,,
2025-07-31,1239,,
2025-07-31,1240,95,115
2025-07-31,1241,95,115
2025-07-31,1242,,
2025-07-31,1243,,
2025-07-31,1244,90,100
2025-07-31,1245,,
2025-07-31,1247,,
2025-07-31,1249,,
2025-07-31,1250,100,120
2025-07-31,1251,100,120
2025-07-31,1252,,
2025-07-31,1253,,
2025-07-31,1254,95,105
2025-07-31,1255,93,130
2025-07-31,1259,88,125
2025-07-31,1263,,
2025-07-31,1264,,
2025-07-31,1265,98,135
2025-07-31,1266,135,145
2025-07-31,1267,145,155
2025-07-31,1268,,
2025-07-31,1269,,
2025-07-31,1270,103,140
2025-07-31,1271,140,150
2025-07-31,1272,150,160
2025-07-31,1293,,
2025-07-31,1294,47,53
2025-07-31,1295,765,775
2025-07-31,1297,,
2025-07-31,1311,215,220
2025-07-31,1323,280,290
2025-07-31,1330,,
2025-07-31,1331,385,395
2025-07-31,1332,370,380
2025-07-31,1333,,
2025-07-31,1334,325,335
2025-07-31,1335,1570,1820
2025-07-31,1336,720,870
2025-07-31,1338,275,285
2025-07-31,1339,800,950
2025-07-31,1344,216,220
2025-07-31,1346,395,405
2025-07-31,1362,290,295
2025-07-31,1367,365,375
2025-07-31,1368,,
2025-07-31,1369,370,395
2025-07-31,1372,165,170
2025-07-31,1373,230,
2025-07-31,1374,264,269
2025-07-31,1375,248,253
2025-07-31,1376,238,243
2025-07-31,1377,,
2025-07-31,1378,286,291
2025-07-31,1379,274,279
2025-07-31,1380,264,269
2025-07-31,1381,298,303
2025-07-31,1382,286,291
2025-07-31,1383,276,281
2025-07-31,1384,255,265
2025-07-31,1385,228,233
2025-07-31,1386,355,370
2025-07-31,1387,325,335
2025-07-31,1388,285,295
2025-07-31,1389,350,360
2025-07-31,1390,335,345
2025-08-21,649,,
2025-08-21,650,,
2025-08-21,684,490,495
2025-08-21,686,139,141
2025-08-21,687,152,153
2025-08-21,688,185,188
2025-08-21,689,144,146
2025-08-21,691,199,201
2025-08-21,692,213,214
2025-08-21,693,245,247
2025-08-21,694,136,138
2025-08-21,695,144,146
2025-08-21,696,178,180
2025-08-21,697,233,235
2025-08-21,711,328,330
2025-08-21,712,,
2025-08-21,713,337,339
2025-08-21,714,335,337
2025-08-21,717,471,474
2025-08-21,718,,
2025-08-21,719,,
2025-08-21,720,277,282
2025-08-21,721,262,265
2025-08-21,722,,418
2025-08-21,723,428,433
2025-08-21,735,1652,1737
2025-08-21,736,2602,2627
2025-08-21,739,200,204
2025-08-21,742,304,305
2025-08-21,743,304,305
2025-08-21,744,,
2025-08-21,745,238,243
2025-08-21,747,435,465
2025-08-21,769,,
2025-08-21,770,,
2025-08-21,833,,
2025-08-21,849,175,190
2025-08-21,850,185,200
2025-08-21,852,180,200
2025-08-21,853,190,210
2025-08-21,860,,
2025-08-21,861,,
2025-08-21,863,427,432
2025-08-21,864,,
2025-08-21,865,210,215
2025-08-21,866,215,220
2025-08-21,871,,
2025-08-21,872,,
2025-08-21,909,263,265
2025-08-21,924,315,325
2025-08-21,951,555,560
2025-08-21,963,,
2025-08-21,967,200,220
2025-08-21,993,360,380
2025-08-21,994,410,430
2025-08-21,995,470,510
2025-08-21,996,480,520
2025-08-21,998,1020,1025
2025-08-21,999,970,975
2025-08-21,1000,740,750
2025-08-21,1026,,
2025-08-21,1027,,
2025-08-21,1030,80,90
2025-08-21,1031,90,100
2025-08-21,1032,,
2025-08-21,1034,,
2025-08-21,1050,385,395
2025-08-21,1061,,
2025-08-21,1095,,
2025-08-21,1115,303,306
2025-08-21,1116,303,305
2025-08-21,1117,,
2025-08-21,1118,232,235
2025-08-21,1119,282,287
2025-08-21,1121,,
2025-08-21,1123,,
2025-08-21,1127,241,243
2025-08-21,1128,260,262
2025-08-21,1129,275,270
2025-08-21,1130,269,270
2025-08-21,1131,,
2025-08-21,1134,205,208
2025-08-21,1135,213,218
2025-08-21,1137,,
2025-08-21,1139,290,300
2025-08-21,1140,290,308
2025-08-21,1143,630,680
2025-08-21,1144,770,900
2025-08-21,1145,555,605
2025-08-21,1146,1350,1500
2025-08-21,1147,1120,1270
2025-08-21,1148,700,850
2025-08-21,1150,960,1100
2025-08-21,1151,1020,1170
2025-08-21,1152,870,1020
2025-08-21,1153,500,510
2025-08-21,1154,470,490
2025-08-21,1155,210,220
2025-08-21,1156,190,205
2025-08-21,1157,150,160
2025-08-21,1158,60,70
2025-08-21,1161,180,195
2025-08-21,1162,190,205
2025-08-21,1165,,
2025-08-21,1166,,
2025-08-21,1167,267,272
2025-08-21,1170,220,225
2025-08-21,1171,,
2025-08-21,1172,,
2025-08-21,1173,,
2025-08-21,1174,,
2025-08-21,1178,87,97
2025-08-21,1179,97,107
2025-08-21,1182,,
2025-08-21,1183,,
2025-08-21,1184,185,205
2025-08-21,1185,195,215
2025-08-21,1186,215,220
2025-08-21,1188,,
2025-08-21,1189,240,250
2025-08-21,1200,160,165
2025-08-21,1201,160,165
2025-08-21,1203,285,290
2025-08-21,1204,235,245
2025-08-21,1205,305,315
2025-08-21,1206,250,255
2025-08-21,1207,,
2025-08-21,1208,190,200
2025-08-21,1209,165,175
2025-08-21,1210,,
2025-08-21,1211,,
2025-08-21,1213,240,250
2025-08-21,1225,,
2025-08-21,1235,,
2025-08-21,1237,,
2025-08-21,1239,,
2025-08-21,1240,95,115
2025-08-21,1241,95,115
2025-08-21,1242,,
2025-08-21,1243,,
2025-08-21,1244,90,100
2025-08-21,1245,,
2025-08-21,1247,,
2025-08-21,1249,,
2025-08-21,1250,100,120
2025-08-21,1251,100,120
2025-08-21,1252,,
2025-08-21,1253,,
2025-08-21,1254,95,105
2025-08-21,1255,93,130
2025-08-21,1259,88,125
2025-08-21,1263,,
2025-08-21,1264,,
2025-08-21,1265,98,135
2025-08-21,1266,135,145
2025-08-21,1267,145,155
2025-08-21,1268,,
2025-08-21,1269,,
2025-08-21,1270,103,140
2025-08-21,1271,140,150
2025-08-21,1272,150,160
2025-08-21,1294,47,53
2025-08-21,1295,765,775
2025-08-21,1297,,
2025-08-21,1311,215,220
2025-08-21,1323,300,310
2025-08-21,1330,,
2025-08-21,1331,385,395
2025-08-21,1332,370,380
2025-08-21,1333,,
2025-08-21,1334,325,335
2025-08-21,1335,1570,1820
2025-08-21,1336,720,870
2025-08-21,1338,275,285
2025-08-21,1339,800,950
2025-08-21,1344,216,220
2025-08-21,1346,395,405
2025-08-21,1362,290,295
2025-08-21,1367,365,375
2025-08-21,1368,,
2025-08-21,1369,370,395
2025-08-21,1372,165,170
2025-08-21,1373,230,
2025-08-21,1374,264,269
2025-08-21,1375,248,253
2025-08-21,1376,238,243
2025-08-21,1377,,
2025-08-21,1378,283,288
2025-08-21,1379,271,276
2025-08-21,1380,261,266
2025-08-21,1381,295,300
2025-08-21,1382,283,288
2025-08-21,1383,273,278
2025-08-21,1384,255,265
2025-08-21,1385,228,233
2025-08-21,1386,355,370
2025-08-21,1387,325,335
2025-08-21,1388,285,295
2025-08-21,1389,350,360
2025-08-21,1390,335,345
2025-08-28,649,224,226
2025-08-28,684,490,495
2025-08-28,686,141,143
2025-08-28,687,154,155
2025-08-28,688,187,190
2025-08-28,689,144,146
2025-08-28,691,201,203
2025-08-28,692,215,216
2025-08-28,693,247,249
2025-08-28,694,138,140
2025-08-28,695,144,146
2025-08-28,696,173,175
2025-08-28,697,233,235
2025-08-28,711,328,330
2025-08-28,712,,
2025-08-28,713,337,339
2025-08-28,714,335,337
2025-08-28,717,471,474
2025-08-28,718,,
2025-08-28,719,,
2025-08-28,720,280,285
2025-08-28,721,262,265
2025-08-28,722,,418
2025-08-28,723,428,433
2025-08-28,735,1652,1737
2025-08-28,736,2602,2627
2025-08-28,739,198,202
2025-08-28,742,304,305
2025-08-28,743,304,305
2025-08-28,744,,
2025-08-28,745,245,250
2025-08-28,747,435,465
2025-08-28,769,,
2025-08-28,770,,
2025-08-28,833,,
2025-08-28,849,175,190
2025-08-28,850,185,200
2025-08-28,852,,
2025-08-28,853,,
2025-08-28,860,190,210
2025-08-28,861,200,220
2025-08-28,863,422,427
2025-08-28,864,,
2025-08-28,865,210,215
2025-08-28,866,215,220
2025-08-28,871,,
2025-08-28,872,,
2025-08-28,909,263,265
2025-08-28,924,315,325
2025-08-28,951,555,560
2025-08-28,963,,
2025-08-28,967,202,222
2025-08-28,993,360,380
2025-08-28,994,410,430
2025-08-28,995,470,510
2025-08-28,996,480,520
2025-08-28,998,1030,1035
2025-08-28,999,980,985
2025-08-28,1000,740,750
2025-08-28,1026,,
2025-08-28,1027,,
2025-08-28,1030,80,90
2025-08-28,1031,90,100
2025-08-28,1032,,
2025-08-28,1034,,
2025-08-28,1050,395,405
2025-08-28,1061,,
2025-08-28,1064,3200,3500
2025-08-28,1069,1300,1400
2025-08-28,1076,1400,1500
2025-08-28,1081,3764.71,4117.65
2025-08-28,1085,1444.44,1555.56
2025-08-28,1091,1555.56,1666.67
2025-08-28,1095,,
2025-08-28,1115,305,308
2025-08-28,1116,310,312
2025-08-28,1117,,
2025-08-28,1118,232,235
2025-08-28,1119,274,279
2025-08-28,1121,,
2025-08-28,1123,,
2025-08-28,1127,241,243
2025-08-28,1128,263,265
2025-08-28,1129,280,
2025-08-28,1130,274,275
2025-08-28,1131,,
2025-08-28,1134,205,208
2025-08-28,1135,213,218
2025-08-28,1137,,
2025-08-28,1139,290,300
2025-08-28,1140,290,308
2025-08-28,1143,630,680
2025-08-28,1144,770,900
2025-08-28,1145,555,605
2025-08-28,1146,1350,1500
2025-08-28,1147,1120,1270
2025-08-28,1148,700,850
2025-08-28,1150,960,1100
2025-08-28,1151,1020,1170
2025-08-28,1152,870,1020
2025-08-28,1153,500,510
2025-08-28,1154,470,490
2025-08-28,1155,210,220
2025-08-28,1156,190,205
2025-08-28,1157,150,160
2025-08-28,1158,60,70
2025-08-28,1161,180,195
2025-08-28,1162,190,205
2025-08-28,1165,,
2025-08-28,1166,,
2025-08-28,1167,264,267
2025-08-28,1170,220,225
2025-08-28,1171,195,215
2025-08-28,1172,205,225
2025-08-28,1173,,
2025-08-28,1174,,
2025-08-28,1178,87,97
2025-08-28,1179,97,107
2025-08-28,1182,,
2025-08-28,1183,,
2025-08-28,1184,,
2025-08-28,1185,,
2025-08-28,1186,215,220
2025-08-28,1188,,
2025-08-28,1189,240,250
2025-08-28,1200,160,165
2025-08-28,1201,160,165
2025-08-28,1203,285,290
2025-08-28,1204,235,245
2025-08-28,1205,305,315
2025-08-28,1206,250,255
2025-08-28,1207,,
2025-08-28,1208,190,200
2025-08-28,1209,165,175
2025-08-28,1210,,
2025-08-28,1211,,
2025-08-28,1213,240,250
2025-08-28,1225,,
2025-08-28,1235,,
2025-08-28,1237,,
2025-08-28,1239,,
2025-08-28,1240,,
2025-08-28,1241,95,115
2025-08-28,1242,105,125
2025-08-28,1243,,
2025-08-28,1244,90,100
2025-08-28,1245,,
2025-08-28,1247,,
2025-08-28,1249,,
2025-08-28,1250,,
2025-08-28,1251,100,120
2025-08-28,1252,110,130
2025-08-28,1253,,
2025-08-28,1254,95,105
2025-08-28,1255,93,130
2025-08-28,1259,88,125
2025-08-28,1263,,
2025-08-28,1264,,
2025-08-28,1265,98,135
2025-08-28,1266,135,145
2025-08-28,1267,145,155
2025-08-28,1268,,
2025-08-28,1269,,
2025-08-28,1270,103,140
2025-08-28,1271,140,150
2025-08-28,1272,150,160
2025-08-28,1294,,
2025-08-28,1295,765,775
2025-08-28,1297,,
2025-08-28,1311,215,220
2025-08-28,1323,300,310
2025-08-28,1330,,
2025-08-28,1331,395,405
2025-08-28,1332,380,390
2025-08-28,1333,,
2025-08-28,1334,325,335
2025-08-28,1335,1570,1820
2025-08-28,1336,720,870
2025-08-28,1338,275,285
2025-08-28,1339,800,900
2025-08-28,1344,216,220
2025-08-28,1346,410,420
2025-08-28,1362,290,295
2025-08-28,1367,365,375
2025-08-28,1368,,
2025-08-28,1369,370,395
2025-08-28,1372,170,175
2025-08-28,1373,228,235
2025-08-28,1374,261,266
2025-08-28,1375,248,253
2025-08-28,1376,238,243
2025-08-28,1377,,
2025-08-28,1378,278,283
2025-08-28,1379,266,271
2025-08-28,1380,256,261
2025-08-28,1381,290,295
2025-08-28,1382,278,283
2025-08-28,1383,268,273
2025-08-28,1384,255,265
2025-08-28,1385,228,233
2025-08-28,1386,360,375
2025-08-28,1387,335,345
2025-08-28,1388,290,300
2025-08-28,1389,350,360
2025-08-28,1390,335,345
2025-09-04,649,224,226
2025-09-04,684,480,485
2025-09-04,686,137,139
2025-09-04,687,150,151
2025-09-04,688,187,190
2025-09-04,689,142,144
2025-09-04,691,197,199
2025-09-04,692,211,212
2025-09-04,693,247,249
2025-09-04,694,134,136
2025-09-04,695,142,144
2025-09-04,696,158,160
2025-09-04,697,233,235
2025-09-04,711,316,318
2025-09-04,712,,
2025-09-04,713,325,327
2025-09-04,714,323,325
2025-09-04,717,461,464
2025-09-04,718,,
2025-09-04,719,,
2025-09-04,720,280,285
2025-09-04,721,262,265
2025-09-04,722,,423
2025-09-04,723,433,438
2025-09-04,735,1667,1752
2025-09-04,736,2617,2642
2025-09-04,739,198,202
2025-09-04,742,304,305
2025-09-04,743,304,305
2025-09-04,744,,
2025-09-04,745,248,253
2025-09-04,747,435,465
2025-09-04,769,,
2025-09-04,770,,
2025-09-04,833,,
2025-09-04,849,185,200
2025-09-04,850,190,210
2025-09-04,852,,
2025-09-04,853,,
2025-09-04,860,235,240
2025-09-04,861,240,245
2025-09-04,863,412,417
2025-09-04,864,,
2025-09-04,865,,
2025-09-04,866,,
2025-09-04,871,235,240
2025-09-04,872,240,245
2025-09-04,909,263,265
2025-09-04,924,320,330
2025-09-04,951,545,550
2025-09-04,963,,
2025-09-04,967,202,222
2025-09-04,993,360,380
2025-09-04,994,410,430
2025-09-04,995,470,510
2025-09-04,996,480,520
2025-09-04,998,1040,1045
2025-09-04,999,990,995
2025-09-04,1000,,
2025-09-04,1026,,
2025-09-04,1027,,
2025-09-04,1030,90,100
2025-09-04,1031,100,110
2025-09-04,1032,,
2025-09-04,1034,,
2025-09-04,1050,395,405
2025-09-04,1064,3500,3800
2025-09-04,1065,,
2025-09-04,1066,3000,3200
2025-09-04,1067,2500,2700
2025-09-04,1068,1200,1300
2025-09-04,1069,1300,1400
2025-09-04,1076,1400,1500
2025-09-04,1078,70,80
2025-09-04,1081,4117.65,4470.59
2025-09-04,1082,3333.33,3555.56
2025-09-04,1083,2941.18,3176.47
2025-09-04,1084,1333.33,1444.44
2025-09-04,1085,1444.44,1555.56
2025-09-04,1091,1555.56,1666.67
2025-09-04,1095,,
2025-09-04,1115,310,313
2025-09-04,1116,313,315
2025-09-04,1117,,
2025-09-04,1118,232,235
2025-09-04,1119,274,279
2025-09-04,1121,,
2025-09-04,1123,,
2025-09-04,1127,241,243
2025-09-04,1128,263,265
2025-09-04,1129,285,
2025-09-04,1130,274,275
2025-09-04,1131,,
2025-09-04,1134,205,208
2025-09-04,1135,213,218
2025-09-04,1137,,
2025-09-04,1139,293,303
2025-09-04,1140,293,311
2025-09-04,1143,630,680
2025-09-04,1144,770,900
2025-09-04,1145,555,605
2025-09-04,1146,1350,1500
2025-09-04,1147,1120,1270
2025-09-04,1148,700,850
2025-09-04,1150,960,1100
2025-09-04,1151,1020,1170
2025-09-04,1152,870,1020
2025-09-04,1153,505,515
2025-09-04,1154,475,495
2025-09-04,1155,215,225
2025-09-04,1156,190,205
2025-09-04,1157,150,160
2025-09-04,1158,60,70
2025-09-04,1161,190,205
2025-09-04,1162,200,215
2025-09-04,1165,,
2025-09-04,1166,,
2025-09-04,1167,264,267
2025-09-04,1170,,
2025-09-04,1171,240,245
2025-09-04,1172,245,250
2025-09-04,1173,240,245
2025-09-04,1174,245,250
2025-09-04,1178,97,107
2025-09-04,1179,107,117
2025-09-04,1182,,
2025-09-04,1183,,
2025-09-04,1184,,
2025-09-04,1185,,
2025-09-04,1186,,
2025-09-04,1188,,
2025-09-04,1189,260,270
2025-09-04,1200,160,165
2025-09-04,1201,160,165
2025-09-04,1203,285,290
2025-09-04,1204,235,245
2025-09-04,1205,310,320
2025-09-04,1206,250,255
2025-09-04,1207,,
2025-09-04,1208,190,200
2025-09-04,1209,165,175
2025-09-04,1210,,
2025-09-04,1211,,
2025-09-04,1213,245,255
2025-09-04,1225,,
2025-09-04,1235,,
2025-09-04,1237,,
2025-09-04,1239,,
2025-09-04,1240,,
2025-09-04,1241,105,125
2025-09-04,1242,115,135
2025-09-04,1243,,
2025-09-04,1244,95,105
2025-09-04,1245,,
2025-09-04,1247,,
2025-09-04,1249,,
2025-09-04,1250,,
2025-09-04,1251,110,130
2025-09-04,1252,120,140
2025-09-04,1253,,
2025-09-04,1254,100,110
2025-09-04,1255,108,140
2025-09-04,1259,103,140
2025-09-04,1263,,
2025-09-04,1264,,
2025-09-04,1265,113,150
2025-09-04,1266,150,160
2025-09-04,1267,160,170
2025-09-04,1268,,
2025-09-04,1269,,
2025-09-04,1270,118,150
2025-09-04,1271,155,160
2025-09-04,1272,165,175
2025-09-04,1291,,
2025-09-04,1292,,
2025-09-04,1293,,
2025-09-04,1294,,
2025-09-04,1295,,
2025-09-04,1297,,
2025-09-04,1311,215,220
2025-09-04,1323,300,310
2025-09-04,1330,,
2025-09-04,1331,395,405
2025-09-04,1332,380,390
2025-09-04,1333,,
2025-09-04,1334,325,335
2025-09-04,1335,1570,1820
2025-09-04,1336,720,870
2025-09-04,1338,280,290
2025-09-04,1339,800,900
2025-09-04,1344,214,218
2025-09-04,1346,,
2025-09-04,1362,290,295
2025-09-04,1367,365,375
2025-09-04,1368,,
2025-09-04,1369,370,395
2025-09-04,1372,190,195
2025-09-04,1373,228,235
2025-09-04,1374,259,264
2025-09-04,1375,246,251
2025-09-04,1376,236,241
2025-09-04,1377,,
2025-09-04,1378,272,277
2025-09-04,1379,260,265
2025-09-04,1380,250,255
2025-09-04,1381,284,289
2025-09-04,1382,272,277
2025-09-04,1383,262,267
2025-09-04,1384,260,270
2025-09-04,1385,226,231
2025-09-04,1386,360,375
2025-09-04,1387,335,345
2025-09-04,1388,290,300
2025-09-04,1389,350,360
2025-09-04,1390,335,345
2025-09-04,1391,285,295
2025-09-11,649,224,226
2025-09-11,684,475,480
2025-09-11,686,127,129
2025-09-11,687,140,141
2025-09-11,688,185,188
2025-09-11,689,140,142
2025-09-11,691,187,189
2025-09-11,692,201,202
2025-09-11,693,245,247
2025-09-11,694,124,126
2025-09-11,695,140,142
2025-09-11,696,153,155
2025-09-11,697,233,235
2025-09-11,711,319,321
2025-09-11,712,,
2025-09-11,713,328,330
2025-09-11,714,326,328
2025-09-11,717,461,464
2025-09-11,718,,
2025-09-11,719,,
2025-09-11,720,280,285
2025-09-11,721,262,265
2025-09-11,722,,420
2025-09-11,723,430,435
2025-09-11,735,1667,1752
2025-09-11,736,2617,2642
2025-09-11,739,198,202
2025-09-11,742,304,305
2025-09-11,743,304,305
2025-09-11,744,,
2025-09-11,745,250,255
2025-09-11,747,,
2025-09-11,769,,
2025-09-11,770,,
2025-09-11,833,,
2025-09-11,849,185,200
2025-09-11,850,190,210
2025-09-11,852,,
2025-09-11,853,,
2025-09-11,860,235,240
2025-09-11,861,240,245
2025-09-11,863,412,417
2025-09-11,864,,
2025-09-11,865,,
2025-09-11,866,,
2025-09-11,871,235,240
2025-09-11,872,240,245
2025-09-11,909,263,265
2025-09-11,924,320,330
2025-09-11,951,540,545
2025-09-11,963,,
2025-09-11,967,202,222
2025-09-11,993,360,380
2025-09-11,994,410,430
2025-09-11,995,460,500
2025-09-11,996,470,510
2025-09-11,998,1040,1045
2025-09-11,999,990,995
2025-09-11,1000,,
2025-09-11,1026,,
2025-09-11,1027,,
2025-09-11,1030,100,110
2025-09-11,1031,110,120
2025-09-11,1032,,
2025-09-11,1034,,
2025-09-11,1050,395,405
2025-09-11,1064,3600,3900
2025-09-11,1065,,
2025-09-11,1066,3000,3200
2025-09-11,1067,2500,2700
2025-09-11,1068,1200,1300
2025-09-11,1069,1300,1400
2025-09-11,1076,1400,1500
2025-09-11,1078,70,80
2025-09-11,1081,4235.29,4588.24
2025-09-11,1082,3333.33,3555.56
2025-09-11,1083,2941.18,3176.47
2025-09-11,1084,1333.33,1444.44
2025-09-11,1085,1444.44,1555.56
2025-09-11,1091,1555.56,1666.67
2025-09-11,1095,,
2025-09-11,1115,310,313
2025-09-11,1116,313,315
2025-09-11,1117,,
2025-09-11,1118,230,233
2025-09-11,1119,272,277
2025-09-11,1121,,
2025-09-11,1123,,
2025-09-11,1127,241,243
2025-09-11,1128,270,272
2025-09-11,1129,290,
2025-09-11,1130,270,271
2025-09-11,1131,,
2025-09-11,1134,205,208
2025-09-11,1135,213,218
2025-09-11,1137,,
2025-09-11,1139,293,303
2025-09-11,1140,293,311
2025-09-11,1143,630,680
2025-09-11,1144,770,900
2025-09-11,1145,555,605
2025-09-11,1146,1350,1500
2025-09-11,1147,1120,1270
2025-09-11,1148,700,850
2025-09-11,1150,960,1100
2025-09-11,1151,1020,1170
2025-09-11,1152,870,1020
2025-09-11,1153,505,515
2025-09-11,1154,475,495
2025-09-11,1155,215,225
2025-09-11,1156,190,205
2025-09-11,1157,150,160
2025-09-11,1158,60,70
2025-09-11,1161,190,205
2025-09-11,1162,200,215
2025-09-11,1165,,
2025-09-11,1166,,
2025-09-11,1167,262,265
2025-09-11,1170,,
2025-09-11,1171,240,245
2025-09-11,1172,245,250
2025-09-11,1173,240,245
2025-09-11,1174,245,250
2025-09-11,1178,107,117
2025-09-11,1179,117,127
2025-09-11,1182,,
2025-09-11,1183,,
2025-09-11,1184,,
2025-09-11,1185,,
2025-09-11,1186,,
2025-09-11,1188,,
2025-09-11,1189,260,270
2025-09-11,1200,160,165
2025-09-11,1201,160,165
2025-09-11,1203,285,290
2025-09-11,1204,235,245
2025-09-11,1205,310,320
2025-09-11,1206,250,255
2025-09-11,1207,,
2025-09-11,1208,190,200
2025-09-11,1209,165,175
2025-09-11,1210,,
2025-09-11,1211,,
2025-09-11,1213,245,255
2025-09-11,1225,,
2025-09-11,1235,,
2025-09-11,1237,,
2025-09-11,1239,,
2025-09-11,1240,,
2025-09-11,1241,105,125
2025-09-11,1242,115,135
2025-09-11,1243,,
2025-09-11,1244,95,105
2025-09-11,1245,,
2025-09-11,1247,,
2025-09-11,1249,,
2025-09-11,1250,,
2025-09-11,1251,110,130
2025-09-11,1252,120,140
2025-09-11,1253,,
2025-09-11,1254,100,110
2025-09-11,1255,108,140
2025-09-11,1259,103,140
2025-09-11,1263,,
2025-09-11,1264,,
2025-09-11,1265,113,150
2025-09-11,1266,150,160
2025-09-11,1267,160,170
2025-09-11,1268,,
2025-09-11,1269,,
2025-09-11,1270,118,150
2025-09-11,1271,155,160
2025-09-11,1272,165,175
2025-09-11,1291,,
2025-09-11,1292,,
2025-09-11,1293,,
2025-09-11,1294,,
2025-09-11,1295,,
2025-09-11,1297,,
2025-09-11,1311,215,220
2025-09-11,1323,300,310
2025-09-11,1330,,
2025-09-11,1331,395,405
2025-09-11,1332,380,390
2025-09-11,1333,,
2025-09-11,1334,325,335
2025-09-11,1335,1570,1820
2025-09-11,1336,720,870
2025-09-11,1338,280,290
2025-09-11,1339,800,900
2025-09-11,1344,214,218
2025-09-11,1346,,
2025-09-11,1362,295,300
2025-09-11,1367,,
2025-09-11,1368,,
2025-09-11,1369,,
2025-09-11,1372,190,195
2025-09-11,1373,225,232
2025-09-11,1374,257,262
2025-09-11,1375,246,251
2025-09-11,1376,236,241
2025-09-11,1377,,
2025-09-11,1378,270,275
2025-09-11,1379,260,265
2025-09-11,1380,250,255
2025-09-11,1381,282,287
2025-09-11,1382,272,277
2025-09-11,1383,262,267
2025-09-11,1384,265,270
2025-09-11,1385,226,231
2025-09-11,1386,363,378
2025-09-11,1387,337,347
2025-09-11,1388,290,300
2025-09-11,1389,350,360
2025-09-11,1390,335,345
2025-09-11,1391,285,295
2025-09-18,649,226,228
2025-09-18,684,475,480
2025-09-18,686,127,129
2025-09-18,687,140,141
2025-09-18,688,185,188
2025-09-18,689,140,142
2025-09-18,691,187,189
2025-09-18,692,201,202
2025-09-18,693,245,247
2025-09-18,694,124,126
2025-09-18,695,140,142
2025-09-18,696,153,155
2025-09-18,697,233,235
2025-09-18,711,316,318
2025-09-18,712,,
2025-09-18,713,325,327
2025-09-18,714,323,325
2025-09-18,717,456,459
2025-09-18,718,,
2025-09-18,719,,
2025-09-18,720,280,285
2025-09-18,721,262,265
2025-09-18,722,,420
2025-09-18,723,430,435
2025-09-18,735,1667,1752
2025-09-18,736,2617,2642
2025-09-18,739,206,210
2025-09-18,742,304,305
2025-09-18,743,304,305
2025-09-18,744,235,240
2025-09-18,745,250,255
2025-09-18,747,,
2025-09-18,769,,
2025-09-18,770,,
2025-09-18,833,,
2025-09-18,849,185,200
2025-09-18,850,190,210
2025-09-18,852,,
2025-09-18,853,,
2025-09-18,860,235,240
2025-09-18,861,240,245
2025-09-18,863,407,412
2025-09-18,864,,
2025-09-18,865,,
2025-09-18,866,,
2025-09-18,871,235,240
2025-09-18,872,240,245
2025-09-18,909,263,265
2025-09-18,924,320,330
2025-09-18,951,540,545
2025-09-18,963,,
2025-09-18,967,202,222
2025-09-18,993,360,380
2025-09-18,994,410,430
2025-09-18,995,460,500
2025-09-18,996,470,510
2025-09-18,998,1040,1045
2025-09-18,999,990,995
2025-09-18,1000,,
2025-09-18,1026,,
2025-09-18,1027,,
2025-09-18,1030,100,110
2025-09-18,1031,110,120
2025-09-18,1032,,
2025-09-18,1034,,
2025-09-18,1050,395,405
2025-09-18,1064,3600,3900
2025-09-18,1065,,
2025-09-18,1066,3000,3200
2025-09-18,1067,2500,2700
2025-09-18,1068,1200,1300
2025-09-18,1069,1300,1400
2025-09-18,1076,1400,1500
2025-09-18,1078,100,120
2025-09-18,1081,4235.29,4588.24
2025-09-18,1082,3333.33,3555.56
2025-09-18,1083,2941.18,3176.47
2025-09-18,1084,1333.33,1444.44
2025-09-18,1085,1444.44,1555.56
2025-09-18,1091,1555.56,1666.67
2025-09-18,1095,,
2025-09-18,1115,307,310
2025-09-18,1116,310,312
2025-09-18,1117,,
2025-09-18,1118,233,236
2025-09-18,1119,272,277
2025-09-18,1121,,
2025-09-18,1123,,
2025-09-18,1127,241,243
2025-09-18,1128,270,272
2025-09-18,1129,290,
2025-09-18,1130,270,285
2025-09-18,1131,175,180
2025-09-18,1134,207,210
2025-09-18,1135,215,220
2025-09-18,1137,,
2025-09-18,1139,293,303
2025-09-18,1140,293,311
2025-09-18,1143,,
2025-09-18,1144,,
2025-09-18,1145,,
2025-09-18,1146,1350,1500
2025-09-18,1147,1120,1270
2025-09-18,1148,700,850
2025-09-18,1150,960,1100
2025-09-18,1151,1020,1170
2025-09-18,1152,870,1020
2025-09-18,1153,505,515
2025-09-18,1154,475,495
2025-09-18,1155,215,225
2025-09-18,1156,190,205
2025-09-18,1157,150,160
2025-09-18,1158,60,70
2025-09-18,1161,190,205
2025-09-18,1162,200,215
2025-09-18,1165,,
2025-09-18,1166,,
2025-09-18,1167,262,265
2025-09-18,1170,,
2025-09-18,1171,240,245
2025-09-18,1172,245,250
2025-09-18,1173,240,245
2025-09-18,1174,245,250
2025-09-18,1178,107,117
2025-09-18,1179,117,127
2025-09-18,1182,,
2025-09-18,1183,,
2025-09-18,1184,,
2025-09-18,1185,,
2025-09-18,1186,,
2025-09-18,1188,495,500
2025-09-18,1189,260,270
2025-09-18,1200,160,165
2025-09-18,1201,160,165
2025-09-18,1203,285,290
2025-09-18,1204,235,245
2025-09-18,1205,310,320
2025-09-18,1206,250,255
2025-09-18,1207,,
2025-09-18,1208,190,200
2025-09-18,1209,165,175
2025-09-18,1210,,
2025-09-18,1211,,
2025-09-18,1213,245,255
2025-09-18,1225,,
2025-09-18,1235,,
2025-09-18,1237,,
2025-09-18,1239,,
2025-09-18,1240,,
2025-09-18,1241,105,125
2025-09-18,1242,115,135
2025-09-18,1243,,
2025-09-18,1244,95,105
2025-09-18,1245,,
2025-09-18,1247,,
2025-09-18,1249,,
2025-09-18,1250,,
2025-09-18,1251,110,130
2025-09-18,1252,120,140
2025-09-18,1253,,
2025-09-18,1254,100,110
2025-09-18,1255,108,140
2025-09-18,1259,103,140
2025-09-18,1263,,
2025-09-18,1264,,
2025-09-18,1265,113,150
2025-09-18,1266,150,160
2025-09-18,1267,160,170
2025-09-18,1268,,
2025-09-18,1269,,
2025-09-18,1270,118,150
2025-09-18,1271,155,160
2025-09-18,1272,165,175
2025-09-18,1291,,
2025-09-18,1292,,
2025-09-18,1293,,
2025-09-18,1294,,
2025-09-18,1295,,
2025-09-18,1297,,
2025-09-18,1311,215,220
2025-09-18,1323,303,313
2025-09-18,1330,,
2025-09-18,1331,405,415
2025-09-18,1332,385,395
2025-09-18,1333,,
2025-09-18,1334,325,335
2025-09-18,1335,1570,1820
2025-09-18,1336,720,870
2025-09-18,1338,280,290
2025-09-18,1339,800,900
2025-09-18,1344,216,220
2025-09-18,1346,,
2025-09-18,1362,295,300
2025-09-18,1367,,
2025-09-18,1368,,
2025-09-18,1369,,
2025-09-18,1372,190,195
2025-09-18,1373,230,232
2025-09-18,1374,257,262
2025-09-18,1375,246,251
2025-09-18,1376,236,241
2025-09-18,1377,,
2025-09-18,1378,270,275
2025-09-18,1379,260,265
2025-09-18,1380,250,255
2025-09-18,1381,282,287
2025-09-18,1382,272,277
2025-09-18,1383,262,267
2025-09-18,1384,265,270
2025-09-18,1385,226,231
2025-09-18,1386,370,385
2025-09-18,1387,345,355
2025-09-18,1388,295,305
2025-09-18,1389,350,360
2025-09-18,1390,335,345
2025-09-18,1391,290,300
2025-09-25,649,226,228
2025-09-25,684,475,480
2025-09-25,686,129,131
2025-09-25,687,142,143
2025-09-25,688,185,188
2025-09-25,689,142,144
2025-09-25,691,189,191
2025-09-25,692,203,204
2025-09-25,693,245,247
2025-09-25,694,126,128
2025-09-25,695,142,144
2025-09-25,696,155,157
2025-09-25,697,233,235
2025-09-25,711,311,313
2025-09-25,712,,
2025-09-25,713,320,322
2025-09-25,714,318,320
2025-09-25,717,451,454
2025-09-25,718,,
2025-09-25,719,205,210
2025-09-25,720,280,285
2025-09-25,721,262,265
2025-09-25,722,,420
2025-09-25,723,430,435
2025-09-25,735,1697,1782
2025-09-25,736,2647,2672
2025-09-25,739,216,220
2025-09-25,742,304,305
2025-09-25,743,304,305
2025-09-25,744,232,237
2025-09-25,745,247,252
2025-09-25,747,380,410
2025-09-25,769,,
2025-09-25,770,,
2025-09-25,833,,
2025-09-25,849,185,200
2025-09-25,850,190,210
2025-09-25,852,,
2025-09-25,853,,
2025-09-25,860,235,240
2025-09-25,861,240,245
2025-09-25,863,402,407
2025-09-25,864,,
2025-09-25,865,,
2025-09-25,866,,
2025-09-25,871,235,240
2025-09-25,872,240,245
2025-09-25,909,261,263
2025-09-25,924,320,330
2025-09-25,951,540,545
2025-09-25,963,,
2025-09-25,967,202,222
2025-09-25,993,360,380
2025-09-25,994,410,430
2025-09-25,995,460,500
2025-09-25,996,470,510
2025-09-25,998,1040,1045
2025-09-25,999,990,995
2025-09-25,1000,,
2025-09-25,1026,,
2025-09-25,1027,,
2025-09-25,1030,100,110
2025-09-25,1031,110,120
2025-09-25,1032,,
2025-09-25,1034,,
2025-09-25,1050,395,405
2025-09-25,1064,3500,4300
2025-09-25,1065,,
2025-09-25,1066,3000,3200
2025-09-25,1067,2500,2700
2025-09-25,1068,1200,1300
2025-09-25,1069,1300,1400
2025-09-25,1076,1400,1500
2025-09-25,1078,100,120
2025-09-25,1081,4117.65,5058.82
2025-09-25,1082,3333.33,3555.56
2025-09-25,1083,2941.18,3176.47
2025-09-25,1084,1333.33,1444.44
2025-09-25,1085,1444.44,1555.56
2025-09-25,1091,1555.56,1666.67
2025-09-25,1095,,
2025-09-25,1115,315,318
2025-09-25,1116,315,317
2025-09-25,1117,,
2025-09-25,1118,235,238
2025-09-25,1119,272,277
2025-09-25,1121,,
2025-09-25,1123,,
2025-09-25,1127,239,241
2025-09-25,1128,270,272
2025-09-25,1129,290,
2025-09-25,1130,270,285
2025-09-25,1131,175,180
2025-09-25,1134,207,210
2025-09-25,1135,215,220
2025-09-25,1137,,
2025-09-25,1139,293,303
2025-09-25,1140,293,311
2025-09-25,1146,,
2025-09-25,1147,,
2025-09-25,1148,,
2025-09-25,1150,,
2025-09-25,1151,,
2025-09-25,1152,,
2025-09-25,1153,505,515
2025-09-25,1154,475,495
2025-09-25,1155,215,225
2025-09-25,1156,190,205
2025-09-25,1157,150,160
2025-09-25,1158,60,70
2025-09-25,1161,190,205
2025-09-25,1162,200,215
2025-09-25,1165,,
2025-09-25,1166,,
2025-09-25,1167,262,265
2025-09-25,1170,,
2025-09-25,1171,240,245
2025-09-25,1172,245,250
2025-09-25,1173,240,245
2025-09-25,1174,245,250
2025-09-25,1178,107,117
2025-09-25,1179,117,127
2025-09-25,1182,,
2025-09-25,1183,,
2025-09-25,1184,,
2025-09-25,1185,,
2025-09-25,1186,,
2025-09-25,1188,495,500
2025-09-25,1189,260,270
2025-09-25,1200,160,165
2025-09-25,1201,160,165
2025-09-25,1203,285,290
2025-09-25,1204,235,245
2025-09-25,1205,310,320
2025-09-25,1206,250,255
2025-09-25,1207,,
2025-09-25,1208,190,200
2025-09-25,1209,165,175
2025-09-25,1210,,
2025-09-25,1211,,
2025-09-25,1213,245,255
2025-09-25,1225,,
2025-09-25,1235,,
2025-09-25,1237,,
2025-09-25,1239,,
2025-09-25,1240,,
2025-09-25,1241,105,125
2025-09-25,1242,115,135
2025-09-25,1243,,
2025-09-25,1244,95,105
2025-09-25,1245,,
2025-09-25,1247,,
2025-09-25,1249,,
2025-09-25,1250,,
2025-09-25,1251,110,130
2025-09-25,1252,120,140
2025-09-25,1253,,
2025-09-25,1254,100,110
2025-09-25,1255,108,140
2025-09-25,1259,103,140
2025-09-25,1263,,
2025-09-25,1264,,
2025-09-25,1265,113,150
2025-09-25,1266,150,160
2025-09-25,1267,160,170
2025-09-25,1268,,
2025-09-25,1269,,
2025-09-25,1270,118,150
2025-09-25,1271,155,160
2025-09-25,1272,165,175
2025-09-25,1291,,
2025-09-25,1292,,
2025-09-25,1293,,
2025-09-25,1294,,
2025-09-25,1295,,
2025-09-25,1297,,
2025-09-25,1311,215,220
2025-09-25,1323,303,313
2025-09-25,1330,,
2025-09-25,1331,405,415
2025-09-25,1332,385,395
2025-09-25,1333,,
2025-09-25,1334,325,335
2025-09-25,1335,,
2025-09-25,1336,,
2025-09-25,1338,282,292
2025-09-25,1339,800,900
2025-09-25,1344,216,220
2025-09-25,1346,,
2025-09-25,1362,295,300
2025-09-25,1367,,
2025-09-25,1368,,
2025-09-25,1369,,
2025-09-25,1372,190,195
2025-09-25,1373,232,234
2025-09-25,1374,257,262
2025-09-25,1375,246,251
2025-09-25,1376,236,241
2025-09-25,1377,,
2025-09-25,1378,270,275
2025-09-25,1379,260,265
2025-09-25,1380,250,255
2025-09-25,1381,282,287
2025-09-25,1382,272,277
2025-09-25,1383,262,267
2025-09-25,1384,267,272
2025-09-25,1385,226,231
2025-09-25,1386,380,395
2025-09-25,1387,355,365
2025-09-25,1388,300,310
2025-09-25,1389,347,357
2025-09-25,1390,332,342
2025-09-25,1391,290,300
2025-10-02,649,226,228
2025-10-02,650,405,410
2025-10-02,684,475,480
2025-10-02,686,129,131
2025-10-02,687,142,143
2025-10-02,688,185,188
2025-10-02,689,142,144
2025-10-02,691,189,191
2025-10-02,692,203,204
2025-10-02,693,245,247
2025-10-02,694,126,128
2025-10-02,695,142,144
2025-10-02,696,160,162
2025-10-02,697,233,235
2025-10-02,711,306,308
2025-10-02,712,,
2025-10-02,713,315,317
2025-10-02,714,313,315
2025-10-02,717,446,449
2025-10-02,718,,
2025-10-02,719,205,210
2025-10-02,720,275,280
2025-10-02,721,262,265
2025-10-02,722,,415
2025-10-02,723,425,430
2025-10-02,735,1707,1792
2025-10-02,736,2637,2662
2025-10-02,739,219,223
2025-10-02,742,304,305
2025-10-02,743,304,305
2025-10-02,744,227,232
2025-10-02,745,247,252
2025-10-02,747,380,410
2025-10-02,769,,
2025-10-02,770,,
2025-10-02,833,,
2025-10-02,849,185,200
2025-10-02,850,190,210
2025-10-02,852,,
2025-10-02,853,,
2025-10-02,860,235,240
2025-10-02,861,240,245
2025-10-02,863,397,402
2025-10-02,864,,
2025-10-02,865,,
2025-10-02,866,,
2025-10-02,871,235,240
2025-10-02,872,240,245
2025-10-02,909,256,258
2025-10-02,924,320,330
2025-10-02,951,540,545
2025-10-02,963,,
2025-10-02,967,202,222
2025-10-02,993,360,380
2025-10-02,994,410,430
2025-10-02,995,460,500
2025-10-02,996,470,510
2025-10-02,998,1045,1050
2025-10-02,999,995,1000
2025-10-02,1000,,
2025-10-02,1026,,
2025-10-02,1027,,
2025-10-02,1030,100,110
2025-10-02,1031,110,120
2025-10-02,1032,,
2025-10-02,1034,,
2025-10-02,1050,395,405
2025-10-02,1064,3500,4300
2025-10-02,1065,,
2025-10-02,1066,3000,3200
2025-10-02,1067,2500,2700
2025-10-02,1068,1200,1300
2025-10-02,1069,1300,1400
2025-10-02,1076,1400,1500
2025-10-02,1078,100,120
2025-10-02,1081,4117.65,5058.82
2025-10-02,1082,3333.33,3555.56
2025-10-02,1083,2941.18,3176.47
2025-10-02,1084,1333.33,1444.44
2025-10-02,1085,1444.44,1555.56
2025-10-02,1091,1555.56,1666.67
2025-10-02,1095,,
2025-10-02,1115,325,328
2025-10-02,1116,325,327
2025-10-02,1117,,
2025-10-02,1118,237,240
2025-10-02,1119,272,277
2025-10-02,1121,,
2025-10-02,1123,,
2025-10-02,1127,234,236
2025-10-02,1128,263,265
2025-10-02,1129,275,
2025-10-02,1130,250,265
2025-10-02,1131,170,175
2025-10-02,1134,209,212
2025-10-02,1135,217,222
2025-10-02,1137,,
2025-10-02,1139,293,303
2025-10-02,1140,293,311
2025-10-02,1153,505,515
2025-10-02,1154,475,495
2025-10-02,1155,220,230
2025-10-02,1156,190,205
2025-10-02,1157,150,160
2025-10-02,1158,60,70
2025-10-02,1161,190,205
2025-10-02,1162,200,215
2025-10-02,1165,,
2025-10-02,1166,,
2025-10-02,1167,262,265
2025-10-02,1170,,
2025-10-02,1171,240,245
2025-10-02,1172,245,250
2025-10-02,1173,240,245
2025-10-02,1174,245,250
2025-10-02,1178,107,117
2025-10-02,1179,117,127
2025-10-02,1182,,
2025-10-02,1183,,
2025-10-02,1184,,
2025-10-02,1185,,
2025-10-02,1186,,
2025-10-02,1188,495,500
2025-10-02,1189,260,270
2025-10-02,1200,160,165
2025-10-02,1201,160,165
2025-10-02,1203,285,290
2025-10-02,1204,235,245
2025-10-02,1205,310,320
2025-10-02,1206,250,255
2025-10-02,1207,,
2025-10-02,1208,190,200
2025-10-02,1209,165,175
2025-10-02,1210,,
2025-10-02,1211,,
2025-10-02,1213,245,255
2025-10-02,1225,,
2025-10-02,1235,,
2025-10-02,1237,,
2025-10-02,1239,,
2025-10-02,1240,,
2025-10-02,1241,105,125
2025-10-02,1242,115,135
2025-10-02,1243,,
2025-10-02,1244,95,105
2025-10-02,1245,,
2025-10-02,1247,,
2025-10-02,1249,,
2025-10-02,1250,,
2025-10-02,1251,110,130
2025-10-02,1252,120,140
2025-10-02,1253,,
2025-10-02,1254,100,110
2025-10-02,1255,108,140
2025-10-02,1259,103,140
2025-10-02,1263,,
2025-10-02,1264,,
2025-10-02,1265,113,150
2025-10-02,1266,150,160
2025-10-02,1267,160,170
2025-10-02,1268,,
2025-10-02,1269,,
2025-10-02,1270,118,150
2025-10-02,1271,155,160
2025-10-02,1272,165,175
2025-10-02,1291,,
2025-10-02,1292,,
2025-10-02,1293,,
2025-10-02,1294,,
2025-10-02,1295,,
2025-10-02,1297,,
2025-10-02,1311,215,220
2025-10-02,1323,,
2025-10-02,1330,,
2025-10-02,1331,,
2025-10-02,1332,,
2025-10-02,1333,,
2025-10-02,1334,340,350
2025-10-02,1338,282,292
2025-10-02,1339,800,900
2025-10-02,1344,221,225
2025-10-02,1346,,
2025-10-02,1362,295,300
2025-10-02,1367,320,350
2025-10-02,1368,660,680
2025-10-02,1369,360,380
2025-10-02,1372,190,195
2025-10-02,1373,234,236
2025-10-02,1374,257,262
2025-10-02,1375,246,251
2025-10-02,1376,236,241
2025-10-02,1377,,
2025-10-02,1378,270,275
2025-10-02,1379,260,265
2025-10-02,1380,250,255
2025-10-02,1381,282,287
2025-10-02,1382,272,277
2025-10-02,1383,262,267
2025-10-02,1384,267,272
2025-10-02,1385,226,231
2025-10-02,1386,390,405
2025-10-02,1387,355,365
2025-10-02,1388,300,310
2025-10-02,1389,347,357
2025-10-02,1390,332,342
2025-10-02,1391,295,305
2025-10-09,649,221,223
2025-10-09,650,403,408
2025-10-09,684,475,480
2025-10-09,686,129,131
2025-10-09,687,142,143
2025-10-09,688,185,188
2025-10-09,689,142,144
2025-10-09,691,189,191
2025-10-09,692,203,204
2025-10-09,693,245,247
2025-10-09,694,126,128
2025-10-09,695,142,144
2025-10-09,696,165,167
2025-10-09,697,233,235
2025-10-09,711,314,316
2025-10-09,712,,
2025-10-09,713,323,325
2025-10-09,714,321,323
2025-10-09,717,454,457
2025-10-09,718,,
2025-10-09,719,205,210
2025-10-09,720,275,280
2025-10-09,721,262,265
2025-10-09,722,,420
2025-10-09,723,430,435
2025-10-09,735,1747,1812
2025-10-09,736,2617,2642
2025-10-09,739,219,223
2025-10-09,742,304,305
2025-10-09,743,304,305
2025-10-09,744,222,227
2025-10-09,745,247,252
2025-10-09,747,380,410
2025-10-09,769,,
2025-10-09,770,,
2025-10-09,833,,
2025-10-09,849,185,200
2025-10-09,850,190,210
2025-10-09,852,,
2025-10-09,853,,
2025-10-09,860,235,240
2025-10-09,861,240,245
2025-10-09,863,405,410
2025-10-09,864,,
2025-10-09,865,,
2025-10-09,866,,
2025-10-09,871,235,240
2025-10-09,872,240,245
2025-10-09,909,252,254
2025-10-09,924,320,330
2025-10-09,951,540,545
2025-10-09,963,,
2025-10-09,967,205,225
2025-10-09,993,360,380
2025-10-09,994,410,430
2025-10-09,995,460,500
2025-10-09,996,470,510
2025-10-09,998,1035,1040
2025-10-09,999,985,990
2025-10-09,1000,,
2025-10-09,1026,,
2025-10-09,1027,,
2025-10-09,1030,100,110
2025-10-09,1031,110,120
2025-10-09,1032,,
2025-10-09,1034,,
2025-10-09,1050,395,405
2025-10-09,1064,3500,4300
2025-10-09,1065,,
2025-10-09,1066,3000,3200
2025-10-09,1067,2500,2700
2025-10-09,1068,1200,1300
2025-10-09,1069,1300,1400
2025-10-09,1076,1400,1500
2025-10-09,1078,100,120
2025-10-09,1081,4117.65,5058.82
2025-10-09,1082,3333.33,3555.56
2025-10-09,1083,2941.18,3176.47
2025-10-09,1084,1333.33,1444.44
2025-10-09,1085,1444.44,1555.56
2025-10-09,1091,1555.56,1666.67
2025-10-09,1095,,
2025-10-09,1115,325,328
2025-10-09,1116,323,325
2025-10-09,1117,,
2025-10-09,1118,237,240
2025-10-09,1119,272,277
2025-10-09,1121,,
2025-10-09,1123,,
2025-10-09,1127,230,232
2025-10-09,1128,255,257
2025-10-09,1129,260,
2025-10-09,1130,235,255
2025-10-09,1131,170,175
2025-10-09,1134,209,212
2025-10-09,1135,217,222
2025-10-09,1137,,
2025-10-09,1139,293,303
2025-10-09,1140,293,311
2025-10-09,1143,540,580
2025-10-09,1144,670,770
2025-10-09,1145,480,530
2025-10-09,1146,1250,1450
2025-10-09,1147,1150,1350
2025-10-09,1148,850,1050
2025-10-09,1150,910,1110
2025-10-09,1151,1100,1300
2025-10-09,1152,1000,1200
2025-10-09,1153,500,510
2025-10-09,1154,470,490
2025-10-09,1155,230,240
2025-10-09,1156,190,205
2025-10-09,1157,150,160
2025-10-09,1158,60,70
2025-10-09,1161,190,205
2025-10-09,1162,200,215
2025-10-09,1165,,
2025-10-09,1166,,
2025-10-09,1167,262,265
2025-10-09,1170,,
2025-10-09,1171,240,245
2025-10-09,1172,245,250
2025-10-09,1173,240,245
2025-10-09,1174,245,250
2025-10-09,1178,107,117
2025-10-09,1179,117,127
2025-10-09,1182,,
2025-10-09,1183,,
2025-10-09,1184,,
2025-10-09,1185,,
2025-10-09,1186,,
2025-10-09,1188,495,500
2025-10-09,1189,260,270
2025-10-09,1200,160,165
2025-10-09,1201,160,165
2025-10-09,1203,285,290
2025-10-09,1204,235,245
2025-10-09,1205,310,320
2025-10-09,1206,250,255
2025-10-09,1207,,
2025-10-09,1208,190,200
2025-10-09,1209,165,175
2025-10-09,1210,,
2025-10-09,1211,,
2025-10-09,1213,245,255
2025-10-09,1225,,
2025-10-09,1235,,
2025-10-09,1237,,
2025-10-09,1239,,
2025-10-09,1240,,
2025-10-09,1241,105,125
2025-10-09,1242,115,135
2025-10-09,1243,,
2025-10-09,1244,95,105
2025-10-09,1245,,
2025-10-09,1247,,
2025-10-09,1249,,
2025-10-09,1250,,
2025-10-09,1251,110,130
2025-10-09,1252,120,140
2025-10-09,1253,,
2025-10-09,1254,100,110
2025-10-09,1255,108,140
2025-10-09,1259,103,140
2025-10-09,1263,,
2025-10-09,1264,,
2025-10-09,1265,113,150
2025-10-09,1266,150,160
2025-10-09,1267,160,170
2025-10-09,1268,,
2025-10-09,1269,,
2025-10-09,1270,118,150
2025-10-09,1271,155,160
2025-10-09,1272,165,175
2025-10-09,1291,,
2025-10-09,1292,,
2025-10-09,1293,,
2025-10-09,1294,,
2025-10-09,1295,,
2025-10-09,1297,,
2025-10-09,1311,220,225
2025-10-09,1323,,
2025-10-09,1330,,
2025-10-09,1331,,
2025-10-09,1332,,
2025-10-09,1333,,
2025-10-09,1334,340,350
2025-10-09,1335,1400,1600
2025-10-09,1336,800,1000
2025-10-09,1338,282,292
2025-10-09,1339,800,930
2025-10-09,1344,221,225
2025-10-09,1346,,
2025-10-09,1362,295,300
2025-10-09,1367,320,350
2025-10-09,1368,670,690
2025-10-09,1369,360,380
2025-10-09,1372,190,195
2025-10-09,1373,234,236
2025-10-09,1374,257,262
2025-10-09,1375,246,251
2025-10-09,1376,236,241
2025-10-09,1377,,
2025-10-09,1378,270,275
2025-10-09,1379,260,265
2025-10-09,1380,250,255
2025-10-09,1381,282,287
2025-10-09,1382,272,277
2025-10-09,1383,262,267
2025-10-09,1384,267,272
2025-10-09,1385,226,231
2025-10-09,1386,400,415
2025-10-09,1387,365,375
2025-10-09,1388,300,310
2025-10-09,1389,347,357
2025-10-09,1390,332,342
2025-10-09,1391,295,305
2025-10-16,649,221,223
2025-10-16,650,400,405
2025-10-16,684,475,480
2025-10-16,686,129,131
2025-10-16,687,142,143
2025-10-16,688,185,188
2025-10-16,689,148,150
2025-10-16,691,189,191
2025-10-16,692,203,204
2025-10-16,693,245,247
2025-10-16,694,126,128
2025-10-16,695,148,150
2025-10-16,696,171,173
2025-10-16,697,233,235
2025-10-16,711,314,316
2025-10-16,712,,
2025-10-16,713,323,325
2025-10-16,714,321,323
2025-10-16,717,454,457
2025-10-16,718,,
2025-10-16,719,205,210
2025-10-16,720,275,280
2025-10-16,721,262,265
2025-10-16,722,,420
2025-10-16,723,430,435
2025-10-16,735,1767,1832
2025-10-16,736,2637,2662
2025-10-16,739,219,223
2025-10-16,742,304,305
2025-10-16,743,304,305
2025-10-16,744,217,222
2025-10-16,745,247,252
2025-10-16,747,380,410
2025-10-16,769,,
2025-10-16,770,,
2025-10-16,833,,
2025-10-16,849,185,200
2025-10-16,850,190,210
2025-10-16,852,,
2025-10-16,853,,
2025-10-16,860,235,240
2025-10-16,861,240,245
2025-10-16,863,405,410
2025-10-16,864,,
2025-10-16,865,,
2025-10-16,866,,
2025-10-16,871,235,240
2025-10-16,872,240,245
2025-10-16,909,252,254
2025-10-16,924,320,330
2025-10-16,951,540,545
2025-10-16,963,,
2025-10-16,967,205,225
2025-10-16,993,360,380
2025-10-16,994,410,430
2025-10-16,995,460,500
2025-10-16,996,470,510
2025-10-16,998,1035,1040
2025-10-16,999,985,990
2025-10-16,1000,,
2025-10-16,1026,,
2025-10-16,1027,,
2025-10-16,1030,100,110
2025-10-16,1031,110,120
2025-10-16,1032,,
2025-10-16,1034,,
2025-10-16,1050,395,405
2025-10-16,1064,3500,4300
2025-10-16,1065,,
2025-10-16,1066,3000,3200
2025-10-16,1067,2500,2700
2025-10-16,1068,1200,1300
2025-10-16,1069,1300,1400
2025-10-16,1071,4300,4500
2025-10-16,1076,1400,1500
2025-10-16,1078,100,120
2025-10-16,1081,4117.65,5058.82
2025-10-16,1082,3333.33,3555.56
2025-10-16,1083,2941.18,3176.47
2025-10-16,1084,1333.33,1444.44
2025-10-16,1085,1444.44,1555.56
2025-10-16,1087,5058.82,5294.12
2025-10-16,1091,1555.56,1666.67
2025-10-16,1095,,
2025-10-16,1115,330,333
2025-10-16,1116,323,325
2025-10-16,1117,,
2025-10-16,1118,237,240
2025-10-16,1119,272,277
2025-10-16,1121,,
2025-10-16,1123,,
2025-10-16,1127,230,232
2025-10-16,1128,253,255
2025-10-16,1129,255,
2025-10-16,1130,230,247
2025-10-16,1131,170,175
2025-10-16,1134,209,212
2025-10-16,1135,217,222
2025-10-16,1137,,
2025-10-16,1139,293,303
2025-10-16,1140,293,311
2025-10-16,1143,570,610
2025-10-16,1144,670,780
2025-10-16,1145,480,530
2025-10-16,1146,1310,1510
2025-10-16,1147,1150,1350
2025-10-16,1148,850,1050
2025-10-16,1150,910,1110
2025-10-16,1151,1100,1300
2025-10-16,1152,1000,1200
2025-10-16,1153,500,510
2025-10-16,1154,470,490
2025-10-16,1155,230,240
2025-10-16,1156,190,205
2025-10-16,1157,150,160
2025-10-16,1158,60,70
2025-10-16,1161,190,205
2025-10-16,1162,200,215
2025-10-16,1165,,
2025-10-16,1166,,
2025-10-16,1167,262,265
2025-10-16,1170,,
2025-10-16,1171,240,245
2025-10-16,1172,245,250
2025-10-16,1173,240,245
2025-10-16,1174,245,250
2025-10-16,1178,107,117
2025-10-16,1179,117,127
2025-10-16,1182,,
2025-10-16,1183,,
2025-10-16,1184,,
2025-10-16,1185,,
2025-10-16,1186,,
2025-10-16,1188,495,500
2025-10-16,1189,260,270
2025-10-16,1200,160,165
2025-10-16,1201,160,165
2025-10-16,1203,285,290
2025-10-16,1204,235,245
2025-10-16,1205,310,320
2025-10-16,1206,250,255
2025-10-16,1207,,
2025-10-16,1208,190,200
2025-10-16,1209,165,175
2025-10-16,1210,,
2025-10-16,1211,,
2025-10-16,1213,245,255
2025-10-16,1225,,
2025-10-16,1235,,
2025-10-16,1237,,
2025-10-16,1239,,
2025-10-16,1240,,
2025-10-16,1241,105,125
2025-10-16,1242,115,135
2025-10-16,1243,,
2025-10-16,1244,95,105
2025-10-16,1245,,
2025-10-16,1247,,
2025-10-16,1249,,
2025-10-16,1250,,
2025-10-16,1251,110,130
2025-10-16,1252,120,140
2025-10-16,1253,,
2025-10-16,1254,100,110
2025-10-16,1255,108,140
2025-10-16,1259,103,140
2025-10-16,1263,,
2025-10-16,1264,,
2025-10-16,1265,113,150
2025-10-16,1266,150,160
2025-10-16,1267,160,170
2025-10-16,1268,,
2025-10-16,1269,,
2025-10-16,1270,118,150
2025-10-16,1271,155,160
2025-10-16,1272,165,175
2025-10-16,1291,,
2025-10-16,1292,,
2025-10-16,1293,,
2025-10-16,1294,,
2025-10-16,1295,,
2025-10-16,1297,,
2025-10-16,1311,220,225
2025-10-16,1323,,
2025-10-16,1330,,
2025-10-16,1331,,
2025-10-16,1332,,
2025-10-16,1333,,
2025-10-16,1334,340,350
2025-10-16,1335,1400,1620
2025-10-16,1336,800,1000
2025-10-16,1338,282,292
2025-10-16,1339,800,930
2025-10-16,1344,221,225
2025-10-16,1346,,
2025-10-16,1362,295,300
2025-10-16,1367,320,350
2025-10-16,1368,670,690
2025-10-16,1369,360,380
2025-10-16,1372,190,195
2025-10-16,1373,234,236
2025-10-16,1374,257,262
2025-10-16,1375,246,251
2025-10-16,1376,236,241
2025-10-16,1377,,
2025-10-16,1378,272,277
2025-10-16,1379,262,267
2025-10-16,1380,252,257
2025-10-16,1381,284,289
2025-10-16,1382,274,279
2025-10-16,1383,264,269
2025-10-16,1384,267,272
2025-10-16,1385,226,231
2025-10-16,1386,400,415
2025-10-16,1387,365,375
2025-10-16,1388,300,310
2025-10-16,1389,347,357
2025-10-16,1390,332,342
2025-10-16,1391,295,305
2025-10-23,649,221,223
2025-10-23,650,399,404
2025-10-23,684,475,480
2025-10-23,686,136,138
2025-10-23,687,149,150
2025-10-23,688,190,193
2025-10-23,689,158,160
2025-10-23,691,196,198
2025-10-23,692,210,211
2025-10-23,693,250,252
2025-10-23,694,133,135
2025-10-23,695,158,160
2025-10-23,696,179,181
2025-10-23,697,233,235
2025-10-23,711,334,336
2025-10-23,712,,
2025-10-23,713,343,345
2025-10-23,714,341,343
2025-10-23,717,474,477
2025-10-23,718,,
2025-10-23,719,205,210
2025-10-23,720,275,280
2025-10-23,721,262,265
2025-10-23,722,,420
2025-10-23,723,430,435
2025-10-23,735,1757,1822
2025-10-23,736,2637,2662
2025-10-23,739,219,223
2025-10-23,742,304,305
2025-10-23,743,304,305
2025-10-23,744,222,227
2025-10-23,745,247,252
2025-10-23,747,370,400
2025-10-23,769,,
2025-10-23,770,,
2025-10-23,833,,
2025-10-23,849,185,200
2025-10-23,850,190,210
2025-10-23,852,,
2025-10-23,853,,
2025-10-23,860,235,240
2025-10-23,861,240,245
2025-10-23,863,425,430
2025-10-23,864,,
2025-10-23,865,,
2025-10-23,866,,
2025-10-23,871,235,240
2025-10-23,872,240,245
2025-10-23,909,250,252
2025-10-23,924,320,330
2025-10-23,951,540,545
2025-10-23,963,,
2025-10-23,967,205,225
2025-10-23,993,360,380
2025-10-23,994,410,430
2025-10-23,995,460,500
2025-10-23,996,470,510
2025-10-23,998,1035,1040
2025-10-23,999,985,990
2025-10-23,1000,,
2025-10-23,1026,,
2025-10-23,1027,,
2025-10-23,1030,100,110
2025-10-23,1031,110,120
2025-10-23,1032,,
2025-10-23,1034,640,650
2025-10-23,1050,400,410
2025-10-23,1064,3500,4300
2025-10-23,1065,,
2025-10-23,1066,3000,3200
2025-10-23,1067,2500,2700
2025-10-23,1068,1200,1300
2025-10-23,1069,1300,1400
2025-10-23,1071,4300,4500
2025-10-23,1072,,
2025-10-23,1073,,
2025-10-23,1074,,
2025-10-23,1075,,
2025-10-23,1076,1400,1500
2025-10-23,1078,100,120
2025-10-23,1081,4117.65,5058.82
2025-10-23,1082,3333.33,3555.56
2025-10-23,1083,2941.18,3176.47
2025-10-23,1084,1333.33,1444.44
2025-10-23,1085,1444.44,1555.56
2025-10-23,1087,5058.82,5294.12
2025-10-23,1091,1555.56,1666.67
2025-10-23,1095,,
2025-10-23,1115,322,325
2025-10-23,1116,303,305
2025-10-23,1117,,
2025-10-23,1118,237,240
2025-10-23,1119,272,277
2025-10-23,1121,,
2025-10-23,1123,,
2025-10-23,1127,228,230
2025-10-23,1128,248,250
2025-10-23,1129,250,
2025-10-23,1130,230,240
2025-10-23,1131,170,175
2025-10-23,1134,212,215
2025-10-23,1135,220,225
2025-10-23,1137,,
2025-10-23,1139,293,303
2025-10-23,1140,288,306
2025-10-23,1143,585,625
2025-10-23,1144,670,780
2025-10-23,1145,480,530
2025-10-23,1146,1340,1540
2025-10-23,1147,1150,1350
2025-10-23,1148,850,1050
2025-10-23,1150,910,1110
2025-10-23,1151,1150,1350
2025-10-23,1152,1000,1200
2025-10-23,1153,490,500
2025-10-23,1154,450,470
2025-10-23,1155,240,250
2025-10-23,1156,190,205
2025-10-23,1157,150,160
2025-10-23,1158,60,70
2025-10-23,1161,190,205
2025-10-23,1162,200,215
2025-10-23,1165,,
2025-10-23,1166,,
2025-10-23,1167,262,265
2025-10-23,1170,,
2025-10-23,1171,240,245
2025-10-23,1172,245,250
2025-10-23,1173,240,245
2025-10-23,1174,245,250
2025-10-23,1178,107,117
2025-10-23,1179,117,127
2025-10-23,1182,,
2025-10-23,1183,,
2025-10-23,1184,,
2025-10-23,1185,,
2025-10-23,1186,,
2025-10-23,1188,495,500
2025-10-23,1189,260,270
2025-10-23,1200,160,165
2025-10-23,1201,160,165
2025-10-23,1203,285,290
2025-10-23,1204,235,245
2025-10-23,1205,310,320
2025-10-23,1206,250,255
2025-10-23,1207,,
2025-10-23,1208,190,200
2025-10-23,1209,165,175
2025-10-23,1210,,
2025-10-23,1211,,
2025-10-23,1213,245,255
2025-10-23,1225,,
2025-10-23,1235,,
2025-10-23,1237,,
2025-10-23,1239,,
2025-10-23,1240,,
2025-10-23,1241,105,125
2025-10-23,1242,115,135
2025-10-23,1243,,
2025-10-23,1244,95,105
2025-10-23,1245,,
2025-10-23,1247,,
2025-10-23,1249,,
2025-10-23,1250,,
2025-10-23,1251,110,130
2025-10-23,1252,120,140
2025-10-23,1253,,
2025-10-23,1254,100,110
2025-10-23,1255,108,140
2025-10-23,1259,103,140
2025-10-23,1263,,
2025-10-23,1264,,
2025-10-23,1265,113,150
2025-10-23,1266,150,160
2025-10-23,1267,160,170
2025-10-23,1268,,
2025-10-23,1269,,
2025-10-23,1270,118,150
2025-10-23,1271,155,160
2025-10-23,1272,165,175
2025-10-23,1291,,
2025-10-23,1292,,
2025-10-23,1293,,
2025-10-23,1294,,
2025-10-23,1295,,
2025-10-23,1297,,
2025-10-23,1311,220,225
2025-10-23,1323,,
2025-10-23,1330,,
2025-10-23,1331,,
2025-10-23,1332,,
2025-10-23,1333,,
2025-10-23,1334,340,350
2025-10-23,1335,1400,1620
2025-10-23,1336,800,1000
2025-10-23,1338,282,292
2025-10-23,1339,820,950
2025-10-23,1344,224,228
2025-10-23,1346,,
2025-10-23,1362,295,300
2025-10-23,1367,320,350
2025-10-23,1368,680,700
2025-10-23,1369,360,380
2025-10-23,1372,190,195
2025-10-23,1373,234,236
2025-10-23,1374,257,262
2025-10-23,1375,246,251
2025-10-23,1376,236,241
2025-10-23,1377,,
2025-10-23,1378,274,279
2025-10-23,1379,264,269
2025-10-23,1380,254,259
2025-10-23,1381,286,291
2025-10-23,1382,276,281
2025-10-23,1383,266,271
2025-10-23,1384,267,272
2025-10-23,1385,226,231
2025-10-23,1386,410,425
2025-10-23,1387,380,390
2025-10-23,1388,305,315
2025-10-23,1389,350,360
2025-10-23,1390,335,345
2025-10-23,1391,295,305
2025-10-30,649,220,222
2025-10-30,650,410,415
2025-10-30,684,475,480
2025-10-30,686,148,150
2025-10-30,687,161,162
2025-10-30,688,197,200
2025-10-30,689,168,170
2025-10-30,691,208,210
2025-10-30,692,222,223
2025-10-30,693,257,259
2025-10-30,694,145,147
2025-10-30,695,168,170
2025-10-30,696,188,190
2025-10-30,697,233,235
2025-10-30,711,374,376
2025-10-30,712,,
2025-10-30,713,383,385
2025-10-30,714,381,383
2025-10-30,717,514,517
2025-10-30,718,,
2025-10-30,719,205,210
2025-10-30,720,275,280
2025-10-30,721,267,270
2025-10-30,722,,430
2025-10-30,723,435,440
2025-10-30,735,1757,1822
2025-10-30,736,2637,2662
2025-10-30,739,219,223
2025-10-30,742,304,305
2025-10-30,743,304,305
2025-10-30,744,227,232
2025-10-30,745,247,252
2025-10-30,747,370,400
2025-10-30,769,,
2025-10-30,770,,
2025-10-30,833,,
2025-10-30,849,185,200
2025-10-30,850,190,210
2025-10-30,852,,
2025-10-30,853,,
2025-10-30,860,235,240
2025-10-30,861,240,245
2025-10-30,863,465,470
2025-10-30,864,,
2025-10-30,865,,
2025-10-30,866,,
2025-10-30,871,235,240
2025-10-30,872,240,245
2025-10-30,909,250,252
2025-10-30,924,320,330
2025-10-30,951,540,545
2025-10-30,963,,
2025-10-30,967,210,230
2025-10-30,993,360,380
2025-10-30,994,410,430
2025-10-30,995,460,500
2025-10-30,996,470,510
2025-10-30,998,1035,1040
2025-10-30,999,985,990
2025-10-30,1000,,
2025-10-30,1026,,
2025-10-30,1027,,
2025-10-30,1030,100,110
2025-10-30,1031,110,120
2025-10-30,1032,,
2025-10-30,1034,645,655
2025-10-30,1050,400,410
2025-10-30,1064,3500,4100
2025-10-30,1065,,
2025-10-30,1066,3000,3200
2025-10-30,1067,2500,2700
2025-10-30,1068,1200,1300
2025-10-30,1069,1300,1400
2025-10-30,1071,4300,4300
2025-10-30,1072,,
2025-10-30,1073,,
2025-10-30,1074,,
2025-10-30,1075,,
2025-10-30,1076,1400,1500
2025-10-30,1078,100,120
2025-10-30,1081,4117.65,4823.53
2025-10-30,1082,3333.33,3555.56
2025-10-30,1083,2941.18,3176.47
2025-10-30,1084,1333.33,1444.44
2025-10-30,1085,1444.44,1555.56
2025-10-30,1087,5058.82,5058.82
2025-10-30,1091,1555.56,1666.67
2025-10-30,1095,,
2025-10-30,1115,,
2025-10-30,1116,298,300
2025-10-30,1117,,
2025-10-30,1118,237,240
2025-10-30,1119,272,277
2025-10-30,1121,,
2025-10-30,1123,,
2025-10-30,1127,228,230
2025-10-30,1128,244,246
2025-10-30,1129,246,
2025-10-30,1130,230,238
2025-10-30,1131,170,175
2025-10-30,1134,215,218
2025-10-30,1135,223,228
2025-10-30,1137,,
2025-10-30,1139,293,303
2025-10-30,1140,288,306
2025-10-30,1143,585,625
2025-10-30,1144,670,780
2025-10-30,1145,480,530
2025-10-30,1146,1340,1540
2025-10-30,1147,1150,1350
2025-10-30,1148,870,1070
2025-10-30,1150,910,1110
2025-10-30,1151,1150,1350
2025-10-30,1152,1020,1220
2025-10-30,1153,490,500
2025-10-30,1154,450,470
2025-10-30,1155,245,255
2025-10-30,1156,190,205
2025-10-30,1157,150,160
2025-10-30,1158,60,70
2025-10-30,1161,190,205
2025-10-30,1162,200,215
2025-10-30,1165,,
2025-10-30,1166,,
2025-10-30,1167,262,265
2025-10-30,1170,,
2025-10-30,1171,240,245
2025-10-30,1172,245,250
2025-10-30,1173,240,245
2025-10-30,1174,245,250
2025-10-30,1178,107,117
2025-10-30,1179,117,127
2025-10-30,1182,,
2025-10-30,1183,,
2025-10-30,1184,,
2025-10-30,1185,,
2025-10-30,1186,,
2025-10-30,1188,515,520
2025-10-30,1189,260,270
2025-10-30,1200,160,165
2025-10-30,1201,160,165
2025-10-30,1203,285,290
2025-10-30,1204,235,245
2025-10-30,1205,310,320
2025-10-30,1206,250,255
2025-10-30,1207,,
2025-10-30,1208,190,200
2025-10-30,1209,165,175
2025-10-30,1210,,
2025-10-30,1211,,
2025-10-30,1213,245,255
2025-10-30,1225,,
2025-10-30,1235,,
2025-10-30,1237,,
2025-10-30,1239,,
2025-10-30,1240,,
2025-10-30,1241,105,125
2025-10-30,1242,115,135
2025-10-30,1243,,
2025-10-30,1244,95,105
2025-10-30,1245,,
2025-10-30,1247,,
2025-10-30,1249,,
2025-10-30,1250,,
2025-10-30,1251,110,130
2025-10-30,1252,120,140
2025-10-30,1253,,
2025-10-30,1254,100,110
2025-10-30,1255,108,140
2025-10-30,1259,103,140
2025-10-30,1263,,
2025-10-30,1264,,
2025-10-30,1265,113,150
2025-10-30,1266,150,160
2025-10-30,1267,160,170
2025-10-30,1268,,
2025-10-30,1269,,
2025-10-30,1270,118,150
2025-10-30,1271,155,160
2025-10-30,1272,165,175
2025-10-30,1291,,
2025-10-30,1292,,
2025-10-30,1293,,
2025-10-30,1294,,
2025-10-30,1295,,
2025-10-30,1297,,
2025-10-30,1311,220,225
2025-10-30,1323,,
2025-10-30,1330,,
2025-10-30,1331,,
2025-10-30,1332,,
2025-10-30,1333,,
2025-10-30,1334,340,350
2025-10-30,1335,1400,1620
2025-10-30,1336,820,1020
2025-10-30,1338,282,292
2025-10-30,1339,820,950
2025-10-30,1344,227,231
2025-10-30,1346,,
2025-10-30,1362,295,300
2025-10-30,1367,325,355
2025-10-30,1368,700,720
2025-10-30,1369,360,380
2025-10-30,1372,190,195
2025-10-30,1373,234,238
2025-10-30,1374,257,262
2025-10-30,1375,246,251
2025-10-30,1376,236,241
2025-10-30,1377,,
2025-10-30,1378,276,281
2025-10-30,1379,266,271
2025-10-30,1380,256,261
2025-10-30,1381,288,293
2025-10-30,1382,278,283
2025-10-30,1383,268,273
2025-10-30,1384,267,272
2025-10-30,1385,226,231
2025-10-30,1386,415,430
2025-10-30,1387,380,390
2025-10-30,1388,305,315
2025-10-30,1389,350,360
2025-10-30,1390,335,345
2025-10-30,1391,295,305
2025-11-06,649,220,222
2025-11-06,650,420,425
2025-11-06,684,475,480
2025-11-06,686,158,160
2025-11-06,687,171,172
2025-11-06,688,207,210
2025-11-06,689,176,178
2025-11-06,691,218,220
2025-11-06,692,232,233
2025-11-06,693,267,269
2025-11-06,694,155,157
2025-11-06,695,176,178
2025-11-06,696,198,200
2025-11-06,697,233,235
2025-11-06,711,389,391
2025-11-06,712,,
2025-11-06,713,398,400
2025-11-06,714,391,393
2025-11-06,717,529,532
2025-11-06,718,,
2025-11-06,719,205,210
2025-11-06,720,277,282
2025-11-06,721,269,272
2025-11-06,722,,440
2025-11-06,723,445,450
2025-11-06,735,1807,1872
2025-11-06,736,2637,2662
2025-11-06,739,214,218
2025-11-06,742,304,305
2025-11-06,743,304,305
2025-11-06,744,227,232
2025-11-06,745,247,252
2025-11-06,747,370,400
2025-11-06,769,,
2025-11-06,770,,
2025-11-06,833,,
2025-11-06,849,185,200
2025-11-06,850,190,210
2025-11-06,852,,
2025-11-06,853,,
2025-11-06,860,235,240
2025-11-06,861,240,245
2025-11-06,863,480,485
2025-11-06,864,,
2025-11-06,865,,
2025-11-06,866,,
2025-11-06,871,235,240
2025-11-06,872,240,245
2025-11-06,909,250,252
2025-11-06,924,320,330
2025-11-06,951,540,545
2025-11-06,963,,
2025-11-06,967,220,240
2025-11-06,993,360,380
2025-11-06,994,410,430
2025-11-06,995,460,500
2025-11-06,996,470,510
2025-11-06,998,1025,1030
2025-11-06,999,985,990
2025-11-06,1000,,
2025-11-06,1026,,
2025-11-06,1027,,
2025-11-06,1030,100,110
2025-11-06,1031,110,120
2025-11-06,1032,,
2025-11-06,1034,655,665
2025-11-06,1050,400,410
2025-11-06,1064,3500,4100
2025-11-06,1065,,
2025-11-06,1066,3000,3200
2025-11-06,1067,2500,2700
2025-11-06,1068,1200,1300
2025-11-06,1069,1300,1400
2025-11-06,1071,4300,4300
2025-11-06,1072,,
2025-11-06,1073,,
2025-11-06,1074,,
2025-11-06,1075,,
2025-11-06,1076,1400,1500
2025-11-06,1078,100,120
2025-11-06,1081,4117.65,4823.53
2025-11-06,1082,3333.33,3555.56
2025-11-06,1083,2941.18,3176.47
2025-11-06,1084,1333.33,1444.44
2025-11-06,1085,1444.44,1555.56
2025-11-06,1087,5058.82,5058.82
2025-11-06,1091,1555.56,1666.67
2025-11-06,1095,,
2025-11-06,1115,,
2025-11-06,1116,301,303
2025-11-06,1117,,
2025-11-06,1118,237,240
2025-11-06,1119,272,277
2025-11-06,1121,,
2025-11-06,1123,,
2025-11-06,1127,228,230
2025-11-06,1128,244,246
2025-11-06,1129,248,
2025-11-06,1130,232,240
2025-11-06,1131,165,170
2025-11-06,1134,217,220
2025-11-06,1135,225,230
2025-11-06,1137,,
2025-11-06,1139,293,303
2025-11-06,1140,288,306
2025-11-06,1143,585,625
2025-11-06,1144,670,790
2025-11-06,1145,480,530
2025-11-06,1146,1340,1540
2025-11-06,1147,1150,1350
2025-11-06,1148,870,1070
2025-11-06,1150,900,1100
2025-11-06,1151,1150,1350
2025-11-06,1152,1020,1220
2025-11-06,1153,490,500
2025-11-06,1154,450,460
2025-11-06,1155,245,255
2025-11-06,1156,190,205
2025-11-06,1157,155,165
2025-11-06,1158,60,70
2025-11-06,1161,190,205
2025-11-06,1162,200,215
2025-11-06,1165,,
2025-11-06,1166,,
2025-11-06,1167,262,265
2025-11-06,1170,,
2025-11-06,1171,240,245
2025-11-06,1172,245,250
2025-11-06,1173,240,245
2025-11-06,1174,245,250
2025-11-06,1178,107,117
2025-11-06,1179,117,127
2025-11-06,1182,,
2025-11-06,1183,,
2025-11-06,1184,,
2025-11-06,1185,,
2025-11-06,1186,,
2025-11-06,1188,,
2025-11-06,1189,260,270
2025-11-06,1200,160,165
2025-11-06,1201,160,165
2025-11-06,1203,285,290
2025-11-06,1204,235,245
2025-11-06,1205,310,320
2025-11-06,1206,250,255
2025-11-06,1207,,
2025-11-06,1208,190,200
2025-11-06,1209,165,175
2025-11-06,1210,,
2025-11-06,1211,,
2025-11-06,1213,245,255
2025-11-06,1225,,
2025-11-06,1235,,
2025-11-06,1237,,
2025-11-06,1239,,
2025-11-06,1240,,
2025-11-06,1241,105,125
2025-11-06,1242,115,135
2025-11-06,1243,,
2025-11-06,1244,95,105
2025-11-06,1245,,
2025-11-06,1247,,
2025-11-06,1249,,
2025-11-06,1250,,
2025-11-06,1251,110,130
2025-11-06,1252,120,140
2025-11-06,1253,,
2025-11-06,1254,100,110
2025-11-06,1255,108,140
2025-11-06,1259,103,140
2025-11-06,1263,,
2025-11-06,1264,,
2025-11-06,1265,113,150
2025-11-06,1266,150,160
2025-11-06,1267,160,170
2025-11-06,1268,,
2025-11-06,1269,,
2025-11-06,1270,118,150
2025-11-06,1271,155,160
2025-11-06,1272,165,175
2025-11-06,1291,,
2025-11-06,1292,,
2025-11-06,1293,,
2025-11-06,1294,,
2025-11-06,1295,,
2025-11-06,1297,,
2025-11-06,1311,220,225
2025-11-06,1323,,
2025-11-06,1330,,
2025-11-06,1331,,
2025-11-06,1332,,
2025-11-06,1333,,
2025-11-06,1334,340,350
2025-11-06,1335,1400,1640
2025-11-06,1336,820,1020
2025-11-06,1338,282,292
2025-11-06,1339,820,950
2025-11-06,1344,229,233
2025-11-06,1346,,
2025-11-06,1362,295,300
2025-11-06,1367,325,355
2025-11-06,1368,,
2025-11-06,1369,360,380
2025-11-06,1372,190,195
2025-11-06,1373,234,240
2025-11-06,1374,257,262
2025-11-06,1375,246,251
2025-11-06,1376,236,241
2025-11-06,1377,,
2025-11-06,1378,276,281
2025-11-06,1379,266,271
2025-11-06,1380,256,261
2025-11-06,1381,288,293
2025-11-06,1382,278,283
2025-11-06,1383,268,273
2025-11-06,1384,267,272
2025-11-06,1385,226,231
2025-11-06,1386,415,430
2025-11-06,1387,380,390
2025-11-06,1388,305,315
2025-11-06,1389,350,360
2025-11-06,1390,335,345
2025-11-06,1391,295,305
2025-11-13,649,220,222
2025-11-13,650,420,425
2025-11-13,684,475,480
2025-11-13,686,168,170
2025-11-13,687,181,182
2025-11-13,688,215,218
2025-11-13,689,182,184
2025-11-13,691,228,230
2025-11-13,692,242,243
2025-11-13,693,275,277
2025-11-13,694,165,167
2025-11-13,695,182,184
2025-11-13,696,206,208
2025-11-13,697,233,235
2025-11-13,711,387,389
2025-11-13,712,,
2025-11-13,713,396,398
2025-11-13,714,386,388
2025-11-13,717,527,530
2025-11-13,718,,
2025-11-13,719,205,210
2025-11-13,720,277,282
2025-11-13,721,269,272
2025-11-13,722,,440
2025-11-13,723,445,450
2025-11-13,735,1807,1872
2025-11-13,736,2637,2662
2025-11-13,739,214,218
2025-11-13,742,304,305
2025-11-13,743,304,305
2025-11-13,744,227,232
2025-11-13,745,247,252
2025-11-13,747,370,400
2025-11-13,769,,
2025-11-13,770,,
2025-11-13,833,,
2025-11-13,849,185,200
2025-11-13,850,190,210
2025-11-13,852,,
2025-11-13,853,,
2025-11-13,860,235,240
2025-11-13,861,240,245
2025-11-13,863,478,483
2025-11-13,864,,
2025-11-13,865,,
2025-11-13,866,,
2025-11-13,871,235,240
2025-11-13,872,240,245
2025-11-13,909,250,252
2025-11-13,924,320,330
2025-11-13,951,540,545
2025-11-13,963,,
2025-11-13,967,230,250
2025-11-13,993,360,380
2025-11-13,994,410,430
2025-11-13,995,460,500
2025-11-13,996,470,510
2025-11-13,998,1025,1030
2025-11-13,999,985,990
2025-11-13,1000,,
2025-11-13,1026,,
2025-11-13,1027,,
2025-11-13,1030,100,110
2025-11-13,1031,110,120
2025-11-13,1032,,
2025-11-13,1034,680,690
2025-11-13,1050,405,415
2025-11-13,1064,3500,4050
2025-11-13,1065,,
2025-11-13,1066,3000,3200
2025-11-13,1067,2500,2700
2025-11-13,1068,1200,1300
2025-11-13,1069,1300,1400
2025-11-13,1071,4300,4300
2025-11-13,1072,,
2025-11-13,1073,,
2025-11-13,1074,,
2025-11-13,1075,,
2025-11-13,1076,1400,1500
2025-11-13,1078,100,120
2025-11-13,1081,4117.65,4764.71
2025-11-13,1082,3333.33,3555.56
2025-11-13,1083,2941.18,3176.47
2025-11-13,1084,1333.33,1444.44
2025-11-13,1085,1444.44,1555.56
2025-11-13,1087,5058.82,5058.82
2025-11-13,1091,1555.56,1666.67
2025-11-13,1095,,
2025-11-13,1115,,
2025-11-13,1116,299,301
2025-11-13,1117,,
2025-11-13,1118,237,240
2025-11-13,1119,272,277
2025-11-13,1121,,
2025-11-13,1123,,
2025-11-13,1127,228,230
2025-11-13,1128,244,246
2025-11-13,1129,248,
2025-11-13,1130,230,237
2025-11-13,1131,165,170
2025-11-13,1134,219,222
2025-11-13,1135,227,232
2025-11-13,1137,,
2025-11-13,1139,293,303
2025-11-13,1140,288,306
2025-11-13,1143,585,625
2025-11-13,1144,670,790
2025-11-13,1145,480,530
2025-11-13,1146,1340,1540
2025-11-13,1147,1150,1350
2025-11-13,1148,870,1070
2025-11-13,1150,900,1100
2025-11-13,1151,1150,1350
2025-11-13,1152,1020,1220
2025-11-13,1153,485,495
2025-11-13,1154,445,455
2025-11-13,1155,245,255
2025-11-13,1156,190,205
2025-11-13,1157,155,165
2025-11-13,1158,60,70
2025-11-13,1161,190,205
2025-11-13,1162,200,215
2025-11-13,1165,,
2025-11-13,1166,,
2025-11-13,1167,262,265
2025-11-13,1170,,
2025-11-13,1171,240,245
2025-11-13,1172,245,250
2025-11-13,1173,240,245
2025-11-13,1174,245,250
2025-11-13,1178,107,117
2025-11-13,1179,117,127
2025-11-13,1182,,
2025-11-13,1183,,
2025-11-13,1184,,
2025-11-13,1185,,
2025-11-13,1186,,
2025-11-13,1188,,
2025-11-13,1189,260,270
2025-11-13,1200,160,165
2025-11-13,1201,160,165
2025-11-13,1203,285,290
2025-11-13,1204,235,245
2025-11-13,1205,310,320
2025-11-13,1206,250,255
2025-11-13,1207,,
2025-11-13,1208,190,200
2025-11-13,1209,165,175
2025-11-13,1210,,
2025-11-13,1211,,
2025-11-13,1213,245,255
2025-11-13,1225,,
2025-11-13,1235,,
2025-11-13,1237,,
2025-11-13,1239,,
2025-11-13,1240,,
2025-11-13,1241,105,125
2025-11-13,1242,115,135
2025-11-13,1243,,
2025-11-13,1244,95,105
2025-11-13,1245,,
2025-11-13,1247,,
2025-11-13,1249,,
2025-11-13,1250,,
2025-11-13,1251,110,130
2025-11-13,1252,120,140
2025-11-13,1253,,
2025-11-13,1254,100,110
2025-11-13,1255,108,140
2025-11-13,1259,103,140
2025-11-13,1263,,
2025-11-13,1264,,
2025-11-13,1265,113,150
2025-11-13,1266,150,160
2025-11-13,1267,160,170
2025-11-13,1268,,
2025-11-13,1269,,
2025-11-13,1270,118,150
2025-11-13,1271,155,160
2025-11-13,1272,165,175
2025-11-13,1291,,
2025-11-13,1292,,
2025-11-13,1293,,
2025-11-13,1294,,
2025-11-13,1295,,
2025-11-13,1297,,
2025-11-13,1311,220,225
2025-11-13,1323,,
2025-11-13,1330,,
2025-11-13,1331,,
2025-11-13,1332,,
2025-11-13,1333,,
2025-11-13,1334,340,350
2025-11-13,1335,1400,1640
2025-11-13,1336,820,1020
2025-11-13,1338,285,295
2025-11-13,1339,820,950
2025-11-13,1344,231,235
2025-11-13,1346,,
2025-11-13,1362,295,300
2025-11-13,1367,325,355
2025-11-13,1368,,
2025-11-13,1369,360,380
2025-11-13,1372,190,195
2025-11-13,1373,234,242
2025-11-13,1374,257,262
2025-11-13,1375,246,251
2025-11-13,1376,236,241
2025-11-13,1377,,
2025-11-13,1378,276,281
2025-11-13,1379,266,271
2025-11-13,1380,256,261
2025-11-13,1381,288,293
2025-11-13,1382,278,283
2025-11-13,1383,268,273
2025-11-13,1384,270,275
2025-11-13,1385,226,231
2025-11-13,1386,415,430
2025-11-13,1387,380,390
2025-11-13,1388,305,315
2025-11-13,1389,350,360
2025-11-13,1390,335,345
2025-11-13,1391,295,305
2025-11-20,649,220,222
2025-11-20,650,420,425
2025-11-20,684,475,480
2025-11-20,686,178,180
2025-11-20,687,191,192
2025-11-20,688,220,223
2025-11-20,689,187,189
2025-11-20,691,238,240
2025-11-20,692,252,253
2025-11-20,693,280,282
2025-11-20,694,175,177
2025-11-20,695,187,189
2025-11-20,696,214,216
2025-11-20,697,236,238
2025-11-20,711,377,379
2025-11-20,712,,
2025-11-20,713,386,388
2025-11-20,714,376,378
2025-11-20,717,517,520
2025-11-20,718,,
2025-11-20,719,205,210
2025-11-20,720,275,280
2025-11-20,721,269,272
2025-11-20,722,,440
2025-11-20,723,445,450
2025-11-20,735,1807,1872
2025-11-20,736,2637,2662
2025-11-20,739,217,221
2025-11-20,742,304,305
2025-11-20,743,304,305
2025-11-20,744,234,239
2025-11-20,745,250,255
2025-11-20,747,370,400
2025-11-20,769,,
2025-11-20,770,,
2025-11-20,833,,
2025-11-20,849,185,200
2025-11-20,850,190,210
2025-11-20,852,,
2025-11-20,853,,
2025-11-20,860,235,240
2025-11-20,861,240,245
2025-11-20,863,468,473
2025-11-20,864,,
2025-11-20,865,,
2025-11-20,866,,
2025-11-20,871,235,240
2025-11-20,872,240,245
2025-11-20,909,250,252
2025-11-20,924,320,330
2025-11-20,951,540,545
2025-11-20,963,,
2025-11-20,967,240,260
2025-11-20,993,360,380
2025-11-20,994,410,430
2025-11-20,995,460,500
2025-11-20,996,470,510
2025-11-20,998,1025,1030
2025-11-20,999,985,990
2025-11-20,1000,,
2025-11-20,1026,,
2025-11-20,1027,,
2025-11-20,1030,100,110
2025-11-20,1031,110,120
2025-11-20,1032,,
2025-11-20,1034,695,705
2025-11-20,1050,405,415
2025-11-20,1064,3500,4050
2025-11-20,1065,,
2025-11-20,1066,3000,3200
2025-11-20,1067,2500,2700
2025-11-20,1068,1200,1300
2025-11-20,1069,1300,1400
2025-11-20,1071,4300,4300
2025-11-20,1072,,
2025-11-20,1073,,
2025-11-20,1074,,
2025-11-20,1075,,
2025-11-20,1076,1400,1500
2025-11-20,1078,100,120
2025-11-20,1081,4117.65,4764.71
2025-11-20,1082,3333.33,3555.56
2025-11-20,1083,2941.18,3176.47
2025-11-20,1084,1333.33,1444.44
2025-11-20,1085,1444.44,1555.56
2025-11-20,1087,5058.82,5058.82
2025-11-20,1091,1555.56,1666.67
2025-11-20,1095,,
2025-11-20,1115,,
2025-11-20,1116,299,301
2025-11-20,1117,,
2025-11-20,1118,237,240
2025-11-20,1119,272,277
2025-11-20,1121,,
2025-11-20,1123,,
2025-11-20,1127,228,230
2025-11-20,1128,244,246
2025-11-20,1129,248,
2025-11-20,1130,232,237
2025-11-20,1131,165,170
2025-11-20,1134,221,224
2025-11-20,1135,229,234
2025-11-20,1137,,
2025-11-20,1139,296,306
2025-11-20,1140,291,309
2025-11-20,1143,585,625
2025-11-20,1144,670,790
2025-11-20,1145,480,530
2025-11-20,1146,1340,1540
2025-11-20,1147,1150,1350
2025-11-20,1148,870,1070
2025-11-20,1150,900,1100
2025-11-20,1151,1150,1350
2025-11-20,1152,1020,1220
2025-11-20,1153,480,490
2025-11-20,1154,440,450
2025-11-20,1155,240,250
2025-11-20,1156,190,205
2025-11-20,1157,155,165
2025-11-20,1158,60,70
2025-11-20,1161,190,205
2025-11-20,1162,200,215
2025-11-20,1165,,
2025-11-20,1166,,
2025-11-20,1167,262,265
2025-11-20,1170,,
2025-11-20,1171,240,245
2025-11-20,1172,245,250
2025-11-20,1173,240,245
2025-11-20,1174,245,250
2025-11-20,1178,107,117
2025-11-20,1179,117,127
2025-11-20,1182,,
2025-11-20,1183,,
2025-11-20,1184,,
2025-11-20,1185,,
2025-11-20,1186,,
2025-11-20,1188,,
2025-11-20,1189,260,270
2025-11-20,1200,160,165
2025-11-20,1201,160,165
2025-11-20,1203,285,290
2025-11-20,1204,235,245
2025-11-20,1205,310,320
2025-11-20,1206,250,255
2025-11-20,1207,,
2025-11-20,1208,190,200
2025-11-20,1209,165,175
2025-11-20,1210,,
2025-11-20,1211,,
2025-11-20,1213,245,255
2025-11-20,1225,,
2025-11-20,1235,,
2025-11-20,1237,,
2025-11-20,1239,,
2025-11-20,1240,,
2025-11-20,1241,105,125
2025-11-20,1242,115,135
2025-11-20,1243,,
2025-11-20,1244,90,105
2025-11-20,1245,,
2025-11-20,1247,,
2025-11-20,1249,,
2025-11-20,1250,,
2025-11-20,1251,110,130
2025-11-20,1252,120,140
2025-11-20,1253,,
2025-11-20,1254,95,110
2025-11-20,1255,108,140
2025-11-20,1259,103,140
2025-11-20,1263,,
2025-11-20,1264,,
2025-11-20,1265,113,150
2025-11-20,1266,150,160
2025-11-20,1267,160,170
2025-11-20,1268,,
2025-11-20,1269,,
2025-11-20,1270,118,150
2025-11-20,1271,155,160
2025-11-20,1272,165,175
2025-11-20,1291,,
2025-11-20,1292,,
2025-11-20,1293,,
2025-11-20,1294,,
2025-11-20,1295,,
2025-11-20,1297,,
2025-11-20,1311,220,225
2025-11-20,1323,,
2025-11-20,1330,,
2025-11-20,1331,,
2025-11-20,1332,,
2025-11-20,1333,,
2025-11-20,1334,340,350
2025-11-20,1335,1400,1640
2025-11-20,1336,820,1020
2025-11-20,1338,285,295
2025-11-20,1339,820,950
2025-11-20,1344,233,237
2025-11-20,1346,,
2025-11-20,1362,295,300
2025-11-20,1367,335,355
2025-11-20,1368,,
2025-11-20,1369,355,380
2025-11-20,1372,190,195
2025-11-20,1373,234,242
2025-11-20,1374,257,262
2025-11-20,1375,246,251
2025-11-20,1376,238,243
2025-11-20,1377,,
2025-11-20,1378,276,281
2025-11-20,1379,266,271
2025-11-20,1380,256,261
2025-11-20,1381,288,293
2025-11-20,1382,278,283
2025-11-20,1383,268,273
2025-11-20,1384,270,275
2025-11-20,1385,228,233
2025-11-20,1386,415,430
2025-11-20,1387,380,390
2025-11-20,1388,305,315
2025-11-20,1389,350,360
2025-11-20,1390,335,345
2025-11-20,1391,300,310
2025-11-27,649,220,222
2025-11-27,650,415,420
2025-11-27,684,475,480
2025-11-27,686,184,186
2025-11-27,687,197,198
2025-11-27,688,224,227
2025-11-27,689,187,189
2025-11-27,691,244,246
2025-11-27,692,258,259
2025-11-27,693,284,286
2025-11-27,694,181,183
2025-11-27,695,187,189
2025-11-27,696,218,220
2025-11-27,697,236,238
2025-11-27,711,367,369
2025-11-27,712,,
2025-11-27,713,376,378
2025-11-27,714,366,368
2025-11-27,717,507,510
2025-11-27,718,,
2025-11-27,719,205,210
2025-11-27,720,272,277
2025-11-27,721,269,272
2025-11-27,722,,433
2025-11-27,723,440,445
2025-11-27,735,1847,1902
2025-11-27,736,2687,2712
2025-11-27,739,217,221
2025-11-27,742,304,305
2025-11-27,743,304,305
2025-11-27,744,234,239
2025-11-27,745,253,258
2025-11-27,747,370,400
2025-11-27,769,,
2025-11-27,770,,
2025-11-27,833,,
2025-11-27,849,185,200
2025-11-27,850,190,210
2025-11-27,852,,
2025-11-27,853,,
2025-11-27,860,235,240
2025-11-27,861,240,245
2025-11-27,863,458,463
2025-11-27,864,,
2025-11-27,865,,
2025-11-27,866,,
2025-11-27,871,235,240
2025-11-27,872,240,245
2025-11-27,909,250,252
2025-11-27,924,320,330
2025-11-27,951,540,545
2025-11-27,963,,
2025-11-27,967,245,265
2025-11-27,993,360,380
2025-11-27,994,410,430
2025-11-27,995,460,500
2025-11-27,996,470,510
2025-11-27,998,1015,1020
2025-11-27,999,975,980
2025-11-27,1000,,
2025-11-27,1026,,
2025-11-27,1027,,
2025-11-27,1030,100,110
2025-11-27,1031,110,120
2025-11-27,1032,,
2025-11-27,1034,710,720
2025-11-27,1050,405,415
2025-11-27,1064,3500,4050
2025-11-27,1065,,
2025-11-27,1066,3000,3200
2025-11-27,1067,2500,2700
2025-11-27,1068,1200,1300
2025-11-27,1069,1300,1400
2025-11-27,1071,,
2025-11-27,1072,,
2025-11-27,1073,,
2025-11-27,1074,,
2025-11-27,1075,,
2025-11-27,1076,1400,1500
2025-11-27,1078,100,120
2025-11-27,1081,4117.65,4764.71
2025-11-27,1082,3333.33,3555.56
2025-11-27,1083,2941.18,3176.47
2025-11-27,1084,1333.33,1444.44
2025-11-27,1085,1444.44,1555.56
2025-11-27,1087,,
2025-11-27,1091,1555.56,1666.67
2025-11-27,1095,,
2025-11-27,1115,,
2025-11-27,1116,299,301
2025-11-27,1117,,
2025-11-27,1118,237,240
2025-11-27,1119,272,277
2025-11-27,1121,,
2025-11-27,1123,,
2025-11-27,1127,228,230
2025-11-27,1128,244,246
2025-11-27,1129,248,
2025-11-27,1130,232,235
2025-11-27,1131,165,170
2025-11-27,1134,223,226
2025-11-27,1135,231,236
2025-11-27,1137,,
2025-11-27,1139,296,306
2025-11-27,1140,291,309
2025-11-27,1143,585,625
2025-11-27,1144,670,790
2025-11-27,1145,480,530
2025-11-27,1146,1340,1540
2025-11-27,1147,1150,1350
2025-11-27,1148,870,1070
2025-11-27,1150,900,1100
2025-11-27,1151,1150,1350
2025-11-27,1152,1020,1220
2025-11-27,1153,480,490
2025-11-27,1154,440,450
2025-11-27,1155,235,245
2025-11-27,1156,190,205
2025-11-27,1157,155,165
2025-11-27,1158,60,70
2025-11-27,1161,190,205
2025-11-27,1162,200,215
2025-11-27,1165,,
2025-11-27,1166,,
2025-11-27,1167,262,265
2025-11-27,1170,,
2025-11-27,1171,240,245
2025-11-27,1172,245,250
2025-11-27,1173,240,245
2025-11-27,1174,245,250
2025-11-27,1178,107,117
2025-11-27,1179,117,127
2025-11-27,1182,,
2025-11-27,1183,,
2025-11-27,1184,,
2025-11-27,1185,,
2025-11-27,1186,,
2025-11-27,1188,,
2025-11-27,1189,260,270
2025-11-27,1200,160,165
2025-11-27,1201,160,165
2025-11-27,1203,285,290
2025-11-27,1204,235,245
2025-11-27,1205,310,320
2025-11-27,1206,250,255
2025-11-27,1207,,
2025-11-27,1208,190,200
2025-11-27,1209,165,175
2025-11-27,1210,,
2025-11-27,1211,,
2025-11-27,1213,245,255
2025-11-27,1225,,
2025-11-27,1235,,
2025-11-27,1237,,
2025-11-27,1239,,
2025-11-27,1240,,
2025-11-27,1241,105,125
2025-11-27,1242,115,135
2025-11-27,1243,,
2025-11-27,1244,90,105
2025-11-27,1245,,
2025-11-27,1247,,
2025-11-27,1249,,
2025-11-27,1250,,
2025-11-27,1251,110,130
2025-11-27,1252,120,140
2025-11-27,1253,,
2025-11-27,1254,95,110
2025-11-27,1255,108,140
2025-11-27,1259,103,140
2025-11-27,1263,,
2025-11-27,1264,,
2025-11-27,1265,113,150
2025-11-27,1266,150,160
2025-11-27,1267,160,170
2025-11-27,1268,,
2025-11-27,1269,,
2025-11-27,1270,118,150
2025-11-27,1271,155,160
2025-11-27,1272,165,175
2025-11-27,1291,,
2025-11-27,1292,,
2025-11-27,1293,,
2025-11-27,1294,,
2025-11-27,1295,,
2025-11-27,1297,,
2025-11-27,1311,220,225
2025-11-27,1323,,
2025-11-27,1330,,
2025-11-27,1331,,
2025-11-27,1332,,
2025-11-27,1333,,
2025-11-27,1334,340,350
2025-11-27,1335,1400,1640
2025-11-27,1336,820,1020
2025-11-27,1338,285,295
2025-11-27,1339,820,950
2025-11-27,1344,233,237
2025-11-27,1346,,
2025-11-27,1362,295,300
2025-11-27,1367,335,355
2025-11-27,1368,,
2025-11-27,1369,355,380
2025-11-27,1372,190,195
2025-11-27,1373,234,242
2025-11-27,1374,257,262
2025-11-27,1375,246,251
2025-11-27,1376,238,243
2025-11-27,1377,,
2025-11-27,1378,276,281
2025-11-27,1379,266,271
2025-11-27,1380,256,261
2025-11-27,1381,288,293
2025-11-27,1382,278,283
2025-11-27,1383,268,273
2025-11-27,1384,270,275
2025-11-27,1385,228,233
2025-11-27,1386,415,430
2025-11-27,1387,380,390
2025-11-27,1388,305,315
2025-11-27,1389,350,360
2025-11-27,1390,335,345
2025-11-27,1391,300,310
2025-12-04,649,220,222
2025-12-04,650,412,417
2025-12-04,684,475,480
2025-12-04,686,186,188
2025-12-04,687,199,200
2025-12-04,688,226,229
2025-12-04,689,187,189
2025-12-04,691,246,248
2025-12-04,692,260,261
2025-12-04,693,286,288
2025-12-04,694,183,185
2025-12-04,695,187,189
2025-12-04,696,218,220
2025-12-04,697,236,238
2025-12-04,711,357,359
2025-12-04,712,,
2025-12-04,713,366,368
2025-12-04,714,361,363
2025-12-04,717,497,500
2025-12-04,718,,
2025-12-04,719,205,210
2025-12-04,720,267,272
2025-12-04,721,269,272
2025-12-04,722,,430
2025-12-04,723,437,442
2025-12-04,735,1897,1952
2025-12-04,736,2687,2712
2025-12-04,739,222,226
2025-12-04,742,304,305
2025-12-04,743,304,305
2025-12-04,744,237,242
2025-12-04,745,256,261
2025-12-04,747,370,400
2025-12-04,833,,
2025-12-04,849,185,200
2025-12-04,850,190,210
2025-12-04,860,235,240
2025-12-04,861,240,245
2025-12-04,863,448,453
2025-12-04,864,,
2025-12-04,871,235,240
2025-12-04,872,240,245
2025-12-04,909,250,252
2025-12-04,924,320,330
2025-12-04,951,540,545
2025-12-04,963,,
2025-12-04,967,245,265
2025-12-04,993,360,380
2025-12-04,994,410,430
2025-12-04,995,460,500
2025-12-04,996,470,510
2025-12-04,998,1005,1010
2025-12-04,999,965,970
2025-12-04,1000,,
2025-12-04,1026,,
2025-12-04,1027,,
2025-12-04,1030,100,110
2025-12-04,1031,110,120
2025-12-04,1032,,
2025-12-04,1034,710,720
2025-12-04,1050,405,415
2025-12-04,1064,3500,4050
2025-12-04,1065,,
2025-12-04,1066,3000,3200
2025-12-04,1067,2500,2700
2025-12-04,1068,1200,1300
2025-12-04,1069,1300,1400
2025-12-04,1072,,
2025-12-04,1073,,
2025-12-04,1074,,
2025-12-04,1075,,
2025-12-04,1076,1400,1500
2025-12-04,1078,100,120
2025-12-04,1081,4117.65,4764.71
2025-12-04,1082,3333.33,3555.56
2025-12-04,1083,2941.18,3176.47
2025-12-04,1084,1333.33,1444.44
2025-12-04,1085,1444.44,1555.56
2025-12-04,1091,1555.56,1666.67
2025-12-04,1095,,
2025-12-04,1115,,
2025-12-04,1116,297,299
2025-12-04,1117,,
2025-12-04,1118,237,240
2025-12-04,1119,272,277
2025-12-04,1121,,
2025-12-04,1123,,
2025-12-04,1127,228,230
2025-12-04,1128,244,246
2025-12-04,1129,248,
2025-12-04,1130,232,235
2025-12-04,1131,165,170
2025-12-04,1134,223,226
2025-12-04,1135,231,236
2025-12-04,1137,,
2025-12-04,1139,296,306
2025-12-04,1140,291,309
2025-12-04,1143,585,625
2025-12-04,1144,650,790
2025-12-04,1145,480,530
2025-12-04,1146,1340,1540
2025-12-04,1147,1100,1350
2025-12-04,1148,820,1020
2025-12-04,1150,850,1050
2025-12-04,1151,1100,1300
2025-12-04,1152,970,1170
2025-12-04,1153,475,485
2025-12-04,1154,430,445
2025-12-04,1155,230,235
2025-12-04,1156,190,205
2025-12-04,1157,155,165
2025-12-04,1158,60,70
2025-12-04,1161,190,205
2025-12-04,1162,200,215
2025-12-04,1165,,
2025-12-04,1166,,
2025-12-04,1167,262,265
2025-12-04,1171,240,245
2025-12-04,1172,245,250
2025-12-04,1173,240,245
2025-12-04,1174,245,250
2025-12-04,1178,107,117
2025-12-04,1179,117,127
2025-12-04,1188,,
2025-12-04,1189,260,270
2025-12-04,1200,160,165
2025-12-04,1201,160,165
2025-12-04,1203,285,290
2025-12-04,1204,235,245
2025-12-04,1205,310,320
2025-12-04,1206,250,255
2025-12-04,1207,,
2025-12-04,1208,190,200
2025-12-04,1209,165,175
2025-12-04,1210,,
2025-12-04,1211,,
2025-12-04,1213,245,255
2025-12-04,1225,,
2025-12-04,1241,105,125
2025-12-04,1242,115,135
2025-12-04,1244,80,100
2025-12-04,1251,110,130
2025-12-04,1252,120,140
2025-12-04,1254,85,105
2025-12-04,1255,108,150
2025-12-04,1259,103,150
2025-12-04,1265,113,160
2025-12-04,1266,150,170
2025-12-04,1267,160,180
2025-12-04,1270,118,160
2025-12-04,1271,155,170
2025-12-04,1272,165,185
2025-12-04,1291,,
2025-12-04,1292,,
2025-12-04,1293,,
2025-12-04,1294,,
2025-12-04,1295,,
2025-12-04,1297,,
2025-12-04,1311,220,225
2025-12-04,1323,,
2025-12-04,1330,,
2025-12-04,1331,,
2025-12-04,1332,,
2025-12-04,1333,,
2025-12-04,1334,340,350
2025-12-04,1335,1360,1640
2025-12-04,1336,800,1000
2025-12-04,1338,285,295
2025-12-04,1339,820,950
2025-12-04,1344,233,237
2025-12-04,1346,,
2025-12-04,1362,295,300
2025-12-04,1367,335,355
2025-12-04,1368,,
2025-12-04,1369,355,380
2025-12-04,1372,,
2025-12-04,1373,234,242
2025-12-04,1374,257,262
2025-12-04,1375,246,251
2025-12-04,1376,238,243
2025-12-04,1377,,
2025-12-04,1378,276,281
2025-12-04,1379,266,271
2025-12-04,1380,256,261
2025-12-04,1381,288,293
2025-12-04,1382,278,283
2025-12-04,1383,268,273
2025-12-04,1384,270,275
2025-12-04,1385,228,233
2025-12-04,1386,425,440
2025-12-04,1387,390,400
2025-12-04,1388,305,315
2025-12-04,1389,350,360
2025-12-04,1390,335,345
2025-12-04,1391,300,310
2025-12-11,649,220,222
2025-12-11,650,405,410
2025-12-11,684,475,480
2025-12-11,686,186,188
2025-12-11,687,199,200
2025-12-11,688,226,229
2025-12-11,689,187,189
2025-12-11,691,246,248
2025-12-11,692,260,261
2025-12-11,693,286,288
2025-12-11,694,183,185
2025-12-11,695,187,189
2025-12-11,696,218,220
2025-12-11,697,236,238
2025-12-11,711,350,352
2025-12-11,712,,
2025-12-11,713,359,361
2025-12-11,714,354,356
2025-12-11,717,487,490
2025-12-11,718,,
2025-12-11,719,205,210
2025-12-11,720,262,267
2025-12-11,721,269,272
2025-12-11,722,,418
2025-12-11,723,427,432
2025-12-11,735,1917,1972
2025-12-11,736,2687,2712
2025-12-11,739,222,226
2025-12-11,742,304,305
2025-12-11,743,304,305
2025-12-11,744,237,242
2025-12-11,745,256,261
2025-12-11,747,370,400
2025-12-11,833,,
2025-12-11,849,185,200
2025-12-11,850,190,210
2025-12-11,860,235,240
2025-12-11,861,240,245
2025-12-11,863,438,443
2025-12-11,864,,
2025-12-11,871,235,240
2025-12-11,872,240,245
2025-12-11,909,250,252
2025-12-11,924,320,330
2025-12-11,951,540,545
2025-12-11,963,,
2025-12-11,967,245,265
2025-12-11,993,360,380
2025-12-11,994,410,430
2025-12-11,995,460,500
2025-12-11,996,470,510
2025-12-11,998,990,995
2025-12-11,999,950,955
2025-12-11,1000,,
2025-12-11,1026,,
2025-12-11,1027,,
2025-12-11,1030,100,110
2025-12-11,1031,110,120
2025-12-11,1032,,
2025-12-11,1034,710,720
2025-12-11,1050,405,415
2025-12-11,1064,,
2025-12-11,1065,,
2025-12-11,1066,,
2025-12-11,1067,,
2025-12-11,1068,,
2025-12-11,1069,,
2025-12-11,1072,,
2025-12-11,1073,,
2025-12-11,1074,,
2025-12-11,1075,,
2025-12-11,1076,,
2025-12-11,1078,,
2025-12-11,1081,,
2025-12-11,1082,,
2025-12-11,1083,,
2025-12-11,1084,,
2025-12-11,1085,,
2025-12-11,1091,,
2025-12-11,1095,,
2025-12-11,1115,297,299
2025-12-11,1116,297,299
2025-12-11,1117,,
2025-12-11,1118,237,240
2025-12-11,1119,272,277
2025-12-11,1121,,
2025-12-11,1123,,
2025-12-11,1127,228,230
2025-12-11,1128,244,246
2025-12-11,1129,248,
2025-12-11,1130,232,235
2025-12-11,1131,165,170
2025-12-11,1134,223,226
2025-12-11,1135,231,236
2025-12-11,1137,,
2025-12-11,1139,296,306
2025-12-11,1140,291,309
2025-12-11,1143,585,625
2025-12-11,1144,650,790
2025-12-11,1145,480,530
2025-12-11,1146,1340,1540
2025-12-11,1147,1100,1350
2025-12-11,1148,820,1020
2025-12-11,1150,850,1050
2025-12-11,1151,1100,1300
2025-12-11,1152,970,1170
2025-12-11,1153,475,485
2025-12-11,1154,430,445
2025-12-11,1155,230,235
2025-12-11,1156,190,205
2025-12-11,1157,155,165
2025-12-11,1158,60,70
2025-12-11,1161,190,205
2025-12-11,1162,200,215
2025-12-11,1165,,
2025-12-11,1166,,
2025-12-11,1167,262,265
2025-12-11,1171,240,245
2025-12-11,1172,245,250
2025-12-11,1173,240,245
2025-12-11,1174,245,250
2025-12-11,1178,107,117
2025-12-11,1179,117,127
2025-12-11,1188,,
2025-12-11,1189,260,270
2025-12-11,1200,160,165
2025-12-11,1201,160,165
2025-12-11,1203,285,290
2025-12-11,1204,235,245
2025-12-11,1205,310,320
2025-12-11,1206,250,255
2025-12-11,1207,,
2025-12-11,1208,190,200
2025-12-11,1209,165,175
2025-12-11,1210,,
2025-12-11,1211,,
2025-12-11,1213,245,255
2025-12-11,1225,,
2025-12-11,1241,105,125
2025-12-11,1242,115,135
2025-12-11,1244,80,100
2025-12-11,1251,110,130
2025-12-11,1252,120,140
2025-12-11,1254,85,105
2025-12-11,1255,108,150
2025-12-11,1259,103,150
2025-12-11,1265,113,160
2025-12-11,1266,150,170
2025-12-11,1267,160,180
2025-12-11,1270,118,160
2025-12-11,1271,155,170
2025-12-11,1272,165,185
2025-12-11,1291,,
2025-12-11,1292,,
2025-12-11,1293,,
2025-12-11,1294,,
2025-12-11,1295,,
2025-12-11,1297,,
2025-12-11,1311,220,225
2025-12-11,1323,,
2025-12-11,1330,,
2025-12-11,1331,,
2025-12-11,1332,,
2025-12-11,1333,,
2025-12-11,1334,340,350
2025-12-11,1335,1360,1640
2025-12-11,1336,800,1000
2025-12-11,1338,285,295
2025-12-11,1339,820,950
2025-12-11,1344,233,237
2025-12-11,1346,,
2025-12-11,1362,295,300
2025-12-11,1367,335,355
2025-12-11,1368,,
2025-12-11,1369,355,380
2025-12-11,1373,234,242
2025-12-11,1374,257,262
2025-12-11,1375,246,251
2025-12-11,1376,238,243
2025-12-11,1377,,
2025-12-11,1378,276,281
2025-12-11,1379,266,271
2025-12-11,1380,256,261
2025-12-11,1381,288,293
2025-12-11,1382,278,283
2025-12-11,1383,268,273
2025-12-11,1384,270,275
2025-12-11,1385,228,233
2025-12-11,1386,425,440
2025-12-11,1387,390,400
2025-12-11,1388,305,315
2025-12-11,1389,350,360
2025-12-11,1390,335,345
2025-12-11,1391,300,310
2025-12-18,649,220,222
2025-12-18,650,397,402
2025-12-18,684,475,480
2025-12-18,686,183,185
2025-12-18,687,196,197
2025-12-18,688,226,229
2025-12-18,689,183,185
2025-12-18,691,243,245
2025-12-18,692,257,258
2025-12-18,693,286,288
2025-12-18,694,180,182
2025-12-18,695,183,185
2025-12-18,696,218,220
2025-12-18,697,236,238
2025-12-18,711,340,342
2025-12-18,712,,
2025-12-18,713,349,351
2025-12-18,714,349,351
2025-12-18,717,472,475
2025-12-18,718,,
2025-12-18,719,205,210
2025-12-18,720,259,264
2025-12-18,721,269,272
2025-12-18,722,,405
2025-12-18,723,417,422
2025-12-18,735,1907,1962
2025-12-18,736,2727,2752
2025-12-18,739,222,226
2025-12-18,742,304,305
2025-12-18,743,304,305
2025-12-18,744,237,242
2025-12-18,745,256,261
2025-12-18,747,370,400
2025-12-18,833,,
2025-12-18,849,185,200
2025-12-18,850,190,210
2025-12-18,860,235,240
2025-12-18,861,240,245
2025-12-18,863,423,428
2025-12-18,864,,
2025-12-18,871,235,240
2025-12-18,872,240,245
2025-12-18,909,250,252
2025-12-18,924,320,330
2025-12-18,951,540,545
2025-12-18,963,,
2025-12-18,967,245,265
2025-12-18,993,360,380
2025-12-18,994,410,430
2025-12-18,995,460,500
2025-12-18,996,470,510
2025-12-18,998,980,985
2025-12-18,999,940,945
2025-12-18,1000,,
2025-12-18,1026,,
2025-12-18,1027,,
2025-12-18,1030,100,110
2025-12-18,1031,110,120
2025-12-18,1032,,
2025-12-18,1034,710,720
2025-12-18,1050,405,415
2025-12-18,1095,,
2025-12-18,1115,295,297
2025-12-18,1116,295,297
2025-12-18,1117,,
2025-12-18,1118,237,240
2025-12-18,1119,272,277
2025-12-18,1121,,
2025-12-18,1123,,
2025-12-18,1127,228,230
2025-12-18,1128,244,246
2025-12-18,1129,248,
2025-12-18,1130,230,233
2025-12-18,1131,165,170
2025-12-18,1134,223,226
2025-12-18,1135,231,236
2025-12-18,1137,,
2025-12-18,1139,296,306
2025-12-18,1140,291,309
2025-12-18,1143,585,625
2025-12-18,1144,650,790
2025-12-18,1145,480,530
2025-12-18,1146,1340,1540
2025-12-18,1147,1100,1350
2025-12-18,1148,820,1020
2025-12-18,1150,850,1050
2025-12-18,1151,1100,1300
2025-12-18,1152,970,1170
2025-12-18,1153,470,480
2025-12-18,1154,425,440
2025-12-18,1155,220,225
2025-12-18,1156,190,205
2025-12-18,1157,155,165
2025-12-18,1158,60,70
2025-12-18,1161,190,205
2025-12-18,1162,200,215
2025-12-18,1165,,
2025-12-18,1166,,
2025-12-18,1167,262,265
2025-12-18,1171,240,245
2025-12-18,1172,245,250
2025-12-18,1173,240,245
2025-12-18,1174,245,250
2025-12-18,1178,107,117
2025-12-18,1179,117,127
2025-12-18,1188,,
2025-12-18,1189,260,270
2025-12-18,1200,160,165
2025-12-18,1201,160,165
2025-12-18,1203,285,290
2025-12-18,1204,235,245
2025-12-18,1205,310,320
2025-12-18,1206,250,255
2025-12-18,1207,,
2025-12-18,1208,190,200
2025-12-18,1209,165,175
2025-12-18,1210,,
2025-12-18,1211,,
2025-12-18,1213,245,255
2025-12-18,1225,,
2025-12-18,1241,105,125
2025-12-18,1242,115,135
2025-12-18,1244,80,100
2025-12-18,1251,110,130
2025-12-18,1252,120,140
2025-12-18,1254,85,105
2025-12-18,1255,108,150
2025-12-18,1259,103,150
2025-12-18,1265,113,160
2025-12-18,1266,150,170
2025-12-18,1267,160,180
2025-12-18,1270,118,160
2025-12-18,1271,155,170
2025-12-18,1272,165,185
2025-12-18,1295,,
2025-12-18,1297,,
2025-12-18,1311,220,225
2025-12-18,1323,,
2025-12-18,1330,,
2025-12-18,1331,,
2025-12-18,1332,,
2025-12-18,1333,,
2025-12-18,1334,340,350
2025-12-18,1335,1360,1640
2025-12-18,1336,800,1000
2025-12-18,1338,285,295
2025-12-18,1339,820,950
2025-12-18,1344,233,237
2025-12-18,1346,,
2025-12-18,1362,295,300
2025-12-18,1367,335,355
2025-12-18,1368,,
2025-12-18,1369,355,380
2025-12-18,1373,234,240
2025-12-18,1374,257,262
2025-12-18,1375,246,251
2025-12-18,1376,238,243
2025-12-18,1377,,
2025-12-18,1378,276,281
2025-12-18,1379,266,271
2025-12-18,1380,256,261
2025-12-18,1381,288,293
2025-12-18,1382,278,283
2025-12-18,1383,268,273
2025-12-18,1384,270,275
2025-12-18,1385,228,233
2025-12-18,1386,425,440
2025-12-18,1387,390,400
2025-12-18,1388,305,315
2025-12-18,1389,350,360
2025-12-18,1390,335,345
2025-12-18,1391,300,310
