date,code,low,high
2026-01-02,649,220,222
2026-01-02,650,394,399
2026-01-02,684,475,480
2026-01-02,686,183,185
2026-01-02,687,196,197
2026-01-02,688,226,229
2026-01-02,689,183,185
2026-01-02,691,243,245
2026-01-02,692,257,258
2026-01-02,693,286,288
2026-01-02,694,180,182
2026-01-02,695,183,185
2026-01-02,696,218,220
2026-01-02,697,236,238
2026-01-02,711,340,342
2026-01-02,712,,
2026-01-02,713,349,351
2026-01-02,714,349,351
2026-01-02,717,472,475
2026-01-02,718,,
2026-01-02,719,205,210
2026-01-02,720,259,264
2026-01-02,721,269,272
2026-01-02,722,,400
2026-01-02,723,412,417
2026-01-02,735,1907,1962
2026-01-02,736,2727,2752
2026-01-02,739,222,226
2026-01-02,742,304,305
2026-01-02,743,304,305
2026-01-02,744,237,242
2026-01-02,745,256,261
2026-01-02,747,370,400
2026-01-02,833,,
2026-01-02,849,185,200
2026-01-02,850,190,210
2026-01-02,860,235,240
2026-01-02,861,240,245
2026-01-02,863,423,428
2026-01-02,864,,
2026-01-02,871,235,240
2026-01-02,872,240,245
2026-01-02,909,250,252
2026-01-02,924,320,330
2026-01-02,951,540,545
2026-01-02,963,,
2026-01-02,967,245,265
2026-01-02,993,360,380
2026-01-02,994,410,430
2026-01-02,995,460,500
2026-01-02,996,470,510
2026-01-02,998,970,975
2026-01-02,999,930,935
2026-01-02,1000,,
2026-01-02,1026,,
2026-01-02,1027,,
2026-01-02,1030,100,110
2026-01-02,1031,110,120
2026-01-02,1032,,
2026-01-02,1034,710,720
2026-01-02,1050,405,415
2026-01-02,1095,,
2026-01-02,1115,295,297
2026-01-02,1116,295,297
2026-01-02,1117,,
2026-01-02,1118,237,240
2026-01-02,1119,272,277
2026-01-02,1121,,
2026-01-02,1123,,
2026-01-02,1127,228,230
2026-01-02,1128,244,246
2026-01-02,1129,248,
2026-01-02,1130,230,233
2026-01-02,1131,165,170
2026-01-02,1134,223,226
2026-01-02,1135,231,236
2026-01-02,1137,,
2026-01-02,1139,296,306
2026-01-02,1140,291,309
2026-01-02,1143,585,625
2026-01-02,1144,650,790
2026-01-02,1145,480,530
2026-01-02,1146,1340,1540
2026-01-02,1147,1100,1350
2026-01-02,1148,820,1020
2026-01-02,1150,850,1050
2026-01-02,1151,1100,1300
2026-01-02,1152,970,1170
2026-01-02,1153,470,480
2026-01-02,1154,425,440
2026-01-02,1155,220,225
2026-01-02,1156,190,205
2026-01-02,1157,155,165
2026-01-02,1158,60,70
2026-01-02,1161,190,205
2026-01-02,1162,200,215
2026-01-02,1165,,
2026-01-02,1166,,
2026-01-02,1167,262,265
2026-01-02,1171,240,245
2026-01-02,1172,245,250
2026-01-02,1173,240,245
2026-01-02,1174,245,250
2026-01-02,1178,107,117
2026-01-02,1179,117,127
2026-01-02,1188,,
2026-01-02,1189,260,270
2026-01-02,1200,160,165
2026-01-02,1201,160,165
2026-01-02,1203,285,290
2026-01-02,1204,235,245
2026-01-02,1205,310,320
2026-01-02,1206,250,255
2026-01-02,1207,,
2026-01-02,1208,190,200
2026-01-02,1209,165,175
2026-01-02,1210,,
2026-01-02,1211,,
2026-01-02,1213,245,255
2026-01-02,1225,,
2026-01-02,1241,105,125
2026-01-02,1242,115,135
2026-01-02,1244,80,100
2026-01-02,1251,110,130
2026-01-02,1252,120,140
2026-01-02,1254,85,105
2026-01-02,1255,108,150
2026-01-02,1259,103,150
2026-01-02,1265,113,160
2026-01-02,1266,150,170
2026-01-02,1267,160,180
2026-01-02,1270,118,160
2026-01-02,1271,155,170
2026-01-02,1272,165,185
2026-01-02,1295,,
2026-01-02,1297,,
2026-01-02,1311,220,225
2026-01-02,1323,,
2026-01-02,1330,,
2026-01-02,1331,,
2026-01-02,1332,,
2026-01-02,1333,,
2026-01-02,1334,340,350
2026-01-02,1335,1360,1640
2026-01-02,1336,800,1000
2026-01-02,1338,285,295
2026-01-02,1339,820,950
2026-01-02,1344,233,237
2026-01-02,1346,,
2026-01-02,1362,295,300
2026-01-02,1367,335,355
2026-01-02,1368,,
2026-01-02,1369,355,380
2026-01-02,1373,234,240
2026-01-02,1374,257,262
2026-01-02,1375,246,251
2026-01-02,1376,238,243
2026-01-02,1377,,
2026-01-02,1378,270,275
2026-01-02,1379,260,265
2026-01-02,1380,250,255
2026-01-02,1381,282,287
2026-01-02,1382,272,277
2026-01-02,1383,262,267
2026-01-02,1384,270,275
2026-01-02,1385,228,233
2026-01-02,1386,425,440
2026-01-02,1387,390,400
2026-01-02,1388,305,315
2026-01-02,1389,350,360
2026-01-02,1390,335,345
2026-01-02,1391,300,310
2026-01-08,649,220,222
2026-01-08,650,395,400
2026-01-08,684,475,480
2026-01-08,686,183,185
2026-01-08,687,196,197
2026-01-08,688,226,229
2026-01-08,689,181,183
2026-01-08,691,243,245
2026-01-08,692,257,258
2026-01-08,693,286,288
2026-01-08,694,180,182
2026-01-08,695,181,183
2026-01-08,696,218,220
2026-01-08,697,236,238
2026-01-08,711,350,352
2026-01-08,712,,
2026-01-08,713,359,361
2026-01-08,714,359,361
2026-01-08,717,482,485
2026-01-08,718,,
2026-01-08,719,205,210
2026-01-08,720,261,266
2026-01-08,721,269,272
2026-01-08,722,,405
2026-01-08,723,417,422
2026-01-08,735,1907,1962
2026-01-08,736,2727,2752
2026-01-08,739,222,226
2026-01-08,742,304,305
2026-01-08,743,304,305
2026-01-08,744,237,242
2026-01-08,745,256,261
2026-01-08,747,370,400
2026-01-08,833,,
2026-01-08,849,185,205
2026-01-08,850,190,215
2026-01-08,860,235,240
2026-01-08,861,240,245
2026-01-08,863,433,438
2026-01-08,864,,
2026-01-08,871,235,240
2026-01-08,872,240,245
2026-01-08,909,250,252
2026-01-08,924,320,330
2026-01-08,951,540,545
2026-01-08,963,,
2026-01-08,967,245,265
2026-01-08,993,360,380
2026-01-08,994,410,430
2026-01-08,995,460,500
2026-01-08,996,470,510
2026-01-08,998,960,965
2026-01-08,999,920,925
2026-01-08,1000,,
2026-01-08,1026,,
2026-01-08,1027,,
2026-01-08,1030,100,110
2026-01-08,1031,110,120
2026-01-08,1032,,
2026-01-08,1034,720,730
2026-01-08,1050,405,415
2026-01-08,1095,,
2026-01-08,1115,295,297
2026-01-08,1116,298,300
2026-01-08,1117,,
2026-01-08,1118,235,238
2026-01-08,1119,270,275
2026-01-08,1121,,
2026-01-08,1123,,
2026-01-08,1127,228,230
2026-01-08,1128,244,246
2026-01-08,1129,248,
2026-01-08,1130,230,233
2026-01-08,1131,165,170
2026-01-08,1134,225,228
2026-01-08,1135,233,238
2026-01-08,1137,,
2026-01-08,1139,296,306
2026-01-08,1140,291,309
2026-01-08,1143,585,625
2026-01-08,1144,650,790
2026-01-08,1145,480,530
2026-01-08,1146,1340,1540
2026-01-08,1147,1100,1350
2026-01-08,1148,820,1020
2026-01-08,1150,850,1050
2026-01-08,1151,1100,1300
2026-01-08,1152,970,1170
2026-01-08,1153,470,480
2026-01-08,1154,425,440
2026-01-08,1155,220,225
2026-01-08,1156,190,205
2026-01-08,1157,155,165
2026-01-08,1158,60,70
2026-01-08,1161,190,210
2026-01-08,1162,200,220
2026-01-08,1165,,
2026-01-08,1166,,
2026-01-08,1167,260,263
2026-01-08,1171,240,245
2026-01-08,1172,245,250
2026-01-08,1173,240,245
2026-01-08,1174,245,250
2026-01-08,1178,107,117
2026-01-08,1179,117,127
2026-01-08,1188,,
2026-01-08,1189,260,270
2026-01-08,1200,160,165
2026-01-08,1201,160,165
2026-01-08,1203,285,290
2026-01-08,1204,235,245
2026-01-08,1205,310,320
2026-01-08,1206,250,255
2026-01-08,1207,,
2026-01-08,1208,190,200
2026-01-08,1209,165,175
2026-01-08,1210,,
2026-01-08,1211,,
2026-01-08,1213,245,255
2026-01-08,1225,,
2026-01-08,1241,105,125
2026-01-08,1242,115,135
2026-01-08,1244,80,100
2026-01-08,1251,110,130
2026-01-08,1252,120,140
2026-01-08,1254,85,105
2026-01-08,1255,108,150
2026-01-08,1259,103,150
2026-01-08,1265,113,160
2026-01-08,1266,150,170
2026-01-08,1267,160,180
2026-01-08,1270,118,160
2026-01-08,1271,155,170
2026-01-08,1272,165,185
2026-01-08,1295,,
2026-01-08,1297,,
2026-01-08,1311,220,225
2026-01-08,1323,,
2026-01-08,1330,,
2026-01-08,1331,,
2026-01-08,1332,,
2026-01-08,1333,,
2026-01-08,1334,340,350
2026-01-08,1335,1360,1640
2026-01-08,1336,800,1000
2026-01-08,1338,285,295
2026-01-08,1339,820,950
2026-01-08,1344,235,239
2026-01-08,1346,,
2026-01-08,1362,300,305
2026-01-08,1367,335,355
2026-01-08,1368,,
2026-01-08,1369,355,380
2026-01-08,1373,234,240
2026-01-08,1374,257,262
2026-01-08,1375,246,251
2026-01-08,1376,238,243
2026-01-08,1377,,
2026-01-08,1378,270,275
2026-01-08,1379,260,265
2026-01-08,1380,250,255
2026-01-08,1381,282,287
2026-01-08,1382,272,277
2026-01-08,1383,262,267
2026-01-08,1384,270,275
2026-01-08,1385,228,233
2026-01-08,1386,425,440
2026-01-08,1387,390,400
2026-01-08,1388,305,315
2026-01-08,1389,350,360
2026-01-08,1390,335,345
2026-01-08,1391,300,310
2026-01-15,649,220,222
2026-01-15,650,393,398
2026-01-15,684,475,480
2026-01-15,686,171,173
2026-01-15,687,184,185
2026-01-15,688,212,215
2026-01-15,689,168,170
2026-01-15,691,231,233
2026-01-15,692,245,246
2026-01-15,693,272,274
2026-01-15,694,168,170
2026-01-15,695,168,170
2026-01-15,696,198,200
2026-01-15,697,236,238
2026-01-15,711,342,344
2026-01-15,712,,
2026-01-15,713,351,353
2026-01-15,714,351,353
2026-01-15,717,472,475
2026-01-15,718,,
2026-01-15,719,205,210
2026-01-15,720,261,266
2026-01-15,721,269,272
2026-01-15,722,,407
2026-01-15,723,417,422
2026-01-15,735,1907,1962
2026-01-15,736,2747,2772
2026-01-15,739,216,220
2026-01-15,742,304,305
2026-01-15,743,304,305
2026-01-15,744,237,242
2026-01-15,745,258,263
2026-01-15,747,370,400
2026-01-15,833,,
2026-01-15,849,185,205
2026-01-15,850,190,215
2026-01-15,860,235,240
2026-01-15,861,240,245
2026-01-15,863,423,428
2026-01-15,864,,
2026-01-15,871,235,240
2026-01-15,872,240,245
2026-01-15,909,248,250
2026-01-15,924,320,330
2026-01-15,951,540,545
2026-01-15,963,,
2026-01-15,967,242,262
2026-01-15,993,360,380
2026-01-15,994,410,430
2026-01-15,995,460,500
2026-01-15,996,470,510
2026-01-15,998,960,965
2026-01-15,999,920,925
2026-01-15,1000,,
2026-01-15,1026,,
2026-01-15,1027,,
2026-01-15,1030,100,110
2026-01-15,1031,110,120
2026-01-15,1032,,
2026-01-15,1034,720,730
2026-01-15,1050,405,415
2026-01-15,1095,,
2026-01-15,1115,298,300
2026-01-15,1116,298,300
2026-01-15,1117,,
2026-01-15,1118,233,236
2026-01-15,1119,267,272
2026-01-15,1121,,
2026-01-15,1123,,
2026-01-15,1127,226,228
2026-01-15,1128,242,244
2026-01-15,1129,245,
2026-01-15,1130,227,230
2026-01-15,1131,165,170
2026-01-15,1134,225,228
2026-01-15,1135,233,238
2026-01-15,1137,,
2026-01-15,1139,296,306
2026-01-15,1140,291,309
2026-01-15,1143,560,600
2026-01-15,1144,600,750
2026-01-15,1145,430,530
2026-01-15,1146,1290,1490
2026-01-15,1147,1000,1290
2026-01-15,1148,790,990
2026-01-15,1150,790,990
2026-01-15,1151,1100,1300
2026-01-15,1152,940,1140
2026-01-15,1153,470,480
2026-01-15,1154,425,440
2026-01-15,1155,200,210
2026-01-15,1156,190,205
2026-01-15,1157,155,165
2026-01-15,1158,60,70
2026-01-15,1161,190,210
2026-01-15,1162,200,220
2026-01-15,1165,,
2026-01-15,1166,,
2026-01-15,1167,257,260
2026-01-15,1171,240,245
2026-01-15,1172,245,250
2026-01-15,1173,240,245
2026-01-15,1174,245,250
2026-01-15,1178,107,117
2026-01-15,1179,117,127
2026-01-15,1188,,
2026-01-15,1189,260,270
2026-01-15,1200,160,165
2026-01-15,1201,160,165
2026-01-15,1203,285,290
2026-01-15,1204,235,245
2026-01-15,1205,310,320
2026-01-15,1206,250,255
2026-01-15,1207,,
2026-01-15,1208,190,200
2026-01-15,1209,165,175
2026-01-15,1210,,
2026-01-15,1211,,
2026-01-15,1213,245,255
2026-01-15,1225,,
2026-01-15,1241,105,125
2026-01-15,1242,115,135
2026-01-15,1244,80,100
2026-01-15,1251,110,130
2026-01-15,1252,120,140
2026-01-15,1254,85,105
2026-01-15,1255,108,150
2026-01-15,1259,103,150
2026-01-15,1265,113,160
2026-01-15,1266,150,170
2026-01-15,1267,160,180
2026-01-15,1270,118,160
2026-01-15,1271,155,170
2026-01-15,1272,165,185
2026-01-15,1295,,
2026-01-15,1297,,
2026-01-15,1311,220,225
2026-01-15,1323,,
2026-01-15,1330,,
2026-01-15,1331,,
2026-01-15,1332,,
2026-01-15,1333,,
2026-01-15,1334,330,340
2026-01-15,1335,1300,1560
2026-01-15,1336,770,970
2026-01-15,1338,285,295
2026-01-15,1339,820,950
2026-01-15,1344,235,239
2026-01-15,1346,,
2026-01-15,1362,302,307
2026-01-15,1367,340,360
2026-01-15,1368,,
2026-01-15,1369,360,385
2026-01-15,1373,232,238
2026-01-15,1374,255,260
2026-01-15,1375,246,251
2026-01-15,1376,236,241
2026-01-15,1377,,
2026-01-15,1378,265,270
2026-01-15,1379,255,260
2026-01-15,1380,245,250
2026-01-15,1381,277,282
2026-01-15,1382,267,272
2026-01-15,1383,257,262
2026-01-15,1384,270,275
2026-01-15,1385,226,231
2026-01-15,1386,430,445
2026-01-15,1387,395,405
2026-01-15,1388,310,320
2026-01-15,1389,350,360
2026-01-15,1390,335,345
2026-01-15,1391,300,310
2026-01-22,649,220,222
2026-01-22,650,393,398
2026-01-22,684,475,480
2026-01-22,686,148,150
2026-01-22,687,161,162
2026-01-22,688,182,185
2026-01-22,689,148,150
2026-01-22,691,208,210
2026-01-22,692,222,223
2026-01-22,693,242,244
2026-01-22,694,145,147
2026-01-22,695,148,150
2026-01-22,696,168,170
2026-01-22,697,231,233
2026-01-22,711,342,344
2026-01-22,712,,
2026-01-22,713,351,353
2026-01-22,714,351,353
2026-01-22,717,467,470
2026-01-22,718,,
2026-01-22,719,205,210
2026-01-22,720,264,269
2026-01-22,721,269,272
2026-01-22,722,,407
2026-01-22,723,417,422
2026-01-22,735,1917,1972
2026-01-22,736,2757,2782
2026-01-22,739,211,215
2026-01-22,742,304,305
2026-01-22,743,304,305
2026-01-22,744,240,245
2026-01-22,745,260,265
2026-01-22,747,370,400
2026-01-22,833,,
2026-01-22,849,185,205
2026-01-22,850,190,215
2026-01-22,860,235,240
2026-01-22,861,240,245
2026-01-22,863,418,423
2026-01-22,864,,
2026-01-22,871,235,240
2026-01-22,872,240,245
2026-01-22,909,247,249
2026-01-22,924,320,330
2026-01-22,951,540,545
2026-01-22,963,,
2026-01-22,967,235,255
2026-01-22,993,360,380
2026-01-22,994,410,430
2026-01-22,995,460,500
2026-01-22,996,470,510
2026-01-22,998,960,965
2026-01-22,999,920,925
2026-01-22,1000,,
2026-01-22,1026,,
2026-01-22,1027,,
2026-01-22,1030,100,110
2026-01-22,1031,110,120
2026-01-22,1032,,
2026-01-22,1034,720,730
2026-01-22,1050,410,420
2026-01-22,1095,,
2026-01-22,1115,298,300
2026-01-22,1116,298,300
2026-01-22,1117,,
2026-01-22,1118,231,234
2026-01-22,1119,265,270
2026-01-22,1121,,
2026-01-22,1123,,
2026-01-22,1127,225,227
2026-01-22,1128,241,243
2026-01-22,1129,243,
2026-01-22,1130,225,228
2026-01-22,1131,165,170
2026-01-22,1134,225,228
2026-01-22,1135,233,238
2026-01-22,1137,,
2026-01-22,1139,296,306
2026-01-22,1140,291,309
2026-01-22,1143,560,600
2026-01-22,1144,600,750
2026-01-22,1145,430,530
2026-01-22,1146,1290,1490
2026-01-22,1147,1000,1290
2026-01-22,1148,790,990
2026-01-22,1150,790,990
2026-01-22,1151,1100,1300
2026-01-22,1152,940,1140
2026-01-22,1153,470,480
2026-01-22,1154,425,440
2026-01-22,1155,200,210
2026-01-22,1156,190,205
2026-01-22,1157,155,165
2026-01-22,1158,60,70
2026-01-22,1161,190,210
2026-01-22,1162,200,220
2026-01-22,1165,,
2026-01-22,1166,,
2026-01-22,1167,255,258
2026-01-22,1171,240,245
2026-01-22,1172,245,250
2026-01-22,1173,240,245
2026-01-22,1174,245,250
2026-01-22,1178,107,117
2026-01-22,1179,117,127
2026-01-22,1188,,
2026-01-22,1189,260,270
2026-01-22,1200,170,175
2026-01-22,1201,160,165
2026-01-22,1203,285,290
2026-01-22,1204,235,245
2026-01-22,1205,310,320
2026-01-22,1206,250,255
2026-01-22,1207,,
2026-01-22,1208,190,200
2026-01-22,1209,165,175
2026-01-22,1210,,
2026-01-22,1211,,
2026-01-22,1213,245,255
2026-01-22,1225,,
2026-01-22,1241,105,125
2026-01-22,1242,115,135
2026-01-22,1244,80,100
2026-01-22,1251,110,130
2026-01-22,1252,120,140
2026-01-22,1254,85,105
2026-01-22,1255,108,150
2026-01-22,1259,103,150
2026-01-22,1265,113,160
2026-01-22,1266,150,170
2026-01-22,1267,160,180
2026-01-22,1270,118,160
2026-01-22,1271,155,170
2026-01-22,1272,165,185
2026-01-22,1295,,
2026-01-22,1297,,
2026-01-22,1311,220,225
2026-01-22,1323,,
2026-01-22,1330,,
2026-01-22,1331,,
2026-01-22,1332,,
2026-01-22,1333,,
2026-01-22,1334,330,340
2026-01-22,1335,1300,1560
2026-01-22,1336,770,970
2026-01-22,1338,295,305
2026-01-22,1339,820,950
2026-01-22,1344,235,239
2026-01-22,1346,,
2026-01-22,1362,302,307
2026-01-22,1367,340,360
2026-01-22,1368,,
2026-01-22,1369,360,385
2026-01-22,1373,230,236
2026-01-22,1374,255,260
2026-01-22,1375,246,251
2026-01-22,1376,236,241
2026-01-22,1377,,
2026-01-22,1378,265,270
2026-01-22,1379,255,260
2026-01-22,1380,245,250
2026-01-22,1381,277,282
2026-01-22,1382,267,272
2026-01-22,1383,257,262
2026-01-22,1384,280,285
2026-01-22,1385,226,231
2026-01-22,1386,435,450
2026-01-22,1387,400,410
2026-01-22,1388,315,325
2026-01-22,1389,350,360
2026-01-22,1390,335,345
2026-01-22,1391,300,310
2026-01-29,649,217,219
2026-01-29,650,396,401
2026-01-29,684,465,470
2026-01-29,686,134,136
2026-01-29,687,147,148
2026-01-29,688,167,170
2026-01-29,689,148,150
2026-01-29,691,194,196
2026-01-29,692,208,209
2026-01-29,693,227,229
2026-01-29,694,131,133
2026-01-29,695,148,150
2026-01-29,696,153,155
2026-01-29,697,231,233
2026-01-29,711,350,352
2026-01-29,712,,
2026-01-29,713,356,358
2026-01-29,714,356,358
2026-01-29,717,467,470
2026-01-29,718,,
2026-01-29,719,205,210
2026-01-29,720,264,269
2026-01-29,721,274,277
2026-01-29,722,,409
2026-01-29,723,419,424
2026-01-29,735,1887,1942
2026-01-29,736,2672,2697
2026-01-29,739,211,215
2026-01-29,742,304,305
2026-01-29,743,304,305
2026-01-29,744,240,245
2026-01-29,745,265,270
2026-01-29,747,370,400
2026-01-29,833,,
2026-01-29,849,185,205
2026-01-29,850,190,215
2026-01-29,860,235,240
2026-01-29,861,240,245
2026-01-29,863,418,423
2026-01-29,864,,
2026-01-29,871,235,240
2026-01-29,872,240,245
2026-01-29,909,246,248
2026-01-29,924,320,330
2026-01-29,951,530,535
2026-01-29,963,,
2026-01-29,967,230,250
2026-01-29,993,360,380
2026-01-29,994,410,430
2026-01-29,995,460,500
2026-01-29,996,470,510
2026-01-29,998,960,965
2026-01-29,999,920,925
2026-01-29,1000,,
2026-01-29,1026,,
2026-01-29,1027,,
2026-01-29,1030,100,110
2026-01-29,1031,110,120
2026-01-29,1032,,
2026-01-29,1034,720,730
2026-01-29,1050,415,425
2026-01-29,1095,,
2026-01-29,1115,293,295
2026-01-29,1116,295,297
2026-01-29,1117,,
2026-01-29,1118,229,232
2026-01-29,1119,263,268
2026-01-29,1121,,
2026-01-29,1123,,
2026-01-29,1127,224,226
2026-01-29,1128,240,242
2026-01-29,1129,241,
2026-01-29,1130,223,226
2026-01-29,1131,165,170
2026-01-29,1134,225,228
2026-01-29,1135,233,238
2026-01-29,1137,,
2026-01-29,1139,290,300
2026-01-29,1140,285,303
2026-01-29,1143,540,580
2026-01-29,1144,580,730
2026-01-29,1145,430,510
2026-01-29,1146,1250,1450
2026-01-29,1147,960,1250
2026-01-29,1148,760,960
2026-01-29,1150,760,960
2026-01-29,1151,1100,1300
2026-01-29,1152,910,1110
2026-01-29,1153,470,480
2026-01-29,1154,425,440
2026-01-29,1155,200,210
2026-01-29,1156,190,205
2026-01-29,1157,155,165
2026-01-29,1158,60,70
2026-01-29,1161,190,210
2026-01-29,1162,200,220
2026-01-29,1165,,
2026-01-29,1166,,
2026-01-29,1167,252,255
2026-01-29,1171,240,245
2026-01-29,1172,245,250
2026-01-29,1173,240,245
2026-01-29,1174,245,250
2026-01-29,1178,107,117
2026-01-29,1179,117,127
2026-01-29,1188,,
2026-01-29,1189,260,270
2026-01-29,1200,170,175
2026-01-29,1201,160,165
2026-01-29,1203,285,290
2026-01-29,1204,235,245
2026-01-29,1205,310,320
2026-01-29,1206,250,255
2026-01-29,1207,,
2026-01-29,1208,190,200
2026-01-29,1209,165,175
2026-01-29,1210,,
2026-01-29,1211,,
2026-01-29,1213,245,255
2026-01-29,1225,,
2026-01-29,1241,105,125
2026-01-29,1242,115,135
2026-01-29,1244,80,100
2026-01-29,1251,110,130
2026-01-29,1252,120,140
2026-01-29,1254,85,105
2026-01-29,1255,108,150
2026-01-29,1259,103,150
2026-01-29,1265,113,160
2026-01-29,1266,150,170
2026-01-29,1267,160,180
2026-01-29,1270,118,160
2026-01-29,1271,155,170
2026-01-29,1272,165,185
2026-01-29,1295,,
2026-01-29,1297,,
2026-01-29,1311,220,225
2026-01-29,1323,,
2026-01-29,1330,,
2026-01-29,1331,,
2026-01-29,1332,,
2026-01-29,1333,,
2026-01-29,1334,330,340
2026-01-29,1335,1260,1520
2026-01-29,1336,750,950
2026-01-29,1338,300,310
2026-01-29,1339,820,950
2026-01-29,1344,233,237
2026-01-29,1346,,
2026-01-29,1362,302,307
2026-01-29,1367,340,360
2026-01-29,1368,,
2026-01-29,1369,360,385
2026-01-29,1373,228,235
2026-01-29,1374,253,258
2026-01-29,1375,245,250
2026-01-29,1376,235,240
2026-01-29,1377,,
2026-01-29,1378,260,265
2026-01-29,1379,250,255
2026-01-29,1380,240,245
2026-01-29,1381,272,277
2026-01-29,1382,262,267
2026-01-29,1383,252,257
2026-01-29,1384,285,290
2026-01-29,1385,225,230
2026-01-29,1386,435,450
2026-01-29,1387,400,410
2026-01-29,1388,315,325
2026-01-29,1389,350,360
2026-01-29,1390,335,345
2026-01-29,1391,300,310
2026-02-05,649,217,219
2026-02-05,650,400,405
2026-02-05,684,465,470
2026-02-05,686,134,136
2026-02-05,687,147,148
2026-02-05,688,167,170
2026-02-05,689,148,150
2026-02-05,691,194,196
2026-02-05,692,208,209
2026-02-05,693,227,229
2026-02-05,694,131,133
2026-02-05,695,148,150
2026-02-05,696,153,155
2026-02-05,697,231,233
2026-02-05,711,354,356
2026-02-05,712,,
2026-02-05,713,360,362
2026-02-05,714,360,362
2026-02-05,717,472,475
2026-02-05,718,,
2026-02-05,719,205,210
2026-02-05,720,267,272
2026-02-05,721,277,280
2026-02-05,722,,419
2026-02-05,723,429,434
2026-02-05,735,1887,1942
2026-02-05,736,2672,2697
2026-02-05,739,211,220
2026-02-05,742,304,305
2026-02-05,743,304,305
2026-02-05,744,242,247
2026-02-05,745,268,273
2026-02-05,747,370,400
2026-02-05,833,,
2026-02-05,849,185,205
2026-02-05,850,190,215
2026-02-05,860,235,240
2026-02-05,861,240,245
2026-02-05,863,423,428
2026-02-05,864,,
2026-02-05,871,235,240
2026-02-05,872,240,245
2026-02-05,909,246,248
2026-02-05,924,315,325
2026-02-05,951,530,535
2026-02-05,963,,
2026-02-05,967,220,240
2026-02-05,993,360,380
2026-02-05,994,410,430
2026-02-05,995,460,500
2026-02-05,996,470,510
2026-02-05,998,950,955
2026-02-05,999,910,915
2026-02-05,1000,,
2026-02-05,1026,,
2026-02-05,1027,,
2026-02-05,1030,100,110
2026-02-05,1031,110,120
2026-02-05,1032,,
2026-02-05,1034,720,730
2026-02-05,1050,415,425
2026-02-05,1095,,
2026-02-05,1115,288,290
2026-02-05,1116,290,292
2026-02-05,1117,,
2026-02-05,1118,226,229
2026-02-05,1119,263,268
2026-02-05,1121,,
2026-02-05,1123,,
2026-02-05,1127,224,226
2026-02-05,1128,240,242
2026-02-05,1129,241,
2026-02-05,1130,225,228
2026-02-05,1131,165,170
2026-02-05,1134,225,228
2026-02-05,1135,233,238
2026-02-05,1137,,
2026-02-05,1139,287,297
2026-02-05,1140,282,300
2026-02-05,1146,1250,1450
2026-02-05,1147,960,1250
2026-02-05,1148,760,960
2026-02-05,1150,760,960
2026-02-05,1151,1100,1300
2026-02-05,1152,910,1110
2026-02-05,1153,470,480
2026-02-05,1154,425,440
2026-02-05,1155,200,210
2026-02-05,1156,190,205
2026-02-05,1157,155,165
2026-02-05,1158,60,70
2026-02-05,1161,190,210
2026-02-05,1162,200,220
2026-02-05,1165,,
2026-02-05,1166,,
2026-02-05,1167,252,255
2026-02-05,1171,240,245
2026-02-05,1172,245,250
2026-02-05,1173,240,245
2026-02-05,1174,245,250
2026-02-05,1178,107,117
2026-02-05,1179,117,127
2026-02-05,1188,,
2026-02-05,1189,260,270
2026-02-05,1200,170,175
2026-02-05,1201,160,165
2026-02-05,1203,285,290
2026-02-05,1204,235,245
2026-02-05,1205,310,320
2026-02-05,1206,250,255
2026-02-05,1207,,
2026-02-05,1208,190,200
2026-02-05,1209,165,175
2026-02-05,1210,,
2026-02-05,1211,,
2026-02-05,1213,240,250
2026-02-05,1225,,
2026-02-05,1241,105,125
2026-02-05,1242,115,135
2026-02-05,1244,80,100
2026-02-05,1251,110,130
2026-02-05,1252,120,140
2026-02-05,1254,85,105
2026-02-05,1255,108,150
2026-02-05,1259,103,150
2026-02-05,1265,113,160
2026-02-05,1266,150,170
2026-02-05,1267,160,180
2026-02-05,1270,118,160
2026-02-05,1271,155,170
2026-02-05,1272,165,185
2026-02-05,1295,,
2026-02-05,1297,,
2026-02-05,1311,220,225
2026-02-05,1323,,
2026-02-05,1330,,
2026-02-05,1331,,
2026-02-05,1332,,
2026-02-05,1333,,
2026-02-05,1334,,
2026-02-05,1335,1260,1520
2026-02-05,1336,750,950
2026-02-05,1338,300,310
2026-02-05,1339,,
2026-02-05,1344,231,235
2026-02-05,1346,,
2026-02-05,1362,299,304
2026-02-05,1367,340,360
2026-02-05,1368,,
2026-02-05,1369,350,385
2026-02-05,1373,225,233
2026-02-05,1374,252,257
2026-02-05,1375,244,249
2026-02-05,1376,234,239
2026-02-05,1377,,
2026-02-05,1378,260,265
2026-02-05,1379,250,255
2026-02-05,1380,240,245
2026-02-05,1381,272,277
2026-02-05,1382,262,267
2026-02-05,1383,252,257
2026-02-05,1384,285,290
2026-02-05,1385,224,229
2026-02-05,1386,435,450
2026-02-05,1387,400,410
2026-02-05,1388,315,325
2026-02-05,1389,350,360
2026-02-05,1390,335,345
2026-02-05,1391,,
2026-02-05,1392,540,580
2026-02-05,1393,580,730
2026-02-05,1394,430,510
2026-02-12,649,217,219
2026-02-12,650,410,415
2026-02-12,684,460,465
2026-02-12,686,128,130
2026-02-12,687,141,142
2026-02-12,688,160,163
2026-02-12,689,148,150
2026-02-12,691,188,190
2026-02-12,692,202,203
2026-02-12,693,220,222
2026-02-12,694,125,127
2026-02-12,695,148,150
2026-02-12,696,153,155
2026-02-12,697,231,233
2026-02-12,711,364,366
2026-02-12,712,,
2026-02-12,713,370,372
2026-02-12,714,370,372
2026-02-12,717,482,485
2026-02-12,718,,
2026-02-12,719,215,220
2026-02-12,720,267,272
2026-02-12,721,282,285
2026-02-12,722,,429
2026-02-12,723,439,444
2026-02-12,735,1887,1942
2026-02-12,736,2702,2727
2026-02-12,739,211,220
2026-02-12,742,304,305
2026-02-12,743,304,305
2026-02-12,744,242,247
2026-02-12,745,268,273
2026-02-12,747,370,400
2026-02-12,833,,
2026-02-12,849,185,205
2026-02-12,850,190,215
2026-02-12,860,235,240
2026-02-12,861,240,245
2026-02-12,863,433,438
2026-02-12,864,,
2026-02-12,871,235,240
2026-02-12,872,240,245
2026-02-12,909,247,249
2026-02-12,924,315,325
2026-02-12,951,525,530
2026-02-12,963,,
2026-02-12,967,220,240
2026-02-12,993,360,380
2026-02-12,994,410,430
2026-02-12,995,460,500
2026-02-12,996,470,510
2026-02-12,998,940,945
2026-02-12,999,900,905
2026-02-12,1000,,
2026-02-12,1026,,
2026-02-12,1027,,
2026-02-12,1030,103,113
2026-02-12,1031,113,123
2026-02-12,1032,,
2026-02-12,1034,720,730
2026-02-12,1050,415,425
2026-02-12,1095,,
2026-02-12,1115,288,290
2026-02-12,1116,290,292
2026-02-12,1117,,
2026-02-12,1118,223,226
2026-02-12,1119,260,265
2026-02-12,1121,,
2026-02-12,1123,,
2026-02-12,1127,225,227
2026-02-12,1128,241,243
2026-02-12,1129,241,
2026-02-12,1130,227,230
2026-02-12,1131,165,170
2026-02-12,1134,222,225
2026-02-12,1135,230,235
2026-02-12,1137,,
2026-02-12,1139,287,297
2026-02-12,1140,282,300
2026-02-12,1146,1150,1350
2026-02-12,1147,860,1150
2026-02-12,1148,700,900
2026-02-12,1150,700,900
2026-02-12,1151,1100,1300
2026-02-12,1152,850,1050
2026-02-12,1153,470,480
2026-02-12,1154,425,440
2026-02-12,1155,190,200
2026-02-12,1156,185,200
2026-02-12,1157,150,160
2026-02-12,1158,60,70
2026-02-12,1161,190,210
2026-02-12,1162,200,220
2026-02-12,1165,,
2026-02-12,1166,,
2026-02-12,1167,252,255
2026-02-12,1171,240,245
2026-02-12,1172,245,250
2026-02-12,1173,240,245
2026-02-12,1174,245,250
2026-02-12,1178,110,120
2026-02-12,1179,,
2026-02-12,1188,,
2026-02-12,1189,260,270
2026-02-12,1200,170,175
2026-02-12,1201,160,165
2026-02-12,1203,285,290
2026-02-12,1204,235,245
2026-02-12,1205,310,320
2026-02-12,1206,250,255
2026-02-12,1207,,
2026-02-12,1208,190,200
2026-02-12,1209,165,175
2026-02-12,1210,,
2026-02-12,1211,,
2026-02-12,1213,240,250
2026-02-12,1225,,
2026-02-12,1241,105,125
2026-02-12,1242,115,135
2026-02-12,1244,80,100
2026-02-12,1251,110,130
2026-02-12,1252,120,140
2026-02-12,1254,85,105
2026-02-12,1255,108,150
2026-02-12,1259,103,150
2026-02-12,1265,113,160
2026-02-12,1266,150,170
2026-02-12,1267,160,180
2026-02-12,1270,118,160
2026-02-12,1271,155,170
2026-02-12,1272,165,185
2026-02-12,1295,,
2026-02-12,1297,,
2026-02-12,1311,220,225
2026-02-12,1323,,
2026-02-12,1330,,
2026-02-12,1331,,
2026-02-12,1332,,
2026-02-12,1333,,
2026-02-12,1334,,
2026-02-12,1335,1160,1400
2026-02-12,1336,700,900
2026-02-12,1338,300,310
2026-02-12,1339,,
2026-02-12,1344,226,230
2026-02-12,1346,,
2026-02-12,1362,299,304
2026-02-12,1367,340,360
2026-02-12,1368,,
2026-02-12,1369,350,385
2026-02-12,1373,222,233
2026-02-12,1374,249,254
2026-02-12,1375,244,249
2026-02-12,1376,234,239
2026-02-12,1377,,
2026-02-12,1378,257,262
2026-02-12,1379,250,255
2026-02-12,1380,240,245
2026-02-12,1381,269,274
2026-02-12,1382,262,267
2026-02-12,1383,252,257
2026-02-12,1384,285,290
2026-02-12,1385,224,229
2026-02-12,1386,440,455
2026-02-12,1387,405,415
2026-02-12,1388,320,330
2026-02-12,1389,350,360
2026-02-12,1390,335,345
2026-02-12,1391,,
2026-02-12,1392,490,530
2026-02-12,1393,530,670
2026-02-12,1394,380,430
2026-02-19,649,216,218
2026-02-19,650,415,420
2026-02-19,684,460,465
2026-02-19,686,128,130
2026-02-19,687,141,142
2026-02-19,688,160,163
2026-02-19,689,148,150
2026-02-19,691,188,190
2026-02-19,692,202,203
2026-02-19,693,220,222
2026-02-19,694,125,127
2026-02-19,695,148,150
2026-02-19,696,153,155
2026-02-19,697,231,233
2026-02-19,711,399,401
2026-02-19,712,,
2026-02-19,713,405,407
2026-02-19,714,405,407
2026-02-19,717,487,490
2026-02-19,718,,
2026-02-19,719,225,230
2026-02-19,720,267,272
2026-02-19,721,287,290
2026-02-19,722,,434
2026-02-19,723,444,449
2026-02-19,735,1887,1942
2026-02-19,736,2702,2727
2026-02-19,739,211,220
2026-02-19,742,304,305
2026-02-19,743,304,305
2026-02-19,744,242,247
2026-02-19,745,268,273
2026-02-19,747,370,400
2026-02-19,833,,
2026-02-19,849,185,205
2026-02-19,850,190,215
2026-02-19,860,235,240
2026-02-19,861,240,245
2026-02-19,863,438,443
2026-02-19,864,,
2026-02-19,871,235,240
2026-02-19,872,240,245
2026-02-19,909,247,249
2026-02-19,924,315,325
2026-02-19,951,525,530
2026-02-19,963,,
2026-02-19,967,217,237
2026-02-19,993,350,370
2026-02-19,994,400,420
2026-02-19,995,450,490
2026-02-19,996,460,500
2026-02-19,998,940,945
2026-02-19,999,900,905
2026-02-19,1000,,
2026-02-19,1026,,
2026-02-19,1027,,
2026-02-19,1030,103,113
2026-02-19,1031,113,123
2026-02-19,1032,,
2026-02-19,1034,720,730
2026-02-19,1050,415,425
2026-02-19,1095,,
2026-02-19,1115,290,292
2026-02-19,1116,292,294
2026-02-19,1117,,
2026-02-19,1118,221,224
2026-02-19,1119,253,258
2026-02-19,1121,,
2026-02-19,1123,,
2026-02-19,1127,225,227
2026-02-19,1128,241,243
2026-02-19,1129,241,
2026-02-19,1130,227,230
2026-02-19,1131,165,170
2026-02-19,1134,219,222
2026-02-19,1135,227,232
2026-02-19,1137,,
2026-02-19,1139,287,297
2026-02-19,1140,282,300
2026-02-19,1143,490,530
2026-02-19,1144,530,670
2026-02-19,1145,380,430
2026-02-19,1146,1150,1350
2026-02-19,1147,860,1150
2026-02-19,1148,700,900
2026-02-19,1150,700,900
2026-02-19,1151,1100,1300
2026-02-19,1152,850,1050
2026-02-19,1153,470,480
2026-02-19,1154,425,440
2026-02-19,1155,185,195
2026-02-19,1156,180,195
2026-02-19,1157,145,155
2026-02-19,1158,60,70
2026-02-19,1161,190,210
2026-02-19,1162,200,220
2026-02-19,1165,,
2026-02-19,1166,,
2026-02-19,1167,247,250
2026-02-19,1171,240,245
2026-02-19,1172,245,250
2026-02-19,1173,240,245
2026-02-19,1174,245,250
2026-02-19,1178,110,120
2026-02-19,1179,,
2026-02-19,1188,,
2026-02-19,1189,260,270
2026-02-19,1200,170,175
2026-02-19,1201,160,165
2026-02-19,1203,285,290
2026-02-19,1204,235,245
2026-02-19,1205,310,320
2026-02-19,1206,250,255
2026-02-19,1207,,
2026-02-19,1208,190,200
2026-02-19,1209,165,175
2026-02-19,1210,,
2026-02-19,1211,,
2026-02-19,1213,240,250
2026-02-19,1225,,
2026-02-19,1241,105,125
2026-02-19,1242,115,135
2026-02-19,1244,80,100
2026-02-19,1251,110,130
2026-02-19,1252,120,140
2026-02-19,1254,85,105
2026-02-19,1255,108,150
2026-02-19,1259,103,150
2026-02-19,1265,113,160
2026-02-19,1266,150,170
2026-02-19,1267,160,180
2026-02-19,1270,118,160
2026-02-19,1271,155,170
2026-02-19,1272,165,185
2026-02-19,1293,,
2026-02-19,1294,,
2026-02-19,1295,,
2026-02-19,1297,,
2026-02-19,1311,220,225
2026-02-19,1323,,
2026-02-19,1330,,
2026-02-19,1331,,
2026-02-19,1332,,
2026-02-19,1333,,
2026-02-19,1334,,
2026-02-19,1335,1160,1400
2026-02-19,1336,700,900
2026-02-19,1338,302,312
2026-02-19,1339,,
2026-02-19,1344,220,224
2026-02-19,1346,,
2026-02-19,1362,299,304
2026-02-19,1367,340,360
2026-02-19,1368,,
2026-02-19,1369,350,385
2026-02-19,1373,220,233
2026-02-19,1374,245,250
2026-02-19,1375,244,249
2026-02-19,1376,232,237
2026-02-19,1377,,
2026-02-19,1378,257,262
2026-02-19,1379,250,255
2026-02-19,1380,240,245
2026-02-19,1381,269,274
2026-02-19,1382,262,267
2026-02-19,1383,252,257
2026-02-19,1384,287,292
2026-02-19,1385,222,227
2026-02-19,1386,440,455
2026-02-19,1387,405,415
2026-02-19,1388,320,330
2026-02-19,1389,350,360
2026-02-19,1390,335,345
2026-02-19,1391,,
2026-02-26,649,216,218
2026-02-26,650,422,427
2026-02-26,684,460,465
2026-02-26,686,132,134
2026-02-26,687,143,144
2026-02-26,688,160,163
2026-02-26,689,148,150
2026-02-26,691,192,194
2026-02-26,692,204,205
2026-02-26,693,220,222
2026-02-26,694,129,131
2026-02-26,695,148,150
2026-02-26,696,153,155
2026-02-26,697,231,233
2026-02-26,711,424,426
2026-02-26,712,,
2026-02-26,713,430,432
2026-02-26,714,430,432
2026-02-26,717,497,500
2026-02-26,718,,
2026-02-26,719,225,230
2026-02-26,720,267,272
2026-02-26,721,287,290
2026-02-26,722,,439
2026-02-26,723,449,454
2026-02-26,735,1887,1942
2026-02-26,736,2702,2727
2026-02-26,739,211,220
2026-02-26,742,304,305
2026-02-26,743,304,305
2026-02-26,744,242,247
2026-02-26,745,270,275
2026-02-26,747,370,400
2026-02-26,833,,
2026-02-26,849,185,205
2026-02-26,850,190,215
2026-02-26,860,235,240
2026-02-26,861,240,245
2026-02-26,863,448,453
2026-02-26,864,,
2026-02-26,871,235,240
2026-02-26,872,240,245
2026-02-26,909,247,249
2026-02-26,924,315,325
2026-02-26,951,525,530
2026-02-26,963,,
2026-02-26,967,217,237
2026-02-26,993,350,370
2026-02-26,994,400,420
2026-02-26,995,450,490
2026-02-26,996,460,500
2026-02-26,998,945,950
2026-02-26,999,905,910
2026-02-26,1000,,
2026-02-26,1026,,
2026-02-26,1027,,
2026-02-26,1030,103,113
2026-02-26,1031,113,123
2026-02-26,1032,,
2026-02-26,1034,720,730
2026-02-26,1050,415,425
2026-02-26,1095,,
2026-02-26,1115,290,292
2026-02-26,1116,292,294
2026-02-26,1117,,
2026-02-26,1118,219,221
2026-02-26,1119,253,258
2026-02-26,1121,,
2026-02-26,1123,,
2026-02-26,1127,225,227
2026-02-26,1128,241,243
2026-02-26,1129,240,
2026-02-26,1130,227,230
2026-02-26,1131,165,170
2026-02-26,1134,219,222
2026-02-26,1135,227,232
2026-02-26,1137,,
2026-02-26,1139,287,297
2026-02-26,1140,282,300
2026-02-26,1146,1150,1350
2026-02-26,1147,860,1150
2026-02-26,1148,700,900
2026-02-26,1150,670,870
2026-02-26,1151,1100,1300
2026-02-26,1152,850,1050
2026-02-26,1153,470,480
2026-02-26,1154,425,440
2026-02-26,1155,175,185
2026-02-26,1156,180,195
2026-02-26,1157,145,155
2026-02-26,1158,60,70
2026-02-26,1161,190,210
2026-02-26,1162,200,220
2026-02-26,1165,,
2026-02-26,1166,,
2026-02-26,1167,247,250
2026-02-26,1171,240,245
2026-02-26,1172,245,250
2026-02-26,1173,240,245
2026-02-26,1174,245,250
2026-02-26,1178,110,120
2026-02-26,1188,,
2026-02-26,1189,260,270
2026-02-26,1200,170,175
2026-02-26,1201,160,165
2026-02-26,1203,285,290
2026-02-26,1204,235,245
2026-02-26,1205,310,320
2026-02-26,1206,250,255
2026-02-26,1207,,
2026-02-26,1208,190,200
2026-02-26,1209,165,175
2026-02-26,1210,,
2026-02-26,1211,,
2026-02-26,1213,240,250
2026-02-26,1225,,
2026-02-26,1241,105,125
2026-02-26,1242,115,135
2026-02-26,1244,80,100
2026-02-26,1251,110,130
2026-02-26,1252,120,140
2026-02-26,1254,85,105
2026-02-26,1255,108,150
2026-02-26,1259,103,150
2026-02-26,1265,113,160
2026-02-26,1266,150,170
2026-02-26,1267,160,180
2026-02-26,1270,118,160
2026-02-26,1271,155,170
2026-02-26,1272,165,185
2026-02-26,1295,,
2026-02-26,1297,,
2026-02-26,1311,220,225
2026-02-26,1323,,
2026-02-26,1330,,
2026-02-26,1331,,
2026-02-26,1332,,
2026-02-26,1333,,
2026-02-26,1334,,
2026-02-26,1335,1160,1360
2026-02-26,1336,700,900
2026-02-26,1338,302,312
2026-02-26,1339,,
2026-02-26,1344,220,224
2026-02-26,1346,,
2026-02-26,1362,289,294
2026-02-26,1367,340,360
2026-02-26,1368,,
2026-02-26,1369,350,385
2026-02-26,1373,217,233
2026-02-26,1374,243,248
2026-02-26,1375,244,249
2026-02-26,1376,232,237
2026-02-26,1377,,
2026-02-26,1378,257,262
2026-02-26,1379,250,255
2026-02-26,1380,240,245
2026-02-26,1381,269,274
2026-02-26,1382,262,267
2026-02-26,1383,252,257
2026-02-26,1384,287,292
2026-02-26,1385,222,227
2026-02-26,1386,440,455
2026-02-26,1387,405,415
2026-02-26,1388,320,330
2026-02-26,1389,350,360
2026-02-26,1390,335,345
2026-02-26,1391,,
2026-02-26,1392,490,530
2026-02-26,1393,530,625
2026-02-26,1394,380,430
2026-03-05,649,216,218
2026-03-05,650,430,435
2026-03-05,684,460,465
2026-03-05,686,137,139
2026-03-05,687,148,149
2026-03-05,688,160,163
2026-03-05,689,148,150
2026-03-05,691,197,199
2026-03-05,692,209,210
2026-03-05,693,220,222
2026-03-05,694,134,136
2026-03-05,695,148,150
2026-03-05,696,153,155
2026-03-05,697,231,233
2026-03-05,711,429,431
2026-03-05,712,,
2026-03-05,713,435,437
2026-03-05,714,435,437
2026-03-05,717,497,500
2026-03-05,718,,
2026-03-05,719,230,235
2026-03-05,720,267,272
2026-03-05,721,287,290
2026-03-05,722,,449
2026-03-05,723,459,464
2026-03-05,735,1897,1952
2026-03-05,736,2712,2737
2026-03-05,739,211,220
2026-03-05,742,304,305
2026-03-05,743,304,305
2026-03-05,744,242,247
2026-03-05,745,272,277
2026-03-05,747,370,400
2026-03-05,833,,
2026-03-05,849,185,205
2026-03-05,850,190,215
2026-03-05,860,235,240
2026-03-05,861,240,245
2026-03-05,863,448,453
2026-03-05,864,,
2026-03-05,871,235,240
2026-03-05,872,240,245
2026-03-05,909,250,252
2026-03-05,924,315,325
2026-03-05,951,525,530
2026-03-05,963,,
2026-03-05,967,217,237
2026-03-05,993,350,370
2026-03-05,994,400,420
2026-03-05,995,450,490
2026-03-05,996,460,500
2026-03-05,998,955,960
2026-03-05,999,915,920
2026-03-05,1000,,
2026-03-05,1026,,
2026-03-05,1027,,
2026-03-05,1030,105,115
2026-03-05,1031,115,125
2026-03-05,1032,,
2026-03-05,1034,720,730
2026-03-05,1050,415,425
2026-03-05,1095,,
2026-03-05,1115,300,302
2026-03-05,1116,302,304
2026-03-05,1117,,
2026-03-05,1118,223,225
2026-03-05,1119,253,258
2026-03-05,1121,,
2026-03-05,1123,,
2026-03-05,1127,228,230
2026-03-05,1128,244,246
2026-03-05,1129,245,
2026-03-05,1130,230,233
2026-03-05,1131,165,170
2026-03-05,1134,219,222
2026-03-05,1135,227,232
2026-03-05,1137,,
2026-03-05,1139,287,297
2026-03-05,1140,282,300
2026-03-05,1146,1150,1350
2026-03-05,1147,860,1150
2026-03-05,1148,700,900
2026-03-05,1150,670,870
2026-03-05,1151,1100,1300
2026-03-05,1152,850,1050
2026-03-05,1153,465,475
2026-03-05,1154,420,435
2026-03-05,1155,165,175
2026-03-05,1156,175,190
2026-03-05,1157,140,150
2026-03-05,1158,60,70
2026-03-05,1161,190,210
2026-03-05,1162,200,220
2026-03-05,1165,,
2026-03-05,1166,,
2026-03-05,1167,247,250
2026-03-05,1171,240,245
2026-03-05,1172,245,250
2026-03-05,1173,240,245
2026-03-05,1174,245,250
2026-03-05,1178,112,122
2026-03-05,1179,,
2026-03-05,1188,,
2026-03-05,1189,260,270
2026-03-05,1200,170,175
2026-03-05,1201,160,165
2026-03-05,1203,285,290
2026-03-05,1204,235,245
2026-03-05,1205,310,320
2026-03-05,1206,250,255
2026-03-05,1207,,
2026-03-05,1208,190,200
2026-03-05,1209,165,175
2026-03-05,1210,,
2026-03-05,1211,,
2026-03-05,1213,240,250
2026-03-05,1225,,
2026-03-05,1241,105,125
2026-03-05,1242,115,135
2026-03-05,1244,80,100
2026-03-05,1251,110,130
2026-03-05,1252,120,140
2026-03-05,1254,85,105
2026-03-05,1255,108,150
2026-03-05,1259,103,150
2026-03-05,1265,113,160
2026-03-05,1266,150,170
2026-03-05,1267,160,180
2026-03-05,1270,118,160
2026-03-05,1271,155,170
2026-03-05,1272,165,185
2026-03-05,1295,,
2026-03-05,1297,,
2026-03-05,1311,220,225
2026-03-05,1323,,
2026-03-05,1330,,
2026-03-05,1331,,
2026-03-05,1332,,
2026-03-05,1333,,
2026-03-05,1334,,
2026-03-05,1335,1160,1360
2026-03-05,1336,700,900
2026-03-05,1338,302,312
2026-03-05,1339,,
2026-03-05,1344,220,224
2026-03-05,1346,,
2026-03-05,1362,289,294
2026-03-05,1367,330,355
2026-03-05,1368,,
2026-03-05,1369,350,385
2026-03-05,1373,221,238
2026-03-05,1374,243,248
2026-03-05,1375,244,249
2026-03-05,1376,232,237
2026-03-05,1377,,
2026-03-05,1378,257,262
2026-03-05,1379,250,255
2026-03-05,1380,240,245
2026-03-05,1381,269,274
2026-03-05,1382,262,267
2026-03-05,1383,252,257
2026-03-05,1384,287,292
2026-03-05,1385,222,227
2026-03-05,1386,440,455
2026-03-05,1387,405,415
2026-03-05,1388,320,330
2026-03-05,1389,350,360
2026-03-05,1390,335,345
2026-03-05,1391,,
2026-03-05,1392,490,530
2026-03-05,1393,530,625
2026-03-05,1394,380,430
2026-03-12,649,216,218
2026-03-12,650,443,448
2026-03-12,684,460,465
2026-03-12,686,147,149
2026-03-12,687,158,159
2026-03-12,688,164,167
2026-03-12,689,158,160
2026-03-12,691,207,209
2026-03-12,692,219,220
2026-03-12,693,224,226
2026-03-12,694,144,146
2026-03-12,695,158,160
2026-03-12,696,163,165
2026-03-12,697,231,233
2026-03-12,711,434,436
2026-03-12,712,,
2026-03-12,713,440,442
2026-03-12,714,440,442
2026-03-12,717,497,500
2026-03-12,718,,
2026-03-12,719,235,240
2026-03-12,720,272,277
2026-03-12,721,287,290
2026-03-12,722,,462
2026-03-12,723,477,482
2026-03-12,735,1927,1982
2026-03-12,736,2742,2767
2026-03-12,739,209,215
2026-03-12,742,304,305
2026-03-12,743,304,305
2026-03-12,744,242,247
2026-03-12,745,275,280
2026-03-12,747,370,400
2026-03-12,833,,
2026-03-12,849,185,205
2026-03-12,850,190,215
2026-03-12,860,235,240
2026-03-12,861,240,245
2026-03-12,863,448,453
2026-03-12,864,,
2026-03-12,871,235,240
2026-03-12,872,240,245
2026-03-12,909,255,257
2026-03-12,924,315,325
2026-03-12,951,525,530
2026-03-12,963,,
2026-03-12,967,217,237
2026-03-12,993,350,370
2026-03-12,994,400,420
2026-03-12,995,450,490
2026-03-12,996,460,500
2026-03-12,998,965,970
2026-03-12,999,925,930
2026-03-12,1000,,
2026-03-12,1026,,
2026-03-12,1027,,
2026-03-12,1030,105,115
2026-03-12,1031,115,125
2026-03-12,1032,,
2026-03-12,1034,720,730
2026-03-12,1050,,
2026-03-12,1095,,
2026-03-12,1115,310,312
2026-03-12,1116,307,309
2026-03-12,1117,,
2026-03-12,1118,228,230
2026-03-12,1119,253,258
2026-03-12,1121,,
2026-03-12,1123,,
2026-03-12,1127,233,235
2026-03-12,1128,249,251
2026-03-12,1129,245,
2026-03-12,1130,233,236
2026-03-12,1131,165,170
2026-03-12,1134,219,222
2026-03-12,1135,227,232
2026-03-12,1137,,
2026-03-12,1139,287,297
2026-03-12,1140,282,300
2026-03-12,1146,1150,1350
2026-03-12,1147,860,1150
2026-03-12,1148,700,900
2026-03-12,1150,670,870
2026-03-12,1151,1100,1300
2026-03-12,1152,850,1050
2026-03-12,1153,465,475
2026-03-12,1154,420,435
2026-03-12,1155,165,175
2026-03-12,1156,175,190
2026-03-12,1157,140,150
2026-03-12,1158,60,70
2026-03-12,1161,190,210
2026-03-12,1162,200,220
2026-03-12,1165,,
2026-03-12,1166,,
2026-03-12,1167,247,250
2026-03-12,1171,240,245
2026-03-12,1172,245,250
2026-03-12,1173,240,245
2026-03-12,1174,245,250
2026-03-12,1178,112,122
2026-03-12,1179,,
2026-03-12,1188,,
2026-03-12,1189,260,270
2026-03-12,1200,170,175
2026-03-12,1201,160,165
2026-03-12,1203,285,290
2026-03-12,1204,235,245
2026-03-12,1205,310,320
2026-03-12,1206,250,255
2026-03-12,1207,,
2026-03-12,1208,190,200
2026-03-12,1209,165,175
2026-03-12,1210,,
2026-03-12,1211,,
2026-03-12,1213,240,250
2026-03-12,1225,,
2026-03-12,1241,105,125
2026-03-12,1242,115,135
2026-03-12,1244,80,100
2026-03-12,1251,110,130
2026-03-12,1252,120,140
2026-03-12,1254,85,105
2026-03-12,1255,108,150
2026-03-12,1259,103,150
2026-03-12,1265,113,160
2026-03-12,1266,150,170
2026-03-12,1267,160,180
2026-03-12,1270,118,160
2026-03-12,1271,155,170
2026-03-12,1272,165,185
2026-03-12,1295,,
2026-03-12,1297,,
2026-03-12,1311,220,225
2026-03-12,1323,,
2026-03-12,1330,,
2026-03-12,1331,,
2026-03-12,1332,,
2026-03-12,1333,,
2026-03-12,1334,,
2026-03-12,1335,1160,1360
2026-03-12,1336,700,900
2026-03-12,1338,302,312
2026-03-12,1339,,
2026-03-12,1344,220,224
2026-03-12,1346,,
2026-03-12,1362,289,294
2026-03-12,1367,330,355
2026-03-12,1368,,
2026-03-12,1369,350,385
2026-03-12,1373,226,243
2026-03-12,1374,243,248
2026-03-12,1375,244,249
2026-03-12,1376,232,237
2026-03-12,1377,,
2026-03-12,1378,257,262
2026-03-12,1379,250,255
2026-03-12,1380,240,245
2026-03-12,1381,269,274
2026-03-12,1382,262,267
2026-03-12,1383,252,257
2026-03-12,1384,287,292
2026-03-12,1385,222,227
2026-03-12,1386,440,455
2026-03-12,1387,405,415
2026-03-12,1388,320,330
2026-03-12,1389,350,360
2026-03-12,1390,335,345
2026-03-12,1391,,
2026-03-12,1392,490,530
2026-03-12,1393,530,625
2026-03-12,1394,380,430
2026-03-19,649,216,218
2026-03-19,650,437,442
2026-03-19,684,460,465
2026-03-19,686,155,157
2026-03-19,687,168,169
2026-03-19,688,174,177
2026-03-19,689,168,170
2026-03-19,691,215,217
2026-03-19,692,229,230
2026-03-19,693,234,236
2026-03-19,694,152,154
2026-03-19,695,168,170
2026-03-19,696,173,175
2026-03-19,697,231,233
2026-03-19,711,444,446
2026-03-19,712,,
2026-03-19,713,450,452
2026-03-19,714,452,454
2026-03-19,717,507,510
2026-03-19,718,,
2026-03-19,719,240,245
2026-03-19,720,275,280
2026-03-19,721,287,290
2026-03-19,722,,465
2026-03-19,723,472,477
2026-03-19,735,1937,1992
2026-03-19,736,2742,2767
2026-03-19,739,209,215
2026-03-19,742,304,305
2026-03-19,743,304,305
2026-03-19,744,247,252
2026-03-19,745,285,290
2026-03-19,747,375,405
2026-03-19,833,,
2026-03-19,849,185,205
2026-03-19,850,190,215
2026-03-19,860,235,240
2026-03-19,861,240,245
2026-03-19,863,458,463
2026-03-19,864,,
2026-03-19,871,235,240
2026-03-19,872,240,245
2026-03-19,909,255,257
2026-03-19,924,315,325
2026-03-19,951,525,530
2026-03-19,963,,
2026-03-19,967,220,240
2026-03-19,993,350,370
2026-03-19,994,400,420
2026-03-19,995,450,490
2026-03-19,996,460,500
2026-03-19,998,970,975
2026-03-19,999,930,935
2026-03-19,1000,,
2026-03-19,1026,,
2026-03-19,1027,,
2026-03-19,1030,105,115
2026-03-19,1031,115,125
2026-03-19,1032,,
2026-03-19,1034,720,730
2026-03-19,1050,,
2026-03-19,1095,,
2026-03-19,1115,310,312
2026-03-19,1116,307,309
2026-03-19,1117,,
2026-03-19,1118,228,230
2026-03-19,1119,253,258
2026-03-19,1121,,
2026-03-19,1123,,
2026-03-19,1127,233,235
2026-03-19,1128,249,251
2026-03-19,1129,245,
2026-03-19,1130,236,239
2026-03-19,1131,165,170
2026-03-19,1134,219,222
2026-03-19,1135,227,232
2026-03-19,1137,,
2026-03-19,1139,287,297
2026-03-19,1140,282,300
2026-03-19,1146,1200,1400
2026-03-19,1147,860,1150
2026-03-19,1148,700,900
2026-03-19,1150,670,870
2026-03-19,1151,1100,1300
2026-03-19,1152,850,1050
2026-03-19,1153,465,475
2026-03-19,1154,420,435
2026-03-19,1155,165,175
2026-03-19,1156,175,190
2026-03-19,1157,140,150
2026-03-19,1158,60,70
2026-03-19,1161,190,210
2026-03-19,1162,200,220
2026-03-19,1165,,
2026-03-19,1166,,
2026-03-19,1167,247,250
2026-03-19,1171,240,245
2026-03-19,1172,245,250
2026-03-19,1173,240,245
2026-03-19,1174,245,250
2026-03-19,1178,112,122
2026-03-19,1179,,
2026-03-19,1188,,
2026-03-19,1189,260,270
2026-03-19,1200,170,175
2026-03-19,1201,160,165
2026-03-19,1203,285,290
2026-03-19,1204,235,245
2026-03-19,1205,310,320
2026-03-19,1206,250,255
2026-03-19,1207,,
2026-03-19,1208,190,200
2026-03-19,1209,165,175
2026-03-19,1210,,
2026-03-19,1211,,
2026-03-19,1213,240,250
2026-03-19,1225,,
2026-03-19,1241,105,125
2026-03-19,1242,115,135
2026-03-19,1244,80,100
2026-03-19,1251,110,130
2026-03-19,1252,120,140
2026-03-19,1254,85,105
2026-03-19,1255,108,150
2026-03-19,1259,103,150
2026-03-19,1265,113,160
2026-03-19,1266,150,170
2026-03-19,1267,160,180
2026-03-19,1270,118,160
2026-03-19,1271,155,170
2026-03-19,1272,165,185
2026-03-19,1295,,
2026-03-19,1297,,
2026-03-19,1311,220,225
2026-03-19,1323,,
2026-03-19,1330,,
2026-03-19,1331,,
2026-03-19,1332,,
2026-03-19,1333,,
2026-03-19,1334,,
2026-03-19,1335,1240,1360
2026-03-19,1336,700,900
2026-03-19,1338,302,312
2026-03-19,1339,,
2026-03-19,1344,220,224
2026-03-19,1346,,
2026-03-19,1362,289,294
2026-03-19,1367,330,355
2026-03-19,1368,,
2026-03-19,1369,350,385
2026-03-19,1373,226,243
2026-03-19,1374,243,248
2026-03-19,1375,244,249
2026-03-19,1376,232,237
2026-03-19,1377,,
2026-03-19,1378,260,265
2026-03-19,1379,253,258
2026-03-19,1380,243,248
2026-03-19,1381,274,279
2026-03-19,1382,267,272
2026-03-19,1383,257,262
2026-03-19,1384,287,292
2026-03-19,1385,222,227
2026-03-19,1386,440,455
2026-03-19,1387,405,415
2026-03-19,1388,320,330
2026-03-19,1389,350,360
2026-03-19,1390,335,345
2026-03-19,1391,,
2026-03-19,1392,515,555
2026-03-19,1393,570,625
2026-03-19,1394,380,430
2026-03-26,649,216,218
2026-03-26,650,427,432
2026-03-26,684,460,465
2026-03-26,686,165,167
2026-03-26,687,178,179
2026-03-26,688,189,192
2026-03-26,689,178,180
2026-03-26,691,225,227
2026-03-26,692,239,240
2026-03-26,693,249,251
2026-03-26,694,162,164
2026-03-26,695,178,180
2026-03-26,696,183,185
2026-03-26,697,231,233
2026-03-26,711,439,441
2026-03-26,712,,
2026-03-26,713,445,447
2026-03-26,714,447,449
2026-03-26,717,499,502
2026-03-26,718,,
2026-03-26,719,240,245
2026-03-26,720,270,275
2026-03-26,721,287,290
2026-03-26,722,,445
2026-03-26,723,459,464
2026-03-26,735,1917,1972
2026-03-26,736,2722,2747
2026-03-26,739,209,215
2026-03-26,742,304,305
2026-03-26,743,304,305
2026-03-26,744,250,255
2026-03-26,745,290,295
2026-03-26,747,375,405
2026-03-26,833,,
2026-03-26,849,185,205
2026-03-26,850,190,215
2026-03-26,860,235,240
2026-03-26,861,240,245
2026-03-26,863,450,455
2026-03-26,864,,
2026-03-26,871,235,240
2026-03-26,872,240,245
2026-03-26,909,255,257
2026-03-26,924,315,325
2026-03-26,951,525,530
2026-03-26,963,,
2026-03-26,967,225,245
2026-03-26,993,350,370
2026-03-26,994,400,420
2026-03-26,995,450,490
2026-03-26,996,460,500
2026-03-26,998,980,985
2026-03-26,999,940,945
2026-03-26,1000,,
2026-03-26,1026,,
2026-03-26,1027,,
2026-03-26,1030,105,115
2026-03-26,1031,115,125
2026-03-26,1032,,
2026-03-26,1034,720,730
2026-03-26,1050,,
2026-03-26,1095,,
2026-03-26,1115,310,312
2026-03-26,1116,307,309
2026-03-26,1117,,
2026-03-26,1118,226,228
2026-03-26,1119,253,258
2026-03-26,1121,,
2026-03-26,1123,,
2026-03-26,1127,233,235
2026-03-26,1128,249,251
2026-03-26,1129,245,
2026-03-26,1130,236,239
2026-03-26,1131,165,170
2026-03-26,1134,219,222
2026-03-26,1135,227,232
2026-03-26,1137,,
2026-03-26,1139,287,297
2026-03-26,1140,282,300
2026-03-26,1146,1220,1420
2026-03-26,1147,860,1150
2026-03-26,1148,700,900
2026-03-26,1150,670,870
2026-03-26,1151,1100,1300
2026-03-26,1152,850,1050
2026-03-26,1153,470,480
2026-03-26,1154,425,440
2026-03-26,1155,165,175
2026-03-26,1156,180,195
2026-03-26,1157,145,155
2026-03-26,1158,60,70
2026-03-26,1161,190,210
2026-03-26,1162,200,220
2026-03-26,1165,,
2026-03-26,1166,,
2026-03-26,1167,247,250
2026-03-26,1171,240,245
2026-03-26,1172,245,250
2026-03-26,1173,240,245
2026-03-26,1174,245,250
2026-03-26,1178,112,122
2026-03-26,1188,,
2026-03-26,1189,260,270
2026-03-26,1200,170,175
2026-03-26,1201,160,165
2026-03-26,1203,285,290
2026-03-26,1204,235,245
2026-03-26,1205,310,320
2026-03-26,1206,,
2026-03-26,1207,,
2026-03-26,1208,190,200
2026-03-26,1209,165,175
2026-03-26,1210,,
2026-03-26,1211,,
2026-03-26,1213,240,250
2026-03-26,1225,,
2026-03-26,1241,105,125
2026-03-26,1242,115,135
2026-03-26,1244,80,100
2026-03-26,1251,110,130
2026-03-26,1252,120,140
2026-03-26,1254,85,105
2026-03-26,1255,100,155
2026-03-26,1259,95,155
2026-03-26,1265,105,165
2026-03-26,1266,150,170
2026-03-26,1267,160,180
2026-03-26,1270,110,165
2026-03-26,1271,155,170
2026-03-26,1272,165,185
2026-03-26,1295,,
2026-03-26,1297,,
2026-03-26,1311,220,225
2026-03-26,1323,,
2026-03-26,1330,,
2026-03-26,1331,,
2026-03-26,1332,,
2026-03-26,1333,,
2026-03-26,1334,,
2026-03-26,1335,1240,1360
2026-03-26,1336,700,900
2026-03-26,1338,302,312
2026-03-26,1339,,
2026-03-26,1344,222,226
2026-03-26,1346,,
2026-03-26,1362,285,290
2026-03-26,1367,330,355
2026-03-26,1368,,
2026-03-26,1369,350,385
2026-03-26,1373,224,241
2026-03-26,1374,243,248
2026-03-26,1375,244,249
2026-03-26,1376,232,237
2026-03-26,1377,,
2026-03-26,1378,260,265
2026-03-26,1379,253,258
2026-03-26,1380,243,248
2026-03-26,1381,274,279
2026-03-26,1382,267,272
2026-03-26,1383,257,262
2026-03-26,1384,287,292
2026-03-26,1385,222,227
2026-03-26,1386,440,455
2026-03-26,1387,400,410
2026-03-26,1388,320,330
2026-03-26,1389,353,363
2026-03-26,1390,338,348
2026-03-26,1391,,
2026-03-26,1392,525,565
2026-03-26,1393,570,625
2026-03-26,1394,380,430
2026-04-02,649,216,218
2026-04-02,650,422,427
2026-04-02,684,460,465
2026-04-02,686,172,174
2026-04-02,687,185,186
2026-04-02,688,199,202
2026-04-02,689,183,185
2026-04-02,691,232,234
2026-04-02,692,246,247
2026-04-02,693,259,261
2026-04-02,694,169,171
2026-04-02,695,183,185
2026-04-02,696,193,195
2026-04-02,697,231,233
2026-04-02,711,424,426
2026-04-02,712,,
2026-04-02,713,430,432
2026-04-02,714,432,434
2026-04-02,717,494,497
2026-04-02,718,,
2026-04-02,719,245,250
2026-04-02,720,273,278
2026-04-02,721,287,290
2026-04-02,722,,440
2026-04-02,723,459,464
2026-04-02,735,1947,2002
2026-04-02,736,2722,2747
2026-04-02,739,209,215
2026-04-02,742,304,305
2026-04-02,743,304,305
2026-04-02,744,250,255
2026-04-02,745,290,295
2026-04-02,747,375,405
2026-04-02,833,,
2026-04-02,849,185,205
2026-04-02,850,190,215
2026-04-02,860,235,245
2026-04-02,861,240,250
2026-04-02,863,445,450
2026-04-02,864,,
2026-04-02,871,235,245
2026-04-02,872,240,250
2026-04-02,909,255,257
2026-04-02,924,315,325
2026-04-02,951,525,530
2026-04-02,963,,
2026-04-02,967,230,250
2026-04-02,993,350,370
2026-04-02,994,400,420
2026-04-02,995,450,490
2026-04-02,996,460,500
2026-04-02,998,990,995
2026-04-02,999,950,955
2026-04-02,1026,,
2026-04-02,1027,,
2026-04-02,1030,105,115
2026-04-02,1031,115,125
2026-04-02,1032,,
2026-04-02,1034,,
2026-04-02,1050,,
2026-04-02,1095,,
2026-04-02,1115,310,312
2026-04-02,1116,307,309
2026-04-02,1117,,
2026-04-02,1118,226,228
2026-04-02,1119,253,258
2026-04-02,1121,,
2026-04-02,1123,,
2026-04-02,1127,233,235
2026-04-02,1128,249,251
2026-04-02,1129,245,
2026-04-02,1130,236,239
2026-04-02,1131,165,170
2026-04-02,1134,219,222
2026-04-02,1135,227,232
2026-04-02,1137,,
2026-04-02,1139,,
2026-04-02,1140,282,300
2026-04-02,1146,1220,1420
2026-04-02,1147,860,1150
2026-04-02,1148,730,930
2026-04-02,1150,700,900
2026-04-02,1151,1100,1300
2026-04-02,1152,880,1080
2026-04-02,1153,475,485
2026-04-02,1154,430,445
2026-04-02,1155,165,175
2026-04-02,1156,190,205
2026-04-02,1157,155,165
2026-04-02,1158,60,70
2026-04-02,1161,190,210
2026-04-02,1162,200,220
2026-04-02,1165,,
2026-04-02,1166,,
2026-04-02,1167,247,250
2026-04-02,1171,240,250
2026-04-02,1172,245,255
2026-04-02,1173,240,250
2026-04-02,1174,245,255
2026-04-02,1178,112,122
2026-04-02,1179,,
2026-04-02,1188,,
2026-04-02,1189,260,270
2026-04-02,1200,170,175
2026-04-02,1201,160,165
2026-04-02,1203,,
2026-04-02,1204,,
2026-04-02,1205,,
2026-04-02,1206,,
2026-04-02,1207,,
2026-04-02,1208,190,200
2026-04-02,1209,165,175
2026-04-02,1210,,
2026-04-02,1211,,
2026-04-02,1213,240,250
2026-04-02,1225,,
2026-04-02,1241,100,125
2026-04-02,1242,110,130
2026-04-02,1244,80,100
2026-04-02,1251,105,130
2026-04-02,1252,115,135
2026-04-02,1254,85,105
2026-04-02,1255,100,155
2026-04-02,1259,95,155
2026-04-02,1265,105,165
2026-04-02,1266,150,170
2026-04-02,1267,160,180
2026-04-02,1270,110,165
2026-04-02,1271,155,170
2026-04-02,1272,165,185
2026-04-02,1295,,
2026-04-02,1297,,
2026-04-02,1311,220,225
2026-04-02,1323,,
2026-04-02,1330,,
2026-04-02,1331,,
2026-04-02,1332,,
2026-04-02,1333,,
2026-04-02,1334,,
2026-04-02,1335,1240,1360
2026-04-02,1336,700,900
2026-04-02,1338,302,312
2026-04-02,1339,,
2026-04-02,1344,222,226
2026-04-02,1346,,
2026-04-02,1362,285,290
2026-04-02,1367,330,355
2026-04-02,1368,,
2026-04-02,1369,350,385
2026-04-02,1373,224,241
2026-04-02,1374,243,248
2026-04-02,1375,244,249
2026-04-02,1376,232,237
2026-04-02,1377,,
2026-04-02,1378,,
2026-04-02,1381,,
2026-04-02,1384,287,292
2026-04-02,1385,222,227
2026-04-02,1386,440,455
2026-04-02,1387,400,410
2026-04-02,1388,320,330
2026-04-02,1389,353,363
2026-04-02,1390,338,348
2026-04-02,1391,,
2026-04-02,1392,525,565
2026-04-02,1393,570,625
2026-04-02,1394,380,430
2026-04-02,1395,670,690
2026-04-09,649,216,218
2026-04-09,650,417,422
2026-04-09,684,460,465
2026-04-09,686,172,174
2026-04-09,687,185,186
2026-04-09,688,199,202
2026-04-09,689,183,185
2026-04-09,691,232,234
2026-04-09,692,246,247
2026-04-09,693,259,261
2026-04-09,694,169,171
2026-04-09,695,183,185
2026-04-09,696,193,195
2026-04-09,697,231,233
2026-04-09,711,409,411
2026-04-09,712,,
2026-04-09,713,415,417
2026-04-09,714,417,419
2026-04-09,717,489,492
2026-04-09,718,,
2026-04-09,719,245,250
2026-04-09,720,273,278
2026-04-09,721,287,290
2026-04-09,722,,435
2026-04-09,723,454,459
2026-04-09,735,1947,2072
2026-04-09,736,2742,2767
2026-04-09,739,204,210
2026-04-09,742,304,305
2026-04-09,743,304,305
2026-04-09,744,250,255
2026-04-09,745,295,300
2026-04-09,747,375,410
2026-04-09,833,,
2026-04-09,849,185,205
2026-04-09,850,190,215
2026-04-09,860,235,245
2026-04-09,861,240,250
2026-04-09,863,440,445
2026-04-09,864,,
2026-04-09,871,235,245
2026-04-09,872,240,250
2026-04-09,909,255,257
2026-04-09,924,315,325
2026-04-09,951,525,530
2026-04-09,963,,
2026-04-09,967,230,250
2026-04-09,993,350,370
2026-04-09,994,400,420
2026-04-09,995,450,490
2026-04-09,996,460,500
2026-04-09,998,995,1000
2026-04-09,999,955,960
2026-04-09,1000,670,690
2026-04-09,1026,,
2026-04-09,1027,,
2026-04-09,1030,105,115
2026-04-09,1031,115,125
2026-04-09,1032,,
2026-04-09,1034,,
2026-04-09,1050,,
2026-04-09,1095,,
2026-04-09,1115,310,312
2026-04-09,1116,305,307
2026-04-09,1117,,
2026-04-09,1118,223,225
2026-04-09,1119,253,258
2026-04-09,1121,,
2026-04-09,1123,,
2026-04-09,1127,233,235
2026-04-09,1128,249,251
2026-04-09,1129,245,
2026-04-09,1130,236,239
2026-04-09,1131,165,170
2026-04-09,1134,219,222
2026-04-09,1135,227,232
2026-04-09,1137,,
2026-04-09,1139,,
2026-04-09,1140,282,300
2026-04-09,1146,1220,1420
2026-04-09,1147,860,1150
2026-04-09,1148,730,930
2026-04-09,1150,700,900
2026-04-09,1151,1100,1300
2026-04-09,1152,880,1080
2026-04-09,1153,480,490
2026-04-09,1154,435,450
2026-04-09,1155,165,175
2026-04-09,1156,195,210
2026-04-09,1157,160,170
2026-04-09,1158,70,80
2026-04-09,1161,190,210
2026-04-09,1162,200,220
2026-04-09,1165,,
2026-04-09,1166,,
2026-04-09,1167,247,250
2026-04-09,1171,240,250
2026-04-09,1172,245,255
2026-04-09,1173,240,250
2026-04-09,1174,245,255
2026-04-09,1178,112,122
2026-04-09,1188,,
2026-04-09,1189,260,270
2026-04-09,1200,175,180
2026-04-09,1201,170,175
2026-04-09,1206,260,270
2026-04-09,1207,200,210
2026-04-09,1208,,
2026-04-09,1209,175,185
2026-04-09,1210,,
2026-04-09,1211,,
2026-04-09,1213,240,250
2026-04-09,1225,,
2026-04-09,1241,100,125
2026-04-09,1242,110,130
2026-04-09,1244,80,100
2026-04-09,1251,105,130
2026-04-09,1252,115,135
2026-04-09,1254,85,105
2026-04-09,1255,100,155
2026-04-09,1259,95,155
2026-04-09,1265,105,165
2026-04-09,1266,150,170
2026-04-09,1267,160,180
2026-04-09,1270,110,165
2026-04-09,1271,155,170
2026-04-09,1272,165,185
2026-04-09,1295,,
2026-04-09,1297,,
2026-04-09,1311,220,225
2026-04-09,1323,,
2026-04-09,1330,,
2026-04-09,1331,,
2026-04-09,1332,,
2026-04-09,1333,,
2026-04-09,1334,,
2026-04-09,1335,1240,1360
2026-04-09,1336,700,900
2026-04-09,1338,302,312
2026-04-09,1339,,
2026-04-09,1344,222,226
2026-04-09,1346,,
2026-04-09,1362,285,290
2026-04-09,1367,330,355
2026-04-09,1368,,
2026-04-09,1369,350,385
2026-04-09,1373,222,240
2026-04-09,1374,242,247
2026-04-09,1375,242,247
2026-04-09,1376,230,235
2026-04-09,1377,,
2026-04-09,1378,,
2026-04-09,1379,,
2026-04-09,1380,,
2026-04-09,1381,,
2026-04-09,1382,,
2026-04-09,1383,,
2026-04-09,1384,287,292
2026-04-09,1385,220,225
2026-04-09,1386,440,455
2026-04-09,1387,400,410
2026-04-09,1388,320,330
2026-04-09,1389,353,363
2026-04-09,1390,338,348
2026-04-09,1391,,
2026-04-09,1392,525,565
2026-04-09,1393,570,625
2026-04-09,1394,380,430
2026-04-16,649,216,218
2026-04-16,650,417,422
2026-04-16,684,460,465
2026-04-16,686,164,166
2026-04-16,687,177,178
2026-04-16,688,189,192
2026-04-16,689,173,175
2026-04-16,691,224,226
2026-04-16,692,238,239
2026-04-16,693,249,251
2026-04-16,694,161,163
2026-04-16,695,173,175
2026-04-16,696,183,185
2026-04-16,697,231,233
2026-04-16,711,424,426
2026-04-16,712,,
2026-04-16,713,430,432
2026-04-16,714,432,434
2026-04-16,717,504,507
2026-04-16,718,,
2026-04-16,719,245,250
2026-04-16,720,273,278
2026-04-16,721,292,295
2026-04-16,722,,435
2026-04-16,723,454,459
2026-04-16,735,1927,2052
2026-04-16,736,2742,2767
2026-04-16,739,204,210
2026-04-16,742,304,305
2026-04-16,743,304,305
2026-04-16,744,255,260
2026-04-16,745,295,300
2026-04-16,747,375,410
2026-04-16,833,,
2026-04-16,849,185,205
2026-04-16,850,190,215
2026-04-16,860,235,245
2026-04-16,861,240,250
2026-04-16,863,455,460
2026-04-16,864,,
2026-04-16,871,235,245
2026-04-16,872,240,250
2026-04-16,909,255,257
2026-04-16,924,315,325
2026-04-16,951,525,530
2026-04-16,963,,
2026-04-16,967,225,245
2026-04-16,993,350,370
2026-04-16,994,400,420
2026-04-16,995,450,490
2026-04-16,996,460,500
2026-04-16,998,995,1000
2026-04-16,999,955,960
2026-04-16,1000,670,690
2026-04-16,1026,,
2026-04-16,1027,,
2026-04-16,1030,105,115
2026-04-16,1031,115,125
2026-04-16,1032,,
2026-04-16,1034,,
2026-04-16,1050,,
2026-04-16,1095,,
2026-04-16,1115,310,312
2026-04-16,1116,305,307
2026-04-16,1117,,
2026-04-16,1118,226,228
2026-04-16,1119,253,258
2026-04-16,1121,,
2026-04-16,1123,,
2026-04-16,1127,233,235
2026-04-16,1128,249,251
2026-04-16,1129,245,
2026-04-16,1130,236,239
2026-04-16,1131,165,170
2026-04-16,1134,219,222
2026-04-16,1135,227,232
2026-04-16,1137,,
2026-04-16,1139,,
2026-04-16,1140,282,300
2026-04-16,1146,1220,1420
2026-04-16,1147,860,1150
2026-04-16,1148,730,930
2026-04-16,1150,700,900
2026-04-16,1151,1100,1300
2026-04-16,1152,880,1080
2026-04-16,1153,485,495
2026-04-16,1154,440,455
2026-04-16,1155,170,180
2026-04-16,1156,200,215
2026-04-16,1157,165,175
2026-04-16,1158,75,85
2026-04-16,1161,190,210
2026-04-16,1162,200,220
2026-04-16,1165,,
2026-04-16,1166,,
2026-04-16,1167,247,250
2026-04-16,1171,240,250
2026-04-16,1172,245,255
2026-04-16,1173,240,250
2026-04-16,1174,245,255
2026-04-16,1178,112,122
2026-04-16,1179,,
2026-04-16,1188,,
2026-04-16,1189,260,270
2026-04-16,1200,175,180
2026-04-16,1201,170,175
2026-04-16,1206,260,270
2026-04-16,1207,200,210
2026-04-16,1208,,
2026-04-16,1209,175,185
2026-04-16,1210,,
2026-04-16,1211,,
2026-04-16,1213,240,250
2026-04-16,1225,,
2026-04-16,1241,100,125
2026-04-16,1242,110,130
2026-04-16,1244,80,100
2026-04-16,1251,105,130
2026-04-16,1252,115,135
2026-04-16,1254,85,105
2026-04-16,1255,100,155
2026-04-16,1259,95,155
2026-04-16,1265,105,165
2026-04-16,1266,150,170
2026-04-16,1267,160,180
2026-04-16,1270,110,165
2026-04-16,1271,155,170
2026-04-16,1272,165,185
2026-04-16,1295,,
2026-04-16,1297,,
2026-04-16,1311,,
2026-04-16,1323,,
2026-04-16,1330,,
2026-04-16,1331,,
2026-04-16,1332,,
2026-04-16,1333,,
2026-04-16,1334,,
2026-04-16,1335,1240,1360
2026-04-16,1336,700,900
2026-04-16,1338,297,307
2026-04-16,1339,,
2026-04-16,1344,222,226
2026-04-16,1346,,
2026-04-16,1362,285,290
2026-04-16,1367,325,350
2026-04-16,1368,,
2026-04-16,1369,350,385
2026-04-16,1373,225,240
2026-04-16,1374,240,245
2026-04-16,1375,240,245
2026-04-16,1376,228,233
2026-04-16,1377,,
2026-04-16,1378,,
2026-04-16,1379,,
2026-04-16,1380,,
2026-04-16,1381,,
2026-04-16,1382,,
2026-04-16,1383,,
2026-04-16,1384,282,287
2026-04-16,1385,218,223
2026-04-16,1386,435,450
2026-04-16,1387,395,405
2026-04-16,1388,320,330
2026-04-16,1389,353,363
2026-04-16,1390,338,348
2026-04-16,1391,,
2026-04-16,1392,525,565
2026-04-16,1393,570,625
2026-04-16,1394,380,430
2026-04-23,649,216,218
2026-04-23,650,422,427
2026-04-23,684,460,465
2026-04-23,686,159,161
2026-04-23,687,172,173
2026-04-23,688,182,185
2026-04-23,689,165,167
2026-04-23,691,219,221
2026-04-23,692,233,234
2026-04-23,693,242,244
2026-04-23,694,156,158
2026-04-23,695,165,167
2026-04-23,696,175,177
2026-04-23,697,231,233
2026-04-23,711,419,421
2026-04-23,712,,
2026-04-23,713,425,427
2026-04-23,714,427,429
2026-04-23,717,499,502
2026-04-23,718,,
2026-04-23,719,245,250
2026-04-23,720,273,278
2026-04-23,721,292,295
2026-04-23,722,,435
2026-04-23,723,457,464
2026-04-23,735,1927,2052
2026-04-23,736,2742,2767
2026-04-23,739,204,210
2026-04-23,742,304,305
2026-04-23,743,304,305
2026-04-23,744,255,260
2026-04-23,745,295,300
2026-04-23,747,375,410
2026-04-23,833,,
2026-04-23,849,185,205
2026-04-23,850,190,215
2026-04-23,860,235,245
2026-04-23,861,240,250
2026-04-23,863,450,455
2026-04-23,864,,
2026-04-23,871,235,245
2026-04-23,872,240,250
2026-04-23,909,259,261
2026-04-23,924,315,325
2026-04-23,951,525,530
2026-04-23,963,,
2026-04-23,967,220,240
2026-04-23,993,350,370
2026-04-23,994,400,420
2026-04-23,995,450,490
2026-04-23,996,460,500
2026-04-23,998,995,1000
2026-04-23,999,955,960
2026-04-23,1000,680,700
2026-04-23,1026,,
2026-04-23,1027,,
2026-04-23,1030,105,115
2026-04-23,1031,115,125
2026-04-23,1032,,
2026-04-23,1034,,
2026-04-23,1050,,
2026-04-23,1095,,
2026-04-23,1115,310,312
2026-04-23,1116,305,307
2026-04-23,1117,,
2026-04-23,1118,226,228
2026-04-23,1119,253,258
2026-04-23,1121,,
2026-04-23,1123,,
2026-04-23,1127,237,239
2026-04-23,1128,253,255
2026-04-23,1129,249,
2026-04-23,1130,243,246
2026-04-23,1131,165,170
2026-04-23,1134,219,222
2026-04-23,1135,227,232
2026-04-23,1137,,
2026-04-23,1139,,
2026-04-23,1140,287,305
2026-04-23,1146,1220,1420
2026-04-23,1147,780,1070
2026-04-23,1148,730,930
2026-04-23,1150,700,900
2026-04-23,1151,1100,1300
2026-04-23,1152,880,1080
2026-04-23,1153,485,495
2026-04-23,1154,440,455
2026-04-23,1155,170,180
2026-04-23,1156,200,215
2026-04-23,1157,165,175
2026-04-23,1158,75,85
2026-04-23,1161,190,210
2026-04-23,1162,200,220
2026-04-23,1165,,
2026-04-23,1166,,
2026-04-23,1167,247,250
2026-04-23,1171,240,250
2026-04-23,1172,245,255
2026-04-23,1173,240,250
2026-04-23,1174,245,255
2026-04-23,1178,112,122
2026-04-23,1179,,
2026-04-23,1188,,
2026-04-23,1189,260,270
2026-04-23,1200,175,180
2026-04-23,1201,170,175
2026-04-23,1203,300,310
2026-04-23,1204,260,270
2026-04-23,1205,310,320
2026-04-23,1206,265,275
2026-04-23,1207,210,220
2026-04-23,1208,,
2026-04-23,1209,175,185
2026-04-23,1210,,
2026-04-23,1211,,
2026-04-23,1213,240,250
2026-04-23,1225,,
2026-04-23,1241,100,125
2026-04-23,1242,110,130
2026-04-23,1244,80,100
2026-04-23,1251,105,130
2026-04-23,1252,115,135
2026-04-23,1254,85,105
2026-04-23,1255,,
2026-04-23,1259,,
2026-04-23,1265,,
2026-04-23,1266,,
2026-04-23,1267,,
2026-04-23,1270,,
2026-04-23,1271,,
2026-04-23,1272,,
2026-04-23,1295,,
2026-04-23,1297,,
2026-04-23,1311,,
2026-04-23,1323,,
2026-04-23,1330,,
2026-04-23,1331,,
2026-04-23,1332,,
2026-04-23,1333,,
2026-04-23,1334,,
2026-04-23,1335,1340,1460
2026-04-23,1336,700,900
2026-04-23,1338,290,300
2026-04-23,1339,,
2026-04-23,1344,225,228
2026-04-23,1346,,
2026-04-23,1362,285,290
2026-04-23,1367,323,348
2026-04-23,1368,,
2026-04-23,1369,350,380
2026-04-23,1373,225,242
2026-04-23,1374,240,245
2026-04-23,1375,240,245
2026-04-23,1376,228,233
2026-04-23,1377,,
2026-04-23,1378,,
2026-04-23,1379,,
2026-04-23,1380,,
2026-04-23,1381,,
2026-04-23,1382,,
2026-04-23,1383,,
2026-04-23,1384,275,280
2026-04-23,1385,218,223
2026-04-23,1386,425,440
2026-04-23,1387,385,395
2026-04-23,1388,315,325
2026-04-23,1389,358,368
2026-04-23,1390,343,353
2026-04-23,1391,,
2026-04-23,1392,525,565
2026-04-23,1393,620,675
2026-04-23,1394,340,390
2026-04-30,649,218,220
2026-04-30,650,427,432
2026-04-30,684,460,465
2026-04-30,686,154,156
2026-04-30,687,167,168
2026-04-30,688,177,180
2026-04-30,689,160,162
2026-04-30,691,214,216
2026-04-30,692,228,229
2026-04-30,693,237,239
2026-04-30,694,151,153
2026-04-30,695,160,162
2026-04-30,696,173,175
2026-04-30,697,231,233
2026-04-30,711,437,439
2026-04-30,712,,
2026-04-30,713,443,445
2026-04-30,714,439,441
2026-04-30,717,517,520
2026-04-30,718,,
2026-04-30,719,245,250
2026-04-30,720,278,283
2026-04-30,721,292,295
2026-04-30,722,,445
2026-04-30,723,467,474
2026-04-30,735,1927,2052
2026-04-30,736,2742,2767
2026-04-30,739,204,210
2026-04-30,742,304,305
2026-04-30,743,304,305
2026-04-30,744,250,255
2026-04-30,745,295,300
2026-04-30,747,375,410
2026-04-30,833,,
2026-04-30,849,185,205
2026-04-30,850,190,215
2026-04-30,860,235,245
2026-04-30,861,240,250
2026-04-30,863,468,473
2026-04-30,864,,
2026-04-30,871,235,245
2026-04-30,872,240,250
2026-04-30,909,264,266
2026-04-30,924,320,330
2026-04-30,951,525,530
2026-04-30,963,,
2026-04-30,967,220,240
2026-04-30,993,350,370
2026-04-30,994,400,420
2026-04-30,995,450,490
2026-04-30,996,460,500
2026-04-30,998,1000,1005
2026-04-30,999,960,965
2026-04-30,1000,680,700
2026-04-30,1026,,
2026-04-30,1027,,
2026-04-30,1030,105,115
2026-04-30,1031,115,125
2026-04-30,1032,,
2026-04-30,1034,,
2026-04-30,1050,,
2026-04-30,1095,,
2026-04-30,1115,312,314
2026-04-30,1116,310,312
2026-04-30,1117,,
2026-04-30,1118,230,232
2026-04-30,1119,255,260
2026-04-30,1121,,
2026-04-30,1123,,
2026-04-30,1127,242,244
2026-04-30,1128,258,260
2026-04-30,1129,257,
2026-04-30,1130,249,252
2026-04-30,1131,165,170
2026-04-30,1134,219,222
2026-04-30,1135,227,232
2026-04-30,1137,,
2026-04-30,1139,,
2026-04-30,1140,287,305
2026-04-30,1146,1220,1420
2026-04-30,1147,780,1070
2026-04-30,1148,680,880
2026-04-30,1150,680,880
2026-04-30,1151,1100,1300
2026-04-30,1152,830,1030
2026-04-30,1153,485,495
2026-04-30,1154,440,455
2026-04-30,1155,170,180
2026-04-30,1156,200,215
2026-04-30,1157,165,175
2026-04-30,1158,75,85
2026-04-30,1161,190,210
2026-04-30,1162,200,220
2026-04-30,1165,,
2026-04-30,1166,,
2026-04-30,1167,249,252
2026-04-30,1171,240,250
2026-04-30,1172,245,255
2026-04-30,1173,240,250
2026-04-30,1174,245,255
2026-04-30,1178,112,122
2026-04-30,1179,,
2026-04-30,1188,,
2026-04-30,1189,260,270
2026-04-30,1200,175,180
2026-04-30,1201,170,175
2026-04-30,1203,300,310
2026-04-30,1204,260,270
2026-04-30,1205,310,320
2026-04-30,1206,265,275
2026-04-30,1207,210,220
2026-04-30,1208,,
2026-04-30,1209,175,185
2026-04-30,1210,,
2026-04-30,1211,,
2026-04-30,1213,245,255
2026-04-30,1225,,
2026-04-30,1241,100,125
2026-04-30,1242,110,130
2026-04-30,1244,80,100
2026-04-30,1251,105,130
2026-04-30,1252,115,135
2026-04-30,1254,85,105
2026-04-30,1295,,
2026-04-30,1297,,
2026-04-30,1311,,
2026-04-30,1323,,
2026-04-30,1330,,
2026-04-30,1331,,
2026-04-30,1332,,
2026-04-30,1333,,
2026-04-30,1334,,
2026-04-30,1335,1340,1460
2026-04-30,1336,680,880
2026-04-30,1338,290,300
2026-04-30,1339,,
2026-04-30,1344,225,228
2026-04-30,1346,,
2026-04-30,1362,285,290
2026-04-30,1367,323,348
2026-04-30,1368,,
2026-04-30,1369,350,380
2026-04-30,1373,229,246
2026-04-30,1374,240,245
2026-04-30,1375,240,245
2026-04-30,1376,228,233
2026-04-30,1377,,
2026-04-30,1378,,
2026-04-30,1379,,
2026-04-30,1380,,
2026-04-30,1381,,
2026-04-30,1382,,
2026-04-30,1383,,
2026-04-30,1384,275,280
2026-04-30,1385,218,223
2026-04-30,1386,420,435
2026-04-30,1387,380,390
2026-04-30,1388,315,325
2026-04-30,1389,358,368
2026-04-30,1390,343,353
2026-04-30,1391,,
2026-04-30,1392,525,565
2026-04-30,1393,620,675
2026-04-30,1394,340,390
2026-05-07,649,220,222
2026-05-07,650,429,434
2026-05-07,684,460,465
2026-05-07,686,150,152
2026-05-07,687,163,164
2026-05-07,688,174,177
2026-05-07,689,155,157
2026-05-07,691,210,212
2026-05-07,692,224,225
2026-05-07,693,234,236
2026-05-07,694,147,149
2026-05-07,695,155,157
2026-05-07,696,171,173
2026-05-07,697,231,233
2026-05-07,711,443,445
2026-05-07,712,,
2026-05-07,713,453,455
2026-05-07,714,447,449
2026-05-07,717,522,525
2026-05-07,718,,
2026-05-07,719,250,255
2026-05-07,720,278,283
2026-05-07,721,292,295
2026-05-07,722,,445
2026-05-07,723,467,470
2026-05-07,735,2127,2152
2026-05-07,736,2782,2807
2026-05-07,739,204,210
2026-05-07,742,304,305
2026-05-07,743,304,305
2026-05-07,744,250,255
2026-05-07,745,295,300
2026-05-07,747,375,410
2026-05-07,833,,
2026-05-07,849,185,205
2026-05-07,850,190,215
2026-05-07,860,235,245
2026-05-07,861,240,250
2026-05-07,863,473,478
2026-05-07,864,,
2026-05-07,871,235,245
2026-05-07,872,240,250
2026-05-07,909,267,269
2026-05-07,924,320,330
2026-05-07,951,525,530
2026-05-07,963,,
2026-05-07,967,215,235
2026-05-07,993,350,370
2026-05-07,994,400,420
2026-05-07,995,450,490
2026-05-07,996,460,500
2026-05-07,998,1000,1005
2026-05-07,999,960,965
2026-05-07,1000,680,700
2026-05-07,1026,,
2026-05-07,1027,,
2026-05-07,1030,105,115
2026-05-07,1031,115,125
2026-05-07,1032,,
2026-05-07,1034,,
2026-05-07,1050,,
2026-05-07,1095,,
2026-05-07,1115,312,314
2026-05-07,1116,310,312
2026-05-07,1117,,
2026-05-07,1118,234,236
2026-05-07,1119,255,260
2026-05-07,1121,,
2026-05-07,1123,,
2026-05-07,1127,245,247
2026-05-07,1128,261,263
2026-05-07,1129,260,
2026-05-07,1130,249,252
2026-05-07,1131,175,180
2026-05-07,1134,219,222
2026-05-07,1135,227,232
2026-05-07,1137,,
2026-05-07,1139,,
2026-05-07,1140,287,305
2026-05-07,1146,1220,1420
2026-05-07,1147,780,1070
2026-05-07,1148,680,880
2026-05-07,1150,680,880
2026-05-07,1151,1100,1300
2026-05-07,1152,830,1030
2026-05-07,1153,485,495
2026-05-07,1154,440,455
2026-05-07,1155,170,180
2026-05-07,1156,200,215
2026-05-07,1157,165,175
2026-05-07,1158,75,85
2026-05-07,1161,190,210
2026-05-07,1162,200,220
2026-05-07,1165,,
2026-05-07,1166,,
2026-05-07,1167,251,254
2026-05-07,1171,240,250
2026-05-07,1172,245,255
2026-05-07,1173,240,250
2026-05-07,1174,245,255
2026-05-07,1178,112,122
2026-05-07,1179,,
2026-05-07,1188,,
2026-05-07,1189,,
2026-05-07,1200,175,180
2026-05-07,1201,170,175
2026-05-07,1203,300,310
2026-05-07,1204,260,270
2026-05-07,1205,310,320
2026-05-07,1206,265,275
2026-05-07,1207,210,220
2026-05-07,1208,,
2026-05-07,1209,175,185
2026-05-07,1210,,
2026-05-07,1211,,
2026-05-07,1213,252,262
2026-05-07,1225,,
2026-05-07,1241,100,125
2026-05-07,1242,110,130
2026-05-07,1244,80,100
2026-05-07,1251,105,130
2026-05-07,1252,115,135
2026-05-07,1254,85,105
2026-05-07,1295,,
2026-05-07,1297,,
2026-05-07,1311,,
2026-05-07,1323,,
2026-05-07,1330,,
2026-05-07,1331,,
2026-05-07,1332,,
2026-05-07,1333,,
2026-05-07,1334,,
2026-05-07,1335,1340,1460
2026-05-07,1336,680,880
2026-05-07,1338,280,290
2026-05-07,1339,,
2026-05-07,1344,227,230
2026-05-07,1346,,
2026-05-07,1362,285,290
2026-05-07,1367,318,343
2026-05-07,1368,,
2026-05-07,1369,345,375
2026-05-07,1373,233,246
2026-05-07,1374,240,245
2026-05-07,1375,240,245
2026-05-07,1376,230,235
2026-05-07,1377,,
2026-05-07,1378,,
2026-05-07,1379,,
2026-05-07,1380,,
2026-05-07,1381,,
2026-05-07,1382,,
2026-05-07,1383,,
2026-05-07,1384,265,270
2026-05-07,1385,220,225
2026-05-07,1386,,
2026-05-07,1387,375,385
2026-05-07,1388,315,325
2026-05-07,1389,358,368
2026-05-07,1390,343,353
2026-05-07,1391,,
2026-05-07,1392,525,565
2026-05-07,1393,620,675
2026-05-07,1394,340,390
2026-05-14,649,220,222
2026-05-14,650,432,437
2026-05-14,684,460,465
2026-05-14,686,145,147
2026-05-14,687,158,159
2026-05-14,688,172,175
2026-05-14,689,153,155
2026-05-14,691,205,207
2026-05-14,692,219,220
2026-05-14,693,232,234
2026-05-14,694,142,144
2026-05-14,695,153,155
2026-05-14,696,168,170
2026-05-14,697,231,233
2026-05-14,711,463,465
2026-05-14,712,,
2026-05-14,713,473,475
2026-05-14,714,472,474
2026-05-14,717,532,535
2026-05-14,718,,
2026-05-14,719,255,260
2026-05-14,720,285,290
2026-05-14,721,297,300
2026-05-14,722,,445
2026-05-14,723,467,470
2026-05-14,735,2127,2152
2026-05-14,736,2782,2807
2026-05-14,739,204,210
2026-05-14,742,304,305
2026-05-14,743,304,305
2026-05-14,744,245,250
2026-05-14,745,295,300
2026-05-14,747,375,410
2026-05-14,833,,
2026-05-14,849,185,205
2026-05-14,850,190,215
2026-05-14,860,235,245
2026-05-14,861,240,250
2026-05-14,863,483,488
2026-05-14,864,,
2026-05-14,871,235,245
2026-05-14,872,240,250
2026-05-14,909,269,271
2026-05-14,924,330,340
2026-05-14,951,525,530
2026-05-14,963,,
2026-05-14,967,215,235
2026-05-14,993,350,370
2026-05-14,994,400,420
2026-05-14,995,450,490
2026-05-14,996,460,500
2026-05-14,998,1005,1010
2026-05-14,999,965,970
2026-05-14,1000,690,710
2026-05-14,1026,,
2026-05-14,1027,,
2026-05-14,1030,105,115
2026-05-14,1031,115,125
2026-05-14,1032,,
2026-05-14,1034,,
2026-05-14,1050,,
2026-05-14,1095,,
2026-05-14,1115,314,316
2026-05-14,1116,312,314
2026-05-14,1117,,
2026-05-14,1118,236,238
2026-05-14,1119,257,262
2026-05-14,1121,,
2026-05-14,1123,,
2026-05-14,1127,247,249
2026-05-14,1128,263,265
2026-05-14,1129,260,
2026-05-14,1130,249,252
2026-05-14,1131,,
2026-05-14,1134,219,222
2026-05-14,1135,227,232
2026-05-14,1137,,
2026-05-14,1139,,
2026-05-14,1140,287,305
2026-05-14,1146,1220,1420
2026-05-14,1147,780,1070
2026-05-14,1148,680,880
2026-05-14,1150,680,880
2026-05-14,1151,1100,1300
2026-05-14,1152,830,1030
2026-05-14,1153,485,495
2026-05-14,1154,440,455
2026-05-14,1155,170,180
2026-05-14,1156,200,215
2026-05-14,1157,165,175
2026-05-14,1158,75,85
2026-05-14,1161,190,210
2026-05-14,1162,200,220
2026-05-14,1165,,
2026-05-14,1166,,
2026-05-14,1167,253,256
2026-05-14,1171,240,250
2026-05-14,1172,245,255
2026-05-14,1173,240,250
2026-05-14,1174,245,255
2026-05-14,1178,112,122
2026-05-14,1179,,
2026-05-14,1188,,
2026-05-14,1200,175,180
2026-05-14,1201,170,175
2026-05-14,1203,300,310
2026-05-14,1204,260,270
2026-05-14,1205,310,320
2026-05-14,1206,265,275
2026-05-14,1207,210,220
2026-05-14,1208,,
2026-05-14,1209,175,185
2026-05-14,1210,,
2026-05-14,1211,,
2026-05-14,1213,252,262
2026-05-14,1225,,
2026-05-14,1235,90,130
2026-05-14,1241,100,125
2026-05-14,1242,110,130
2026-05-14,1244,80,100
2026-05-14,1251,105,130
2026-05-14,1252,115,135
2026-05-14,1254,85,105
2026-05-14,1263,100,140
2026-05-14,1295,,
2026-05-14,1297,,
2026-05-14,1311,,
2026-05-14,1323,,
2026-05-14,1330,,
2026-05-14,1331,,
2026-05-14,1332,,
2026-05-14,1333,,
2026-05-14,1334,,
2026-05-14,1335,1340,1460
2026-05-14,1336,680,880
2026-05-14,1338,,
2026-05-14,1339,,
2026-05-14,1344,227,230
2026-05-14,1346,,
2026-05-14,1362,285,290
2026-05-14,1367,315,340
2026-05-14,1368,,
2026-05-14,1369,340,370
2026-05-14,1373,235,248
2026-05-14,1374,240,245
2026-05-14,1375,240,245
2026-05-14,1376,230,235
2026-05-14,1377,,
2026-05-14,1381,,
2026-05-14,1382,,
2026-05-14,1383,,
2026-05-14,1384,,
2026-05-14,1385,220,225
2026-05-14,1387,,
2026-05-14,1388,,
2026-05-14,1389,,
2026-05-14,1390,,
2026-05-14,1391,,
2026-05-14,1392,525,565
2026-05-14,1393,620,675
2026-05-14,1394,340,390
2026-05-14,1396,145,165
2026-05-14,1397,155,175
2026-05-21,649,220,222
2026-05-21,650,429,434
2026-05-21,684,460,465
2026-05-21,686,141,143
2026-05-21,687,154,155
2026-05-21,688,172,175
2026-05-21,689,153,155
2026-05-21,691,201,203
2026-05-21,692,215,216
2026-05-21,693,232,234
2026-05-21,694,138,140
2026-05-21,695,153,155
2026-05-21,696,168,170
2026-05-21,697,233,235
2026-05-21,711,463,465
2026-05-21,712,,
2026-05-21,713,473,475
2026-05-21,714,468,470
2026-05-21,717,532,535
2026-05-21,718,,
2026-05-21,719,255,260
2026-05-21,720,293,298
2026-05-21,721,297,300
2026-05-21,722,,445
2026-05-21,723,467,470
2026-05-21,735,2217,2242
2026-05-21,736,2872,2897
2026-05-21,739,204,210
2026-05-21,742,304,305
2026-05-21,743,304,305
2026-05-21,744,242,247
2026-05-21,745,295,300
2026-05-21,747,375,410
2026-05-21,833,,
2026-05-21,849,185,205
2026-05-21,850,190,215
2026-05-21,860,235,245
2026-05-21,861,240,250
2026-05-21,863,483,488
2026-05-21,864,,
2026-05-21,871,235,245
2026-05-21,872,240,250
2026-05-21,909,267,269
2026-05-21,924,330,340
2026-05-21,951,525,530
2026-05-21,963,,
2026-05-21,967,225,240
2026-05-21,993,350,370
2026-05-21,994,400,420
2026-05-21,995,450,490
2026-05-21,996,460,500
2026-05-21,998,1015,1020
2026-05-21,999,970,975
2026-05-21,1000,700,720
2026-05-21,1026,,
2026-05-21,1027,,
2026-05-21,1030,105,115
2026-05-21,1031,115,125
2026-05-21,1032,,
2026-05-21,1034,,
2026-05-21,1050,,
2026-05-21,1095,,
2026-05-21,1115,329,331
2026-05-21,1116,322,324
2026-05-21,1117,,
2026-05-21,1118,236,238
2026-05-21,1119,257,262
2026-05-21,1121,,
2026-05-21,1123,,
2026-05-21,1127,245,247
2026-05-21,1128,261,263
2026-05-21,1129,260,
2026-05-21,1130,247,250
2026-05-21,1131,,
2026-05-21,1134,,
2026-05-21,1135,,
2026-05-21,1137,,
2026-05-21,1139,,
2026-05-21,1140,287,305
2026-05-21,1146,1150,1350
2026-05-21,1147,740,1030
2026-05-21,1148,680,880
2026-05-21,1150,680,880
2026-05-21,1151,1000,1200
2026-05-21,1152,830,1030
2026-05-21,1153,470,480
2026-05-21,1154,425,440
2026-05-21,1155,175,185
2026-05-21,1156,200,215
2026-05-21,1157,165,175
2026-05-21,1158,75,85
2026-05-21,1161,190,210
2026-05-21,1162,200,220
2026-05-21,1165,,
2026-05-21,1166,,
2026-05-21,1167,253,256
2026-05-21,1171,240,250
2026-05-21,1172,245,255
2026-05-21,1173,240,250
2026-05-21,1174,245,255
2026-05-21,1178,112,122
2026-05-21,1179,,
2026-05-21,1188,,
2026-05-21,1200,175,180
2026-05-21,1201,170,175
2026-05-21,1203,300,310
2026-05-21,1204,260,270
2026-05-21,1205,310,320
2026-05-21,1206,265,275
2026-05-21,1207,210,220
2026-05-21,1208,,
2026-05-21,1209,175,185
2026-05-21,1210,,
2026-05-21,1211,,
2026-05-21,1213,252,262
2026-05-21,1225,,
2026-05-21,1235,90,130
2026-05-21,1241,100,125
2026-05-21,1242,110,130
2026-05-21,1244,80,100
2026-05-21,1251,105,130
2026-05-21,1252,115,135
2026-05-21,1254,85,105
2026-05-21,1263,100,140
2026-05-21,1295,,
2026-05-21,1297,,
2026-05-21,1311,,
2026-05-21,1323,,
2026-05-21,1330,,
2026-05-21,1331,,
2026-05-21,1332,,
2026-05-21,1333,,
2026-05-21,1334,,
2026-05-21,1335,1260,1440
2026-05-21,1336,680,880
2026-05-21,1339,,
2026-05-21,1344,227,230
2026-05-21,1346,,
2026-05-21,1362,285,290
2026-05-21,1367,315,340
2026-05-21,1368,,
2026-05-21,1369,340,370
2026-05-21,1373,235,250
2026-05-21,1374,240,245
2026-05-21,1375,240,245
2026-05-21,1376,230,235
2026-05-21,1377,,
2026-05-21,1381,,
2026-05-21,1382,,
2026-05-21,1383,,
2026-05-21,1385,220,225
2026-05-21,1391,,
2026-05-21,1392,490,530
2026-05-21,1393,580,665
2026-05-21,1394,340,370
2026-05-21,1398,145,165
2026-05-21,1399,155,175
2026-05-28,649,220,222
2026-05-28,650,426,431
2026-05-28,684,460,465
2026-05-28,686,141,143
2026-05-28,687,154,155
2026-05-28,688,172,175
2026-05-28,689,153,155
2026-05-28,691,201,203
2026-05-28,692,215,216
2026-05-28,693,232,234
2026-05-28,694,138,140
2026-05-28,695,153,155
2026-05-28,696,168,170
2026-05-28,697,233,235
2026-05-28,711,443,445
2026-05-28,712,,
2026-05-28,713,453,455
2026-05-28,714,448,450
2026-05-28,717,517,520
2026-05-28,718,,
2026-05-28,719,255,260
2026-05-28,720,293,298
2026-05-28,721,297,300
2026-05-28,722,,443
2026-05-28,723,465,468
2026-05-28,735,2217,2242
2026-05-28,736,2912,2937
2026-05-28,739,204,210
2026-05-28,742,304,305
2026-05-28,743,304,305
2026-05-28,744,238,243
2026-05-28,745,295,300
2026-05-28,747,375,410
2026-05-28,833,,
2026-05-28,849,,
2026-05-28,850,,
2026-05-28,860,235,245
2026-05-28,861,240,250
2026-05-28,863,468,473
2026-05-28,864,,
2026-05-28,871,235,245
2026-05-28,872,240,250
2026-05-28,909,265,267
2026-05-28,924,330,340
2026-05-28,951,525,530
2026-05-28,963,,
2026-05-28,967,225,240
2026-05-28,993,350,370
2026-05-28,994,400,420
2026-05-28,995,450,490
2026-05-28,996,460,500
2026-05-28,998,1025,1030
2026-05-28,999,980,985
2026-05-28,1000,710,730
2026-05-28,1026,,
2026-05-28,1027,,
2026-05-28,1030,,
2026-05-28,1031,,
2026-05-28,1032,,
2026-05-28,1034,,
2026-05-28,1050,,
2026-05-28,1095,,
2026-05-28,1115,339,341
2026-05-28,1116,322,324
2026-05-28,1117,,
2026-05-28,1118,236,238
2026-05-28,1119,257,262
2026-05-28,1121,,
2026-05-28,1123,,
2026-05-28,1127,243,245
2026-05-28,1128,259,261
2026-05-28,1129,257,
2026-05-28,1130,244,247
2026-05-28,1131,,
2026-05-28,1134,,
2026-05-28,1135,,
2026-05-28,1137,,
2026-05-28,1139,,
2026-05-28,1140,279,297
2026-05-28,1146,1150,1350
2026-05-28,1147,740,1030
2026-05-28,1148,680,880
2026-05-28,1150,680,880
2026-05-28,1151,1000,1200
2026-05-28,1152,830,1030
2026-05-28,1153,460,470
2026-05-28,1154,415,430
2026-05-28,1155,180,190
2026-05-28,1156,200,215
2026-05-28,1157,165,175
2026-05-28,1158,75,85
2026-05-28,1161,,
2026-05-28,1162,,
2026-05-28,1165,,
2026-05-28,1166,,
2026-05-28,1167,253,256
2026-05-28,1171,240,250
2026-05-28,1172,245,255
2026-05-28,1173,240,250
2026-05-28,1174,245,255
2026-05-28,1178,,
2026-05-28,1179,,
2026-05-28,1188,,
2026-05-28,1200,175,180
2026-05-28,1201,170,175
2026-05-28,1203,300,310
2026-05-28,1204,260,270
2026-05-28,1205,310,320
2026-05-28,1206,265,275
2026-05-28,1207,210,220
2026-05-28,1208,,
2026-05-28,1209,175,185
2026-05-28,1210,,
2026-05-28,1211,,
2026-05-28,1213,252,262
2026-05-28,1225,,
2026-05-28,1235,83,130
2026-05-28,1239,90,110
2026-05-28,1241,,
2026-05-28,1242,110,130
2026-05-28,1244,80,100
2026-05-28,1245,88,135
2026-05-28,1249,95,115
2026-05-28,1251,,
2026-05-28,1252,115,135
2026-05-28,1254,85,105
2026-05-28,1263,93,140
2026-05-28,1268,98,145
2026-05-28,1291,120,140
2026-05-28,1292,130,150
2026-05-28,1293,,
2026-05-28,1294,,
2026-05-28,1295,,
2026-05-28,1297,,
2026-05-28,1311,,
2026-05-28,1323,,
2026-05-28,1330,,
2026-05-28,1331,,
2026-05-28,1332,,
2026-05-28,1333,,
2026-05-28,1334,,
2026-05-28,1335,1260,1440
2026-05-28,1336,680,880
2026-05-28,1339,,
2026-05-28,1344,,
2026-05-28,1346,,
2026-05-28,1362,280,285
2026-05-28,1367,315,340
2026-05-28,1368,,
2026-05-28,1369,340,370
2026-05-28,1373,235,245
2026-05-28,1374,240,245
2026-05-28,1375,240,245
2026-05-28,1376,230,235
2026-05-28,1377,,
2026-05-28,1381,,
2026-05-28,1382,,
2026-05-28,1383,,
2026-05-28,1385,220,225
2026-05-28,1391,,
2026-05-28,1392,490,530
2026-05-28,1393,580,665
2026-05-28,1394,340,370
2026-05-28,1398,145,165
2026-05-28,1399,155,175
2026-05-28,1400,150,170
2026-05-28,1401,160,180
2026-06-04,649,,
2026-06-04,650,422,427
2026-06-04,684,460,465
2026-06-04,686,138,140
2026-06-04,687,151,152
2026-06-04,688,172,175
2026-06-04,689,153,155
2026-06-04,691,198,200
2026-06-04,692,212,213
2026-06-04,693,232,234
2026-06-04,694,135,137
2026-06-04,695,153,155
2026-06-04,696,168,170
2026-06-04,697,233,235
2026-06-04,711,408,410
2026-06-04,712,,
2026-06-04,713,418,420
2026-06-04,714,413,415
2026-06-04,717,482,485
2026-06-04,718,,
2026-06-04,719,257,262
2026-06-04,720,291,296
2026-06-04,721,297,300
2026-06-04,722,,440
2026-06-04,723,462,465
2026-06-04,735,2217,2242
2026-06-04,736,2912,2937
2026-06-04,739,204,210
2026-06-04,742,304,305
2026-06-04,743,304,305
2026-06-04,744,235,240
2026-06-04,745,295,300
2026-06-04,747,375,410
2026-06-04,833,,
2026-06-04,860,235,245
2026-06-04,861,240,250
2026-06-04,863,433,438
2026-06-04,864,,
2026-06-04,871,235,245
2026-06-04,872,240,250
2026-06-04,909,260,262
2026-06-04,924,330,340
2026-06-04,951,525,530
2026-06-04,963,,
2026-06-04,967,225,240
2026-06-04,993,350,370
2026-06-04,994,400,420
2026-06-04,995,450,490
2026-06-04,996,460,500
2026-06-04,998,1030,1035
2026-06-04,999,985,990
2026-06-04,1000,710,730
2026-06-04,1026,,
2026-06-04,1027,,
2026-06-04,1030,,
2026-06-04,1031,,
2026-06-04,1032,,
2026-06-04,1034,,
2026-06-04,1050,,
2026-06-04,1095,,
2026-06-04,1115,339,341
2026-06-04,1116,308,310
2026-06-04,1117,,
2026-06-04,1118,233,235
2026-06-04,1119,255,260
2026-06-04,1121,,
2026-06-04,1123,,
2026-06-04,1127,238,240
2026-06-04,1128,254,256
2026-06-04,1129,253,
2026-06-04,1130,241,244
2026-06-04,1131,,
2026-06-04,1134,,
2026-06-04,1135,,
2026-06-04,1137,,
2026-06-04,1139,,
2026-06-04,1140,276,294
2026-06-04,1146,1150,1350
2026-06-04,1147,740,1030
2026-06-04,1148,680,880
2026-06-04,1150,680,880
2026-06-04,1151,1000,1200
2026-06-04,1152,830,1030
2026-06-04,1153,455,465
2026-06-04,1154,410,425
2026-06-04,1155,180,190
2026-06-04,1156,200,215
2026-06-04,1157,165,175
2026-06-04,1158,75,85
2026-06-04,1165,,
2026-06-04,1166,,
2026-06-04,1167,251,254
2026-06-04,1171,240,250
2026-06-04,1172,245,255
2026-06-04,1173,240,250
2026-06-04,1174,245,255
2026-06-04,1178,,
2026-06-04,1179,,
2026-06-04,1188,,
2026-06-04,1200,175,180
2026-06-04,1201,170,175
2026-06-04,1203,300,310
2026-06-04,1204,260,270
2026-06-04,1205,310,320
2026-06-04,1206,265,275
2026-06-04,1207,210,220
2026-06-04,1208,,
2026-06-04,1209,175,185
2026-06-04,1210,,
2026-06-04,1211,,
2026-06-04,1213,252,262
2026-06-04,1225,,
2026-06-04,1235,,
2026-06-04,1239,90,120
2026-06-04,1240,,
2026-06-04,1241,,
2026-06-04,1242,,
2026-06-04,1244,80,100
2026-06-04,1245,,
2026-06-04,1249,95,125
2026-06-04,1252,,
2026-06-04,1254,85,105
2026-06-04,1255,98,145
2026-06-04,1259,93,140
2026-06-04,1263,,
2026-06-04,1265,103,150
2026-06-04,1266,160,180
2026-06-04,1267,170,190
2026-06-04,1268,,
2026-06-04,1270,108,155
2026-06-04,1271,165,185
2026-06-04,1272,175,195
2026-06-04,1291,120,140
2026-06-04,1292,130,150
2026-06-04,1293,,
2026-06-04,1294,,
2026-06-04,1295,,
2026-06-04,1297,,
2026-06-04,1311,,
2026-06-04,1323,,
2026-06-04,1330,,
2026-06-04,1331,,
2026-06-04,1332,,
2026-06-04,1333,,
2026-06-04,1334,,
2026-06-04,1335,1260,1440
2026-06-04,1336,680,880
2026-06-04,1339,,
2026-06-04,1344,,
2026-06-04,1346,,
2026-06-04,1362,,
2026-06-04,1367,315,340
2026-06-04,1368,,
2026-06-04,1369,340,370
2026-06-04,1373,232,242
2026-06-04,1374,240,245
2026-06-04,1375,240,245
2026-06-04,1376,230,235
2026-06-04,1377,,
2026-06-04,1381,,
2026-06-04,1382,,
2026-06-04,1383,,
2026-06-04,1385,220,225
2026-06-04,1391,,
2026-06-04,1392,490,530
2026-06-04,1393,580,665
2026-06-04,1394,340,370
2026-06-04,1398,,
2026-06-04,1399,,
2026-06-04,1400,,
2026-06-04,1401,,
2026-06-11,650,422,427
2026-06-11,684,460,465
2026-06-11,686,133,135
2026-06-11,687,146,147
2026-06-11,688,172,175
2026-06-11,689,150,152
2026-06-11,691,193,195
2026-06-11,692,207,208
2026-06-11,693,232,234
2026-06-11,694,130,132
2026-06-11,695,150,152
2026-06-11,696,168,170
2026-06-11,697,233,235
2026-06-11,711,388,390
2026-06-11,712,,
2026-06-11,713,398,400
2026-06-11,714,393,395
2026-06-11,717,467,470
2026-06-11,718,,
2026-06-11,719,257,262
2026-06-11,720,289,294
2026-06-11,721,297,300
2026-06-11,722,,435
2026-06-11,723,457,460
2026-06-11,735,2237,2262
2026-06-11,736,2932,2957
2026-06-11,739,204,210
2026-06-11,742,304,305
2026-06-11,743,304,305
2026-06-11,744,225,230
2026-06-11,745,293,298
2026-06-11,747,375,410
2026-06-11,833,,
2026-06-11,849,,
2026-06-11,850,,
2026-06-11,860,235,245
2026-06-11,861,240,250
2026-06-11,863,418,423
2026-06-11,864,,
2026-06-11,871,235,245
2026-06-11,872,240,250
2026-06-11,909,258,260
2026-06-11,924,330,340
2026-06-11,951,525,530
2026-06-11,963,,
2026-06-11,967,225,240
2026-06-11,993,350,370
2026-06-11,994,400,420
2026-06-11,995,450,490
2026-06-11,996,460,500
2026-06-11,998,1030,1035
2026-06-11,999,985,990
2026-06-11,1000,710,730
2026-06-11,1026,,
2026-06-11,1027,,
2026-06-11,1030,,
2026-06-11,1031,,
2026-06-11,1032,,
2026-06-11,1034,,
2026-06-11,1050,,
2026-06-11,1095,,
2026-06-11,1115,334,336
2026-06-11,1116,308,310
2026-06-11,1117,,
2026-06-11,1118,230,232
2026-06-11,1119,255,260
2026-06-11,1121,,
2026-06-11,1123,,
2026-06-11,1127,236,238
2026-06-11,1128,252,254
2026-06-11,1129,251,
2026-06-11,1130,240,243
2026-06-11,1131,,
2026-06-11,1134,200,205
2026-06-11,1135,,
2026-06-11,1137,,
2026-06-11,1139,263,268
2026-06-11,1140,271,289
2026-06-11,1146,1050,1250
2026-06-11,1147,640,930
2026-06-11,1148,680,880
2026-06-11,1150,650,850
2026-06-11,1151,950,1150
2026-06-11,1152,830,1030
2026-06-11,1153,450,460
2026-06-11,1154,405,420
2026-06-11,1155,180,190
2026-06-11,1156,200,215
2026-06-11,1157,165,175
2026-06-11,1158,75,85
2026-06-11,1161,,
2026-06-11,1162,,
2026-06-11,1165,,
2026-06-11,1166,,
2026-06-11,1167,251,254
2026-06-11,1171,240,250
2026-06-11,1172,245,255
2026-06-11,1173,240,250
2026-06-11,1174,245,255
2026-06-11,1178,,
2026-06-11,1179,,
2026-06-11,1188,,
2026-06-11,1200,175,180
2026-06-11,1201,170,175
2026-06-11,1203,300,310
2026-06-11,1204,260,270
2026-06-11,1205,310,320
2026-06-11,1206,265,275
2026-06-11,1207,210,220
2026-06-11,1208,,
2026-06-11,1209,175,185
2026-06-11,1210,,
2026-06-11,1211,,
2026-06-11,1213,252,262
2026-06-11,1225,,
2026-06-11,1239,90,120
2026-06-11,1240,,
2026-06-11,1241,,
2026-06-11,1242,,
2026-06-11,1243,,
2026-06-11,1244,80,100
2026-06-11,1249,95,125
2026-06-11,1254,85,105
2026-06-11,1255,98,145
2026-06-11,1259,93,140
2026-06-11,1265,103,150
2026-06-11,1266,160,180
2026-06-11,1267,170,190
2026-06-11,1270,108,155
2026-06-11,1271,165,185
2026-06-11,1272,175,195
2026-06-11,1291,120,140
2026-06-11,1292,130,150
2026-06-11,1293,,
2026-06-11,1294,,
2026-06-11,1295,,
2026-06-11,1297,,
2026-06-11,1311,,
2026-06-11,1323,,
2026-06-11,1330,,
2026-06-11,1331,,
2026-06-11,1332,,
2026-06-11,1333,,
2026-06-11,1334,,
2026-06-11,1335,1260,1380
2026-06-11,1336,680,880
2026-06-11,1339,,
2026-06-11,1344,,
2026-06-11,1346,,
2026-06-11,1362,,
2026-06-11,1367,315,340
2026-06-11,1368,,
2026-06-11,1369,340,370
2026-06-11,1373,229,240
2026-06-11,1374,,
2026-06-11,1375,,
2026-06-11,1376,,
2026-06-11,1377,,
2026-06-11,1381,,
2026-06-11,1382,,
2026-06-11,1383,,
2026-06-11,1385,,
2026-06-11,1391,,
2026-06-11,1392,440,480
2026-06-11,1393,580,635
2026-06-11,1394,290,340
2026-06-18,650,417,422
2026-06-18,684,460,465
2026-06-18,686,125,127
2026-06-18,687,138,139
2026-06-18,688,172,175
2026-06-18,689,140,142
2026-06-18,691,185,187
2026-06-18,692,199,200
2026-06-18,693,232,234
2026-06-18,694,122,124
2026-06-18,695,140,142
2026-06-18,696,163,165
2026-06-18,697,233,235
2026-06-18,711,378,380
2026-06-18,712,,
2026-06-18,713,388,390
2026-06-18,714,383,385
2026-06-18,717,462,465
2026-06-18,718,,
2026-06-18,719,257,262
2026-06-18,720,285,290
2026-06-18,721,,
2026-06-18,722,,435
2026-06-18,723,457,460
2026-06-18,735,2237,2262
2026-06-18,736,3052,3077
2026-06-18,739,199,205
2026-06-18,742,304,305
2026-06-18,743,304,305
2026-06-18,744,205,210
2026-06-18,745,293,298
2026-06-18,747,375,410
2026-06-18,769,155,175
2026-06-18,770,160,180
2026-06-18,833,,
2026-06-18,849,,
2026-06-18,850,,
2026-06-18,860,,
2026-06-18,861,,
2026-06-18,863,413,418
2026-06-18,864,,
2026-06-18,871,,
2026-06-18,872,,
2026-06-18,909,255,257
2026-06-18,924,330,340
2026-06-18,951,525,530
2026-06-18,963,,
2026-06-18,967,225,240
2026-06-18,993,350,370
2026-06-18,994,400,420
2026-06-18,995,450,490
2026-06-18,996,460,500
2026-06-18,998,1030,1035
2026-06-18,999,985,990
2026-06-18,1026,50,60
2026-06-18,1027,60,70
2026-06-18,1030,,
2026-06-18,1031,,
2026-06-18,1032,,
2026-06-18,1034,,
2026-06-18,1050,,
2026-06-18,1095,,
2026-06-18,1115,332,334
2026-06-18,1116,308,310
2026-06-18,1117,,
2026-06-18,1118,228,230
2026-06-18,1119,,
2026-06-18,1121,,
2026-06-18,1123,,
2026-06-18,1127,233,235
2026-06-18,1128,246,248
2026-06-18,1129,247,
2026-06-18,1130,238,241
2026-06-18,1131,,
2026-06-18,1134,198,203
2026-06-18,1135,205,210
2026-06-18,1137,,
2026-06-18,1139,258,263
2026-06-18,1140,269,287
2026-06-18,1146,1050,1250
2026-06-18,1147,640,930
2026-06-18,1148,680,880
2026-06-18,1150,650,850
2026-06-18,1151,900,1100
2026-06-18,1152,830,1030
2026-06-18,1153,450,460
2026-06-18,1154,405,420
2026-06-18,1155,190,200
2026-06-18,1156,200,215
2026-06-18,1157,165,175
2026-06-18,1158,75,85
2026-06-18,1161,,
2026-06-18,1162,,
2026-06-18,1165,55,65
2026-06-18,1167,,
2026-06-18,1171,,
2026-06-18,1172,,
2026-06-18,1173,,
2026-06-18,1174,,
2026-06-18,1178,,
2026-06-18,1179,,
2026-06-18,1182,160,180
2026-06-18,1183,165,185
2026-06-18,1188,,
2026-06-18,1200,,
2026-06-18,1201,,
2026-06-18,1203,300,310
2026-06-18,1204,260,270
2026-06-18,1205,310,320
2026-06-18,1206,265,275
2026-06-18,1207,210,220
2026-06-18,1208,,
2026-06-18,1209,175,185
2026-06-18,1210,,
2026-06-18,1211,,
2026-06-18,1213,252,262
2026-06-18,1225,,
2026-06-18,1239,90,120
2026-06-18,1240,,
2026-06-18,1241,,
2026-06-18,1242,,
2026-06-18,1243,,
2026-06-18,1244,80,100
2026-06-18,1249,95,125
2026-06-18,1254,85,105
2026-06-18,1255,98,145
2026-06-18,1259,93,140
2026-06-18,1265,103,150
2026-06-18,1266,160,180
2026-06-18,1267,170,190
2026-06-18,1270,108,155
2026-06-18,1271,165,185
2026-06-18,1272,175,195
2026-06-18,1291,,
2026-06-18,1292,,
2026-06-18,1293,,
2026-06-18,1294,,
2026-06-18,1295,,
2026-06-18,1297,,
2026-06-18,1311,,
2026-06-18,1323,,
2026-06-18,1330,,
2026-06-18,1331,,
2026-06-18,1332,,
2026-06-18,1333,,
2026-06-18,1334,,
2026-06-18,1335,1260,1380
2026-06-18,1336,680,880
2026-06-18,1339,,
2026-06-18,1344,,
2026-06-18,1346,,
2026-06-18,1362,,
2026-06-18,1367,315,340
2026-06-18,1368,,
2026-06-18,1369,340,370
2026-06-18,1373,227,238
2026-06-18,1374,,
2026-06-18,1375,,
2026-06-18,1376,,
2026-06-18,1377,,
2026-06-18,1381,,
2026-06-18,1382,,
2026-06-18,1383,,
2026-06-18,1385,,
2026-06-18,1391,,
2026-06-18,1392,440,480
2026-06-18,1393,580,635
2026-06-18,1394,290,340
2026-06-18,1395,720,740
2026-06-18,1402,250,260
2026-06-25,650,417,422
2026-06-25,684,460,465
2026-06-25,686,113,115
2026-06-25,687,126,127
2026-06-25,688,167,170
2026-06-25,689,128,130
2026-06-25,691,173,175
2026-06-25,692,187,188
2026-06-25,693,227,229
2026-06-25,694,110,112
2026-06-25,695,128,130
2026-06-25,696,160,162
2026-06-25,697,233,235
2026-06-25,711,381,383
2026-06-25,712,,
2026-06-25,713,391,393
2026-06-25,714,388,390
2026-06-25,717,472,475
2026-06-25,718,,
2026-06-25,719,257,262
2026-06-25,720,285,290
2026-06-25,721,280,285
2026-06-25,722,,440
2026-06-25,723,462,465
2026-06-25,735,2437,2462
2026-06-25,736,3102,3127
2026-06-25,739,199,205
2026-06-25,742,324,325
2026-06-25,743,324,325
2026-06-25,744,197,202
2026-06-25,745,293,298
2026-06-25,747,375,410
2026-06-25,769,155,185
2026-06-25,770,160,192
2026-06-25,833,,
2026-06-25,849,,
2026-06-25,850,,
2026-06-25,852,,
2026-06-25,853,,
2026-06-25,860,,
2026-06-25,861,,
2026-06-25,863,423,428
2026-06-25,864,,
2026-06-25,865,,
2026-06-25,866,,
2026-06-25,871,,
2026-06-25,872,,
2026-06-25,909,255,257
2026-06-25,924,330,340
2026-06-25,951,525,530
2026-06-25,963,,
2026-06-25,967,225,240
2026-06-25,993,350,370
2026-06-25,994,400,420
2026-06-25,995,450,490
2026-06-25,996,460,500
2026-06-25,998,1030,1035
2026-06-25,999,985,990
2026-06-25,1000,720,740
2026-06-25,1026,50,60
2026-06-25,1027,60,70
2026-06-25,1030,,
2026-06-25,1031,,
2026-06-25,1032,,
2026-06-25,1034,,
2026-06-25,1050,370,380
2026-06-25,1095,,
2026-06-25,1115,322,324
2026-06-25,1116,308,310
2026-06-25,1117,,
2026-06-25,1118,227,229
2026-06-25,1119,,
2026-06-25,1121,,
2026-06-25,1123,,
2026-06-25,1127,233,235
2026-06-25,1128,246,248
2026-06-25,1129,247,
2026-06-25,1130,238,241
2026-06-25,1131,,
2026-06-25,1134,198,203
2026-06-25,1135,205,210
2026-06-25,1137,,
2026-06-25,1139,255,260
2026-06-25,1140,266,284
2026-06-25,1146,1050,1250
2026-06-25,1147,640,930
2026-06-25,1148,680,880
2026-06-25,1150,650,850
2026-06-25,1151,900,1100
2026-06-25,1152,830,1030
2026-06-25,1153,450,460
2026-06-25,1154,405,420
2026-06-25,1155,195,205
2026-06-25,1156,200,215
2026-06-25,1157,155,165
2026-06-25,1158,75,85
2026-06-25,1161,,
2026-06-25,1162,,
2026-06-25,1165,55,65
2026-06-25,1167,,
2026-06-25,1170,,
2026-06-25,1171,,
2026-06-25,1172,,
2026-06-25,1173,,
2026-06-25,1174,,
2026-06-25,1179,,
2026-06-25,1182,160,190
2026-06-25,1183,165,197
2026-06-25,1184,,
2026-06-25,1185,,
2026-06-25,1186,,
2026-06-25,1188,,
2026-06-25,1200,158,162
2026-06-25,1201,158,162
2026-06-25,1203,300,310
2026-06-25,1204,260,270
2026-06-25,1205,310,320
2026-06-25,1206,265,275
2026-06-25,1207,210,220
2026-06-25,1208,,
2026-06-25,1209,175,185
2026-06-25,1210,,
2026-06-25,1211,,
2026-06-25,1213,252,262
2026-06-25,1225,,
2026-06-25,1239,90,120
2026-06-25,1240,,
2026-06-25,1241,,
2026-06-25,1242,,
2026-06-25,1243,,
2026-06-25,1244,80,100
2026-06-25,1249,95,125
2026-06-25,1254,85,105
2026-06-25,1255,98,145
2026-06-25,1259,93,140
2026-06-25,1265,103,150
2026-06-25,1266,160,180
2026-06-25,1267,170,190
2026-06-25,1270,108,155
2026-06-25,1271,165,185
2026-06-25,1272,175,195
2026-06-25,1295,,
2026-06-25,1297,,
2026-06-25,1311,,
2026-06-25,1323,,
2026-06-25,1330,,
2026-06-25,1331,,
2026-06-25,1332,,
2026-06-25,1333,,
2026-06-25,1334,,
2026-06-25,1335,1260,1380
2026-06-25,1336,680,880
2026-06-25,1339,,
2026-06-25,1344,203,207
2026-06-25,1346,380,390
2026-06-25,1362,,
2026-06-25,1367,315,340
2026-06-25,1368,,
2026-06-25,1369,340,370
2026-06-25,1373,227,238
2026-06-25,1381,,
2026-06-25,1382,,
2026-06-25,1383,,
2026-06-25,1384,250,260
2026-06-25,1391,,
2026-06-25,1392,440,480
2026-06-25,1393,580,635
2026-06-25,1394,290,340
2026-06-25,1403,238,242
2026-06-25,1404,226,230
2026-06-25,1405,216,220
2026-06-25,1406,210,213
2026-06-25,1407,,
2026-06-25,1408,,
2026-07-02,650,422,427
2026-07-02,684,460,465
2026-07-02,686,105,107
2026-07-02,687,118,119
2026-07-02,688,167,170
2026-07-02,689,121,123
2026-07-02,691,165,167
2026-07-02,692,179,180
2026-07-02,693,227,229
2026-07-02,694,102,104
2026-07-02,695,121,123
2026-07-02,696,155,157
2026-07-02,697,230,232
2026-07-02,711,381,383
2026-07-02,712,,
2026-07-02,713,391,393
2026-07-02,714,383,385
2026-07-02,717,477,480
2026-07-02,718,,
2026-07-02,719,257,262
2026-07-02,720,283,288
2026-07-02,721,273,285
2026-07-02,722,,450
2026-07-02,723,472,475
2026-07-02,735,2447,2472
2026-07-02,736,3152,3177
2026-07-02,739,194,200
2026-07-02,742,324,325
2026-07-02,743,324,325
2026-07-02,744,190,197
2026-07-02,745,293,298
2026-07-02,747,375,410
2026-07-02,769,,
2026-07-02,770,,
2026-07-02,833,,
2026-07-02,849,170,200
2026-07-02,850,175,207
2026-07-02,852,,
2026-07-02,853,,
2026-07-02,860,,
2026-07-02,861,,
2026-07-02,863,428,433
2026-07-02,864,,
2026-07-02,865,,
2026-07-02,866,,
2026-07-02,871,,
2026-07-02,872,,
2026-07-02,909,255,257
2026-07-02,924,330,340
2026-07-02,951,525,530
2026-07-02,963,,
2026-07-02,967,225,240
2026-07-02,993,350,370
2026-07-02,994,400,420
2026-07-02,995,450,490
2026-07-02,996,460,500
2026-07-02,998,1035,1040
2026-07-02,999,990,995
2026-07-02,1026,50,60
2026-07-02,1027,60,70
2026-07-02,1030,,
2026-07-02,1031,,
2026-07-02,1032,,
2026-07-02,1034,,
2026-07-02,1050,370,380
2026-07-02,1095,,
2026-07-02,1115,324,326
2026-07-02,1116,310,312
2026-07-02,1117,,
2026-07-02,1118,221,223
2026-07-02,1119,,
2026-07-02,1121,,
2026-07-02,1123,,
2026-07-02,1127,233,235
2026-07-02,1128,246,248
2026-07-02,1129,247,
2026-07-02,1130,238,241
2026-07-02,1131,,
2026-07-02,1134,198,203
2026-07-02,1135,205,210
2026-07-02,1137,,
2026-07-02,1139,255,260
2026-07-02,1140,261,279
2026-07-02,1146,1150,1350
2026-07-02,1147,640,930
2026-07-02,1148,680,880
2026-07-02,1150,650,850
2026-07-02,1151,900,1100
2026-07-02,1152,830,1030
2026-07-02,1153,450,460
2026-07-02,1154,405,420
2026-07-02,1155,200,210
2026-07-02,1156,195,210
2026-07-02,1157,145,155
2026-07-02,1158,75,85
2026-07-02,1161,175,205
2026-07-02,1162,180,212
2026-07-02,1165,55,65
2026-07-02,1167,,
2026-07-02,1170,,
2026-07-02,1171,,
2026-07-02,1172,,
2026-07-02,1173,,
2026-07-02,1174,,
2026-07-02,1179,,
2026-07-02,1182,,
2026-07-02,1183,,
2026-07-02,1184,,
2026-07-02,1185,,
2026-07-02,1186,,
2026-07-02,1188,,
2026-07-02,1200,158,162
2026-07-02,1201,158,162
2026-07-02,1203,300,310
2026-07-02,1204,260,270
2026-07-02,1205,310,320
2026-07-02,1206,265,275
2026-07-02,1207,210,220
2026-07-02,1208,,
2026-07-02,1209,175,185
2026-07-02,1210,,
2026-07-02,1211,,
2026-07-02,1213,252,262
2026-07-02,1225,,
2026-07-02,1239,,
2026-07-02,1240,,
2026-07-02,1241,105,135
2026-07-02,1242,,
2026-07-02,1243,,
2026-07-02,1244,80,100
2026-07-02,1249,,
2026-07-02,1250,,
2026-07-02,1251,110,140
2026-07-02,1254,85,105
2026-07-02,1255,100,150
2026-07-02,1259,95,145
2026-07-02,1265,105,155
2026-07-02,1266,160,185
2026-07-02,1267,170,195
2026-07-02,1270,110,160
2026-07-02,1271,165,190
2026-07-02,1272,175,200
2026-07-02,1295,680,690
2026-07-02,1297,,
2026-07-02,1311,,
2026-07-02,1323,,
2026-07-02,1330,,
2026-07-02,1331,,
2026-07-02,1332,,
2026-07-02,1333,,
2026-07-02,1334,,
2026-07-02,1335,1350,1470
2026-07-02,1336,680,880
2026-07-02,1339,,
2026-07-02,1344,203,207
2026-07-02,1346,380,390
2026-07-02,1362,255,260
2026-07-02,1367,315,340
2026-07-02,1368,,
2026-07-02,1369,340,370
2026-07-02,1373,221,238
2026-07-02,1389,320,330
2026-07-02,1390,305,315
2026-07-02,1391,,
2026-07-02,1392,490,530
2026-07-02,1393,625,680
2026-07-02,1394,290,340
2026-07-02,1395,720,740
2026-07-02,1402,250,260
2026-07-02,1403,237,241
2026-07-02,1404,225,229
2026-07-02,1405,215,219
2026-07-02,1406,209,212
2026-07-02,1407,,
2026-07-02,1408,,
2026-07-02,1409,345,355
2026-07-02,1410,310,320
2026-07-02,1411,265,275
2026-07-09,650,440,445
2026-07-09,684,460,465
2026-07-09,686,102,104
2026-07-09,687,115,116
2026-07-09,688,167,170
2026-07-09,689,121,123
2026-07-09,691,162,164
2026-07-09,692,176,177
2026-07-09,693,227,229
2026-07-09,694,99,101
2026-07-09,695,121,123
2026-07-09,696,153,155
2026-07-09,697,230,232
2026-07-09,711,378,380
2026-07-09,712,,
2026-07-09,713,388,390
2026-07-09,714,380,382
2026-07-09,717,467,470
2026-07-09,718,,
2026-07-09,719,257,262
2026-07-09,720,283,288
2026-07-09,721,270,285
2026-07-09,722,,465
2026-07-09,723,487,490
2026-07-09,735,2447,2472
2026-07-09,736,3152,3177
2026-07-09,739,194,200
2026-07-09,742,324,325
2026-07-09,743,324,325
2026-07-09,744,190,194
2026-07-09,745,290,295
2026-07-09,747,375,410
2026-07-09,769,,
2026-07-09,770,,
2026-07-09,833,,
2026-07-09,849,170,200
2026-07-09,850,175,207
2026-07-09,852,,
2026-07-09,853,,
2026-07-09,860,,
2026-07-09,861,,
2026-07-09,863,423,428
2026-07-09,864,,
2026-07-09,865,,
2026-07-09,866,,
2026-07-09,871,,
2026-07-09,872,,
2026-07-09,909,257,259
2026-07-09,924,330,340
2026-07-09,951,525,530
2026-07-09,963,,
2026-07-09,967,225,240
2026-07-09,993,350,370
2026-07-09,994,400,420
2026-07-09,995,450,490
2026-07-09,996,460,500
2026-07-09,998,1035,1040
2026-07-09,999,990,995
2026-07-09,1026,50,60
2026-07-09,1027,60,70
2026-07-09,1030,,
2026-07-09,1031,,
2026-07-09,1032,,
2026-07-09,1034,,
2026-07-09,1050,365,375
2026-07-09,1095,,
2026-07-09,1115,324,326
2026-07-09,1116,310,312
2026-07-09,1117,,
2026-07-09,1118,221,223
2026-07-09,1119,,
2026-07-09,1121,,
2026-07-09,1123,,
2026-07-09,1127,235,237
2026-07-09,1128,248,250
2026-07-09,1129,249,
2026-07-09,1130,240,243
2026-07-09,1131,,
2026-07-09,1134,198,203
2026-07-09,1135,205,210
2026-07-09,1137,,
2026-07-09,1139,255,260
2026-07-09,1140,261,279
2026-07-09,1146,1190,1390
2026-07-09,1147,640,930
2026-07-09,1148,680,880
2026-07-09,1150,650,850
2026-07-09,1151,850,1050
2026-07-09,1152,830,1030
2026-07-09,1153,450,460
2026-07-09,1154,405,420
2026-07-09,1155,200,210
2026-07-09,1156,190,205
2026-07-09,1157,140,150
2026-07-09,1158,75,85
2026-07-09,1161,175,205
2026-07-09,1162,180,212
2026-07-09,1165,55,65
2026-07-09,1167,,
2026-07-09,1170,,
2026-07-09,1171,,
2026-07-09,1172,,
2026-07-09,1173,,
2026-07-09,1174,,
2026-07-09,1178,,
2026-07-09,1179,,
2026-07-09,1182,,
2026-07-09,1183,,
2026-07-09,1184,,
2026-07-09,1185,,
2026-07-09,1186,,
2026-07-09,1188,,
2026-07-09,1200,158,162
2026-07-09,1201,158,162
2026-07-09,1203,300,310
2026-07-09,1204,260,270
2026-07-09,1205,310,320
2026-07-09,1206,265,275
2026-07-09,1207,210,220
2026-07-09,1208,,
2026-07-09,1209,175,185
2026-07-09,1210,,
2026-07-09,1211,,
2026-07-09,1213,252,262
2026-07-09,1225,,
2026-07-09,1239,,
2026-07-09,1240,,
2026-07-09,1241,105,135
2026-07-09,1242,140,160
2026-07-09,1243,,
2026-07-09,1244,80,100
2026-07-09,1249,,
2026-07-09,1250,,
2026-07-09,1251,110,140
2026-07-09,1252,145,165
2026-07-09,1253,,
2026-07-09,1254,85,105
2026-07-09,1255,100,150
2026-07-09,1259,95,145
2026-07-09,1265,105,155
2026-07-09,1266,160,185
2026-07-09,1267,170,195
2026-07-09,1270,110,160
2026-07-09,1271,165,190
2026-07-09,1272,175,200
2026-07-09,1295,680,690
2026-07-09,1297,,
2026-07-09,1323,290,300
2026-07-09,1330,,
2026-07-09,1331,360,370
2026-07-09,1332,365,375
2026-07-09,1333,,
2026-07-09,1335,1390,1510
2026-07-09,1336,680,880
2026-07-09,1338,,
2026-07-09,1339,,
2026-07-09,1344,203,207
2026-07-09,1346,375,385
2026-07-09,1362,255,260
2026-07-09,1367,315,340
2026-07-09,1368,,
2026-07-09,1369,340,370
2026-07-09,1373,221,238
2026-07-09,1389,320,330
2026-07-09,1390,305,315
2026-07-09,1391,,
2026-07-09,1392,510,550
2026-07-09,1393,645,700
2026-07-09,1394,290,340
2026-07-09,1395,,
2026-07-09,1402,245,255
2026-07-09,1403,236,240
2026-07-09,1404,224,228
2026-07-09,1405,214,218
2026-07-09,1406,208,211
2026-07-09,1407,,
2026-07-09,1408,,
2026-07-09,1409,345,355
2026-07-09,1410,310,320
2026-07-09,1411,265,275
2026-07-09,1412,190,195
2026-07-09,1413,255,275
2026-07-16,650,455,460
2026-07-16,684,460,465
2026-07-16,686,102,104
2026-07-16,687,115,116
2026-07-16,688,167,170
2026-07-16,689,121,123
2026-07-16,691,162,164
2026-07-16,692,176,177
2026-07-16,693,227,229
2026-07-16,694,99,101
2026-07-16,695,121,123
2026-07-16,696,153,155
2026-07-16,697,230,232
2026-07-16,711,383,385
2026-07-16,712,,
2026-07-16,713,393,395
2026-07-16,714,385,387
2026-07-16,717,487,490
2026-07-16,718,,
2026-07-16,719,254,259
2026-07-16,720,286,291
2026-07-16,721,275,280
2026-07-16,722,,475
2026-07-16,723,497,500
2026-07-16,735,2447,2472
2026-07-16,736,3152,3177
2026-07-16,739,194,200
2026-07-16,742,324,325
2026-07-16,743,324,325
2026-07-16,744,190,194
2026-07-16,745,287,292
2026-07-16,747,375,410
2026-07-16,769,,
2026-07-16,770,,
2026-07-16,833,,
2026-07-16,849,170,200
2026-07-16,850,175,207
2026-07-16,852,,
2026-07-16,853,,
2026-07-16,860,,
2026-07-16,861,,
2026-07-16,863,443,448
2026-07-16,864,,
2026-07-16,865,,
2026-07-16,866,,
2026-07-16,871,,
2026-07-16,872,,
2026-07-16,909,263,265
2026-07-16,924,330,340
2026-07-16,951,525,530
2026-07-16,963,,
2026-07-16,967,225,240
2026-07-16,993,350,370
2026-07-16,994,400,420
2026-07-16,995,450,490
2026-07-16,996,460,500
2026-07-16,998,1040,1045
2026-07-16,999,995,1000
2026-07-16,1026,,
2026-07-16,1027,,
2026-07-16,1030,65,75
2026-07-16,1031,75,85
2026-07-16,1032,,
2026-07-16,1034,,
2026-07-16,1050,360,370
2026-07-16,1095,,
2026-07-16,1115,329,331
2026-07-16,1116,315,317
2026-07-16,1117,,
2026-07-16,1118,226,228
2026-07-16,1119,,
2026-07-16,1121,,
2026-07-16,1123,,
2026-07-16,1127,241,243
2026-07-16,1128,254,256
2026-07-16,1129,259,
2026-07-16,1130,250,253
2026-07-16,1131,,
2026-07-16,1134,201,206
2026-07-16,1135,208,213
2026-07-16,1137,,
2026-07-16,1139,260,265
2026-07-16,1140,266,284
2026-07-16,1146,1260,1440
2026-07-16,1147,640,930
2026-07-16,1148,680,880
2026-07-16,1150,670,870
2026-07-16,1151,850,1050
2026-07-16,1152,830,1030
2026-07-16,1153,450,460
2026-07-16,1154,405,420
2026-07-16,1155,210,220
2026-07-16,1156,185,200
2026-07-16,1157,135,145
2026-07-16,1158,75,85
2026-07-16,1161,175,205
2026-07-16,1162,180,212
2026-07-16,1165,,
2026-07-16,1167,,
2026-07-16,1170,,
2026-07-16,1171,,
2026-07-16,1172,,
2026-07-16,1173,,
2026-07-16,1174,,
2026-07-16,1178,70,80
2026-07-16,1179,,
2026-07-16,1182,,
2026-07-16,1183,,
2026-07-16,1184,,
2026-07-16,1185,,
2026-07-16,1186,,
2026-07-16,1188,,
2026-07-16,1200,158,162
2026-07-16,1201,158,162
2026-07-16,1203,300,310
2026-07-16,1204,260,270
2026-07-16,1205,310,320
2026-07-16,1206,265,275
2026-07-16,1207,210,220
2026-07-16,1208,,
2026-07-16,1209,175,185
2026-07-16,1210,,
2026-07-16,1211,,
2026-07-16,1213,252,262
2026-07-16,1225,,
2026-07-16,1239,,
2026-07-16,1240,,
2026-07-16,1241,105,135
2026-07-16,1242,140,160
2026-07-16,1243,,
2026-07-16,1244,80,100
2026-07-16,1249,,
2026-07-16,1250,,
2026-07-16,1251,110,140
2026-07-16,1252,145,165
2026-07-16,1253,,
2026-07-16,1254,85,105
2026-07-16,1255,100,150
2026-07-16,1259,95,145
2026-07-16,1265,105,155
2026-07-16,1266,160,185
2026-07-16,1267,170,195
2026-07-16,1270,110,160
2026-07-16,1271,165,190
2026-07-16,1272,175,200
2026-07-16,1293,,
2026-07-16,1294,30,40
2026-07-16,1295,680,690
2026-07-16,1297,,
2026-07-16,1323,290,300
2026-07-16,1330,,
2026-07-16,1331,360,370
2026-07-16,1332,365,375
2026-07-16,1333,,
2026-07-16,1335,1450,1570
2026-07-16,1336,680,880
2026-07-16,1338,,
2026-07-16,1339,,
2026-07-16,1344,208,212
2026-07-16,1346,370,380
2026-07-16,1362,255,260
2026-07-16,1367,315,340
2026-07-16,1368,,
2026-07-16,1369,340,370
2026-07-16,1373,226,248
2026-07-16,1389,330,340
2026-07-16,1390,315,325
2026-07-16,1391,,
2026-07-16,1392,545,575
2026-07-16,1393,675,730
2026-07-16,1394,290,340
2026-07-16,1395,,
2026-07-16,1402,245,255
2026-07-16,1403,240,244
2026-07-16,1404,228,232
2026-07-16,1405,218,222
2026-07-16,1406,212,215
2026-07-16,1407,,
2026-07-16,1408,,
2026-07-16,1409,345,355
2026-07-16,1410,310,320
2026-07-16,1411,265,275
2026-07-16,1412,195,200
2026-07-16,1413,255,275
2026-07-23,650,470,475
2026-07-23,684,460,465
2026-07-23,686,105,107
2026-07-23,687,118,119
2026-07-23,688,170,173
2026-07-23,689,126,128
2026-07-23,691,165,167
2026-07-23,692,179,180
2026-07-23,693,230,232
2026-07-23,694,102,104
2026-07-23,695,126,128
2026-07-23,696,156,158
2026-07-23,697,230,232
2026-07-23,711,393,395
2026-07-23,712,,
2026-07-23,713,403,405
2026-07-23,714,395,397
2026-07-23,717,507,510
2026-07-23,718,,
2026-07-23,719,249,254
2026-07-23,720,291,296
2026-07-23,721,280,285
2026-07-23,722,,492
2026-07-23,723,514,517
2026-07-23,735,2497,2522
2026-07-23,736,3202,3227
2026-07-23,739,199,205
2026-07-23,742,324,325
2026-07-23,743,324,325
2026-07-23,744,186,190
2026-07-23,745,287,292
2026-07-23,747,375,410
2026-07-23,769,,
2026-07-23,770,,
2026-07-23,833,,
2026-07-23,849,170,200
2026-07-23,850,175,207
2026-07-23,852,170,200
2026-07-23,853,180,210
2026-07-23,860,,
2026-07-23,861,,
2026-07-23,863,463,468
2026-07-23,864,,
2026-07-23,865,,
2026-07-23,866,,
2026-07-23,871,,
2026-07-23,872,,
2026-07-23,909,266,268
2026-07-23,924,330,340
2026-07-23,951,525,530
2026-07-23,963,,
2026-07-23,967,225,240
2026-07-23,993,350,370
2026-07-23,994,400,420
2026-07-23,995,450,490
2026-07-23,996,460,500
2026-07-23,998,1045,1050
2026-07-23,999,1000,1005
2026-07-23,1026,,
2026-07-23,1027,,
2026-07-23,1030,65,75
2026-07-23,1031,75,85
2026-07-23,1032,,
2026-07-23,1034,,
2026-07-23,1050,360,370
2026-07-23,1095,,
2026-07-23,1115,342,344
2026-07-23,1116,338,340
2026-07-23,1117,,
2026-07-23,1118,236,238
2026-07-23,1119,,
2026-07-23,1121,,
2026-07-23,1123,,
2026-07-23,1127,244,246
2026-07-23,1128,257,259
2026-07-23,1129,269,
2026-07-23,1130,261,264
2026-07-23,1131,,
2026-07-23,1134,206,211
2026-07-23,1135,213,218
2026-07-23,1137,,
2026-07-23,1139,260,265
2026-07-23,1140,266,284
2026-07-23,1146,1260,1440
2026-07-23,1147,640,930
2026-07-23,1148,680,880
2026-07-23,1150,670,870
2026-07-23,1151,850,1050
2026-07-23,1152,830,1030
2026-07-23,1153,450,460
2026-07-23,1154,405,420
2026-07-23,1155,210,220
2026-07-23,1156,185,200
2026-07-23,1157,135,145
2026-07-23,1158,75,85
2026-07-23,1161,175,205
2026-07-23,1162,180,212
2026-07-23,1165,,
2026-07-23,1166,,
2026-07-23,1167,,
2026-07-23,1170,,
2026-07-23,1171,,
2026-07-23,1172,,
2026-07-23,1173,,
2026-07-23,1174,,
2026-07-23,1178,70,80
2026-07-23,1179,,
2026-07-23,1182,,
2026-07-23,1183,,
2026-07-23,1184,180,210
2026-07-23,1185,190,220
2026-07-23,1186,,
2026-07-23,1188,,
2026-07-23,1200,158,162
2026-07-23,1201,158,162
2026-07-23,1203,300,310
2026-07-23,1204,260,270
2026-07-23,1205,310,320
2026-07-23,1206,265,275
2026-07-23,1207,210,220
2026-07-23,1208,,
2026-07-23,1209,175,185
2026-07-23,1210,,
2026-07-23,1211,,
2026-07-23,1213,252,262
2026-07-23,1225,,
2026-07-23,1239,,
2026-07-23,1240,,
2026-07-23,1241,105,135
2026-07-23,1242,140,160
2026-07-23,1243,,
2026-07-23,1244,80,100
2026-07-23,1249,,
2026-07-23,1250,,
2026-07-23,1251,110,140
2026-07-23,1252,145,165
2026-07-23,1253,,
2026-07-23,1254,85,105
2026-07-23,1255,100,150
2026-07-23,1259,95,145
2026-07-23,1265,105,155
2026-07-23,1266,160,185
2026-07-23,1267,170,195
2026-07-23,1270,110,160
2026-07-23,1271,165,190
2026-07-23,1272,175,200
2026-07-23,1293,,
2026-07-23,1294,39,52
2026-07-23,1295,680,690
2026-07-23,1297,,
2026-07-23,1323,285,295
2026-07-23,1330,,
2026-07-23,1331,360,370
2026-07-23,1332,365,375
2026-07-23,1333,,
2026-07-23,1335,1490,1610
2026-07-23,1336,680,880
2026-07-23,1338,,
2026-07-23,1339,,
2026-07-23,1344,213,217
2026-07-23,1346,370,380
2026-07-23,1362,255,260
2026-07-23,1367,,
2026-07-23,1368,,
2026-07-23,1369,350,380
2026-07-23,1373,236,252
2026-07-23,1389,330,340
2026-07-23,1390,315,325
2026-07-23,1391,,
2026-07-23,1392,545,575
2026-07-23,1393,695,750
2026-07-23,1394,290,340
2026-07-23,1395,,
2026-07-23,1402,245,255
2026-07-23,1403,245,249
2026-07-23,1404,236,240
2026-07-23,1405,226,230
2026-07-23,1406,220,223
2026-07-23,1407,,
2026-07-23,1408,,
2026-07-23,1409,345,355
2026-07-23,1410,310,320
2026-07-23,1411,265,275
2026-07-23,1412,200,205
2026-07-23,1413,255,275
2026-07-30,650,470,475
2026-07-30,684,460,465
2026-07-30,686,110,112
2026-07-30,687,123,124
2026-07-30,688,172,175
2026-07-30,689,133,135
2026-07-30,691,170,172
2026-07-30,692,184,185
2026-07-30,693,232,234
2026-07-30,694,107,109
2026-07-30,695,133,135
2026-07-30,696,161,163
2026-07-30,697,230,232
2026-07-30,711,383,385
2026-07-30,712,,
2026-07-30,713,393,395
2026-07-30,714,385,387
2026-07-30,717,,
2026-07-30,718,,
2026-07-30,719,244,249
2026-07-30,720,294,299
2026-07-30,721,280,285
2026-07-30,722,,472
2026-07-30,723,494,497
2026-07-30,735,2497,2522
2026-07-30,736,3202,3227
2026-07-30,739,199,205
2026-07-30,742,324,325
2026-07-30,743,324,325
2026-07-30,744,186,190
2026-07-30,745,287,292
2026-07-30,747,375,410
2026-07-30,769,,
2026-07-30,770,,
2026-07-30,833,,
2026-07-30,849,170,200
2026-07-30,850,175,207
2026-07-30,852,170,200
2026-07-30,853,180,210
2026-07-30,860,,
2026-07-30,861,,
2026-07-30,863,,
2026-07-30,864,,
2026-07-30,865,,
2026-07-30,866,,
2026-07-30,871,,
2026-07-30,872,,
2026-07-30,909,266,268
2026-07-30,924,330,340
2026-07-30,951,525,530
2026-07-30,963,,
2026-07-30,967,225,240
2026-07-30,993,350,370
2026-07-30,994,400,420
2026-07-30,995,450,490
2026-07-30,996,460,500
2026-07-30,998,1050,1055
2026-07-30,999,1005,1010
2026-07-30,1026,,
2026-07-30,1027,,
2026-07-30,1030,65,75
2026-07-30,1031,75,85
2026-07-30,1032,,
2026-07-30,1034,,
2026-07-30,1050,360,370
2026-07-30,1095,,
2026-07-30,1115,342,344
2026-07-30,1116,338,340
2026-07-30,1117,,
2026-07-30,1118,236,238
2026-07-30,1119,280,285
2026-07-30,1121,,
2026-07-30,1123,,
2026-07-30,1127,244,246
2026-07-30,1128,257,259
2026-07-30,1129,269,
2026-07-30,1130,265,268
2026-07-30,1131,,
2026-07-30,1134,208,213
2026-07-30,1135,215,220
2026-07-30,1137,,
2026-07-30,1139,262,267
2026-07-30,1140,268,286
2026-07-30,1146,1260,1440
2026-07-30,1147,640,930
2026-07-30,1148,680,880
2026-07-30,1150,670,870
2026-07-30,1151,850,1050
2026-07-30,1152,830,1030
2026-07-30,1153,450,460
2026-07-30,1154,405,420
2026-07-30,1155,210,220
2026-07-30,1156,185,200
2026-07-30,1157,135,145
2026-07-30,1158,75,85
2026-07-30,1161,175,205
2026-07-30,1162,180,212
2026-07-30,1165,,
2026-07-30,1166,,
2026-07-30,1167,270,275
2026-07-30,1170,,
2026-07-30,1171,,
2026-07-30,1172,,
2026-07-30,1173,,
2026-07-30,1174,,
2026-07-30,1178,70,80
2026-07-30,1179,,
2026-07-30,1182,,
2026-07-30,1183,,
2026-07-30,1184,180,210
2026-07-30,1185,190,220
2026-07-30,1186,,
2026-07-30,1188,,
2026-07-30,1200,158,162
2026-07-30,1201,158,162
2026-07-30,1203,300,310
2026-07-30,1204,260,270
2026-07-30,1205,310,320
2026-07-30,1206,265,275
2026-07-30,1207,210,220
2026-07-30,1208,,
2026-07-30,1209,175,185
2026-07-30,1210,,
2026-07-30,1211,,
2026-07-30,1213,252,262
2026-07-30,1225,,
2026-07-30,1239,,
2026-07-30,1240,,
2026-07-30,1241,105,135
2026-07-30,1242,140,160
2026-07-30,1243,,
2026-07-30,1244,85,102
2026-07-30,1249,,
2026-07-30,1250,,
2026-07-30,1251,110,140
2026-07-30,1252,145,165
2026-07-30,1253,,
2026-07-30,1254,90,107
2026-07-30,1255,100,150
2026-07-30,1259,95,145
2026-07-30,1265,105,155
2026-07-30,1266,160,185
2026-07-30,1267,170,195
2026-07-30,1270,110,160
2026-07-30,1271,165,190
2026-07-30,1272,175,200
2026-07-30,1293,,
2026-07-30,1294,39,52
2026-07-30,1295,680,690
2026-07-30,1297,,
2026-07-30,1323,285,295
2026-07-30,1330,,
2026-07-30,1331,360,370
2026-07-30,1332,365,375
2026-07-30,1333,,
2026-07-30,1335,1490,1610
2026-07-30,1336,680,880
2026-07-30,1338,,
2026-07-30,1339,,
2026-07-30,1344,215,219
2026-07-30,1346,370,380
2026-07-30,1362,255,260
2026-07-30,1367,,
2026-07-30,1368,,
2026-07-30,1369,360,385
2026-07-30,1373,236,252
2026-07-30,1389,330,340
2026-07-30,1390,315,325
2026-07-30,1391,,
2026-07-30,1392,545,575
2026-07-30,1393,695,750
2026-07-30,1394,290,340
2026-07-30,1395,,
2026-07-30,1402,245,255
2026-07-30,1403,247,251
2026-07-30,1404,239,243
2026-07-30,1405,229,233
2026-07-30,1406,223,226
2026-07-30,1407,,
2026-07-30,1408,,
2026-07-30,1409,350,360
2026-07-30,1410,315,325
2026-07-30,1411,270,280
2026-07-30,1412,200,205
2026-07-30,1413,255,275
2026-08-06,650,,
2026-08-06,684,460,465
2026-08-06,686,123,125
2026-08-06,687,136,137
2026-08-06,688,182,185
2026-08-06,689,148,150
2026-08-06,691,183,185
2026-08-06,692,197,198
2026-08-06,693,242,244
2026-08-06,694,120,122
2026-08-06,695,148,150
2026-08-06,696,173,175
2026-08-06,697,230,232
2026-08-06,711,383,385
2026-08-06,712,,
2026-08-06,713,393,395
2026-08-06,714,385,387
2026-08-06,717,,
2026-08-06,718,,
2026-08-06,719,239,244
2026-08-06,720,294,299
2026-08-06,721,290,295
2026-08-06,722,,467
2026-08-06,723,491,494
2026-08-06,735,2497,2522
2026-08-06,736,3202,3227
2026-08-06,739,199,205
2026-08-06,742,324,325
2026-08-06,743,324,325
2026-08-06,744,183,187
2026-08-06,745,287,292
2026-08-06,747,375,410
2026-08-06,769,,
2026-08-06,770,,
2026-08-06,833,,
2026-08-06,849,175,205
2026-08-06,850,180,212
2026-08-06,852,,
2026-08-06,853,,
2026-08-06,860,185,215
2026-08-06,861,195,225
2026-08-06,863,,
2026-08-06,864,,
2026-08-06,865,,
2026-08-06,866,,
2026-08-06,871,,
2026-08-06,872,,
2026-08-06,909,266,268
2026-08-06,924,330,340
2026-08-06,951,525,530
2026-08-06,963,,
2026-08-06,967,230,245
2026-08-06,993,350,370
2026-08-06,994,400,420
2026-08-06,995,450,490
2026-08-06,996,460,500
2026-08-06,998,1055,1060
2026-08-06,999,1010,1015
2026-08-06,1026,,
2026-08-06,1027,,
2026-08-06,1030,65,75
2026-08-06,1031,75,85
2026-08-06,1032,,
2026-08-06,1034,,
2026-08-06,1050,360,370
2026-08-06,1095,,
2026-08-06,1115,347,349
2026-08-06,1116,338,340
2026-08-06,1117,,
2026-08-06,1118,236,238
2026-08-06,1119,280,285
2026-08-06,1121,,
2026-08-06,1123,,
2026-08-06,1127,244,246
2026-08-06,1128,257,259
2026-08-06,1129,274,
2026-08-06,1130,267,270
2026-08-06,1131,,
2026-08-06,1134,208,213
2026-08-06,1135,215,220
2026-08-06,1137,,
2026-08-06,1139,262,267
2026-08-06,1140,268,286
2026-08-06,1146,1260,1440
2026-08-06,1147,640,930
2026-08-06,1148,680,880
2026-08-06,1150,670,870
2026-08-06,1151,850,1050
2026-08-06,1152,830,1030
2026-08-06,1153,450,460
2026-08-06,1154,405,420
2026-08-06,1155,210,220
2026-08-06,1156,185,200
2026-08-06,1157,135,145
2026-08-06,1158,75,85
2026-08-06,1161,180,210
2026-08-06,1162,185,217
2026-08-06,1165,,
2026-08-06,1166,,
2026-08-06,1167,270,275
2026-08-06,1170,,
2026-08-06,1171,190,220
2026-08-06,1172,200,230
2026-08-06,1173,,
2026-08-06,1174,,
2026-08-06,1178,70,80
2026-08-06,1179,,
2026-08-06,1182,,
2026-08-06,1183,,
2026-08-06,1184,,
2026-08-06,1185,,
2026-08-06,1186,,
2026-08-06,1188,,
2026-08-06,1189,230,250
2026-08-06,1200,158,170
2026-08-06,1201,158,170
2026-08-06,1202,340,350
2026-08-06,1203,320,330
2026-08-06,1204,280,290
2026-08-06,1205,340,350
2026-08-06,1206,275,285
2026-08-06,1207,220,235
2026-08-06,1208,,
2026-08-06,1209,180,190
2026-08-06,1210,,
2026-08-06,1211,,
2026-08-06,1213,260,270
2026-08-06,1225,,
2026-08-06,1239,,
2026-08-06,1240,,
2026-08-06,1241,105,135
2026-08-06,1242,140,160
2026-08-06,1243,,
2026-08-06,1244,85,102
2026-08-06,1249,,
2026-08-06,1250,,
2026-08-06,1251,110,140
2026-08-06,1252,145,165
2026-08-06,1253,,
2026-08-06,1254,90,107
2026-08-06,1255,105,155
2026-08-06,1259,100,150
2026-08-06,1265,110,160
2026-08-06,1266,165,190
2026-08-06,1267,175,200
2026-08-06,1270,115,165
2026-08-06,1271,170,195
2026-08-06,1272,180,205
2026-08-06,1293,,
2026-08-06,1294,39,52
2026-08-06,1295,680,690
2026-08-06,1297,,
2026-08-06,1323,285,295
2026-08-06,1330,,
2026-08-06,1331,360,370
2026-08-06,1332,365,375
2026-08-06,1333,,
2026-08-06,1335,1490,1610
2026-08-06,1336,680,880
2026-08-06,1338,,
2026-08-06,1339,800,900
2026-08-06,1344,215,219
2026-08-06,1346,370,380
2026-08-06,1362,255,260
2026-08-06,1367,,
2026-08-06,1368,,
2026-08-06,1369,360,390
2026-08-06,1372,200,210
2026-08-06,1373,236,252
2026-08-06,1389,330,340
2026-08-06,1390,315,325
2026-08-06,1391,,
2026-08-06,1392,545,575
2026-08-06,1393,695,750
2026-08-06,1394,290,340
2026-08-06,1395,,
2026-08-06,1402,250,260
2026-08-06,1403,247,251
2026-08-06,1404,241,245
2026-08-06,1405,231,235
2026-08-06,1406,225,228
2026-08-06,1407,,
2026-08-06,1408,,
2026-08-06,1409,350,360
2026-08-06,1410,315,325
2026-08-06,1411,270,280
2026-08-06,1412,200,205
2026-08-06,1413,255,275
2026-08-27,649,228,232
2026-08-27,684,460,465
2026-08-27,686,123,125
2026-08-27,687,141,142
2026-08-27,688,182,185
2026-08-27,689,152,154
2026-08-27,691,183,185
2026-08-27,692,202,203
2026-08-27,693,242,244
2026-08-27,694,120,122
2026-08-27,695,152,154
2026-08-27,696,173,175
2026-08-27,697,235,237
2026-08-27,711,408,410
2026-08-27,712,,
2026-08-27,713,418,420
2026-08-27,714,412,414
2026-08-27,717,,
2026-08-27,718,,
2026-08-27,719,229,234
2026-08-27,720,301,306
2026-08-27,721,300,305
2026-08-27,722,,492
2026-08-27,723,516,519
2026-08-27,735,2487,2512
2026-08-27,736,3227,3252
2026-08-27,739,204,210
2026-08-27,742,324,325
2026-08-27,743,324,325
2026-08-27,744,208,212
2026-08-27,745,287,292
2026-08-27,747,375,410
2026-08-27,769,,
2026-08-27,770,,
2026-08-27,833,,
2026-08-27,849,185,215
2026-08-27,850,190,222
2026-08-27,852,,
2026-08-27,853,,
2026-08-27,860,195,225
2026-08-27,861,205,235
2026-08-27,863,,
2026-08-27,864,,
2026-08-27,865,,
2026-08-27,866,,
2026-08-27,871,,
2026-08-27,872,,
2026-08-27,909,273,275
2026-08-27,924,340,350
2026-08-27,951,525,530
2026-08-27,963,,
2026-08-27,967,230,245
2026-08-27,993,355,375
2026-08-27,994,405,425
2026-08-27,995,455,495
2026-08-27,996,465,505
2026-08-27,998,1065,1070
2026-08-27,999,1020,1025
2026-08-27,1026,,
2026-08-27,1027,,
2026-08-27,1030,65,75
2026-08-27,1031,75,85
2026-08-27,1032,,
2026-08-27,1034,,
2026-08-27,1050,360,370
2026-08-27,1095,,
2026-08-27,1115,357,359
2026-08-27,1116,353,355
2026-08-27,1117,,
2026-08-27,1118,241,243
2026-08-27,1119,295,300
2026-08-27,1121,,
2026-08-27,1123,,
2026-08-27,1127,251,253
2026-08-27,1128,270,272
2026-08-27,1129,282,
2026-08-27,1130,277,280
2026-08-27,1131,,
2026-08-27,1134,215,220
2026-08-27,1135,222,227
2026-08-27,1137,,
2026-08-27,1139,262,267
2026-08-27,1140,268,286
2026-08-27,1146,1260,1440
2026-08-27,1147,640,930
2026-08-27,1148,680,880
2026-08-27,1150,670,870
2026-08-27,1151,850,1050
2026-08-27,1152,830,1030
2026-08-27,1153,450,460
2026-08-27,1154,405,420
2026-08-27,1155,210,220
2026-08-27,1156,185,200
2026-08-27,1157,135,145
2026-08-27,1158,75,85
2026-08-27,1161,190,220
2026-08-27,1162,195,227
2026-08-27,1165,,
2026-08-27,1166,,
2026-08-27,1167,285,290
2026-08-27,1170,,
2026-08-27,1171,200,230
2026-08-27,1172,210,240
2026-08-27,1173,,
2026-08-27,1174,,
2026-08-27,1178,70,80
2026-08-27,1179,,
2026-08-27,1182,,
2026-08-27,1183,,
2026-08-27,1184,,
2026-08-27,1185,,
2026-08-27,1186,,
2026-08-27,1188,,
2026-08-27,1189,240,260
2026-08-27,1200,158,170
2026-08-27,1201,158,170
2026-08-27,1202,340,350
2026-08-27,1203,320,330
2026-08-27,1204,280,290
2026-08-27,1205,340,350
2026-08-27,1206,275,285
2026-08-27,1207,220,235
2026-08-27,1208,,
2026-08-27,1209,180,190
2026-08-27,1210,,
2026-08-27,1211,,
2026-08-27,1213,270,280
2026-08-27,1225,,
2026-08-27,1235,,
2026-08-27,1239,,
2026-08-27,1240,,
2026-08-27,1241,105,135
2026-08-27,1242,140,160
2026-08-27,1243,,
2026-08-27,1244,85,102
2026-08-27,1249,,
2026-08-27,1250,,
2026-08-27,1251,110,140
2026-08-27,1252,145,165
2026-08-27,1253,,
2026-08-27,1254,90,107
2026-08-27,1255,110,160
2026-08-27,1259,105,155
2026-08-27,1263,,
2026-08-27,1265,115,165
2026-08-27,1266,170,195
2026-08-27,1267,180,205
2026-08-27,1270,120,170
2026-08-27,1271,175,200
2026-08-27,1272,185,210
2026-08-27,1293,,
2026-08-27,1294,,
2026-08-27,1295,680,690
2026-08-27,1297,,
2026-08-27,1323,285,295
2026-08-27,1330,,
2026-08-27,1331,360,370
2026-08-27,1332,365,375
2026-08-27,1333,,
2026-08-27,1335,1490,1610
2026-08-27,1336,680,880
2026-08-27,1338,,
2026-08-27,1339,800,900
2026-08-27,1344,225,229
2026-08-27,1346,370,380
2026-08-27,1362,255,260
2026-08-27,1367,,
2026-08-27,1368,,
2026-08-27,1369,360,390
2026-08-27,1372,200,220
2026-08-27,1373,241,255
2026-08-27,1389,333,343
2026-08-27,1390,318,328
2026-08-27,1391,,
2026-08-27,1392,545,575
2026-08-27,1393,695,750
2026-08-27,1394,290,340
2026-08-27,1395,,
2026-08-27,1398,,
2026-08-27,1399,,
2026-08-27,1402,255,265
2026-08-27,1403,254,258
2026-08-27,1404,248,252
2026-08-27,1405,238,242
2026-08-27,1406,232,235
2026-08-27,1407,,
2026-08-27,1408,,
2026-08-27,1409,355,365
2026-08-27,1410,320,330
2026-08-27,1411,275,285
2026-08-27,1412,210,215
2026-08-27,1413,260,280
2026-09-03,649,233,237
2026-09-03,684,465,470
2026-09-03,686,128,130
2026-09-03,687,144,145
2026-09-03,688,182,185
2026-09-03,689,155,157
2026-09-03,691,188,190
2026-09-03,692,205,206
2026-09-03,693,242,244
2026-09-03,694,125,127
2026-09-03,695,155,157
2026-09-03,696,163,165
2026-09-03,697,235,237
2026-09-03,711,418,420
2026-09-03,712,,
2026-09-03,713,428,430
2026-09-03,714,422,424
2026-09-03,717,,
2026-09-03,718,,
2026-09-03,719,219,224
2026-09-03,720,301,306
2026-09-03,721,310,315
2026-09-03,722,,502
2026-09-03,723,526,529
2026-09-03,735,2487,2512
2026-09-03,736,3227,3252
2026-09-03,739,211,217
2026-09-03,742,324,325
2026-09-03,743,324,325
2026-09-03,744,220,224
2026-09-03,745,295,300
2026-09-03,747,375,410
2026-09-03,769,,
2026-09-03,770,,
2026-09-03,833,,
2026-09-03,849,185,215
2026-09-03,850,190,222
2026-09-03,852,,
2026-09-03,853,,
2026-09-03,860,195,225
2026-09-03,861,205,235
2026-09-03,863,,
2026-09-03,864,,
2026-09-03,865,,
2026-09-03,866,,
2026-09-03,871,195,225
2026-09-03,872,205,235
2026-09-03,909,285,287
2026-09-03,924,350,360
2026-09-03,951,530,535
2026-09-03,963,,
2026-09-03,967,230,245
2026-09-03,993,355,375
2026-09-03,994,405,425
2026-09-03,995,455,495
2026-09-03,996,465,505
2026-09-03,998,1075,1080
2026-09-03,999,1030,1035
2026-09-03,1026,,
2026-09-03,1027,,
2026-09-03,1030,70,80
2026-09-03,1031,80,90
2026-09-03,1032,,
2026-09-03,1034,,
2026-09-03,1050,360,370
2026-09-03,1095,,
2026-09-03,1115,357,359
2026-09-03,1116,353,355
2026-09-03,1117,,
2026-09-03,1118,249,251
2026-09-03,1119,305,310
2026-09-03,1121,,
2026-09-03,1123,,
2026-09-03,1127,263,265
2026-09-03,1128,283,285
2026-09-03,1129,290,
2026-09-03,1130,284,287
2026-09-03,1131,180,190
2026-09-03,1134,222,227
2026-09-03,1135,229,234
2026-09-03,1137,,
2026-09-03,1139,275,280
2026-09-03,1140,283,296
2026-09-03,1146,1260,1440
2026-09-03,1147,640,930
2026-09-03,1148,680,880
2026-09-03,1150,670,870
2026-09-03,1151,850,1050
2026-09-03,1152,830,1030
2026-09-03,1153,460,470
2026-09-03,1154,415,430
2026-09-03,1155,220,230
2026-09-03,1156,195,210
2026-09-03,1157,145,155
2026-09-03,1158,85,95
2026-09-03,1161,190,220
2026-09-03,1162,195,227
2026-09-03,1165,,
2026-09-03,1166,,
2026-09-03,1167,295,300
2026-09-03,1170,,
2026-09-03,1171,200,230
2026-09-03,1172,210,240
2026-09-03,1173,200,230
2026-09-03,1174,210,240
2026-09-03,1178,75,85
2026-09-03,1179,,
2026-09-03,1182,,
2026-09-03,1183,,
2026-09-03,1184,,
2026-09-03,1185,,
2026-09-03,1186,,
2026-09-03,1188,,
2026-09-03,1189,240,260
2026-09-03,1200,158,170
2026-09-03,1201,158,170
2026-09-03,1202,340,350
2026-09-03,1203,320,330
2026-09-03,1204,280,290
2026-09-03,1205,340,350
2026-09-03,1206,275,285
2026-09-03,1207,220,235
2026-09-03,1208,,
2026-09-03,1209,180,190
2026-09-03,1210,,
2026-09-03,1211,,
2026-09-03,1213,280,290
2026-09-03,1225,,
2026-09-03,1235,,
2026-09-03,1239,,
2026-09-03,1240,,
2026-09-03,1241,105,135
2026-09-03,1242,140,160
2026-09-03,1243,,
2026-09-03,1244,95,105
2026-09-03,1249,,
2026-09-03,1250,,
2026-09-03,1251,110,140
2026-09-03,1252,145,165
2026-09-03,1253,,
2026-09-03,1254,100,110
2026-09-03,1255,120,165
2026-09-03,1259,115,160
2026-09-03,1263,,
2026-09-03,1265,125,170
2026-09-03,1266,170,195
2026-09-03,1267,180,205
2026-09-03,1270,130,175
2026-09-03,1271,175,200
2026-09-03,1272,185,210
2026-09-03,1295,680,690
2026-09-03,1297,,
2026-09-03,1323,285,295
2026-09-03,1330,,
2026-09-03,1331,360,370
2026-09-03,1332,365,375
2026-09-03,1333,,
2026-09-03,1335,1490,1610
2026-09-03,1336,680,880
2026-09-03,1338,,
2026-09-03,1339,800,900
2026-09-03,1344,235,239
2026-09-03,1346,370,380
2026-09-03,1362,265,270
2026-09-03,1367,,
2026-09-03,1368,,
2026-09-03,1369,360,390
2026-09-03,1372,200,220
2026-09-03,1373,249,265
2026-09-03,1389,335,345
2026-09-03,1390,320,330
2026-09-03,1391,,
2026-09-03,1392,545,575
2026-09-03,1393,695,750
2026-09-03,1394,290,340
2026-09-03,1395,,
2026-09-03,1398,,
2026-09-03,1399,,
2026-09-03,1402,260,270
2026-09-03,1403,264,268
2026-09-03,1404,256,260
2026-09-03,1405,246,250
2026-09-03,1406,240,243
2026-09-03,1407,,
2026-09-03,1408,,
2026-09-03,1409,360,370
2026-09-03,1410,325,335
2026-09-03,1411,280,290
2026-09-03,1412,215,220
2026-09-03,1413,260,280
2026-09-10,649,238,242
2026-09-10,684,475,480
2026-09-10,686,128,130
2026-09-10,687,144,145
2026-09-10,688,182,185
2026-09-10,689,155,157
2026-09-10,691,188,190
2026-09-10,692,205,206
2026-09-10,693,242,244
2026-09-10,694,125,127
2026-09-10,695,155,157
2026-09-10,696,163,165
2026-09-10,697,235,237
2026-09-10,711,423,425
2026-09-10,712,,
2026-09-10,713,433,435
2026-09-10,714,430,432
2026-09-10,717,,
2026-09-10,718,,
2026-09-10,719,219,224
2026-09-10,720,306,311
2026-09-10,721,315,320
2026-09-10,722,,512
2026-09-10,723,536,539
2026-09-10,735,2487,2512
2026-09-10,736,3227,3252
2026-09-10,739,211,217
2026-09-10,742,324,325
2026-09-10,743,324,325
2026-09-10,744,230,234
2026-09-10,745,305,310
2026-09-10,747,375,410
2026-09-10,769,,
2026-09-10,770,,
2026-09-10,833,,
2026-09-10,849,185,215
2026-09-10,850,190,222
2026-09-10,852,,
2026-09-10,853,,
2026-09-10,860,195,225
2026-09-10,861,205,235
2026-09-10,863,,
2026-09-10,864,,
2026-09-10,865,,
2026-09-10,866,,
2026-09-10,871,195,225
2026-09-10,872,205,235
2026-09-10,909,288,290
2026-09-10,924,350,360
2026-09-10,951,540,545
2026-09-10,963,,
2026-09-10,967,235,250
2026-09-10,993,370,390
2026-09-10,994,420,440
2026-09-10,995,470,510
2026-09-10,996,480,520
2026-09-10,998,1080,1085
2026-09-10,999,1035,1040
2026-09-10,1026,,
2026-09-10,1027,,
2026-09-10,1030,70,85
2026-09-10,1031,80,95
2026-09-10,1032,,
2026-09-10,1034,,
2026-09-10,1050,360,370
2026-09-10,1095,,
2026-09-10,1115,367,369
2026-09-10,1116,363,365
2026-09-10,1117,,
2026-09-10,1118,253,255
2026-09-10,1119,310,315
2026-09-10,1121,,
2026-09-10,1123,,
2026-09-10,1127,266,268
2026-09-10,1128,288,290
2026-09-10,1129,295,
2026-09-10,1130,284,287
2026-09-10,1131,180,190
2026-09-10,1134,225,230
2026-09-10,1135,232,237
2026-09-10,1137,,
2026-09-10,1139,285,290
2026-09-10,1140,293,306
2026-09-10,1146,1260,1440
2026-09-10,1147,640,930
2026-09-10,1148,680,880
2026-09-10,1150,670,870
2026-09-10,1151,850,1050
2026-09-10,1152,830,1030
2026-09-10,1153,470,480
2026-09-10,1154,425,440
2026-09-10,1155,230,240
2026-09-10,1156,200,215
2026-09-10,1157,150,160
2026-09-10,1158,85,95
2026-09-10,1161,190,220
2026-09-10,1162,195,227
2026-09-10,1165,,
2026-09-10,1166,,
2026-09-10,1167,300,305
2026-09-10,1170,,
2026-09-10,1171,200,230
2026-09-10,1172,210,240
2026-09-10,1173,200,230
2026-09-10,1174,210,240
2026-09-10,1178,75,90
2026-09-10,1179,,
2026-09-10,1182,,
2026-09-10,1183,,
2026-09-10,1184,,
2026-09-10,1185,,
2026-09-10,1186,,
2026-09-10,1188,530,540
2026-09-10,1189,240,260
2026-09-10,1200,165,175
2026-09-10,1201,165,175
2026-09-10,1202,340,350
2026-09-10,1203,320,330
2026-09-10,1204,280,290
2026-09-10,1205,340,350
2026-09-10,1206,275,285
2026-09-10,1207,220,235
2026-09-10,1208,,
2026-09-10,1209,180,190
2026-09-10,1210,,
2026-09-10,1211,,
2026-09-10,1213,280,290
2026-09-10,1225,,
2026-09-10,1235,,
2026-09-10,1239,,
2026-09-10,1240,,
2026-09-10,1241,105,135
2026-09-10,1242,140,160
2026-09-10,1243,,
2026-09-10,1244,95,105
2026-09-10,1249,,
2026-09-10,1250,,
2026-09-10,1251,110,140
2026-09-10,1252,145,165
2026-09-10,1253,,
2026-09-10,1254,100,110
2026-09-10,1255,120,165
2026-09-10,1259,115,160
2026-09-10,1263,,
2026-09-10,1265,125,170
2026-09-10,1266,170,195
2026-09-10,1267,180,205
2026-09-10,1270,130,175
2026-09-10,1271,175,200
2026-09-10,1272,185,210
2026-09-10,1295,,
2026-09-10,1297,,
2026-09-10,1323,280,290
2026-09-10,1330,,
2026-09-10,1331,355,365
2026-09-10,1332,365,375
2026-09-10,1333,,
2026-09-10,1335,1490,1610
2026-09-10,1336,680,880
2026-09-10,1338,,
2026-09-10,1339,800,900
2026-09-10,1344,238,242
2026-09-10,1346,370,380
2026-09-10,1362,265,275
2026-09-10,1367,,
2026-09-10,1368,,
2026-09-10,1369,360,390
2026-09-10,1372,200,220
2026-09-10,1373,253,269
2026-09-10,1389,340,350
2026-09-10,1390,325,335
2026-09-10,1391,,
2026-09-10,1392,,
2026-09-10,1393,,
2026-09-10,1394,,
2026-09-10,1395,,
2026-09-10,1398,,
2026-09-10,1399,,
2026-09-10,1402,265,275
2026-09-10,1403,270,274
2026-09-10,1404,260,264
2026-09-10,1405,250,254
2026-09-10,1406,244,247
2026-09-10,1407,,
2026-09-10,1408,,
2026-09-10,1409,360,370
2026-09-10,1410,325,335
2026-09-10,1411,280,290
2026-09-10,1412,215,220
2026-09-10,1413,260,280
2026-09-17,649,240,244
2026-09-17,684,480,485
2026-09-17,686,133,135
2026-09-17,687,149,150
2026-09-17,688,182,185
2026-09-17,689,155,157
2026-09-17,691,193,195
2026-09-17,692,210,211
2026-09-17,693,242,244
2026-09-17,694,130,132
2026-09-17,695,155,157
2026-09-17,696,163,165
2026-09-17,697,235,237
2026-09-17,711,453,455
2026-09-17,712,,
2026-09-17,713,456,458
2026-09-17,714,450,452
2026-09-17,717,,
2026-09-17,718,,
2026-09-17,719,219,224
2026-09-17,720,311,316
2026-09-17,721,330,335
2026-09-17,722,,517
2026-09-17,723,541,544
2026-09-17,735,2487,2512
2026-09-17,736,3227,3252
2026-09-17,739,211,217
2026-09-17,742,324,325
2026-09-17,743,324,325
2026-09-17,744,230,234
2026-09-17,745,315,320
2026-09-17,747,375,410
2026-09-17,769,,
2026-09-17,770,,
2026-09-17,833,,
2026-09-17,849,190,215
2026-09-17,850,195,222
2026-09-17,852,,
2026-09-17,853,,
2026-09-17,860,200,225
2026-09-17,861,210,235
2026-09-17,863,,
2026-09-17,864,,
2026-09-17,865,,
2026-09-17,866,,
2026-09-17,871,200,225
2026-09-17,872,210,235
2026-09-17,909,288,290
2026-09-17,924,360,370
2026-09-17,951,545,550
2026-09-17,963,680,690
2026-09-17,967,235,250
2026-09-17,993,370,390
2026-09-17,994,420,440
2026-09-17,995,470,510
2026-09-17,996,480,520
2026-09-17,998,1090,1095
2026-09-17,999,1045,1050
2026-09-17,1026,,
2026-09-17,1027,,
2026-09-17,1030,70,85
2026-09-17,1031,80,95
2026-09-17,1032,,
2026-09-17,1033,330,350
2026-09-17,1034,,
2026-09-17,1050,360,370
2026-09-17,1095,,
2026-09-17,1115,367,369
2026-09-17,1116,363,365
2026-09-17,1117,,
2026-09-17,1118,256,258
2026-09-17,1119,310,315
2026-09-17,1121,,
2026-09-17,1123,,
2026-09-17,1127,266,268
2026-09-17,1128,288,290
2026-09-17,1129,295,
2026-09-17,1130,284,287
2026-09-17,1131,180,190
2026-09-17,1134,225,230
2026-09-17,1135,232,237
2026-09-17,1137,,
2026-09-17,1139,285,290
2026-09-17,1140,298,311
2026-09-17,1146,1260,1440
2026-09-17,1147,640,930
2026-09-17,1148,680,880
2026-09-17,1150,670,870
2026-09-17,1151,850,1050
2026-09-17,1152,830,1030
2026-09-17,1153,470,480
2026-09-17,1154,425,440
2026-09-17,1155,230,240
2026-09-17,1156,200,215
2026-09-17,1157,150,160
2026-09-17,1158,85,95
2026-09-17,1161,195,220
2026-09-17,1162,200,227
2026-09-17,1165,,
2026-09-17,1166,,
2026-09-17,1167,300,305
2026-09-17,1170,,
2026-09-17,1171,205,230
2026-09-17,1172,215,240
2026-09-17,1173,205,230
2026-09-17,1174,215,240
2026-09-17,1178,75,90
2026-09-17,1179,,
2026-09-17,1182,,
2026-09-17,1183,,
2026-09-17,1184,,
2026-09-17,1185,,
2026-09-17,1186,,
2026-09-17,1188,535,545
2026-09-17,1189,250,270
2026-09-17,1200,165,175
2026-09-17,1201,165,175
2026-09-17,1202,340,350
2026-09-17,1203,320,330
2026-09-17,1204,280,290
2026-09-17,1205,340,350
2026-09-17,1206,275,285
2026-09-17,1207,220,235
2026-09-17,1208,,
2026-09-17,1209,180,190
2026-09-17,1210,,
2026-09-17,1211,,
2026-09-17,1213,280,290
2026-09-17,1225,,
2026-09-17,1235,,
2026-09-17,1239,,
2026-09-17,1240,,
2026-09-17,1241,115,140
2026-09-17,1242,150,165
2026-09-17,1243,,
2026-09-17,1244,95,105
2026-09-17,1249,,
2026-09-17,1250,,
2026-09-17,1251,120,145
2026-09-17,1252,155,170
2026-09-17,1253,,
2026-09-17,1254,100,110
2026-09-17,1255,130,170
2026-09-17,1259,125,165
2026-09-17,1263,,
2026-09-17,1265,135,175
2026-09-17,1266,175,195
2026-09-17,1267,185,205
2026-09-17,1270,140,180
2026-09-17,1271,180,200
2026-09-17,1272,190,210
2026-09-17,1295,,
2026-09-17,1297,,
2026-09-17,1323,273,283
2026-09-17,1330,,
2026-09-17,1331,350,360
2026-09-17,1332,360,370
2026-09-17,1333,,
2026-09-17,1335,1490,1610
2026-09-17,1336,680,880
2026-09-17,1338,,
2026-09-17,1339,800,900
2026-09-17,1344,238,242
2026-09-17,1346,370,380
2026-09-17,1362,265,275
2026-09-17,1368,700,710
2026-09-17,1369,360,390
2026-09-17,1372,210,230
2026-09-17,1373,256,272
2026-09-17,1389,350,360
2026-09-17,1390,335,345
2026-09-17,1391,295,305
2026-09-17,1392,,
2026-09-17,1393,,
2026-09-17,1394,,
2026-09-17,1395,,
2026-09-17,1398,,
2026-09-17,1399,,
2026-09-17,1402,265,275
2026-09-17,1403,273,277
2026-09-17,1404,262,266
2026-09-17,1405,252,256
2026-09-17,1406,246,249
2026-09-17,1407,,
2026-09-17,1408,,
2026-09-17,1409,365,375
2026-09-17,1410,330,340
2026-09-17,1411,280,290
2026-09-17,1412,215,220
2026-09-17,1413,270,290
2026-09-24,649,242,246
2026-09-24,684,485,490
2026-09-24,686,138,140
2026-09-24,687,154,155
2026-09-24,688,182,185
2026-09-24,689,160,162
2026-09-24,691,198,200
2026-09-24,692,215,216
2026-09-24,693,242,244
2026-09-24,694,135,137
2026-09-24,695,160,162
2026-09-24,696,163,165
2026-09-24,697,238,240
2026-09-24,711,463,465
2026-09-24,712,,
2026-09-24,713,466,468
2026-09-24,714,463,465
2026-09-24,717,,
2026-09-24,718,,
2026-09-24,719,219,224
2026-09-24,720,311,316
2026-09-24,721,,
2026-09-24,722,,517
2026-09-24,723,541,544
2026-09-24,735,2502,2527
2026-09-24,736,3227,3252
2026-09-24,739,211,217
2026-09-24,742,324,325
2026-09-24,743,324,325
2026-09-24,744,230,234
2026-09-24,745,322,327
2026-09-24,747,380,415
2026-09-24,769,,
2026-09-24,770,,
2026-09-24,833,,
2026-09-24,849,190,215
2026-09-24,850,195,222
2026-09-24,852,,
2026-09-24,853,,
2026-09-24,860,200,225
2026-09-24,861,210,235
2026-09-24,863,,
2026-09-24,864,,
2026-09-24,865,,
2026-09-24,866,,
2026-09-24,871,200,225
2026-09-24,872,210,235
2026-09-24,909,288,290
2026-09-24,924,360,370
2026-09-24,951,550,555
2026-09-24,963,680,690
2026-09-24,967,235,250
2026-09-24,993,370,390
2026-09-24,994,420,440
2026-09-24,995,470,510
2026-09-24,996,480,520
2026-09-24,998,1095,1100
2026-09-24,999,1050,1055
2026-09-24,1026,,
2026-09-24,1027,,
2026-09-24,1030,70,85
2026-09-24,1031,80,95
2026-09-24,1032,,
2026-09-24,1034,,
2026-09-24,1050,360,370
2026-09-24,1095,,
2026-09-24,1115,367,369
2026-09-24,1116,363,365
2026-09-24,1117,,
2026-09-24,1118,258,260
2026-09-24,1119,310,315
2026-09-24,1121,,
2026-09-24,1123,,
2026-09-24,1127,266,268
2026-09-24,1128,288,290
2026-09-24,1129,298,
2026-09-24,1130,282,292
2026-09-24,1131,175,185
2026-09-24,1134,225,230
2026-09-24,1135,232,237
2026-09-24,1137,,
2026-09-24,1139,287,292
2026-09-24,1140,300,313
2026-09-24,1146,,
2026-09-24,1147,,
2026-09-24,1148,,
2026-09-24,1150,,
2026-09-24,1151,,
2026-09-24,1152,,
2026-09-24,1153,470,480
2026-09-24,1154,425,440
2026-09-24,1155,230,240
2026-09-24,1156,200,215
2026-09-24,1157,150,160
2026-09-24,1158,85,95
2026-09-24,1161,195,220
2026-09-24,1162,200,227
2026-09-24,1165,,
2026-09-24,1166,,
2026-09-24,1167,300,305
2026-09-24,1170,,
2026-09-24,1171,205,230
2026-09-24,1172,215,240
2026-09-24,1173,205,230
2026-09-24,1174,215,240
2026-09-24,1178,75,90
2026-09-24,1179,,
2026-09-24,1182,,
2026-09-24,1183,,
2026-09-24,1184,,
2026-09-24,1185,,
2026-09-24,1186,,
2026-09-24,1188,535,545
2026-09-24,1189,260,270
2026-09-24,1200,165,175
2026-09-24,1201,165,175
2026-09-24,1202,340,350
2026-09-24,1203,320,330
2026-09-24,1204,280,290
2026-09-24,1205,360,370
2026-09-24,1206,285,295
2026-09-24,1207,220,235
2026-09-24,1208,,
2026-09-24,1209,180,190
2026-09-24,1210,,
2026-09-24,1211,,
2026-09-24,1213,280,290
2026-09-24,1225,,
2026-09-24,1235,,
2026-09-24,1239,,
2026-09-24,1240,,
2026-09-24,1241,115,140
2026-09-24,1242,150,165
2026-09-24,1243,,
2026-09-24,1244,110,120
2026-09-24,1249,,
2026-09-24,1250,,
2026-09-24,1251,120,145
2026-09-24,1252,155,170
2026-09-24,1253,,
2026-09-24,1254,115,125
2026-09-24,1255,130,170
2026-09-24,1259,125,165
2026-09-24,1263,,
2026-09-24,1265,135,175
2026-09-24,1266,175,195
2026-09-24,1267,185,205
2026-09-24,1270,140,180
2026-09-24,1271,180,200
2026-09-24,1272,190,210
2026-09-24,1295,,
2026-09-24,1297,,
2026-09-24,1323,273,283
2026-09-24,1330,,
2026-09-24,1331,,
2026-09-24,1332,360,370
2026-09-24,1333,,
2026-09-24,1335,,
2026-09-24,1336,,
2026-09-24,1338,,
2026-09-24,1339,800,900
2026-09-24,1344,238,242
2026-09-24,1346,370,380
2026-09-24,1362,265,275
2026-09-24,1367,330,350
2026-09-24,1368,710,720
2026-09-24,1369,360,390
2026-09-24,1372,220,230
2026-09-24,1373,258,277
2026-09-24,1389,350,360
2026-09-24,1390,335,345
2026-09-24,1391,295,305
2026-09-24,1392,,
2026-09-24,1393,,
2026-09-24,1394,,
2026-09-24,1395,,
2026-09-24,1398,,
2026-09-24,1399,,
2026-09-24,1402,265,275
2026-09-24,1403,273,277
2026-09-24,1404,264,268
2026-09-24,1405,254,258
2026-09-24,1406,248,251
2026-09-24,1407,,
2026-09-24,1408,,
2026-09-24,1409,365,375
2026-09-24,1410,330,340
2026-09-24,1411,280,290
2026-09-24,1412,215,220
2026-09-24,1413,270,290
2026-10-01,649,242,246
2026-10-01,650,503,508
2026-10-01,684,490,495
2026-10-01,686,142,144
2026-10-01,687,158,159
2026-10-01,688,182,185
2026-10-01,689,163,165
2026-10-01,691,202,204
2026-10-01,692,219,220
2026-10-01,693,242,244
2026-10-01,694,139,141
2026-10-01,695,163,165
2026-10-01,696,163,165
2026-10-01,697,243,245
2026-10-01,711,463,465
2026-10-01,712,,
2026-10-01,713,466,468
2026-10-01,714,463,465
2026-10-01,717,,
2026-10-01,718,,
2026-10-01,719,219,224
2026-10-01,720,321,326
2026-10-01,721,,
2026-10-01,722,,517
2026-10-01,723,541,544
2026-10-01,735,2502,2527
2026-10-01,736,3227,3252
2026-10-01,739,211,217
2026-10-01,742,324,325
2026-10-01,743,324,325
2026-10-01,744,235,239
2026-10-01,745,327,332
2026-10-01,747,380,415
2026-10-01,769,,
2026-10-01,770,,
2026-10-01,833,,
2026-10-01,849,190,215
2026-10-01,850,195,222
2026-10-01,852,,
2026-10-01,853,,
2026-10-01,860,200,225
2026-10-01,861,210,235
2026-10-01,863,,
2026-10-01,864,,
2026-10-01,865,,
2026-10-01,866,,
2026-10-01,871,200,225
2026-10-01,872,210,235
2026-10-01,909,288,290
2026-10-01,924,372,382
2026-10-01,951,555,560
2026-10-01,963,700,710
2026-10-01,967,225,240
2026-10-01,993,375,395
2026-10-01,994,425,445
2026-10-01,995,475,515
2026-10-01,996,485,525
2026-10-01,998,1100,1105
2026-10-01,999,1055,1060
2026-10-01,1026,,
2026-10-01,1027,,
2026-10-01,1030,70,85
2026-10-01,1031,80,95
2026-10-01,1032,,
2026-10-01,1034,,
2026-10-01,1050,360,370
2026-10-01,1095,,
2026-10-01,1115,367,369
2026-10-01,1116,363,365
2026-10-01,1117,,
2026-10-01,1118,261,263
2026-10-01,1119,310,315
2026-10-01,1121,,
2026-10-01,1123,,
2026-10-01,1127,266,268
2026-10-01,1128,288,290
2026-10-01,1129,298,
2026-10-01,1130,280,290
2026-10-01,1131,175,185
2026-10-01,1134,225,230
2026-10-01,1135,232,237
2026-10-01,1137,,
2026-10-01,1139,289,294
2026-10-01,1140,302,315
2026-10-01,1146,1200,1400
2026-10-01,1147,835,1035
2026-10-01,1148,835,1035
2026-10-01,1150,750,950
2026-10-01,1151,750,920
2026-10-01,1152,985,1185
2026-10-01,1153,470,480
2026-10-01,1154,425,440
2026-10-01,1155,230,240
2026-10-01,1156,200,215
2026-10-01,1157,150,160
2026-10-01,1158,85,95
2026-10-01,1161,195,220
2026-10-01,1162,200,227
2026-10-01,1165,,
2026-10-01,1166,,
2026-10-01,1167,300,305
2026-10-01,1170,,
2026-10-01,1171,205,230
2026-10-01,1172,215,240
2026-10-01,1173,205,230
2026-10-01,1174,215,240
2026-10-01,1178,75,90
2026-10-01,1179,,
2026-10-01,1182,,
2026-10-01,1183,,
2026-10-01,1184,,
2026-10-01,1185,,
2026-10-01,1186,,
2026-10-01,1188,535,545
2026-10-01,1189,260,270
2026-10-01,1200,165,175
2026-10-01,1201,165,175
2026-10-01,1202,340,350
2026-10-01,1203,320,330
2026-10-01,1204,280,290
2026-10-01,1205,360,370
2026-10-01,1206,285,295
2026-10-01,1207,220,235
2026-10-01,1208,,
2026-10-01,1209,180,190
2026-10-01,1210,,
2026-10-01,1211,,
2026-10-01,1213,290,300
2026-10-01,1225,,
2026-10-01,1235,,
2026-10-01,1239,,
2026-10-01,1240,,
2026-10-01,1241,115,140
2026-10-01,1242,150,165
2026-10-01,1243,,
2026-10-01,1244,110,120
2026-10-01,1249,,
2026-10-01,1250,,
2026-10-01,1251,120,145
2026-10-01,1252,155,170
2026-10-01,1253,,
2026-10-01,1254,115,125
2026-10-01,1255,130,170
2026-10-01,1259,125,165
2026-10-01,1263,,
2026-10-01,1265,135,175
2026-10-01,1266,175,195
2026-10-01,1267,185,205
2026-10-01,1270,140,180
2026-10-01,1271,180,200
2026-10-01,1272,190,210
2026-10-01,1295,,
2026-10-01,1297,,
2026-10-01,1323,273,283
2026-10-01,1330,,
2026-10-01,1331,,
2026-10-01,1332,360,370
2026-10-01,1333,,
2026-10-01,1335,1400,1550
2026-10-01,1336,835,1035
2026-10-01,1338,,
2026-10-01,1339,800,900
2026-10-01,1344,238,242
2026-10-01,1346,370,380
2026-10-01,1362,265,275
2026-10-01,1367,330,350
2026-10-01,1368,710,720
2026-10-01,1369,360,390
2026-10-01,1372,220,230
2026-10-01,1373,261,274
2026-10-01,1389,353,363
2026-10-01,1390,338,348
2026-10-01,1391,295,305
2026-10-01,1392,520,550
2026-10-01,1393,615,675
2026-10-01,1394,335,385
2026-10-01,1395,,
2026-10-01,1398,,
2026-10-01,1399,,
2026-10-01,1402,265,275
2026-10-01,1403,273,277
2026-10-01,1404,264,268
2026-10-01,1405,254,258
2026-10-01,1406,248,251
2026-10-01,1407,,
2026-10-01,1408,,
2026-10-01,1409,370,380
2026-10-01,1410,335,345
2026-10-01,1411,280,290
2026-10-01,1412,215,220
2026-10-01,1413,270,290
2026-10-08,649,244,248
2026-10-08,650,508,513
2026-10-08,684,495,500
2026-10-08,686,148,150
2026-10-08,687,164,165
2026-10-08,688,187,190
2026-10-08,689,173,175
2026-10-08,691,208,210
2026-10-08,692,225,226
2026-10-08,693,247,249
2026-10-08,694,145,147
2026-10-08,695,173,175
2026-10-08,696,173,175
2026-10-08,697,243,245
2026-10-08,711,498,500
2026-10-08,712,,
2026-10-08,713,501,503
2026-10-08,714,498,500
2026-10-08,717,,
2026-10-08,718,,
2026-10-08,719,225,230
2026-10-08,720,323,328
2026-10-08,721,,
2026-10-08,722,,522
2026-10-08,723,546,549
2026-10-08,735,2502,2527
2026-10-08,736,3227,3252
2026-10-08,739,214,220
2026-10-08,742,324,325
2026-10-08,743,324,325
2026-10-08,744,245,249
2026-10-08,745,335,340
2026-10-08,747,380,415
2026-10-08,769,,
2026-10-08,770,,
2026-10-08,833,,
2026-10-08,849,190,215
2026-10-08,850,195,222
2026-10-08,852,,
2026-10-08,853,,
2026-10-08,860,200,225
2026-10-08,861,210,235
2026-10-08,863,583,585
2026-10-08,864,633,635
2026-10-08,865,,
2026-10-08,866,,
2026-10-08,871,200,225
2026-10-08,872,210,235
2026-10-08,909,288,290
2026-10-08,924,372,382
2026-10-08,951,560,565
2026-10-08,963,700,710
2026-10-08,967,225,240
2026-10-08,993,380,400
2026-10-08,994,430,450
2026-10-08,995,480,520
2026-10-08,996,490,530
2026-10-08,998,1105,1110
2026-10-08,999,1060,1065
2026-10-08,1026,,
2026-10-08,1027,,
2026-10-08,1030,70,85
2026-10-08,1031,80,95
2026-10-08,1032,,
2026-10-08,1034,760,780
2026-10-08,1050,360,370
2026-10-08,1095,,
2026-10-08,1115,372,374
2026-10-08,1116,363,365
2026-10-08,1117,,
2026-10-08,1118,268,270
2026-10-08,1119,310,315
2026-10-08,1121,,
2026-10-08,1123,,
2026-10-08,1127,266,268
2026-10-08,1128,288,290
2026-10-08,1129,298,
2026-10-08,1130,282,292
2026-10-08,1131,175,185
2026-10-08,1134,225,230
2026-10-08,1135,232,237
2026-10-08,1137,,
2026-10-08,1139,289,294
2026-10-08,1140,302,315
2026-10-08,1146,1200,1400
2026-10-08,1147,835,1035
2026-10-08,1148,835,1035
2026-10-08,1150,750,950
2026-10-08,1151,750,920
2026-10-08,1152,985,1185
2026-10-08,1153,470,480
2026-10-08,1154,425,440
2026-10-08,1155,230,240
2026-10-08,1156,200,215
2026-10-08,1157,150,160
2026-10-08,1158,85,95
2026-10-08,1161,195,220
2026-10-08,1162,200,227
2026-10-08,1165,,
2026-10-08,1166,,
2026-10-08,1167,300,305
2026-10-08,1170,,
2026-10-08,1171,205,230
2026-10-08,1172,215,240
2026-10-08,1173,205,230
2026-10-08,1174,215,240
2026-10-08,1178,75,90
2026-10-08,1179,,
2026-10-08,1182,,
2026-10-08,1183,,
2026-10-08,1184,,
2026-10-08,1185,,
2026-10-08,1186,,
2026-10-08,1188,535,545
2026-10-08,1189,265,275
2026-10-08,1200,170,180
2026-10-08,1201,170,180
2026-10-08,1202,340,350
2026-10-08,1203,320,330
2026-10-08,1204,280,290
2026-10-08,1205,360,370
2026-10-08,1206,285,295
2026-10-08,1207,230,245
2026-10-08,1208,,
2026-10-08,1209,190,200
2026-10-08,1210,,
2026-10-08,1211,,
2026-10-08,1213,290,300
2026-10-08,1225,,
2026-10-08,1235,,
2026-10-08,1239,,
2026-10-08,1240,,
2026-10-08,1241,120,145
2026-10-08,1242,155,170
2026-10-08,1243,,
2026-10-08,1244,115,125
2026-10-08,1249,,
2026-10-08,1250,,
2026-10-08,1251,125,150
2026-10-08,1252,160,175
2026-10-08,1253,,
2026-10-08,1254,120,130
2026-10-08,1255,130,170
2026-10-08,1259,125,165
2026-10-08,1263,,
2026-10-08,1265,135,175
2026-10-08,1266,175,195
2026-10-08,1267,185,205
2026-10-08,1270,140,180
2026-10-08,1271,180,200
2026-10-08,1272,190,210
2026-10-08,1295,,
2026-10-08,1297,,
2026-10-08,1323,268,278
2026-10-08,1330,,
2026-10-08,1331,,
2026-10-08,1332,360,370
2026-10-08,1333,,
2026-10-08,1335,1400,1550
2026-10-08,1336,835,1035
2026-10-08,1338,,
2026-10-08,1339,800,900
2026-10-08,1344,240,244
2026-10-08,1346,370,380
2026-10-08,1362,265,275
2026-10-08,1367,330,350
2026-10-08,1368,720,730
2026-10-08,1369,360,390
2026-10-08,1372,225,235
2026-10-08,1373,268,279
2026-10-08,1389,353,363
2026-10-08,1390,338,348
2026-10-08,1391,295,305
2026-10-08,1392,520,550
2026-10-08,1393,615,675
2026-10-08,1394,335,385
2026-10-08,1395,,
2026-10-08,1398,,
2026-10-08,1399,,
2026-10-08,1402,265,275
2026-10-08,1403,273,277
2026-10-08,1404,264,268
2026-10-08,1405,256,260
2026-10-08,1406,250,253
2026-10-08,1407,,
2026-10-08,1408,,
2026-10-08,1409,370,380
2026-10-08,1410,335,345
2026-10-08,1411,280,290
2026-10-08,1412,215,220
2026-10-08,1413,275,295
