date,code,low,high
2018-01-15,4,187.5,188.5
2018-01-15,7,271,273
2018-01-15,8,262,264
2018-01-15,9,184.5,185.5
2018-01-15,10,189,190
2018-01-15,12,200,202
2018-01-15,14,167.5,168.5
2018-01-15,15,179.5,180.5
2018-01-15,16,166.5,167.5
2018-01-15,21,180.5,182.5
2018-01-15,22,188,189
2018-01-15,23,400,405
2018-01-15,24,394,399
2018-01-15,25,249,251
2018-01-15,26,244,247
2018-01-15,27,465,466
2018-01-15,28,461,463
2018-01-15,29,447,448
2018-01-15,30,158,160
2018-01-15,31,162,164
2018-01-15,32,130,132
2018-01-15,33,163,165
2018-01-15,34,134,136
2018-01-15,35,194,196
2018-01-15,36,165,167
2018-01-15,37,129.5,131.5
2018-01-15,38,129.5,131.5
2018-01-15,39,273,274
2018-01-15,40,153,155
2018-01-15,42,151,152
2018-01-15,43,150.5,151.5
2018-01-15,47,192.5,193.5
2018-01-15,48,132.5,134.5
2018-01-15,50,300,340
2018-01-15,51,330,380
2018-01-15,53,800,840
2018-01-15,54,890,940
2018-01-15,55,280,310
2018-01-15,56,220,230
2018-01-15,58,107.5,112.5
2018-01-15,63,192.5,197.5
2018-01-15,67,207.5,212.5
2018-01-15,71,97.5,102.5
2018-01-15,72,211.5,216.5
2018-01-15,73,367.5,369.5
2018-01-15,75,344.5,346.5
2018-01-15,76,388.5,390.5
2018-01-15,77,365,367
2018-01-15,81,320,330
2018-01-15,83,790,800
2018-01-15,84,815,825
2018-01-15,85,680,685
2018-01-15,86,720,730
2018-01-15,87,720,725
2018-01-15,88,712.5,717.5
2018-01-15,89,1425,1435
2018-01-15,90,940,960
2018-01-15,91,960,980
2018-01-15,92,790,795
2018-01-15,93,800,810
2018-01-15,94,802.5,807.5
2018-01-15,95,795,800
2018-01-15,103,4.65,5.3
2018-01-15,104,3.65,3.75
2018-01-15,105,3.85,3.95
2018-01-15,106,3.68,3.7
2018-01-15,107,2.27,2.29
2018-01-15,108,274,276
2018-01-15,109,238,240
2018-01-15,110,335,370
2018-01-15,111,220,222
2018-01-15,114,178,179
2018-01-15,115,125,127
2018-01-15,117,390,393
2018-01-15,118,313,314
2018-01-15,120,317.5,318.5
2018-01-15,121,450,453
2018-01-15,122,322.5,324.5
2018-01-15,124,324,327
2018-01-15,127,221.5,226.5
2018-01-15,128,214.5,219.5
2018-01-15,129,230.5,235.5
2018-01-15,130,187.5,194.5
2018-01-15,131,1430,1435
2018-01-15,132,665,670
2018-01-15,133,637.5,642.5
2018-01-15,134,707.5,712.5
2018-01-15,176,5,6
2018-01-15,177,11,12
2018-01-15,181,4.72,4.78
2018-01-15,182,4.93,4.97
2018-01-15,183,4.75,4.9
2018-01-15,184,5.45,5.65
2018-01-15,185,6.55,6.65
2018-01-15,186,8.35,8.65
2018-01-15,187,350,370
2018-01-15,188,270,295
2018-01-15,189,105,120
2018-01-15,190,1850,1950
2018-01-15,191,5.24,5.24
2018-01-15,192,3.4,3.4
2018-01-15,193,3,3
2018-01-15,194,2.44,2.44
2018-01-15,195,2.08,2.08
2018-01-15,196,1.86,1.86
2018-01-15,197,1.5,1.5
2018-01-15,198,1.58,1.58
2018-01-15,199,1.52,1.52
2018-01-15,210,0.6,0.7
2018-01-15,211,0.2,0.25
2018-01-15,212,0.26,0.29
2018-01-15,225,1.3,1.5
2018-01-15,229,0.47,0.57
2018-01-15,234,0.2,0.22
2018-01-15,246,0.45,0.55
2018-01-15,247,1.6,1.8
2018-01-15,249,0.55,0.7
2018-01-15,250,0.23,0.28
2018-01-15,253,0.7,0.75
2018-01-15,256,0.47,0.53
2018-01-15,297,0.6,0.7
2018-01-15,306,0.6,0.65
2018-01-15,328,0.36,0.42
2018-01-15,329,0.14,0.18
2018-01-15,331,0.34,0.38
2018-01-15,333,2.7,2.74
2018-01-15,335,2.55,2.59
2018-01-15,341,2.65,2.69
2018-01-15,342,2.95,2.99
2018-01-15,344,17.5,17.5
2018-01-15,345,15.1,15.1
2018-01-15,346,14,14
2018-01-15,347,12.2,12.2
2018-01-15,350,2.25,2.35
2018-01-15,351,2.1,2.2
2018-01-15,352,4.15,4.25
2018-01-15,353,4.85,4.95
2018-01-15,356,2.2,2.3
2018-01-15,357,2.2,2.3
2018-01-15,358,4.15,4.25
2018-01-15,361,4.7,4.8
2018-01-15,362,5.6,5.7
2018-01-15,363,4.7,4.8
2018-01-15,364,2.15,2.25
2018-01-15,365,1.5,1.6
2018-01-15,366,5.6,5.7
2018-01-15,367,2.7,2.8
2018-01-15,368,1.3,1.4
2018-01-15,369,5.6,5.7
2018-01-15,370,2.6,2.7
2018-01-15,371,1.3,1.4
2018-01-15,372,5,5.1
2018-01-15,615,8.5,9.5
2018-01-15,616,8,9
2018-01-15,672,208,210
2018-01-15,674,1.1,1.12
2018-01-15,675,1.45,1.47
2018-01-15,676,2.1,2.2
2018-01-15,677,2.2,2.3
2018-01-15,678,2.3,2.4
2018-01-15,679,7.5,8.5
2018-01-15,680,8,9
2018-01-15,683,3.5,3.9
2018-01-15,684,3.6,4
2018-01-15,688,1.2,1.25
2018-01-15,689,1.25,1.3
2018-01-15,690,1.35,1.45
2018-01-15,691,2.3,2.6
2018-01-15,692,2.3,2.65
2018-01-15,693,2.6,2.8
2018-01-15,694,2.6,2.9
2018-01-15,695,7.3,7.8
2018-01-15,696,1,1.1
2018-01-15,698,0.95,1.02
2018-01-15,699,0.9,0.95
2018-01-15,700,1.4,1.5
2018-01-15,701,1.2,1.4
2018-01-15,703,1.45,1.5
2018-01-15,704,3.6,3.8
2018-01-15,707,7,7.7
2018-01-15,708,1.1,1.2
2018-01-15,709,7,7.7
2018-01-15,710,7,7.7
2018-01-15,711,7.5,8.2
2018-01-15,712,1.1,1.2
2018-01-15,715,6.7,7.2
2018-01-15,716,18.7,18.7
2018-01-15,717,16.3,16.3
2018-01-15,718,15.3,15.3
2018-01-15,719,12.9,12.9
2018-01-15,729,0.95,1
2018-01-15,731,5.15,5.25
2018-01-15,732,6.28,6.45
2018-01-15,733,6.95,7.15
2018-01-15,734,7.35,7.55
2018-01-30,4,186.5,187.5
2018-01-30,7,263.5,265.5
2018-01-30,8,259,261
2018-01-30,9,182.5,183.5
2018-01-30,10,188,189
2018-01-30,12,200,202
2018-01-30,14,167,168
2018-01-30,15,179,180
2018-01-30,16,167,168
2018-01-30,21,180.5,182.5
2018-01-30,22,186.5,187.5
2018-01-30,23,400,405
2018-01-30,24,394,399
2018-01-30,25,249,251
2018-01-30,26,244,247
2018-01-30,27,465,466
2018-01-30,28,461,463
2018-01-30,29,447,448
2018-01-30,30,146,148
2018-01-30,31,150,152
2018-01-30,32,118,120
2018-01-30,33,151,153
2018-01-30,34,122,124
2018-01-30,35,188,190
2018-01-30,36,159,161
2018-01-30,37,119,121
2018-01-30,38,119,121
2018-01-30,39,273,274
2018-01-30,40,153,155
2018-01-30,42,154,155
2018-01-30,43,153,154
2018-01-30,47,193,194
2018-01-30,48,133,135
2018-01-30,50,285,340
2018-01-30,51,330,380
2018-01-30,53,790,830
2018-01-30,54,890,940
2018-01-30,55,275,310
2018-01-30,56,220,230
2018-01-30,58,112.5,117.5
2018-01-30,63,200,205
2018-01-30,67,210,215
2018-01-30,71,105,110
2018-01-30,72,210,220
2018-01-30,73,367,369
2018-01-30,75,345,347.5
2018-01-30,76,389,391
2018-01-30,77,365,367
2018-01-30,81,320,330
2018-01-30,83,745,755
2018-01-30,84,775,785
2018-01-30,85,660,665
2018-01-30,86,702.5,707.5
2018-01-30,87,700,705
2018-01-30,88,687.5,692.5
2018-01-30,89,1420,1430
2018-01-30,90,905,925
2018-01-30,91,935,955
2018-01-30,92,775,780
2018-01-30,93,795,805
2018-01-30,94,777.5,782.5
2018-01-30,95,767.5,772.5
2018-01-30,101,11,12
2018-01-30,102,11.75,12.75
2018-01-30,103,4.62,5.28
2018-01-30,104,3.9,4
2018-01-30,105,3.95,4.05
2018-01-30,106,3.75,3.77
2018-01-30,107,2.34,2.37
2018-01-30,108,274,276
2018-01-30,109,238,240
2018-01-30,110,350,380
2018-01-30,111,225,227
2018-01-30,114,181,182
2018-01-30,115,128,130
2018-01-30,117,399,402
2018-01-30,118,329.5,330.5
2018-01-30,120,331,332
2018-01-30,121,459.5,462.5
2018-01-30,122,339.5,341.5
2018-01-30,124,337,340
2018-01-30,127,224,229
2018-01-30,128,217,222
2018-01-30,129,238,243
2018-01-30,130,195,202
2018-01-30,131,1435,1440
2018-01-30,132,647.5,652.5
2018-01-30,133,622.5,627.5
2018-01-30,134,692.5,697.5
2018-01-30,176,5,6
2018-01-30,177,10.5,11.5
2018-01-30,181,4.66,4.71
2018-01-30,182,4.86,4.91
2018-01-30,183,4.72,4.88
2018-01-30,184,5.43,5.62
2018-01-30,185,6.53,6.62
2018-01-30,186,8.32,8.62
2018-01-30,187,347.5,360
2018-01-30,188,255,270
2018-01-30,189,95,105
2018-01-30,190,1725,1825
2018-01-30,191,5.47,5.47
2018-01-30,192,3.67,3.67
2018-01-30,193,3.24,3.24
2018-01-30,194,2.64,2.64
2018-01-30,195,2.2,2.2
2018-01-30,196,1.86,1.86
2018-01-30,197,1.46,1.46
2018-01-30,198,1.54,1.54
2018-01-30,199,1.48,1.48
2018-01-30,210,0.45,0.55
2018-01-30,211,0.2,0.25
2018-01-30,212,0.2,0.25
2018-01-30,225,1.3,1.5
2018-01-30,229,0.43,0.5
2018-01-30,234,0.2,0.22
2018-01-30,246,0.45,0.55
2018-01-30,247,1.5,1.8
2018-01-30,249,0.6,0.7
2018-01-30,250,0.23,0.28
2018-01-30,253,0.7,0.75
2018-01-30,256,0.62,0.72
2018-01-30,297,0.6,0.7
2018-01-30,328,0.34,0.41
2018-01-30,329,0.1,0.14
2018-01-30,331,0.27,0.31
2018-01-30,333,2.7,2.74
2018-01-30,335,2.4,2.44
2018-01-30,341,2.65,2.69
2018-01-30,342,2.95,2.99
2018-01-30,344,16.1,16.1
2018-01-30,345,13.7,13.7
2018-01-30,346,12.6,12.6
2018-01-30,347,10.8,10.8
2018-01-30,350,2.25,2.35
2018-01-30,351,2.15,2.25
2018-01-30,352,4.15,4.25
2018-01-30,353,4.85,4.95
2018-01-30,356,1.85,1.95
2018-01-30,357,1.85,1.95
2018-01-30,358,3.8,3.9
2018-01-30,361,4.7,4.8
2018-01-30,362,5.6,5.7
2018-01-30,363,4.8,4.9
2018-01-30,364,2.15,2.25
2018-01-30,365,1.5,1.6
2018-01-30,366,5.6,5.7
2018-01-30,367,2.7,2.8
2018-01-30,368,1.3,1.4
2018-01-30,369,5.6,5.7
2018-01-30,370,2.6,2.7
2018-01-30,371,1.3,1.4
2018-01-30,372,4.55,4.65
2018-01-30,615,8.5,9.5
2018-01-30,616,8,9
2018-01-30,672,213,215
2018-01-30,674,1.12,1.14
2018-01-30,675,1.45,1.47
2018-01-30,676,2.15,2.25
2018-01-30,677,1.85,1.95
2018-01-30,678,2.3,2.4
2018-01-30,679,7.5,8.5
2018-01-30,680,8,9
2018-01-30,683,3.5,3.9
2018-01-30,684,3.6,4
2018-01-30,688,1.2,1.25
2018-01-30,689,1.25,1.3
2018-01-30,690,1.35,1.45
2018-01-30,691,2.3,2.6
2018-01-30,692,2.3,2.65
2018-01-30,693,2.6,2.8
2018-01-30,694,2.6,2.9
2018-01-30,695,7.3,7.8
2018-01-30,696,1,1.1
2018-01-30,698,0.95,1
2018-01-30,699,0.9,0.95
2018-01-30,700,1.4,1.5
2018-01-30,701,1.2,1.4
2018-01-30,703,1.45,1.5
2018-01-30,704,3.6,3.8
2018-01-30,707,7,7.7
2018-01-30,708,1.1,1.2
2018-01-30,709,7,7.7
2018-01-30,710,7,7.7
2018-01-30,711,7.5,8.2
2018-01-30,712,1.1,1.2
2018-01-30,715,6.7,7.2
2018-01-30,716,17.85,17.85
2018-01-30,717,15.45,15.45
2018-01-30,718,14.45,14.45
2018-01-30,719,12.05,12.05
2018-01-30,729,0.95,1
2018-01-30,731,5.1,5.2
2018-01-30,732,6.2,6.35
2018-01-30,733,6.85,7.05
2018-01-30,734,7.25,7.45
2018-02-15,4,185,186
2018-02-15,7,259,261
2018-02-15,8,258,260
2018-02-15,9,181.5,182.5
2018-02-15,10,186,187
2018-02-15,12,200,202
2018-02-15,14,166,167
2018-02-15,15,178,179
2018-02-15,16,166,168
2018-02-15,21,181,183
2018-02-15,22,184,185
2018-02-15,23,400,405
2018-02-15,24,394,399
2018-02-15,25,249,251
2018-02-15,26,244,247
2018-02-15,27,465,466
2018-02-15,28,461,463
2018-02-15,29,447,448
2018-02-15,30,148,150
2018-02-15,31,152,154
2018-02-15,32,120,122
2018-02-15,33,153,155
2018-02-15,34,124,126
2018-02-15,35,175,177
2018-02-15,36,146,148
2018-02-15,37,122,124
2018-02-15,38,122,124
2018-02-15,39,273,274
2018-02-15,40,153,155
2018-02-15,42,154.5,155.5
2018-02-15,43,154,155
2018-02-15,47,198.5,199.5
2018-02-15,48,133.5,135.5
2018-02-15,50,260,330
2018-02-15,51,330,380
2018-02-15,53,760,800
2018-02-15,54,890,940
2018-02-15,55,272.5,312.5
2018-02-15,56,222.5,232.5
2018-02-15,58,115,120
2018-02-15,63,200,205
2018-02-15,67,210,215
2018-02-15,71,107.5,112.5
2018-02-15,73,367.5,368.5
2018-02-15,75,344.5,347.5
2018-02-15,76,390.5,392.5
2018-02-15,77,365.5,367.5
2018-02-15,81,320,330
2018-02-15,83,742.5,752.5
2018-02-15,84,775,780
2018-02-15,85,660,665
2018-02-15,86,700,705
2018-02-15,87,697.5,702.5
2018-02-15,88,682.5,687.5
2018-02-15,89,1400,1410
2018-02-15,90,900,920
2018-02-15,91,930,950
2018-02-15,92,775,780
2018-02-15,93,782.5,792.5
2018-02-15,94,772.5,777.5
2018-02-15,95,762.5,767.5
2018-02-15,101,11,12
2018-02-15,102,11.75,12.75
2018-02-15,103,4.4,4.95
2018-02-15,104,3.8,3.9
2018-02-15,105,3.9,4
2018-02-15,106,3.65,3.7
2018-02-15,107,2.46,2.48
2018-02-15,108,274,276
2018-02-15,109,238,240
2018-02-15,110,354,385
2018-02-15,111,225,227
2018-02-15,114,189.5,192.5
2018-02-15,115,128,130
2018-02-15,117,401.5,404.5
2018-02-15,118,336,337
2018-02-15,120,341.5,342.5
2018-02-15,121,463.5,466.5
2018-02-15,122,346.5,348.5
2018-02-15,124,347,350
2018-02-15,127,224,229
2018-02-15,128,217,222
2018-02-15,129,238,243
2018-02-15,130,195,202
2018-02-15,131,1480,1485
2018-02-15,132,635,640
2018-02-15,133,610,615
2018-02-15,134,680,685
2018-02-15,176,5,6
2018-02-15,177,10,11
2018-02-15,181,4.57,4.62
2018-02-15,182,4.78,4.82
2018-02-15,183,4.7,4.85
2018-02-15,184,5.4,5.6
2018-02-15,185,6.5,6.6
2018-02-15,186,8.3,8.6
2018-02-15,187,337.5,347.5
2018-02-15,188,240,255
2018-02-15,189,80,90
2018-02-15,190,1750,1850
2018-02-15,191,5.57,5.57
2018-02-15,192,3.78,3.78
2018-02-15,193,3.36,3.36
2018-02-15,194,2.73,2.73
2018-02-15,195,2.29,2.29
2018-02-15,196,1.88,1.88
2018-02-15,197,1.44,1.44
2018-02-15,198,1.52,1.52
2018-02-15,199,1.46,1.46
2018-02-15,210,0.35,0.5
2018-02-15,211,0.2,0.25
2018-02-15,212,0.2,0.25
2018-02-15,225,1.3,1.5
2018-02-15,229,0.38,0.43
2018-02-15,234,0.2,0.22
2018-02-15,246,0.45,0.55
2018-02-15,247,1.6,1.8
2018-02-15,249,0.6,0.7
2018-02-15,250,0.2,0.25
2018-02-15,253,0.7,0.75
2018-02-15,256,0.68,0.75
2018-02-15,297,0.6,0.7
2018-02-15,328,0.33,0.39
2018-02-15,329,0.1,0.14
2018-02-15,331,0.26,0.3
2018-02-15,333,2.6,2.64
2018-02-15,335,2.38,2.42
2018-02-15,341,2.65,2.69
2018-02-15,342,2.95,2.99
2018-02-15,344,15.1,15.1
2018-02-15,345,12.7,12.7
2018-02-15,346,11.6,11.6
2018-02-15,347,9.8,9.8
2018-02-15,350,2.25,2.35
2018-02-15,351,2.17,2.27
2018-02-15,352,4.15,4.25
2018-02-15,353,4.85,4.95
2018-02-15,356,1.8,1.9
2018-02-15,357,1.8,1.9
2018-02-15,358,3.7,3.8
2018-02-15,361,4.5,4.6
2018-02-15,362,5.4,5.5
2018-02-15,363,4.85,4.95
2018-02-15,364,2.15,2.25
2018-02-15,365,1.5,1.6
2018-02-15,366,5.3,5.4
2018-02-15,367,2.5,2.6
2018-02-15,368,1.3,1.4
2018-02-15,369,5.3,5.4
2018-02-15,370,2.4,2.5
2018-02-15,371,1.3,1.4
2018-02-15,372,4.15,4.25
2018-02-15,672,213,215
2018-02-15,674,1.13,1.15
2018-02-15,675,1.37,1.39
2018-02-15,676,2.17,2.27
2018-02-15,677,1.8,1.9
2018-02-15,678,2.2,2.3
2018-02-15,679,8,8.5
2018-02-15,680,8,9
2018-02-15,683,3.5,3.9
2018-02-15,684,3.6,4
2018-02-15,688,1.2,1.25
2018-02-15,689,1.25,1.35
2018-02-15,690,1.4,1.45
2018-02-15,691,2.3,2.6
2018-02-15,692,2.3,2.65
2018-02-15,693,2.6,2.8
2018-02-15,694,2.6,2.9
2018-02-15,695,7.3,7.8
2018-02-15,696,1,1.1
2018-02-15,698,0.95,1
2018-02-15,699,0.9,0.95
2018-02-15,700,1.4,1.5
2018-02-15,701,1.2,1.4
2018-02-15,703,1.5,1.55
2018-02-15,704,3.6,3.8
2018-02-15,705,7.5,8.2
2018-02-15,706,1.3,1.5
2018-02-15,707,7,7.7
2018-02-15,708,1.1,1.2
2018-02-15,710,7,7.7
2018-02-15,711,7.5,8.2
2018-02-15,712,1.1,1.2
2018-02-15,715,6.7,7.2
2018-02-15,716,17.6,17.6
2018-02-15,717,15.2,15.2
2018-02-15,718,14.2,14.2
2018-02-15,719,11.8,11.8
2018-02-15,729,0.95,1
2018-02-15,731,5,5.1
2018-02-15,732,6.1,6.22
2018-02-15,733,6.75,6.95
2018-02-15,734,7.15,7.35
2018-02-15,735,8,9
2018-02-15,736,8,8.5
2018-02-28,4,185,186
2018-02-28,7,259,261
2018-02-28,8,258,260
2018-02-28,9,181.5,182.5
2018-02-28,10,187,188
2018-02-28,12,200,202
2018-02-28,14,166,167
2018-02-28,15,178,179
2018-02-28,16,168.5,169.5
2018-02-28,21,181,183
2018-02-28,22,185,186
2018-02-28,23,400,405
2018-02-28,24,394,399
2018-02-28,25,249,251
2018-02-28,26,244,247
2018-02-28,27,465,466
2018-02-28,28,461,463
2018-02-28,29,447,448
2018-02-28,30,158.5,160.5
2018-02-28,31,162.5,164.5
2018-02-28,32,130.5,132.5
2018-02-28,33,163.5,165.5
2018-02-28,34,134.5,136.5
2018-02-28,35,173,175
2018-02-28,36,144,146
2018-02-28,37,131.5,133.5
2018-02-28,38,131.5,133.5
2018-02-28,39,273,274
2018-02-28,40,153,155
2018-02-28,42,156.5,157.5
2018-02-28,43,156.5,157.5
2018-02-28,47,204,205
2018-02-28,48,134,136
2018-02-28,50,260,330
2018-02-28,51,330,380
2018-02-28,53,760,800
2018-02-28,54,890,940
2018-02-28,55,275,315
2018-02-28,56,225,235
2018-02-28,58,115,120
2018-02-28,63,202.5,207.5
2018-02-28,67,210,215
2018-02-28,71,110,115
2018-02-28,73,375,376.5
2018-02-28,75,354,356
2018-02-28,76,401.5,403.5
2018-02-28,77,375.5,377.5
2018-02-28,81,317.5,327.5
2018-02-28,83,745,752.5
2018-02-28,84,770,775
2018-02-28,85,660,665
2018-02-28,86,670,675
2018-02-28,87,695,700
2018-02-28,88,687.5,692.5
2018-02-28,89,1370,1380
2018-02-28,90,895,915
2018-02-28,91,925,945
2018-02-28,92,775,780
2018-02-28,93,775,785
2018-02-28,94,775,780
2018-02-28,95,767.5,772.5
2018-02-28,101,11,12
2018-02-28,102,11.75,12.75
2018-02-28,103,4.4,4.95
2018-02-28,104,3.77,3.88
2018-02-28,105,3.88,3.98
2018-02-28,106,3.62,3.67
2018-02-28,107,2.46,2.48
2018-02-28,108,274,276
2018-02-28,109,238,240
2018-02-28,110,352.5,382.5
2018-02-28,111,245,247
2018-02-28,114,204.5,208.5
2018-02-28,115,145.5,147.5
2018-02-28,117,430,433
2018-02-28,118,376.5,377.5
2018-02-28,120,378.5,379.5
2018-02-28,121,493,496
2018-02-28,122,385.5,387.5
2018-02-28,124,387,388
2018-02-28,127,224,229
2018-02-28,128,217,222
2018-02-28,129,240.5,245.5
2018-02-28,130,197.5,204.5
2018-02-28,131,1530,1535
2018-02-28,132,625,630
2018-02-28,133,600,605
2018-02-28,134,670,675
2018-02-28,176,5,6
2018-02-28,177,9.5,10.5
2018-02-28,181,4.5,4.55
2018-02-28,182,4.7,4.75
2018-02-28,183,4.7,4.85
2018-02-28,184,5.4,5.6
2018-02-28,185,6.5,6.6
2018-02-28,186,8.3,8.6
2018-02-28,187,290,305
2018-02-28,188,242.5,257.5
2018-02-28,189,80,90
2018-02-28,190,2175,2275
2018-02-28,191,5.71,5.71
2018-02-28,192,3.91,3.91
2018-02-28,193,3.48,3.48
2018-02-28,194,2.83,2.83
2018-02-28,195,2.37,2.37
2018-02-28,196,1.94,1.94
2018-02-28,197,1.47,1.47
2018-02-28,198,1.55,1.55
2018-02-28,199,1.49,1.49
2018-02-28,210,0.45,0.55
2018-02-28,211,0.2,0.25
2018-02-28,212,0.19,0.21
2018-02-28,225,1.3,1.5
2018-02-28,229,0.3,0.4
2018-02-28,234,0.2,0.22
2018-02-28,246,0.45,0.55
2018-02-28,247,0.85,0.95
2018-02-28,249,0.62,0.72
2018-02-28,250,0.2,0.25
2018-02-28,253,0.7,0.75
2018-02-28,256,0.78,0.88
2018-02-28,297,0.6,0.7
2018-02-28,328,0.33,0.39
2018-02-28,329,0.13,0.17
2018-02-28,331,0.28,0.32
2018-02-28,333,2.6,2.64
2018-02-28,335,2.45,2.49
2018-02-28,341,2.65,2.69
2018-02-28,342,2.95,2.99
2018-02-28,344,15.2,15.2
2018-02-28,345,12.8,12.8
2018-02-28,346,11.7,11.7
2018-02-28,347,9.9,9.9
2018-02-28,350,2.25,2.35
2018-02-28,351,2.2,2.3
2018-02-28,352,4.15,4.25
2018-02-28,353,4.85,4.95
2018-02-28,356,1.8,1.9
2018-02-28,357,1.8,1.9
2018-02-28,358,3.75,3.85
2018-02-28,361,4.5,4.6
2018-02-28,362,5.4,5.5
2018-02-28,363,4.9,5
2018-02-28,364,2.15,2.25
2018-02-28,365,1.5,1.6
2018-02-28,366,5.3,5.4
2018-02-28,367,2.5,2.6
2018-02-28,368,1.3,1.4
2018-02-28,369,5.3,5.4
2018-02-28,370,2.4,2.5
2018-02-28,371,1.3,1.4
2018-02-28,372,4.25,4.35
2018-02-28,672,230,232
2018-02-28,674,1.14,1.16
2018-02-28,675,1.37,1.39
2018-02-28,676,2.2,2.3
2018-02-28,677,1.8,1.9
2018-02-28,678,2.2,2.3
2018-02-28,679,8,8.5
2018-02-28,680,8,9
2018-02-28,683,3.5,3.9
2018-02-28,684,3.6,4
2018-02-28,688,1.2,1.25
2018-02-28,689,1.25,1.35
2018-02-28,690,1.4,1.45
2018-02-28,691,2.3,2.6
2018-02-28,692,2.3,2.65
2018-02-28,693,2.6,2.8
2018-02-28,694,2.6,2.9
2018-02-28,695,7.3,7.8
2018-02-28,696,1,1.1
2018-02-28,698,0.9,0.95
2018-02-28,699,0.9,0.95
2018-02-28,700,1.4,1.5
2018-02-28,701,1.2,1.4
2018-02-28,703,1.5,1.55
2018-02-28,704,3.5,3.8
2018-02-28,705,7.5,8.2
2018-02-28,706,1.3,1.5
2018-02-28,707,7,7.7
2018-02-28,708,1.1,1.2
2018-02-28,710,7,7.7
2018-02-28,711,7.5,8.2
2018-02-28,712,1.1,1.2
2018-02-28,715,6.7,7.2
2018-02-28,716,17.75,17.75
2018-02-28,717,15.35,15.35
2018-02-28,718,14.35,14.35
2018-02-28,719,11.95,11.95
2018-02-28,729,0.9,1
2018-02-28,731,4.95,5.05
2018-02-28,732,6.05,6.15
2018-02-28,733,6.7,6.9
2018-02-28,734,7.1,7.3
2018-02-28,735,8,9
2018-02-28,736,8,8.5
2018-02-28,737,3.4,3.8
2018-02-28,738,3.5,3.9
2018-03-15,4,186,187
2018-03-15,7,263,265
2018-03-15,8,262,264
2018-03-15,9,185,186
2018-03-15,10,187,188
2018-03-15,12,200,202
2018-03-15,14,167,168
2018-03-15,15,178.5,179.5
2018-03-15,16,171.5,172.5
2018-03-15,21,181,183
2018-03-15,22,186,187
2018-03-15,23,400,405
2018-03-15,24,394,399
2018-03-15,25,249,251
2018-03-15,26,244,247
2018-03-15,27,465,466
2018-03-15,28,461,463
2018-03-15,29,447,448
2018-03-15,30,167,169
2018-03-15,31,171,173
2018-03-15,32,139,141
2018-03-15,33,172,174
2018-03-15,34,143,145
2018-03-15,35,180,182
2018-03-15,36,151,153
2018-03-15,37,141.5,142.5
2018-03-15,38,141.5,142.5
2018-03-15,39,273,274
2018-03-15,40,153,155
2018-03-15,42,157.5,158.5
2018-03-15,43,157.5,158.5
2018-03-15,47,205,206
2018-03-15,48,134,136
2018-03-15,50,255,325
2018-03-15,51,330,380
2018-03-15,53,755,795
2018-03-15,54,890,940
2018-03-15,55,280,320
2018-03-15,56,225,235
2018-03-15,58,115,120
2018-03-15,63,205,210
2018-03-15,67,210,215
2018-03-15,71,112.5,117.5
2018-03-15,73,380.5,382.5
2018-03-15,75,362.5,364.5
2018-03-15,76,412.5,414.5
2018-03-15,77,386.5,388.5
2018-03-15,81,315,325
2018-03-15,83,720,725
2018-03-15,84,765,770
2018-03-15,85,660,665
2018-03-15,86,680,685
2018-03-15,87,690,695
2018-03-15,88,687.5,692.5
2018-03-15,89,1330,1340
2018-03-15,90,865,885
2018-03-15,91,910,930
2018-03-15,92,775,780
2018-03-15,93,770,780
2018-03-15,94,770,775
2018-03-15,95,767.5,772.5
2018-03-15,101,11.5,12.5
2018-03-15,102,12,13
2018-03-15,103,4.4,4.9
2018-03-15,104,3.75,3.85
2018-03-15,105,3.8,3.9
2018-03-15,106,3.5,3.55
2018-03-15,107,2.43,2.45
2018-03-15,108,274,276
2018-03-15,109,238,240
2018-03-15,110,358,388
2018-03-15,111,256.5,258.5
2018-03-15,114,211.5,212.5
2018-03-15,115,154,156
2018-03-15,117,436.5,439.5
2018-03-15,118,387,388
2018-03-15,120,389,390
2018-03-15,121,497,498
2018-03-15,122,396.5,398.5
2018-03-15,124,397,398
2018-03-15,127,224,229
2018-03-15,128,217,222
2018-03-15,129,243,248
2018-03-15,130,200,207
2018-03-15,131,1555,1560
2018-03-15,132,600,605
2018-03-15,133,575,580
2018-03-15,134,645,650
2018-03-15,176,5,6
2018-03-15,177,9,10
2018-03-15,181,4.45,4.5
2018-03-15,182,4.65,4.7
2018-03-15,183,4.7,4.85
2018-03-15,184,5.4,5.6
2018-03-15,185,6.5,6.6
2018-03-15,186,8.3,8.6
2018-03-15,187,280,295
2018-03-15,188,270,290
2018-03-15,189,80,90
2018-03-15,190,2325,2425
2018-03-15,191,5.86,5.86
2018-03-15,192,4.05,4.05
2018-03-15,193,3.6,3.6
2018-03-15,194,2.94,2.94
2018-03-15,195,2.46,2.46
2018-03-15,196,2.01,2.01
2018-03-15,197,1.5,1.5
2018-03-15,198,1.58,1.58
2018-03-15,199,1.52,1.52
2018-03-15,210,0.6,0.8
2018-03-15,211,0.2,0.25
2018-03-15,212,0.23,0.26
2018-03-15,225,1.3,1.5
2018-03-15,229,0.4,0.5
2018-03-15,234,0.2,0.22
2018-03-15,246,0.45,0.55
2018-03-15,247,1.4,1.5
2018-03-15,249,1.05,1.25
2018-03-15,253,0.7,0.75
2018-03-15,256,0.8,0.9
2018-03-15,297,0.6,0.7
2018-03-15,328,0.33,0.39
2018-03-15,329,0.17,0.22
2018-03-15,331,0.32,0.35
2018-03-15,333,2.6,2.64
2018-03-15,335,2.48,2.52
2018-03-15,341,2.67,2.71
2018-03-15,342,2.98,3.02
2018-03-15,344,15.3,15.3
2018-03-15,345,12.9,12.9
2018-03-15,346,11.8,11.8
2018-03-15,347,10,10
2018-03-15,350,2.27,2.38
2018-03-15,351,2.23,2.33
2018-03-15,352,4.18,4.28
2018-03-15,353,4.88,4.97
2018-03-15,356,1.83,1.92
2018-03-15,357,1.83,1.92
2018-03-15,358,3.8,3.9
2018-03-15,361,4.5,4.6
2018-03-15,362,5.4,5.5
2018-03-15,363,4.95,5.05
2018-03-15,364,2.17,2.27
2018-03-15,365,1.5,1.6
2018-03-15,366,5.3,5.4
2018-03-15,367,2.5,2.6
2018-03-15,368,1.3,1.4
2018-03-15,369,5.3,5.4
2018-03-15,370,2.4,2.5
2018-03-15,371,1.3,1.4
2018-03-15,372,4.6,4.7
2018-03-15,672,242.5,244.5
2018-03-15,674,1.15,1.17
2018-03-15,675,1.37,1.39
2018-03-15,676,2.23,2.33
2018-03-15,677,1.83,1.92
2018-03-15,678,2.2,2.3
2018-03-15,679,8,8.5
2018-03-15,680,8,9
2018-03-15,683,3.5,3.9
2018-03-15,684,3.6,4
2018-03-15,688,1.2,1.25
2018-03-15,689,1.25,1.35
2018-03-15,690,1.4,1.45
2018-03-15,691,2.3,2.6
2018-03-15,692,2.3,2.65
2018-03-15,693,2.6,2.8
2018-03-15,694,2.6,2.9
2018-03-15,695,7.3,7.8
2018-03-15,696,1,1.1
2018-03-15,698,0.9,0.95
2018-03-15,699,0.9,0.95
2018-03-15,700,1.4,1.5
2018-03-15,701,1.2,1.4
2018-03-15,703,1.5,1.55
2018-03-15,704,3.5,3.8
2018-03-15,705,7.5,8.2
2018-03-15,706,1.3,1.5
2018-03-15,707,7,7.7
2018-03-15,708,1.1,1.2
2018-03-15,710,7,7.7
2018-03-15,711,7.5,8.2
2018-03-15,712,1.1,1.2
2018-03-15,715,6.7,7.2
2018-03-15,716,17.9,17.9
2018-03-15,717,15.5,15.5
2018-03-15,718,14.5,14.5
2018-03-15,719,12.1,12.1
2018-03-15,729,0.9,1
2018-03-15,731,4.95,5.05
2018-03-15,732,6.05,6.15
2018-03-15,733,6.7,6.9
2018-03-15,734,7.1,7.3
2018-03-15,735,8,9
2018-03-15,736,8,8.5
2018-03-15,737,3.4,3.8
2018-03-15,738,3.5,3.9
2018-03-30,4,186,187
2018-03-30,7,260.5,262.5
2018-03-30,8,259.5,261.5
2018-03-30,9,185,186
2018-03-30,10,187,188
2018-03-30,12,200,202
2018-03-30,14,170,171
2018-03-30,15,181.5,182.5
2018-03-30,16,174,175
2018-03-30,21,183,185
2018-03-30,22,186,187
2018-03-30,23,400,405
2018-03-30,24,394,399
2018-03-30,25,249,251
2018-03-30,26,244,247
2018-03-30,27,465,466
2018-03-30,28,461,463
2018-03-30,29,447,448
2018-03-30,30,172,174
2018-03-30,31,176,178
2018-03-30,32,144,146
2018-03-30,33,177,179
2018-03-30,34,148,150
2018-03-30,35,189.5,191.5
2018-03-30,36,160.5,162.5
2018-03-30,37,151.5,152.5
2018-03-30,38,151.5,152.5
2018-03-30,39,274,275
2018-03-30,40,155,157
2018-03-30,42,158,159
2018-03-30,43,158,159
2018-03-30,47,205,206
2018-03-30,48,136,138
2018-03-30,50,250,320
2018-03-30,51,330,380
2018-03-30,53,750,790
2018-03-30,54,890,940
2018-03-30,55,285,325
2018-03-30,56,225,235
2018-03-30,58,115,120
2018-03-30,63,207.5,212.5
2018-03-30,67,212.5,217.5
2018-03-30,71,117.5,122.5
2018-03-30,73,376,378
2018-03-30,75,360,361
2018-03-30,76,405,407
2018-03-30,77,380,382
2018-03-30,81,315,325
2018-03-30,83,715,720
2018-03-30,84,765,770
2018-03-30,85,660,665
2018-03-30,86,655,660
2018-03-30,87,697.5,702.5
2018-03-30,88,692.5,697.5
2018-03-30,89,1310,1320
2018-03-30,90,860,880
2018-03-30,91,910,930
2018-03-30,92,775,780
2018-03-30,93,765,775
2018-03-30,94,777.5,782.5
2018-03-30,95,772.5,777.5
2018-03-30,101,11.5,12.5
2018-03-30,102,12,13
2018-03-30,103,4.35,4.7
2018-03-30,104,3.6,3.7
2018-03-30,105,3.7,3.8
2018-03-30,106,3.25,3.3
2018-03-30,107,2.38,2.4
2018-03-30,108,274,276
2018-03-30,109,238,240
2018-03-30,110,353,385
2018-03-30,111,263,265
2018-03-30,114,211,212
2018-03-30,115,152.5,157
2018-03-30,117,430,433
2018-03-30,118,385.5,386.5
2018-03-30,120,391,392
2018-03-30,121,490,491
2018-03-30,122,394,400
2018-03-30,124,398.5,399.5
2018-03-30,127,224,229
2018-03-30,128,217,222
2018-03-30,129,243,248
2018-03-30,130,200,207
2018-03-30,131,1575,1580
2018-03-30,132,580,585
2018-03-30,133,555,560
2018-03-30,134,625,630
2018-03-30,176,5,6
2018-03-30,177,9,10
2018-03-30,181,4.43,4.47
2018-03-30,182,4.65,4.7
2018-03-30,183,4.7,4.85
2018-03-30,184,5.4,5.6
2018-03-30,185,6.5,6.6
2018-03-30,186,8.3,8.6
2018-03-30,187,295,307.5
2018-03-30,188,282.5,297.5
2018-03-30,189,80,90
2018-03-30,190,2225,2325
2018-03-30,191,5.99,5.99
2018-03-30,192,4.19,4.19
2018-03-30,193,3.71,3.71
2018-03-30,194,3.04,3.04
2018-03-30,195,2.55,2.55
2018-03-30,196,2.08,2.08
2018-03-30,197,1.5,1.5
2018-03-30,198,1.58,1.58
2018-03-30,199,1.52,1.52
2018-03-30,204,2.5,2.7
2018-03-30,205,3.5,4
2018-03-30,210,0.9,1
2018-03-30,211,0.2,0.25
2018-03-30,212,0.26,0.3
2018-03-30,225,1.3,1.5
2018-03-30,229,0.38,0.45
2018-03-30,234,0.2,0.22
2018-03-30,246,0.45,0.55
2018-03-30,247,1.4,1.55
2018-03-30,249,1.15,1.3
2018-03-30,253,0.7,0.75
2018-03-30,297,0.6,0.7
2018-03-30,328,0.33,0.39
2018-03-30,329,0.17,0.21
2018-03-30,331,0.29,0.33
2018-03-30,333,2.6,2.64
2018-03-30,335,2.5,2.54
2018-03-30,341,2.7,2.74
2018-03-30,342,3,3.04
2018-03-30,344,15.3,15.3
2018-03-30,345,12.9,12.9
2018-03-30,346,11.8,11.8
2018-03-30,347,10,10
2018-03-30,350,2.3,2.4
2018-03-30,351,2.25,2.35
2018-03-30,352,4.2,4.3
2018-03-30,353,4.9,5
2018-03-30,356,1.8,1.9
2018-03-30,357,1.8,1.9
2018-03-30,358,3.85,3.95
2018-03-30,361,4.5,4.6
2018-03-30,362,5.4,5.5
2018-03-30,363,5,5.1
2018-03-30,364,2.2,2.3
2018-03-30,365,1.5,1.6
2018-03-30,366,5.3,5.4
2018-03-30,367,2.5,2.6
2018-03-30,368,1.3,1.4
2018-03-30,369,5.3,5.4
2018-03-30,370,2.4,2.5
2018-03-30,371,1.3,1.4
2018-03-30,372,4.95,5.05
2018-03-30,672,250,252
2018-03-30,674,1.16,1.18
2018-03-30,675,1.37,1.39
2018-03-30,676,2.25,2.35
2018-03-30,677,1.8,1.9
2018-03-30,678,2.2,2.3
2018-03-30,679,8,8.5
2018-03-30,680,8,9
2018-03-30,683,3.5,3.9
2018-03-30,684,3.6,4
2018-03-30,685,5.5,6
2018-03-30,688,1.2,1.25
2018-03-30,689,1.25,1.35
2018-03-30,690,1.4,1.45
2018-03-30,691,2.3,2.6
2018-03-30,692,2.3,2.65
2018-03-30,693,2.6,2.8
2018-03-30,694,2.6,2.9
2018-03-30,695,7.3,7.8
2018-03-30,696,1,1.1
2018-03-30,698,0.9,0.95
2018-03-30,699,0.9,0.95
2018-03-30,700,1.4,1.5
2018-03-30,701,1.2,1.4
2018-03-30,703,1.5,1.55
2018-03-30,704,3.5,3.8
2018-03-30,705,7.5,8.2
2018-03-30,706,1.3,1.5
2018-03-30,707,7,7.7
2018-03-30,708,1.1,1.2
2018-03-30,710,7,7.7
2018-03-30,711,7.5,8.2
2018-03-30,712,1.1,1.2
2018-03-30,715,6.7,7.2
2018-03-30,716,17.9,17.9
2018-03-30,717,15.5,15.5
2018-03-30,718,14.5,14.5
2018-03-30,719,12.1,12.1
2018-03-30,729,0.9,1
2018-03-30,731,4.95,5.05
2018-03-30,732,6.05,6.15
2018-03-30,733,6.7,6.9
2018-03-30,734,7.1,7.3
2018-03-30,735,8,9
2018-03-30,736,8,8.5
2018-03-30,737,3.4,3.8
2018-03-30,738,3.5,3.9
2018-04-15,4,188,189
2018-04-15,7,258,260
2018-04-15,8,257,259
2018-04-15,9,188,189
2018-04-15,10,187,188
2018-04-15,12,200,202
2018-04-15,14,172,173
2018-04-15,15,183,184
2018-04-15,16,175,177
2018-04-15,21,193,195
2018-04-15,22,187,188
2018-04-15,23,400,405
2018-04-15,24,394,399
2018-04-15,25,249,251
2018-04-15,26,244,247
2018-04-15,27,465,466
2018-04-15,28,461,463
2018-04-15,29,447,448
2018-04-15,30,174,176
2018-04-15,31,178,180
2018-04-15,32,146,148
2018-04-15,33,179,181
2018-04-15,34,150,152
2018-04-15,35,192,194
2018-04-15,36,163,165
2018-04-15,37,151,152
2018-04-15,38,151,152
2018-04-15,39,274,275
2018-04-15,40,157,159
2018-04-15,42,160,161
2018-04-15,43,160,161
2018-04-15,47,207,208
2018-04-15,48,138,140
2018-04-15,50,250,320
2018-04-15,51,330,380
2018-04-15,53,750,790
2018-04-15,54,890,940
2018-04-15,55,285,325
2018-04-15,56,225,235
2018-04-15,58,115,120
2018-04-15,63,210,215
2018-04-15,67,215,220
2018-04-15,71,120,125
2018-04-15,73,381,383
2018-04-15,75,375,376
2018-04-15,76,410,412
2018-04-15,77,393,395
2018-04-15,81,315,325
2018-04-15,83,725,730
2018-04-15,84,765,770
2018-04-15,85,665,670
2018-04-15,86,670,675
2018-04-15,87,690,695
2018-04-15,88,680,685
2018-04-15,89,1280,1290
2018-04-15,90,860,880
2018-04-15,91,910,930
2018-04-15,92,780,785
2018-04-15,93,770,780
2018-04-15,94,770,775
2018-04-15,95,760,765
2018-04-15,101,11.5,12.5
2018-04-15,102,12,13
2018-04-15,103,4.2,4.7
2018-04-15,104,3.4,3.5
2018-04-15,105,3.5,3.6
2018-04-15,106,3.05,3.1
2018-04-15,107,2.28,2.3
2018-04-15,108,274,276
2018-04-15,109,236,238
2018-04-15,110,353,388
2018-04-15,112,278,280
2018-04-15,114,219,220
2018-04-15,115,155,162
2018-04-15,117,447,450
2018-04-15,118,421,422
2018-04-15,120,424,425
2018-04-15,121,507,508
2018-04-15,122,430,435
2018-04-15,124,430,431
2018-04-15,127,224,229
2018-04-15,128,217,222
2018-04-15,129,243,248
2018-04-15,130,200,207
2018-04-15,131,1600,1605
2018-04-15,132,555,560
2018-04-15,133,530,535
2018-04-15,134,605,610
2018-04-15,176,5,6
2018-04-15,177,9,10
2018-04-15,181,4.4,4.45
2018-04-15,182,4.65,4.7
2018-04-15,183,4.7,4.85
2018-04-15,184,5.4,5.6
2018-04-15,185,6.5,6.6
2018-04-15,186,8.3,8.6
2018-04-15,187,305,315
2018-04-15,188,290,300
2018-04-15,189,90,100
2018-04-15,190,2200,2300
2018-04-15,191,6.08,6.08
2018-04-15,192,4.31,4.31
2018-04-15,193,3.81,3.81
2018-04-15,194,3.13,3.13
2018-04-15,195,2.65,2.65
2018-04-15,196,2.17,2.17
2018-04-15,197,1.41,1.41
2018-04-15,198,1.51,1.51
2018-04-15,199,1.43,1.43
2018-04-15,204,2.5,2.7
2018-04-15,205,3.5,4
2018-04-15,210,0.9,1
2018-04-15,211,0.2,0.25
2018-04-15,212,0.26,0.3
2018-04-15,225,1.3,1.5
2018-04-15,229,0.35,0.4
2018-04-15,234,0.2,0.22
2018-04-15,246,0.45,0.55
2018-04-15,247,1.3,1.5
2018-04-15,249,1.2,1.3
2018-04-15,253,0.7,0.75
2018-04-15,297,0.6,0.7
2018-04-15,328,0.3,0.36
2018-04-15,329,0.07,0.1
2018-04-15,331,0.14,0.18
2018-04-15,333,2.55,2.59
2018-04-15,335,2.5,2.54
2018-04-15,341,2.7,2.74
2018-04-15,342,3,3.04
2018-04-15,344,14.55,14.55
2018-04-15,345,12.15,12.15
2018-04-15,346,11.05,11.05
2018-04-15,347,9.25,9.25
2018-04-15,350,2.3,2.4
2018-04-15,351,2.25,2.35
2018-04-15,352,4.2,4.3
2018-04-15,353,4.9,5
2018-04-15,356,1.6,1.7
2018-04-15,357,1.6,1.7
2018-04-15,358,3.85,3.95
2018-04-15,361,4.4,4.5
2018-04-15,362,5.3,5.4
2018-04-15,363,5,5.1
2018-04-15,364,2.2,2.3
2018-04-15,365,1.5,1.6
2018-04-15,366,5.3,5.4
2018-04-15,367,2.5,2.6
2018-04-15,368,1.3,1.4
2018-04-15,369,5.3,5.4
2018-04-15,370,2.4,2.5
2018-04-15,371,1.3,1.4
2018-04-15,372,4.85,4.95
2018-04-15,672,263,265
2018-04-15,674,1.16,1.18
2018-04-15,675,1.37,1.39
2018-04-15,676,2.25,2.35
2018-04-15,677,1.6,1.7
2018-04-15,678,2.2,2.3
2018-04-15,679,8,8.5
2018-04-15,680,8,9
2018-04-15,683,3.5,3.9
2018-04-15,684,3.6,4
2018-04-15,685,5,5.5
2018-04-15,688,1.2,1.25
2018-04-15,689,1.25,1.35
2018-04-15,690,1.4,1.45
2018-04-15,691,2.3,2.6
2018-04-15,692,2.3,2.65
2018-04-15,693,2.6,2.8
2018-04-15,694,2.6,2.9
2018-04-15,695,7.3,7.8
2018-04-15,696,1,1.1
2018-04-15,698,0.9,0.95
2018-04-15,699,0.9,0.95
2018-04-15,700,1.4,1.5
2018-04-15,701,1.2,1.4
2018-04-15,703,1.5,1.55
2018-04-15,704,3.5,3.8
2018-04-15,705,7.5,8.2
2018-04-15,706,1.3,1.5
2018-04-15,707,7,7.7
2018-04-15,708,1.1,1.2
2018-04-15,710,7,7.7
2018-04-15,711,7.5,8.2
2018-04-15,712,1.1,1.2
2018-04-15,715,6.7,7.2
2018-04-15,716,17.25,17.25
2018-04-15,717,14.85,14.85
2018-04-15,718,13.85,13.85
2018-04-15,719,11.45,11.45
2018-04-15,729,0.9,1
2018-04-15,731,5,5.1
2018-04-15,732,6.1,6.2
2018-04-15,733,6.75,6.95
2018-04-15,734,7.15,7.35
2018-04-15,735,8,9
2018-04-15,736,8,8.5
2018-04-15,737,3.4,3.8
2018-04-15,738,3.5,3.9
2018-04-30,4,188,189
2018-04-30,7,255.5,257.5
2018-04-30,8,255,257
2018-04-30,9,190.5,191.5
2018-04-30,10,187.5,188.5
2018-04-30,12,200,202
2018-04-30,14,174,175
2018-04-30,15,184,185
2018-04-30,16,175.5,177
2018-04-30,21,199,201
2018-04-30,22,187.5,188.5
2018-04-30,23,400,405
2018-04-30,24,394,399
2018-04-30,25,249,251
2018-04-30,26,244,247
2018-04-30,27,465,466
2018-04-30,28,461,463
2018-04-30,29,447,448
2018-04-30,30,176,178
2018-04-30,31,180,182
2018-04-30,32,148,150
2018-04-30,33,182,184
2018-04-30,34,153,155
2018-04-30,35,195,197
2018-04-30,36,166,168
2018-04-30,37,152,153
2018-04-30,38,152,153
2018-04-30,39,274,275
2018-04-30,40,160,161
2018-04-30,42,163.5,164.5
2018-04-30,43,163,164
2018-04-30,47,208,209
2018-04-30,48,138,140
2018-04-30,50,270,340
2018-04-30,51,330,380
2018-04-30,53,790,830
2018-04-30,54,890,940
2018-04-30,55,285,325
2018-04-30,56,222.5,232.5
2018-04-30,58,115,120
2018-04-30,63,210,215
2018-04-30,67,215,220
2018-04-30,71,125,130
2018-04-30,73,378,380
2018-04-30,75,370,371
2018-04-30,76,405,407
2018-04-30,77,390.5,392.5
2018-04-30,81,312.5,322.5
2018-04-30,83,725,730
2018-04-30,84,765,770
2018-04-30,85,670,675
2018-04-30,86,660,665
2018-04-30,87,687.5,692.5
2018-04-30,88,672.5,677.5
2018-04-30,89,1280,1290
2018-04-30,90,860,880
2018-04-30,91,910,930
2018-04-30,92,785,790
2018-04-30,93,770,780
2018-04-30,94,767.5,772.5
2018-04-30,95,757.5,762.5
2018-04-30,101,11.5,12.5
2018-04-30,102,12,13
2018-04-30,103,4.15,4.7
2018-04-30,104,3.35,3.45
2018-04-30,105,3.45,3.55
2018-04-30,106,3.05,3.1
2018-04-30,107,2.25,2.27
2018-04-30,108,274,276
2018-04-30,109,236,238
2018-04-30,110,353,388
2018-04-30,112,283,285
2018-04-30,114,222.5,223.5
2018-04-30,115,160,162
2018-04-30,117,441.5,444.5
2018-04-30,118,415,416
2018-04-30,120,414,415
2018-04-30,121,501.5,502.5
2018-04-30,122,419,423
2018-04-30,124,420,421
2018-04-30,127,224,229
2018-04-30,128,217,222
2018-04-30,129,243,248
2018-04-30,130,200,207
2018-04-30,131,1600,1605
2018-04-30,132,532.5,537.5
2018-04-30,133,507.5,512.5
2018-04-30,134,582.5,587.5
2018-04-30,176,5,6
2018-04-30,177,9,10
2018-04-30,181,4.4,4.45
2018-04-30,182,4.65,4.7
2018-04-30,183,4.65,4.8
2018-04-30,184,5.4,5.6
2018-04-30,185,6.5,6.6
2018-04-30,186,8.3,8.6
2018-04-30,187,300,315
2018-04-30,188,290,300
2018-04-30,189,87.5,100
2018-04-30,190,2350,2450
2018-04-30,191,6.06,6.06
2018-04-30,192,4.3,4.3
2018-04-30,193,3.81,3.81
2018-04-30,194,3.13,3.13
2018-04-30,195,2.66,2.66
2018-04-30,196,2.17,2.17
2018-04-30,197,1.35,1.35
2018-04-30,198,1.44,1.44
2018-04-30,199,1.37,1.37
2018-04-30,204,1.25,1.45
2018-04-30,205,1.75,2.1
2018-04-30,209,0.45,0.55
2018-04-30,211,0.2,0.25
2018-04-30,213,0.5,0.55
2018-04-30,225,1.3,1.5
2018-04-30,229,0.32,0.4
2018-04-30,234,0.2,0.22
2018-04-30,246,0.45,0.53
2018-04-30,247,0.5,0.6
2018-04-30,249,1.1,1.3
2018-04-30,252,1.5,1.7
2018-04-30,253,0.7,0.75
2018-04-30,255,0.65,0.75
2018-04-30,260,1.8,2
2018-04-30,328,0.3,0.36
2018-04-30,329,0.06,0.08
2018-04-30,331,0.14,0.18
2018-04-30,333,2.5,2.54
2018-04-30,335,2.5,2.54
2018-04-30,341,2.7,2.74
2018-04-30,342,3,3.04
2018-04-30,344,14.4,14.4
2018-04-30,345,12,12
2018-04-30,346,10.9,10.9
2018-04-30,347,9.1,9.1
2018-04-30,350,2.3,2.4
2018-04-30,351,2.25,2.35
2018-04-30,352,4.2,4.3
2018-04-30,353,4.9,5
2018-04-30,356,1.6,1.7
2018-04-30,357,1.6,1.7
2018-04-30,358,3.85,3.95
2018-04-30,361,4.3,4.4
2018-04-30,362,5.2,5.3
2018-04-30,363,5,5.1
2018-04-30,364,2.2,2.3
2018-04-30,365,1.5,1.6
2018-04-30,366,5.3,5.4
2018-04-30,367,2.5,2.6
2018-04-30,368,1.3,1.4
2018-04-30,369,5.3,5.4
2018-04-30,370,2.4,2.5
2018-04-30,371,1.3,1.4
2018-04-30,372,4.3,4.4
2018-04-30,672,273,275
2018-04-30,674,1.16,1.18
2018-04-30,675,1.37,1.39
2018-04-30,676,2.25,2.35
2018-04-30,677,1.6,1.7
2018-04-30,678,2.2,2.3
2018-04-30,679,8,8.5
2018-04-30,680,8,9
2018-04-30,683,3.5,3.9
2018-04-30,684,3.6,4
2018-04-30,685,3.5,4
2018-04-30,688,1.2,1.25
2018-04-30,689,1.25,1.35
2018-04-30,690,1.4,1.45
2018-04-30,691,2.3,2.6
2018-04-30,692,2.3,2.65
2018-04-30,693,2.6,2.8
2018-04-30,694,2.6,2.9
2018-04-30,695,7.3,7.8
2018-04-30,696,1,1.1
2018-04-30,698,0.9,0.95
2018-04-30,699,0.9,0.95
2018-04-30,700,1.4,1.5
2018-04-30,701,1.2,1.4
2018-04-30,703,1.5,1.55
2018-04-30,704,3.5,3.8
2018-04-30,705,7.5,8.2
2018-04-30,706,1.3,1.5
2018-04-30,707,7,7.7
2018-04-30,708,1.1,1.2
2018-04-30,710,7,7.7
2018-04-30,711,7.5,8.2
2018-04-30,712,1.1,1.2
2018-04-30,715,6.7,7.2
2018-04-30,716,17.1,17.1
2018-04-30,717,14.7,14.7
2018-04-30,718,13.7,13.7
2018-04-30,719,11.3,11.3
2018-04-30,729,0.9,1
2018-04-30,731,5.03,5.13
2018-04-30,732,6.12,6.22
2018-04-30,733,6.77,6.97
2018-04-30,734,7.17,7.37
2018-04-30,735,8,9
2018-04-30,736,8,8.5
2018-04-30,737,3.4,3.8
2018-04-30,738,3.5,3.9
2018-05-15,4,188,189
2018-05-15,7,253,255
2018-05-15,8,253,255
2018-05-15,9,192,193
2018-05-15,10,189.5,190.5
2018-05-15,12,200,202
2018-05-15,14,177.5,178.5
2018-05-15,15,186,187
2018-05-15,16,178.5,179.5
2018-05-15,21,199,201
2018-05-15,22,188.5,189.5
2018-05-15,23,400,405
2018-05-15,24,394,399
2018-05-15,25,249,251
2018-05-15,26,244,247
2018-05-15,27,465,466
2018-05-15,28,461,463
2018-05-15,29,447,448
2018-05-15,30,176,178
2018-05-15,31,180,182
2018-05-15,32,148,150
2018-05-15,33,183,185
2018-05-15,34,154,156
2018-05-15,35,195,197
2018-05-15,36,166,168
2018-05-15,37,153,154
2018-05-15,38,153,154
2018-05-15,39,274.5,275.5
2018-05-15,40,163,164
2018-05-15,42,169,170
2018-05-15,43,169.5,170.5
2018-05-15,47,209,210
2018-05-15,48,138,144
2018-05-15,50,270,340
2018-05-15,51,330,380
2018-05-15,53,790,830
2018-05-15,54,890,940
2018-05-15,55,285,325
2018-05-15,56,220,230
2018-05-15,58,115,120
2018-05-15,71,125,130
2018-05-15,73,373.5,375.5
2018-05-15,75,370,371
2018-05-15,76,397.5,399.5
2018-05-15,77,391.5,393.5
2018-05-15,81,310,320
2018-05-15,83,720,725
2018-05-15,84,760,765
2018-05-15,85,670,675
2018-05-15,86,627.5,632.5
2018-05-15,87,692.5,697.5
2018-05-15,88,667.5,672.5
2018-05-15,89,1290,1300
2018-05-15,90,855,875
2018-05-15,91,905,925
2018-05-15,92,785,790
2018-05-15,93,760,770
2018-05-15,94,772.5,777.5
2018-05-15,95,757.5,762.5
2018-05-15,101,11.5,12.5
2018-05-15,102,12,13
2018-05-15,103,4.07,4.7
2018-05-15,104,3.2,3.3
2018-05-15,105,3.3,3.4
2018-05-15,106,2.9,2.95
2018-05-15,107,2.18,2.2
2018-05-15,108,274,276
2018-05-15,109,238,240
2018-05-15,110,353,388
2018-05-15,114,241,242
2018-05-15,115,172.5,174.5
2018-05-15,117,453.5,456.5
2018-05-15,118,431.5,435.5
2018-05-15,120,430,432
2018-05-15,121,513.5,514.5
2018-05-15,122,440.5,443.5
2018-05-15,124,442,443
2018-05-15,131,1605,1610
2018-05-15,132,507.5,512.5
2018-05-15,133,482.5,487.5
2018-05-15,134,557.5,562.5
2018-05-15,176,5,6
2018-05-15,177,9,10
2018-05-15,181,4.4,4.45
2018-05-15,182,4.65,4.7
2018-05-15,183,4.6,4.75
2018-05-15,184,5.4,5.6
2018-05-15,185,6.5,6.6
2018-05-15,186,8.3,8.6
2018-05-15,187,305,317.5
2018-05-15,188,285,295
2018-05-15,189,75,85
2018-05-15,190,2600,2700
2018-05-15,191,5.89,5.89
2018-05-15,192,4.14,4.14
2018-05-15,193,3.69,3.69
2018-05-15,194,3.09,3.09
2018-05-15,195,2.66,2.66
2018-05-15,196,2.14,2.14
2018-05-15,197,1.27,1.27
2018-05-15,198,1.37,1.37
2018-05-15,199,1.29,1.29
2018-05-15,204,0.6,0.8
2018-05-15,205,1.1,1.35
2018-05-15,209,0.62,0.72
2018-05-15,213,0.53,0.57
2018-05-15,221,2.5,3
2018-05-15,224,4,4.2
2018-05-15,225,1.3,1.5
2018-05-15,229,0.47,0.55
2018-05-15,242,0.8,0.9
2018-05-15,246,0.45,0.5
2018-05-15,252,1.65,1.9
2018-05-15,255,0.65,0.75
2018-05-15,258,0.53,0.6
2018-05-15,260,1.5,2
2018-05-15,277,1.2,1.55
2018-05-15,328,0.3,0.36
2018-05-15,329,0.06,0.08
2018-05-15,331,0.14,0.18
2018-05-15,333,2.5,2.54
2018-05-15,335,2.5,2.54
2018-05-15,341,2.7,2.74
2018-05-15,342,3,3.04
2018-05-15,344,14,14
2018-05-15,345,11.65,11.65
2018-05-15,346,10.6,10.6
2018-05-15,347,8.9,8.9
2018-05-15,350,2.3,2.4
2018-05-15,351,2.25,2.35
2018-05-15,352,4.2,4.3
2018-05-15,353,4.9,5
2018-05-15,356,1.6,1.7
2018-05-15,357,1.6,1.7
2018-05-15,358,3.85,3.95
2018-05-15,361,4.3,4.4
2018-05-15,362,5.2,5.3
2018-05-15,363,5,5.1
2018-05-15,364,2.2,2.3
2018-05-15,365,1.5,1.6
2018-05-15,366,5.3,5.4
2018-05-15,367,2.5,2.6
2018-05-15,368,1.3,1.4
2018-05-15,369,5.3,5.4
2018-05-15,370,2.4,2.5
2018-05-15,371,1.3,1.4
2018-05-15,372,4.05,4.15
2018-05-15,672,285.5,287.5
2018-05-15,674,1.16,1.18
2018-05-15,675,1.37,1.39
2018-05-15,676,2.25,2.35
2018-05-15,677,1.6,1.7
2018-05-15,678,2.2,2.3
2018-05-15,679,8,8.5
2018-05-15,680,8,9
2018-05-15,683,3.5,3.9
2018-05-15,684,3.6,4
2018-05-15,685,1.65,2.1
2018-05-15,688,1.2,1.25
2018-05-15,689,1.25,1.35
2018-05-15,690,1.4,1.45
2018-05-15,691,2.3,2.6
2018-05-15,692,2.3,2.65
2018-05-15,693,2.6,2.8
2018-05-15,694,2.6,2.9
2018-05-15,695,7.3,7.8
2018-05-15,696,1,1.1
2018-05-15,698,0.85,0.93
2018-05-15,699,0.9,0.95
2018-05-15,700,1.4,1.5
2018-05-15,701,1.2,1.4
2018-05-15,703,1.5,1.55
2018-05-15,704,3.35,3.65
2018-05-15,705,7.5,8.2
2018-05-15,706,1.3,1.5
2018-05-15,707,7,7.7
2018-05-15,708,1.1,1.2
2018-05-15,710,7,7.7
2018-05-15,711,7.5,8.2
2018-05-15,712,1.1,1.2
2018-05-15,715,6.7,7.2
2018-05-15,716,16.8,16.8
2018-05-15,717,14.4,14.4
2018-05-15,718,13.45,13.45
2018-05-15,719,11.05,11.05
2018-05-15,729,0.9,1
2018-05-15,731,5.09,5.19
2018-05-15,732,6.17,6.27
2018-05-15,733,6.82,7.02
2018-05-15,734,7.22,7.42
2018-05-15,735,8,9
2018-05-15,736,8,8.5
2018-05-15,737,3.4,3.8
2018-05-15,738,3.5,3.9
2018-05-30,7,270,272
2018-05-30,9,197,198
2018-05-30,10,199,200
2018-05-30,12,200,202
2018-05-30,14,180,181
2018-05-30,15,190,191
2018-05-30,16,182,183
2018-05-30,21,197,199
2018-05-30,22,194,195
2018-05-30,23,400,405
2018-05-30,24,394,399
2018-05-30,25,249,251
2018-05-30,26,244,247
2018-05-30,27,465,466
2018-05-30,28,461,463
2018-05-30,29,447,448
2018-05-30,30,176,178
2018-05-30,31,180,182
2018-05-30,32,148,150
2018-05-30,33,184,186
2018-05-30,34,155,157
2018-05-30,35,195,197
2018-05-30,36,166,168
2018-05-30,37,154,155
2018-05-30,38,154,155
2018-05-30,39,275,276
2018-05-30,40,164,165
2018-05-30,43,174,175
2018-05-30,47,209,210
2018-05-30,48,125,135
2018-05-30,50,270,340
2018-05-30,51,330,380
2018-05-30,53,790,830
2018-05-30,54,890,940
2018-05-30,55,285,325
2018-05-30,56,220,230
2018-05-30,58,115,120
2018-05-30,61,95,105
2018-05-30,65,100,110
2018-05-30,71,125,130
2018-05-30,73,373,375
2018-05-30,75,370,371
2018-05-30,76,395,400
2018-05-30,77,393,395
2018-05-30,81,305,315
2018-05-30,83,715,720
2018-05-30,84,755,760
2018-05-30,85,670,675
2018-05-30,86,640,645
2018-05-30,87,685,690
2018-05-30,88,660,665
2018-05-30,89,1300,1310
2018-05-30,90,850,870
2018-05-30,91,900,920
2018-05-30,92,785,790
2018-05-30,94,765,770
2018-05-30,95,750,755
2018-05-30,101,11.5,12.5
2018-05-30,102,12,13
2018-05-30,103,4,4.7
2018-05-30,104,2.9,3
2018-05-30,105,3.1,3.2
2018-05-30,106,2.55,2.6
2018-05-30,107,2.13,2.15
2018-05-30,108,274,276
2018-05-30,109,243,245
2018-05-30,110,353,388
2018-05-30,114,242,245
2018-05-30,115,180,182
2018-05-30,117,450,453
2018-05-30,118,429,431
2018-05-30,120,428,430
2018-05-30,121,510,511
2018-05-30,122,438,439
2018-05-30,124,437,438
2018-05-30,131,1570,1575
2018-05-30,132,490,495
2018-05-30,133,470,475
2018-05-30,134,545,550
2018-05-30,176,5,6
2018-05-30,177,10,11
2018-05-30,181,4.4,4.45
2018-05-30,182,4.65,4.7
2018-05-30,183,4.6,4.75
2018-05-30,184,5.4,5.6
2018-05-30,185,6.5,6.6
2018-05-30,186,8.3,8.6
2018-05-30,187,330,340
2018-05-30,188,320,330
2018-05-30,189,75,85
2018-05-30,190,2900,3000
2018-05-30,191,5.62,5.62
2018-05-30,192,3.88,3.88
2018-05-30,193,3.47,3.47
2018-05-30,194,2.94,2.94
2018-05-30,195,2.64,2.64
2018-05-30,196,2.12,2.12
2018-05-30,197,1.29,1.29
2018-05-30,198,1.38,1.38
2018-05-30,199,1.31,1.31
2018-05-30,209,0.7,0.8
2018-05-30,213,0.35,0.45
2018-05-30,221,2,2.2
2018-05-30,224,2,2.3
2018-05-30,225,1.3,1.5
2018-05-30,229,0.5,0.55
2018-05-30,232,0.6,0.7
2018-05-30,242,0.7,0.75
2018-05-30,246,0.55,0.6
2018-05-30,252,2.2,2.4
2018-05-30,255,0.65,0.75
2018-05-30,258,0.5,0.55
2018-05-30,260,1.5,2
2018-05-30,272,1.5,2
2018-05-30,277,1,1.5
2018-05-30,328,0.3,0.36
2018-05-30,329,0.06,0.08
2018-05-30,331,0.14,0.18
2018-05-30,333,2.5,2.54
2018-05-30,335,2.51,2.55
2018-05-30,341,2.7,2.74
2018-05-30,342,3,3.04
2018-05-30,344,13.6,13.6
2018-05-30,345,11.3,11.3
2018-05-30,346,10.3,10.3
2018-05-30,347,8.7,8.7
2018-05-30,350,2.3,2.4
2018-05-30,351,2.25,2.35
2018-05-30,352,4.2,4.3
2018-05-30,353,4.9,5
2018-05-30,356,1.6,1.7
2018-05-30,357,1.6,1.7
2018-05-30,358,3.88,3.98
2018-05-30,361,4.3,4.4
2018-05-30,362,5.2,5.3
2018-05-30,363,5.05,5.15
2018-05-30,364,2.2,2.3
2018-05-30,365,1.5,1.6
2018-05-30,366,5.3,5.4
2018-05-30,367,2.5,2.6
2018-05-30,368,1.3,1.4
2018-05-30,369,5.3,5.4
2018-05-30,370,2.4,2.5
2018-05-30,371,1.3,1.4
2018-05-30,372,4,4.1
2018-05-30,672,295,297
2018-05-30,674,1.16,1.18
2018-05-30,675,1.37,1.39
2018-05-30,676,2.25,2.35
2018-05-30,677,1.6,1.7
2018-05-30,678,2.2,2.3
2018-05-30,679,8,8.5
2018-05-30,680,8,9
2018-05-30,683,3.5,3.9
2018-05-30,684,3.6,4
2018-05-30,688,1.2,1.25
2018-05-30,689,1.25,1.35
2018-05-30,690,1.4,1.45
2018-05-30,691,2.3,2.6
2018-05-30,692,2.3,2.65
2018-05-30,693,2.6,2.8
2018-05-30,694,2.6,2.9
2018-05-30,695,7.3,7.8
2018-05-30,696,1,1.1
2018-05-30,698,0.8,0.9
2018-05-30,699,0.9,0.95
2018-05-30,700,1.4,1.5
2018-05-30,701,1.2,1.4
2018-05-30,703,1.5,1.55
2018-05-30,704,3.2,3.5
2018-05-30,705,7.5,8.2
2018-05-30,706,1.3,1.5
2018-05-30,707,7,7.7
2018-05-30,708,1.1,1.2
2018-05-30,710,7,7.7
2018-05-30,711,7.5,8.2
2018-05-30,712,1.1,1.2
2018-05-30,715,6.7,7.2
2018-05-30,716,16.5,16.5
2018-05-30,717,14.1,14.1
2018-05-30,718,13.2,13.2
2018-05-30,719,10.8,10.8
2018-05-30,729,0.9,1
2018-05-30,731,5.15,5.25
2018-05-30,732,6.2,6.3
2018-05-30,733,6.82,7.02
2018-05-30,734,7.22,7.42
2018-05-30,735,8,9
2018-05-30,736,8,8.5
2018-05-30,737,3.4,3.8
2018-05-30,738,3.5,3.9
2018-06-15,7,270.5,272.5
2018-06-15,8,268,270
2018-06-15,9,198,199
2018-06-15,10,200,201
2018-06-15,12,200,202
2018-06-15,14,181,182
2018-06-15,15,189.5,190.5
2018-06-15,16,181,182
2018-06-15,22,194.5,195.5
2018-06-15,23,400,405
2018-06-15,24,394,399
2018-06-15,25,249,251
2018-06-15,26,244,247
2018-06-15,27,465,466
2018-06-15,28,461,463
2018-06-15,29,447,448
2018-06-15,30,175,177
2018-06-15,31,179,181
2018-06-15,32,147,149
2018-06-15,33,183,185
2018-06-15,34,154,156
2018-06-15,35,195,197
2018-06-15,36,166,168
2018-06-15,37,150.5,151.5
2018-06-15,38,150.5,151.5
2018-06-15,39,275,276
2018-06-15,40,164,165
2018-06-15,43,176,177
2018-06-15,47,207,208
2018-06-15,48,125,135
2018-06-15,50,270,340
2018-06-15,51,330,380
2018-06-15,53,790,830
2018-06-15,54,890,940
2018-06-15,55,295,335
2018-06-15,56,220,230
2018-06-15,58,120,125
2018-06-15,61,95,105
2018-06-15,65,100,110
2018-06-15,73,367,369
2018-06-15,75,360,361
2018-06-15,76,389.5,392.5
2018-06-15,77,387.5,389.5
2018-06-15,81,302.5,312.5
2018-06-15,83,712.5,717.5
2018-06-15,84,752.5,757.5
2018-06-15,85,670,675
2018-06-15,86,650,655
2018-06-15,87,685,690
2018-06-15,88,640,645
2018-06-15,89,1305,1315
2018-06-15,90,847.5,867.5
2018-06-15,91,897.5,917.5
2018-06-15,92,785,790
2018-06-15,94,762.5,767.5
2018-06-15,95,725,730
2018-06-15,101,11.5,12.5
2018-06-15,102,12,13
2018-06-15,103,4,4.7
2018-06-15,104,2.8,3
2018-06-15,105,3.1,3.2
2018-06-15,106,2.45,2.5
2018-06-15,107,1.93,1.95
2018-06-15,108,274,276
2018-06-15,109,243,245
2018-06-15,110,355.5,390.5
2018-06-15,114,237.5,240.5
2018-06-15,115,182.5,184.5
2018-06-15,117,432.5,435.5
2018-06-15,118,389,391
2018-06-15,120,390,392
2018-06-15,121,492.5,493.5
2018-06-15,122,398,399
2018-06-15,124,397,398
2018-06-15,131,1540,1545
2018-06-15,132,485,490
2018-06-15,133,465,470
2018-06-15,134,540,545
2018-06-15,176,5,6
2018-06-15,177,10.5,11.5
2018-06-15,181,4.4,4.45
2018-06-15,182,4.65,4.7
2018-06-15,183,4.7,4.85
2018-06-15,184,5.5,5.7
2018-06-15,185,6.6,6.7
2018-06-15,186,8.4,8.7
2018-06-15,187,370,380
2018-06-15,188,357.5,367.5
2018-06-15,189,100,110
2018-06-15,190,2875,2975
2018-06-15,209,0.7,0.8
2018-06-15,211,0.3,0.35
2018-06-15,213,0.2,0.28
2018-06-15,221,1.25,1.4
2018-06-15,224,1.8,2
2018-06-15,225,1.3,1.5
2018-06-15,229,0.53,0.6
2018-06-15,232,0.38,0.47
2018-06-15,242,0.53,0.62
2018-06-15,243,0.45,0.55
2018-06-15,246,0.55,0.6
2018-06-15,252,2.45,2.6
2018-06-15,255,0.65,0.75
2018-06-15,258,0.28,0.38
2018-06-15,260,1.5,2
2018-06-15,266,1.2,1.3
2018-06-15,272,1,1.5
2018-06-15,273,1.5,2
2018-06-15,274,1.3,1.5
2018-06-15,286,0.35,0.43
2018-06-15,328,0.3,0.36
2018-06-15,329,0.06,0.08
2018-06-15,331,0.14,0.18
2018-06-15,333,2.47,2.51
2018-06-15,335,2.52,2.56
2018-06-15,341,2.7,2.74
2018-06-15,342,3,3.04
2018-06-15,344,13.53,13.53
2018-06-15,345,11.27,11.27
2018-06-15,346,10.27,10.27
2018-06-15,347,8.67,8.67
2018-06-15,350,2.3,2.4
2018-06-15,351,2.25,2.35
2018-06-15,352,4.2,4.3
2018-06-15,353,4.9,5
2018-06-15,356,1.6,1.7
2018-06-15,357,1.6,1.7
2018-06-15,358,3.9,4
2018-06-15,361,4.23,4.33
2018-06-15,362,5.13,5.23
2018-06-15,363,5.1,5.2
2018-06-15,364,2.2,2.3
2018-06-15,365,1.5,1.6
2018-06-15,366,5.47,5.57
2018-06-15,367,2.5,2.6
2018-06-15,368,1.3,1.4
2018-06-15,369,5.47,5.57
2018-06-15,370,2.4,2.5
2018-06-15,371,1.3,1.4
2018-06-15,372,3.83,3.93
2018-06-15,674,1.16,1.18
2018-06-15,675,1.37,1.39
2018-06-15,676,2.25,2.35
2018-06-15,677,1.6,1.7
2018-06-15,678,2.2,2.3
2018-06-15,679,8,8.5
2018-06-15,680,8,9
2018-06-15,683,3.5,3.9
2018-06-15,684,3.6,4
2018-06-15,688,1.2,1.25
2018-06-15,689,1.25,1.35
2018-06-15,690,1.4,1.45
2018-06-15,691,2.3,2.6
2018-06-15,692,2.3,2.65
2018-06-15,693,2.6,2.8
2018-06-15,694,2.6,2.9
2018-06-15,695,7.3,7.8
2018-06-15,696,1,1.1
2018-06-15,698,0.8,0.9
2018-06-15,699,0.9,0.95
2018-06-15,700,1.35,1.5
2018-06-15,701,1.2,1.4
2018-06-15,703,1.5,1.55
2018-06-15,704,3,3.3
2018-06-15,705,7.5,8.2
2018-06-15,706,1.3,1.5
2018-06-15,707,6.75,7.6
2018-06-15,708,1.1,1.2
2018-06-15,710,7,7.7
2018-06-15,711,7.5,8.2
2018-06-15,712,1.1,1.2
2018-06-15,715,6.7,7.2
2018-06-15,716,16.43,16.43
2018-06-15,717,14.07,14.07
2018-06-15,718,13.17,13.17
2018-06-15,719,10.77,10.77
2018-06-15,729,0.9,1
2018-06-15,731,5.15,5.25
2018-06-15,732,6.2,6.3
2018-06-15,733,6.85,7.05
2018-06-15,734,7.25,7.45
2018-06-15,735,8,9
2018-06-15,736,8,8.5
2018-06-15,737,3.4,3.8
2018-06-15,738,3.5,3.9
2018-06-30,5,170,173
2018-06-30,6,163,168
2018-06-30,7,263,265
2018-06-30,8,263,265
2018-06-30,12,200,202
2018-06-30,14,180,181
2018-06-30,15,188,189
2018-06-30,16,178.5,180
2018-06-30,18,150,155
2018-06-30,19,160,164
2018-06-30,20,166,169
2018-06-30,21,173,175
2018-06-30,23,400,405
2018-06-30,24,394,399
2018-06-30,25,249,251
2018-06-30,26,244,247
2018-06-30,27,465,466
2018-06-30,28,461,463
2018-06-30,29,447,448
2018-06-30,30,153.5,155.5
2018-06-30,31,157.5,159.5
2018-06-30,32,125.5,127.5
2018-06-30,33,163,165
2018-06-30,34,134,136
2018-06-30,35,183.5,185.5
2018-06-30,36,154.5,156.5
2018-06-30,37,128.5,129.5
2018-06-30,38,128.5,129.5
2018-06-30,39,275,276
2018-06-30,40,164,165
2018-06-30,43,177,178
2018-06-30,47,206,207
2018-06-30,48,125,135
2018-06-30,50,270,340
2018-06-30,51,330,380
2018-06-30,53,790,830
2018-06-30,54,890,940
2018-06-30,55,300,340
2018-06-30,56,215,225
2018-06-30,58,125,130
2018-06-30,61,95,105
2018-06-30,63,135,140
2018-06-30,65,107.5,117.5
2018-06-30,67,140,145
2018-06-30,69,55,60
2018-06-30,71,75,80
2018-06-30,73,350,352
2018-06-30,75,340,341
2018-06-30,76,375,378
2018-06-30,77,367.5,369.5
2018-06-30,80,328,330
2018-06-30,81,300,307.5
2018-06-30,83,710,715
2018-06-30,84,750,755
2018-06-30,85,670,675
2018-06-30,86,645,650
2018-06-30,87,670,675
2018-06-30,88,630,635
2018-06-30,89,1310,1320
2018-06-30,90,845,865
2018-06-30,91,895,915
2018-06-30,92,785,790
2018-06-30,94,750,755
2018-06-30,95,705,710
2018-06-30,101,11.5,12.5
2018-06-30,102,12,13
2018-06-30,103,4,4.7
2018-06-30,104,2.8,3
2018-06-30,105,3.1,3.2
2018-06-30,106,2.45,2.5
2018-06-30,107,1.88,1.9
2018-06-30,108,274,276
2018-06-30,109,243,245
2018-06-30,110,358,393
2018-06-30,114,232.5,235.5
2018-06-30,115,185,187
2018-06-30,117,407.5,410.5
2018-06-30,118,356.5,358.5
2018-06-30,120,359,361
2018-06-30,121,467.5,468.5
2018-06-30,122,366.5,367.5
2018-06-30,124,363.5,364.5
2018-06-30,131,1520,1525
2018-06-30,132,485,490
2018-06-30,133,465,470
2018-06-30,134,540,545
2018-06-30,176,5,6
2018-06-30,177,11,12
2018-06-30,181,4.4,4.45
2018-06-30,182,4.65,4.7
2018-06-30,183,4.7,4.85
2018-06-30,184,5.5,5.7
2018-06-30,185,6.6,6.7
2018-06-30,186,8.4,8.7
2018-06-30,187,390,400
2018-06-30,188,380,390
2018-06-30,189,120,130
2018-06-30,190,2775,2875
2018-06-30,209,0.35,0.45
2018-06-30,211,0.28,0.35
2018-06-30,213,0.27,0.32
2018-06-30,219,1.1,1.2
2018-06-30,221,1,1.2
2018-06-30,224,1.5,1.7
2018-06-30,225,1.3,1.5
2018-06-30,229,0.6,0.7
2018-06-30,232,0.32,0.43
2018-06-30,238,0.38,0.45
2018-06-30,242,0.4,0.5
2018-06-30,243,0.38,0.45
2018-06-30,245,0.45,0.55
2018-06-30,252,2.4,2.5
2018-06-30,255,0.65,0.75
2018-06-30,258,0.25,0.35
2018-06-30,260,1.5,2
2018-06-30,267,0.55,0.65
2018-06-30,273,1.6,1.85
2018-06-30,274,1.4,1.6
2018-06-30,286,0.2,0.3
2018-06-30,328,0.26,0.32
2018-06-30,329,0.04,0.06
2018-06-30,331,0.11,0.15
2018-06-30,333,2.4,2.44
2018-06-30,335,2.45,2.49
2018-06-30,341,2.7,2.74
2018-06-30,342,3,3.04
2018-06-30,344,13.35,13.35
2018-06-30,345,11.15,11.15
2018-06-30,346,10.15,10.15
2018-06-30,347,8.55,8.55
2018-06-30,350,2.2,2.3
2018-06-30,351,2.1,2.2
2018-06-30,352,4.2,4.3
2018-06-30,353,4.9,5
2018-06-30,356,1.5,1.6
2018-06-30,357,1.5,1.6
2018-06-30,358,3.75,3.85
2018-06-30,361,4.1,4.2
2018-06-30,362,5,5.1
2018-06-30,363,5.1,5.2
2018-06-30,364,1.8,1.9
2018-06-30,365,1.5,1.6
2018-06-30,366,5.5,5.6
2018-06-30,367,2.3,2.4
2018-06-30,368,1.3,1.4
2018-06-30,369,5.5,5.6
2018-06-30,370,2.2,2.3
2018-06-30,371,1.3,1.4
2018-06-30,372,3.62,3.72
2018-06-30,674,1.03,1.05
2018-06-30,675,1.37,1.39
2018-06-30,676,2.1,2.2
2018-06-30,677,1.5,1.6
2018-06-30,678,2.2,2.3
2018-06-30,679,8,8.5
2018-06-30,680,8,9
2018-06-30,683,3.5,3.9
2018-06-30,684,3.6,4
2018-06-30,688,1.2,1.25
2018-06-30,689,1.25,1.35
2018-06-30,690,1.4,1.45
2018-06-30,691,2.3,2.6
2018-06-30,692,2.3,2.65
2018-06-30,693,2.6,2.8
2018-06-30,694,2.6,2.9
2018-06-30,695,7.3,7.8
2018-06-30,696,1,1.1
2018-06-30,698,0.8,0.9
2018-06-30,699,0.9,0.95
2018-06-30,700,1.3,1.5
2018-06-30,701,1.2,1.4
2018-06-30,704,3,3.3
2018-06-30,705,7.5,8.2
2018-06-30,706,1.3,1.5
2018-06-30,707,6.5,7.5
2018-06-30,708,1.1,1.2
2018-06-30,710,7,7.7
2018-06-30,711,7.5,8.2
2018-06-30,715,6.7,7.2
2018-06-30,716,16.25,16.25
2018-06-30,717,13.95,13.95
2018-06-30,718,13.05,13.05
2018-06-30,719,10.65,10.65
2018-06-30,729,0.9,1
2018-06-30,731,5.15,5.25
2018-06-30,732,6.2,6.3
2018-06-30,733,6.85,7.05
2018-06-30,734,7.25,7.45
2018-06-30,735,8,9
2018-06-30,736,8,8.5
2018-06-30,737,3.4,3.8
2018-06-30,738,3.5,3.9
2018-07-15,4,177,180
2018-07-15,5,172.5,175.5
2018-07-15,6,167.5,171.5
2018-07-15,7,252,254
2018-07-15,8,252,254
2018-07-15,12,198,200
2018-07-15,14,178.5,179.5
2018-07-15,15,184.5,185.5
2018-07-15,16,177.5,179.5
2018-07-15,18,153.5,158.5
2018-07-15,19,163.5,167.5
2018-07-15,20,172.5,175.5
2018-07-15,21,179,181
2018-07-15,23,400,405
2018-07-15,24,394,399
2018-07-15,25,249,251
2018-07-15,26,244,247
2018-07-15,27,465,466
2018-07-15,28,461,463
2018-07-15,29,447,448
2018-07-15,30,136,138
2018-07-15,31,140,142
2018-07-15,32,108,110
2018-07-15,33,147,149
2018-07-15,34,118,120
2018-07-15,35,177,179
2018-07-15,36,148,150
2018-07-15,37,118,119
2018-07-15,38,118,119
2018-07-15,39,275,276
2018-07-15,40,164,165
2018-07-15,47,206,207
2018-07-15,48,125,135
2018-07-15,50,270,340
2018-07-15,51,330,380
2018-07-15,53,790,830
2018-07-15,54,890,940
2018-07-15,55,305,345
2018-07-15,56,212.5,222.5
2018-07-15,58,125,130
2018-07-15,63,135,140
2018-07-15,65,112.5,122.5
2018-07-15,67,142.5,147.5
2018-07-15,69,55,60
2018-07-15,71,75,80
2018-07-15,73,341,343
2018-07-15,75,336,337
2018-07-15,76,370,373
2018-07-15,77,363,365
2018-07-15,80,328,330
2018-07-15,81,302.5,310
2018-07-15,83,710,715
2018-07-15,84,750,755
2018-07-15,85,670,675
2018-07-15,86,625,630
2018-07-15,87,677.5,682.5
2018-07-15,88,637.5,642.5
2018-07-15,89,1310,1320
2018-07-15,90,845,865
2018-07-15,91,895,915
2018-07-15,92,785,790
2018-07-15,94,757.5,762.5
2018-07-15,95,712.5,717.5
2018-07-15,101,11.5,12.5
2018-07-15,102,12,13
2018-07-15,103,4,4.7
2018-07-15,104,2.8,3
2018-07-15,105,3.1,3.2
2018-07-15,106,2.45,2.5
2018-07-15,107,1.88,1.9
2018-07-15,108,274,276
2018-07-15,109,243,245
2018-07-15,110,358,393
2018-07-15,111,255,260
2018-07-15,112,260,265
2018-07-15,114,235,239
2018-07-15,115,185,187
2018-07-15,117,400,403
2018-07-15,118,349,351
2018-07-15,120,352,354
2018-07-15,121,460,461
2018-07-15,122,362,363
2018-07-15,124,360,361
2018-07-15,126,215,220
2018-07-15,127,195,200
2018-07-15,128,180,185
2018-07-15,129,135,140
2018-07-15,130,125,127
2018-07-15,131,1510,1515
2018-07-15,132,482.5,487.5
2018-07-15,133,462.5,467.5
2018-07-15,134,537.5,542.5
2018-07-15,176,5,6
2018-07-15,177,10,11
2018-07-15,181,4.4,4.45
2018-07-15,182,4.65,4.7
2018-07-15,183,4.7,4.85
2018-07-15,184,5.5,5.7
2018-07-15,185,6.6,6.7
2018-07-15,186,8.4,8.7
2018-07-15,187,380,392.5
2018-07-15,188,367.5,377.5
2018-07-15,189,112.5,122.5
2018-07-15,190,2550,2650
2018-07-15,209,0.3,0.4
2018-07-15,211,0.28,0.38
2018-07-15,213,0.25,0.3
2018-07-15,219,1,1.1
2018-07-15,220,0.45,0.5
2018-07-15,221,1.25,1.5
2018-07-15,224,1.4,1.6
2018-07-15,225,1.3,1.5
2018-07-15,229,0.85,1
2018-07-15,232,0.32,0.43
2018-07-15,236,0.8,0.95
2018-07-15,237,0.8,0.95
2018-07-15,238,0.35,0.4
2018-07-15,239,1.3,1.4
2018-07-15,240,1.4,1.6
2018-07-15,241,0.35,0.45
2018-07-15,242,0.45,0.55
2018-07-15,243,0.3,0.33
2018-07-15,245,0.4,0.5
2018-07-15,252,2.5,2.9
2018-07-15,258,0.25,0.35
2018-07-15,260,1.5,2
2018-07-15,267,0.5,0.7
2018-07-15,273,1.5,1.8
2018-07-15,274,1.5,1.7
2018-07-15,286,0.2,0.3
2018-07-15,289,0.4,0.45
2018-07-15,292,0.3,0.35
2018-07-15,293,0.38,0.43
2018-07-15,294,0.47,0.53
2018-07-15,295,0.5,0.55
2018-07-15,312,0.25,0.3
2018-07-15,313,0.3,0.4
2018-07-15,314,0.4,0.45
2018-07-15,328,0.25,0.31
2018-07-15,329,0.04,0.06
2018-07-15,331,0.11,0.15
2018-07-15,333,2.35,2.39
2018-07-15,335,2.25,2.29
2018-07-15,341,2.65,2.69
2018-07-15,342,2.95,2.99
2018-07-15,344,13.2,13.2
2018-07-15,345,11,11
2018-07-15,346,10,10
2018-07-15,347,8.4,8.4
2018-07-15,350,2,2.1
2018-07-15,351,1.8,1.9
2018-07-15,352,4.1,4.2
2018-07-15,353,4.8,4.9
2018-07-15,356,1.5,1.6
2018-07-15,357,1.5,1.6
2018-07-15,358,3.45,3.55
2018-07-15,361,4,4.1
2018-07-15,362,4.9,5
2018-07-15,363,5,5.1
2018-07-15,364,1.5,1.6
2018-07-15,365,1.5,1.6
2018-07-15,366,5.5,5.6
2018-07-15,367,2.3,2.4
2018-07-15,368,1.3,1.4
2018-07-15,369,5.5,5.6
2018-07-15,370,2.2,2.3
2018-07-15,371,1.3,1.4
2018-07-15,372,3.55,3.65
2018-07-15,674,0.9,0.92
2018-07-15,675,1.37,1.39
2018-07-15,676,1.8,1.9
2018-07-15,677,1.5,1.6
2018-07-15,678,2.2,2.3
2018-07-15,679,8,8.5
2018-07-15,680,8,9
2018-07-15,683,3.5,3.9
2018-07-15,684,3.6,4
2018-07-15,688,1.2,1.25
2018-07-15,689,1.25,1.35
2018-07-15,690,1.4,1.45
2018-07-15,691,2.3,2.6
2018-07-15,692,2.3,2.65
2018-07-15,693,2.6,2.8
2018-07-15,694,2.6,2.9
2018-07-15,695,7.3,7.8
2018-07-15,696,1,1.1
2018-07-15,698,0.8,0.9
2018-07-15,699,0.9,0.95
2018-07-15,700,1.3,1.5
2018-07-15,701,1.2,1.4
2018-07-15,704,3,3.3
2018-07-15,705,7.5,8.2
2018-07-15,706,1.3,1.5
2018-07-15,707,6.5,7.5
2018-07-15,708,1.1,1.2
2018-07-15,710,7,7.7
2018-07-15,711,7.5,8.2
2018-07-15,715,6.7,7.2
2018-07-15,716,16.1,16.1
2018-07-15,717,13.8,13.8
2018-07-15,718,12.9,12.9
2018-07-15,719,10.5,10.5
2018-07-15,729,0.9,1
2018-07-15,731,5.12,5.22
2018-07-15,732,6.18,6.28
2018-07-15,733,6.82,7.03
2018-07-15,734,7.22,7.43
2018-07-15,735,8,9
2018-07-15,736,8,8.5
2018-07-15,737,3.4,3.8
2018-07-15,738,3.5,3.9
2018-07-30,4,185,187.33
2018-07-30,5,178,180.67
2018-07-30,6,173.33,175.67
2018-07-30,7,257,259
2018-07-30,8,257,259
2018-07-30,10,195.5,197.5
2018-07-30,12,196,198
2018-07-30,14,177.67,178.67
2018-07-30,15,184,185
2018-07-30,16,178.67,180.67
2018-07-30,18,157,162
2018-07-30,19,171.33,174.67
2018-07-30,20,182,184.5
2018-07-30,21,190.33,192.33
2018-07-30,23,405,410
2018-07-30,24,399,404
2018-07-30,25,252.33,254.33
2018-07-30,26,247.33,250.33
2018-07-30,27,465,466
2018-07-30,28,461,463
2018-07-30,29,447,448
2018-07-30,30,138.67,140.67
2018-07-30,31,142.67,144.67
2018-07-30,32,110.67,112.67
2018-07-30,33,149.67,151.67
2018-07-30,34,120.67,122.67
2018-07-30,35,183.67,185.67
2018-07-30,36,154.67,156.67
2018-07-30,37,119.67,120.67
2018-07-30,38,119.67,120.67
2018-07-30,39,277.67,278.67
2018-07-30,40,164.67,165.67
2018-07-30,47,204.67,205.67
2018-07-30,48,125,135
2018-07-30,50,270,340
2018-07-30,51,330,380
2018-07-30,53,790,830
2018-07-30,54,890,940
2018-07-30,55,323.33,363.33
2018-07-30,56,211.67,221.67
2018-07-30,58,125,130
2018-07-30,63,138.33,143.33
2018-07-30,65,115,125
2018-07-30,67,145,150
2018-07-30,71,75,80
2018-07-30,73,337.67,339.67
2018-07-30,75,329.33,330.33
2018-07-30,76,365.67,368.67
2018-07-30,77,358,360
2018-07-30,81,310,315
2018-07-30,83,688.33,693.33
2018-07-30,84,728.33,733.33
2018-07-30,85,665,670
2018-07-30,86,605,610
2018-07-30,87,668.33,673.33
2018-07-30,88,645,650
2018-07-30,89,1310,1320
2018-07-30,90,823.33,843.33
2018-07-30,91,873.33,893.33
2018-07-30,92,775,780
2018-07-30,94,746.67,751.67
2018-07-30,95,718.33,723.33
2018-07-30,101,11.5,12.5
2018-07-30,102,12,13
2018-07-30,103,4.2,4.8
2018-07-30,104,2.87,3.07
2018-07-30,105,3.2,3.3
2018-07-30,106,2.58,2.63
2018-07-30,107,1.88,1.9
2018-07-30,108,274,276
2018-07-30,109,243.67,245.67
2018-07-30,110,355,390
2018-07-30,111,256.67,261.67
2018-07-30,114,239.33,241.33
2018-07-30,115,186.67,191.67
2018-07-30,117,396,399
2018-07-30,118,349.67,351.67
2018-07-30,120,351,353
2018-07-30,121,456.33,457.33
2018-07-30,122,360.33,361.33
2018-07-30,124,360.67,361.67
2018-07-30,126,220,225
2018-07-30,127,200,205
2018-07-30,128,185,190
2018-07-30,129,135,140
2018-07-30,130,125,127
2018-07-30,131,1496.67,1501.67
2018-07-30,132,478.67,483.67
2018-07-30,133,458.67,463.67
2018-07-30,134,538.33,543.33
2018-07-30,176,5,6
2018-07-30,177,10.5,11.5
2018-07-30,181,4.4,4.45
2018-07-30,182,4.65,4.7
2018-07-30,183,4.7,4.85
2018-07-30,184,5.5,5.7
2018-07-30,185,6.6,6.7
2018-07-30,186,8.4,8.7
2018-07-30,187,376.67,388.33
2018-07-30,188,361.67,375
2018-07-30,189,113.33,123.33
2018-07-30,190,2516.67,2616.67
2018-07-30,211,0.35,0.45
2018-07-30,213,0.25,0.3
2018-07-30,220,0.4,0.45
2018-07-30,221,1.3,1.47
2018-07-30,222,4,4.5
2018-07-30,224,1.6,1.8
2018-07-30,225,1.3,1.5
2018-07-30,229,0.88,1.03
2018-07-30,232,0.22,0.3
2018-07-30,236,0.42,0.5
2018-07-30,237,0.42,0.5
2018-07-30,238,0.42,0.52
2018-07-30,239,1.27,1.37
2018-07-30,240,1.37,1.53
2018-07-30,241,0.3,0.4
2018-07-30,242,0.47,0.57
2018-07-30,243,0.3,0.32
2018-07-30,245,0.4,0.5
2018-07-30,252,2.8,3.07
2018-07-30,256,0.35,0.43
2018-07-30,258,0.35,0.42
2018-07-30,260,1.7,2.17
2018-07-30,267,0.77,0.9
2018-07-30,286,0.2,0.3
2018-07-30,289,0.4,0.45
2018-07-30,292,0.3,0.35
2018-07-30,293,0.35,0.4
2018-07-30,294,0.4,0.5
2018-07-30,295,0.5,0.55
2018-07-30,296,0.6,0.7
2018-07-30,298,0.63,0.73
2018-07-30,309,0.4,0.45
2018-07-30,310,0.57,0.67
2018-07-30,312,0.25,0.3
2018-07-30,313,0.3,0.35
2018-07-30,314,0.35,0.4
2018-07-30,315,0.4,0.45
2018-07-30,316,0.5,0.55
2018-07-30,328,0.25,0.31
2018-07-30,329,0.04,0.06
2018-07-30,331,0.11,0.15
2018-07-30,333,2.35,2.39
2018-07-30,335,2.25,2.29
2018-07-30,341,2.65,2.69
2018-07-30,342,2.95,2.99
2018-07-30,344,13.2,13.2
2018-07-30,345,11,11
2018-07-30,346,10,10
2018-07-30,347,8.4,8.4
2018-07-30,350,2.05,2.15
2018-07-30,351,1.85,1.95
2018-07-30,352,4.1,4.2
2018-07-30,353,4.8,4.9
2018-07-30,356,1.5,1.6
2018-07-30,357,1.5,1.6
2018-07-30,358,3.45,3.55
2018-07-30,361,4,4.1
2018-07-30,362,4.9,5
2018-07-30,363,5.05,5.15
2018-07-30,364,1.52,1.62
2018-07-30,365,1.5,1.6
2018-07-30,366,5.55,5.65
2018-07-30,367,2.3,2.4
2018-07-30,368,1.3,1.4
2018-07-30,369,5.55,5.65
2018-07-30,370,2.2,2.3
2018-07-30,371,1.3,1.4
2018-07-30,372,3.58,3.67
2018-07-30,672,252,255
2018-07-30,674,0.93,0.95
2018-07-30,675,1.37,1.39
2018-07-30,676,1.85,1.95
2018-07-30,677,1.5,1.6
2018-07-30,678,2.2,2.3
2018-07-30,679,8,8.5
2018-07-30,680,8,9
2018-07-30,683,3.5,3.9
2018-07-30,684,3.6,4
2018-07-30,688,1.2,1.25
2018-07-30,689,1.25,1.35
2018-07-30,690,1.4,1.45
2018-07-30,691,2.3,2.6
2018-07-30,692,2.3,2.65
2018-07-30,693,2.6,2.8
2018-07-30,694,2.6,2.9
2018-07-30,695,7.3,7.8
2018-07-30,696,1,1.1
2018-07-30,698,0.8,0.9
2018-07-30,699,0.9,0.95
2018-07-30,700,1.3,1.5
2018-07-30,701,1.2,1.4
2018-07-30,704,3,3.3
2018-07-30,705,7.5,8.2
2018-07-30,706,1.3,1.5
2018-07-30,707,6.5,7.5
2018-07-30,708,1.1,1.2
2018-07-30,710,7,7.7
2018-07-30,711,7.5,8.2
2018-07-30,715,6.7,7.2
2018-07-30,716,16.1,16.1
2018-07-30,717,13.8,13.8
2018-07-30,718,12.9,12.9
2018-07-30,719,10.5,10.5
2018-07-30,729,0.9,1
2018-07-30,731,5.02,5.12
2018-07-30,732,6.07,6.17
2018-07-30,733,6.72,6.92
2018-07-30,734,7.12,7.32
2018-07-30,735,8,9
2018-07-30,736,8,8.5
2018-07-30,737,3.4,3.8
2018-07-30,738,3.5,3.9
2018-08-15,4,198,200
2018-08-15,5,191,193
2018-08-15,6,185,187
2018-08-15,7,279,281
2018-08-15,8,279,281
2018-08-15,10,208,210
2018-08-15,12,196,198
2018-08-15,14,185,186
2018-08-15,15,194,195
2018-08-15,16,190,192
2018-08-15,19,187,190
2018-08-15,21,208,210
2018-08-15,23,425,430
2018-08-15,24,419,424
2018-08-15,25,269,271
2018-08-15,26,264,267
2018-08-15,27,465,466
2018-08-15,28,461,463
2018-08-15,29,447,448
2018-08-15,30,154,156
2018-08-15,31,158,160
2018-08-15,32,126,128
2018-08-15,33,165,167
2018-08-15,34,136,138
2018-08-15,35,198,200
2018-08-15,36,169,171
2018-08-15,37,130,131
2018-08-15,38,130,131
2018-08-15,39,285,286
2018-08-15,40,168,169
2018-08-15,47,198,199
2018-08-15,48,125,135
2018-08-15,50,270,340
2018-08-15,51,330,380
2018-08-15,53,790,830
2018-08-15,54,890,940
2018-08-15,55,340,380
2018-08-15,56,215,225
2018-08-15,58,125,130
2018-08-15,63,145,150
2018-08-15,67,150,155
2018-08-15,71,75,80
2018-08-15,73,345,347
2018-08-15,75,339,340
2018-08-15,76,365,368
2018-08-15,77,360,362
2018-08-15,81,310,315
2018-08-15,83,685,690
2018-08-15,84,725,730
2018-08-15,85,665,670
2018-08-15,86,605,610
2018-08-15,87,685,690
2018-08-15,88,665,670
2018-08-15,89,1320,1330
2018-08-15,90,820,840
2018-08-15,91,870,890
2018-08-15,92,795,800
2018-08-15,94,760,765
2018-08-15,95,735,740
2018-08-15,101,11.5,12.5
2018-08-15,102,12,13
2018-08-15,103,4.4,5
2018-08-15,104,3,3.2
2018-08-15,105,3.2,3.3
2018-08-15,106,2.65,2.7
2018-08-15,107,1.88,1.9
2018-08-15,108,274,276
2018-08-15,109,245,247
2018-08-15,110,355,390
2018-08-15,111,275,280
2018-08-15,114,248,250
2018-08-15,115,190,195
2018-08-15,117,398,401
2018-08-15,118,350,352
2018-08-15,120,350,352
2018-08-15,121,459,460
2018-08-15,122,360,361
2018-08-15,124,360,361
2018-08-15,126,225,230
2018-08-15,127,205,210
2018-08-15,128,190,195
2018-08-15,129,145,150
2018-08-15,130,135,137
2018-08-15,131,1510,1515
2018-08-15,132,487,492
2018-08-15,133,467,472
2018-08-15,134,550,555
2018-08-15,176,5,6
2018-08-15,177,10.5,11.5
2018-08-15,181,4.4,4.45
2018-08-15,182,4.65,4.7
2018-08-15,183,4.7,4.85
2018-08-15,184,5.5,5.7
2018-08-15,185,6.6,6.7
2018-08-15,186,8.4,8.7
2018-08-15,187,390,405
2018-08-15,188,375,390
2018-08-15,189,125,135
2018-08-15,190,2470,2570
2018-08-15,211,0.35,0.45
2018-08-15,213,0.28,0.35
2018-08-15,220,0.4,0.5
2018-08-15,221,1.5,1.6
2018-08-15,222,4,4.5
2018-08-15,224,2.8,3.5
2018-08-15,225,1.3,1.5
2018-08-15,229,1,1.1
2018-08-15,232,0.2,0.25
2018-08-15,236,0.5,0.55
2018-08-15,237,0.45,0.55
2018-08-15,238,0.5,0.55
2018-08-15,239,1.2,1.3
2018-08-15,240,1.3,1.4
2018-08-15,241,0.3,0.4
2018-08-15,242,0.45,0.55
2018-08-15,243,0.35,0.4
2018-08-15,245,0.5,0.6
2018-08-15,252,2.8,3.2
2018-08-15,256,0.3,0.4
2018-08-15,258,0.4,0.45
2018-08-15,260,2,2.5
2018-08-15,267,0.75,0.85
2018-08-15,286,0.2,0.3
2018-08-15,289,0.4,0.45
2018-08-15,290,0.45,0.55
2018-08-15,292,0.3,0.35
2018-08-15,293,0.35,0.4
2018-08-15,294,0.4,0.5
2018-08-15,295,0.5,0.55
2018-08-15,296,0.6,0.7
2018-08-15,298,0.6,0.7
2018-08-15,309,0.4,0.45
2018-08-15,310,0.55,0.65
2018-08-15,312,0.25,0.3
2018-08-15,313,0.3,0.35
2018-08-15,314,0.35,0.4
2018-08-15,315,0.4,0.5
2018-08-15,316,0.5,0.6
2018-08-15,323,0.55,0.65
2018-08-15,328,0.25,0.31
2018-08-15,329,0.06,0.08
2018-08-15,331,0.15,0.19
2018-08-15,333,2.35,2.39
2018-08-15,335,2.25,2.29
2018-08-15,341,2.65,2.69
2018-08-15,342,2.95,2.99
2018-08-15,344,13.2,13.2
2018-08-15,345,11,11
2018-08-15,346,10,10
2018-08-15,347,8.4,8.4
2018-08-15,350,2.15,2.25
2018-08-15,351,1.95,2.05
2018-08-15,352,4.1,4.2
2018-08-15,353,4.8,4.9
2018-08-15,356,1.5,1.6
2018-08-15,357,1.5,1.6
2018-08-15,358,3.45,3.55
2018-08-15,361,4,4.1
2018-08-15,362,4.9,5
2018-08-15,363,5.2,5.3
2018-08-15,364,1.55,1.65
2018-08-15,365,1.5,1.6
2018-08-15,366,5.6,5.7
2018-08-15,367,2.3,2.4
2018-08-15,368,1.3,1.4
2018-08-15,369,5.6,5.7
2018-08-15,370,2.2,2.3
2018-08-15,371,1.3,1.4
2018-08-15,372,3.7,3.8
2018-08-15,672,258,261
2018-08-15,674,0.96,0.98
2018-08-15,675,1.37,1.39
2018-08-15,676,1.95,2.05
2018-08-15,677,1.5,1.6
2018-08-15,678,2.2,2.3
2018-08-15,679,8,8.5
2018-08-15,680,8,9
2018-08-15,683,3.5,3.9
2018-08-15,684,3.6,4
2018-08-15,688,1.2,1.25
2018-08-15,689,1.25,1.35
2018-08-15,690,1.4,1.45
2018-08-15,691,2.3,2.6
2018-08-15,692,2.3,2.65
2018-08-15,693,2.6,2.8
2018-08-15,694,2.6,2.9
2018-08-15,695,7.3,7.8
2018-08-15,696,1,1.1
2018-08-15,698,0.8,0.9
2018-08-15,699,0.9,0.95
2018-08-15,700,1.3,1.5
2018-08-15,701,1.2,1.4
2018-08-15,704,3,3.3
2018-08-15,705,7.5,8.2
2018-08-15,706,1.3,1.5
2018-08-15,707,6.5,7.5
2018-08-15,708,1.1,1.2
2018-08-15,710,7,7.7
2018-08-15,711,7.5,8.2
2018-08-15,715,6.7,7.2
2018-08-15,716,16.1,16.1
2018-08-15,717,13.8,13.8
2018-08-15,718,12.9,12.9
2018-08-15,719,10.5,10.5
2018-08-15,729,0.9,1
2018-08-15,731,5,5.1
2018-08-15,732,6.05,6.15
2018-08-15,733,6.7,6.9
2018-08-15,734,7.1,7.3
2018-08-15,735,8,9
2018-08-15,736,8,8.5
2018-08-15,737,3.4,3.8
2018-08-15,738,3.5,3.9
2018-08-30,4,202.5,204.5
2018-08-30,5,195.5,197.5
2018-08-30,6,190,191.5
2018-08-30,7,275.5,277.5
2018-08-30,8,275.5,277.5
2018-08-30,10,209,211
2018-08-30,11,138,141
2018-08-30,12,193,195
2018-08-30,13,183,185
2018-08-30,14,184.5,186
2018-08-30,15,192,193
2018-08-30,16,188.5,189.5
2018-08-30,19,192,195
2018-08-30,21,210.5,212.5
2018-08-30,22,197,200
2018-08-30,23,430,435
2018-08-30,24,424,429
2018-08-30,25,274,276
2018-08-30,26,269,272
2018-08-30,30,154,156
2018-08-30,31,158,160
2018-08-30,32,126,128
2018-08-30,33,165,172
2018-08-30,34,136,138
2018-08-30,35,202,204
2018-08-30,36,173,175
2018-08-30,37,130,131
2018-08-30,38,130,131
2018-08-30,39,285,286
2018-08-30,40,168,169
2018-08-30,47,195.5,198.5
2018-08-30,48,125,135
2018-08-30,53,790,830
2018-08-30,54,890,940
2018-08-30,55,340,380
2018-08-30,56,215,225
2018-08-30,58,125,130
2018-08-30,63,150,155
2018-08-30,67,155,160
2018-08-30,71,85,90
2018-08-30,73,350,352
2018-08-30,75,337,338
2018-08-30,76,366,369
2018-08-30,77,359,361
2018-08-30,81,305,312.5
2018-08-30,83,685,690
2018-08-30,84,725,730
2018-08-30,85,670,675
2018-08-30,86,615,620
2018-08-30,87,672.5,677.5
2018-08-30,88,662.5,667.5
2018-08-30,89,1340,1350
2018-08-30,90,820,840
2018-08-30,91,870,890
2018-08-30,92,805,810
2018-08-30,94,767.5,772.5
2018-08-30,95,732.5,737.5
2018-08-30,101,11.5,12.5
2018-08-30,102,12,13
2018-08-30,103,4.4,5
2018-08-30,104,3,3.2
2018-08-30,105,3.2,3.3
2018-08-30,106,2.65,2.7
2018-08-30,107,1.88,1.9
2018-08-30,108,274,276
2018-08-30,109,245,247
2018-08-30,110,355,390
2018-08-30,111,285,290
2018-08-30,114,247.5,249.5
2018-08-30,115,185,188.5
2018-08-30,117,395,398
2018-08-30,118,337.5,339.5
2018-08-30,120,337.5,339.5
2018-08-30,121,455,456
2018-08-30,122,347.5,351.5
2018-08-30,124,347.5,351.5
2018-08-30,126,230,235
2018-08-30,127,210,215
2018-08-30,128,195,200
2018-08-30,129,155,160
2018-08-30,130,145,147
2018-08-30,131,1500,1505
2018-08-30,132,504.5,509.5
2018-08-30,133,479.5,484.5
2018-08-30,134,565,570
2018-08-30,176,5.75,6.75
2018-08-30,177,11.25,12.25
2018-08-30,181,4.4,4.45
2018-08-30,182,4.65,4.7
2018-08-30,183,4.7,4.85
2018-08-30,184,5.5,5.7
2018-08-30,185,6.6,6.7
2018-08-30,186,8.4,8.7
2018-08-30,187,405,420
2018-08-30,188,400,415
2018-08-30,189,190,205
2018-08-30,190,2655,2755
2018-08-30,211,0.35,0.45
2018-08-30,213,0.4,0.48
2018-08-30,220,1.65,1.85
2018-08-30,221,2,2.5
2018-08-30,224,2.5,2.8
2018-08-30,225,1.4,1.6
2018-08-30,229,1,1.1
2018-08-30,232,0.35,0.42
2018-08-30,236,0.62,0.72
2018-08-30,237,0.6,0.7
2018-08-30,238,0.5,0.55
2018-08-30,239,1.2,1.3
2018-08-30,240,1.3,1.4
2018-08-30,241,0.38,0.48
2018-08-30,242,0.6,0.75
2018-08-30,243,0.43,0.5
2018-08-30,245,0.55,0.65
2018-08-30,252,2.7,3.1
2018-08-30,256,0.3,0.4
2018-08-30,258,0.47,0.55
2018-08-30,260,2.4,2.6
2018-08-30,282,0.38,0.45
2018-08-30,286,0.2,0.3
2018-08-30,289,0.4,0.45
2018-08-30,290,0.45,0.55
2018-08-30,291,0.6,0.7
2018-08-30,292,0.3,0.35
2018-08-30,293,0.35,0.4
2018-08-30,294,0.4,0.5
2018-08-30,295,0.5,0.55
2018-08-30,296,0.6,0.7
2018-08-30,298,0.6,0.7
2018-08-30,306,0.4,0.6
2018-08-30,309,0.4,0.45
2018-08-30,310,0.55,0.65
2018-08-30,311,0.65,0.7
2018-08-30,312,0.25,0.3
2018-08-30,313,0.3,0.35
2018-08-30,314,0.35,0.4
2018-08-30,315,0.45,0.5
2018-08-30,316,0.55,0.6
2018-08-30,323,0.4,0.5
2018-08-30,634,0.7,0.75
2018-08-30,672,270,273
2018-08-30,679,8,8.5
2018-08-30,680,8,9
2018-08-30,683,3.5,3.9
2018-08-30,684,3.6,4
2018-08-30,688,1.2,1.25
2018-08-30,689,1.25,1.35
2018-08-30,690,1.4,1.45
2018-08-30,691,2.3,2.6
2018-08-30,692,2.3,2.65
2018-08-30,693,2.6,2.8
2018-08-30,694,2.6,2.9
2018-08-30,695,7.3,7.8
2018-08-30,696,1,1.1
2018-08-30,698,0.8,0.9
2018-08-30,699,0.9,0.95
2018-08-30,700,1.3,1.5
2018-08-30,701,1.2,1.4
2018-08-30,704,3,3.3
2018-08-30,705,7.5,8.2
2018-08-30,706,1.3,1.5
2018-08-30,707,6.5,7.5
2018-08-30,708,1.1,1.2
2018-08-30,710,7,7.7
2018-08-30,711,7.5,8.2
2018-08-30,715,6.7,7.2
2018-08-30,723,0.5,0.55
2018-08-30,725,0.5,0.55
2018-08-30,726,0.5,0.55
2018-08-30,729,0.9,1
2018-08-30,731,5,5.1
2018-08-30,732,6.05,6.15
2018-08-30,733,6.7,6.9
2018-08-30,734,7.1,7.3
2018-08-30,735,8,9
2018-08-30,736,8,8.5
2018-08-30,737,3.4,3.8
2018-08-30,738,3.5,3.9
2018-09-15,4,202,204
2018-09-15,5,195,197
2018-09-15,6,190,191
2018-09-15,7,254,256
2018-09-15,8,254,256
2018-09-15,10,204.5,206.5
2018-09-15,11,135.5,137.5
2018-09-15,12,193,195
2018-09-15,13,181.5,183
2018-09-15,14,178.5,180.5
2018-09-15,15,186.5,187.5
2018-09-15,16,182.5,183.5
2018-09-15,19,199.5,202.5
2018-09-15,21,213,215
2018-09-15,22,196,199
2018-09-15,23,430,435
2018-09-15,24,424,429
2018-09-15,25,274,276
2018-09-15,26,269,272
2018-09-15,27,465,466
2018-09-15,28,461,463
2018-09-15,29,447,448
2018-09-15,30,142.5,144.5
2018-09-15,31,146.5,148.5
2018-09-15,32,114.5,116.5
2018-09-15,33,153.5,165.5
2018-09-15,34,124.5,126.5
2018-09-15,35,199,201
2018-09-15,36,170,172
2018-09-15,37,121,122
2018-09-15,38,121,122
2018-09-15,39,279.5,280.5
2018-09-15,40,165,166
2018-09-15,47,194,195.5
2018-09-15,48,125,135
2018-09-15,53,790,830
2018-09-15,54,890,940
2018-09-15,55,340,380
2018-09-15,56,215,225
2018-09-15,58,125,130
2018-09-15,63,150,155
2018-09-15,67,155,160
2018-09-15,71,90,95
2018-09-15,75,326,327
2018-09-15,76,355,358
2018-09-15,77,348,350
2018-09-15,81,300,310
2018-09-15,83,680,685
2018-09-15,84,720,725
2018-09-15,85,670,675
2018-09-15,86,630,635
2018-09-15,87,660,665
2018-09-15,88,650,655
2018-09-15,89,1315,1325
2018-09-15,90,815,835
2018-09-15,91,865,885
2018-09-15,92,800,805
2018-09-15,94,755,760
2018-09-15,95,725,730
2018-09-15,101,11.5,12.5
2018-09-15,102,12,13
2018-09-15,103,4.55,5.15
2018-09-15,104,3,3.2
2018-09-15,105,3.2,3.3
2018-09-15,106,2.67,2.73
2018-09-15,107,1.84,1.88
2018-09-15,108,274,276
2018-09-15,109,245,247
2018-09-15,110,355,387.5
2018-09-15,111,282.5,287.5
2018-09-15,114,245,246
2018-09-15,115,184,186
2018-09-15,117,385,388
2018-09-15,118,327.5,329.5
2018-09-15,120,326.5,328.5
2018-09-15,121,445,446
2018-09-15,122,337.5,341.5
2018-09-15,124,336.5,340.5
2018-09-15,126,230,235
2018-09-15,127,210,215
2018-09-15,128,195,200
2018-09-15,129,155,160
2018-09-15,130,145,147
2018-09-15,131,1490,1495
2018-09-15,132,537,542
2018-09-15,133,512,517
2018-09-15,134,592.5,597.5
2018-09-15,176,6,7
2018-09-15,177,11.75,12.75
2018-09-15,181,4.4,4.45
2018-09-15,182,4.65,4.7
2018-09-15,183,4.7,4.85
2018-09-15,184,5.5,5.7
2018-09-15,185,6.6,6.7
2018-09-15,186,8.4,8.7
2018-09-15,187,402.5,412.5
2018-09-15,188,392.5,407.5
2018-09-15,189,165,175
2018-09-15,190,2600,2675
2018-09-15,211,0.35,0.45
2018-09-15,213,0.55,0.65
2018-09-15,220,2.15,2.35
2018-09-15,221,2.5,3
2018-09-15,225,1.45,1.6
2018-09-15,229,1.05,1.15
2018-09-15,232,0.57,0.68
2018-09-15,236,0.6,0.7
2018-09-15,237,0.62,0.72
2018-09-15,238,0.5,0.55
2018-09-15,239,1.2,1.3
2018-09-15,240,1.25,1.35
2018-09-15,241,0.62,0.73
2018-09-15,242,0.75,0.9
2018-09-15,243,0.55,0.65
2018-09-15,245,0.85,0.95
2018-09-15,247,0.7,0.8
2018-09-15,252,2.7,3
2018-09-15,253,0.6,0.7
2018-09-15,256,0.3,0.4
2018-09-15,258,0.7,0.8
2018-09-15,260,2.3,2.5
2018-09-15,280,0.28,0.38
2018-09-15,282,0.32,0.4
2018-09-15,286,0.2,0.3
2018-09-15,289,0.4,0.45
2018-09-15,290,0.5,0.6
2018-09-15,291,0.68,0.78
2018-09-15,292,0.3,0.35
2018-09-15,293,0.35,0.4
2018-09-15,294,0.4,0.5
2018-09-15,295,0.5,0.55
2018-09-15,296,0.62,0.72
2018-09-15,297,0.55,0.65
2018-09-15,306,0.4,0.6
2018-09-15,309,0.4,0.45
2018-09-15,310,0.55,0.65
2018-09-15,311,0.65,0.7
2018-09-15,312,0.25,0.3
2018-09-15,313,0.3,0.35
2018-09-15,314,0.35,0.4
2018-09-15,315,0.45,0.5
2018-09-15,316,0.55,0.6
2018-09-15,321,0.6,0.65
2018-09-15,323,0.35,0.4
2018-09-15,328,0.28,0.34
2018-09-15,329,0.11,0.13
2018-09-15,331,0.21,0.26
2018-09-15,333,2.35,2.39
2018-09-15,335,2.25,2.29
2018-09-15,341,2.65,2.69
2018-09-15,342,2.95,2.99
2018-09-15,344,13.4,13.4
2018-09-15,345,11.2,11.2
2018-09-15,346,10.2,10.2
2018-09-15,347,8.5,8.5
2018-09-15,350,2.17,2.27
2018-09-15,351,2.1,2.2
2018-09-15,352,4.1,4.2
2018-09-15,353,4.8,4.9
2018-09-15,356,1.62,1.73
2018-09-15,357,1.62,1.73
2018-09-15,358,3.45,3.55
2018-09-15,361,4,4.1
2018-09-15,362,4.9,5
2018-09-15,363,5.35,5.45
2018-09-15,364,1.8,1.9
2018-09-15,365,1.5,1.6
2018-09-15,366,5.6,5.7
2018-09-15,367,2.3,2.4
2018-09-15,368,1.3,1.4
2018-09-15,369,5.6,5.7
2018-09-15,370,2.2,2.3
2018-09-15,371,1.3,1.4
2018-09-15,372,4.7,4.8
2018-09-15,623,0.5,0.55
2018-09-15,624,0.55,0.6
2018-09-15,625,0.4,0.45
2018-09-15,626,0.9,1.1
2018-09-15,627,0.9,1.1
2018-09-15,628,1.9,2.2
2018-09-15,629,1.9,2.3
2018-09-15,630,0.45,0.5
2018-09-15,631,0.6,0.7
2018-09-15,634,0.7,0.75
2018-09-15,635,0.9,1.3
2018-09-15,636,0.45,0.5
2018-09-15,637,0.4,0.45
2018-09-15,638,0.4,0.45
2018-09-15,640,0.25,0.35
2018-09-15,641,0.25,0.35
2018-09-15,642,0.2,0.22
2018-09-15,643,0.22,0.25
2018-09-15,672,267.5,270.5
2018-09-15,674,1.03,1.05
2018-09-15,675,1.37,1.39
2018-09-15,676,2.1,2.2
2018-09-15,677,1.62,1.73
2018-09-15,678,2.2,2.3
2018-09-15,679,8,8.5
2018-09-15,680,8,9
2018-09-15,683,3.3,3.7
2018-09-15,684,3.4,3.8
2018-09-15,688,1.2,1.25
2018-09-15,689,1.25,1.35
2018-09-15,690,1.4,1.45
2018-09-15,691,2.2,2.4
2018-09-15,692,2.2,2.5
2018-09-15,693,2.2,2.5
2018-09-15,694,2.3,2.6
2018-09-15,695,7.3,7.8
2018-09-15,696,1,1.1
2018-09-15,716,16.2,16.2
2018-09-15,717,13.9,13.9
2018-09-15,718,13,13
2018-09-15,719,10.5,10.5
2018-09-15,722,0.3,0.45
2018-09-15,723,0.5,0.55
2018-09-15,724,0.3,0.45
2018-09-15,725,0.5,0.55
2018-09-15,726,0.5,0.55
2018-09-15,731,5.07,5.18
2018-09-15,732,6.12,6.22
2018-09-15,733,6.72,6.93
2018-09-15,734,7.12,7.32
2018-09-15,735,7.75,8.75
2018-09-15,736,7.75,8.25
2018-09-15,737,3.1,3.5
2018-09-15,738,3.2,3.7
2018-09-30,4,201,202.5
2018-09-30,5,195,197
2018-09-30,6,192,193
2018-09-30,7,246,248
2018-09-30,8,248,250
2018-09-30,10,208,210
2018-09-30,11,134,136
2018-09-30,12,193,195
2018-09-30,13,179,180
2018-09-30,14,174.5,176
2018-09-30,15,183.5,184.5
2018-09-30,16,178,179
2018-09-30,19,202.5,205.5
2018-09-30,21,213,215
2018-09-30,22,197,199
2018-09-30,23,430,435
2018-09-30,24,424,429
2018-09-30,25,274,276
2018-09-30,26,269,272
2018-09-30,27,465,466
2018-09-30,28,461,463
2018-09-30,29,447,448
2018-09-30,30,147,149
2018-09-30,31,151,153
2018-09-30,32,119,121
2018-09-30,33,153,165
2018-09-30,34,124,126
2018-09-30,35,196,198
2018-09-30,36,167,169
2018-09-30,37,122,123
2018-09-30,38,122,123
2018-09-30,39,276,277
2018-09-30,40,163.5,164.5
2018-09-30,41,790,800
2018-09-30,47,194,195
2018-09-30,48,125,135
2018-09-30,53,790,830
2018-09-30,54,890,940
2018-09-30,55,340,380
2018-09-30,56,217.5,227.5
2018-09-30,58,125,130
2018-09-30,63,152.5,157.5
2018-09-30,67,157.5,162.5
2018-09-30,71,95,100
2018-09-30,73,325,330
2018-09-30,75,315.5,316.5
2018-09-30,76,344.5,347.5
2018-09-30,77,340,342
2018-09-30,78,315,318
2018-09-30,81,290,300
2018-09-30,83,665,670
2018-09-30,84,705,710
2018-09-30,85,665,670
2018-09-30,86,635,640
2018-09-30,87,640,645
2018-09-30,88,620,625
2018-09-30,89,1290,1300
2018-09-30,90,800,820
2018-09-30,91,850,870
2018-09-30,92,790,795
2018-09-30,94,725,730
2018-09-30,95,697.5,702.5
2018-09-30,101,11.5,12.5
2018-09-30,102,12,13
2018-09-30,103,4.7,5.3
2018-09-30,104,2.95,3.15
2018-09-30,105,3.15,3.25
2018-09-30,106,2.7,2.75
2018-09-30,107,1.8,1.85
2018-09-30,108,274,276
2018-09-30,109,245,247
2018-09-30,110,360,390
2018-09-30,111,272.5,277.5
2018-09-30,112,270,273
2018-09-30,114,242,243
2018-09-30,115,168,170
2018-09-30,117,375,378
2018-09-30,118,323,325
2018-09-30,120,321,323
2018-09-30,121,435,436
2018-09-30,122,333,336
2018-09-30,124,330.5,334
2018-09-30,126,230,235
2018-09-30,127,210,215
2018-09-30,128,195,200
2018-09-30,129,155,160
2018-09-30,130,145,147
2018-09-30,131,1490,1495
2018-09-30,132,547,552
2018-09-30,133,522,527
2018-09-30,134,600,605
2018-09-30,176,6,7
2018-09-30,177,12,13
2018-09-30,181,4.4,4.45
2018-09-30,182,4.65,4.7
2018-09-30,183,4.72,4.88
2018-09-30,184,5.5,5.7
2018-09-30,185,6.6,6.7
2018-09-30,186,8.5,8.7
2018-09-30,187,402.5,415
2018-09-30,188,400,412.5
2018-09-30,189,175,190
2018-09-30,190,2535,2585
2018-09-30,211,0.3,0.4
2018-09-30,213,0.32,0.4
2018-09-30,220,0.55,0.65
2018-09-30,221,1.3,1.5
2018-09-30,225,1.5,1.6
2018-09-30,229,0.75,0.85
2018-09-30,232,0.4,0.5
2018-09-30,236,0.65,0.75
2018-09-30,237,0.72,0.78
2018-09-30,238,0.5,0.6
2018-09-30,239,1.15,1.3
2018-09-30,240,1.15,1.3
2018-09-30,241,1.1,1.2
2018-09-30,242,0.85,0.95
2018-09-30,243,0.65,0.72
2018-09-30,245,1.4,1.6
2018-09-30,247,0.6,0.75
2018-09-30,252,2.8,3
2018-09-30,253,0.6,0.7
2018-09-30,256,0.3,0.4
2018-09-30,258,0.3,0.35
2018-09-30,260,2.3,2.5
2018-09-30,277,3,4
2018-09-30,280,0.25,0.32
2018-09-30,281,0.2,0.3
2018-09-30,282,0.3,0.4
2018-09-30,283,0.2,0.3
2018-09-30,284,0.25,0.35
2018-09-30,286,0.32,0.43
2018-09-30,292,0.3,0.35
2018-09-30,293,0.35,0.4
2018-09-30,294,0.4,0.5
2018-09-30,295,0.5,0.55
2018-09-30,296,0.65,0.75
2018-09-30,297,0.45,0.55
2018-09-30,306,0.4,0.6
2018-09-30,321,0.6,0.65
2018-09-30,323,0.45,0.53
2018-09-30,328,0.29,0.35
2018-09-30,329,0.15,0.17
2018-09-30,331,0.28,0.32
2018-09-30,333,2.35,2.39
2018-09-30,335,2.25,2.29
2018-09-30,341,2.65,2.69
2018-09-30,342,2.95,2.99
2018-09-30,344,13.4,13.4
2018-09-30,345,11.2,11.2
2018-09-30,346,10.2,10.2
2018-09-30,347,8.5,8.5
2018-09-30,350,2.2,2.3
2018-09-30,351,2.15,2.25
2018-09-30,352,4.1,4.2
2018-09-30,353,4.8,4.9
2018-09-30,356,1.65,1.75
2018-09-30,357,1.73,1.83
2018-09-30,358,3.45,3.55
2018-09-30,361,4,4.1
2018-09-30,362,4.9,5
2018-09-30,363,5.4,5.5
2018-09-30,364,1.85,1.95
2018-09-30,365,1.5,1.6
2018-09-30,366,5.6,5.7
2018-09-30,367,2.3,2.4
2018-09-30,368,1.3,1.4
2018-09-30,369,5.6,5.7
2018-09-30,370,2.2,2.3
2018-09-30,371,1.3,1.4
2018-09-30,372,5.12,5.22
2018-09-30,623,0.5,0.55
2018-09-30,624,0.55,0.6
2018-09-30,625,0.4,0.45
2018-09-30,626,0.9,1.1
2018-09-30,627,0.9,1.1
2018-09-30,628,1.9,2.2
2018-09-30,629,1.9,2.3
2018-09-30,630,0.45,0.5
2018-09-30,631,0.6,0.7
2018-09-30,632,0.4,0.5
2018-09-30,633,0.4,0.5
2018-09-30,634,0.7,0.75
2018-09-30,635,0.9,1.4
2018-09-30,636,0.45,0.5
2018-09-30,637,0.4,0.45
2018-09-30,638,0.4,0.45
2018-09-30,640,0.25,0.35
2018-09-30,641,0.25,0.35
2018-09-30,642,0.2,0.22
2018-09-30,643,0.22,0.25
2018-09-30,672,262.5,265.5
2018-09-30,674,1.07,1.09
2018-09-30,675,1.37,1.39
2018-09-30,676,2.15,2.25
2018-09-30,677,1.73,1.83
2018-09-30,678,2.2,2.3
2018-09-30,683,3.3,3.7
2018-09-30,684,3.4,3.8
2018-09-30,688,1.2,1.25
2018-09-30,689,1.25,1.35
2018-09-30,690,1.4,1.45
2018-09-30,691,2.2,2.4
2018-09-30,692,2.2,2.5
2018-09-30,693,2.2,2.5
2018-09-30,694,2.3,2.6
2018-09-30,696,1,1.1
2018-09-30,716,16.2,16.2
2018-09-30,717,13.9,13.9
2018-09-30,718,13,13
2018-09-30,719,10.5,10.5
2018-09-30,722,0.3,0.45
2018-09-30,723,0.5,0.55
2018-09-30,724,0.3,0.45
2018-09-30,725,0.5,0.55
2018-09-30,726,0.5,0.55
2018-09-30,728,0.95,1.05
2018-09-30,731,5.2,5.3
2018-09-30,732,6.25,6.35
2018-09-30,733,6.85,7.05
2018-09-30,734,7.25,7.45
2018-09-30,735,7.5,8.5
2018-09-30,736,7.5,8
2018-09-30,737,3.1,3.5
2018-09-30,738,3.2,3.7
2018-09-30,740,7.6,8
2018-09-30,741,1,1.1
2018-10-15,4,202.33,203.33
2018-10-15,5,195.33,197.33
2018-10-15,6,192.33,193.33
2018-10-15,8,262,264
2018-10-15,10,211.67,213.67
2018-10-15,12,191.67,193.67
2018-10-15,13,176.33,177.33
2018-10-15,14,173,174
2018-10-15,15,181.67,182.67
2018-10-15,16,176,177.67
2018-10-15,19,204.33,207.33
2018-10-15,21,214.33,216.33
2018-10-15,22,202.67,203.67
2018-10-15,23,430,435
2018-10-15,24,424,429
2018-10-15,25,274,276
2018-10-15,26,269,272
2018-10-15,27,465,466
2018-10-15,28,461,463
2018-10-15,29,447,448
2018-10-15,30,153.33,155.33
2018-10-15,31,157.33,159.33
2018-10-15,32,125.33,127.33
2018-10-15,33,158.33,170.33
2018-10-15,34,129.33,131.33
2018-10-15,35,195,197
2018-10-15,36,166,168
2018-10-15,37,125.67,126.67
2018-10-15,38,125.67,126.67
2018-10-15,39,275,276
2018-10-15,40,162,163
2018-10-15,41,786.67,796.67
2018-10-15,42,171.33,174.33
2018-10-15,47,193.33,194.33
2018-10-15,48,125.67,135.67
2018-10-15,50,365,425
2018-10-15,51,390,440
2018-10-15,53,856.67,903.33
2018-10-15,54,963.33,1020
2018-10-15,55,340,380
2018-10-15,56,220,230
2018-10-15,58,125,130
2018-10-15,63,158.33,163.33
2018-10-15,67,163.33,168.33
2018-10-15,71,111.67,116.67
2018-10-15,73,331,336
2018-10-15,75,323.33,327
2018-10-15,76,348.33,350
2018-10-15,77,348.33,349.67
2018-10-15,81,280,290
2018-10-15,83,655,660
2018-10-15,84,705,710
2018-10-15,85,635,640
2018-10-15,86,605,610
2018-10-15,87,646.67,651.67
2018-10-15,88,626.67,631.67
2018-10-15,89,1276.67,1286.67
2018-10-15,90,790,810
2018-10-15,91,850,870
2018-10-15,92,790,795
2018-10-15,94,726.67,731.67
2018-10-15,95,706.67,711.67
2018-10-15,101,11.5,12.5
2018-10-15,102,12,13
2018-10-15,103,4.97,5.37
2018-10-15,104,2.8,3
2018-10-15,105,3.1,3.2
2018-10-15,106,2.5,2.7
2018-10-15,107,1.8,1.85
2018-10-15,108,274,276
2018-10-15,109,243.67,245.67
2018-10-15,110,360,390
2018-10-15,111,261.67,266.67
2018-10-15,114,264,266
2018-10-15,115,163.67,165.67
2018-10-15,117,378.33,381.33
2018-10-15,118,334.33,336.33
2018-10-15,120,332,334
2018-10-15,121,438.33,439.33
2018-10-15,122,344,346
2018-10-15,124,340.67,343.67
2018-10-15,126,235,240
2018-10-15,127,215,220
2018-10-15,128,200,205
2018-10-15,129,158.33,163.33
2018-10-15,130,148.33,150.33
2018-10-15,131,1476.67,1481.67
2018-10-15,132,553.67,558.67
2018-10-15,133,528.67,533.67
2018-10-15,134,606.67,611.67
2018-10-15,176,6,7
2018-10-15,177,12,13
2018-10-15,181,4.48,4.53
2018-10-15,182,4.73,4.78
2018-10-15,183,4.85,5
2018-10-15,184,5.57,5.77
2018-10-15,185,6.67,6.77
2018-10-15,186,8.57,8.77
2018-10-15,187,415,430
2018-10-15,188,410,423.33
2018-10-15,189,183.33,200
2018-10-15,190,2410,2473.33
2018-10-15,209,0.6,0.7
2018-10-15,211,0.23,0.33
2018-10-15,213,0.42,0.52
2018-10-15,220,0.48,0.58
2018-10-15,221,1.1,1.2
2018-10-15,225,1.47,1.57
2018-10-15,229,0.45,0.55
2018-10-15,232,0.53,0.62
2018-10-15,236,0.53,0.63
2018-10-15,237,0.57,0.67
2018-10-15,238,0.42,0.52
2018-10-15,239,1.03,1.17
2018-10-15,240,1.03,1.17
2018-10-15,241,1.1,1.27
2018-10-15,242,0.9,1
2018-10-15,243,0.77,0.83
2018-10-15,245,1.43,1.63
2018-10-15,247,0.3,0.43
2018-10-15,252,2.6,2.87
2018-10-15,253,0.6,0.7
2018-10-15,255,0.6,0.7
2018-10-15,256,0.3,0.4
2018-10-15,258,0.35,0.45
2018-10-15,260,2,2.5
2018-10-15,276,0.5,0.6
2018-10-15,277,2.33,3
2018-10-15,279,0.3,0.4
2018-10-15,280,0.25,0.3
2018-10-15,281,0.2,0.3
2018-10-15,282,0.3,0.4
2018-10-15,283,0.2,0.3
2018-10-15,284,0.25,0.3
2018-10-15,297,0.4,0.5
2018-10-15,304,0.65,0.75
2018-10-15,306,0.5,0.63
2018-10-15,328,0.29,0.35
2018-10-15,329,0.16,0.18
2018-10-15,331,0.29,0.33
2018-10-15,333,2.35,2.39
2018-10-15,335,2.25,2.29
2018-10-15,341,2.65,2.69
2018-10-15,342,2.95,2.99
2018-10-15,344,13.4,13.4
2018-10-15,345,11.2,11.2
2018-10-15,346,10.2,10.2
2018-10-15,347,8.5,8.5
2018-10-15,350,2.27,2.38
2018-10-15,351,2.17,2.27
2018-10-15,352,4.1,4.2
2018-10-15,353,4.8,4.9
2018-10-15,356,1.65,1.75
2018-10-15,357,1.75,1.85
2018-10-15,358,3.45,3.55
2018-10-15,361,4,4.1
2018-10-15,362,4.9,5
2018-10-15,363,5.4,5.5
2018-10-15,364,2,2.1
2018-10-15,365,1.5,1.6
2018-10-15,366,5.75,5.85
2018-10-15,367,2.45,2.55
2018-10-15,368,1.3,1.4
2018-10-15,369,5.75,5.85
2018-10-15,370,2.35,2.45
2018-10-15,371,1.3,1.4
2018-10-15,372,5.58,5.67
2018-10-15,623,0.5,0.55
2018-10-15,624,0.55,0.6
2018-10-15,625,0.4,0.45
2018-10-15,626,0.9,1.1
2018-10-15,627,0.9,1.1
2018-10-15,628,1.9,2.2
2018-10-15,629,1.9,2.3
2018-10-15,630,0.45,0.5
2018-10-15,631,0.6,0.7
2018-10-15,632,0.4,0.5
2018-10-15,633,0.4,0.5
2018-10-15,634,0.7,0.75
2018-10-15,635,0.9,1.4
2018-10-15,636,0.45,0.5
2018-10-15,637,0.4,0.45
2018-10-15,638,0.4,0.45
2018-10-15,640,0.25,0.35
2018-10-15,641,0.25,0.35
2018-10-15,642,0.2,0.22
2018-10-15,643,0.22,0.25
2018-10-15,672,261.67,264.67
2018-10-15,674,1.12,1.14
2018-10-15,675,1.4,1.42
2018-10-15,676,2.17,2.27
2018-10-15,677,1.75,1.85
2018-10-15,678,2.27,2.38
2018-10-15,683,3.3,3.7
2018-10-15,684,3.4,3.8
2018-10-15,688,1.2,1.25
2018-10-15,689,1.25,1.35
2018-10-15,690,1.4,1.45
2018-10-15,691,2.2,2.4
2018-10-15,692,2.2,2.5
2018-10-15,693,2.2,2.5
2018-10-15,694,2.3,2.6
2018-10-15,696,1,1.1
2018-10-15,716,16.2,16.2
2018-10-15,717,13.9,13.9
2018-10-15,718,13,13
2018-10-15,719,10.5,10.5
2018-10-15,722,0.3,0.45
2018-10-15,723,0.5,0.55
2018-10-15,724,0.3,0.45
2018-10-15,725,0.5,0.55
2018-10-15,726,0.5,0.55
2018-10-15,728,0.95,1.05
2018-10-15,731,5.4,5.5
2018-10-15,732,6.45,6.55
2018-10-15,733,7,7.2
2018-10-15,734,7.4,7.6
2018-10-15,735,7.5,8.5
2018-10-15,736,7.5,8
2018-10-15,737,3.1,3.5
2018-10-15,738,3.2,3.7
2018-10-15,740,7.6,8
2018-10-15,741,1,1.1
2018-10-15,743,7.3,7.8
2018-10-15,744,0.65,0.7
2018-10-15,745,1.35,1.4
2018-10-15,746,3.8,4.2
2018-10-15,748,1.1,1.2
2018-10-15,749,1.15,1.25
2018-10-15,750,1.3,1.4
2018-10-15,751,0.85,0.95
2018-10-15,752,2,2.6
2018-11-15,4,206,207
2018-11-15,5,199,201
2018-11-15,6,196,197
2018-11-15,7,261,264
2018-11-15,8,261,264
2018-11-15,9,205,207
2018-11-15,10,218.5,219.5
2018-11-15,12,190,192
2018-11-15,13,174,175
2018-11-15,14,172,173
2018-11-15,15,181,182
2018-11-15,16,172,173
2018-11-15,21,221.5,223.5
2018-11-15,22,214.5,215.5
2018-11-15,23,430,435
2018-11-15,24,424,429
2018-11-15,25,274,276
2018-11-15,26,269,272
2018-11-15,27,465,466
2018-11-15,28,461,463
2018-11-15,29,447,448
2018-11-15,30,183.5,185.5
2018-11-15,31,187.5,189.5
2018-11-15,32,155.5,157.5
2018-11-15,33,185.5,197.5
2018-11-15,34,156.5,158.5
2018-11-15,35,198.5,200.5
2018-11-15,36,169.5,171.5
2018-11-15,37,143,144
2018-11-15,38,143,144
2018-11-15,39,274,275
2018-11-15,40,160,161
2018-11-15,41,760,770
2018-11-15,42,170,172
2018-11-15,47,205.5,206.5
2018-11-15,48,130,140
2018-11-15,50,430,490
2018-11-15,51,430,480
2018-11-15,53,1030,1080
2018-11-15,54,1130,1190
2018-11-15,55,325,365
2018-11-15,56,220,230
2018-11-15,58,124,129
2018-11-15,63,160,165
2018-11-15,67,165,170
2018-11-15,71,130,135
2018-11-15,73,334,336
2018-11-15,75,330.5,332.5
2018-11-15,76,348.5,349.5
2018-11-15,77,347,348
2018-11-15,81,265,280
2018-11-15,83,645,650
2018-11-15,84,695,700
2018-11-15,85,622.5,627.5
2018-11-15,86,607.5,612.5
2018-11-15,87,630,635
2018-11-15,88,610,615
2018-11-15,89,1260,1270
2018-11-15,90,780,800
2018-11-15,91,840,860
2018-11-15,92,777.5,782.5
2018-11-15,94,710,715
2018-11-15,95,690,695
2018-11-15,97,0.8,1.1
2018-11-15,98,1.2,1.3
2018-11-15,100,0.5,0.55
2018-11-15,101,11.5,12.5
2018-11-15,102,12,13
2018-11-15,103,5.2,6.1
2018-11-15,104,2.75,3
2018-11-15,105,3.1,3.2
2018-11-15,106,2.4,2.55
2018-11-15,107,1.75,1.8
2018-11-15,108,274,276
2018-11-15,109,238,240
2018-11-15,110,360,390
2018-11-15,111,265,267
2018-11-15,114,250,254
2018-11-15,115,171.5,173.5
2018-11-15,117,376,380
2018-11-15,118,335,337
2018-11-15,120,332,334
2018-11-15,121,437,438
2018-11-15,122,345,347
2018-11-15,124,341,343
2018-11-15,126,235,240
2018-11-15,127,215,220
2018-11-15,128,200,205
2018-11-15,129,160,165
2018-11-15,130,150,152
2018-11-15,131,1520,1525
2018-11-15,132,565,570
2018-11-15,133,540,545
2018-11-15,134,620,625
2018-11-15,176,6,7
2018-11-15,177,12.5,13.5
2018-11-15,181,4.6,4.65
2018-11-15,182,4.88,4.93
2018-11-15,183,5.05,5.2
2018-11-15,184,5.75,5.95
2018-11-15,185,6.85,6.95
2018-11-15,186,8.75,8.95
2018-11-15,187,437.5,452.5
2018-11-15,188,422.5,432.5
2018-11-15,189,195,207.5
2018-11-15,190,2300,2450
2018-11-15,209,0.45,0.53
2018-11-15,211,0.2,0.3
2018-11-15,212,0.25,0.3
2018-11-15,213,0.53,0.62
2018-11-15,221,1.6,1.8
2018-11-15,225,1.4,1.5
2018-11-15,229,0.3,0.4
2018-11-15,232,0.5,0.6
2018-11-15,236,0.3,0.4
2018-11-15,237,0.3,0.4
2018-11-15,241,0.7,0.8
2018-11-15,242,0.55,0.65
2018-11-15,245,0.72,0.85
2018-11-15,247,0.25,0.35
2018-11-15,250,0.45,0.55
2018-11-15,252,2.2,2.3
2018-11-15,253,0.6,0.7
2018-11-15,255,0.4,0.5
2018-11-15,256,0.3,0.4
2018-11-15,258,1.05,1.2
2018-11-15,276,0.35,0.45
2018-11-15,277,2,2.5
2018-11-15,279,0.3,0.4
2018-11-15,280,0.18,0.25
2018-11-15,281,0.2,0.25
2018-11-15,282,0.3,0.4
2018-11-15,283,0.2,0.3
2018-11-15,284,0.2,0.3
2018-11-15,297,0.4,0.5
2018-11-15,304,0.7,0.8
2018-11-15,306,0.6,0.7
2018-11-15,328,0.33,0.39
2018-11-15,329,0.19,0.21
2018-11-15,331,0.35,0.39
2018-11-15,332,4.2,4.4
2018-11-15,333,2.4,2.44
2018-11-15,335,2.35,2.39
2018-11-15,336,2.75,2.85
2018-11-15,337,2.45,2.55
2018-11-15,340,3.6,3.7
2018-11-15,341,2.75,2.79
2018-11-15,342,3.05,3.09
2018-11-15,344,13.4,13.4
2018-11-15,345,11.2,11.2
2018-11-15,346,10.2,10.2
2018-11-15,347,8.5,8.5
2018-11-15,350,2.3,2.4
2018-11-15,351,2.2,2.3
2018-11-15,352,4.3,4.4
2018-11-15,353,5,5.1
2018-11-15,356,1.85,1.95
2018-11-15,357,1.95,2.05
2018-11-15,358,3.65,3.75
2018-11-15,361,4.1,4.2
2018-11-15,362,5,5.1
2018-11-15,363,5.4,5.5
2018-11-15,364,2.05,2.15
2018-11-15,365,1.5,1.6
2018-11-15,366,5.8,5.9
2018-11-15,367,2.5,2.6
2018-11-15,368,1.3,1.4
2018-11-15,369,5.8,5.9
2018-11-15,370,2.4,2.5
2018-11-15,371,1.3,1.4
2018-11-15,372,5.95,6.05
2018-11-15,670,0.55,0.62
2018-11-15,671,0.7,0.8
2018-11-15,672,250,255
2018-11-15,674,1.14,1.16
2018-11-15,675,1.42,1.44
2018-11-15,676,2.2,2.3
2018-11-15,677,1.95,2.05
2018-11-15,678,2.3,2.4
2018-11-15,683,3.3,3.7
2018-11-15,684,3.4,3.8
2018-11-15,691,2.2,2.4
2018-11-15,692,2.2,2.5
2018-11-15,693,2.2,2.5
2018-11-15,694,2.3,2.6
2018-11-15,696,1,1.1
2018-11-15,716,16.2,16.2
2018-11-15,717,13.9,13.9
2018-11-15,718,13,13
2018-11-15,719,10.5,10.5
2018-11-15,728,0.95,1.05
2018-11-15,731,5.65,5.75
2018-11-15,732,6.7,6.8
2018-11-15,733,7.25,7.45
2018-11-15,734,7.65,7.85
2018-11-15,735,7.5,8.5
2018-11-15,736,7.5,8
2018-11-15,737,3.1,3.5
2018-11-15,738,3.2,3.7
2018-11-15,740,7.6,8
2018-11-15,741,1,1.1
2018-11-15,743,7.3,7.8
2018-11-15,744,0.65,0.7
2018-11-15,745,1.4,1.5
2018-11-15,746,3.8,4.2
2018-11-15,748,1.1,1.2
2018-11-15,749,1.15,1.25
2018-11-15,750,1.3,1.4
2018-11-15,751,0.85,0.95
2018-11-15,752,2,2.6
2018-11-15,753,1.05,1.15
2018-11-15,754,5.8,6.3
2018-11-15,755,0.75,0.95
2018-11-15,756,0.85,0.95
2018-11-15,757,4.5,5
2018-11-15,758,2.1,2.4
2018-11-15,759,0.85,0.95
2018-11-30,4,209,210
2018-11-30,5,202,204
2018-11-30,6,199,200
2018-11-30,7,262,265
2018-11-30,8,262,265
2018-11-30,9,208,210
2018-11-30,10,219,220
2018-11-30,12,190,192
2018-11-30,13,173.5,174.5
2018-11-30,14,172,173
2018-11-30,15,181,182
2018-11-30,16,171.5,172.5
2018-11-30,21,222.5,224.5
2018-11-30,22,216,217
2018-11-30,23,430,435
2018-11-30,24,424,429
2018-11-30,25,274,276
2018-11-30,26,269,272
2018-11-30,27,465,466
2018-11-30,28,461,463
2018-11-30,29,447,448
2018-11-30,30,178,180
2018-11-30,31,182,184
2018-11-30,32,150,152
2018-11-30,33,179,191
2018-11-30,34,150,152
2018-11-30,35,199.5,201.5
2018-11-30,36,170.5,172.5
2018-11-30,37,141.5,142.5
2018-11-30,38,141.5,142.5
2018-11-30,39,273.5,274.5
2018-11-30,40,160,161
2018-11-30,41,760,770
2018-11-30,42,170,172
2018-11-30,47,208,209
2018-11-30,48,130,140
2018-11-30,50,430,490
2018-11-30,51,430,480
2018-11-30,53,1030,1080
2018-11-30,54,1130,1190
2018-11-30,55,320,360
2018-11-30,56,220,230
2018-11-30,58,123,128
2018-11-30,63,160,165
2018-11-30,67,170,175
2018-11-30,71,135,140
2018-11-30,73,334.5,336
2018-11-30,75,333,335
2018-11-30,76,349,350
2018-11-30,77,349,350
2018-11-30,81,265,280
2018-11-30,83,645,650
2018-11-30,84,695,700
2018-11-30,85,615,620
2018-11-30,86,610,615
2018-11-30,87,625,630
2018-11-30,88,605,610
2018-11-30,89,1260,1270
2018-11-30,90,780,800
2018-11-30,91,840,860
2018-11-30,92,765,770
2018-11-30,94,705,710
2018-11-30,95,685,690
2018-11-30,97,0.8,1.1
2018-11-30,98,1.2,1.3
2018-11-30,100,0.5,0.55
2018-11-30,101,11.5,12.5
2018-11-30,102,12,13
2018-11-30,103,5.25,6.25
2018-11-30,104,2.83,3.12
2018-11-30,105,3.2,3.3
2018-11-30,106,2.52,2.67
2018-11-30,107,1.75,1.8
2018-11-30,108,269,276
2018-11-30,109,235,237
2018-11-30,110,365,390
2018-11-30,111,265,267
2018-11-30,114,239,242
2018-11-30,115,167.5,169.5
2018-11-30,117,374.5,378.5
2018-11-30,118,333.5,335.5
2018-11-30,120,328.5,330.5
2018-11-30,121,435.5,436.5
2018-11-30,122,344,346
2018-11-30,124,338,340
2018-11-30,126,240,245
2018-11-30,127,220,225
2018-11-30,128,205,210
2018-11-30,129,160,165
2018-11-30,130,150,152
2018-11-30,131,1520,1525
2018-11-30,132,557.5,562.5
2018-11-30,133,532.5,537.5
2018-11-30,134,612.5,617.5
2018-11-30,176,6,7
2018-11-30,177,12.5,13.5
2018-11-30,181,4.6,4.65
2018-11-30,182,4.9,4.95
2018-11-30,183,5.15,5.3
2018-11-30,184,5.85,6.05
2018-11-30,185,6.95,7.05
2018-11-30,186,8.8,9
2018-11-30,187,450,465
2018-11-30,188,435,445
2018-11-30,189,217.5,227.5
2018-11-30,190,2300,2450
2018-11-30,209,0.45,0.55
2018-11-30,211,0.2,0.3
2018-11-30,212,0.23,0.28
2018-11-30,213,0.57,0.68
2018-11-30,221,2,2.5
2018-11-30,225,1.4,1.5
2018-11-30,229,0.45,0.55
2018-11-30,241,0.7,0.8
2018-11-30,242,0.5,0.6
2018-11-30,245,0.8,0.9
2018-11-30,247,0.3,0.4
2018-11-30,249,0.8,0.95
2018-11-30,250,0.45,0.55
2018-11-30,252,2.25,2.4
2018-11-30,253,0.6,0.7
2018-11-30,255,0.45,0.55
2018-11-30,256,0.3,0.4
2018-11-30,258,1.3,1.5
2018-11-30,276,0.3,0.4
2018-11-30,277,1.5,2
2018-11-30,279,0.3,0.4
2018-11-30,280,0.18,0.25
2018-11-30,281,0.2,0.25
2018-11-30,282,0.3,0.4
2018-11-30,283,0.2,0.3
2018-11-30,284,0.2,0.3
2018-11-30,297,0.35,0.45
2018-11-30,304,0.7,0.8
2018-11-30,306,0.55,0.65
2018-11-30,328,0.34,0.4
2018-11-30,329,0.22,0.24
2018-11-30,331,0.38,0.42
2018-11-30,332,4.2,4.4
2018-11-30,333,2.45,2.49
2018-11-30,335,2.37,2.41
2018-11-30,336,2.75,2.85
2018-11-30,337,2.45,2.55
2018-11-30,340,3.6,3.7
2018-11-30,341,2.75,2.79
2018-11-30,342,3.05,3.09
2018-11-30,344,13.4,13.4
2018-11-30,345,11.2,11.2
2018-11-30,346,10.2,10.2
2018-11-30,347,8.5,8.5
2018-11-30,350,2.27,2.37
2018-11-30,351,2.15,2.25
2018-11-30,352,4.3,4.4
2018-11-30,353,5,5.1
2018-11-30,356,1.95,2.05
2018-11-30,357,2.05,2.15
2018-11-30,358,3.7,3.8
2018-11-30,361,4.3,4.4
2018-11-30,362,5.2,5.3
2018-11-30,363,5.35,5.45
2018-11-30,364,2.03,2.13
2018-11-30,365,1.5,1.6
2018-11-30,366,5.8,5.9
2018-11-30,367,2.5,2.6
2018-11-30,368,1.3,1.4
2018-11-30,369,5.8,5.9
2018-11-30,370,2.4,2.5
2018-11-30,371,1.3,1.4
2018-11-30,372,6,6.1
2018-11-30,670,0.55,0.65
2018-11-30,671,0.72,0.85
2018-11-30,672,247.5,252.5
2018-11-30,674,1.11,1.13
2018-11-30,675,1.42,1.44
2018-11-30,676,2.15,2.25
2018-11-30,677,2.05,2.15
2018-11-30,678,2.3,2.4
2018-11-30,683,3.3,3.7
2018-11-30,684,3.4,3.8
2018-11-30,691,2.2,2.4
2018-11-30,692,2.2,2.5
2018-11-30,693,2.2,2.5
2018-11-30,694,2.3,2.6
2018-11-30,716,16.2,16.2
2018-11-30,717,13.9,13.9
2018-11-30,718,13,13
2018-11-30,719,10.5,10.5
2018-11-30,728,0.95,1.05
2018-11-30,731,5.75,5.85
2018-11-30,732,6.9,7
2018-11-30,733,7.4,7.6
2018-11-30,734,7.85,8.05
2018-11-30,735,7.5,8.5
2018-11-30,736,7.5,8
2018-11-30,737,3.1,3.5
2018-11-30,738,3.2,3.7
2018-11-30,740,7.6,8
2018-11-30,741,1,1.1
2018-11-30,743,7.3,7.8
2018-11-30,744,0.65,0.7
2018-11-30,745,1.4,1.5
2018-11-30,748,1.1,1.2
2018-11-30,749,1.15,1.25
2018-11-30,750,1.3,1.4
2018-11-30,751,0.85,0.95
2018-11-30,752,2,2.6
2018-11-30,753,1.05,1.15
2018-11-30,754,5.8,6.3
2018-11-30,755,0.75,0.95
2018-11-30,756,0.85,0.95
2018-11-30,757,4.5,5
2018-11-30,758,2.1,2.4
2018-11-30,759,0.85,0.95
2018-11-30,760,7,7.5
2018-12-15,4,213,214
2018-12-15,5,206,208
2018-12-15,6,203,204
2018-12-15,7,262,265
2018-12-15,8,262,265
2018-12-15,9,211.5,213.5
2018-12-15,10,221.5,222.5
2018-12-15,12,190,192
2018-12-15,13,173,174
2018-12-15,14,172,173
2018-12-15,15,181,182
2018-12-15,16,171,172
2018-12-15,21,224,226
2018-12-15,22,220,221
2018-12-15,23,430,435
2018-12-15,24,424,429
2018-12-15,25,274,276
2018-12-15,26,269,272
2018-12-15,27,465,466
2018-12-15,28,461,463
2018-12-15,29,447,448
2018-12-15,30,167,169
2018-12-15,31,171,173
2018-12-15,32,139,141
2018-12-15,33,170,182
2018-12-15,34,141,143
2018-12-15,35,198,200
2018-12-15,36,169,171
2018-12-15,37,139,140
2018-12-15,38,136.5,137.5
2018-12-15,39,273,274
2018-12-15,40,160,161
2018-12-15,41,757.5,767.5
2018-12-15,42,170,172
2018-12-15,47,208,209
2018-12-15,48,130,140
2018-12-15,50,430,490
2018-12-15,51,430,480
2018-12-15,53,1030,1080
2018-12-15,54,1130,1190
2018-12-15,55,310,350
2018-12-15,56,220,230
2018-12-15,58,123,128
2018-12-15,63,160,165
2018-12-15,67,170,175
2018-12-15,71,135,140
2018-12-15,73,340,341
2018-12-15,75,339,341
2018-12-15,76,356.5,357.5
2018-12-15,77,354.5,355.5
2018-12-15,81,265,280
2018-12-15,83,640,645
2018-12-15,84,690,695
2018-12-15,85,610,615
2018-12-15,86,595,600
2018-12-15,87,630,645
2018-12-15,88,610,615
2018-12-15,89,1275,1285
2018-12-15,90,775,795
2018-12-15,91,835,855
2018-12-15,92,765,770
2018-12-15,94,710,725
2018-12-15,95,695,700
2018-12-15,97,0.8,1.1
2018-12-15,98,1.2,1.3
2018-12-15,100,0.47,0.53
2018-12-15,103,5.35,6.3
2018-12-15,104,2.88,3.17
2018-12-15,105,3.23,3.33
2018-12-15,106,2.5,2.65
2018-12-15,107,1.65,1.7
2018-12-15,108,269,276
2018-12-15,109,235,237
2018-12-15,110,367.5,390
2018-12-15,111,265,267
2018-12-15,114,225.5,228.5
2018-12-15,115,165,174
2018-12-15,117,379.5,383.5
2018-12-15,118,333.5,338.5
2018-12-15,120,328,330
2018-12-15,121,440.5,441.5
2018-12-15,122,343.5,349
2018-12-15,124,338,340
2018-12-15,126,240,245
2018-12-15,127,220,225
2018-12-15,128,205,210
2018-12-15,129,160,165
2018-12-15,130,150,152
2018-12-15,131,1515,1520
2018-12-15,132,552.5,557.5
2018-12-15,133,527.5,532.5
2018-12-15,134,607.5,612.5
2018-12-15,176,6.25,7.25
2018-12-15,177,13,14
2018-12-15,181,4.65,4.75
2018-12-15,182,4.95,5.05
2018-12-15,183,5.25,5.4
2018-12-15,184,5.95,6.15
2018-12-15,185,7.05,7.15
2018-12-15,186,8.9,9.1
2018-12-15,187,450,465
2018-12-15,188,410,420
2018-12-15,189,195,205
2018-12-15,190,2275,2400
2018-12-15,211,0.23,0.32
2018-12-15,212,0.23,0.28
2018-12-15,213,0.6,0.7
2018-12-15,225,1.4,1.5
2018-12-15,229,0.5,0.57
2018-12-15,247,0.3,0.4
2018-12-15,249,0.6,0.65
2018-12-15,250,0.32,0.43
2018-12-15,253,0.6,0.7
2018-12-15,256,0.32,0.43
2018-12-15,261,0.5,0.6
2018-12-15,262,0.6,0.7
2018-12-15,263,0.78,0.85
2018-12-15,264,0.88,0.95
2018-12-15,265,1,1.05
2018-12-15,277,1.5,2
2018-12-15,279,0.3,0.4
2018-12-15,280,0.18,0.25
2018-12-15,281,0.2,0.25
2018-12-15,282,0.3,0.4
2018-12-15,283,0.2,0.3
2018-12-15,284,0.2,0.3
2018-12-15,297,0.35,0.45
2018-12-15,304,0.7,0.8
2018-12-15,306,0.55,0.65
2018-12-15,328,0.35,0.41
2018-12-15,329,0.17,0.19
2018-12-15,331,0.33,0.37
2018-12-15,332,4.2,4.4
2018-12-15,333,2.5,2.54
2018-12-15,335,2.4,2.44
2018-12-15,336,2.75,2.85
2018-12-15,337,2.45,2.55
2018-12-15,340,3.6,3.7
2018-12-15,341,2.75,2.79
2018-12-15,342,3.05,3.09
2018-12-15,344,13.45,13.45
2018-12-15,345,11.25,11.25
2018-12-15,346,10.25,10.25
2018-12-15,347,8.55,8.55
2018-12-15,350,2.2,2.3
2018-12-15,351,2.05,2.15
2018-12-15,352,4.3,4.4
2018-12-15,353,5,5.1
2018-12-15,356,1.95,2.05
2018-12-15,357,2.05,2.15
2018-12-15,358,3.75,3.85
2018-12-15,361,4.4,4.5
2018-12-15,362,5.3,5.4
2018-12-15,363,5.25,5.35
2018-12-15,364,2,2.1
2018-12-15,365,1.5,1.6
2018-12-15,366,5.8,5.9
2018-12-15,367,2.5,2.6
2018-12-15,368,1.3,1.4
2018-12-15,369,5.8,5.9
2018-12-15,370,2.4,2.5
2018-12-15,371,1.3,1.4
2018-12-15,372,6,6.1
2018-12-15,670,0.55,0.65
2018-12-15,671,0.75,0.9
2018-12-15,672,245,250
2018-12-15,674,1.06,1.08
2018-12-15,675,1.42,1.44
2018-12-15,676,2.05,2.15
2018-12-15,677,2.05,2.15
2018-12-15,678,2.3,2.4
2018-12-15,683,3.3,3.7
2018-12-15,684,3.4,3.8
2018-12-15,691,2.2,2.4
2018-12-15,692,2.2,2.5
2018-12-15,693,2.2,2.5
2018-12-15,694,2.3,2.6
2018-12-15,716,16.25,16.25
2018-12-15,717,13.95,13.95
2018-12-15,718,13.05,13.05
2018-12-15,719,10.55,10.55
2018-12-15,728,0.95,1.05
2018-12-15,731,5.93,6.03
2018-12-15,732,7.15,7.25
2018-12-15,733,7.6,7.8
2018-12-15,734,8.05,8.25
2018-12-15,735,7.5,8.5
2018-12-15,736,7.5,8
2018-12-15,737,3.1,3.5
2018-12-15,738,3.2,3.7
2018-12-15,740,7.6,8
2018-12-15,741,1,1.1
2018-12-15,743,7.3,7.8
2018-12-15,744,0.65,0.7
2018-12-15,745,1.4,1.5
2018-12-15,748,1.1,1.2
2018-12-15,749,1.15,1.25
2018-12-15,750,1.3,1.4
2018-12-15,751,0.85,0.95
2018-12-15,752,1.95,2.45
2018-12-15,753,1.05,1.15
2018-12-15,754,5.8,6.3
2018-12-15,755,0.75,0.95
2018-12-15,756,0.85,0.95
2018-12-15,757,4.5,5
2018-12-15,758,2.1,2.4
2018-12-15,759,0.85,0.95
2018-12-15,760,7,7.5
2018-12-15,761,2.2,2.5
2018-12-15,762,2.2,2.4
2018-12-15,763,2.3,2.5
2018-12-15,764,0.45,0.5
2018-12-30,4,214,215
2018-12-30,5,207,209
2018-12-30,6,204,205
2018-12-30,7,263,265
2018-12-30,8,263,265
2018-12-30,9,213,215
2018-12-30,10,223,224
2018-12-30,12,190,192
2018-12-30,13,174,175
2018-12-30,14,173,174
2018-12-30,15,181,182
2018-12-30,16,172,173
2018-12-30,21,227,229
2018-12-30,22,222,223
2018-12-30,23,430,435
2018-12-30,24,424,429
2018-12-30,25,274,276
2018-12-30,26,269,272
2018-12-30,27,465,466
2018-12-30,28,461,463
2018-12-30,29,447,448
2018-12-30,30,168,170
2018-12-30,31,172,174
2018-12-30,32,140,142
2018-12-30,33,172,184
2018-12-30,34,143,145
2018-12-30,35,197,199
2018-12-30,36,168,170
2018-12-30,37,137,138
2018-12-30,38,135,136
2018-12-30,39,273,274
2018-12-30,40,160,161
2018-12-30,41,750,760
2018-12-30,42,173,175
2018-12-30,43,173,175
2018-12-30,47,210,211
2018-12-30,48,135,142
2018-12-30,50,430,490
2018-12-30,51,430,480
2018-12-30,53,1030,1080
2018-12-30,54,1130,1190
2018-12-30,55,310,350
2018-12-30,56,220,230
2018-12-30,58,123,128
2018-12-30,63,160,165
2018-12-30,67,170,175
2018-12-30,71,135,140
2018-12-30,73,342,343
2018-12-30,75,338,340
2018-12-30,76,359,360
2018-12-30,77,355,356
2018-12-30,81,260,275
2018-12-30,83,635,640
2018-12-30,84,685,690
2018-12-30,85,600,605
2018-12-30,86,580,585
2018-12-30,87,635,650
2018-12-30,88,605,610
2018-12-30,89,1275,1285
2018-12-30,90,770,790
2018-12-30,91,830,850
2018-12-30,92,755,760
2018-12-30,94,715,730
2018-12-30,95,695,700
2018-12-30,97,0.8,1.1
2018-12-30,98,1.2,1.3
2018-12-30,100,0.45,0.5
2018-12-30,101,9,10.5
2018-12-30,102,10,11.5
2018-12-30,103,5.5,6.3
2018-12-30,104,2.85,3.3
2018-12-30,105,3.25,3.35
2018-12-30,106,2.55,2.6
2018-12-30,107,1.55,1.6
2018-12-30,108,269,276
2018-12-30,109,235,237
2018-12-30,110,365,390
2018-12-30,111,265,267
2018-12-30,114,224,225
2018-12-30,115,160,169
2018-12-30,117,378,382
2018-12-30,118,327,330
2018-12-30,120,322,324
2018-12-30,121,439,440
2018-12-30,122,336,340
2018-12-30,124,333,335
2018-12-30,126,240,245
2018-12-30,127,220,225
2018-12-30,128,205,210
2018-12-30,129,160,165
2018-12-30,130,150,152
2018-12-30,131,1510,1515
2018-12-30,132,545,550
2018-12-30,133,520,525
2018-12-30,134,600,605
2018-12-30,176,6.5,7.5
2018-12-30,177,13.5,14.5
2018-12-30,181,4.65,4.75
2018-12-30,182,4.95,5.05
2018-12-30,183,5.35,5.5
2018-12-30,184,6.05,6.25
2018-12-30,185,7.15,7.25
2018-12-30,186,9,9.2
2018-12-30,187,440,455
2018-12-30,188,350,370
2018-12-30,189,150,170
2018-12-30,190,2100,2200
2018-12-30,210,1,1.2
2018-12-30,211,0.3,0.35
2018-12-30,212,0.25,0.3
2018-12-30,225,1.4,1.5
2018-12-30,229,0.65,0.75
2018-12-30,247,0.45,0.6
2018-12-30,249,0.6,0.65
2018-12-30,250,0.3,0.4
2018-12-30,253,0.6,0.7
2018-12-30,256,0.35,0.45
2018-12-30,261,0.5,0.6
2018-12-30,262,0.6,0.7
2018-12-30,263,0.75,0.85
2018-12-30,264,0.85,0.95
2018-12-30,265,1,1.05
2018-12-30,279,0.3,0.4
2018-12-30,280,0.18,0.25
2018-12-30,281,0.2,0.25
2018-12-30,282,0.3,0.4
2018-12-30,283,0.2,0.3
2018-12-30,284,0.2,0.3
2018-12-30,297,0.35,0.45
2018-12-30,304,0.7,0.8
2018-12-30,306,0.55,0.65
2018-12-30,328,0.35,0.41
2018-12-30,329,0.17,0.19
2018-12-30,331,0.33,0.37
2018-12-30,332,4.2,4.4
2018-12-30,333,2.5,2.54
2018-12-30,335,2.4,2.44
2018-12-30,336,2.75,2.85
2018-12-30,337,2.45,2.55
2018-12-30,340,3.6,3.7
2018-12-30,341,2.75,2.79
2018-12-30,342,3.05,3.09
2018-12-30,344,13.5,13.5
2018-12-30,345,11.3,11.3
2018-12-30,346,10.3,10.3
2018-12-30,347,8.6,8.6
2018-12-30,350,2.2,2.3
2018-12-30,351,2.05,2.15
2018-12-30,352,4.3,4.4
2018-12-30,353,5,5.1
2018-12-30,356,1.95,2.05
2018-12-30,357,2.05,2.15
2018-12-30,358,3.75,3.85
2018-12-30,361,4.4,4.5
2018-12-30,362,5.3,5.4
2018-12-30,363,5.25,5.35
2018-12-30,364,2,2.1
2018-12-30,365,1.5,1.6
2018-12-30,366,5.8,5.9
2018-12-30,367,2.5,2.6
2018-12-30,368,1.3,1.4
2018-12-30,369,5.8,5.9
2018-12-30,370,2.4,2.5
2018-12-30,371,1.3,1.4
2018-12-30,372,6,6.1
2018-12-30,670,0.55,0.65
2018-12-30,671,0.75,0.9
2018-12-30,672,250,253
2018-12-30,674,1.06,1.08
2018-12-30,675,1.42,1.44
2018-12-30,676,2.05,2.15
2018-12-30,677,2.05,2.15
2018-12-30,678,2.3,2.4
2018-12-30,683,3.3,3.7
2018-12-30,684,3.4,3.8
2018-12-30,691,2.2,2.4
2018-12-30,692,2.2,2.5
2018-12-30,693,2.2,2.5
2018-12-30,694,2.3,2.6
2018-12-30,716,16.3,16.3
2018-12-30,717,14,14
2018-12-30,718,13.1,13.1
2018-12-30,719,10.6,10.6
2018-12-30,728,0.95,1.05
2018-12-30,731,6,6.1
2018-12-30,732,7.25,7.35
2018-12-30,733,7.7,7.9
2018-12-30,734,8.15,8.35
2018-12-30,735,7.5,8.5
2018-12-30,736,7.5,8
2018-12-30,737,3.1,3.5
2018-12-30,738,3.2,3.7
2018-12-30,740,7.6,8
2018-12-30,741,1,1.1
2018-12-30,743,7.3,7.8
2018-12-30,744,0.65,0.7
2018-12-30,745,1.4,1.5
2018-12-30,748,1.1,1.2
2018-12-30,749,1.15,1.25
2018-12-30,750,1.3,1.4
2018-12-30,751,0.85,0.95
2018-12-30,752,1.9,2.3
2018-12-30,753,1.05,1.15
2018-12-30,754,5.8,6.3
2018-12-30,755,0.75,0.95
2018-12-30,756,0.85,0.95
2018-12-30,757,4.5,5
2018-12-30,758,2.1,2.4
2018-12-30,759,0.85,0.95
2018-12-30,760,7,7.5
2018-12-30,761,2.2,2.5
2018-12-30,762,2.2,2.4
2018-12-30,763,2.3,2.5
2018-12-30,764,0.45,0.5
