date,code,low,high
2020-01-15,2,210,213
2020-01-15,3,200,203
2020-01-15,4,197,198
2020-01-15,5,191,192
2020-01-15,6,188,189
2020-01-15,7,265,267
2020-01-15,8,270,271
2020-01-15,9,200,202
2020-01-15,10,202,203
2020-01-15,12,183,185
2020-01-15,13,169,170
2020-01-15,14,166,167
2020-01-15,15,172,173
2020-01-15,16,170,171
2020-01-15,19,165,167
2020-01-15,20,178,180
2020-01-15,21,183,187
2020-01-15,23,400,405
2020-01-15,24,394,399
2020-01-15,25,274,276
2020-01-15,26,269,272
2020-01-15,27,465,466
2020-01-15,28,461,463
2020-01-15,29,447,448
2020-01-15,30,155,157
2020-01-15,31,159,161
2020-01-15,32,127,129
2020-01-15,33,162,174
2020-01-15,34,133,135
2020-01-15,35,182,184
2020-01-15,36,153,155
2020-01-15,37,130,131
2020-01-15,38,130,131
2020-01-15,39,259,260
2020-01-15,40,152,153
2020-01-15,41,725,730
2020-01-15,42,165,168
2020-01-15,43,164,166
2020-01-15,47,199,200
2020-01-15,48,184,187
2020-01-15,50,390,440
2020-01-15,51,530,580
2020-01-15,53,990,1040
2020-01-15,54,1270,1320
2020-01-15,55,330,360
2020-01-15,56,240,250
2020-01-15,58,115,120
2020-01-15,63,100,110
2020-01-15,67,140,150
2020-01-15,71,80,90
2020-01-15,73,352,354
2020-01-15,75,357,360
2020-01-15,76,370,375
2020-01-15,77,374,375
2020-01-15,81,255,270
2020-01-15,85,715,720
2020-01-15,86,890,895
2020-01-15,87,795,800
2020-01-15,88,775,780
2020-01-15,89,1650,1660
2020-01-15,90,1110,1120
2020-01-15,92,895,900
2020-01-15,94,885,890
2020-01-15,95,865,870
2020-01-15,100,0.5,0.65
2020-01-15,101,9,10.5
2020-01-15,102,10,11.5
2020-01-15,103,3.4,5.2
2020-01-15,104,2,2.35
2020-01-15,105,2.7,2.95
2020-01-15,106,1.95,2
2020-01-15,107,1.15,1.17
2020-01-15,108,271,275
2020-01-15,109,243,245
2020-01-15,110,410,430
2020-01-15,111,254,256
2020-01-15,114,223,225
2020-01-15,115,165,170
2020-01-15,117,369,371
2020-01-15,118,335,337
2020-01-15,120,332,334
2020-01-15,121,419,421
2020-01-15,122,346,347
2020-01-15,124,340,344
2020-01-15,126,220,230
2020-01-15,127,210,215
2020-01-15,128,195,200
2020-01-15,129,195,205
2020-01-15,130,150,155
2020-01-15,131,1530,1535
2020-01-15,132,710,715
2020-01-15,133,685,690
2020-01-15,134,845,850
2020-01-15,176,6,7
2020-01-15,177,11,12
2020-01-15,181,4.78,4.88
2020-01-15,182,4.98,5.08
2020-01-15,183,5.05,5.2
2020-01-15,184,5.85,6.05
2020-01-15,185,7,7.1
2020-01-15,186,9.4,9.55
2020-01-15,187,395,410
2020-01-15,188,380,390
2020-01-15,189,230,240
2020-01-15,190,1750,1850
2020-01-15,210,0.75,0.85
2020-01-15,211,0.25,0.35
2020-01-15,212,0.25,0.3
2020-01-15,225,1.5,1.6
2020-01-15,229,0.75,0.85
2020-01-15,246,0.6,0.65
2020-01-15,248,0.45,0.5
2020-01-15,249,0.75,0.85
2020-01-15,250,0.35,0.45
2020-01-15,253,0.7,0.75
2020-01-15,256,0.55,0.6
2020-01-15,261,0.65,0.7
2020-01-15,262,0.8,0.9
2020-01-15,263,1,1.1
2020-01-15,278,0.7,0.75
2020-01-15,279,0.4,0.5
2020-01-15,280,0.2,0.25
2020-01-15,297,0.7,0.9
2020-01-15,306,0.6,0.7
2020-01-15,328,0.24,0.3
2020-01-15,329,0.08,0.1
2020-01-15,331,0.21,0.25
2020-01-15,333,2.5,2.55
2020-01-15,335,2.25,2.3
2020-01-15,341,2.65,2.7
2020-01-15,342,2.8,2.85
2020-01-15,344,14.1,14.1
2020-01-15,345,12,12
2020-01-15,346,10.7,10.7
2020-01-15,347,8.9,8.9
2020-01-15,350,1.65,1.75
2020-01-15,351,1.5,1.6
2020-01-15,352,3.7,3.8
2020-01-15,353,4.5,4.6
2020-01-15,356,1.6,1.7
2020-01-15,357,1.7,1.8
2020-01-15,358,3.6,3.7
2020-01-15,361,4.5,4.6
2020-01-15,362,5.4,5.5
2020-01-15,363,3.8,3.9
2020-01-15,364,1.5,1.6
2020-01-15,365,1.5,1.6
2020-01-15,366,6,6.1
2020-01-15,367,2.3,2.4
2020-01-15,368,1.35,1.45
2020-01-15,369,5.9,6
2020-01-15,370,2.2,2.3
2020-01-15,371,1.35,1.45
2020-01-15,372,5.8,5.9
2020-01-15,617,2.5,2.7
2020-01-15,618,2.5,2.8
2020-01-15,672,248,250
2020-01-15,674,0.81,0.83
2020-01-15,675,1.48,1.5
2020-01-15,676,1.5,1.6
2020-01-15,677,1.7,1.8
2020-01-15,678,2.3,2.4
2020-01-15,716,16.9,16.9
2020-01-15,717,14.8,14.8
2020-01-15,718,13.7,13.7
2020-01-15,719,10.9,10.9
2020-01-15,731,5.75,5.9
2020-01-15,732,7.05,7.2
2020-01-15,733,8.25,8.4
2020-01-15,734,8.7,8.9
2020-01-15,735,7.5,8.5
2020-01-15,736,7.5,8
2020-01-15,737,2.8,3.1
2020-01-15,738,2.8,3.2
2020-01-15,758,1.5,1.8
2020-01-15,760,6.5,7.5
2020-01-15,761,1.6,2
2020-01-15,762,1.6,2
2020-01-15,763,1.7,2.1
2020-01-15,764,0.5,0.55
2020-01-15,765,6.5,8
2020-01-15,770,0.85,0.95
2020-01-15,771,6.5,7.5
2020-01-15,772,6.5,8
2020-01-15,773,1,1.1
2020-01-15,774,1.05,1.15
2020-01-15,775,1.1,1.2
2020-01-15,776,8,8.5
2020-01-15,777,7,7.5
2020-01-15,778,1,1.05
2020-01-15,779,1.45,1.55
2020-01-15,782,5.5,5.8
2020-01-15,783,0.8,0.9
2020-01-15,784,0.7,0.8
2020-01-15,785,4.3,4.8
2020-01-15,786,0.7,0.8
2020-01-15,789,4,4.5
2020-01-15,790,2.5,3.1
2020-01-15,791,2.6,3.2
2020-01-15,792,5,5.5
2020-01-15,793,1.3,1.6
2020-01-15,794,0.8,0.9
2020-01-15,795,1.3,1.5
2020-01-15,796,1.4,1.6
2020-01-15,797,1.1,1.2
2020-01-15,798,4.7,5
2020-01-15,799,5.2,5.4
2020-01-30,2,212,215
2020-01-30,3,203,206
2020-01-30,4,201,202
2020-01-30,5,196,197
2020-01-30,6,193,194
2020-01-30,7,271.5,273.5
2020-01-30,8,275,276
2020-01-30,9,203.5,205.5
2020-01-30,10,207,208
2020-01-30,12,183,185
2020-01-30,13,171.5,172.5
2020-01-30,14,168,169
2020-01-30,15,174.5,175.5
2020-01-30,16,173.5,174.5
2020-01-30,19,168,170
2020-01-30,20,178,180
2020-01-30,21,183,187
2020-01-30,23,405,410
2020-01-30,24,399,404
2020-01-30,25,279,281
2020-01-30,26,274,277
2020-01-30,27,465,466
2020-01-30,28,461,463
2020-01-30,29,447,448
2020-01-30,30,148.5,150.5
2020-01-30,31,152.5,154.5
2020-01-30,32,120.5,122.5
2020-01-30,33,155.5,167.5
2020-01-30,34,126.5,128.5
2020-01-30,35,181.5,183.5
2020-01-30,36,152.5,154.5
2020-01-30,37,122,123
2020-01-30,38,122,123
2020-01-30,39,261,262
2020-01-30,40,154.5,155.5
2020-01-30,41,732.5,737.5
2020-01-30,42,166,169
2020-01-30,43,165,167
2020-01-30,47,200.5,201.5
2020-01-30,48,187,190
2020-01-30,50,390,440
2020-01-30,51,530,580
2020-01-30,53,990,1040
2020-01-30,54,1270,1320
2020-01-30,55,330,360
2020-01-30,56,240,250
2020-01-30,58,115,120
2020-01-30,63,100,110
2020-01-30,67,135,145
2020-01-30,71,80,90
2020-01-30,73,355,357
2020-01-30,75,361,364
2020-01-30,76,374,376
2020-01-30,77,374,376
2020-01-30,81,255,270
2020-01-30,85,735,740
2020-01-30,86,885,890
2020-01-30,87,777.5,782.5
2020-01-30,88,757.5,762.5
2020-01-30,89,1750,1760
2020-01-30,90,1210,1220
2020-01-30,92,915,920
2020-01-30,94,867.5,872.5
2020-01-30,95,847.5,852.5
2020-01-30,101,9,10.5
2020-01-30,102,10,11.5
2020-01-30,103,3.3,4.9
2020-01-30,104,1.9,2.25
2020-01-30,105,2.5,2.75
2020-01-30,106,1.95,2
2020-01-30,107,1.12,1.14
2020-01-30,108,275,279
2020-01-30,109,244,246
2020-01-30,110,415,430
2020-01-30,111,259,261
2020-01-30,114,223,225
2020-01-30,115,166.5,170
2020-01-30,117,369,371
2020-01-30,118,338.5,340.5
2020-01-30,120,339,341
2020-01-30,121,419,421
2020-01-30,122,349,350
2020-01-30,124,345.5,347.5
2020-01-30,126,215,225
2020-01-30,127,205,210
2020-01-30,128,190,195
2020-01-30,129,190,200
2020-01-30,130,145,150
2020-01-30,131,1520,1525
2020-01-30,132,710,715
2020-01-30,133,685,690
2020-01-30,134,845,850
2020-01-30,176,6,7
2020-01-30,177,12.5,13.5
2020-01-30,181,4.78,4.88
2020-01-30,182,4.98,5.08
2020-01-30,183,5.12,5.28
2020-01-30,184,5.85,6.05
2020-01-30,185,7,7.1
2020-01-30,186,9.4,9.55
2020-01-30,187,397.5,410
2020-01-30,188,390,400
2020-01-30,189,240,250
2020-01-30,210,1,1.1
2020-01-30,211,0.25,0.35
2020-01-30,212,0.28,0.32
2020-01-30,225,1.5,1.6
2020-01-30,229,0.62,0.72
2020-01-30,246,0.55,0.65
2020-01-30,248,0.47,0.53
2020-01-30,249,0.7,0.78
2020-01-30,250,0.38,0.43
2020-01-30,253,0.7,0.75
2020-01-30,256,0.62,0.68
2020-01-30,261,0.65,0.7
2020-01-30,262,0.8,0.9
2020-01-30,263,1,1.1
2020-01-30,278,0.7,0.75
2020-01-30,279,0.4,0.5
2020-01-30,280,0.2,0.25
2020-01-30,297,0.7,0.9
2020-01-30,306,0.6,0.7
2020-01-30,328,0.24,0.3
2020-01-30,329,0.08,0.1
2020-01-30,331,0.21,0.25
2020-01-30,333,2.5,2.55
2020-01-30,335,2.25,2.3
2020-01-30,341,2.65,2.7
2020-01-30,342,2.8,2.85
2020-01-30,344,14.03,14.03
2020-01-30,345,11.93,11.93
2020-01-30,346,10.63,10.63
2020-01-30,347,8.83,8.83
2020-01-30,350,1.75,1.85
2020-01-30,351,1.6,1.7
2020-01-30,352,3.7,3.8
2020-01-30,353,4.5,4.6
2020-01-30,356,1.6,1.7
2020-01-30,357,1.7,1.8
2020-01-30,358,3.6,3.7
2020-01-30,361,4.5,4.6
2020-01-30,362,5.4,5.5
2020-01-30,363,3.97,4.07
2020-01-30,364,1.5,1.6
2020-01-30,365,1.5,1.6
2020-01-30,366,6,6.1
2020-01-30,367,2.3,2.4
2020-01-30,368,1.35,1.45
2020-01-30,369,5.9,6
2020-01-30,370,2.2,2.3
2020-01-30,371,1.35,1.45
2020-01-30,372,5.1,5.2
2020-01-30,617,2.5,2.7
2020-01-30,618,2.5,2.8
2020-01-30,672,250,251
2020-01-30,674,0.88,0.9
2020-01-30,675,1.48,1.5
2020-01-30,676,1.6,1.7
2020-01-30,677,1.7,1.8
2020-01-30,678,2.3,2.4
2020-01-30,716,16.83,16.83
2020-01-30,717,14.73,14.73
2020-01-30,718,13.63,13.63
2020-01-30,719,10.83,10.83
2020-01-30,731,5.75,5.9
2020-01-30,732,7.05,7.2
2020-01-30,733,8.25,8.4
2020-01-30,734,8.7,8.9
2020-01-30,735,7.5,8.5
2020-01-30,736,7.5,8
2020-01-30,737,2.85,3.15
2020-01-30,738,2.85,3.25
2020-01-30,758,1.3,1.5
2020-01-30,760,6.5,7.5
2020-01-30,762,1.4,1.9
2020-01-30,764,0.5,0.55
2020-01-30,765,6.5,8
2020-01-30,770,0.85,0.95
2020-01-30,771,6.5,7.5
2020-01-30,772,6.5,8
2020-01-30,773,1,1.1
2020-01-30,774,1.05,1.15
2020-01-30,775,1.1,1.2
2020-01-30,776,7.5,8
2020-01-30,777,7,7.5
2020-01-30,778,1,1.05
2020-01-30,779,1.45,1.55
2020-01-30,782,5.5,5.8
2020-01-30,783,0.8,0.9
2020-01-30,784,0.7,0.8
2020-01-30,785,4.3,4.8
2020-01-30,786,0.7,0.8
2020-01-30,789,4,4.5
2020-01-30,790,2.55,3.1
2020-01-30,791,2.65,3.2
2020-01-30,792,5,5.5
2020-01-30,793,1.3,1.6
2020-01-30,794,0.8,0.9
2020-01-30,795,1.3,1.5
2020-01-30,796,1.4,1.9
2020-01-30,797,1.1,1.2
2020-01-30,798,4.7,5
2020-01-30,799,5.5,5.7
2020-01-30,802,1750,1800
2020-01-30,803,1625,1675
2020-02-15,2,212,215
2020-02-15,3,204,207
2020-02-15,4,202,203
2020-02-15,5,197,198
2020-02-15,6,194,195
2020-02-15,7,270.5,272.5
2020-02-15,8,271.5,272.5
2020-02-15,9,204,206
2020-02-15,10,209,210
2020-02-15,12,187,189
2020-02-15,13,172,173
2020-02-15,14,169,170
2020-02-15,15,174.5,176
2020-02-15,16,175,176
2020-02-15,19,168,170
2020-02-15,20,178,180
2020-02-15,21,182.5,185
2020-02-15,23,405,410
2020-02-15,24,399,404
2020-02-15,25,279,281
2020-02-15,26,274,277
2020-02-15,27,465,466
2020-02-15,28,461,463
2020-02-15,29,447,448
2020-02-15,30,138.5,140.5
2020-02-15,31,142.5,144.5
2020-02-15,32,110.5,112.5
2020-02-15,33,145.5,157.5
2020-02-15,34,116.5,118.5
2020-02-15,35,176.5,178.5
2020-02-15,36,147.5,149.5
2020-02-15,37,112.5,113.5
2020-02-15,38,112.5,113.5
2020-02-15,39,262,263
2020-02-15,40,155,156
2020-02-15,41,742.5,747.5
2020-02-15,42,167,170
2020-02-15,43,166,168
2020-02-15,47,201,202
2020-02-15,48,187,190
2020-02-15,50,380,430
2020-02-15,51,550,600
2020-02-15,53,970,1020
2020-02-15,54,1320,1370
2020-02-15,55,340,370
2020-02-15,56,250,260
2020-02-15,58,115,120
2020-02-15,63,100,110
2020-02-15,67,135,145
2020-02-15,71,80,90
2020-02-15,73,361,363
2020-02-15,75,361,363
2020-02-15,76,375,377
2020-02-15,77,373,375
2020-02-15,81,255,270
2020-02-15,85,730,735
2020-02-15,86,830,835
2020-02-15,87,752.5,757.5
2020-02-15,88,722.5,727.5
2020-02-15,89,1760,1770
2020-02-15,90,1215,1225
2020-02-15,92,910,915
2020-02-15,94,842.5,847.5
2020-02-15,95,812.5,817.5
2020-02-15,101,9,10.5
2020-02-15,102,10,11.5
2020-02-15,103,3.2,4.65
2020-02-15,104,1.98,2.33
2020-02-15,105,2.52,2.77
2020-02-15,106,1.92,1.98
2020-02-15,107,1.12,1.14
2020-02-15,108,276,280
2020-02-15,109,247,249
2020-02-15,110,412.5,430
2020-02-15,111,259,261
2020-02-15,114,219,221
2020-02-15,115,168,170
2020-02-15,117,364,366
2020-02-15,118,336,338
2020-02-15,120,336,338
2020-02-15,121,414,416
2020-02-15,122,346,347
2020-02-15,124,342.5,344.5
2020-02-15,126,215,225
2020-02-15,127,205,210
2020-02-15,128,190,195
2020-02-15,129,190,200
2020-02-15,130,145,150
2020-02-15,131,1540,1545
2020-02-15,132,710,715
2020-02-15,133,685,690
2020-02-15,134,845,850
2020-02-15,176,6,7
2020-02-15,177,13,14
2020-02-15,181,4.78,4.88
2020-02-15,182,4.98,5.08
2020-02-15,183,5.15,5.3
2020-02-15,184,5.85,6.05
2020-02-15,185,7,7.1
2020-02-15,186,9.4,9.55
2020-02-15,187,397.5,407.5
2020-02-15,188,387.5,397.5
2020-02-15,189,245,255
2020-02-15,210,1,1.1
2020-02-15,211,0.25,0.35
2020-02-15,212,0.25,0.3
2020-02-15,225,1.5,1.6
2020-02-15,229,0.47,0.57
2020-02-15,246,0.53,0.6
2020-02-15,248,0.45,0.5
2020-02-15,249,0.57,0.68
2020-02-15,250,0.3,0.4
2020-02-15,253,0.7,0.75
2020-02-15,256,0.65,0.75
2020-02-15,261,0.65,0.7
2020-02-15,262,0.8,0.85
2020-02-15,263,1,1.1
2020-02-15,279,0.4,0.5
2020-02-15,280,0.2,0.25
2020-02-15,297,0.7,0.9
2020-02-15,328,0.24,0.3
2020-02-15,329,0.08,0.1
2020-02-15,331,0.21,0.25
2020-02-15,333,2.5,2.55
2020-02-15,335,2.25,2.3
2020-02-15,341,2.6,2.65
2020-02-15,342,2.8,2.85
2020-02-15,344,14.1,14.1
2020-02-15,345,12,12
2020-02-15,346,10.7,10.7
2020-02-15,347,8.9,8.9
2020-02-15,350,1.75,1.85
2020-02-15,351,1.6,1.7
2020-02-15,352,3.6,3.7
2020-02-15,353,4.5,4.6
2020-02-15,356,1.6,1.7
2020-02-15,357,1.7,1.8
2020-02-15,358,3.6,3.7
2020-02-15,361,4.5,4.6
2020-02-15,362,5.4,5.5
2020-02-15,363,4,4.1
2020-02-15,364,1.5,1.6
2020-02-15,365,1.5,1.6
2020-02-15,366,5.7,5.8
2020-02-15,367,2.3,2.4
2020-02-15,368,1.35,1.45
2020-02-15,369,5.7,5.8
2020-02-15,370,2.2,2.3
2020-02-15,371,1.35,1.45
2020-02-15,372,4.6,4.7
2020-02-15,617,2.5,2.7
2020-02-15,618,2.5,2.8
2020-02-15,672,250,251
2020-02-15,674,0.9,0.92
2020-02-15,675,1.42,1.44
2020-02-15,676,1.6,1.7
2020-02-15,677,1.7,1.8
2020-02-15,678,2.25,2.35
2020-02-15,716,16.9,16.9
2020-02-15,717,14.8,14.8
2020-02-15,718,13.7,13.7
2020-02-15,719,10.9,10.9
2020-02-15,731,5.75,5.9
2020-02-15,732,7.05,7.2
2020-02-15,733,8.25,8.4
2020-02-15,734,8.7,8.9
2020-02-15,735,7.5,8.5
2020-02-15,736,7.5,8
2020-02-15,737,2.9,3.2
2020-02-15,738,2.9,3.3
2020-02-15,758,1.3,1.5
2020-02-15,760,6.5,7.5
2020-02-15,762,1.4,1.9
2020-02-15,764,0.5,0.55
2020-02-15,765,6.5,8
2020-02-15,770,0.85,0.95
2020-02-15,771,6.5,7.5
2020-02-15,772,6.5,8
2020-02-15,773,0.95,1.1
2020-02-15,774,1.05,1.15
2020-02-15,775,1.1,1.2
2020-02-15,776,7.5,8
2020-02-15,777,7,7.5
2020-02-15,778,1,1.05
2020-02-15,779,1.45,1.55
2020-02-15,782,5.5,5.8
2020-02-15,783,0.8,0.9
2020-02-15,784,0.7,0.8
2020-02-15,785,4.3,4.8
2020-02-15,786,0.7,0.8
2020-02-15,789,4,4.5
2020-02-15,790,2.6,3.1
2020-02-15,791,2.7,3.2
2020-02-15,792,5,5.5
2020-02-15,793,1.3,1.6
2020-02-15,794,0.8,0.9
2020-02-15,795,1.2,1.5
2020-02-15,796,1.3,1.9
2020-02-15,797,1.1,1.2
2020-02-15,802,1635,1675
2020-02-15,803,1600,1650
2020-02-29,2,212,215
2020-02-29,3,204,207
2020-02-29,4,201,202
2020-02-29,5,196,197
2020-02-29,6,193,194
2020-02-29,7,270,272
2020-02-29,8,270,271
2020-02-29,9,204,205
2020-02-29,10,207,208
2020-02-29,12,188,190
2020-02-29,13,171,172
2020-02-29,14,168,169
2020-02-29,15,173,175
2020-02-29,16,175,176
2020-02-29,19,168,170
2020-02-29,20,178,180
2020-02-29,21,182,185
2020-02-29,23,405,410
2020-02-29,24,399,404
2020-02-29,25,279,281
2020-02-29,26,274,277
2020-02-29,27,465,466
2020-02-29,28,461,463
2020-02-29,29,447,448
2020-02-29,30,136,138
2020-02-29,31,140,142
2020-02-29,32,108,110
2020-02-29,33,143,155
2020-02-29,34,114,116
2020-02-29,35,172,174
2020-02-29,36,143,145
2020-02-29,37,110,111
2020-02-29,38,110,111
2020-02-29,39,261,262
2020-02-29,40,155,156
2020-02-29,41,750,755
2020-02-29,42,167,170
2020-02-29,43,166,168
2020-02-29,47,201,202
2020-02-29,48,187,190
2020-02-29,50,380,430
2020-02-29,51,550,600
2020-02-29,53,970,1020
2020-02-29,54,1320,1370
2020-02-29,55,340,370
2020-02-29,56,250,260
2020-02-29,58,115,120
2020-02-29,63,100,110
2020-02-29,67,135,145
2020-02-29,71,80,90
2020-02-29,73,361,365
2020-02-29,75,361,363
2020-02-29,76,375,377
2020-02-29,77,373,375
2020-02-29,81,255,270
2020-02-29,85,725,730
2020-02-29,86,790,795
2020-02-29,87,775,780
2020-02-29,88,750,755
2020-02-29,89,1790,1800
2020-02-29,90,1230,1240
2020-02-29,92,915,920
2020-02-29,94,865,870
2020-02-29,95,840,845
2020-02-29,101,9,10.5
2020-02-29,102,10,11.5
2020-02-29,103,3.2,4.6
2020-02-29,104,2,2.35
2020-02-29,105,2.55,2.8
2020-02-29,106,1.95,2
2020-02-29,107,1.12,1.14
2020-02-29,108,276,280
2020-02-29,109,249,251
2020-02-29,110,410,430
2020-02-29,111,259,261
2020-02-29,114,215,217
2020-02-29,115,168,170
2020-02-29,117,367,369
2020-02-29,118,336,340
2020-02-29,120,336,338
2020-02-29,121,417,419
2020-02-29,122,348,349
2020-02-29,124,345,347
2020-02-29,126,215,225
2020-02-29,127,205,210
2020-02-29,128,190,195
2020-02-29,129,190,200
2020-02-29,130,145,150
2020-02-29,131,1570,1575
2020-02-29,132,705,710
2020-02-29,133,680,685
2020-02-29,134,840,845
2020-02-29,176,6,7
2020-02-29,177,13,14
2020-02-29,181,4.78,4.88
2020-02-29,182,4.98,5.08
2020-02-29,183,5.15,5.3
2020-02-29,184,5.85,6.05
2020-02-29,185,7,7.1
2020-02-29,186,9.4,9.55
2020-02-29,187,385,395
2020-02-29,188,380,390
2020-02-29,189,240,250
2020-02-29,210,0.82,0.93
2020-02-29,211,0.25,0.35
2020-02-29,212,0.23,0.3
2020-02-29,225,1.5,1.8
2020-02-29,229,0.38,0.47
2020-02-29,246,0.5,0.55
2020-02-29,248,0.45,0.5
2020-02-29,249,0.6,0.7
2020-02-29,250,0.3,0.38
2020-02-29,253,0.7,0.75
2020-02-29,256,0.65,0.75
2020-02-29,261,0.6,0.7
2020-02-29,262,0.75,0.85
2020-02-29,263,0.95,1.05
2020-02-29,279,0.4,0.5
2020-02-29,280,0.2,0.25
2020-02-29,297,0.7,0.9
2020-02-29,328,0.24,0.3
2020-02-29,329,0.12,0.14
2020-02-29,331,0.25,0.29
2020-02-29,333,2.5,2.55
2020-02-29,335,2.25,2.3
2020-02-29,341,2.6,2.65
2020-02-29,342,2.8,2.85
2020-02-29,344,14.1,14.1
2020-02-29,345,12,12
2020-02-29,346,10.7,10.7
2020-02-29,347,8.9,8.9
2020-02-29,350,1.75,1.85
2020-02-29,351,1.6,1.7
2020-02-29,352,3.6,3.7
2020-02-29,353,4.5,4.6
2020-02-29,356,1.6,1.7
2020-02-29,357,1.7,1.8
2020-02-29,358,3.6,3.7
2020-02-29,361,4.5,4.6
2020-02-29,362,5.4,5.5
2020-02-29,363,4,4.1
2020-02-29,364,1.5,1.6
2020-02-29,365,1.5,1.6
2020-02-29,366,5.4,5.5
2020-02-29,367,2.3,2.4
2020-02-29,368,1.35,1.45
2020-02-29,369,5.4,5.5
2020-02-29,370,2.2,2.3
2020-02-29,371,1.35,1.45
2020-02-29,372,4.25,4.35
2020-02-29,617,2.5,2.7
2020-02-29,618,2.5,2.8
2020-02-29,672,250,251
2020-02-29,674,0.9,0.92
2020-02-29,675,1.36,1.38
2020-02-29,676,1.6,1.7
2020-02-29,677,1.7,1.8
2020-02-29,678,2.18,2.28
2020-02-29,716,16.9,16.9
2020-02-29,717,14.8,14.8
2020-02-29,718,13.7,13.7
2020-02-29,719,10.9,10.9
2020-02-29,731,5.75,5.9
2020-02-29,732,7.05,7.2
2020-02-29,733,8.25,8.4
2020-02-29,734,8.7,8.9
2020-02-29,735,7.5,8.5
2020-02-29,736,7.5,8
2020-02-29,737,2.9,3.2
2020-02-29,738,2.9,3.3
2020-02-29,758,1.3,1.5
2020-02-29,760,6.5,7.5
2020-02-29,762,1.4,1.9
2020-02-29,764,0.5,0.55
2020-02-29,765,6.5,8
2020-02-29,770,0.85,0.95
2020-02-29,771,6.5,7.5
2020-02-29,772,6.5,8
2020-02-29,773,0.95,1.1
2020-02-29,774,1.05,1.15
2020-02-29,775,1.1,1.2
2020-02-29,776,7.5,8
2020-02-29,777,7,7.5
2020-02-29,778,1,1.05
2020-02-29,779,1.45,1.55
2020-02-29,782,5.5,5.8
2020-02-29,783,0.8,0.9
2020-02-29,784,0.7,0.8
2020-02-29,785,4.3,4.8
2020-02-29,786,0.7,0.8
2020-02-29,789,4,4.5
2020-02-29,790,2.6,3.1
2020-02-29,791,2.7,3.2
2020-02-29,792,5,5.5
2020-02-29,793,1.3,1.6
2020-02-29,794,0.8,0.9
2020-02-29,795,1.2,1.5
2020-02-29,796,1.3,1.9
2020-02-29,797,1.1,1.2
2020-02-29,802,1620,1650
2020-02-29,803,1600,1650
2020-03-15,2,212,215
2020-03-15,3,204,207
2020-03-15,4,200,201
2020-03-15,5,194,195
2020-03-15,6,190,191
2020-03-15,7,265,267
2020-03-15,8,265,266
2020-03-15,9,203,205
2020-03-15,10,203,204
2020-03-15,12,188,190
2020-03-15,13,171,172
2020-03-15,14,168,169
2020-03-15,15,174,176
2020-03-15,16,173,174
2020-03-15,19,167,169
2020-03-15,20,176,178
2020-03-15,21,180,183
2020-03-15,23,405,410
2020-03-15,24,399,404
2020-03-15,25,279,281
2020-03-15,26,274,277
2020-03-15,27,465,466
2020-03-15,28,461,463
2020-03-15,29,447,448
2020-03-15,30,144,146
2020-03-15,31,148,150
2020-03-15,32,116,118
2020-03-15,33,149,161
2020-03-15,34,120,122
2020-03-15,35,172,174
2020-03-15,36,143,145
2020-03-15,37,125,126
2020-03-15,38,125,126
2020-03-15,39,261,262
2020-03-15,40,155,156
2020-03-15,41,755,760
2020-03-15,42,167,170
2020-03-15,43,166,168
2020-03-15,47,200,201
2020-03-15,48,190,193
2020-03-15,50,380,430
2020-03-15,51,550,600
2020-03-15,53,970,1020
2020-03-15,54,1320,1370
2020-03-15,55,340,370
2020-03-15,56,250,260
2020-03-15,58,115,120
2020-03-15,63,100,110
2020-03-15,67,135,145
2020-03-15,71,80,90
2020-03-15,73,354,358
2020-03-15,75,350,352
2020-03-15,76,375,377
2020-03-15,77,373,375
2020-03-15,81,255,270
2020-03-15,86,750,755
2020-03-15,87,645,650
2020-03-15,88,625,630
2020-03-15,89,1690,1700
2020-03-15,90,1180,1190
2020-03-15,92,945,950
2020-03-15,94,735,740
2020-03-15,95,715,720
2020-03-15,101,9,10.5
2020-03-15,102,10,11.5
2020-03-15,103,3.1,4.6
2020-03-15,104,2,2.35
2020-03-15,105,2.55,2.8
2020-03-15,106,1.9,1.95
2020-03-15,107,1.1,1.12
2020-03-15,108,276,280
2020-03-15,109,247,249
2020-03-15,110,410,430
2020-03-15,111,259,261
2020-03-15,114,210,212
2020-03-15,115,168,170
2020-03-15,117,360,362
2020-03-15,118,338,342
2020-03-15,120,338,340
2020-03-15,121,410,412
2020-03-15,122,350,351
2020-03-15,124,348,350
2020-03-15,126,215,225
2020-03-15,127,205,210
2020-03-15,128,190,195
2020-03-15,129,190,200
2020-03-15,130,145,150
2020-03-15,131,1520,1525
2020-03-15,132,700,705
2020-03-15,133,675,680
2020-03-15,134,835,840
2020-03-15,176,6,7
2020-03-15,177,13,14
2020-03-15,181,4.78,4.88
2020-03-15,182,4.98,5.08
2020-03-15,183,5.15,5.3
2020-03-15,184,5.85,6.05
2020-03-15,185,7,7.1
2020-03-15,186,9.4,9.55
2020-03-15,187,355,365
2020-03-15,188,350,360
2020-03-15,189,200,210
2020-03-15,210,0.7,0.8
2020-03-15,211,0.25,0.35
2020-03-15,212,0.2,0.3
2020-03-15,225,1.5,1.8
2020-03-15,229,0.35,0.45
2020-03-15,246,0.5,0.55
2020-03-15,247,1,1.2
2020-03-15,248,0.45,0.5
2020-03-15,249,0.6,0.7
2020-03-15,250,0.3,0.35
2020-03-15,253,0.7,0.75
2020-03-15,261,0.6,0.7
2020-03-15,262,0.75,0.85
2020-03-15,263,0.95,1.05
2020-03-15,279,0.4,0.5
2020-03-15,280,0.2,0.25
2020-03-15,297,0.7,0.9
2020-03-15,328,0.31,0.37
2020-03-15,329,0.2,0.22
2020-03-15,331,0.35,0.39
2020-03-15,333,2.5,2.55
2020-03-15,335,2.35,2.4
2020-03-15,341,2.65,2.7
2020-03-15,342,2.85,2.9
2020-03-15,344,14.4,14.4
2020-03-15,345,12.3,12.3
2020-03-15,346,11,11
2020-03-15,347,9.2,9.2
2020-03-15,350,2.15,2.25
2020-03-15,351,2.2,2.3
2020-03-15,352,3.7,3.8
2020-03-15,353,4.6,4.7
2020-03-15,356,1.9,2
2020-03-15,357,1.9,2
2020-03-15,358,3.8,3.9
2020-03-15,361,4.5,4.6
2020-03-15,362,5.4,5.5
2020-03-15,363,5,5.1
2020-03-15,364,2,2.1
2020-03-15,365,1.5,1.6
2020-03-15,366,5.55,5.65
2020-03-15,367,2.45,2.55
2020-03-15,368,1.35,1.45
2020-03-15,369,5.55,5.65
2020-03-15,370,2.35,2.45
2020-03-15,371,1.35,1.45
2020-03-15,372,5.05,5.15
2020-03-15,617,2.5,2.7
2020-03-15,618,2.5,2.8
2020-03-15,672,250,251
2020-03-15,674,1.15,1.17
2020-03-15,675,1.4,1.42
2020-03-15,676,2.2,2.3
2020-03-15,677,1.9,2
2020-03-15,678,2.28,2.38
2020-03-15,716,17.2,17.2
2020-03-15,717,15.1,15.1
2020-03-15,718,14,14
2020-03-15,719,11.2,11.2
2020-03-15,731,5.65,5.8
2020-03-15,732,6.85,7
2020-03-15,733,8.05,8.4
2020-03-15,734,8.7,8.9
2020-03-15,735,7.5,8.5
2020-03-15,736,7.5,8
2020-03-15,737,2.9,3.2
2020-03-15,738,2.9,3.3
2020-03-15,758,1.3,1.5
2020-03-15,760,6.5,7.5
2020-03-15,762,1.4,1.9
2020-03-15,764,0.5,0.55
2020-03-15,765,6.5,8
2020-03-15,770,0.85,0.95
2020-03-15,771,6.5,7.5
2020-03-15,772,6.5,8
2020-03-15,773,0.95,1.1
2020-03-15,774,1.05,1.15
2020-03-15,775,1.1,1.2
2020-03-15,776,7.5,8
2020-03-15,777,7,7.5
2020-03-15,778,1,1.05
2020-03-15,779,1.45,1.55
2020-03-15,782,5.5,5.8
2020-03-15,783,0.8,0.9
2020-03-15,784,0.7,0.8
2020-03-15,785,4.3,4.8
2020-03-15,786,0.7,0.8
2020-03-15,789,4,4.5
2020-03-15,790,2.6,3.1
2020-03-15,791,2.7,3.2
2020-03-15,792,5,5.5
2020-03-15,793,1.3,1.6
2020-03-15,794,0.8,0.9
2020-03-15,795,1.2,1.5
2020-03-15,796,1.3,1.9
2020-03-15,797,1.1,1.2
2020-03-15,802,1600,1630
2020-03-15,803,1600,1650
2020-03-30,2,218.33,221.33
2020-03-30,3,210.33,213.33
2020-03-30,4,207.67,208.67
2020-03-30,5,202,203
2020-03-30,6,197.67,198.67
2020-03-30,7,276.67,278.67
2020-03-30,8,276.67,277.67
2020-03-30,9,209.33,211
2020-03-30,12,195,197
2020-03-30,13,179.67,180.67
2020-03-30,14,175.33,176.33
2020-03-30,16,178.67,179.67
2020-03-30,19,168.67,170.67
2020-03-30,20,177.67,179.67
2020-03-30,21,186,188
2020-03-30,23,418.33,423.33
2020-03-30,24,412.33,417.33
2020-03-30,25,290.67,292.67
2020-03-30,26,285.67,288.67
2020-03-30,27,468.33,469.33
2020-03-30,28,464.33,466.33
2020-03-30,29,450.33,451.33
2020-03-30,30,165.33,167.33
2020-03-30,31,169.33,171.33
2020-03-30,32,137.33,139.33
2020-03-30,33,170.33,182.33
2020-03-30,34,141.33,143.33
2020-03-30,35,186.33,188.33
2020-03-30,36,157.33,159.33
2020-03-30,37,141.67,142.67
2020-03-30,38,141.67,142.67
2020-03-30,39,264.67,265.67
2020-03-30,40,158.33,159.33
2020-03-30,41,765,770
2020-03-30,42,172.33,175
2020-03-30,47,202.33,203.33
2020-03-30,48,194.67,197.67
2020-03-30,50,380,430
2020-03-30,51,550,600
2020-03-30,53,970,1020
2020-03-30,54,1320,1370
2020-03-30,55,340,370
2020-03-30,56,250,260
2020-03-30,58,115,120
2020-03-30,63,100,110
2020-03-30,67,135,145
2020-03-30,71,85,95
2020-03-30,73,369,371.33
2020-03-30,75,369.33,371.33
2020-03-30,76,393.33,395.33
2020-03-30,77,391.33,393.33
2020-03-30,81,263.33,275
2020-03-30,86,756.67,761.67
2020-03-30,87,640,645
2020-03-30,88,620,625
2020-03-30,89,1733.33,1743.33
2020-03-30,90,1226.67,1236.67
2020-03-30,92,961.67,966.67
2020-03-30,94,730,735
2020-03-30,95,710,715
2020-03-30,101,9,10.5
2020-03-30,102,10,11.5
2020-03-30,103,3.07,4.57
2020-03-30,104,2,2.35
2020-03-30,105,2.55,2.8
2020-03-30,106,1.9,1.95
2020-03-30,107,1.09,1.11
2020-03-30,108,276,280
2020-03-30,109,247.67,249.67
2020-03-30,110,418.33,435
2020-03-30,111,269,271
2020-03-30,114,226.67,228.67
2020-03-30,115,178.67,181.67
2020-03-30,117,408.67,411.67
2020-03-30,118,400.67,403.33
2020-03-30,120,400.67,402.67
2020-03-30,121,465.33,468.33
2020-03-30,122,408.33,413.33
2020-03-30,124,405,410
2020-03-30,126,215,225
2020-03-30,127,205,210
2020-03-30,128,190,195
2020-03-30,129,190,200
2020-03-30,130,145,150
2020-03-30,131,1513.33,1518.33
2020-03-30,132,688.33,693.33
2020-03-30,133,663.33,668.33
2020-03-30,134,823.33,828.33
2020-03-30,176,6,7
2020-03-30,177,13,14
2020-03-30,181,4.7,4.8
2020-03-30,182,4.9,5
2020-03-30,183,5.15,5.3
2020-03-30,184,5.85,6.05
2020-03-30,185,7,7.1
2020-03-30,186,9.4,9.55
2020-03-30,187,290,325
2020-03-30,188,325,345
2020-03-30,189,192.5,212.5
2020-03-30,204,2.75,3.1
2020-03-30,205,3.5,4
2020-03-30,210,0.7,0.8
2020-03-30,211,0.25,0.35
2020-03-30,212,0.23,0.32
2020-03-30,225,1.5,1.8
2020-03-30,229,0.35,0.43
2020-03-30,246,0.47,0.53
2020-03-30,247,1,1.2
2020-03-30,248,0.5,0.7
2020-03-30,249,0.8,0.9
2020-03-30,250,0.35,0.45
2020-03-30,253,0.7,0.75
2020-03-30,261,0.6,0.7
2020-03-30,262,0.75,0.85
2020-03-30,263,0.95,1.05
2020-03-30,279,0.4,0.5
2020-03-30,280,0.2,0.25
2020-03-30,297,0.7,0.9
2020-03-30,328,0.3,0.35
2020-03-30,329,0.16,0.18
2020-03-30,331,0.3,0.33
2020-03-30,333,2.35,2.4
2020-03-30,335,2.33,2.38
2020-03-30,341,2.65,2.7
2020-03-30,342,2.85,2.9
2020-03-30,344,14.55,14.55
2020-03-30,345,12.45,12.45
2020-03-30,346,11.15,11.15
2020-03-30,347,9.35,9.35
2020-03-30,350,2.1,2.2
2020-03-30,351,2.35,2.45
2020-03-30,352,3.7,3.8
2020-03-30,353,4.6,4.7
2020-03-30,356,1.85,1.95
2020-03-30,357,1.8,1.9
2020-03-30,358,3.75,3.85
2020-03-30,361,4.2,4.3
2020-03-30,362,5.1,5.2
2020-03-30,363,5.22,5.33
2020-03-30,364,2,2.1
2020-03-30,365,1.55,1.65
2020-03-30,366,5.72,5.83
2020-03-30,367,2.4,2.5
2020-03-30,368,1.35,1.45
2020-03-30,369,5.72,5.83
2020-03-30,370,2.3,2.4
2020-03-30,371,1.35,1.45
2020-03-30,372,5,5.1
2020-03-30,617,2.5,2.7
2020-03-30,618,2.5,2.8
2020-03-30,672,258,259
2020-03-30,674,1.21,1.23
2020-03-30,675,1.42,1.44
2020-03-30,676,2.35,2.45
2020-03-30,677,1.8,1.9
2020-03-30,678,2.32,2.42
2020-03-30,685,4.5,5
2020-03-30,716,17.45,17.45
2020-03-30,717,15.35,15.35
2020-03-30,718,14.25,14.25
2020-03-30,719,11.45,11.45
2020-03-30,731,5.47,5.62
2020-03-30,732,6.68,6.82
2020-03-30,733,8.03,8.38
2020-03-30,734,8.68,8.88
2020-03-30,735,7.5,8.5
2020-03-30,736,7.5,8
2020-03-30,737,2.9,3.2
2020-03-30,738,2.9,3.3
2020-03-30,758,1.3,1.5
2020-03-30,760,6.83,7.5
2020-03-30,762,1.4,1.9
2020-03-30,764,0.5,0.55
2020-03-30,765,6.83,8
2020-03-30,770,0.85,0.95
2020-03-30,771,6.83,7.5
2020-03-30,772,6.83,8
2020-03-30,773,0.95,1.1
2020-03-30,774,1.05,1.15
2020-03-30,775,1.1,1.2
2020-03-30,776,7.5,8
2020-03-30,777,7,7.5
2020-03-30,778,1,1.05
2020-03-30,779,1.45,1.55
2020-03-30,782,5.5,5.8
2020-03-30,783,0.8,0.9
2020-03-30,784,0.7,0.8
2020-03-30,785,4.3,4.8
2020-03-30,786,0.7,0.8
2020-03-30,788,3.6,4
2020-03-30,789,4,4.5
2020-03-30,790,2.6,3.1
2020-03-30,791,2.7,3.2
2020-03-30,792,5,5.5
2020-03-30,793,1.3,1.6
2020-03-30,794,0.8,0.9
2020-03-30,795,1.2,1.5
2020-03-30,796,1.3,1.9
2020-03-30,797,1.1,1.2
2020-03-30,802,1635,1685
2020-03-30,803,1600,1650
2020-04-15,2,222,225
2020-04-15,3,214,217
2020-04-15,4,211,212
2020-04-15,5,206,207
2020-04-15,6,201,202
2020-04-15,7,281,283
2020-04-15,8,281,282
2020-04-15,9,211,212
2020-04-15,12,197,199
2020-04-15,13,182,183
2020-04-15,14,177,178
2020-04-15,15,180,182
2020-04-15,16,179,180
2020-04-15,19,170,172
2020-04-15,20,179,181
2020-04-15,21,184,186
2020-04-15,23,435,440
2020-04-15,24,424,429
2020-04-15,25,304,306
2020-04-15,26,299,302
2020-04-15,27,470,471
2020-04-15,28,466,468
2020-04-15,29,452,453
2020-04-15,30,176,178
2020-04-15,31,180,182
2020-04-15,32,148,150
2020-04-15,33,181,193
2020-04-15,34,152,154
2020-04-15,35,192,194
2020-04-15,36,163,165
2020-04-15,37,149,150
2020-04-15,38,149,150
2020-04-15,39,266,267
2020-04-15,40,161,162
2020-04-15,41,775,780
2020-04-15,42,175,177
2020-04-15,47,203,204
2020-04-15,48,197,200
2020-04-15,50,390,440
2020-04-15,51,560,610
2020-04-15,53,990,1040
2020-04-15,54,1340,1390
2020-04-15,55,340,370
2020-04-15,56,250,260
2020-04-15,58,115,120
2020-04-15,63,100,110
2020-04-15,67,135,145
2020-04-15,71,85,95
2020-04-15,73,379,380
2020-04-15,75,375,380
2020-04-15,76,405,407
2020-04-15,77,400,402
2020-04-15,81,270,280
2020-04-15,86,740,745
2020-04-15,87,630,635
2020-04-15,88,610,615
2020-04-15,89,1850,1860
2020-04-15,90,1220,1230
2020-04-15,92,875,880
2020-04-15,94,720,725
2020-04-15,95,700,705
2020-04-15,101,9,10.5
2020-04-15,102,10,11.5
2020-04-15,103,3,4.5
2020-04-15,104,2,2.35
2020-04-15,105,2.55,2.8
2020-04-15,106,1.9,1.95
2020-04-15,107,1.08,1.1
2020-04-15,108,276,280
2020-04-15,109,249,251
2020-04-15,110,425,440
2020-04-15,111,279,281
2020-04-15,114,240,242
2020-04-15,115,185,190
2020-04-15,117,405,410
2020-04-15,118,403,405
2020-04-15,120,403,405
2020-04-15,121,460,465
2020-04-15,122,410,415
2020-04-15,124,405,410
2020-04-15,126,210,220
2020-04-15,127,200,205
2020-04-15,128,185,190
2020-04-15,129,190,200
2020-04-15,130,145,150
2020-04-15,131,1490,1495
2020-04-15,132,680,685
2020-04-15,133,655,660
2020-04-15,134,815,820
2020-04-15,176,6,7
2020-04-15,177,13,14
2020-04-15,181,4.7,4.8
2020-04-15,182,4.9,5
2020-04-15,183,5.15,5.3
2020-04-15,184,5.85,6.05
2020-04-15,185,7,7.1
2020-04-15,186,9.4,9.55
2020-04-15,187,300,330
2020-04-15,188,295,310
2020-04-15,189,150,170
2020-04-15,204,1.5,2
2020-04-15,205,2.5,3
2020-04-15,225,1.5,1.8
2020-04-15,229,0.3,0.35
2020-04-15,246,0.4,0.45
2020-04-15,247,0.4,0.5
2020-04-15,248,0.7,0.8
2020-04-15,249,1.4,1.6
2020-04-15,250,0.45,0.55
2020-04-15,253,0.7,0.75
2020-04-15,255,0.7,0.75
2020-04-15,261,0.6,0.7
2020-04-15,262,0.75,0.85
2020-04-15,263,0.95,1.05
2020-04-15,279,0.4,0.5
2020-04-15,280,0.25,0.3
2020-04-15,297,0.7,0.9
2020-04-15,328,0.26,0.3
2020-04-15,329,0.12,0.14
2020-04-15,331,0.23,0.27
2020-04-15,333,2.3,2.35
2020-04-15,335,2.2,2.25
2020-04-15,341,2.65,2.7
2020-04-15,342,2.85,2.9
2020-04-15,344,15.1,15.1
2020-04-15,345,13,13
2020-04-15,346,11.7,11.7
2020-04-15,347,9.9,9.9
2020-04-15,350,2.05,2.15
2020-04-15,351,2.4,2.5
2020-04-15,352,3.7,3.8
2020-04-15,353,4.6,4.7
2020-04-15,356,1.75,1.85
2020-04-15,357,1.75,1.85
2020-04-15,358,3.5,3.6
2020-04-15,361,4.1,4.2
2020-04-15,362,5,5.1
2020-04-15,363,5.3,5.4
2020-04-15,364,2,2.1
2020-04-15,365,1.55,1.65
2020-04-15,366,5.8,5.9
2020-04-15,367,2.35,2.45
2020-04-15,368,1.35,1.45
2020-04-15,369,5.8,5.9
2020-04-15,370,2.25,2.35
2020-04-15,371,1.35,1.45
2020-04-15,372,4.55,4.65
2020-04-15,617,2.5,2.7
2020-04-15,618,2.5,2.8
2020-04-15,672,265,266
2020-04-15,674,1.22,1.24
2020-04-15,675,1.42,1.44
2020-04-15,676,2.4,2.5
2020-04-15,677,1.75,1.85
2020-04-15,678,2.32,2.42
2020-04-15,685,3.5,4.5
2020-04-15,716,18,18
2020-04-15,717,15.9,15.9
2020-04-15,718,14.8,14.8
2020-04-15,719,12,12
2020-04-15,731,5.45,5.6
2020-04-15,732,6.65,6.8
2020-04-15,733,8,8.35
2020-04-15,734,8.65,8.85
2020-04-15,735,7.5,8.5
2020-04-15,736,7.5,8
2020-04-15,737,2.9,3.2
2020-04-15,738,2.9,3.3
2020-04-15,758,1.3,1.5
2020-04-15,760,7,7.5
2020-04-15,762,1.4,1.9
2020-04-15,764,0.5,0.55
2020-04-15,765,7,8
2020-04-15,770,0.85,0.95
2020-04-15,771,7,7.5
2020-04-15,772,7,8
2020-04-15,773,0.95,1.1
2020-04-15,774,1.05,1.15
2020-04-15,775,1.1,1.2
2020-04-15,776,7.5,8
2020-04-15,777,7,7.5
2020-04-15,778,1,1.05
2020-04-15,779,1.45,1.55
2020-04-15,782,5.5,5.8
2020-04-15,783,0.8,0.9
2020-04-15,784,0.7,0.8
2020-04-15,785,4.3,4.8
2020-04-15,786,0.7,0.8
2020-04-15,788,3.6,4
2020-04-15,789,4,4.5
2020-04-15,790,2.6,3.1
2020-04-15,791,2.7,3.2
2020-04-15,792,5,5.5
2020-04-15,793,1.3,1.6
2020-04-15,794,0.8,0.9
2020-04-15,795,1.2,1.5
2020-04-15,796,1.3,1.9
2020-04-15,797,1.1,1.2
2020-04-15,802,1550,1650
2020-04-15,803,1500,1600
2020-04-30,2,216.5,219.5
2020-04-30,3,209,212
2020-04-30,4,206,207
2020-04-30,5,201,202
2020-04-30,6,196,197
2020-04-30,7,275,277
2020-04-30,8,275,276
2020-04-30,9,209,210
2020-04-30,10,205,207
2020-04-30,12,196.5,198.5
2020-04-30,13,180.5,181.5
2020-04-30,14,175.5,176.5
2020-04-30,15,177.5,179.5
2020-04-30,16,177,178
2020-04-30,19,166,168
2020-04-30,20,175,177
2020-04-30,21,175.5,183
2020-04-30,23,442.5,447.5
2020-04-30,24,431.5,436.5
2020-04-30,25,311.5,313.5
2020-04-30,26,306.5,309.5
2020-04-30,27,470,471
2020-04-30,28,466,468
2020-04-30,29,452,453
2020-04-30,30,151,153
2020-04-30,31,155,157
2020-04-30,32,123,125
2020-04-30,33,156,168
2020-04-30,34,127,129
2020-04-30,35,182,184
2020-04-30,36,153,155
2020-04-30,37,129,130
2020-04-30,38,129,130
2020-04-30,39,264.5,265.5
2020-04-30,40,159.5,160.5
2020-04-30,41,780,785
2020-04-30,42,175,177
2020-04-30,43,170,172
2020-04-30,47,200,201
2020-04-30,48,202,205
2020-04-30,50,435,485
2020-04-30,51,560,610
2020-04-30,53,1060,1110
2020-04-30,54,1340,1390
2020-04-30,55,340,370
2020-04-30,56,250,260
2020-04-30,58,115,120
2020-04-30,63,100,110
2020-04-30,67,135,145
2020-04-30,71,85,95
2020-04-30,73,375,376
2020-04-30,75,370,373.5
2020-04-30,76,401,403
2020-04-30,77,385,387
2020-04-30,81,270,277.5
2020-04-30,85,680,685
2020-04-30,86,685,690
2020-04-30,87,617.5,622.5
2020-04-30,88,597.5,602.5
2020-04-30,89,1860,1870
2020-04-30,90,1190,1200
2020-04-30,92,865,870
2020-04-30,94,707.5,712.5
2020-04-30,95,687.5,692.5
2020-04-30,101,9,10.5
2020-04-30,102,10,11.5
2020-04-30,103,3.25,4.5
2020-04-30,104,2.05,2.4
2020-04-30,105,2.55,2.8
2020-04-30,106,1.98,2.02
2020-04-30,107,1.12,1.14
2020-04-30,108,276,280
2020-04-30,109,253,255
2020-04-30,110,392.5,411.5
2020-04-30,111,279,281
2020-04-30,114,236.5,238.5
2020-04-30,115,185,188.5
2020-04-30,117,395,400
2020-04-30,118,363,365
2020-04-30,121,445,450
2020-04-30,122,370,375
2020-04-30,124,365,368.5
2020-04-30,126,202.5,212.5
2020-04-30,127,192.5,197.5
2020-04-30,128,177.5,182.5
2020-04-30,129,190,200
2020-04-30,130,145,150
2020-04-30,131,1485,1490
2020-04-30,132,687.5,692.5
2020-04-30,133,662.5,667.5
2020-04-30,134,830,835
2020-04-30,176,6,7
2020-04-30,177,13,14
2020-04-30,181,4.7,4.8
2020-04-30,182,4.9,5
2020-04-30,183,5.15,5.3
2020-04-30,184,5.85,6.05
2020-04-30,185,7,7.1
2020-04-30,186,9.4,9.55
2020-04-30,187,300,322.5
2020-04-30,188,270,287.5
2020-04-30,189,140,160
2020-04-30,204,0.9,1.2
2020-04-30,205,1.4,1.55
2020-04-30,209,0.5,0.55
2020-04-30,213,0.5,0.6
2020-04-30,225,1.5,1.8
2020-04-30,229,0.3,0.35
2020-04-30,242,0.7,0.8
2020-04-30,246,0.4,0.45
2020-04-30,247,0.4,0.5
2020-04-30,248,0.85,1
2020-04-30,249,1.45,1.65
2020-04-30,250,0.45,0.55
2020-04-30,253,0.7,0.75
2020-04-30,255,0.7,0.8
2020-04-30,258,0.32,0.6
2020-04-30,260,2.5,3
2020-04-30,261,0.7,0.8
2020-04-30,262,0.9,1
2020-04-30,263,1.02,1.12
2020-04-30,279,0.4,0.5
2020-04-30,328,0.23,0.27
2020-04-30,329,0.09,0.11
2020-04-30,331,0.19,0.23
2020-04-30,333,2.15,2.2
2020-04-30,335,2.02,2.08
2020-04-30,341,2.65,2.7
2020-04-30,342,2.85,2.9
2020-04-30,344,15.1,15.1
2020-04-30,345,13,13
2020-04-30,346,11.7,11.7
2020-04-30,347,9.9,9.9
2020-04-30,350,1.75,1.85
2020-04-30,351,1.82,1.93
2020-04-30,352,3.7,3.8
2020-04-30,353,4.6,4.7
2020-04-30,356,1.6,1.7
2020-04-30,357,1.6,1.7
2020-04-30,358,3.22,3.33
2020-04-30,361,3.83,3.92
2020-04-30,362,4.72,4.83
2020-04-30,363,4.53,4.62
2020-04-30,364,1.82,1.93
2020-04-30,365,1.55,1.65
2020-04-30,366,5.07,5.18
2020-04-30,367,2.08,2.17
2020-04-30,368,1.35,1.45
2020-04-30,369,5.07,5.18
2020-04-30,370,1.97,2.08
2020-04-30,371,1.35,1.45
2020-04-30,372,4,4.1
2020-04-30,617,2.5,2.7
2020-04-30,618,2.5,2.8
2020-04-30,672,270,271
2020-04-30,674,0.93,0.95
2020-04-30,675,1.25,1.27
2020-04-30,676,1.82,1.93
2020-04-30,677,1.6,1.7
2020-04-30,678,2.08,2.17
2020-04-30,685,2.1,2.2
2020-04-30,716,18,18
2020-04-30,717,15.9,15.9
2020-04-30,718,14.8,14.8
2020-04-30,719,12,12
2020-04-30,731,5.35,5.5
2020-04-30,732,6.53,6.68
2020-04-30,733,7.95,8.3
2020-04-30,734,8.6,8.8
2020-04-30,735,7.5,8.5
2020-04-30,736,7.5,8
2020-04-30,737,2.9,3.2
2020-04-30,738,2.9,3.3
2020-04-30,758,1.3,1.5
2020-04-30,760,7,7.5
2020-04-30,762,1.4,1.9
2020-04-30,764,0.55,0.68
2020-04-30,765,7,8
2020-04-30,770,0.85,0.95
2020-04-30,771,7,7.5
2020-04-30,772,7,8
2020-04-30,773,0.95,1.1
2020-04-30,774,1.05,1.15
2020-04-30,775,1.1,1.2
2020-04-30,776,7.5,8
2020-04-30,777,7,7.5
2020-04-30,778,1,1.05
2020-04-30,779,1.45,1.55
2020-04-30,782,5.5,5.8
2020-04-30,783,0.8,0.9
2020-04-30,784,0.7,0.8
2020-04-30,785,4.3,4.8
2020-04-30,786,0.7,0.8
2020-04-30,788,3.6,4
2020-04-30,789,4,4.5
2020-04-30,790,2.6,3.1
2020-04-30,791,2.7,3.2
2020-04-30,792,5,5.5
2020-04-30,793,1.3,1.6
2020-04-30,794,0.8,0.9
2020-04-30,795,1.2,1.5
2020-04-30,796,1.3,1.9
2020-04-30,797,1.1,1.2
2020-04-30,802,1425,1525
2020-04-30,803,1325,1425
2020-05-15,2,212,214
2020-05-15,3,205,208
2020-05-15,4,202,203
2020-05-15,5,197,198
2020-05-15,6,192,193
2020-05-15,7,267.5,269.5
2020-05-15,8,267.5,268.5
2020-05-15,9,208.5,210
2020-05-15,10,201.5,203.5
2020-05-15,12,194.5,196.5
2020-05-15,13,178,179
2020-05-15,14,173.5,174.5
2020-05-15,15,175.5,177.5
2020-05-15,16,177,178
2020-05-15,19,162,164
2020-05-15,20,171,173
2020-05-15,21,172,179
2020-05-15,23,450,455
2020-05-15,24,439,444
2020-05-15,25,319,321
2020-05-15,26,314,317
2020-05-15,27,470,471
2020-05-15,28,466,468
2020-05-15,29,452,453
2020-05-15,30,143.5,145.5
2020-05-15,31,147.5,149.5
2020-05-15,32,115.5,117.5
2020-05-15,33,148.5,160.5
2020-05-15,34,119.5,121.5
2020-05-15,35,175.5,177.5
2020-05-15,36,146.5,148.5
2020-05-15,37,121.5,122.5
2020-05-15,38,121.5,122.5
2020-05-15,39,262,263
2020-05-15,40,158.5,159.5
2020-05-15,41,780,785
2020-05-15,42,171,173
2020-05-15,43,170,172
2020-05-15,47,197.5,198.5
2020-05-15,48,204,205
2020-05-15,50,440,490
2020-05-15,51,560,610
2020-05-15,53,1070,1120
2020-05-15,54,1340,1390
2020-05-15,55,340,370
2020-05-15,56,250,260
2020-05-15,58,115,120
2020-05-15,63,100,110
2020-05-15,67,135,145
2020-05-15,71,85,95
2020-05-15,73,374,375
2020-05-15,75,360,365
2020-05-15,76,401,403
2020-05-15,77,367.5,369.5
2020-05-15,81,262.5,267.5
2020-05-15,85,680,685
2020-05-15,86,675,680
2020-05-15,87,630,635
2020-05-15,88,610,615
2020-05-15,89,1870,1880
2020-05-15,90,1190,1200
2020-05-15,92,830,835
2020-05-15,94,720,725
2020-05-15,95,700,705
2020-05-15,101,9,10.5
2020-05-15,102,10,11.5
2020-05-15,103,3.27,4.5
2020-05-15,104,2.05,2.4
2020-05-15,105,2.55,2.8
2020-05-15,106,1.95,2
2020-05-15,107,1.12,1.14
2020-05-15,108,276,280
2020-05-15,109,253,255
2020-05-15,110,387.5,407.5
2020-05-15,111,279,281
2020-05-15,114,231.5,233.5
2020-05-15,115,184,186
2020-05-15,117,392.5,397.5
2020-05-15,118,342.5,344.5
2020-05-15,121,442.5,447.5
2020-05-15,122,351,356
2020-05-15,124,345,347
2020-05-15,126,192.5,202.5
2020-05-15,127,182.5,187.5
2020-05-15,128,167.5,172.5
2020-05-15,129,190,200
2020-05-15,130,145,150
2020-05-15,131,1480,1485
2020-05-15,132,697.5,702.5
2020-05-15,133,672.5,677.5
2020-05-15,134,842.5,847.5
2020-05-15,176,6,7
2020-05-15,177,13,14
2020-05-15,181,4.7,4.8
2020-05-15,182,4.9,5
2020-05-15,183,5.07,5.22
2020-05-15,184,5.82,6.03
2020-05-15,185,6.97,7.07
2020-05-15,186,9.35,9.5
2020-05-15,187,295,315
2020-05-15,188,262.5,277.5
2020-05-15,189,140,150
2020-05-15,204,1.05,1.25
2020-05-15,205,1.55,1.65
2020-05-15,209,0.68,0.75
2020-05-15,213,0.53,0.62
2020-05-15,221,3.5,3.8
2020-05-15,225,1.5,1.8
2020-05-15,229,0.3,0.4
2020-05-15,242,0.73,0.82
2020-05-15,246,0.4,0.45
2020-05-15,248,0.9,1.1
2020-05-15,249,1.6,1.8
2020-05-15,250,0.4,0.5
2020-05-15,252,1.5,1.8
2020-05-15,253,0.7,0.75
2020-05-15,255,0.72,0.82
2020-05-15,258,0.4,0.5
2020-05-15,260,2,2.5
2020-05-15,261,0.85,0.95
2020-05-15,262,1.05,1.15
2020-05-15,263,1.25,1.35
2020-05-15,277,2.2,2.45
2020-05-15,279,0.4,0.5
2020-05-15,328,0.17,0.22
2020-05-15,329,0.05,0.07
2020-05-15,331,0.14,0.17
2020-05-15,333,2.1,2.15
2020-05-15,335,1.95,2
2020-05-15,341,2.65,2.7
2020-05-15,342,2.85,2.9
2020-05-15,344,14.65,14.65
2020-05-15,345,12.55,12.55
2020-05-15,346,11.25,11.25
2020-05-15,347,9.45,9.45
2020-05-15,350,1.75,1.85
2020-05-15,351,1.67,1.77
2020-05-15,352,3.7,3.8
2020-05-15,353,4.6,4.7
2020-05-15,356,1.48,1.58
2020-05-15,357,1.48,1.58
2020-05-15,358,3.15,3.25
2020-05-15,361,3.75,3.85
2020-05-15,362,4.65,4.75
2020-05-15,363,4.28,4.38
2020-05-15,364,1.77,1.88
2020-05-15,365,1.55,1.65
2020-05-15,366,4.85,4.95
2020-05-15,367,2,2.1
2020-05-15,368,1.35,1.45
2020-05-15,369,4.85,4.95
2020-05-15,370,1.9,2
2020-05-15,371,1.35,1.45
2020-05-15,372,3.6,3.7
2020-05-15,617,2.5,2.7
2020-05-15,618,2.5,2.8
2020-05-15,672,270,271
2020-05-15,674,0.87,0.89
2020-05-15,675,1.2,1.22
2020-05-15,676,1.67,1.77
2020-05-15,677,1.48,1.58
2020-05-15,678,2,2.1
2020-05-15,685,2.05,2.25
2020-05-15,716,17.6,17.6
2020-05-15,717,15.5,15.5
2020-05-15,718,14.4,14.4
2020-05-15,719,11.6,11.6
2020-05-15,731,5.28,5.43
2020-05-15,732,6.43,6.57
2020-05-15,733,7.93,8.28
2020-05-15,734,8.57,8.78
2020-05-15,735,7.5,8.5
2020-05-15,736,7.5,8
2020-05-15,737,2.9,3.2
2020-05-15,738,2.9,3.3
2020-05-15,758,1.3,1.5
2020-05-15,760,7,7.5
2020-05-15,762,1.4,1.9
2020-05-15,764,0.75,0.85
2020-05-15,765,7,8
2020-05-15,770,0.85,0.95
2020-05-15,771,7,7.5
2020-05-15,772,7,8
2020-05-15,773,0.95,1.1
2020-05-15,774,1.05,1.15
2020-05-15,775,1.1,1.2
2020-05-15,776,7.5,8
2020-05-15,777,7,7.5
2020-05-15,778,1,1.05
2020-05-15,779,1.45,1.55
2020-05-15,782,5.5,5.8
2020-05-15,783,0.8,0.9
2020-05-15,784,0.7,0.8
2020-05-15,785,4.3,4.8
2020-05-15,786,0.7,0.8
2020-05-15,788,3.6,4
2020-05-15,789,4,4.5
2020-05-15,790,2.6,3.1
2020-05-15,791,2.7,3.2
2020-05-15,792,5,5.5
2020-05-15,793,1.3,1.6
2020-05-15,794,0.8,0.9
2020-05-15,795,1.2,1.5
2020-05-15,796,1.3,1.9
2020-05-15,797,1.1,1.2
2020-05-15,802,1350,1450
2020-05-15,803,1250,1350
2020-05-30,2,207,209
2020-05-30,3,201,204
2020-05-30,4,197,198
2020-05-30,5,192,193
2020-05-30,6,187,188
2020-05-30,7,261.5,263.5
2020-05-30,8,261.5,262.5
2020-05-30,9,205.5,207
2020-05-30,10,197,199
2020-05-30,12,193,195
2020-05-30,13,174.5,175.5
2020-05-30,14,170.5,171.5
2020-05-30,15,174,175.5
2020-05-30,16,176,177
2020-05-30,19,160,162
2020-05-30,20,165,167
2020-05-30,21,169,174
2020-05-30,23,450,455
2020-05-30,24,439,444
2020-05-30,25,319,321
2020-05-30,26,314,317
2020-05-30,27,470,471
2020-05-30,28,466,468
2020-05-30,29,452,453
2020-05-30,30,163,165
2020-05-30,31,167,169
2020-05-30,32,135,137
2020-05-30,33,168,180
2020-05-30,34,139,141
2020-05-30,35,189.5,191.5
2020-05-30,36,160.5,162.5
2020-05-30,37,132,133
2020-05-30,38,132,133
2020-05-30,39,259,260
2020-05-30,40,157,158
2020-05-30,41,777.5,782.5
2020-05-30,42,170,172
2020-05-30,43,170,172
2020-05-30,47,196,197
2020-05-30,48,204,205
2020-05-30,50,440,490
2020-05-30,51,560,610
2020-05-30,53,1070,1120
2020-05-30,54,1340,1390
2020-05-30,55,340,370
2020-05-30,56,250,260
2020-05-30,58,115,120
2020-05-30,63,97.5,107.5
2020-05-30,67,132.5,142.5
2020-05-30,71,85,95
2020-05-30,73,374,375
2020-05-30,75,349,352
2020-05-30,76,401,403
2020-05-30,77,357.5,359.5
2020-05-30,81,260,262
2020-05-30,85,685,690
2020-05-30,86,680,685
2020-05-30,87,652.5,657.5
2020-05-30,88,622.5,627.5
2020-05-30,89,1860,1870
2020-05-30,90,1155,1165
2020-05-30,92,830,835
2020-05-30,94,742.5,747.5
2020-05-30,95,712.5,717.5
2020-05-30,101,9,10.5
2020-05-30,102,10,11.5
2020-05-30,103,3.35,4.5
2020-05-30,104,2.05,2.4
2020-05-30,105,2.55,2.8
2020-05-30,106,1.95,2
2020-05-30,107,1.12,1.14
2020-05-30,108,276,280
2020-05-30,109,253,255
2020-05-30,110,390,410
2020-05-30,111,279,281
2020-05-30,114,223,225
2020-05-30,115,180.5,185
2020-05-30,117,387.5,392.5
2020-05-30,118,322.5,328
2020-05-30,119,315,318
2020-05-30,121,437.5,442.5
2020-05-30,122,332,338
2020-05-30,124,327.5,329.5
2020-05-30,126,190,200
2020-05-30,127,180,185
2020-05-30,128,165,170
2020-05-30,129,190,200
2020-05-30,130,145,150
2020-05-30,131,1480,1485
2020-05-30,132,690,695
2020-05-30,133,665,670
2020-05-30,134,835,840
2020-05-30,176,6.5,7.5
2020-05-30,177,14,15
2020-05-30,181,4.7,4.8
2020-05-30,182,4.9,5
2020-05-30,183,5,5.15
2020-05-30,184,5.75,5.95
2020-05-30,185,6.9,7
2020-05-30,186,9.3,9.45
2020-05-30,187,330,350
2020-05-30,188,315,335
2020-05-30,189,195,205
2020-05-30,204,1.1,1.3
2020-05-30,205,1.6,1.7
2020-05-30,209,0.8,0.9
2020-05-30,211,0.32,0.38
2020-05-30,213,0.43,0.5
2020-05-30,221,2.35,2.5
2020-05-30,224,3,3.5
2020-05-30,225,1.5,1.8
2020-05-30,229,0.3,0.35
2020-05-30,232,0.55,0.65
2020-05-30,242,0.62,0.77
2020-05-30,243,0.7,0.8
2020-05-30,245,0.9,1
2020-05-30,246,0.4,0.45
2020-05-30,248,0.9,1.1
2020-05-30,250,0.35,0.45
2020-05-30,252,1.6,2
2020-05-30,253,0.7,0.75
2020-05-30,255,0.78,0.88
2020-05-30,258,0.4,0.45
2020-05-30,260,1.9,2.1
2020-05-30,261,0.9,1
2020-05-30,262,1.1,1.2
2020-05-30,263,1.3,1.4
2020-05-30,272,2,2.75
2020-05-30,277,1.45,1.8
2020-05-30,286,0.85,1
2020-05-30,328,0.16,0.2
2020-05-30,329,0.04,0.06
2020-05-30,331,0.12,0.16
2020-05-30,333,2.05,2.1
2020-05-30,335,1.95,2
2020-05-30,341,2.65,2.7
2020-05-30,342,2.85,2.9
2020-05-30,344,14.2,14.2
2020-05-30,345,12.1,12.1
2020-05-30,346,10.8,10.8
2020-05-30,347,9,9
2020-05-30,350,1.9,2
2020-05-30,351,1.7,1.8
2020-05-30,352,3.7,3.8
2020-05-30,353,4.6,4.7
2020-05-30,356,1.45,1.55
2020-05-30,357,1.45,1.55
2020-05-30,358,3.15,3.25
2020-05-30,361,3.65,3.75
2020-05-30,362,4.55,4.65
2020-05-30,363,4.3,4.4
2020-05-30,364,1.8,1.9
2020-05-30,365,1.55,1.65
2020-05-30,366,4.6,4.7
2020-05-30,367,1.9,2
2020-05-30,368,1.35,1.45
2020-05-30,369,4.6,4.7
2020-05-30,370,1.8,1.9
2020-05-30,371,1.35,1.45
2020-05-30,372,3.6,3.7
2020-05-30,617,2.5,2.7
2020-05-30,618,2.5,2.8
2020-05-30,672,270,271
2020-05-30,674,0.89,0.91
2020-05-30,675,1.15,1.17
2020-05-30,676,1.7,1.8
2020-05-30,677,1.45,1.55
2020-05-30,678,1.9,2
2020-05-30,685,2.6,2.9
2020-05-30,716,17.2,17.2
2020-05-30,717,15.1,15.1
2020-05-30,718,14,14
2020-05-30,719,11.2,11.2
2020-05-30,731,5.2,5.3
2020-05-30,732,6.3,6.45
2020-05-30,733,7.85,8.2
2020-05-30,734,8.5,8.7
2020-05-30,735,7.5,8.5
2020-05-30,736,7.5,8
2020-05-30,737,2.9,3.2
2020-05-30,738,2.9,3.3
2020-05-30,758,1.3,1.5
2020-05-30,760,7,7.5
2020-05-30,762,1.4,1.9
2020-05-30,764,0.8,0.9
2020-05-30,765,7,8
2020-05-30,770,0.85,0.95
2020-05-30,771,7,7.5
2020-05-30,772,7,8
2020-05-30,773,0.95,1.1
2020-05-30,774,1.05,1.15
2020-05-30,775,1.1,1.2
2020-05-30,776,7.5,8
2020-05-30,777,7,7.5
2020-05-30,778,1,1.05
2020-05-30,779,1.45,1.55
2020-05-30,782,5.5,5.8
2020-05-30,783,0.8,0.9
2020-05-30,784,0.7,0.8
2020-05-30,785,4.3,4.8
2020-05-30,786,0.7,0.8
2020-05-30,788,3.6,4
2020-05-30,789,4,4.5
2020-05-30,790,2.6,3.1
2020-05-30,791,2.7,3.2
2020-05-30,792,5,5.5
2020-05-30,793,1.3,1.6
2020-05-30,794,0.8,0.9
2020-05-30,795,1.2,1.5
2020-05-30,796,1.3,1.9
2020-05-30,797,1.1,1.2
2020-05-30,802,1450,1550
2020-05-30,803,1350,1450
2020-06-15,2,201,203
2020-06-15,3,197,200
2020-06-15,4,193,194
2020-06-15,5,188,189
2020-06-15,6,183,184
2020-06-15,7,253.5,255.5
2020-06-15,8,253.5,254.5
2020-06-15,10,193,195
2020-06-15,12,193.5,195
2020-06-15,13,175,176
2020-06-15,14,171,172
2020-06-15,15,177.5,178.5
2020-06-15,16,177.5,179
2020-06-15,21,165,169.5
2020-06-15,23,450,455
2020-06-15,24,439,444
2020-06-15,25,319,321
2020-06-15,26,314,317
2020-06-15,27,470,471
2020-06-15,28,466,468
2020-06-15,29,452,453
2020-06-15,30,175.5,177.5
2020-06-15,31,179.5,181.5
2020-06-15,32,147.5,149.5
2020-06-15,33,180.5,192.5
2020-06-15,34,151.5,153.5
2020-06-15,35,195.5,197.5
2020-06-15,36,166.5,168.5
2020-06-15,37,136.5,137.5
2020-06-15,38,136.5,137.5
2020-06-15,39,259.5,260.5
2020-06-15,40,157.5,158.5
2020-06-15,41,775,780
2020-06-15,42,170,172
2020-06-15,43,170,172
2020-06-15,47,196,197
2020-06-15,48,206,207
2020-06-15,50,435,485
2020-06-15,51,560,610
2020-06-15,53,1060,1110
2020-06-15,54,1340,1390
2020-06-15,55,340,370
2020-06-15,56,250,260
2020-06-15,58,115,120
2020-06-15,73,386.5,387.5
2020-06-15,75,336.5,339
2020-06-15,76,416,418
2020-06-15,77,350,352
2020-06-15,81,260,262
2020-06-15,85,700,705
2020-06-15,86,702.5,707.5
2020-06-15,87,685,690
2020-06-15,88,645,650
2020-06-15,89,1870,1880
2020-06-15,90,1060,1070
2020-06-15,92,840,845
2020-06-15,94,775,780
2020-06-15,95,735,740
2020-06-15,101,9,10.5
2020-06-15,102,10,11.5
2020-06-15,103,3.4,4.5
2020-06-15,104,2.05,2.4
2020-06-15,105,2.55,2.8
2020-06-15,106,1.95,2
2020-06-15,107,1.12,1.14
2020-06-15,108,276,280
2020-06-15,109,253,255
2020-06-15,110,390,410
2020-06-15,114,222,225
2020-06-15,115,179,186
2020-06-15,117,385,388
2020-06-15,118,313,316
2020-06-15,120,308,311
2020-06-15,121,435,439
2020-06-15,122,322,326
2020-06-15,124,317,319
2020-06-15,126,190,200
2020-06-15,127,180,185
2020-06-15,128,165,170
2020-06-15,129,190,200
2020-06-15,130,145,150
2020-06-15,131,1460,1465
2020-06-15,132,675,680
2020-06-15,133,650,655
2020-06-15,134,812.5,817.5
2020-06-15,176,6.5,7.5
2020-06-15,177,14.5,15.5
2020-06-15,181,4.7,4.8
2020-06-15,182,4.9,5
2020-06-15,183,5,5.15
2020-06-15,184,5.75,5.95
2020-06-15,185,6.9,7
2020-06-15,186,9.3,9.45
2020-06-15,187,360,375
2020-06-15,188,347.5,367.5
2020-06-15,189,207.5,217.5
2020-06-15,209,1,1.1
2020-06-15,211,0.23,0.3
2020-06-15,213,0.35,0.43
2020-06-15,219,1.4,1.5
2020-06-15,220,1.1,1.3
2020-06-15,221,2.25,2.75
2020-06-15,225,1.5,1.8
2020-06-15,229,0.3,0.38
2020-06-15,232,0.43,0.53
2020-06-15,239,2.2,2.3
2020-06-15,240,2,2.2
2020-06-15,242,0.47,0.57
2020-06-15,243,0.53,0.62
2020-06-15,245,0.75,0.85
2020-06-15,248,0.9,1.1
2020-06-15,250,0.35,0.45
2020-06-15,252,2.3,2.5
2020-06-15,253,0.7,0.75
2020-06-15,255,0.8,0.9
2020-06-15,258,0.32,0.4
2020-06-15,260,1.65,2
2020-06-15,266,1,1.2
2020-06-15,273,1.9,2.65
2020-06-15,274,1.9,2.65
2020-06-15,286,0.47,0.57
2020-06-15,328,0.15,0.19
2020-06-15,329,0.03,0.05
2020-06-15,331,0.11,0.15
2020-06-15,333,2.05,2.1
2020-06-15,335,1.85,1.9
2020-06-15,341,2.65,2.7
2020-06-15,342,2.85,2.9
2020-06-15,344,13.9,13.9
2020-06-15,345,11.8,11.8
2020-06-15,346,10.5,10.5
2020-06-15,347,8.7,8.7
2020-06-15,350,2.17,2.28
2020-06-15,351,1.75,1.85
2020-06-15,352,3.75,3.85
2020-06-15,353,4.6,4.7
2020-06-15,356,1.4,1.5
2020-06-15,357,1.4,1.5
2020-06-15,358,3.05,3.15
2020-06-15,361,3.65,3.75
2020-06-15,362,4.55,4.65
2020-06-15,363,4.3,4.4
2020-06-15,364,1.8,1.9
2020-06-15,365,1.55,1.65
2020-06-15,366,4.45,4.55
2020-06-15,367,1.9,2
2020-06-15,368,1.35,1.45
2020-06-15,369,4.45,4.55
2020-06-15,370,1.8,1.9
2020-06-15,371,1.35,1.45
2020-06-15,372,3.65,3.75
2020-06-15,617,2.5,2.7
2020-06-15,618,2.5,2.8
2020-06-15,672,267,268
2020-06-15,674,0.89,0.91
2020-06-15,675,1.15,1.17
2020-06-15,676,1.75,1.85
2020-06-15,677,1.4,1.5
2020-06-15,678,1.85,1.95
2020-06-15,716,16.9,16.9
2020-06-15,717,14.8,14.8
2020-06-15,718,13.7,13.7
2020-06-15,719,10.9,10.9
2020-06-15,731,5,5.1
2020-06-15,732,6.05,6.2
2020-06-15,733,7.7,8.05
2020-06-15,734,8.35,8.55
2020-06-15,735,7.5,8.5
2020-06-15,736,7.5,8
2020-06-15,737,2.9,3.2
2020-06-15,738,2.9,3.3
2020-06-15,758,1.3,1.5
2020-06-15,760,7,7.5
2020-06-15,762,1.4,1.9
2020-06-15,765,7,8
2020-06-15,770,0.7,0.95
2020-06-15,771,7,7.5
2020-06-15,772,7,8
2020-06-15,773,0.95,1.1
2020-06-15,774,1.05,1.15
2020-06-15,775,1.1,1.2
2020-06-15,776,7.5,8
2020-06-15,777,7,7.5
2020-06-15,778,1,1.05
2020-06-15,779,1.45,1.55
2020-06-15,782,5.5,5.8
2020-06-15,783,0.8,0.9
2020-06-15,784,0.7,0.8
2020-06-15,785,4.3,4.8
2020-06-15,786,0.7,0.8
2020-06-15,788,3.4,4
2020-06-15,789,3.75,4.25
2020-06-15,790,2.6,3.1
2020-06-15,791,2.7,3.2
2020-06-15,792,5,5.5
2020-06-15,793,1.3,1.6
2020-06-15,794,0.8,0.9
2020-06-15,795,1.2,1.5
2020-06-15,796,1.3,1.9
2020-06-15,797,1.1,1.2
2020-06-15,802,1700,1750
2020-06-15,803,1650,1700
2020-06-30,4,175,180
2020-06-30,5,170,175
2020-06-30,7,247.5,249.5
2020-06-30,8,247.5,248.5
2020-06-30,10,191.5,193.5
2020-06-30,12,196,197
2020-06-30,13,180,181
2020-06-30,14,176.5,177.5
2020-06-30,15,183,184
2020-06-30,16,183,184
2020-06-30,19,146.5,148.5
2020-06-30,20,151.5,153.5
2020-06-30,21,164,168
2020-06-30,23,447.5,452.5
2020-06-30,24,436.5,441.5
2020-06-30,25,316.5,318.5
2020-06-30,26,311.5,314.5
2020-06-30,27,470,471
2020-06-30,28,466,468
2020-06-30,29,452,453
2020-06-30,30,151,153
2020-06-30,31,155,157
2020-06-30,32,123,125
2020-06-30,33,156,168
2020-06-30,34,127,129
2020-06-30,35,189,191
2020-06-30,36,160,162
2020-06-30,37,130,131
2020-06-30,38,130,131
2020-06-30,39,262,263
2020-06-30,40,160.5,161.5
2020-06-30,41,767.5,772.5
2020-06-30,42,170,172
2020-06-30,43,170,172
2020-06-30,47,194.5,195.5
2020-06-30,48,206,210
2020-06-30,50,430,480
2020-06-30,51,550,600
2020-06-30,53,1050,1100
2020-06-30,54,1320,1370
2020-06-30,55,340,370
2020-06-30,56,250,260
2020-06-30,58,115,120
2020-06-30,68,40,45
2020-06-30,75,341.5,345
2020-06-30,76,426,428
2020-06-30,77,358,360
2020-06-30,79,347.5,352.5
2020-06-30,80,357.5,362.5
2020-06-30,81,261.5,263.5
2020-06-30,85,720,725
2020-06-30,86,730,735
2020-06-30,87,715,720
2020-06-30,88,645,650
2020-06-30,89,1870,1880
2020-06-30,90,1025,1035
2020-06-30,92,850,855
2020-06-30,94,805,810
2020-06-30,95,735,740
2020-06-30,101,9,10.5
2020-06-30,102,10,11.5
2020-06-30,103,3.42,4.53
2020-06-30,104,2.05,2.4
2020-06-30,105,2.58,2.83
2020-06-30,106,1.95,2
2020-06-30,107,1.17,1.19
2020-06-30,108,273,277
2020-06-30,109,252,254
2020-06-30,110,382,400
2020-06-30,111,275,280
2020-06-30,114,225,227
2020-06-30,115,185,187
2020-06-30,117,383.5,386.5
2020-06-30,118,308.5,310.5
2020-06-30,120,308,311
2020-06-30,121,433.5,440
2020-06-30,122,318.5,320.5
2020-06-30,124,317,319
2020-06-30,126,190,200
2020-06-30,127,180,185
2020-06-30,128,165,170
2020-06-30,129,190,200
2020-06-30,130,145,150
2020-06-30,131,1485,1490
2020-06-30,132,655,660
2020-06-30,133,630,635
2020-06-30,134,785,790
2020-06-30,176,6.5,7.5
2020-06-30,177,14.5,15.5
2020-06-30,181,4.68,4.78
2020-06-30,182,4.88,4.98
2020-06-30,183,5,5.15
2020-06-30,184,5.75,5.95
2020-06-30,185,6.9,7
2020-06-30,186,9.3,9.45
2020-06-30,187,352.5,362.5
2020-06-30,188,340,360
2020-06-30,189,190,200
2020-06-30,209,0.75,0.9
2020-06-30,211,0.2,0.3
2020-06-30,213,0.28,0.32
2020-06-30,219,1.2,1.3
2020-06-30,220,0.8,0.95
2020-06-30,221,1.5,1.75
2020-06-30,225,1.5,1.8
2020-06-30,229,0.3,0.35
2020-06-30,232,0.32,0.4
2020-06-30,239,2.2,2.3
2020-06-30,240,2,2.2
2020-06-30,242,0.45,0.55
2020-06-30,243,0.38,0.47
2020-06-30,245,0.68,0.77
2020-06-30,248,0.9,1.1
2020-06-30,250,0.35,0.45
2020-06-30,252,2.3,2.5
2020-06-30,253,0.7,0.75
2020-06-30,255,0.8,0.9
2020-06-30,258,0.28,0.35
2020-06-30,260,1.5,2
2020-06-30,266,0.8,1
2020-06-30,273,1.8,2.2
2020-06-30,274,1.8,2.2
2020-06-30,286,0.4,0.47
2020-06-30,293,0.35,0.45
2020-06-30,294,0.45,0.5
2020-06-30,295,0.7,0.75
2020-06-30,296,0.9,1
2020-06-30,313,0.25,0.3
2020-06-30,314,0.3,0.35
2020-06-30,315,0.4,0.5
2020-06-30,316,0.65,0.75
2020-06-30,328,0.14,0.18
2020-06-30,329,0.02,0.04
2020-06-30,331,0.1,0.14
2020-06-30,333,2.05,2.1
2020-06-30,335,1.85,1.9
2020-06-30,341,2.65,2.7
2020-06-30,342,2.85,2.9
2020-06-30,344,13.6,13.6
2020-06-30,345,11.5,11.5
2020-06-30,346,10.2,10.2
2020-06-30,347,8.4,8.4
2020-06-30,350,2.35,2.45
2020-06-30,351,1.85,1.95
2020-06-30,352,3.75,3.85
2020-06-30,353,4.6,4.7
2020-06-30,356,1.35,1.45
2020-06-30,357,1.35,1.45
2020-06-30,358,3.05,3.15
2020-06-30,361,3.65,3.75
2020-06-30,362,4.55,4.65
2020-06-30,363,4.3,4.4
2020-06-30,364,1.8,1.9
2020-06-30,365,1.55,1.65
2020-06-30,366,4.45,4.55
2020-06-30,367,1.9,2
2020-06-30,368,1.35,1.45
2020-06-30,369,4.45,4.55
2020-06-30,370,1.8,1.9
2020-06-30,371,1.35,1.45
2020-06-30,372,3.85,3.95
2020-06-30,672,267,268
2020-06-30,674,0.91,0.93
2020-06-30,675,1.15,1.17
2020-06-30,676,1.85,1.95
2020-06-30,677,1.35,1.45
2020-06-30,678,1.85,1.95
2020-06-30,716,16.6,16.6
2020-06-30,717,14.5,14.5
2020-06-30,718,13.4,13.4
2020-06-30,719,10.6,10.6
2020-06-30,731,5,5.1
2020-06-30,732,6,6.15
2020-06-30,733,7.7,8.05
2020-06-30,734,8.35,8.55
2020-06-30,802,1700,1750
2020-06-30,803,1650,1700
2020-07-15,2,196,200
2020-07-15,3,186,190
2020-07-15,4,177,180
2020-07-15,5,173,175
2020-07-15,7,241.5,243.5
2020-07-15,8,241.5,242.5
2020-07-15,10,187,189
2020-07-15,12,198.5,199.5
2020-07-15,13,184,185
2020-07-15,14,181,182
2020-07-15,15,187.5,188.5
2020-07-15,16,188.5,189.5
2020-07-15,19,146,148
2020-07-15,20,151,153
2020-07-15,21,161,164
2020-07-15,23,435,440
2020-07-15,24,424,429
2020-07-15,25,304,306
2020-07-15,26,299,302
2020-07-15,27,470,471
2020-07-15,28,466,468
2020-07-15,29,452,453
2020-07-15,30,143.5,145.5
2020-07-15,31,147.5,149.5
2020-07-15,32,115.5,117.5
2020-07-15,33,148.5,160.5
2020-07-15,34,119.5,121.5
2020-07-15,35,189,191
2020-07-15,36,160,162
2020-07-15,37,125.5,126.5
2020-07-15,38,125.5,126.5
2020-07-15,39,265.5,266.5
2020-07-15,40,162.5,163.5
2020-07-15,41,757.5,762.5
2020-07-15,42,171,173
2020-07-15,43,171,173
2020-07-15,47,192.5,193.5
2020-07-15,48,206,210
2020-07-15,50,430,480
2020-07-15,51,550,600
2020-07-15,53,1050,1100
2020-07-15,54,1320,1370
2020-07-15,55,340,370
2020-07-15,56,250,260
2020-07-15,58,115,120
2020-07-15,61,100,110
2020-07-15,63,125,130
2020-07-15,65,95,105
2020-07-15,67,130,140
2020-07-15,68,40,45
2020-07-15,69,47.5,52.5
2020-07-15,71,72.5,77.5
2020-07-15,75,346.5,351.5
2020-07-15,76,428.5,430.5
2020-07-15,77,360.5,362.5
2020-07-15,79,345,350
2020-07-15,80,355,360
2020-07-15,81,257,259
2020-07-15,85,720,725
2020-07-15,86,715,720
2020-07-15,87,725,730
2020-07-15,88,652.5,657.5
2020-07-15,89,1870,1880
2020-07-15,90,1050,1060
2020-07-15,92,835,840
2020-07-15,94,815,820
2020-07-15,95,742.5,747.5
2020-07-15,103,3.45,4.55
2020-07-15,104,2.05,2.3
2020-07-15,105,2.6,2.75
2020-07-15,106,1.85,1.95
2020-07-15,107,1.15,1.17
2020-07-15,108,273,277
2020-07-15,109,251,253
2020-07-15,110,370,388
2020-07-15,111,265,270
2020-07-15,112,253,255
2020-07-15,114,225,227
2020-07-15,115,185,187
2020-07-15,117,388.5,391.5
2020-07-15,118,314.5,316.5
2020-07-15,120,316,319
2020-07-15,121,446,451
2020-07-15,122,325,327
2020-07-15,124,323.5,325.5
2020-07-15,126,195,205
2020-07-15,127,185,190
2020-07-15,128,170,175
2020-07-15,129,190,200
2020-07-15,130,145,150
2020-07-15,131,1475,1480
2020-07-15,132,642.5,647.5
2020-07-15,133,617.5,622.5
2020-07-15,134,765,770
2020-07-15,176,6.5,7.5
2020-07-15,177,14.5,15.5
2020-07-15,181,4.7,4.8
2020-07-15,182,4.9,5
2020-07-15,183,5,5.15
2020-07-15,184,5.75,5.95
2020-07-15,185,6.9,7
2020-07-15,186,9.3,9.45
2020-07-15,187,350,362.5
2020-07-15,188,340,360
2020-07-15,189,190,200
2020-07-15,209,0.4,0.6
2020-07-15,211,0.2,0.3
2020-07-15,213,0.29,0.38
2020-07-15,219,1.2,1.3
2020-07-15,220,0.45,0.6
2020-07-15,221,1.05,1.2
2020-07-15,222,5.5,6
2020-07-15,225,1.5,1.8
2020-07-15,229,0.4,0.5
2020-07-15,232,0.3,0.35
2020-07-15,236,0.6,0.7
2020-07-15,237,0.6,0.7
2020-07-15,238,0.35,0.4
2020-07-15,239,2.1,2.25
2020-07-15,240,2,2.15
2020-07-15,241,0.3,0.35
2020-07-15,242,0.45,0.53
2020-07-15,243,0.23,0.28
2020-07-15,245,0.45,0.53
2020-07-15,250,0.35,0.45
2020-07-15,252,2.4,2.6
2020-07-15,253,0.7,0.75
2020-07-15,255,0.8,0.9
2020-07-15,258,0.2,0.25
2020-07-15,260,1.5,2
2020-07-15,269,1,1.15
2020-07-15,273,1.4,1.85
2020-07-15,274,1.5,2
2020-07-15,286,0.5,0.6
2020-07-15,289,0.5,0.6
2020-07-15,290,0.8,0.85
2020-07-15,291,1,1.1
2020-07-15,293,0.38,0.47
2020-07-15,294,0.5,0.57
2020-07-15,295,0.75,0.82
2020-07-15,296,0.95,1.1
2020-07-15,309,0.45,0.55
2020-07-15,310,0.7,0.8
2020-07-15,311,0.9,1
2020-07-15,313,0.23,0.3
2020-07-15,314,0.32,0.4
2020-07-15,315,0.42,0.53
2020-07-15,316,0.57,0.68
2020-07-15,328,0.16,0.2
2020-07-15,329,0.03,0.05
2020-07-15,331,0.11,0.15
2020-07-15,333,2.05,2.1
2020-07-15,335,1.85,1.9
2020-07-15,341,2.65,2.7
2020-07-15,342,2.85,2.9
2020-07-15,344,13.6,13.6
2020-07-15,345,11.5,11.5
2020-07-15,346,10.2,10.2
2020-07-15,347,8.4,8.4
2020-07-15,350,2.35,2.45
2020-07-15,351,1.95,2.05
2020-07-15,352,3.75,3.85
2020-07-15,353,4.6,4.7
2020-07-15,356,1.35,1.45
2020-07-15,357,1.35,1.45
2020-07-15,358,3.05,3.15
2020-07-15,361,3.65,3.75
2020-07-15,362,4.55,4.65
2020-07-15,363,4.55,4.65
2020-07-15,364,1.9,2
2020-07-15,365,1.6,1.7
2020-07-15,366,4.55,4.65
2020-07-15,367,1.92,2.02
2020-07-15,368,1.35,1.45
2020-07-15,369,4.55,4.65
2020-07-15,370,1.83,1.92
2020-07-15,371,1.35,1.45
2020-07-15,372,3.8,3.9
2020-07-15,672,262,263
2020-07-15,674,0.94,0.96
2020-07-15,675,1.16,1.18
2020-07-15,676,1.95,2.05
2020-07-15,677,1.35,1.45
2020-07-15,678,1.88,1.98
2020-07-15,716,16.6,16.6
2020-07-15,717,14.5,14.5
2020-07-15,718,13.4,13.4
2020-07-15,719,10.6,10.6
2020-07-15,731,5,5.1
2020-07-15,732,6.05,6.15
2020-07-15,733,7.7,8.05
2020-07-15,734,8.35,8.55
2020-07-15,760,7,7.5
2020-07-15,770,0.75,0.95
2020-07-15,771,7,7.5
2020-07-15,773,0.9,1.02
2020-07-15,776,6.5,7.75
2020-07-15,788,3.2,4
2020-07-15,789,3.5,4
2020-07-15,790,2.2,3
2020-07-15,791,2.2,3
2020-07-15,795,0.98,1.27
2020-07-15,802,1740,1790
2020-07-15,803,1680,1730
2020-07-30,2,201.5,204.5
2020-07-30,3,191,193.5
2020-07-30,4,180,181
2020-07-30,5,175,176
2020-07-30,7,240,242
2020-07-30,8,240,241
2020-07-30,10,188,190
2020-07-30,12,200,201
2020-07-30,13,186,187
2020-07-30,14,183,184
2020-07-30,15,191,192
2020-07-30,16,190.5,191.5
2020-07-30,19,148,150
2020-07-30,20,153,155
2020-07-30,21,162,164
2020-07-30,23,437.5,442.5
2020-07-30,24,426.5,431.5
2020-07-30,25,306.5,308.5
2020-07-30,26,301.5,304.5
2020-07-30,27,470,471
2020-07-30,28,466,468
2020-07-30,29,452,453
2020-07-30,30,158,160
2020-07-30,31,162,164
2020-07-30,32,130,132
2020-07-30,33,163,175
2020-07-30,34,134,136
2020-07-30,35,196.5,198.5
2020-07-30,36,167.5,169.5
2020-07-30,37,135,136
2020-07-30,38,135,136
2020-07-30,39,267,268
2020-07-30,40,163,164
2020-07-30,41,747.5,752.5
2020-07-30,42,173,175
2020-07-30,43,173,175
2020-07-30,47,192,193
2020-07-30,48,208,210
2020-07-30,50,420,470
2020-07-30,51,540,590
2020-07-30,53,1030,1080
2020-07-30,54,1300,1350
2020-07-30,55,345,375
2020-07-30,56,255,265
2020-07-30,58,120,125
2020-07-30,61,100,110
2020-07-30,63,125,130
2020-07-30,65,100,110
2020-07-30,67,135,145
2020-07-30,69,50,55
2020-07-30,71,75,80
2020-07-30,75,344.5,349
2020-07-30,76,426,428
2020-07-30,77,358,360
2020-07-30,81,254,256
2020-07-30,85,720,725
2020-07-30,86,715,720
2020-07-30,87,765,770
2020-07-30,88,690,695
2020-07-30,89,1860,1870
2020-07-30,90,1150,1160
2020-07-30,92,825,830
2020-07-30,94,855,860
2020-07-30,95,780,785
2020-07-30,103,3.55,4.55
2020-07-30,104,2.15,2.3
2020-07-30,105,2.6,2.75
2020-07-30,106,1.85,2.05
2020-07-30,107,1.12,1.14
2020-07-30,108,273,277
2020-07-30,109,253,255
2020-07-30,110,370,388
2020-07-30,111,247.5,252.5
2020-07-30,112,244,246
2020-07-30,114,225.5,227.5
2020-07-30,115,185.5,188.5
2020-07-30,117,381,384
2020-07-30,118,309,311
2020-07-30,120,309,312
2020-07-30,121,441,443
2020-07-30,122,319,321
2020-07-30,124,319,321
2020-07-30,126,195,205
2020-07-30,127,185,190
2020-07-30,128,170,175
2020-07-30,129,190,200
2020-07-30,130,145,150
2020-07-30,131,1460,1465
2020-07-30,132,640,645
2020-07-30,133,615,620
2020-07-30,134,752.5,757.5
2020-07-30,176,6.5,7.5
2020-07-30,177,13.5,14.5
2020-07-30,181,4.7,4.8
2020-07-30,182,4.9,5
2020-07-30,183,5,5.15
2020-07-30,184,5.75,5.95
2020-07-30,185,6.9,7
2020-07-30,186,9.3,9.45
2020-07-30,187,347.5,360
2020-07-30,188,335,355
2020-07-30,189,192.5,202.5
2020-07-30,211,0.2,0.3
2020-07-30,213,0.3,0.4
2020-07-30,219,1.2,1.3
2020-07-30,220,0.68,0.78
2020-07-30,221,1.8,2
2020-07-30,222,4.5,5
2020-07-30,224,2.65,3
2020-07-30,225,1.5,1.8
2020-07-30,229,0.43,0.53
2020-07-30,232,0.35,0.4
2020-07-30,236,0.47,0.6
2020-07-30,237,0.47,0.6
2020-07-30,238,0.42,0.5
2020-07-30,239,2,2.2
2020-07-30,240,2,2.1
2020-07-30,241,0.3,0.35
2020-07-30,242,0.28,0.38
2020-07-30,243,0.2,0.25
2020-07-30,245,0.38,0.45
2020-07-30,252,2.6,2.85
2020-07-30,253,0.7,0.75
2020-07-30,258,0.28,0.33
2020-07-30,260,1.5,2
2020-07-30,269,0.9,1.1
2020-07-30,286,0.3,0.4
2020-07-30,289,0.5,0.6
2020-07-30,290,0.8,0.85
2020-07-30,291,1,1.1
2020-07-30,293,0.4,0.5
2020-07-30,294,0.55,0.65
2020-07-30,295,0.82,0.9
2020-07-30,296,1.1,1.2
2020-07-30,309,0.45,0.55
2020-07-30,310,0.7,0.8
2020-07-30,311,1,1.08
2020-07-30,313,0.25,0.35
2020-07-30,314,0.35,0.45
2020-07-30,315,0.5,0.6
2020-07-30,316,0.6,0.7
2020-07-30,328,0.17,0.21
2020-07-30,329,0.05,0.07
2020-07-30,331,0.13,0.17
2020-07-30,333,2.15,2.2
2020-07-30,335,1.9,1.95
2020-07-30,341,2.65,2.7
2020-07-30,342,2.85,2.9
2020-07-30,344,13.6,13.6
2020-07-30,345,11.5,11.5
2020-07-30,346,10.2,10.2
2020-07-30,347,8.4,8.4
2020-07-30,350,2.35,2.45
2020-07-30,351,2.2,2.3
2020-07-30,352,3.75,3.85
2020-07-30,353,4.6,4.7
2020-07-30,356,1.37,1.47
2020-07-30,357,1.37,1.47
2020-07-30,358,3.15,3.25
2020-07-30,361,3.85,3.95
2020-07-30,362,4.75,4.85
2020-07-30,363,5.02,5.12
2020-07-30,364,1.95,2.05
2020-07-30,365,1.65,1.75
2020-07-30,366,5.02,5.12
2020-07-30,367,1.95,2.05
2020-07-30,368,1.35,1.45
2020-07-30,369,5.02,5.12
2020-07-30,370,1.85,1.95
2020-07-30,371,1.35,1.45
2020-07-30,372,3.45,3.55
2020-07-30,674,0.99,1.01
2020-07-30,675,1.21,1.23
2020-07-30,676,2.2,2.3
2020-07-30,677,1.37,1.47
2020-07-30,678,2,2.1
2020-07-30,716,16.6,16.6
2020-07-30,717,14.5,14.5
2020-07-30,718,13.4,13.4
2020-07-30,719,10.6,10.6
2020-07-30,731,5,5.1
2020-07-30,732,6.05,6.15
2020-07-30,733,7.7,8.05
2020-07-30,734,8.35,8.55
2020-07-30,760,7,7.5
2020-07-30,770,0.8,0.95
2020-07-30,771,7,7.5
2020-07-30,773,0.95,1.05
2020-07-30,776,6.5,8
2020-07-30,779,1.4,1.5
2020-07-30,788,3.2,4
2020-07-30,789,3.5,4
2020-07-30,790,2.2,3
2020-07-30,791,2.2,3
2020-07-30,793,1.3,1.6
2020-07-30,795,1.1,1.5
2020-07-30,802,1750,1800
2020-07-30,803,1680,1730
2020-07-30,804,7,7.5
2020-08-15,2,205,208
2020-08-15,3,192,194
2020-08-15,4,181,182
2020-08-15,5,178,179
2020-08-15,7,240,242
2020-08-15,8,240,241
2020-08-15,10,188,190
2020-08-15,12,200,201
2020-08-15,13,186,187
2020-08-15,14,183,184
2020-08-15,15,192,193
2020-08-15,16,190,191
2020-08-15,19,149,151
2020-08-15,20,154,156
2020-08-15,21,163,165
2020-08-15,23,440,445
2020-08-15,24,429,434
2020-08-15,25,309,311
2020-08-15,26,304,307
2020-08-15,27,470,471
2020-08-15,28,466,468
2020-08-15,29,452,453
2020-08-15,30,169,171
2020-08-15,31,173,175
2020-08-15,32,141,143
2020-08-15,33,174,186
2020-08-15,34,145,147
2020-08-15,35,201,203
2020-08-15,36,172,174
2020-08-15,37,142,143
2020-08-15,38,142,143
2020-08-15,39,267,268
2020-08-15,40,163,164
2020-08-15,41,740,745
2020-08-15,42,173,175
2020-08-15,43,173,175
2020-08-15,47,191,192
2020-08-15,48,208,210
2020-08-15,50,420,470
2020-08-15,51,540,590
2020-08-15,53,1030,1080
2020-08-15,54,1300,1350
2020-08-15,55,350,380
2020-08-15,56,260,270
2020-08-15,58,125,130
2020-08-15,61,100,110
2020-08-15,63,125,130
2020-08-15,65,100,110
2020-08-15,67,135,145
2020-08-15,69,50,55
2020-08-15,71,75,80
2020-08-15,75,343,347
2020-08-15,76,426,428
2020-08-15,77,356,358
2020-08-15,81,253,255
2020-08-15,85,730,735
2020-08-15,86,740,745
2020-08-15,87,775,780
2020-08-15,88,700,705
2020-08-15,89,1870,1880
2020-08-15,90,1150,1160
2020-08-15,92,835,840
2020-08-15,94,865,870
2020-08-15,95,790,795
2020-08-15,103,3.8,4.65
2020-08-15,104,2.15,2.3
2020-08-15,105,2.6,2.75
2020-08-15,106,1.7,1.9
2020-08-15,107,1.12,1.14
2020-08-15,108,273,277
2020-08-15,109,253,255
2020-08-15,110,365,383
2020-08-15,111,240,245
2020-08-15,112,240,242
2020-08-15,114,228,230
2020-08-15,115,188,190
2020-08-15,117,380,383
2020-08-15,118,313,315
2020-08-15,120,311,314
2020-08-15,121,440,442
2020-08-15,122,323,325
2020-08-15,124,321,323
2020-08-15,126,195,205
2020-08-15,127,185,190
2020-08-15,128,170,175
2020-08-15,129,190,200
2020-08-15,130,145,150
2020-08-15,131,1440,1445
2020-08-15,132,635,640
2020-08-15,133,610,615
2020-08-15,134,745,750
2020-08-15,176,6.5,7.5
2020-08-15,177,13.5,14.5
2020-08-15,181,4.7,4.8
2020-08-15,182,4.9,5
2020-08-15,183,5,5.15
2020-08-15,184,5.75,5.95
2020-08-15,185,6.9,7
2020-08-15,186,9.3,9.45
2020-08-15,187,335,350
2020-08-15,188,330,345
2020-08-15,189,185,195
2020-08-15,731,5,5.1
2020-08-15,732,6.05,6.15
2020-08-15,733,7.7,8.05
2020-08-15,734,8.45,8.55
2020-08-15,760,7,7.5
2020-08-15,770,0.8,0.95
2020-08-15,771,7,7.5
2020-08-15,773,0.95,1.05
2020-08-15,776,6.5,8
2020-08-15,779,1.4,1.5
2020-08-15,788,3.2,4
2020-08-15,789,3.5,4
2020-08-15,790,2.2,3
2020-08-15,791,2.2,3
2020-08-15,793,1.3,1.6
2020-08-15,795,1.1,1.5
2020-08-15,802,1750,1800
2020-08-15,803,1680,1730
2020-08-15,804,7,7.5
2020-08-30,2,205.5,208
2020-08-30,3,192,194
2020-08-30,4,181,182
2020-08-30,5,178,179
2020-08-30,7,242.5,244.5
2020-08-30,8,242.5,243.5
2020-08-30,10,186,188
2020-08-30,11,126,129
2020-08-30,13,177,179
2020-08-30,14,172,173
2020-08-30,15,192,193
2020-08-30,16,186,188
2020-08-30,19,150,152
2020-08-30,20,155,157
2020-08-30,21,163,165
2020-08-30,23,440,445
2020-08-30,24,429,434
2020-08-30,25,309,311
2020-08-30,26,304,307
2020-08-30,27,470,471
2020-08-30,28,466,468
2020-08-30,29,452,453
2020-08-30,30,152,154
2020-08-30,31,156,158
2020-08-30,32,124,126
2020-08-30,33,157,169
2020-08-30,34,128,130
2020-08-30,35,199.5,201.5
2020-08-30,36,170.5,172.5
2020-08-30,37,126,127
2020-08-30,38,126,127
2020-08-30,41,732.5,737.5
2020-08-30,42,173,175
2020-08-30,43,173,175
2020-08-30,47,189.5,190.5
2020-08-30,48,208,210
2020-08-30,50,420,470
2020-08-30,51,540,590
2020-08-30,53,1030,1080
2020-08-30,54,1300,1350
2020-08-30,55,350,380
2020-08-30,56,260,270
2020-08-30,58,125,130
2020-08-30,61,100,110
2020-08-30,63,125,130
2020-08-30,65,100,110
2020-08-30,67,135,145
2020-08-30,69,60,65
2020-08-30,71,85,90
2020-08-30,75,345.5,349.5
2020-08-30,76,426,428
2020-08-30,77,359.5,361.5
2020-08-30,81,253,257.5
2020-08-30,85,730,735
2020-08-30,86,740,745
2020-08-30,87,790,795
2020-08-30,88,710,715
2020-08-30,89,1885,1895
2020-08-30,90,1150,1160
2020-08-30,92,835,840
2020-08-30,94,880,885
2020-08-30,95,800,805
2020-08-30,103,3.88,4.75
2020-08-30,104,2.15,2.3
2020-08-30,105,2.65,2.8
2020-08-30,106,1.75,1.95
2020-08-30,107,1.12,1.14
2020-08-30,108,273,277
2020-08-30,109,253,255
2020-08-30,110,357.5,376.5
2020-08-30,111,238,243
2020-08-30,112,238,240
2020-08-30,114,228,230
2020-08-30,115,188,190
2020-08-30,117,385,388
2020-08-30,118,322,324
2020-08-30,120,319,322
2020-08-30,121,445,447
2020-08-30,122,331,333
2020-08-30,124,329,331
2020-08-30,126,195,205
2020-08-30,127,185,190
2020-08-30,128,170,175
2020-08-30,129,190,200
2020-08-30,130,145,150
2020-08-30,131,1425,1430
2020-08-30,132,635,640
2020-08-30,133,610,615
2020-08-30,134,737.5,742.5
2020-08-30,176,6.5,7.5
2020-08-30,177,13.75,14.75
2020-08-30,181,4.7,4.8
2020-08-30,182,4.9,5
2020-08-30,183,5,5.15
2020-08-30,184,5.75,5.95
2020-08-30,185,6.9,7
2020-08-30,186,9.3,9.45
2020-08-30,187,352.5,365
2020-08-30,188,372.5,385
2020-08-30,189,232.5,242.5
2020-08-30,211,0.28,0.38
2020-08-30,213,0.5,0.57
2020-08-30,220,1.3,1.45
2020-08-30,221,2.15,2.6
2020-08-30,222,4,4.5
2020-08-30,225,1.5,1.8
2020-08-30,229,0.95,1.12
2020-08-30,232,0.45,0.6
2020-08-30,236,0.7,0.8
2020-08-30,237,0.65,0.75
2020-08-30,238,0.57,0.65
2020-08-30,239,2,2.2
2020-08-30,240,2,2.1
2020-08-30,241,0.5,0.55
2020-08-30,242,0.6,0.65
2020-08-30,243,0.47,0.53
2020-08-30,245,0.72,0.82
2020-08-30,246,0.7,0.8
2020-08-30,252,2.7,3.05
2020-08-30,253,0.7,0.75
2020-08-30,256,0.25,0.35
2020-08-30,258,0.62,0.7
2020-08-30,260,1.9,2.2
2020-08-30,283,0.3,0.4
2020-08-30,285,0.3,0.4
2020-08-30,286,0.3,0.4
2020-08-30,289,0.5,0.6
2020-08-30,290,0.8,0.85
2020-08-30,291,1,1.1
2020-08-30,293,0.45,0.5
2020-08-30,294,0.55,0.65
2020-08-30,295,0.8,0.9
2020-08-30,296,1.1,1.2
2020-08-30,305,0.5,0.6
2020-08-30,306,0.4,0.55
2020-08-30,309,0.45,0.55
2020-08-30,310,0.7,0.8
2020-08-30,311,1.05,1.1
2020-08-30,313,0.4,0.45
2020-08-30,314,0.5,0.55
2020-08-30,315,0.75,0.85
2020-08-30,316,1,1.1
2020-08-30,321,0.65,0.75
2020-08-30,323,0.43,0.53
2020-08-30,328,0.2,0.24
2020-08-30,329,0.09,0.11
2020-08-30,331,0.19,0.23
2020-08-30,333,2.25,2.3
2020-08-30,335,2.05,2.1
2020-08-30,341,2.65,2.7
2020-08-30,342,2.85,2.9
2020-08-30,344,13.6,13.6
2020-08-30,345,11.5,11.5
2020-08-30,346,10.2,10.2
2020-08-30,347,8.4,8.4
2020-08-30,350,2.35,2.45
2020-08-30,351,2.3,2.4
2020-08-30,352,3.75,3.85
2020-08-30,353,4.6,4.7
2020-08-30,356,1.45,1.55
2020-08-30,357,1.5,1.6
2020-08-30,358,3.4,3.5
2020-08-30,361,4.05,4.15
2020-08-30,362,4.95,5.05
2020-08-30,363,5.2,5.3
2020-08-30,364,1.95,2.05
2020-08-30,365,1.7,1.8
2020-08-30,366,5.2,5.3
2020-08-30,367,1.95,2.05
2020-08-30,368,1.35,1.45
2020-08-30,369,5.2,5.3
2020-08-30,370,1.85,1.95
2020-08-30,371,1.35,1.45
2020-08-30,372,4.1,4.2
2020-08-30,625,0.4,0.45
2020-08-30,634,0.6,0.7
2020-08-30,637,0.4,0.45
2020-08-30,638,0.4,0.45
2020-08-30,674,1.01,1.03
2020-08-30,675,1.23,1.25
2020-08-30,676,2.3,2.4
2020-08-30,677,1.5,1.6
2020-08-30,678,2.05,2.15
2020-08-30,716,16.6,16.6
2020-08-30,717,14.5,14.5
2020-08-30,718,13.4,13.4
2020-08-30,719,10.6,10.6
2020-08-30,723,0.4,0.5
2020-08-30,725,0.45,0.5
2020-08-30,726,0.45,0.5
2020-08-30,731,5.03,5.12
2020-08-30,732,6.07,6.18
2020-08-30,733,7.72,8.07
2020-08-30,734,8.47,8.57
2020-08-30,760,7,7.5
2020-08-30,770,0.8,0.95
2020-08-30,771,7,7.5
2020-08-30,773,0.95,1.05
2020-08-30,776,6.5,8
2020-08-30,779,1.4,1.5
2020-08-30,788,3.2,4
2020-08-30,789,3.5,4
2020-08-30,790,2.2,3
2020-08-30,791,2.2,3
2020-08-30,793,1.3,1.6
2020-08-30,795,1.1,1.5
2020-08-30,797,1,1.15
2020-08-30,802,1825,1875
2020-08-30,803,1755,1805
2020-08-30,804,7,7.5
2020-09-15,2,207,208
2020-09-15,3,193,194
2020-09-15,4,184,185
2020-09-15,5,181,182
2020-09-15,7,248,250
2020-09-15,8,249,250
2020-09-15,10,187,188
2020-09-15,11,122.5,125
2020-09-15,12,185,190
2020-09-15,13,173,175
2020-09-15,14,168,169
2020-09-15,15,185,187
2020-09-15,16,183,185.5
2020-09-15,19,153,155
2020-09-15,20,158,160
2020-09-15,21,165,167
2020-09-15,23,440,445
2020-09-15,24,429,434
2020-09-15,25,309,311
2020-09-15,26,304,307
2020-09-15,27,470,471
2020-09-15,28,466,468
2020-09-15,29,452,453
2020-09-15,30,139,141
2020-09-15,31,143,145
2020-09-15,32,111,113
2020-09-15,33,144,156
2020-09-15,34,115,117
2020-09-15,35,195,197
2020-09-15,36,166,168
2020-09-15,37,121,122
2020-09-15,38,121,122
2020-09-15,39,260,263
2020-09-15,40,153,155
2020-09-15,41,727.5,732.5
2020-09-15,42,170,172
2020-09-15,43,170,172
2020-09-15,47,189,190
2020-09-15,48,208,210
2020-09-15,53,1030,1080
2020-09-15,54,1300,1350
2020-09-15,55,352.5,382.5
2020-09-15,56,260,270
2020-09-15,58,125,130
2020-09-15,63,125,130
2020-09-15,67,140,150
2020-09-15,71,86,91
2020-09-15,75,358,362
2020-09-15,76,423.5,425.5
2020-09-15,77,373,375
2020-09-15,78,322.5,327.5
2020-09-15,81,253,260
2020-09-15,85,770,775
2020-09-15,86,780,785
2020-09-15,87,805,810
2020-09-15,88,730,735
2020-09-15,89,1915,1925
2020-09-15,90,1135,1145
2020-09-15,92,880,885
2020-09-15,94,895,900
2020-09-15,95,820,825
2020-09-15,103,4.03,4.9
2020-09-15,104,2.25,2.36
2020-09-15,105,2.7,2.85
2020-09-15,106,1.9,1.96
2020-09-15,107,1.12,1.17
2020-09-15,108,273,277
2020-09-15,109,252.5,254.5
2020-09-15,110,355,370
2020-09-15,111,241,246
2020-09-15,112,243,245
2020-09-15,114,244,246
2020-09-15,115,191.5,195
2020-09-15,117,400,403
2020-09-15,118,337,339
2020-09-15,120,331.5,336
2020-09-15,121,460,462
2020-09-15,122,345,347
2020-09-15,124,334,344
2020-09-15,126,195,205
2020-09-15,127,185,190
2020-09-15,128,170,175
2020-09-15,129,190,200
2020-09-15,130,145,150
2020-09-15,131,1415,1420
2020-09-15,132,647.5,652.5
2020-09-15,133,622.5,627.5
2020-09-15,134,740,745
2020-09-15,176,6.5,7.5
2020-09-15,177,14,15
2020-09-15,181,4.72,4.82
2020-09-15,182,4.93,5.03
2020-09-15,183,5,5.15
2020-09-15,184,5.75,5.95
2020-09-15,185,6.9,7
2020-09-15,186,9.3,9.45
2020-09-15,187,360,370
2020-09-15,188,377.5,387.5
2020-09-15,189,220,230
2020-09-15,211,0.3,0.4
2020-09-15,212,0.3,0.35
2020-09-15,213,0.57,0.68
2020-09-15,220,1.3,1.55
2020-09-15,221,2.15,2.45
2020-09-15,222,4,4.5
2020-09-15,225,1.5,1.8
2020-09-15,229,1.2,1.35
2020-09-15,232,0.62,0.7
2020-09-15,236,0.72,0.82
2020-09-15,237,0.68,0.75
2020-09-15,238,0.6,0.65
2020-09-15,239,2.2,2.3
2020-09-15,240,2.2,2.3
2020-09-15,241,0.47,0.55
2020-09-15,242,0.65,0.73
2020-09-15,243,0.4,0.45
2020-09-15,245,0.65,0.75
2020-09-15,246,0.7,0.8
2020-09-15,252,3,3.3
2020-09-15,253,0.7,0.75
2020-09-15,256,0.25,0.35
2020-09-15,258,1.2,1.4
2020-09-15,260,2,2.2
2020-09-15,280,0.25,0.35
2020-09-15,282,0.3,0.4
2020-09-15,283,0.3,0.4
2020-09-15,284,0.3,0.35
2020-09-15,286,0.38,0.48
2020-09-15,293,0.45,0.5
2020-09-15,294,0.55,0.65
2020-09-15,295,0.8,0.9
2020-09-15,296,1.1,1.2
2020-09-15,297,0.45,0.6
2020-09-15,300,0.45,0.6
2020-09-15,304,0.6,0.7
2020-09-15,305,0.5,0.6
2020-09-15,306,0.45,0.55
2020-09-15,321,0.73,0.82
2020-09-15,323,0.53,0.62
2020-09-15,328,0.2,0.24
2020-09-15,329,0.09,0.11
2020-09-15,331,0.19,0.23
2020-09-15,333,2.25,2.3
2020-09-15,335,2.08,2.12
2020-09-15,341,2.65,2.7
2020-09-15,342,2.85,2.9
2020-09-15,344,13.65,13.65
2020-09-15,345,11.55,11.55
2020-09-15,346,10.25,10.25
2020-09-15,347,8.45,8.45
2020-09-15,350,2.35,2.45
2020-09-15,351,2.38,2.48
2020-09-15,352,3.75,3.85
2020-09-15,353,4.6,4.7
2020-09-15,356,1.52,1.62
2020-09-15,357,1.58,1.67
2020-09-15,358,3.42,3.52
2020-09-15,361,4.05,4.15
2020-09-15,362,4.95,5.05
2020-09-15,363,5.42,5.53
2020-09-15,364,2.02,2.12
2020-09-15,365,1.7,1.8
2020-09-15,366,5.42,5.53
2020-09-15,367,2.02,2.12
2020-09-15,368,1.35,1.45
2020-09-15,369,5.42,5.53
2020-09-15,370,1.92,2.02
2020-09-15,371,1.35,1.45
2020-09-15,372,4.65,4.75
2020-09-15,623,0.4,0.45
2020-09-15,624,0.45,0.5
2020-09-15,625,0.4,0.45
2020-09-15,626,0.6,0.8
2020-09-15,627,0.6,0.85
2020-09-15,628,1.6,1.8
2020-09-15,629,1.6,1.9
2020-09-15,634,0.6,0.7
2020-09-15,635,0.75,1.2
2020-09-15,637,0.35,0.45
2020-09-15,638,0.4,0.45
2020-09-15,641,0.3,0.5
2020-09-15,674,1.04,1.06
2020-09-15,675,1.26,1.28
2020-09-15,676,2.38,2.48
2020-09-15,677,1.58,1.67
2020-09-15,678,2.12,2.23
2020-09-15,716,16.7,16.7
2020-09-15,717,14.6,14.6
2020-09-15,718,13.5,13.5
2020-09-15,719,10.7,10.7
2020-09-15,722,0.3,0.4
2020-09-15,723,0.4,0.5
2020-09-15,725,0.4,0.5
2020-09-15,726,0.45,0.5
2020-09-15,731,5.05,5.15
2020-09-15,732,6.12,6.22
2020-09-15,733,7.75,8.1
2020-09-15,734,8.55,8.7
2020-09-15,760,7,7.5
2020-09-15,770,0.8,0.95
2020-09-15,771,7,7.5
2020-09-15,773,0.95,1.05
2020-09-15,776,6.5,8
2020-09-15,779,1.4,1.5
2020-09-15,788,3.2,4
2020-09-15,789,3.5,4
2020-09-15,790,2.2,3
2020-09-15,791,2.2,3
2020-09-15,793,1.4,1.7
2020-09-15,795,1.1,1.5
2020-09-15,797,1,1.15
2020-09-15,802,1900,1950
2020-09-15,803,1830,1880
2020-09-15,804,7,7.5
2020-09-30,2,209,210
2020-09-30,3,195,196
2020-09-30,4,186.5,187.5
2020-09-30,5,183.5,184.5
2020-09-30,7,249.5,251.5
2020-09-30,8,252.5,253.5
2020-09-30,10,188,189
2020-09-30,11,122,124
2020-09-30,12,185,190
2020-09-30,13,173,175
2020-09-30,14,167.5,168.5
2020-09-30,15,181.5,183
2020-09-30,16,187.5,188.5
2020-09-30,19,157,159
2020-09-30,20,162,164
2020-09-30,21,169,171
2020-09-30,23,440,445
2020-09-30,24,429,434
2020-09-30,25,309,311
2020-09-30,26,304,307
2020-09-30,27,470,471
2020-09-30,28,466,468
2020-09-30,29,452,453
2020-09-30,30,137.5,139.5
2020-09-30,31,141.5,143.5
2020-09-30,32,109.5,111.5
2020-09-30,33,142.5,154.5
2020-09-30,34,113.5,115.5
2020-09-30,35,195,197
2020-09-30,36,166,168
2020-09-30,37,121,122
2020-09-30,38,121,122
2020-09-30,39,260,263
2020-09-30,40,153,155
2020-09-30,41,717.5,722.5
2020-09-30,42,168,170
2020-09-30,43,168,170
2020-09-30,47,189,190
2020-09-30,48,209,211
2020-09-30,53,1030,1080
2020-09-30,54,1300,1350
2020-09-30,55,355,385
2020-09-30,56,260,270
2020-09-30,58,125,130
2020-09-30,63,125,130
2020-09-30,67,140,150
2020-09-30,71,87,92
2020-09-30,73,370,375
2020-09-30,75,372,376
2020-09-30,76,413,415
2020-09-30,77,386,388
2020-09-30,78,320,325
2020-09-30,81,254,260
2020-09-30,85,807.5,812.5
2020-09-30,86,805,810
2020-09-30,87,815,820
2020-09-30,88,750,755
2020-09-30,89,1940,1950
2020-09-30,90,1110,1120
2020-09-30,92,930,935
2020-09-30,94,905,910
2020-09-30,95,840,845
2020-09-30,103,4.03,4.9
2020-09-30,104,2.25,2.37
2020-09-30,105,2.7,2.85
2020-09-30,106,1.85,1.89
2020-09-30,107,1.12,1.17
2020-09-30,108,271,275
2020-09-30,109,247.5,249.5
2020-09-30,110,361.5,370
2020-09-30,111,243,248
2020-09-30,112,245,247
2020-09-30,114,260.5,262.5
2020-09-30,115,185,190
2020-09-30,117,419,422
2020-09-30,118,361,365
2020-09-30,120,346.5,352.5
2020-09-30,121,474.5,476.5
2020-09-30,122,366.5,373.5
2020-09-30,124,352,362.5
2020-09-30,126,195,205
2020-09-30,127,185,190
2020-09-30,128,170,175
2020-09-30,129,190,200
2020-09-30,130,145,150
2020-09-30,131,1405,1410
2020-09-30,132,675,680
2020-09-30,133,650,655
2020-09-30,134,757.5,762.5
2020-09-30,176,6.5,7.5
2020-09-30,177,14.25,15.25
2020-09-30,181,4.75,4.85
2020-09-30,182,4.95,5.05
2020-09-30,183,5,5.15
2020-09-30,184,5.75,5.95
2020-09-30,185,6.9,7
2020-09-30,186,9.3,9.45
2020-09-30,187,357.5,367.5
2020-09-30,188,375,385
2020-09-30,189,215,225
2020-09-30,209,0.7,0.75
2020-09-30,211,0.3,0.4
2020-09-30,212,0.3,0.35
2020-09-30,213,0.55,0.65
2020-09-30,220,0.9,1
2020-09-30,221,1.8,2
2020-09-30,222,4,4.5
2020-09-30,224,2.75,3.25
2020-09-30,225,1.5,1.8
2020-09-30,229,0.85,0.95
2020-09-30,232,0.55,0.65
2020-09-30,236,0.72,0.8
2020-09-30,237,0.72,0.78
2020-09-30,238,0.6,0.65
2020-09-30,239,2.2,2.3
2020-09-30,240,2.2,2.3
2020-09-30,241,0.88,0.98
2020-09-30,242,1.05,1.25
2020-09-30,243,0.57,0.62
2020-09-30,245,1.5,1.7
2020-09-30,246,0.7,0.8
2020-09-30,247,0.7,0.8
2020-09-30,252,2.7,2.95
2020-09-30,253,0.7,0.75
2020-09-30,255,1,1.1
2020-09-30,256,0.25,0.35
2020-09-30,258,0.55,0.75
2020-09-30,260,2,2.2
2020-09-30,276,0.9,1.1
2020-09-30,280,0.25,0.35
2020-09-30,282,0.3,0.4
2020-09-30,283,0.25,0.3
2020-09-30,284,0.3,0.35
2020-09-30,297,0.47,0.6
2020-09-30,300,0.45,0.6
2020-09-30,304,0.6,0.7
2020-09-30,306,0.45,0.55
2020-09-30,323,0.5,0.6
2020-09-30,328,0.21,0.25
2020-09-30,329,0.1,0.12
2020-09-30,331,0.21,0.24
2020-09-30,333,2.25,2.3
2020-09-30,335,2.1,2.15
2020-09-30,341,2.65,2.7
2020-09-30,342,2.85,2.9
2020-09-30,344,13.75,13.75
2020-09-30,345,11.65,11.65
2020-09-30,346,10.35,10.35
2020-09-30,347,8.55,8.55
2020-09-30,350,2.35,2.45
2020-09-30,351,2.4,2.5
2020-09-30,352,3.75,3.85
2020-09-30,353,4.6,4.7
2020-09-30,356,1.55,1.65
2020-09-30,357,1.6,1.7
2020-09-30,358,3.45,3.55
2020-09-30,361,4.05,4.15
2020-09-30,362,4.95,5.05
2020-09-30,363,5.5,5.6
2020-09-30,364,2.05,2.15
2020-09-30,365,1.7,1.8
2020-09-30,366,5.5,5.6
2020-09-30,367,2.05,2.15
2020-09-30,368,1.35,1.45
2020-09-30,369,5.5,5.6
2020-09-30,370,1.95,2.05
2020-09-30,371,1.35,1.45
2020-09-30,372,4.9,5
2020-09-30,623,0.4,0.45
2020-09-30,624,0.45,0.5
2020-09-30,625,0.4,0.45
2020-09-30,626,0.6,0.8
2020-09-30,627,0.6,0.85
2020-09-30,628,1.6,1.8
2020-09-30,629,1.6,1.9
2020-09-30,630,0.4,0.45
2020-09-30,632,0.4,0.5
2020-09-30,634,0.6,0.7
2020-09-30,635,0.9,1.35
2020-09-30,637,0.35,0.45
2020-09-30,638,0.4,0.45
2020-09-30,640,0.3,0.5
2020-09-30,641,0.3,0.5
2020-09-30,642,0.15,0.2
2020-09-30,643,0.15,0.2
2020-09-30,644,0.1,0.15
2020-09-30,669,0.1,0.15
2020-09-30,672,235,240
2020-09-30,674,1.05,1.07
2020-09-30,675,1.27,1.29
2020-09-30,676,2.4,2.5
2020-09-30,677,1.6,1.7
2020-09-30,678,2.15,2.25
2020-09-30,716,16.85,16.85
2020-09-30,717,14.75,14.75
2020-09-30,718,13.65,13.65
2020-09-30,719,10.85,10.85
2020-09-30,722,0.3,0.4
2020-09-30,723,0.4,0.5
2020-09-30,724,0.3,0.4
2020-09-30,725,0.4,0.5
2020-09-30,726,0.45,0.5
2020-09-30,731,5.07,5.18
2020-09-30,732,6.18,6.28
2020-09-30,733,7.78,8.12
2020-09-30,734,8.62,8.78
2020-09-30,760,7,7.5
2020-09-30,770,0.8,0.95
2020-09-30,771,7,7.5
2020-09-30,773,0.95,1.05
2020-09-30,776,6.5,8
2020-09-30,779,1.4,1.5
2020-09-30,788,3.2,4
2020-09-30,789,3.5,4
2020-09-30,790,2.4,3
2020-09-30,791,2.5,3
2020-09-30,793,1.5,1.8
2020-09-30,795,1.1,1.5
2020-09-30,796,1.3,1.6
2020-09-30,797,1,1.15
2020-09-30,802,1930,1980
2020-09-30,803,1860,1910
2020-09-30,804,7,7.5
2020-09-30,806,2.5,3
2020-09-30,807,2.4,3
2020-10-15,2,210,211
2020-10-15,3,196,197
2020-10-15,4,189,190
2020-10-15,5,186,187
2020-10-15,7,259.5,261.5
2020-10-15,8,262.5,263.5
2020-10-15,10,191.5,193.5
2020-10-15,12,187,192
2020-10-15,13,174.5,176.5
2020-10-15,14,169,170
2020-10-15,15,182,183
2020-10-15,16,188,189
2020-10-15,19,161.5,163.5
2020-10-15,20,166.5,168.5
2020-10-15,21,173.5,175.5
2020-10-15,23,440,445
2020-10-15,24,429,434
2020-10-15,25,309,311
2020-10-15,26,304,307
2020-10-15,27,470,471
2020-10-15,28,466,468
2020-10-15,29,452,453
2020-10-15,30,145,147
2020-10-15,31,149,151
2020-10-15,32,117,119
2020-10-15,33,150,162
2020-10-15,34,121,123
2020-10-15,35,198.5,200.5
2020-10-15,36,169.5,171.5
2020-10-15,37,127.5,128.5
2020-10-15,38,127.5,128.5
2020-10-15,39,260.5,263.5
2020-10-15,40,153,155
2020-10-15,41,707.5,712.5
2020-10-15,42,167,169
2020-10-15,43,167,169
2020-10-15,47,189.5,190.5
2020-10-15,48,210,212
2020-10-15,50,420,460
2020-10-15,51,430,480
2020-10-15,53,1090,1140
2020-10-15,54,1160,1220
2020-10-15,55,355,385
2020-10-15,56,260,270
2020-10-15,58,125,130
2020-10-15,63,125,130
2020-10-15,67,140,150
2020-10-15,71,90,95
2020-10-15,73,376.5,381.5
2020-10-15,75,378,382
2020-10-15,76,408.5,410.5
2020-10-15,77,389,391
2020-10-15,81,257.5,267.5
2020-10-15,85,820,825
2020-10-15,86,745,750
2020-10-15,87,790,795
2020-10-15,88,740,745
2020-10-15,89,2020,2030
2020-10-15,90,1100,1110
2020-10-15,92,960,965
2020-10-15,94,880,885
2020-10-15,95,830,835
2020-10-15,100,0.45,0.5
2020-10-15,103,4,4.9
2020-10-15,104,2.34,2.46
2020-10-15,105,2.8,2.94
2020-10-15,106,1.94,1.99
2020-10-15,107,1.16,1.18
2020-10-15,108,269,273
2020-10-15,109,245,247
2020-10-15,110,368,375
2020-10-15,111,254.5,258
2020-10-15,112,255,257
2020-10-15,114,275,277
2020-10-15,115,185,190
2020-10-15,117,421,424
2020-10-15,118,374,380
2020-10-15,120,365,371
2020-10-15,121,472,474
2020-10-15,122,383,390
2020-10-15,124,375,389
2020-10-15,126,190,200
2020-10-15,127,180,185
2020-10-15,128,165,170
2020-10-15,129,190,200
2020-10-15,130,145,150
2020-10-15,131,1400,1405
2020-10-15,132,685,690
2020-10-15,133,660,665
2020-10-15,134,765,770
2020-10-15,176,6.5,7.5
2020-10-15,177,14.5,15.5
2020-10-15,181,4.75,4.85
2020-10-15,182,4.95,5.05
2020-10-15,183,5,5.15
2020-10-15,184,5.75,5.95
2020-10-15,185,6.9,7
2020-10-15,186,9.3,9.45
2020-10-15,187,355,365
2020-10-15,188,375,385
2020-10-15,189,215,225
2020-10-15,209,0.95,1.05
2020-10-15,211,0.3,0.4
2020-10-15,212,0.3,0.35
2020-10-15,213,0.47,0.55
2020-10-15,220,0.9,1
2020-10-15,221,1.8,2
2020-10-15,222,4,4.5
2020-10-15,224,2.25,3
2020-10-15,225,1.5,1.8
2020-10-15,229,0.6,0.65
2020-10-15,232,0.62,0.7
2020-10-15,236,0.68,0.75
2020-10-15,237,0.72,0.8
2020-10-15,238,0.6,0.65
2020-10-15,239,1.85,2
2020-10-15,240,1.85,2
2020-10-15,241,1,1.1
2020-10-15,242,1.1,1.3
2020-10-15,243,0.6,0.65
2020-10-15,245,1.5,1.6
2020-10-15,246,0.75,0.85
2020-10-15,247,0.7,0.8
2020-10-15,252,2.3,2.45
2020-10-15,253,0.7,0.75
2020-10-15,255,1.1,1.2
2020-10-15,256,0.25,0.35
2020-10-15,258,1.05,1.2
2020-10-15,260,2,2.2
2020-10-15,276,0.9,1.1
2020-10-15,279,0.3,0.35
2020-10-15,280,0.25,0.35
2020-10-15,283,0.28,0.3
2020-10-15,284,0.3,0.35
2020-10-15,297,0.5,0.6
2020-10-15,300,0.45,0.6
2020-10-15,304,0.6,0.7
2020-10-15,306,0.45,0.55
2020-10-15,328,0.25,0.29
2020-10-15,329,0.15,0.17
2020-10-15,331,0.26,0.3
2020-10-15,333,2.3,2.35
2020-10-15,335,2.15,2.2
2020-10-15,341,2.7,2.75
2020-10-15,342,2.9,2.95
2020-10-15,344,13.8,13.8
2020-10-15,345,11.7,11.7
2020-10-15,346,10.4,10.4
2020-10-15,347,8.6,8.6
2020-10-15,350,2.35,2.45
2020-10-15,351,2.42,2.52
2020-10-15,352,3.8,3.9
2020-10-15,353,4.65,4.75
2020-10-15,356,1.6,1.7
2020-10-15,357,1.65,1.75
2020-10-15,358,3.55,3.65
2020-10-15,361,4.15,4.25
2020-10-15,362,5.05,5.15
2020-10-15,363,5.5,5.6
2020-10-15,364,2.1,2.2
2020-10-15,365,1.7,1.8
2020-10-15,366,5.65,5.75
2020-10-15,367,2.2,2.3
2020-10-15,368,1.35,1.45
2020-10-15,369,5.65,5.75
2020-10-15,370,2.1,2.2
2020-10-15,371,1.35,1.45
2020-10-15,372,4.97,5.08
2020-10-15,623,0.4,0.45
2020-10-15,624,0.45,0.5
2020-10-15,625,0.4,0.45
2020-10-15,626,0.6,0.8
2020-10-15,627,0.6,0.85
2020-10-15,628,1.6,1.8
2020-10-15,629,1.6,1.9
2020-10-15,630,0.4,0.45
2020-10-15,631,0.55,0.65
2020-10-15,632,0.4,0.5
2020-10-15,633,0.4,0.5
2020-10-15,634,0.6,0.7
2020-10-15,635,0.9,1.35
2020-10-15,636,0.4,0.45
2020-10-15,637,0.35,0.45
2020-10-15,638,0.4,0.45
2020-10-15,640,0.3,0.5
2020-10-15,641,0.3,0.5
2020-10-15,642,0.15,0.2
2020-10-15,643,0.15,0.2
2020-10-15,644,0.1,0.15
2020-10-15,669,0.1,0.15
2020-10-15,672,245,250
2020-10-15,674,1.06,1.08
2020-10-15,675,1.3,1.32
2020-10-15,676,2.42,2.52
2020-10-15,677,1.65,1.75
2020-10-15,678,2.23,2.33
2020-10-15,716,16.9,16.9
2020-10-15,717,14.8,14.8
2020-10-15,718,13.7,13.7
2020-10-15,719,10.9,10.9
2020-10-15,722,0.3,0.4
2020-10-15,723,0.4,0.5
2020-10-15,724,0.3,0.4
2020-10-15,725,0.4,0.5
2020-10-15,726,0.45,0.5
2020-10-15,731,5.2,5.3
2020-10-15,732,6.3,6.4
2020-10-15,733,7.9,8.25
2020-10-15,734,8.75,8.9
2020-10-15,760,7,7.5
2020-10-15,770,0.8,0.95
2020-10-15,771,7,7.5
2020-10-15,773,0.95,1.05
2020-10-15,776,6.5,8
2020-10-15,779,1.4,1.5
2020-10-15,788,3.2,4
2020-10-15,789,3.5,4
2020-10-15,790,2.4,3
2020-10-15,791,2.5,3
2020-10-15,793,1.5,1.8
2020-10-15,795,1.1,1.5
2020-10-15,796,1.3,1.6
2020-10-15,797,1,1.15
2020-10-15,802,1930,1980
2020-10-15,803,1860,1910
2020-10-15,804,7,7.5
2020-10-15,806,2.5,3
2020-10-15,807,2.4,3
2020-10-15,824,0.8,0.95
2020-10-30,2,216.5,217.5
2020-10-30,3,201.5,202.5
2020-10-30,4,197,198
2020-10-30,5,194,195
2020-10-30,7,270,272
2020-10-30,8,273,274
2020-10-30,10,202,204
2020-10-30,12,193,198
2020-10-30,13,182,184
2020-10-30,14,177,178
2020-10-30,15,190,191
2020-10-30,16,196,197
2020-10-30,19,167.5,169.5
2020-10-30,20,172.5,174.5
2020-10-30,21,180.5,182.5
2020-10-30,23,442.5,447.5
2020-10-30,24,431.5,436.5
2020-10-30,25,311.5,313.5
2020-10-30,26,306.5,309.5
2020-10-30,27,470,471
2020-10-30,28,466,468
2020-10-30,29,452,453
2020-10-30,30,165,167
2020-10-30,31,169,171
2020-10-30,32,137,139
2020-10-30,33,170,182
2020-10-30,34,141,143
2020-10-30,35,205,207
2020-10-30,36,176,178
2020-10-30,37,146,147
2020-10-30,38,146,147
2020-10-30,39,264.5,267.5
2020-10-30,40,157.5,159.5
2020-10-30,41,705,710
2020-10-30,42,170.5,172.5
2020-10-30,43,170.5,172.5
2020-10-30,47,195.5,196.5
2020-10-30,48,211.5,213.5
2020-10-30,50,470,510
2020-10-30,51,430,480
2020-10-30,53,1190,1240
2020-10-30,54,1160,1220
2020-10-30,55,362.5,392.5
2020-10-30,56,265,275
2020-10-30,58,125,130
2020-10-30,63,125,130
2020-10-30,67,140,150
2020-10-30,71,90,95
2020-10-30,73,389,391
2020-10-30,75,393,397
2020-10-30,76,421,423
2020-10-30,77,406,408
2020-10-30,81,255,267.5
2020-10-30,85,835,840
2020-10-30,86,740,745
2020-10-30,87,800,805
2020-10-30,88,770,775
2020-10-30,89,2040,2050
2020-10-30,90,1105,1115
2020-10-30,92,1005,1010
2020-10-30,94,890,895
2020-10-30,95,860,865
2020-10-30,100,0.45,0.5
2020-10-30,103,4.1,5.08
2020-10-30,104,2.43,2.55
2020-10-30,105,2.9,3.02
2020-10-30,106,2.04,2.14
2020-10-30,107,1.15,1.17
2020-10-30,108,270.5,274.5
2020-10-30,109,249.5,251.5
2020-10-30,110,375.5,382.5
2020-10-30,111,262.5,264.5
2020-10-30,112,261.5,263.5
2020-10-30,114,302.5,306
2020-10-30,115,189,194
2020-10-30,117,432,435
2020-10-30,118,401.5,407.5
2020-10-30,120,397.5,403.5
2020-10-30,121,483,485
2020-10-30,122,410.5,417.5
2020-10-30,124,400,416.5
2020-10-30,126,195,205
2020-10-30,127,185,190
2020-10-30,128,170,175
2020-10-30,129,190,200
2020-10-30,130,145,150
2020-10-30,131,1400,1405
2020-10-30,132,692.5,697.5
2020-10-30,133,667.5,672.5
2020-10-30,134,772.5,777.5
2020-10-30,176,6.5,7.5
2020-10-30,177,15.5,16.5
2020-10-30,181,4.75,4.85
2020-10-30,182,4.95,5.05
2020-10-30,183,5,5.18
2020-10-30,184,5.8,5.95
2020-10-30,185,6.9,7
2020-10-30,186,9.3,9.45
2020-10-30,187,355,365
2020-10-30,188,375,385
2020-10-30,189,220,230
2020-10-30,209,0.9,1.05
2020-10-30,211,0.3,0.4
2020-10-30,212,0.28,0.35
2020-10-30,213,0.55,0.6
2020-10-30,220,0.75,0.9
2020-10-30,221,1.65,1.75
2020-10-30,225,1.5,1.8
2020-10-30,229,0.9,1
2020-10-30,232,0.78,0.88
2020-10-30,236,0.62,0.7
2020-10-30,237,0.7,0.75
2020-10-30,238,0.6,0.65
2020-10-30,239,1.3,1.5
2020-10-30,240,1.3,1.5
2020-10-30,241,1,1.1
2020-10-30,242,1.2,1.3
2020-10-30,243,0.85,1.05
2020-10-30,245,1.75,1.9
2020-10-30,246,0.8,0.88
2020-10-30,247,0.6,0.65
2020-10-30,252,2.15,2.35
2020-10-30,253,0.7,0.75
2020-10-30,255,1,1.07
2020-10-30,256,0.28,0.35
2020-10-30,258,1.8,2
2020-10-30,271,2.75,3.25
2020-10-30,276,0.72,0.8
2020-10-30,279,0.3,0.35
2020-10-30,280,0.25,0.35
2020-10-30,283,0.28,0.3
2020-10-30,284,0.3,0.35
2020-10-30,297,0.5,0.6
2020-10-30,300,0.45,0.6
2020-10-30,304,0.6,0.7
2020-10-30,306,0.45,0.55
2020-10-30,328,0.29,0.33
2020-10-30,329,0.26,0.28
2020-10-30,331,0.37,0.41
2020-10-30,333,2.3,2.35
2020-10-30,335,2.15,2.2
2020-10-30,341,2.7,2.75
2020-10-30,342,2.9,2.95
2020-10-30,344,13.8,13.8
2020-10-30,345,11.7,11.7
2020-10-30,346,10.4,10.4
2020-10-30,347,8.6,8.6
2020-10-30,350,2.35,2.45
2020-10-30,351,2.45,2.55
2020-10-30,352,3.8,3.9
2020-10-30,353,4.65,4.75
2020-10-30,356,1.83,1.93
2020-10-30,357,1.92,2.02
2020-10-30,358,3.55,3.65
2020-10-30,361,4.15,4.25
2020-10-30,362,5.05,5.15
2020-10-30,363,5.4,5.5
2020-10-30,364,2.25,2.35
2020-10-30,365,1.8,1.9
2020-10-30,366,5.87,5.97
2020-10-30,367,2.42,2.52
2020-10-30,368,1.35,1.45
2020-10-30,369,5.87,5.97
2020-10-30,370,2.32,2.42
2020-10-30,371,1.35,1.45
2020-10-30,372,5.5,5.6
2020-10-30,670,0.56,0.65
2020-10-30,672,251.5,256.5
2020-10-30,674,1.1,1.12
2020-10-30,675,1.36,1.38
2020-10-30,676,2.45,2.55
2020-10-30,677,1.92,2.02
2020-10-30,678,2.37,2.47
2020-10-30,716,16.9,16.9
2020-10-30,717,14.8,14.8
2020-10-30,718,13.7,13.7
2020-10-30,719,10.9,10.9
2020-10-30,731,5.4,5.5
2020-10-30,732,6.5,6.6
2020-10-30,733,8.07,8.43
2020-10-30,734,8.95,9.1
2020-10-30,747,0.5,0.55
2020-10-30,760,7,7.5
2020-10-30,770,0.8,0.95
2020-10-30,771,7,7.5
2020-10-30,773,0.95,1.05
2020-10-30,776,6.5,8
2020-10-30,779,1.4,1.5
2020-10-30,788,3.2,4
2020-10-30,789,3.5,4
2020-10-30,790,2.4,3
2020-10-30,791,2.5,3
2020-10-30,793,1.5,1.8
2020-10-30,795,1.1,1.5
2020-10-30,796,1.3,1.6
2020-10-30,797,1,1.15
2020-10-30,802,1915,1965
2020-10-30,803,1830,1880
2020-10-30,804,7,7.5
2020-10-30,806,2.5,3
2020-10-30,807,2.4,3
2020-10-30,824,0.8,0.95
2020-11-15,2,221,222
2020-11-15,3,207,208
2020-11-15,4,203.5,204.5
2020-11-15,5,200,201
2020-11-15,7,273,275
2020-11-15,8,274,275
2020-11-15,10,209,211
2020-11-15,12,200,205
2020-11-15,13,191,193
2020-11-15,14,186,187
2020-11-15,15,197,198
2020-11-15,16,203,204
2020-11-15,19,173,175
2020-11-15,20,178,180
2020-11-15,21,188,190
2020-11-15,23,452.5,457.5
2020-11-15,24,441.5,446.5
2020-11-15,25,321.5,323.5
2020-11-15,26,316.5,319.5
2020-11-15,27,470,471
2020-11-15,28,466,468
2020-11-15,29,452,453
2020-11-15,30,186,188
2020-11-15,31,190,192
2020-11-15,32,158,160
2020-11-15,33,191,203
2020-11-15,34,162,164
2020-11-15,35,211,213
2020-11-15,36,182,184
2020-11-15,37,163.5,164.5
2020-11-15,38,163.5,164.5
2020-11-15,39,270,273
2020-11-15,40,164,166
2020-11-15,41,720,725
2020-11-15,42,176,178
2020-11-15,43,176,178
2020-11-15,47,199.5,201
2020-11-15,48,213,215
2020-11-15,50,480,530
2020-11-15,51,430,480
2020-11-15,53,1230,1280
2020-11-15,54,1160,1220
2020-11-15,55,365,395
2020-11-15,56,265,275
2020-11-15,58,125,130
2020-11-15,63,125,130
2020-11-15,67,140,150
2020-11-15,71,90,95
2020-11-15,73,394.5,396.5
2020-11-15,75,398.5,402.5
2020-11-15,76,426.5,428.5
2020-11-15,77,414,416
2020-11-15,81,267.5,277.5
2020-11-15,85,835,840
2020-11-15,86,770,775
2020-11-15,87,802.5,807.5
2020-11-15,88,777.5,782.5
2020-11-15,89,2060,2070
2020-11-15,90,1120,1130
2020-11-15,92,1015,1020
2020-11-15,94,895,900
2020-11-15,95,870,875
2020-11-15,96,0.8,1.05
2020-11-15,97,1.08,1.23
2020-11-15,98,1.3,1.4
2020-11-15,100,0.45,0.5
2020-11-15,103,4.1,5.45
2020-11-15,104,2.5,2.6
2020-11-15,105,2.95,3.07
2020-11-15,106,2.1,2.2
2020-11-15,107,1.2,1.22
2020-11-15,108,272,276
2020-11-15,109,253,255
2020-11-15,110,378,385
2020-11-15,111,274,276
2020-11-15,112,269,271
2020-11-15,114,307.5,312.5
2020-11-15,115,205.5,210.5
2020-11-15,117,441,444
2020-11-15,118,414,420
2020-11-15,120,410,416
2020-11-15,121,492,494
2020-11-15,122,420,427
2020-11-15,124,417.5,425
2020-11-15,126,195,205
2020-11-15,127,185,190
2020-11-15,128,170,175
2020-11-15,129,190,200
2020-11-15,130,145,150
2020-11-15,131,1410,1415
2020-11-15,132,700,705
2020-11-15,133,675,680
2020-11-15,134,782.5,787.5
2020-11-15,176,6.5,7.5
2020-11-15,177,15.5,16.5
2020-11-15,181,4.75,4.85
2020-11-15,182,4.95,5.05
2020-11-15,183,5,5.2
2020-11-15,184,5.85,5.95
2020-11-15,185,6.9,7
2020-11-15,186,9.3,9.45
2020-11-15,187,352.5,362.5
2020-11-15,188,375,385
2020-11-15,189,230,240
2020-11-15,209,0.9,1
2020-11-15,211,0.3,0.4
2020-11-15,212,0.28,0.35
2020-11-15,213,0.57,0.62
2020-11-15,220,0.75,0.9
2020-11-15,221,1.7,1.8
2020-11-15,225,1.5,1.75
2020-11-15,229,1,1.1
2020-11-15,232,0.75,0.88
2020-11-15,236,0.65,0.75
2020-11-15,237,0.75,0.8
2020-11-15,238,0.55,0.62
2020-11-15,239,1.3,1.5
2020-11-15,240,1.3,1.5
2020-11-15,241,1,1.1
2020-11-15,242,1.2,1.3
2020-11-15,243,0.9,1.1
2020-11-15,245,1.8,2
2020-11-15,246,0.8,0.9
2020-11-15,247,0.55,0.65
2020-11-15,252,1.5,1.8
2020-11-15,253,0.7,0.75
2020-11-15,255,1.1,1.15
2020-11-15,256,0.3,0.38
2020-11-15,258,1.5,1.6
2020-11-15,271,2.5,2.9
2020-11-15,276,0.68,0.72
2020-11-15,279,0.3,0.35
2020-11-15,280,0.25,0.35
2020-11-15,283,0.28,0.3
2020-11-15,284,0.3,0.35
2020-11-15,297,0.5,0.6
2020-11-15,300,0.45,0.6
2020-11-15,304,0.6,0.7
2020-11-15,306,0.45,0.55
2020-11-15,328,0.3,0.34
2020-11-15,329,0.32,0.34
2020-11-15,331,0.44,0.48
2020-11-15,332,4.2,4.4
2020-11-15,333,2.3,2.35
2020-11-15,335,2.15,2.2
2020-11-15,336,2.8,2.9
2020-11-15,337,2.5,2.6
2020-11-15,340,3.6,3.7
2020-11-15,341,2.7,2.75
2020-11-15,342,2.9,2.95
2020-11-15,344,13.9,13.9
2020-11-15,345,11.8,11.8
2020-11-15,346,10.5,10.5
2020-11-15,347,8.7,8.7
2020-11-15,350,2.35,2.45
2020-11-15,351,2.5,2.6
2020-11-15,352,3.8,3.9
2020-11-15,353,4.65,4.75
2020-11-15,356,1.95,2.05
2020-11-15,357,2.05,2.15
2020-11-15,358,3.55,3.65
2020-11-15,361,4.15,4.25
2020-11-15,362,5.05,5.15
2020-11-15,363,5.45,5.55
2020-11-15,364,2.3,2.4
2020-11-15,365,1.85,1.95
2020-11-15,366,6,6.1
2020-11-15,367,2.45,2.55
2020-11-15,368,1.35,1.45
2020-11-15,369,6,6.1
2020-11-15,370,2.35,2.45
2020-11-15,371,1.35,1.45
2020-11-15,372,5.5,5.6
2020-11-15,670,0.66,0.7
2020-11-15,671,0.75,0.85
2020-11-15,672,262.5,266.5
2020-11-15,674,1.12,1.14
2020-11-15,675,1.4,1.42
2020-11-15,676,2.5,2.6
2020-11-15,677,2.05,2.15
2020-11-15,678,2.45,2.55
2020-11-15,716,17,17
2020-11-15,717,14.9,14.9
2020-11-15,718,13.8,13.8
2020-11-15,719,11,11
2020-11-15,731,5.75,5.85
2020-11-15,732,6.88,6.97
2020-11-15,733,8.25,8.6
2020-11-15,734,9.15,9.3
2020-11-15,747,0.6,0.65
2020-11-15,760,7,7.5
2020-11-15,770,0.8,0.95
2020-11-15,771,7,7.5
2020-11-15,773,0.95,1.05
2020-11-15,776,6.5,8
2020-11-15,779,1.4,1.5
2020-11-15,788,3.2,4
2020-11-15,789,3.5,4
2020-11-15,790,2.4,3
2020-11-15,791,2.5,3
2020-11-15,793,1.8,2.1
2020-11-15,795,1.1,1.5
2020-11-15,796,1.3,1.6
2020-11-15,797,1,1.15
2020-11-15,802,1825,1875
2020-11-15,803,1725,1775
2020-11-15,804,7,7.5
2020-11-15,806,2.5,3
2020-11-15,807,2.4,3
2020-11-15,808,0.95,1
2020-11-15,809,1,1.05
2020-11-15,810,1.05,1.1
2020-11-15,815,6.5,8
2020-11-15,816,1,1.15
2020-11-15,823,1.9,2.2
2020-11-15,824,0.8,0.95
2020-11-15,829,0.68,0.72
2020-11-15,831,3.5,4
2020-11-15,832,3.5,4
2020-11-15,833,0.8,0.85
2020-11-30,2,221.67,222.67
2020-11-30,3,213,214
2020-11-30,4,209.33,211
2020-11-30,5,205.33,207
2020-11-30,7,273,275
2020-11-30,8,279,280
2020-11-30,10,213.67,215.67
2020-11-30,12,200,205
2020-11-30,13,191,193
2020-11-30,14,186,187
2020-11-30,15,197,198
2020-11-30,16,202,203
2020-11-30,19,176.33,178.33
2020-11-30,20,181.33,183.33
2020-11-30,21,191.33,193.33
2020-11-30,23,455,460
2020-11-30,24,444,449
2020-11-30,25,324,326
2020-11-30,26,319,322
2020-11-30,27,470,471
2020-11-30,28,466,468
2020-11-30,29,452,453
2020-11-30,30,184.67,186.67
2020-11-30,31,188.67,190.67
2020-11-30,32,156.67,158.67
2020-11-30,33,189.67,201.67
2020-11-30,34,160.67,162.67
2020-11-30,35,205.33,207.33
2020-11-30,36,176.33,178.33
2020-11-30,37,159.33,160.33
2020-11-30,38,159.33,160.33
2020-11-30,39,270,273
2020-11-30,40,164,166
2020-11-30,41,731.67,736.67
2020-11-30,42,183.67,185.67
2020-11-30,43,183.67,185.67
2020-11-30,47,207,209
2020-11-30,48,213,215
2020-11-30,50,480,530
2020-11-30,51,430,480
2020-11-30,53,1230,1280
2020-11-30,54,1160,1220
2020-11-30,55,365,395
2020-11-30,56,265,275
2020-11-30,58,125,130
2020-11-30,63,125,130
2020-11-30,67,140,150
2020-11-30,71,91.67,96.67
2020-11-30,73,418,420
2020-11-30,75,421.33,425.33
2020-11-30,76,449,451
2020-11-30,77,441.33,443.33
2020-11-30,81,280,290
2020-11-30,85,871.67,876.67
2020-11-30,86,843.33,848.33
2020-11-30,87,865,870
2020-11-30,88,838.33,843.33
2020-11-30,89,2146.67,2156.67
2020-11-30,90,1200,1210
2020-11-30,92,1101.67,1106.67
2020-11-30,94,961.67,966.67
2020-11-30,95,935,940
2020-11-30,96,0.8,1.05
2020-11-30,97,1.17,1.32
2020-11-30,98,1.37,1.47
2020-11-30,100,0.45,0.5
2020-11-30,103,4.13,5.32
2020-11-30,104,2.5,2.6
2020-11-30,105,2.96,3.08
2020-11-30,106,2.07,2.15
2020-11-30,107,1.16,1.18
2020-11-30,108,274,276
2020-11-30,109,257.33,259.33
2020-11-30,110,383,392
2020-11-30,111,302.33,304.33
2020-11-30,112,291.33,293.33
2020-11-30,114,318.33,323.33
2020-11-30,115,220,225
2020-11-30,117,458,461.67
2020-11-30,118,422,426
2020-11-30,120,418,424
2020-11-30,121,509.33,511.67
2020-11-30,122,429.33,434.33
2020-11-30,124,428.67,430.67
2020-11-30,126,200,210
2020-11-30,127,190,195
2020-11-30,128,170,175
2020-11-30,129,190,200
2020-11-30,130,145,150
2020-11-30,131,1410,1415
2020-11-30,132,705,710
2020-11-30,133,680,685
2020-11-30,134,795,800
2020-11-30,176,6.5,7.5
2020-11-30,177,15.67,16.67
2020-11-30,181,4.75,4.85
2020-11-30,182,4.95,5.05
2020-11-30,183,5,5.2
2020-11-30,184,5.85,5.95
2020-11-30,185,6.9,7
2020-11-30,186,9.3,9.45
2020-11-30,187,365,375
2020-11-30,188,378.33,388.33
2020-11-30,189,236.67,246.67
2020-11-30,209,0.58,0.7
2020-11-30,211,0.3,0.4
2020-11-30,212,0.28,0.35
2020-11-30,213,0.45,0.5
2020-11-30,221,1.35,1.55
2020-11-30,225,1.5,1.8
2020-11-30,229,0.72,0.78
2020-11-30,232,0.75,0.85
2020-11-30,236,0.62,0.72
2020-11-30,237,0.72,0.8
2020-11-30,238,0.52,0.62
2020-11-30,241,0.85,0.95
2020-11-30,246,0.7,0.77
2020-11-30,247,0.47,0.55
2020-11-30,253,0.7,0.75
2020-11-30,255,0.8,1
2020-11-30,256,0.3,0.4
2020-11-30,258,0.7,0.8
2020-11-30,271,2.5,3
2020-11-30,276,0.7,0.75
2020-11-30,279,0.3,0.35
2020-11-30,280,0.25,0.35
2020-11-30,283,0.28,0.3
2020-11-30,284,0.3,0.35
2020-11-30,297,0.5,0.6
2020-11-30,300,0.45,0.6
2020-11-30,304,0.6,0.7
2020-11-30,306,0.45,0.55
2020-11-30,328,0.3,0.34
2020-11-30,329,0.3,0.32
2020-11-30,331,0.44,0.48
2020-11-30,332,4.2,4.4
2020-11-30,333,2.3,2.35
2020-11-30,335,2.15,2.2
2020-11-30,336,2.8,2.9
2020-11-30,337,2.5,2.6
2020-11-30,340,3.6,3.7
2020-11-30,341,2.7,2.75
2020-11-30,342,2.9,2.95
2020-11-30,344,13.9,13.9
2020-11-30,345,11.8,11.8
2020-11-30,346,10.5,10.5
2020-11-30,347,8.7,8.7
2020-11-30,350,2.35,2.45
2020-11-30,351,2.5,2.6
2020-11-30,352,3.8,3.9
2020-11-30,353,4.65,4.75
2020-11-30,356,1.95,2.05
2020-11-30,357,2.05,2.15
2020-11-30,358,3.55,3.65
2020-11-30,361,4.15,4.25
2020-11-30,362,5.05,5.15
2020-11-30,363,5.45,5.55
2020-11-30,364,2.3,2.4
2020-11-30,365,1.85,1.95
2020-11-30,366,6,6.1
2020-11-30,367,2.45,2.55
2020-11-30,368,1.35,1.45
2020-11-30,369,6,6.1
2020-11-30,370,2.35,2.45
2020-11-30,371,1.35,1.45
2020-11-30,372,5.5,5.6
2020-11-30,670,0.66,0.7
2020-11-30,671,0.78,0.88
2020-11-30,672,285.33,288.33
2020-11-30,674,1.12,1.14
2020-11-30,675,1.4,1.42
2020-11-30,676,2.5,2.6
2020-11-30,677,2.05,2.15
2020-11-30,678,2.45,2.55
2020-11-30,716,17,17
2020-11-30,717,14.9,14.9
2020-11-30,718,13.8,13.8
2020-11-30,719,11,11
2020-11-30,731,5.97,6.07
2020-11-30,732,7.17,7.27
2020-11-30,733,8.4,8.75
2020-11-30,734,9.3,9.45
2020-11-30,747,0.6,0.65
2020-11-30,760,7.13,7.63
2020-11-30,765,7.3,7.8
2020-11-30,770,0.8,0.95
2020-11-30,771,7.13,7.63
2020-11-30,772,7.3,7.8
2020-11-30,773,0.95,1.05
2020-11-30,776,6.5,8
2020-11-30,779,1.4,1.5
2020-11-30,788,3.2,4
2020-11-30,789,3.5,4
2020-11-30,790,2.4,3
2020-11-30,791,2.5,3
2020-11-30,793,1.8,2.1
2020-11-30,795,1.1,1.5
2020-11-30,796,1.3,1.6
2020-11-30,797,1,1.15
2020-11-30,802,1750,1800
2020-11-30,803,1650,1700
2020-11-30,804,7,7.5
2020-11-30,805,7.1,7.6
2020-11-30,806,2.57,3
2020-11-30,807,2.47,3
2020-11-30,808,0.95,1
2020-11-30,809,1,1.05
2020-11-30,810,1.05,1.1
2020-11-30,811,1.2,1.5
2020-11-30,815,6.5,8
2020-11-30,816,1,1.15
2020-11-30,817,0.85,0.9
2020-11-30,818,5,5.5
2020-11-30,820,1.25,1.45
2020-11-30,823,1.83,2.2
2020-11-30,824,0.8,0.95
2020-11-30,825,5.2,5.8
2020-11-30,827,5.8,6.2
2020-11-30,829,0.68,0.72
2020-11-30,831,3.5,4
2020-11-30,832,3.5,4
2020-11-30,833,0.8,0.85
2020-11-30,834,5,5.5
2020-12-15,2,222,223
2020-12-15,3,215,216
2020-12-15,4,212,215
2020-12-15,10,215,217
2020-12-15,12,200,205
2020-12-15,13,190,192
2020-12-15,14,185,186
2020-12-15,15,196,197
2020-12-15,16,200,201
2020-12-15,19,177,179
2020-12-15,20,182,184
2020-12-15,21,192,194
2020-12-15,23,455,460
2020-12-15,24,444,449
2020-12-15,25,324,326
2020-12-15,26,319,322
2020-12-15,27,470,471
2020-12-15,28,466,468
2020-12-15,29,452,453
2020-12-15,30,188,190
2020-12-15,31,192,194
2020-12-15,32,160,162
2020-12-15,33,193,205
2020-12-15,34,164,166
2020-12-15,35,207,209
2020-12-15,36,178,180
2020-12-15,37,161,162
2020-12-15,38,161,162
2020-12-15,39,270,273
2020-12-15,40,164,166
2020-12-15,41,735,740
2020-12-15,42,185,187
2020-12-15,43,185,187
2020-12-15,47,210,212
2020-12-15,48,213,215
2020-12-15,50,480,530
2020-12-15,51,430,480
2020-12-15,53,1230,1280
2020-12-15,54,1160,1220
2020-12-15,55,370,400
2020-12-15,56,270,280
2020-12-15,58,125,130
2020-12-15,63,125,130
2020-12-15,67,140,150
2020-12-15,71,95,100
2020-12-15,73,428,430
2020-12-15,75,420,424
2020-12-15,76,449,451
2020-12-15,77,430,432
2020-12-15,81,290,300
2020-12-15,85,895,900
2020-12-15,86,880,885
2020-12-15,87,865,870
2020-12-15,88,835,840
2020-12-15,89,2190,2200
2020-12-15,90,1230,1240
2020-12-15,92,1115,1120
2020-12-15,94,965,970
2020-12-15,95,935,940
2020-12-15,96,0.8,1.05
2020-12-15,97,1.2,1.35
2020-12-15,98,1.4,1.5
2020-12-15,100,0.45,0.5
2020-12-15,103,4.2,5.25
2020-12-15,104,2.5,2.6
2020-12-15,105,2.98,3.1
2020-12-15,106,2.05,2.1
2020-12-15,107,1.12,1.14
2020-12-15,108,274,276
2020-12-15,109,258,260
2020-12-15,110,383,393
2020-12-15,111,314,316
2020-12-15,112,313,315
2020-12-15,114,308,313
2020-12-15,117,463,470
2020-12-15,118,403,405
2020-12-15,120,399,405
2020-12-15,121,524,527
2020-12-15,122,414,419
2020-12-15,124,410,412
2020-12-15,126,200,210
2020-12-15,127,190,195
2020-12-15,128,170,175
2020-12-15,129,190,200
2020-12-15,130,145,150
2020-12-15,131,1410,1415
2020-12-15,132,715,720
2020-12-15,133,690,695
2020-12-15,134,805,810
2020-12-15,176,6.5,7.5
2020-12-15,177,17,18
2020-12-15,181,4.77,4.87
2020-12-15,182,4.97,5.07
2020-12-15,183,5,5.2
2020-12-15,184,5.85,5.95
2020-12-15,185,6.9,7
2020-12-15,186,9.3,9.45
2020-12-15,187,360,370
2020-12-15,188,365,375
2020-12-15,189,190,210
2020-12-15,209,0.5,0.6
2020-12-15,211,0.3,0.4
2020-12-15,212,0.28,0.35
2020-12-15,225,1.5,1.8
2020-12-15,229,0.5,0.6
2020-12-15,246,0.65,0.7
2020-12-15,247,0.6,0.7
2020-12-15,253,0.7,0.75
2020-12-15,276,0.7,0.75
2020-12-15,279,0.3,0.35
2020-12-15,280,0.25,0.35
2020-12-15,283,0.28,0.3
2020-12-15,284,0.3,0.35
2020-12-15,297,0.5,0.6
2020-12-15,300,0.45,0.6
2020-12-15,304,0.6,0.7
2020-12-15,306,0.45,0.55
2020-12-15,328,0.3,0.34
2020-12-15,329,0.3,0.32
2020-12-15,331,0.44,0.48
2020-12-15,332,4.2,4.4
2020-12-15,333,2.3,2.35
2020-12-15,335,2.15,2.2
2020-12-15,336,2.8,2.9
2020-12-15,337,2.5,2.6
2020-12-15,340,3.6,3.7
2020-12-15,341,2.7,2.75
2020-12-15,342,2.9,2.95
2020-12-15,344,13.9,13.9
2020-12-15,345,11.8,11.8
2020-12-15,346,10.5,10.5
2020-12-15,347,8.7,8.7
2020-12-15,350,2.35,2.45
2020-12-15,351,2.5,2.6
2020-12-15,352,3.8,3.9
2020-12-15,353,4.65,4.75
2020-12-15,356,1.95,2.05
2020-12-15,357,2.05,2.15
2020-12-15,358,3.55,3.65
2020-12-15,361,4.15,4.25
2020-12-15,362,5.05,5.15
2020-12-15,363,5.45,5.55
2020-12-15,364,2.3,2.4
2020-12-15,365,1.85,1.95
2020-12-15,366,6,6.1
2020-12-15,367,2.45,2.55
2020-12-15,368,1.35,1.45
2020-12-15,369,6,6.1
2020-12-15,370,2.35,2.45
2020-12-15,371,1.35,1.45
2020-12-15,372,5.5,5.6
2020-12-15,670,0.66,0.7
2020-12-15,671,0.8,0.9
2020-12-15,672,302,305
2020-12-15,674,1.12,1.14
2020-12-15,675,1.4,1.42
2020-12-15,676,2.5,2.6
2020-12-15,677,2.05,2.15
2020-12-15,678,2.45,2.55
2020-12-15,716,17,17
2020-12-15,717,14.9,14.9
2020-12-15,718,13.8,13.8
2020-12-15,719,11,11
2020-12-15,731,6.1,6.2
2020-12-15,732,7.4,7.5
2020-12-15,733,8.5,8.85
2020-12-15,734,9.4,9.55
2020-12-15,747,0.6,0.65
2020-12-15,760,7.2,7.7
2020-12-15,765,7.3,7.8
2020-12-15,771,7.2,7.7
2020-12-15,772,7.3,7.8
2020-12-15,773,0.95,1.05
2020-12-15,776,6.5,8
2020-12-15,795,1.1,1.5
2020-12-15,796,1.3,1.6
2020-12-15,797,1,1.15
2020-12-15,802,1720,1770
2020-12-15,803,1620,1670
2020-12-15,804,7,7.5
2020-12-15,805,7.1,7.6
2020-12-15,806,2.6,3
2020-12-15,807,2.5,3
2020-12-15,808,0.95,1
2020-12-15,809,1,1.05
2020-12-15,810,1.05,1.1
2020-12-15,811,1.2,1.5
2020-12-15,815,6.5,8
2020-12-15,816,1,1.15
2020-12-15,817,0.85,0.9
2020-12-15,818,5,5.5
2020-12-15,820,1.25,1.45
2020-12-15,823,1.8,2.2
2020-12-15,824,0.8,0.95
2020-12-15,825,5.2,5.8
2020-12-15,827,5.8,6.2
2020-12-15,829,0.68,0.72
2020-12-15,831,3.5,4
2020-12-15,832,3.5,4
2020-12-15,833,0.8,0.85
2020-12-15,834,5,5.5
2020-12-30,2,222,223
2020-12-30,3,215,216
2020-12-30,4,212,215
2020-12-30,10,215,217
2020-12-30,12,200,205
2020-12-30,13,190,192
2020-12-30,14,185,186
2020-12-30,15,195,196
2020-12-30,16,199,200
2020-12-30,19,177,179
2020-12-30,20,182,184
2020-12-30,21,192,194
2020-12-30,23,455,460
2020-12-30,24,444,449
2020-12-30,25,324,326
2020-12-30,26,319,322
2020-12-30,27,470,471
2020-12-30,28,466,468
2020-12-30,29,452,453
2020-12-30,30,208,210
2020-12-30,31,212,214
2020-12-30,32,180,182
2020-12-30,33,213,225
2020-12-30,34,184,186
2020-12-30,35,217,219
2020-12-30,36,188,190
2020-12-30,37,181,182
2020-12-30,38,181,182
2020-12-30,39,270,273
2020-12-30,40,164,166
2020-12-30,41,740,745
2020-12-30,47,210,212
2020-12-30,48,213,215
2020-12-30,50,480,530
2020-12-30,51,430,480
2020-12-30,53,1230,1280
2020-12-30,54,1160,1220
2020-12-30,55,370,400
2020-12-30,56,270,280
2020-12-30,58,125,130
2020-12-30,63,125,130
2020-12-30,67,140,150
2020-12-30,71,95,100
2020-12-30,73,433,435
2020-12-30,75,430,434
2020-12-30,76,454,456
2020-12-30,77,440,442
2020-12-30,81,295,305
2020-12-30,85,915,920
2020-12-30,86,900,905
2020-12-30,87,880,885
2020-12-30,88,850,855
2020-12-30,89,2210,2220
2020-12-30,90,1230,1240
2020-12-30,92,1125,1130
2020-12-30,94,980,985
2020-12-30,95,950,955
2020-12-30,100,0.45,0.5
2020-12-30,103,4.05,5.1
2020-12-30,104,2.6,2.7
2020-12-30,105,2.98,3.1
2020-12-30,106,2.05,2.1
2020-12-30,107,1.17,1.19
2020-12-30,108,274,276
2020-12-30,109,258,260
2020-12-30,110,384,396
2020-12-30,111,314,316
2020-12-30,112,313,315
2020-12-30,114,308,313
2020-12-30,117,483,485
2020-12-30,118,428,430
2020-12-30,120,424,430
2020-12-30,121,544,547
2020-12-30,122,435,440
2020-12-30,124,435,440
2020-12-30,126,200,210
2020-12-30,127,190,195
2020-12-30,128,170,175
2020-12-30,129,190,200
2020-12-30,130,145,150
2020-12-30,131,1410,1415
2020-12-30,132,720,725
2020-12-30,133,695,700
2020-12-30,134,810,815
2020-12-30,176,6.5,7.5
2020-12-30,177,17,18
2020-12-30,181,4.77,4.87
2020-12-30,182,4.97,5.07
2020-12-30,183,5,5.2
2020-12-30,184,5.85,5.95
2020-12-30,185,6.9,7
2020-12-30,186,9.3,9.45
2020-12-30,187,350,360
2020-12-30,188,335,345
2020-12-30,189,160,180
2020-12-30,209,0.3,0.4
2020-12-30,211,0.35,0.4
2020-12-30,212,0.28,0.35
2020-12-30,225,1.5,1.8
2020-12-30,229,0.4,0.5
2020-12-30,246,0.65,0.75
2020-12-30,247,0.6,0.7
2020-12-30,253,0.7,0.75
2020-12-30,276,0.7,0.75
2020-12-30,279,0.3,0.35
2020-12-30,280,0.25,0.35
2020-12-30,283,0.28,0.3
2020-12-30,284,0.3,0.35
2020-12-30,297,0.5,0.6
2020-12-30,300,0.45,0.6
2020-12-30,304,0.6,0.7
2020-12-30,306,0.45,0.55
2020-12-30,328,0.27,0.31
2020-12-30,329,0.18,0.2
2020-12-30,331,0.34,0.38
2020-12-30,332,4.2,4.4
2020-12-30,333,2.3,2.35
2020-12-30,335,2.15,2.2
2020-12-30,336,2.8,2.9
2020-12-30,337,2.5,2.6
2020-12-30,340,3.6,3.7
2020-12-30,341,2.7,2.75
2020-12-30,342,2.9,2.95
2020-12-30,344,13.9,13.9
2020-12-30,345,11.8,11.8
2020-12-30,346,10.5,10.5
2020-12-30,347,8.7,8.7
2020-12-30,350,2.35,2.45
2020-12-30,351,2.5,2.6
2020-12-30,352,3.8,3.9
2020-12-30,353,4.65,4.75
2020-12-30,356,1.95,2.05
2020-12-30,357,2.05,2.15
2020-12-30,358,3.55,3.65
2020-12-30,361,4.15,4.25
2020-12-30,362,5.05,5.15
2020-12-30,363,5.45,5.55
2020-12-30,364,2.3,2.4
2020-12-30,365,1.85,1.95
2020-12-30,366,6,6.1
2020-12-30,367,2.45,2.55
2020-12-30,368,1.35,1.45
2020-12-30,369,6,6.1
2020-12-30,370,2.35,2.45
2020-12-30,371,1.35,1.45
2020-12-30,372,5.5,5.6
2020-12-30,672,302,305
2020-12-30,674,1.12,1.14
2020-12-30,675,1.4,1.42
2020-12-30,676,2.5,2.6
2020-12-30,677,2.05,2.15
2020-12-30,678,2.45,2.55
2020-12-30,716,17,17
2020-12-30,717,14.9,14.9
2020-12-30,718,13.8,13.8
2020-12-30,719,11,11
2020-12-30,731,6.1,6.2
2020-12-30,732,7.45,7.55
2020-12-30,733,8.5,8.85
2020-12-30,734,9.4,9.55
2020-12-30,760,7.2,7.7
2020-12-30,765,7.3,7.8
2020-12-30,771,7.2,7.7
2020-12-30,772,7.3,7.8
2020-12-30,773,0.95,1.05
2020-12-30,776,6.5,8
2020-12-30,795,1.1,1.5
2020-12-30,796,1.3,1.6
2020-12-30,797,1,1.15
2020-12-30,802,1670,1720
2020-12-30,803,1570,1620
2020-12-30,804,7,7.5
2020-12-30,805,7.1,7.6
2020-12-30,806,2.6,3
2020-12-30,807,2.5,3
2020-12-30,808,0.95,1
2020-12-30,809,1,1.05
2020-12-30,810,1.05,1.1
2020-12-30,811,1.2,1.5
2020-12-30,815,6.5,8
2020-12-30,816,1,1.15
2020-12-30,817,0.85,0.9
2020-12-30,818,5,5.5
2020-12-30,820,1.25,1.45
2020-12-30,823,1.8,2.2
2020-12-30,824,0.8,0.95
2020-12-30,825,5.2,5.8
2020-12-30,827,5.8,6.2
2020-12-30,829,0.68,0.72
2020-12-30,831,3.5,4
2020-12-30,832,3.5,4
2020-12-30,833,0.8,0.85
2020-12-30,834,5,5.5
