date,code,low,high
2021-01-15,2,226,227
2021-01-15,3,220,221
2021-01-15,4,219,220
2021-01-15,7,280,285
2021-01-15,8,290,295
2021-01-15,10,228,229
2021-01-15,12,205,210
2021-01-15,13,195,197
2021-01-15,14,190,191
2021-01-15,15,201,202
2021-01-15,16,205,206
2021-01-15,19,182,184
2021-01-15,20,187,189
2021-01-15,21,198,200
2021-01-15,23,460,465
2021-01-15,24,449,454
2021-01-15,25,329,331
2021-01-15,26,324,327
2021-01-15,27,470,471
2021-01-15,28,466,468
2021-01-15,29,452,453
2021-01-15,30,221,223
2021-01-15,31,225,227
2021-01-15,32,193,195
2021-01-15,33,226,238
2021-01-15,34,197,199
2021-01-15,35,230,232
2021-01-15,36,201,203
2021-01-15,37,186,187
2021-01-15,38,186,187
2021-01-15,39,272,275
2021-01-15,40,169,171
2021-01-15,41,770,775
2021-01-15,42,190,192
2021-01-15,43,192,195
2021-01-15,47,217,219
2021-01-15,48,218,220
2021-01-15,50,480,530
2021-01-15,51,430,480
2021-01-15,53,1230,1280
2021-01-15,54,1160,1220
2021-01-15,55,370,400
2021-01-15,56,270,280
2021-01-15,58,125,130
2021-01-15,63,130,135
2021-01-15,67,145,155
2021-01-15,71,100,105
2021-01-15,73,478,480
2021-01-15,75,475,479
2021-01-15,76,509,511
2021-01-15,77,495,497
2021-01-15,81,335,345
2021-01-15,85,935,940
2021-01-15,86,940,945
2021-01-15,87,935,940
2021-01-15,88,915,920
2021-01-15,89,2230,2240
2021-01-15,90,1260,1270
2021-01-15,92,1145,1150
2021-01-15,94,1035,1040
2021-01-15,95,1015,1020
2021-01-15,103,4,5
2021-01-15,104,2.6,2.7
2021-01-15,105,2.95,3.05
2021-01-15,106,2.05,2.1
2021-01-15,107,1.17,1.19
2021-01-15,108,277,279
2021-01-15,109,263,265
2021-01-15,110,394,406
2021-01-15,111,344,346
2021-01-15,112,343,345
2021-01-15,114,315,320
2021-01-15,117,523,525
2021-01-15,118,473,475
2021-01-15,120,469,475
2021-01-15,121,581,584
2021-01-15,122,480,485
2021-01-15,124,480,485
2021-01-15,126,205,215
2021-01-15,127,195,200
2021-01-15,128,175,180
2021-01-15,129,195,205
2021-01-15,130,150,155
2021-01-15,131,1430,1435
2021-01-15,132,730,735
2021-01-15,133,705,710
2021-01-15,134,820,825
2021-01-15,176,6.5,7.5
2021-01-15,177,17,18
2021-01-15,181,4.77,4.87
2021-01-15,182,4.97,5.07
2021-01-15,183,5,5.2
2021-01-15,184,5.85,5.95
2021-01-15,185,6.9,7
2021-01-15,186,9.3,9.45
2021-01-15,187,340,350
2021-01-15,188,325,335
2021-01-15,189,170,190
2021-01-15,209,0.25,0.35
2021-01-15,211,0.3,0.35
2021-01-15,212,0.25,0.35
2021-01-15,225,1.5,1.8
2021-01-15,229,0.4,0.5
2021-01-15,246,0.65,0.75
2021-01-15,247,1.4,1.7
2021-01-15,248,0.4,0.5
2021-01-15,249,0.5,0.6
2021-01-15,250,0.15,0.2
2021-01-15,251,0.7,0.8
2021-01-15,253,0.7,0.75
2021-01-15,261,0.8,0.9
2021-01-15,262,0.95,1.05
2021-01-15,276,0.7,0.75
2021-01-15,279,0.3,0.35
2021-01-15,280,0.25,0.35
2021-01-15,283,0.28,0.3
2021-01-15,284,0.3,0.35
2021-01-15,297,0.5,0.6
2021-01-15,300,0.45,0.6
2021-01-15,304,0.6,0.7
2021-01-15,306,0.45,0.55
2021-01-15,328,0.24,0.28
2021-01-15,329,0.14,0.18
2021-01-15,331,0.3,0.34
2021-01-15,333,2.3,2.35
2021-01-15,335,2.1,2.15
2021-01-15,341,2.6,2.65
2021-01-15,342,2.9,2.95
2021-01-15,344,13.5,13.5
2021-01-15,345,11.4,11.4
2021-01-15,346,10.1,10.1
2021-01-15,347,8.3,8.3
2021-01-15,350,2.05,2.15
2021-01-15,351,2.02,2.12
2021-01-15,352,3.7,3.8
2021-01-15,353,4.65,4.75
2021-01-15,356,1.9,2
2021-01-15,357,1.9,2
2021-01-15,358,3.4,3.5
2021-01-15,361,4.15,4.25
2021-01-15,362,5.05,5.15
2021-01-15,363,4.85,4.95
2021-01-15,364,1.95,2.05
2021-01-15,365,1.5,1.6
2021-01-15,366,5.4,5.5
2021-01-15,367,2.2,2.3
2021-01-15,368,1.2,1.3
2021-01-15,369,5.4,5.5
2021-01-15,370,2.1,2.2
2021-01-15,371,1.2,1.3
2021-01-15,372,5.3,5.4
2021-01-15,672,332,335
2021-01-15,674,0.99,1.01
2021-01-15,675,1.32,1.34
2021-01-15,676,2.02,2.12
2021-01-15,677,1.9,2
2021-01-15,678,2.2,2.3
2021-01-15,716,16.6,16.6
2021-01-15,717,14.5,14.5
2021-01-15,718,13.4,13.4
2021-01-15,719,10.6,10.6
2021-01-15,731,6.15,6.25
2021-01-15,732,7.55,7.65
2021-01-15,733,8.5,8.85
2021-01-15,734,9.4,9.55
2021-01-15,760,7.2,7.7
2021-01-15,764,0.6,0.7
2021-01-15,765,7.3,7.8
2021-01-15,771,7.2,7.7
2021-01-15,772,7.3,7.8
2021-01-15,773,0.95,1.05
2021-01-15,776,6.5,8
2021-01-15,795,1.1,1.5
2021-01-15,796,1.3,1.6
2021-01-15,797,1,1.15
2021-01-15,802,1670,1740
2021-01-15,803,1570,1640
2021-01-15,804,7,7.5
2021-01-15,805,7.1,7.6
2021-01-15,806,2.6,3
2021-01-15,807,2.5,3
2021-01-15,808,0.95,1
2021-01-15,809,1,1.05
2021-01-15,810,1.05,1.1
2021-01-15,811,1.2,1.5
2021-01-15,815,6.5,8
2021-01-15,816,1,1.15
2021-01-15,817,0.85,0.9
2021-01-15,818,5,5.5
2021-01-15,820,1.25,1.45
2021-01-15,823,1.8,2.2
2021-01-15,824,0.8,0.95
2021-01-15,825,5.2,5.8
2021-01-15,827,5.8,6.2
2021-01-15,829,0.68,0.72
2021-01-15,831,3.5,4
2021-01-15,832,3.5,4
2021-01-15,833,0.8,0.85
2021-01-15,834,5,5.5
2021-01-15,835,4.6,4.9
2021-01-15,836,4.2,4.3
2021-01-30,2,237,238
2021-01-30,3,233,234
2021-01-30,4,232,233
2021-01-30,7,287.5,292.5
2021-01-30,8,295.5,299.5
2021-01-30,10,236,238
2021-01-30,12,224,229
2021-01-30,13,214,216
2021-01-30,14,209,210
2021-01-30,15,223,224
2021-01-30,16,226.5,228
2021-01-30,19,192.5,194.5
2021-01-30,20,197.5,199.5
2021-01-30,21,212,214
2021-01-30,23,472.5,477.5
2021-01-30,24,461.5,466.5
2021-01-30,25,341.5,343.5
2021-01-30,26,336.5,339.5
2021-01-30,27,470,471
2021-01-30,28,466,468
2021-01-30,29,452,453
2021-01-30,30,219.5,221.5
2021-01-30,31,223.5,225.5
2021-01-30,32,191.5,193.5
2021-01-30,33,224.5,236.5
2021-01-30,34,195.5,197.5
2021-01-30,35,230,232
2021-01-30,36,201,203
2021-01-30,37,181,182
2021-01-30,38,180,181
2021-01-30,39,289,292
2021-01-30,40,184.5,186.5
2021-01-30,41,790,795
2021-01-30,42,197.5,198.5
2021-01-30,43,197.5,200.5
2021-01-30,47,219,221
2021-01-30,48,218,220
2021-01-30,50,475,525
2021-01-30,51,430,480
2021-01-30,53,1220,1270
2021-01-30,54,1160,1220
2021-01-30,55,375,405
2021-01-30,56,280,290
2021-01-30,58,130,135
2021-01-30,63,135,140
2021-01-30,67,145,155
2021-01-30,71,100,110
2021-01-30,73,493,495
2021-01-30,75,482.5,486.5
2021-01-30,76,519,521
2021-01-30,77,496,499.5
2021-01-30,81,345,355
2021-01-30,85,960,965
2021-01-30,86,945,950
2021-01-30,87,915,920
2021-01-30,88,895,900
2021-01-30,89,2305,2315
2021-01-30,90,1280,1290
2021-01-30,92,1195,1200
2021-01-30,94,1015,1020
2021-01-30,95,995,1000
2021-01-30,103,4.05,5
2021-01-30,104,2.7,2.8
2021-01-30,105,3.05,3.15
2021-01-30,106,2.12,2.17
2021-01-30,107,1.19,1.21
2021-01-30,108,282,284
2021-01-30,109,268,270
2021-01-30,110,401.5,413.5
2021-01-30,111,346,348
2021-01-30,112,350,352
2021-01-30,114,327,330
2021-01-30,117,524,526
2021-01-30,118,493,495
2021-01-30,120,491,496
2021-01-30,121,583.5,586.5
2021-01-30,122,503.5,508.5
2021-01-30,124,501.5,506.5
2021-01-30,126,205,215
2021-01-30,127,195,200
2021-01-30,128,175,180
2021-01-30,129,195,205
2021-01-30,130,150,155
2021-01-30,131,1450,1455
2021-01-30,132,732.5,737.5
2021-01-30,133,707.5,712.5
2021-01-30,134,822.5,827.5
2021-01-30,176,6.75,7.75
2021-01-30,177,18.25,19.25
2021-01-30,181,4.77,4.87
2021-01-30,182,4.97,5.07
2021-01-30,183,5,5.2
2021-01-30,184,5.85,5.95
2021-01-30,185,6.85,6.95
2021-01-30,186,9.25,9.4
2021-01-30,187,355,367.5
2021-01-30,188,350,360
2021-01-30,189,220,230
2021-01-30,209,0.25,0.35
2021-01-30,210,1.2,1.5
2021-01-30,211,0.47,0.57
2021-01-30,212,0.32,0.38
2021-01-30,225,1.5,1.8
2021-01-30,229,0.4,0.5
2021-01-30,246,0.65,0.75
2021-01-30,247,2,2.2
2021-01-30,248,0.5,0.6
2021-01-30,249,0.6,0.7
2021-01-30,250,0.4,0.5
2021-01-30,251,0.7,0.8
2021-01-30,253,0.7,0.75
2021-01-30,261,0.82,0.9
2021-01-30,262,0.95,1.05
2021-01-30,263,1.2,1.3
2021-01-30,264,1.3,1.4
2021-01-30,265,1.4,1.5
2021-01-30,279,0.3,0.35
2021-01-30,280,0.25,0.35
2021-01-30,283,0.28,0.3
2021-01-30,284,0.3,0.35
2021-01-30,297,0.5,0.6
2021-01-30,300,0.45,0.6
2021-01-30,304,0.6,0.7
2021-01-30,306,0.45,0.55
2021-01-30,328,0.24,0.28
2021-01-30,329,0.16,0.2
2021-01-30,331,0.32,0.35
2021-01-30,333,2.33,2.38
2021-01-30,335,2.14,2.19
2021-01-30,341,2.6,2.65
2021-01-30,342,2.9,2.95
2021-01-30,344,13.5,13.5
2021-01-30,345,11.4,11.4
2021-01-30,346,10.1,10.1
2021-01-30,347,8.3,8.3
2021-01-30,350,2,2.1
2021-01-30,351,2,2.1
2021-01-30,352,3.7,3.8
2021-01-30,353,4.65,4.75
2021-01-30,356,1.9,2
2021-01-30,357,1.9,2
2021-01-30,358,3.48,3.58
2021-01-30,361,4.2,4.3
2021-01-30,362,5.1,5.2
2021-01-30,363,4.8,4.9
2021-01-30,364,1.9,2
2021-01-30,365,1.5,1.6
2021-01-30,366,5.3,5.4
2021-01-30,367,2.15,2.25
2021-01-30,368,1.2,1.3
2021-01-30,369,5.3,5.4
2021-01-30,370,2.05,2.15
2021-01-30,371,1.2,1.3
2021-01-30,372,5.1,5.2
2021-01-30,672,339,342
2021-01-30,674,0.98,1
2021-01-30,675,1.31,1.33
2021-01-30,676,2,2.1
2021-01-30,677,1.9,2
2021-01-30,678,2.17,2.27
2021-01-30,716,16.6,16.6
2021-01-30,717,14.5,14.5
2021-01-30,718,13.4,13.4
2021-01-30,719,10.6,10.6
2021-01-30,731,6.15,6.25
2021-01-30,732,7.55,7.65
2021-01-30,733,8.5,8.85
2021-01-30,734,9.4,9.55
2021-01-30,760,7.2,7.7
2021-01-30,764,0.65,0.75
2021-01-30,765,7.3,7.8
2021-01-30,771,7.2,7.7
2021-01-30,772,7.3,7.8
2021-01-30,773,0.95,1.05
2021-01-30,776,6.5,8
2021-01-30,795,1.1,1.5
2021-01-30,796,1.3,1.6
2021-01-30,797,1,1.15
2021-01-30,802,1670,1740
2021-01-30,803,1600,1670
2021-01-30,804,7,7.5
2021-01-30,805,7.1,7.6
2021-01-30,806,2.6,3
2021-01-30,807,2.5,3
2021-01-30,808,0.95,1
2021-01-30,809,1,1.05
2021-01-30,810,1.05,1.1
2021-01-30,811,1.2,1.5
2021-01-30,815,6.5,8
2021-01-30,816,1,1.15
2021-01-30,817,0.85,0.9
2021-01-30,818,5.25,5.75
2021-01-30,820,1.25,1.45
2021-01-30,823,1.8,2.2
2021-01-30,824,0.8,0.95
2021-01-30,825,5.35,5.8
2021-01-30,827,5.8,6.2
2021-01-30,829,0.68,0.72
2021-01-30,831,3.5,4
2021-01-30,832,3.5,4
2021-01-30,833,0.8,0.85
2021-01-30,834,5.25,5.75
2021-01-30,835,4.6,4.9
2021-01-30,836,4.28,4.38
2021-02-15,2,241,242
2021-02-15,3,237.67,238.67
2021-02-15,4,236,237
2021-02-15,7,293,295
2021-02-15,8,300,304
2021-02-15,10,239.33,241
2021-02-15,12,232.67,235.67
2021-02-15,13,223.33,225.33
2021-02-15,14,218.67,219.67
2021-02-15,15,230.33,231.67
2021-02-15,16,233,234
2021-02-15,19,197,199
2021-02-15,20,205,207
2021-02-15,21,218,220
2021-02-15,23,475,480
2021-02-15,24,464,469
2021-02-15,25,344,346
2021-02-15,26,339,342
2021-02-15,27,470,471
2021-02-15,28,466,468
2021-02-15,29,452,453
2021-02-15,30,197.67,199.67
2021-02-15,31,201.67,203.67
2021-02-15,32,169.67,171.67
2021-02-15,33,202.67,214.67
2021-02-15,34,173.67,175.67
2021-02-15,35,225.67,227.67
2021-02-15,36,196.67,198.67
2021-02-15,37,176.67,177.67
2021-02-15,38,176.67,177.67
2021-02-15,39,297.33,300.33
2021-02-15,40,191.33,193.33
2021-02-15,41,841.67,846.67
2021-02-15,42,215.33,216.33
2021-02-15,43,216,219
2021-02-15,47,225.33,227.33
2021-02-15,48,218,220
2021-02-15,50,453.33,503.33
2021-02-15,51,430,480
2021-02-15,53,1176.67,1226.67
2021-02-15,54,1160,1220
2021-02-15,55,391.67,421.67
2021-02-15,56,296.67,306.67
2021-02-15,58,146.67,151.67
2021-02-15,63,140,145
2021-02-15,67,150,160
2021-02-15,71,103.33,110
2021-02-15,73,501.33,503.33
2021-02-15,75,491,495.33
2021-02-15,76,534,536
2021-02-15,77,502,507
2021-02-15,81,354.33,360
2021-02-15,85,1001.67,1006.67
2021-02-15,86,970,975
2021-02-15,87,958.33,963.33
2021-02-15,88,938.33,943.33
2021-02-15,89,2346.67,2356.67
2021-02-15,90,1310,1320
2021-02-15,92,1225,1230
2021-02-15,94,1058.33,1063.33
2021-02-15,95,1038.33,1043.33
2021-02-15,101,10,10.5
2021-02-15,102,11,12
2021-02-15,103,4.27,5
2021-02-15,104,2.83,2.93
2021-02-15,105,3.2,3.33
2021-02-15,106,2.28,2.33
2021-02-15,107,1.3,1.32
2021-02-15,108,285.33,287.33
2021-02-15,109,274.33,276.33
2021-02-15,110,402.67,414.67
2021-02-15,112,358.67,360.67
2021-02-15,114,322.33,325
2021-02-15,117,522,524
2021-02-15,120,490,495
2021-02-15,121,582,585
2021-02-15,122,506.5,510
2021-02-15,124,500,506.67
2021-02-15,126,205,215
2021-02-15,127,195,200
2021-02-15,128,175,180
2021-02-15,129,195,205
2021-02-15,130,150,155
2021-02-15,131,1410,1415
2021-02-15,132,771.67,776.67
2021-02-15,133,746.67,751.67
2021-02-15,134,861.67,866.67
2021-02-15,176,8.17,9.17
2021-02-15,177,19.67,20.67
2021-02-15,181,4.76,4.86
2021-02-15,182,4.96,5.06
2021-02-15,183,5,5.2
2021-02-15,184,5.85,5.95
2021-02-15,185,6.7,6.8
2021-02-15,186,9.03,9.15
2021-02-15,187,368.33,378.33
2021-02-15,188,368.33,378.33
2021-02-15,189,241.67,251.67
2021-02-15,210,1.2,1.5
2021-02-15,211,0.45,0.55
2021-02-15,212,0.35,0.4
2021-02-15,225,1.5,1.8
2021-02-15,229,0.62,0.72
2021-02-15,246,0.65,0.75
2021-02-15,247,2,2.2
2021-02-15,248,0.5,0.6
2021-02-15,249,0.6,0.7
2021-02-15,250,0.4,0.5
2021-02-15,251,0.7,0.8
2021-02-15,253,0.7,0.75
2021-02-15,261,0.85,0.9
2021-02-15,262,0.95,1.05
2021-02-15,263,1.2,1.3
2021-02-15,264,1.3,1.4
2021-02-15,265,1.4,1.5
2021-02-15,279,0.3,0.35
2021-02-15,280,0.25,0.35
2021-02-15,283,0.28,0.3
2021-02-15,284,0.3,0.35
2021-02-15,297,0.5,0.6
2021-02-15,300,0.45,0.6
2021-02-15,304,0.6,0.7
2021-02-15,306,0.45,0.55
2021-02-15,328,0.27,0.31
2021-02-15,329,0.21,0.25
2021-02-15,331,0.38,0.42
2021-02-15,333,2.35,2.4
2021-02-15,335,2.17,2.22
2021-02-15,341,2.62,2.67
2021-02-15,342,2.91,2.96
2021-02-15,344,13.6,13.6
2021-02-15,345,11.5,11.5
2021-02-15,346,10.2,10.2
2021-02-15,347,8.4,8.4
2021-02-15,350,1.95,2.05
2021-02-15,351,1.95,2.05
2021-02-15,352,3.73,3.83
2021-02-15,353,4.68,4.78
2021-02-15,356,1.98,2.08
2021-02-15,357,1.98,2.08
2021-02-15,358,3.55,3.65
2021-02-15,361,4.25,4.35
2021-02-15,362,5.15,5.25
2021-02-15,363,4.7,4.8
2021-02-15,364,1.85,1.95
2021-02-15,365,1.5,1.6
2021-02-15,366,5.2,5.3
2021-02-15,367,2.1,2.2
2021-02-15,368,1.2,1.3
2021-02-15,369,5.2,5.3
2021-02-15,370,2,2.1
2021-02-15,371,1.2,1.3
2021-02-15,372,4.67,4.78
2021-02-15,617,2.5,2.7
2021-02-15,618,2.5,2.8
2021-02-15,672,349.67,352
2021-02-15,674,0.97,0.99
2021-02-15,675,1.29,1.31
2021-02-15,676,1.95,2.05
2021-02-15,677,1.98,2.08
2021-02-15,678,2.15,2.25
2021-02-15,716,16.7,16.7
2021-02-15,717,14.6,14.6
2021-02-15,718,13.5,13.5
2021-02-15,719,10.7,10.7
2021-02-15,731,6.13,6.23
2021-02-15,732,7.53,7.63
2021-02-15,733,8.48,8.83
2021-02-15,734,9.38,9.53
2021-02-15,760,7.2,7.7
2021-02-15,764,0.7,0.8
2021-02-15,765,7.3,7.8
2021-02-15,771,7.2,7.7
2021-02-15,772,7.3,7.8
2021-02-15,795,1.1,1.5
2021-02-15,796,1.3,1.6
2021-02-15,802,1670,1740
2021-02-15,803,1656.67,1726.67
2021-02-15,804,7,7.5
2021-02-15,805,7.1,7.6
2021-02-15,806,2.6,3
2021-02-15,807,2.57,3
2021-02-15,808,0.95,1
2021-02-15,809,1,1.05
2021-02-15,810,1.05,1.1
2021-02-15,811,1.2,1.4
2021-02-15,812,1.2,1.5
2021-02-15,815,6.5,8
2021-02-15,816,1,1.15
2021-02-15,817,0.85,0.9
2021-02-15,818,5.5,6
2021-02-15,820,1.25,1.45
2021-02-15,823,1.8,2.2
2021-02-15,824,0.8,0.95
2021-02-15,825,5.5,5.8
2021-02-15,827,5.8,6.2
2021-02-15,829,0.68,0.72
2021-02-15,831,3.5,4
2021-02-15,832,3.5,4
2021-02-15,833,0.8,0.85
2021-02-15,834,5.5,6
2021-02-15,835,4.6,4.9
2021-02-15,836,4.35,4.45
2021-02-28,2,242,243
2021-02-28,3,239,240
2021-02-28,4,235,236
2021-02-28,7,293,295
2021-02-28,8,302,306
2021-02-28,10,240,241
2021-02-28,12,238,240
2021-02-28,13,229,231
2021-02-28,14,224,225
2021-02-28,15,233,234
2021-02-28,16,234,235
2021-02-28,20,205,207
2021-02-28,21,216,218
2021-02-28,23,475,480
2021-02-28,24,464,469
2021-02-28,25,344,346
2021-02-28,26,339,342
2021-02-28,27,470,471
2021-02-28,28,466,468
2021-02-28,29,452,453
2021-02-28,30,183,185
2021-02-28,31,187,189
2021-02-28,32,155,157
2021-02-28,33,188,200
2021-02-28,34,159,161
2021-02-28,35,220,222
2021-02-28,36,191,193
2021-02-28,37,169,170
2021-02-28,38,169,170
2021-02-28,39,302,305
2021-02-28,40,195,197
2021-02-28,41,850,855
2021-02-28,42,225,226
2021-02-28,43,225,228
2021-02-28,47,226,228
2021-02-28,48,218,220
2021-02-28,50,450,500
2021-02-28,51,430,480
2021-02-28,53,1170,1220
2021-02-28,54,1160,1220
2021-02-28,55,400,430
2021-02-28,56,305,315
2021-02-28,58,155,160
2021-02-28,63,140,145
2021-02-28,67,150,160
2021-02-28,71,105,110
2021-02-28,73,505,507
2021-02-28,75,495,498
2021-02-28,76,535,537
2021-02-28,77,505,508
2021-02-28,81,355,360
2021-02-28,85,1035,1040
2021-02-28,86,1020,1025
2021-02-28,87,1005,1010
2021-02-28,88,985,990
2021-02-28,89,2350,2360
2021-02-28,90,1360,1370
2021-02-28,92,1295,1300
2021-02-28,94,1105,1110
2021-02-28,95,1085,1090
2021-02-28,101,10,10.5
2021-02-28,102,11,12
2021-02-28,103,4.4,5
2021-02-28,104,2.9,3
2021-02-28,105,3.3,3.45
2021-02-28,106,2.35,2.4
2021-02-28,107,1.37,1.39
2021-02-28,108,288,290
2021-02-28,109,275,277
2021-02-28,110,400,412
2021-02-28,112,358,360
2021-02-28,114,317,318
2021-02-28,117,520,522
2021-02-28,120,475,480
2021-02-28,121,580,583
2021-02-28,124,475,485
2021-02-28,126,205,215
2021-02-28,127,195,200
2021-02-28,128,175,180
2021-02-28,129,195,205
2021-02-28,130,150,155
2021-02-28,131,1370,1375
2021-02-28,132,810,815
2021-02-28,133,785,790
2021-02-28,134,900,905
2021-02-28,176,8.5,9.5
2021-02-28,177,20,21
2021-02-28,181,4.75,4.85
2021-02-28,182,4.95,5.05
2021-02-28,183,5,5.2
2021-02-28,184,5.85,5.95
2021-02-28,185,6.7,6.8
2021-02-28,186,9,9.1
2021-02-28,187,365,375
2021-02-28,188,365,375
2021-02-28,189,230,240
2021-02-28,210,1.5,1.8
2021-02-28,211,0.4,0.5
2021-02-28,212,0.3,0.4
2021-02-28,225,1.5,1.8
2021-02-28,229,0.6,0.7
2021-02-28,246,0.7,0.9
2021-02-28,247,2.2,2.3
2021-02-28,248,0.8,0.9
2021-02-28,249,0.8,0.9
2021-02-28,250,0.6,0.7
2021-02-28,251,0.7,0.8
2021-02-28,253,0.7,0.75
2021-02-28,261,0.85,0.9
2021-02-28,262,0.95,1.05
2021-02-28,263,1.2,1.3
2021-02-28,264,1.3,1.4
2021-02-28,265,1.4,1.5
2021-02-28,279,0.3,0.35
2021-02-28,280,0.25,0.35
2021-02-28,283,0.28,0.3
2021-02-28,284,0.3,0.35
2021-02-28,297,0.5,0.6
2021-02-28,300,0.45,0.6
2021-02-28,306,0.45,0.55
2021-02-28,328,0.28,0.32
2021-02-28,329,0.22,0.26
2021-02-28,331,0.4,0.44
2021-02-28,333,2.35,2.4
2021-02-28,335,2.18,2.23
2021-02-28,341,2.64,2.69
2021-02-28,342,2.93,2.98
2021-02-28,344,13.7,13.7
2021-02-28,345,11.6,11.6
2021-02-28,346,10.3,10.3
2021-02-28,347,8.5,8.5
2021-02-28,350,1.95,2.05
2021-02-28,351,1.95,2.05
2021-02-28,352,3.77,3.88
2021-02-28,353,4.72,4.82
2021-02-28,356,2,2.1
2021-02-28,357,2,2.1
2021-02-28,358,3.58,3.67
2021-02-28,361,4.25,4.35
2021-02-28,362,5.15,5.25
2021-02-28,363,4.7,4.8
2021-02-28,364,1.85,1.95
2021-02-28,365,1.5,1.6
2021-02-28,366,5.2,5.3
2021-02-28,367,2.1,2.2
2021-02-28,368,1.2,1.3
2021-02-28,369,5.2,5.3
2021-02-28,370,2,2.1
2021-02-28,371,1.2,1.3
2021-02-28,372,4.6,4.7
2021-02-28,617,2.5,2.7
2021-02-28,618,2.5,2.8
2021-02-28,672,350,352
2021-02-28,674,0.97,0.99
2021-02-28,675,1.29,1.31
2021-02-28,676,1.95,2.05
2021-02-28,677,2,2.1
2021-02-28,678,2.15,2.25
2021-02-28,716,16.8,16.8
2021-02-28,717,14.7,14.7
2021-02-28,718,13.6,13.6
2021-02-28,719,10.8,10.8
2021-02-28,731,6.05,6.15
2021-02-28,732,7.45,7.55
2021-02-28,733,8.4,8.75
2021-02-28,734,9.3,9.45
2021-02-28,760,7.2,7.7
2021-02-28,764,0.7,0.8
2021-02-28,765,7.3,7.8
2021-02-28,771,7.2,7.7
2021-02-28,772,7.3,7.8
2021-02-28,795,1.1,1.5
2021-02-28,796,1.3,1.6
2021-02-28,802,1700,1770
2021-02-28,803,1730,1800
2021-02-28,804,7,7.5
2021-02-28,805,7.1,7.6
2021-02-28,806,2.6,3
2021-02-28,807,2.6,3
2021-02-28,808,0.95,1
2021-02-28,809,1,1.05
2021-02-28,810,1.05,1.1
2021-02-28,811,1.2,1.4
2021-02-28,812,1.2,1.5
2021-02-28,815,6.5,8
2021-02-28,816,1,1.15
2021-02-28,817,0.85,0.9
2021-02-28,818,5.5,6
2021-02-28,820,1.25,1.45
2021-02-28,823,1.8,2.2
2021-02-28,824,0.8,0.95
2021-02-28,825,5.5,5.8
2021-02-28,827,5.8,6.2
2021-02-28,829,0.68,0.72
2021-02-28,831,3.5,4
2021-02-28,832,3.5,4
2021-02-28,833,0.8,0.85
2021-02-28,834,5.5,6
2021-02-28,835,4.6,4.9
2021-02-28,836,4.38,4.47
2021-02-28,837,0.65,0.7
2021-03-15,2,238.67,239.67
2021-03-15,3,236.33,237.33
2021-03-15,4,232,233
2021-03-15,7,291.33,293.33
2021-03-15,8,300.33,304.33
2021-03-15,10,236,237
2021-03-15,12,238,240
2021-03-15,13,228,229
2021-03-15,14,222.33,223.33
2021-03-15,15,231.33,232.33
2021-03-15,16,232.33,233.33
2021-03-15,21,212.33,214.33
2021-03-15,23,475,480
2021-03-15,24,464,469
2021-03-15,25,344,346
2021-03-15,26,339,342
2021-03-15,27,470,471
2021-03-15,28,466,468
2021-03-15,29,452,453
2021-03-15,30,191.33,193.33
2021-03-15,31,195.33,197.33
2021-03-15,32,163.33,165.33
2021-03-15,33,196.33,208.33
2021-03-15,34,167.33,169.33
2021-03-15,35,224,226
2021-03-15,36,195,197
2021-03-15,37,170.67,171.67
2021-03-15,38,170.67,171.67
2021-03-15,39,301.67,304.67
2021-03-15,40,195,196.67
2021-03-15,41,850,855
2021-03-15,42,226.33,227.33
2021-03-15,43,225,228
2021-03-15,47,226,228
2021-03-15,48,210,220
2021-03-15,50,450,500
2021-03-15,51,430,480
2021-03-15,53,1170,1220
2021-03-15,54,1160,1220
2021-03-15,55,405,435
2021-03-15,56,310,320
2021-03-15,58,155,160
2021-03-15,63,140,145
2021-03-15,67,150,160
2021-03-15,71,108.33,113.33
2021-03-15,73,531.67,533.67
2021-03-15,75,515.67,518.67
2021-03-15,76,558.33,560.33
2021-03-15,77,523.33,526.33
2021-03-15,81,363.33,368.33
2021-03-15,85,1070,1075
2021-03-15,86,1103.33,1108.33
2021-03-15,87,1145,1150
2021-03-15,88,1115,1120
2021-03-15,89,2373.33,2383.33
2021-03-15,90,1416.67,1426.67
2021-03-15,92,1458.33,1463.33
2021-03-15,94,1245,1250
2021-03-15,95,1221.67,1226.67
2021-03-15,101,10,10.5
2021-03-15,102,11,12
2021-03-15,103,4.4,5
2021-03-15,104,3,3.1
2021-03-15,105,3.3,3.45
2021-03-15,106,2.45,2.5
2021-03-15,107,1.47,1.49
2021-03-15,108,287.33,289.33
2021-03-15,109,274.33,276.33
2021-03-15,110,385.33,398.33
2021-03-15,112,353.33,355.33
2021-03-15,114,312.67,313.67
2021-03-15,117,535.33,537.33
2021-03-15,118,456.33,458.33
2021-03-15,120,456.33,459.33
2021-03-15,121,594.67,597.67
2021-03-15,122,466.33,468.33
2021-03-15,124,460.33,464
2021-03-15,126,205,215
2021-03-15,127,195,200
2021-03-15,128,175,180
2021-03-15,129,195,205
2021-03-15,130,150,155
2021-03-15,131,1390,1395
2021-03-15,132,886.67,891.67
2021-03-15,133,861.67,866.67
2021-03-15,134,966.67,971.67
2021-03-15,176,8.83,9.83
2021-03-15,177,20.33,21.33
2021-03-15,181,4.74,4.84
2021-03-15,182,4.94,5.04
2021-03-15,183,5,5.2
2021-03-15,184,5.85,5.95
2021-03-15,185,6.6,6.7
2021-03-15,186,8.9,9
2021-03-15,187,355,361.67
2021-03-15,188,361.67,368.33
2021-03-15,189,201.67,211.67
2021-03-15,204,3,4
2021-03-15,205,5,6
2021-03-15,210,1.43,1.7
2021-03-15,211,0.35,0.45
2021-03-15,212,0.3,0.38
2021-03-15,225,1.5,1.8
2021-03-15,229,0.4,0.48
2021-03-15,246,0.7,0.87
2021-03-15,247,1.37,1.57
2021-03-15,248,0.8,0.9
2021-03-15,249,0.8,0.9
2021-03-15,250,0.6,0.7
2021-03-15,251,0.7,0.8
2021-03-15,253,0.7,0.75
2021-03-15,261,0.85,0.9
2021-03-15,262,0.95,1.05
2021-03-15,263,1.2,1.3
2021-03-15,264,1.3,1.4
2021-03-15,265,1.4,1.5
2021-03-15,279,0.3,0.35
2021-03-15,280,0.25,0.35
2021-03-15,283,0.28,0.3
2021-03-15,284,0.3,0.35
2021-03-15,297,0.5,0.6
2021-03-15,300,0.43,0.57
2021-03-15,328,0.28,0.32
2021-03-15,329,0.22,0.26
2021-03-15,331,0.4,0.44
2021-03-15,333,2.38,2.43
2021-03-15,335,2.27,2.31
2021-03-15,341,2.71,2.76
2021-03-15,342,2.99,3.04
2021-03-15,344,13.7,13.7
2021-03-15,345,11.6,11.6
2021-03-15,346,10.3,10.3
2021-03-15,347,8.5,8.5
2021-03-15,350,1.95,2.05
2021-03-15,351,1.95,2.05
2021-03-15,352,3.92,4.03
2021-03-15,353,4.85,4.95
2021-03-15,356,2,2.1
2021-03-15,357,2,2.1
2021-03-15,358,3.75,3.85
2021-03-15,361,4.35,4.45
2021-03-15,362,5.25,5.35
2021-03-15,363,4.7,4.8
2021-03-15,364,1.85,1.95
2021-03-15,365,1.5,1.6
2021-03-15,366,5.2,5.3
2021-03-15,367,2.1,2.2
2021-03-15,368,1.2,1.3
2021-03-15,369,5.2,5.3
2021-03-15,370,2,2.1
2021-03-15,371,1.2,1.3
2021-03-15,372,4.6,4.7
2021-03-15,617,2.5,2.7
2021-03-15,618,2.5,2.8
2021-03-15,672,345.33,347.33
2021-03-15,674,0.97,0.99
2021-03-15,675,1.29,1.31
2021-03-15,676,1.95,2.05
2021-03-15,677,2,2.1
2021-03-15,678,2.15,2.25
2021-03-15,685,6,7
2021-03-15,716,16.9,16.9
2021-03-15,717,14.8,14.8
2021-03-15,718,13.7,13.7
2021-03-15,719,10.9,10.9
2021-03-15,731,5.92,6.02
2021-03-15,732,7.32,7.42
2021-03-15,733,8.27,8.62
2021-03-15,734,9.17,9.32
2021-03-15,760,7.2,7.7
2021-03-15,764,0.7,0.8
2021-03-15,765,7.3,7.8
2021-03-15,771,7.2,7.7
2021-03-15,772,7.3,7.8
2021-03-15,795,1.1,1.5
2021-03-15,796,1.3,1.6
2021-03-15,802,1833.33,1903.33
2021-03-15,803,1863.33,1933.33
2021-03-15,804,7,7.5
2021-03-15,805,7.1,7.6
2021-03-15,806,2.6,3
2021-03-15,807,2.6,3
2021-03-15,808,0.95,1
2021-03-15,809,1,1.05
2021-03-15,810,1.05,1.1
2021-03-15,811,1.2,1.4
2021-03-15,812,1.2,1.5
2021-03-15,815,6.5,8
2021-03-15,816,1,1.15
2021-03-15,817,0.85,0.9
2021-03-15,818,5.5,6
2021-03-15,820,1.25,1.45
2021-03-15,823,1.8,2.2
2021-03-15,824,0.8,0.95
2021-03-15,825,5.5,5.8
2021-03-15,827,5.8,6.2
2021-03-15,829,0.68,0.72
2021-03-15,831,3.5,4
2021-03-15,832,3.5,4
2021-03-15,833,0.8,0.85
2021-03-15,834,5.5,6
2021-03-15,835,4.7,4.9
2021-03-15,836,4.55,4.65
2021-03-15,837,0.65,0.7
2021-03-30,2,235,236
2021-03-30,3,233,234
2021-03-30,4,228,229
2021-03-30,7,282.5,285.5
2021-03-30,8,291.5,295.5
2021-03-30,10,229,230
2021-03-30,12,237.5,239.5
2021-03-30,13,225.5,226.5
2021-03-30,14,220,221
2021-03-30,15,228,229
2021-03-30,16,230,231
2021-03-30,21,202.5,207.5
2021-03-30,23,475,480
2021-03-30,24,464,469
2021-03-30,25,344,346
2021-03-30,26,339,342
2021-03-30,27,470,471
2021-03-30,28,466,468
2021-03-30,29,452,453
2021-03-30,30,216,218
2021-03-30,31,220,222
2021-03-30,32,188,190
2021-03-30,33,221,233
2021-03-30,34,192,194
2021-03-30,35,232,234
2021-03-30,36,203,205
2021-03-30,37,190,191
2021-03-30,38,190,191
2021-03-30,39,299.5,302.5
2021-03-30,40,193.5,194.5
2021-03-30,41,850,855
2021-03-30,42,224,225
2021-03-30,47,226,228
2021-03-30,48,210,220
2021-03-30,50,450,500
2021-03-30,51,430,480
2021-03-30,53,1170,1220
2021-03-30,54,1160,1220
2021-03-30,55,415,445
2021-03-30,56,310,320
2021-03-30,58,155,160
2021-03-30,63,140,145
2021-03-30,67,150,160
2021-03-30,71,110,115
2021-03-30,73,595,597
2021-03-30,75,528.5,530.5
2021-03-30,77,527.5,529.5
2021-03-30,81,367.5,372.5
2021-03-30,86,1105,1110
2021-03-30,87,1195,1200
2021-03-30,88,1150,1155
2021-03-30,89,2365,2375
2021-03-30,90,1460,1470
2021-03-30,92,1495,1500
2021-03-30,94,1295,1300
2021-03-30,95,1260,1265
2021-03-30,101,10,10.5
2021-03-30,102,11,12
2021-03-30,103,4.35,4.95
2021-03-30,104,3,3.1
2021-03-30,105,3.3,3.45
2021-03-30,106,2.67,2.71
2021-03-30,107,1.64,1.65
2021-03-30,108,284,286
2021-03-30,109,268,270
2021-03-30,110,377,394
2021-03-30,112,347.5,351
2021-03-30,114,297.5,298.5
2021-03-30,117,588,590
2021-03-30,118,440.5,442.5
2021-03-30,120,434.5,437.5
2021-03-30,121,652,655
2021-03-30,122,449,451
2021-03-30,124,440,444
2021-03-30,126,205,215
2021-03-30,127,195,200
2021-03-30,128,175,180
2021-03-30,129,195,205
2021-03-30,130,150,155
2021-03-30,131,1435,1440
2021-03-30,132,937.5,942.5
2021-03-30,133,915,920
2021-03-30,134,992.5,997.5
2021-03-30,176,9.5,10.5
2021-03-30,177,21,22
2021-03-30,181,4.71,4.81
2021-03-30,182,4.92,5.02
2021-03-30,183,4.97,5.18
2021-03-30,184,5.82,5.93
2021-03-30,185,6.57,6.68
2021-03-30,186,8.88,8.97
2021-03-30,187,337.5,347.5
2021-03-30,188,352.5,357.5
2021-03-30,189,182.5,192.5
2021-03-30,204,3,3.5
2021-03-30,205,5,6
2021-03-30,206,2.5,3
2021-03-30,210,1.3,1.5
2021-03-30,211,0.3,0.4
2021-03-30,212,0.28,0.35
2021-03-30,225,1.5,1.8
2021-03-30,229,0.2,0.25
2021-03-30,246,0.7,0.8
2021-03-30,247,0.3,0.6
2021-03-30,248,0.9,1
2021-03-30,249,0.9,1
2021-03-30,250,0.7,0.8
2021-03-30,251,0.7,0.8
2021-03-30,252,2.25,2.6
2021-03-30,253,0.7,0.75
2021-03-30,255,0.8,0.9
2021-03-30,261,0.85,0.9
2021-03-30,262,0.95,1.05
2021-03-30,263,1.2,1.3
2021-03-30,264,1.3,1.4
2021-03-30,265,1.45,1.55
2021-03-30,279,0.3,0.35
2021-03-30,284,0.3,0.35
2021-03-30,297,0.5,0.6
2021-03-30,300,0.45,0.55
2021-03-30,328,0.28,0.32
2021-03-30,329,0.16,0.2
2021-03-30,331,0.32,0.36
2021-03-30,333,2.4,2.45
2021-03-30,335,2.34,2.39
2021-03-30,341,2.75,2.8
2021-03-30,342,2.99,3.04
2021-03-30,344,13.8,13.8
2021-03-30,345,11.7,11.7
2021-03-30,346,10.4,10.4
2021-03-30,347,8.6,8.6
2021-03-30,350,2,2.1
2021-03-30,351,2,2.1
2021-03-30,352,4,4.1
2021-03-30,353,4.85,4.95
2021-03-30,356,2,2.1
2021-03-30,357,1.9,2
2021-03-30,358,3.85,3.95
2021-03-30,361,4.4,4.5
2021-03-30,362,5.3,5.4
2021-03-30,363,4.85,4.95
2021-03-30,364,1.95,2.05
2021-03-30,365,1.5,1.6
2021-03-30,366,5.2,5.3
2021-03-30,367,2.1,2.2
2021-03-30,368,1.2,1.3
2021-03-30,369,5.2,5.3
2021-03-30,370,2,2.1
2021-03-30,371,1.2,1.3
2021-03-30,372,4.6,4.7
2021-03-30,617,2.5,2.7
2021-03-30,618,2.5,2.8
2021-03-30,672,341,343
2021-03-30,674,1.01,1.03
2021-03-30,675,1.29,1.31
2021-03-30,676,2,2.1
2021-03-30,677,1.9,2
2021-03-30,678,2.15,2.25
2021-03-30,685,6,7
2021-03-30,716,17,17
2021-03-30,717,14.9,14.9
2021-03-30,718,13.8,13.8
2021-03-30,719,11,11
2021-03-30,731,5.75,5.85
2021-03-30,732,7.15,7.25
2021-03-30,733,8.1,8.45
2021-03-30,734,9,9.15
2021-03-30,760,7.2,7.7
2021-03-30,764,0.7,0.8
2021-03-30,765,7.3,7.8
2021-03-30,771,7.2,7.7
2021-03-30,772,7.3,7.8
2021-03-30,795,1.1,1.5
2021-03-30,796,1.3,1.6
2021-03-30,802,1970,2040
2021-03-30,803,2000,2070
2021-03-30,804,7,7.5
2021-03-30,805,7.1,7.6
2021-03-30,806,2.6,3
2021-03-30,807,2.6,3
2021-03-30,808,0.95,1
2021-03-30,809,1,1.05
2021-03-30,810,1.05,1.1
2021-03-30,811,1.2,1.4
2021-03-30,812,1.2,1.5
2021-03-30,815,6.5,8
2021-03-30,816,1,1.15
2021-03-30,817,0.85,0.9
2021-03-30,818,5.5,6
2021-03-30,820,1.25,1.45
2021-03-30,823,1.8,2.2
2021-03-30,824,0.8,0.95
2021-03-30,825,5.5,5.8
2021-03-30,827,5.8,6.2
2021-03-30,829,0.68,0.72
2021-03-30,831,3.5,4
2021-03-30,832,3.5,4
2021-03-30,833,0.8,0.85
2021-03-30,834,5.5,6
2021-03-30,835,4.7,4.9
2021-03-30,836,4.65,4.75
2021-03-30,837,0.65,0.7
2021-04-15,2,232,233
2021-04-15,3,230,231
2021-04-15,4,225,226
2021-04-15,7,280,283
2021-04-15,8,289,293
2021-04-15,10,224,225
2021-04-15,12,237,239
2021-04-15,13,229,230
2021-04-15,14,223,224
2021-04-15,15,229,230
2021-04-15,16,230,231
2021-04-15,21,204,208
2021-04-15,23,475,480
2021-04-15,24,464,469
2021-04-15,25,344,346
2021-04-15,26,339,342
2021-04-15,27,470,471
2021-04-15,28,466,468
2021-04-15,29,452,453
2021-04-15,30,216,218
2021-04-15,31,220,222
2021-04-15,32,188,190
2021-04-15,33,221,233
2021-04-15,34,192,194
2021-04-15,35,232,234
2021-04-15,36,203,205
2021-04-15,37,187,188
2021-04-15,38,187,188
2021-04-15,39,300,303
2021-04-15,40,193,194
2021-04-15,41,850,855
2021-04-15,42,221,225
2021-04-15,43,222,224
2021-04-15,47,228,230
2021-04-15,48,212,220
2021-04-15,50,450,500
2021-04-15,51,430,480
2021-04-15,53,1170,1220
2021-04-15,54,1160,1220
2021-04-15,55,420,450
2021-04-15,56,315,325
2021-04-15,58,160,165
2021-04-15,63,140,145
2021-04-15,67,150,160
2021-04-15,71,115,120
2021-04-15,73,690,695
2021-04-15,74,695,700
2021-04-15,75,522,523
2021-04-15,76,710,720
2021-04-15,77,528,529
2021-04-15,81,370,375
2021-04-15,86,1030,1035
2021-04-15,87,1245,1250
2021-04-15,88,1135,1140
2021-04-15,89,2390,2400
2021-04-15,90,1480,1490
2021-04-15,92,1465,1470
2021-04-15,94,1345,1350
2021-04-15,95,1245,1250
2021-04-15,101,10,10.5
2021-04-15,102,11,12
2021-04-15,103,4.3,4.9
2021-04-15,104,3.1,3.2
2021-04-15,105,3.35,3.5
2021-04-15,106,2.78,2.83
2021-04-15,107,1.65,1.67
2021-04-15,108,286,288
2021-04-15,109,278,280
2021-04-15,110,374,394
2021-04-15,112,347,352
2021-04-15,114,300,301
2021-04-15,117,633,635
2021-04-15,118,430,432
2021-04-15,120,428,431
2021-04-15,121,697,700
2021-04-15,122,440,442
2021-04-15,124,437,440
2021-04-15,126,205,215
2021-04-15,127,195,200
2021-04-15,128,175,180
2021-04-15,129,195,205
2021-04-15,130,150,155
2021-04-15,131,1460,1465
2021-04-15,132,965,970
2021-04-15,133,945,950
2021-04-15,134,1005,1010
2021-04-15,176,9.5,10.5
2021-04-15,177,21,22
2021-04-15,181,4.7,4.8
2021-04-15,182,4.9,5
2021-04-15,183,4.95,5.15
2021-04-15,184,5.8,5.9
2021-04-15,185,6.55,6.65
2021-04-15,186,8.85,8.95
2021-04-15,187,325,335
2021-04-15,188,350,355
2021-04-15,189,175,185
2021-04-15,204,2,2.5
2021-04-15,205,2,2.5
2021-04-15,206,1,1.5
2021-04-15,211,0.4,0.5
2021-04-15,212,0.3,0.4
2021-04-15,213,0.3,0.4
2021-04-15,225,1.5,1.8
2021-04-15,228,0.35,0.45
2021-04-15,229,0.3,0.35
2021-04-15,246,0.6,0.7
2021-04-15,247,0.3,0.4
2021-04-15,248,1.3,1.4
2021-04-15,249,1.5,1.7
2021-04-15,250,1.2,1.3
2021-04-15,251,0.7,0.8
2021-04-15,252,2,2.5
2021-04-15,253,0.7,0.75
2021-04-15,255,0.7,0.8
2021-04-15,258,0.4,0.5
2021-04-15,261,0.85,0.9
2021-04-15,262,0.95,1.05
2021-04-15,263,1.2,1.3
2021-04-15,264,1.4,1.5
2021-04-15,265,1.6,1.7
2021-04-15,279,0.3,0.35
2021-04-15,284,0.3,0.35
2021-04-15,297,0.5,0.6
2021-04-15,300,0.5,0.6
2021-04-15,328,0.28,0.32
2021-04-15,329,0.11,0.15
2021-04-15,331,0.25,0.29
2021-04-15,333,2.4,2.45
2021-04-15,335,2.34,2.39
2021-04-15,341,2.75,2.8
2021-04-15,342,2.99,3.04
2021-04-15,344,13.8,13.8
2021-04-15,345,11.7,11.7
2021-04-15,346,10.4,10.4
2021-04-15,347,8.6,8.6
2021-04-15,350,2,2.1
2021-04-15,351,2,2.1
2021-04-15,352,4,4.1
2021-04-15,353,4.85,4.95
2021-04-15,356,2,2.1
2021-04-15,357,1.8,1.9
2021-04-15,358,3.85,3.95
2021-04-15,361,4.4,4.5
2021-04-15,362,5.3,5.4
2021-04-15,363,4.85,4.95
2021-04-15,364,1.95,2.05
2021-04-15,365,1.5,1.6
2021-04-15,366,5.2,5.3
2021-04-15,367,2.1,2.2
2021-04-15,368,1.2,1.3
2021-04-15,369,5.2,5.3
2021-04-15,370,2,2.1
2021-04-15,371,1.2,1.3
2021-04-15,372,4.6,4.7
2021-04-15,617,2.5,2.7
2021-04-15,618,2.5,2.8
2021-04-15,672,342,344
2021-04-15,674,1.01,1.03
2021-04-15,675,1.29,1.31
2021-04-15,676,2,2.1
2021-04-15,677,1.8,1.9
2021-04-15,678,2.15,2.25
2021-04-15,685,3,3.5
2021-04-15,716,17,17
2021-04-15,717,14.9,14.9
2021-04-15,718,13.8,13.8
2021-04-15,719,11,11
2021-04-15,731,5.65,5.75
2021-04-15,732,7.05,7.15
2021-04-15,733,8.05,8.4
2021-04-15,734,8.95,9.1
2021-04-15,760,7.2,7.7
2021-04-15,764,0.7,0.8
2021-04-15,765,7.3,7.8
2021-04-15,771,7.2,7.7
2021-04-15,772,7.3,7.8
2021-04-15,795,1.1,1.5
2021-04-15,796,1.3,1.6
2021-04-15,802,1900,2000
2021-04-15,803,1960,2000
2021-04-15,804,7,7.5
2021-04-15,805,7.1,7.6
2021-04-15,806,2.6,3
2021-04-15,807,2.6,3
2021-04-15,808,0.95,1
2021-04-15,809,1,1.05
2021-04-15,810,1.05,1.1
2021-04-15,811,1.2,1.4
2021-04-15,812,1.2,1.5
2021-04-15,815,6.5,8
2021-04-15,816,1,1.15
2021-04-15,817,0.85,0.9
2021-04-15,818,5.5,6
2021-04-15,820,1.25,1.45
2021-04-15,823,1.8,2.2
2021-04-15,824,0.8,0.95
2021-04-15,825,5.5,5.8
2021-04-15,827,5.8,6.2
2021-04-15,829,0.68,0.72
2021-04-15,831,3.5,4
2021-04-15,832,3.5,4
2021-04-15,833,0.8,0.85
2021-04-15,834,5.5,6
2021-04-15,835,4.7,4.9
2021-04-15,836,4.65,4.75
2021-04-15,837,0.65,0.7
2021-04-30,2,238,239
2021-04-30,3,236,237
2021-04-30,4,232,233
2021-04-30,7,287,290
2021-04-30,8,296,300
2021-04-30,10,235,236
2021-04-30,12,250.5,252.5
2021-04-30,13,246.5,247.5
2021-04-30,14,240,241
2021-04-30,15,249,250
2021-04-30,16,247,248
2021-04-30,21,215,220
2021-04-30,23,477.5,482.5
2021-04-30,24,466.5,471.5
2021-04-30,25,346.5,348.5
2021-04-30,26,341.5,344.5
2021-04-30,27,475,476
2021-04-30,28,471,473
2021-04-30,29,457,458
2021-04-30,30,204,206
2021-04-30,31,208,210
2021-04-30,32,176,178
2021-04-30,33,209,221
2021-04-30,34,180,182
2021-04-30,35,229,231
2021-04-30,36,200,202
2021-04-30,37,176.5,177.5
2021-04-30,38,176.5,177.5
2021-04-30,39,309,312
2021-04-30,40,202,203
2021-04-30,41,850,855
2021-04-30,42,226.5,228.5
2021-04-30,43,225.5,228.5
2021-04-30,47,232.5,234.5
2021-04-30,48,214,221
2021-04-30,50,450,500
2021-04-30,51,430,480
2021-04-30,53,1170,1220
2021-04-30,54,1160,1220
2021-04-30,55,427.5,457.5
2021-04-30,56,320,330
2021-04-30,58,165,170
2021-04-30,63,140,145
2021-04-30,67,150,160
2021-04-30,71,116,121
2021-04-30,73,687.5,692.5
2021-04-30,74,667.5,672.5
2021-04-30,75,538,539
2021-04-30,76,705,720
2021-04-30,77,550.5,551.5
2021-04-30,81,372.5,377.5
2021-04-30,86,1075,1080
2021-04-30,87,1335,1340
2021-04-30,88,1200,1205
2021-04-30,89,2375,2385
2021-04-30,90,1490,1500
2021-04-30,92,1480,1485
2021-04-30,94,1435,1440
2021-04-30,95,1310,1315
2021-04-30,101,10,10.5
2021-04-30,102,11,12
2021-04-30,103,4.32,4.93
2021-04-30,104,3.25,3.35
2021-04-30,105,3.5,3.65
2021-04-30,106,3,3.06
2021-04-30,107,1.75,1.77
2021-04-30,108,291,293
2021-04-30,109,285.5,287.5
2021-04-30,110,376,394
2021-04-30,112,352,357
2021-04-30,114,315,316
2021-04-30,117,685.5,687.5
2021-04-30,118,432.5,434.5
2021-04-30,120,428,431
2021-04-30,121,749.5,752.5
2021-04-30,122,442.5,444.5
2021-04-30,124,437,440
2021-04-30,126,205,215
2021-04-30,127,195,200
2021-04-30,128,175,180
2021-04-30,129,195,205
2021-04-30,130,150,155
2021-04-30,131,1490,1495
2021-04-30,132,975,980
2021-04-30,133,955,960
2021-04-30,134,1012.5,1017.5
2021-04-30,176,9.5,10.5
2021-04-30,177,21.25,22.25
2021-04-30,181,4.7,4.8
2021-04-30,182,4.9,5
2021-04-30,183,4.9,5.1
2021-04-30,184,5.75,5.85
2021-04-30,185,6.5,6.6
2021-04-30,186,8.8,8.9
2021-04-30,187,320,330
2021-04-30,188,350,355
2021-04-30,189,175,185
2021-04-30,204,2,2.5
2021-04-30,205,3,3.5
2021-04-30,206,1,1.5
2021-04-30,209,0.5,0.6
2021-04-30,211,0.35,0.45
2021-04-30,212,0.3,0.4
2021-04-30,213,0.4,0.5
2021-04-30,225,1.5,1.8
2021-04-30,228,0.65,0.75
2021-04-30,229,0.65,0.75
2021-04-30,246,0.7,0.8
2021-04-30,247,0.4,0.5
2021-04-30,248,1.4,1.5
2021-04-30,249,1.7,1.8
2021-04-30,250,1.35,1.5
2021-04-30,251,0.7,0.8
2021-04-30,252,2,2.5
2021-04-30,253,0.7,0.75
2021-04-30,255,0.7,0.8
2021-04-30,258,0.4,0.5
2021-04-30,260,3.5,4.5
2021-04-30,261,0.85,0.9
2021-04-30,262,0.95,1.05
2021-04-30,263,1.2,1.3
2021-04-30,264,1.4,1.5
2021-04-30,265,1.6,1.7
2021-04-30,277,1.65,2
2021-04-30,279,0.3,0.35
2021-04-30,284,0.3,0.35
2021-04-30,297,0.5,0.6
2021-04-30,300,0.5,0.6
2021-04-30,328,0.3,0.34
2021-04-30,329,0.11,0.15
2021-04-30,331,0.25,0.29
2021-04-30,333,2.4,2.45
2021-04-30,335,2.34,2.39
2021-04-30,341,2.75,2.8
2021-04-30,342,2.99,3.04
2021-04-30,344,13.37,13.37
2021-04-30,345,11.37,11.37
2021-04-30,346,10.07,10.07
2021-04-30,347,8.27,8.27
2021-04-30,350,2.05,2.15
2021-04-30,351,2.05,2.15
2021-04-30,352,4,4.1
2021-04-30,353,4.85,4.95
2021-04-30,356,2,2.1
2021-04-30,357,1.8,1.9
2021-04-30,358,3.85,3.95
2021-04-30,361,4.4,4.5
2021-04-30,362,5.3,5.4
2021-04-30,363,4.97,5.07
2021-04-30,364,2.05,2.15
2021-04-30,365,1.53,1.63
2021-04-30,366,5.1,5.2
2021-04-30,367,2.1,2.2
2021-04-30,368,1.2,1.3
2021-04-30,369,5.1,5.2
2021-04-30,370,2,2.1
2021-04-30,371,1.2,1.3
2021-04-30,372,4.27,4.37
2021-04-30,672,347,349
2021-04-30,674,1.03,1.05
2021-04-30,675,1.26,1.28
2021-04-30,676,2.05,2.15
2021-04-30,677,1.8,1.9
2021-04-30,678,2.1,2.2
2021-04-30,685,4,4.5
2021-04-30,716,16.37,16.37
2021-04-30,717,14.37,14.37
2021-04-30,718,13.27,13.27
2021-04-30,719,10.47,10.47
2021-04-30,731,5.6,5.7
2021-04-30,732,7,7.1
2021-04-30,733,8.05,8.4
2021-04-30,734,8.95,9.1
2021-04-30,760,7.5,8
2021-04-30,764,0.7,0.8
2021-04-30,765,7.8,8.3
2021-04-30,771,7.5,8
2021-04-30,772,7.8,8.3
2021-04-30,795,1.3,1.5
2021-04-30,796,1.5,1.8
2021-04-30,802,1870,1970
2021-04-30,803,1880,1925
2021-04-30,804,7.5,8
2021-04-30,805,7.8,8.3
2021-04-30,806,2.6,3
2021-04-30,807,2.6,3
2021-04-30,808,0.95,1
2021-04-30,809,1,1.05
2021-04-30,810,1.05,1.1
2021-04-30,811,1.3,1.5
2021-04-30,812,1.5,1.8
2021-04-30,815,6.5,8
2021-04-30,816,1,1.15
2021-04-30,817,0.8,0.9
2021-04-30,818,5.5,6
2021-04-30,819,0.85,0.95
2021-04-30,820,1.25,1.45
2021-04-30,823,2.3,2.6
2021-04-30,824,0.8,0.95
2021-04-30,825,5.5,5.8
2021-04-30,827,5.8,6.2
2021-04-30,829,0.68,0.72
2021-04-30,831,3.5,4
2021-04-30,832,3.5,4
2021-04-30,833,0.8,0.85
2021-04-30,834,5.5,6
2021-04-30,835,4.77,4.97
2021-04-30,836,4.65,4.75
2021-04-30,837,0.65,0.7
2021-05-15,2,245,246
2021-05-15,3,245,246
2021-05-15,4,241,246
2021-05-15,7,296,299
2021-05-15,8,305,309
2021-05-15,10,244.5,245.5
2021-05-15,12,272,274
2021-05-15,13,267,268
2021-05-15,14,262,263
2021-05-15,15,271.5,272.5
2021-05-15,16,266.5,269
2021-05-15,21,233,235
2021-05-15,23,487.5,492.5
2021-05-15,24,476.5,481.5
2021-05-15,25,356.5,358.5
2021-05-15,26,351.5,354.5
2021-05-15,27,497.5,498.5
2021-05-15,28,493.5,495.5
2021-05-15,29,479.5,480.5
2021-05-15,30,212.5,214.5
2021-05-15,31,216.5,218.5
2021-05-15,32,184.5,186.5
2021-05-15,33,217.5,229.5
2021-05-15,34,188.5,190.5
2021-05-15,35,241.5,243.5
2021-05-15,36,212.5,214.5
2021-05-15,37,185.5,186.5
2021-05-15,38,185.5,186.5
2021-05-15,39,328,331
2021-05-15,40,223,224
2021-05-15,41,855,860
2021-05-15,42,243,245
2021-05-15,43,242,245
2021-05-15,47,241,243
2021-05-15,48,218,224
2021-05-15,50,450,500
2021-05-15,51,450,500
2021-05-15,53,1170,1220
2021-05-15,54,1200,1260
2021-05-15,55,430,460
2021-05-15,56,320,330
2021-05-15,58,165,170
2021-05-15,63,140,145
2021-05-15,67,150,160
2021-05-15,71,117,122
2021-05-15,73,700,705
2021-05-15,75,549,550
2021-05-15,76,717.5,725
2021-05-15,77,567.5,568.5
2021-05-15,81,377.5,382.5
2021-05-15,86,1175,1180
2021-05-15,87,1392.5,1397.5
2021-05-15,88,1280,1285
2021-05-15,89,2305,2315
2021-05-15,90,1515,1525
2021-05-15,92,1525,1530
2021-05-15,94,1492.5,1497.5
2021-05-15,95,1390,1395
2021-05-15,101,10,10.5
2021-05-15,102,11,12
2021-05-15,103,4.35,4.95
2021-05-15,104,3.4,3.5
2021-05-15,105,3.55,3.7
2021-05-15,106,3.2,3.25
2021-05-15,107,1.8,1.82
2021-05-15,108,301.5,303.5
2021-05-15,109,295.5,297.5
2021-05-15,110,388.5,404
2021-05-15,112,360,365
2021-05-15,114,323.5,324.5
2021-05-15,117,699,701
2021-05-15,118,444,446
2021-05-15,120,439,442
2021-05-15,121,763,766
2021-05-15,122,454,456
2021-05-15,124,447,450
2021-05-15,126,205,215
2021-05-15,127,195,200
2021-05-15,128,175,180
2021-05-15,129,195,205
2021-05-15,130,150,155
2021-05-15,131,1520,1525
2021-05-15,132,1005,1010
2021-05-15,133,985,990
2021-05-15,134,1042.5,1047.5
2021-05-15,176,9.5,10.5
2021-05-15,177,21.5,22.5
2021-05-15,181,4.7,4.8
2021-05-15,182,4.9,5
2021-05-15,183,4.9,5.1
2021-05-15,184,5.75,5.85
2021-05-15,185,6.5,6.6
2021-05-15,186,8.8,8.9
2021-05-15,187,327.5,340
2021-05-15,188,350,355
2021-05-15,189,175,185
2021-05-15,204,1.5,2
2021-05-15,205,2.25,2.75
2021-05-15,206,1,1.5
2021-05-15,209,0.7,0.8
2021-05-15,211,0.4,0.5
2021-05-15,212,0.3,0.4
2021-05-15,213,0.4,0.5
2021-05-15,225,1.5,1.8
2021-05-15,228,0.8,0.9
2021-05-15,229,0.95,1.05
2021-05-15,246,0.8,0.9
2021-05-15,248,1.5,1.6
2021-05-15,249,1.7,1.8
2021-05-15,250,1.6,1.7
2021-05-15,251,0.7,0.8
2021-05-15,252,2.2,2.6
2021-05-15,253,0.7,0.75
2021-05-15,255,0.7,0.8
2021-05-15,258,0.4,0.5
2021-05-15,260,3.5,4.5
2021-05-15,261,0.85,0.9
2021-05-15,262,0.95,1.05
2021-05-15,263,1.2,1.3
2021-05-15,264,1.4,1.5
2021-05-15,265,1.6,1.7
2021-05-15,277,1.8,2
2021-05-15,279,0.3,0.35
2021-05-15,284,0.3,0.35
2021-05-15,297,0.6,0.7
2021-05-15,300,0.6,0.7
2021-05-15,328,0.34,0.38
2021-05-15,329,0.09,0.13
2021-05-15,331,0.22,0.26
2021-05-15,333,2.4,2.45
2021-05-15,335,2.34,2.39
2021-05-15,341,2.75,2.8
2021-05-15,342,2.99,3.04
2021-05-15,344,13.2,13.2
2021-05-15,345,11.2,11.2
2021-05-15,346,9.9,9.9
2021-05-15,347,8.1,8.1
2021-05-15,350,2.23,2.33
2021-05-15,351,2.2,2.3
2021-05-15,352,4,4.1
2021-05-15,353,4.85,4.95
2021-05-15,356,2,2.1
2021-05-15,357,1.7,1.8
2021-05-15,358,3.85,3.95
2021-05-15,361,4.4,4.5
2021-05-15,362,5.3,5.4
2021-05-15,363,5.2,5.3
2021-05-15,364,2.22,2.32
2021-05-15,365,1.55,1.65
2021-05-15,366,5.15,5.25
2021-05-15,367,2.1,2.2
2021-05-15,368,1.2,1.3
2021-05-15,369,5.15,5.25
2021-05-15,370,2,2.1
2021-05-15,371,1.2,1.3
2021-05-15,372,4.2,4.3
2021-05-15,672,354,356
2021-05-15,674,1.1,1.12
2021-05-15,675,1.27,1.29
2021-05-15,676,2.2,2.3
2021-05-15,677,1.7,1.8
2021-05-15,678,2.12,2.23
2021-05-15,685,2.75,3.25
2021-05-15,716,16.1,16.1
2021-05-15,717,14.1,14.1
2021-05-15,718,13,13
2021-05-15,719,10.2,10.2
2021-05-15,731,5.6,5.7
2021-05-15,732,7,7.1
2021-05-15,733,8.05,8.4
2021-05-15,734,8.95,9.1
2021-05-15,760,7.5,8
2021-05-15,764,0.7,0.8
2021-05-15,765,7.8,8.3
2021-05-15,771,7.5,8
2021-05-15,772,7.8,8.3
2021-05-15,795,1.3,1.5
2021-05-15,796,1.5,1.8
2021-05-15,802,1870,1970
2021-05-15,803,1850,1900
2021-05-15,804,7.5,8
2021-05-15,805,7.8,8.3
2021-05-15,806,2.6,3
2021-05-15,807,2.6,3
2021-05-15,808,0.95,1
2021-05-15,809,1,1.05
2021-05-15,810,1.05,1.1
2021-05-15,811,1.3,1.5
2021-05-15,812,1.5,1.8
2021-05-15,815,6.5,8
2021-05-15,816,1,1.15
2021-05-15,817,0.8,0.9
2021-05-15,818,5.5,6
2021-05-15,819,0.85,0.95
2021-05-15,820,1.25,1.45
2021-05-15,823,2.3,2.6
2021-05-15,824,0.8,0.95
2021-05-15,825,5.5,5.8
2021-05-15,827,5.8,6.2
2021-05-15,829,0.68,0.72
2021-05-15,831,3.5,4
2021-05-15,832,3.5,4
2021-05-15,833,0.8,0.85
2021-05-15,834,5.5,6
2021-05-15,835,4.9,5.1
2021-05-15,836,4.65,4.75
2021-05-15,837,0.65,0.7
2021-05-30,2,240.67,241.67
2021-05-30,3,240.67,241.67
2021-05-30,4,233.33,238.33
2021-05-30,7,292,294.33
2021-05-30,8,298.33,302.33
2021-05-30,10,238.33,240.33
2021-05-30,12,279.33,281.33
2021-05-30,13,268,269
2021-05-30,14,263.33,264.33
2021-05-30,15,271.67,272.67
2021-05-30,16,264,265.33
2021-05-30,21,237,239
2021-05-30,23,490,495
2021-05-30,24,479,484
2021-05-30,25,359,361
2021-05-30,26,354,357
2021-05-30,27,504,505
2021-05-30,28,500,502
2021-05-30,29,486,487
2021-05-30,30,216.33,218.33
2021-05-30,31,220.33,222.33
2021-05-30,32,188.33,190.33
2021-05-30,33,221.33,233.33
2021-05-30,34,192.33,194.33
2021-05-30,35,245.33,247.33
2021-05-30,36,216.33,218.33
2021-05-30,37,188.33,189.33
2021-05-30,38,188.33,189.33
2021-05-30,39,329.67,332.67
2021-05-30,40,224.67,225.67
2021-05-30,41,855,860
2021-05-30,42,249.33,251.33
2021-05-30,43,248.33,251.33
2021-05-30,47,245.33,246.67
2021-05-30,48,218,224
2021-05-30,50,446.67,496.67
2021-05-30,51,500,550
2021-05-30,53,1163.33,1213.33
2021-05-30,54,1310,1370
2021-05-30,55,443.33,473.33
2021-05-30,56,320,330
2021-05-30,58,165,170
2021-05-30,71,117,122
2021-05-30,75,525,530
2021-05-30,76,698.33,703.33
2021-05-30,77,542.67,543.67
2021-05-30,81,383.33,388.33
2021-05-30,86,1190,1195
2021-05-30,87,1355,1375
2021-05-30,88,1250,1255
2021-05-30,89,2276.67,2286.67
2021-05-30,90,1530,1540
2021-05-30,92,1475,1480
2021-05-30,94,1455,1460
2021-05-30,95,1360,1365
2021-05-30,101,10,10.5
2021-05-30,102,11,12
2021-05-30,103,4.28,4.95
2021-05-30,104,3.33,3.5
2021-05-30,105,3.58,3.73
2021-05-30,106,3.2,3.25
2021-05-30,107,1.75,1.76
2021-05-30,108,302.33,304.33
2021-05-30,109,296.67,298.67
2021-05-30,110,400.67,413.67
2021-05-30,112,362,367
2021-05-30,114,314.67,315.67
2021-05-30,117,688.33,690.33
2021-05-30,118,410,412
2021-05-30,120,405,408
2021-05-30,121,753.33,758.33
2021-05-30,122,418.67,421.33
2021-05-30,124,414,417
2021-05-30,126,205,215
2021-05-30,127,195,200
2021-05-30,128,175,180
2021-05-30,129,195,205
2021-05-30,130,150,155
2021-05-30,131,1546.67,1551.67
2021-05-30,132,1025,1030
2021-05-30,133,1005,1010
2021-05-30,134,1065,1070
2021-05-30,176,9.5,10.5
2021-05-30,177,22,23
2021-05-30,181,4.7,4.8
2021-05-30,182,4.9,5
2021-05-30,183,4.83,5.03
2021-05-30,184,5.75,5.85
2021-05-30,185,6.5,6.6
2021-05-30,186,8.73,8.83
2021-05-30,187,351.67,361.67
2021-05-30,188,353.33,363.33
2021-05-30,189,183.33,193.33
2021-05-30,204,1.33,1.67
2021-05-30,205,2.1,2.5
2021-05-30,206,0.6,1.03
2021-05-30,207,0.2,0.3
2021-05-30,208,0.35,0.4
2021-05-30,209,0.5,0.6
2021-05-30,211,0.4,0.5
2021-05-30,212,0.37,0.45
2021-05-30,213,0.43,0.53
2021-05-30,221,2.5,3
2021-05-30,224,3,3.5
2021-05-30,225,1.5,1.8
2021-05-30,226,1.5,2
2021-05-30,228,0.67,0.77
2021-05-30,229,0.63,0.8
2021-05-30,232,0.6,0.7
2021-05-30,243,0.7,0.8
2021-05-30,246,0.9,1.03
2021-05-30,248,1.53,1.63
2021-05-30,249,1.7,1.8
2021-05-30,250,1.53,1.63
2021-05-30,251,0.7,0.8
2021-05-30,252,2.4,2.73
2021-05-30,253,0.7,0.75
2021-05-30,255,0.7,0.8
2021-05-30,258,0.43,0.53
2021-05-30,260,3.5,4.5
2021-05-30,261,0.85,0.9
2021-05-30,262,0.95,1.05
2021-05-30,263,1.2,1.3
2021-05-30,264,1.4,1.5
2021-05-30,265,1.6,1.7
2021-05-30,277,1.8,2
2021-05-30,279,0.3,0.35
2021-05-30,284,0.3,0.35
2021-05-30,286,0.7,0.8
2021-05-30,297,0.6,0.7
2021-05-30,300,0.6,0.7
2021-05-30,328,0.34,0.38
2021-05-30,329,0.09,0.13
2021-05-30,331,0.22,0.26
2021-05-30,333,2.4,2.45
2021-05-30,335,2.34,2.39
2021-05-30,341,2.75,2.8
2021-05-30,342,2.99,3.04
2021-05-30,344,13.2,13.2
2021-05-30,345,11.2,11.2
2021-05-30,346,9.9,9.9
2021-05-30,347,8.1,8.1
2021-05-30,350,2.33,2.43
2021-05-30,351,2.3,2.4
2021-05-30,352,4,4.1
2021-05-30,353,4.85,4.95
2021-05-30,356,2,2.1
2021-05-30,357,1.7,1.8
2021-05-30,358,3.85,3.95
2021-05-30,361,4.4,4.5
2021-05-30,362,5.3,5.4
2021-05-30,363,5.4,5.5
2021-05-30,364,2.27,2.37
2021-05-30,365,1.55,1.65
2021-05-30,366,5.45,5.55
2021-05-30,367,2.2,2.3
2021-05-30,368,1.2,1.3
2021-05-30,369,5.45,5.55
2021-05-30,370,2.1,2.2
2021-05-30,371,1.2,1.3
2021-05-30,372,4,4.1
2021-05-30,672,356,358
2021-05-30,674,1.15,1.17
2021-05-30,675,1.32,1.34
2021-05-30,676,2.3,2.4
2021-05-30,677,1.7,1.8
2021-05-30,678,2.25,2.35
2021-05-30,685,2.43,2.87
2021-05-30,716,16.1,16.1
2021-05-30,717,14.1,14.1
2021-05-30,718,13,13
2021-05-30,719,10.2,10.2
2021-05-30,731,5.6,5.7
2021-05-30,732,7,7.1
2021-05-30,733,8.05,8.4
2021-05-30,734,8.95,9.1
2021-05-30,760,7.5,8
2021-05-30,764,0.7,0.8
2021-05-30,765,7.8,8.3
2021-05-30,771,7.5,8
2021-05-30,772,7.8,8.3
2021-05-30,795,1.3,1.5
2021-05-30,796,1.5,1.8
2021-05-30,802,1956.67,2056.67
2021-05-30,803,1936.67,1986.67
2021-05-30,804,7.5,8
2021-05-30,805,7.8,8.3
2021-05-30,806,2.6,3
2021-05-30,807,2.6,3
2021-05-30,808,0.95,1
2021-05-30,809,1,1.05
2021-05-30,810,1.05,1.1
2021-05-30,811,1.3,1.5
2021-05-30,812,1.5,1.8
2021-05-30,815,6.5,8
2021-05-30,816,1,1.15
2021-05-30,817,0.8,0.9
2021-05-30,818,5.5,6
2021-05-30,819,0.85,0.95
2021-05-30,820,1.25,1.45
2021-05-30,823,2.3,2.6
2021-05-30,824,0.87,0.95
2021-05-30,825,5.5,5.8
2021-05-30,829,0.68,0.72
2021-05-30,831,3.5,4
2021-05-30,832,3.7,4.13
2021-05-30,833,0.8,0.85
2021-05-30,834,5.5,6
2021-05-30,835,4.9,5.1
2021-05-30,836,4.65,4.75
2021-05-30,837,0.65,0.7
2021-06-15,2,241.5,242.5
2021-06-15,3,240,241
2021-06-15,4,234,237
2021-06-15,7,305,306
2021-06-15,8,304,307
2021-06-15,10,241.5,243.5
2021-06-15,12,278,280
2021-06-15,13,265,266
2021-06-15,14,261,262
2021-06-15,15,272,273
2021-06-15,16,263,264
2021-06-15,23,490,495
2021-06-15,24,479,484
2021-06-15,25,359,361
2021-06-15,26,354,357
2021-06-15,27,504,505
2021-06-15,28,500,502
2021-06-15,29,486,487
2021-06-15,30,214.5,216.5
2021-06-15,31,218.5,220.5
2021-06-15,32,186.5,188.5
2021-06-15,33,219.5,231.5
2021-06-15,34,190.5,192.5
2021-06-15,35,245,247
2021-06-15,36,216,218
2021-06-15,37,186.5,187.5
2021-06-15,38,186.5,187.5
2021-06-15,39,329,332
2021-06-15,40,224,225
2021-06-15,41,855,860
2021-06-15,42,248,250
2021-06-15,43,247,250
2021-06-15,47,249,250
2021-06-15,48,218,224
2021-06-15,50,440,490
2021-06-15,51,520,570
2021-06-15,53,1150,1200
2021-06-15,54,1360,1420
2021-06-15,55,455,485
2021-06-15,56,320,330
2021-06-15,58,165,170
2021-06-15,61,85,90
2021-06-15,65,95,100
2021-06-15,71,117,122
2021-06-15,75,525,530
2021-06-15,76,672.5,677.5
2021-06-15,77,539,540
2021-06-15,81,392.5,397.5
2021-06-15,86,1150,1155
2021-06-15,87,1325,1345
2021-06-15,88,1245,1250
2021-06-15,89,2250,2260
2021-06-15,90,1530,1540
2021-06-15,92,1430,1435
2021-06-15,94,1425,1430
2021-06-15,95,1350,1355
2021-06-15,101,10,10.5
2021-06-15,102,11,12
2021-06-15,103,4.25,4.95
2021-06-15,104,3.3,3.5
2021-06-15,105,3.65,3.83
2021-06-15,106,3.2,3.25
2021-06-15,107,1.7,1.73
2021-06-15,108,298,300
2021-06-15,109,297,299
2021-06-15,110,400.5,413.5
2021-06-15,112,362,367
2021-06-15,114,313.5,314.5
2021-06-15,117,680,685
2021-06-15,118,400,402
2021-06-15,120,396.5,399.5
2021-06-15,121,742.5,747.5
2021-06-15,122,410,412.5
2021-06-15,124,404.5,407.5
2021-06-15,126,205,215
2021-06-15,127,195,200
2021-06-15,128,175,180
2021-06-15,129,195,205
2021-06-15,130,150,155
2021-06-15,131,1580,1585
2021-06-15,132,1070,1075
2021-06-15,133,1050,1055
2021-06-15,134,1105,1110
2021-06-15,176,9.5,10.5
2021-06-15,177,22,23
2021-06-15,181,4.7,4.8
2021-06-15,182,4.9,5
2021-06-15,183,4.8,5
2021-06-15,184,5.75,5.85
2021-06-15,185,6.5,6.6
2021-06-15,186,8.7,8.8
2021-06-15,187,365,375
2021-06-15,188,362.5,372.5
2021-06-15,189,187.5,197.5
2021-06-15,207,0.25,0.35
2021-06-15,208,0.35,0.4
2021-06-15,209,0.65,0.75
2021-06-15,211,0.4,0.5
2021-06-15,212,0.38,0.45
2021-06-15,213,0.32,0.43
2021-06-15,217,0.3,0.35
2021-06-15,221,2.5,2.8
2021-06-15,223,1.2,1.4
2021-06-15,224,2.75,3.15
2021-06-15,225,1.5,1.8
2021-06-15,226,1.5,2
2021-06-15,228,0.55,0.65
2021-06-15,229,0.55,0.65
2021-06-15,232,0.4,0.5
2021-06-15,238,0.6,0.7
2021-06-15,241,0.6,0.7
2021-06-15,243,0.7,0.8
2021-06-15,245,1,1.2
2021-06-15,246,1,1.5
2021-06-15,248,1.4,1.5
2021-06-15,250,1.2,1.3
2021-06-15,251,0.7,0.8
2021-06-15,252,2.7,3
2021-06-15,253,0.6,0.7
2021-06-15,255,0.7,0.8
2021-06-15,258,0.4,0.5
2021-06-15,260,3.5,4.5
2021-06-15,266,1.2,1.3
2021-06-15,267,1.2,1.3
2021-06-15,272,2,4
2021-06-15,273,2,3.5
2021-06-15,277,1.8,2
2021-06-15,279,0.3,0.35
2021-06-15,284,0.3,0.35
2021-06-15,286,0.5,0.6
2021-06-15,297,0.6,0.7
2021-06-15,300,0.6,0.7
2021-06-15,328,0.34,0.38
2021-06-15,329,0.09,0.13
2021-06-15,331,0.22,0.26
2021-06-15,333,2.41,2.46
2021-06-15,335,2.35,2.4
2021-06-15,341,2.75,2.8
2021-06-15,342,2.99,3.04
2021-06-15,344,13.15,13.15
2021-06-15,345,11.15,11.15
2021-06-15,346,9.85,9.85
2021-06-15,347,8.05,8.05
2021-06-15,350,2.45,2.55
2021-06-15,351,2.38,2.48
2021-06-15,352,4,4.1
2021-06-15,353,4.85,4.95
2021-06-15,356,2,2.1
2021-06-15,357,1.7,1.8
2021-06-15,358,3.88,3.98
2021-06-15,361,4.43,4.53
2021-06-15,362,5.32,5.43
2021-06-15,363,5.58,5.67
2021-06-15,364,2.33,2.42
2021-06-15,365,1.55,1.65
2021-06-15,366,5.7,5.8
2021-06-15,367,2.3,2.4
2021-06-15,368,1.25,1.35
2021-06-15,369,5.7,5.8
2021-06-15,370,2.2,2.3
2021-06-15,371,1.25,1.35
2021-06-15,372,4,4.1
2021-06-15,672,356,358
2021-06-15,674,1.18,1.2
2021-06-15,675,1.36,1.39
2021-06-15,676,2.38,2.48
2021-06-15,677,1.7,1.8
2021-06-15,678,2.33,2.42
2021-06-15,716,16,16
2021-06-15,717,14,14
2021-06-15,718,12.9,12.9
2021-06-15,719,10.1,10.1
2021-06-15,731,5.6,5.7
2021-06-15,732,7,7.1
2021-06-15,733,8.05,8.4
2021-06-15,734,8.95,9.1
2021-06-15,771,8,8.5
2021-06-15,772,8.3,8.8
2021-06-15,795,1.3,1.5
2021-06-15,796,1.6,1.8
2021-06-15,802,2020,2120
2021-06-15,803,2020,2070
2021-06-15,806,2.8,3
2021-06-15,807,2.8,3
2021-06-15,808,0.95,1
2021-06-15,809,1,1.05
2021-06-15,810,1.05,1.1
2021-06-15,811,1.3,1.5
2021-06-15,812,1.6,1.8
2021-06-15,815,6.5,8
2021-06-15,816,1,1.15
2021-06-15,817,0.8,0.9
2021-06-15,818,5.5,6
2021-06-15,819,0.85,0.95
2021-06-15,820,1.25,1.45
2021-06-15,823,2.6,3
2021-06-15,824,0.9,0.95
2021-06-15,825,5.5,5.8
2021-06-15,829,0.68,0.72
2021-06-15,831,3.5,4
2021-06-15,832,3.8,4.2
2021-06-15,833,0.8,0.85
2021-06-15,834,5.5,6
2021-06-15,835,4.9,5.1
2021-06-15,836,4.68,4.78
2021-06-15,837,0.65,0.7
2021-06-15,838,8.3,8.8
2021-06-15,839,8,8.5
2021-06-30,4,208,212
2021-06-30,5,200,205
2021-06-30,7,315.5,316.5
2021-06-30,8,316,318
2021-06-30,12,274.5,276.5
2021-06-30,13,258.5,259.5
2021-06-30,14,254.5,255.5
2021-06-30,15,263,264
2021-06-30,16,258.5,259.5
2021-06-30,19,180,185
2021-06-30,20,189,193
2021-06-30,23,490,495
2021-06-30,24,479,484
2021-06-30,25,359,361
2021-06-30,26,354,357
2021-06-30,27,502.5,503.5
2021-06-30,28,498.5,500.5
2021-06-30,29,484.5,485.5
2021-06-30,30,188.5,190.5
2021-06-30,31,192.5,194.5
2021-06-30,32,160.5,162.5
2021-06-30,33,193.5,205.5
2021-06-30,34,164.5,166.5
2021-06-30,35,236.5,238.5
2021-06-30,36,207.5,209.5
2021-06-30,37,167,168
2021-06-30,38,167,168
2021-06-30,39,325.5,328.5
2021-06-30,40,221.5,222.5
2021-06-30,41,855,860
2021-06-30,42,247,249
2021-06-30,43,246,249
2021-06-30,47,249,250
2021-06-30,48,216.5,222.5
2021-06-30,50,440,490
2021-06-30,51,537.5,587.5
2021-06-30,53,1150,1200
2021-06-30,54,1395,1455
2021-06-30,55,460,490
2021-06-30,56,320,330
2021-06-30,58,165,170
2021-06-30,61,82.5,87.5
2021-06-30,65,92.5,97.5
2021-06-30,68,55,60
2021-06-30,69,60,65
2021-06-30,75,478,481.5
2021-06-30,76,617.5,622.5
2021-06-30,77,489,490
2021-06-30,81,402.5,407.5
2021-06-30,86,1070,1075
2021-06-30,87,1172.5,1192.5
2021-06-30,88,1097.5,1102.5
2021-06-30,89,2195,2205
2021-06-30,90,1520,1530
2021-06-30,92,1360,1365
2021-06-30,94,1272.5,1277.5
2021-06-30,95,1197.5,1202.5
2021-06-30,101,10,10.5
2021-06-30,102,11,12
2021-06-30,103,4.3,4.95
2021-06-30,104,3.3,3.5
2021-06-30,105,3.7,3.9
2021-06-30,106,3.2,3.25
2021-06-30,107,1.7,1.75
2021-06-30,108,296,298
2021-06-30,109,300.5,302.5
2021-06-30,110,397,410
2021-06-30,112,357,362
2021-06-30,114,309,310
2021-06-30,117,663,667
2021-06-30,118,397.5,399.5
2021-06-30,120,393.5,396.5
2021-06-30,121,723,727
2021-06-30,122,407,408
2021-06-30,124,401,404
2021-06-30,126,197.5,207.5
2021-06-30,127,187.5,192.5
2021-06-30,128,167.5,172.5
2021-06-30,129,190,200
2021-06-30,130,145,150
2021-06-30,131,1625,1630
2021-06-30,132,1095,1100
2021-06-30,133,1075,1080
2021-06-30,134,1125,1130
2021-06-30,176,9.5,10.5
2021-06-30,177,22,23
2021-06-30,181,4.7,4.8
2021-06-30,182,4.9,5
2021-06-30,183,4.8,5
2021-06-30,184,5.75,5.85
2021-06-30,185,6.5,6.6
2021-06-30,186,8.7,8.8
2021-06-30,187,390,400
2021-06-30,188,377.5,387.5
2021-06-30,189,197.5,207.5
2021-06-30,207,0.3,0.4
2021-06-30,208,0.35,0.4
2021-06-30,209,0.65,0.75
2021-06-30,211,0.4,0.5
2021-06-30,212,0.35,0.4
2021-06-30,213,0.2,0.3
2021-06-30,217,0.3,0.35
2021-06-30,219,1.5,1.6
2021-06-30,220,0.9,1
2021-06-30,221,1.5,1.85
2021-06-30,223,1.1,1.2
2021-06-30,224,1.75,2.05
2021-06-30,225,1.5,1.8
2021-06-30,226,1.5,2
2021-06-30,228,0.5,0.6
2021-06-30,229,0.45,0.55
2021-06-30,231,0.6,0.7
2021-06-30,232,0.3,0.4
2021-06-30,238,0.6,0.7
2021-06-30,241,0.6,0.7
2021-06-30,243,0.5,0.57
2021-06-30,245,0.9,1
2021-06-30,246,1,1.5
2021-06-30,248,1.15,1.25
2021-06-30,250,1.05,1.15
2021-06-30,251,0.7,0.8
2021-06-30,252,2.9,3.15
2021-06-30,253,0.6,0.7
2021-06-30,255,0.7,0.8
2021-06-30,256,0.85,0.95
2021-06-30,258,0.28,0.38
2021-06-30,260,3.5,4.5
2021-06-30,266,0.95,1.1
2021-06-30,267,0.95,1.1
2021-06-30,269,0.8,1
2021-06-30,273,1.5,2.25
2021-06-30,275,0.42,0.53
2021-06-30,279,0.3,0.35
2021-06-30,284,0.3,0.35
2021-06-30,285,0.75,0.9
2021-06-30,286,0.45,0.55
2021-06-30,288,0.4,0.5
2021-06-30,289,0.8,0.9
2021-06-30,290,1,1.2
2021-06-30,293,0.5,0.6
2021-06-30,294,0.8,0.9
2021-06-30,295,1,1.2
2021-06-30,297,0.6,0.7
2021-06-30,300,0.6,0.7
2021-06-30,328,0.34,0.38
2021-06-30,329,0.08,0.12
2021-06-30,331,0.21,0.24
2021-06-30,333,2.42,2.47
2021-06-30,335,2.36,2.41
2021-06-30,341,2.75,2.8
2021-06-30,342,2.99,3.04
2021-06-30,344,13.1,13.1
2021-06-30,345,11.1,11.1
2021-06-30,346,9.8,9.8
2021-06-30,347,8,8
2021-06-30,350,2.48,2.58
2021-06-30,351,2.35,2.45
2021-06-30,352,4,4.1
2021-06-30,353,4.85,4.95
2021-06-30,356,1.95,2.05
2021-06-30,357,1.65,1.75
2021-06-30,358,3.9,4
2021-06-30,361,4.45,4.55
2021-06-30,362,5.35,5.45
2021-06-30,363,5.65,5.75
2021-06-30,364,2.28,2.38
2021-06-30,365,1.55,1.65
2021-06-30,366,5.8,5.9
2021-06-30,367,2.35,2.45
2021-06-30,368,1.3,1.4
2021-06-30,369,5.8,5.9
2021-06-30,370,2.25,2.35
2021-06-30,371,1.3,1.4
2021-06-30,372,3.95,4.05
2021-06-30,672,351,353
2021-06-30,674,1.17,1.19
2021-06-30,675,1.38,1.4
2021-06-30,676,2.35,2.45
2021-06-30,677,1.65,1.75
2021-06-30,678,2.35,2.45
2021-06-30,716,15.9,15.9
2021-06-30,717,13.9,13.9
2021-06-30,718,12.8,12.8
2021-06-30,719,10,10
2021-06-30,731,5.6,5.7
2021-06-30,732,7,7.1
2021-06-30,733,8.05,8.4
2021-06-30,734,8.95,9.1
2021-06-30,771,8,8.5
2021-06-30,772,8.3,8.8
2021-06-30,795,1.3,1.5
2021-06-30,796,1.6,1.8
2021-06-30,802,2000,2100
2021-06-30,803,1990,2040
2021-06-30,806,2.8,3
2021-06-30,807,2.8,3
2021-06-30,808,0.95,1
2021-06-30,809,1,1.05
2021-06-30,810,1.05,1.1
2021-06-30,811,1.3,1.5
2021-06-30,812,1.6,1.9
2021-06-30,815,6.5,8
2021-06-30,816,1,1.15
2021-06-30,817,0.8,0.9
2021-06-30,818,5.5,6
2021-06-30,819,0.85,0.95
2021-06-30,820,1.25,1.45
2021-06-30,823,2.6,3
2021-06-30,824,0.9,0.95
2021-06-30,825,5.5,5.8
2021-06-30,829,0.68,0.72
2021-06-30,831,3.5,4
2021-06-30,832,3.8,4.2
2021-06-30,833,0.8,0.85
2021-06-30,834,5.5,6
2021-06-30,835,4.9,5.1
2021-06-30,836,4.7,4.8
2021-06-30,837,0.65,0.7
2021-06-30,838,8.3,8.8
2021-06-30,839,8,8.5
2021-07-15,2,227,228
2021-07-15,3,217,221
2021-07-15,4,210.5,213.5
2021-07-15,5,201.5,205.5
2021-07-15,6,194,196
2021-07-15,7,336.5,337.5
2021-07-15,8,336.5,338.5
2021-07-15,10,213,216
2021-07-15,12,271.5,273.5
2021-07-15,13,255,256
2021-07-15,14,252,253
2021-07-15,15,262,263
2021-07-15,16,258,260
2021-07-15,19,182,187
2021-07-15,20,192,195
2021-07-15,21,198,202
2021-07-15,23,490,495
2021-07-15,24,479,484
2021-07-15,25,359,361
2021-07-15,26,354,357
2021-07-15,27,499.5,500.5
2021-07-15,28,495.5,497.5
2021-07-15,29,481.5,482.5
2021-07-15,30,162,164
2021-07-15,31,166,168
2021-07-15,32,134,136
2021-07-15,33,169,181
2021-07-15,34,140,142
2021-07-15,35,223,225
2021-07-15,36,194,196
2021-07-15,37,149.5,150.5
2021-07-15,38,149.5,150.5
2021-07-15,39,321.5,324.5
2021-07-15,40,218,219
2021-07-15,41,855,860
2021-07-15,42,244.5,246.5
2021-07-15,43,243.5,246.5
2021-07-15,47,246,247
2021-07-15,48,215,221
2021-07-15,50,440,490
2021-07-15,51,550,600
2021-07-15,53,1150,1200
2021-07-15,54,1420,1480
2021-07-15,55,460,490
2021-07-15,56,320,330
2021-07-15,58,165,170
2021-07-15,61,85,90
2021-07-15,65,100,105
2021-07-15,68,55,60
2021-07-15,69,60,65
2021-07-15,75,496,498
2021-07-15,76,617.5,622.5
2021-07-15,77,501.5,502.5
2021-07-15,81,412.5,417.5
2021-07-15,86,1070,1075
2021-07-15,87,1215,1235
2021-07-15,88,1135,1140
2021-07-15,89,2170,2180
2021-07-15,90,1520,1530
2021-07-15,92,1335,1340
2021-07-15,94,1315,1320
2021-07-15,95,1235,1240
2021-07-15,101,10,10.5
2021-07-15,102,11,12
2021-07-15,103,4.35,4.95
2021-07-15,104,3.27,3.48
2021-07-15,105,3.73,3.92
2021-07-15,106,3.15,3.2
2021-07-15,107,1.7,1.75
2021-07-15,108,291.5,293.5
2021-07-15,109,298.5,300.5
2021-07-15,110,396,409
2021-07-15,112,353.5,358.5
2021-07-15,114,307,308
2021-07-15,117,663.5,666.5
2021-07-15,118,411.5,413.5
2021-07-15,120,407.5,410.5
2021-07-15,121,723.5,726.5
2021-07-15,122,419.5,420.5
2021-07-15,124,414.5,417.5
2021-07-15,126,197.5,207.5
2021-07-15,127,187.5,192.5
2021-07-15,128,167.5,172.5
2021-07-15,129,192.5,202.5
2021-07-15,130,147.5,152.5
2021-07-15,131,1645,1650
2021-07-15,132,1075,1080
2021-07-15,133,1055,1060
2021-07-15,134,1105,1110
2021-07-15,176,9.5,10.5
2021-07-15,177,21.75,22.75
2021-07-15,181,4.7,4.8
2021-07-15,182,4.9,5
2021-07-15,183,4.8,5
2021-07-15,184,5.75,5.85
2021-07-15,185,6.5,6.6
2021-07-15,186,8.7,8.8
2021-07-15,187,405,420
2021-07-15,188,387.5,397.5
2021-07-15,189,217.5,227.5
2021-07-15,207,0.3,0.4
2021-07-15,208,0.35,0.4
2021-07-15,209,0.6,0.7
2021-07-15,211,0.4,0.5
2021-07-15,212,0.35,0.4
2021-07-15,213,0.35,0.43
2021-07-15,217,0.3,0.35
2021-07-15,219,0.8,0.9
2021-07-15,220,0.65,0.75
2021-07-15,221,1.05,1.25
2021-07-15,222,1.55,1.65
2021-07-15,223,0.8,0.88
2021-07-15,224,1.55,1.65
2021-07-15,225,1.5,1.8
2021-07-15,226,1.5,2
2021-07-15,228,0.5,0.6
2021-07-15,229,0.5,0.57
2021-07-15,231,0.6,0.7
2021-07-15,232,0.4,0.5
2021-07-15,233,0.3,0.35
2021-07-15,234,0.3,0.35
2021-07-15,236,1,1.1
2021-07-15,237,1,1.1
2021-07-15,238,0.6,0.68
2021-07-15,239,2,2.2
2021-07-15,240,2,2.2
2021-07-15,241,0.6,0.7
2021-07-15,242,0.75,0.85
2021-07-15,243,0.3,0.4
2021-07-15,245,0.8,0.9
2021-07-15,246,0.95,1.1
2021-07-15,248,1.1,1.2
2021-07-15,250,1,1.1
2021-07-15,251,0.7,0.8
2021-07-15,252,3.75,4
2021-07-15,253,0.6,0.7
2021-07-15,255,0.7,0.8
2021-07-15,256,0.6,0.7
2021-07-15,258,0.3,0.38
2021-07-15,260,3.5,4.5
2021-07-15,266,0.8,1
2021-07-15,267,0.8,1
2021-07-15,269,0.8,1
2021-07-15,273,1,1.5
2021-07-15,275,0.35,0.45
2021-07-15,279,0.3,0.35
2021-07-15,284,0.3,0.35
2021-07-15,285,0.55,0.7
2021-07-15,286,0.4,0.5
2021-07-15,288,0.4,0.5
2021-07-15,289,0.8,0.9
2021-07-15,290,1,1.2
2021-07-15,291,1.3,1.5
2021-07-15,293,0.5,0.6
2021-07-15,294,0.8,0.9
2021-07-15,295,1,1.2
2021-07-15,296,1.3,1.5
2021-07-15,297,0.6,0.7
2021-07-15,300,0.6,0.7
2021-07-15,309,0.9,1
2021-07-15,310,1,1.1
2021-07-15,311,1.3,1.5
2021-07-15,314,0.9,1
2021-07-15,315,1,1.1
2021-07-15,316,1.3,1.5
2021-07-15,328,0.32,0.36
2021-07-15,329,0.07,0.11
2021-07-15,331,0.16,0.2
2021-07-15,333,2.42,2.47
2021-07-15,335,2.36,2.41
2021-07-15,341,2.67,2.73
2021-07-15,342,2.99,3.04
2021-07-15,344,12.95,12.95
2021-07-15,345,10.95,10.95
2021-07-15,346,9.65,9.65
2021-07-15,347,7.85,7.85
2021-07-15,350,2.45,2.55
2021-07-15,351,2.3,2.4
2021-07-15,352,3.85,3.95
2021-07-15,353,4.85,4.95
2021-07-15,356,1.8,1.9
2021-07-15,357,1.5,1.6
2021-07-15,358,3.9,4
2021-07-15,361,4.45,4.55
2021-07-15,362,5.35,5.45
2021-07-15,363,5.75,5.85
2021-07-15,364,2.02,2.12
2021-07-15,365,1.55,1.65
2021-07-15,366,5.8,5.9
2021-07-15,367,2.35,2.45
2021-07-15,368,1.3,1.4
2021-07-15,369,5.8,5.9
2021-07-15,370,2.25,2.35
2021-07-15,371,1.3,1.4
2021-07-15,372,3.35,3.45
2021-07-15,672,347.5,349.5
2021-07-15,674,1.14,1.16
2021-07-15,675,1.38,1.4
2021-07-15,676,2.3,2.4
2021-07-15,677,1.5,1.6
2021-07-15,678,2.35,2.45
2021-07-15,716,15.6,15.6
2021-07-15,717,13.6,13.6
2021-07-15,718,12.5,12.5
2021-07-15,719,9.7,9.7
2021-07-15,731,5.65,5.75
2021-07-15,732,7.05,7.15
2021-07-15,733,8.05,8.4
2021-07-15,734,8.95,9.1
2021-07-15,771,8,8.5
2021-07-15,772,8.3,8.8
2021-07-15,802,1985,2085
2021-07-15,803,1975,2025
2021-07-15,806,2.8,3
2021-07-15,807,2.8,3
2021-07-15,808,0.95,1
2021-07-15,809,1,1.05
2021-07-15,810,1.05,1.1
2021-07-15,811,1.3,1.5
2021-07-15,812,1.6,2
2021-07-15,815,6.5,8
2021-07-15,816,1,1.15
2021-07-15,817,0.8,0.9
2021-07-15,818,5.5,6
2021-07-15,819,0.85,0.95
2021-07-15,820,1.25,1.45
2021-07-15,823,2.6,3
2021-07-15,824,0.93,1
2021-07-15,825,5.5,5.8
2021-07-15,829,0.68,0.72
2021-07-15,831,3.5,4
2021-07-15,832,3.8,4.2
2021-07-15,833,0.8,0.85
2021-07-15,834,5.5,6
2021-07-15,835,4.9,5.1
2021-07-15,836,4.7,4.8
2021-07-15,837,0.68,0.71
2021-07-15,838,8.3,8.8
2021-07-15,839,8,8.5
2021-07-30,2,242.5,243.5
2021-07-30,3,222.5,226.5
2021-07-30,4,215.5,218.5
2021-07-30,5,207.5,210.5
2021-07-30,6,198.5,200.5
2021-07-30,7,356.5,357.5
2021-07-30,8,356.5,358.5
2021-07-30,10,220,223
2021-07-30,12,272.5,274.5
2021-07-30,13,256.5,257.5
2021-07-30,14,253.5,254.5
2021-07-30,15,264,266
2021-07-30,16,257.5,261
2021-07-30,19,184.5,189.5
2021-07-30,20,194.5,197.5
2021-07-30,21,202.5,204.5
2021-07-30,23,490,495
2021-07-30,24,479,484
2021-07-30,25,359,361
2021-07-30,26,354,357
2021-07-30,27,500,501
2021-07-30,28,496,498
2021-07-30,29,482,483
2021-07-30,30,159.5,161.5
2021-07-30,31,163.5,165.5
2021-07-30,32,131.5,133.5
2021-07-30,33,168.5,180.5
2021-07-30,34,139.5,141.5
2021-07-30,35,221,223
2021-07-30,36,192,194
2021-07-30,37,149.5,150.5
2021-07-30,38,149.5,150.5
2021-07-30,39,322,325
2021-07-30,40,218.5,219.5
2021-07-30,41,850,855
2021-07-30,42,240.5,242.5
2021-07-30,43,239.5,242.5
2021-07-30,47,242.5,243.5
2021-07-30,48,215,221
2021-07-30,50,440,490
2021-07-30,51,550,600
2021-07-30,53,1150,1200
2021-07-30,54,1420,1480
2021-07-30,55,460,490
2021-07-30,56,320,330
2021-07-30,58,165,170
2021-07-30,61,85,90
2021-07-30,63,100,105
2021-07-30,65,100,105
2021-07-30,69,60,65
2021-07-30,71,80,85
2021-07-30,75,501,503
2021-07-30,76,615,620
2021-07-30,77,514,515
2021-07-30,81,420,425
2021-07-30,86,1140,1145
2021-07-30,87,1267.5,1287.5
2021-07-30,88,1195,1200
2021-07-30,89,2130,2140
2021-07-30,90,1470,1480
2021-07-30,92,1345,1350
2021-07-30,94,1357.5,1362.5
2021-07-30,95,1285,1290
2021-07-30,101,10,10.5
2021-07-30,102,11,12
2021-07-30,103,4.35,4.95
2021-07-30,104,3.25,3.45
2021-07-30,105,3.7,3.9
2021-07-30,106,3.15,3.2
2021-07-30,107,1.7,1.75
2021-07-30,108,288,290
2021-07-30,109,296,298
2021-07-30,110,395,408
2021-07-30,111,305,310
2021-07-30,112,315,320
2021-07-30,114,304.5,307.5
2021-07-30,117,644,647
2021-07-30,118,402,404
2021-07-30,120,397,400
2021-07-30,121,704,707
2021-07-30,122,410,411
2021-07-30,124,404.5,407.5
2021-07-30,126,200,210
2021-07-30,127,190,195
2021-07-30,128,170,175
2021-07-30,129,195,205
2021-07-30,130,150,155
2021-07-30,131,1650,1655
2021-07-30,132,1045,1050
2021-07-30,133,1025,1030
2021-07-30,134,1075,1080
2021-07-30,176,9.5,10.5
2021-07-30,177,21,22
2021-07-30,181,4.7,4.8
2021-07-30,182,4.9,5
2021-07-30,183,4.8,5
2021-07-30,184,5.75,5.85
2021-07-30,185,6.5,6.6
2021-07-30,186,8.7,8.8
2021-07-30,187,397.5,410
2021-07-30,188,377.5,387.5
2021-07-30,189,207.5,217.5
2021-07-30,207,0.3,0.4
2021-07-30,208,0.4,0.45
2021-07-30,209,0.65,0.75
2021-07-30,211,0.4,0.5
2021-07-30,212,0.35,0.4
2021-07-30,213,0.53,0.62
2021-07-30,217,0.3,0.35
2021-07-30,219,0.95,1.1
2021-07-30,220,1.35,1.5
2021-07-30,221,2.25,2.65
2021-07-30,222,1.85,2.1
2021-07-30,223,1.4,1.55
2021-07-30,224,1.8,1.95
2021-07-30,225,1.5,1.8
2021-07-30,226,1.5,2
2021-07-30,228,0.6,0.7
2021-07-30,229,0.55,0.6
2021-07-30,231,0.7,0.8
2021-07-30,232,0.53,0.62
2021-07-30,233,0.3,0.35
2021-07-30,234,0.3,0.35
2021-07-30,236,0.6,0.7
2021-07-30,237,0.6,0.7
2021-07-30,238,0.5,0.6
2021-07-30,239,1.8,2
2021-07-30,240,1.8,2
2021-07-30,241,0.6,0.7
2021-07-30,242,0.65,0.75
2021-07-30,243,0.3,0.38
2021-07-30,245,0.8,0.9
2021-07-30,246,0.85,0.95
2021-07-30,248,1.35,1.45
2021-07-30,250,1.15,1.25
2021-07-30,251,0.7,0.8
2021-07-30,252,4,4.35
2021-07-30,253,0.6,0.7
2021-07-30,255,0.7,0.8
2021-07-30,256,0.5,0.6
2021-07-30,258,0.45,0.55
2021-07-30,260,3.5,4.5
2021-07-30,266,0.8,1
2021-07-30,267,0.8,1
2021-07-30,269,0.8,1
2021-07-30,273,1,1.5
2021-07-30,275,0.2,0.22
2021-07-30,279,0.3,0.35
2021-07-30,284,0.3,0.35
2021-07-30,285,0.4,0.5
2021-07-30,286,0.25,0.32
2021-07-30,288,0.43,0.53
2021-07-30,289,0.8,0.9
2021-07-30,290,1.2,1.4
2021-07-30,291,1.4,1.6
2021-07-30,293,0.4,0.5
2021-07-30,294,0.82,0.93
2021-07-30,295,0.9,1.1
2021-07-30,296,1.3,1.5
2021-07-30,297,0.6,0.7
2021-07-30,300,0.6,0.7
2021-07-30,309,0.72,0.82
2021-07-30,310,0.9,1.05
2021-07-30,311,1.1,1.25
2021-07-30,314,0.85,0.95
2021-07-30,315,0.95,1.05
2021-07-30,316,1.1,1.25
2021-07-30,328,0.32,0.36
2021-07-30,329,0.08,0.12
2021-07-30,331,0.17,0.21
2021-07-30,333,2.44,2.49
2021-07-30,335,2.36,2.41
2021-07-30,341,2.65,2.7
2021-07-30,342,2.99,3.04
2021-07-30,344,12.9,12.9
2021-07-30,345,10.9,10.9
2021-07-30,346,9.6,9.6
2021-07-30,347,7.8,7.8
2021-07-30,350,2.48,2.58
2021-07-30,351,2.3,2.4
2021-07-30,352,3.8,3.9
2021-07-30,353,4.85,4.95
2021-07-30,356,1.8,1.9
2021-07-30,357,1.5,1.6
2021-07-30,358,3.9,4
2021-07-30,361,4.48,4.58
2021-07-30,362,5.38,5.48
2021-07-30,363,6.02,6.12
2021-07-30,364,1.95,2.05
2021-07-30,365,1.55,1.65
2021-07-30,366,5.83,5.93
2021-07-30,367,2.35,2.45
2021-07-30,368,1.3,1.4
2021-07-30,369,5.83,5.93
2021-07-30,370,2.25,2.35
2021-07-30,371,1.3,1.4
2021-07-30,372,3.33,3.43
2021-07-30,674,1.14,1.16
2021-07-30,675,1.39,1.41
2021-07-30,676,2.3,2.4
2021-07-30,677,1.5,1.6
2021-07-30,678,2.36,2.46
2021-07-30,716,15.5,15.5
2021-07-30,717,13.5,13.5
2021-07-30,718,12.4,12.4
2021-07-30,719,9.6,9.6
2021-07-30,731,5.65,5.75
2021-07-30,732,7.05,7.15
2021-07-30,733,8.05,8.4
2021-07-30,734,8.95,9.1
2021-07-30,771,8,8.5
2021-07-30,772,8.3,8.8
2021-07-30,802,1970,2070
2021-07-30,803,1940,1990
2021-07-30,806,2.8,3
2021-07-30,807,2.8,3
2021-07-30,808,0.95,1
2021-07-30,809,1,1.05
2021-07-30,810,1.05,1.1
2021-07-30,811,1.3,1.5
2021-07-30,812,1.6,2
2021-07-30,815,6.5,8
2021-07-30,816,1,1.15
2021-07-30,817,0.8,0.9
2021-07-30,818,5.5,6
2021-07-30,819,0.85,0.95
2021-07-30,820,1.25,1.45
2021-07-30,823,2.6,3
2021-07-30,824,0.95,1.05
2021-07-30,825,5.5,5.8
2021-07-30,829,0.68,0.72
2021-07-30,831,3.5,4
2021-07-30,832,3.8,4.2
2021-07-30,833,0.8,0.85
2021-07-30,834,5.5,6
2021-07-30,835,4.97,5.17
2021-07-30,836,4.7,4.8
2021-07-30,837,0.7,0.72
2021-07-30,838,8.3,8.8
2021-07-30,839,8,8.5
2021-08-15,2,253,254
2021-08-15,3,231,235
2021-08-15,4,224,227
2021-08-15,5,216,219
2021-08-15,6,206,208
2021-08-15,7,374,375
2021-08-15,8,374,376
2021-08-15,10,229,230
2021-08-15,12,278,280
2021-08-15,13,262,263
2021-08-15,14,259,260
2021-08-15,15,271,273
2021-08-15,16,265,267
2021-08-15,19,190,195
2021-08-15,20,200,203
2021-08-15,21,208,212
2021-08-15,23,490,495
2021-08-15,24,479,484
2021-08-15,25,359,361
2021-08-15,26,354,357
2021-08-15,27,505,506
2021-08-15,28,501,503
2021-08-15,29,487,488
2021-08-15,30,164,166
2021-08-15,31,168,170
2021-08-15,32,136,138
2021-08-15,33,173,185
2021-08-15,34,144,146
2021-08-15,35,222,224
2021-08-15,36,193,195
2021-08-15,37,152,153
2021-08-15,38,152,153
2021-08-15,39,327,330
2021-08-15,40,223,224
2021-08-15,41,840,845
2021-08-15,42,239,241
2021-08-15,43,238,241
2021-08-15,47,239,240
2021-08-15,48,215,221
2021-08-15,53,1150,1200
2021-08-15,54,1420,1480
2021-08-15,55,460,490
2021-08-15,56,320,330
2021-08-15,58,165,170
2021-08-15,63,100,105
2021-08-15,65,100,105
2021-08-15,69,60,65
2021-08-15,71,80,85
2021-08-15,75,491,493
2021-08-15,76,600,605
2021-08-15,77,504,505
2021-08-15,81,420,425
2021-08-15,86,1210,1215
2021-08-15,87,1175,1195
2021-08-15,88,1120,1125
2021-08-15,89,2120,2130
2021-08-15,90,1460,1470
2021-08-15,92,1365,1370
2021-08-15,94,1255,1260
2021-08-15,95,1200,1205
2021-08-15,101,10,10.5
2021-08-15,102,11,12
2021-08-15,103,4.35,4.95
2021-08-15,104,3.25,3.45
2021-08-15,105,3.7,3.9
2021-08-15,106,3.15,3.2
2021-08-15,107,1.7,1.75
2021-08-15,108,288,290
2021-08-15,109,298,300
2021-08-15,110,396,409
2021-08-15,111,305,310
2021-08-15,112,310,315
2021-08-15,114,302,305
2021-08-15,117,634,637
2021-08-15,118,395,400
2021-08-15,120,386,389
2021-08-15,121,694,697
2021-08-15,122,399,407
2021-08-15,124,395,398
2021-08-15,126,200,210
2021-08-15,127,190,195
2021-08-15,128,170,175
2021-08-15,129,195,205
2021-08-15,130,150,155
2021-08-15,131,1660,1665
2021-08-15,132,1030,1035
2021-08-15,133,1010,1015
2021-08-15,134,1060,1065
2021-08-15,176,9.5,10.5
2021-08-15,177,21,22
2021-08-15,181,4.7,4.8
2021-08-15,182,4.9,5
2021-08-15,183,4.8,5
2021-08-15,184,5.75,5.85
2021-08-15,185,6.5,6.6
2021-08-15,186,8.7,8.8
2021-08-15,187,390,400
2021-08-15,188,375,385
2021-08-15,189,210,220
2021-08-15,207,0.4,0.5
2021-08-15,208,0.4,0.45
2021-08-15,209,0.6,0.7
2021-08-15,211,0.45,0.5
2021-08-15,212,0.35,0.4
2021-08-15,213,0.55,0.65
2021-08-15,217,0.3,0.35
2021-08-15,219,1,1.2
2021-08-15,220,1,1.2
2021-08-15,221,2,2.2
2021-08-15,223,1.1,1.2
2021-08-15,225,1.5,1.8
2021-08-15,226,1.5,2
2021-08-15,228,0.6,0.7
2021-08-15,229,0.7,0.8
2021-08-15,231,0.7,0.8
2021-08-15,232,0.5,0.55
2021-08-15,233,0.3,0.35
2021-08-15,234,0.3,0.35
2021-08-15,236,0.5,0.6
2021-08-15,237,0.5,0.6
2021-08-15,238,0.5,0.6
2021-08-15,239,1.8,2
2021-08-15,240,1.8,2
2021-08-15,241,0.7,0.8
2021-08-15,242,0.7,0.8
2021-08-15,243,0.3,0.4
2021-08-15,245,0.9,1
2021-08-15,246,0.8,0.9
2021-08-15,248,1.5,1.6
2021-08-15,250,1.3,1.4
2021-08-15,251,0.7,0.8
2021-08-15,252,4.5,4.8
2021-08-15,253,0.6,0.7
2021-08-15,254,0.5,0.6
2021-08-15,255,0.7,0.8
2021-08-15,256,0.4,0.5
2021-08-15,258,0.5,0.6
2021-08-15,260,3,3.5
2021-08-15,273,1,1.5
2021-08-15,275,0.2,0.22
2021-08-15,279,0.3,0.35
2021-08-15,284,0.3,0.35
2021-08-15,285,0.4,0.5
2021-08-15,286,0.4,0.5
2021-08-15,288,0.4,0.45
2021-08-15,289,0.7,0.8
2021-08-15,290,1.1,1.3
2021-08-15,291,1.3,1.4
2021-08-15,293,0.4,0.5
2021-08-15,294,0.85,0.95
2021-08-15,295,0.95,1.1
2021-08-15,296,1.3,1.5
2021-08-15,297,0.6,0.7
2021-08-15,300,0.6,0.7
2021-08-15,309,0.7,0.8
2021-08-15,310,0.8,1
2021-08-15,311,1.1,1.3
2021-08-15,314,0.8,0.9
2021-08-15,315,0.9,1
2021-08-15,316,1.1,1.2
2021-08-15,731,5.65,5.75
2021-08-15,732,7.05,7.15
2021-08-15,733,8.05,8.4
2021-08-15,734,8.95,9.1
2021-08-15,771,8,8.5
2021-08-15,772,8.3,8.8
2021-08-15,802,1970,2070
2021-08-15,803,1920,1970
2021-08-15,806,2.8,3
2021-08-15,807,2.8,3
2021-08-15,808,0.95,1
2021-08-15,809,1,1.05
2021-08-15,810,1.05,1.1
2021-08-15,811,1.3,1.5
2021-08-15,812,1.6,2
2021-08-15,815,6.5,8
2021-08-15,816,1,1.15
2021-08-15,817,0.8,0.9
2021-08-15,818,5.5,6
2021-08-15,819,0.85,0.95
2021-08-15,820,1.25,1.45
2021-08-15,823,2.6,3
2021-08-15,824,0.95,1.05
2021-08-15,825,5.5,5.8
2021-08-15,829,0.68,0.72
2021-08-15,831,3.5,4
2021-08-15,832,3.8,4.2
2021-08-15,833,0.8,0.85
2021-08-15,834,5.5,6
2021-08-15,837,0.7,0.72
2021-08-15,838,8.3,8.8
2021-08-15,839,8,8.5
2021-08-30,2,269.5,270.5
2021-08-30,3,251,255
2021-08-30,4,249,252
2021-08-30,5,241,244
2021-08-30,6,231,233
2021-08-30,7,389,390
2021-08-30,8,389,391
2021-08-30,10,261.5,262.5
2021-08-30,11,189,192
2021-08-30,13,260,262
2021-08-30,14,252,255
2021-08-30,15,273,275
2021-08-30,16,268.5,272
2021-08-30,19,212.5,217.5
2021-08-30,20,222.5,225.5
2021-08-30,21,229.5,233.5
2021-08-30,23,505,510
2021-08-30,24,494,499
2021-08-30,25,374,376
2021-08-30,26,369,372
2021-08-30,27,512.5,513.5
2021-08-30,28,508.5,510.5
2021-08-30,29,494.5,495.5
2021-08-30,30,169,171
2021-08-30,31,173,175
2021-08-30,32,141,143
2021-08-30,33,178,190
2021-08-30,34,149,151
2021-08-30,35,233,235
2021-08-30,36,204,206
2021-08-30,37,159,160
2021-08-30,38,157,158
2021-08-30,39,330,333
2021-08-30,40,226,227
2021-08-30,41,832.5,837.5
2021-08-30,42,237,239
2021-08-30,43,236,239
2021-08-30,47,233,234
2021-08-30,48,215,221
2021-08-30,53,1170,1220
2021-08-30,54,1440,1500
2021-08-30,55,460,490
2021-08-30,56,320,330
2021-08-30,58,165,170
2021-08-30,63,102.5,107.5
2021-08-30,65,102.5,107.5
2021-08-30,69,60,65
2021-08-30,71,82.5,87.5
2021-08-30,75,500.5,504
2021-08-30,76,600,605
2021-08-30,77,509,513
2021-08-30,81,427.5,432.5
2021-08-30,86,1190,1195
2021-08-30,87,1180,1200
2021-08-30,88,1130,1135
2021-08-30,89,2110,2120
2021-08-30,90,1445,1455
2021-08-30,92,1375,1380
2021-08-30,94,1260,1265
2021-08-30,95,1210,1215
2021-08-30,101,10,10.5
2021-08-30,102,11,12
2021-08-30,103,4.35,4.95
2021-08-30,104,3.25,3.45
2021-08-30,105,3.7,3.9
2021-08-30,106,3.15,3.2
2021-08-30,107,1.7,1.75
2021-08-30,108,288,290
2021-08-30,109,298,300
2021-08-30,110,401,414
2021-08-30,111,317.5,322.5
2021-08-30,112,317.5,322.5
2021-08-30,114,305,307
2021-08-30,117,634,637
2021-08-30,118,401.5,405
2021-08-30,120,393,396
2021-08-30,121,694,697
2021-08-30,122,408.5,413.5
2021-08-30,124,403.5,406.5
2021-08-30,126,202.5,212.5
2021-08-30,127,192.5,197.5
2021-08-30,128,172.5,177.5
2021-08-30,129,197.5,207.5
2021-08-30,130,152.5,157.5
2021-08-30,131,1640,1645
2021-08-30,132,1050,1055
2021-08-30,133,1030,1035
2021-08-30,134,1080,1085
2021-08-30,176,9.5,10.5
2021-08-30,177,21.5,22.5
2021-08-30,181,4.7,4.8
2021-08-30,182,4.9,5
2021-08-30,183,4.8,5
2021-08-30,184,5.75,5.85
2021-08-30,185,6.5,6.6
2021-08-30,186,8.7,8.8
2021-08-30,187,405,417.5
2021-08-30,188,402.5,412.5
2021-08-30,189,245,255
2021-08-30,207,0.6,0.7
2021-08-30,208,0.6,0.7
2021-08-30,209,0.55,0.65
2021-08-30,211,0.57,0.65
2021-08-30,212,0.3,0.35
2021-08-30,213,0.6,0.7
2021-08-30,217,0.3,0.35
2021-08-30,219,1.25,1.35
2021-08-30,220,0.9,1
2021-08-30,221,2,2.2
2021-08-30,222,5,6
2021-08-30,223,1,1.1
2021-08-30,225,1.5,1.8
2021-08-30,226,1.5,2
2021-08-30,228,1,1.15
2021-08-30,229,1.3,1.45
2021-08-30,231,0.6,0.7
2021-08-30,232,0.45,0.55
2021-08-30,233,0.3,0.33
2021-08-30,234,0.3,0.33
2021-08-30,236,1.2,1.35
2021-08-30,237,1.15,1.25
2021-08-30,238,0.8,1
2021-08-30,239,1.8,2
2021-08-30,240,1.8,2
2021-08-30,241,1.45,1.55
2021-08-30,242,1,1.1
2021-08-30,243,0.7,0.75
2021-08-30,244,0.4,0.5
2021-08-30,245,1,1.2
2021-08-30,246,0.8,0.9
2021-08-30,248,1.7,1.9
2021-08-30,250,1.7,1.8
2021-08-30,251,0.7,0.8
2021-08-30,252,5,5.25
2021-08-30,253,0.6,0.7
2021-08-30,254,0.6,0.65
2021-08-30,256,0.4,0.5
2021-08-30,257,0.4,0.5
2021-08-30,258,0.55,0.65
2021-08-30,260,3,3.5
2021-08-30,275,0.15,0.18
2021-08-30,279,0.3,0.35
2021-08-30,280,0.5,0.6
2021-08-30,282,0.5,0.6
2021-08-30,284,0.3,0.35
2021-08-30,285,0.6,0.7
2021-08-30,286,0.55,0.65
2021-08-30,288,0.4,0.45
2021-08-30,289,0.7,0.8
2021-08-30,290,1.1,1.3
2021-08-30,291,1.3,1.4
2021-08-30,293,0.4,0.5
2021-08-30,294,0.85,0.95
2021-08-30,295,0.95,1.1
2021-08-30,296,1.3,1.5
2021-08-30,297,0.6,0.7
2021-08-30,300,0.6,0.7
2021-08-30,309,0.7,0.8
2021-08-30,310,0.8,1
2021-08-30,311,1.1,1.3
2021-08-30,314,0.8,0.9
2021-08-30,315,0.9,1
2021-08-30,316,1.1,1.2
2021-08-30,317,0.8,1
2021-08-30,323,1,1.1
2021-08-30,328,0.32,0.36
2021-08-30,329,0.18,0.22
2021-08-30,331,0.29,0.33
2021-08-30,333,2.45,2.5
2021-08-30,335,2.36,2.41
2021-08-30,341,2.65,2.7
2021-08-30,342,2.99,3.04
2021-08-30,344,12.9,12.9
2021-08-30,345,10.9,10.9
2021-08-30,346,9.6,9.6
2021-08-30,347,7.8,7.8
2021-08-30,350,2.5,2.6
2021-08-30,351,2.3,2.4
2021-08-30,352,3.8,3.9
2021-08-30,353,4.85,4.95
2021-08-30,356,1.8,1.9
2021-08-30,357,1.65,1.75
2021-08-30,358,3.9,4
2021-08-30,361,4.5,4.6
2021-08-30,362,5.4,5.5
2021-08-30,363,6.05,6.15
2021-08-30,364,1.95,2.05
2021-08-30,365,1.55,1.65
2021-08-30,366,5.9,6
2021-08-30,367,2.35,2.45
2021-08-30,368,1.3,1.4
2021-08-30,369,5.9,6
2021-08-30,370,2.25,2.35
2021-08-30,371,1.3,1.4
2021-08-30,372,4.2,4.3
2021-08-30,634,0.77,0.82
2021-08-30,674,1.14,1.16
2021-08-30,675,1.4,1.42
2021-08-30,676,2.3,2.4
2021-08-30,677,1.65,1.75
2021-08-30,678,2.38,2.48
2021-08-30,716,15.5,15.5
2021-08-30,717,13.5,13.5
2021-08-30,718,12.4,12.4
2021-08-30,719,9.6,9.6
2021-08-30,723,0.53,0.6
2021-08-30,726,0.53,0.6
2021-08-30,731,5.65,5.75
2021-08-30,732,7.05,7.15
2021-08-30,733,8.03,8.38
2021-08-30,734,8.93,9.07
2021-08-30,771,8,8.5
2021-08-30,772,8.3,8.8
2021-08-30,802,2060,2160
2021-08-30,803,2010,2060
2021-08-30,806,2.8,3
2021-08-30,807,2.8,3
2021-08-30,808,0.95,1
2021-08-30,809,1,1.05
2021-08-30,810,1.05,1.1
2021-08-30,811,1.3,1.5
2021-08-30,812,1.6,2
2021-08-30,815,6.5,8
2021-08-30,816,1,1.15
2021-08-30,817,0.8,0.9
2021-08-30,818,5.5,6
2021-08-30,819,0.85,0.95
2021-08-30,820,1.25,1.45
2021-08-30,823,2.6,3
2021-08-30,824,0.95,1.05
2021-08-30,825,5.5,5.8
2021-08-30,829,0.68,0.72
2021-08-30,831,3.5,4
2021-08-30,832,3.8,4.2
2021-08-30,833,0.8,0.85
2021-08-30,834,5.5,6
2021-08-30,835,5,5.2
2021-08-30,836,4.7,4.8
2021-08-30,837,0.7,0.72
2021-08-30,838,8.3,8.8
2021-08-30,839,8,8.5
2021-09-30,2,277.5,278.5
2021-09-30,3,262,264
2021-09-30,4,259,261
2021-09-30,5,251,253
2021-09-30,6,241,242
2021-09-30,7,387.5,388.5
2021-09-30,8,387.5,389.5
2021-09-30,10,268,269
2021-09-30,11,186,190
2021-09-30,12,285,290
2021-09-30,13,267.5,269.5
2021-09-30,14,256,257.5
2021-09-30,15,275,276
2021-09-30,16,281,283.5
2021-09-30,19,221.5,226.5
2021-09-30,20,231.5,234.5
2021-09-30,21,239.5,241.5
2021-09-30,23,527.5,532.5
2021-09-30,24,516.5,521.5
2021-09-30,25,396.5,398.5
2021-09-30,26,391.5,394.5
2021-09-30,27,522.5,523.5
2021-09-30,28,518.5,520.5
2021-09-30,29,504.5,505.5
2021-09-30,30,151,153
2021-09-30,31,155,157
2021-09-30,32,123,125
2021-09-30,33,160,172
2021-09-30,34,131,133
2021-09-30,35,227,229
2021-09-30,36,198,200
2021-09-30,37,157,158
2021-09-30,38,155,156
2021-09-30,39,329.5,332.5
2021-09-30,40,225.5,226.5
2021-09-30,41,812.5,817.5
2021-09-30,42,233,235
2021-09-30,43,232,235
2021-09-30,47,244.5,245.5
2021-09-30,48,216,222
2021-09-30,53,1190,1240
2021-09-30,54,1440,1500
2021-09-30,55,470,500
2021-09-30,56,320,330
2021-09-30,58,165,170
2021-09-30,63,112.5,117.5
2021-09-30,65,112.5,117.5
2021-09-30,71,90,95
2021-09-30,75,495.5,497.5
2021-09-30,76,595,600
2021-09-30,77,501.5,505.5
2021-09-30,78,440,450
2021-09-30,81,385,400
2021-09-30,86,1310,1315
2021-09-30,87,1212.5,1232.5
2021-09-30,88,1152.5,1157.5
2021-09-30,89,2065,2075
2021-09-30,90,1430,1440
2021-09-30,92,1415,1420
2021-09-30,94,1292.5,1297.5
2021-09-30,95,1232.5,1237.5
2021-09-30,101,10,10.5
2021-09-30,102,11,12
2021-09-30,103,4.35,4.95
2021-09-30,104,3.3,3.5
2021-09-30,105,3.75,3.95
2021-09-30,106,3.15,3.2
2021-09-30,107,1.65,1.7
2021-09-30,108,288,290
2021-09-30,109,298,300
2021-09-30,110,406,419
2021-09-30,111,317.5,322.5
2021-09-30,112,317.5,322.5
2021-09-30,114,307.5,308.5
2021-09-30,115,220,225
2021-09-30,117,637,640
2021-09-30,118,425,427
2021-09-30,120,421,425
2021-09-30,121,697,700
2021-09-30,122,430,435
2021-09-30,124,428.5,431.5
2021-09-30,126,212.5,222.5
2021-09-30,127,202.5,207.5
2021-09-30,128,182.5,187.5
2021-09-30,129,207.5,217.5
2021-09-30,130,162.5,167.5
2021-09-30,131,1710,1715
2021-09-30,132,1127.5,1132.5
2021-09-30,133,1107.5,1112.5
2021-09-30,134,1162.5,1167.5
2021-09-30,176,9.5,10.5
2021-09-30,177,23,24
2021-09-30,181,4.7,4.8
2021-09-30,182,4.9,5
2021-09-30,183,4.85,5.05
2021-09-30,184,5.75,5.85
2021-09-30,185,6.5,6.6
2021-09-30,186,8.7,8.8
2021-09-30,187,412.5,422.5
2021-09-30,188,432.5,442.5
2021-09-30,189,257.5,267.5
2021-09-30,207,0.55,0.65
2021-09-30,208,0.55,0.65
2021-09-30,209,0.43,0.53
2021-09-30,211,0.45,0.55
2021-09-30,212,0.3,0.4
2021-09-30,213,0.5,0.6
2021-09-30,217,0.3,0.35
2021-09-30,219,1.2,1.4
2021-09-30,220,0.9,1.1
2021-09-30,221,1.9,2.25
2021-09-30,225,1.5,1.8
2021-09-30,226,1.5,2
2021-09-30,228,0.47,0.57
2021-09-30,229,0.4,0.5
2021-09-30,231,0.6,0.8
2021-09-30,232,0.53,0.62
2021-09-30,233,0.3,0.34
2021-09-30,234,0.3,0.34
2021-09-30,236,0.6,0.8
2021-09-30,237,0.65,0.85
2021-09-30,238,0.55,0.65
2021-09-30,239,1.35,1.7
2021-09-30,240,1.35,1.7
2021-09-30,241,0.85,1
2021-09-30,242,0.8,0.9
2021-09-30,243,0.8,0.9
2021-09-30,244,0.3,0.4
2021-09-30,245,1,1.1
2021-09-30,246,0.7,0.8
2021-09-30,247,0.9,1
2021-09-30,248,1.5,1.6
2021-09-30,250,1.2,1.3
2021-09-30,251,0.7,0.8
2021-09-30,252,4.75,5.1
2021-09-30,253,0.5,0.6
2021-09-30,254,0.6,0.65
2021-09-30,255,1,1.1
2021-09-30,256,0.4,0.5
2021-09-30,257,0.4,0.5
2021-09-30,258,0.5,0.57
2021-09-30,260,3,3.5
2021-09-30,277,2.25,2.55
2021-09-30,279,0.3,0.35
2021-09-30,280,0.5,0.6
2021-09-30,281,0.5,0.6
2021-09-30,282,0.5,0.6
2021-09-30,283,0.35,0.38
2021-09-30,284,0.3,0.35
2021-09-30,285,0.5,0.6
2021-09-30,286,0.5,0.6
2021-09-30,297,1.5,1.8
2021-09-30,300,1.5,1.8
2021-09-30,306,1.2,1.3
2021-09-30,323,0.8,0.9
2021-09-30,328,0.32,0.36
2021-09-30,329,0.19,0.23
2021-09-30,331,0.32,0.36
2021-09-30,333,2.52,2.58
2021-09-30,335,2.42,2.46
2021-09-30,341,2.7,2.75
2021-09-30,342,3.04,3.09
2021-09-30,344,13.35,13.35
2021-09-30,345,11.5,11.5
2021-09-30,346,10.2,10.2
2021-09-30,347,8.25,8.25
2021-09-30,350,2.5,2.6
2021-09-30,351,2.3,2.4
2021-09-30,352,3.9,4
2021-09-30,353,4.95,5.05
2021-09-30,356,1.8,1.9
2021-09-30,357,1.7,1.8
2021-09-30,358,4.03,4.12
2021-09-30,361,4.65,4.75
2021-09-30,362,5.55,5.65
2021-09-30,363,6.05,6.15
2021-09-30,364,1.95,2.05
2021-09-30,365,1.55,1.65
2021-09-30,366,5.9,6
2021-09-30,367,2.35,2.45
2021-09-30,368,1.3,1.4
2021-09-30,369,5.9,6
2021-09-30,370,2.25,2.35
2021-09-30,371,1.3,1.4
2021-09-30,372,4.72,4.82
2021-09-30,623,0.4,0.45
2021-09-30,624,0.45,0.5
2021-09-30,625,0.43,0.48
2021-09-30,626,1,1.1
2021-09-30,627,1.1,1.2
2021-09-30,628,2,2.2
2021-09-30,629,2.1,2.3
2021-09-30,630,0.4,0.46
2021-09-30,632,0.45,0.55
2021-09-30,633,0.45,0.55
2021-09-30,634,0.77,0.82
2021-09-30,635,1.4,1.6
2021-09-30,637,0.47,0.53
2021-09-30,640,0.35,0.4
2021-09-30,641,0.35,0.4
2021-09-30,642,0.3,0.35
2021-09-30,643,0.35,0.4
2021-09-30,674,1.14,1.16
2021-09-30,675,1.4,1.42
2021-09-30,676,2.3,2.4
2021-09-30,677,1.7,1.8
2021-09-30,678,2.38,2.48
2021-09-30,716,15.95,15.95
2021-09-30,717,14.1,14.1
2021-09-30,718,13,13
2021-09-30,719,10.05,10.05
2021-09-30,722,0.4,0.46
2021-09-30,723,0.6,0.65
2021-09-30,724,0.4,0.46
2021-09-30,725,0.55,0.6
2021-09-30,726,0.6,0.65
2021-09-30,731,5.7,5.8
2021-09-30,732,7.05,7.15
2021-09-30,733,7.7,8.05
2021-09-30,734,8.6,8.75
2021-09-30,771,8,8.5
2021-09-30,772,8.3,8.8
2021-09-30,802,2245,2345
2021-09-30,803,2210,2260
2021-09-30,806,2.8,3
2021-09-30,807,2.8,3
2021-09-30,808,0.95,1
2021-09-30,809,1,1.05
2021-09-30,810,1.05,1.1
2021-09-30,811,1.4,1.6
2021-09-30,812,1.6,2
2021-09-30,815,6.5,8
2021-09-30,816,1,1.15
2021-09-30,817,0.8,0.9
2021-09-30,818,5.5,6
2021-09-30,823,2.9,3.1
2021-09-30,825,5.5,5.8
2021-09-30,834,5.5,6
2021-09-30,835,5,5.2
2021-09-30,836,4.82,4.93
2021-09-30,838,8.3,8.8
2021-09-30,839,8,8.5
2021-09-30,842,0.95,1
2021-09-30,843,1,1.05
2021-09-30,859,2.9,3.2
2021-09-30,860,1.1,1.15
2021-09-30,861,0.75,0.8
2021-10-15,2,295,296
2021-10-15,3,279,281
2021-10-15,4,277.5,279.5
2021-10-15,5,269.5,271.5
2021-10-15,6,259.5,260.5
2021-10-15,7,401.5,402.5
2021-10-15,8,401.5,403.5
2021-10-15,10,288,290.5
2021-10-15,12,305,310
2021-10-15,13,287,289
2021-10-15,14,277,278
2021-10-15,15,298,302
2021-10-15,16,292,295
2021-10-15,19,241.5,246.5
2021-10-15,20,251.5,254.5
2021-10-15,21,259.5,261.5
2021-10-15,23,545,550
2021-10-15,24,534,539
2021-10-15,25,414,416
2021-10-15,26,409,412
2021-10-15,27,542.5,543.5
2021-10-15,28,538.5,540.5
2021-10-15,29,524.5,525.5
2021-10-15,30,153.5,155.5
2021-10-15,31,157.5,159.5
2021-10-15,32,125.5,127.5
2021-10-15,33,162.5,174.5
2021-10-15,34,133.5,135.5
2021-10-15,35,228.5,230.5
2021-10-15,36,199.5,201.5
2021-10-15,37,158,159
2021-10-15,38,156,157
2021-10-15,39,347,350
2021-10-15,40,245,246
2021-10-15,41,805,810
2021-10-15,42,225,227
2021-10-15,43,224,227
2021-10-15,47,251.5,252.5
2021-10-15,48,221.5,227.5
2021-10-15,50,480,530
2021-10-15,51,610,670
2021-10-15,53,1205,1250
2021-10-15,54,1510,1570
2021-10-15,55,475,505
2021-10-15,56,325,335
2021-10-15,58,165,170
2021-10-15,63,117.5,122.5
2021-10-15,65,117.5,122.5
2021-10-15,71,97.5,102.5
2021-10-15,73,570,575
2021-10-15,75,494,497.5
2021-10-15,76,610,615
2021-10-15,77,501,505
2021-10-15,81,362.5,377.5
2021-10-15,86,1335,1340
2021-10-15,87,1270,1275
2021-10-15,88,1220,1225
2021-10-15,89,2040,2050
2021-10-15,90,1440,1450
2021-10-15,92,1450,1455
2021-10-15,94,1345,1350
2021-10-15,95,1300,1305
2021-10-15,101,10,10.5
2021-10-15,102,11,12
2021-10-15,103,4.35,4.95
2021-10-15,104,3.2,3.4
2021-10-15,105,3.7,3.9
2021-10-15,106,3.1,3.15
2021-10-15,107,1.6,1.65
2021-10-15,108,293,295
2021-10-15,109,303,305
2021-10-15,110,422.5,437.5
2021-10-15,111,320,325
2021-10-15,112,320,325
2021-10-15,114,315,316
2021-10-15,115,225,230
2021-10-15,117,642.5,645.5
2021-10-15,118,417.5,419.5
2021-10-15,120,411.5,415
2021-10-15,121,702.5,705.5
2021-10-15,122,425.5,427.5
2021-10-15,124,420,424
2021-10-15,126,220,230
2021-10-15,127,210,215
2021-10-15,128,190,195
2021-10-15,129,215,225
2021-10-15,130,170,175
2021-10-15,131,1740,1745
2021-10-15,132,1165,1170
2021-10-15,133,1145,1150
2021-10-15,134,1215,1220
2021-10-15,176,9.5,10.5
2021-10-15,177,23,24
2021-10-15,181,4.7,4.8
2021-10-15,182,4.9,5
2021-10-15,183,4.9,5.1
2021-10-15,184,5.75,5.85
2021-10-15,185,6.5,6.6
2021-10-15,186,8.7,8.8
2021-10-15,187,427.5,437.5
2021-10-15,188,452.5,462.5
2021-10-15,189,272.5,282.5
2021-10-15,203,1.8,2
2021-10-15,207,0.4,0.5
2021-10-15,208,0.4,0.5
2021-10-15,209,0.5,0.6
2021-10-15,211,0.4,0.5
2021-10-15,212,0.3,0.4
2021-10-15,213,0.35,0.45
2021-10-15,217,0.3,0.35
2021-10-15,220,0.7,0.8
2021-10-15,221,1.75,1.9
2021-10-15,223,0.9,1
2021-10-15,225,1.5,1.8
2021-10-15,226,1.5,2
2021-10-15,228,0.4,0.5
2021-10-15,229,0.4,0.5
2021-10-15,231,0.6,0.7
2021-10-15,232,0.4,0.5
2021-10-15,233,0.3,0.35
2021-10-15,234,0.3,0.34
2021-10-15,236,0.6,0.7
2021-10-15,237,0.6,0.7
2021-10-15,238,0.65,0.72
2021-10-15,239,1.2,1.5
2021-10-15,240,1.2,1.5
2021-10-15,241,0.95,1.05
2021-10-15,242,0.85,0.95
2021-10-15,243,0.75,0.85
2021-10-15,244,0.35,0.45
2021-10-15,245,1,1.1
2021-10-15,246,0.7,0.8
2021-10-15,247,0.5,0.6
2021-10-15,248,1.3,1.4
2021-10-15,249,1.9,2.05
2021-10-15,250,0.9,1
2021-10-15,251,0.7,0.8
2021-10-15,252,4,4.5
2021-10-15,253,0.5,0.6
2021-10-15,254,0.6,0.65
2021-10-15,255,1,1.1
2021-10-15,256,0.45,0.55
2021-10-15,257,0.4,0.5
2021-10-15,258,0.4,0.5
2021-10-15,260,3,3.5
2021-10-15,276,1.8,2
2021-10-15,277,2,2.3
2021-10-15,279,0.3,0.35
2021-10-15,280,0.5,0.6
2021-10-15,281,0.5,0.6
2021-10-15,282,0.5,0.6
2021-10-15,283,0.35,0.38
2021-10-15,284,0.3,0.35
2021-10-15,285,0.5,0.6
2021-10-15,286,0.5,0.6
2021-10-15,297,1.5,1.8
2021-10-15,300,1.5,1.8
2021-10-15,306,1.2,1.3
2021-10-15,328,0.32,0.36
2021-10-15,329,0.19,0.23
2021-10-15,331,0.34,0.38
2021-10-15,333,2.55,2.6
2021-10-15,335,2.47,2.52
2021-10-15,341,2.73,2.78
2021-10-15,342,3.06,3.11
2021-10-15,344,13.47,13.47
2021-10-15,345,11.67,11.67
2021-10-15,346,10.37,10.37
2021-10-15,347,8.37,8.37
2021-10-15,350,2.5,2.6
2021-10-15,351,2.3,2.4
2021-10-15,352,3.95,4.05
2021-10-15,353,4.98,5.08
2021-10-15,356,1.8,1.9
2021-10-15,357,1.75,1.85
2021-10-15,358,4.13,4.23
2021-10-15,361,4.7,4.8
2021-10-15,362,5.6,5.7
2021-10-15,363,6.05,6.15
2021-10-15,364,1.95,2.05
2021-10-15,365,1.55,1.65
2021-10-15,366,5.9,6
2021-10-15,367,2.37,2.47
2021-10-15,368,1.33,1.43
2021-10-15,369,5.9,6
2021-10-15,370,2.27,2.37
2021-10-15,371,1.33,1.43
2021-10-15,372,5.13,5.23
2021-10-15,623,0.4,0.45
2021-10-15,624,0.45,0.5
2021-10-15,625,0.43,0.48
2021-10-15,626,1,1.1
2021-10-15,627,1.1,1.2
2021-10-15,628,2,2.2
2021-10-15,629,2.1,2.3
2021-10-15,630,0.4,0.46
2021-10-15,631,0.6,0.7
2021-10-15,632,0.45,0.55
2021-10-15,633,0.45,0.55
2021-10-15,634,0.77,0.82
2021-10-15,635,1.4,1.6
2021-10-15,637,0.45,0.5
2021-10-15,640,0.35,0.4
2021-10-15,641,0.35,0.4
2021-10-15,642,0.3,0.35
2021-10-15,643,0.35,0.4
2021-10-15,674,1.14,1.16
2021-10-15,675,1.41,1.43
2021-10-15,676,2.3,2.4
2021-10-15,677,1.75,1.85
2021-10-15,678,2.39,2.49
2021-10-15,716,16.07,16.07
2021-10-15,717,14.27,14.27
2021-10-15,718,13.17,13.17
2021-10-15,719,10.17,10.17
2021-10-15,722,0.4,0.46
2021-10-15,723,0.6,0.65
2021-10-15,724,0.4,0.46
2021-10-15,725,0.55,0.6
2021-10-15,726,0.6,0.65
2021-10-15,731,5.7,5.8
2021-10-15,732,7.03,7.07
2021-10-15,733,7.57,7.93
2021-10-15,734,8.47,8.62
2021-10-15,802,2445,2545
2021-10-15,803,2425,2475
2021-10-15,806,2.9,3.1
2021-10-15,807,2.9,3.1
2021-10-15,815,6.5,8
2021-10-15,816,1,1.15
2021-10-15,825,5.5,5.8
2021-10-15,835,5,5.2
2021-10-15,836,4.93,5.03
2021-10-15,838,8.8,9.2
2021-10-15,839,8.8,9
2021-10-15,842,0.95,1
2021-10-15,843,1,1.05
2021-10-15,844,1.05,1.1
2021-10-15,845,1.6,1.75
2021-10-15,859,2.9,3.2
2021-10-15,860,1.1,1.15
2021-10-15,861,0.75,0.8
2021-10-15,865,5.5,6
2021-10-15,869,5.2,5.8
2021-10-30,2,311,312
2021-10-30,3,293,295
2021-10-30,4,293,295
2021-10-30,5,285,287
2021-10-30,6,275,276
2021-10-30,7,414,415
2021-10-30,8,414,416
2021-10-30,10,302,305
2021-10-30,12,310,315
2021-10-30,13,293,295
2021-10-30,14,282.5,283.5
2021-10-30,15,295,298
2021-10-30,16,294,296
2021-10-30,19,249,254
2021-10-30,20,259,262
2021-10-30,21,266,269
2021-10-30,23,552.5,557.5
2021-10-30,24,541.5,546.5
2021-10-30,25,421.5,423.5
2021-10-30,26,416.5,419.5
2021-10-30,27,550,551
2021-10-30,28,546,548
2021-10-30,29,532,533
2021-10-30,30,168.5,170.5
2021-10-30,31,172.5,174.5
2021-10-30,32,140.5,142.5
2021-10-30,33,177.5,189.5
2021-10-30,34,148.5,150.5
2021-10-30,35,241.5,243.5
2021-10-30,36,212.5,214.5
2021-10-30,37,169,170
2021-10-30,38,167,168
2021-10-30,39,354,357
2021-10-30,40,252,253
2021-10-30,41,820,825
2021-10-30,42,228,230
2021-10-30,43,227,230
2021-10-30,47,263,264
2021-10-30,48,224,230
2021-10-30,50,510,550
2021-10-30,51,625,685
2021-10-30,53,1260,1300
2021-10-30,54,1610,1670
2021-10-30,55,495,525
2021-10-30,56,332.5,342.5
2021-10-30,58,167.5,172.5
2021-10-30,63,127.5,132.5
2021-10-30,65,127.5,132.5
2021-10-30,71,115,120
2021-10-30,73,605,610
2021-10-30,75,487.5,492.5
2021-10-30,76,645,650
2021-10-30,77,502.5,506.5
2021-10-30,81,370,385
2021-10-30,86,1375,1380
2021-10-30,87,1322.5,1327.5
2021-10-30,88,1272.5,1277.5
2021-10-30,89,2030,2040
2021-10-30,90,1475,1485
2021-10-30,92,1495,1500
2021-10-30,94,1400,1405
2021-10-30,95,1355,1360
2021-10-30,101,10,10.5
2021-10-30,102,11,12
2021-10-30,103,4.35,4.95
2021-10-30,104,3.2,3.4
2021-10-30,105,3.7,3.9
2021-10-30,106,3.1,3.15
2021-10-30,107,1.6,1.65
2021-10-30,108,303,305
2021-10-30,109,313,315
2021-10-30,110,472.5,487.5
2021-10-30,112,325,330
2021-10-30,114,312,315
2021-10-30,115,235,240
2021-10-30,117,658.5,661.5
2021-10-30,118,420,423.5
2021-10-30,120,413,415
2021-10-30,121,720,723
2021-10-30,122,428,432.5
2021-10-30,124,420,426
2021-10-30,126,230,240
2021-10-30,127,220,225
2021-10-30,128,200,205
2021-10-30,129,225,235
2021-10-30,130,180,185
2021-10-30,131,1760,1765
2021-10-30,132,1217.5,1222.5
2021-10-30,133,1197.5,1202.5
2021-10-30,134,1287.5,1292.5
2021-10-30,176,9.5,10.5
2021-10-30,177,23.75,24.75
2021-10-30,181,4.7,4.8
2021-10-30,182,4.9,5
2021-10-30,183,4.95,5.15
2021-10-30,184,5.75,5.85
2021-10-30,185,6.5,6.6
2021-10-30,186,8.7,8.8
2021-10-30,187,445,455
2021-10-30,188,467.5,477.5
2021-10-30,189,282.5,292.5
2021-10-30,203,1.8,2
2021-10-30,207,0.45,0.55
2021-10-30,208,0.45,0.55
2021-10-30,209,0.6,0.7
2021-10-30,211,0.4,0.5
2021-10-30,212,0.3,0.4
2021-10-30,213,0.45,0.55
2021-10-30,217,0.3,0.35
2021-10-30,220,0.6,0.7
2021-10-30,221,1.7,1.8
2021-10-30,223,0.85,1
2021-10-30,225,1.5,1.8
2021-10-30,226,1.5,2
2021-10-30,228,0.4,0.5
2021-10-30,229,0.4,0.5
2021-10-30,231,0.75,0.85
2021-10-30,232,0.6,0.7
2021-10-30,233,0.3,0.35
2021-10-30,234,0.3,0.34
2021-10-30,236,0.6,0.7
2021-10-30,237,0.65,0.75
2021-10-30,238,0.55,0.65
2021-10-30,241,1.2,1.35
2021-10-30,242,0.97,1.05
2021-10-30,243,0.95,1.05
2021-10-30,244,0.45,0.55
2021-10-30,245,1.1,1.2
2021-10-30,246,0.7,0.8
2021-10-30,247,0.45,0.55
2021-10-30,248,1,1.1
2021-10-30,249,1.55,1.7
2021-10-30,250,0.6,0.7
2021-10-30,251,0.7,0.8
2021-10-30,252,4,4.5
2021-10-30,253,0.5,0.6
2021-10-30,254,0.55,0.62
2021-10-30,255,1,1.1
2021-10-30,256,0.45,0.55
2021-10-30,257,0.4,0.5
2021-10-30,258,0.65,0.75
2021-10-30,260,3,3.5
2021-10-30,270,4.5,5
2021-10-30,276,1.8,2
2021-10-30,277,2.35,2.6
2021-10-30,279,0.3,0.35
2021-10-30,280,0.5,0.6
2021-10-30,281,0.5,0.6
2021-10-30,282,0.5,0.6
2021-10-30,283,0.35,0.38
2021-10-30,284,0.3,0.35
2021-10-30,297,1.5,1.8
2021-10-30,300,1.5,1.8
2021-10-30,301,0.7,0.8
2021-10-30,306,1.2,1.3
2021-10-30,328,0.33,0.37
2021-10-30,329,0.19,0.23
2021-10-30,331,0.37,0.41
2021-10-30,332,4.5,4.7
2021-10-30,333,2.6,2.65
2021-10-30,335,2.54,2.58
2021-10-30,336,3.1,3.2
2021-10-30,337,2.8,2.9
2021-10-30,340,4,4.1
2021-10-30,341,2.8,2.85
2021-10-30,342,3.1,3.15
2021-10-30,344,13.65,13.65
2021-10-30,345,11.85,11.85
2021-10-30,346,10.55,10.55
2021-10-30,347,8.55,8.55
2021-10-30,350,2.58,2.67
2021-10-30,351,2.31,2.42
2021-10-30,352,4.1,4.2
2021-10-30,353,5.05,5.15
2021-10-30,356,1.9,2
2021-10-30,357,1.9,2
2021-10-30,358,4.28,4.38
2021-10-30,361,4.8,4.9
2021-10-30,362,5.7,5.8
2021-10-30,363,6.05,6.15
2021-10-30,364,2.02,2.12
2021-10-30,365,1.55,1.65
2021-10-30,366,5.93,6.03
2021-10-30,367,2.48,2.58
2021-10-30,368,1.4,1.5
2021-10-30,369,5.93,6.03
2021-10-30,370,2.38,2.48
2021-10-30,371,1.4,1.5
2021-10-30,372,5.75,5.85
2021-10-30,623,0.4,0.45
2021-10-30,624,0.45,0.5
2021-10-30,625,0.43,0.48
2021-10-30,626,1,1.1
2021-10-30,627,1.1,1.2
2021-10-30,628,2,2.2
2021-10-30,629,2.1,2.3
2021-10-30,630,0.4,0.46
2021-10-30,631,0.6,0.7
2021-10-30,632,0.45,0.55
2021-10-30,633,0.45,0.55
2021-10-30,634,0.77,0.82
2021-10-30,635,1.4,1.6
2021-10-30,637,0.45,0.5
2021-10-30,640,0.35,0.4
2021-10-30,641,0.35,0.4
2021-10-30,642,0.3,0.35
2021-10-30,643,0.35,0.4
2021-10-30,674,1.15,1.17
2021-10-30,675,1.44,1.46
2021-10-30,676,2.31,2.42
2021-10-30,677,1.9,2
2021-10-30,678,2.46,2.56
2021-10-30,716,16.25,16.25
2021-10-30,717,14.45,14.45
2021-10-30,718,13.35,13.35
2021-10-30,719,10.35,10.35
2021-10-30,722,0.4,0.46
2021-10-30,723,0.6,0.65
2021-10-30,724,0.4,0.46
2021-10-30,725,0.55,0.6
2021-10-30,726,0.6,0.65
2021-10-30,731,5.65,5.75
2021-10-30,732,6.95,7
2021-10-30,733,7.5,7.8
2021-10-30,734,8.3,8.45
2021-10-30,802,2645,2745
2021-10-30,803,2675,2725
2021-10-30,806,3,3.2
2021-10-30,807,3,3.2
2021-10-30,813,3,3.2
2021-10-30,814,3,3.2
2021-10-30,835,5,5.2
2021-10-30,836,5.07,5.18
2021-10-30,838,8.8,9.2
2021-10-30,839,8.8,9
2021-10-30,842,0.95,1
2021-10-30,843,1,1.05
2021-10-30,844,1.05,1.1
2021-10-30,845,1.6,1.75
2021-10-30,849,6.5,7.5
2021-10-30,850,1,1.15
2021-10-30,856,1.35,1.45
2021-10-30,859,2.9,3.2
2021-10-30,860,1.1,1.15
2021-10-30,861,0.75,0.8
2021-10-30,865,5.5,5.9
2021-10-30,869,5.2,5.8
2021-11-15,2,343.5,344.5
2021-11-15,3,323,325
2021-11-15,4,315.5,317.5
2021-11-15,5,307.5,309.5
2021-11-15,6,297.5,298.5
2021-11-15,7,444,445
2021-11-15,8,444,446
2021-11-15,10,325.5,327.5
2021-11-15,12,305,310
2021-11-15,13,287,289
2021-11-15,14,275,276
2021-11-15,15,285,288
2021-11-15,16,286,288
2021-11-15,19,264,269
2021-11-15,20,274,277
2021-11-15,21,280,284
2021-11-15,23,575,580
2021-11-15,24,564,569
2021-11-15,25,444,446
2021-11-15,26,439,442
2021-11-15,27,562.5,563.5
2021-11-15,28,558.5,560.5
2021-11-15,29,544.5,545.5
2021-11-15,30,189.5,191.5
2021-11-15,31,193.5,195.5
2021-11-15,32,161.5,163.5
2021-11-15,33,202.5,214.5
2021-11-15,34,173.5,175.5
2021-11-15,35,261.5,263.5
2021-11-15,36,232.5,234.5
2021-11-15,37,188.5,189.5
2021-11-15,38,186.5,187.5
2021-11-15,39,354,357
2021-11-15,40,250,251
2021-11-15,41,930,935
2021-11-15,42,231.5,233.5
2021-11-15,43,231,234
2021-11-15,47,271,272
2021-11-15,48,227,233
2021-11-15,50,550,590
2021-11-15,51,710,770
2021-11-15,53,1340,1380
2021-11-15,54,1780,1840
2021-11-15,55,507.5,537.5
2021-11-15,56,342.5,352.5
2021-11-15,58,175,180
2021-11-15,63,145,150
2021-11-15,65,130,135
2021-11-15,67,200,210
2021-11-15,71,112.5,117.5
2021-11-15,73,610,614
2021-11-15,75,485,490
2021-11-15,76,650,655
2021-11-15,77,500,504
2021-11-15,81,380,390
2021-11-15,86,1380,1385
2021-11-15,87,1287.5,1292.5
2021-11-15,88,1222.5,1227.5
2021-11-15,89,2005,2015
2021-11-15,90,1505,1515
2021-11-15,92,1500,1505
2021-11-15,94,1390,1395
2021-11-15,95,1315,1320
2021-11-15,100,0.6,0.9
2021-11-15,101,10.25,10.75
2021-11-15,102,11.25,12.25
2021-11-15,103,4.35,4.95
2021-11-15,104,3.23,3.4
2021-11-15,105,3.7,3.9
2021-11-15,106,3.1,3.15
2021-11-15,107,1.6,1.65
2021-11-15,108,305.5,307.5
2021-11-15,109,315.5,317.5
2021-11-15,110,490,505
2021-11-15,112,335,340
2021-11-15,114,310,313
2021-11-15,115,243,245
2021-11-15,117,670,672
2021-11-15,118,411.5,416.5
2021-11-15,120,406.5,408.5
2021-11-15,121,730,733
2021-11-15,122,421.5,426.5
2021-11-15,124,414.5,417.5
2021-11-15,126,232.5,242.5
2021-11-15,127,222.5,227.5
2021-11-15,128,202.5,207.5
2021-11-15,129,227.5,237.5
2021-11-15,130,182.5,187.5
2021-11-15,131,1780,1785
2021-11-15,132,1255,1260
2021-11-15,133,1235,1240
2021-11-15,134,1332.5,1337.5
2021-11-15,176,9.5,10.5
2021-11-15,177,24.5,25.5
2021-11-15,181,4.7,4.8
2021-11-15,182,4.9,5
2021-11-15,183,5.05,5.25
2021-11-15,184,5.8,5.9
2021-11-15,185,6.5,6.6
2021-11-15,186,8.7,8.8
2021-11-15,187,460,470
2021-11-15,188,485,495
2021-11-15,189,292.5,302.5
2021-11-15,203,1.8,2
2021-11-15,207,0.38,0.45
2021-11-15,208,0.4,0.5
2021-11-15,209,0.45,0.55
2021-11-15,211,0.4,0.5
2021-11-15,212,0.32,0.4
2021-11-15,213,0.55,0.62
2021-11-15,217,0.3,0.35
2021-11-15,220,1.15,1.35
2021-11-15,221,2.15,2.5
2021-11-15,223,1.65,1.8
2021-11-15,225,1.5,1.8
2021-11-15,226,1.5,2
2021-11-15,228,0.5,0.6
2021-11-15,229,0.43,0.53
2021-11-15,231,0.78,0.88
2021-11-15,232,0.57,0.68
2021-11-15,233,0.3,0.35
2021-11-15,234,0.3,0.34
2021-11-15,236,0.65,0.75
2021-11-15,237,0.7,0.8
2021-11-15,238,0.53,0.62
2021-11-15,241,0.9,1
2021-11-15,242,1,1.05
2021-11-15,243,0.9,1
2021-11-15,244,0.5,0.6
2021-11-15,245,0.85,1
2021-11-15,246,0.7,0.8
2021-11-15,247,0.45,0.53
2021-11-15,248,0.8,0.9
2021-11-15,249,1.35,1.5
2021-11-15,250,0.57,0.68
2021-11-15,251,0.7,0.8
2021-11-15,252,3.4,3.85
2021-11-15,253,0.55,0.65
2021-11-15,254,0.5,0.6
2021-11-15,255,1,1.1
2021-11-15,256,0.47,0.55
2021-11-15,257,0.4,0.5
2021-11-15,258,1.1,1.2
2021-11-15,260,3,3.5
2021-11-15,270,4,5
2021-11-15,271,4,5
2021-11-15,276,1.8,2.1
2021-11-15,277,5,6
2021-11-15,279,0.65,0.77
2021-11-15,280,0.55,0.65
2021-11-15,281,0.5,0.6
2021-11-15,282,0.55,0.65
2021-11-15,283,0.35,0.39
2021-11-15,284,0.3,0.35
2021-11-15,297,1.5,1.8
2021-11-15,300,1.5,1.8
2021-11-15,301,1,1.15
2021-11-15,303,1.5,1.8
2021-11-15,305,1.4,1.6
2021-11-15,306,1.25,1.4
2021-11-15,328,0.34,0.38
2021-11-15,329,0.19,0.23
2021-11-15,331,0.38,0.42
2021-11-15,332,4.5,4.7
2021-11-15,333,2.62,2.67
2021-11-15,335,2.62,2.67
2021-11-15,336,3.1,3.2
2021-11-15,337,2.8,2.9
2021-11-15,340,4.05,4.15
2021-11-15,341,2.88,2.92
2021-11-15,342,3.15,3.2
2021-11-15,344,13.75,13.75
2021-11-15,345,11.95,11.95
2021-11-15,346,10.65,10.65
2021-11-15,347,8.65,8.65
2021-11-15,350,2.75,2.85
2021-11-15,351,2.45,2.55
2021-11-15,352,4.22,4.32
2021-11-15,353,5.15,5.25
2021-11-15,356,2.02,2.12
2021-11-15,357,2.02,2.12
2021-11-15,358,4.43,4.53
2021-11-15,361,4.85,4.95
2021-11-15,362,5.75,5.85
2021-11-15,363,6.12,6.22
2021-11-15,364,2.2,2.3
2021-11-15,365,1.58,1.67
2021-11-15,366,6.1,6.2
2021-11-15,367,2.65,2.75
2021-11-15,368,1.48,1.58
2021-11-15,369,6.1,6.2
2021-11-15,370,2.55,2.65
2021-11-15,371,1.48,1.58
2021-11-15,372,5.97,6.07
2021-11-15,672,325,330
2021-11-15,674,1.2,1.22
2021-11-15,675,1.52,1.54
2021-11-15,676,2.45,2.55
2021-11-15,677,2.02,2.12
2021-11-15,678,2.56,2.67
2021-11-15,716,16.35,16.35
2021-11-15,717,14.55,14.55
2021-11-15,718,13.45,13.45
2021-11-15,719,10.45,10.45
2021-11-15,731,5.68,5.78
2021-11-15,732,6.95,7.03
2021-11-15,733,7.5,7.8
2021-11-15,734,8.3,8.45
2021-11-15,802,2820,2920
2021-11-15,803,2850,2900
2021-11-15,806,3,3.2
2021-11-15,807,3,3.2
2021-11-15,813,3,3.2
2021-11-15,814,3,3.2
2021-11-15,835,5,5.2
2021-11-15,836,5.22,5.32
2021-11-15,838,8.8,9.2
2021-11-15,839,8.8,9
2021-11-15,842,0.95,1
2021-11-15,843,1,1.05
2021-11-15,844,1.05,1.1
2021-11-15,845,1.7,1.8
2021-11-15,846,2,2.1
2021-11-15,849,6.5,7.5
2021-11-15,850,1,1.15
2021-11-15,851,0.85,0.9
2021-11-15,852,0.75,0.8
2021-11-15,853,1.1,1.2
2021-11-15,854,0.9,0.95
2021-11-15,855,0.75,0.8
2021-11-15,856,1.4,1.45
2021-11-15,859,3,3.3
2021-11-15,860,1.1,1.15
2021-11-15,861,0.75,0.8
2021-11-15,862,5.8,6
2021-11-15,863,0.8,0.85
2021-11-15,865,5.5,5.8
2021-11-15,866,0.8,0.9
2021-11-15,867,5.8,6
2021-11-15,869,5.2,5.8
2021-11-30,2,364,365
2021-11-30,3,338,340
2021-11-30,4,328,330
2021-11-30,5,320,322
2021-11-30,6,310,311
2021-11-30,7,454,455
2021-11-30,8,454,456
2021-11-30,10,334.5,336.5
2021-11-30,12,305,310
2021-11-30,13,290,292
2021-11-30,14,279,280
2021-11-30,15,292.5,295.5
2021-11-30,16,290.5,292.5
2021-11-30,19,277.5,282.5
2021-11-30,20,287.5,290.5
2021-11-30,21,296,300
2021-11-30,23,590,595
2021-11-30,24,579,584
2021-11-30,25,459,461
2021-11-30,26,454,457
2021-11-30,27,572.5,573.5
2021-11-30,28,568.5,570.5
2021-11-30,29,554.5,555.5
2021-11-30,30,201,203
2021-11-30,31,205,207
2021-11-30,32,173,175
2021-11-30,33,215,227
2021-11-30,34,186,188
2021-11-30,35,269,271
2021-11-30,36,240,242
2021-11-30,37,191,192
2021-11-30,38,189,190
2021-11-30,39,357.5,360.5
2021-11-30,40,254,255
2021-11-30,41,962.5,967.5
2021-11-30,42,236.5,238.5
2021-11-30,43,235.5,238.5
2021-11-30,47,275,276
2021-11-30,48,229,235
2021-11-30,50,580,620
2021-11-30,51,790,850
2021-11-30,53,1400,1440
2021-11-30,54,1940,2000
2021-11-30,55,520,550
2021-11-30,56,352.5,362.5
2021-11-30,58,176,181
2021-11-30,63,160,165
2021-11-30,67,200,210
2021-11-30,71,110,115
2021-11-30,73,609.5,612
2021-11-30,75,490,500
2021-11-30,76,650,655
2021-11-30,77,517.5,521.5
2021-11-30,81,377.5,395
2021-11-30,86,1405,1410
2021-11-30,87,1315,1322.5
2021-11-30,88,1290,1297.5
2021-11-30,89,2025,2035
2021-11-30,90,1520,1530
2021-11-30,92,1555,1560
2021-11-30,95,1417.5,1425
2021-11-30,100,0.65,0.95
2021-11-30,101,10.5,11
2021-11-30,102,11.5,12.5
2021-11-30,103,4.35,4.95
2021-11-30,104,3.25,3.4
2021-11-30,105,3.7,3.9
2021-11-30,106,3.1,3.15
2021-11-30,107,1.6,1.65
2021-11-30,108,308,310
2021-11-30,109,318,320
2021-11-30,110,500,510
2021-11-30,112,345,350
2021-11-30,114,322,325
2021-11-30,115,248,250
2021-11-30,117,660,662
2021-11-30,118,429,432.5
2021-11-30,120,420.5,422.5
2021-11-30,121,720,723
2021-11-30,122,439,442.5
2021-11-30,124,425,428.5
2021-11-30,126,235,245
2021-11-30,127,225,230
2021-11-30,128,205,210
2021-11-30,129,230,240
2021-11-30,130,185,190
2021-11-30,131,1810,1815
2021-11-30,132,1257.5,1262.5
2021-11-30,133,1237.5,1242.5
2021-11-30,134,1337.5,1342.5
2021-11-30,176,9.5,10.5
2021-11-30,177,24.5,25.5
2021-11-30,181,4.75,4.85
2021-11-30,182,4.95,5.05
2021-11-30,183,5.18,5.38
2021-11-30,184,5.88,5.97
2021-11-30,185,6.5,6.6
2021-11-30,186,8.7,8.8
2021-11-30,187,475,485
2021-11-30,188,500,510
2021-11-30,189,295,305
2021-11-30,203,1.8,2
2021-11-30,207,0.3,0.35
2021-11-30,208,0.35,0.45
2021-11-30,209,0.45,0.55
2021-11-30,211,0.4,0.5
2021-11-30,212,0.35,0.4
2021-11-30,217,0.3,0.35
2021-11-30,225,1.5,1.8
2021-11-30,226,1.5,2
2021-11-30,228,0.5,0.6
2021-11-30,229,0.4,0.5
2021-11-30,233,0.3,0.35
2021-11-30,234,0.3,0.34
2021-11-30,236,0.7,0.8
2021-11-30,237,0.7,0.8
2021-11-30,238,0.45,0.55
2021-11-30,241,0.7,0.8
2021-11-30,245,0.8,0.9
2021-11-30,246,0.7,0.8
2021-11-30,247,0.5,0.55
2021-11-30,248,0.7,0.8
2021-11-30,249,1.3,1.4
2021-11-30,250,0.55,0.65
2021-11-30,251,0.7,0.8
2021-11-30,253,0.6,0.7
2021-11-30,254,0.5,0.6
2021-11-30,255,1,1.1
2021-11-30,256,0.5,0.55
2021-11-30,257,0.4,0.5
2021-11-30,261,0.9,1
2021-11-30,262,1,1.1
2021-11-30,263,1.1,1.3
2021-11-30,264,1.5,1.7
2021-11-30,265,1.7,1.8
2021-11-30,276,1.8,2.2
2021-11-30,277,6,7
2021-11-30,279,1,1.2
2021-11-30,280,0.6,0.7
2021-11-30,281,0.5,0.6
2021-11-30,282,0.6,0.7
2021-11-30,283,0.35,0.4
2021-11-30,297,1.5,1.8
2021-11-30,300,1.5,1.8
2021-11-30,301,1.3,1.5
2021-11-30,303,1.5,1.8
2021-11-30,305,1.4,1.6
2021-11-30,306,1.3,1.5
2021-11-30,328,0.34,0.38
2021-11-30,329,0.19,0.23
2021-11-30,331,0.38,0.42
2021-11-30,332,4.55,4.75
2021-11-30,333,2.8,2.85
2021-11-30,335,2.65,2.7
2021-11-30,336,3.1,3.2
2021-11-30,337,2.8,2.9
2021-11-30,340,4.05,4.15
2021-11-30,341,2.9,2.95
2021-11-30,342,3.15,3.2
2021-11-30,344,13.95,13.95
2021-11-30,345,12.15,12.15
2021-11-30,346,10.85,10.85
2021-11-30,347,8.85,8.85
2021-11-30,350,2.8,2.9
2021-11-30,351,2.5,2.6
2021-11-30,352,4.25,4.35
2021-11-30,353,5.15,5.25
2021-11-30,356,2.05,2.15
2021-11-30,357,2.05,2.15
2021-11-30,358,4.45,4.55
2021-11-30,361,5.2,5.3
2021-11-30,362,6.1,6.2
2021-11-30,363,6.15,6.25
2021-11-30,364,2.25,2.35
2021-11-30,365,1.6,1.7
2021-11-30,366,6.5,6.6
2021-11-30,367,2.77,2.88
2021-11-30,368,1.5,1.6
2021-11-30,369,6.5,6.6
2021-11-30,370,2.67,2.77
2021-11-30,371,1.5,1.6
2021-11-30,372,6,6.1
2021-11-30,672,335,340
2021-11-30,674,1.21,1.23
2021-11-30,675,1.62,1.64
2021-11-30,676,2.5,2.6
2021-11-30,677,2.05,2.15
2021-11-30,678,2.73,2.83
2021-11-30,716,16.55,16.55
2021-11-30,717,14.75,14.75
2021-11-30,718,13.65,13.65
2021-11-30,719,10.65,10.65
2021-11-30,731,5.78,5.88
2021-11-30,732,7.03,7.12
2021-11-30,733,7.5,7.8
2021-11-30,734,8.3,8.45
2021-11-30,764,0.7,0.8
2021-11-30,802,2820,2920
2021-11-30,803,2800,2850
2021-11-30,806,3,3.2
2021-11-30,807,3,3.2
2021-11-30,813,3,3.2
2021-11-30,814,3,3.2
2021-11-30,835,5.05,5.25
2021-11-30,836,5.25,5.35
2021-11-30,838,8.8,9.2
2021-11-30,839,8.8,9
2021-11-30,842,0.95,1
2021-11-30,843,1,1.05
2021-11-30,844,1.05,1.1
2021-11-30,845,1.8,1.9
2021-11-30,846,2,2.1
2021-11-30,849,6.5,7.5
2021-11-30,850,1,1.15
2021-11-30,851,0.85,0.9
2021-11-30,852,0.75,0.8
2021-11-30,853,1.1,1.2
2021-11-30,854,0.9,0.95
2021-11-30,855,0.75,0.8
2021-11-30,856,1.4,1.45
2021-11-30,859,3,3.3
2021-11-30,860,1.1,1.15
2021-11-30,861,0.75,0.8
2021-11-30,862,5.8,6
2021-11-30,863,0.8,0.85
2021-11-30,865,5.5,5.8
2021-11-30,866,0.8,0.9
2021-11-30,867,5.8,6
2021-11-30,869,5.2,5.8
2021-12-15,2,362.5,363.5
2021-12-15,3,335.5,337.5
2021-12-15,4,324.5,326.5
2021-12-15,5,316.5,318.5
2021-12-15,6,306.5,307.5
2021-12-15,7,444.5,445.5
2021-12-15,8,444.5,446.5
2021-12-15,10,328,330
2021-12-15,12,302.5,307.5
2021-12-15,13,282,284
2021-12-15,14,276.5,277.5
2021-12-15,15,286,288
2021-12-15,16,283,285
2021-12-15,19,280,285
2021-12-15,20,290,293
2021-12-15,21,304,308
2021-12-15,23,605,610
2021-12-15,24,594,599
2021-12-15,25,474,476
2021-12-15,26,469,472
2021-12-15,27,577.5,578.5
2021-12-15,28,573.5,575.5
2021-12-15,29,559.5,560.5
2021-12-15,30,199,201
2021-12-15,31,203,205
2021-12-15,32,171,173
2021-12-15,33,215,227
2021-12-15,34,186,188
2021-12-15,35,276,278
2021-12-15,36,247,249
2021-12-15,37,191,192
2021-12-15,38,189,190
2021-12-15,39,355.5,358.5
2021-12-15,40,251,252
2021-12-15,41,967.5,972.5
2021-12-15,42,235,237
2021-12-15,43,235,237.5
2021-12-15,47,276,277
2021-12-15,48,230,236
2021-12-15,50,580,620
2021-12-15,51,790,850
2021-12-15,53,1400,1440
2021-12-15,54,1940,2000
2021-12-15,55,535,565
2021-12-15,56,355,365
2021-12-15,58,177,182
2021-12-15,63,162.5,167.5
2021-12-15,67,212.5,217.5
2021-12-15,71,110,115
2021-12-15,73,606.5,608.5
2021-12-15,75,505,515
2021-12-15,76,650,655
2021-12-15,77,522.5,526.5
2021-12-15,81,390,400
2021-12-15,86,1435,1440
2021-12-15,87,1305,1315
2021-12-15,88,1255,1265
2021-12-15,89,2060,2070
2021-12-15,90,1540,1550
2021-12-15,92,1545,1550
2021-12-15,94,1417.5,1422.5
2021-12-15,95,1375,1385
2021-12-15,100,0.65,1
2021-12-15,101,10.5,11
2021-12-15,102,11.5,12.5
2021-12-15,103,4.28,4.88
2021-12-15,104,3.23,3.38
2021-12-15,105,3.6,3.8
2021-12-15,106,3.05,3.1
2021-12-15,107,1.6,1.65
2021-12-15,108,308,310
2021-12-15,109,318,320
2021-12-15,110,500,510
2021-12-15,112,345,350
2021-12-15,114,322,325
2021-12-15,115,248,250
2021-12-15,117,642.5,644.5
2021-12-15,118,433,440
2021-12-15,120,426.5,428.5
2021-12-15,121,702.5,705.5
2021-12-15,122,443,450
2021-12-15,124,436.5,438.5
2021-12-15,126,240,250
2021-12-15,127,230,235
2021-12-15,128,210,215
2021-12-15,129,230,240
2021-12-15,130,185,190
2021-12-15,131,1840,1845
2021-12-15,132,1277.5,1282.5
2021-12-15,133,1257.5,1262.5
2021-12-15,134,1357.5,1362.5
2021-12-15,176,10,11
2021-12-15,177,25.5,26.5
2021-12-15,181,4.78,4.88
2021-12-15,182,4.97,5.07
2021-12-15,183,5.2,5.4
2021-12-15,184,5.9,6
2021-12-15,185,6.5,6.6
2021-12-15,186,8.7,8.8
2021-12-15,187,480,490
2021-12-15,188,505,515
2021-12-15,189,282.5,292.5
2021-12-15,203,1.8,2
2021-12-15,207,0.43,0.5
2021-12-15,208,0.43,0.5
2021-12-15,209,0.55,0.75
2021-12-15,210,1.8,2
2021-12-15,211,0.47,0.55
2021-12-15,212,0.4,0.45
2021-12-15,217,0.3,0.35
2021-12-15,225,1.5,1.8
2021-12-15,226,1.5,2
2021-12-15,228,0.75,0.85
2021-12-15,229,0.65,0.75
2021-12-15,233,0.33,0.35
2021-12-15,234,0.32,0.35
2021-12-15,238,0.5,0.7
2021-12-15,246,0.8,0.9
2021-12-15,247,0.62,0.73
2021-12-15,248,0.72,0.82
2021-12-15,249,1.35,1.45
2021-12-15,250,0.57,0.65
2021-12-15,251,0.7,0.8
2021-12-15,253,0.6,0.7
2021-12-15,254,0.5,0.6
2021-12-15,255,1,1.1
2021-12-15,256,0.6,0.65
2021-12-15,257,0.53,0.6
2021-12-15,261,0.9,1
2021-12-15,262,1,1.1
2021-12-15,263,1.1,1.3
2021-12-15,264,1.5,1.7
2021-12-15,265,1.7,1.8
2021-12-15,276,1.8,2.2
2021-12-15,277,5.25,5.75
2021-12-15,279,1,1.2
2021-12-15,280,0.6,0.7
2021-12-15,281,0.5,0.6
2021-12-15,282,0.6,0.7
2021-12-15,283,0.35,0.4
2021-12-15,297,1.5,1.8
2021-12-15,300,1.5,1.8
2021-12-15,301,1.3,1.5
2021-12-15,303,1.5,1.8
2021-12-15,305,1.4,1.6
2021-12-15,306,1.3,1.5
2021-12-15,328,0.41,0.44
2021-12-15,329,0.32,0.36
2021-12-15,331,0.57,0.61
2021-12-15,332,4.9,5.1
2021-12-15,333,3.15,3.2
2021-12-15,335,2.83,2.88
2021-12-15,336,3.17,3.27
2021-12-15,337,2.88,2.98
2021-12-15,340,4.07,4.18
2021-12-15,341,3.02,3.08
2021-12-15,342,3.23,3.27
2021-12-15,344,14.45,14.45
2021-12-15,345,12.65,12.65
2021-12-15,346,11.35,11.35
2021-12-15,347,9.35,9.35
2021-12-15,350,2.92,3.02
2021-12-15,351,2.62,2.73
2021-12-15,352,4.47,4.57
2021-12-15,353,5.28,5.38
2021-12-15,356,2.27,2.38
2021-12-15,357,2.27,2.38
2021-12-15,358,4.68,4.78
2021-12-15,361,5.78,5.88
2021-12-15,362,6.67,6.78
2021-12-15,363,6.22,6.32
2021-12-15,364,2.45,2.55
2021-12-15,365,1.65,1.75
2021-12-15,366,7,7.1
2021-12-15,367,2.9,3
2021-12-15,368,1.52,1.62
2021-12-15,369,7,7.1
2021-12-15,370,2.8,2.9
2021-12-15,371,1.52,1.62
2021-12-15,372,6,6.1
2021-12-15,672,335,340
2021-12-15,674,1.27,1.29
2021-12-15,675,1.75,1.77
2021-12-15,676,2.62,2.73
2021-12-15,677,2.27,2.38
2021-12-15,678,2.92,3.02
2021-12-15,716,17,17
2021-12-15,717,15.2,15.2
2021-12-15,718,14.1,14.1
2021-12-15,719,11.1,11.1
2021-12-15,731,5.88,5.97
2021-12-15,732,7.07,7.18
2021-12-15,733,7.5,7.8
2021-12-15,734,8.3,8.45
2021-12-15,764,0.7,0.8
2021-12-15,802,2835,2920
2021-12-15,803,2815,2860
2021-12-15,806,3,3.2
2021-12-15,807,3,3.2
2021-12-15,813,3,3.2
2021-12-15,814,3,3.2
2021-12-15,835,5.22,5.43
2021-12-15,836,5.47,5.57
2021-12-15,838,8.8,9.2
2021-12-15,839,8.8,9
2021-12-15,842,0.97,1.02
2021-12-15,843,1.02,1.08
2021-12-15,844,1.08,1.12
2021-12-15,845,1.8,1.9
2021-12-15,846,2,2.1
2021-12-15,849,6.5,7.5
2021-12-15,850,1,1.15
2021-12-15,851,0.85,0.9
2021-12-15,852,0.75,0.8
2021-12-15,853,1.12,1.2
2021-12-15,854,0.9,0.95
2021-12-15,855,0.75,0.8
2021-12-15,856,1.4,1.45
2021-12-15,859,3.1,3.35
2021-12-15,860,1.12,1.17
2021-12-15,861,0.75,0.8
2021-12-15,862,5.8,6
2021-12-15,863,0.8,0.85
2021-12-15,865,5.5,5.8
2021-12-15,866,0.8,0.9
2021-12-15,867,5.8,6
2021-12-15,869,5.2,5.8
2021-12-30,2,357,358
2021-12-30,3,330,332
2021-12-30,4,315,317
2021-12-30,5,307,309
2021-12-30,6,297,298
2021-12-30,7,435,436
2021-12-30,8,435,437
2021-12-30,10,319,321
2021-12-30,12,295,300
2021-12-30,13,275,277
2021-12-30,14,270,271
2021-12-30,15,278,280
2021-12-30,16,278,280
2021-12-30,19,278,283
2021-12-30,20,288,291
2021-12-30,21,300,304
2021-12-30,23,600,605
2021-12-30,24,589,594
2021-12-30,25,469,471
2021-12-30,26,464,467
2021-12-30,27,570,571
2021-12-30,28,566,568
2021-12-30,29,552,553
2021-12-30,30,199,201
2021-12-30,31,203,205
2021-12-30,32,171,173
2021-12-30,33,215,227
2021-12-30,34,186,188
2021-12-30,35,277,279
2021-12-30,36,248,250
2021-12-30,37,191,192
2021-12-30,38,189,190
2021-12-30,39,351,354
2021-12-30,40,245,246
2021-12-30,41,970,975
2021-12-30,42,234,236
2021-12-30,43,235,237
2021-12-30,47,276,277
2021-12-30,48,230,236
2021-12-30,50,580,620
2021-12-30,51,790,850
2021-12-30,53,1400,1440
2021-12-30,54,1940,2000
2021-12-30,55,535,565
2021-12-30,56,355,365
2021-12-30,58,177,182
2021-12-30,63,165,170
2021-12-30,67,215,220
2021-12-30,71,110,115
2021-12-30,73,597,599
2021-12-30,75,520,525
2021-12-30,76,645,650
2021-12-30,77,530,534
2021-12-30,81,390,400
2021-12-30,86,1335,1340
2021-12-30,87,1270,1280
2021-12-30,88,1215,1220
2021-12-30,89,2100,2110
2021-12-30,90,1520,1530
2021-12-30,92,1525,1530
2021-12-30,94,1400,1405
2021-12-30,95,1330,1340
2021-12-30,101,10.5,11
2021-12-30,102,11.5,12.5
2021-12-30,103,4.25,4.85
2021-12-30,104,3.2,3.35
2021-12-30,105,3.6,3.8
2021-12-30,106,3.05,3.1
2021-12-30,107,1.6,1.65
2021-12-30,108,308,310
2021-12-30,109,318,320
2021-12-30,110,500,510
2021-12-30,112,345,350
2021-12-30,114,320,323
2021-12-30,115,248,250
2021-12-30,117,640,642
2021-12-30,118,453,455
2021-12-30,120,445,447
2021-12-30,121,700,703
2021-12-30,122,463,465
2021-12-30,124,455,457
2021-12-30,126,240,250
2021-12-30,127,230,235
2021-12-30,128,210,215
2021-12-30,129,230,240
2021-12-30,130,185,190
2021-12-30,131,1850,1855
2021-12-30,132,1285,1290
2021-12-30,133,1265,1270
2021-12-30,134,1365,1370
2021-12-30,176,10,11
2021-12-30,177,25.5,26.5
2021-12-30,181,4.8,4.9
2021-12-30,182,5,5.1
2021-12-30,183,5.2,5.4
2021-12-30,184,5.9,6
2021-12-30,185,6.5,6.6
2021-12-30,186,8.7,8.8
2021-12-30,187,470,480
2021-12-30,188,490,500
2021-12-30,189,255,265
2021-12-30,203,1.8,2
2021-12-30,207,0.55,0.65
2021-12-30,208,0.5,0.6
2021-12-30,209,0.8,0.9
2021-12-30,210,1.8,2
2021-12-30,211,0.5,0.6
2021-12-30,212,0.4,0.45
2021-12-30,217,0.3,0.35
2021-12-30,225,1.5,1.8
2021-12-30,226,1.5,2
2021-12-30,228,1.18,1.2
2021-12-30,229,0.9,1
2021-12-30,233,0.33,0.35
2021-12-30,234,0.32,0.35
2021-12-30,246,0.8,0.9
2021-12-30,247,0.8,0.85
2021-12-30,248,1,1.1
2021-12-30,249,1.5,1.6
2021-12-30,250,0.7,0.8
2021-12-30,251,0.7,0.8
2021-12-30,253,0.6,0.7
2021-12-30,254,0.5,0.6
2021-12-30,255,1,1.1
2021-12-30,256,0.6,0.65
2021-12-30,257,0.6,0.65
2021-12-30,261,0.9,1
2021-12-30,262,1,1.1
2021-12-30,263,1.1,1.3
2021-12-30,264,1.5,1.7
2021-12-30,265,1.7,1.8
2021-12-30,279,1,1.2
2021-12-30,280,0.65,0.75
2021-12-30,281,0.55,0.65
2021-12-30,282,0.65,0.75
2021-12-30,283,0.4,0.5
2021-12-30,297,1.5,1.8
2021-12-30,300,1.5,1.8
2021-12-30,301,1.3,1.5
2021-12-30,303,1.5,1.8
2021-12-30,305,1.4,1.6
2021-12-30,306,1.3,1.5
2021-12-30,328,0.5,0.54
2021-12-30,329,0.49,0.53
2021-12-30,331,0.73,0.77
2021-12-30,332,5,5.2
2021-12-30,333,3.25,3.3
2021-12-30,335,2.95,3
2021-12-30,336,3.25,3.35
2021-12-30,337,2.95,3.05
2021-12-30,340,4.15,4.25
2021-12-30,341,3.1,3.15
2021-12-30,342,3.3,3.35
2021-12-30,344,15.1,15.1
2021-12-30,345,13.3,13.3
2021-12-30,346,12,12
2021-12-30,347,10,10
2021-12-30,350,3,3.1
2021-12-30,351,2.7,2.8
2021-12-30,352,4.55,4.65
2021-12-30,353,5.35,5.45
2021-12-30,356,2.4,2.5
2021-12-30,357,2.4,2.5
2021-12-30,358,4.8,4.9
2021-12-30,361,5.9,6
2021-12-30,362,6.8,6.9
2021-12-30,363,6.3,6.4
2021-12-30,364,2.55,2.65
2021-12-30,365,1.7,1.8
2021-12-30,366,7.2,7.3
2021-12-30,367,3,3.1
2021-12-30,368,1.6,1.7
2021-12-30,369,7.2,7.3
2021-12-30,370,2.9,3
2021-12-30,371,1.6,1.7
2021-12-30,372,6,6.1
2021-12-30,672,335,340
2021-12-30,674,1.33,1.35
2021-12-30,675,1.84,1.86
2021-12-30,676,2.7,2.8
2021-12-30,677,2.4,2.5
2021-12-30,678,3.05,3.15
2021-12-30,716,17.6,17.6
2021-12-30,717,15.8,15.8
2021-12-30,718,14.7,14.7
2021-12-30,719,11.7,11.7
2021-12-30,731,5.9,6
2021-12-30,732,7.1,7.2
2021-12-30,733,7.5,7.8
2021-12-30,734,8.3,8.45
2021-12-30,764,0.7,0.8
2021-12-30,802,2850,2920
2021-12-30,803,2830,2870
2021-12-30,806,3.2,3.5
2021-12-30,807,3,3.2
2021-12-30,813,3.2,3.5
2021-12-30,814,3,3.2
2021-12-30,835,5.3,5.5
2021-12-30,836,5.6,5.7
2021-12-30,838,9.5,10
2021-12-30,839,9,9.5
2021-12-30,840,9.5,10
2021-12-30,841,9,9.5
2021-12-30,842,1,1.05
2021-12-30,843,1.05,1.1
2021-12-30,844,1.1,1.15
2021-12-30,845,1.8,1.9
2021-12-30,846,2,2.1
2021-12-30,849,6.5,7.5
2021-12-30,850,1,1.15
2021-12-30,851,0.85,0.9
2021-12-30,852,0.75,0.8
2021-12-30,853,1.15,1.2
2021-12-30,854,0.9,0.95
2021-12-30,855,0.75,0.8
2021-12-30,859,3.2,3.4
2021-12-30,860,1.15,1.2
2021-12-30,861,0.75,0.8
2021-12-30,862,5.8,6
2021-12-30,863,0.8,0.85
2021-12-30,865,5.5,5.8
2021-12-30,866,0.8,0.9
2021-12-30,867,5.8,6
2021-12-30,869,5.2,5.8
