date,code,low,high
2016-01-08,324,0.97,0.99
2016-01-08,325,0.97,0.99
2016-01-08,326,0.97,0.99
2016-01-08,328,0.26,0.3
2016-01-08,329,0.07,0.09
2016-01-08,331,0.2,0.22
2016-01-08,332,,
2016-01-08,333,2.35,2.39
2016-01-08,334,2.35,2.39
2016-01-08,335,2.45,2.49
2016-01-08,336,,
2016-01-08,337,,
2016-01-08,338,1.45,1.47
2016-01-08,339,1.45,1.47
2016-01-08,340,,
2016-01-08,341,2.65,2.69
2016-01-08,342,2.75,2.79
2016-01-08,343,2.55,2.59
2016-01-08,344,13.2,13.2
2016-01-08,345,10.8,10.8
2016-01-08,346,9.9,9.9
2016-01-08,347,9.1,9.1
2016-01-08,348,1.9,2
2016-01-08,349,1.9,2
2016-01-08,350,2.25,2.35
2016-01-08,351,1.95,2.05
2016-01-08,352,3.75,3.85
2016-01-08,353,4.2,4.3
2016-01-08,354,1.7,1.8
2016-01-08,355,1.6,1.7
2016-01-08,356,1.6,1.7
2016-01-08,357,1.7,1.8
2016-01-08,358,3.85,3.95
2016-01-08,359,2.35,2.45
2016-01-08,360,2.35,2.45
2016-01-08,361,4.1,4.2
2016-01-08,362,5,5.1
2016-01-08,363,4.25,4.35
2016-01-08,364,1.8,1.9
2016-01-08,365,1.7,1.75
2016-01-08,366,5.5,5.6
2016-01-08,367,2.4,2.45
2016-01-08,368,1.6,1.7
2016-01-08,369,5.5,5.6
2016-01-08,370,2.3,2.35
2016-01-08,371,1.6,1.7
2016-01-08,372,4.35,4.45
2016-01-11,2,,
2016-01-11,3,,
2016-01-11,4,183,184
2016-01-11,5,,
2016-01-11,6,,
2016-01-11,7,,
2016-01-11,8,250,252
2016-01-11,9,180,181
2016-01-11,10,185,186
2016-01-11,11,,
2016-01-11,12,184,186
2016-01-11,13,169,170
2016-01-11,14,164,165
2016-01-11,15,,
2016-01-11,16,167,168
2016-01-11,17,,
2016-01-11,18,,
2016-01-11,19,,
2016-01-11,20,,
2016-01-11,21,180,181
2016-01-11,22,,
2016-01-11,23,435,440
2016-01-11,24,429,434
2016-01-11,25,269,271
2016-01-11,26,264,267
2016-01-11,27,447,448
2016-01-11,28,443,445
2016-01-11,29,429,430
2016-01-11,30,183,185
2016-01-11,31,187,189
2016-01-11,32,155,157
2016-01-11,33,191,193
2016-01-11,34,162,164
2016-01-11,35,210,212
2016-01-11,36,181,183
2016-01-11,37,164,165
2016-01-11,38,164,165
2016-01-11,39,263,264
2016-01-11,40,140,147
2016-01-11,41,875,880
2016-01-11,42,167,170
2016-01-11,43,167,169
2016-01-11,44,,
2016-01-11,45,,
2016-01-11,46,,
2016-01-11,47,180,181
2016-01-11,48,182,184
2016-01-11,49,,
2016-01-11,50,640,690
2016-01-11,51,540,620
2016-01-11,52,,
2016-01-11,53,1550,1650
2016-01-11,54,1440,1540
2016-01-11,55,270,300
2016-01-11,56,210,220
2016-01-11,57,161,167
2016-01-11,58,107,112
2016-01-11,59,83,85
2016-01-11,60,,
2016-01-11,61,,
2016-01-11,62,,
2016-01-11,63,125,130
2016-01-11,64,,
2016-01-11,65,,
2016-01-11,66,,
2016-01-11,67,145,150
2016-01-11,68,,
2016-01-11,69,,
2016-01-11,70,,
2016-01-11,71,85,90
2016-01-11,72,210,225
2016-01-11,73,344,345
2016-01-11,74,345,346
2016-01-11,75,,
2016-01-11,76,363,365
2016-01-11,77,360,362
2016-01-11,78,,
2016-01-11,79,,
2016-01-11,80,,
2016-01-11,81,315,320
2016-01-11,82,,
2016-01-11,83,830,840
2016-01-11,84,850,870
2016-01-11,85,740,745
2016-01-11,86,615,620
2016-01-11,87,785,790
2016-01-11,88,685,690
2016-01-11,89,1430,1440
2016-01-11,90,970,990
2016-01-11,91,990,1010
2016-01-11,92,855,860
2016-01-11,93,890,900
2016-01-11,94,847,852
2016-01-11,95,765,770
2016-01-11,96,,
2016-01-11,97,,
2016-01-11,98,,
2016-01-11,99,,
2016-01-11,100,,
2016-01-11,101,10.5,11.5
2016-01-11,102,10.5,12
2016-01-11,103,3.8,4.4
2016-01-11,104,3.25,3.55
2016-01-11,105,3.4,3.9
2016-01-11,106,3,3.05
2016-01-11,107,1.35,1.5
2016-01-11,108,262,280
2016-01-11,109,,
2016-01-11,110,365,400
2016-01-11,111,250,252
2016-01-11,112,245,248
2016-01-11,113,,
2016-01-11,114,207,208
2016-01-11,115,165,167
2016-01-11,116,,
2016-01-11,117,330,333
2016-01-11,118,302,305
2016-01-11,119,,
2016-01-11,120,,
2016-01-11,121,400,406
2016-01-11,122,,
2016-01-11,123,,
2016-01-11,124,313,316
2016-01-11,125,,
2016-01-11,126,,
2016-01-11,127,207,210
2016-01-11,128,162,167
2016-01-11,129,,
2016-01-11,130,105,110
2016-01-11,131,1625,1630
2016-01-11,132,550,555
2016-01-11,133,530,532
2016-01-11,134,705,710
2016-01-11,135,8,9
2016-01-11,136,8.5,9.5
2016-01-11,137,,
2016-01-11,138,,
2016-01-11,139,7,7.5
2016-01-11,140,7.5,8
2016-01-11,141,,
2016-01-11,142,2.3,2.7
2016-01-11,143,,
2016-01-11,144,2.3,2.9
2016-01-11,145,3.8,4
2016-01-11,146,3.8,4.1
2016-01-11,147,1.5,1.7
2016-01-11,148,,
2016-01-11,149,0.95,1.05
2016-01-11,150,0.98,1.06
2016-01-11,151,1.05,1.1
2016-01-11,152,,
2016-01-11,153,,
2016-01-11,154,,
2016-01-11,155,,
2016-01-11,156,6,6.5
2016-01-11,157,0.95,1.1
2016-01-11,158,,
2016-01-11,159,0.9,1
2016-01-11,160,1.1,1.2
2016-01-11,161,1.1,1.2
2016-01-11,162,1.35,1.45
2016-01-11,163,3.7,4.2
2016-01-11,164,,
2016-01-11,165,,
2016-01-11,166,3.9,4.5
2016-01-11,167,,
2016-01-11,168,0.85,0.95
2016-01-11,169,5.9,6.3
2016-01-11,170,3.9,4.5
2016-01-11,171,5.2,5.8
2016-01-11,172,0.95,1
2016-01-11,173,1.05,1.15
2016-01-11,174,,
2016-01-11,175,3.6,4.3
2016-01-11,176,4,5
2016-01-11,177,8,9
2016-01-11,178,7.65,7.75
2016-01-11,179,7.1,7.2
2016-01-11,180,6.6,6.7
2016-01-11,181,4.78,4.83
2016-01-11,182,5.03,5.08
2016-01-11,183,5.02,5.05
2016-01-11,184,5.7,5.8
2016-01-11,185,6.65,6.75
2016-01-11,186,8.2,8.5
2016-01-11,187,310,330
2016-01-11,188,260,280
2016-01-11,189,100,120
2016-01-11,190,1400,1450
2016-01-11,191,3.8,3.8
2016-01-11,192,2.48,2.48
2016-01-11,193,2.09,2.09
2016-01-11,194,1.65,1.65
2016-01-11,195,1.41,1.41
2016-01-11,196,1.35,1.35
2016-01-11,197,1.21,1.21
2016-01-11,198,1.3,1.3
2016-01-11,199,1.24,1.24
2016-01-11,200,,
2016-01-11,201,,
2016-01-11,202,,
2016-01-11,203,,
2016-01-11,204,,
2016-01-11,205,,
2016-01-11,206,,
2016-01-11,207,,
2016-01-11,208,,
2016-01-11,209,,
2016-01-11,210,0.4,0.5
2016-01-11,211,0.2,0.25
2016-01-11,212,0.2,0.3
2016-01-11,213,,
2016-01-11,214,,
2016-01-11,215,,
2016-01-11,216,,
2016-01-11,217,,
2016-01-11,218,,
2016-01-11,219,,
2016-01-11,220,,
2016-01-11,221,,
2016-01-11,222,,
2016-01-11,223,,
2016-01-11,224,,
2016-01-11,225,1.7,1.8
2016-01-11,226,1.8,2
2016-01-11,227,,
2016-01-11,228,,
2016-01-11,229,0.45,0.55
2016-01-11,230,,
2016-01-11,231,,
2016-01-11,232,,
2016-01-11,233,0.25,0.28
2016-01-11,234,,
2016-01-11,235,,
2016-01-11,236,,
2016-01-11,237,,
2016-01-11,238,,
2016-01-11,239,,
2016-01-11,240,,
2016-01-11,241,,
2016-01-11,242,,
2016-01-11,243,,
2016-01-11,244,,
2016-01-11,245,,
2016-01-11,246,0.5,0.6
2016-01-11,247,1.3,1.4
2016-01-11,248,,
2016-01-11,249,0.45,0.5
2016-01-11,250,0.25,0.3
2016-01-11,251,,
2016-01-11,252,,
2016-01-11,253,0.65,0.75
2016-01-11,254,,
2016-01-11,255,,
2016-01-11,256,,
2016-01-11,257,0.4,0.5
2016-01-11,258,,
2016-01-11,259,,
2016-01-11,260,,
2016-01-11,261,0.4,0.45
2016-01-11,262,0.45,0.5
2016-01-11,263,0.55,0.6
2016-01-11,264,0.65,0.7
2016-01-11,265,0.8,0.9
2016-01-11,266,,
2016-01-11,267,,
2016-01-11,268,,
2016-01-11,269,,
2016-01-11,270,,
2016-01-11,271,,
2016-01-11,272,,
2016-01-11,273,,
2016-01-11,274,,
2016-01-11,275,,
2016-01-11,276,,
2016-01-11,277,,
2016-01-11,278,,
2016-01-11,279,,
2016-01-11,280,0.4,0.45
2016-01-11,281,0.35,0.45
2016-01-11,282,,
2016-01-11,283,0.3,0.35
2016-01-11,284,,
2016-01-11,285,,
2016-01-11,286,,
2016-01-11,287,,
2016-01-11,288,,
2016-01-11,289,,
2016-01-11,290,,
2016-01-11,291,,
2016-01-11,292,,
2016-01-11,293,,
2016-01-11,294,,
2016-01-11,295,,
2016-01-11,296,,
2016-01-11,297,,
2016-01-11,298,,
2016-01-11,299,,
2016-01-11,300,,
2016-01-11,301,,
2016-01-11,302,,
2016-01-11,303,,
2016-01-11,304,1,1.3
2016-01-11,305,,
2016-01-11,306,,
2016-01-11,307,,
2016-01-11,308,,
2016-01-11,309,,
2016-01-11,310,,
2016-01-11,311,,
2016-01-11,312,,
2016-01-11,313,,
2016-01-11,314,,
2016-01-11,315,,
2016-01-11,316,,
2016-01-11,317,,
2016-01-11,318,,
2016-01-11,319,,
2016-01-11,320,,
2016-01-11,321,,
2016-01-11,322,,
2016-01-11,323,,
2016-01-15,4,183,184
2016-01-15,8,250,252
2016-01-15,9,180,181
2016-01-15,10,185,186
2016-01-15,12,184,186
2016-01-15,13,169,170
2016-01-15,14,164,165
2016-01-15,16,167,168
2016-01-15,21,180,181
2016-01-15,23,435,440
2016-01-15,24,429,434
2016-01-15,25,269,271
2016-01-15,26,264,267
2016-01-15,27,447,448
2016-01-15,28,443,445
2016-01-15,29,429,430
2016-01-15,30,183,185
2016-01-15,31,187,189
2016-01-15,32,155,157
2016-01-15,33,191,193
2016-01-15,34,162,164
2016-01-15,35,210,212
2016-01-15,36,181,183
2016-01-15,37,164,165
2016-01-15,38,164,165
2016-01-15,39,263,264
2016-01-15,40,140,147
2016-01-15,41,875,880
2016-01-15,42,167,170
2016-01-15,43,167,169
2016-01-15,47,180,181
2016-01-15,48,182,184
2016-01-15,50,640,690
2016-01-15,51,540,620
2016-01-15,53,1550,1650
2016-01-15,54,1440,1540
2016-01-15,55,270,300
2016-01-15,56,210,220
2016-01-15,57,161,167
2016-01-15,58,107,112
2016-01-15,59,83,85
2016-01-15,63,125,130
2016-01-15,67,145,150
2016-01-15,71,85,90
2016-01-15,72,210,225
2016-01-15,73,344,345
2016-01-15,74,345,346
2016-01-15,76,363,365
2016-01-15,77,360,362
2016-01-15,81,315,320
2016-01-15,83,830,840
2016-01-15,84,850,870
2016-01-15,85,740,745
2016-01-15,86,615,620
2016-01-15,87,785,790
2016-01-15,88,685,690
2016-01-15,89,1430,1440
2016-01-15,90,970,990
2016-01-15,91,990,1010
2016-01-15,92,855,860
2016-01-15,93,890,900
2016-01-15,94,847,852
2016-01-15,95,765,770
2016-01-15,101,10.5,11.5
2016-01-15,102,10.5,12
2016-01-15,103,3.8,4.4
2016-01-15,104,3.25,3.55
2016-01-15,105,3.4,3.9
2016-01-15,106,3,3.05
2016-01-15,107,1.35,1.5
2016-01-15,108,262,280
2016-01-15,110,365,400
2016-01-15,111,250,252
2016-01-15,112,245,248
2016-01-15,114,207,208
2016-01-15,115,165,167
2016-01-15,117,330,333
2016-01-15,118,302,305
2016-01-15,121,400,406
2016-01-15,124,313,316
2016-01-15,127,207,210
2016-01-15,128,162,167
2016-01-15,130,105,110
2016-01-15,131,1625,1630
2016-01-15,132,550,555
2016-01-15,133,530,532
2016-01-15,134,705,710
2016-01-15,135,8,9
2016-01-15,136,8.5,9.5
2016-01-15,139,7,7.5
2016-01-15,140,7.5,8
2016-01-15,142,2.3,2.7
2016-01-15,144,2.3,2.9
2016-01-15,145,3.8,4
2016-01-15,146,3.8,4.1
2016-01-15,147,1.5,1.7
2016-01-15,149,0.95,1.05
2016-01-15,150,0.98,1.06
2016-01-15,151,1.05,1.1
2016-01-15,156,6,6.5
2016-01-15,157,0.95,1.1
2016-01-15,159,0.9,1
2016-01-15,160,1.1,1.2
2016-01-15,161,1.1,1.2
2016-01-15,162,1.35,1.45
2016-01-15,163,3.7,4.2
2016-01-15,166,3.9,4.5
2016-01-15,168,0.85,0.95
2016-01-15,169,5.9,6.3
2016-01-15,170,3.9,4.5
2016-01-15,171,5.2,5.8
2016-01-15,172,0.95,1
2016-01-15,173,1.05,1.15
2016-01-15,175,3.6,4.3
2016-01-15,176,4,5
2016-01-15,177,8,9
2016-01-15,178,7.65,7.75
2016-01-15,179,7.1,7.2
2016-01-15,180,6.6,6.7
2016-01-15,181,4.78,4.83
2016-01-15,182,5.03,5.08
2016-01-15,183,5.02,5.05
2016-01-15,184,5.7,5.8
2016-01-15,185,6.65,6.75
2016-01-15,186,8.2,8.5
2016-01-15,187,310,330
2016-01-15,188,260,280
2016-01-15,189,100,120
2016-01-15,190,1400,1450
2016-01-15,191,3.8,3.8
2016-01-15,192,2.48,2.48
2016-01-15,193,2.09,2.09
2016-01-15,194,1.65,1.65
2016-01-15,195,1.41,1.41
2016-01-15,196,1.35,1.35
2016-01-15,197,1.21,1.21
2016-01-15,198,1.3,1.3
2016-01-15,199,1.24,1.24
2016-01-15,210,0.4,0.5
2016-01-15,211,0.2,0.25
2016-01-15,212,0.2,0.3
2016-01-15,225,1.7,1.8
2016-01-15,226,1.8,2
2016-01-15,229,0.45,0.55
2016-01-15,233,0.25,0.28
2016-01-15,246,0.5,0.6
2016-01-15,247,1.3,1.4
2016-01-15,249,0.45,0.5
2016-01-15,250,0.25,0.3
2016-01-15,253,0.65,0.75
2016-01-15,257,0.4,0.5
2016-01-15,261,0.4,0.45
2016-01-15,262,0.45,0.5
2016-01-15,263,0.55,0.6
2016-01-15,264,0.65,0.7
2016-01-15,265,0.8,0.9
2016-01-15,280,0.4,0.45
2016-01-15,281,0.35,0.45
2016-01-15,283,0.3,0.35
2016-01-15,304,1,1.3
2016-01-15,324,0.99,1.01
2016-01-15,325,0.99,1.01
2016-01-15,326,0.99,1.01
2016-01-15,327,0.26,0.3
2016-01-15,328,0.26,0.3
2016-01-15,329,0.07,0.09
2016-01-15,330,0.2,0.22
2016-01-15,331,0.2,0.22
2016-01-15,332,,
2016-01-15,333,2.35,2.39
2016-01-15,334,2.35,2.39
2016-01-15,335,2.5,2.54
2016-01-15,336,,
2016-01-15,337,,
2016-01-15,338,1.45,1.47
2016-01-15,339,1.45,1.47
2016-01-15,340,,
2016-01-15,341,2.65,2.69
2016-01-15,342,2.75,2.79
2016-01-15,343,2.55,2.59
2016-01-15,344,12.9,12.9
2016-01-15,345,10.2,10.2
2016-01-15,346,9.3,9.3
2016-01-15,347,8.9,8.9
2016-01-15,348,1.95,2.05
2016-01-15,349,1.95,2.05
2016-01-15,350,2.3,2.4
2016-01-15,351,2,2.1
2016-01-15,352,3.75,3.85
2016-01-15,353,4.2,4.3
2016-01-15,354,1.7,1.8
2016-01-15,355,1.6,1.7
2016-01-15,356,1.6,1.7
2016-01-15,357,1.7,1.8
2016-01-15,358,3.9,4
2016-01-15,359,2.35,2.45
2016-01-15,360,2.35,2.45
2016-01-15,361,4.1,4.2
2016-01-15,362,5,5.1
2016-01-15,363,4.35,4.45
2016-01-15,364,1.7,1.95
2016-01-15,365,1.7,1.75
2016-01-15,366,5.5,5.6
2016-01-15,367,2.4,2.45
2016-01-15,368,1.6,1.7
2016-01-15,369,5.5,5.6
2016-01-15,370,2.3,2.35
2016-01-15,371,1.6,1.7
2016-01-15,372,4.1,4.2
2016-01-15,615,8,9
2016-01-15,616,7.5,8.5
2016-01-18,2,,
2016-01-18,3,,
2016-01-18,4,181,182
2016-01-18,5,,
2016-01-18,6,,
2016-01-18,7,,
2016-01-18,8,250,252
2016-01-18,9,176,177
2016-01-18,10,181,182
2016-01-18,11,,
2016-01-18,12,182,184
2016-01-18,13,168,169
2016-01-18,14,166,167
2016-01-18,15,177,178
2016-01-18,16,167,168
2016-01-18,17,,
2016-01-18,18,,
2016-01-18,19,,
2016-01-18,20,,
2016-01-18,21,179,180
2016-01-18,22,,
2016-01-18,23,435,440
2016-01-18,24,429,434
2016-01-18,25,264,266
2016-01-18,26,259,262
2016-01-18,27,447,448
2016-01-18,28,443,445
2016-01-18,29,429,430
2016-01-18,30,171,173
2016-01-18,31,175,177
2016-01-18,32,143,145
2016-01-18,33,179,181
2016-01-18,34,150,152
2016-01-18,35,198,200
2016-01-18,36,169,171
2016-01-18,37,146,147
2016-01-18,38,146,147
2016-01-18,39,262,263
2016-01-18,40,140,147
2016-01-18,41,875,880
2016-01-18,42,165,168
2016-01-18,43,165,167
2016-01-18,44,,
2016-01-18,45,,
2016-01-18,46,,
2016-01-18,47,187,188
2016-01-18,48,182,184
2016-01-18,49,,
2016-01-18,50,670,720
2016-01-18,51,520,600
2016-01-18,52,,
2016-01-18,53,1600,1700
2016-01-18,54,1400,1500
2016-01-18,55,270,300
2016-01-18,56,210,220
2016-01-18,57,161,167
2016-01-18,58,107,112
2016-01-18,59,83,85
2016-01-18,60,,
2016-01-18,61,,
2016-01-18,62,,
2016-01-18,63,125,130
2016-01-18,64,,
2016-01-18,65,,
2016-01-18,66,,
2016-01-18,67,145,150
2016-01-18,68,,
2016-01-18,69,,
2016-01-18,70,,
2016-01-18,71,85,90
2016-01-18,72,220,225
2016-01-18,73,342,343
2016-01-18,74,,
2016-01-18,75,350,351
2016-01-18,76,363,365
2016-01-18,77,360,362
2016-01-18,78,,
2016-01-18,79,,
2016-01-18,80,,
2016-01-18,81,315,320
2016-01-18,82,,
2016-01-18,83,840,850
2016-01-18,84,870,890
2016-01-18,85,740,745
2016-01-18,86,595,600
2016-01-18,87,785,790
2016-01-18,88,695,700
2016-01-18,89,1430,1440
2016-01-18,90,990,1010
2016-01-18,91,1020,1040
2016-01-18,92,855,860
2016-01-18,93,870,880
2016-01-18,94,842,847
2016-01-18,95,775,780
2016-01-18,96,,
2016-01-18,97,,
2016-01-18,98,,
2016-01-18,99,,
2016-01-18,100,,
2016-01-18,101,10.5,11.5
2016-01-18,102,10.5,12
2016-01-18,103,3.6,4.3
2016-01-18,104,3.3,3.6
2016-01-18,105,3.4,3.9
2016-01-18,106,3.15,3.2
2016-01-18,107,1.35,1.45
2016-01-18,108,262,280
2016-01-18,109,,
2016-01-18,110,365,390
2016-01-18,111,245,247
2016-01-18,112,245,248
2016-01-18,113,,
2016-01-18,114,207,208
2016-01-18,115,165,167
2016-01-18,116,,
2016-01-18,117,335,338
2016-01-18,118,307,310
2016-01-18,119,,
2016-01-18,120,,
2016-01-18,121,405,411
2016-01-18,122,,
2016-01-18,123,,
2016-01-18,124,315,318
2016-01-18,125,,
2016-01-18,126,,
2016-01-18,127,207,210
2016-01-18,128,162,167
2016-01-18,129,,
2016-01-18,130,105,110
2016-01-18,131,1625,1630
2016-01-18,132,545,550
2016-01-18,133,525,527
2016-01-18,134,700,705
2016-01-18,135,8,9
2016-01-18,136,8.5,9.5
2016-01-18,139,7,7.5
2016-01-18,140,7.5,8
2016-01-18,141,,
2016-01-18,142,2.3,2.7
2016-01-18,143,,
2016-01-18,144,2.3,2.9
2016-01-18,145,3.8,4
2016-01-18,146,3.8,4.1
2016-01-18,147,1.5,1.7
2016-01-18,148,,
2016-01-18,149,0.95,1.05
2016-01-18,150,0.98,1.06
2016-01-18,151,1.05,1.1
2016-01-18,152,,
2016-01-18,153,,
2016-01-18,154,,
2016-01-18,155,,
2016-01-18,156,6,6.5
2016-01-18,157,0.95,1.1
2016-01-18,158,,
2016-01-18,159,0.9,1
2016-01-18,160,1.1,1.2
2016-01-18,161,1.1,1.2
2016-01-18,162,1.35,1.45
2016-01-18,163,3.7,4.2
2016-01-18,164,,
2016-01-18,165,,
2016-01-18,166,3.9,4.5
2016-01-18,168,0.85,0.95
2016-01-18,169,5.9,6.3
2016-01-18,170,3.9,4.5
2016-01-18,171,5.2,5.8
2016-01-18,172,0.95,1
2016-01-18,173,1.05,1.15
2016-01-18,174,,
2016-01-18,175,3.6,4.3
2016-01-18,176,4,5
2016-01-18,177,8,9
2016-01-18,178,7.65,7.75
2016-01-18,179,7.1,7.2
2016-01-18,180,6.6,6.7
2016-01-18,181,4.78,4.83
2016-01-18,182,5.03,5.08
2016-01-18,183,5.02,5.05
2016-01-18,184,5.7,5.8
2016-01-18,185,6.65,6.75
2016-01-18,186,8.2,8.5
2016-01-18,187,310,330
2016-01-18,188,260,280
2016-01-18,189,110,120
2016-01-18,190,1370,1420
2016-01-18,191,3.9,3.9
2016-01-18,192,2.54,2.54
2016-01-18,193,2.17,2.17
2016-01-18,194,1.7,1.7
2016-01-18,195,1.41,1.41
2016-01-18,196,1.35,1.35
2016-01-18,197,1.23,1.23
2016-01-18,198,1.31,1.31
2016-01-18,199,1.25,1.25
2016-01-18,202,,
2016-01-18,203,,
2016-01-18,204,,
2016-01-18,205,,
2016-01-18,206,,
2016-01-18,207,,
2016-01-18,208,,
2016-01-18,209,,
2016-01-18,210,0.4,0.5
2016-01-18,211,0.2,0.25
2016-01-18,212,0.2,0.3
2016-01-18,213,,
2016-01-18,214,,
2016-01-18,215,,
2016-01-18,216,,
2016-01-18,217,,
2016-01-18,218,,
2016-01-18,219,,
2016-01-18,220,,
2016-01-18,221,,
2016-01-18,222,,
2016-01-18,223,,
2016-01-18,224,,
2016-01-18,225,1.7,1.8
2016-01-18,226,1.8,2
2016-01-18,227,,
2016-01-18,228,,
2016-01-18,229,0.5,0.55
2016-01-18,230,,
2016-01-18,231,,
2016-01-18,232,,
2016-01-18,233,0.25,0.28
2016-01-18,234,,
2016-01-18,235,,
2016-01-18,236,,
2016-01-18,237,,
2016-01-18,238,,
2016-01-18,239,,
2016-01-18,240,,
2016-01-18,241,,
2016-01-18,242,,
2016-01-18,243,,
2016-01-18,244,,
2016-01-18,245,,
2016-01-18,246,0.5,0.6
2016-01-18,247,1.5,1.6
2016-01-18,248,,
2016-01-18,249,0.45,0.5
2016-01-18,250,0.25,0.3
2016-01-18,251,,
2016-01-18,252,,
2016-01-18,253,0.65,0.75
2016-01-18,254,,
2016-01-18,255,,
2016-01-18,256,,
2016-01-18,257,0.4,0.5
2016-01-18,258,,
2016-01-18,259,,
2016-01-18,260,,
2016-01-18,261,0.4,0.45
2016-01-18,262,0.45,0.5
2016-01-18,263,0.55,0.6
2016-01-18,264,0.65,0.7
2016-01-18,265,0.8,0.9
2016-01-18,266,,
2016-01-18,267,,
2016-01-18,268,,
2016-01-18,269,,
2016-01-18,270,,
2016-01-18,271,,
2016-01-18,272,,
2016-01-18,273,,
2016-01-18,274,,
2016-01-18,275,,
2016-01-18,276,,
2016-01-18,277,,
2016-01-18,278,,
2016-01-18,279,,
2016-01-18,280,0.4,0.45
2016-01-18,281,0.35,0.45
2016-01-18,282,,
2016-01-18,283,0.3,0.35
2016-01-18,284,,
2016-01-18,285,,
2016-01-18,286,,
2016-01-18,287,,
2016-01-18,288,,
2016-01-18,289,,
2016-01-18,290,,
2016-01-18,291,,
2016-01-18,292,,
2016-01-18,293,,
2016-01-18,294,,
2016-01-18,295,,
2016-01-18,296,,
2016-01-18,297,,
2016-01-18,298,,
2016-01-18,299,,
2016-01-18,300,,
2016-01-18,301,,
2016-01-18,302,,
2016-01-18,303,,
2016-01-18,304,,
2016-01-18,305,,
2016-01-18,306,,
2016-01-18,307,,
2016-01-18,308,,
2016-01-18,309,,
2016-01-18,310,,
2016-01-18,311,,
2016-01-18,312,,
2016-01-18,313,,
2016-01-18,314,,
2016-01-18,315,,
2016-01-18,316,,
2016-01-18,317,,
2016-01-18,318,,
2016-01-18,319,,
2016-01-18,320,,
2016-01-18,321,,
2016-01-18,322,,
2016-01-18,323,,
2016-01-18,615,8,9
2016-01-18,616,7.5,8.5
2016-01-18,618,,
2016-01-22,324,0.99,1.01
2016-01-22,325,0.99,1.01
2016-01-22,326,0.99,1.01
2016-01-22,328,0.26,0.3
2016-01-22,329,0.07,0.09
2016-01-22,331,0.2,0.22
2016-01-22,332,,
2016-01-22,333,2.35,2.39
2016-01-22,334,2.35,2.39
2016-01-22,335,2.5,2.54
2016-01-22,336,,
2016-01-22,337,,
2016-01-22,338,1.45,1.47
2016-01-22,339,1.45,1.47
2016-01-22,340,,
2016-01-22,341,2.65,2.69
2016-01-22,342,2.75,2.79
2016-01-22,343,2.55,2.59
2016-01-22,344,12.7,12.7
2016-01-22,345,10,10
2016-01-22,346,9.1,9.1
2016-01-22,347,8.7,8.7
2016-01-22,348,1.95,2.05
2016-01-22,349,1.95,2.05
2016-01-22,350,2.3,2.4
2016-01-22,351,2,2.1
2016-01-22,352,3.75,3.85
2016-01-22,353,4.2,4.3
2016-01-22,354,1.7,1.8
2016-01-22,355,1.6,1.7
2016-01-22,356,1.6,1.7
2016-01-22,357,1.7,1.8
2016-01-22,358,3.9,4
2016-01-22,359,2.35,2.45
2016-01-22,360,2.35,2.45
2016-01-22,361,4.1,4.2
2016-01-22,362,5,5.1
2016-01-22,363,4.35,4.45
2016-01-22,364,1.85,1.95
2016-01-22,365,1.7,1.75
2016-01-22,366,5.5,5.6
2016-01-22,367,2.4,2.45
2016-01-22,368,1.6,1.7
2016-01-22,369,5.5,5.6
2016-01-22,370,2.3,2.35
2016-01-22,371,1.6,1.7
2016-01-22,372,3.8,4
2016-01-25,2,,
2016-01-25,3,,
2016-01-25,4,179,180
2016-01-25,5,,
2016-01-25,6,,
2016-01-25,7,,
2016-01-25,8,250,252
2016-01-25,9,175,176
2016-01-25,10,179,180
2016-01-25,11,,
2016-01-25,12,182,184
2016-01-25,13,168,169
2016-01-25,14,166,167
2016-01-25,15,176,177
2016-01-25,16,166,167
2016-01-25,17,,
2016-01-25,18,,
2016-01-25,19,,
2016-01-25,20,,
2016-01-25,21,178,179
2016-01-25,22,,
2016-01-25,23,435,440
2016-01-25,24,429,434
2016-01-25,25,264,266
2016-01-25,26,259,262
2016-01-25,27,447,448
2016-01-25,28,443,445
2016-01-25,29,429,430
2016-01-25,30,158,160
2016-01-25,31,162,164
2016-01-25,32,130,132
2016-01-25,33,166,168
2016-01-25,34,137,139
2016-01-25,35,188,190
2016-01-25,36,159,161
2016-01-25,37,134,135
2016-01-25,38,134,135
2016-01-25,39,262,263
2016-01-25,40,140,147
2016-01-25,41,875,880
2016-01-25,42,165,168
2016-01-25,43,165,167
2016-01-25,44,,
2016-01-25,45,,
2016-01-25,46,,
2016-01-25,47,189,190
2016-01-25,48,182,184
2016-01-25,49,,
2016-01-25,50,680,730
2016-01-25,51,500,580
2016-01-25,52,,
2016-01-25,53,1600,1700
2016-01-25,54,1360,1460
2016-01-25,55,270,300
2016-01-25,56,210,220
2016-01-25,57,161,167
2016-01-25,58,107,112
2016-01-25,59,83,85
2016-01-25,60,,
2016-01-25,61,,
2016-01-25,62,,
2016-01-25,63,125,130
2016-01-25,64,,
2016-01-25,65,,
2016-01-25,66,,
2016-01-25,67,145,150
2016-01-25,68,,
2016-01-25,69,,
2016-01-25,70,,
2016-01-25,71,85,90
2016-01-25,72,220,230
2016-01-25,73,342,343
2016-01-25,74,,
2016-01-25,75,348,349
2016-01-25,76,363,365
2016-01-25,77,360,362
2016-01-25,78,,
2016-01-25,79,,
2016-01-25,80,,
2016-01-25,81,315,320
2016-01-25,82,,
2016-01-25,83,840,850
2016-01-25,84,870,890
2016-01-25,85,740,745
2016-01-25,86,605,610
2016-01-25,87,770,810
2016-01-25,88,715,720
2016-01-25,89,1430,1440
2016-01-25,90,990,1010
2016-01-25,91,1020,1040
2016-01-25,92,855,860
2016-01-25,93,880,890
2016-01-25,94,842,847
2016-01-25,95,795,800
2016-01-25,96,,
2016-01-25,97,,
2016-01-25,98,,
2016-01-25,99,,
2016-01-25,100,,
2016-01-25,101,10,11
2016-01-25,102,10.5,11.5
2016-01-25,103,3.6,4.3
2016-01-25,104,3.45,3.7
2016-01-25,105,3.55,3.9
2016-01-25,106,3.25,3.3
2016-01-25,107,1.45,1.55
2016-01-25,108,262,280
2016-01-25,109,,
2016-01-25,110,365,390
2016-01-25,111,245,247
2016-01-25,112,245,248
2016-01-25,113,,
2016-01-25,114,205,206
2016-01-25,115,165,167
2016-01-25,116,,
2016-01-25,117,335,338
2016-01-25,118,307,310
2016-01-25,119,,
2016-01-25,120,,
2016-01-25,121,405,411
2016-01-25,122,,
2016-01-25,123,,
2016-01-25,124,315,318
2016-01-25,125,,
2016-01-25,126,,
2016-01-25,127,207,210
2016-01-25,128,162,167
2016-01-25,129,,
2016-01-25,130,105,110
2016-01-25,131,1625,1630
2016-01-25,132,540,545
2016-01-25,133,520,522
2016-01-25,134,680,685
2016-01-25,135,8,9
2016-01-25,136,8.5,9.5
2016-01-25,139,7,7.5
2016-01-25,140,7.5,8
2016-01-25,141,,
2016-01-25,142,2.3,2.7
2016-01-25,143,,
2016-01-25,144,2.3,2.9
2016-01-25,145,3.8,4
2016-01-25,146,3.8,4.1
2016-01-25,147,1.5,1.7
2016-01-25,148,,
2016-01-25,149,0.95,1.05
2016-01-25,150,0.98,1.06
2016-01-25,151,1.05,1.1
2016-01-25,152,,
2016-01-25,153,,
2016-01-25,154,,
2016-01-25,155,,
2016-01-25,156,6,6.5
2016-01-25,157,0.95,1.1
2016-01-25,158,,
2016-01-25,159,0.9,1
2016-01-25,160,1.1,1.2
2016-01-25,161,1.1,1.2
2016-01-25,162,1.35,1.45
2016-01-25,163,3.7,4.2
2016-01-25,164,,
2016-01-25,165,,
2016-01-25,166,3.9,4.5
2016-01-25,168,0.85,0.95
2016-01-25,169,5.9,6.3
2016-01-25,170,3.9,4.5
2016-01-25,171,5.2,5.8
2016-01-25,172,0.95,1
2016-01-25,173,1.05,1.15
2016-01-25,174,,
2016-01-25,175,3.6,4.3
2016-01-25,176,4,5
2016-01-25,177,8,9
2016-01-25,178,7.65,7.75
2016-01-25,179,7.1,7.2
2016-01-25,180,6.6,6.7
2016-01-25,181,4.78,4.83
2016-01-25,182,5.03,5.08
2016-01-25,183,5.02,5.05
2016-01-25,184,5.7,5.8
2016-01-25,185,6.65,6.75
2016-01-25,186,8.2,8.5
2016-01-25,187,310,330
2016-01-25,188,260,280
2016-01-25,189,115,125
2016-01-25,190,1350,1400
2016-01-25,191,3.99,3.99
2016-01-25,192,2.6,2.6
2016-01-25,193,2.26,2.26
2016-01-25,194,1.76,1.76
2016-01-25,195,1.41,1.41
2016-01-25,196,1.35,1.35
2016-01-25,197,1.23,1.23
2016-01-25,198,1.31,1.31
2016-01-25,199,1.25,1.25
2016-01-25,202,,
2016-01-25,203,,
2016-01-25,204,,
2016-01-25,205,,
2016-01-25,206,,
2016-01-25,207,,
2016-01-25,208,,
2016-01-25,209,,
2016-01-25,210,0.4,0.5
2016-01-25,211,0.2,0.25
2016-01-25,212,0.2,0.25
2016-01-25,213,,
2016-01-25,214,,
2016-01-25,215,,
2016-01-25,216,,
2016-01-25,217,,
2016-01-25,218,,
2016-01-25,219,,
2016-01-25,220,,
2016-01-25,221,,
2016-01-25,222,,
2016-01-25,223,,
2016-01-25,224,,
2016-01-25,225,1.7,1.8
2016-01-25,226,2,2.2
2016-01-25,227,,
2016-01-25,228,,
2016-01-25,229,0.45,0.5
2016-01-25,230,,
2016-01-25,231,,
2016-01-25,232,,
2016-01-25,233,0.28,0.3
2016-01-25,234,,
2016-01-25,235,,
2016-01-25,236,,
2016-01-25,237,,
2016-01-25,238,,
2016-01-25,239,,
2016-01-25,240,,
2016-01-25,241,,
2016-01-25,242,,
2016-01-25,243,,
2016-01-25,244,,
2016-01-25,245,,
2016-01-25,246,0.5,0.6
2016-01-25,247,1.5,1.6
2016-01-25,248,,
2016-01-25,249,0.45,0.5
2016-01-25,250,0.25,0.3
2016-01-25,251,,
2016-01-25,252,,
2016-01-25,253,0.65,0.75
2016-01-25,254,,
2016-01-25,255,,
2016-01-25,256,,
2016-01-25,257,0.4,0.5
2016-01-25,258,,
2016-01-25,259,,
2016-01-25,260,,
2016-01-25,261,0.4,0.45
2016-01-25,262,0.45,0.5
2016-01-25,263,0.55,0.6
2016-01-25,264,0.65,0.7
2016-01-25,265,0.9,1
2016-01-25,266,,
2016-01-25,267,,
2016-01-25,268,,
2016-01-25,269,,
2016-01-25,270,,
2016-01-25,271,,
2016-01-25,272,,
2016-01-25,273,,
2016-01-25,274,,
2016-01-25,275,,
2016-01-25,276,,
2016-01-25,277,,
2016-01-25,278,,
2016-01-25,279,,
2016-01-25,280,0.4,0.45
2016-01-25,281,0.35,0.45
2016-01-25,282,,
2016-01-25,283,0.3,0.35
2016-01-25,284,,
2016-01-25,285,,
2016-01-25,286,,
2016-01-25,287,,
2016-01-25,288,,
2016-01-25,289,,
2016-01-25,290,,
2016-01-25,291,,
2016-01-25,292,,
2016-01-25,293,,
2016-01-25,294,,
2016-01-25,295,,
2016-01-25,296,,
2016-01-25,297,,
2016-01-25,298,,
2016-01-25,299,,
2016-01-25,300,,
2016-01-25,301,,
2016-01-25,302,,
2016-01-25,303,,
2016-01-25,304,,
2016-01-25,305,,
2016-01-25,306,,
2016-01-25,307,,
2016-01-25,308,,
2016-01-25,309,,
2016-01-25,310,,
2016-01-25,311,,
2016-01-25,312,,
2016-01-25,313,,
2016-01-25,314,,
2016-01-25,315,,
2016-01-25,316,,
2016-01-25,317,,
2016-01-25,318,,
2016-01-25,319,,
2016-01-25,320,,
2016-01-25,321,,
2016-01-25,322,,
2016-01-25,323,,
2016-01-25,615,8,9
2016-01-25,616,7.5,8.5
2016-01-25,617,3.4,3.5
2016-01-25,618,3.5,3.6
2016-01-29,324,0.99,1.01
2016-01-29,325,0.99,1.01
2016-01-29,326,0.99,1.01
2016-01-29,328,0.26,0.3
2016-01-29,329,0.07,0.09
2016-01-29,331,0.2,0.22
2016-01-29,332,,
2016-01-29,333,2.35,2.39
2016-01-29,334,2.35,2.39
2016-01-29,335,2.5,2.54
2016-01-29,336,,
2016-01-29,337,,
2016-01-29,338,1.45,1.47
2016-01-29,339,1.45,1.47
2016-01-29,340,,
2016-01-29,341,2.7,2.74
2016-01-29,342,2.75,2.79
2016-01-29,343,2.6,2.64
2016-01-29,344,12.7,12.7
2016-01-29,345,10,10
2016-01-29,346,9.1,9.1
2016-01-29,347,8.7,8.7
2016-01-29,348,1.95,2.05
2016-01-29,349,1.95,2.05
2016-01-29,350,2.3,2.4
2016-01-29,351,2,2.1
2016-01-29,352,3.85,3.95
2016-01-29,353,4.2,4.3
2016-01-29,354,1.7,1.8
2016-01-29,355,1.6,1.7
2016-01-29,356,1.6,1.7
2016-01-29,357,1.7,1.8
2016-01-29,358,3.9,4
2016-01-29,359,2.35,2.45
2016-01-29,360,2.35,2.45
2016-01-29,361,4.1,4.2
2016-01-29,362,5,5.1
2016-01-29,363,4.35,4.45
2016-01-29,364,1.85,1.95
2016-01-29,365,1.7,1.75
2016-01-29,366,5.5,5.6
2016-01-29,367,2.4,2.45
2016-01-29,368,1.6,1.7
2016-01-29,369,5.5,5.6
2016-01-29,370,2.3,2.35
2016-01-29,371,1.6,1.7
2016-01-29,372,3.6,3.8
2016-01-30,4,176.5,177.5
2016-01-30,8,250,252
2016-01-30,9,174,175
2016-01-30,10,178,179
2016-01-30,12,182,184
2016-01-30,13,168,169
2016-01-30,14,166,167
2016-01-30,15,174.5,175.5
2016-01-30,16,167,168
2016-01-30,21,177,178
2016-01-30,23,435,440
2016-01-30,24,429,434
2016-01-30,25,264,266
2016-01-30,26,259,262
2016-01-30,27,447,448
2016-01-30,28,443,445
2016-01-30,29,429,430
2016-01-30,30,151,153
2016-01-30,31,155,157
2016-01-30,32,123,125
2016-01-30,33,159,161
2016-01-30,34,130,132
2016-01-30,35,183,185
2016-01-30,36,154,156
2016-01-30,37,127.5,128.5
2016-01-30,38,127.5,128.5
2016-01-30,39,262,263
2016-01-30,40,140,147
2016-01-30,41,870,875
2016-01-30,42,162.5,165.5
2016-01-30,43,164,166
2016-01-30,47,193,194
2016-01-30,48,180,182
2016-01-30,50,680,730
2016-01-30,51,490,570
2016-01-30,53,1600,1700
2016-01-30,54,1340,1440
2016-01-30,55,270,300
2016-01-30,56,205,215
2016-01-30,57,164,170
2016-01-30,58,110,115
2016-01-30,59,86,88
2016-01-30,63,125,130
2016-01-30,67,145,150
2016-01-30,71,85,90
2016-01-30,72,217.5,225
2016-01-30,73,336,337
2016-01-30,75,335,336
2016-01-30,76,357.5,359.5
2016-01-30,77,357.5,359.5
2016-01-30,81,315,320
2016-01-30,83,840,850
2016-01-30,84,870,890
2016-01-30,85,740,745
2016-01-30,86,640,650
2016-01-30,87,767.5,800
2016-01-30,88,715,720
2016-01-30,89,1430,1440
2016-01-30,90,990,1010
2016-01-30,91,1020,1040
2016-01-30,92,855,860
2016-01-30,93,865,875
2016-01-30,94,834.5,839.5
2016-01-30,95,795,800
2016-01-30,101,10,11
2016-01-30,102,10.5,11.5
2016-01-30,103,3.65,4.3
2016-01-30,104,3.48,3.73
2016-01-30,105,3.55,3.9
2016-01-30,106,3.25,3.33
2016-01-30,107,1.48,1.58
2016-01-30,108,262,280
2016-01-30,110,365,390
2016-01-30,111,245,247
2016-01-30,112,240,243
2016-01-30,114,201.5,202.5
2016-01-30,115,165,167
2016-01-30,117,327.5,330.5
2016-01-30,118,302,305
2016-01-30,121,400,405
2016-01-30,124,310,313
2016-01-30,127,207,210
2016-01-30,128,162,167
2016-01-30,130,105,110
2016-01-30,131,1622.5,1627.5
2016-01-30,132,537.5,542.5
2016-01-30,133,517.5,519.5
2016-01-30,134,675,680
2016-01-30,135,8,9
2016-01-30,136,8.5,9.5
2016-01-30,139,7,7.5
2016-01-30,140,7.5,8
2016-01-30,144,2.3,2.9
2016-01-30,145,3.8,4
2016-01-30,146,3.8,4.1
2016-01-30,147,1.5,1.7
2016-01-30,149,0.95,1.05
2016-01-30,150,0.98,1.06
2016-01-30,151,1.05,1.1
2016-01-30,154,3.1,3.2
2016-01-30,156,6,6.5
2016-01-30,157,0.95,1.1
2016-01-30,159,0.9,1
2016-01-30,160,1,1.1
2016-01-30,162,1.35,1.45
2016-01-30,163,4,4.25
2016-01-30,164,5.2,5.8
2016-01-30,165,1.3,1.5
2016-01-30,166,3.9,4.5
2016-01-30,168,0.85,0.95
2016-01-30,169,5.9,6.3
2016-01-30,170,4.2,4.5
2016-01-30,171,5.2,5.8
2016-01-30,173,1.05,1.15
2016-01-30,175,3.6,4.3
2016-01-30,176,4,5
2016-01-30,177,7,8
2016-01-30,178,7.65,7.75
2016-01-30,179,7.1,7.2
2016-01-30,180,6.6,6.7
2016-01-30,181,4.77,4.81
2016-01-30,182,5.02,5.06
2016-01-30,183,5.02,5.05
2016-01-30,184,5.7,5.8
2016-01-30,185,6.65,6.75
2016-01-30,186,8.2,8.5
2016-01-30,187,300,320
2016-01-30,188,250,267.5
2016-01-30,189,125,135
2016-01-30,190,1315,1365
2016-01-30,191,4.13,4.13
2016-01-30,192,2.72,2.72
2016-01-30,193,2.41,2.41
2016-01-30,194,1.88,1.88
2016-01-30,195,1.48,1.48
2016-01-30,196,1.35,1.35
2016-01-30,197,1.2,1.2
2016-01-30,198,1.27,1.27
2016-01-30,199,1.22,1.22
2016-01-30,210,0.38,0.47
2016-01-30,211,0.2,0.25
2016-01-30,212,0.2,0.25
2016-01-30,225,1.7,1.8
2016-01-30,226,2.15,2.4
2016-01-30,229,0.43,0.5
2016-01-30,233,0.28,0.3
2016-01-30,246,0.45,0.5
2016-01-30,249,0.45,0.5
2016-01-30,250,0.25,0.3
2016-01-30,253,0.65,0.75
2016-01-30,257,0.4,0.5
2016-01-30,261,0.4,0.45
2016-01-30,262,0.45,0.5
2016-01-30,263,0.55,0.6
2016-01-30,264,0.65,0.7
2016-01-30,265,0.9,1
2016-01-30,280,0.4,0.45
2016-01-30,281,0.4,0.45
2016-01-30,283,0.3,0.35
2016-01-30,324,0.9,0.92
2016-01-30,325,0.9,0.92
2016-01-30,326,0.9,0.92
2016-01-30,328,0.27,0.31
2016-01-30,329,0.1,0.12
2016-01-30,331,0.24,0.26
2016-01-30,333,2.35,2.39
2016-01-30,334,2.35,2.39
2016-01-30,335,2.5,2.54
2016-01-30,338,1.38,1.4
2016-01-30,339,1.38,1.4
2016-01-30,341,2.7,2.74
2016-01-30,342,2.75,2.79
2016-01-30,343,2.6,2.64
2016-01-30,344,12.7,12.7
2016-01-30,345,10,10
2016-01-30,346,9.1,9.1
2016-01-30,347,8.7,8.7
2016-01-30,348,1.65,1.75
2016-01-30,349,1.65,1.75
2016-01-30,350,2.05,2.15
2016-01-30,351,1.7,1.8
2016-01-30,352,3.85,3.95
2016-01-30,353,4.2,4.3
2016-01-30,354,1.7,1.8
2016-01-30,355,1.6,1.7
2016-01-30,356,1.6,1.7
2016-01-30,357,1.7,1.8
2016-01-30,358,3.9,4
2016-01-30,359,2.2,2.3
2016-01-30,360,2.2,2.3
2016-01-30,361,4.1,4.2
2016-01-30,362,5,5.1
2016-01-30,363,4,4.1
2016-01-30,364,1.7,1.8
2016-01-30,365,1.7,1.75
2016-01-30,366,5.2,5.3
2016-01-30,367,2.3,2.35
2016-01-30,368,1.6,1.7
2016-01-30,369,5.2,5.3
2016-01-30,370,2.2,2.25
2016-01-30,371,1.6,1.7
2016-01-30,372,3.4,3.6
2016-01-30,615,8,9
2016-01-30,616,7.5,8.5
2016-02-01,2,,
2016-02-01,3,,
2016-02-01,4,177,178
2016-02-01,5,,
2016-02-01,6,,
2016-02-01,7,,
2016-02-01,8,250,252
2016-02-01,9,175,176
2016-02-01,10,179,180
2016-02-01,11,,
2016-02-01,12,182,184
2016-02-01,13,168,169
2016-02-01,14,166,167
2016-02-01,15,175,176
2016-02-01,16,167,168
2016-02-01,17,,
2016-02-01,18,,
2016-02-01,19,,
2016-02-01,20,,
2016-02-01,21,178,179
2016-02-01,22,,
2016-02-01,23,435,440
2016-02-01,24,429,434
2016-02-01,25,264,266
2016-02-01,26,259,262
2016-02-01,27,447,448
2016-02-01,28,443,445
2016-02-01,29,429,430
2016-02-01,30,153,155
2016-02-01,31,157,159
2016-02-01,32,125,127
2016-02-01,33,161,163
2016-02-01,34,132,134
2016-02-01,35,185,187
2016-02-01,36,156,158
2016-02-01,37,130,131
2016-02-01,38,130,131
2016-02-01,39,262,263
2016-02-01,40,140,147
2016-02-01,41,875,880
2016-02-01,42,165,168
2016-02-01,43,165,167
2016-02-01,44,,
2016-02-01,45,,
2016-02-01,46,,
2016-02-01,47,193,194
2016-02-01,48,180,182
2016-02-01,49,,
2016-02-01,50,680,730
2016-02-01,51,490,570
2016-02-01,52,,
2016-02-01,53,1600,1700
2016-02-01,54,1340,1440
2016-02-01,55,270,300
2016-02-01,56,205,215
2016-02-01,57,164,170
2016-02-01,58,110,115
2016-02-01,59,86,88
2016-02-01,60,,
2016-02-01,61,,
2016-02-01,62,,
2016-02-01,63,125,130
2016-02-01,64,,
2016-02-01,65,,
2016-02-01,66,,
2016-02-01,67,145,150
2016-02-01,68,,
2016-02-01,69,,
2016-02-01,70,,
2016-02-01,71,85,90
2016-02-01,72,215,225
2016-02-01,73,338,339
2016-02-01,74,,
2016-02-01,75,340,341
2016-02-01,76,360,362
2016-02-01,77,360,362
2016-02-01,78,,
2016-02-01,79,,
2016-02-01,80,,
2016-02-01,81,315,320
2016-02-01,82,,
2016-02-01,83,840,850
2016-02-01,84,870,890
2016-02-01,85,740,745
2016-02-01,86,640,650
2016-02-01,87,770,810
2016-02-01,88,715,720
2016-02-01,89,1430,1440
2016-02-01,90,990,1010
2016-02-01,91,1020,1040
2016-02-01,92,855,860
2016-02-01,93,880,890
2016-02-01,94,842,847
2016-02-01,95,795,800
2016-02-01,96,,
2016-02-01,97,,
2016-02-01,98,,
2016-02-01,99,,
2016-02-01,100,,
2016-02-01,101,10,11
2016-02-01,102,10.5,11.5
2016-02-01,103,3.65,4.3
2016-02-01,104,3.45,3.7
2016-02-01,105,3.55,3.9
2016-02-01,106,3.25,3.3
2016-02-01,107,1.45,1.55
2016-02-01,108,262,280
2016-02-01,109,,
2016-02-01,110,365,390
2016-02-01,111,245,247
2016-02-01,112,240,243
2016-02-01,113,,
2016-02-01,114,205,206
2016-02-01,115,165,167
2016-02-01,116,,
2016-02-01,117,335,338
2016-02-01,118,307,310
2016-02-01,119,,
2016-02-01,120,,
2016-02-01,121,405,411
2016-02-01,122,,
2016-02-01,123,,
2016-02-01,124,315,318
2016-02-01,125,,
2016-02-01,126,,
2016-02-01,127,207,210
2016-02-01,128,162,167
2016-02-01,129,,
2016-02-01,130,105,110
2016-02-01,131,1625,1630
2016-02-01,132,540,545
2016-02-01,133,520,522
2016-02-01,134,680,685
2016-02-01,135,8,9
2016-02-01,136,8.5,9.5
2016-02-01,139,7,7.5
2016-02-01,140,7.5,8
2016-02-01,141,,
2016-02-01,142,,
2016-02-01,143,,
2016-02-01,144,2.3,2.9
2016-02-01,145,3.8,4
2016-02-01,146,3.8,4.1
2016-02-01,147,1.5,1.7
2016-02-01,149,0.95,1.05
2016-02-01,150,0.98,1.06
2016-02-01,151,1.05,1.1
2016-02-01,152,,
2016-02-01,153,,
2016-02-01,154,,
2016-02-01,155,,
2016-02-01,156,6,6.5
2016-02-01,157,0.95,1.1
2016-02-01,158,,
2016-02-01,159,0.9,1
2016-02-01,160,1,1.1
2016-02-01,161,,
2016-02-01,162,1.35,1.45
2016-02-01,163,4,4.2
2016-02-01,164,5.2,5.8
2016-02-01,165,1.3,1.5
2016-02-01,166,3.9,4.5
2016-02-01,168,0.85,0.95
2016-02-01,169,5.9,6.3
2016-02-01,170,4.2,4.5
2016-02-01,171,5.2,5.8
2016-02-01,172,,
2016-02-01,173,1.05,1.15
2016-02-01,174,,
2016-02-01,175,3.6,4.3
2016-02-01,176,4,5
2016-02-01,177,7,8
2016-02-01,178,7.65,7.75
2016-02-01,179,7.1,7.2
2016-02-01,180,6.6,6.7
2016-02-01,181,4.78,4.83
2016-02-01,182,5.03,5.08
2016-02-01,183,5.02,5.05
2016-02-01,184,5.7,5.8
2016-02-01,185,6.65,6.75
2016-02-01,186,8.2,8.5
2016-02-01,187,300,320
2016-02-01,188,250,270
2016-02-01,189,125,135
2016-02-01,190,1330,1380
2016-02-01,191,4.08,4.08
2016-02-01,192,2.68,2.68
2016-02-01,193,2.36,2.36
2016-02-01,194,1.83,1.83
2016-02-01,195,1.45,1.45
2016-02-01,196,1.35,1.35
2016-02-01,197,1.21,1.21
2016-02-01,198,1.28,1.28
2016-02-01,199,1.23,1.23
2016-02-01,202,,
2016-02-01,203,,
2016-02-01,204,,
2016-02-01,205,,
2016-02-01,206,,
2016-02-01,207,,
2016-02-01,208,,
2016-02-01,209,,
2016-02-01,210,0.4,0.5
2016-02-01,211,0.2,0.25
2016-02-01,212,0.2,0.25
2016-02-01,213,,
2016-02-01,214,,
2016-02-01,215,,
2016-02-01,216,,
2016-02-01,217,,
2016-02-01,218,,
2016-02-01,219,,
2016-02-01,220,,
2016-02-01,221,,
2016-02-01,222,,
2016-02-01,223,,
2016-02-01,224,,
2016-02-01,225,1.7,1.8
2016-02-01,226,2.1,2.3
2016-02-01,227,,
2016-02-01,228,,
2016-02-01,229,0.45,0.5
2016-02-01,230,,
2016-02-01,231,,
2016-02-01,232,,
2016-02-01,233,0.28,0.3
2016-02-01,234,,
2016-02-01,235,,
2016-02-01,236,,
2016-02-01,237,,
2016-02-01,238,,
2016-02-01,239,,
2016-02-01,240,,
2016-02-01,241,,
2016-02-01,242,,
2016-02-01,243,,
2016-02-01,244,,
2016-02-01,245,,
2016-02-01,246,0.45,0.5
2016-02-01,247,,
2016-02-01,248,,
2016-02-01,249,0.45,0.5
2016-02-01,250,0.25,0.3
2016-02-01,251,,
2016-02-01,252,,
2016-02-01,253,0.65,0.75
2016-02-01,254,,
2016-02-01,255,,
2016-02-01,256,,
2016-02-01,257,0.4,0.5
2016-02-01,258,,
2016-02-01,259,,
2016-02-01,260,,
2016-02-01,261,0.4,0.45
2016-02-01,262,0.45,0.5
2016-02-01,263,0.55,0.6
2016-02-01,264,0.65,0.7
2016-02-01,265,0.9,1
2016-02-01,266,,
2016-02-01,267,,
2016-02-01,268,,
2016-02-01,269,,
2016-02-01,270,,
2016-02-01,271,,
2016-02-01,272,,
2016-02-01,273,,
2016-02-01,274,,
2016-02-01,275,,
2016-02-01,276,,
2016-02-01,277,,
2016-02-01,278,,
2016-02-01,279,,
2016-02-01,280,0.4,0.45
2016-02-01,281,0.4,0.45
2016-02-01,282,,
2016-02-01,283,0.3,0.35
2016-02-01,284,,
2016-02-01,285,,
2016-02-01,286,,
2016-02-01,287,,
2016-02-01,288,,
2016-02-01,289,,
2016-02-01,290,,
2016-02-01,291,,
2016-02-01,292,,
2016-02-01,293,,
2016-02-01,294,,
2016-02-01,295,,
2016-02-01,296,,
2016-02-01,297,,
2016-02-01,298,,
2016-02-01,299,,
2016-02-01,300,,
2016-02-01,301,,
2016-02-01,302,,
2016-02-01,303,,
2016-02-01,304,,
2016-02-01,305,,
2016-02-01,306,,
2016-02-01,307,,
2016-02-01,308,,
2016-02-01,309,,
2016-02-01,310,,
2016-02-01,311,,
2016-02-01,312,,
2016-02-01,313,,
2016-02-01,314,,
2016-02-01,315,,
2016-02-01,316,,
2016-02-01,317,,
2016-02-01,318,,
2016-02-01,319,,
2016-02-01,320,,
2016-02-01,321,,
2016-02-01,322,,
2016-02-01,323,,
2016-02-01,615,8,9
2016-02-01,616,7.5,8.5
2016-02-01,617,,
2016-02-01,618,,
2016-02-05,324,0.9,0.92
2016-02-05,325,0.9,0.92
2016-02-05,326,0.9,0.92
2016-02-05,328,0.26,0.3
2016-02-05,329,0.07,0.09
2016-02-05,331,0.2,0.22
2016-02-05,332,,
2016-02-05,333,2.35,2.39
2016-02-05,334,2.35,2.39
2016-02-05,335,2.5,2.54
2016-02-05,336,,
2016-02-05,337,,
2016-02-05,338,1.38,1.4
2016-02-05,339,1.38,1.4
2016-02-05,340,,
2016-02-05,341,2.7,2.74
2016-02-05,342,2.75,2.79
2016-02-05,343,2.6,2.64
2016-02-05,344,12.7,12.7
2016-02-05,345,10,10
2016-02-05,346,9.1,9.1
2016-02-05,347,8.7,8.7
2016-02-05,348,1.7,1.8
2016-02-05,349,1.7,1.8
2016-02-05,350,2.1,2.2
2016-02-05,351,1.75,1.85
2016-02-05,352,3.85,3.95
2016-02-05,353,4.2,4.3
2016-02-05,354,1.7,1.8
2016-02-05,355,1.6,1.7
2016-02-05,356,1.6,1.7
2016-02-05,357,1.7,1.8
2016-02-05,358,3.9,4
2016-02-05,359,2.2,2.3
2016-02-05,360,2.2,2.3
2016-02-05,361,4.1,4.2
2016-02-05,362,5,5.1
2016-02-05,363,4,4.1
2016-02-05,364,1.7,1.8
2016-02-05,365,1.7,1.75
2016-02-05,366,5.2,5.3
2016-02-05,367,2.3,2.35
2016-02-05,368,1.6,1.7
2016-02-05,369,5.2,5.3
2016-02-05,370,2.2,2.25
2016-02-05,371,1.6,1.7
2016-02-05,372,3.4,3.6
2016-02-08,2,,
2016-02-08,3,,
2016-02-08,4,176,177
2016-02-08,5,,
2016-02-08,6,,
2016-02-08,7,,
2016-02-08,8,250,252
2016-02-08,9,173,174
2016-02-08,10,177,178
2016-02-08,11,,
2016-02-08,12,182,184
2016-02-08,13,168,169
2016-02-08,14,166,167
2016-02-08,15,174,175
2016-02-08,16,167,168
2016-02-08,17,,
2016-02-08,18,,
2016-02-08,19,,
2016-02-08,20,,
2016-02-08,21,176,177
2016-02-08,22,,
2016-02-08,23,435,440
2016-02-08,24,429,434
2016-02-08,25,264,266
2016-02-08,26,259,262
2016-02-08,27,447,448
2016-02-08,28,443,445
2016-02-08,29,429,430
2016-02-08,30,149,151
2016-02-08,31,153,155
2016-02-08,32,121,123
2016-02-08,33,157,159
2016-02-08,34,128,130
2016-02-08,35,181,183
2016-02-08,36,152,154
2016-02-08,37,125,126
2016-02-08,38,125,126
2016-02-08,39,262,263
2016-02-08,40,140,147
2016-02-08,41,865,870
2016-02-08,42,160,163
2016-02-08,43,163,165
2016-02-08,44,,
2016-02-08,45,,
2016-02-08,46,,
2016-02-08,47,193,194
2016-02-08,48,180,182
2016-02-08,49,,
2016-02-08,50,680,730
2016-02-08,51,490,570
2016-02-08,52,,
2016-02-08,53,1600,1700
2016-02-08,54,1340,1440
2016-02-08,55,270,300
2016-02-08,56,205,215
2016-02-08,57,164,170
2016-02-08,58,110,115
2016-02-08,59,86,88
2016-02-08,60,,
2016-02-08,61,,
2016-02-08,62,,
2016-02-08,63,125,130
2016-02-08,64,,
2016-02-08,65,,
2016-02-08,66,,
2016-02-08,67,145,150
2016-02-08,68,,
2016-02-08,69,,
2016-02-08,70,,
2016-02-08,71,85,90
2016-02-08,72,220,225
2016-02-08,73,334,335
2016-02-08,74,,
2016-02-08,75,330,331
2016-02-08,76,355,357
2016-02-08,77,355,357
2016-02-08,78,,
2016-02-08,79,,
2016-02-08,80,,
2016-02-08,81,315,320
2016-02-08,82,,
2016-02-08,83,840,850
2016-02-08,84,870,890
2016-02-08,85,740,745
2016-02-08,86,640,650
2016-02-08,87,765,790
2016-02-08,88,,
2016-02-08,89,1430,1440
2016-02-08,90,990,1010
2016-02-08,91,1020,1040
2016-02-08,92,855,860
2016-02-08,93,850,860
2016-02-08,94,827,832
2016-02-08,95,,
2016-02-08,96,,
2016-02-08,97,,
2016-02-08,98,,
2016-02-08,99,,
2016-02-08,100,,
2016-02-08,101,10,11
2016-02-08,102,10.5,11.5
2016-02-08,103,3.65,4.3
2016-02-08,104,3.5,3.75
2016-02-08,105,3.55,3.9
2016-02-08,106,3.25,3.35
2016-02-08,107,1.5,1.6
2016-02-08,108,262,280
2016-02-08,109,,
2016-02-08,110,365,390
2016-02-08,111,245,247
2016-02-08,112,240,243
2016-02-08,113,,
2016-02-08,114,198,199
2016-02-08,115,165,167
2016-02-08,116,,
2016-02-08,117,320,323
2016-02-08,118,297,300
2016-02-08,119,,
2016-02-08,120,,
2016-02-08,121,395,399
2016-02-08,122,,
2016-02-08,123,,
2016-02-08,124,305,308
2016-02-08,125,,
2016-02-08,126,,
2016-02-08,127,207,210
2016-02-08,128,162,167
2016-02-08,129,,
2016-02-08,130,105,110
2016-02-08,131,1620,1625
2016-02-08,132,535,540
2016-02-08,133,515,517
2016-02-08,134,670,675
2016-02-08,135,8,9
2016-02-08,136,8.5,9.5
2016-02-08,139,7,7.5
2016-02-08,140,7.5,8
2016-02-08,141,,
2016-02-08,142,,
2016-02-08,143,,
2016-02-08,144,,
2016-02-08,145,3.8,4
2016-02-08,146,3.8,4.1
2016-02-08,147,1.5,1.7
2016-02-08,149,0.95,1.05
2016-02-08,150,0.98,1.06
2016-02-08,151,1.05,1.1
2016-02-08,152,,
2016-02-08,153,,
2016-02-08,154,3.1,3.2
2016-02-08,155,,
2016-02-08,156,6,6.5
2016-02-08,157,0.95,1.1
2016-02-08,158,,
2016-02-08,159,0.9,1
2016-02-08,160,1,1.1
2016-02-08,161,,
2016-02-08,162,1.35,1.45
2016-02-08,163,4,4.3
2016-02-08,164,5.2,5.8
2016-02-08,165,1.3,1.5
2016-02-08,166,3.9,4.5
2016-02-08,168,0.85,0.95
2016-02-08,169,5.9,6.3
2016-02-08,170,4.2,4.5
2016-02-08,171,5.2,5.8
2016-02-08,172,,
2016-02-08,173,1.05,1.15
2016-02-08,174,,
2016-02-08,175,3.6,4.3
2016-02-08,176,4,5
2016-02-08,177,7,8
2016-02-08,178,7.65,7.75
2016-02-08,179,7.1,7.2
2016-02-08,180,6.6,6.7
2016-02-08,181,4.75,4.8
2016-02-08,182,5,5.05
2016-02-08,183,5.02,5.05
2016-02-08,184,5.7,5.8
2016-02-08,185,6.65,6.75
2016-02-08,186,8.2,8.5
2016-02-08,187,300,320
2016-02-08,188,250,265
2016-02-08,189,125,135
2016-02-08,190,1300,1350
2016-02-08,191,4.19,4.19
2016-02-08,192,2.76,2.76
2016-02-08,193,2.46,2.46
2016-02-08,194,1.92,1.92
2016-02-08,195,1.52,1.52
2016-02-08,196,1.35,1.35
2016-02-08,197,1.19,1.19
2016-02-08,198,1.26,1.26
2016-02-08,199,1.21,1.21
2016-02-08,202,,
2016-02-08,203,,
2016-02-08,204,,
2016-02-08,205,,
2016-02-08,206,,
2016-02-08,207,,
2016-02-08,208,,
2016-02-08,209,,
2016-02-08,210,0.35,0.45
2016-02-08,211,0.2,0.25
2016-02-08,212,0.2,0.25
2016-02-08,213,,
2016-02-08,214,,
2016-02-08,215,,
2016-02-08,216,,
2016-02-08,217,,
2016-02-08,218,,
2016-02-08,219,,
2016-02-08,220,,
2016-02-08,221,,
2016-02-08,222,,
2016-02-08,223,,
2016-02-08,224,,
2016-02-08,225,1.7,1.8
2016-02-08,226,2.2,2.5
2016-02-08,227,,
2016-02-08,228,,
2016-02-08,229,0.4,0.5
2016-02-08,230,,
2016-02-08,231,,
2016-02-08,232,,
2016-02-08,233,0.28,0.3
2016-02-08,234,,
2016-02-08,235,,
2016-02-08,236,,
2016-02-08,237,,
2016-02-08,238,,
2016-02-08,239,,
2016-02-08,240,,
2016-02-08,241,,
2016-02-08,242,,
2016-02-08,243,,
2016-02-08,244,,
2016-02-08,245,,
2016-02-08,246,0.45,0.5
2016-02-08,247,,
2016-02-08,248,,
2016-02-08,249,0.45,0.5
2016-02-08,250,0.25,0.3
2016-02-08,251,,
2016-02-08,252,,
2016-02-08,253,0.65,0.75
2016-02-08,254,,
2016-02-08,255,,
2016-02-08,256,,
2016-02-08,257,0.4,0.5
2016-02-08,258,,
2016-02-08,259,,
2016-02-08,260,,
2016-02-08,261,0.4,0.45
2016-02-08,262,0.45,0.5
2016-02-08,263,0.55,0.6
2016-02-08,264,0.65,0.7
2016-02-08,265,0.9,1
2016-02-08,266,,
2016-02-08,267,,
2016-02-08,268,,
2016-02-08,269,,
2016-02-08,270,,
2016-02-08,271,,
2016-02-08,272,,
2016-02-08,273,,
2016-02-08,274,,
2016-02-08,275,,
2016-02-08,276,,
2016-02-08,277,,
2016-02-08,278,,
2016-02-08,279,,
2016-02-08,280,0.4,0.45
2016-02-08,281,0.4,0.45
2016-02-08,282,,
2016-02-08,283,0.3,0.35
2016-02-08,284,,
2016-02-08,285,,
2016-02-08,286,,
2016-02-08,287,,
2016-02-08,288,,
2016-02-08,289,,
2016-02-08,290,,
2016-02-08,291,,
2016-02-08,292,,
2016-02-08,293,,
2016-02-08,294,,
2016-02-08,295,,
2016-02-08,296,,
2016-02-08,297,,
2016-02-08,298,,
2016-02-08,299,,
2016-02-08,300,,
2016-02-08,301,,
2016-02-08,302,,
2016-02-08,303,,
2016-02-08,304,,
2016-02-08,305,,
2016-02-08,306,,
2016-02-08,307,,
2016-02-08,308,,
2016-02-08,309,,
2016-02-08,310,,
2016-02-08,311,,
2016-02-08,312,,
2016-02-08,313,,
2016-02-08,314,,
2016-02-08,315,,
2016-02-08,316,,
2016-02-08,317,,
2016-02-08,318,,
2016-02-08,319,,
2016-02-08,320,,
2016-02-08,321,,
2016-02-08,322,,
2016-02-08,323,,
2016-02-08,615,8,9
2016-02-08,616,7.5,8.5
2016-02-12,324,0.9,0.92
2016-02-12,325,0.9,0.92
2016-02-12,326,0.9,0.92
2016-02-12,328,0.28,0.32
2016-02-12,329,0.12,0.14
2016-02-12,331,0.28,0.3
2016-02-12,332,,
2016-02-12,333,2.35,2.39
2016-02-12,334,2.35,2.39
2016-02-12,335,2.5,2.54
2016-02-12,336,,
2016-02-12,337,,
2016-02-12,338,1.38,1.4
2016-02-12,339,1.38,1.4
2016-02-12,340,,
2016-02-12,341,2.7,2.74
2016-02-12,342,2.75,2.79
2016-02-12,343,2.6,2.64
2016-02-12,344,12.7,12.7
2016-02-12,345,10,10
2016-02-12,346,9.1,9.1
2016-02-12,347,8.7,8.7
2016-02-12,348,1.6,1.7
2016-02-12,349,1.6,1.7
2016-02-12,350,2,2.1
2016-02-12,351,1.65,1.75
2016-02-12,352,3.85,3.95
2016-02-12,353,4.2,4.3
2016-02-12,354,1.7,1.8
2016-02-12,355,1.6,1.7
2016-02-12,356,1.6,1.7
2016-02-12,357,1.7,1.8
2016-02-12,358,3.9,4
2016-02-12,359,2.2,2.3
2016-02-12,360,2.2,2.3
2016-02-12,361,4.1,4.2
2016-02-12,362,5,5.1
2016-02-12,363,4,4.1
2016-02-12,364,1.7,1.8
2016-02-12,365,1.7,1.75
2016-02-12,366,5.2,5.3
2016-02-12,367,2.3,2.35
2016-02-12,368,1.6,1.7
2016-02-12,369,5.2,5.3
2016-02-12,370,2.2,2.25
2016-02-12,371,1.6,1.7
2016-02-12,372,3.4,3.6
2016-02-15,2,,
2016-02-15,3,,
2016-02-15,4,174,175
2016-02-15,5,,
2016-02-15,6,,
2016-02-15,7,,
2016-02-15,8,245,247
2016-02-15,9,170,171
2016-02-15,10,175,176
2016-02-15,11,,
2016-02-15,12,181,183
2016-02-15,13,167,168
2016-02-15,14,165,166
2016-02-15,15,173,174
2016-02-15,16,165,167
2016-02-15,17,,
2016-02-15,18,,
2016-02-15,19,,
2016-02-15,20,,
2016-02-15,21,173,174
2016-02-15,22,,
2016-02-15,23,430,435
2016-02-15,24,424,429
2016-02-15,25,259,261
2016-02-15,26,254,257
2016-02-15,27,447,448
2016-02-15,28,443,445
2016-02-15,29,429,430
2016-02-15,30,142,144
2016-02-15,31,146,148
2016-02-15,32,114,116
2016-02-15,33,150,152
2016-02-15,34,121,123
2016-02-15,35,171,173
2016-02-15,36,142,144
2016-02-15,37,120,121
2016-02-15,38,120,121
2016-02-15,39,261,262
2016-02-15,40,140,147
2016-02-15,41,855,860
2016-02-15,42,157,160
2016-02-15,43,160,162
2016-02-15,44,,
2016-02-15,45,,
2016-02-15,46,,
2016-02-15,47,188,189
2016-02-15,48,175,177
2016-02-15,49,,
2016-02-15,50,680,730
2016-02-15,51,480,560
2016-02-15,52,,
2016-02-15,53,1600,1700
2016-02-15,54,1320,1420
2016-02-15,55,265,295
2016-02-15,56,200,210
2016-02-15,57,164,170
2016-02-15,58,110,115
2016-02-15,59,86,88
2016-02-15,60,,
2016-02-15,61,,
2016-02-15,62,,
2016-02-15,63,125,130
2016-02-15,64,,
2016-02-15,65,,
2016-02-15,66,,
2016-02-15,67,145,150
2016-02-15,68,,
2016-02-15,69,,
2016-02-15,70,,
2016-02-15,71,85,90
2016-02-15,72,225,230
2016-02-15,73,329,330
2016-02-15,74,,
2016-02-15,75,330,331
2016-02-15,76,350,352
2016-02-15,77,350,352
2016-02-15,78,,
2016-02-15,79,,
2016-02-15,80,,
2016-02-15,81,315,320
2016-02-15,82,,
2016-02-15,83,860,870
2016-02-15,84,900,920
2016-02-15,85,730,735
2016-02-15,86,640,650
2016-02-15,87,755,780
2016-02-15,88,705,710
2016-02-15,89,1440,1450
2016-02-15,90,1010,1030
2016-02-15,91,1050,1070
2016-02-15,92,855,860
2016-02-15,93,830,840
2016-02-15,94,827,832
2016-02-15,95,745,750
2016-02-15,96,,
2016-02-15,97,,
2016-02-15,98,,
2016-02-15,99,,
2016-02-15,100,,
2016-02-15,101,10,11
2016-02-15,102,10.5,11.5
2016-02-15,103,3.65,4.3
2016-02-15,104,3.45,3.7
2016-02-15,105,3.5,3.85
2016-02-15,106,3.23,3.33
2016-02-15,107,1.5,1.6
2016-02-15,108,262,280
2016-02-15,109,,
2016-02-15,110,365,390
2016-02-15,111,245,247
2016-02-15,112,235,238
2016-02-15,113,,
2016-02-15,114,197,198
2016-02-15,115,160,165
2016-02-15,116,,
2016-02-15,117,315,318
2016-02-15,118,292,295
2016-02-15,119,,
2016-02-15,120,,
2016-02-15,121,390,394
2016-02-15,122,,
2016-02-15,123,,
2016-02-15,124,300,303
2016-02-15,125,,
2016-02-15,126,,
2016-02-15,127,207,210
2016-02-15,128,162,167
2016-02-15,129,,
2016-02-15,130,105,110
2016-02-15,131,1600,1605
2016-02-15,132,535,540
2016-02-15,133,515,517
2016-02-15,134,670,675
2016-02-15,135,8,9
2016-02-15,136,8.5,9.5
2016-02-15,139,7,7.5
2016-02-15,140,7.5,8
2016-02-15,141,,
2016-02-15,142,,
2016-02-15,143,,
2016-02-15,144,,
2016-02-15,145,3.8,4
2016-02-15,146,3.8,4.1
2016-02-15,147,1.5,1.7
2016-02-15,149,0.95,1.05
2016-02-15,150,0.98,1.06
2016-02-15,151,1.05,1.1
2016-02-15,152,,
2016-02-15,153,,
2016-02-15,154,3.1,3.2
2016-02-15,155,,
2016-02-15,156,6,6.5
2016-02-15,157,0.95,1.1
2016-02-15,158,,
2016-02-15,159,0.9,1
2016-02-15,160,1.1,1.2
2016-02-15,161,,
2016-02-15,162,1.35,1.45
2016-02-15,163,4,4.3
2016-02-15,164,5.2,5.8
2016-02-15,165,1.3,1.5
2016-02-15,166,3.9,4.5
2016-02-15,168,0.85,0.95
2016-02-15,169,5.9,6.3
2016-02-15,170,4.2,4.5
2016-02-15,171,5.2,5.8
2016-02-15,172,,
2016-02-15,173,1.05,1.15
2016-02-15,174,,
2016-02-15,175,3.6,4.3
2016-02-15,176,4,5
2016-02-15,177,6,7
2016-02-15,178,7.65,7.75
2016-02-15,179,7.1,7.2
2016-02-15,180,6.6,6.7
2016-02-15,181,4.75,4.8
2016-02-15,182,5,5.05
2016-02-15,183,5.02,5.05
2016-02-15,184,5.7,5.8
2016-02-15,185,6.65,6.75
2016-02-15,186,8.2,8.5
2016-02-15,187,290,310
2016-02-15,188,240,255
2016-02-15,189,125,135
2016-02-15,190,1250,1300
2016-02-15,191,4.28,4.28
2016-02-15,192,2.84,2.84
2016-02-15,193,2.56,2.56
2016-02-15,194,2.01,2.01
2016-02-15,195,1.59,1.59
2016-02-15,196,1.35,1.35
2016-02-15,197,1.14,1.14
2016-02-15,198,1.22,1.22
2016-02-15,199,1.16,1.16
2016-02-15,202,,
2016-02-15,203,,
2016-02-15,204,,
2016-02-15,205,,
2016-02-15,206,,
2016-02-15,207,,
2016-02-15,208,,
2016-02-15,209,,
2016-02-15,210,0.35,0.45
2016-02-15,211,0.2,0.25
2016-02-15,212,0.2,0.25
2016-02-15,213,,
2016-02-15,214,,
2016-02-15,215,,
2016-02-15,216,,
2016-02-15,217,,
2016-02-15,218,,
2016-02-15,219,,
2016-02-15,220,,
2016-02-15,221,,
2016-02-15,222,,
2016-02-15,223,,
2016-02-15,224,,
2016-02-15,225,1.7,1.8
2016-02-15,226,2.2,2.5
2016-02-15,227,,
2016-02-15,228,,
2016-02-15,229,0.4,0.5
2016-02-15,230,,
2016-02-15,231,,
2016-02-15,232,,
2016-02-15,233,0.28,0.3
2016-02-15,234,,
2016-02-15,235,,
2016-02-15,236,,
2016-02-15,237,,
2016-02-15,238,,
2016-02-15,239,,
2016-02-15,240,,
2016-02-15,241,,
2016-02-15,242,,
2016-02-15,243,,
2016-02-15,244,,
2016-02-15,245,,
2016-02-15,246,0.45,0.5
2016-02-15,247,,
2016-02-15,248,,
2016-02-15,249,0.45,0.5
2016-02-15,250,0.25,0.3
2016-02-15,251,,
2016-02-15,252,,
2016-02-15,253,0.65,0.75
2016-02-15,254,,
2016-02-15,255,,
2016-02-15,256,,
2016-02-15,257,0.4,0.5
2016-02-15,258,,
2016-02-15,259,,
2016-02-15,260,,
2016-02-15,261,0.4,0.45
2016-02-15,262,0.45,0.5
2016-02-15,263,0.55,0.6
2016-02-15,264,0.65,0.7
2016-02-15,265,0.9,1
2016-02-15,266,,
2016-02-15,267,,
2016-02-15,268,,
2016-02-15,269,,
2016-02-15,270,,
2016-02-15,271,,
2016-02-15,272,,
2016-02-15,273,,
2016-02-15,274,,
2016-02-15,275,,
2016-02-15,276,,
2016-02-15,277,,
2016-02-15,278,,
2016-02-15,279,,
2016-02-15,280,0.4,0.45
2016-02-15,281,0.4,0.45
2016-02-15,282,,
2016-02-15,283,0.3,0.35
2016-02-15,284,,
2016-02-15,285,,
2016-02-15,286,,
2016-02-15,287,,
2016-02-15,288,,
2016-02-15,289,,
2016-02-15,290,,
2016-02-15,291,,
2016-02-15,292,,
2016-02-15,293,,
2016-02-15,294,,
2016-02-15,295,,
2016-02-15,296,,
2016-02-15,297,,
2016-02-15,298,,
2016-02-15,299,,
2016-02-15,300,,
2016-02-15,301,,
2016-02-15,302,,
2016-02-15,303,,
2016-02-15,304,,
2016-02-15,305,,
2016-02-15,306,,
2016-02-15,307,,
2016-02-15,308,,
2016-02-15,309,,
2016-02-15,310,,
2016-02-15,311,,
2016-02-15,312,,
2016-02-15,313,,
2016-02-15,314,,
2016-02-15,315,,
2016-02-15,316,,
2016-02-15,317,,
2016-02-15,318,,
2016-02-15,319,,
2016-02-15,320,,
2016-02-15,321,,
2016-02-15,322,,
2016-02-15,323,,
2016-02-15,615,8,9
2016-02-15,616,7.5,8.5
2016-02-19,324,0.9,0.92
2016-02-19,325,0.9,0.92
2016-02-19,326,0.9,0.92
2016-02-19,328,0.28,0.32
2016-02-19,329,0.12,0.14
2016-02-19,331,0.28,0.3
2016-02-19,332,,
2016-02-19,333,2.4,2.44
2016-02-19,334,2.4,2.44
2016-02-19,335,2.55,2.59
2016-02-19,336,,
2016-02-19,337,,
2016-02-19,338,1.38,1.4
2016-02-19,339,1.38,1.4
2016-02-19,340,,
2016-02-19,341,2.7,2.74
2016-02-19,342,2.75,2.79
2016-02-19,343,2.6,2.64
2016-02-19,344,12.7,12.7
2016-02-19,345,10,10
2016-02-19,346,9.1,9.1
2016-02-19,347,8.7,8.7
2016-02-19,348,1.6,1.7
2016-02-19,349,1.6,1.7
2016-02-19,350,2,2.1
2016-02-19,351,1.65,1.75
2016-02-19,352,3.85,3.95
2016-02-19,353,4.2,4.3
2016-02-19,354,1.7,1.8
2016-02-19,355,1.6,1.7
2016-02-19,356,1.6,1.7
2016-02-19,357,1.7,1.8
2016-02-19,358,3.95,4.05
2016-02-19,359,2.2,2.3
2016-02-19,360,2.2,2.3
2016-02-19,361,4.2,4.3
2016-02-19,362,5.1,5.2
2016-02-19,363,4,4.1
2016-02-19,364,1.7,1.8
2016-02-19,365,1.7,1.75
2016-02-19,366,5.2,5.3
2016-02-19,367,2.3,2.35
2016-02-19,368,1.6,1.7
2016-02-19,369,5.2,5.3
2016-02-19,370,2.2,2.25
2016-02-19,371,1.6,1.7
2016-02-19,372,3.4,3.6
2016-02-22,2,,
2016-02-22,3,,
2016-02-22,4,169,170
2016-02-22,5,,
2016-02-22,6,,
2016-02-22,7,,
2016-02-22,8,243,245
2016-02-22,9,169,170
2016-02-22,10,172,173
2016-02-22,11,,
2016-02-22,12,180,182
2016-02-22,13,165,166
2016-02-22,14,163,164
2016-02-22,15,169,170
2016-02-22,16,165,168
2016-02-22,17,,
2016-02-22,18,,
2016-02-22,19,,
2016-02-22,20,,
2016-02-22,21,171,172
2016-02-22,22,,
2016-02-22,23,430,435
2016-02-22,24,424,429
2016-02-22,25,259,261
2016-02-22,26,254,257
2016-02-22,27,447,448
2016-02-22,28,443,445
2016-02-22,29,429,430
2016-02-22,30,144,146
2016-02-22,31,148,150
2016-02-22,32,116,118
2016-02-22,33,152,154
2016-02-22,34,123,125
2016-02-22,35,173,175
2016-02-22,36,144,146
2016-02-22,37,120,121
2016-02-22,38,120,121
2016-02-22,39,259,260
2016-02-22,40,140,147
2016-02-22,41,840,845
2016-02-22,42,157,160
2016-02-22,43,157,159
2016-02-22,44,,
2016-02-22,45,,
2016-02-22,46,,
2016-02-22,47,186,187
2016-02-22,48,170,172
2016-02-22,49,,
2016-02-22,50,660,710
2016-02-22,51,460,540
2016-02-22,52,,
2016-02-22,53,1560,1660
2016-02-22,54,1280,1380
2016-02-22,55,265,295
2016-02-22,56,200,210
2016-02-22,57,164,170
2016-02-22,58,110,115
2016-02-22,59,86,88
2016-02-22,60,,
2016-02-22,61,,
2016-02-22,62,,
2016-02-22,63,125,130
2016-02-22,64,,
2016-02-22,65,,
2016-02-22,66,,
2016-02-22,67,145,150
2016-02-22,68,,
2016-02-22,69,,
2016-02-22,70,,
2016-02-22,71,85,90
2016-02-22,72,225,230
2016-02-22,73,327,328
2016-02-22,74,,
2016-02-22,75,330,331
2016-02-22,76,350,352
2016-02-22,77,350,352
2016-02-22,78,,
2016-02-22,79,,
2016-02-22,80,,
2016-02-22,81,315,320
2016-02-22,82,,
2016-02-22,83,890,900
2016-02-22,84,930,950
2016-02-22,85,730,735
2016-02-22,86,640,650
2016-02-22,87,750,760
2016-02-22,88,705,710
2016-02-22,89,1450,1460
2016-02-22,90,1040,1060
2016-02-22,91,1070,1090
2016-02-22,92,855,860
2016-02-22,93,850,860
2016-02-22,94,827,832
2016-02-22,95,785,790
2016-02-22,96,,
2016-02-22,97,,
2016-02-22,98,,
2016-02-22,99,,
2016-02-22,100,,
2016-02-22,101,10,11
2016-02-22,102,10.5,11.5
2016-02-22,103,3.6,4.25
2016-02-22,104,3.4,3.65
2016-02-22,105,3.45,3.8
2016-02-22,106,3.23,3.33
2016-02-22,107,1.5,1.6
2016-02-22,108,262,280
2016-02-22,109,,
2016-02-22,110,362,387
2016-02-22,111,240,242
2016-02-22,112,230,233
2016-02-22,113,,
2016-02-22,114,197,200
2016-02-22,115,160,165
2016-02-22,116,,
2016-02-22,117,322,325
2016-02-22,118,300,303
2016-02-22,119,,
2016-02-22,120,297,299
2016-02-22,121,394,398
2016-02-22,122,,
2016-02-22,123,,
2016-02-22,124,307,310
2016-02-22,125,,
2016-02-22,126,,
2016-02-22,127,207,210
2016-02-22,128,162,167
2016-02-22,129,,
2016-02-22,130,105,110
2016-02-22,131,1600,1605
2016-02-22,132,535,540
2016-02-22,133,515,517
2016-02-22,134,670,675
2016-02-22,135,8,9
2016-02-22,136,8.5,9.5
2016-02-22,139,7,7.5
2016-02-22,140,7.5,8
2016-02-22,141,,
2016-02-22,142,,
2016-02-22,143,,
2016-02-22,144,,
2016-02-22,145,3.8,4
2016-02-22,146,3.8,4.1
2016-02-22,147,1.5,1.7
2016-02-22,149,0.95,1.05
2016-02-22,150,0.98,1.06
2016-02-22,151,1.05,1.1
2016-02-22,152,,
2016-02-22,153,,
2016-02-22,154,3.1,3.2
2016-02-22,155,,
2016-02-22,156,6,6.5
2016-02-22,157,0.95,1.1
2016-02-22,158,,
2016-02-22,159,0.9,1
2016-02-22,160,1.1,1.2
2016-02-22,161,,
2016-02-22,162,1.35,1.45
2016-02-22,163,4,4.3
2016-02-22,164,5.2,5.8
2016-02-22,165,1.3,1.5
2016-02-22,166,3.9,4.5
2016-02-22,168,0.85,0.95
2016-02-22,169,5.9,6.3
2016-02-22,170,4.2,4.5
2016-02-22,171,5.2,5.8
2016-02-22,172,,
2016-02-22,173,1.05,1.15
2016-02-22,174,,
2016-02-22,175,3.6,4.3
2016-02-22,176,4,5
2016-02-22,177,6,7
2016-02-22,178,7.65,7.75
2016-02-22,179,7.1,7.2
2016-02-22,180,6.6,6.7
2016-02-22,181,4.75,4.8
2016-02-22,182,5,5.05
2016-02-22,183,5.02,5.05
2016-02-22,184,5.7,5.8
2016-02-22,185,6.65,6.75
2016-02-22,186,8.2,8.5
2016-02-22,187,290,310
2016-02-22,188,240,255
2016-02-22,189,115,125
2016-02-22,190,1220,1270
2016-02-22,191,4.36,4.36
2016-02-22,192,2.92,2.92
2016-02-22,193,2.66,2.66
2016-02-22,194,2.09,2.09
2016-02-22,195,1.67,1.67
2016-02-22,196,1.37,1.37
2016-02-22,197,1.12,1.12
2016-02-22,198,1.2,1.2
2016-02-22,199,1.14,1.14
2016-02-22,202,,
2016-02-22,203,,
2016-02-22,204,,
2016-02-22,205,,
2016-02-22,206,,
2016-02-22,207,,
2016-02-22,208,,
2016-02-22,209,,
2016-02-22,210,0.2,0.25
2016-02-22,211,0.2,0.25
2016-02-22,212,0.2,0.25
2016-02-22,213,,
2016-02-22,214,,
2016-02-22,215,,
2016-02-22,216,,
2016-02-22,217,,
2016-02-22,218,,
2016-02-22,219,,
2016-02-22,220,,
2016-02-22,221,,
2016-02-22,222,,
2016-02-22,223,,
2016-02-22,224,,
2016-02-22,225,1.6,1.65
2016-02-22,226,2,2.5
2016-02-22,227,,
2016-02-22,228,,
2016-02-22,229,0.35,0.4
2016-02-22,230,,
2016-02-22,231,,
2016-02-22,232,,
2016-02-22,233,0.3,0.32
2016-02-22,234,,
2016-02-22,235,,
2016-02-22,236,,
2016-02-22,237,,
2016-02-22,238,,
2016-02-22,239,,
2016-02-22,240,,
2016-02-22,241,,
2016-02-22,242,,
2016-02-22,243,,
2016-02-22,244,,
2016-02-22,245,,
2016-02-22,246,0.45,0.5
2016-02-22,247,,
2016-02-22,248,,
2016-02-22,249,0.45,0.5
2016-02-22,250,0.25,0.3
2016-02-22,251,,
2016-02-22,252,,
2016-02-22,253,0.65,0.75
2016-02-22,254,,
2016-02-22,255,,
2016-02-22,256,,
2016-02-22,257,0.4,0.5
2016-02-22,258,,
2016-02-22,259,,
2016-02-22,260,,
2016-02-22,261,0.4,0.45
2016-02-22,262,0.45,0.5
2016-02-22,263,0.55,0.6
2016-02-22,264,0.65,0.7
2016-02-22,265,0.9,1
2016-02-22,266,,
2016-02-22,267,,
2016-02-22,268,,
2016-02-22,269,,
2016-02-22,270,,
2016-02-22,271,,
2016-02-22,272,,
2016-02-22,273,,
2016-02-22,274,,
2016-02-22,275,,
2016-02-22,276,,
2016-02-22,277,,
2016-02-22,278,,
2016-02-22,279,,
2016-02-22,280,0.4,0.45
2016-02-22,281,0.4,0.45
2016-02-22,282,,
2016-02-22,283,0.3,0.35
2016-02-22,284,,
2016-02-22,285,,
2016-02-22,286,,
2016-02-22,287,,
2016-02-22,288,,
2016-02-22,289,,
2016-02-22,290,,
2016-02-22,291,,
2016-02-22,292,,
2016-02-22,293,,
2016-02-22,294,,
2016-02-22,295,,
2016-02-22,296,,
2016-02-22,297,,
2016-02-22,298,,
2016-02-22,299,,
2016-02-22,300,,
2016-02-22,301,,
2016-02-22,302,,
2016-02-22,303,,
2016-02-22,304,,
2016-02-22,305,,
2016-02-22,306,,
2016-02-22,307,,
2016-02-22,308,,
2016-02-22,309,,
2016-02-22,310,,
2016-02-22,311,,
2016-02-22,312,,
2016-02-22,313,,
2016-02-22,314,,
2016-02-22,315,,
2016-02-22,316,,
2016-02-22,317,,
2016-02-22,318,,
2016-02-22,319,,
2016-02-22,320,,
2016-02-22,321,,
2016-02-22,322,,
2016-02-22,323,,
2016-02-22,615,8,9
2016-02-22,616,7.5,8.5
2016-02-26,324,0.9,0.92
2016-02-26,325,0.9,0.92
2016-02-26,326,0.9,0.92
2016-02-26,328,0.28,0.32
2016-02-26,329,0.12,0.14
2016-02-26,331,0.28,0.3
2016-02-26,332,,
2016-02-26,333,2.4,2.44
2016-02-26,334,2.4,2.44
2016-02-26,335,2.55,2.59
2016-02-26,336,,
2016-02-26,337,,
2016-02-26,338,1.38,1.4
2016-02-26,339,1.38,1.4
2016-02-26,340,,
2016-02-26,341,2.7,2.74
2016-02-26,342,2.75,2.79
2016-02-26,343,2.6,2.64
2016-02-26,344,12.7,12.7
2016-02-26,345,10,10
2016-02-26,346,9.1,9.1
2016-02-26,347,8.7,8.7
2016-02-26,348,1.6,1.7
2016-02-26,349,1.6,1.7
2016-02-26,350,2,2.1
2016-02-26,351,1.65,1.75
2016-02-26,352,3.85,3.95
2016-02-26,353,4.2,4.3
2016-02-26,354,1.7,1.8
2016-02-26,355,1.6,1.7
2016-02-26,356,1.6,1.7
2016-02-26,357,1.7,1.8
2016-02-26,358,4,4.1
2016-02-26,359,2.2,2.3
2016-02-26,360,2.2,2.3
2016-02-26,361,4.2,4.3
2016-02-26,362,5.1,5.2
2016-02-26,363,4,4.1
2016-02-26,364,1.7,1.8
2016-02-26,365,1.7,1.75
2016-02-26,366,5.2,5.3
2016-02-26,367,2.3,2.35
2016-02-26,368,1.6,1.7
2016-02-26,369,5.2,5.3
2016-02-26,370,2.2,2.25
2016-02-26,371,1.6,1.7
2016-02-26,372,3.5,3.6
2016-02-28,4,165,166
2016-02-28,8,240,242
2016-02-28,9,165,166
2016-02-28,10,167,168
2016-02-28,12,178,180
2016-02-28,13,163,164
2016-02-28,14,161,162
2016-02-28,15,168,169
2016-02-28,16,165,167
2016-02-28,21,168,169
2016-02-28,23,425,430
2016-02-28,24,419,424
2016-02-28,25,254,256
2016-02-28,26,249,252
2016-02-28,27,447,448
2016-02-28,28,443,445
2016-02-28,29,429,430
2016-02-28,30,147,149
2016-02-28,31,151,153
2016-02-28,32,119,121
2016-02-28,33,155,157
2016-02-28,34,126,128
2016-02-28,35,169,171
2016-02-28,36,140,142
2016-02-28,37,124,125
2016-02-28,38,124,125
2016-02-28,39,257,258
2016-02-28,40,140,145
2016-02-28,41,830,835
2016-02-28,42,155,158
2016-02-28,43,155,157
2016-02-28,47,185,186
2016-02-28,48,165,167
2016-02-28,50,660,710
2016-02-28,51,450,530
2016-02-28,53,1560,1660
2016-02-28,54,1250,1350
2016-02-28,55,260,290
2016-02-28,56,195,205
2016-02-28,57,164,170
2016-02-28,58,110,115
2016-02-28,59,86,88
2016-02-28,63,125,130
2016-02-28,67,145,150
2016-02-28,71,85,90
2016-02-28,72,225,230
2016-02-28,73,325,326
2016-02-28,75,330,331
2016-02-28,76,348,350
2016-02-28,77,348,350
2016-02-28,81,315,320
2016-02-28,83,890,900
2016-02-28,84,930,950
2016-02-28,85,740,745
2016-02-28,86,670,680
2016-02-28,87,740,750
2016-02-28,88,720,725
2016-02-28,89,1460,1470
2016-02-28,90,1040,1060
2016-02-28,91,1070,1090
2016-02-28,92,865,870
2016-02-28,93,830,840
2016-02-28,94,812,817
2016-02-28,95,795,800
2016-02-28,101,10,11
2016-02-28,102,10.5,11.5
2016-02-28,103,3.6,4.35
2016-02-28,104,3.4,3.65
2016-02-28,105,3.45,3.8
2016-02-28,106,3.15,3.2
2016-02-28,107,1.5,1.6
2016-02-28,108,262,280
2016-02-28,110,362,390
2016-02-28,111,230,232
2016-02-28,112,220,223
2016-02-28,114,195,198
2016-02-28,115,160,165
2016-02-28,117,320,323
2016-02-28,118,297,300
2016-02-28,120,294,296
2016-02-28,121,380,384
2016-02-28,124,303,305
2016-02-28,127,207,210
2016-02-28,128,162,167
2016-02-28,130,105,110
2016-02-28,131,1600,1605
2016-02-28,132,535,540
2016-02-28,133,515,517
2016-02-28,134,650,655
2016-02-28,135,8,9
2016-02-28,136,8.5,9.5
2016-02-28,139,7,7.5
2016-02-28,140,7.5,8
2016-02-28,145,3.8,4
2016-02-28,146,3.8,4.1
2016-02-28,147,1.5,1.7
2016-02-28,149,0.95,1.05
2016-02-28,150,0.98,1.06
2016-02-28,151,1.05,1.1
2016-02-28,154,3.1,3.2
2016-02-28,156,6,6.5
2016-02-28,157,0.95,1.1
2016-02-28,159,0.9,1
2016-02-28,160,1.1,1.2
2016-02-28,162,1.35,1.45
2016-02-28,163,4,4.3
2016-02-28,164,5.2,5.8
2016-02-28,165,1.3,1.5
2016-02-28,166,3.9,4.5
2016-02-28,168,0.85,0.95
2016-02-28,169,5.9,6.3
2016-02-28,170,4.2,4.5
2016-02-28,171,5.2,5.8
2016-02-28,173,1.05,1.15
2016-02-28,175,3.6,4.3
2016-02-28,176,3,4
2016-02-28,177,5,6
2016-02-28,178,7.6,7.7
2016-02-28,179,7.05,7.15
2016-02-28,180,6.55,6.65
2016-02-28,181,4.65,4.7
2016-02-28,182,4.95,5
2016-02-28,183,4.92,4.95
2016-02-28,184,5.6,5.7
2016-02-28,185,6.55,6.65
2016-02-28,186,8.1,8.4
2016-02-28,187,280,300
2016-02-28,188,235,250
2016-02-28,189,110,120
2016-02-28,190,1170,1220
2016-02-28,191,4.42,4.42
2016-02-28,192,2.95,2.95
2016-02-28,193,2.75,2.75
2016-02-28,194,2.18,2.18
2016-02-28,195,1.77,1.77
2016-02-28,196,1.38,1.38
2016-02-28,197,1.12,1.12
2016-02-28,198,1.2,1.2
2016-02-28,199,1.14,1.14
2016-02-28,210,0.15,0.2
2016-02-28,211,0.2,0.25
2016-02-28,212,0.2,0.25
2016-02-28,225,1.6,1.65
2016-02-28,226,1.8,2.3
2016-02-28,229,0.35,0.4
2016-02-28,233,0.3,0.32
2016-02-28,246,0.45,0.5
2016-02-28,247,0.7,0.8
2016-02-28,249,0.45,0.5
2016-02-28,250,0.25,0.3
2016-02-28,253,0.65,0.75
2016-02-28,257,0.45,0.55
2016-02-28,261,0.4,0.45
2016-02-28,262,0.45,0.5
2016-02-28,263,0.55,0.6
2016-02-28,264,0.65,0.7
2016-02-28,265,0.9,1
2016-02-28,280,0.4,0.45
2016-02-28,281,0.4,0.45
2016-02-28,283,0.3,0.35
2016-02-28,615,8,9
2016-02-28,616,7.5,8.5
2016-02-29,2,,
2016-02-29,3,,
2016-02-29,4,165,166
2016-02-29,5,,
2016-02-29,6,,
2016-02-29,7,,
2016-02-29,8,240,242
2016-02-29,9,165,166
2016-02-29,10,167,168
2016-02-29,11,,
2016-02-29,12,178,180
2016-02-29,13,163,164
2016-02-29,14,161,162
2016-02-29,15,168,169
2016-02-29,16,165,167
2016-02-29,17,,
2016-02-29,18,,
2016-02-29,19,,
2016-02-29,20,,
2016-02-29,21,168,169
2016-02-29,22,,
2016-02-29,23,425,430
2016-02-29,24,419,424
2016-02-29,25,254,256
2016-02-29,26,249,252
2016-02-29,27,447,448
2016-02-29,28,443,445
2016-02-29,29,429,430
2016-02-29,30,147,149
2016-02-29,31,151,153
2016-02-29,32,119,121
2016-02-29,33,155,157
2016-02-29,34,126,128
2016-02-29,35,169,171
2016-02-29,36,140,142
2016-02-29,37,124,125
2016-02-29,38,124,125
2016-02-29,39,257,258
2016-02-29,40,140,145
2016-02-29,41,830,835
2016-02-29,42,155,158
2016-02-29,43,155,157
2016-02-29,44,,
2016-02-29,45,,
2016-02-29,46,,
2016-02-29,47,185,186
2016-02-29,48,165,167
2016-02-29,49,,
2016-02-29,50,660,710
2016-02-29,51,450,530
2016-02-29,52,,
2016-02-29,53,1560,1660
2016-02-29,54,1250,1350
2016-02-29,55,260,290
2016-02-29,56,195,205
2016-02-29,57,164,170
2016-02-29,58,110,115
2016-02-29,59,86,88
2016-02-29,60,,
2016-02-29,61,,
2016-02-29,62,,
2016-02-29,63,125,130
2016-02-29,64,,
2016-02-29,65,,
2016-02-29,66,,
2016-02-29,67,145,150
2016-02-29,68,,
2016-02-29,69,,
2016-02-29,70,,
2016-02-29,71,85,90
2016-02-29,72,225,230
2016-02-29,73,325,326
2016-02-29,74,,
2016-02-29,75,330,331
2016-02-29,76,348,350
2016-02-29,77,348,350
2016-02-29,78,,
2016-02-29,79,,
2016-02-29,80,,
2016-02-29,81,315,320
2016-02-29,82,,
2016-02-29,83,890,900
2016-02-29,84,930,950
2016-02-29,85,740,745
2016-02-29,86,670,680
2016-02-29,87,740,750
2016-02-29,88,720,725
2016-02-29,89,1460,1470
2016-02-29,90,1040,1060
2016-02-29,91,1070,1090
2016-02-29,92,865,870
2016-02-29,93,830,840
2016-02-29,94,812,817
2016-02-29,95,795,800
2016-02-29,96,,
2016-02-29,97,,
2016-02-29,98,,
2016-02-29,99,,
2016-02-29,100,,
2016-02-29,101,10,11
2016-02-29,102,10.5,11.5
2016-02-29,103,3.6,4.35
2016-02-29,104,3.4,3.65
2016-02-29,105,3.45,3.8
2016-02-29,106,3.15,3.2
2016-02-29,107,1.5,1.6
2016-02-29,108,262,280
2016-02-29,109,,
2016-02-29,110,362,390
2016-02-29,111,230,232
2016-02-29,112,220,223
2016-02-29,113,,
2016-02-29,114,195,198
2016-02-29,115,160,165
2016-02-29,116,,
2016-02-29,117,320,323
2016-02-29,118,297,300
2016-02-29,119,,
2016-02-29,120,294,296
2016-02-29,121,380,384
2016-02-29,122,,
2016-02-29,123,,
2016-02-29,124,303,305
2016-02-29,125,,
2016-02-29,126,,
2016-02-29,127,207,210
2016-02-29,128,162,167
2016-02-29,129,,
2016-02-29,130,105,110
2016-02-29,131,1600,1605
2016-02-29,132,535,540
2016-02-29,133,515,517
2016-02-29,134,650,655
2016-02-29,135,8,9
2016-02-29,136,8.5,9.5
2016-02-29,139,7,7.5
2016-02-29,140,7.5,8
2016-02-29,141,,
2016-02-29,142,,
2016-02-29,143,,
2016-02-29,144,,
2016-02-29,145,3.8,4
2016-02-29,146,3.8,4.1
2016-02-29,147,1.5,1.7
2016-02-29,149,0.95,1.05
2016-02-29,150,0.98,1.06
2016-02-29,151,1.05,1.1
2016-02-29,152,,
2016-02-29,153,,
2016-02-29,154,3.1,3.2
2016-02-29,155,,
2016-02-29,156,6,6.5
2016-02-29,157,0.95,1.1
2016-02-29,158,,
2016-02-29,159,0.9,1
2016-02-29,160,1.1,1.2
2016-02-29,161,,
2016-02-29,162,1.35,1.45
2016-02-29,163,4,4.3
2016-02-29,164,5.2,5.8
2016-02-29,165,1.3,1.5
2016-02-29,166,3.9,4.5
2016-02-29,168,0.85,0.95
2016-02-29,169,5.9,6.3
2016-02-29,170,4.2,4.5
2016-02-29,171,5.2,5.8
2016-02-29,172,,
2016-02-29,173,1.05,1.15
2016-02-29,174,,
2016-02-29,175,3.6,4.3
2016-02-29,176,3,4
2016-02-29,177,5,6
2016-02-29,178,7.6,7.7
2016-02-29,179,7.05,7.15
2016-02-29,180,6.55,6.65
2016-02-29,181,4.65,4.7
2016-02-29,182,4.95,5
2016-02-29,183,4.92,4.95
2016-02-29,184,5.6,5.7
2016-02-29,185,6.55,6.65
2016-02-29,186,8.1,8.4
2016-02-29,187,280,300
2016-02-29,188,235,250
2016-02-29,189,110,120
2016-02-29,190,1170,1220
2016-02-29,191,4.42,4.42
2016-02-29,192,2.95,2.95
2016-02-29,193,2.75,2.75
2016-02-29,194,2.18,2.18
2016-02-29,195,1.77,1.77
2016-02-29,196,1.38,1.38
2016-02-29,197,1.12,1.12
2016-02-29,198,1.2,1.2
2016-02-29,199,1.14,1.14
2016-02-29,202,,
2016-02-29,203,,
2016-02-29,204,,
2016-02-29,205,,
2016-02-29,206,,
2016-02-29,207,,
2016-02-29,208,,
2016-02-29,209,,
2016-02-29,210,0.15,0.2
2016-02-29,211,0.2,0.25
2016-02-29,212,0.2,0.25
2016-02-29,213,,
2016-02-29,214,,
2016-02-29,215,,
2016-02-29,216,,
2016-02-29,217,,
2016-02-29,218,,
2016-02-29,219,,
2016-02-29,220,,
2016-02-29,221,,
2016-02-29,222,,
2016-02-29,223,,
2016-02-29,224,,
2016-02-29,225,1.6,1.65
2016-02-29,226,1.8,2.3
2016-02-29,227,,
2016-02-29,228,,
2016-02-29,229,0.35,0.4
2016-02-29,230,,
2016-02-29,231,,
2016-02-29,232,,
2016-02-29,233,0.3,0.32
2016-02-29,234,,
2016-02-29,235,,
2016-02-29,236,,
2016-02-29,237,,
2016-02-29,238,,
2016-02-29,239,,
2016-02-29,240,,
2016-02-29,241,,
2016-02-29,242,,
2016-02-29,243,,
2016-02-29,244,,
2016-02-29,245,,
2016-02-29,246,0.45,0.5
2016-02-29,247,0.7,0.8
2016-02-29,248,,
2016-02-29,249,0.45,0.5
2016-02-29,250,0.25,0.3
2016-02-29,251,,
2016-02-29,252,,
2016-02-29,253,0.65,0.75
2016-02-29,254,,
2016-02-29,255,,
2016-02-29,256,,
2016-02-29,257,0.45,0.55
2016-02-29,258,,
2016-02-29,259,,
2016-02-29,260,,
2016-02-29,261,0.4,0.45
2016-02-29,262,0.45,0.5
2016-02-29,263,0.55,0.6
2016-02-29,264,0.65,0.7
2016-02-29,265,0.9,1
2016-02-29,266,,
2016-02-29,267,,
2016-02-29,268,,
2016-02-29,269,,
2016-02-29,270,,
2016-02-29,271,,
2016-02-29,272,,
2016-02-29,273,,
2016-02-29,274,,
2016-02-29,275,,
2016-02-29,276,,
2016-02-29,277,,
2016-02-29,278,,
2016-02-29,279,,
2016-02-29,280,0.4,0.45
2016-02-29,281,0.4,0.45
2016-02-29,282,,
2016-02-29,283,0.3,0.35
2016-02-29,284,,
2016-02-29,285,,
2016-02-29,286,,
2016-02-29,287,,
2016-02-29,288,,
2016-02-29,289,,
2016-02-29,290,,
2016-02-29,291,,
2016-02-29,292,,
2016-02-29,293,,
2016-02-29,294,,
2016-02-29,295,,
2016-02-29,296,,
2016-02-29,297,,
2016-02-29,298,,
2016-02-29,299,,
2016-02-29,300,,
2016-02-29,301,,
2016-02-29,302,,
2016-02-29,303,,
2016-02-29,304,,
2016-02-29,305,,
2016-02-29,306,,
2016-02-29,307,,
2016-02-29,308,,
2016-02-29,309,,
2016-02-29,310,,
2016-02-29,311,,
2016-02-29,312,,
2016-02-29,313,,
2016-02-29,314,,
2016-02-29,315,,
2016-02-29,316,,
2016-02-29,317,,
2016-02-29,318,,
2016-02-29,319,,
2016-02-29,320,,
2016-02-29,321,,
2016-02-29,322,,
2016-02-29,323,,
2016-02-29,615,8,9
2016-02-29,616,7.5,8.5
2016-03-04,324,0.92,0.94
2016-03-04,325,0.92,0.94
2016-03-04,326,0.92,0.94
2016-03-04,328,0.24,0.28
2016-03-04,329,0.1,0.12
2016-03-04,331,0.22,0.24
2016-03-04,332,,
2016-03-04,333,2.4,2.44
2016-03-04,334,2.4,2.44
2016-03-04,335,2.55,2.59
2016-03-04,336,,
2016-03-04,337,,
2016-03-04,338,1.38,1.4
2016-03-04,339,1.38,1.4
2016-03-04,340,,
2016-03-04,341,2.7,2.74
2016-03-04,342,2.75,2.79
2016-03-04,343,2.6,2.64
2016-03-04,344,12.7,12.7
2016-03-04,345,10,10
2016-03-04,346,9.1,9.1
2016-03-04,347,8.7,8.7
2016-03-04,348,1.65,1.75
2016-03-04,349,1.65,1.75
2016-03-04,350,2.05,2.15
2016-03-04,351,1.7,1.8
2016-03-04,352,3.85,3.95
2016-03-04,353,4.2,4.3
2016-03-04,354,1.7,1.8
2016-03-04,355,1.6,1.7
2016-03-04,356,1.6,1.7
2016-03-04,357,1.7,1.8
2016-03-04,358,4.05,4.15
2016-03-04,359,2.2,2.3
2016-03-04,360,2.2,2.3
2016-03-04,361,4.2,4.3
2016-03-04,362,5.1,5.2
2016-03-04,363,4,4.1
2016-03-04,364,1.7,1.8
2016-03-04,365,1.7,1.75
2016-03-04,366,5.2,5.3
2016-03-04,367,2.3,2.35
2016-03-04,368,1.6,1.7
2016-03-04,369,5.2,5.3
2016-03-04,370,2.2,2.25
2016-03-04,371,1.6,1.7
2016-03-04,372,3.8,3.9
2016-03-07,2,,
2016-03-07,3,,
2016-03-07,4,162,163
2016-03-07,5,,
2016-03-07,6,,
2016-03-07,7,,
2016-03-07,8,240,242
2016-03-07,9,165,166
2016-03-07,10,164,165
2016-03-07,11,,
2016-03-07,12,178,180
2016-03-07,13,163,164
2016-03-07,14,161,162
2016-03-07,15,168,169
2016-03-07,16,165,167
2016-03-07,17,,
2016-03-07,18,,
2016-03-07,19,,
2016-03-07,20,,
2016-03-07,21,166,167
2016-03-07,22,,
2016-03-07,23,425,430
2016-03-07,24,419,424
2016-03-07,25,254,256
2016-03-07,26,249,252
2016-03-07,27,447,448
2016-03-07,28,443,445
2016-03-07,29,429,430
2016-03-07,30,151,153
2016-03-07,31,155,157
2016-03-07,32,123,125
2016-03-07,33,159,161
2016-03-07,34,130,132
2016-03-07,35,173,175
2016-03-07,36,144,146
2016-03-07,37,129,130
2016-03-07,38,129,130
2016-03-07,39,257,258
2016-03-07,40,140,148
2016-03-07,41,820,825
2016-03-07,42,155,157
2016-03-07,43,155,157
2016-03-07,44,,
2016-03-07,45,,
2016-03-07,46,,
2016-03-07,47,185,186
2016-03-07,48,160,162
2016-03-07,49,,
2016-03-07,50,650,700
2016-03-07,51,440,520
2016-03-07,52,,
2016-03-07,53,1540,1640
2016-03-07,54,1230,1330
2016-03-07,55,260,290
2016-03-07,56,195,205
2016-03-07,57,164,170
2016-03-07,58,110,115
2016-03-07,59,86,88
2016-03-07,60,,
2016-03-07,61,,
2016-03-07,62,,
2016-03-07,63,125,130
2016-03-07,64,,
2016-03-07,65,,
2016-03-07,66,,
2016-03-07,67,145,150
2016-03-07,68,,
2016-03-07,69,,
2016-03-07,70,,
2016-03-07,71,85,90
2016-03-07,72,225,230
2016-03-07,73,330,331
2016-03-07,74,,
2016-03-07,75,335,336
2016-03-07,76,350,352
2016-03-07,77,350,352
2016-03-07,78,,
2016-03-07,79,,
2016-03-07,80,,
2016-03-07,81,315,320
2016-03-07,82,,
2016-03-07,83,890,900
2016-03-07,84,930,950
2016-03-07,85,750,755
2016-03-07,86,690,700
2016-03-07,87,745,755
2016-03-07,88,715,720
2016-03-07,89,1480,1490
2016-03-07,90,1040,1060
2016-03-07,91,1070,1090
2016-03-07,92,875,880
2016-03-07,93,830,840
2016-03-07,94,817,822
2016-03-07,95,790,795
2016-03-07,96,,
2016-03-07,97,,
2016-03-07,98,,
2016-03-07,99,,
2016-03-07,100,,
2016-03-07,101,10,11
2016-03-07,102,10.5,11.5
2016-03-07,103,3.6,4.35
2016-03-07,104,3.4,3.65
2016-03-07,105,3.45,3.7
2016-03-07,106,3.05,3.1
2016-03-07,107,1.5,1.55
2016-03-07,108,262,280
2016-03-07,109,,
2016-03-07,110,362,390
2016-03-07,111,230,232
2016-03-07,112,220,223
2016-03-07,113,,
2016-03-07,114,197,200
2016-03-07,115,160,165
2016-03-07,116,,
2016-03-07,117,330,333
2016-03-07,118,303,306
2016-03-07,119,,
2016-03-07,120,301,303
2016-03-07,121,390,394
2016-03-07,122,,
2016-03-07,123,,
2016-03-07,124,310,312
2016-03-07,125,,
2016-03-07,126,,
2016-03-07,127,207,210
2016-03-07,128,162,167
2016-03-07,129,,
2016-03-07,130,105,110
2016-03-07,131,1600,1605
2016-03-07,132,535,540
2016-03-07,133,515,517
2016-03-07,134,640,645
2016-03-07,135,8,9
2016-03-07,136,8.5,9.5
2016-03-07,139,7,7.5
2016-03-07,140,7.5,8
2016-03-07,141,,
2016-03-07,142,,
2016-03-07,143,,
2016-03-07,144,,
2016-03-07,145,3.8,4
2016-03-07,146,3.8,4.1
2016-03-07,147,1.5,1.7
2016-03-07,149,0.95,1.05
2016-03-07,150,0.98,1.06
2016-03-07,151,1.05,1.1
2016-03-07,152,,
2016-03-07,153,,
2016-03-07,154,3.1,3.2
2016-03-07,155,,
2016-03-07,156,6,6.5
2016-03-07,157,0.95,1.1
2016-03-07,158,,
2016-03-07,159,0.9,1
2016-03-07,160,1.1,1.2
2016-03-07,161,,
2016-03-07,162,1.35,1.45
2016-03-07,163,4,4.3
2016-03-07,164,5.2,5.8
2016-03-07,165,1.3,1.5
2016-03-07,166,3.9,4.5
2016-03-07,168,0.85,0.95
2016-03-07,169,5.9,6.3
2016-03-07,170,4.2,4.5
2016-03-07,171,5.2,5.8
2016-03-07,172,,
2016-03-07,173,1.05,1.15
2016-03-07,174,,
2016-03-07,175,3.6,4.3
2016-03-07,176,3,4
2016-03-07,177,5,6
2016-03-07,178,7.55,7.65
2016-03-07,179,7,7.1
2016-03-07,180,6.5,6.6
2016-03-07,181,4.62,4.67
2016-03-07,182,4.92,4.97
2016-03-07,183,4.87,4.9
2016-03-07,184,5.55,5.65
2016-03-07,185,6.5,6.6
2016-03-07,186,8.05,8.35
2016-03-07,187,260,280
2016-03-07,188,230,240
2016-03-07,189,100,110
2016-03-07,190,1170,1220
2016-03-07,191,4.46,4.46
2016-03-07,192,3.02,3.02
2016-03-07,193,2.85,2.85
2016-03-07,194,2.27,2.27
2016-03-07,195,1.85,1.85
2016-03-07,196,1.44,1.44
2016-03-07,197,1.13,1.13
2016-03-07,198,1.21,1.21
2016-03-07,199,1.15,1.15
2016-03-07,202,,
2016-03-07,203,,
2016-03-07,204,,
2016-03-07,205,,
2016-03-07,206,,
2016-03-07,207,,
2016-03-07,208,,
2016-03-07,209,,
2016-03-07,210,0.25,0.35
2016-03-07,211,0.2,0.25
2016-03-07,212,0.2,0.25
2016-03-07,213,,
2016-03-07,214,,
2016-03-07,215,,
2016-03-07,216,,
2016-03-07,217,,
2016-03-07,218,,
2016-03-07,219,,
2016-03-07,220,,
2016-03-07,221,,
2016-03-07,222,,
2016-03-07,223,,
2016-03-07,224,,
2016-03-07,225,1.6,1.65
2016-03-07,226,1.8,2.3
2016-03-07,227,,
2016-03-07,228,,
2016-03-07,229,0.3,0.4
2016-03-07,230,,
2016-03-07,231,,
2016-03-07,232,,
2016-03-07,233,0.3,0.32
2016-03-07,234,,
2016-03-07,235,,
2016-03-07,236,,
2016-03-07,237,,
2016-03-07,238,,
2016-03-07,239,,
2016-03-07,240,,
2016-03-07,241,,
2016-03-07,242,,
2016-03-07,243,,
2016-03-07,244,,
2016-03-07,245,,
2016-03-07,246,0.45,0.5
2016-03-07,247,0.6,0.7
2016-03-07,248,,
2016-03-07,249,0.45,0.5
2016-03-07,250,0.25,0.3
2016-03-07,251,,
2016-03-07,252,,
2016-03-07,253,0.65,0.75
2016-03-07,254,,
2016-03-07,255,,
2016-03-07,256,,
2016-03-07,257,0.45,0.55
2016-03-07,258,,
2016-03-07,259,,
2016-03-07,260,,
2016-03-07,261,0.4,0.45
2016-03-07,262,0.45,0.5
2016-03-07,263,0.55,0.6
2016-03-07,264,0.65,0.7
2016-03-07,265,0.9,1
2016-03-07,266,,
2016-03-07,267,,
2016-03-07,268,,
2016-03-07,269,,
2016-03-07,270,,
2016-03-07,271,,
2016-03-07,272,,
2016-03-07,273,,
2016-03-07,274,,
2016-03-07,275,,
2016-03-07,276,,
2016-03-07,277,,
2016-03-07,278,,
2016-03-07,279,,
2016-03-07,280,0.4,0.45
2016-03-07,281,,
2016-03-07,282,,
2016-03-07,283,0.3,0.35
2016-03-07,284,,
2016-03-07,285,,
2016-03-07,286,,
2016-03-07,287,,
2016-03-07,288,,
2016-03-07,289,,
2016-03-07,290,,
2016-03-07,291,,
2016-03-07,292,,
2016-03-07,293,,
2016-03-07,294,,
2016-03-07,295,,
2016-03-07,296,,
2016-03-07,297,,
2016-03-07,298,,
2016-03-07,299,,
2016-03-07,300,,
2016-03-07,301,,
2016-03-07,302,,
2016-03-07,303,,
2016-03-07,304,,
2016-03-07,305,,
2016-03-07,306,,
2016-03-07,307,,
2016-03-07,308,,
2016-03-07,309,,
2016-03-07,310,,
2016-03-07,311,,
2016-03-07,312,,
2016-03-07,313,,
2016-03-07,314,,
2016-03-07,315,,
2016-03-07,316,,
2016-03-07,317,,
2016-03-07,318,,
2016-03-07,319,,
2016-03-07,320,,
2016-03-07,321,,
2016-03-07,322,,
2016-03-07,323,,
2016-03-07,615,8,9
2016-03-07,616,7.5,8.5
2016-03-11,324,0.95,0.97
2016-03-11,325,0.95,0.97
2016-03-11,326,0.95,0.97
2016-03-11,328,0.24,0.28
2016-03-11,329,0.08,0.1
2016-03-11,331,0.2,0.22
2016-03-11,332,,
2016-03-11,333,2.4,2.44
2016-03-11,334,2.4,2.44
2016-03-11,335,2.55,2.59
2016-03-11,336,,
2016-03-11,337,,
2016-03-11,338,1.38,1.4
2016-03-11,339,1.38,1.4
2016-03-11,340,,
2016-03-11,341,2.7,2.74
2016-03-11,342,2.75,2.79
2016-03-11,343,2.6,2.64
2016-03-11,344,12.7,12.7
2016-03-11,345,10,10
2016-03-11,346,9.1,9.1
2016-03-11,347,8.7,8.7
2016-03-11,348,1.75,1.85
2016-03-11,349,1.75,1.85
2016-03-11,350,2.15,2.25
2016-03-11,351,1.8,1.9
2016-03-11,352,3.85,3.95
2016-03-11,353,4.2,4.3
2016-03-11,354,1.7,1.8
2016-03-11,355,1.6,1.7
2016-03-11,356,1.6,1.7
2016-03-11,357,1.7,1.8
2016-03-11,358,4.1,4.2
2016-03-11,359,2.2,2.3
2016-03-11,360,2.2,2.3
2016-03-11,361,4.2,4.3
2016-03-11,362,5.1,5.2
2016-03-11,363,4.1,4.2
2016-03-11,364,1.7,1.8
2016-03-11,365,1.7,1.75
2016-03-11,366,5.2,5.3
2016-03-11,367,2.3,2.35
2016-03-11,368,1.6,1.7
2016-03-11,369,5.2,5.3
2016-03-11,370,2.2,2.25
2016-03-11,371,1.6,1.7
2016-03-11,372,4.1,4.2
2016-03-14,2,,
2016-03-14,3,,
2016-03-14,4,161,162
2016-03-14,5,,
2016-03-14,6,,
2016-03-14,7,,
2016-03-14,8,240,242
2016-03-14,9,165,166
2016-03-14,10,164,165
2016-03-14,11,,
2016-03-14,12,176,178
2016-03-14,13,163,164
2016-03-14,14,161,162
2016-03-14,15,168,169
2016-03-14,16,165,167
2016-03-14,17,,
2016-03-14,18,,
2016-03-14,19,,
2016-03-14,20,,
2016-03-14,21,165,166
2016-03-14,22,,
2016-03-14,23,420,425
2016-03-14,24,414,419
2016-03-14,25,249,251
2016-03-14,26,244,247
2016-03-14,27,445,446
2016-03-14,28,441,443
2016-03-14,29,427,428
2016-03-14,30,158,160
2016-03-14,31,162,164
2016-03-14,32,130,132
2016-03-14,33,166,168
2016-03-14,34,137,139
2016-03-14,35,178,180
2016-03-14,36,149,151
2016-03-14,37,137,138
2016-03-14,38,137,138
2016-03-14,39,257,258
2016-03-14,40,140,148
2016-03-14,41,810,815
2016-03-14,42,153,155
2016-03-14,43,153,155
2016-03-14,44,,
2016-03-14,45,,
2016-03-14,46,,
2016-03-14,47,183,184
2016-03-14,48,160,162
2016-03-14,49,,
2016-03-14,50,640,690
2016-03-14,51,430,510
2016-03-14,52,,
2016-03-14,53,1500,1600
2016-03-14,54,1200,1300
2016-03-14,55,260,290
2016-03-14,56,195,205
2016-03-14,57,164,170
2016-03-14,58,110,115
2016-03-14,59,86,88
2016-03-14,60,,
2016-03-14,61,,
2016-03-14,62,,
2016-03-14,63,125,130
2016-03-14,64,,
2016-03-14,65,,
2016-03-14,66,,
2016-03-14,67,145,150
2016-03-14,68,,
2016-03-14,69,,
2016-03-14,70,,
2016-03-14,71,85,90
2016-03-14,72,225,230
2016-03-14,73,332,333
2016-03-14,74,,
2016-03-14,75,335,336
2016-03-14,76,350,352
2016-03-14,77,350,352
2016-03-14,78,,
2016-03-14,79,,
2016-03-14,80,,
2016-03-14,81,315,320
2016-03-14,82,,
2016-03-14,83,890,900
2016-03-14,84,930,950
2016-03-14,85,745,750
2016-03-14,86,700,710
2016-03-14,87,745,755
2016-03-14,88,715,720
2016-03-14,89,1490,1500
2016-03-14,90,1040,1060
2016-03-14,91,1070,1090
2016-03-14,92,870,875
2016-03-14,93,830,840
2016-03-14,94,817,822
2016-03-14,95,790,795
2016-03-14,96,,
2016-03-14,97,,
2016-03-14,98,,
2016-03-14,99,,
2016-03-14,100,,
2016-03-14,101,10,11
2016-03-14,102,10.5,11.5
2016-03-14,103,3.6,4.35
2016-03-14,104,3.3,3.5
2016-03-14,105,3.48,3.7
2016-03-14,106,3.05,3.1
2016-03-14,107,1.5,1.55
2016-03-14,108,262,280
2016-03-14,109,,
2016-03-14,110,362,390
2016-03-14,111,230,232
2016-03-14,112,220,223
2016-03-14,113,,
2016-03-14,114,190,192
2016-03-14,115,155,160
2016-03-14,116,,
2016-03-14,117,325,328
2016-03-14,118,302,305
2016-03-14,119,,
2016-03-14,120,298,300
2016-03-14,121,390,394
2016-03-14,122,,
2016-03-14,123,,
2016-03-14,124,309,311
2016-03-14,125,,
2016-03-14,126,,
2016-03-14,127,207,210
2016-03-14,128,162,167
2016-03-14,129,,
2016-03-14,130,105,110
2016-03-14,131,1600,1605
2016-03-14,132,530,535
2016-03-14,133,510,512
2016-03-14,134,630,635
2016-03-14,135,8,9
2016-03-14,136,8.5,9.5
2016-03-14,139,7,7.5
2016-03-14,140,7.5,8
2016-03-14,141,,
2016-03-14,142,,
2016-03-14,143,,
2016-03-14,144,,
2016-03-14,145,3.8,4
2016-03-14,146,3.8,4.1
2016-03-14,147,1.5,1.7
2016-03-14,149,0.95,1.05
2016-03-14,150,0.98,1.06
2016-03-14,151,1.05,1.1
2016-03-14,152,,
2016-03-14,153,,
2016-03-14,154,3.1,3.2
2016-03-14,155,,
2016-03-14,156,6,6.5
2016-03-14,157,0.95,1.1
2016-03-14,158,,
2016-03-14,159,0.9,1
2016-03-14,160,1.1,1.2
2016-03-14,161,,
2016-03-14,162,1.35,1.45
2016-03-14,163,4,4.3
2016-03-14,164,5.2,5.8
2016-03-14,165,1.3,1.5
2016-03-14,166,3.9,4.5
2016-03-14,168,0.85,0.95
2016-03-14,169,5.9,6.3
2016-03-14,170,4.2,4.5
2016-03-14,171,5.2,5.8
2016-03-14,172,,
2016-03-14,173,1.05,1.15
2016-03-14,174,,
2016-03-14,175,3.6,4.3
2016-03-14,176,3,4
2016-03-14,177,5,6
2016-03-14,178,7.53,7.63
2016-03-14,179,6.98,7.08
2016-03-14,180,6.48,6.58
2016-03-14,181,4.55,4.6
2016-03-14,182,4.85,4.9
2016-03-14,183,4.82,4.85
2016-03-14,184,5.5,5.6
2016-03-14,185,6.45,6.55
2016-03-14,186,8,8.3
2016-03-14,187,260,280
2016-03-14,188,230,240
2016-03-14,189,100,110
2016-03-14,190,1170,1220
2016-03-14,191,4.46,4.46
2016-03-14,192,3.09,3.09
2016-03-14,193,2.92,2.92
2016-03-14,194,2.36,2.36
2016-03-14,195,1.94,1.94
2016-03-14,196,1.52,1.52
2016-03-14,197,1.14,1.14
2016-03-14,198,1.23,1.23
2016-03-14,199,1.16,1.16
2016-03-14,202,,
2016-03-14,203,,
2016-03-14,204,,
2016-03-14,205,,
2016-03-14,206,,
2016-03-14,207,,
2016-03-14,208,,
2016-03-14,209,,
2016-03-14,210,,
2016-03-14,211,0.2,0.25
2016-03-14,212,0.2,0.25
2016-03-14,213,,
2016-03-14,214,,
2016-03-14,215,,
2016-03-14,216,,
2016-03-14,217,,
2016-03-14,218,,
2016-03-14,219,,
2016-03-14,220,,
2016-03-14,221,,
2016-03-14,222,,
2016-03-14,223,,
2016-03-14,224,,
2016-03-14,225,1.6,1.65
2016-03-14,226,1.8,2.3
2016-03-14,227,,
2016-03-14,228,,
2016-03-14,229,0.3,0.4
2016-03-14,230,,
2016-03-14,231,,
2016-03-14,232,,
2016-03-14,233,0.3,0.32
2016-03-14,234,,
2016-03-14,235,,
2016-03-14,236,,
2016-03-14,237,,
2016-03-14,238,,
2016-03-14,239,,
2016-03-14,240,,
2016-03-14,241,,
2016-03-14,242,,
2016-03-14,243,,
2016-03-14,244,,
2016-03-14,245,,
2016-03-14,246,0.45,0.5
2016-03-14,247,0.4,0.5
2016-03-14,248,,
2016-03-14,249,0.45,0.55
2016-03-14,250,0.25,0.35
2016-03-14,251,,
2016-03-14,252,,
2016-03-14,253,0.65,0.75
2016-03-14,254,,
2016-03-14,255,,
2016-03-14,256,,
2016-03-14,257,,
2016-03-14,258,,
2016-03-14,259,,
2016-03-14,260,,
2016-03-14,261,0.4,0.45
2016-03-14,262,0.45,0.5
2016-03-14,263,0.55,0.6
2016-03-14,264,0.65,0.7
2016-03-14,265,0.9,1
2016-03-14,266,,
2016-03-14,267,,
2016-03-14,268,,
2016-03-14,269,,
2016-03-14,270,,
2016-03-14,271,,
2016-03-14,272,,
2016-03-14,273,,
2016-03-14,274,,
2016-03-14,275,,
2016-03-14,276,,
2016-03-14,277,,
2016-03-14,278,,
2016-03-14,279,,
2016-03-14,280,0.4,0.45
2016-03-14,281,,
2016-03-14,282,,
2016-03-14,283,0.3,0.35
2016-03-14,284,,
2016-03-14,285,,
2016-03-14,286,,
2016-03-14,287,,
2016-03-14,288,,
2016-03-14,289,,
2016-03-14,290,,
2016-03-14,291,,
2016-03-14,292,,
2016-03-14,293,,
2016-03-14,294,,
2016-03-14,295,,
2016-03-14,296,,
2016-03-14,297,,
2016-03-14,298,,
2016-03-14,299,,
2016-03-14,300,,
2016-03-14,301,,
2016-03-14,302,,
2016-03-14,303,,
2016-03-14,304,,
2016-03-14,305,,
2016-03-14,306,,
2016-03-14,307,,
2016-03-14,308,,
2016-03-14,309,,
2016-03-14,310,,
2016-03-14,311,,
2016-03-14,312,,
2016-03-14,313,,
2016-03-14,314,,
2016-03-14,315,,
2016-03-14,316,,
2016-03-14,317,,
2016-03-14,318,,
2016-03-14,319,,
2016-03-14,320,,
2016-03-14,321,,
2016-03-14,322,,
2016-03-14,323,,
2016-03-14,615,8,9
2016-03-14,616,7.5,8.5
2016-03-18,324,0.99,1.01
2016-03-18,325,0.97,0.99
2016-03-18,326,0.97,0.99
2016-03-18,328,0.2,0.24
2016-03-18,329,0.05,0.07
2016-03-18,331,0.16,0.18
2016-03-18,332,,
2016-03-18,333,2.4,2.44
2016-03-18,334,2.4,2.44
2016-03-18,335,2.55,2.59
2016-03-18,336,,
2016-03-18,337,,
2016-03-18,338,1.38,1.4
2016-03-18,339,1.38,1.4
2016-03-18,340,,
2016-03-18,341,2.7,2.74
2016-03-18,342,2.75,2.79
2016-03-18,343,2.6,2.64
2016-03-18,344,12.7,12.7
2016-03-18,345,10,10
2016-03-18,346,9.1,9.1
2016-03-18,347,8.7,8.7
2016-03-18,348,1.85,1.95
2016-03-18,349,1.85,1.95
2016-03-18,350,2.25,2.35
2016-03-18,351,1.9,2
2016-03-18,352,3.85,3.95
2016-03-18,353,4.2,4.3
2016-03-18,354,1.7,1.8
2016-03-18,355,1.6,1.7
2016-03-18,356,1.6,1.7
2016-03-18,357,1.7,1.8
2016-03-18,358,4.1,4.2
2016-03-18,359,2.2,2.3
2016-03-18,360,2.2,2.3
2016-03-18,361,4.2,4.3
2016-03-18,362,5.1,5.2
2016-03-18,363,4.25,4.35
2016-03-18,364,1.7,1.8
2016-03-18,365,1.7,1.75
2016-03-18,366,5.2,5.3
2016-03-18,367,2.3,2.35
2016-03-18,368,1.6,1.7
2016-03-18,369,5.2,5.3
2016-03-18,370,2.2,2.25
2016-03-18,371,1.6,1.7
2016-03-18,372,4.4,4.5
2016-03-21,2,,
2016-03-21,3,,
2016-03-21,4,161,162
2016-03-21,5,,
2016-03-21,6,,
2016-03-21,7,,
2016-03-21,8,240,242
2016-03-21,9,164,165
2016-03-21,10,164,165
2016-03-21,11,,
2016-03-21,12,176,178
2016-03-21,13,165,166
2016-03-21,14,162,163
2016-03-21,15,170,171
2016-03-21,16,164,166
2016-03-21,17,,
2016-03-21,18,,
2016-03-21,19,,
2016-03-21,20,,
2016-03-21,21,165,166
2016-03-21,22,,
2016-03-21,23,420,425
2016-03-21,24,414,419
2016-03-21,25,249,251
2016-03-21,26,244,247
2016-03-21,27,445,446
2016-03-21,28,441,443
2016-03-21,29,427,428
2016-03-21,30,166,168
2016-03-21,31,170,172
2016-03-21,32,138,140
2016-03-21,33,174,176
2016-03-21,34,145,147
2016-03-21,35,183,185
2016-03-21,36,154,156
2016-03-21,37,144,145
2016-03-21,38,144,145
2016-03-21,39,257,258
2016-03-21,40,140,148
2016-03-21,41,800,805
2016-03-21,42,153,155
2016-03-21,43,153,155
2016-03-21,44,,
2016-03-21,45,,
2016-03-21,46,,
2016-03-21,47,183,184
2016-03-21,48,160,162
2016-03-21,49,,
2016-03-21,50,640,690
2016-03-21,51,430,510
2016-03-21,52,,
2016-03-21,53,1500,1600
2016-03-21,54,1200,1300
2016-03-21,55,260,290
2016-03-21,56,195,205
2016-03-21,57,164,170
2016-03-21,58,110,115
2016-03-21,59,86,88
2016-03-21,60,,
2016-03-21,61,,
2016-03-21,62,,
2016-03-21,63,125,130
2016-03-21,64,,
2016-03-21,65,,
2016-03-21,66,,
2016-03-21,67,145,150
2016-03-21,68,,
2016-03-21,69,,
2016-03-21,70,,
2016-03-21,71,85,90
2016-03-21,72,225,230
2016-03-21,73,335,336
2016-03-21,74,,
2016-03-21,75,335,336
2016-03-21,76,355,357
2016-03-21,77,350,352
2016-03-21,78,,
2016-03-21,79,,
2016-03-21,80,,
2016-03-21,81,315,320
2016-03-21,82,,
2016-03-21,83,900,910
2016-03-21,84,930,950
2016-03-21,85,745,750
2016-03-21,86,700,710
2016-03-21,87,740,750
2016-03-21,88,710,715
2016-03-21,89,1510,1520
2016-03-21,90,1040,1060
2016-03-21,91,1070,1090
2016-03-21,92,870,875
2016-03-21,93,840,850
2016-03-21,94,812,817
2016-03-21,95,780,785
2016-03-21,96,,
2016-03-21,97,,
2016-03-21,98,,
2016-03-21,99,,
2016-03-21,100,,
2016-03-21,101,10,11
2016-03-21,102,10.5,11.5
2016-03-21,103,3.6,4.35
2016-03-21,104,3.3,3.5
2016-03-21,105,3.48,3.7
2016-03-21,106,3.05,3.1
2016-03-21,107,1.5,1.55
2016-03-21,108,262,280
2016-03-21,109,,
2016-03-21,110,362,390
2016-03-21,111,240,242
2016-03-21,112,240,243
2016-03-21,113,,
2016-03-21,114,190,192
2016-03-21,115,160,165
2016-03-21,116,,
2016-03-21,117,315,318
2016-03-21,118,292,295
2016-03-21,119,,
2016-03-21,120,290,292
2016-03-21,121,380,384
2016-03-21,122,302,304
2016-03-21,123,,
2016-03-21,124,301,303
2016-03-21,125,,
2016-03-21,126,,
2016-03-21,127,207,210
2016-03-21,128,162,167
2016-03-21,129,,
2016-03-21,130,105,110
2016-03-21,131,1600,1605
2016-03-21,132,530,535
2016-03-21,133,510,512
2016-03-21,134,620,625
2016-03-21,135,8,9
2016-03-21,136,8.5,9.5
2016-03-21,139,7,7.5
2016-03-21,140,7.5,8
2016-03-21,141,,
2016-03-21,142,,
2016-03-21,143,,
2016-03-21,144,,
2016-03-21,145,3.8,4
2016-03-21,146,3.8,4.1
2016-03-21,147,1.5,1.7
2016-03-21,149,0.95,1.05
2016-03-21,150,0.98,1.06
2016-03-21,151,1.05,1.1
2016-03-21,152,,
2016-03-21,153,,
2016-03-21,154,3.1,3.2
2016-03-21,155,,
2016-03-21,156,6,6.5
2016-03-21,157,0.95,1.1
2016-03-21,158,,
2016-03-21,159,0.9,1
2016-03-21,160,1.1,1.2
2016-03-21,161,,
2016-03-21,162,1.35,1.45
2016-03-21,163,4,4.3
2016-03-21,164,5.2,5.8
2016-03-21,165,1.3,1.5
2016-03-21,166,3.9,4.5
2016-03-21,168,0.85,0.95
2016-03-21,169,5.9,6.3
2016-03-21,170,4.2,4.5
2016-03-21,171,5.2,5.8
2016-03-21,172,,
2016-03-21,173,1.05,1.15
2016-03-21,174,,
2016-03-21,175,3.6,4.3
2016-03-21,176,3,4
2016-03-21,177,5,6
2016-03-21,178,7.5,7.6
2016-03-21,179,6.95,7.05
2016-03-21,180,6.45,6.55
2016-03-21,181,4.52,4.57
2016-03-21,182,4.82,4.87
2016-03-21,183,4.79,4.82
2016-03-21,184,5.47,5.57
2016-03-21,185,6.42,6.52
2016-03-21,186,7.97,8.27
2016-03-21,187,245,265
2016-03-21,188,220,230
2016-03-21,189,100,110
2016-03-21,190,1120,1170
2016-03-21,191,4.46,4.46
2016-03-21,192,3.19,3.19
2016-03-21,193,2.95,2.95
2016-03-21,194,2.44,2.44
2016-03-21,195,2.02,2.02
2016-03-21,196,1.6,1.6
2016-03-21,197,1.18,1.18
2016-03-21,198,1.27,1.27
2016-03-21,199,1.2,1.2
2016-03-21,202,,
2016-03-21,203,,
2016-03-21,204,4,5
2016-03-21,205,6,7
2016-03-21,206,,
2016-03-21,207,,
2016-03-21,208,,
2016-03-21,209,,
2016-03-21,210,,
2016-03-21,211,0.2,0.25
2016-03-21,212,0.2,0.25
2016-03-21,213,,
2016-03-21,214,,
2016-03-21,215,,
2016-03-21,216,,
2016-03-21,217,,
2016-03-21,218,,
2016-03-21,219,,
2016-03-21,220,,
2016-03-21,221,,
2016-03-21,222,,
2016-03-21,223,,
2016-03-21,224,,
2016-03-21,225,1.6,1.65
2016-03-21,226,2,2.3
2016-03-21,227,,
2016-03-21,228,,
2016-03-21,229,0.3,0.4
2016-03-21,230,,
2016-03-21,231,,
2016-03-21,232,,
2016-03-21,233,0.3,0.32
2016-03-21,234,,
2016-03-21,235,,
2016-03-21,236,,
2016-03-21,237,,
2016-03-21,238,,
2016-03-21,239,,
2016-03-21,240,,
2016-03-21,241,,
2016-03-21,242,,
2016-03-21,243,,
2016-03-21,244,,
2016-03-21,245,,
2016-03-21,246,0.45,0.5
2016-03-21,247,0.45,0.55
2016-03-21,248,,
2016-03-21,249,0.6,0.7
2016-03-21,250,0.3,0.4
2016-03-21,251,,
2016-03-21,252,,
2016-03-21,253,0.65,0.75
2016-03-21,254,,
2016-03-21,255,,
2016-03-21,256,,
2016-03-21,257,,
2016-03-21,258,,
2016-03-21,259,,
2016-03-21,260,,
2016-03-21,261,0.4,0.45
2016-03-21,262,0.45,0.5
2016-03-21,263,0.55,0.6
2016-03-21,264,0.65,0.7
2016-03-21,265,0.9,1
2016-03-21,266,,
2016-03-21,267,,
2016-03-21,268,,
2016-03-21,269,,
2016-03-21,270,,
2016-03-21,271,,
2016-03-21,272,,
2016-03-21,273,,
2016-03-21,274,,
2016-03-21,275,,
2016-03-21,276,,
2016-03-21,277,,
2016-03-21,278,,
2016-03-21,279,,
2016-03-21,280,0.4,0.45
2016-03-21,281,,
2016-03-21,282,,
2016-03-21,283,0.3,0.35
2016-03-21,284,,
2016-03-21,285,,
2016-03-21,286,,
2016-03-21,287,,
2016-03-21,288,,
2016-03-21,289,,
2016-03-21,290,,
2016-03-21,291,,
2016-03-21,292,,
2016-03-21,293,,
2016-03-21,294,,
2016-03-21,295,,
2016-03-21,296,,
2016-03-21,297,,
2016-03-21,298,,
2016-03-21,299,,
2016-03-21,300,,
2016-03-21,301,,
2016-03-21,302,,
2016-03-21,303,,
2016-03-21,304,,
2016-03-21,305,,
2016-03-21,306,,
2016-03-21,307,,
2016-03-21,308,,
2016-03-21,309,,
2016-03-21,310,,
2016-03-21,311,,
2016-03-21,312,,
2016-03-21,313,,
2016-03-21,314,,
2016-03-21,315,,
2016-03-21,316,,
2016-03-21,317,,
2016-03-21,318,,
2016-03-21,319,,
2016-03-21,320,,
2016-03-21,321,,
2016-03-21,322,,
2016-03-21,323,,
2016-03-21,615,8,9
2016-03-21,616,7.5,8.5
2016-04-01,324,0.99,1.01
2016-04-01,325,0.97,0.99
2016-04-01,326,0.97,0.99
2016-04-01,328,0.18,0.22
2016-04-01,329,0.05,0.07
2016-04-01,331,0.14,0.16
2016-04-01,332,,
2016-04-01,333,2.4,2.44
2016-04-01,334,2.4,2.44
2016-04-01,335,2.55,2.59
2016-04-01,336,,
2016-04-01,337,,
2016-04-01,338,1.3,1.32
2016-04-01,339,1.3,1.32
2016-04-01,340,,
2016-04-01,341,2.7,2.74
2016-04-01,342,2.75,2.79
2016-04-01,343,2.6,2.64
2016-04-01,344,12.4,12.4
2016-04-01,345,9.7,9.7
2016-04-01,346,8.8,8.8
2016-04-01,347,8.4,8.4
2016-04-01,348,1.85,1.95
2016-04-01,349,1.85,1.95
2016-04-01,350,2.25,2.35
2016-04-01,351,1.9,2
2016-04-01,352,3.85,3.95
2016-04-01,353,4.2,4.3
2016-04-01,354,1.6,1.7
2016-04-01,355,1.6,1.7
2016-04-01,356,1.6,1.7
2016-04-01,357,1.6,1.7
2016-04-01,358,4.1,4.2
2016-04-01,359,2.1,2.2
2016-04-01,360,2.1,2.2
2016-04-01,361,4.2,4.3
2016-04-01,362,5.1,5.2
2016-04-01,363,4.25,4.35
2016-04-01,364,1.7,1.8
2016-04-01,365,1.7,1.75
2016-04-01,366,5.1,5.2
2016-04-01,367,2.1,2.2
2016-04-01,368,1.5,1.6
2016-04-01,369,5.1,5.2
2016-04-01,370,1.9,2
2016-04-01,371,1.5,1.6
2016-04-01,372,4.1,4.2
2016-04-04,2,,
2016-04-04,3,,
2016-04-04,4,163,164
2016-04-04,5,,
2016-04-04,6,,
2016-04-04,7,,
2016-04-04,8,240,242
2016-04-04,9,165,166
2016-04-04,10,164,165
2016-04-04,11,,
2016-04-04,12,176,178
2016-04-04,13,165,166
2016-04-04,14,164,165
2016-04-04,15,170,171
2016-04-04,16,165,167
2016-04-04,17,,
2016-04-04,18,,
2016-04-04,19,,
2016-04-04,20,,
2016-04-04,21,165,166
2016-04-04,22,,
2016-04-04,23,420,425
2016-04-04,24,414,419
2016-04-04,25,249,251
2016-04-04,26,244,247
2016-04-04,27,445,446
2016-04-04,28,441,443
2016-04-04,29,427,428
2016-04-04,30,164,166
2016-04-04,31,168,170
2016-04-04,32,136,138
2016-04-04,33,172,174
2016-04-04,34,143,145
2016-04-04,35,178,180
2016-04-04,36,149,151
2016-04-04,37,142,143
2016-04-04,38,142,143
2016-04-04,39,257,258
2016-04-04,40,140,148
2016-04-04,41,790,795
2016-04-04,42,153,155
2016-04-04,43,153,155
2016-04-04,44,,
2016-04-04,45,,
2016-04-04,46,,
2016-04-04,47,183,184
2016-04-04,48,160,162
2016-04-04,49,,
2016-04-04,50,640,690
2016-04-04,51,420,500
2016-04-04,52,,
2016-04-04,53,1500,1600
2016-04-04,54,1180,1280
2016-04-04,55,260,290
2016-04-04,56,195,205
2016-04-04,57,164,170
2016-04-04,58,115,120
2016-04-04,59,86,88
2016-04-04,60,,
2016-04-04,61,,
2016-04-04,62,,
2016-04-04,63,125,130
2016-04-04,64,,
2016-04-04,65,,
2016-04-04,66,,
2016-04-04,67,145,150
2016-04-04,68,,
2016-04-04,69,,
2016-04-04,70,,
2016-04-04,71,85,90
2016-04-04,72,225,230
2016-04-04,73,340,341
2016-04-04,74,,
2016-04-04,75,340,341
2016-04-04,76,358,360
2016-04-04,77,353,355
2016-04-04,78,,
2016-04-04,79,,
2016-04-04,80,,
2016-04-04,81,315,320
2016-04-04,82,,
2016-04-04,83,900,910
2016-04-04,84,920,940
2016-04-04,85,745,750
2016-04-04,86,700,710
2016-04-04,87,745,755
2016-04-04,88,715,720
2016-04-04,89,1560,1570
2016-04-04,90,1040,1060
2016-04-04,91,1070,1090
2016-04-04,92,870,875
2016-04-04,93,830,840
2016-04-04,94,817,822
2016-04-04,95,785,790
2016-04-04,96,,
2016-04-04,97,,
2016-04-04,98,,
2016-04-04,99,,
2016-04-04,100,,
2016-04-04,101,10,11
2016-04-04,102,10.5,11.5
2016-04-04,103,3.6,4.35
2016-04-04,104,3.3,3.5
2016-04-04,105,3.48,3.7
2016-04-04,106,3.05,3.1
2016-04-04,107,1.5,1.55
2016-04-04,108,262,280
2016-04-04,109,,
2016-04-04,110,362,390
2016-04-04,111,250,252
2016-04-04,112,,
2016-04-04,113,,
2016-04-04,114,195,197
2016-04-04,115,162,165
2016-04-04,116,,
2016-04-04,117,320,323
2016-04-04,118,298,301
2016-04-04,119,,
2016-04-04,120,295,297
2016-04-04,121,385,389
2016-04-04,122,308,310
2016-04-04,123,,
2016-04-04,124,306,308
2016-04-04,125,,
2016-04-04,126,,
2016-04-04,127,207,210
2016-04-04,128,162,167
2016-04-04,129,,
2016-04-04,130,105,110
2016-04-04,131,1600,1605
2016-04-04,132,535,540
2016-04-04,133,515,517
2016-04-04,134,620,625
2016-04-04,135,8,9
2016-04-04,136,8.5,9.5
2016-04-04,139,7,7.5
2016-04-04,140,7.5,8
2016-04-04,141,,
2016-04-04,142,,
2016-04-04,143,,
2016-04-04,144,,
2016-04-04,145,3.8,4
2016-04-04,146,3.8,4.1
2016-04-04,147,1.5,1.7
2016-04-04,149,0.95,1.05
2016-04-04,150,0.98,1.06
2016-04-04,151,1.05,1.1
2016-04-04,152,,
2016-04-04,153,,
2016-04-04,154,3.1,3.2
2016-04-04,155,,
2016-04-04,156,6,6.5
2016-04-04,157,0.95,1.1
2016-04-04,158,,
2016-04-04,159,0.9,1
2016-04-04,160,1.1,1.2
2016-04-04,161,,
2016-04-04,162,1.35,1.45
2016-04-04,163,4,4.3
2016-04-04,164,5.2,5.8
2016-04-04,165,1.3,1.5
2016-04-04,166,3.9,4.5
2016-04-04,168,0.85,0.95
2016-04-04,169,5.9,6.3
2016-04-04,170,4.2,4.5
2016-04-04,171,5.2,5.8
2016-04-04,172,,
2016-04-04,173,1.05,1.15
2016-04-04,174,,
2016-04-04,175,3.6,4.3
2016-04-04,176,3,4
2016-04-04,177,5,6
2016-04-04,178,7.48,7.58
2016-04-04,179,6.93,7.03
2016-04-04,180,6.43,6.53
2016-04-04,181,4.5,4.55
2016-04-04,182,4.8,4.85
2016-04-04,183,4.77,4.8
2016-04-04,184,5.45,5.55
2016-04-04,185,6.4,6.5
2016-04-04,186,7.95,8.25
2016-04-04,187,230,260
2016-04-04,188,220,230
2016-04-04,189,100,110
2016-04-04,190,1120,1170
2016-04-04,191,4.48,4.48
2016-04-04,192,3.27,3.27
2016-04-04,193,2.98,2.98
2016-04-04,194,2.56,2.56
2016-04-04,195,2.16,2.16
2016-04-04,196,1.72,1.72
2016-04-04,197,1.18,1.18
2016-04-04,198,1.27,1.27
2016-04-04,199,1.2,1.2
2016-04-04,202,,
2016-04-04,203,,
2016-04-04,204,2,3
2016-04-04,205,4,4.5
2016-04-04,206,,
2016-04-04,207,,
2016-04-04,208,,
2016-04-04,209,,
2016-04-04,210,,
2016-04-04,211,0.2,0.25
2016-04-04,212,,
2016-04-04,213,,
2016-04-04,214,,
2016-04-04,215,,
2016-04-04,216,,
2016-04-04,217,,
2016-04-04,218,,
2016-04-04,219,,
2016-04-04,220,,
2016-04-04,221,,
2016-04-04,222,,
2016-04-04,223,,
2016-04-04,224,,
2016-04-04,225,1.6,1.65
2016-04-04,226,1.7,1.8
2016-04-04,227,,
2016-04-04,228,,
2016-04-04,229,0.3,0.4
2016-04-04,230,,
2016-04-04,231,,
2016-04-04,232,,
2016-04-04,233,0.3,0.32
2016-04-04,234,,
2016-04-04,235,,
2016-04-04,236,,
2016-04-04,237,,
2016-04-04,238,,
2016-04-04,239,,
2016-04-04,240,,
2016-04-04,241,,
2016-04-04,242,,
2016-04-04,243,,
2016-04-04,244,,
2016-04-04,245,,
2016-04-04,246,0.5,0.55
2016-04-04,247,0.4,0.5
2016-04-04,248,,
2016-04-04,249,0.7,0.8
2016-04-04,250,0.4,0.5
2016-04-04,251,,
2016-04-04,252,,
2016-04-04,253,0.65,0.75
2016-04-04,254,,
2016-04-04,255,,
2016-04-04,256,,
2016-04-04,257,,
2016-04-04,258,,
2016-04-04,259,,
2016-04-04,260,,
2016-04-04,261,0.4,0.45
2016-04-04,262,0.45,0.5
2016-04-04,263,0.55,0.6
2016-04-04,264,0.65,0.7
2016-04-04,265,0.9,1
2016-04-04,266,,
2016-04-04,267,,
2016-04-04,268,,
2016-04-04,269,,
2016-04-04,270,,
2016-04-04,271,,
2016-04-04,272,,
2016-04-04,273,,
2016-04-04,274,,
2016-04-04,275,,
2016-04-04,276,,
2016-04-04,277,,
2016-04-04,278,,
2016-04-04,279,,
2016-04-04,280,,
2016-04-04,281,,
2016-04-04,282,,
2016-04-04,283,,
2016-04-04,284,,
2016-04-04,285,,
2016-04-04,286,,
2016-04-04,287,,
2016-04-04,288,,
2016-04-04,289,,
2016-04-04,290,,
2016-04-04,291,,
2016-04-04,292,,
2016-04-04,293,,
2016-04-04,294,,
2016-04-04,295,,
2016-04-04,296,,
2016-04-04,297,,
2016-04-04,298,,
2016-04-04,299,,
2016-04-04,300,,
2016-04-04,301,,
2016-04-04,302,,
2016-04-04,303,,
2016-04-04,304,,
2016-04-04,305,,
2016-04-04,306,,
2016-04-04,307,,
2016-04-04,308,,
2016-04-04,309,,
2016-04-04,310,,
2016-04-04,311,,
2016-04-04,312,,
2016-04-04,313,,
2016-04-04,314,,
2016-04-04,315,,
2016-04-04,316,,
2016-04-04,317,,
2016-04-04,318,,
2016-04-04,319,,
2016-04-04,320,,
2016-04-04,321,,
2016-04-04,322,,
2016-04-04,323,,
2016-04-04,615,8,9
2016-04-04,616,7.5,8.5
2016-04-08,324,0.99,1.01
2016-04-08,325,0.97,0.99
2016-04-08,326,0.97,0.99
2016-04-08,328,0.18,0.22
2016-04-08,329,0.05,0.07
2016-04-08,331,0.14,0.16
2016-04-08,332,,
2016-04-08,333,2.4,2.44
2016-04-08,334,2.4,2.44
2016-04-08,335,2.55,2.59
2016-04-08,336,,
2016-04-08,337,,
2016-04-08,338,1.3,1.32
2016-04-08,339,1.3,1.32
2016-04-08,340,,
2016-04-08,341,2.7,2.74
2016-04-08,342,2.75,2.79
2016-04-08,343,2.6,2.64
2016-04-08,344,12.2,12.2
2016-04-08,345,9.5,9.5
2016-04-08,346,8.6,8.6
2016-04-08,347,8.2,8.2
2016-04-08,348,1.85,1.95
2016-04-08,349,1.85,1.95
2016-04-08,350,2.25,2.35
2016-04-08,351,1.9,2
2016-04-08,352,3.85,3.95
2016-04-08,353,4.2,4.3
2016-04-08,354,1.5,1.6
2016-04-08,355,1.5,1.6
2016-04-08,356,1.5,1.6
2016-04-08,357,1.5,1.6
2016-04-08,358,4,4.1
2016-04-08,359,2.1,2.2
2016-04-08,360,2.1,2.2
2016-04-08,361,4.2,4.3
2016-04-08,362,5.1,5.2
2016-04-08,363,4.25,4.35
2016-04-08,364,1.7,1.8
2016-04-08,365,1.7,1.75
2016-04-08,366,5.1,5.2
2016-04-08,367,2.1,2.2
2016-04-08,368,1.5,1.6
2016-04-08,369,5.1,5.2
2016-04-08,370,1.9,2
2016-04-08,371,1.5,1.6
2016-04-08,372,3.8,3.9
2016-04-11,2,,
2016-04-11,3,,
2016-04-11,4,163,164
2016-04-11,5,,
2016-04-11,6,,
2016-04-11,7,,
2016-04-11,8,240,242
2016-04-11,9,166,167
2016-04-11,10,166,167
2016-04-11,11,,
2016-04-11,12,176,178
2016-04-11,13,167,168
2016-04-11,14,165,166
2016-04-11,15,172,173
2016-04-11,16,166,168
2016-04-11,17,,
2016-04-11,18,,
2016-04-11,19,,
2016-04-11,20,,
2016-04-11,21,166,167
2016-04-11,22,,
2016-04-11,23,420,425
2016-04-11,24,414,419
2016-04-11,25,249,251
2016-04-11,26,244,247
2016-04-11,27,435,436
2016-04-11,28,431,433
2016-04-11,29,417,418
2016-04-11,30,161,163
2016-04-11,31,165,167
2016-04-11,32,133,135
2016-04-11,33,169,171
2016-04-11,34,140,142
2016-04-11,35,176,178
2016-04-11,36,147,149
2016-04-11,37,137,138
2016-04-11,38,137,138
2016-04-11,39,258,259
2016-04-11,40,140,148
2016-04-11,41,780,785
2016-04-11,42,153,155
2016-04-11,43,153,155
2016-04-11,44,,
2016-04-11,45,,
2016-04-11,46,,
2016-04-11,47,183,184
2016-04-11,48,160,162
2016-04-11,49,,
2016-04-11,50,640,690
2016-04-11,51,420,500
2016-04-11,52,,
2016-04-11,53,1500,1600
2016-04-11,54,1180,1280
2016-04-11,55,260,290
2016-04-11,56,195,205
2016-04-11,57,164,170
2016-04-11,58,115,120
2016-04-11,59,86,88
2016-04-11,60,,
2016-04-11,61,,
2016-04-11,62,,
2016-04-11,63,125,130
2016-04-11,64,,
2016-04-11,65,,
2016-04-11,66,,
2016-04-11,67,145,150
2016-04-11,68,,
2016-04-11,69,,
2016-04-11,70,,
2016-04-11,71,85,90
2016-04-11,72,225,230
2016-04-11,73,342,343
2016-04-11,74,,
2016-04-11,75,340,341
2016-04-11,76,358,360
2016-04-11,77,353,355
2016-04-11,78,,
2016-04-11,79,,
2016-04-11,80,,
2016-04-11,81,315,320
2016-04-11,82,,
2016-04-11,83,920,930
2016-04-11,84,930,950
2016-04-11,85,745,750
2016-04-11,86,710,720
2016-04-11,87,740,750
2016-04-11,88,705,710
2016-04-11,89,1610,1620
2016-04-11,90,1060,1080
2016-04-11,91,1080,1100
2016-04-11,92,870,875
2016-04-11,93,830,840
2016-04-11,94,812,817
2016-04-11,95,775,780
2016-04-11,96,,
2016-04-11,97,,
2016-04-11,98,,
2016-04-11,99,,
2016-04-11,100,,
2016-04-11,101,10,11
2016-04-11,102,10.5,11.5
2016-04-11,103,3.6,4.35
2016-04-11,104,3.3,3.5
2016-04-11,105,3.48,3.7
2016-04-11,106,3.05,3.1
2016-04-11,107,1.5,1.55
2016-04-11,108,262,280
2016-04-11,109,,
2016-04-11,110,362,390
2016-04-11,111,250,252
2016-04-11,112,,
2016-04-11,113,,
2016-04-11,114,198,200
2016-04-11,115,165,168
2016-04-11,116,,
2016-04-11,117,320,323
2016-04-11,118,298,301
2016-04-11,119,,
2016-04-11,120,298,300
2016-04-11,121,385,389
2016-04-11,122,308,310
2016-04-11,123,,
2016-04-11,124,308,310
2016-04-11,125,,
2016-04-11,126,,
2016-04-11,127,207,210
2016-04-11,128,162,167
2016-04-11,129,,
2016-04-11,130,105,110
2016-04-11,131,1600,1605
2016-04-11,132,535,540
2016-04-11,133,515,517
2016-04-11,134,615,620
2016-04-11,135,8,9
2016-04-11,136,8.5,9.5
2016-04-11,139,7,7.5
2016-04-11,140,7.5,8
2016-04-11,141,,
2016-04-11,142,,
2016-04-11,143,,
2016-04-11,144,,
2016-04-11,145,3.8,4
2016-04-11,146,3.8,4.1
2016-04-11,147,1.5,1.7
2016-04-11,149,0.95,1.05
2016-04-11,150,0.98,1.06
2016-04-11,151,1.05,1.1
2016-04-11,152,,
2016-04-11,153,,
2016-04-11,154,3.1,3.2
2016-04-11,155,,
2016-04-11,156,6,6.5
2016-04-11,157,0.95,1.1
2016-04-11,158,,
2016-04-11,159,0.9,1
2016-04-11,160,1.1,1.2
2016-04-11,161,,
2016-04-11,162,1.35,1.45
2016-04-11,163,4,4.3
2016-04-11,164,5.2,5.8
2016-04-11,165,1.3,1.5
2016-04-11,166,3.9,4.5
2016-04-11,168,0.85,0.95
2016-04-11,169,5.9,6.3
2016-04-11,170,4.2,4.5
2016-04-11,171,5.2,5.8
2016-04-11,172,,
2016-04-11,173,1.05,1.15
2016-04-11,174,,
2016-04-11,175,3.6,4.3
2016-04-11,176,3,4
2016-04-11,177,5,6
2016-04-11,178,7.45,7.55
2016-04-11,179,6.9,7
2016-04-11,180,6.4,6.5
2016-04-11,181,4.48,4.53
2016-04-11,182,4.78,4.83
2016-04-11,183,4.75,4.78
2016-04-11,184,5.43,5.53
2016-04-11,185,6.38,6.48
2016-04-11,186,7.93,8.23
2016-04-11,187,220,250
2016-04-11,188,210,220
2016-04-11,189,100,110
2016-04-11,190,1120,1170
2016-04-11,191,4.48,4.48
2016-04-11,192,3.27,3.27
2016-04-11,193,2.98,2.98
2016-04-11,194,2.58,2.58
2016-04-11,195,2.18,2.18
2016-04-11,196,1.72,1.72
2016-04-11,197,1.15,1.15
2016-04-11,198,1.23,1.23
2016-04-11,199,1.17,1.17
2016-04-11,202,,
2016-04-11,203,,
2016-04-11,204,1.5,2
2016-04-11,205,3,4
2016-04-11,206,,
2016-04-11,207,,
2016-04-11,208,,
2016-04-11,209,,
2016-04-11,210,,
2016-04-11,211,,
2016-04-11,212,,
2016-04-11,213,,
2016-04-11,214,,
2016-04-11,215,,
2016-04-11,216,,
2016-04-11,217,,
2016-04-11,218,,
2016-04-11,219,,
2016-04-11,220,,
2016-04-11,221,,
2016-04-11,222,,
2016-04-11,223,,
2016-04-11,224,,
2016-04-11,225,1.6,1.65
2016-04-11,226,1.5,1.7
2016-04-11,227,,
2016-04-11,228,,
2016-04-11,229,0.3,0.4
2016-04-11,230,,
2016-04-11,231,,
2016-04-11,232,,
2016-04-11,233,0.3,0.32
2016-04-11,234,,
2016-04-11,235,,
2016-04-11,236,,
2016-04-11,237,,
2016-04-11,238,,
2016-04-11,239,,
2016-04-11,240,,
2016-04-11,241,,
2016-04-11,242,,
2016-04-11,243,,
2016-04-11,244,,
2016-04-11,245,,
2016-04-11,246,0.5,0.55
2016-04-11,247,0.3,0.4
2016-04-11,248,,
2016-04-11,249,0.7,0.8
2016-04-11,250,0.4,0.5
2016-04-11,251,,
2016-04-11,252,,
2016-04-11,253,,
2016-04-11,254,,
2016-04-11,255,,
2016-04-11,256,,
2016-04-11,257,,
2016-04-11,258,,
2016-04-11,259,,
2016-04-11,260,,
2016-04-11,261,0.4,0.45
2016-04-11,262,0.45,0.5
2016-04-11,263,0.55,0.6
2016-04-11,264,0.65,0.7
2016-04-11,265,0.9,1
2016-04-11,266,,
2016-04-11,267,,
2016-04-11,268,,
2016-04-11,269,,
2016-04-11,270,,
2016-04-11,271,,
2016-04-11,272,,
2016-04-11,273,,
2016-04-11,274,,
2016-04-11,275,,
2016-04-11,276,,
2016-04-11,277,,
2016-04-11,278,,
2016-04-11,279,,
2016-04-11,280,,
2016-04-11,281,,
2016-04-11,282,,
2016-04-11,283,,
2016-04-11,284,,
2016-04-11,285,,
2016-04-11,286,,
2016-04-11,287,,
2016-04-11,288,,
2016-04-11,289,,
2016-04-11,290,,
2016-04-11,291,,
2016-04-11,292,,
2016-04-11,293,,
2016-04-11,294,,
2016-04-11,295,,
2016-04-11,296,,
2016-04-11,297,,
2016-04-11,298,,
2016-04-11,299,,
2016-04-11,300,,
2016-04-11,301,,
2016-04-11,302,,
2016-04-11,303,,
2016-04-11,304,,
2016-04-11,305,,
2016-04-11,306,,
2016-04-11,307,,
2016-04-11,308,,
2016-04-11,309,,
2016-04-11,310,,
2016-04-11,311,,
2016-04-11,312,,
2016-04-11,313,,
2016-04-11,314,,
2016-04-11,315,,
2016-04-11,316,,
2016-04-11,317,,
2016-04-11,318,,
2016-04-11,319,,
2016-04-11,320,,
2016-04-11,321,,
2016-04-11,322,,
2016-04-11,323,,
2016-04-11,615,8,9
2016-04-11,616,7.5,8.5
2016-04-15,324,0.99,1.01
2016-04-15,325,0.97,0.99
2016-04-15,326,0.97,0.99
2016-04-15,328,0.16,0.2
2016-04-15,329,0.03,0.05
2016-04-15,331,0.1,0.12
2016-04-15,332,,
2016-04-15,333,2.4,2.44
2016-04-15,334,2.4,2.44
2016-04-15,335,2.55,2.59
2016-04-15,336,,
2016-04-15,337,,
2016-04-15,338,1.22,1.24
2016-04-15,339,1.22,1.24
2016-04-15,340,,
2016-04-15,341,2.7,2.74
2016-04-15,342,2.75,2.79
2016-04-15,343,2.6,2.64
2016-04-15,344,12,12
2016-04-15,345,9.3,9.3
2016-04-15,346,8.4,8.4
2016-04-15,347,8,8
2016-04-15,348,1.85,1.95
2016-04-15,349,1.85,1.95
2016-04-15,350,2.25,2.35
2016-04-15,351,1.9,2
2016-04-15,352,3.85,3.95
2016-04-15,353,4.2,4.3
2016-04-15,354,1.5,1.6
2016-04-15,355,1.5,1.6
2016-04-15,356,1.5,1.6
2016-04-15,357,1.5,1.6
2016-04-15,358,4,4.1
2016-04-15,359,1.95,2.05
2016-04-15,360,1.95,2.05
2016-04-15,361,4.2,4.3
2016-04-15,362,5.1,5.2
2016-04-15,363,4.25,4.35
2016-04-15,364,1.7,1.8
2016-04-15,365,1.7,1.75
2016-04-15,366,4.9,5
2016-04-15,367,2,2.1
2016-04-15,368,1.4,1.5
2016-04-15,369,4.9,5
2016-04-15,370,1.8,1.9
2016-04-15,371,1.4,1.5
2016-04-15,372,3.6,3.7
2016-04-18,2,,
2016-04-18,3,,
2016-04-18,4,164,165
2016-04-18,5,,
2016-04-18,6,,
2016-04-18,7,,
2016-04-18,8,236,238
2016-04-18,9,166,167
2016-04-18,10,167,168
2016-04-18,11,,
2016-04-18,12,177,179
2016-04-18,13,169,170
2016-04-18,14,167,168
2016-04-18,15,176,177
2016-04-18,16,169,171
2016-04-18,17,,
2016-04-18,18,,
2016-04-18,19,,
2016-04-18,20,,
2016-04-18,21,167,168
2016-04-18,22,,
2016-04-18,23,420,425
2016-04-18,24,414,419
2016-04-18,25,249,251
2016-04-18,26,244,247
2016-04-18,27,435,436
2016-04-18,28,431,433
2016-04-18,29,417,418
2016-04-18,30,156,158
2016-04-18,31,160,162
2016-04-18,32,128,130
2016-04-18,33,164,166
2016-04-18,34,135,137
2016-04-18,35,176,178
2016-04-18,36,147,149
2016-04-18,37,134,135
2016-04-18,38,134,135
2016-04-18,39,260,261
2016-04-18,40,146,152
2016-04-18,41,770,775
2016-04-18,42,153,155
2016-04-18,43,153,155
2016-04-18,44,,
2016-04-18,45,,
2016-04-18,46,,
2016-04-18,47,181,182
2016-04-18,48,160,162
2016-04-18,49,,
2016-04-18,50,650,700
2016-04-18,51,400,500
2016-04-18,52,,
2016-04-18,53,1520,1620
2016-04-18,54,1180,1280
2016-04-18,55,265,295
2016-04-18,56,195,205
2016-04-18,57,164,170
2016-04-18,58,115,120
2016-04-18,59,86,88
2016-04-18,60,,
2016-04-18,61,,
2016-04-18,62,,
2016-04-18,63,125,130
2016-04-18,64,,
2016-04-18,65,,
2016-04-18,66,,
2016-04-18,67,145,150
2016-04-18,68,,
2016-04-18,69,,
2016-04-18,70,,
2016-04-18,71,85,90
2016-04-18,72,230,235
2016-04-18,73,350,351
2016-04-18,74,,
2016-04-18,75,348,349
2016-04-18,76,366,368
2016-04-18,77,361,363
2016-04-18,78,,
2016-04-18,79,,
2016-04-18,80,,
2016-04-18,81,315,320
2016-04-18,82,,
2016-04-18,83,910,920
2016-04-18,84,910,930
2016-04-18,85,745,750
2016-04-18,86,700,710
2016-04-18,87,735,745
2016-04-18,88,695,700
2016-04-18,89,1660,1670
2016-04-18,90,1050,1070
2016-04-18,91,1070,1090
2016-04-18,92,870,875
2016-04-18,93,815,825
2016-04-18,94,807,812
2016-04-18,95,765,770
2016-04-18,96,,
2016-04-18,97,,
2016-04-18,98,,
2016-04-18,99,,
2016-04-18,100,,
2016-04-18,101,10,11
2016-04-18,102,10.5,11.5
2016-04-18,103,3.6,4.35
2016-04-18,104,3.25,3.45
2016-04-18,105,3.46,3.68
2016-04-18,106,3.05,3.1
2016-04-18,107,1.5,1.55
2016-04-18,108,262,280
2016-04-18,109,,
2016-04-18,110,357,385
2016-04-18,111,250,252
2016-04-18,112,250,255
2016-04-18,113,,
2016-04-18,114,210,215
2016-04-18,115,170,173
2016-04-18,116,180,182
2016-04-18,117,342,345
2016-04-18,118,325,328
2016-04-18,119,,
2016-04-18,120,325,327
2016-04-18,121,410,414
2016-04-18,122,335,337
2016-04-18,123,,
2016-04-18,124,335,337
2016-04-18,125,,
2016-04-18,126,,
2016-04-18,127,207,210
2016-04-18,128,162,167
2016-04-18,129,,
2016-04-18,130,105,110
2016-04-18,131,1600,1605
2016-04-18,132,545,550
2016-04-18,133,525,527
2016-04-18,134,620,625
2016-04-18,135,8,9
2016-04-18,136,8.5,9.5
2016-04-18,139,7,7.5
2016-04-18,140,7.5,8
2016-04-18,141,,
2016-04-18,142,,
2016-04-18,143,,
2016-04-18,144,,
2016-04-18,145,3.8,4
2016-04-18,146,3.8,4.1
2016-04-18,147,1.5,1.7
2016-04-18,149,0.95,1.05
2016-04-18,150,0.98,1.06
2016-04-18,151,1.05,1.1
2016-04-18,152,,
2016-04-18,153,,
2016-04-18,154,3.1,3.2
2016-04-18,155,,
2016-04-18,156,6,6.5
2016-04-18,157,0.95,1.1
2016-04-18,158,,
2016-04-18,159,0.9,1
2016-04-18,160,1.1,1.2
2016-04-18,161,,
2016-04-18,162,1.35,1.45
2016-04-18,163,4,4.3
2016-04-18,164,5.2,5.8
2016-04-18,165,1.3,1.5
2016-04-18,166,3.9,4.5
2016-04-18,168,0.85,0.95
2016-04-18,169,5.9,6.3
2016-04-18,170,4.2,4.5
2016-04-18,171,5.2,5.8
2016-04-18,172,,
2016-04-18,173,1.05,1.15
2016-04-18,174,,
2016-04-18,175,3.6,4.3
2016-04-18,176,2,3
2016-04-18,177,4,5
2016-04-18,178,7.42,7.52
2016-04-18,179,6.87,6.97
2016-04-18,180,6.37,6.47
2016-04-18,181,4.45,4.5
2016-04-18,182,4.75,4.8
2016-04-18,183,4.72,4.75
2016-04-18,184,5.4,5.5
2016-04-18,185,6.35,6.45
2016-04-18,186,7.9,8.2
2016-04-18,187,210,230
2016-04-18,188,200,210
2016-04-18,189,90,100
2016-04-18,190,1070,1120
2016-04-18,191,4.42,4.42
2016-04-18,192,3.25,3.25
2016-04-18,193,2.93,2.93
2016-04-18,194,2.58,2.58
2016-04-18,195,2.18,2.18
2016-04-18,196,1.72,1.72
2016-04-18,197,1.12,1.12
2016-04-18,198,1.2,1.2
2016-04-18,199,1.14,1.14
2016-04-18,202,,
2016-04-18,203,,
2016-04-18,204,1.3,1.5
2016-04-18,205,2.2,2.7
2016-04-18,206,,
2016-04-18,207,,
2016-04-18,208,,
2016-04-18,209,,
2016-04-18,210,,
2016-04-18,211,,
2016-04-18,212,,
2016-04-18,213,0.45,0.55
2016-04-18,214,,
2016-04-18,215,,
2016-04-18,216,,
2016-04-18,217,,
2016-04-18,218,,
2016-04-18,219,,
2016-04-18,220,,
2016-04-18,221,,
2016-04-18,222,,
2016-04-18,223,,
2016-04-18,224,,
2016-04-18,225,1.6,1.65
2016-04-18,226,1.5,1.7
2016-04-18,227,,
2016-04-18,228,,
2016-04-18,229,0.3,0.4
2016-04-18,230,,
2016-04-18,231,,
2016-04-18,232,,
2016-04-18,233,,
2016-04-18,234,,
2016-04-18,235,,
2016-04-18,236,,
2016-04-18,237,,
2016-04-18,238,,
2016-04-18,239,,
2016-04-18,240,,
2016-04-18,241,,
2016-04-18,242,,
2016-04-18,243,,
2016-04-18,244,,
2016-04-18,245,,
2016-04-18,246,0.5,0.55
2016-04-18,247,0.3,0.4
2016-04-18,248,,
2016-04-18,249,0.7,0.8
2016-04-18,250,0.35,0.5
2016-04-18,251,,
2016-04-18,252,,
2016-04-18,253,,
2016-04-18,254,,
2016-04-18,255,,
2016-04-18,256,,
2016-04-18,257,,
2016-04-18,258,,
2016-04-18,259,,
2016-04-18,260,1.5,1.7
2016-04-18,261,0.4,0.45
2016-04-18,262,0.45,0.5
2016-04-18,263,0.55,0.6
2016-04-18,264,0.65,0.7
2016-04-18,265,0.9,1
2016-04-18,266,,
2016-04-18,267,,
2016-04-18,268,,
2016-04-18,269,,
2016-04-18,270,,
2016-04-18,271,,
2016-04-18,272,,
2016-04-18,273,,
2016-04-18,274,,
2016-04-18,275,,
2016-04-18,276,,
2016-04-18,277,1.6,2
2016-04-18,278,,
2016-04-18,279,,
2016-04-18,280,,
2016-04-18,281,,
2016-04-18,282,,
2016-04-18,283,,
2016-04-18,284,,
2016-04-18,285,,
2016-04-18,286,,
2016-04-18,287,,
2016-04-18,288,,
2016-04-18,289,,
2016-04-18,290,,
2016-04-18,291,,
2016-04-18,292,,
2016-04-18,293,,
2016-04-18,294,,
2016-04-18,295,,
2016-04-18,296,,
2016-04-18,297,,
2016-04-18,298,,
2016-04-18,299,,
2016-04-18,300,,
2016-04-18,301,,
2016-04-18,302,,
2016-04-18,303,,
2016-04-18,304,,
2016-04-18,305,,
2016-04-18,306,,
2016-04-18,307,,
2016-04-18,308,,
2016-04-18,309,,
2016-04-18,310,,
2016-04-18,311,,
2016-04-18,312,,
2016-04-18,313,,
2016-04-18,314,,
2016-04-18,315,,
2016-04-18,316,,
2016-04-18,317,,
2016-04-18,318,,
2016-04-18,319,,
2016-04-18,320,,
2016-04-18,321,,
2016-04-18,322,,
2016-04-18,323,,
2016-04-18,615,8,9
2016-04-18,616,7.5,8.5
2016-04-22,324,0.99,1.01
2016-04-22,325,0.97,0.99
2016-04-22,326,0.97,0.99
2016-04-22,328,0.16,0.2
2016-04-22,329,0.03,0.05
2016-04-22,331,0.1,0.12
2016-04-22,332,,
2016-04-22,333,2.4,2.44
2016-04-22,334,2.4,2.44
2016-04-22,335,2.55,2.59
2016-04-22,336,,
2016-04-22,337,,
2016-04-22,338,1.22,1.24
2016-04-22,339,1.22,1.24
2016-04-22,340,,
2016-04-22,341,2.7,2.74
2016-04-22,342,2.75,2.79
2016-04-22,343,2.6,2.64
2016-04-22,344,11.8,11.8
2016-04-22,345,9.1,9.1
2016-04-22,346,8.2,8.2
2016-04-22,347,7.8,7.8
2016-04-22,348,1.85,1.95
2016-04-22,349,1.85,1.95
2016-04-22,350,2.25,2.35
2016-04-22,351,1.9,2
2016-04-22,352,3.85,3.95
2016-04-22,353,4.2,4.3
2016-04-22,354,1.5,1.6
2016-04-22,355,1.5,1.6
2016-04-22,356,1.5,1.6
2016-04-22,357,1.5,1.6
2016-04-22,358,4,4.1
2016-04-22,359,1.95,2.05
2016-04-22,360,1.95,2.05
2016-04-22,361,4.2,4.3
2016-04-22,362,5.1,5.2
2016-04-22,363,4.25,4.35
2016-04-22,364,1.7,1.8
2016-04-22,365,1.7,1.75
2016-04-22,366,4.9,5
2016-04-22,367,2,2.1
2016-04-22,368,1.4,1.5
2016-04-22,369,4.9,5
2016-04-22,370,1.8,1.9
2016-04-22,371,1.4,1.5
2016-04-22,372,3.4,3.5
2016-04-29,324,0.99,1.01
2016-04-29,325,0.97,0.99
2016-04-29,326,0.97,0.99
2016-04-29,328,0.16,0.2
2016-04-29,329,0.03,0.05
2016-04-29,331,0.08,0.1
2016-04-29,332,,
2016-04-29,333,2.4,2.44
2016-04-29,334,2.4,2.44
2016-04-29,335,2.55,2.59
2016-04-29,336,,
2016-04-29,337,,
2016-04-29,338,1.22,1.24
2016-04-29,339,1.22,1.24
2016-04-29,340,,
2016-04-29,341,2.7,2.74
2016-04-29,342,2.75,2.79
2016-04-29,343,2.6,2.64
2016-04-29,344,11.8,11.8
2016-04-29,345,9.1,9.1
2016-04-29,346,8.2,8.2
2016-04-29,347,7.8,7.8
2016-04-29,348,1.85,1.95
2016-04-29,349,1.85,1.95
2016-04-29,350,2.25,2.35
2016-04-29,351,1.9,2
2016-04-29,352,3.85,3.95
2016-04-29,353,4.2,4.3
2016-04-29,354,1.4,1.5
2016-04-29,355,1.5,1.6
2016-04-29,356,1.5,1.6
2016-04-29,357,1.4,1.5
2016-04-29,358,4,4.1
2016-04-29,359,1.95,2.05
2016-04-29,360,1.95,2.05
2016-04-29,361,4.2,4.3
2016-04-29,362,5.1,5.2
2016-04-29,363,4.25,4.35
2016-04-29,364,1.7,1.8
2016-04-29,365,1.7,1.75
2016-04-29,366,4.9,5
2016-04-29,367,2,2.1
2016-04-29,368,1.4,1.5
2016-04-29,369,4.9,5
2016-04-29,370,1.8,1.9
2016-04-29,371,1.4,1.5
2016-04-29,372,3.3,3.4
2016-05-02,2,,
2016-05-02,3,,
2016-05-02,4,167,168
2016-05-02,5,,
2016-05-02,6,,
2016-05-02,7,,
2016-05-02,8,236,238
2016-05-02,9,170,171
2016-05-02,10,171,172
2016-05-02,11,,
2016-05-02,12,183,185
2016-05-02,13,175,176
2016-05-02,14,174,175
2016-05-02,15,183,184
2016-05-02,16,178,180
2016-05-02,17,,
2016-05-02,18,,
2016-05-02,19,,
2016-05-02,20,,
2016-05-02,21,169,170
2016-05-02,22,,
2016-05-02,23,420,425
2016-05-02,24,414,419
2016-05-02,25,249,251
2016-05-02,26,244,247
2016-05-02,27,435,436
2016-05-02,28,431,433
2016-05-02,29,417,418
2016-05-02,30,156,158
2016-05-02,31,160,162
2016-05-02,32,128,130
2016-05-02,33,164,166
2016-05-02,34,135,137
2016-05-02,35,184,186
2016-05-02,36,155,157
2016-05-02,37,134,135
2016-05-02,38,134,135
2016-05-02,39,266,267
2016-05-02,40,156,159
2016-05-02,41,770,775
2016-05-02,42,153,155
2016-05-02,43,153,155
2016-05-02,44,,
2016-05-02,45,,
2016-05-02,46,,
2016-05-02,47,180,182
2016-05-02,48,160,162
2016-05-02,49,,
2016-05-02,50,670,720
2016-05-02,51,390,490
2016-05-02,52,,
2016-05-02,53,1550,1650
2016-05-02,54,1160,1260
2016-05-02,55,270,300
2016-05-02,56,195,205
2016-05-02,57,164,170
2016-05-02,58,115,120
2016-05-02,59,86,88
2016-05-02,60,,
2016-05-02,61,,
2016-05-02,62,,
2016-05-02,63,135,140
2016-05-02,64,,
2016-05-02,65,,
2016-05-02,66,,
2016-05-02,67,145,150
2016-05-02,68,,
2016-05-02,69,,
2016-05-02,70,,
2016-05-02,71,85,90
2016-05-02,72,230,235
2016-05-02,73,364,365
2016-05-02,74,,
2016-05-02,75,365,366
2016-05-02,76,390,392
2016-05-02,77,380,382
2016-05-02,78,,
2016-05-02,79,,
2016-05-02,80,,
2016-05-02,81,315,320
2016-05-02,82,,
2016-05-02,83,920,930
2016-05-02,84,920,940
2016-05-02,85,740,745
2016-05-02,86,720,730
2016-05-02,87,715,725
2016-05-02,88,660,665
2016-05-02,89,,
2016-05-02,90,1060,1080
2016-05-02,91,1080,1100
2016-05-02,92,860,865
2016-05-02,93,800,810
2016-05-02,94,792,797
2016-05-02,95,730,735
2016-05-02,96,,
2016-05-02,97,,
2016-05-02,98,,
2016-05-02,99,,
2016-05-02,100,,
2016-05-02,101,10,11
2016-05-02,102,10.5,11.5
2016-05-02,103,3.6,4.35
2016-05-02,104,3.3,3.45
2016-05-02,105,3.46,3.68
2016-05-02,106,3.05,3.1
2016-05-02,107,1.5,1.55
2016-05-02,108,262,280
2016-05-02,109,,
2016-05-02,110,357,385
2016-05-02,111,250,252
2016-05-02,112,,
2016-05-02,113,,
2016-05-02,114,220,225
2016-05-02,115,177,180
2016-05-02,116,190,192
2016-05-02,117,375,378
2016-05-02,118,352,355
2016-05-02,119,,
2016-05-02,120,,
2016-05-02,121,440,444
2016-05-02,122,365,367
2016-05-02,123,,
2016-05-02,124,360,362
2016-05-02,125,,
2016-05-02,126,,
2016-05-02,127,207,210
2016-05-02,128,162,167
2016-05-02,129,,
2016-05-02,130,105,110
2016-05-02,131,1600,1605
2016-05-02,132,550,555
2016-05-02,133,530,532
2016-05-02,134,625,630
2016-05-02,135,8,9
2016-05-02,136,8.5,9.5
2016-05-02,139,7,7.5
2016-05-02,140,7.5,8
2016-05-02,141,,
2016-05-02,142,,
2016-05-02,143,,
2016-05-02,144,,
2016-05-02,145,3.8,4
2016-05-02,146,3.8,4.1
2016-05-02,147,1.5,1.7
2016-05-02,149,0.95,1.05
2016-05-02,150,0.98,1.06
2016-05-02,151,1.05,1.1
2016-05-02,152,,
2016-05-02,153,,
2016-05-02,154,3.1,3.2
2016-05-02,155,,
2016-05-02,156,6,6.5
2016-05-02,157,0.95,1.1
2016-05-02,158,,
2016-05-02,159,0.9,1
2016-05-02,160,1.1,1.2
2016-05-02,161,,
2016-05-02,162,1.35,1.45
2016-05-02,163,4,4.3
2016-05-02,164,5.2,5.8
2016-05-02,165,1.3,1.5
2016-05-02,166,3.9,4.5
2016-05-02,168,0.85,0.95
2016-05-02,169,5.9,6.3
2016-05-02,170,4.2,4.5
2016-05-02,171,5.2,5.8
2016-05-02,172,,
2016-05-02,173,1.05,1.15
2016-05-02,174,,
2016-05-02,175,3.6,4.3
2016-05-02,176,2,3
2016-05-02,177,4,5
2016-05-02,178,7.4,7.5
2016-05-02,179,6.85,6.95
2016-05-02,180,6.35,6.45
2016-05-02,181,4.4,4.45
2016-05-02,182,4.7,4.75
2016-05-02,183,4.69,4.72
2016-05-02,184,5.37,5.47
2016-05-02,185,6.32,6.42
2016-05-02,186,7.87,8.17
2016-05-02,187,210,230
2016-05-02,188,200,210
2016-05-02,189,95,105
2016-05-02,190,1050,1100
2016-05-02,191,4.12,4.12
2016-05-02,192,3.08,3.08
2016-05-02,193,2.74,2.74
2016-05-02,194,2.47,2.47
2016-05-02,195,2.11,2.11
2016-05-02,196,1.7,1.7
2016-05-02,197,1.13,1.13
2016-05-02,198,1.21,1.21
2016-05-02,199,1.15,1.15
2016-05-02,202,,
2016-05-02,203,,
2016-05-02,204,1.5,1.6
2016-05-02,205,2.5,2.7
2016-05-02,206,,
2016-05-02,207,,
2016-05-02,208,,
2016-05-02,209,1.5,1.6
2016-05-02,210,,
2016-05-02,211,,
2016-05-02,212,,
2016-05-02,213,0.5,0.55
2016-05-02,214,,
2016-05-02,215,,
2016-05-02,216,,
2016-05-02,217,,
2016-05-02,218,,
2016-05-02,219,,
2016-05-02,220,,
2016-05-02,221,,
2016-05-02,222,,
2016-05-02,223,,
2016-05-02,224,4,4.2
2016-05-02,225,1.6,1.65
2016-05-02,226,1.5,1.7
2016-05-02,227,,
2016-05-02,228,,
2016-05-02,229,0.45,0.55
2016-05-02,230,,
2016-05-02,231,,
2016-05-02,232,,
2016-05-02,233,,
2016-05-02,234,,
2016-05-02,235,,
2016-05-02,236,,
2016-05-02,237,,
2016-05-02,238,,
2016-05-02,239,,
2016-05-02,240,,
2016-05-02,241,,
2016-05-02,242,0.65,0.75
2016-05-02,243,,
2016-05-02,244,,
2016-05-02,245,1.1,1.2
2016-05-02,246,0.5,0.55
2016-05-02,247,,
2016-05-02,248,,
2016-05-02,249,0.7,0.8
2016-05-02,250,0.5,0.6
2016-05-02,251,,
2016-05-02,252,2,2.3
2016-05-02,253,,
2016-05-02,254,,
2016-05-02,255,0.6,0.7
2016-05-02,256,,
2016-05-02,257,,
2016-05-02,258,0.5,0.6
2016-05-02,259,,
2016-05-02,260,1.6,1.8
2016-05-02,261,0.4,0.45
2016-05-02,262,0.45,0.5
2016-05-02,263,0.55,0.6
2016-05-02,264,0.65,0.7
2016-05-02,265,0.9,1
2016-05-02,266,,
2016-05-02,267,,
2016-05-02,268,,
2016-05-02,269,,
2016-05-02,270,,
2016-05-02,271,,
2016-05-02,272,,
2016-05-02,273,,
2016-05-02,274,,
2016-05-02,275,,
2016-05-02,276,,
2016-05-02,277,1.8,2
2016-05-02,278,,
2016-05-02,279,,
2016-05-02,280,,
2016-05-02,281,,
2016-05-02,282,,
2016-05-02,283,,
2016-05-02,284,,
2016-05-02,285,,
2016-05-02,286,,
2016-05-02,287,,
2016-05-02,288,,
2016-05-02,289,,
2016-05-02,290,,
2016-05-02,291,,
2016-05-02,292,,
2016-05-02,293,,
2016-05-02,294,,
2016-05-02,295,,
2016-05-02,296,,
2016-05-02,297,,
2016-05-02,298,,
2016-05-02,299,,
2016-05-02,300,,
2016-05-02,301,,
2016-05-02,302,,
2016-05-02,303,,
2016-05-02,304,,
2016-05-02,305,,
2016-05-02,306,,
2016-05-02,307,,
2016-05-02,308,,
2016-05-02,309,,
2016-05-02,310,,
2016-05-02,311,,
2016-05-02,312,,
2016-05-02,313,,
2016-05-02,314,,
2016-05-02,315,,
2016-05-02,316,,
2016-05-02,317,,
2016-05-02,318,,
2016-05-02,319,,
2016-05-02,320,,
2016-05-02,321,,
2016-05-02,322,,
2016-05-02,323,,
2016-05-02,615,8,9
2016-05-02,616,7.5,8.5
2016-05-06,324,1,1.02
2016-05-06,325,0.98,1
2016-05-06,326,1,1.02
2016-05-06,328,0.16,0.2
2016-05-06,329,0.03,0.05
2016-05-06,331,0.08,0.1
2016-05-06,332,,
2016-05-06,333,2.4,2.44
2016-05-06,334,2.4,2.44
2016-05-06,335,2.55,2.59
2016-05-06,336,,
2016-05-06,337,,
2016-05-06,338,1.22,1.24
2016-05-06,339,1.22,1.24
2016-05-06,340,,
2016-05-06,341,2.7,2.74
2016-05-06,342,2.75,2.79
2016-05-06,343,2.6,2.64
2016-05-06,344,11.8,11.8
2016-05-06,345,9.1,9.1
2016-05-06,346,8.2,8.2
2016-05-06,347,7.8,7.8
2016-05-06,348,1.9,2
2016-05-06,349,1.9,2
2016-05-06,350,2.25,2.35
2016-05-06,351,1.95,2.05
2016-05-06,352,3.85,3.95
2016-05-06,353,4.2,4.3
2016-05-06,354,1.4,1.5
2016-05-06,355,1.5,1.6
2016-05-06,356,1.5,1.6
2016-05-06,357,1.4,1.5
2016-05-06,358,4,4.1
2016-05-06,359,1.95,2.05
2016-05-06,360,1.95,2.05
2016-05-06,361,4.2,4.3
2016-05-06,362,5.1,5.2
2016-05-06,363,4.45,4.55
2016-05-06,364,1.75,1.85
2016-05-06,365,1.7,1.75
2016-05-06,366,4.9,5
2016-05-06,367,2,2.1
2016-05-06,368,1.4,1.5
2016-05-06,369,4.9,5
2016-05-06,370,1.8,1.9
2016-05-06,371,1.4,1.5
2016-05-06,372,3.3,3.4
2016-05-09,2,,
2016-05-09,3,,
2016-05-09,4,167,168
2016-05-09,5,,
2016-05-09,6,,
2016-05-09,7,,
2016-05-09,8,236,238
2016-05-09,9,170,171
2016-05-09,10,171,172
2016-05-09,11,,
2016-05-09,12,183,185
2016-05-09,13,175,176
2016-05-09,14,174,175
2016-05-09,15,185,186
2016-05-09,16,178,180
2016-05-09,17,,
2016-05-09,18,,
2016-05-09,19,,
2016-05-09,20,,
2016-05-09,21,169,170
2016-05-09,22,,
2016-05-09,23,420,425
2016-05-09,24,414,419
2016-05-09,25,249,251
2016-05-09,26,244,247
2016-05-09,27,435,436
2016-05-09,28,431,433
2016-05-09,29,417,418
2016-05-09,30,156,158
2016-05-09,31,160,162
2016-05-09,32,128,130
2016-05-09,33,164,166
2016-05-09,34,135,137
2016-05-09,35,189,191
2016-05-09,36,160,162
2016-05-09,37,134,135
2016-05-09,38,134,135
2016-05-09,39,266,267
2016-05-09,40,156,159
2016-05-09,41,770,775
2016-05-09,42,153,155
2016-05-09,43,153,155
2016-05-09,44,,
2016-05-09,45,,
2016-05-09,46,,
2016-05-09,47,180,182
2016-05-09,48,160,162
2016-05-09,49,,
2016-05-09,50,670,720
2016-05-09,51,380,480
2016-05-09,52,,
2016-05-09,53,1550,1650
2016-05-09,54,1140,1240
2016-05-09,55,270,300
2016-05-09,56,195,205
2016-05-09,57,164,170
2016-05-09,58,115,120
2016-05-09,59,96,98
2016-05-09,60,,
2016-05-09,61,,
2016-05-09,62,,
2016-05-09,63,135,140
2016-05-09,64,,
2016-05-09,65,,
2016-05-09,66,,
2016-05-09,67,145,150
2016-05-09,68,,
2016-05-09,69,,
2016-05-09,70,,
2016-05-09,71,85,90
2016-05-09,72,230,235
2016-05-09,73,369,370
2016-05-09,74,,
2016-05-09,75,373,374
2016-05-09,76,398,400
2016-05-09,77,385,387
2016-05-09,78,,
2016-05-09,79,,
2016-05-09,80,,
2016-05-09,81,315,320
2016-05-09,82,,
2016-05-09,83,920,930
2016-05-09,84,920,940
2016-05-09,85,740,745
2016-05-09,86,700,710
2016-05-09,87,725,735
2016-05-09,88,665,670
2016-05-09,89,,
2016-05-09,90,1060,1080
2016-05-09,91,1080,1100
2016-05-09,92,860,865
2016-05-09,93,790,800
2016-05-09,94,802,807
2016-05-09,95,735,740
2016-05-09,96,,
2016-05-09,97,,
2016-05-09,98,,
2016-05-09,99,,
2016-05-09,100,,
2016-05-09,101,10,11
2016-05-09,102,10.5,11.5
2016-05-09,103,3.6,4.35
2016-05-09,104,3.2,3.35
2016-05-09,105,3.46,3.68
2016-05-09,106,3,3.05
2016-05-09,107,1.45,1.5
2016-05-09,108,262,280
2016-05-09,109,,
2016-05-09,110,357,385
2016-05-09,111,258,260
2016-05-09,112,255,258
2016-05-09,113,,
2016-05-09,114,220,225
2016-05-09,115,177,180
2016-05-09,116,193,195
2016-05-09,117,385,388
2016-05-09,118,359,365
2016-05-09,119,,
2016-05-09,120,,
2016-05-09,121,450,454
2016-05-09,122,368,370
2016-05-09,123,,
2016-05-09,124,365,367
2016-05-09,125,,
2016-05-09,126,,
2016-05-09,127,207,210
2016-05-09,128,162,167
2016-05-09,129,,
2016-05-09,130,105,110
2016-05-09,131,1620,1625
2016-05-09,132,550,555
2016-05-09,133,530,532
2016-05-09,134,625,630
2016-05-09,135,8,9
2016-05-09,136,8.5,9.5
2016-05-09,139,7,7.5
2016-05-09,140,7.5,8
2016-05-09,141,,
2016-05-09,142,,
2016-05-09,143,,
2016-05-09,144,,
2016-05-09,145,,
2016-05-09,146,,
2016-05-09,147,1.5,1.7
2016-05-09,149,0.95,1.05
2016-05-09,150,0.98,1.06
2016-05-09,151,1.05,1.1
2016-05-09,152,,
2016-05-09,153,,
2016-05-09,154,3.1,3.2
2016-05-09,155,,
2016-05-09,156,6,6.5
2016-05-09,157,0.95,1.1
2016-05-09,158,,
2016-05-09,159,0.9,1
2016-05-09,160,1.1,1.2
2016-05-09,161,,
2016-05-09,162,1.35,1.45
2016-05-09,163,4,4.3
2016-05-09,164,5.2,5.8
2016-05-09,165,1.3,1.5
2016-05-09,166,3.9,4.5
2016-05-09,168,0.85,0.95
2016-05-09,169,5.9,6.3
2016-05-09,170,4.2,4.5
2016-05-09,171,5.2,5.8
2016-05-09,172,,
2016-05-09,173,1.05,1.15
2016-05-09,174,,
2016-05-09,175,3.6,4.3
2016-05-09,176,2,3
2016-05-09,177,4,5
2016-05-09,178,7.35,7.45
2016-05-09,179,6.8,6.9
2016-05-09,180,6.3,6.4
2016-05-09,181,4.35,4.4
2016-05-09,182,4.65,4.7
2016-05-09,183,4.64,4.67
2016-05-09,184,5.32,5.42
2016-05-09,185,6.27,6.37
2016-05-09,186,7.82,8.12
2016-05-09,187,215,235
2016-05-09,188,210,220
2016-05-09,189,105,115
2016-05-09,190,1080,1130
2016-05-09,191,4.02,4.02
2016-05-09,192,2.98,2.98
2016-05-09,193,2.66,2.66
2016-05-09,194,2.4,2.4
2016-05-09,195,2.09,2.09
2016-05-09,196,1.69,1.69
2016-05-09,197,1.14,1.14
2016-05-09,198,1.23,1.23
2016-05-09,199,1.16,1.16
2016-05-09,202,,
2016-05-09,203,,
2016-05-09,204,2,2.2
2016-05-09,205,3,3.2
2016-05-09,206,,
2016-05-09,207,,
2016-05-09,208,,
2016-05-09,209,1.5,1.6
2016-05-09,210,,
2016-05-09,211,,
2016-05-09,212,,
2016-05-09,213,0.45,0.55
2016-05-09,214,,
2016-05-09,215,,
2016-05-09,216,,
2016-05-09,217,,
2016-05-09,218,,
2016-05-09,219,,
2016-05-09,220,,
2016-05-09,221,3,3.5
2016-05-09,222,,
2016-05-09,223,,
2016-05-09,224,4,4.2
2016-05-09,225,1.6,1.65
2016-05-09,226,,
2016-05-09,227,,
2016-05-09,228,,
2016-05-09,229,0.45,0.55
2016-05-09,230,,
2016-05-09,231,,
2016-05-09,232,,
2016-05-09,233,,
2016-05-09,234,,
2016-05-09,235,,
2016-05-09,236,,
2016-05-09,237,,
2016-05-09,238,,
2016-05-09,239,,
2016-05-09,240,,
2016-05-09,241,,
2016-05-09,242,0.65,0.75
2016-05-09,243,,
2016-05-09,244,,
2016-05-09,245,0.9,1
2016-05-09,246,0.5,0.55
2016-05-09,247,,
2016-05-09,248,,
2016-05-09,249,0.7,0.8
2016-05-09,250,0.5,0.6
2016-05-09,251,,
2016-05-09,252,2.3,2.5
2016-05-09,253,,
2016-05-09,254,,
2016-05-09,255,0.6,0.7
2016-05-09,256,,
2016-05-09,257,,
2016-05-09,258,0.6,0.7
2016-05-09,259,,
2016-05-09,260,1.6,1.8
2016-05-09,261,0.4,0.45
2016-05-09,262,0.45,0.5
2016-05-09,263,0.55,0.6
2016-05-09,264,0.65,0.7
2016-05-09,265,0.9,1
2016-05-09,266,,
2016-05-09,267,,
2016-05-09,268,,
2016-05-09,269,,
2016-05-09,270,,
2016-05-09,271,,
2016-05-09,272,,
2016-05-09,273,,
2016-05-09,274,,
2016-05-09,275,,
2016-05-09,276,,
2016-05-09,277,2.4,2.6
2016-05-09,278,,
2016-05-09,279,,
2016-05-09,280,,
2016-05-09,281,,
2016-05-09,282,,
2016-05-09,283,,
2016-05-09,284,,
2016-05-09,285,,
2016-05-09,286,,
2016-05-09,287,,
2016-05-09,288,,
2016-05-09,289,,
2016-05-09,290,,
2016-05-09,291,,
2016-05-09,292,,
2016-05-09,293,,
2016-05-09,294,,
2016-05-09,295,,
2016-05-09,296,,
2016-05-09,297,,
2016-05-09,298,,
2016-05-09,299,,
2016-05-09,300,,
2016-05-09,301,,
2016-05-09,302,,
2016-05-09,303,,
2016-05-09,304,,
2016-05-09,305,,
2016-05-09,306,,
2016-05-09,307,,
2016-05-09,308,,
2016-05-09,309,,
2016-05-09,310,,
2016-05-09,311,,
2016-05-09,312,,
2016-05-09,313,,
2016-05-09,314,,
2016-05-09,315,,
2016-05-09,316,,
2016-05-09,317,,
2016-05-09,318,,
2016-05-09,319,,
2016-05-09,320,,
2016-05-09,321,,
2016-05-09,322,,
2016-05-09,323,,
2016-05-09,615,8,9
2016-05-09,616,7.5,8.5
2016-05-09,619,3.4,3.6
2016-05-09,620,3.5,3.7
2016-05-13,324,1.02,1.04
2016-05-13,325,1,1.02
2016-05-13,326,1.02,1.04
2016-05-13,328,0.16,0.2
2016-05-13,329,0.03,0.05
2016-05-13,331,0.08,0.1
2016-05-13,332,,
2016-05-13,333,2.4,2.44
2016-05-13,334,2.4,2.44
2016-05-13,335,2.55,2.59
2016-05-13,336,,
2016-05-13,337,,
2016-05-13,338,1.22,1.24
2016-05-13,339,1.22,1.24
2016-05-13,340,,
2016-05-13,341,2.7,2.74
2016-05-13,342,2.75,2.79
2016-05-13,343,2.6,2.64
2016-05-13,344,11.8,11.8
2016-05-13,345,9.1,9.1
2016-05-13,346,8.2,8.2
2016-05-13,347,7.8,7.8
2016-05-13,348,1.95,2.05
2016-05-13,349,1.95,2.05
2016-05-13,350,2.25,2.35
2016-05-13,351,2,2.1
2016-05-13,352,3.85,3.95
2016-05-13,353,4.2,4.3
2016-05-13,354,1.4,1.5
2016-05-13,355,1.5,1.6
2016-05-13,356,1.5,1.6
2016-05-13,357,1.4,1.5
2016-05-13,358,4,4.1
2016-05-13,359,1.95,2.05
2016-05-13,360,1.95,2.05
2016-05-13,361,4.2,4.3
2016-05-13,362,5.1,5.2
2016-05-13,363,4.6,4.7
2016-05-13,364,1.75,1.85
2016-05-13,365,1.7,1.75
2016-05-13,366,4.9,5
2016-05-13,367,2,2.1
2016-05-13,368,1.4,1.5
2016-05-13,369,4.9,5
2016-05-13,370,1.8,1.9
2016-05-13,371,1.4,1.5
2016-05-13,372,3.5,3.6
2016-05-16,2,,
2016-05-16,3,,
2016-05-16,4,167,168
2016-05-16,5,,
2016-05-16,6,,
2016-05-16,7,,
2016-05-16,8,238,240
2016-05-16,9,168,169
2016-05-16,10,170,171
2016-05-16,11,,
2016-05-16,12,185,187
2016-05-16,13,177,178
2016-05-16,14,176,177
2016-05-16,15,186,187
2016-05-16,16,179,181
2016-05-16,17,,
2016-05-16,18,,
2016-05-16,19,,
2016-05-16,20,,
2016-05-16,21,169,170
2016-05-16,22,,
2016-05-16,23,420,425
2016-05-16,24,414,419
2016-05-16,25,249,251
2016-05-16,26,244,247
2016-05-16,27,435,436
2016-05-16,28,431,433
2016-05-16,29,417,418
2016-05-16,30,156,158
2016-05-16,31,160,162
2016-05-16,32,128,130
2016-05-16,33,164,166
2016-05-16,34,135,137
2016-05-16,35,193,195
2016-05-16,36,164,166
2016-05-16,37,134,135
2016-05-16,38,134,135
2016-05-16,39,268,269
2016-05-16,40,158,161
2016-05-16,41,770,775
2016-05-16,42,153,155
2016-05-16,43,153,155
2016-05-16,44,,
2016-05-16,45,,
2016-05-16,46,,
2016-05-16,47,180,182
2016-05-16,48,160,162
2016-05-16,49,,
2016-05-16,50,670,720
2016-05-16,51,380,480
2016-05-16,52,,
2016-05-16,53,1550,1650
2016-05-16,54,1140,1240
2016-05-16,55,270,300
2016-05-16,56,195,205
2016-05-16,57,164,170
2016-05-16,58,115,120
2016-05-16,59,96,98
2016-05-16,60,,
2016-05-16,61,,
2016-05-16,62,,
2016-05-16,63,135,140
2016-05-16,64,,
2016-05-16,65,,
2016-05-16,66,,
2016-05-16,67,145,150
2016-05-16,68,,
2016-05-16,69,,
2016-05-16,70,,
2016-05-16,71,85,90
2016-05-16,72,232,237
2016-05-16,73,377,378
2016-05-16,74,,
2016-05-16,75,380,381
2016-05-16,76,398,400
2016-05-16,77,385,387
2016-05-16,78,,
2016-05-16,79,,
2016-05-16,80,,
2016-05-16,81,315,320
2016-05-16,82,,
2016-05-16,83,920,930
2016-05-16,84,920,940
2016-05-16,85,740,745
2016-05-16,86,715,725
2016-05-16,87,725,730
2016-05-16,88,665,670
2016-05-16,89,,
2016-05-16,90,1060,1080
2016-05-16,91,1080,1100
2016-05-16,92,860,865
2016-05-16,93,800,810
2016-05-16,94,797,802
2016-05-16,95,730,735
2016-05-16,96,,
2016-05-16,97,,
2016-05-16,98,,
2016-05-16,99,,
2016-05-16,100,,
2016-05-16,101,10,11
2016-05-16,102,10.5,11.5
2016-05-16,103,3.6,4.3
2016-05-16,104,3.1,3.25
2016-05-16,105,3.4,3.62
2016-05-16,106,2.95,3
2016-05-16,107,1.45,1.5
2016-05-16,108,262,280
2016-05-16,109,,
2016-05-16,110,352,380
2016-05-16,111,258,260
2016-05-16,112,255,258
2016-05-16,113,,
2016-05-16,114,230,235
2016-05-16,115,182,185
2016-05-16,116,198,200
2016-05-16,117,405,408
2016-05-16,118,374,380
2016-05-16,119,,
2016-05-16,120,,
2016-05-16,121,470,474
2016-05-16,122,385,387
2016-05-16,123,,
2016-05-16,124,385,387
2016-05-16,125,,
2016-05-16,126,,
2016-05-16,127,207,210
2016-05-16,128,162,167
2016-05-16,129,,
2016-05-16,130,105,110
2016-05-16,131,1620,1625
2016-05-16,132,555,560
2016-05-16,133,535,537
2016-05-16,134,630,635
2016-05-16,135,8,9
2016-05-16,136,8.5,9.5
2016-05-16,139,7,7.5
2016-05-16,140,7.5,8
2016-05-16,141,,
2016-05-16,142,,
2016-05-16,143,,
2016-05-16,144,,
2016-05-16,145,,
2016-05-16,146,,
2016-05-16,147,1.5,1.7
2016-05-16,149,0.95,1.05
2016-05-16,150,0.98,1.06
2016-05-16,151,1.05,1.1
2016-05-16,152,,
2016-05-16,153,,
2016-05-16,154,3.1,3.2
2016-05-16,155,,
2016-05-16,156,6,6.5
2016-05-16,157,0.95,1.1
2016-05-16,158,,
2016-05-16,159,0.9,1
2016-05-16,160,1.1,1.2
2016-05-16,161,,
2016-05-16,162,1.35,1.45
2016-05-16,163,4,4.3
2016-05-16,164,5.2,5.8
2016-05-16,165,1.3,1.5
2016-05-16,166,3.9,4.5
2016-05-16,168,0.85,0.95
2016-05-16,169,5.9,6.3
2016-05-16,170,4.2,4.5
2016-05-16,171,5.2,5.8
2016-05-16,172,,
2016-05-16,173,1.05,1.15
2016-05-16,174,,
2016-05-16,175,3.6,4.3
2016-05-16,176,2,3
2016-05-16,177,4,5
2016-05-16,178,7.35,7.45
2016-05-16,179,6.8,6.9
2016-05-16,180,6.28,6.38
2016-05-16,181,4.35,4.4
2016-05-16,182,4.65,4.7
2016-05-16,183,4.64,4.67
2016-05-16,184,5.32,5.42
2016-05-16,185,6.27,6.37
2016-05-16,186,7.82,8.12
2016-05-16,187,235,255
2016-05-16,188,230,245
2016-05-16,189,135,150
2016-05-16,190,1150,1200
2016-05-16,191,3.91,3.91
2016-05-16,192,2.9,2.9
2016-05-16,193,2.6,2.6
2016-05-16,194,2.35,2.35
2016-05-16,195,2.07,2.07
2016-05-16,196,1.69,1.69
2016-05-16,197,1.2,1.2
2016-05-16,198,1.29,1.29
2016-05-16,199,1.22,1.22
2016-05-16,202,,
2016-05-16,203,,
2016-05-16,204,2,2.2
2016-05-16,205,3,3.2
2016-05-16,206,,
2016-05-16,207,,
2016-05-16,208,,
2016-05-16,209,1.6,1.7
2016-05-16,210,,
2016-05-16,211,0.35,0.45
2016-05-16,212,,
2016-05-16,213,0.4,0.45
2016-05-16,214,,
2016-05-16,215,,
2016-05-16,216,,
2016-05-16,217,,
2016-05-16,218,,
2016-05-16,219,,
2016-05-16,220,,
2016-05-16,221,2.8,3.2
2016-05-16,222,,
2016-05-16,223,,
2016-05-16,224,4,4.2
2016-05-16,225,1.6,1.65
2016-05-16,226,,
2016-05-16,227,,
2016-05-16,228,,
2016-05-16,229,0.45,0.55
2016-05-16,230,,
2016-05-16,231,,
2016-05-16,232,0.7,0.8
2016-05-16,233,,
2016-05-16,234,,
2016-05-16,235,,
2016-05-16,236,,
2016-05-16,237,,
2016-05-16,238,,
2016-05-16,239,,
2016-05-16,240,,
2016-05-16,241,,
2016-05-16,242,0.7,0.8
2016-05-16,243,,
2016-05-16,244,,
2016-05-16,245,0.9,1
2016-05-16,246,0.6,0.65
2016-05-16,247,,
2016-05-16,248,,
2016-05-16,249,0.8,1
2016-05-16,250,0.5,0.6
2016-05-16,251,,
2016-05-16,252,2.7,2.8
2016-05-16,253,,
2016-05-16,254,,
2016-05-16,255,0.7,0.75
2016-05-16,256,,
2016-05-16,257,,
2016-05-16,258,0.6,0.7
2016-05-16,259,,
2016-05-16,260,1.6,1.8
2016-05-16,261,0.4,0.45
2016-05-16,262,0.45,0.5
2016-05-16,263,0.55,0.6
2016-05-16,264,0.65,0.7
2016-05-16,265,0.9,1
2016-05-16,266,,
2016-05-16,267,,
2016-05-16,268,,
2016-05-16,269,,
2016-05-16,270,,
2016-05-16,271,,
2016-05-16,272,2,3
2016-05-16,273,,
2016-05-16,274,,
2016-05-16,275,,
2016-05-16,276,,
2016-05-16,277,1.8,2
2016-05-16,278,,
2016-05-16,279,,
2016-05-16,280,,
2016-05-16,281,,
2016-05-16,282,,
2016-05-16,283,,
2016-05-16,284,,
2016-05-16,285,,
2016-05-16,286,,
2016-05-16,287,,
2016-05-16,288,,
2016-05-16,289,,
2016-05-16,290,,
2016-05-16,291,,
2016-05-16,292,,
2016-05-16,293,,
2016-05-16,294,,
2016-05-16,295,,
2016-05-16,296,,
2016-05-16,297,,
2016-05-16,298,,
2016-05-16,299,,
2016-05-16,300,,
2016-05-16,301,,
2016-05-16,302,,
2016-05-16,303,,
2016-05-16,304,,
2016-05-16,305,,
2016-05-16,306,,
2016-05-16,307,,
2016-05-16,308,,
2016-05-16,309,,
2016-05-16,310,,
2016-05-16,311,,
2016-05-16,312,,
2016-05-16,313,,
2016-05-16,314,,
2016-05-16,315,,
2016-05-16,316,,
2016-05-16,317,,
2016-05-16,318,,
2016-05-16,319,,
2016-05-16,320,,
2016-05-16,321,,
2016-05-16,322,,
2016-05-16,323,,
2016-05-16,615,8,9
2016-05-16,616,7.5,8.5
2016-05-16,619,3.4,3.6
2016-05-16,620,3.5,3.7
2016-05-20,324,1.02,1.04
2016-05-20,325,1,1.02
2016-05-20,326,1.02,1.04
2016-05-20,328,0.16,0.2
2016-05-20,329,0.05,0.07
2016-05-20,331,0.11,0.13
2016-05-20,332,,
2016-05-20,333,2.4,2.44
2016-05-20,334,2.4,2.44
2016-05-20,335,2.55,2.59
2016-05-20,336,,
2016-05-20,337,,
2016-05-20,338,1.22,1.24
2016-05-20,339,1.22,1.24
2016-05-20,340,,
2016-05-20,341,2.7,2.74
2016-05-20,342,2.75,2.79
2016-05-20,343,2.6,2.64
2016-05-20,344,11.9,11.9
2016-05-20,345,9.2,9.2
2016-05-20,346,8.3,8.3
2016-05-20,347,7.9,7.9
2016-05-20,348,1.95,2.05
2016-05-20,349,1.95,2.05
2016-05-20,350,2.25,2.35
2016-05-20,351,2,2.1
2016-05-20,352,3.85,3.95
2016-05-20,353,4.2,4.3
2016-05-20,354,1.4,1.5
2016-05-20,355,1.5,1.6
2016-05-20,356,1.5,1.6
2016-05-20,357,1.4,1.5
2016-05-20,358,4,4.1
2016-05-20,359,1.95,2.05
2016-05-20,360,1.95,2.05
2016-05-20,361,4.2,4.3
2016-05-20,362,5.1,5.2
2016-05-20,363,4.7,4.8
2016-05-20,364,1.75,1.85
2016-05-20,365,1.7,1.75
2016-05-20,366,5,5.1
2016-05-20,367,2,2.1
2016-05-20,368,1.4,1.5
2016-05-20,369,5,5.1
2016-05-20,370,1.8,1.9
2016-05-20,371,1.4,1.5
2016-05-20,372,3.6,3.7
2016-05-23,2,,
2016-05-23,3,,
2016-05-23,4,167,168
2016-05-23,5,,
2016-05-23,6,,
2016-05-23,7,,
2016-05-23,8,238,240
2016-05-23,9,170,171
2016-05-23,10,170,171
2016-05-23,11,,
2016-05-23,12,188,190
2016-05-23,13,180,181
2016-05-23,14,179,180
2016-05-23,15,190,191
2016-05-23,16,183,185
2016-05-23,17,,
2016-05-23,18,,
2016-05-23,19,,
2016-05-23,20,,
2016-05-23,21,169,170
2016-05-23,22,,
2016-05-23,23,420,425
2016-05-23,24,414,419
2016-05-23,25,249,251
2016-05-23,26,244,247
2016-05-23,27,435,436
2016-05-23,28,431,433
2016-05-23,29,417,418
2016-05-23,30,156,158
2016-05-23,31,160,162
2016-05-23,32,128,130
2016-05-23,33,164,166
2016-05-23,34,135,137
2016-05-23,35,197,199
2016-05-23,36,168,170
2016-05-23,37,134,135
2016-05-23,38,134,135
2016-05-23,39,271,272
2016-05-23,40,158,161
2016-05-23,41,770,775
2016-05-23,42,156,158
2016-05-23,43,155,157
2016-05-23,44,,
2016-05-23,45,,
2016-05-23,46,,
2016-05-23,47,184,185
2016-05-23,48,160,162
2016-05-23,49,,
2016-05-23,50,670,720
2016-05-23,51,370,470
2016-05-23,52,,
2016-05-23,53,1550,1650
2016-05-23,54,1120,1220
2016-05-23,55,270,300
2016-05-23,56,195,205
2016-05-23,57,164,170
2016-05-23,58,115,120
2016-05-23,59,96,98
2016-05-23,60,,
2016-05-23,61,,
2016-05-23,62,,
2016-05-23,63,,
2016-05-23,64,,
2016-05-23,65,,
2016-05-23,66,,
2016-05-23,67,,
2016-05-23,68,,
2016-05-23,69,,
2016-05-23,70,,
2016-05-23,71,85,90
2016-05-23,72,235,240
2016-05-23,73,377,378
2016-05-23,74,,
2016-05-23,75,384,385
2016-05-23,76,398,400
2016-05-23,77,395,397
2016-05-23,78,,
2016-05-23,79,,
2016-05-23,80,,
2016-05-23,81,315,320
2016-05-23,82,,
2016-05-23,83,920,930
2016-05-23,84,920,940
2016-05-23,85,740,745
2016-05-23,86,725,735
2016-05-23,87,705,710
2016-05-23,88,645,650
2016-05-23,89,,
2016-05-23,90,1060,1080
2016-05-23,91,1080,1100
2016-05-23,92,860,865
2016-05-23,93,800,810
2016-05-23,94,782,787
2016-05-23,95,715,720
2016-05-23,96,,
2016-05-23,97,,
2016-05-23,98,,
2016-05-23,99,,
2016-05-23,100,,
2016-05-23,101,10,11
2016-05-23,102,10.5,11.5
2016-05-23,103,3.6,4.3
2016-05-23,104,3.05,3.2
2016-05-23,105,3.35,3.57
2016-05-23,106,2.9,2.95
2016-05-23,107,1.45,1.5
2016-05-23,108,262,280
2016-05-23,109,,
2016-05-23,110,352,380
2016-05-23,111,263,265
2016-05-23,112,265,268
2016-05-23,113,,
2016-05-23,114,248,250
2016-05-23,115,200,203
2016-05-23,116,218,220
2016-05-23,117,425,428
2016-05-23,118,404,410
2016-05-23,119,,
2016-05-23,120,,
2016-05-23,121,500,504
2016-05-23,122,415,417
2016-05-23,123,,
2016-05-23,124,415,417
2016-05-23,125,,
2016-05-23,126,,
2016-05-23,127,,
2016-05-23,128,,
2016-05-23,129,,
2016-05-23,130,,
2016-05-23,131,1640,1645
2016-05-23,132,560,565
2016-05-23,133,540,542
2016-05-23,134,635,640
2016-05-23,135,8,9
2016-05-23,136,8.5,9.5
2016-05-23,139,7,7.5
2016-05-23,140,7.5,8
2016-05-23,147,1.5,1.7
2016-05-23,149,0.95,1.05
2016-05-23,150,0.98,1.06
2016-05-23,151,1.05,1.1
2016-05-23,152,,
2016-05-23,153,,
2016-05-23,154,3.1,3.2
2016-05-23,155,,
2016-05-23,156,6,6.5
2016-05-23,157,0.95,1.1
2016-05-23,158,,
2016-05-23,159,0.9,1
2016-05-23,160,1.1,1.2
2016-05-23,161,,
2016-05-23,162,1.35,1.45
2016-05-23,163,4,4.3
2016-05-23,164,5.2,5.8
2016-05-23,165,1.3,1.5
2016-05-23,166,3.9,4.5
2016-05-23,168,0.85,0.95
2016-05-23,169,5.9,6.3
2016-05-23,170,4.2,4.5
2016-05-23,171,5.2,5.8
2016-05-23,172,,
2016-05-23,173,1.05,1.15
2016-05-23,174,,
2016-05-23,175,3.6,4.3
2016-05-23,176,2,3
2016-05-23,177,5,6
2016-05-23,178,7.3,7.4
2016-05-23,179,6.75,6.85
2016-05-23,180,6.25,6.35
2016-05-23,181,4.3,4.35
2016-05-23,182,4.6,4.65
2016-05-23,183,4.57,4.6
2016-05-23,184,5.25,5.35
2016-05-23,185,6.2,6.3
2016-05-23,186,7.75,8.05
2016-05-23,187,250,265
2016-05-23,188,245,255
2016-05-23,189,145,155
2016-05-23,190,1250,1300
2016-05-23,191,3.84,3.84
2016-05-23,192,2.85,2.85
2016-05-23,193,2.55,2.55
2016-05-23,194,2.3,2.3
2016-05-23,195,2.05,2.05
2016-05-23,196,1.69,1.69
2016-05-23,197,1.22,1.22
2016-05-23,198,1.32,1.32
2016-05-23,199,1.24,1.24
2016-05-23,202,,
2016-05-23,203,,
2016-05-23,204,2,2.2
2016-05-23,205,3,3.2
2016-05-23,206,,
2016-05-23,207,,
2016-05-23,208,,
2016-05-23,209,1.2,1.3
2016-05-23,210,,
2016-05-23,211,0.3,0.4
2016-05-23,212,,
2016-05-23,213,0.35,0.4
2016-05-23,214,,
2016-05-23,215,,
2016-05-23,216,,
2016-05-23,217,,
2016-05-23,218,,
2016-05-23,219,,
2016-05-23,220,,
2016-05-23,221,2.2,2.3
2016-05-23,222,,
2016-05-23,223,,
2016-05-23,224,3.3,3.5
2016-05-23,225,1.6,1.65
2016-05-23,226,,
2016-05-23,227,,
2016-05-23,228,,
2016-05-23,229,0.4,0.5
2016-05-23,230,,
2016-05-23,231,,
2016-05-23,232,0.65,0.7
2016-05-23,233,,
2016-05-23,234,,
2016-05-23,235,,
2016-05-23,236,,
2016-05-23,237,,
2016-05-23,238,,
2016-05-23,239,,
2016-05-23,240,,
2016-05-23,241,0.7,0.8
2016-05-23,242,0.6,0.7
2016-05-23,243,,
2016-05-23,244,,
2016-05-23,245,0.7,0.8
2016-05-23,246,0.6,0.65
2016-05-23,247,,
2016-05-23,248,,
2016-05-23,249,,
2016-05-23,250,0.3,0.4
2016-05-23,251,,
2016-05-23,252,2.4,2.5
2016-05-23,253,,
2016-05-23,254,,
2016-05-23,255,0.7,0.75
2016-05-23,256,,
2016-05-23,257,,
2016-05-23,258,0.5,0.6
2016-05-23,259,,
2016-05-23,260,1.6,1.8
2016-05-23,261,0.4,0.45
2016-05-23,262,0.45,0.5
2016-05-23,263,0.55,0.6
2016-05-23,264,0.65,0.7
2016-05-23,265,0.9,1
2016-05-23,266,,
2016-05-23,267,,
2016-05-23,268,,
2016-05-23,269,,
2016-05-23,270,,
2016-05-23,271,,
2016-05-23,272,2,2.5
2016-05-23,273,,
2016-05-23,274,,
2016-05-23,275,,
2016-05-23,276,,
2016-05-23,277,1.2,1.5
2016-05-23,278,,
2016-05-23,279,,
2016-05-23,280,,
2016-05-23,281,,
2016-05-23,282,,
2016-05-23,283,,
2016-05-23,284,,
2016-05-23,285,,
2016-05-23,286,,
2016-05-23,287,,
2016-05-23,288,,
2016-05-23,289,,
2016-05-23,290,,
2016-05-23,291,,
2016-05-23,292,,
2016-05-23,293,,
2016-05-23,294,,
2016-05-23,295,,
2016-05-23,296,,
2016-05-23,297,,
2016-05-23,298,,
2016-05-23,299,,
2016-05-23,300,,
2016-05-23,301,,
2016-05-23,302,,
2016-05-23,303,,
2016-05-23,304,,
2016-05-23,305,,
2016-05-23,306,,
2016-05-23,307,,
2016-05-23,308,,
2016-05-23,309,,
2016-05-23,310,,
2016-05-23,311,,
2016-05-23,312,,
2016-05-23,313,,
2016-05-23,314,,
2016-05-23,315,,
2016-05-23,316,,
2016-05-23,317,,
2016-05-23,318,,
2016-05-23,319,,
2016-05-23,320,,
2016-05-23,321,,
2016-05-23,322,,
2016-05-23,323,,
2016-05-23,615,8,9
2016-05-23,616,7.5,8.5
2016-05-23,619,3.4,3.6
2016-05-23,620,3.5,3.7
2016-05-27,324,1.02,1.04
2016-05-27,325,1,1.02
2016-05-27,326,1.02,1.04
2016-05-27,328,0.16,0.2
2016-05-27,329,0.05,0.07
2016-05-27,331,0.11,0.13
2016-05-27,332,,
2016-05-27,333,2.4,2.44
2016-05-27,334,2.4,2.44
2016-05-27,335,2.55,2.59
2016-05-27,336,,
2016-05-27,337,,
2016-05-27,338,1.22,1.24
2016-05-27,339,1.22,1.24
2016-05-27,340,,
2016-05-27,341,2.7,2.74
2016-05-27,342,2.75,2.79
2016-05-27,343,2.6,2.64
2016-05-27,344,12.1,12.1
2016-05-27,345,9.3,9.3
2016-05-27,346,8.4,8.4
2016-05-27,347,8,8
2016-05-27,348,1.95,2.05
2016-05-27,349,1.95,2.05
2016-05-27,350,2.25,2.35
2016-05-27,351,2,2.1
2016-05-27,352,3.85,3.95
2016-05-27,353,4.2,4.3
2016-05-27,354,1.4,1.5
2016-05-27,355,1.5,1.6
2016-05-27,356,1.5,1.6
2016-05-27,357,1.4,1.5
2016-05-27,358,4,4.1
2016-05-27,359,1.95,2.05
2016-05-27,360,1.95,2.05
2016-05-27,361,4.2,4.3
2016-05-27,362,5.1,5.2
2016-05-27,363,4.7,4.8
2016-05-27,364,1.75,1.85
2016-05-27,365,1.7,1.75
2016-05-27,366,5,5.1
2016-05-27,367,2,2.1
2016-05-27,368,1.4,1.5
2016-05-27,369,5,5.1
2016-05-27,370,1.8,1.9
2016-05-27,371,1.4,1.5
2016-05-27,372,3.6,3.7
2016-05-30,2,,
2016-05-30,3,,
2016-05-30,4,170,171
2016-05-30,5,,
2016-05-30,6,,
2016-05-30,7,,
2016-05-30,8,240,242
2016-05-30,9,172,173
2016-05-30,10,173,174
2016-05-30,11,,
2016-05-30,12,193,195
2016-05-30,13,,
2016-05-30,14,184,185
2016-05-30,15,197,198
2016-05-30,16,190,192
2016-05-30,17,,
2016-05-30,18,,
2016-05-30,19,,
2016-05-30,20,,
2016-05-30,21,172,173
2016-05-30,22,,
2016-05-30,23,420,425
2016-05-30,24,414,419
2016-05-30,25,249,251
2016-05-30,26,244,247
2016-05-30,27,435,436
2016-05-30,28,431,433
2016-05-30,29,417,418
2016-05-30,30,156,158
2016-05-30,31,160,162
2016-05-30,32,128,130
2016-05-30,33,164,166
2016-05-30,34,135,137
2016-05-30,35,197,199
2016-05-30,36,168,170
2016-05-30,37,134,135
2016-05-30,38,134,135
2016-05-30,39,276,277
2016-05-30,40,164,166
2016-05-30,41,770,775
2016-05-30,42,161,163
2016-05-30,43,160,162
2016-05-30,44,,
2016-05-30,45,,
2016-05-30,46,,
2016-05-30,47,188,189
2016-05-30,48,160,162
2016-05-30,49,,
2016-05-30,50,660,710
2016-05-30,51,370,470
2016-05-30,52,,
2016-05-30,53,1530,1630
2016-05-30,54,1120,1220
2016-05-30,55,270,300
2016-05-30,56,195,205
2016-05-30,57,164,170
2016-05-30,58,115,120
2016-05-30,59,96,98
2016-05-30,60,,
2016-05-30,61,,
2016-05-30,62,,
2016-05-30,63,,
2016-05-30,64,,
2016-05-30,65,,
2016-05-30,66,,
2016-05-30,67,,
2016-05-30,68,,
2016-05-30,69,,
2016-05-30,70,,
2016-05-30,71,85,90
2016-05-30,72,235,240
2016-05-30,73,382,383
2016-05-30,74,,
2016-05-30,75,389,390
2016-05-30,76,403,405
2016-05-30,77,403,405
2016-05-30,78,,
2016-05-30,79,,
2016-05-30,80,,
2016-05-30,81,315,320
2016-05-30,82,,
2016-05-30,83,920,930
2016-05-30,84,920,940
2016-05-30,85,745,750
2016-05-30,86,690,700
2016-05-30,87,730,735
2016-05-30,88,670,675
2016-05-30,89,,
2016-05-30,90,1060,1080
2016-05-30,91,1080,1100
2016-05-30,92,860,865
2016-05-30,93,800,810
2016-05-30,94,812,817
2016-05-30,95,745,750
2016-05-30,96,,
2016-05-30,97,,
2016-05-30,98,,
2016-05-30,99,,
2016-05-30,100,,
2016-05-30,101,10,11
2016-05-30,102,10.5,11.5
2016-05-30,103,3.65,4.3
2016-05-30,104,3.05,3.2
2016-05-30,105,3.28,3.57
2016-05-30,106,2.9,2.95
2016-05-30,107,1.45,1.5
2016-05-30,108,262,280
2016-05-30,109,,
2016-05-30,110,352,380
2016-05-30,111,273,275
2016-05-30,112,275,278
2016-05-30,113,,
2016-05-30,114,258,260
2016-05-30,115,215,218
2016-05-30,116,228,230
2016-05-30,117,445,448
2016-05-30,118,414,420
2016-05-30,119,,
2016-05-30,120,,
2016-05-30,121,515,519
2016-05-30,122,430,432
2016-05-30,123,,
2016-05-30,124,430,432
2016-05-30,125,,
2016-05-30,126,,
2016-05-30,127,,
2016-05-30,128,,
2016-05-30,129,,
2016-05-30,130,,
2016-05-30,131,1640,1645
2016-05-30,132,565,570
2016-05-30,133,545,547
2016-05-30,134,640,645
2016-05-30,135,8,9
2016-05-30,136,8.5,9.5
2016-05-30,139,7,7.5
2016-05-30,140,7.5,8
2016-05-30,147,1.5,1.7
2016-05-30,149,0.9,1.05
2016-05-30,150,0.93,1.06
2016-05-30,151,1,1.1
2016-05-30,152,,
2016-05-30,153,,
2016-05-30,154,3.1,3.2
2016-05-30,155,,
2016-05-30,156,6,6.5
2016-05-30,157,0.9,1.1
2016-05-30,158,,
2016-05-30,159,0.8,1
2016-05-30,160,1.1,1.2
2016-05-30,161,,
2016-05-30,162,1.35,1.45
2016-05-30,163,4.2,4.3
2016-05-30,164,5.2,5.8
2016-05-30,165,1.3,1.5
2016-05-30,166,3.9,4.5
2016-05-30,168,0.85,0.95
2016-05-30,169,5.9,6.3
2016-05-30,170,4.2,4.5
2016-05-30,171,5.2,5.8
2016-05-30,172,,
2016-05-30,173,1,1.15
2016-05-30,174,,
2016-05-30,175,4,4.3
2016-05-30,176,2,3
2016-05-30,177,5,6
2016-05-30,178,7.25,7.35
2016-05-30,179,6.7,6.8
2016-05-30,180,6.2,6.3
2016-05-30,181,4.27,4.32
2016-05-30,182,4.57,4.62
2016-05-30,183,4.57,4.6
2016-05-30,184,5.25,5.35
2016-05-30,185,6.2,6.3
2016-05-30,186,7.75,8.05
2016-05-30,187,250,265
2016-05-30,188,245,255
2016-05-30,189,145,155
2016-05-30,190,1300,1350
2016-05-30,191,3.82,3.82
2016-05-30,192,2.84,2.84
2016-05-30,193,2.54,2.54
2016-05-30,194,2.28,2.28
2016-05-30,195,2.04,2.04
2016-05-30,196,1.69,1.69
2016-05-30,197,1.26,1.26
2016-05-30,198,1.36,1.36
2016-05-30,199,1.28,1.28
2016-05-30,202,,
2016-05-30,203,,
2016-05-30,204,2,2.2
2016-05-30,205,3,3.2
2016-05-30,206,,
2016-05-30,207,,
2016-05-30,208,,
2016-05-30,209,0.8,0.9
2016-05-30,210,,
2016-05-30,211,0.2,0.3
2016-05-30,212,,
2016-05-30,213,0.3,0.35
2016-05-30,214,,
2016-05-30,215,,
2016-05-30,216,,
2016-05-30,217,,
2016-05-30,218,,
2016-05-30,219,,
2016-05-30,220,,
2016-05-30,221,2.2,2.3
2016-05-30,222,,
2016-05-30,223,,
2016-05-30,224,3.3,3.5
2016-05-30,225,1.6,1.65
2016-05-30,226,,
2016-05-30,227,,
2016-05-30,228,,
2016-05-30,229,0.45,0.55
2016-05-30,230,,
2016-05-30,231,,
2016-05-30,232,0.55,0.65
2016-05-30,233,,
2016-05-30,234,,
2016-05-30,235,,
2016-05-30,236,,
2016-05-30,237,,
2016-05-30,238,,
2016-05-30,239,,
2016-05-30,240,,
2016-05-30,241,0.6,0.7
2016-05-30,242,0.45,0.55
2016-05-30,243,,
2016-05-30,244,,
2016-05-30,245,0.6,0.7
2016-05-30,246,0.6,0.65
2016-05-30,247,,
2016-05-30,248,,
2016-05-30,249,,
2016-05-30,250,0.2,0.3
2016-05-30,251,,
2016-05-30,252,2.4,2.5
2016-05-30,253,,
2016-05-30,254,,
2016-05-30,255,0.75,0.85
2016-05-30,256,,
2016-05-30,257,,
2016-05-30,258,0.5,0.6
2016-05-30,259,,
2016-05-30,260,1.6,1.8
2016-05-30,261,0.4,0.45
2016-05-30,262,0.45,0.5
2016-05-30,263,0.55,0.6
2016-05-30,264,0.65,0.7
2016-05-30,265,0.9,1
2016-05-30,266,1,1.1
2016-05-30,267,,
2016-05-30,268,,
2016-05-30,269,,
2016-05-30,270,,
2016-05-30,271,,
2016-05-30,272,2,2.5
2016-05-30,273,,
2016-05-30,274,,
2016-05-30,275,,
2016-05-30,276,,
2016-05-30,277,1.2,1.5
2016-05-30,278,,
2016-05-30,279,,
2016-05-30,280,,
2016-05-30,281,,
2016-05-30,282,,
2016-05-30,283,,
2016-05-30,284,,
2016-05-30,285,,
2016-05-30,286,,
2016-05-30,287,,
2016-05-30,288,,
2016-05-30,289,,
2016-05-30,290,,
2016-05-30,291,,
2016-05-30,292,,
2016-05-30,293,,
2016-05-30,294,,
2016-05-30,295,,
2016-05-30,296,,
2016-05-30,297,,
2016-05-30,298,,
2016-05-30,299,,
2016-05-30,300,,
2016-05-30,301,,
2016-05-30,302,,
2016-05-30,303,,
2016-05-30,304,,
2016-05-30,305,,
2016-05-30,306,,
2016-05-30,307,,
2016-05-30,308,,
2016-05-30,309,,
2016-05-30,310,,
2016-05-30,311,,
2016-05-30,312,,
2016-05-30,313,,
2016-05-30,314,,
2016-05-30,315,,
2016-05-30,316,,
2016-05-30,317,,
2016-05-30,318,,
2016-05-30,319,,
2016-05-30,320,,
2016-05-30,321,,
2016-05-30,322,,
2016-05-30,323,,
2016-05-30,615,8,9
2016-05-30,616,7.5,8.5
2016-05-30,619,3.4,3.6
2016-05-30,620,3.5,3.7
2016-06-06,2,,
2016-06-06,3,,
2016-06-06,4,,
2016-06-06,5,,
2016-06-06,6,,
2016-06-06,7,,
2016-06-06,8,245,247
2016-06-06,9,174,175
2016-06-06,10,175,176
2016-06-06,11,,
2016-06-06,12,198,200
2016-06-06,13,,
2016-06-06,14,189,190
2016-06-06,15,197,198
2016-06-06,16,192,195
2016-06-06,17,,
2016-06-06,18,,
2016-06-06,19,,
2016-06-06,20,,
2016-06-06,21,172,173
2016-06-06,22,,
2016-06-06,23,420,425
2016-06-06,24,414,419
2016-06-06,25,249,251
2016-06-06,26,244,247
2016-06-06,27,435,436
2016-06-06,28,431,433
2016-06-06,29,417,418
2016-06-06,30,156,158
2016-06-06,31,160,162
2016-06-06,32,128,130
2016-06-06,33,164,166
2016-06-06,34,135,137
2016-06-06,35,197,199
2016-06-06,36,168,170
2016-06-06,37,134,135
2016-06-06,38,134,135
2016-06-06,39,281,282
2016-06-06,40,169,171
2016-06-06,41,780,785
2016-06-06,42,163,165
2016-06-06,43,160,162
2016-06-06,44,,
2016-06-06,45,,
2016-06-06,46,,
2016-06-06,47,193,194
2016-06-06,48,160,162
2016-06-06,49,,
2016-06-06,50,660,710
2016-06-06,51,370,470
2016-06-06,52,,
2016-06-06,53,1530,1630
2016-06-06,54,1120,1220
2016-06-06,55,270,300
2016-06-06,56,195,205
2016-06-06,57,164,170
2016-06-06,58,115,120
2016-06-06,59,96,98
2016-06-06,60,,
2016-06-06,61,,
2016-06-06,62,,
2016-06-06,63,,
2016-06-06,64,,
2016-06-06,65,,
2016-06-06,66,,
2016-06-06,67,,
2016-06-06,68,,
2016-06-06,69,,
2016-06-06,70,,
2016-06-06,71,,
2016-06-06,72,235,240
2016-06-06,73,392,393
2016-06-06,74,,
2016-06-06,75,399,400
2016-06-06,76,418,420
2016-06-06,77,418,420
2016-06-06,78,,
2016-06-06,79,,
2016-06-06,80,,
2016-06-06,81,320,325
2016-06-06,82,,
2016-06-06,83,920,930
2016-06-06,84,920,940
2016-06-06,85,750,755
2016-06-06,86,690,700
2016-06-06,87,735,740
2016-06-06,88,675,680
2016-06-06,89,2090,2100
2016-06-06,90,1050,1070
2016-06-06,91,1090,1110
2016-06-06,92,860,865
2016-06-06,93,810,820
2016-06-06,94,817,822
2016-06-06,95,750,755
2016-06-06,96,,
2016-06-06,97,,
2016-06-06,98,,
2016-06-06,99,,
2016-06-06,100,,
2016-06-06,101,10,11
2016-06-06,102,10.5,11.5
2016-06-06,103,3.65,4.25
2016-06-06,104,3.05,3.2
2016-06-06,105,3.28,3.57
2016-06-06,106,2.9,2.95
2016-06-06,107,1.5,1.55
2016-06-06,108,262,280
2016-06-06,109,,
2016-06-06,110,352,385
2016-06-06,111,273,275
2016-06-06,112,275,278
2016-06-06,113,,
2016-06-06,114,260,262
2016-06-06,115,220,223
2016-06-06,116,233,235
2016-06-06,117,440,443
2016-06-06,118,422,425
2016-06-06,119,,
2016-06-06,120,420,425
2016-06-06,121,510,514
2016-06-06,122,435,437
2016-06-06,123,,
2016-06-06,124,433,435
2016-06-06,125,,
2016-06-06,126,,
2016-06-06,127,,
2016-06-06,128,,
2016-06-06,129,,
2016-06-06,130,,
2016-06-06,131,1640,1645
2016-06-06,132,570,575
2016-06-06,133,550,552
2016-06-06,134,645,650
2016-06-06,135,8,9
2016-06-06,136,8.5,9.5
2016-06-06,139,7,7.5
2016-06-06,140,7.5,8
2016-06-06,147,1.5,1.7
2016-06-06,149,0.9,1.05
2016-06-06,150,0.93,1.06
2016-06-06,151,1,1.1
2016-06-06,152,,
2016-06-06,153,,
2016-06-06,154,3.1,3.2
2016-06-06,155,,
2016-06-06,156,6,6.5
2016-06-06,157,0.9,1.1
2016-06-06,158,,
2016-06-06,159,0.8,1
2016-06-06,160,1.1,1.2
2016-06-06,161,,
2016-06-06,162,1.35,1.45
2016-06-06,163,4.2,4.3
2016-06-06,164,5.2,5.8
2016-06-06,165,1.3,1.5
2016-06-06,166,3.9,4.5
2016-06-06,168,0.85,0.95
2016-06-06,169,5.9,6.3
2016-06-06,170,4.2,4.5
2016-06-06,171,5.2,5.8
2016-06-06,172,,
2016-06-06,173,1,1.15
2016-06-06,174,,
2016-06-06,175,4,4.3
2016-06-06,176,2,3
2016-06-06,177,5,6
2016-06-06,178,7.25,7.35
2016-06-06,179,6.7,6.8
2016-06-06,180,6.2,6.3
2016-06-06,181,4.25,4.3
2016-06-06,182,4.55,4.6
2016-06-06,183,4.57,4.6
2016-06-06,184,5.25,5.35
2016-06-06,185,6.2,6.3
2016-06-06,186,7.75,8.05
2016-06-06,187,250,270
2016-06-06,188,245,255
2016-06-06,189,140,150
2016-06-06,190,1380,1430
2016-06-06,191,3.82,3.82
2016-06-06,192,2.83,2.83
2016-06-06,193,2.53,2.53
2016-06-06,194,2.26,2.26
2016-06-06,195,2.02,2.02
2016-06-06,196,1.69,1.69
2016-06-06,197,1.27,1.27
2016-06-06,198,1.37,1.37
2016-06-06,199,1.29,1.29
2016-06-06,202,,
2016-06-06,203,,
2016-06-06,204,,
2016-06-06,205,,
2016-06-06,206,,
2016-06-06,207,,
2016-06-06,208,,
2016-06-06,209,0.55,0.6
2016-06-06,210,,
2016-06-06,211,0.2,0.3
2016-06-06,212,,
2016-06-06,213,0.25,0.3
2016-06-06,214,,
2016-06-06,215,,
2016-06-06,216,,
2016-06-06,217,,
2016-06-06,218,,
2016-06-06,219,,
2016-06-06,220,,
2016-06-06,221,2.2,2.3
2016-06-06,222,,
2016-06-06,223,,
2016-06-06,224,2.5,3
2016-06-06,225,1.6,1.65
2016-06-06,226,,
2016-06-06,227,,
2016-06-06,228,,
2016-06-06,229,0.5,0.55
2016-06-06,230,,
2016-06-06,231,,
2016-06-06,232,0.4,0.5
2016-06-06,233,,
2016-06-06,234,,
2016-06-06,235,,
2016-06-06,236,,
2016-06-06,237,,
2016-06-06,238,,
2016-06-06,239,,
2016-06-06,240,,
2016-06-06,241,0.6,0.7
2016-06-06,242,0.4,0.5
2016-06-06,243,0.45,0.55
2016-06-06,244,,
2016-06-06,245,0.45,0.55
2016-06-06,246,0.6,0.65
2016-06-06,247,,
2016-06-06,248,,
2016-06-06,249,,
2016-06-06,250,0.2,0.3
2016-06-06,251,,
2016-06-06,252,2.4,2.5
2016-06-06,253,,
2016-06-06,254,,
2016-06-06,255,0.8,0.85
2016-06-06,256,,
2016-06-06,257,,
2016-06-06,258,0.45,0.55
2016-06-06,259,,
2016-06-06,260,1.4,1.6
2016-06-06,261,0.4,0.45
2016-06-06,262,0.45,0.5
2016-06-06,263,0.55,0.6
2016-06-06,264,0.65,0.7
2016-06-06,265,0.9,1
2016-06-06,266,0.8,1
2016-06-06,267,,
2016-06-06,268,,
2016-06-06,269,,
2016-06-06,270,,
2016-06-06,271,,
2016-06-06,272,,
2016-06-06,273,,
2016-06-06,274,2,2.5
2016-06-06,275,,
2016-06-06,276,,
2016-06-06,277,1,1.3
2016-06-06,278,,
2016-06-06,279,,
2016-06-06,280,,
2016-06-06,281,,
2016-06-06,282,,
2016-06-06,283,,
2016-06-06,284,,
2016-06-06,285,,
2016-06-06,286,0.5,0.7
2016-06-06,287,,
2016-06-06,288,,
2016-06-06,289,,
2016-06-06,290,,
2016-06-06,291,,
2016-06-06,292,,
2016-06-06,293,,
2016-06-06,294,,
2016-06-06,295,,
2016-06-06,296,,
2016-06-06,297,,
2016-06-06,298,,
2016-06-06,299,,
2016-06-06,300,,
2016-06-06,301,,
2016-06-06,302,,
2016-06-06,303,,
2016-06-06,304,,
2016-06-06,305,,
2016-06-06,306,,
2016-06-06,307,,
2016-06-06,308,,
2016-06-06,309,,
2016-06-06,310,,
2016-06-06,311,,
2016-06-06,312,,
2016-06-06,313,,
2016-06-06,314,,
2016-06-06,315,,
2016-06-06,316,,
2016-06-06,317,,
2016-06-06,318,,
2016-06-06,319,,
2016-06-06,320,,
2016-06-06,321,,
2016-06-06,322,,
2016-06-06,323,,
2016-06-06,615,8,9
2016-06-06,616,7.5,8.5
2016-06-06,619,3.4,3.6
2016-06-06,620,3.5,3.7
2016-06-10,324,1.04,1.06
2016-06-10,325,1.02,1.04
2016-06-10,326,1.04,1.06
2016-06-10,328,0.18,0.22
2016-06-10,329,0.05,0.07
2016-06-10,331,0.11,0.13
2016-06-10,332,,
2016-06-10,333,2.4,2.44
2016-06-10,334,2.4,2.44
2016-06-10,335,2.55,2.59
2016-06-10,336,,
2016-06-10,337,,
2016-06-10,338,1.22,1.24
2016-06-10,339,1.22,1.24
2016-06-10,340,,
2016-06-10,341,2.7,2.74
2016-06-10,342,2.75,2.79
2016-06-10,343,2.6,2.64
2016-06-10,344,12.1,12.1
2016-06-10,345,9.3,9.3
2016-06-10,346,8.4,8.4
2016-06-10,347,8,8
2016-06-10,348,2,2.1
2016-06-10,349,2,2.1
2016-06-10,350,2.3,2.4
2016-06-10,351,2.05,2.15
2016-06-10,352,3.85,3.95
2016-06-10,353,4.2,4.3
2016-06-10,354,1.4,1.5
2016-06-10,355,1.5,1.6
2016-06-10,356,1.5,1.6
2016-06-10,357,1.4,1.5
2016-06-10,358,4,4.1
2016-06-10,359,1.95,2.05
2016-06-10,360,1.95,2.05
2016-06-10,361,4.2,4.3
2016-06-10,362,5.1,5.2
2016-06-10,363,4.7,4.8
2016-06-10,364,1.8,1.9
2016-06-10,365,1.7,1.75
2016-06-10,366,5.05,5.15
2016-06-10,367,2,2.1
2016-06-10,368,1.4,1.5
2016-06-10,369,5.05,5.15
2016-06-10,370,1.8,1.9
2016-06-10,371,1.4,1.5
2016-06-10,372,3.6,3.7
2016-06-13,2,,
2016-06-13,3,,
2016-06-13,4,,
2016-06-13,5,,
2016-06-13,6,,
2016-06-13,7,,
2016-06-13,8,245,247
2016-06-13,9,176,177
2016-06-13,10,175,176
2016-06-13,11,,
2016-06-13,12,208,210
2016-06-13,13,,
2016-06-13,14,196,197
2016-06-13,15,204,205
2016-06-13,16,202,203
2016-06-13,17,,
2016-06-13,18,,
2016-06-13,19,,
2016-06-13,20,,
2016-06-13,21,172,173
2016-06-13,22,,
2016-06-13,23,420,425
2016-06-13,24,414,419
2016-06-13,25,249,251
2016-06-13,26,244,247
2016-06-13,27,435,436
2016-06-13,28,431,433
2016-06-13,29,417,418
2016-06-13,30,156,158
2016-06-13,31,160,162
2016-06-13,32,128,130
2016-06-13,33,164,166
2016-06-13,34,135,137
2016-06-13,35,197,199
2016-06-13,36,168,170
2016-06-13,37,134,135
2016-06-13,38,134,135
2016-06-13,39,288,289
2016-06-13,40,176,178
2016-06-13,41,790,795
2016-06-13,42,168,170
2016-06-13,43,163,165
2016-06-13,44,,
2016-06-13,45,,
2016-06-13,46,,
2016-06-13,47,195,196
2016-06-13,48,160,162
2016-06-13,49,,
2016-06-13,50,660,710
2016-06-13,51,370,470
2016-06-13,52,,
2016-06-13,53,1530,1630
2016-06-13,54,1120,1220
2016-06-13,55,270,300
2016-06-13,56,195,205
2016-06-13,57,164,170
2016-06-13,58,115,120
2016-06-13,59,96,98
2016-06-13,60,,
2016-06-13,61,,
2016-06-13,62,,
2016-06-13,63,,
2016-06-13,64,,
2016-06-13,65,,
2016-06-13,66,,
2016-06-13,67,,
2016-06-13,68,,
2016-06-13,69,,
2016-06-13,70,,
2016-06-13,71,,
2016-06-13,72,235,240
2016-06-13,73,414,415
2016-06-13,74,,
2016-06-13,75,424,425
2016-06-13,76,433,435
2016-06-13,77,433,435
2016-06-13,78,,
2016-06-13,79,,
2016-06-13,80,,
2016-06-13,81,310,315
2016-06-13,82,,
2016-06-13,83,920,930
2016-06-13,84,920,940
2016-06-13,85,750,755
2016-06-13,86,710,720
2016-06-13,87,730,735
2016-06-13,88,680,685
2016-06-13,89,2120,2130
2016-06-13,90,1040,1060
2016-06-13,91,1090,1110
2016-06-13,92,860,865
2016-06-13,93,820,830
2016-06-13,94,810,815
2016-06-13,95,750,755
2016-06-13,96,,
2016-06-13,97,,
2016-06-13,98,,
2016-06-13,99,,
2016-06-13,100,,
2016-06-13,101,10,11
2016-06-13,102,10.5,11.5
2016-06-13,103,3.65,4.25
2016-06-13,104,3.05,3.2
2016-06-13,105,3.28,3.57
2016-06-13,106,2.9,2.95
2016-06-13,107,1.5,1.55
2016-06-13,108,262,280
2016-06-13,109,,
2016-06-13,110,352,385
2016-06-13,111,278,280
2016-06-13,112,280,283
2016-06-13,113,,
2016-06-13,114,270,272
2016-06-13,115,230,233
2016-06-13,116,243,245
2016-06-13,117,455,458
2016-06-13,118,430,433
2016-06-13,119,,
2016-06-13,120,430,435
2016-06-13,121,520,525
2016-06-13,122,443,445
2016-06-13,123,520,525
2016-06-13,124,433,440
2016-06-13,125,,
2016-06-13,126,,
2016-06-13,127,,
2016-06-13,128,,
2016-06-13,129,,
2016-06-13,130,,
2016-06-13,131,1660,1665
2016-06-13,132,575,580
2016-06-13,133,555,557
2016-06-13,134,645,650
2016-06-13,135,,
2016-06-13,136,,
2016-06-13,139,7.5,8.5
2016-06-13,140,8,9
2016-06-13,147,1.5,1.7
2016-06-13,149,0.9,1.05
2016-06-13,150,0.93,1.06
2016-06-13,151,1,1.1
2016-06-13,152,,
2016-06-13,153,,
2016-06-13,154,3.1,3.2
2016-06-13,155,,
2016-06-13,156,6,6.5
2016-06-13,157,0.9,1.1
2016-06-13,158,,
2016-06-13,159,0.8,1
2016-06-13,160,1.1,1.2
2016-06-13,161,,
2016-06-13,162,,
2016-06-13,163,4.2,4.3
2016-06-13,164,5.2,5.8
2016-06-13,165,1.3,1.5
2016-06-13,166,3.9,4.5
2016-06-13,168,0.85,0.95
2016-06-13,169,5.9,6.3
2016-06-13,170,4.2,4.5
2016-06-13,171,5.2,5.8
2016-06-13,172,,
2016-06-13,173,1,1.15
2016-06-13,174,,
2016-06-13,175,4,4.3
2016-06-13,176,2,3
2016-06-13,177,6,7
2016-06-13,178,7.25,7.35
2016-06-13,179,6.7,6.8
2016-06-13,180,6.2,6.3
2016-06-13,181,4.25,4.3
2016-06-13,182,4.55,4.6
2016-06-13,183,4.57,4.6
2016-06-13,184,5.25,5.35
2016-06-13,185,6.2,6.3
2016-06-13,186,7.75,8.05
2016-06-13,187,265,285
2016-06-13,188,265,280
2016-06-13,189,150,165
2016-06-13,190,1480,1530
2016-06-13,191,3.82,3.82
2016-06-13,192,2.83,2.83
2016-06-13,193,2.53,2.53
2016-06-13,194,2.26,2.26
2016-06-13,195,2.02,2.02
2016-06-13,196,1.69,1.69
2016-06-13,197,1.27,1.27
2016-06-13,198,1.37,1.37
2016-06-13,199,1.29,1.29
2016-06-13,202,,
2016-06-13,203,,
2016-06-13,204,,
2016-06-13,205,,
2016-06-13,206,,
2016-06-13,207,,
2016-06-13,208,,
2016-06-13,209,0.3,0.35
2016-06-13,210,,
2016-06-13,211,0.15,0.25
2016-06-13,212,,
2016-06-13,213,0.25,0.3
2016-06-13,214,,
2016-06-13,215,,
2016-06-13,216,,
2016-06-13,217,,
2016-06-13,218,,
2016-06-13,219,,
2016-06-13,220,0.7,0.8
2016-06-13,221,2,2.2
2016-06-13,222,,
2016-06-13,223,,
2016-06-13,224,2.5,3
2016-06-13,225,1.6,1.65
2016-06-13,226,,
2016-06-13,227,,
2016-06-13,228,,
2016-06-13,229,0.5,0.55
2016-06-13,230,,
2016-06-13,231,,
2016-06-13,232,0.4,0.5
2016-06-13,233,,
2016-06-13,234,,
2016-06-13,235,,
2016-06-13,236,,
2016-06-13,237,,
2016-06-13,238,0.6,0.65
2016-06-13,239,,
2016-06-13,240,,
2016-06-13,241,0.5,0.6
2016-06-13,242,0.4,0.45
2016-06-13,243,0.4,0.45
2016-06-13,244,,
2016-06-13,245,0.45,0.55
2016-06-13,246,0.6,0.65
2016-06-13,247,,
2016-06-13,248,,
2016-06-13,249,,
2016-06-13,250,0.25,0.35
2016-06-13,251,,
2016-06-13,252,2,2.2
2016-06-13,253,,
2016-06-13,254,,
2016-06-13,255,0.8,0.85
2016-06-13,256,,
2016-06-13,257,,
2016-06-13,258,0.4,0.45
2016-06-13,259,,
2016-06-13,260,1.4,1.6
2016-06-13,261,,
2016-06-13,262,,
2016-06-13,263,,
2016-06-13,264,,
2016-06-13,265,,
2016-06-13,266,0.8,1
2016-06-13,267,,
2016-06-13,268,,
2016-06-13,269,1.2,1.3
2016-06-13,270,,
2016-06-13,271,,
2016-06-13,272,,
2016-06-13,273,2,2.2
2016-06-13,274,2,2.5
2016-06-13,275,,
2016-06-13,276,,
2016-06-13,277,,
2016-06-13,278,,
2016-06-13,279,,
2016-06-13,280,,
2016-06-13,281,,
2016-06-13,282,,
2016-06-13,283,,
2016-06-13,284,,
2016-06-13,285,,
2016-06-13,286,0.3,0.4
2016-06-13,287,,
2016-06-13,288,,
2016-06-13,289,,
2016-06-13,290,,
2016-06-13,291,,
2016-06-13,292,,
2016-06-13,293,,
2016-06-13,294,,
2016-06-13,295,,
2016-06-13,296,,
2016-06-13,297,,
2016-06-13,298,,
2016-06-13,299,,
2016-06-13,300,,
2016-06-13,301,,
2016-06-13,302,,
2016-06-13,303,,
2016-06-13,304,,
2016-06-13,305,,
2016-06-13,306,,
2016-06-13,307,,
2016-06-13,308,,
2016-06-13,309,,
2016-06-13,310,,
2016-06-13,311,,
2016-06-13,312,,
2016-06-13,313,,
2016-06-13,314,,
2016-06-13,315,,
2016-06-13,316,,
2016-06-13,317,,
2016-06-13,318,,
2016-06-13,319,,
2016-06-13,320,,
2016-06-13,321,,
2016-06-13,322,,
2016-06-13,323,,
2016-06-13,615,8.5,9.5
2016-06-13,616,8,9
2016-06-13,619,3.4,3.6
2016-06-13,620,3.5,3.7
2016-06-13,621,,
2016-06-13,622,,
2016-06-17,324,1.04,1.06
2016-06-17,325,1.02,1.04
2016-06-17,326,1.04,1.06
2016-06-17,328,0.18,0.22
2016-06-17,329,0.05,0.07
2016-06-17,331,0.11,0.13
2016-06-17,332,,
2016-06-17,333,2.4,2.44
2016-06-17,334,2.4,2.44
2016-06-17,335,2.55,2.59
2016-06-17,336,,
2016-06-17,337,,
2016-06-17,338,1.22,1.24
2016-06-17,339,1.22,1.24
2016-06-17,340,,
2016-06-17,341,2.7,2.74
2016-06-17,342,2.75,2.79
2016-06-17,343,2.6,2.64
2016-06-17,344,12.1,12.1
2016-06-17,345,9.3,9.3
2016-06-17,346,8.4,8.4
2016-06-17,347,8,8
2016-06-17,348,2,2.1
2016-06-17,349,2,2.1
2016-06-17,350,2.3,2.4
2016-06-17,351,2.05,2.15
2016-06-17,352,3.85,3.95
2016-06-17,353,4.2,4.3
2016-06-17,354,1.4,1.5
2016-06-17,355,1.5,1.6
2016-06-17,356,1.5,1.6
2016-06-17,357,1.4,1.5
2016-06-17,358,4,4.1
2016-06-17,359,1.95,2.05
2016-06-17,360,1.95,2.05
2016-06-17,361,4.2,4.3
2016-06-17,362,5.1,5.2
2016-06-17,363,4.7,4.8
2016-06-17,364,1.8,1.9
2016-06-17,365,1.7,1.75
2016-06-17,366,5.05,5.15
2016-06-17,367,2,2.1
2016-06-17,368,1.4,1.5
2016-06-17,369,5.05,5.15
2016-06-17,370,1.8,1.9
2016-06-17,371,1.4,1.5
2016-06-17,372,3.6,3.7
2016-06-20,2,,
2016-06-20,3,,
2016-06-20,4,,
2016-06-20,5,,
2016-06-20,6,,
2016-06-20,7,,
2016-06-20,8,243,245
2016-06-20,9,176,177
2016-06-20,10,178,179
2016-06-20,11,,
2016-06-20,12,213,215
2016-06-20,13,,
2016-06-20,14,196,197
2016-06-20,15,204,205
2016-06-20,16,200,205
2016-06-20,17,,
2016-06-20,18,,
2016-06-20,19,,
2016-06-20,20,,
2016-06-20,21,169,170
2016-06-20,22,,
2016-06-20,23,420,425
2016-06-20,24,414,419
2016-06-20,25,249,251
2016-06-20,26,244,247
2016-06-20,27,435,436
2016-06-20,28,431,433
2016-06-20,29,417,418
2016-06-20,30,154,156
2016-06-20,31,158,160
2016-06-20,32,126,128
2016-06-20,33,162,164
2016-06-20,34,133,135
2016-06-20,35,197,199
2016-06-20,36,168,170
2016-06-20,37,132,133
2016-06-20,38,132,133
2016-06-20,39,291,292
2016-06-20,40,181,183
2016-06-20,41,800,805
2016-06-20,42,168,170
2016-06-20,43,163,165
2016-06-20,44,,
2016-06-20,45,,
2016-06-20,46,,
2016-06-20,47,195,196
2016-06-20,48,160,162
2016-06-20,49,,
2016-06-20,50,670,720
2016-06-20,51,370,470
2016-06-20,52,,
2016-06-20,53,1550,1650
2016-06-20,54,1120,1220
2016-06-20,55,270,300
2016-06-20,56,195,205
2016-06-20,57,164,170
2016-06-20,58,115,120
2016-06-20,59,96,98
2016-06-20,60,,
2016-06-20,61,,
2016-06-20,62,,
2016-06-20,63,,
2016-06-20,64,,
2016-06-20,65,,
2016-06-20,66,,
2016-06-20,67,,
2016-06-20,68,,
2016-06-20,69,,
2016-06-20,70,,
2016-06-20,71,,
2016-06-20,72,235,240
2016-06-20,73,402,403
2016-06-20,74,,
2016-06-20,75,404,405
2016-06-20,76,418,420
2016-06-20,77,418,420
2016-06-20,78,,
2016-06-20,79,,
2016-06-20,80,,
2016-06-20,81,310,315
2016-06-20,82,,
2016-06-20,83,910,930
2016-06-20,84,920,940
2016-06-20,85,750,755
2016-06-20,86,690,700
2016-06-20,87,700,705
2016-06-20,88,665,670
2016-06-20,89,2105,2115
2016-06-20,90,1030,1050
2016-06-20,91,1090,1110
2016-06-20,92,860,865
2016-06-20,93,805,815
2016-06-20,94,775,780
2016-06-20,95,730,735
2016-06-20,96,,
2016-06-20,97,,
2016-06-20,98,,
2016-06-20,99,,
2016-06-20,100,,
2016-06-20,101,10,11
2016-06-20,102,10.5,11.5
2016-06-20,103,3.65,4.25
2016-06-20,104,3.25,3.3
2016-06-20,105,3.28,3.57
2016-06-20,106,3,3.05
2016-06-20,107,1.5,1.55
2016-06-20,108,262,280
2016-06-20,109,,
2016-06-20,110,352,385
2016-06-20,111,278,280
2016-06-20,112,280,283
2016-06-20,113,,
2016-06-20,114,260,262
2016-06-20,115,230,233
2016-06-20,116,238,240
2016-06-20,117,440,443
2016-06-20,118,415,418
2016-06-20,119,,
2016-06-20,120,410,415
2016-06-20,121,505,510
2016-06-20,122,423,425
2016-06-20,123,503,508
2016-06-20,124,418,420
2016-06-20,125,,
2016-06-20,126,,
2016-06-20,127,,
2016-06-20,128,,
2016-06-20,129,,
2016-06-20,130,,
2016-06-20,131,1680,1685
2016-06-20,132,575,580
2016-06-20,133,555,557
2016-06-20,134,645,650
2016-06-20,135,,
2016-06-20,136,,
2016-06-20,139,7.5,8.5
2016-06-20,140,8,9
2016-06-20,147,1.5,1.7
2016-06-20,149,0.9,1.05
2016-06-20,150,0.93,1.06
2016-06-20,151,1,1.1
2016-06-20,152,,
2016-06-20,153,,
2016-06-20,154,3.1,3.2
2016-06-20,155,,
2016-06-20,156,6,6.5
2016-06-20,157,0.9,1.1
2016-06-20,158,,
2016-06-20,159,0.8,1
2016-06-20,160,,
2016-06-20,161,,
2016-06-20,162,,
2016-06-20,163,4.2,4.3
2016-06-20,164,5.2,5.8
2016-06-20,165,1.3,1.5
2016-06-20,166,3.9,4.5
2016-06-20,168,0.85,0.95
2016-06-20,169,5.9,6.3
2016-06-20,170,4.2,4.5
2016-06-20,171,5.2,5.8
2016-06-20,172,,
2016-06-20,173,1,1.15
2016-06-20,174,,
2016-06-20,175,4,4.3
2016-06-20,176,3,4
2016-06-20,177,7,8
2016-06-20,178,7.25,7.35
2016-06-20,179,6.7,6.8
2016-06-20,180,6.2,6.3
2016-06-20,181,4.22,4.27
2016-06-20,182,4.52,4.57
2016-06-20,183,4.57,4.6
2016-06-20,184,5.25,5.35
2016-06-20,185,6.2,6.3
2016-06-20,186,7.75,8.05
2016-06-20,187,280,300
2016-06-20,188,275,285
2016-06-20,189,165,175
2016-06-20,190,1550,1600
2016-06-20,191,3.82,3.82
2016-06-20,192,2.83,2.83
2016-06-20,193,2.53,2.53
2016-06-20,194,2.26,2.26
2016-06-20,195,2.02,2.02
2016-06-20,196,1.69,1.69
2016-06-20,197,1.28,1.28
2016-06-20,198,1.38,1.38
2016-06-20,199,1.3,1.3
2016-06-20,202,,
2016-06-20,203,,
2016-06-20,204,,
2016-06-20,205,,
2016-06-20,206,,
2016-06-20,207,,
2016-06-20,208,,
2016-06-20,209,0.3,0.35
2016-06-20,210,,
2016-06-20,211,0.15,0.25
2016-06-20,212,,
2016-06-20,213,0.25,0.3
2016-06-20,214,,
2016-06-20,215,,
2016-06-20,216,,
2016-06-20,217,,
2016-06-20,218,,
2016-06-20,219,,
2016-06-20,220,0.5,0.6
2016-06-20,221,1.3,1.4
2016-06-20,222,,
2016-06-20,223,,
2016-06-20,224,2.5,3
2016-06-20,225,1.6,1.65
2016-06-20,226,,
2016-06-20,227,,
2016-06-20,228,,
2016-06-20,229,0.6,0.65
2016-06-20,230,,
2016-06-20,231,,
2016-06-20,232,0.45,0.5
2016-06-20,233,,
2016-06-20,234,,
2016-06-20,235,,
2016-06-20,236,,
2016-06-20,237,,
2016-06-20,238,0.45,0.5
2016-06-20,239,,
2016-06-20,240,,
2016-06-20,241,0.4,0.5
2016-06-20,242,0.4,0.45
2016-06-20,243,0.35,0.4
2016-06-20,244,,
2016-06-20,245,0.5,0.55
2016-06-20,246,0.6,0.65
2016-06-20,247,,
2016-06-20,248,,
2016-06-20,249,,
2016-06-20,250,0.25,0.35
2016-06-20,251,,
2016-06-20,252,2.2,2.5
2016-06-20,253,,
2016-06-20,254,,
2016-06-20,255,0.8,0.9
2016-06-20,256,,
2016-06-20,257,,
2016-06-20,258,0.45,0.55
2016-06-20,259,,
2016-06-20,260,1.5,2
2016-06-20,261,,
2016-06-20,262,,
2016-06-20,263,,
2016-06-20,264,,
2016-06-20,265,,
2016-06-20,266,,
2016-06-20,267,,
2016-06-20,268,,
2016-06-20,269,0.8,1
2016-06-20,270,,
2016-06-20,271,,
2016-06-20,272,,
2016-06-20,273,2,2.2
2016-06-20,274,2,2.5
2016-06-20,275,,
2016-06-20,276,,
2016-06-20,277,3,3.5
2016-06-20,278,,
2016-06-20,279,,
2016-06-20,280,,
2016-06-20,281,,
2016-06-20,282,,
2016-06-20,283,,
2016-06-20,284,,
2016-06-20,285,,
2016-06-20,286,0.35,0.45
2016-06-20,287,,
2016-06-20,288,,
2016-06-20,289,,
2016-06-20,290,,
2016-06-20,291,,
2016-06-20,292,,
2016-06-20,293,,
2016-06-20,294,,
2016-06-20,295,,
2016-06-20,296,,
2016-06-20,297,,
2016-06-20,298,,
2016-06-20,299,,
2016-06-20,300,,
2016-06-20,301,,
2016-06-20,302,,
2016-06-20,303,,
2016-06-20,304,,
2016-06-20,305,,
2016-06-20,306,,
2016-06-20,307,,
2016-06-20,308,,
2016-06-20,309,,
2016-06-20,310,,
2016-06-20,311,,
2016-06-20,312,,
2016-06-20,313,0.25,0.3
2016-06-20,314,0.4,0.45
2016-06-20,315,,
2016-06-20,316,,
2016-06-20,317,,
2016-06-20,318,,
2016-06-20,319,,
2016-06-20,320,,
2016-06-20,321,,
2016-06-20,322,,
2016-06-20,323,,
2016-06-20,615,8.5,9.5
2016-06-20,616,8,9
2016-06-20,619,3.4,3.6
2016-06-20,620,3.5,3.7
2016-06-24,324,1.04,1.06
2016-06-24,325,1.02,1.04
2016-06-24,326,1.04,1.06
2016-06-24,328,0.18,0.22
2016-06-24,329,0.05,0.07
2016-06-24,331,0.11,0.13
2016-06-24,332,,
2016-06-24,333,2.4,2.44
2016-06-24,334,2.4,2.44
2016-06-24,335,2.55,2.59
2016-06-24,336,,
2016-06-24,337,,
2016-06-24,338,1.22,1.24
2016-06-24,339,1.22,1.24
2016-06-24,340,,
2016-06-24,341,2.7,2.74
2016-06-24,342,2.75,2.79
2016-06-24,343,2.6,2.64
2016-06-24,344,12.1,12.1
2016-06-24,345,9.3,9.3
2016-06-24,346,8.4,8.4
2016-06-24,347,8,8
2016-06-24,348,2,2.1
2016-06-24,349,2,2.1
2016-06-24,350,2.3,2.4
2016-06-24,351,2.05,2.15
2016-06-24,352,3.85,3.95
2016-06-24,353,4.2,4.3
2016-06-24,354,1.4,1.5
2016-06-24,355,1.5,1.6
2016-06-24,356,1.5,1.6
2016-06-24,357,1.4,1.5
2016-06-24,358,4,4.1
2016-06-24,359,1.95,2.05
2016-06-24,360,1.95,2.05
2016-06-24,361,4.2,4.3
2016-06-24,362,5.1,5.2
2016-06-24,363,4.7,4.8
2016-06-24,364,1.8,1.9
2016-06-24,365,1.7,1.75
2016-06-24,366,5.05,5.15
2016-06-24,367,2,2.1
2016-06-24,368,1.4,1.5
2016-06-24,369,5.05,5.15
2016-06-24,370,1.8,1.9
2016-06-24,371,1.4,1.5
2016-06-24,372,3.6,3.7
2016-06-27,2,,
2016-06-27,3,,
2016-06-27,4,,
2016-06-27,5,160,163
2016-06-27,6,,
2016-06-27,7,,
2016-06-27,8,238,240
2016-06-27,9,169,170
2016-06-27,10,171,172
2016-06-27,11,,
2016-06-27,12,198,200
2016-06-27,13,,
2016-06-27,14,186,187
2016-06-27,15,194,195
2016-06-27,16,190,192
2016-06-27,17,,
2016-06-27,18,,
2016-06-27,19,145,150
2016-06-27,20,152,155
2016-06-27,21,164,165
2016-06-27,22,,
2016-06-27,23,420,425
2016-06-27,24,414,419
2016-06-27,25,249,251
2016-06-27,26,244,247
2016-06-27,27,435,436
2016-06-27,28,431,433
2016-06-27,29,417,418
2016-06-27,30,146,148
2016-06-27,31,150,152
2016-06-27,32,118,120
2016-06-27,33,154,156
2016-06-27,34,125,127
2016-06-27,35,187,189
2016-06-27,36,158,160
2016-06-27,37,124,125
2016-06-27,38,124,125
2016-06-27,39,281,282
2016-06-27,40,171,173
2016-06-27,41,805,810
2016-06-27,42,163,165
2016-06-27,43,160,162
2016-06-27,44,,
2016-06-27,45,,
2016-06-27,46,,
2016-06-27,47,193,194
2016-06-27,48,160,162
2016-06-27,49,,
2016-06-27,50,,
2016-06-27,51,370,470
2016-06-27,52,,
2016-06-27,53,1550,1650
2016-06-27,54,1120,1220
2016-06-27,55,275,305
2016-06-27,56,200,210
2016-06-27,57,169,175
2016-06-27,58,120,125
2016-06-27,59,101,103
2016-06-27,60,,
2016-06-27,61,,
2016-06-27,62,95,100
2016-06-27,63,110,115
2016-06-27,64,,
2016-06-27,65,,
2016-06-27,66,100,105
2016-06-27,67,120,125
2016-06-27,68,,
2016-06-27,69,,
2016-06-27,70,,
2016-06-27,71,,
2016-06-27,72,230,235
2016-06-27,73,389,390
2016-06-27,74,,
2016-06-27,75,395,400
2016-06-27,76,413,415
2016-06-27,77,413,415
2016-06-27,78,,
2016-06-27,79,,
2016-06-27,80,,
2016-06-27,81,305,310
2016-06-27,82,,
2016-06-27,83,910,930
2016-06-27,84,920,940
2016-06-27,85,750,755
2016-06-27,86,670,680
2016-06-27,87,700,705
2016-06-27,88,670,675
2016-06-27,89,2095,2105
2016-06-27,90,1030,1050
2016-06-27,91,1090,1110
2016-06-27,92,860,865
2016-06-27,93,785,795
2016-06-27,94,790,795
2016-06-27,95,755,760
2016-06-27,96,,
2016-06-27,97,,
2016-06-27,98,,
2016-06-27,99,,
2016-06-27,100,,
2016-06-27,101,10,11
2016-06-27,102,10.5,11.5
2016-06-27,103,3.65,4.25
2016-06-27,104,3.27,3.32
2016-06-27,105,3.28,3.57
2016-06-27,106,3.05,3.1
2016-06-27,107,1.5,1.55
2016-06-27,108,262,280
2016-06-27,109,,
2016-06-27,110,350,380
2016-06-27,111,,
2016-06-27,112,277,280
2016-06-27,113,,
2016-06-27,114,250,252
2016-06-27,115,230,233
2016-06-27,116,233,235
2016-06-27,117,425,428
2016-06-27,118,400,403
2016-06-27,119,,
2016-06-27,120,400,402
2016-06-27,121,495,500
2016-06-27,122,410,412
2016-06-27,123,500,505
2016-06-27,124,405,415
2016-06-27,125,,
2016-06-27,126,,
2016-06-27,127,,
2016-06-27,128,,
2016-06-27,129,,
2016-06-27,130,105,110
2016-06-27,131,1680,1685
2016-06-27,132,575,580
2016-06-27,133,555,557
2016-06-27,134,645,650
2016-06-27,135,,
2016-06-27,136,,
2016-06-27,139,7.5,8.5
2016-06-27,140,8,9
2016-06-27,147,1.5,1.7
2016-06-27,149,0.9,1.05
2016-06-27,150,0.93,1.06
2016-06-27,151,1,1.1
2016-06-27,152,,
2016-06-27,153,,
2016-06-27,154,3.1,3.2
2016-06-27,155,,
2016-06-27,156,6,6.5
2016-06-27,157,0.9,1.1
2016-06-27,158,,
2016-06-27,159,0.8,1
2016-06-27,160,,
2016-06-27,161,,
2016-06-27,162,,
2016-06-27,163,4.2,4.3
2016-06-27,164,5.2,5.8
2016-06-27,165,1.3,1.5
2016-06-27,166,3.9,4.5
2016-06-27,168,0.85,0.95
2016-06-27,169,5.9,6.3
2016-06-27,170,4.2,4.5
2016-06-27,171,5.2,5.8
2016-06-27,172,,
2016-06-27,173,1,1.15
2016-06-27,174,,
2016-06-27,175,4,4.3
2016-06-27,176,4,5
2016-06-27,177,8,9
2016-06-27,178,7.25,7.35
2016-06-27,179,6.7,6.8
2016-06-27,180,6.2,6.3
2016-06-27,181,4.22,4.27
2016-06-27,182,4.52,4.57
2016-06-27,183,4.57,4.6
2016-06-27,184,5.25,5.35
2016-06-27,185,6.2,6.3
2016-06-27,186,7.75,8.05
2016-06-27,187,295,315
2016-06-27,188,290,300
2016-06-27,189,180,190
2016-06-27,190,1650,1700
2016-06-27,191,3.82,3.82
2016-06-27,192,2.83,2.83
2016-06-27,193,2.53,2.53
2016-06-27,194,2.26,2.26
2016-06-27,195,2.02,2.02
2016-06-27,196,1.69,1.69
2016-06-27,197,1.3,1.3
2016-06-27,198,1.4,1.4
2016-06-27,199,1.32,1.32
2016-06-27,202,,
2016-06-27,203,,
2016-06-27,204,,
2016-06-27,205,,
2016-06-27,206,,
2016-06-27,207,,
2016-06-27,208,,
2016-06-27,209,0.5,0.6
2016-06-27,210,,
2016-06-27,211,0.15,0.25
2016-06-27,212,,
2016-06-27,213,0.3,0.35
2016-06-27,214,,
2016-06-27,215,,
2016-06-27,216,,
2016-06-27,217,,
2016-06-27,218,,
2016-06-27,219,,
2016-06-27,220,0.4,0.5
2016-06-27,221,1,1.1
2016-06-27,222,,
2016-06-27,223,,
2016-06-27,224,1.8,2
2016-06-27,225,1.6,1.65
2016-06-27,226,,
2016-06-27,227,,
2016-06-27,228,,
2016-06-27,229,0.6,0.65
2016-06-27,230,,
2016-06-27,231,,
2016-06-27,232,0.45,0.5
2016-06-27,233,,
2016-06-27,234,,
2016-06-27,235,,
2016-06-27,236,,
2016-06-27,237,,
2016-06-27,238,0.35,0.45
2016-06-27,239,1.5,1.7
2016-06-27,240,1.5,1.7
2016-06-27,241,0.4,0.5
2016-06-27,242,0.4,0.45
2016-06-27,243,0.3,0.35
2016-06-27,244,,
2016-06-27,245,0.45,0.5
2016-06-27,246,0.6,0.65
2016-06-27,247,,
2016-06-27,248,,
2016-06-27,249,,
2016-06-27,250,0.3,0.35
2016-06-27,251,,
2016-06-27,252,2.5,2.7
2016-06-27,253,,
2016-06-27,254,,
2016-06-27,255,0.9,1
2016-06-27,256,0.7,0.8
2016-06-27,257,,
2016-06-27,258,0.5,0.6
2016-06-27,259,,
2016-06-27,260,2.5,2.7
2016-06-27,261,,
2016-06-27,262,,
2016-06-27,263,,
2016-06-27,264,,
2016-06-27,265,,
2016-06-27,266,,
2016-06-27,267,,
2016-06-27,268,,
2016-06-27,269,0.8,1
2016-06-27,270,,
2016-06-27,271,,
2016-06-27,272,,
2016-06-27,273,2,2.2
2016-06-27,274,2,2.5
2016-06-27,275,,
2016-06-27,276,,
2016-06-27,277,3.3,3.5
2016-06-27,278,,
2016-06-27,279,,
2016-06-27,280,,
2016-06-27,281,,
2016-06-27,282,,
2016-06-27,283,,
2016-06-27,284,,
2016-06-27,285,,
2016-06-27,286,0.5,0.6
2016-06-27,287,,
2016-06-27,288,,
2016-06-27,289,,
2016-06-27,290,,
2016-06-27,291,,
2016-06-27,292,,
2016-06-27,293,0.3,0.35
2016-06-27,294,0.45,0.5
2016-06-27,295,,
2016-06-27,296,,
2016-06-27,297,,
2016-06-27,298,,
2016-06-27,299,,
2016-06-27,300,,
2016-06-27,301,,
2016-06-27,302,,
2016-06-27,303,,
2016-06-27,304,,
2016-06-27,305,,
2016-06-27,306,,
2016-06-27,307,,
2016-06-27,308,,
2016-06-27,309,,
2016-06-27,310,,
2016-06-27,311,,
2016-06-27,312,,
2016-06-27,313,0.25,0.3
2016-06-27,314,0.4,0.45
2016-06-27,315,,
2016-06-27,316,,
2016-06-27,317,,
2016-06-27,318,,
2016-06-27,319,,
2016-06-27,320,,
2016-06-27,321,,
2016-06-27,322,,
2016-06-27,323,,
2016-06-27,615,8.5,9.5
2016-06-27,616,8,9
2016-06-27,619,3.4,3.6
2016-06-27,620,3.5,3.7
2016-07-01,324,0.93,0.95
2016-07-01,325,0.92,0.94
2016-07-01,326,0.95,0.97
2016-07-01,328,0.14,0.18
2016-07-01,329,0.05,0.07
2016-07-01,331,0.09,0.11
2016-07-01,332,,
2016-07-01,333,2.35,2.39
2016-07-01,334,2.35,2.39
2016-07-01,335,2.45,2.49
2016-07-01,336,,
2016-07-01,337,,
2016-07-01,338,1.2,1.22
2016-07-01,339,1.2,1.22
2016-07-01,340,,
2016-07-01,341,2.6,2.64
2016-07-01,342,2.7,2.74
2016-07-01,343,2.5,2.54
2016-07-01,344,12.1,12.1
2016-07-01,345,9.3,9.3
2016-07-01,346,8.4,8.4
2016-07-01,347,8,8
2016-07-01,348,1.75,1.85
2016-07-01,349,1.75,1.85
2016-07-01,350,2.05,2.15
2016-07-01,351,1.8,1.9
2016-07-01,352,3.7,3.8
2016-07-01,353,4.1,4.2
2016-07-01,354,1.3,1.4
2016-07-01,355,1.4,1.5
2016-07-01,356,1.4,1.5
2016-07-01,357,1.3,1.4
2016-07-01,358,3.85,3.95
2016-07-01,359,1.9,2
2016-07-01,360,1.9,2
2016-07-01,361,4.1,4.2
2016-07-01,362,5,5.1
2016-07-01,363,4.3,4.4
2016-07-01,364,1.5,1.6
2016-07-01,365,1.7,1.75
2016-07-01,366,4.95,5.05
2016-07-01,367,1.8,1.9
2016-07-01,368,1.3,1.4
2016-07-01,369,4.95,5.05
2016-07-01,370,1.6,1.7
2016-07-01,371,1.3,1.4
2016-07-01,372,3.4,3.5
2016-07-04,2,,
2016-07-04,3,,
2016-07-04,4,154,156
2016-07-04,5,151,154
2016-07-04,6,147,149
2016-07-04,7,,
2016-07-04,8,233,235
2016-07-04,9,167,168
2016-07-04,10,161,162
2016-07-04,11,,
2016-07-04,12,188,190
2016-07-04,13,,
2016-07-04,14,181,182
2016-07-04,15,189,190
2016-07-04,16,183,185
2016-07-04,17,,
2016-07-04,18,,
2016-07-04,19,142,147
2016-07-04,20,147,150
2016-07-04,21,161,162
2016-07-04,22,,
2016-07-04,23,410,415
2016-07-04,24,404,409
2016-07-04,25,239,241
2016-07-04,26,234,237
2016-07-04,27,435,436
2016-07-04,28,431,433
2016-07-04,29,417,418
2016-07-04,30,131,133
2016-07-04,31,135,137
2016-07-04,32,103,105
2016-07-04,33,139,141
2016-07-04,34,110,112
2016-07-04,35,172,174
2016-07-04,36,143,145
2016-07-04,37,112,113
2016-07-04,38,112,113
2016-07-04,39,276,277
2016-07-04,40,166,168
2016-07-04,41,810,815
2016-07-04,42,161,163
2016-07-04,43,158,160
2016-07-04,44,,
2016-07-04,45,,
2016-07-04,46,,
2016-07-04,47,190,191
2016-07-04,48,160,162
2016-07-04,49,,
2016-07-04,50,,
2016-07-04,51,390,490
2016-07-04,52,,
2016-07-04,53,1650,1750
2016-07-04,54,1160,1260
2016-07-04,55,275,305
2016-07-04,56,200,210
2016-07-04,57,174,180
2016-07-04,58,125,130
2016-07-04,59,106,108
2016-07-04,60,,
2016-07-04,61,,
2016-07-04,62,95,100
2016-07-04,63,115,120
2016-07-04,64,,
2016-07-04,65,,
2016-07-04,66,100,105
2016-07-04,67,125,130
2016-07-04,68,,
2016-07-04,69,40,45
2016-07-04,70,,
2016-07-04,71,65,70
2016-07-04,72,227,232
2016-07-04,73,399,400
2016-07-04,74,,
2016-07-04,75,405,410
2016-07-04,76,423,425
2016-07-04,77,423,425
2016-07-04,78,,
2016-07-04,79,,
2016-07-04,80,,
2016-07-04,81,300,305
2016-07-04,82,,
2016-07-04,83,910,930
2016-07-04,84,920,940
2016-07-04,85,750,755
2016-07-04,86,690,700
2016-07-04,87,700,705
2016-07-04,88,680,685
2016-07-04,89,1995,2005
2016-07-04,90,1030,1050
2016-07-04,91,1090,1110
2016-07-04,92,860,865
2016-07-04,93,795,805
2016-07-04,94,790,795
2016-07-04,95,755,760
2016-07-04,96,,
2016-07-04,97,,
2016-07-04,98,,
2016-07-04,99,,
2016-07-04,100,,
2016-07-04,101,10,11
2016-07-04,102,10.5,11.5
2016-07-04,103,3.7,4.3
2016-07-04,104,3.4,3.45
2016-07-04,105,3.33,3.62
2016-07-04,106,3.05,3.1
2016-07-04,107,1.6,1.65
2016-07-04,108,262,280
2016-07-04,109,,
2016-07-04,110,347,377
2016-07-04,111,,
2016-07-04,112,257,260
2016-07-04,113,,
2016-07-04,114,245,247
2016-07-04,115,227,230
2016-07-04,116,228,230
2016-07-04,117,445,448
2016-07-04,118,420,423
2016-07-04,119,,
2016-07-04,120,418,420
2016-07-04,121,515,520
2016-07-04,122,430,432
2016-07-04,123,520,525
2016-07-04,124,425,435
2016-07-04,125,,
2016-07-04,126,,
2016-07-04,127,,
2016-07-04,128,,
2016-07-04,129,,
2016-07-04,130,105,110
2016-07-04,131,1720,1725
2016-07-04,132,580,585
2016-07-04,133,560,562
2016-07-04,134,655,660
2016-07-04,135,,
2016-07-04,136,,
2016-07-04,139,7.5,8.5
2016-07-04,140,8,9
2016-07-04,147,1.5,1.7
2016-07-04,149,0.9,1.05
2016-07-04,150,0.93,1.06
2016-07-04,151,1,1.1
2016-07-04,152,,
2016-07-04,153,,
2016-07-04,154,3.1,3.2
2016-07-04,155,,
2016-07-04,156,6,6.5
2016-07-04,157,0.9,1.1
2016-07-04,158,,
2016-07-04,159,0.8,1
2016-07-04,160,,
2016-07-04,161,,
2016-07-04,162,,
2016-07-04,163,4.2,4.3
2016-07-04,164,5.2,5.8
2016-07-04,165,1.3,1.5
2016-07-04,166,3.9,4.5
2016-07-04,168,0.85,0.95
2016-07-04,169,5.9,6.3
2016-07-04,170,4.2,4.5
2016-07-04,171,5.2,5.8
2016-07-04,172,,
2016-07-04,173,1,1.15
2016-07-04,174,,
2016-07-04,175,4,4.3
2016-07-04,176,4,5
2016-07-04,177,8,9
2016-07-04,178,7.25,7.35
2016-07-04,179,6.7,6.8
2016-07-04,180,6.2,6.3
2016-07-04,181,4.22,4.27
2016-07-04,182,4.52,4.57
2016-07-04,183,4.57,4.6
2016-07-04,184,5.25,5.35
2016-07-04,185,6.2,6.3
2016-07-04,186,7.75,8.05
2016-07-04,187,305,325
2016-07-04,188,300,310
2016-07-04,189,190,200
2016-07-04,190,1650,1700
2016-07-04,191,3.82,3.82
2016-07-04,192,2.83,2.83
2016-07-04,193,2.53,2.53
2016-07-04,194,2.26,2.26
2016-07-04,195,2.02,2.02
2016-07-04,196,1.69,1.69
2016-07-04,197,1.34,1.34
2016-07-04,198,1.43,1.43
2016-07-04,199,1.36,1.36
2016-07-04,202,,
2016-07-04,203,,
2016-07-04,204,,
2016-07-04,205,,
2016-07-04,206,,
2016-07-04,207,,
2016-07-04,208,,
2016-07-04,209,0.6,0.7
2016-07-04,210,,
2016-07-04,211,0.15,0.25
2016-07-04,212,,
2016-07-04,213,0.3,0.35
2016-07-04,214,,
2016-07-04,215,,
2016-07-04,216,,
2016-07-04,217,,
2016-07-04,218,,
2016-07-04,219,,
2016-07-04,220,0.3,0.4
2016-07-04,221,0.9,1.1
2016-07-04,222,,
2016-07-04,223,,
2016-07-04,224,1.5,1.7
2016-07-04,225,1.6,1.65
2016-07-04,226,,
2016-07-04,227,,
2016-07-04,228,,
2016-07-04,229,0.55,0.65
2016-07-04,230,,
2016-07-04,231,,
2016-07-04,232,0.4,0.5
2016-07-04,233,,
2016-07-04,234,,
2016-07-04,235,,
2016-07-04,236,0.8,0.9
2016-07-04,237,1.1,1.1
2016-07-04,238,0.35,0.45
2016-07-04,239,1.5,1.7
2016-07-04,240,1.5,1.7
2016-07-04,241,0.45,0.6
2016-07-04,242,0.45,0.55
2016-07-04,243,0.3,0.35
2016-07-04,244,,
2016-07-04,245,0.45,0.5
2016-07-04,246,,
2016-07-04,247,,
2016-07-04,248,,
2016-07-04,249,,
2016-07-04,250,,
2016-07-04,251,,
2016-07-04,252,2.8,3.2
2016-07-04,253,,
2016-07-04,254,,
2016-07-04,255,0.9,1
2016-07-04,256,0.6,0.7
2016-07-04,257,,
2016-07-04,258,0.45,0.55
2016-07-04,259,,
2016-07-04,260,,
2016-07-04,261,,
2016-07-04,262,,
2016-07-04,263,,
2016-07-04,264,,
2016-07-04,265,,
2016-07-04,266,,
2016-07-04,267,,
2016-07-04,268,,
2016-07-04,269,0.8,1
2016-07-04,270,,
2016-07-04,271,,
2016-07-04,272,,
2016-07-04,273,2.5,3
2016-07-04,274,,
2016-07-04,275,,
2016-07-04,276,,
2016-07-04,277,3.5,4
2016-07-04,278,,
2016-07-04,279,,
2016-07-04,280,,
2016-07-04,281,,
2016-07-04,282,,
2016-07-04,283,,
2016-07-04,284,,
2016-07-04,285,,
2016-07-04,286,0.5,0.6
2016-07-04,287,,
2016-07-04,288,,
2016-07-04,289,,
2016-07-04,290,,
2016-07-04,291,,
2016-07-04,292,,
2016-07-04,293,0.3,0.35
2016-07-04,294,0.45,0.5
2016-07-04,295,,
2016-07-04,296,,
2016-07-04,297,,
2016-07-04,298,,
2016-07-04,299,,
2016-07-04,300,,
2016-07-04,301,,
2016-07-04,302,,
2016-07-04,303,,
2016-07-04,304,,
2016-07-04,305,,
2016-07-04,306,,
2016-07-04,307,,
2016-07-04,308,,
2016-07-04,309,,
2016-07-04,310,,
2016-07-04,311,,
2016-07-04,312,,
2016-07-04,313,0.25,0.3
2016-07-04,314,0.4,0.45
2016-07-04,315,0.45,0.5
2016-07-04,316,,
2016-07-04,317,,
2016-07-04,318,,
2016-07-04,319,,
2016-07-04,320,,
2016-07-04,321,,
2016-07-04,322,,
2016-07-04,323,,
2016-07-04,615,8.5,9.5
2016-07-04,616,8,9
2016-07-04,619,3.4,3.6
2016-07-04,620,3.5,3.7
2016-07-08,324,0.9,0.92
2016-07-08,325,0.9,0.92
2016-07-08,326,0.9,0.92
2016-07-08,328,0.14,0.18
2016-07-08,329,0.05,0.07
2016-07-08,331,0.09,0.11
2016-07-08,332,,
2016-07-08,333,2.35,2.39
2016-07-08,334,2.35,2.39
2016-07-08,335,2.45,2.49
2016-07-08,336,,
2016-07-08,337,,
2016-07-08,338,1.2,1.22
2016-07-08,339,1.2,1.22
2016-07-08,340,,
2016-07-08,341,2.6,2.64
2016-07-08,342,2.7,2.74
2016-07-08,343,2.5,2.54
2016-07-08,344,12.1,12.1
2016-07-08,345,9.3,9.3
2016-07-08,346,8.4,8.4
2016-07-08,347,8,8
2016-07-08,348,1.65,1.75
2016-07-08,349,1.65,1.75
2016-07-08,350,1.95,2.05
2016-07-08,351,1.7,1.8
2016-07-08,352,3.7,3.8
2016-07-08,353,4.1,4.2
2016-07-08,354,1.3,1.4
2016-07-08,355,1.4,1.5
2016-07-08,356,1.4,1.5
2016-07-08,357,1.3,1.4
2016-07-08,358,3.85,3.95
2016-07-08,359,1.9,2
2016-07-08,360,1.9,2
2016-07-08,361,4.1,4.2
2016-07-08,362,5,5.1
2016-07-08,363,4.1,4.2
2016-07-08,364,1.4,1.5
2016-07-08,365,1.6,1.65
2016-07-08,366,4.95,5.05
2016-07-08,367,1.8,1.9
2016-07-08,368,1.3,1.4
2016-07-08,369,4.95,5.05
2016-07-08,370,1.6,1.7
2016-07-08,371,1.3,1.4
2016-07-08,372,3.3,3.4
2016-07-11,2,,
2016-07-11,3,,
2016-07-11,4,151,153
2016-07-11,5,148,151
2016-07-11,6,145,147
2016-07-11,7,,
2016-07-11,8,230,232
2016-07-11,9,167,168
2016-07-11,10,,
2016-07-11,11,,
2016-07-11,12,188,190
2016-07-11,13,,
2016-07-11,14,180,181
2016-07-11,15,188,189
2016-07-11,16,181,185
2016-07-11,17,,
2016-07-11,18,,
2016-07-11,19,142,147
2016-07-11,20,147,150
2016-07-11,21,155,156
2016-07-11,22,,
2016-07-11,23,400,405
2016-07-11,24,394,399
2016-07-11,25,229,231
2016-07-11,26,224,227
2016-07-11,27,435,436
2016-07-11,28,431,433
2016-07-11,29,417,418
2016-07-11,30,114,116
2016-07-11,31,118,120
2016-07-11,32,86,88
2016-07-11,33,122,124
2016-07-11,34,93,95
2016-07-11,35,162,164
2016-07-11,36,133,135
2016-07-11,37,104,105
2016-07-11,38,104,105
2016-07-11,39,276,277
2016-07-11,40,163,165
2016-07-11,41,810,815
2016-07-11,42,165,167
2016-07-11,43,163,165
2016-07-11,44,,
2016-07-11,45,,
2016-07-11,46,,
2016-07-11,47,188,189
2016-07-11,48,160,162
2016-07-11,49,,
2016-07-11,50,,
2016-07-11,51,390,490
2016-07-11,52,,
2016-07-11,53,1650,1750
2016-07-11,54,1160,1260
2016-07-11,55,275,305
2016-07-11,56,200,210
2016-07-11,57,174,180
2016-07-11,58,125,130
2016-07-11,59,106,108
2016-07-11,60,,
2016-07-11,61,,
2016-07-11,62,95,100
2016-07-11,63,115,120
2016-07-11,64,,
2016-07-11,65,,
2016-07-11,66,100,105
2016-07-11,67,125,130
2016-07-11,68,,
2016-07-11,69,40,45
2016-07-11,70,,
2016-07-11,71,70,75
2016-07-11,72,225,230
2016-07-11,73,384,385
2016-07-11,74,,
2016-07-11,75,390,400
2016-07-11,76,408,410
2016-07-11,77,423,425
2016-07-11,78,,
2016-07-11,79,,
2016-07-11,80,,
2016-07-11,81,295,300
2016-07-11,82,,
2016-07-11,83,910,930
2016-07-11,84,920,940
2016-07-11,85,760,765
2016-07-11,86,710,720
2016-07-11,87,695,700
2016-07-11,88,670,675
2016-07-11,89,1995,2005
2016-07-11,90,1030,1050
2016-07-11,91,1090,1110
2016-07-11,92,870,875
2016-07-11,93,805,815
2016-07-11,94,775,780
2016-07-11,95,755,760
2016-07-11,96,,
2016-07-11,97,,
2016-07-11,98,,
2016-07-11,99,,
2016-07-11,100,,
2016-07-11,101,10,11
2016-07-11,102,10.5,11.5
2016-07-11,103,3.7,4.3
2016-07-11,104,3.4,3.45
2016-07-11,105,3.33,3.62
2016-07-11,106,3.03,3.08
2016-07-11,107,1.6,1.65
2016-07-11,108,262,280
2016-07-11,109,,
2016-07-11,110,347,377
2016-07-11,111,,
2016-07-11,112,250,253
2016-07-11,113,,
2016-07-11,114,238,240
2016-07-11,115,227,230
2016-07-11,116,,
2016-07-11,117,430,433
2016-07-11,118,405,408
2016-07-11,119,,
2016-07-11,120,408,410
2016-07-11,121,500,505
2016-07-11,122,415,417
2016-07-11,123,500,505
2016-07-11,124,410,415
2016-07-11,125,,
2016-07-11,126,,
2016-07-11,127,200,205
2016-07-11,128,160,165
2016-07-11,129,,
2016-07-11,130,105,110
2016-07-11,131,1720,1725
2016-07-11,132,585,590
2016-07-11,133,560,565
2016-07-11,134,655,660
2016-07-11,135,,
2016-07-11,136,,
2016-07-11,139,7.5,8.5
2016-07-11,140,8,9
2016-07-11,147,1.5,1.7
2016-07-11,149,0.9,1.05
2016-07-11,150,0.93,1.06
2016-07-11,151,1,1.1
2016-07-11,152,,
2016-07-11,153,,
2016-07-11,154,3.1,3.2
2016-07-11,155,,
2016-07-11,156,6,6.5
2016-07-11,157,0.9,1.1
2016-07-11,158,,
2016-07-11,159,0.8,1
2016-07-11,160,,
2016-07-11,161,,
2016-07-11,162,,
2016-07-11,163,4.2,4.3
2016-07-11,164,5.2,5.8
2016-07-11,165,1.3,1.5
2016-07-11,166,3.9,4.5
2016-07-11,168,0.85,0.95
2016-07-11,169,5.9,6.3
2016-07-11,170,4.2,4.5
2016-07-11,171,5.2,5.8
2016-07-11,172,,
2016-07-11,173,1,1.15
2016-07-11,174,,
2016-07-11,175,4,4.3
2016-07-11,176,4,5
2016-07-11,177,8,9
2016-07-11,178,7.25,7.35
2016-07-11,179,6.7,6.8
2016-07-11,180,6.2,6.3
2016-07-11,181,4.22,4.27
2016-07-11,182,4.52,4.57
2016-07-11,183,4.57,4.6
2016-07-11,184,5.25,5.35
2016-07-11,185,6.2,6.3
2016-07-11,186,7.75,8.05
2016-07-11,187,325,338
2016-07-11,188,320,330
2016-07-11,189,200,210
2016-07-11,190,1650,1700
2016-07-11,191,3.82,3.82
2016-07-11,192,2.83,2.83
2016-07-11,193,2.53,2.53
2016-07-11,194,2.26,2.26
2016-07-11,195,2.02,2.02
2016-07-11,196,1.69,1.69
2016-07-11,197,1.36,1.36
2016-07-11,198,1.45,1.45
2016-07-11,199,1.38,1.38
2016-07-11,202,,
2016-07-11,203,,
2016-07-11,204,,
2016-07-11,205,,
2016-07-11,206,,
2016-07-11,207,,
2016-07-11,208,,
2016-07-11,209,0.6,0.7
2016-07-11,210,,
2016-07-11,211,0.15,0.25
2016-07-11,212,,
2016-07-11,213,0.35,0.4
2016-07-11,214,,
2016-07-11,215,,
2016-07-11,216,,
2016-07-11,217,,
2016-07-11,218,,
2016-07-11,219,,
2016-07-11,220,0.5,0.6
2016-07-11,221,1,1.2
2016-07-11,222,,
2016-07-11,223,,
2016-07-11,224,1.5,1.7
2016-07-11,225,1.6,1.65
2016-07-11,226,,
2016-07-11,227,,
2016-07-11,228,,
2016-07-11,229,0.7,0.8
2016-07-11,230,,
2016-07-11,231,,
2016-07-11,232,0.4,0.5
2016-07-11,233,,
2016-07-11,234,,
2016-07-11,235,,
2016-07-11,236,0.7,0.8
2016-07-11,237,0.9,1
2016-07-11,238,0.6,0.7
2016-07-11,239,1.5,1.7
2016-07-11,240,1.5,1.7
2016-07-11,241,0.5,0.6
2016-07-11,242,0.45,0.55
2016-07-11,243,0.3,0.35
2016-07-11,244,,
2016-07-11,245,0.45,0.5
2016-07-11,246,,
2016-07-11,247,,
2016-07-11,248,,
2016-07-11,249,,
2016-07-11,250,,
2016-07-11,251,,
2016-07-11,252,3.2,3.5
2016-07-11,253,,
2016-07-11,254,,
2016-07-11,255,,
2016-07-11,256,0.6,0.7
2016-07-11,257,,
2016-07-11,258,0.3,0.4
2016-07-11,259,,
2016-07-11,260,,
2016-07-11,261,,
2016-07-11,262,,
2016-07-11,263,,
2016-07-11,264,,
2016-07-11,265,,
2016-07-11,266,,
2016-07-11,267,,
2016-07-11,268,,
2016-07-11,269,,
2016-07-11,270,,
2016-07-11,271,,
2016-07-11,272,,
2016-07-11,273,2,3
2016-07-11,274,,
2016-07-11,275,,
2016-07-11,276,,
2016-07-11,277,3.5,4
2016-07-11,278,,
2016-07-11,279,,
2016-07-11,280,,
2016-07-11,281,,
2016-07-11,282,,
2016-07-11,283,,
2016-07-11,284,,
2016-07-11,285,,
2016-07-11,286,,
2016-07-11,287,,
2016-07-11,288,,
2016-07-11,289,,
2016-07-11,290,,
2016-07-11,291,,
2016-07-11,292,,
2016-07-11,293,0.3,0.35
2016-07-11,294,0.45,0.5
2016-07-11,295,0.5,0.6
2016-07-11,296,,
2016-07-11,297,,
2016-07-11,298,,
2016-07-11,299,,
2016-07-11,300,,
2016-07-11,301,,
2016-07-11,302,,
2016-07-11,303,,
2016-07-11,304,,
2016-07-11,305,,
2016-07-11,306,,
2016-07-11,307,,
2016-07-11,308,,
2016-07-11,309,,
2016-07-11,310,,
2016-07-11,311,,
2016-07-11,312,,
2016-07-11,313,0.25,0.3
2016-07-11,314,0.4,0.45
2016-07-11,315,0.45,0.5
2016-07-11,316,,
2016-07-11,317,,
2016-07-11,318,,
2016-07-11,319,,
2016-07-11,320,,
2016-07-11,321,,
2016-07-11,322,,
2016-07-11,323,,
2016-07-11,615,8.5,9.5
2016-07-11,616,8,9
2016-07-11,619,3.4,3.6
2016-07-11,620,3.5,3.7
2016-07-15,324,0.82,0.84
2016-07-15,325,0.82,0.84
2016-07-15,326,0.82,0.84
2016-07-15,328,0.1,0.12
2016-07-15,329,0.03,0.05
2016-07-15,331,0.06,0.08
2016-07-15,332,,
2016-07-15,333,2.35,2.39
2016-07-15,334,2.35,2.39
2016-07-15,335,2.35,2.39
2016-07-15,336,,
2016-07-15,337,,
2016-07-15,338,1.2,1.22
2016-07-15,339,1.2,1.22
2016-07-15,340,,
2016-07-15,341,2.55,2.59
2016-07-15,342,2.65,2.69
2016-07-15,343,2.45,2.49
2016-07-15,344,12.1,12.1
2016-07-15,345,9.3,9.3
2016-07-15,346,8.4,8.4
2016-07-15,347,8,8
2016-07-15,348,1.5,1.6
2016-07-15,349,1.5,1.6
2016-07-15,350,1.85,1.95
2016-07-15,351,1.55,1.65
2016-07-15,352,3.6,3.7
2016-07-15,353,4,4.1
2016-07-15,354,1.2,1.3
2016-07-15,355,1.3,1.4
2016-07-15,356,1.3,1.4
2016-07-15,357,1.2,1.3
2016-07-15,358,3.7,3.8
2016-07-15,359,1.9,2
2016-07-15,360,1.9,2
2016-07-15,361,4.1,4.2
2016-07-15,362,5,5.1
2016-07-15,363,3.8,3.9
2016-07-15,364,1.3,1.4
2016-07-15,365,1.6,1.65
2016-07-15,366,4.8,5
2016-07-15,367,1.8,1.9
2016-07-15,368,1.3,1.4
2016-07-15,369,4.8,5
2016-07-15,370,1.5,1.6
2016-07-15,371,1.3,1.4
2016-07-15,372,3.1,3.2
2016-07-18,2,,
2016-07-18,3,,
2016-07-18,4,151,153
2016-07-18,5,147,150
2016-07-18,6,144,146
2016-07-18,7,,
2016-07-18,8,233,235
2016-07-18,9,162,163
2016-07-18,10,160,162
2016-07-18,11,,
2016-07-18,12,190,192
2016-07-18,13,,
2016-07-18,14,180,182
2016-07-18,15,190,192
2016-07-18,16,180,185
2016-07-18,17,,
2016-07-18,18,,
2016-07-18,19,140,145
2016-07-18,20,147,150
2016-07-18,21,155,156
2016-07-18,22,,
2016-07-18,23,400,405
2016-07-18,24,394,399
2016-07-18,25,229,231
2016-07-18,26,224,227
2016-07-18,27,435,436
2016-07-18,28,431,433
2016-07-18,29,417,418
2016-07-18,30,119,121
2016-07-18,31,123,125
2016-07-18,32,91,93
2016-07-18,33,127,129
2016-07-18,34,98,100
2016-07-18,35,167,169
2016-07-18,36,138,140
2016-07-18,37,109,110
2016-07-18,38,109,110
2016-07-18,39,276,277
2016-07-18,40,163,165
2016-07-18,41,810,815
2016-07-18,42,165,167
2016-07-18,43,163,165
2016-07-18,44,,
2016-07-18,45,,
2016-07-18,46,,
2016-07-18,47,188,189
2016-07-18,48,160,162
2016-07-18,49,,
2016-07-18,50,,
2016-07-18,51,390,490
2016-07-18,52,,
2016-07-18,53,1650,1750
2016-07-18,54,1160,1260
2016-07-18,55,275,305
2016-07-18,56,200,210
2016-07-18,57,174,180
2016-07-18,58,125,130
2016-07-18,59,106,108
2016-07-18,60,,
2016-07-18,61,,
2016-07-18,62,95,100
2016-07-18,63,115,120
2016-07-18,64,,
2016-07-18,65,,
2016-07-18,66,100,105
2016-07-18,67,125,130
2016-07-18,68,,
2016-07-18,69,40,45
2016-07-18,70,,
2016-07-18,71,70,75
2016-07-18,72,220,225
2016-07-18,73,386,387
2016-07-18,74,,
2016-07-18,75,385,395
2016-07-18,76,405,407
2016-07-18,77,405,407
2016-07-18,78,,
2016-07-18,79,,
2016-07-18,80,,
2016-07-18,81,295,300
2016-07-18,82,,
2016-07-18,83,900,910
2016-07-18,84,920,940
2016-07-18,85,750,755
2016-07-18,86,700,710
2016-07-18,87,695,700
2016-07-18,88,670,675
2016-07-18,89,2020,2030
2016-07-18,90,1030,1050
2016-07-18,91,1090,1110
2016-07-18,92,880,885
2016-07-18,93,795,805
2016-07-18,94,795,800
2016-07-18,95,785,790
2016-07-18,96,,
2016-07-18,97,,
2016-07-18,98,,
2016-07-18,99,,
2016-07-18,100,,
2016-07-18,101,10,11
2016-07-18,102,10.5,11.5
2016-07-18,103,3.7,4.3
2016-07-18,104,3.4,3.55
2016-07-18,105,3.33,3.62
2016-07-18,106,3.08,3.13
2016-07-18,107,1.55,1.6
2016-07-18,108,260,278
2016-07-18,109,,
2016-07-18,110,342,372
2016-07-18,111,240,245
2016-07-18,112,245,248
2016-07-18,113,,
2016-07-18,114,233,235
2016-07-18,115,227,230
2016-07-18,116,,
2016-07-18,117,415,418
2016-07-18,118,390,393
2016-07-18,119,,
2016-07-18,120,388,390
2016-07-18,121,485,490
2016-07-18,122,400,402
2016-07-18,123,485,490
2016-07-18,124,395,400
2016-07-18,125,,
2016-07-18,126,,
2016-07-18,127,200,205
2016-07-18,128,160,165
2016-07-18,129,,
2016-07-18,130,105,110
2016-07-18,131,1720,1725
2016-07-18,132,585,590
2016-07-18,133,560,565
2016-07-18,134,655,660
2016-07-18,135,,
2016-07-18,136,,
2016-07-18,139,7.5,8.5
2016-07-18,140,8,9
2016-07-18,147,1.5,1.7
2016-07-18,149,0.9,1.05
2016-07-18,150,0.93,1.06
2016-07-18,151,1,1.1
2016-07-18,152,,
2016-07-18,153,,
2016-07-18,154,3.1,3.2
2016-07-18,155,,
2016-07-18,156,6,6.5
2016-07-18,157,0.9,1.1
2016-07-18,158,,
2016-07-18,159,0.8,1
2016-07-18,160,,
2016-07-18,161,,
2016-07-18,162,,
2016-07-18,163,,
2016-07-18,164,5.2,5.8
2016-07-18,165,1.3,1.5
2016-07-18,166,3.9,4.5
2016-07-18,168,0.85,0.95
2016-07-18,169,5.9,6.3
2016-07-18,170,4.2,4.5
2016-07-18,171,5.2,5.8
2016-07-18,172,,
2016-07-18,173,1,1.15
2016-07-18,174,,
2016-07-18,175,4,4.3
2016-07-18,176,4,5
2016-07-18,177,8,9
2016-07-18,178,7.25,7.35
2016-07-18,179,6.7,6.8
2016-07-18,180,6.2,6.3
2016-07-18,181,4.22,4.27
2016-07-18,182,4.52,4.57
2016-07-18,183,4.57,4.6
2016-07-18,184,5.25,5.35
2016-07-18,185,6.2,6.3
2016-07-18,186,7.75,8.05
2016-07-18,187,335,348
2016-07-18,188,330,340
2016-07-18,189,200,210
2016-07-18,190,1700,1750
2016-07-18,191,3.82,3.82
2016-07-18,192,2.83,2.83
2016-07-18,193,2.53,2.53
2016-07-18,194,2.26,2.26
2016-07-18,195,2.02,2.02
2016-07-18,196,1.69,1.69
2016-07-18,197,1.41,1.41
2016-07-18,198,1.48,1.48
2016-07-18,199,1.43,1.43
2016-07-18,202,,
2016-07-18,203,,
2016-07-18,204,,
2016-07-18,205,,
2016-07-18,206,,
2016-07-18,207,,
2016-07-18,208,,
2016-07-18,209,0.6,0.7
2016-07-18,210,,
2016-07-18,211,0.15,0.25
2016-07-18,212,,
2016-07-18,213,0.35,0.4
2016-07-18,214,,
2016-07-18,215,,
2016-07-18,216,,
2016-07-18,217,,
2016-07-18,218,,
2016-07-18,219,,
2016-07-18,220,0.55,0.65
2016-07-18,221,1.2,1.3
2016-07-18,222,4,4.5
2016-07-18,223,,
2016-07-18,224,,
2016-07-18,225,1.6,1.65
2016-07-18,226,,
2016-07-18,227,,
2016-07-18,228,,
2016-07-18,229,0.7,0.8
2016-07-18,230,,
2016-07-18,231,,
2016-07-18,232,0.45,0.5
2016-07-18,233,0.25,0.3
2016-07-18,234,,
2016-07-18,235,,
2016-07-18,236,0.65,0.75
2016-07-18,237,0.8,0.9
2016-07-18,238,0.6,0.7
2016-07-18,239,1.5,1.7
2016-07-18,240,1.5,1.7
2016-07-18,241,0.6,0.7
2016-07-18,242,0.5,0.6
2016-07-18,243,0.45,0.55
2016-07-18,244,,
2016-07-18,245,0.6,0.7
2016-07-18,246,,
2016-07-18,247,,
2016-07-18,248,,
2016-07-18,249,,
2016-07-18,250,,
2016-07-18,251,,
2016-07-18,252,3.5,3.7
2016-07-18,253,,
2016-07-18,254,,
2016-07-18,255,,
2016-07-18,256,0.6,0.7
2016-07-18,257,,
2016-07-18,258,0.4,0.5
2016-07-18,259,,
2016-07-18,260,,
2016-07-18,261,,
2016-07-18,262,,
2016-07-18,263,,
2016-07-18,264,,
2016-07-18,265,,
2016-07-18,266,,
2016-07-18,267,,
2016-07-18,268,,
2016-07-18,269,,
2016-07-18,270,,
2016-07-18,271,,
2016-07-18,272,,
2016-07-18,273,,
2016-07-18,274,,
2016-07-18,275,,
2016-07-18,276,,
2016-07-18,277,3.5,4
2016-07-18,278,,
2016-07-18,279,,
2016-07-18,280,,
2016-07-18,281,,
2016-07-18,282,,
2016-07-18,283,,
2016-07-18,284,,
2016-07-18,285,,
2016-07-18,286,,
2016-07-18,287,,
2016-07-18,288,,
2016-07-18,289,0.35,0.4
2016-07-18,290,0.4,0.5
2016-07-18,291,,
2016-07-18,292,,
2016-07-18,293,0.3,0.35
2016-07-18,294,0.45,0.5
2016-07-18,295,0.5,0.6
2016-07-18,296,,
2016-07-18,297,,
2016-07-18,298,,
2016-07-18,299,,
2016-07-18,300,,
2016-07-18,301,,
2016-07-18,302,,
2016-07-18,303,,
2016-07-18,304,,
2016-07-18,305,,
2016-07-18,306,,
2016-07-18,307,,
2016-07-18,308,,
2016-07-18,309,,
2016-07-18,310,,
2016-07-18,311,,
2016-07-18,312,,
2016-07-18,313,0.25,0.3
2016-07-18,314,0.35,0.4
2016-07-18,315,0.45,0.5
2016-07-18,316,,
2016-07-18,317,,
2016-07-18,318,,
2016-07-18,319,,
2016-07-18,320,,
2016-07-18,321,,
2016-07-18,322,,
2016-07-18,323,,
2016-07-18,615,8.5,9.5
2016-07-18,616,8,9
2016-07-18,619,3.4,3.6
2016-07-18,620,3.5,3.7
2016-07-22,324,0.82,0.84
2016-07-22,325,0.82,0.84
2016-07-22,326,0.82,0.84
2016-07-22,328,0.1,0.12
2016-07-22,329,0.03,0.05
2016-07-22,331,0.06,0.08
2016-07-22,332,,
2016-07-22,333,2.35,2.39
2016-07-22,334,2.35,2.39
2016-07-22,335,2.35,2.39
2016-07-22,336,,
2016-07-22,337,,
2016-07-22,338,1.2,1.22
2016-07-22,339,1.2,1.22
2016-07-22,340,,
2016-07-22,341,2.55,2.59
2016-07-22,342,2.65,2.69
2016-07-22,343,2.45,2.49
2016-07-22,344,11.9,11.9
2016-07-22,345,9.1,9.1
2016-07-22,346,8.2,8.2
2016-07-22,347,7.8,7.8
2016-07-22,348,1.5,1.6
2016-07-22,349,1.5,1.6
2016-07-22,350,1.85,1.95
2016-07-22,351,1.55,1.65
2016-07-22,352,3.6,3.7
2016-07-22,353,4,4.1
2016-07-22,354,1.2,1.3
2016-07-22,355,1.3,1.4
2016-07-22,356,1.3,1.4
2016-07-22,357,1.2,1.3
2016-07-22,358,3.7,3.8
2016-07-22,359,1.9,2
2016-07-22,360,1.9,2
2016-07-22,361,4.1,4.2
2016-07-22,362,5,5.1
2016-07-22,363,3.8,3.9
2016-07-22,364,1.3,1.4
2016-07-22,365,1.6,1.65
2016-07-22,366,4.8,5
2016-07-22,367,1.8,1.9
2016-07-22,368,1.3,1.4
2016-07-22,369,4.8,5
2016-07-22,370,1.5,1.6
2016-07-22,371,1.3,1.4
2016-07-22,372,3.1,3.2
2016-07-25,2,,
2016-07-25,3,,
2016-07-25,4,151,153
2016-07-25,5,147,150
2016-07-25,6,144,146
2016-07-25,7,,
2016-07-25,8,233,235
2016-07-25,9,160,161
2016-07-25,10,160,162
2016-07-25,11,,
2016-07-25,12,190,192
2016-07-25,13,,
2016-07-25,14,179,181
2016-07-25,15,189,191
2016-07-25,16,180,183
2016-07-25,17,,
2016-07-25,18,,
2016-07-25,19,140,145
2016-07-25,20,147,150
2016-07-25,21,155,156
2016-07-25,22,,
2016-07-25,23,400,405
2016-07-25,24,394,399
2016-07-25,25,229,231
2016-07-25,26,224,227
2016-07-25,27,435,436
2016-07-25,28,431,433
2016-07-25,29,417,418
2016-07-25,30,138,140
2016-07-25,31,142,144
2016-07-25,32,110,112
2016-07-25,33,146,148
2016-07-25,34,117,119
2016-07-25,35,177,179
2016-07-25,36,148,150
2016-07-25,37,119,120
2016-07-25,38,119,120
2016-07-25,39,276,277
2016-07-25,40,158,160
2016-07-25,41,810,815
2016-07-25,42,165,167
2016-07-25,43,163,165
2016-07-25,44,,
2016-07-25,45,,
2016-07-25,46,,
2016-07-25,47,186,187
2016-07-25,48,160,162
2016-07-25,49,,
2016-07-25,50,,
2016-07-25,51,390,490
2016-07-25,52,,
2016-07-25,53,1650,1750
2016-07-25,54,1160,1260
2016-07-25,55,280,310
2016-07-25,56,200,210
2016-07-25,57,174,180
2016-07-25,58,125,130
2016-07-25,59,106,108
2016-07-25,60,,
2016-07-25,61,,
2016-07-25,62,95,100
2016-07-25,63,115,120
2016-07-25,64,,
2016-07-25,65,,
2016-07-25,66,100,105
2016-07-25,67,125,130
2016-07-25,68,,
2016-07-25,69,40,45
2016-07-25,70,,
2016-07-25,71,70,75
2016-07-25,72,215,225
2016-07-25,73,371,372
2016-07-25,74,,
2016-07-25,75,370,380
2016-07-25,76,390,392
2016-07-25,77,390,392
2016-07-25,78,,
2016-07-25,79,,
2016-07-25,80,,
2016-07-25,81,295,300
2016-07-25,82,,
2016-07-25,83,900,910
2016-07-25,84,920,940
2016-07-25,85,740,745
2016-07-25,86,700,710
2016-07-25,87,700,705
2016-07-25,88,675,680
2016-07-25,89,2020,2030
2016-07-25,90,1030,1050
2016-07-25,91,1090,1110
2016-07-25,92,870,875
2016-07-25,93,795,805
2016-07-25,94,800,805
2016-07-25,95,790,795
2016-07-25,96,,
2016-07-25,97,,
2016-07-25,98,,
2016-07-25,99,,
2016-07-25,100,,
2016-07-25,101,10,11
2016-07-25,102,10.5,11.5
2016-07-25,103,3.7,4.3
2016-07-25,104,3.4,3.55
2016-07-25,105,3.33,3.62
2016-07-25,106,3.08,3.13
2016-07-25,107,1.55,1.6
2016-07-25,108,260,278
2016-07-25,109,,
2016-07-25,110,342,372
2016-07-25,111,240,245
2016-07-25,112,245,248
2016-07-25,113,,
2016-07-25,114,228,230
2016-07-25,115,220,223
2016-07-25,116,,
2016-07-25,117,405,408
2016-07-25,118,375,378
2016-07-25,119,,
2016-07-25,120,370,372
2016-07-25,121,475,480
2016-07-25,122,385,387
2016-07-25,123,470,475
2016-07-25,124,380,385
2016-07-25,125,,
2016-07-25,126,,
2016-07-25,127,200,205
2016-07-25,128,160,165
2016-07-25,129,,
2016-07-25,130,105,110
2016-07-25,131,1720,1725
2016-07-25,132,590,595
2016-07-25,133,565,570
2016-07-25,134,665,670
2016-07-25,135,,
2016-07-25,136,,
2016-07-25,139,7.5,8.5
2016-07-25,140,8,9
2016-07-25,147,1.5,1.7
2016-07-25,149,0.9,1.05
2016-07-25,150,0.93,1.06
2016-07-25,151,1,1.1
2016-07-25,152,,
2016-07-25,153,,
2016-07-25,154,3.1,3.2
2016-07-25,155,,
2016-07-25,156,6,6.5
2016-07-25,157,0.9,1.1
2016-07-25,158,,
2016-07-25,159,0.8,1
2016-07-25,160,,
2016-07-25,161,,
2016-07-25,162,,
2016-07-25,163,,
2016-07-25,164,5.2,5.8
2016-07-25,165,1.3,1.5
2016-07-25,166,3.9,4.5
2016-07-25,168,0.85,0.95
2016-07-25,169,5.9,6.3
2016-07-25,170,4.2,4.5
2016-07-25,171,5.2,5.8
2016-07-25,172,,
2016-07-25,173,1,1.15
2016-07-25,174,,
2016-07-25,175,4,4.3
2016-07-25,176,4,5
2016-07-25,177,8,9
2016-07-25,178,7.25,7.35
2016-07-25,179,6.7,6.8
2016-07-25,180,6.2,6.3
2016-07-25,181,4.22,4.27
2016-07-25,182,4.52,4.57
2016-07-25,183,4.57,4.6
2016-07-25,184,5.25,5.35
2016-07-25,185,6.2,6.3
2016-07-25,186,7.75,8.05
2016-07-25,187,335,350
2016-07-25,188,330,340
2016-07-25,189,180,190
2016-07-25,190,1680,1730
2016-07-25,191,3.82,3.82
2016-07-25,192,2.83,2.83
2016-07-25,193,2.53,2.53
2016-07-25,194,2.26,2.26
2016-07-25,195,2.02,2.02
2016-07-25,196,1.69,1.69
2016-07-25,197,1.47,1.47
2016-07-25,198,1.55,1.55
2016-07-25,199,1.49,1.49
2016-07-25,202,,
2016-07-25,203,,
2016-07-25,204,,
2016-07-25,205,,
2016-07-25,206,,
2016-07-25,207,,
2016-07-25,208,,
2016-07-25,209,,
2016-07-25,210,,
2016-07-25,211,0.15,0.25
2016-07-25,212,,
2016-07-25,213,0.35,0.4
2016-07-25,214,,
2016-07-25,215,,
2016-07-25,216,,
2016-07-25,217,,
2016-07-25,218,,
2016-07-25,219,,
2016-07-25,220,0.8,1
2016-07-25,221,1.7,2
2016-07-25,222,4,4.5
2016-07-25,223,,
2016-07-25,224,,
2016-07-25,225,1.6,1.65
2016-07-25,226,,
2016-07-25,227,,
2016-07-25,228,,
2016-07-25,229,0.7,0.8
2016-07-25,230,,
2016-07-25,231,,
2016-07-25,232,0.45,0.5
2016-07-25,233,0.25,0.3
2016-07-25,234,,
2016-07-25,235,,
2016-07-25,236,0.5,0.6
2016-07-25,237,0.5,0.6
2016-07-25,238,0.45,0.5
2016-07-25,239,1.5,1.7
2016-07-25,240,1.2,1.5
2016-07-25,241,0.6,0.7
2016-07-25,242,0.7,0.8
2016-07-25,243,0.45,0.55
2016-07-25,244,,
2016-07-25,245,0.7,0.8
2016-07-25,246,,
2016-07-25,247,,
2016-07-25,248,,
2016-07-25,249,,
2016-07-25,250,,
2016-07-25,251,,
2016-07-25,252,3.5,3.7
2016-07-25,253,,
2016-07-25,254,,
2016-07-25,255,,
2016-07-25,256,0.6,0.7
2016-07-25,257,,
2016-07-25,258,0.8,0.9
2016-07-25,259,,
2016-07-25,260,,
2016-07-25,261,,
2016-07-25,262,,
2016-07-25,263,,
2016-07-25,264,,
2016-07-25,265,,
2016-07-25,266,,
2016-07-25,267,,
2016-07-25,268,,
2016-07-25,269,,
2016-07-25,270,,
2016-07-25,271,,
2016-07-25,272,,
2016-07-25,273,,
2016-07-25,274,,
2016-07-25,275,,
2016-07-25,276,,
2016-07-25,277,2,3
2016-07-25,278,,
2016-07-25,279,,
2016-07-25,280,,
2016-07-25,281,,
2016-07-25,282,,
2016-07-25,283,,
2016-07-25,284,,
2016-07-25,285,,
2016-07-25,286,,
2016-07-25,287,,
2016-07-25,288,,
2016-07-25,289,0.35,0.4
2016-07-25,290,0.4,0.5
2016-07-25,291,,
2016-07-25,292,,
2016-07-25,293,0.3,0.35
2016-07-25,294,0.45,0.5
2016-07-25,295,0.5,0.6
2016-07-25,296,,
2016-07-25,297,,
2016-07-25,298,,
2016-07-25,299,,
2016-07-25,300,,
2016-07-25,301,,
2016-07-25,302,,
2016-07-25,303,,
2016-07-25,304,,
2016-07-25,305,,
2016-07-25,306,,
2016-07-25,307,,
2016-07-25,308,,
2016-07-25,309,,
2016-07-25,310,,
2016-07-25,311,,
2016-07-25,312,,
2016-07-25,313,0.25,0.3
2016-07-25,314,0.35,0.4
2016-07-25,315,0.45,0.5
2016-07-25,316,,
2016-07-25,317,,
2016-07-25,318,,
2016-07-25,319,,
2016-07-25,320,,
2016-07-25,321,,
2016-07-25,322,,
2016-07-25,323,,
2016-07-25,615,8.5,9.5
2016-07-25,616,8,9
2016-07-25,619,3.4,3.6
2016-07-25,620,3.5,3.7
2016-07-29,324,0.82,0.84
2016-07-29,325,0.82,0.84
2016-07-29,326,0.82,0.84
2016-07-29,328,0.1,0.12
2016-07-29,329,0.03,0.05
2016-07-29,331,0.06,0.08
2016-07-29,332,,
2016-07-29,333,2.35,2.39
2016-07-29,334,2.35,2.39
2016-07-29,335,2.35,2.39
2016-07-29,336,,
2016-07-29,337,,
2016-07-29,338,1.2,1.22
2016-07-29,339,1.2,1.22
2016-07-29,340,,
2016-07-29,341,2.55,2.59
2016-07-29,342,2.65,2.69
2016-07-29,343,2.45,2.49
2016-07-29,344,11.7,11.7
2016-07-29,345,8.9,8.9
2016-07-29,346,8,8
2016-07-29,347,7.6,7.6
2016-07-29,348,1.5,1.6
2016-07-29,349,1.5,1.6
2016-07-29,350,1.85,1.95
2016-07-29,351,1.55,1.65
2016-07-29,352,3.6,3.7
2016-07-29,353,4,4.1
2016-07-29,354,1.2,1.3
2016-07-29,355,1.3,1.4
2016-07-29,356,1.3,1.4
2016-07-29,357,1.2,1.3
2016-07-29,358,3.7,3.8
2016-07-29,359,1.9,2
2016-07-29,360,1.9,2
2016-07-29,361,4.1,4.2
2016-07-29,362,5,5.1
2016-07-29,363,3.8,3.9
2016-07-29,364,1.3,1.4
2016-07-29,365,1.6,1.65
2016-07-29,366,4.8,5
2016-07-29,367,1.8,1.9
2016-07-29,368,1.3,1.4
2016-07-29,369,4.8,5
2016-07-29,370,1.5,1.6
2016-07-29,371,1.3,1.4
2016-07-29,372,3,3.1
2016-08-01,2,,
2016-08-01,3,,
2016-08-01,4,151,153
2016-08-01,5,147,150
2016-08-01,6,144,146
2016-08-01,7,,
2016-08-01,8,230,232
2016-08-01,9,160,161
2016-08-01,10,158,160
2016-08-01,11,,
2016-08-01,12,190,192
2016-08-01,13,,
2016-08-01,14,179,180
2016-08-01,15,189,191
2016-08-01,16,178,183
2016-08-01,17,,
2016-08-01,18,,
2016-08-01,19,140,145
2016-08-01,20,147,150
2016-08-01,21,155,156
2016-08-01,22,,
2016-08-01,23,400,405
2016-08-01,24,394,399
2016-08-01,25,229,231
2016-08-01,26,224,227
2016-08-01,27,435,436
2016-08-01,28,431,433
2016-08-01,29,417,418
2016-08-01,30,146,148
2016-08-01,31,150,152
2016-08-01,32,118,120
2016-08-01,33,154,156
2016-08-01,34,125,127
2016-08-01,35,182,184
2016-08-01,36,153,155
2016-08-01,37,127,128
2016-08-01,38,127,128
2016-08-01,39,276,277
2016-08-01,40,155,157
2016-08-01,41,820,825
2016-08-01,42,165,167
2016-08-01,43,163,165
2016-08-01,44,,
2016-08-01,45,,
2016-08-01,46,,
2016-08-01,47,185,186
2016-08-01,48,160,162
2016-08-01,49,,
2016-08-01,50,,
2016-08-01,51,390,490
2016-08-01,52,,
2016-08-01,53,1650,1750
2016-08-01,54,1160,1260
2016-08-01,55,280,310
2016-08-01,56,200,210
2016-08-01,57,174,180
2016-08-01,58,125,130
2016-08-01,59,106,108
2016-08-01,60,,
2016-08-01,61,,
2016-08-01,62,95,100
2016-08-01,63,115,120
2016-08-01,64,,
2016-08-01,65,,
2016-08-01,66,100,105
2016-08-01,67,125,130
2016-08-01,68,,
2016-08-01,69,40,45
2016-08-01,70,,
2016-08-01,71,70,75
2016-08-01,72,210,215
2016-08-01,73,364,365
2016-08-01,74,,
2016-08-01,75,360,370
2016-08-01,76,380,382
2016-08-01,77,380,382
2016-08-01,78,,
2016-08-01,79,,
2016-08-01,80,,
2016-08-01,81,295,300
2016-08-01,82,,
2016-08-01,83,900,910
2016-08-01,84,920,940
2016-08-01,85,740,745
2016-08-01,86,690,700
2016-08-01,87,690,695
2016-08-01,88,665,670
2016-08-01,89,1990,2000
2016-08-01,90,1030,1050
2016-08-01,91,1090,1110
2016-08-01,92,870,875
2016-08-01,93,785,795
2016-08-01,94,790,795
2016-08-01,95,780,785
2016-08-01,96,,
2016-08-01,97,,
2016-08-01,98,,
2016-08-01,99,,
2016-08-01,100,,
2016-08-01,101,10,11
2016-08-01,102,10.5,11.5
2016-08-01,103,3.7,4.3
2016-08-01,104,3.4,3.6
2016-08-01,105,3.33,3.67
2016-08-01,106,3.18,3.23
2016-08-01,107,1.55,1.6
2016-08-01,108,260,278
2016-08-01,109,,
2016-08-01,110,342,367
2016-08-01,111,240,245
2016-08-01,112,240,243
2016-08-01,113,,
2016-08-01,114,223,225
2016-08-01,115,190,193
2016-08-01,116,,
2016-08-01,117,395,398
2016-08-01,118,370,373
2016-08-01,119,,
2016-08-01,120,365,367
2016-08-01,121,460,465
2016-08-01,122,378,380
2016-08-01,123,455,460
2016-08-01,124,375,380
2016-08-01,125,,
2016-08-01,126,,
2016-08-01,127,200,205
2016-08-01,128,160,165
2016-08-01,129,,
2016-08-01,130,105,110
2016-08-01,131,1710,1715
2016-08-01,132,595,600
2016-08-01,133,565,570
2016-08-01,134,665,670
2016-08-01,135,,
2016-08-01,136,,
2016-08-01,139,7.5,8.5
2016-08-01,140,8,9
2016-08-01,147,1.5,1.7
2016-08-01,149,0.9,1.05
2016-08-01,150,0.93,1.06
2016-08-01,151,1,1.1
2016-08-01,152,,
2016-08-01,153,,
2016-08-01,154,3.1,3.2
2016-08-01,155,,
2016-08-01,156,6,6.5
2016-08-01,157,0.9,1.1
2016-08-01,158,,
2016-08-01,159,0.8,1
2016-08-01,160,,
2016-08-01,161,,
2016-08-01,162,,
2016-08-01,163,,
2016-08-01,164,5.2,5.8
2016-08-01,165,1.3,1.5
2016-08-01,166,3.9,4.5
2016-08-01,168,0.85,0.95
2016-08-01,169,5.9,6.3
2016-08-01,170,4.2,4.5
2016-08-01,171,5.2,5.8
2016-08-01,172,,
2016-08-01,173,1,1.15
2016-08-01,174,,
2016-08-01,175,4,4.3
2016-08-01,176,4,5
2016-08-01,177,8,9
2016-08-01,178,7.25,7.35
2016-08-01,179,6.7,6.8
2016-08-01,180,6.2,6.3
2016-08-01,181,4.22,4.27
2016-08-01,182,4.52,4.57
2016-08-01,183,4.57,4.6
2016-08-01,184,5.25,5.35
2016-08-01,185,6.2,6.3
2016-08-01,186,7.75,8.05
2016-08-01,187,330,340
2016-08-01,188,320,330
2016-08-01,189,170,175
2016-08-01,190,1680,1730
2016-08-01,191,3.82,3.82
2016-08-01,192,2.83,2.83
2016-08-01,193,2.53,2.53
2016-08-01,194,2.26,2.26
2016-08-01,195,2.02,2.02
2016-08-01,196,1.69,1.69
2016-08-01,197,1.53,1.53
2016-08-01,198,1.6,1.6
2016-08-01,199,1.55,1.55
2016-08-01,202,,
2016-08-01,203,,
2016-08-01,204,,
2016-08-01,205,,
2016-08-01,206,,
2016-08-01,207,,
2016-08-01,208,,
2016-08-01,209,,
2016-08-01,210,,
2016-08-01,211,0.2,0.25
2016-08-01,212,,
2016-08-01,213,0.35,0.4
2016-08-01,214,,
2016-08-01,215,,
2016-08-01,216,,
2016-08-01,217,,
2016-08-01,218,,
2016-08-01,219,,
2016-08-01,220,1.1,1.2
2016-08-01,221,1.9,2
2016-08-01,222,4,4.5
2016-08-01,223,,
2016-08-01,224,3.5,4
2016-08-01,225,1.6,1.65
2016-08-01,226,,
2016-08-01,227,,
2016-08-01,228,,
2016-08-01,229,0.6,0.65
2016-08-01,230,,
2016-08-01,231,,
2016-08-01,232,0.45,0.5
2016-08-01,233,0.25,0.3
2016-08-01,234,,
2016-08-01,235,,
2016-08-01,236,0.55,0.65
2016-08-01,237,0.55,0.65
2016-08-01,238,0.45,0.55
2016-08-01,239,1.5,1.7
2016-08-01,240,1.2,1.5
2016-08-01,241,0.55,0.65
2016-08-01,242,0.6,0.65
2016-08-01,243,0.45,0.55
2016-08-01,244,,
2016-08-01,245,0.65,0.75
2016-08-01,246,,
2016-08-01,247,,
2016-08-01,248,,
2016-08-01,249,,
2016-08-01,250,,
2016-08-01,251,,
2016-08-01,252,3.4,3.6
2016-08-01,253,0.9,1
2016-08-01,254,,
2016-08-01,255,,
2016-08-01,256,0.4,0.5
2016-08-01,257,,
2016-08-01,258,0.75,0.85
2016-08-01,259,,
2016-08-01,260,,
2016-08-01,261,,
2016-08-01,262,,
2016-08-01,263,,
2016-08-01,264,,
2016-08-01,265,,
2016-08-01,266,,
2016-08-01,267,,
2016-08-01,268,,
2016-08-01,269,,
2016-08-01,270,,
2016-08-01,271,,
2016-08-01,272,,
2016-08-01,273,,
2016-08-01,274,,
2016-08-01,275,,
2016-08-01,276,,
2016-08-01,277,2,3
2016-08-01,278,,
2016-08-01,279,,
2016-08-01,280,,
2016-08-01,281,,
2016-08-01,282,,
2016-08-01,283,,
2016-08-01,284,,
2016-08-01,285,,
2016-08-01,286,,
2016-08-01,287,,
2016-08-01,288,,
2016-08-01,289,0.35,0.4
2016-08-01,290,0.4,0.5
2016-08-01,291,,
2016-08-01,292,,
2016-08-01,293,0.3,0.35
2016-08-01,294,0.45,0.5
2016-08-01,295,0.5,0.6
2016-08-01,296,,
2016-08-01,297,,
2016-08-01,298,,
2016-08-01,299,,
2016-08-01,300,,
2016-08-01,301,,
2016-08-01,302,,
2016-08-01,303,,
2016-08-01,304,,
2016-08-01,305,,
2016-08-01,306,,
2016-08-01,307,,
2016-08-01,308,,
2016-08-01,309,0.35,0.4
2016-08-01,310,0.5,0.6
2016-08-01,311,,
2016-08-01,312,,
2016-08-01,313,0.25,0.3
2016-08-01,314,0.35,0.4
2016-08-01,315,0.45,0.5
2016-08-01,316,,
2016-08-01,317,,
2016-08-01,318,,
2016-08-01,319,,
2016-08-01,320,,
2016-08-01,321,,
2016-08-01,322,,
2016-08-01,323,,
2016-08-01,615,8.5,9.5
2016-08-01,616,8,9
2016-08-01,619,3.4,3.6
2016-08-01,620,3.5,3.7
2016-08-05,324,0.82,0.84
2016-08-05,325,0.82,0.84
2016-08-05,326,0.82,0.84
2016-08-05,328,0.06,0.08
2016-08-05,329,0.03,0.05
2016-08-05,331,0.06,0.08
2016-08-05,332,,
2016-08-05,333,2.35,2.39
2016-08-05,334,2.35,2.39
2016-08-05,335,2.35,2.39
2016-08-05,336,,
2016-08-05,337,,
2016-08-05,338,1.2,1.22
2016-08-05,339,1.2,1.22
2016-08-05,340,,
2016-08-05,341,2.55,2.59
2016-08-05,342,2.65,2.69
2016-08-05,343,2.45,2.49
2016-08-05,344,11.7,11.7
2016-08-05,345,8.9,8.9
2016-08-05,346,8,8
2016-08-05,347,7.6,7.6
2016-08-05,348,1.5,1.6
2016-08-05,349,1.5,1.6
2016-08-05,350,1.9,2
2016-08-05,351,1.55,1.65
2016-08-05,352,3.75,3.85
2016-08-05,353,4,4.1
2016-08-05,354,1.2,1.3
2016-08-05,355,1.3,1.4
2016-08-05,356,1.3,1.4
2016-08-05,357,1.2,1.3
2016-08-05,358,3.7,3.8
2016-08-05,359,1.9,2
2016-08-05,360,1.9,2
2016-08-05,361,4.1,4.2
2016-08-05,362,5,5.1
2016-08-05,363,3.8,3.9
2016-08-05,364,1.3,1.4
2016-08-05,365,1.6,1.65
2016-08-05,366,4.8,5
2016-08-05,367,1.8,1.9
2016-08-05,368,1.3,1.4
2016-08-05,369,4.8,5
2016-08-05,370,1.5,1.6
2016-08-05,371,1.3,1.4
2016-08-05,372,3,3.1
2016-08-22,2,,
2016-08-22,3,,
2016-08-22,4,151,153
2016-08-22,5,147,150
2016-08-22,6,,
2016-08-22,7,,
2016-08-22,8,240,242
2016-08-22,9,160,161
2016-08-22,10,158,160
2016-08-22,11,125,130
2016-08-22,12,,
2016-08-22,13,,
2016-08-22,14,171,172
2016-08-22,15,179,181
2016-08-22,16,178,180
2016-08-22,17,,
2016-08-22,18,,
2016-08-22,19,140,145
2016-08-22,20,149,152
2016-08-22,21,157,158
2016-08-22,22,,
2016-08-22,23,400,405
2016-08-22,24,394,399
2016-08-22,25,229,231
2016-08-22,26,224,227
2016-08-22,27,435,436
2016-08-22,28,431,433
2016-08-22,29,417,418
2016-08-22,30,136,138
2016-08-22,31,140,142
2016-08-22,32,108,110
2016-08-22,33,144,146
2016-08-22,34,115,117
2016-08-22,35,177,179
2016-08-22,36,148,150
2016-08-22,37,115,116
2016-08-22,38,115,116
2016-08-22,39,269,270
2016-08-22,40,155,157
2016-08-22,41,825,830
2016-08-22,42,165,167
2016-08-22,43,163,165
2016-08-22,44,,
2016-08-22,45,,
2016-08-22,46,,
2016-08-22,47,182,183
2016-08-22,48,160,162
2016-08-22,49,,
2016-08-22,50,,
2016-08-22,51,390,490
2016-08-22,52,,
2016-08-22,53,1650,1750
2016-08-22,54,1160,1260
2016-08-22,55,280,310
2016-08-22,56,200,210
2016-08-22,57,174,180
2016-08-22,58,125,130
2016-08-22,59,106,108
2016-08-22,60,,
2016-08-22,61,,
2016-08-22,62,95,100
2016-08-22,63,115,120
2016-08-22,64,,
2016-08-22,65,,
2016-08-22,66,100,105
2016-08-22,67,125,130
2016-08-22,68,,
2016-08-22,69,,
2016-08-22,70,,
2016-08-22,71,70,75
2016-08-22,72,,
2016-08-22,73,,
2016-08-22,74,,
2016-08-22,75,360,370
2016-08-22,76,380,382
2016-08-22,77,380,382
2016-08-22,78,,
2016-08-22,79,,
2016-08-22,80,,
2016-08-22,81,295,300
2016-08-22,82,,
2016-08-22,83,880,890
2016-08-22,84,900,920
2016-08-22,85,740,745
2016-08-22,86,690,700
2016-08-22,87,690,695
2016-08-22,88,665,670
2016-08-22,89,1980,1990
2016-08-22,90,1010,1030
2016-08-22,91,1070,1090
2016-08-22,92,870,875
2016-08-22,93,780,790
2016-08-22,94,790,795
2016-08-22,95,780,785
2016-08-22,96,,
2016-08-22,97,,
2016-08-22,98,,
2016-08-22,99,,
2016-08-22,100,,
2016-08-22,101,10,11
2016-08-22,102,10.5,11.5
2016-08-22,103,3.75,4.3
2016-08-22,104,3.4,3.6
2016-08-22,105,3.4,3.67
2016-08-22,106,3.18,3.23
2016-08-22,107,1.45,1.5
2016-08-22,108,260,278
2016-08-22,109,,
2016-08-22,110,335,367
2016-08-22,111,235,240
2016-08-22,112,235,238
2016-08-22,113,,
2016-08-22,114,215,217
2016-08-22,115,180,183
2016-08-22,116,,
2016-08-22,117,382,385
2016-08-22,118,355,358
2016-08-22,119,,
2016-08-22,120,353,355
2016-08-22,121,445,450
2016-08-22,122,363,365
2016-08-22,123,440,445
2016-08-22,124,360,365
2016-08-22,125,,
2016-08-22,126,,
2016-08-22,127,200,205
2016-08-22,128,160,165
2016-08-22,129,,
2016-08-22,130,105,110
2016-08-22,131,1660,1665
2016-08-22,132,600,605
2016-08-22,133,570,575
2016-08-22,134,670,675
2016-08-22,135,,
2016-08-22,136,,
2016-08-22,139,7.5,8.5
2016-08-22,140,8,9
2016-08-22,147,1.5,1.7
2016-08-22,149,0.9,1.05
2016-08-22,150,0.93,1.06
2016-08-22,151,1,1.1
2016-08-22,152,,
2016-08-22,153,,
2016-08-22,154,3.1,3.2
2016-08-22,155,,
2016-08-22,156,6,6.5
2016-08-22,157,0.9,1.1
2016-08-22,158,,
2016-08-22,159,0.8,1
2016-08-22,160,,
2016-08-22,161,,
2016-08-22,162,,
2016-08-22,163,,
2016-08-22,164,5.2,5.8
2016-08-22,165,1.3,1.5
2016-08-22,166,3.9,4.5
2016-08-22,168,0.85,0.95
2016-08-22,169,5.9,6.3
2016-08-22,170,4.2,4.5
2016-08-22,171,5.2,5.8
2016-08-22,172,,
2016-08-22,173,1,1.15
2016-08-22,174,,
2016-08-22,175,4,4.3
2016-08-22,176,5,6
2016-08-22,177,9,10
2016-08-22,178,7.27,7.37
2016-08-22,179,6.72,6.82
2016-08-22,180,6.22,6.32
2016-08-22,181,4.22,4.27
2016-08-22,182,4.52,4.57
2016-08-22,183,4.57,4.6
2016-08-22,184,5.25,5.35
2016-08-22,185,6.2,6.3
2016-08-22,186,7.75,8.05
2016-08-22,187,335,345
2016-08-22,188,325,335
2016-08-22,189,195,205
2016-08-22,190,1780,1820
2016-08-22,191,3.85,3.85
2016-08-22,192,2.85,2.85
2016-08-22,193,2.54,2.54
2016-08-22,194,2.26,2.26
2016-08-22,195,2.02,2.02
2016-08-22,196,1.69,1.69
2016-08-22,197,1.6,1.6
2016-08-22,198,1.67,1.67
2016-08-22,199,1.62,1.62
2016-08-22,202,,
2016-08-22,203,,
2016-08-22,204,,
2016-08-22,205,,
2016-08-22,206,,
2016-08-22,207,,
2016-08-22,208,,
2016-08-22,209,,
2016-08-22,210,,
2016-08-22,211,0.2,0.25
2016-08-22,212,,
2016-08-22,213,0.3,0.4
2016-08-22,214,,
2016-08-22,215,,
2016-08-22,216,,
2016-08-22,217,,
2016-08-22,218,,
2016-08-22,219,,
2016-08-22,220,0.9,1
2016-08-22,221,1.7,1.8
2016-08-22,222,4,4.5
2016-08-22,223,,
2016-08-22,224,3,3.5
2016-08-22,225,1.6,1.65
2016-08-22,226,,
2016-08-22,227,,
2016-08-22,228,,
2016-08-22,229,0.75,0.8
2016-08-22,230,,
2016-08-22,231,,
2016-08-22,232,0.35,0.45
2016-08-22,233,0.25,0.3
2016-08-22,234,,
2016-08-22,235,,
2016-08-22,236,0.75,0.8
2016-08-22,237,0.75,0.8
2016-08-22,238,0.5,0.55
2016-08-22,239,1.5,1.7
2016-08-22,240,1.2,1.5
2016-08-22,241,0.75,0.8
2016-08-22,242,0.6,0.65
2016-08-22,243,0.55,0.6
2016-08-22,244,,
2016-08-22,245,1,1.2
2016-08-22,246,,
2016-08-22,247,,
2016-08-22,248,,
2016-08-22,249,,
2016-08-22,250,,
2016-08-22,251,,
2016-08-22,252,3,3.2
2016-08-22,253,0.7,0.8
2016-08-22,254,,
2016-08-22,255,,
2016-08-22,256,0.35,0.4
2016-08-22,257,,
2016-08-22,258,0.5,0.6
2016-08-22,259,,
2016-08-22,260,,
2016-08-22,261,,
2016-08-22,262,,
2016-08-22,263,,
2016-08-22,264,,
2016-08-22,265,,
2016-08-22,266,,
2016-08-22,267,,
2016-08-22,268,,
2016-08-22,269,,
2016-08-22,270,,
2016-08-22,271,,
2016-08-22,272,,
2016-08-22,273,,
2016-08-22,274,,
2016-08-22,275,,
2016-08-22,276,,
2016-08-22,277,2,3
2016-08-22,278,,
2016-08-22,279,,
2016-08-22,280,,
2016-08-22,281,,
2016-08-22,282,0.35,0.4
2016-08-22,283,,
2016-08-22,284,,
2016-08-22,285,,
2016-08-22,286,0.2,0.25
2016-08-22,287,,
2016-08-22,288,,
2016-08-22,289,0.3,0.35
2016-08-22,290,0.4,0.45
2016-08-22,291,,
2016-08-22,292,,
2016-08-22,293,0.25,0.3
2016-08-22,294,0.45,0.5
2016-08-22,295,0.5,0.55
2016-08-22,296,,
2016-08-22,297,,
2016-08-22,298,,
2016-08-22,299,,
2016-08-22,300,,
2016-08-22,301,,
2016-08-22,302,,
2016-08-22,303,,
2016-08-22,304,,
2016-08-22,305,,
2016-08-22,306,,
2016-08-22,307,,
2016-08-22,308,,
2016-08-22,309,0.35,0.4
2016-08-22,310,0.5,0.6
2016-08-22,311,,
2016-08-22,312,,
2016-08-22,313,0.28,0.32
2016-08-22,314,0.35,0.4
2016-08-22,315,0.45,0.5
2016-08-22,316,,
2016-08-22,317,,
2016-08-22,318,,
2016-08-22,319,,
2016-08-22,320,,
2016-08-22,321,,
2016-08-22,322,,
2016-08-22,323,0.35,0.4
2016-08-22,615,8.5,9.5
2016-08-22,616,8,9
2016-08-22,619,3.4,3.6
2016-08-22,620,3.5,3.7
2016-08-22,623,,
2016-08-22,624,,
2016-08-22,625,,
2016-08-22,626,,
2016-08-22,627,,
2016-08-22,628,,
2016-08-22,629,,
2016-08-22,630,,
2016-08-22,631,,
2016-08-22,632,,
2016-08-22,633,,
2016-08-22,634,,
2016-08-22,635,,
2016-08-22,636,,
2016-08-22,637,,
2016-08-22,638,,
2016-08-22,639,,
2016-08-22,640,,
2016-08-22,641,,
2016-08-22,642,,
2016-08-22,643,,
2016-08-22,644,,
2016-08-29,2,,
2016-08-29,3,,
2016-08-29,4,153,155
2016-08-29,5,149,152
2016-08-29,6,,
2016-08-29,7,,
2016-08-29,8,245,247
2016-08-29,9,161,162
2016-08-29,10,158,160
2016-08-29,11,122,127
2016-08-29,12,,
2016-08-29,13,170,171
2016-08-29,14,167,168
2016-08-29,15,,
2016-08-29,16,180,182
2016-08-29,17,,
2016-08-29,18,,
2016-08-29,19,140,145
2016-08-29,20,149,152
2016-08-29,21,157,158
2016-08-29,22,,
2016-08-29,23,400,405
2016-08-29,24,394,399
2016-08-29,25,229,231
2016-08-29,26,224,227
2016-08-29,27,435,436
2016-08-29,28,431,433
2016-08-29,29,417,418
2016-08-29,30,121,123
2016-08-29,31,125,127
2016-08-29,32,93,95
2016-08-29,33,129,131
2016-08-29,34,100,102
2016-08-29,35,172,174
2016-08-29,36,143,145
2016-08-29,37,99,100
2016-08-29,38,99,100
2016-08-29,39,265,266
2016-08-29,40,153,155
2016-08-29,41,825,830
2016-08-29,42,165,167
2016-08-29,43,158,160
2016-08-29,44,,
2016-08-29,45,,
2016-08-29,46,,
2016-08-29,47,180,181
2016-08-29,48,160,162
2016-08-29,49,,
2016-08-29,50,,
2016-08-29,51,390,490
2016-08-29,52,,
2016-08-29,53,1650,1750
2016-08-29,54,1160,1260
2016-08-29,55,280,310
2016-08-29,56,200,210
2016-08-29,57,174,180
2016-08-29,58,125,130
2016-08-29,59,106,108
2016-08-29,60,,
2016-08-29,61,,
2016-08-29,62,95,100
2016-08-29,63,115,120
2016-08-29,64,,
2016-08-29,65,,
2016-08-29,66,100,105
2016-08-29,67,125,130
2016-08-29,68,,
2016-08-29,69,,
2016-08-29,70,,
2016-08-29,71,70,75
2016-08-29,72,205,225
2016-08-29,73,,
2016-08-29,74,,
2016-08-29,75,360,365
2016-08-29,76,380,382
2016-08-29,77,378,380
2016-08-29,78,,
2016-08-29,79,,
2016-08-29,80,,
2016-08-29,81,300,305
2016-08-29,82,,
2016-08-29,83,880,890
2016-08-29,84,890,910
2016-08-29,85,730,735
2016-08-29,86,760,770
2016-08-29,87,710,715
2016-08-29,88,700,705
2016-08-29,89,1980,1990
2016-08-29,90,1010,1030
2016-08-29,91,1060,1080
2016-08-29,92,860,865
2016-08-29,93,790,800
2016-08-29,94,790,795
2016-08-29,95,780,785
2016-08-29,96,,
2016-08-29,97,,
2016-08-29,98,,
2016-08-29,99,,
2016-08-29,100,,
2016-08-29,101,10,11
2016-08-29,102,10.5,11.5
2016-08-29,103,3.75,4.35
2016-08-29,104,3.4,3.6
2016-08-29,105,3.4,3.67
2016-08-29,106,3.18,3.23
2016-08-29,107,1.45,1.5
2016-08-29,108,260,278
2016-08-29,109,,
2016-08-29,110,335,367
2016-08-29,111,235,240
2016-08-29,112,230,233
2016-08-29,113,,
2016-08-29,114,215,217
2016-08-29,115,180,183
2016-08-29,116,,
2016-08-29,117,370,373
2016-08-29,118,345,348
2016-08-29,119,,
2016-08-29,120,343,345
2016-08-29,121,435,440
2016-08-29,122,353,355
2016-08-29,123,440,441
2016-08-29,124,350,355
2016-08-29,125,,
2016-08-29,126,,
2016-08-29,127,200,205
2016-08-29,128,160,165
2016-08-29,129,,
2016-08-29,130,105,110
2016-08-29,131,1660,1665
2016-08-29,132,605,610
2016-08-29,133,575,580
2016-08-29,134,675,680
2016-08-29,135,,
2016-08-29,136,,
2016-08-29,139,7.5,8.5
2016-08-29,140,8,9
2016-08-29,147,1.5,1.7
2016-08-29,149,0.9,1.05
2016-08-29,150,0.93,1.06
2016-08-29,151,1,1.1
2016-08-29,152,,
2016-08-29,153,,
2016-08-29,154,3.1,3.2
2016-08-29,155,,
2016-08-29,156,6,6.5
2016-08-29,157,0.9,1.1
2016-08-29,158,,
2016-08-29,159,0.8,1
2016-08-29,160,,
2016-08-29,161,,
2016-08-29,162,,
2016-08-29,163,,
2016-08-29,164,5.2,5.8
2016-08-29,165,1.3,1.5
2016-08-29,166,3.9,4.5
2016-08-29,168,0.85,0.95
2016-08-29,169,5.9,6.3
2016-08-29,170,4.2,4.5
2016-08-29,171,5.2,5.8
2016-08-29,172,,
2016-08-29,173,1,1.15
2016-08-29,174,,
2016-08-29,175,4,4.3
2016-08-29,176,6,7
2016-08-29,177,10,11
2016-08-29,178,7.27,7.37
2016-08-29,179,6.75,6.85
2016-08-29,180,6.25,6.35
2016-08-29,181,4.22,4.27
2016-08-29,182,4.52,4.57
2016-08-29,183,4.57,4.6
2016-08-29,184,5.25,5.35
2016-08-29,185,6.2,6.3
2016-08-29,186,7.75,8.05
2016-08-29,187,345,355
2016-08-29,188,335,345
2016-08-29,189,200,210
2016-08-29,190,1930,1980
2016-08-29,191,3.85,3.85
2016-08-29,192,2.85,2.85
2016-08-29,193,2.54,2.54
2016-08-29,194,2.26,2.26
2016-08-29,195,2.02,2.02
2016-08-29,196,1.69,1.69
2016-08-29,197,1.6,1.6
2016-08-29,198,1.67,1.67
2016-08-29,199,1.62,1.62
2016-08-29,202,,
2016-08-29,203,,
2016-08-29,204,,
2016-08-29,205,,
2016-08-29,206,,
2016-08-29,207,,
2016-08-29,208,,
2016-08-29,209,,
2016-08-29,210,,
2016-08-29,211,0.2,0.25
2016-08-29,212,,
2016-08-29,213,0.25,0.35
2016-08-29,214,,
2016-08-29,215,,
2016-08-29,216,,
2016-08-29,217,,
2016-08-29,218,,
2016-08-29,219,,
2016-08-29,220,0.8,1
2016-08-29,221,1.4,1.5
2016-08-29,222,4,4.5
2016-08-29,223,,
2016-08-29,224,3,3.5
2016-08-29,225,1.6,1.65
2016-08-29,226,,
2016-08-29,227,,
2016-08-29,228,,
2016-08-29,229,0.65,0.75
2016-08-29,230,,
2016-08-29,231,,
2016-08-29,232,0.3,0.4
2016-08-29,233,0.25,0.3
2016-08-29,234,,
2016-08-29,235,,
2016-08-29,236,0.65,0.75
2016-08-29,237,0.65,0.75
2016-08-29,238,0.5,0.55
2016-08-29,239,1.5,1.7
2016-08-29,240,1.2,1.5
2016-08-29,241,0.8,1
2016-08-29,242,0.5,0.6
2016-08-29,243,0.5,0.6
2016-08-29,244,,
2016-08-29,245,0.9,1
2016-08-29,246,,
2016-08-29,247,,
2016-08-29,248,,
2016-08-29,249,,
2016-08-29,250,,
2016-08-29,251,,
2016-08-29,252,3,3.2
2016-08-29,253,0.65,0.75
2016-08-29,254,,
2016-08-29,255,,
2016-08-29,256,0.35,0.4
2016-08-29,257,,
2016-08-29,258,0.35,0.5
2016-08-29,259,,
2016-08-29,260,,
2016-08-29,261,,
2016-08-29,262,,
2016-08-29,263,,
2016-08-29,264,,
2016-08-29,265,,
2016-08-29,266,,
2016-08-29,267,,
2016-08-29,268,,
2016-08-29,269,,
2016-08-29,270,,
2016-08-29,271,,
2016-08-29,272,,
2016-08-29,273,,
2016-08-29,274,,
2016-08-29,275,,
2016-08-29,276,,
2016-08-29,277,2,3
2016-08-29,278,,
2016-08-29,279,,
2016-08-29,280,,
2016-08-29,281,,
2016-08-29,282,0.3,0.4
2016-08-29,283,,
2016-08-29,284,,
2016-08-29,285,,
2016-08-29,286,0.25,0.3
2016-08-29,287,,
2016-08-29,288,,
2016-08-29,289,0.3,0.35
2016-08-29,290,0.4,0.45
2016-08-29,291,,
2016-08-29,292,,
2016-08-29,293,0.2,0.25
2016-08-29,294,0.35,0.4
2016-08-29,295,0.45,0.5
2016-08-29,296,0.5,0.55
2016-08-29,297,,
2016-08-29,298,,
2016-08-29,299,,
2016-08-29,300,,
2016-08-29,301,,
2016-08-29,302,,
2016-08-29,303,,
2016-08-29,304,,
2016-08-29,305,,
2016-08-29,306,0.65,0.75
2016-08-29,307,,
2016-08-29,308,,
2016-08-29,309,0.35,0.4
2016-08-29,310,0.5,0.6
2016-08-29,311,,
2016-08-29,312,,
2016-08-29,313,0.25,0.3
2016-08-29,314,0.35,0.4
2016-08-29,315,0.4,0.45
2016-08-29,316,0.45,0.5
2016-08-29,317,,
2016-08-29,318,,
2016-08-29,319,,
2016-08-29,320,,
2016-08-29,321,,
2016-08-29,322,,
2016-08-29,323,0.35,0.4
2016-08-29,615,8.5,9.5
2016-08-29,616,8,9
2016-08-29,619,3.4,3.6
2016-08-29,620,3.5,3.7
2016-08-29,623,,
2016-08-29,624,,
2016-08-29,625,,
2016-08-29,626,,
2016-08-29,627,,
2016-08-29,628,,
2016-08-29,629,,
2016-08-29,630,,
2016-08-29,631,,
2016-08-29,632,,
2016-08-29,633,,
2016-08-29,634,,
2016-08-29,635,,
2016-08-29,636,,
2016-08-29,637,0.4,0.45
2016-08-29,638,0.4,0.45
2016-08-29,639,0.5,0.58
2016-08-29,640,,
2016-08-29,641,,
2016-08-29,642,,
2016-08-29,643,,
2016-08-29,644,,
2016-09-02,324,0.89,0.91
2016-09-02,325,0.86,0.88
2016-09-02,326,0.89,0.91
2016-09-02,328,0.06,0.08
2016-09-02,329,0.03,0.05
2016-09-02,331,0.06,0.08
2016-09-02,332,,
2016-09-02,333,2.35,2.39
2016-09-02,334,2.35,2.39
2016-09-02,335,2.35,2.39
2016-09-02,336,,
2016-09-02,337,,
2016-09-02,338,1.2,1.22
2016-09-02,339,1.2,1.22
2016-09-02,340,,
2016-09-02,341,2.55,2.59
2016-09-02,342,2.65,2.69
2016-09-02,343,2.45,2.49
2016-09-02,344,11.9,11.9
2016-09-02,345,9,9
2016-09-02,346,8.1,8.1
2016-09-02,347,7.7,7.7
2016-09-02,348,1.55,1.65
2016-09-02,349,1.55,1.65
2016-09-02,350,1.95,2.05
2016-09-02,351,1.6,1.7
2016-09-02,352,3.75,3.85
2016-09-02,353,4,4.1
2016-09-02,354,1.2,1.3
2016-09-02,355,1.3,1.4
2016-09-02,356,1.3,1.4
2016-09-02,357,1.2,1.3
2016-09-02,358,3.7,3.8
2016-09-02,359,1.9,2
2016-09-02,360,1.9,2
2016-09-02,361,4.1,4.2
2016-09-02,362,5,5.1
2016-09-02,363,3.9,4
2016-09-02,364,1.4,1.5
2016-09-02,365,1.6,1.65
2016-09-02,366,4.8,5
2016-09-02,367,1.8,1.9
2016-09-02,368,1.3,1.4
2016-09-02,369,4.8,5
2016-09-02,370,1.5,1.6
2016-09-02,371,1.3,1.4
2016-09-02,372,3.8,4
2016-09-05,2,,
2016-09-05,3,,
2016-09-05,4,153,155
2016-09-05,5,149,152
2016-09-05,6,,
2016-09-05,7,,
2016-09-05,8,250,252
2016-09-05,9,160,161
2016-09-05,10,158,160
2016-09-05,11,122,126
2016-09-05,12,,
2016-09-05,13,,
2016-09-05,14,163,165
2016-09-05,15,,
2016-09-05,16,180,182
2016-09-05,17,,
2016-09-05,18,,
2016-09-05,19,140,145
2016-09-05,20,149,152
2016-09-05,21,157,158
2016-09-05,22,,
2016-09-05,23,395,400
2016-09-05,24,389,394
2016-09-05,25,229,231
2016-09-05,26,224,227
2016-09-05,27,435,436
2016-09-05,28,431,433
2016-09-05,29,417,418
2016-09-05,30,113,115
2016-09-05,31,117,119
2016-09-05,32,85,87
2016-09-05,33,121,123
2016-09-05,34,92,94
2016-09-05,35,167,169
2016-09-05,36,138,140
2016-09-05,37,90,91
2016-09-05,38,90,91
2016-09-05,39,265,266
2016-09-05,40,148,150
2016-09-05,41,830,835
2016-09-05,42,163,165
2016-09-05,43,158,160
2016-09-05,44,,
2016-09-05,45,,
2016-09-05,46,,
2016-09-05,47,177,178
2016-09-05,48,160,162
2016-09-05,49,,
2016-09-05,50,,
2016-09-05,51,,
2016-09-05,52,,
2016-09-05,53,1650,1750
2016-09-05,54,1160,1260
2016-09-05,55,280,310
2016-09-05,56,200,210
2016-09-05,57,174,180
2016-09-05,58,125,130
2016-09-05,59,106,108
2016-09-05,60,,
2016-09-05,61,,
2016-09-05,62,95,100
2016-09-05,63,110,115
2016-09-05,64,,
2016-09-05,65,,
2016-09-05,66,100,105
2016-09-05,67,125,130
2016-09-05,68,,
2016-09-05,69,,
2016-09-05,70,,
2016-09-05,71,70,75
2016-09-05,72,218,230
2016-09-05,73,,
2016-09-05,74,,
2016-09-05,75,345,350
2016-09-05,76,370,372
2016-09-05,77,368,370
2016-09-05,78,330,335
2016-09-05,79,,
2016-09-05,80,,
2016-09-05,81,300,310
2016-09-05,82,,
2016-09-05,83,880,890
2016-09-05,84,890,910
2016-09-05,85,730,735
2016-09-05,86,740,750
2016-09-05,87,720,725
2016-09-05,88,710,715
2016-09-05,89,1960,1970
2016-09-05,90,1010,1030
2016-09-05,91,1060,1080
2016-09-05,92,870,875
2016-09-05,93,790,800
2016-09-05,94,800,805
2016-09-05,95,790,795
2016-09-05,96,,
2016-09-05,97,,
2016-09-05,98,,
2016-09-05,99,,
2016-09-05,100,,
2016-09-05,101,10,11
2016-09-05,102,10.5,11.5
2016-09-05,103,4,4.35
2016-09-05,104,3.45,3.6
2016-09-05,105,3.5,3.67
2016-09-05,106,3.23,3.28
2016-09-05,107,1.45,1.5
2016-09-05,108,260,278
2016-09-05,109,,
2016-09-05,110,335,367
2016-09-05,111,230,235
2016-09-05,112,230,233
2016-09-05,113,,
2016-09-05,114,210,212
2016-09-05,115,170,173
2016-09-05,116,,
2016-09-05,117,360,363
2016-09-05,118,335,338
2016-09-05,119,,
2016-09-05,120,330,332
2016-09-05,121,425,430
2016-09-05,122,343,345
2016-09-05,123,427,428
2016-09-05,124,340,342
2016-09-05,125,,
2016-09-05,126,,
2016-09-05,127,200,205
2016-09-05,128,160,165
2016-09-05,129,,
2016-09-05,130,105,110
2016-09-05,131,1660,1665
2016-09-05,132,620,625
2016-09-05,133,590,595
2016-09-05,134,690,695
2016-09-05,135,,
2016-09-05,136,,
2016-09-05,139,7.5,8.5
2016-09-05,140,8,9
2016-09-05,147,1.5,1.7
2016-09-05,149,0.9,1.05
2016-09-05,150,0.93,1.06
2016-09-05,151,1,1.1
2016-09-05,152,,
2016-09-05,153,,
2016-09-05,154,3.1,3.2
2016-09-05,155,,
2016-09-05,156,6,6.5
2016-09-05,157,0.9,1.1
2016-09-05,158,,
2016-09-05,159,0.8,1
2016-09-05,160,,
2016-09-05,161,,
2016-09-05,162,,
2016-09-05,163,,
2016-09-05,164,5.2,5.8
2016-09-05,165,1.3,1.5
2016-09-05,166,3.9,4.5
2016-09-05,168,0.85,0.95
2016-09-05,169,5.9,6.3
2016-09-05,170,4.2,4.5
2016-09-05,171,5.2,5.8
2016-09-05,172,,
2016-09-05,173,1,1.15
2016-09-05,174,,
2016-09-05,175,4,4.3
2016-09-05,176,7,8
2016-09-05,177,11,12
2016-09-05,178,7.27,7.37
2016-09-05,179,6.75,6.85
2016-09-05,180,6.28,6.38
2016-09-05,181,4.22,4.27
2016-09-05,182,4.52,4.57
2016-09-05,183,4.57,4.6
2016-09-05,184,5.25,5.35
2016-09-05,185,6.2,6.3
2016-09-05,186,7.75,8.05
2016-09-05,187,355,365
2016-09-05,188,355,365
2016-09-05,189,210,220
2016-09-05,190,2030,2080
2016-09-05,191,3.89,3.89
2016-09-05,192,2.88,2.88
2016-09-05,193,2.58,2.58
2016-09-05,194,2.27,2.27
2016-09-05,195,2.05,2.05
2016-09-05,196,1.72,1.72
2016-09-05,197,1.62,1.62
2016-09-05,198,1.69,1.69
2016-09-05,199,1.64,1.64
2016-09-05,202,,
2016-09-05,203,,
2016-09-05,204,,
2016-09-05,205,,
2016-09-05,206,,
2016-09-05,207,,
2016-09-05,208,,
2016-09-05,209,,
2016-09-05,210,,
2016-09-05,211,0.2,0.25
2016-09-05,212,,
2016-09-05,213,0.25,0.35
2016-09-05,214,,
2016-09-05,215,,
2016-09-05,216,,
2016-09-05,217,,
2016-09-05,218,,
2016-09-05,219,,
2016-09-05,220,0.6,0.65
2016-09-05,221,1.2,1.3
2016-09-05,222,4,4.5
2016-09-05,223,,
2016-09-05,224,2,2.5
2016-09-05,225,1.6,1.65
2016-09-05,226,,
2016-09-05,227,,
2016-09-05,228,,
2016-09-05,229,0.55,0.65
2016-09-05,230,,
2016-09-05,231,,
2016-09-05,232,0.3,0.35
2016-09-05,233,0.25,0.3
2016-09-05,234,,
2016-09-05,235,,
2016-09-05,236,0.6,0.7
2016-09-05,237,0.6,0.7
2016-09-05,238,0.45,0.6
2016-09-05,239,1.5,1.7
2016-09-05,240,1.2,1.5
2016-09-05,241,0.8,1
2016-09-05,242,0.6,0.7
2016-09-05,243,0.45,0.55
2016-09-05,244,,
2016-09-05,245,0.7,0.8
2016-09-05,246,,
2016-09-05,247,,
2016-09-05,248,,
2016-09-05,249,,
2016-09-05,250,,
2016-09-05,251,,
2016-09-05,252,3.2,3.5
2016-09-05,253,0.65,0.75
2016-09-05,254,,
2016-09-05,255,0.7,0.8
2016-09-05,256,0.35,0.4
2016-09-05,257,,
2016-09-05,258,0.25,0.3
2016-09-05,259,,
2016-09-05,260,,
2016-09-05,261,,
2016-09-05,262,,
2016-09-05,263,,
2016-09-05,264,,
2016-09-05,265,,
2016-09-05,266,,
2016-09-05,267,,
2016-09-05,268,,
2016-09-05,269,,
2016-09-05,270,,
2016-09-05,271,,
2016-09-05,272,,
2016-09-05,273,,
2016-09-05,274,,
2016-09-05,275,,
2016-09-05,276,,
2016-09-05,277,2,3
2016-09-05,278,,
2016-09-05,279,,
2016-09-05,280,,
2016-09-05,281,,
2016-09-05,282,0.3,0.4
2016-09-05,283,,
2016-09-05,284,,
2016-09-05,285,,
2016-09-05,286,0.35,0.4
2016-09-05,287,,
2016-09-05,288,,
2016-09-05,289,0.3,0.35
2016-09-05,290,0.4,0.45
2016-09-05,291,,
2016-09-05,292,,
2016-09-05,293,0.2,0.25
2016-09-05,294,0.35,0.4
2016-09-05,295,0.45,0.5
2016-09-05,296,0.5,0.55
2016-09-05,297,,
2016-09-05,298,,
2016-09-05,299,,
2016-09-05,300,,
2016-09-05,301,,
2016-09-05,302,,
2016-09-05,303,,
2016-09-05,304,,
2016-09-05,305,,
2016-09-05,306,0.6,0.7
2016-09-05,307,,
2016-09-05,308,,
2016-09-05,309,0.35,0.4
2016-09-05,310,0.55,0.65
2016-09-05,311,,
2016-09-05,312,,
2016-09-05,313,0.25,0.3
2016-09-05,314,0.35,0.4
2016-09-05,315,0.4,0.45
2016-09-05,316,0.5,0.55
2016-09-05,317,,
2016-09-05,318,,
2016-09-05,319,,
2016-09-05,320,,
2016-09-05,321,,
2016-09-05,322,,
2016-09-05,323,0.35,0.4
2016-09-05,615,8.5,9.5
2016-09-05,616,8,9
2016-09-05,619,3.4,3.6
2016-09-05,620,3.5,3.7
2016-09-05,623,,
2016-09-05,624,,
2016-09-05,625,,
2016-09-05,626,,
2016-09-05,627,,
2016-09-05,628,,
2016-09-05,629,,
2016-09-05,630,,
2016-09-05,631,,
2016-09-05,632,,
2016-09-05,633,,
2016-09-05,634,,
2016-09-05,635,,
2016-09-05,636,,
2016-09-05,637,0.4,0.45
2016-09-05,638,0.4,0.45
2016-09-05,639,0.53,0.58
2016-09-05,640,,
2016-09-05,641,,
2016-09-05,642,,
2016-09-05,643,,
2016-09-05,644,,
2016-09-09,324,0.93,0.95
2016-09-09,325,0.9,0.92
2016-09-09,326,0.93,0.95
2016-09-09,328,0.06,0.08
2016-09-09,329,0.03,0.05
2016-09-09,331,0.09,0.11
2016-09-09,332,,
2016-09-09,333,2.35,2.39
2016-09-09,334,2.35,2.39
2016-09-09,335,2.35,2.39
2016-09-09,336,,
2016-09-09,337,,
2016-09-09,338,1.2,1.22
2016-09-09,339,1.2,1.22
2016-09-09,340,,
2016-09-09,341,2.55,2.59
2016-09-09,342,2.65,2.69
2016-09-09,343,2.45,2.49
2016-09-09,344,12.1,12.1
2016-09-09,345,9.1,9.1
2016-09-09,346,8.2,8.2
2016-09-09,347,7.8,7.8
2016-09-09,348,1.65,1.75
2016-09-09,349,1.65,1.75
2016-09-09,350,2,2.1
2016-09-09,351,1.7,1.8
2016-09-09,352,3.75,3.85
2016-09-09,353,4,4.1
2016-09-09,354,1.2,1.3
2016-09-09,355,1.3,1.4
2016-09-09,356,1.3,1.4
2016-09-09,357,1.2,1.3
2016-09-09,358,3.7,3.8
2016-09-09,359,1.9,2
2016-09-09,360,1.9,2
2016-09-09,361,4.1,4.2
2016-09-09,362,5,5.1
2016-09-09,363,4.1,4.2
2016-09-09,364,1.5,1.6
2016-09-09,365,1.65,1.75
2016-09-09,366,4.8,5
2016-09-09,367,1.8,1.9
2016-09-09,368,1.3,1.4
2016-09-09,369,4.8,5
2016-09-09,370,1.5,1.6
2016-09-09,371,1.3,1.4
2016-09-09,372,3.95,4.15
2016-09-12,2,,
2016-09-12,3,,
2016-09-12,4,153,155
2016-09-12,5,149,152
2016-09-12,6,,
2016-09-12,7,,
2016-09-12,8,250,252
2016-09-12,9,158,159
2016-09-12,10,158,160
2016-09-12,11,121,125
2016-09-12,12,185,190
2016-09-12,13,,
2016-09-12,14,160,162
2016-09-12,15,,
2016-09-12,16,183,185
2016-09-12,17,,
2016-09-12,18,,
2016-09-12,19,140,145
2016-09-12,20,149,152
2016-09-12,21,157,158
2016-09-12,22,,
2016-09-12,23,390,395
2016-09-12,24,384,389
2016-09-12,25,224,226
2016-09-12,26,219,222
2016-09-12,27,435,436
2016-09-12,28,431,433
2016-09-12,29,417,418
2016-09-12,30,115,117
2016-09-12,31,119,121
2016-09-12,32,87,89
2016-09-12,33,123,125
2016-09-12,34,94,96
2016-09-12,35,172,174
2016-09-12,36,143,145
2016-09-12,37,92,93
2016-09-12,38,92,93
2016-09-12,39,265,266
2016-09-12,40,145,147
2016-09-12,41,835,840
2016-09-12,42,160,162
2016-09-12,43,155,157
2016-09-12,44,,
2016-09-12,45,,
2016-09-12,46,,
2016-09-12,47,177,178
2016-09-12,48,160,162
2016-09-12,49,,
2016-09-12,50,,
2016-09-12,51,,
2016-09-12,52,,
2016-09-12,53,1650,1750
2016-09-12,54,1160,1260
2016-09-12,55,290,320
2016-09-12,56,205,215
2016-09-12,57,174,180
2016-09-12,58,125,130
2016-09-12,59,106,108
2016-09-12,60,,
2016-09-12,61,,
2016-09-12,62,95,100
2016-09-12,63,110,115
2016-09-12,64,,
2016-09-12,65,,
2016-09-12,66,100,105
2016-09-12,67,125,130
2016-09-12,68,,
2016-09-12,69,,
2016-09-12,70,,
2016-09-12,71,70,75
2016-09-12,72,208,225
2016-09-12,73,,
2016-09-12,74,,
2016-09-12,75,345,350
2016-09-12,76,370,372
2016-09-12,77,368,370
2016-09-12,78,325,330
2016-09-12,79,,
2016-09-12,80,,
2016-09-12,81,300,310
2016-09-12,82,,
2016-09-12,83,870,880
2016-09-12,84,890,910
2016-09-12,85,730,735
2016-09-12,86,760,770
2016-09-12,87,720,725
2016-09-12,88,710,715
2016-09-12,89,1950,1960
2016-09-12,90,1000,1020
2016-09-12,91,1060,1080
2016-09-12,92,870,875
2016-09-12,93,790,800
2016-09-12,94,795,800
2016-09-12,95,785,790
2016-09-12,96,,
2016-09-12,97,,
2016-09-12,98,,
2016-09-12,99,,
2016-09-12,100,,
2016-09-12,101,10,11
2016-09-12,102,10.5,11.5
2016-09-12,103,4,4.35
2016-09-12,104,3.45,3.6
2016-09-12,105,3.5,3.6
2016-09-12,106,3.25,3.3
2016-09-12,107,1.5,1.55
2016-09-12,108,260,278
2016-09-12,109,,
2016-09-12,110,335,367
2016-09-12,111,230,235
2016-09-12,112,230,233
2016-09-12,113,,
2016-09-12,114,210,215
2016-09-12,115,160,163
2016-09-12,116,,
2016-09-12,117,360,363
2016-09-12,118,335,338
2016-09-12,119,,
2016-09-12,120,330,332
2016-09-12,121,425,430
2016-09-12,122,343,345
2016-09-12,123,427,428
2016-09-12,124,340,342
2016-09-12,125,,
2016-09-12,126,,
2016-09-12,127,200,205
2016-09-12,128,160,165
2016-09-12,129,,
2016-09-12,130,105,110
2016-09-12,131,1660,1665
2016-09-12,132,620,625
2016-09-12,133,590,595
2016-09-12,134,690,695
2016-09-12,135,,
2016-09-12,136,,
2016-09-12,139,7.5,8.5
2016-09-12,140,8,9
2016-09-12,147,1.5,1.7
2016-09-12,149,0.9,1
2016-09-12,150,0.93,1
2016-09-12,151,1,1.05
2016-09-12,152,,
2016-09-12,153,,
2016-09-12,154,3.1,3.2
2016-09-12,155,,
2016-09-12,156,6,6.5
2016-09-12,157,0.9,1.1
2016-09-12,158,,
2016-09-12,159,0.8,1
2016-09-12,160,,
2016-09-12,161,,
2016-09-12,162,,
2016-09-12,163,,
2016-09-12,164,5.2,5.8
2016-09-12,165,1.3,1.5
2016-09-12,166,3.9,4.5
2016-09-12,168,0.85,0.95
2016-09-12,169,5.9,6.3
2016-09-12,170,4.2,4.5
2016-09-12,171,5.2,5.8
2016-09-12,172,,
2016-09-12,173,1,1.15
2016-09-12,174,,
2016-09-12,175,4,4.3
2016-09-12,176,7,8
2016-09-12,177,13,14
2016-09-12,178,7.28,7.38
2016-09-12,179,6.76,6.86
2016-09-12,180,6.3,6.4
2016-09-12,181,4.22,4.27
2016-09-12,182,4.52,4.57
2016-09-12,183,4.57,4.6
2016-09-12,184,5.25,5.35
2016-09-12,185,6.2,6.3
2016-09-12,186,7.75,8.05
2016-09-12,187,375,385
2016-09-12,188,380,390
2016-09-12,189,230,240
2016-09-12,190,2150,2200
2016-09-12,191,3.94,3.94
2016-09-12,192,2.91,2.91
2016-09-12,193,2.61,2.61
2016-09-12,194,2.28,2.28
2016-09-12,195,2.06,2.06
2016-09-12,196,1.73,1.73
2016-09-12,197,1.62,1.62
2016-09-12,198,1.69,1.69
2016-09-12,199,1.64,1.64
2016-09-12,202,,
2016-09-12,203,,
2016-09-12,204,,
2016-09-12,205,,
2016-09-12,206,,
2016-09-12,207,,
2016-09-12,208,,
2016-09-12,209,,
2016-09-12,210,,
2016-09-12,211,0.2,0.25
2016-09-12,212,,
2016-09-12,213,0.25,0.35
2016-09-12,214,,
2016-09-12,215,,
2016-09-12,216,,
2016-09-12,217,,
2016-09-12,218,,
2016-09-12,219,,
2016-09-12,220,0.5,0.6
2016-09-12,221,1.2,1.3
2016-09-12,222,4,4.5
2016-09-12,223,,
2016-09-12,224,2,2.5
2016-09-12,225,1.6,1.65
2016-09-12,226,,
2016-09-12,227,,
2016-09-12,228,,
2016-09-12,229,0.4,0.5
2016-09-12,230,,
2016-09-12,231,,
2016-09-12,232,0.3,0.35
2016-09-12,233,0.25,0.3
2016-09-12,234,,
2016-09-12,235,,
2016-09-12,236,0.6,0.7
2016-09-12,237,0.6,0.7
2016-09-12,238,0.45,0.6
2016-09-12,239,1.5,1.7
2016-09-12,240,1.2,1.5
2016-09-12,241,0.8,1
2016-09-12,242,0.5,0.7
2016-09-12,243,0.4,0.45
2016-09-12,244,,
2016-09-12,245,0.5,0.6
2016-09-12,246,,
2016-09-12,247,,
2016-09-12,248,,
2016-09-12,249,,
2016-09-12,250,,
2016-09-12,251,,
2016-09-12,252,3.2,3.5
2016-09-12,253,0.65,0.75
2016-09-12,254,,
2016-09-12,255,0.7,0.8
2016-09-12,256,0.35,0.4
2016-09-12,257,,
2016-09-12,258,0.2,0.25
2016-09-12,259,,
2016-09-12,260,,
2016-09-12,261,,
2016-09-12,262,,
2016-09-12,263,,
2016-09-12,264,,
2016-09-12,265,,
2016-09-12,266,,
2016-09-12,267,,
2016-09-12,268,,
2016-09-12,269,,
2016-09-12,270,,
2016-09-12,271,,
2016-09-12,272,,
2016-09-12,273,,
2016-09-12,274,,
2016-09-12,275,,
2016-09-12,276,,
2016-09-12,277,2,3
2016-09-12,278,,
2016-09-12,279,,
2016-09-12,280,,
2016-09-12,281,,
2016-09-12,282,0.3,0.4
2016-09-12,283,,
2016-09-12,284,,
2016-09-12,285,,
2016-09-12,286,0.4,0.5
2016-09-12,287,,
2016-09-12,288,,
2016-09-12,289,,
2016-09-12,290,,
2016-09-12,291,,
2016-09-12,292,,
2016-09-12,293,0.2,0.25
2016-09-12,294,0.35,0.4
2016-09-12,295,0.5,0.55
2016-09-12,296,0.6,0.65
2016-09-12,297,,
2016-09-12,298,,
2016-09-12,299,,
2016-09-12,300,,
2016-09-12,301,,
2016-09-12,302,,
2016-09-12,303,,
2016-09-12,304,,
2016-09-12,305,,
2016-09-12,306,0.6,0.7
2016-09-12,307,,
2016-09-12,308,,
2016-09-12,309,,
2016-09-12,310,,
2016-09-12,311,,
2016-09-12,312,,
2016-09-12,313,,
2016-09-12,314,,
2016-09-12,315,,
2016-09-12,316,,
2016-09-12,317,,
2016-09-12,318,,
2016-09-12,319,,
2016-09-12,320,,
2016-09-12,321,,
2016-09-12,322,0.5,0.6
2016-09-12,323,0.4,0.45
2016-09-12,615,8.5,9.5
2016-09-12,616,8,9
2016-09-12,619,3.4,3.6
2016-09-12,620,3.5,3.7
2016-09-12,623,,
2016-09-12,624,,
2016-09-12,625,,
2016-09-12,626,1,1.2
2016-09-12,627,1,1.2
2016-09-12,628,2.1,2.2
2016-09-12,629,2.1,2.3
2016-09-12,630,,
2016-09-12,631,,
2016-09-12,632,,
2016-09-12,633,,
2016-09-12,634,0.65,0.7
2016-09-12,635,,
2016-09-12,636,,
2016-09-12,637,0.4,0.45
2016-09-12,638,0.4,0.45
2016-09-12,639,0.55,0.58
2016-09-12,640,,
2016-09-12,641,,
2016-09-12,642,,
2016-09-12,643,,
2016-09-12,644,,
2016-09-16,324,0.96,0.98
2016-09-16,325,0.93,0.95
2016-09-16,326,0.96,0.98
2016-09-16,328,0.06,0.08
2016-09-16,329,0.03,0.05
2016-09-16,331,0.09,0.11
2016-09-16,332,,
2016-09-16,333,2.35,2.39
2016-09-16,334,2.35,2.39
2016-09-16,335,2.35,2.39
2016-09-16,336,,
2016-09-16,337,,
2016-09-16,338,1.2,1.22
2016-09-16,339,1.2,1.22
2016-09-16,340,,
2016-09-16,341,2.55,2.59
2016-09-16,342,2.65,2.69
2016-09-16,343,2.45,2.49
2016-09-16,344,12.2,12.2
2016-09-16,345,9.2,9.2
2016-09-16,346,8.3,8.3
2016-09-16,347,7.9,7.9
2016-09-16,348,1.75,1.85
2016-09-16,349,1.75,1.85
2016-09-16,350,2.05,2.15
2016-09-16,351,1.8,1.9
2016-09-16,352,3.75,3.85
2016-09-16,353,4,4.1
2016-09-16,354,1.2,1.3
2016-09-16,355,1.3,1.4
2016-09-16,356,1.3,1.4
2016-09-16,357,1.2,1.3
2016-09-16,358,3.7,3.8
2016-09-16,359,1.9,2
2016-09-16,360,1.9,2
2016-09-16,361,4.1,4.2
2016-09-16,362,5,5.1
2016-09-16,363,4.3,4.4
2016-09-16,364,1.6,1.7
2016-09-16,365,1.7,1.8
2016-09-16,366,4.8,5
2016-09-16,367,1.8,1.9
2016-09-16,368,1.3,1.4
2016-09-16,369,4.8,5
2016-09-16,370,1.5,1.6
2016-09-16,371,1.3,1.4
2016-09-16,372,4.1,4.3
2016-09-19,2,,
2016-09-19,3,,
2016-09-19,4,153,155
2016-09-19,5,149,152
2016-09-19,6,,
2016-09-19,7,,
2016-09-19,8,250,252
2016-09-19,9,158,159
2016-09-19,10,158,160
2016-09-19,11,,
2016-09-19,12,185,190
2016-09-19,13,,
2016-09-19,14,159,161
2016-09-19,15,,
2016-09-19,16,183,185
2016-09-19,17,,
2016-09-19,18,,
2016-09-19,19,140,145
2016-09-19,20,149,152
2016-09-19,21,157,158
2016-09-19,22,,
2016-09-19,23,390,395
2016-09-19,24,384,389
2016-09-19,25,224,226
2016-09-19,26,219,222
2016-09-19,27,435,436
2016-09-19,28,431,433
2016-09-19,29,417,418
2016-09-19,30,115,117
2016-09-19,31,119,121
2016-09-19,32,87,89
2016-09-19,33,123,125
2016-09-19,34,94,96
2016-09-19,35,172,174
2016-09-19,36,143,145
2016-09-19,37,94,95
2016-09-19,38,94,95
2016-09-19,39,263,264
2016-09-19,40,145,147
2016-09-19,41,840,845
2016-09-19,42,158,160
2016-09-19,43,150,152
2016-09-19,44,,
2016-09-19,45,,
2016-09-19,46,,
2016-09-19,47,177,178
2016-09-19,48,160,162
2016-09-19,49,,
2016-09-19,50,,
2016-09-19,51,,
2016-09-19,52,,
2016-09-19,53,,
2016-09-19,54,,
2016-09-19,55,300,330
2016-09-19,56,210,220
2016-09-19,57,174,180
2016-09-19,58,125,130
2016-09-19,59,106,108
2016-09-19,60,,
2016-09-19,61,,
2016-09-19,62,95,100
2016-09-19,63,110,115
2016-09-19,64,,
2016-09-19,65,,
2016-09-19,66,100,105
2016-09-19,67,125,130
2016-09-19,68,,
2016-09-19,69,,
2016-09-19,70,,
2016-09-19,71,70,75
2016-09-19,72,208,225
2016-09-19,73,,
2016-09-19,74,,
2016-09-19,75,345,350
2016-09-19,76,370,372
2016-09-19,77,368,370
2016-09-19,78,315,320
2016-09-19,79,,
2016-09-19,80,,
2016-09-19,81,295,305
2016-09-19,82,,
2016-09-19,83,860,870
2016-09-19,84,880,900
2016-09-19,85,720,725
2016-09-19,86,740,750
2016-09-19,87,710,715
2016-09-19,88,705,710
2016-09-19,89,1920,1930
2016-09-19,90,990,1010
2016-09-19,91,1050,1070
2016-09-19,92,860,865
2016-09-19,93,800,810
2016-09-19,94,785,790
2016-09-19,95,780,785
2016-09-19,96,,
2016-09-19,97,,
2016-09-19,98,,
2016-09-19,99,,
2016-09-19,100,,
2016-09-19,101,10,11
2016-09-19,102,10.5,11.5
2016-09-19,103,4.15,4.35
2016-09-19,104,3.45,3.6
2016-09-19,105,3.5,3.6
2016-09-19,106,3.23,3.28
2016-09-19,107,1.5,1.55
2016-09-19,108,260,278
2016-09-19,109,,
2016-09-19,110,345,377
2016-09-19,111,230,235
2016-09-19,112,230,233
2016-09-19,113,,
2016-09-19,114,213,217
2016-09-19,115,155,158
2016-09-19,116,,
2016-09-19,117,365,368
2016-09-19,118,340,343
2016-09-19,119,,
2016-09-19,120,336,338
2016-09-19,121,425,430
2016-09-19,122,348,350
2016-09-19,123,428,429
2016-09-19,124,348,350
2016-09-19,125,,
2016-09-19,126,,
2016-09-19,127,200,205
2016-09-19,128,160,165
2016-09-19,129,,
2016-09-19,130,105,110
2016-09-19,131,1660,1665
2016-09-19,132,630,635
2016-09-19,133,600,605
2016-09-19,134,700,705
2016-09-19,135,,
2016-09-19,136,,
2016-09-19,139,7.5,8.5
2016-09-19,140,8,9
2016-09-19,147,1.5,1.7
2016-09-19,149,,
2016-09-19,150,,
2016-09-19,151,,
2016-09-19,152,,
2016-09-19,153,,
2016-09-19,154,3.1,3.2
2016-09-19,155,,
2016-09-19,156,,
2016-09-19,157,,
2016-09-19,158,,
2016-09-19,159,,
2016-09-19,160,,
2016-09-19,161,,
2016-09-19,162,,
2016-09-19,163,,
2016-09-19,164,,
2016-09-19,165,,
2016-09-19,166,,
2016-09-19,168,,
2016-09-19,169,,
2016-09-19,170,4.2,4.5
2016-09-19,171,,
2016-09-19,172,,
2016-09-19,173,,
2016-09-19,174,,
2016-09-19,175,,
2016-09-19,176,7,8
2016-09-19,177,14,15
2016-09-19,178,7.3,7.4
2016-09-19,179,6.78,6.88
2016-09-19,180,6.4,6.5
2016-09-19,181,4.27,4.32
2016-09-19,182,4.57,4.62
2016-09-19,183,4.57,4.6
2016-09-19,184,5.25,5.35
2016-09-19,185,6.2,6.3
2016-09-19,186,7.75,8.05
2016-09-19,187,375,395
2016-09-19,188,390,400
2016-09-19,189,230,240
2016-09-19,190,2150,2200
2016-09-19,191,4,4
2016-09-19,192,2.93,2.93
2016-09-19,193,2.64,2.64
2016-09-19,194,2.31,2.31
2016-09-19,195,2.07,2.07
2016-09-19,196,1.74,1.74
2016-09-19,197,1.64,1.64
2016-09-19,198,1.71,1.71
2016-09-19,199,1.66,1.66
2016-09-19,202,,
2016-09-19,203,,
2016-09-19,204,,
2016-09-19,205,,
2016-09-19,206,,
2016-09-19,207,,
2016-09-19,208,,
2016-09-19,209,0.3,0.4
2016-09-19,210,,
2016-09-19,211,0.2,0.25
2016-09-19,212,,
2016-09-19,213,0.3,0.35
2016-09-19,214,,
2016-09-19,215,,
2016-09-19,216,,
2016-09-19,217,,
2016-09-19,218,,
2016-09-19,219,,
2016-09-19,220,0.5,0.6
2016-09-19,221,1.3,1.5
2016-09-19,222,4,4.5
2016-09-19,223,,
2016-09-19,224,1.5,2
2016-09-19,225,1.6,1.65
2016-09-19,226,,
2016-09-19,227,,
2016-09-19,228,,
2016-09-19,229,0.4,0.5
2016-09-19,230,,
2016-09-19,231,,
2016-09-19,232,0.35,0.4
2016-09-19,233,0.25,0.3
2016-09-19,234,,
2016-09-19,235,,
2016-09-19,236,0.55,0.65
2016-09-19,237,0.6,0.7
2016-09-19,238,0.4,0.5
2016-09-19,239,1.5,1.7
2016-09-19,240,1.2,1.5
2016-09-19,241,0.8,0.9
2016-09-19,242,0.5,0.6
2016-09-19,243,0.35,0.45
2016-09-19,244,,
2016-09-19,245,0.5,0.6
2016-09-19,246,,
2016-09-19,247,,
2016-09-19,248,,
2016-09-19,249,,
2016-09-19,250,,
2016-09-19,251,,
2016-09-19,252,3,3.2
2016-09-19,253,0.65,0.75
2016-09-19,254,,
2016-09-19,255,0.65,0.7
2016-09-19,256,0.3,0.4
2016-09-19,257,,
2016-09-19,258,0.2,0.25
2016-09-19,259,,
2016-09-19,260,,
2016-09-19,261,,
2016-09-19,262,,
2016-09-19,263,,
2016-09-19,264,,
2016-09-19,265,,
2016-09-19,266,,
2016-09-19,267,,
2016-09-19,268,,
2016-09-19,269,,
2016-09-19,270,,
2016-09-19,271,,
2016-09-19,272,,
2016-09-19,273,,
2016-09-19,274,,
2016-09-19,275,,
2016-09-19,276,,
2016-09-19,277,2.5,3.5
2016-09-19,278,,
2016-09-19,279,,
2016-09-19,280,0.3,0.45
2016-09-19,281,,
2016-09-19,282,0.3,0.4
2016-09-19,283,,
2016-09-19,284,,
2016-09-19,285,,
2016-09-19,286,,
2016-09-19,287,,
2016-09-19,288,,
2016-09-19,289,,
2016-09-19,290,,
2016-09-19,291,,
2016-09-19,292,,
2016-09-19,293,,
2016-09-19,294,,
2016-09-19,295,,
2016-09-19,296,,
2016-09-19,297,,
2016-09-19,298,,
2016-09-19,299,,
2016-09-19,300,,
2016-09-19,301,,
2016-09-19,302,,
2016-09-19,303,,
2016-09-19,304,,
2016-09-19,305,,
2016-09-19,306,0.6,0.7
2016-09-19,307,,
2016-09-19,308,,
2016-09-19,309,,
2016-09-19,310,,
2016-09-19,311,,
2016-09-19,312,,
2016-09-19,313,,
2016-09-19,314,,
2016-09-19,315,,
2016-09-19,316,,
2016-09-19,317,,
2016-09-19,318,,
2016-09-19,319,,
2016-09-19,320,,
2016-09-19,321,,
2016-09-19,322,,
2016-09-19,323,0.5,0.6
2016-09-19,615,8.5,9.5
2016-09-19,616,8,9
2016-09-19,619,3.4,3.6
2016-09-19,620,3.5,3.7
2016-09-19,623,0.4,0.45
2016-09-19,624,0.45,0.5
2016-09-19,625,,
2016-09-19,626,1,1.2
2016-09-19,627,1,1.2
2016-09-19,628,2.1,2.2
2016-09-19,629,2.1,2.3
2016-09-19,630,0.34,0.36
2016-09-19,631,0.45,0.55
2016-09-19,632,0.4,0.5
2016-09-19,633,0.4,0.5
2016-09-19,634,0.65,0.7
2016-09-19,635,,
2016-09-19,636,0.34,0.38
2016-09-19,637,0.4,0.45
2016-09-19,638,0.4,0.45
2016-09-19,639,0.55,0.58
2016-09-19,640,,
2016-09-19,641,,
2016-09-19,642,,
2016-09-19,643,,
2016-09-19,644,,
2016-09-23,324,1,1.02
2016-09-23,325,0.97,0.99
2016-09-23,326,1,1.02
2016-09-23,328,0.06,0.08
2016-09-23,329,0.03,0.05
2016-09-23,331,0.09,0.11
2016-09-23,332,,
2016-09-23,333,2.4,2.44
2016-09-23,334,2.4,2.44
2016-09-23,335,2.35,2.39
2016-09-23,336,,
2016-09-23,337,,
2016-09-23,338,1.23,1.25
2016-09-23,339,1.23,1.25
2016-09-23,340,,
2016-09-23,341,2.55,2.59
2016-09-23,342,2.65,2.69
2016-09-23,343,2.45,2.49
2016-09-23,344,12.2,12.2
2016-09-23,345,9.2,9.2
2016-09-23,346,8.3,8.3
2016-09-23,347,7.9,7.9
2016-09-23,348,1.85,1.95
2016-09-23,349,1.85,1.95
2016-09-23,350,2.1,2.2
2016-09-23,351,1.9,2
2016-09-23,352,3.75,3.85
2016-09-23,353,4,4.1
2016-09-23,354,1.3,1.4
2016-09-23,355,1.4,1.5
2016-09-23,356,1.4,1.5
2016-09-23,357,1.3,1.4
2016-09-23,358,3.7,3.8
2016-09-23,359,1.95,2.05
2016-09-23,360,1.95,2.05
2016-09-23,361,4.15,4.25
2016-09-23,362,5.05,5.15
2016-09-23,363,4.5,4.6
2016-09-23,364,1.7,1.8
2016-09-23,365,1.7,1.8
2016-09-23,366,5,5.1
2016-09-23,367,1.9,2
2016-09-23,368,1.3,1.4
2016-09-23,369,5,5.1
2016-09-23,370,1.6,1.7
2016-09-23,371,1.3,1.4
2016-09-23,372,4.3,4.4
2016-09-26,2,,
2016-09-26,3,,
2016-09-26,4,153,155
2016-09-26,5,149,152
2016-09-26,6,,
2016-09-26,7,,
2016-09-26,8,248,250
2016-09-26,9,156,157
2016-09-26,10,158,160
2016-09-26,11,,
2016-09-26,12,185,190
2016-09-26,13,,
2016-09-26,14,159,160
2016-09-26,15,,
2016-09-26,16,180,182
2016-09-26,17,,
2016-09-26,18,,
2016-09-26,19,140,145
2016-09-26,20,149,152
2016-09-26,21,157,158
2016-09-26,22,,
2016-09-26,23,390,395
2016-09-26,24,384,389
2016-09-26,25,224,226
2016-09-26,26,219,222
2016-09-26,27,435,436
2016-09-26,28,431,433
2016-09-26,29,417,418
2016-09-26,30,116,118
2016-09-26,31,120,122
2016-09-26,32,88,90
2016-09-26,33,124,126
2016-09-26,34,95,97
2016-09-26,35,172,174
2016-09-26,36,143,145
2016-09-26,37,99,100
2016-09-26,38,99,100
2016-09-26,39,263,264
2016-09-26,40,145,147
2016-09-26,41,845,850
2016-09-26,42,158,160
2016-09-26,43,150,152
2016-09-26,44,,
2016-09-26,45,,
2016-09-26,46,,
2016-09-26,47,175,176
2016-09-26,48,160,162
2016-09-26,49,,
2016-09-26,50,,
2016-09-26,51,,
2016-09-26,52,,
2016-09-26,53,,
2016-09-26,54,,
2016-09-26,55,315,345
2016-09-26,56,220,230
2016-09-26,57,174,180
2016-09-26,58,125,130
2016-09-26,59,106,108
2016-09-26,60,,
2016-09-26,61,,
2016-09-26,62,95,100
2016-09-26,63,110,115
2016-09-26,64,,
2016-09-26,65,,
2016-09-26,66,100,105
2016-09-26,67,125,130
2016-09-26,68,,
2016-09-26,69,,
2016-09-26,70,,
2016-09-26,71,70,75
2016-09-26,72,208,225
2016-09-26,73,335,338
2016-09-26,74,,
2016-09-26,75,340,345
2016-09-26,76,355,357
2016-09-26,77,353,355
2016-09-26,78,315,320
2016-09-26,79,,
2016-09-26,80,,
2016-09-26,81,295,305
2016-09-26,82,,
2016-09-26,83,860,870
2016-09-26,84,880,900
2016-09-26,85,710,715
2016-09-26,86,720,730
2016-09-26,87,715,720
2016-09-26,88,715,720
2016-09-26,89,1890,1900
2016-09-26,90,990,1010
2016-09-26,91,1050,1070
2016-09-26,92,850,855
2016-09-26,93,790,800
2016-09-26,94,795,800
2016-09-26,95,790,795
2016-09-26,96,,
2016-09-26,97,,
2016-09-26,98,,
2016-09-26,99,,
2016-09-26,100,,
2016-09-26,101,10,11
2016-09-26,102,10.5,11.5
2016-09-26,103,4.25,4.45
2016-09-26,104,3.45,3.6
2016-09-26,105,3.5,3.6
2016-09-26,106,3.2,3.25
2016-09-26,107,1.5,1.55
2016-09-26,108,260,278
2016-09-26,109,,
2016-09-26,110,345,377
2016-09-26,111,230,235
2016-09-26,112,230,233
2016-09-26,113,,
2016-09-26,114,211,215
2016-09-26,115,155,158
2016-09-26,116,,
2016-09-26,117,350,353
2016-09-26,118,325,328
2016-09-26,119,,
2016-09-26,120,324,326
2016-09-26,121,415,420
2016-09-26,122,335,337
2016-09-26,123,413,414
2016-09-26,124,333,335
2016-09-26,125,,
2016-09-26,126,,
2016-09-26,127,200,205
2016-09-26,128,160,165
2016-09-26,129,,
2016-09-26,130,105,110
2016-09-26,131,1660,1665
2016-09-26,132,640,645
2016-09-26,133,610,615
2016-09-26,134,710,715
2016-09-26,135,,
2016-09-26,136,,
2016-09-26,139,7.5,8.5
2016-09-26,140,8,9
2016-09-26,147,1.5,1.7
2016-09-26,149,,
2016-09-26,150,,
2016-09-26,151,,
2016-09-26,152,,
2016-09-26,153,,
2016-09-26,154,3.1,3.2
2016-09-26,155,,
2016-09-26,156,,
2016-09-26,157,,
2016-09-26,158,,
2016-09-26,159,,
2016-09-26,160,,
2016-09-26,161,,
2016-09-26,162,,
2016-09-26,163,,
2016-09-26,164,,
2016-09-26,165,,
2016-09-26,166,,
2016-09-26,168,,
2016-09-26,169,,
2016-09-26,170,4.2,4.5
2016-09-26,171,,
2016-09-26,172,,
2016-09-26,173,,
2016-09-26,174,,
2016-09-26,175,,
2016-09-26,176,7,8
2016-09-26,177,15,16
2016-09-26,178,7.32,7.42
2016-09-26,179,6.8,6.9
2016-09-26,180,6.42,6.52
2016-09-26,181,4.3,4.35
2016-09-26,182,4.6,4.65
2016-09-26,183,4.57,4.6
2016-09-26,184,5.25,5.35
2016-09-26,185,6.2,6.3
2016-09-26,186,7.75,8.05
2016-09-26,187,385,395
2016-09-26,188,390,400
2016-09-26,189,235,245
2016-09-26,190,2150,2200
2016-09-26,191,4,4
2016-09-26,192,2.95,2.95
2016-09-26,193,2.66,2.66
2016-09-26,194,2.33,2.33
2016-09-26,195,2.09,2.09
2016-09-26,196,1.76,1.76
2016-09-26,197,1.67,1.67
2016-09-26,198,1.74,1.74
2016-09-26,199,1.69,1.69
2016-09-26,202,,
2016-09-26,203,,
2016-09-26,204,,
2016-09-26,205,,
2016-09-26,206,,
2016-09-26,207,,
2016-09-26,208,,
2016-09-26,209,0.3,0.4
2016-09-26,210,,
2016-09-26,211,0.2,0.25
2016-09-26,212,0.25,0.3
2016-09-26,213,0.4,0.45
2016-09-26,214,,
2016-09-26,215,,
2016-09-26,216,,
2016-09-26,217,,
2016-09-26,218,,
2016-09-26,219,,
2016-09-26,220,0.6,0.65
2016-09-26,221,1.6,1.8
2016-09-26,222,,
2016-09-26,223,,
2016-09-26,224,1.5,2
2016-09-26,225,1.6,1.65
2016-09-26,226,,
2016-09-26,227,,
2016-09-26,228,,
2016-09-26,229,0.45,0.55
2016-09-26,230,,
2016-09-26,231,,
2016-09-26,232,0.45,0.5
2016-09-26,233,0.25,0.3
2016-09-26,234,,
2016-09-26,235,,
2016-09-26,236,0.55,0.65
2016-09-26,237,0.65,0.75
2016-09-26,238,0.4,0.5
2016-09-26,239,1.5,1.7
2016-09-26,240,1.2,1.5
2016-09-26,241,0.75,0.85
2016-09-26,242,0.65,0.75
2016-09-26,243,0.35,0.45
2016-09-26,244,,
2016-09-26,245,0.7,0.8
2016-09-26,246,,
2016-09-26,247,0.5,0.6
2016-09-26,248,,
2016-09-26,249,,
2016-09-26,250,,
2016-09-26,251,,
2016-09-26,252,3,3.2
2016-09-26,253,0.65,0.75
2016-09-26,254,,
2016-09-26,255,0.6,0.65
2016-09-26,256,0.3,0.4
2016-09-26,257,,
2016-09-26,258,0.35,0.45
2016-09-26,259,,
2016-09-26,260,,
2016-09-26,261,,
2016-09-26,262,,
2016-09-26,263,,
2016-09-26,264,,
2016-09-26,265,,
2016-09-26,266,,
2016-09-26,267,,
2016-09-26,268,,
2016-09-26,269,,
2016-09-26,270,,
2016-09-26,271,,
2016-09-26,272,,
2016-09-26,273,,
2016-09-26,274,,
2016-09-26,275,,
2016-09-26,276,,
2016-09-26,277,2.5,3.5
2016-09-26,278,,
2016-09-26,279,,
2016-09-26,280,0.3,0.35
2016-09-26,281,,
2016-09-26,282,0.3,0.4
2016-09-26,283,,
2016-09-26,284,,
2016-09-26,285,,
2016-09-26,286,,
2016-09-26,287,,
2016-09-26,288,,
2016-09-26,289,,
2016-09-26,290,,
2016-09-26,291,,
2016-09-26,292,,
2016-09-26,293,,
2016-09-26,294,,
2016-09-26,295,,
2016-09-26,296,,
2016-09-26,297,,
2016-09-26,298,,
2016-09-26,299,,
2016-09-26,300,,
2016-09-26,301,,
2016-09-26,302,,
2016-09-26,303,,
2016-09-26,304,,
2016-09-26,305,,
2016-09-26,306,0.6,0.7
2016-09-26,307,,
2016-09-26,308,,
2016-09-26,309,,
2016-09-26,310,,
2016-09-26,311,,
2016-09-26,312,,
2016-09-26,313,,
2016-09-26,314,,
2016-09-26,315,,
2016-09-26,316,,
2016-09-26,317,,
2016-09-26,318,,
2016-09-26,319,,
2016-09-26,320,,
2016-09-26,321,,
2016-09-26,322,,
2016-09-26,323,,
2016-09-26,615,8.5,9.5
2016-09-26,616,8,9
2016-09-26,619,3.4,3.6
2016-09-26,620,3.5,3.7
2016-09-26,623,0.4,0.45
2016-09-26,624,0.45,0.5
2016-09-26,625,0.38,0.43
2016-09-26,626,1,1.2
2016-09-26,627,1,1.2
2016-09-26,628,2.1,2.2
2016-09-26,629,2.1,2.3
2016-09-26,630,0.34,0.36
2016-09-26,631,0.45,0.55
2016-09-26,632,0.4,0.5
2016-09-26,633,0.4,0.5
2016-09-26,634,0.65,0.7
2016-09-26,635,1.7,2
2016-09-26,636,0.34,0.38
2016-09-26,637,0.4,0.45
2016-09-26,638,0.4,0.45
2016-09-26,639,0.55,0.58
2016-09-26,640,,
2016-09-26,641,,
2016-09-26,642,0.22,0.25
2016-09-26,643,0.25,0.3
2016-09-26,644,0.2,0.2
2016-09-30,324,1.03,1.05
2016-09-30,325,0.99,1.01
2016-09-30,326,1.03,1.05
2016-09-30,328,0.06,0.08
2016-09-30,329,0.03,0.05
2016-09-30,331,0.09,0.11
2016-09-30,332,,
2016-09-30,333,2.4,2.44
2016-09-30,334,2.4,2.44
2016-09-30,335,2.35,2.39
2016-09-30,336,,
2016-09-30,337,,
2016-09-30,338,1.25,1.27
2016-09-30,339,1.25,1.27
2016-09-30,340,,
2016-09-30,341,2.55,2.59
2016-09-30,342,2.65,2.69
2016-09-30,343,2.45,2.49
2016-09-30,344,12.2,12.2
2016-09-30,345,9.2,9.2
2016-09-30,346,8.3,8.3
2016-09-30,347,7.9,7.9
2016-09-30,348,1.9,2
2016-09-30,349,1.9,2
2016-09-30,350,2.1,2.2
2016-09-30,351,1.95,2.05
2016-09-30,352,3.75,3.85
2016-09-30,353,4,4.1
2016-09-30,354,1.3,1.4
2016-09-30,355,1.4,1.5
2016-09-30,356,1.4,1.5
2016-09-30,357,1.3,1.4
2016-09-30,358,3.7,3.8
2016-09-30,359,1.98,2.08
2016-09-30,360,1.98,2.08
2016-09-30,361,4.15,4.25
2016-09-30,362,5.05,5.15
2016-09-30,363,4.6,4.7
2016-09-30,364,1.8,1.9
2016-09-30,365,1.7,1.8
2016-09-30,366,5.1,5.2
2016-09-30,367,2,2.1
2016-09-30,368,1.3,1.4
2016-09-30,369,5.1,5.2
2016-09-30,370,1.7,1.8
2016-09-30,371,1.3,1.4
2016-09-30,372,4.35,4.45
2016-10-03,2,,
2016-10-03,3,,
2016-10-03,4,154,155
2016-10-03,5,,
2016-10-03,6,,
2016-10-03,7,,
2016-10-03,8,248,250
2016-10-03,9,155,156
2016-10-03,10,158,160
2016-10-03,11,,
2016-10-03,12,185,190
2016-10-03,13,,
2016-10-03,14,159,160
2016-10-03,15,,
2016-10-03,16,172,174
2016-10-03,17,,
2016-10-03,18,,
2016-10-03,19,140,145
2016-10-03,20,149,152
2016-10-03,21,157,158
2016-10-03,22,,
2016-10-03,23,390,395
2016-10-03,24,384,389
2016-10-03,25,224,226
2016-10-03,26,219,222
2016-10-03,27,435,436
2016-10-03,28,431,433
2016-10-03,29,417,418
2016-10-03,30,114,116
2016-10-03,31,118,120
2016-10-03,32,86,88
2016-10-03,33,122,124
2016-10-03,34,93,95
2016-10-03,35,167,169
2016-10-03,36,138,140
2016-10-03,37,97,98
2016-10-03,38,97,98
2016-10-03,39,263,264
2016-10-03,40,145,147
2016-10-03,41,845,850
2016-10-03,42,156,158
2016-10-03,43,150,152
2016-10-03,44,,
2016-10-03,45,,
2016-10-03,46,,
2016-10-03,47,173,174
2016-10-03,48,160,162
2016-10-03,49,,
2016-10-03,50,,
2016-10-03,51,,
2016-10-03,52,,
2016-10-03,53,,
2016-10-03,54,,
2016-10-03,55,315,345
2016-10-03,56,220,230
2016-10-03,57,174,180
2016-10-03,58,125,130
2016-10-03,59,106,108
2016-10-03,60,,
2016-10-03,61,,
2016-10-03,62,100,105
2016-10-03,63,115,120
2016-10-03,64,,
2016-10-03,65,,
2016-10-03,66,110,115
2016-10-03,67,135,140
2016-10-03,68,,
2016-10-03,69,,
2016-10-03,70,,
2016-10-03,71,70,75
2016-10-03,72,200,220
2016-10-03,73,335,338
2016-10-03,74,,
2016-10-03,75,340,345
2016-10-03,76,355,357
2016-10-03,77,353,355
2016-10-03,78,315,320
2016-10-03,79,,
2016-10-03,80,,
2016-10-03,81,290,300
2016-10-03,82,,
2016-10-03,83,830,840
2016-10-03,84,870,890
2016-10-03,85,710,715
2016-10-03,86,690,700
2016-10-03,87,710,715
2016-10-03,88,705,710
2016-10-03,89,1850,1860
2016-10-03,90,960,980
2016-10-03,91,1040,1060
2016-10-03,92,830,835
2016-10-03,93,800,810
2016-10-03,94,790,795
2016-10-03,95,780,785
2016-10-03,96,,
2016-10-03,97,,
2016-10-03,98,,
2016-10-03,99,,
2016-10-03,100,,
2016-10-03,101,10,11
2016-10-03,102,10.5,11.5
2016-10-03,103,4.25,4.45
2016-10-03,104,3.45,3.6
2016-10-03,105,3.5,3.6
2016-10-03,106,3.1,3.15
2016-10-03,107,1.45,1.5
2016-10-03,108,257,275
2016-10-03,109,,
2016-10-03,110,345,380
2016-10-03,111,230,235
2016-10-03,112,230,233
2016-10-03,113,,
2016-10-03,114,200,208
2016-10-03,115,155,158
2016-10-03,116,,
2016-10-03,117,350,353
2016-10-03,118,322,325
2016-10-03,119,,
2016-10-03,120,320,322
2016-10-03,121,415,417
2016-10-03,122,332,334
2016-10-03,123,413,414
2016-10-03,124,330,332
2016-10-03,125,,
2016-10-03,126,,
2016-10-03,127,205,210
2016-10-03,128,165,170
2016-10-03,129,,
2016-10-03,130,105,110
2016-10-03,131,1660,1665
2016-10-03,132,650,655
2016-10-03,133,620,625
2016-10-03,134,720,725
2016-10-03,135,,
2016-10-03,136,,
2016-10-03,139,7.5,8.5
2016-10-03,140,8,9
2016-10-03,147,1.5,1.7
2016-10-03,149,,
2016-10-03,150,,
2016-10-03,151,,
2016-10-03,152,,
2016-10-03,153,,
2016-10-03,154,3.1,3.2
2016-10-03,155,,
2016-10-03,156,,
2016-10-03,157,,
2016-10-03,158,,
2016-10-03,159,,
2016-10-03,160,,
2016-10-03,161,,
2016-10-03,162,,
2016-10-03,163,,
2016-10-03,164,,
2016-10-03,165,,
2016-10-03,166,,
2016-10-03,168,,
2016-10-03,169,,
2016-10-03,170,4.2,4.5
2016-10-03,171,,
2016-10-03,172,,
2016-10-03,173,,
2016-10-03,174,,
2016-10-03,175,,
2016-10-03,176,7,8
2016-10-03,177,15,16
2016-10-03,178,7.32,7.42
2016-10-03,179,6.8,6.9
2016-10-03,180,6.42,6.52
2016-10-03,181,4.3,4.35
2016-10-03,182,4.6,4.65
2016-10-03,183,4.57,4.6
2016-10-03,184,5.25,5.35
2016-10-03,185,6.2,6.3
2016-10-03,186,7.85,8.15
2016-10-03,187,390,405
2016-10-03,188,395,405
2016-10-03,189,240,250
2016-10-03,190,2150,2200
2016-10-03,191,4,4
2016-10-03,192,2.96,2.96
2016-10-03,193,2.67,2.67
2016-10-03,194,2.33,2.33
2016-10-03,195,2.09,2.09
2016-10-03,196,1.76,1.76
2016-10-03,197,1.67,1.67
2016-10-03,198,1.74,1.74
2016-10-03,199,1.69,1.69
2016-10-03,202,,
2016-10-03,203,,
2016-10-03,204,,
2016-10-03,205,,
2016-10-03,206,,
2016-10-03,207,,
2016-10-03,208,,
2016-10-03,209,0.4,0.5
2016-10-03,210,,
2016-10-03,211,0.2,0.25
2016-10-03,212,0.25,0.3
2016-10-03,213,0.45,0.5
2016-10-03,214,,
2016-10-03,215,,
2016-10-03,216,,
2016-10-03,217,,
2016-10-03,218,,
2016-10-03,219,,
2016-10-03,220,0.65,0.7
2016-10-03,221,1.6,1.8
2016-10-03,222,,
2016-10-03,223,,
2016-10-03,224,1.5,2
2016-10-03,225,1.6,1.65
2016-10-03,226,,
2016-10-03,227,,
2016-10-03,228,,
2016-10-03,229,0.4,0.5
2016-10-03,230,,
2016-10-03,231,,
2016-10-03,232,0.45,0.55
2016-10-03,233,0.25,0.3
2016-10-03,234,,
2016-10-03,235,,
2016-10-03,236,0.6,0.65
2016-10-03,237,0.65,0.75
2016-10-03,238,0.4,0.5
2016-10-03,239,1.3,1.5
2016-10-03,240,1.2,1.5
2016-10-03,241,0.75,0.85
2016-10-03,242,0.7,0.8
2016-10-03,243,0.35,0.45
2016-10-03,244,,
2016-10-03,245,0.6,0.7
2016-10-03,246,,
2016-10-03,247,0.4,0.5
2016-10-03,248,,
2016-10-03,249,0.9,1
2016-10-03,250,0.7,0.8
2016-10-03,251,,
2016-10-03,252,3,3.2
2016-10-03,253,0.65,0.75
2016-10-03,254,,
2016-10-03,255,0.4,0.45
2016-10-03,256,0.3,0.4
2016-10-03,257,,
2016-10-03,258,0.4,0.5
2016-10-03,259,,
2016-10-03,260,,
2016-10-03,261,,
2016-10-03,262,,
2016-10-03,263,,
2016-10-03,264,,
2016-10-03,265,,
2016-10-03,266,,
2016-10-03,267,,
2016-10-03,268,,
2016-10-03,269,,
2016-10-03,270,,
2016-10-03,271,,
2016-10-03,272,,
2016-10-03,273,,
2016-10-03,274,,
2016-10-03,275,,
2016-10-03,276,,
2016-10-03,277,2,2.5
2016-10-03,278,,
2016-10-03,279,,
2016-10-03,280,0.3,0.35
2016-10-03,281,,
2016-10-03,282,0.3,0.4
2016-10-03,283,,
2016-10-03,284,0.35,0.4
2016-10-03,285,,
2016-10-03,286,,
2016-10-03,287,,
2016-10-03,288,,
2016-10-03,289,,
2016-10-03,290,,
2016-10-03,291,,
2016-10-03,292,,
2016-10-03,293,,
2016-10-03,294,,
2016-10-03,295,,
2016-10-03,296,,
2016-10-03,297,,
2016-10-03,298,,
2016-10-03,299,,
2016-10-03,300,,
2016-10-03,301,,
2016-10-03,302,,
2016-10-03,303,,
2016-10-03,304,,
2016-10-03,305,,
2016-10-03,306,0.6,0.7
2016-10-03,307,,
2016-10-03,308,,
2016-10-03,309,,
2016-10-03,310,,
2016-10-03,311,,
2016-10-03,312,,
2016-10-03,313,,
2016-10-03,314,,
2016-10-03,315,,
2016-10-03,316,,
2016-10-03,317,,
2016-10-03,318,,
2016-10-03,319,,
2016-10-03,320,,
2016-10-03,321,,
2016-10-03,322,,
2016-10-03,323,,
2016-10-03,615,8.5,9.5
2016-10-03,616,8,9
2016-10-03,619,3.4,3.6
2016-10-03,620,3.5,3.7
2016-10-03,623,0.4,0.45
2016-10-03,624,0.45,0.5
2016-10-03,625,0.38,0.43
2016-10-03,626,1,1.2
2016-10-03,627,1,1.2
2016-10-03,628,2.1,2.2
2016-10-03,629,2.1,2.3
2016-10-03,630,0.34,0.36
2016-10-03,631,0.45,0.55
2016-10-03,632,0.4,0.5
2016-10-03,633,0.4,0.5
2016-10-03,634,0.65,0.7
2016-10-03,635,1.7,2
2016-10-03,636,0.34,0.38
2016-10-03,637,0.4,0.45
2016-10-03,638,0.4,0.45
2016-10-03,639,0.55,0.58
2016-10-03,640,,
2016-10-03,641,,
2016-10-03,642,0.22,0.25
2016-10-03,643,0.25,0.3
2016-10-03,644,0.2,0.2
2016-10-03,645,1,1.1
2016-10-07,324,1.04,1.06
2016-10-07,325,0.99,1.01
2016-10-07,326,1.04,1.06
2016-10-07,328,0.06,0.08
2016-10-07,329,0.03,0.05
2016-10-07,331,0.09,0.11
2016-10-07,332,,
2016-10-07,333,2.4,2.44
2016-10-07,334,2.4,2.44
2016-10-07,335,2.35,2.39
2016-10-07,336,,
2016-10-07,337,,
2016-10-07,338,1.27,1.29
2016-10-07,339,1.27,1.29
2016-10-07,340,,
2016-10-07,341,2.55,2.59
2016-10-07,342,2.65,2.69
2016-10-07,343,2.45,2.49
2016-10-07,344,12.4,12.4
2016-10-07,345,9.4,9.4
2016-10-07,346,8.4,8.4
2016-10-07,347,7.9,7.9
2016-10-07,348,1.9,2
2016-10-07,349,1.9,2
2016-10-07,350,2.1,2.2
2016-10-07,351,1.95,2.05
2016-10-07,352,3.75,3.85
2016-10-07,353,4,4.1
2016-10-07,354,1.3,1.4
2016-10-07,355,1.4,1.5
2016-10-07,356,1.4,1.5
2016-10-07,357,1.3,1.4
2016-10-07,358,3.7,3.8
2016-10-07,359,2,2.1
2016-10-07,360,2,2.1
2016-10-07,361,4.15,4.25
2016-10-07,362,5.05,5.15
2016-10-07,363,4.6,4.7
2016-10-07,364,1.9,2
2016-10-07,365,1.7,1.8
2016-10-07,366,5.2,5.3
2016-10-07,367,2.1,2.2
2016-10-07,368,1.3,1.4
2016-10-07,369,5.2,5.3
2016-10-07,370,1.8,1.9
2016-10-07,371,1.3,1.4
2016-10-07,372,4.55,4.65
2016-10-10,2,,
2016-10-10,3,,
2016-10-10,4,155,156
2016-10-10,5,,
2016-10-10,6,,
2016-10-10,7,,
2016-10-10,8,253,255
2016-10-10,9,155,156
2016-10-10,10,160,162
2016-10-10,11,,
2016-10-10,12,185,190
2016-10-10,13,,
2016-10-10,14,159,160
2016-10-10,15,,
2016-10-10,16,170,172
2016-10-10,17,,
2016-10-10,18,,
2016-10-10,19,,
2016-10-10,20,151,153
2016-10-10,21,159,160
2016-10-10,22,,
2016-10-10,23,390,395
2016-10-10,24,384,389
2016-10-10,25,224,226
2016-10-10,26,219,222
2016-10-10,27,435,436
2016-10-10,28,431,433
2016-10-10,29,417,418
2016-10-10,30,114,116
2016-10-10,31,118,120
2016-10-10,32,86,88
2016-10-10,33,122,124
2016-10-10,34,93,95
2016-10-10,35,164,166
2016-10-10,36,135,137
2016-10-10,37,95,96
2016-10-10,38,95,96
2016-10-10,39,263,264
2016-10-10,40,145,147
2016-10-10,41,845,850
2016-10-10,42,153,155
2016-10-10,43,150,152
2016-10-10,44,,
2016-10-10,45,,
2016-10-10,46,,
2016-10-10,47,171,172
2016-10-10,48,160,162
2016-10-10,49,,
2016-10-10,50,460,500
2016-10-10,51,470,520
2016-10-10,52,,
2016-10-10,53,,
2016-10-10,54,,
2016-10-10,55,320,350
2016-10-10,56,230,240
2016-10-10,57,164,170
2016-10-10,58,115,120
2016-10-10,59,96,98
2016-10-10,60,,
2016-10-10,61,,
2016-10-10,62,100,105
2016-10-10,63,115,120
2016-10-10,64,,
2016-10-10,65,,
2016-10-10,66,110,115
2016-10-10,67,135,140
2016-10-10,68,,
2016-10-10,69,,
2016-10-10,70,,
2016-10-10,71,70,75
2016-10-10,72,200,220
2016-10-10,73,338,341
2016-10-10,74,,
2016-10-10,75,343,345
2016-10-10,76,358,360
2016-10-10,77,356,358
2016-10-10,78,,
2016-10-10,79,,
2016-10-10,80,,
2016-10-10,81,280,285
2016-10-10,82,,
2016-10-10,83,810,820
2016-10-10,84,870,890
2016-10-10,85,710,715
2016-10-10,86,680,690
2016-10-10,87,715,720
2016-10-10,88,710,715
2016-10-10,89,1830,1840
2016-10-10,90,940,960
2016-10-10,91,1020,1040
2016-10-10,92,830,835
2016-10-10,93,800,810
2016-10-10,94,795,800
2016-10-10,95,785,790
2016-10-10,96,,
2016-10-10,97,,
2016-10-10,98,,
2016-10-10,99,,
2016-10-10,100,,
2016-10-10,101,10,11
2016-10-10,102,10.5,11.5
2016-10-10,103,4.25,4.45
2016-10-10,104,3.45,3.6
2016-10-10,105,3.5,3.6
2016-10-10,106,3,3.05
2016-10-10,107,1.45,1.5
2016-10-10,108,255,273
2016-10-10,109,,
2016-10-10,110,345,380
2016-10-10,111,230,235
2016-10-10,112,230,233
2016-10-10,113,,
2016-10-10,114,200,208
2016-10-10,115,152,155
2016-10-10,116,,
2016-10-10,117,350,353
2016-10-10,118,322,325
2016-10-10,119,,
2016-10-10,120,320,322
2016-10-10,121,415,417
2016-10-10,122,334,336
2016-10-10,123,413,414
2016-10-10,124,330,332
2016-10-10,125,,
2016-10-10,126,,
2016-10-10,127,205,210
2016-10-10,128,165,170
2016-10-10,129,,
2016-10-10,130,105,110
2016-10-10,131,1660,1665
2016-10-10,132,650,655
2016-10-10,133,620,625
2016-10-10,134,720,725
2016-10-10,135,,
2016-10-10,136,,
2016-10-10,139,7.5,8.5
2016-10-10,140,8,9
2016-10-10,147,1.5,1.7
2016-10-10,149,,
2016-10-10,150,,
2016-10-10,151,,
2016-10-10,152,,
2016-10-10,153,,
2016-10-10,154,3.1,3.2
2016-10-10,155,,
2016-10-10,156,,
2016-10-10,157,,
2016-10-10,158,,
2016-10-10,159,,
2016-10-10,160,,
2016-10-10,161,,
2016-10-10,162,,
2016-10-10,163,,
2016-10-10,164,,
2016-10-10,165,,
2016-10-10,166,,
2016-10-10,168,,
2016-10-10,169,,
2016-10-10,170,,
2016-10-10,171,,
2016-10-10,172,,
2016-10-10,173,,
2016-10-10,174,,
2016-10-10,175,,
2016-10-10,176,7,8
2016-10-10,177,15,16
2016-10-10,178,7.32,7.42
2016-10-10,179,6.8,6.9
2016-10-10,180,6.42,6.52
2016-10-10,181,4.35,4.4
2016-10-10,182,4.6,4.65
2016-10-10,183,4.6,4.65
2016-10-10,184,5.3,5.4
2016-10-10,185,6.25,6.35
2016-10-10,186,7.9,8.2
2016-10-10,187,400,415
2016-10-10,188,410,420
2016-10-10,189,240,260
2016-10-10,190,2200,2300
2016-10-10,191,4,4
2016-10-10,192,2.96,2.96
2016-10-10,193,2.67,2.67
2016-10-10,194,2.33,2.33
2016-10-10,195,2.09,2.09
2016-10-10,196,1.76,1.76
2016-10-10,197,1.65,1.65
2016-10-10,198,1.72,1.72
2016-10-10,199,1.67,1.67
2016-10-10,202,,
2016-10-10,203,,
2016-10-10,204,,
2016-10-10,205,,
2016-10-10,206,,
2016-10-10,207,,
2016-10-10,208,,
2016-10-10,209,0.45,0.55
2016-10-10,210,,
2016-10-10,211,0.2,0.25
2016-10-10,212,0.25,0.3
2016-10-10,213,0.45,0.5
2016-10-10,214,,
2016-10-10,215,,
2016-10-10,216,,
2016-10-10,217,,
2016-10-10,218,,
2016-10-10,219,,
2016-10-10,220,0.5,0.7
2016-10-10,221,1.1,1.3
2016-10-10,222,,
2016-10-10,223,,
2016-10-10,224,2,2.5
2016-10-10,225,1.6,1.65
2016-10-10,226,,
2016-10-10,227,,
2016-10-10,228,,
2016-10-10,229,0.45,0.55
2016-10-10,230,,
2016-10-10,231,,
2016-10-10,232,0.5,0.6
2016-10-10,233,0.25,0.3
2016-10-10,234,,
2016-10-10,235,,
2016-10-10,236,0.65,0.75
2016-10-10,237,0.7,0.75
2016-10-10,238,0.4,0.5
2016-10-10,239,1.3,1.5
2016-10-10,240,1.3,1.5
2016-10-10,241,0.8,0.9
2016-10-10,242,0.7,0.8
2016-10-10,243,0.35,0.45
2016-10-10,244,,
2016-10-10,245,0.75,0.85
2016-10-10,246,,
2016-10-10,247,0.4,0.5
2016-10-10,248,,
2016-10-10,249,0.8,0.9
2016-10-10,250,0.7,0.8
2016-10-10,251,,
2016-10-10,252,3,3.5
2016-10-10,253,0.65,0.75
2016-10-10,254,,
2016-10-10,255,0.5,0.6
2016-10-10,256,0.3,0.4
2016-10-10,257,,
2016-10-10,258,0.45,0.55
2016-10-10,259,,
2016-10-10,260,,
2016-10-10,261,,
2016-10-10,262,,
2016-10-10,263,,
2016-10-10,264,,
2016-10-10,265,,
2016-10-10,266,,
2016-10-10,267,,
2016-10-10,268,,
2016-10-10,269,,
2016-10-10,270,,
2016-10-10,271,,
2016-10-10,272,,
2016-10-10,273,,
2016-10-10,274,,
2016-10-10,275,,
2016-10-10,276,0.6,0.7
2016-10-10,277,2,2.5
2016-10-10,278,,
2016-10-10,279,,
2016-10-10,280,0.3,0.35
2016-10-10,281,0.25,0.35
2016-10-10,282,0.3,0.4
2016-10-10,283,,
2016-10-10,284,0.35,0.4
2016-10-10,285,,
2016-10-10,286,,
2016-10-10,287,,
2016-10-10,288,,
2016-10-10,289,,
2016-10-10,290,,
2016-10-10,291,,
2016-10-10,292,,
2016-10-10,293,,
2016-10-10,294,,
2016-10-10,295,,
2016-10-10,296,,
2016-10-10,297,,
2016-10-10,298,,
2016-10-10,299,,
2016-10-10,300,,
2016-10-10,301,,
2016-10-10,302,,
2016-10-10,303,,
2016-10-10,304,,
2016-10-10,305,,
2016-10-10,306,0.6,0.7
2016-10-10,307,,
2016-10-10,308,,
2016-10-10,309,,
2016-10-10,310,,
2016-10-10,311,,
2016-10-10,312,,
2016-10-10,313,,
2016-10-10,314,,
2016-10-10,315,,
2016-10-10,316,,
2016-10-10,317,,
2016-10-10,318,,
2016-10-10,319,,
2016-10-10,320,,
2016-10-10,321,,
2016-10-10,322,,
2016-10-10,323,,
2016-10-10,615,8.5,9.5
2016-10-10,616,8,9
2016-10-10,619,3.4,3.6
2016-10-10,620,3.5,3.7
2016-10-10,623,0.4,0.45
2016-10-10,624,0.45,0.5
2016-10-10,625,0.38,0.43
2016-10-10,626,1,1.2
2016-10-10,627,1,1.2
2016-10-10,628,2.1,2.2
2016-10-10,629,2.1,2.3
2016-10-10,630,0.34,0.36
2016-10-10,631,0.45,0.55
2016-10-10,632,0.4,0.5
2016-10-10,633,0.4,0.5
2016-10-10,634,0.65,0.7
2016-10-10,635,1.7,2
2016-10-10,636,0.34,0.38
2016-10-10,637,0.4,0.45
2016-10-10,638,0.4,0.45
2016-10-10,639,0.55,0.58
2016-10-10,640,,
2016-10-10,641,,
2016-10-10,642,0.22,0.25
2016-10-10,643,0.25,0.3
2016-10-10,644,0.2,0.2
2016-10-10,645,1,1.1
2016-10-10,657,1.4,1.45
2016-10-10,669,0.2,0.2
2016-10-14,324,1.04,1.06
2016-10-14,325,0.99,1.01
2016-10-14,326,1.04,1.06
2016-10-14,328,0.08,0.1
2016-10-14,329,0.07,0.09
2016-10-14,331,0.17,0.19
2016-10-14,332,,
2016-10-14,333,2.4,2.44
2016-10-14,334,2.4,2.44
2016-10-14,335,2.35,2.39
2016-10-14,336,,
2016-10-14,337,,
2016-10-14,338,1.27,1.29
2016-10-14,339,1.27,1.29
2016-10-14,340,,
2016-10-14,341,2.55,2.59
2016-10-14,342,2.65,2.69
2016-10-14,343,2.45,2.49
2016-10-14,344,12.6,12.6
2016-10-14,345,9.6,9.6
2016-10-14,346,8.5,8.5
2016-10-14,347,8,8
2016-10-14,348,1.9,2
2016-10-14,349,1.9,2
2016-10-14,350,2.1,2.2
2016-10-14,351,1.95,2.05
2016-10-14,352,3.75,3.85
2016-10-14,353,4,4.1
2016-10-14,354,1.5,1.6
2016-10-14,355,1.5,1.6
2016-10-14,356,1.5,1.6
2016-10-14,357,1.5,1.6
2016-10-14,358,3.7,3.8
2016-10-14,359,2,2.1
2016-10-14,360,2,2.1
2016-10-14,361,4.15,4.25
2016-10-14,362,5.05,5.15
2016-10-14,363,4.6,4.7
2016-10-14,364,1.9,2
2016-10-14,365,1.7,1.8
2016-10-14,366,5.2,5.3
2016-10-14,367,2.1,2.2
2016-10-14,368,1.3,1.4
2016-10-14,369,5.2,5.3
2016-10-14,370,1.8,1.9
2016-10-14,371,1.3,1.4
2016-10-14,372,4.85,4.95
2016-10-17,2,,
2016-10-17,3,,
2016-10-17,4,160,161
2016-10-17,5,,
2016-10-17,6,,
2016-10-17,7,,
2016-10-17,8,,
2016-10-17,9,160,161
2016-10-17,10,167,169
2016-10-17,11,,
2016-10-17,12,185,190
2016-10-17,13,,
2016-10-17,14,162,163
2016-10-17,15,,
2016-10-17,16,174,175
2016-10-17,17,,
2016-10-17,18,,
2016-10-17,19,,
2016-10-17,20,154,156
2016-10-17,21,164,165
2016-10-17,22,,
2016-10-17,23,390,395
2016-10-17,24,384,389
2016-10-17,25,224,226
2016-10-17,26,219,222
2016-10-17,27,435,436
2016-10-17,28,431,433
2016-10-17,29,417,418
2016-10-17,30,114,116
2016-10-17,31,118,120
2016-10-17,32,86,88
2016-10-17,33,122,124
2016-10-17,34,93,95
2016-10-17,35,164,166
2016-10-17,36,135,137
2016-10-17,37,99,100
2016-10-17,38,99,100
2016-10-17,39,265,266
2016-10-17,40,145,147
2016-10-17,41,845,850
2016-10-17,42,153,155
2016-10-17,43,150,152
2016-10-17,44,,
2016-10-17,45,,
2016-10-17,46,,
2016-10-17,47,170,171
2016-10-17,48,160,162
2016-10-17,49,,
2016-10-17,50,470,510
2016-10-17,51,500,560
2016-10-17,52,,
2016-10-17,53,1200,1250
2016-10-17,54,1300,1350
2016-10-17,55,320,350
2016-10-17,56,230,240
2016-10-17,57,154,160
2016-10-17,58,105,110
2016-10-17,59,86,88
2016-10-17,60,,
2016-10-17,61,,
2016-10-17,62,100,105
2016-10-17,63,115,120
2016-10-17,64,,
2016-10-17,65,,
2016-10-17,66,110,115
2016-10-17,67,135,140
2016-10-17,68,,
2016-10-17,69,,
2016-10-17,70,,
2016-10-17,71,70,75
2016-10-17,72,200,220
2016-10-17,73,346,349
2016-10-17,74,,
2016-10-17,75,351,353
2016-10-17,76,365,367
2016-10-17,77,363,365
2016-10-17,78,,
2016-10-17,79,,
2016-10-17,80,,
2016-10-17,81,280,285
2016-10-17,82,,
2016-10-17,83,800,810
2016-10-17,84,860,880
2016-10-17,85,710,715
2016-10-17,86,670,680
2016-10-17,87,745,750
2016-10-17,88,740,745
2016-10-17,89,1830,1840
2016-10-17,90,930,950
2016-10-17,91,1010,1030
2016-10-17,92,830,835
2016-10-17,93,800,810
2016-10-17,94,825,830
2016-10-17,95,815,820
2016-10-17,96,1,1.4
2016-10-17,97,,
2016-10-17,98,,
2016-10-17,99,,
2016-10-17,100,0.75,0.8
2016-10-17,101,,
2016-10-17,102,,
2016-10-17,103,4.85,5.6
2016-10-17,104,3.45,3.6
2016-10-17,105,3.5,3.6
2016-10-17,106,3.15,3.18
2016-10-17,107,1.45,1.5
2016-10-17,108,255,273
2016-10-17,109,,
2016-10-17,110,345,380
2016-10-17,111,230,235
2016-10-17,112,230,233
2016-10-17,113,,
2016-10-17,114,205,208
2016-10-17,115,155,156
2016-10-17,116,,
2016-10-17,117,362,365
2016-10-17,118,332,335
2016-10-17,119,,
2016-10-17,120,330,332
2016-10-17,121,425,427
2016-10-17,122,342,344
2016-10-17,123,,
2016-10-17,124,340,342
2016-10-17,125,,
2016-10-17,126,,
2016-10-17,127,205,210
2016-10-17,128,165,170
2016-10-17,129,,
2016-10-17,130,105,110
2016-10-17,131,1680,1685
2016-10-17,132,655,660
2016-10-17,133,625,630
2016-10-17,134,725,730
2016-10-17,135,,
2016-10-17,136,,
2016-10-17,139,7.5,8.5
2016-10-17,140,8,9
2016-10-17,147,1.5,1.7
2016-10-17,152,,
2016-10-17,153,,
2016-10-17,154,3.1,3.2
2016-10-17,155,,
2016-10-17,156,,
2016-10-17,157,,
2016-10-17,158,,
2016-10-17,163,,
2016-10-17,164,,
2016-10-17,165,,
2016-10-17,166,,
2016-10-17,168,,
2016-10-17,169,,
2016-10-17,170,,
2016-10-17,171,,
2016-10-17,172,,
2016-10-17,173,,
2016-10-17,174,,
2016-10-17,175,,
2016-10-17,176,7,8
2016-10-17,177,15,16
2016-10-17,178,7.4,7.5
2016-10-17,179,6.9,7
2016-10-17,180,6.5,6.6
2016-10-17,181,4.4,4.45
2016-10-17,182,4.65,4.7
2016-10-17,183,4.8,4.85
2016-10-17,184,5.5,5.6
2016-10-17,185,6.45,6.55
2016-10-17,186,8.1,8.4
2016-10-17,187,410,425
2016-10-17,188,420,430
2016-10-17,189,250,270
2016-10-17,190,2250,2350
2016-10-17,191,4,4
2016-10-17,192,2.96,2.96
2016-10-17,193,2.67,2.67
2016-10-17,194,2.33,2.33
2016-10-17,195,2.09,2.09
2016-10-17,196,1.76,1.76
2016-10-17,197,1.62,1.62
2016-10-17,198,1.69,1.69
2016-10-17,199,1.64,1.64
2016-10-17,202,,
2016-10-17,203,,
2016-10-17,204,,
2016-10-17,205,,
2016-10-17,206,,
2016-10-17,207,,
2016-10-17,208,,
2016-10-17,209,0.45,0.55
2016-10-17,210,,
2016-10-17,211,0.2,0.25
2016-10-17,212,0.25,0.3
2016-10-17,213,0.4,0.5
2016-10-17,214,,
2016-10-17,215,,
2016-10-17,216,,
2016-10-17,217,,
2016-10-17,218,,
2016-10-17,219,,
2016-10-17,220,0.6,0.7
2016-10-17,221,1.1,1.3
2016-10-17,222,,
2016-10-17,223,,
2016-10-17,224,2,2.5
2016-10-17,225,1.6,1.65
2016-10-17,226,,
2016-10-17,227,,
2016-10-17,228,,
2016-10-17,229,0.45,0.55
2016-10-17,230,,
2016-10-17,231,,
2016-10-17,232,0.45,0.5
2016-10-17,233,0.3,0.35
2016-10-17,234,,
2016-10-17,235,,
2016-10-17,236,0.65,0.75
2016-10-17,237,0.7,0.75
2016-10-17,238,0.4,0.5
2016-10-17,239,1.3,1.5
2016-10-17,240,1.3,1.5
2016-10-17,241,0.8,0.9
2016-10-17,242,0.7,0.8
2016-10-17,243,0.35,0.45
2016-10-17,244,,
2016-10-17,245,0.75,0.85
2016-10-17,246,,
2016-10-17,247,0.4,0.5
2016-10-17,248,,
2016-10-17,249,0.8,0.9
2016-10-17,250,0.7,0.8
2016-10-17,251,,
2016-10-17,252,3,3.5
2016-10-17,253,0.65,0.75
2016-10-17,254,,
2016-10-17,255,0.5,0.6
2016-10-17,256,0.3,0.4
2016-10-17,257,,
2016-10-17,258,0.6,0.7
2016-10-17,259,,
2016-10-17,260,,
2016-10-17,261,,
2016-10-17,262,,
2016-10-17,263,,
2016-10-17,264,,
2016-10-17,265,,
2016-10-17,266,,
2016-10-17,267,,
2016-10-17,268,,
2016-10-17,269,,
2016-10-17,270,,
2016-10-17,271,,
2016-10-17,272,,
2016-10-17,273,,
2016-10-17,274,,
2016-10-17,275,,
2016-10-17,276,0.5,0.7
2016-10-17,277,2.5,3
2016-10-17,278,,
2016-10-17,279,,
2016-10-17,280,0.3,0.35
2016-10-17,281,0.25,0.35
2016-10-17,282,,
2016-10-17,283,0.3,0.35
2016-10-17,284,0.35,0.4
2016-10-17,285,,
2016-10-17,286,,
2016-10-17,287,,
2016-10-17,288,,
2016-10-17,289,,
2016-10-17,290,,
2016-10-17,291,,
2016-10-17,292,,
2016-10-17,293,,
2016-10-17,294,,
2016-10-17,295,,
2016-10-17,296,,
2016-10-17,297,,
2016-10-17,298,,
2016-10-17,299,,
2016-10-17,300,,
2016-10-17,301,,
2016-10-17,302,,
2016-10-17,303,,
2016-10-17,304,,
2016-10-17,305,,
2016-10-17,306,,
2016-10-17,307,,
2016-10-17,308,,
2016-10-17,309,,
2016-10-17,310,,
2016-10-17,311,,
2016-10-17,312,,
2016-10-17,313,,
2016-10-17,314,,
2016-10-17,315,,
2016-10-17,316,,
2016-10-17,317,,
2016-10-17,318,,
2016-10-17,319,,
2016-10-17,320,,
2016-10-17,321,,
2016-10-17,322,,
2016-10-17,323,,
2016-10-17,615,8.5,9.5
2016-10-17,616,8,9
2016-10-17,619,3.4,3.6
2016-10-17,620,3.5,3.7
2016-10-17,623,0.4,0.45
2016-10-17,624,0.45,0.5
2016-10-17,625,0.38,0.43
2016-10-17,626,1,1.2
2016-10-17,627,1,1.2
2016-10-17,628,2.1,2.2
2016-10-17,629,2.1,2.3
2016-10-17,630,0.34,0.36
2016-10-17,631,0.45,0.55
2016-10-17,632,0.4,0.5
2016-10-17,633,0.4,0.5
2016-10-17,634,0.65,0.7
2016-10-17,635,1.7,2
2016-10-17,636,0.34,0.38
2016-10-17,637,0.4,0.45
2016-10-17,638,0.4,0.45
2016-10-17,639,0.55,0.58
2016-10-17,640,,
2016-10-17,641,,
2016-10-17,642,0.22,0.25
2016-10-17,643,0.25,0.3
2016-10-17,644,0.2,0.2
2016-10-17,645,1,1.1
2016-10-17,657,1.4,1.45
2016-10-17,669,0.2,0.2
2016-10-17,670,0.9,1.2
2016-10-21,324,1.04,1.06
2016-10-21,325,0.99,1.01
2016-10-21,326,1.04,1.06
2016-10-21,328,0.1,0.12
2016-10-21,329,0.14,0.16
2016-10-21,331,0.27,0.29
2016-10-21,332,,
2016-10-21,333,2.4,2.44
2016-10-21,334,2.4,2.44
2016-10-21,335,2.4,2.44
2016-10-21,336,,
2016-10-21,337,,
2016-10-21,338,1.29,1.31
2016-10-21,339,1.29,1.31
2016-10-21,340,,
2016-10-21,341,2.55,2.59
2016-10-21,342,2.65,2.69
2016-10-21,343,2.45,2.49
2016-10-21,344,12.8,12.8
2016-10-21,345,9.8,9.8
2016-10-21,346,8.7,8.7
2016-10-21,347,8.2,8.2
2016-10-21,348,1.9,2
2016-10-21,349,1.9,2
2016-10-21,350,2.1,2.2
2016-10-21,351,1.95,2.05
2016-10-21,352,3.75,3.85
2016-10-21,353,4,4.1
2016-10-21,354,1.65,1.75
2016-10-21,355,1.6,1.7
2016-10-21,356,1.6,1.7
2016-10-21,357,1.65,1.75
2016-10-21,358,3.8,3.9
2016-10-21,359,2.05,2.15
2016-10-21,360,2.05,2.15
2016-10-21,361,4.15,4.25
2016-10-21,362,5.05,5.15
2016-10-21,363,4.6,4.7
2016-10-21,364,1.9,2
2016-10-21,365,1.7,1.8
2016-10-21,366,5.2,5.3
2016-10-21,367,2.25,2.35
2016-10-21,368,1.3,1.4
2016-10-21,369,5.2,5.3
2016-10-21,370,1.95,2.05
2016-10-21,371,1.3,1.4
2016-10-21,372,5.1,5.2
2016-10-24,2,,
2016-10-24,3,,
2016-10-24,4,165,166
2016-10-24,5,,
2016-10-24,6,,
2016-10-24,7,,
2016-10-24,8,258,260
2016-10-24,9,165,166
2016-10-24,10,170,172
2016-10-24,11,,
2016-10-24,12,185,190
2016-10-24,13,,
2016-10-24,14,165,166
2016-10-24,15,173,175
2016-10-24,16,175,176
2016-10-24,17,,
2016-10-24,18,,
2016-10-24,19,,
2016-10-24,20,154,156
2016-10-24,21,164,165
2016-10-24,22,,
2016-10-24,23,390,395
2016-10-24,24,384,389
2016-10-24,25,224,226
2016-10-24,26,219,222
2016-10-24,27,435,436
2016-10-24,28,431,433
2016-10-24,29,417,418
2016-10-24,30,116,118
2016-10-24,31,120,122
2016-10-24,32,88,90
2016-10-24,33,124,126
2016-10-24,34,95,97
2016-10-24,35,164,166
2016-10-24,36,135,137
2016-10-24,37,101,102
2016-10-24,38,101,102
2016-10-24,39,268,269
2016-10-24,40,148,150
2016-10-24,41,845,850
2016-10-24,42,154,155
2016-10-24,43,152,154
2016-10-24,44,,
2016-10-24,45,,
2016-10-24,46,,
2016-10-24,47,170,171
2016-10-24,48,160,162
2016-10-24,49,,
2016-10-24,50,470,510
2016-10-24,51,510,570
2016-10-24,52,,
2016-10-24,53,1200,1250
2016-10-24,54,1300,1350
2016-10-24,55,320,350
2016-10-24,56,230,240
2016-10-24,57,149,155
2016-10-24,58,100,105
2016-10-24,59,81,83
2016-10-24,60,,
2016-10-24,61,,
2016-10-24,62,100,105
2016-10-24,63,115,120
2016-10-24,64,,
2016-10-24,65,,
2016-10-24,66,110,115
2016-10-24,67,135,140
2016-10-24,68,,
2016-10-24,69,,
2016-10-24,70,,
2016-10-24,71,70,75
2016-10-24,72,200,220
2016-10-24,73,355,358
2016-10-24,74,,
2016-10-24,75,360,362
2016-10-24,76,374,376
2016-10-24,77,369,371
2016-10-24,78,,
2016-10-24,79,,
2016-10-24,80,,
2016-10-24,81,280,285
2016-10-24,82,,
2016-10-24,83,800,810
2016-10-24,84,860,880
2016-10-24,85,710,715
2016-10-24,86,700,710
2016-10-24,87,765,770
2016-10-24,88,755,760
2016-10-24,89,1830,1840
2016-10-24,90,930,950
2016-10-24,91,1010,1030
2016-10-24,92,830,835
2016-10-24,93,830,840
2016-10-24,94,845,850
2016-10-24,95,835,840
2016-10-24,96,1,1.4
2016-10-24,97,,
2016-10-24,98,,
2016-10-24,100,0.7,0.8
2016-10-24,101,,
2016-10-24,102,,
2016-10-24,103,4.85,5.8
2016-10-24,104,3.45,3.6
2016-10-24,105,3.5,3.6
2016-10-24,106,3.2,3.23
2016-10-24,107,1.45,1.5
2016-10-24,108,255,273
2016-10-24,109,,
2016-10-24,110,345,380
2016-10-24,111,230,235
2016-10-24,112,235,238
2016-10-24,113,,
2016-10-24,114,210,213
2016-10-24,115,145,155
2016-10-24,116,,
2016-10-24,117,372,375
2016-10-24,118,342,345
2016-10-24,119,,
2016-10-24,120,340,342
2016-10-24,121,435,437
2016-10-24,122,352,354
2016-10-24,123,,
2016-10-24,124,350,352
2016-10-24,125,,
2016-10-24,126,,
2016-10-24,127,205,210
2016-10-24,128,165,170
2016-10-24,129,,
2016-10-24,130,105,110
2016-10-24,131,1680,1685
2016-10-24,132,655,660
2016-10-24,133,625,630
2016-10-24,134,725,730
2016-10-24,135,,
2016-10-24,136,,
2016-10-24,139,7.5,8.5
2016-10-24,140,8,9
2016-10-24,147,1.5,1.7
2016-10-24,152,,
2016-10-24,153,,
2016-10-24,154,3.1,3.2
2016-10-24,155,,
2016-10-24,156,,
2016-10-24,157,,
2016-10-24,158,,
2016-10-24,163,,
2016-10-24,164,,
2016-10-24,165,,
2016-10-24,166,,
2016-10-24,168,,
2016-10-24,169,,
2016-10-24,170,,
2016-10-24,171,,
2016-10-24,172,,
2016-10-24,174,,
2016-10-24,175,,
2016-10-24,176,8,9
2016-10-24,177,16,17
2016-10-24,178,7.5,7.6
2016-10-24,179,7,7.1
2016-10-24,180,6.55,6.65
2016-10-24,181,4.5,4.55
2016-10-24,182,4.75,4.8
2016-10-24,183,5,5.05
2016-10-24,184,5.7,5.8
2016-10-24,185,6.65,6.75
2016-10-24,186,8.3,8.6
2016-10-24,187,420,430
2016-10-24,188,435,445
2016-10-24,189,260,270
2016-10-24,190,2350,2400
2016-10-24,191,4,4
2016-10-24,192,2.96,2.96
2016-10-24,193,2.67,2.67
2016-10-24,194,2.33,2.33
2016-10-24,195,2.09,2.09
2016-10-24,196,1.76,1.76
2016-10-24,197,1.59,1.59
2016-10-24,198,1.66,1.66
2016-10-24,199,1.61,1.61
2016-10-24,202,,
2016-10-24,203,,
2016-10-24,204,,
2016-10-24,205,,
2016-10-24,206,,
2016-10-24,207,,
2016-10-24,208,,
2016-10-24,209,0.5,0.55
2016-10-24,210,,
2016-10-24,211,0.2,0.25
2016-10-24,212,0.25,0.3
2016-10-24,213,0.35,0.4
2016-10-24,214,,
2016-10-24,215,,
2016-10-24,216,,
2016-10-24,217,,
2016-10-24,218,,
2016-10-24,219,,
2016-10-24,220,0.6,0.7
2016-10-24,221,1.1,1.3
2016-10-24,222,,
2016-10-24,223,,
2016-10-24,224,,
2016-10-24,225,1.6,1.65
2016-10-24,226,,
2016-10-24,227,,
2016-10-24,228,,
2016-10-24,229,0.45,0.55
2016-10-24,230,,
2016-10-24,231,,
2016-10-24,232,0.4,0.45
2016-10-24,233,0.3,0.35
2016-10-24,234,,
2016-10-24,235,,
2016-10-24,236,0.6,0.7
2016-10-24,237,0.6,0.7
2016-10-24,238,0.4,0.5
2016-10-24,239,,
2016-10-24,240,,
2016-10-24,241,0.7,0.8
2016-10-24,242,0.8,1
2016-10-24,243,0.35,0.45
2016-10-24,244,,
2016-10-24,245,0.8,1
2016-10-24,246,,
2016-10-24,247,0.4,0.5
2016-10-24,248,,
2016-10-24,249,0.8,0.9
2016-10-24,250,0.8,0.9
2016-10-24,251,,
2016-10-24,252,3,3.5
2016-10-24,253,0.65,0.75
2016-10-24,254,,
2016-10-24,255,0.5,0.6
2016-10-24,256,0.3,0.4
2016-10-24,257,,
2016-10-24,258,0.8,0.9
2016-10-24,259,,
2016-10-24,260,,
2016-10-24,261,,
2016-10-24,262,,
2016-10-24,263,,
2016-10-24,264,,
2016-10-24,265,,
2016-10-24,266,,
2016-10-24,267,,
2016-10-24,268,,
2016-10-24,269,,
2016-10-24,270,,
2016-10-24,271,,
2016-10-24,272,,
2016-10-24,273,,
2016-10-24,274,,
2016-10-24,275,,
2016-10-24,276,0.5,0.7
2016-10-24,277,3.5,4
2016-10-24,278,,
2016-10-24,279,,
2016-10-24,280,0.3,0.35
2016-10-24,281,0.25,0.35
2016-10-24,282,,
2016-10-24,283,0.3,0.35
2016-10-24,284,0.35,0.4
2016-10-24,285,,
2016-10-24,286,,
2016-10-24,287,,
2016-10-24,288,,
2016-10-24,289,,
2016-10-24,290,,
2016-10-24,291,,
2016-10-24,292,,
2016-10-24,293,,
2016-10-24,294,,
2016-10-24,295,,
2016-10-24,296,,
2016-10-24,297,,
2016-10-24,298,,
2016-10-24,299,,
2016-10-24,300,,
2016-10-24,301,,
2016-10-24,302,,
2016-10-24,303,,
2016-10-24,304,,
2016-10-24,305,,
2016-10-24,306,,
2016-10-24,307,,
2016-10-24,308,,
2016-10-24,309,,
2016-10-24,310,,
2016-10-24,311,,
2016-10-24,312,,
2016-10-24,313,,
2016-10-24,314,,
2016-10-24,315,,
2016-10-24,316,,
2016-10-24,317,,
2016-10-24,318,,
2016-10-24,319,,
2016-10-24,320,,
2016-10-24,321,,
2016-10-24,322,,
2016-10-24,323,,
2016-10-24,615,8.5,9.5
2016-10-24,616,8,9
2016-10-24,619,3.4,3.6
2016-10-24,620,3.5,3.7
2016-10-24,623,0.4,0.45
2016-10-24,624,0.45,0.5
2016-10-24,625,0.38,0.43
2016-10-24,626,1,1.2
2016-10-24,627,1,1.2
2016-10-24,628,2.1,2.2
2016-10-24,629,2.1,2.3
2016-10-24,630,0.34,0.36
2016-10-24,631,0.45,0.55
2016-10-24,632,0.4,0.5
2016-10-24,633,0.4,0.5
2016-10-24,634,0.65,0.7
2016-10-24,635,1.7,2
2016-10-24,636,0.34,0.38
2016-10-24,637,0.4,0.45
2016-10-24,638,0.4,0.45
2016-10-24,639,0.55,0.58
2016-10-24,640,0.25,0.35
2016-10-24,641,0.25,0.35
2016-10-24,642,0.22,0.25
2016-10-24,643,0.25,0.3
2016-10-24,644,0.2,0.2
2016-10-24,645,1,1.1
2016-10-24,657,1.4,1.45
2016-10-24,669,0.2,0.2
2016-10-24,670,0.9,1.2
2016-10-28,324,1.04,1.06
2016-10-28,325,0.99,1.01
2016-10-28,326,1.04,1.06
2016-10-28,328,0.1,0.12
2016-10-28,329,0.17,0.19
2016-10-28,331,0.3,0.32
2016-10-28,332,,
2016-10-28,333,2.45,2.49
2016-10-28,334,2.45,2.49
2016-10-28,335,2.4,2.44
2016-10-28,336,,
2016-10-28,337,,
2016-10-28,338,1.31,1.33
2016-10-28,339,1.31,1.33
2016-10-28,340,,
2016-10-28,341,2.6,2.64
2016-10-28,342,2.7,2.74
2016-10-28,343,2.5,2.54
2016-10-28,344,12.9,12.9
2016-10-28,345,9.9,9.9
2016-10-28,346,8.8,8.8
2016-10-28,347,8.3,8.3
2016-10-28,348,1.9,2
2016-10-28,349,1.9,2
2016-10-28,350,2.1,2.2
2016-10-28,351,1.95,2.05
2016-10-28,352,3.8,3.9
2016-10-28,353,4.1,4.2
2016-10-28,354,1.75,1.85
2016-10-28,355,1.65,1.75
2016-10-28,356,1.65,1.75
2016-10-28,357,1.75,1.85
2016-10-28,358,3.8,3.9
2016-10-28,359,2.1,2.2
2016-10-28,360,2.1,2.2
2016-10-28,361,4.25,4.35
2016-10-28,362,5.15,5.25
2016-10-28,363,4.6,4.7
2016-10-28,364,1.9,2
2016-10-28,365,1.7,1.8
2016-10-28,366,5.2,5.3
2016-10-28,367,2.3,2.4
2016-10-28,368,1.3,1.4
2016-10-28,369,5.2,5.3
2016-10-28,370,2.05,2.15
2016-10-28,371,1.3,1.4
2016-10-28,372,5.2,5.3
2016-11-04,324,1.04,1.06
2016-11-04,325,0.99,1.01
2016-11-04,326,1.04,1.06
2016-11-04,328,0.1,0.12
2016-11-04,329,0.17,0.19
2016-11-04,331,0.3,0.32
2016-11-04,332,,
2016-11-04,333,2.45,2.49
2016-11-04,334,2.45,2.49
2016-11-04,335,2.4,2.44
2016-11-04,336,,
2016-11-04,337,,
2016-11-04,338,1.33,1.35
2016-11-04,339,1.33,1.35
2016-11-04,340,,
2016-11-04,341,2.6,2.64
2016-11-04,342,2.7,2.74
2016-11-04,343,2.5,2.54
2016-11-04,344,13,13
2016-11-04,345,10,10
2016-11-04,346,8.9,8.9
2016-11-04,347,8.4,8.4
2016-11-04,348,1.9,2
2016-11-04,349,1.9,2
2016-11-04,350,2.1,2.2
2016-11-04,351,1.95,2.05
2016-11-04,352,3.8,3.9
2016-11-04,353,4.1,4.2
2016-11-04,354,1.75,1.85
2016-11-04,355,1.65,1.75
2016-11-04,356,1.65,1.75
2016-11-04,357,1.75,1.85
2016-11-04,358,3.8,3.9
2016-11-04,359,2.15,2.25
2016-11-04,360,2.15,2.25
2016-11-04,361,4.25,4.35
2016-11-04,362,5.15,5.25
2016-11-04,363,4.6,4.7
2016-11-04,364,1.9,2
2016-11-04,365,1.7,1.8
2016-11-04,366,5.2,5.3
2016-11-04,367,2.4,2.5
2016-11-04,368,1.3,1.4
2016-11-04,369,5.2,5.3
2016-11-04,370,2.15,2.25
2016-11-04,371,1.3,1.4
2016-11-04,372,5.2,5.3
2016-11-07,2,,
2016-11-07,3,,
2016-11-07,4,168,169
2016-11-07,5,,
2016-11-07,6,,
2016-11-07,7,,
2016-11-07,8,268,270
2016-11-07,9,170,171
2016-11-07,10,173,175
2016-11-07,11,,
2016-11-07,12,185,190
2016-11-07,13,,
2016-11-07,14,165,166
2016-11-07,15,173,175
2016-11-07,16,172,173
2016-11-07,17,,
2016-11-07,18,,
2016-11-07,19,,
2016-11-07,20,157,159
2016-11-07,21,164,165
2016-11-07,22,,
2016-11-07,23,390,395
2016-11-07,24,384,389
2016-11-07,25,224,226
2016-11-07,26,219,222
2016-11-07,27,435,436
2016-11-07,28,431,433
2016-11-07,29,417,418
2016-11-07,30,131,133
2016-11-07,31,135,137
2016-11-07,32,103,105
2016-11-07,33,139,141
2016-11-07,34,110,112
2016-11-07,35,171,173
2016-11-07,36,142,144
2016-11-07,37,109,110
2016-11-07,38,109,110
2016-11-07,39,268,269
2016-11-07,40,148,150
2016-11-07,41,845,850
2016-11-07,42,154,155
2016-11-07,43,152,154
2016-11-07,44,,
2016-11-07,45,,
2016-11-07,46,,
2016-11-07,47,170,171
2016-11-07,48,160,162
2016-11-07,49,,
2016-11-07,50,470,510
2016-11-07,51,510,570
2016-11-07,52,,
2016-11-07,53,1200,1250
2016-11-07,54,1300,1350
2016-11-07,55,320,350
2016-11-07,56,230,240
2016-11-07,57,144,150
2016-11-07,58,85,90
2016-11-07,59,66,68
2016-11-07,60,,
2016-11-07,61,,
2016-11-07,62,100,105
2016-11-07,63,115,120
2016-11-07,64,,
2016-11-07,65,,
2016-11-07,66,110,115
2016-11-07,67,135,140
2016-11-07,68,,
2016-11-07,69,,
2016-11-07,70,,
2016-11-07,71,70,75
2016-11-07,72,200,220
2016-11-07,73,358,361
2016-11-07,74,,
2016-11-07,75,363,365
2016-11-07,76,378,380
2016-11-07,77,371,373
2016-11-07,78,,
2016-11-07,79,,
2016-11-07,80,,
2016-11-07,81,280,285
2016-11-07,82,,
2016-11-07,83,790,800
2016-11-07,84,850,870
2016-11-07,85,725,730
2016-11-07,86,730,740
2016-11-07,87,740,745
2016-11-07,88,740,745
2016-11-07,89,1800,1810
2016-11-07,90,920,940
2016-11-07,91,1000,1020
2016-11-07,92,840,845
2016-11-07,93,840,850
2016-11-07,94,830,835
2016-11-07,95,820,825
2016-11-07,96,1,1.4
2016-11-07,97,,
2016-11-07,98,,
2016-11-07,100,0.7,0.8
2016-11-07,101,,
2016-11-07,102,,
2016-11-07,103,4.95,6
2016-11-07,104,3.55,3.7
2016-11-07,105,3.5,3.6
2016-11-07,106,3.2,3.25
2016-11-07,107,1.6,1.65
2016-11-07,108,255,273
2016-11-07,109,,
2016-11-07,110,345,380
2016-11-07,111,230,235
2016-11-07,112,235,238
2016-11-07,113,,
2016-11-07,114,207,210
2016-11-07,115,148,155
2016-11-07,116,,
2016-11-07,117,370,373
2016-11-07,118,337,340
2016-11-07,119,,
2016-11-07,120,335,337
2016-11-07,121,430,432
2016-11-07,122,348,350
2016-11-07,123,,
2016-11-07,124,345,347
2016-11-07,125,,
2016-11-07,126,,
2016-11-07,127,205,210
2016-11-07,128,165,170
2016-11-07,129,,
2016-11-07,130,105,110
2016-11-07,131,1680,1685
2016-11-07,132,670,675
2016-11-07,133,640,645
2016-11-07,134,740,745
2016-11-07,135,,
2016-11-07,136,,
2016-11-07,139,7.5,8.5
2016-11-07,140,8,9
2016-11-07,147,1.5,1.7
2016-11-07,152,,
2016-11-07,153,,
2016-11-07,154,3.1,3.2
2016-11-07,155,,
2016-11-07,156,,
2016-11-07,157,,
2016-11-07,158,,
2016-11-07,163,,
2016-11-07,164,,
2016-11-07,165,,
2016-11-07,166,,
2016-11-07,168,,
2016-11-07,169,,
2016-11-07,170,,
2016-11-07,171,,
2016-11-07,172,,
2016-11-07,174,,
2016-11-07,175,,
2016-11-07,176,8,9
2016-11-07,177,16,17
2016-11-07,178,7.55,7.65
2016-11-07,179,7.05,7.15
2016-11-07,180,6.7,6.8
2016-11-07,181,4.55,4.6
2016-11-07,182,4.8,4.85
2016-11-07,183,5,5.05
2016-11-07,184,5.7,5.8
2016-11-07,185,6.65,6.75
2016-11-07,186,8.3,8.6
2016-11-07,187,430,440
2016-11-07,188,445,455
2016-11-07,189,260,270
2016-11-07,190,2380,2430
2016-11-07,191,3.98,3.98
2016-11-07,192,2.87,2.87
2016-11-07,193,2.59,2.59
2016-11-07,194,2.29,2.29
2016-11-07,195,2.09,2.09
2016-11-07,196,1.75,1.75
2016-11-07,197,1.52,1.52
2016-11-07,198,1.58,1.58
2016-11-07,199,1.54,1.54
2016-11-07,202,,
2016-11-07,203,,
2016-11-07,204,,
2016-11-07,205,,
2016-11-07,206,,
2016-11-07,207,,
2016-11-07,208,,
2016-11-07,209,0.5,0.55
2016-11-07,210,,
2016-11-07,211,0.2,0.25
2016-11-07,212,0.25,0.3
2016-11-07,213,0.35,0.4
2016-11-07,214,,
2016-11-07,215,,
2016-11-07,216,,
2016-11-07,217,,
2016-11-07,218,,
2016-11-07,219,1.2,1.3
2016-11-07,220,,
2016-11-07,221,1.6,1.7
2016-11-07,222,,
2016-11-07,223,,
2016-11-07,224,,
2016-11-07,225,1.6,1.65
2016-11-07,226,,
2016-11-07,227,,
2016-11-07,228,,
2016-11-07,229,0.7,0.8
2016-11-07,230,,
2016-11-07,231,,
2016-11-07,232,,
2016-11-07,233,0.3,0.35
2016-11-07,234,,
2016-11-07,235,,
2016-11-07,236,0.5,0.55
2016-11-07,237,0.45,0.5
2016-11-07,238,0.3,0.4
2016-11-07,239,,
2016-11-07,240,,
2016-11-07,241,0.8,0.9
2016-11-07,242,0.6,0.7
2016-11-07,243,0.35,0.45
2016-11-07,244,,
2016-11-07,245,1.1,1.2
2016-11-07,246,,
2016-11-07,247,0.5,0.6
2016-11-07,248,,
2016-11-07,249,0.8,0.9
2016-11-07,250,0.5,0.6
2016-11-07,251,,
2016-11-07,252,3.3,3.7
2016-11-07,253,0.65,0.75
2016-11-07,254,,
2016-11-07,255,0.6,0.7
2016-11-07,256,0.3,0.4
2016-11-07,257,,
2016-11-07,258,0.5,0.7
2016-11-07,259,,
2016-11-07,260,,
2016-11-07,261,,
2016-11-07,262,,
2016-11-07,263,,
2016-11-07,264,,
2016-11-07,265,,
2016-11-07,266,,
2016-11-07,267,,
2016-11-07,268,,
2016-11-07,269,,
2016-11-07,270,3.3,3.5
2016-11-07,271,,
2016-11-07,272,,
2016-11-07,273,,
2016-11-07,274,,
2016-11-07,275,,
2016-11-07,276,0.5,0.7
2016-11-07,277,4,4.5
2016-11-07,278,,
2016-11-07,279,,
2016-11-07,280,0.3,0.35
2016-11-07,281,0.25,0.35
2016-11-07,282,,
2016-11-07,283,0.3,0.35
2016-11-07,284,0.35,0.4
2016-11-07,285,,
2016-11-07,286,,
2016-11-07,287,,
2016-11-07,288,,
2016-11-07,289,,
2016-11-07,290,,
2016-11-07,291,,
2016-11-07,292,,
2016-11-07,293,,
2016-11-07,294,,
2016-11-07,295,,
2016-11-07,296,,
2016-11-07,297,,
2016-11-07,298,,
2016-11-07,299,,
2016-11-07,300,,
2016-11-07,301,,
2016-11-07,302,,
2016-11-07,303,,
2016-11-07,304,,
2016-11-07,305,,
2016-11-07,306,,
2016-11-07,307,,
2016-11-07,308,,
2016-11-07,309,,
2016-11-07,310,,
2016-11-07,311,,
2016-11-07,312,,
2016-11-07,313,,
2016-11-07,314,,
2016-11-07,315,,
2016-11-07,316,,
2016-11-07,317,,
2016-11-07,318,,
2016-11-07,319,,
2016-11-07,320,,
2016-11-07,321,,
2016-11-07,322,,
2016-11-07,323,,
2016-11-07,615,8.5,9.5
2016-11-07,616,8,9
2016-11-07,619,3.4,3.6
2016-11-07,620,3.5,3.7
2016-11-07,623,,
2016-11-07,624,,
2016-11-07,625,,
2016-11-07,626,,
2016-11-07,627,,
2016-11-07,628,,
2016-11-07,629,,
2016-11-07,630,,
2016-11-07,631,,
2016-11-07,632,,
2016-11-07,633,,
2016-11-07,634,,
2016-11-07,635,,
2016-11-07,636,,
2016-11-07,637,,
2016-11-07,638,,
2016-11-07,639,,
2016-11-07,640,,
2016-11-07,641,,
2016-11-07,642,,
2016-11-07,643,,
2016-11-07,644,,
2016-11-07,645,1,1.1
2016-11-07,646,,
2016-11-07,647,,
2016-11-07,648,,
2016-11-07,649,,
2016-11-07,650,,
2016-11-07,651,,
2016-11-07,652,,
2016-11-07,653,,
2016-11-07,654,,
2016-11-07,655,,
2016-11-07,656,,
2016-11-07,657,1.4,1.45
2016-11-07,658,,
2016-11-07,659,,
2016-11-07,660,,
2016-11-07,661,4.5,5
2016-11-07,662,0.9,1
2016-11-07,663,,
2016-11-07,664,4.5,5
2016-11-07,665,,
2016-11-07,666,0.9,1
2016-11-07,667,,
2016-11-07,668,4,4.5
2016-11-07,669,,
2016-11-07,670,0.9,1.2
2016-11-11,324,1.04,1.06
2016-11-11,325,0.99,1.01
2016-11-11,326,1.04,1.06
2016-11-11,328,0.1,0.12
2016-11-11,329,0.17,0.19
2016-11-11,331,0.3,0.32
2016-11-11,332,,
2016-11-11,333,2.45,2.49
2016-11-11,334,2.45,2.49
2016-11-11,335,2.4,2.44
2016-11-11,336,,
2016-11-11,337,,
2016-11-11,338,1.35,1.37
2016-11-11,339,1.35,1.37
2016-11-11,340,,
2016-11-11,341,2.6,2.64
2016-11-11,342,2.7,2.74
2016-11-11,343,2.5,2.54
2016-11-11,344,13,13
2016-11-11,345,10,10
2016-11-11,346,8.9,8.9
2016-11-11,347,8.4,8.4
2016-11-11,348,1.9,2
2016-11-11,349,1.9,2
2016-11-11,350,2.1,2.2
2016-11-11,351,1.95,2.05
2016-11-11,352,3.8,3.9
2016-11-11,353,4.1,4.2
2016-11-11,354,1.75,1.85
2016-11-11,355,1.65,1.75
2016-11-11,356,1.65,1.75
2016-11-11,357,1.75,1.85
2016-11-11,358,3.8,3.9
2016-11-11,359,2.2,2.3
2016-11-11,360,2.2,2.3
2016-11-11,361,4.25,4.35
2016-11-11,362,5.15,5.25
2016-11-11,363,4.6,4.7
2016-11-11,364,1.9,2
2016-11-11,365,1.7,1.8
2016-11-11,366,5.2,5.3
2016-11-11,367,2.5,2.6
2016-11-11,368,1.3,1.4
2016-11-11,369,5.2,5.3
2016-11-11,370,2.25,2.35
2016-11-11,371,1.3,1.4
2016-11-11,372,5.2,5.3
2016-11-14,2,,
2016-11-14,3,,
2016-11-14,4,170,171
2016-11-14,5,,
2016-11-14,6,,
2016-11-14,7,,
2016-11-14,8,268,270
2016-11-14,9,172,173
2016-11-14,10,175,177
2016-11-14,11,,
2016-11-14,12,185,190
2016-11-14,13,,
2016-11-14,14,165,166
2016-11-14,15,173,175
2016-11-14,16,172,173
2016-11-14,17,,
2016-11-14,18,,
2016-11-14,19,,
2016-11-14,20,157,159
2016-11-14,21,164,165
2016-11-14,22,,
2016-11-14,23,390,395
2016-11-14,24,384,389
2016-11-14,25,224,226
2016-11-14,26,219,222
2016-11-14,27,435,436
2016-11-14,28,431,433
2016-11-14,29,417,418
2016-11-14,30,138,140
2016-11-14,31,142,144
2016-11-14,32,110,112
2016-11-14,33,146,148
2016-11-14,34,117,119
2016-11-14,35,174,176
2016-11-14,36,145,147
2016-11-14,37,116,117
2016-11-14,38,116,117
2016-11-14,39,268,269
2016-11-14,40,148,150
2016-11-14,41,845,850
2016-11-14,42,154,155
2016-11-14,43,152,154
2016-11-14,44,,
2016-11-14,45,,
2016-11-14,46,,
2016-11-14,47,170,171
2016-11-14,48,160,162
2016-11-14,49,,
2016-11-14,50,470,510
2016-11-14,51,510,570
2016-11-14,52,,
2016-11-14,53,1200,1250
2016-11-14,54,1300,1350
2016-11-14,55,330,360
2016-11-14,56,240,250
2016-11-14,57,144,150
2016-11-14,58,80,85
2016-11-14,59,61,63
2016-11-14,60,,
2016-11-14,61,,
2016-11-14,62,100,105
2016-11-14,63,115,120
2016-11-14,64,,
2016-11-14,65,,
2016-11-14,66,110,115
2016-11-14,67,135,140
2016-11-14,68,,
2016-11-14,69,,
2016-11-14,70,,
2016-11-14,71,70,75
2016-11-14,72,195,220
2016-11-14,73,360,362
2016-11-14,74,,
2016-11-14,75,365,366
2016-11-14,76,380,385
2016-11-14,77,380,382
2016-11-14,78,,
2016-11-14,79,,
2016-11-14,80,,
2016-11-14,81,280,285
2016-11-14,82,,
2016-11-14,83,780,790
2016-11-14,84,840,860
2016-11-14,85,725,730
2016-11-14,86,700,710
2016-11-14,87,745,750
2016-11-14,88,740,745
2016-11-14,89,1790,1800
2016-11-14,90,910,930
2016-11-14,91,990,1010
2016-11-14,92,840,845
2016-11-14,93,830,840
2016-11-14,94,830,835
2016-11-14,95,820,825
2016-11-14,96,1,1.4
2016-11-14,97,,
2016-11-14,98,,
2016-11-14,100,0.7,0.8
2016-11-14,101,,
2016-11-14,102,,
2016-11-14,103,5.5,6.3
2016-11-14,104,3.55,3.7
2016-11-14,105,3.65,3.75
2016-11-14,106,3.3,3.35
2016-11-14,107,1.65,1.7
2016-11-14,108,255,273
2016-11-14,109,,
2016-11-14,110,350,385
2016-11-14,111,235,240
2016-11-14,112,,
2016-11-14,113,,
2016-11-14,114,205,208
2016-11-14,115,148,155
2016-11-14,116,,
2016-11-14,117,375,378
2016-11-14,118,337,340
2016-11-14,119,,
2016-11-14,120,,
2016-11-14,121,436,438
2016-11-14,122,348,350
2016-11-14,123,,
2016-11-14,124,348,350
2016-11-14,125,,
2016-11-14,126,,
2016-11-14,127,205,210
2016-11-14,128,165,170
2016-11-14,129,,
2016-11-14,130,105,110
2016-11-14,131,1680,1685
2016-11-14,132,680,685
2016-11-14,133,650,655
2016-11-14,134,750,755
2016-11-14,139,7.5,8.5
2016-11-14,140,8,9
2016-11-14,147,1.5,1.7
2016-11-14,152,,
2016-11-14,153,,
2016-11-14,154,3.1,3.2
2016-11-14,155,,
2016-11-14,176,7,8
2016-11-14,177,15,16
2016-11-14,178,7.65,7.75
2016-11-14,179,7.15,7.25
2016-11-14,180,6.8,6.9
2016-11-14,181,4.6,4.65
2016-11-14,182,4.85,4.9
2016-11-14,183,5.1,5.15
2016-11-14,184,5.8,5.9
2016-11-14,185,6.75,6.85
2016-11-14,186,8.4,8.7
2016-11-14,187,430,440
2016-11-14,188,445,455
2016-11-14,189,260,270
2016-11-14,190,2380,2430
2016-11-14,191,3.91,3.91
2016-11-14,192,2.81,2.81
2016-11-14,193,2.53,2.53
2016-11-14,194,2.25,2.25
2016-11-14,195,2.05,2.05
2016-11-14,196,1.72,1.72
2016-11-14,197,1.49,1.49
2016-11-14,198,1.56,1.56
2016-11-14,199,1.51,1.51
2016-11-14,202,,
2016-11-14,203,,
2016-11-14,204,,
2016-11-14,205,,
2016-11-14,206,,
2016-11-14,207,,
2016-11-14,208,,
2016-11-14,209,0.5,0.55
2016-11-14,210,,
2016-11-14,211,0.2,0.25
2016-11-14,212,0.2,0.3
2016-11-14,213,,
2016-11-14,214,,
2016-11-14,215,,
2016-11-14,216,,
2016-11-14,217,,
2016-11-14,218,,
2016-11-14,219,1.2,1.3
2016-11-14,220,,
2016-11-14,221,1.6,1.7
2016-11-14,222,,
2016-11-14,223,,
2016-11-14,224,,
2016-11-14,225,1.6,1.65
2016-11-14,226,,
2016-11-14,227,,
2016-11-14,228,,
2016-11-14,229,0.7,0.8
2016-11-14,230,,
2016-11-14,231,,
2016-11-14,232,,
2016-11-14,233,0.32,0.35
2016-11-14,234,,
2016-11-14,235,,
2016-11-14,236,0.5,0.55
2016-11-14,237,0.45,0.5
2016-11-14,238,0.3,0.4
2016-11-14,239,,
2016-11-14,240,,
2016-11-14,241,0.8,0.9
2016-11-14,242,,
2016-11-14,243,,
2016-11-14,244,,
2016-11-14,245,1.2,1.4
2016-11-14,246,,
2016-11-14,247,0.4,0.45
2016-11-14,248,,
2016-11-14,249,0.6,0.65
2016-11-14,250,0.4,0.45
2016-11-14,251,,
2016-11-14,252,3.3,3.7
2016-11-14,253,0.65,0.75
2016-11-14,254,,
2016-11-14,255,0.6,0.7
2016-11-14,256,0.3,0.4
2016-11-14,257,,
2016-11-14,258,,
2016-11-14,259,,
2016-11-14,260,,
2016-11-14,261,,
2016-11-14,262,,
2016-11-14,263,,
2016-11-14,264,,
2016-11-14,265,,
2016-11-14,266,,
2016-11-14,267,,
2016-11-14,268,,
2016-11-14,269,,
2016-11-14,270,3.5,3.8
2016-11-14,271,,
2016-11-14,272,,
2016-11-14,273,,
2016-11-14,274,,
2016-11-14,275,,
2016-11-14,276,0.5,0.7
2016-11-14,277,4,4.5
2016-11-14,278,,
2016-11-14,279,,
2016-11-14,280,0.3,0.35
2016-11-14,281,0.25,0.35
2016-11-14,282,,
2016-11-14,283,0.3,0.35
2016-11-14,284,0.35,0.4
2016-11-14,285,,
2016-11-14,286,,
2016-11-14,287,,
2016-11-14,288,,
2016-11-14,289,,
2016-11-14,290,,
2016-11-14,291,,
2016-11-14,292,,
2016-11-14,293,,
2016-11-14,294,,
2016-11-14,295,,
2016-11-14,296,,
2016-11-14,297,,
2016-11-14,298,,
2016-11-14,299,,
2016-11-14,300,,
2016-11-14,301,,
2016-11-14,302,,
2016-11-14,303,,
2016-11-14,304,,
2016-11-14,305,,
2016-11-14,306,,
2016-11-14,307,,
2016-11-14,308,,
2016-11-14,309,,
2016-11-14,310,,
2016-11-14,311,,
2016-11-14,312,,
2016-11-14,313,,
2016-11-14,314,,
2016-11-14,315,,
2016-11-14,316,,
2016-11-14,317,,
2016-11-14,318,,
2016-11-14,319,,
2016-11-14,320,,
2016-11-14,321,,
2016-11-14,322,,
2016-11-14,323,,
2016-11-14,615,8.5,9.5
2016-11-14,616,8,9
2016-11-14,619,3.4,3.6
2016-11-14,620,3.5,3.7
2016-11-14,645,1,1.1
2016-11-14,646,,
2016-11-14,647,,
2016-11-14,648,,
2016-11-14,649,2.3,2.5
2016-11-14,650,,
2016-11-14,651,,
2016-11-14,652,,
2016-11-14,653,,
2016-11-14,654,,
2016-11-14,655,1.1,1.2
2016-11-14,656,1.1,1.2
2016-11-14,657,1.4,1.45
2016-11-14,658,3.85,4.2
2016-11-14,659,,
2016-11-14,660,,
2016-11-14,661,4.5,5
2016-11-14,662,0.9,1
2016-11-14,663,,
2016-11-14,664,4.5,5
2016-11-14,665,,
2016-11-14,666,0.9,1
2016-11-14,667,,
2016-11-14,668,4,4.5
2016-11-14,670,0.9,1.2
2016-11-18,324,1.04,1.06
2016-11-18,325,0.99,1.01
2016-11-18,326,1.04,1.06
2016-11-18,328,0.12,0.14
2016-11-18,329,0.2,0.22
2016-11-18,331,0.35,0.37
2016-11-18,332,3.8,4
2016-11-18,333,2.45,2.49
2016-11-18,334,2.45,2.49
2016-11-18,335,2.4,2.44
2016-11-18,336,2.55,2.65
2016-11-18,337,2.25,2.35
2016-11-18,338,1.35,1.37
2016-11-18,339,1.35,1.37
2016-11-18,340,3.45,3.55
2016-11-18,341,2.65,2.69
2016-11-18,342,2.75,2.79
2016-11-18,343,2.55,2.59
2016-11-18,344,13,13
2016-11-18,345,10,10
2016-11-18,346,8.9,8.9
2016-11-18,347,8.4,8.4
2016-11-18,348,1.9,2
2016-11-18,349,1.9,2
2016-11-18,350,2.1,2.2
2016-11-18,351,1.95,2.05
2016-11-18,352,3.9,4
2016-11-18,353,4.2,4.3
2016-11-18,354,1.85,1.95
2016-11-18,355,1.7,1.8
2016-11-18,356,1.7,1.8
2016-11-18,357,1.85,1.95
2016-11-18,358,3.8,3.9
2016-11-18,359,2.2,2.3
2016-11-18,360,2.2,2.3
2016-11-18,361,4.25,4.35
2016-11-18,362,5.15,5.25
2016-11-18,363,4.6,4.7
2016-11-18,364,1.9,2
2016-11-18,365,1.7,1.8
2016-11-18,366,5.2,5.3
2016-11-18,367,2.5,2.6
2016-11-18,368,1.3,1.4
2016-11-18,369,5.2,5.3
2016-11-18,370,2.25,2.35
2016-11-18,371,1.3,1.4
2016-11-18,372,5.2,5.3
2016-11-21,2,,
2016-11-21,3,,
2016-11-21,4,172,173
2016-11-21,5,,
2016-11-21,6,,
2016-11-21,7,273,275
2016-11-21,8,270,272
2016-11-21,9,174,175
2016-11-21,10,,
2016-11-21,11,,
2016-11-21,12,185,190
2016-11-21,13,,
2016-11-21,14,167,168
2016-11-21,15,173,177
2016-11-21,16,174,175
2016-11-21,17,,
2016-11-21,18,,
2016-11-21,19,,
2016-11-21,20,157,159
2016-11-21,21,164,165
2016-11-21,22,,
2016-11-21,23,390,395
2016-11-21,24,384,389
2016-11-21,25,224,226
2016-11-21,26,219,222
2016-11-21,27,435,436
2016-11-21,28,431,433
2016-11-21,29,417,418
2016-11-21,30,141,143
2016-11-21,31,145,147
2016-11-21,32,113,115
2016-11-21,33,149,151
2016-11-21,34,120,122
2016-11-21,35,179,181
2016-11-21,36,150,152
2016-11-21,37,119,120
2016-11-21,38,119,120
2016-11-21,39,269,270
2016-11-21,40,148,150
2016-11-21,41,835,840
2016-11-21,42,154,155
2016-11-21,43,152,154
2016-11-21,44,,
2016-11-21,45,,
2016-11-21,46,,
2016-11-21,47,170,171
2016-11-21,48,160,162
2016-11-21,49,,
2016-11-21,50,460,500
2016-11-21,51,500,560
2016-11-21,52,,
2016-11-21,53,1180,1230
2016-11-21,54,1280,1330
2016-11-21,55,335,365
2016-11-21,56,245,255
2016-11-21,57,144,150
2016-11-21,58,80,85
2016-11-21,59,61,63
2016-11-21,60,,
2016-11-21,61,,
2016-11-21,62,100,105
2016-11-21,63,115,120
2016-11-21,64,,
2016-11-21,65,,
2016-11-21,66,110,115
2016-11-21,67,135,140
2016-11-21,68,,
2016-11-21,69,,
2016-11-21,70,,
2016-11-21,71,70,75
2016-11-21,72,195,220
2016-11-21,73,370,372
2016-11-21,74,,
2016-11-21,75,380,381
2016-11-21,76,388,393
2016-11-21,77,388,390
2016-11-21,78,,
2016-11-21,79,,
2016-11-21,80,,
2016-11-21,81,290,295
2016-11-21,82,,
2016-11-21,83,780,790
2016-11-21,84,840,860
2016-11-21,85,745,750
2016-11-21,86,700,710
2016-11-21,87,770,775
2016-11-21,88,760,765
2016-11-21,89,1790,1800
2016-11-21,90,910,930
2016-11-21,91,990,1010
2016-11-21,92,850,855
2016-11-21,93,830,840
2016-11-21,94,855,860
2016-11-21,95,840,845
2016-11-21,96,1,1.4
2016-11-21,97,1.5,1.7
2016-11-21,98,,
2016-11-21,100,0.7,0.8
2016-11-21,101,,
2016-11-21,102,,
2016-11-21,103,6,6.4
2016-11-21,104,3.8,3.95
2016-11-21,105,3.9,4.25
2016-11-21,106,3.4,3.45
2016-11-21,107,1.8,1.85
2016-11-21,108,255,273
2016-11-21,109,,
2016-11-21,110,355,390
2016-11-21,111,245,250
2016-11-21,112,,
2016-11-21,113,,
2016-11-21,114,203,206
2016-11-21,115,148,155
2016-11-21,116,,
2016-11-21,117,390,393
2016-11-21,118,352,355
2016-11-21,119,,
2016-11-21,120,,
2016-11-21,121,451,453
2016-11-21,122,363,365
2016-11-21,123,,
2016-11-21,124,360,362
2016-11-21,125,,
2016-11-21,126,,
2016-11-21,127,205,210
2016-11-21,128,165,170
2016-11-21,129,,
2016-11-21,130,105,110
2016-11-21,131,1680,1685
2016-11-21,132,695,700
2016-11-21,133,665,670
2016-11-21,134,760,765
2016-11-21,139,7.5,8.5
2016-11-21,140,8,9
2016-11-21,147,1.5,1.7
2016-11-21,152,,
2016-11-21,153,,
2016-11-21,154,3.1,3.2
2016-11-21,155,,
2016-11-21,176,7,8
2016-11-21,177,15,16
2016-11-21,178,7.68,7.78
2016-11-21,179,7.18,7.28
2016-11-21,180,6.83,6.93
2016-11-21,181,4.6,4.65
2016-11-21,182,4.85,4.9
2016-11-21,183,5.1,5.15
2016-11-21,184,5.8,5.9
2016-11-21,185,6.75,6.85
2016-11-21,186,8.45,8.75
2016-11-21,187,430,450
2016-11-21,188,445,455
2016-11-21,189,260,270
2016-11-21,190,2400,2450
2016-11-21,191,3.86,3.86
2016-11-21,192,2.76,2.76
2016-11-21,193,2.49,2.49
2016-11-21,194,2.21,2.21
2016-11-21,195,2.03,2.03
2016-11-21,196,1.7,1.7
2016-11-21,197,1.47,1.47
2016-11-21,198,1.56,1.56
2016-11-21,199,1.49,1.49
2016-11-21,202,,
2016-11-21,203,,
2016-11-21,204,,
2016-11-21,205,,
2016-11-21,206,,
2016-11-21,207,,
2016-11-21,208,,
2016-11-21,209,0.6,0.65
2016-11-21,210,,
2016-11-21,211,0.2,0.25
2016-11-21,212,0.2,0.3
2016-11-21,213,,
2016-11-21,214,,
2016-11-21,215,,
2016-11-21,216,,
2016-11-21,217,,
2016-11-21,218,,
2016-11-21,219,,
2016-11-21,220,,
2016-11-21,221,1.8,1.9
2016-11-21,222,,
2016-11-21,223,,
2016-11-21,224,,
2016-11-21,225,1.6,1.65
2016-11-21,226,,
2016-11-21,227,,
2016-11-21,228,,
2016-11-21,229,0.8,1
2016-11-21,230,,
2016-11-21,231,,
2016-11-21,232,,
2016-11-21,233,0.33,0.36
2016-11-21,234,,
2016-11-21,235,,
2016-11-21,236,0.5,0.55
2016-11-21,237,0.45,0.5
2016-11-21,238,0.3,0.4
2016-11-21,239,,
2016-11-21,240,,
2016-11-21,241,0.8,0.9
2016-11-21,242,,
2016-11-21,243,,
2016-11-21,244,,
2016-11-21,245,,
2016-11-21,246,,
2016-11-21,247,0.35,0.4
2016-11-21,248,,
2016-11-21,249,0.55,0.6
2016-11-21,250,0.35,0.45
2016-11-21,251,,
2016-11-21,252,3.3,3.7
2016-11-21,253,0.65,0.75
2016-11-21,254,,
2016-11-21,255,0.6,0.7
2016-11-21,256,0.3,0.4
2016-11-21,257,,
2016-11-21,258,,
2016-11-21,259,,
2016-11-21,260,,
2016-11-21,261,,
2016-11-21,262,,
2016-11-21,263,,
2016-11-21,264,,
2016-11-21,265,,
2016-11-21,266,,
2016-11-21,267,,
2016-11-21,268,,
2016-11-21,269,,
2016-11-21,270,3.5,3.8
2016-11-21,271,,
2016-11-21,272,,
2016-11-21,273,,
2016-11-21,274,,
2016-11-21,275,,
2016-11-21,276,0.5,0.7
2016-11-21,277,4,4.5
2016-11-21,278,,
2016-11-21,279,,
2016-11-21,280,0.3,0.35
2016-11-21,281,0.25,0.35
2016-11-21,282,,
2016-11-21,283,0.3,0.35
2016-11-21,284,0.35,0.4
2016-11-21,285,,
2016-11-21,286,,
2016-11-21,287,,
2016-11-21,288,,
2016-11-21,289,,
2016-11-21,290,,
2016-11-21,291,,
2016-11-21,292,,
2016-11-21,293,,
2016-11-21,294,,
2016-11-21,295,,
2016-11-21,296,,
2016-11-21,297,,
2016-11-21,298,,
2016-11-21,299,,
2016-11-21,300,,
2016-11-21,301,,
2016-11-21,302,,
2016-11-21,303,,
2016-11-21,304,,
2016-11-21,305,,
2016-11-21,306,,
2016-11-21,307,,
2016-11-21,308,,
2016-11-21,309,,
2016-11-21,310,,
2016-11-21,311,,
2016-11-21,312,,
2016-11-21,313,,
2016-11-21,314,,
2016-11-21,315,,
2016-11-21,316,,
2016-11-21,317,,
2016-11-21,318,,
2016-11-21,319,,
2016-11-21,320,,
2016-11-21,321,,
2016-11-21,322,,
2016-11-21,323,,
2016-11-21,615,8.5,9.5
2016-11-21,616,8,9
2016-11-21,619,3.4,3.6
2016-11-21,620,3.5,3.7
2016-11-21,645,1,1.1
2016-11-21,646,0.8,0.85
2016-11-21,647,0.9,0.95
2016-11-21,648,0.82,0.87
2016-11-21,649,2.3,2.5
2016-11-21,650,2.6,2.8
2016-11-21,651,5.8,6.2
2016-11-21,652,,
2016-11-21,653,,
2016-11-21,654,0.8,0.9
2016-11-21,655,1.1,1.2
2016-11-21,656,1.1,1.2
2016-11-21,657,1.4,1.45
2016-11-21,658,3.85,4.2
2016-11-21,659,,
2016-11-21,660,,
2016-11-21,661,4.5,5
2016-11-21,662,0.9,1
2016-11-21,663,,
2016-11-21,664,4.5,5
2016-11-21,665,6,6.2
2016-11-21,666,0.9,1
2016-11-21,667,,
2016-11-21,668,4,4.5
2016-11-21,670,0.9,1.2
2016-11-21,671,1.2,1.3
2016-11-21,672,235,237
2016-11-25,324,1.04,1.06
2016-11-25,325,0.99,1.01
2016-11-25,326,1.04,1.06
2016-11-25,328,0.16,0.18
2016-11-25,329,0.2,0.22
2016-11-25,331,0.35,0.37
2016-11-25,332,3.8,4
2016-11-25,333,2.45,2.49
2016-11-25,334,2.45,2.49
2016-11-25,335,2.4,2.44
2016-11-25,336,2.55,2.65
2016-11-25,337,2.25,2.35
2016-11-25,338,1.35,1.37
2016-11-25,339,1.35,1.37
2016-11-25,340,3.45,3.55
2016-11-25,341,2.65,2.69
2016-11-25,342,2.75,2.79
2016-11-25,343,2.55,2.59
2016-11-25,344,13.1,13.1
2016-11-25,345,10.1,10.1
2016-11-25,346,9,9
2016-11-25,347,8.5,8.5
2016-11-25,348,1.9,2
2016-11-25,349,1.9,2
2016-11-25,350,2.1,2.2
2016-11-25,351,1.95,2.05
2016-11-25,352,3.9,4
2016-11-25,353,4.2,4.3
2016-11-25,354,1.85,1.95
2016-11-25,355,1.7,1.8
2016-11-25,356,1.7,1.8
2016-11-25,357,1.85,1.95
2016-11-25,358,3.8,3.9
2016-11-25,359,2.2,2.3
2016-11-25,360,2.2,2.3
2016-11-25,361,4.25,4.35
2016-11-25,362,5.15,5.25
2016-11-25,363,4.6,4.7
2016-11-25,364,1.9,2
2016-11-25,365,1.7,1.8
2016-11-25,366,5.2,5.3
2016-11-25,367,2.5,2.6
2016-11-25,368,1.3,1.4
2016-11-25,369,5.2,5.3
2016-11-25,370,2.25,2.35
2016-11-25,371,1.3,1.4
2016-11-25,372,5.2,5.3
2016-11-28,2,,
2016-11-28,3,,
2016-11-28,4,177,178
2016-11-28,5,,
2016-11-28,6,,
2016-11-28,7,273,275
2016-11-28,8,270,272
2016-11-28,9,174,177
2016-11-28,10,,
2016-11-28,11,,
2016-11-28,12,185,190
2016-11-28,13,,
2016-11-28,14,167,168
2016-11-28,15,,
2016-11-28,16,174,175
2016-11-28,17,,
2016-11-28,18,,
2016-11-28,19,,
2016-11-28,20,160,162
2016-11-28,21,167,168
2016-11-28,22,,
2016-11-28,23,390,395
2016-11-28,24,384,389
2016-11-28,25,224,226
2016-11-28,26,219,222
2016-11-28,27,435,436
2016-11-28,28,431,433
2016-11-28,29,417,418
2016-11-28,30,141,143
2016-11-28,31,145,147
2016-11-28,32,113,115
2016-11-28,33,149,151
2016-11-28,34,120,122
2016-11-28,35,179,181
2016-11-28,36,150,152
2016-11-28,37,122,123
2016-11-28,38,122,123
2016-11-28,39,269,270
2016-11-28,40,148,150
2016-11-28,41,825,830
2016-11-28,42,154,155
2016-11-28,43,152,154
2016-11-28,44,,
2016-11-28,45,,
2016-11-28,46,,
2016-11-28,47,171,172
2016-11-28,48,160,162
2016-11-28,49,,
2016-11-28,50,440,480
2016-11-28,51,490,550
2016-11-28,52,,
2016-11-28,53,1140,1190
2016-11-28,54,1250,1300
2016-11-28,55,335,365
2016-11-28,56,245,255
2016-11-28,57,144,150
2016-11-28,58,80,85
2016-11-28,59,61,63
2016-11-28,60,,
2016-11-28,61,,
2016-11-28,62,100,105
2016-11-28,63,115,120
2016-11-28,64,,
2016-11-28,65,,
2016-11-28,66,110,115
2016-11-28,67,135,140
2016-11-28,68,,
2016-11-28,69,,
2016-11-28,70,,
2016-11-28,71,70,75
2016-11-28,72,,
2016-11-28,73,388,390
2016-11-28,74,,
2016-11-28,75,400,401
2016-11-28,76,408,413
2016-11-28,77,408,410
2016-11-28,78,,
2016-11-28,79,,
2016-11-28,80,,
2016-11-28,81,290,295
2016-11-28,82,,
2016-11-28,83,780,790
2016-11-28,84,840,860
2016-11-28,85,745,750
2016-11-28,86,750,760
2016-11-28,87,830,835
2016-11-28,88,820,825
2016-11-28,89,1790,1800
2016-11-28,90,910,930
2016-11-28,91,990,1010
2016-11-28,92,850,855
2016-11-28,93,870,880
2016-11-28,94,915,920
2016-11-28,95,900,905
2016-11-28,96,1,1.4
2016-11-28,97,1.5,1.7
2016-11-28,98,,
2016-11-28,100,0.75,0.85
2016-11-28,101,10,12
2016-11-28,102,,
2016-11-28,103,6,6.4
2016-11-28,104,3.8,3.95
2016-11-28,105,3.9,4.25
2016-11-28,106,3.45,3.5
2016-11-28,107,1.85,1.9
2016-11-28,108,255,273
2016-11-28,109,,
2016-11-28,110,370,400
2016-11-28,111,245,250
2016-11-28,112,,
2016-11-28,113,,
2016-11-28,114,203,206
2016-11-28,115,148,155
2016-11-28,116,,
2016-11-28,117,397,400
2016-11-28,118,359,362
2016-11-28,119,,
2016-11-28,120,,
2016-11-28,121,458,460
2016-11-28,122,370,372
2016-11-28,123,,
2016-11-28,124,365,367
2016-11-28,125,,
2016-11-28,126,,
2016-11-28,127,205,210
2016-11-28,128,165,170
2016-11-28,129,,
2016-11-28,130,105,110
2016-11-28,131,1700,1705
2016-11-28,132,710,715
2016-11-28,133,680,685
2016-11-28,134,775,780
2016-11-28,139,7.5,8.5
2016-11-28,140,8,9
2016-11-28,147,1.5,1.7
2016-11-28,152,,
2016-11-28,153,,
2016-11-28,154,3.1,3.2
2016-11-28,155,,
2016-11-28,176,7,8
2016-11-28,177,15,16
2016-11-28,178,7.78,7.88
2016-11-28,179,7.28,7.38
2016-11-28,180,6.93,7.03
2016-11-28,181,4.62,4.67
2016-11-28,182,4.87,4.92
2016-11-28,183,5.1,5.15
2016-11-28,184,5.8,5.9
2016-11-28,185,6.75,6.85
2016-11-28,186,8.45,8.75
2016-11-28,187,430,445
2016-11-28,188,440,450
2016-11-28,189,250,260
2016-11-28,190,2450,2500
2016-11-28,191,3.86,3.86
2016-11-28,192,2.74,2.74
2016-11-28,193,2.47,2.47
2016-11-28,194,2.19,2.19
2016-11-28,195,2.03,2.03
2016-11-28,196,1.7,1.7
2016-11-28,197,1.52,1.52
2016-11-28,198,1.6,1.6
2016-11-28,199,1.53,1.53
2016-11-28,202,,
2016-11-28,203,,
2016-11-28,204,,
2016-11-28,205,,
2016-11-28,206,,
2016-11-28,207,,
2016-11-28,208,,
2016-11-28,209,0.4,0.45
2016-11-28,210,,
2016-11-28,211,0.2,0.25
2016-11-28,212,0.25,0.3
2016-11-28,213,,
2016-11-28,214,,
2016-11-28,215,,
2016-11-28,216,,
2016-11-28,217,,
2016-11-28,218,,
2016-11-28,219,,
2016-11-28,220,,
2016-11-28,221,,
2016-11-28,222,,
2016-11-28,223,,
2016-11-28,224,,
2016-11-28,225,1.6,1.65
2016-11-28,226,,
2016-11-28,227,,
2016-11-28,228,,
2016-11-28,229,0.8,1
2016-11-28,230,,
2016-11-28,231,,
2016-11-28,232,,
2016-11-28,233,0.33,0.36
2016-11-28,234,,
2016-11-28,235,,
2016-11-28,236,,
2016-11-28,237,,
2016-11-28,238,0.3,0.4
2016-11-28,239,,
2016-11-28,240,,
2016-11-28,241,0.8,0.9
2016-11-28,242,,
2016-11-28,243,,
2016-11-28,244,,
2016-11-28,245,,
2016-11-28,246,,
2016-11-28,247,0.35,0.4
2016-11-28,248,,
2016-11-28,249,0.55,0.6
2016-11-28,250,0.3,0.35
2016-11-28,251,,
2016-11-28,252,3.3,3.7
2016-11-28,253,0.65,0.75
2016-11-28,254,,
2016-11-28,255,0.6,0.7
2016-11-28,256,0.3,0.4
2016-11-28,257,,
2016-11-28,258,,
2016-11-28,259,,
2016-11-28,260,,
2016-11-28,261,,
2016-11-28,262,0.6,0.7
2016-11-28,263,0.65,0.75
2016-11-28,264,0.7,0.8
2016-11-28,265,0.9,1
2016-11-28,266,,
2016-11-28,267,,
2016-11-28,268,,
2016-11-28,269,,
2016-11-28,270,,
2016-11-28,271,,
2016-11-28,272,,
2016-11-28,273,,
2016-11-28,274,,
2016-11-28,275,,
2016-11-28,276,0.5,0.7
2016-11-28,277,,
2016-11-28,278,,
2016-11-28,279,0.4,0.45
2016-11-28,280,0.3,0.35
2016-11-28,281,0.25,0.35
2016-11-28,282,,
2016-11-28,283,0.3,0.35
2016-11-28,284,,
2016-11-28,285,,
2016-11-28,286,,
2016-11-28,287,,
2016-11-28,288,,
2016-11-28,289,,
2016-11-28,290,,
2016-11-28,291,,
2016-11-28,292,,
2016-11-28,293,,
2016-11-28,294,,
2016-11-28,295,,
2016-11-28,296,,
2016-11-28,297,,
2016-11-28,298,,
2016-11-28,299,,
2016-11-28,300,,
2016-11-28,301,,
2016-11-28,302,,
2016-11-28,303,,
2016-11-28,304,,
2016-11-28,305,,
2016-11-28,306,,
2016-11-28,307,,
2016-11-28,308,,
2016-11-28,309,,
2016-11-28,310,,
2016-11-28,311,,
2016-11-28,312,,
2016-11-28,313,,
2016-11-28,314,,
2016-11-28,315,,
2016-11-28,316,,
2016-11-28,317,,
2016-11-28,318,,
2016-11-28,319,,
2016-11-28,320,,
2016-11-28,321,,
2016-11-28,322,,
2016-11-28,323,,
2016-11-28,615,8.5,9.5
2016-11-28,616,8,9
2016-11-28,619,3.4,3.6
2016-11-28,620,3.5,3.7
2016-11-28,645,1,1.1
2016-11-28,646,0.8,0.85
2016-11-28,647,0.9,0.95
2016-11-28,648,0.82,0.87
2016-11-28,649,2.3,2.8
2016-11-28,650,2.6,2.8
2016-11-28,651,5.6,6.2
2016-11-28,652,0.85,0.95
2016-11-28,653,,
2016-11-28,654,0.75,0.85
2016-11-28,655,1.1,1.2
2016-11-28,656,1.1,1.2
2016-11-28,657,1.4,1.45
2016-11-28,658,3.85,4.2
2016-11-28,659,,
2016-11-28,660,,
2016-11-28,661,4.5,5
2016-11-28,662,0.85,0.95
2016-11-28,663,5.7,6
2016-11-28,664,4.5,5
2016-11-28,665,6,6.2
2016-11-28,666,0.9,1
2016-11-28,667,,
2016-11-28,668,4,4.5
2016-11-28,670,0.9,1.2
2016-11-28,671,1.2,1.3
2016-11-28,672,238,240
2016-11-28,673,2.6,2.9
2016-12-02,324,1.04,1.06
2016-12-02,325,0.99,1.01
2016-12-02,326,1.04,1.06
2016-12-02,328,0.16,0.18
2016-12-02,329,0.2,0.22
2016-12-02,331,0.35,0.37
2016-12-02,332,3.8,4
2016-12-02,333,2.45,2.49
2016-12-02,334,2.45,2.49
2016-12-02,335,2.4,2.44
2016-12-02,336,2.55,2.65
2016-12-02,337,2.25,2.35
2016-12-02,338,1.35,1.37
2016-12-02,339,1.35,1.37
2016-12-02,340,3.45,3.55
2016-12-02,341,2.7,2.74
2016-12-02,342,2.8,2.84
2016-12-02,343,2.6,2.64
2016-12-02,344,13.3,13.3
2016-12-02,345,10.3,10.3
2016-12-02,346,9.2,9.2
2016-12-02,347,8.7,8.7
2016-12-02,348,1.9,2
2016-12-02,349,1.9,2
2016-12-02,350,2.1,2.2
2016-12-02,351,1.95,2.05
2016-12-02,352,4,4.1
2016-12-02,353,4.3,4.4
2016-12-02,354,1.85,1.95
2016-12-02,355,1.7,1.8
2016-12-02,356,1.7,1.8
2016-12-02,357,1.85,1.95
2016-12-02,358,3.8,3.9
2016-12-02,359,2.2,2.3
2016-12-02,360,2.2,2.3
2016-12-02,361,4.25,4.35
2016-12-02,362,5.15,5.25
2016-12-02,363,4.6,4.7
2016-12-02,364,1.9,2
2016-12-02,365,1.7,1.8
2016-12-02,366,5.2,5.3
2016-12-02,367,2.5,2.6
2016-12-02,368,1.3,1.4
2016-12-02,369,5.2,5.3
2016-12-02,370,2.25,2.35
2016-12-02,371,1.3,1.4
2016-12-02,372,5.2,5.3
2016-12-05,2,,
2016-12-05,3,,
2016-12-05,4,177,178
2016-12-05,5,,
2016-12-05,6,,
2016-12-05,7,273,275
2016-12-05,8,270,272
2016-12-05,9,174,177
2016-12-05,10,,
2016-12-05,11,,
2016-12-05,12,185,190
2016-12-05,13,,
2016-12-05,14,167,168
2016-12-05,15,,
2016-12-05,16,174,175
2016-12-05,17,,
2016-12-05,18,,
2016-12-05,19,,
2016-12-05,20,160,162
2016-12-05,21,167,168
2016-12-05,22,,
2016-12-05,23,390,395
2016-12-05,24,384,389
2016-12-05,25,224,226
2016-12-05,26,219,222
2016-12-05,27,435,436
2016-12-05,28,431,433
2016-12-05,29,417,418
2016-12-05,30,141,143
2016-12-05,31,145,147
2016-12-05,32,113,115
2016-12-05,33,149,151
2016-12-05,34,120,122
2016-12-05,35,179,181
2016-12-05,36,150,152
2016-12-05,37,122,123
2016-12-05,38,122,123
2016-12-05,39,269,270
2016-12-05,40,148,150
2016-12-05,41,815,820
2016-12-05,42,154,155
2016-12-05,43,152,154
2016-12-05,44,,
2016-12-05,45,,
2016-12-05,46,,
2016-12-05,47,172,173
2016-12-05,48,160,162
2016-12-05,49,,
2016-12-05,50,420,460
2016-12-05,51,470,530
2016-12-05,52,,
2016-12-05,53,1100,1150
2016-12-05,54,1210,1260
2016-12-05,55,335,365
2016-12-05,56,245,255
2016-12-05,57,144,150
2016-12-05,58,80,85
2016-12-05,59,61,63
2016-12-05,60,,
2016-12-05,61,,
2016-12-05,62,100,105
2016-12-05,63,115,120
2016-12-05,64,,
2016-12-05,65,,
2016-12-05,66,110,115
2016-12-05,67,135,140
2016-12-05,68,,
2016-12-05,69,,
2016-12-05,70,,
2016-12-05,71,70,75
2016-12-05,72,,
2016-12-05,73,388,390
2016-12-05,74,,
2016-12-05,75,400,401
2016-12-05,76,408,413
2016-12-05,77,408,410
2016-12-05,78,,
2016-12-05,79,,
2016-12-05,80,,
2016-12-05,81,290,295
2016-12-05,82,,
2016-12-05,83,820,830
2016-12-05,84,850,870
2016-12-05,85,745,750
2016-12-05,86,760,770
2016-12-05,87,835,840
2016-12-05,88,825,830
2016-12-05,89,1770,1780
2016-12-05,90,950,970
2016-12-05,91,1000,1020
2016-12-05,92,860,865
2016-12-05,93,900,910
2016-12-05,94,920,925
2016-12-05,95,905,910
2016-12-05,96,1,1.4
2016-12-05,97,1.5,1.7
2016-12-05,98,,
2016-12-05,100,0.75,0.85
2016-12-05,101,10,12
2016-12-05,102,,
2016-12-05,103,6,6.5
2016-12-05,104,3.8,3.95
2016-12-05,105,3.9,4.25
2016-12-05,106,3.55,3.6
2016-12-05,107,1.85,1.9
2016-12-05,108,255,273
2016-12-05,109,,
2016-12-05,110,370,400
2016-12-05,111,245,250
2016-12-05,112,,
2016-12-05,113,,
2016-12-05,114,200,203
2016-12-05,115,148,155
2016-12-05,116,,
2016-12-05,117,390,393
2016-12-05,118,350,353
2016-12-05,119,,
2016-12-05,120,,
2016-12-05,121,450,452
2016-12-05,122,360,362
2016-12-05,123,,
2016-12-05,124,358,360
2016-12-05,125,,
2016-12-05,126,,
2016-12-05,127,205,210
2016-12-05,128,165,170
2016-12-05,129,,
2016-12-05,130,105,110
2016-12-05,131,1700,1705
2016-12-05,132,725,730
2016-12-05,133,695,700
2016-12-05,134,790,795
2016-12-05,139,7.5,8.5
2016-12-05,140,8,9
2016-12-05,147,1.5,1.7
2016-12-05,152,,
2016-12-05,153,,
2016-12-05,154,3.1,3.2
2016-12-05,155,,
2016-12-05,176,7,8
2016-12-05,177,15,16
2016-12-05,178,7.8,7.9
2016-12-05,179,7.3,7.4
2016-12-05,180,7,7.1
2016-12-05,181,4.62,4.67
2016-12-05,182,4.87,4.92
2016-12-05,183,5.1,5.15
2016-12-05,184,5.8,5.9
2016-12-05,185,6.75,6.85
2016-12-05,186,8.45,8.75
2016-12-05,187,425,440
2016-12-05,188,430,440
2016-12-05,189,220,230
2016-12-05,190,2350,2400
2016-12-05,191,3.86,3.86
2016-12-05,192,2.73,2.73
2016-12-05,193,2.47,2.47
2016-12-05,194,2.19,2.19
2016-12-05,195,2.03,2.03
2016-12-05,196,1.7,1.7
2016-12-05,197,1.53,1.53
2016-12-05,198,1.61,1.61
2016-12-05,199,1.54,1.54
2016-12-05,202,,
2016-12-05,203,,
2016-12-05,204,,
2016-12-05,205,,
2016-12-05,206,,
2016-12-05,207,,
2016-12-05,208,,
2016-12-05,209,0.3,0.4
2016-12-05,210,,
2016-12-05,211,0.2,0.25
2016-12-05,212,0.25,0.3
2016-12-05,213,,
2016-12-05,214,,
2016-12-05,215,,
2016-12-05,216,,
2016-12-05,217,,
2016-12-05,218,,
2016-12-05,219,,
2016-12-05,220,,
2016-12-05,221,,
2016-12-05,222,,
2016-12-05,223,,
2016-12-05,224,,
2016-12-05,225,1.6,1.65
2016-12-05,226,1.6,1.8
2016-12-05,227,,
2016-12-05,228,,
2016-12-05,229,0.75,0.85
2016-12-05,230,,
2016-12-05,231,,
2016-12-05,232,,
2016-12-05,233,0.33,0.36
2016-12-05,234,,
2016-12-05,235,,
2016-12-05,236,,
2016-12-05,237,,
2016-12-05,238,0.3,0.4
2016-12-05,239,,
2016-12-05,240,,
2016-12-05,241,,
2016-12-05,242,,
2016-12-05,243,,
2016-12-05,244,,
2016-12-05,245,,
2016-12-05,246,,
2016-12-05,247,0.5,0.7
2016-12-05,248,,
2016-12-05,249,0.5,0.6
2016-12-05,250,0.3,0.35
2016-12-05,251,,
2016-12-05,252,,
2016-12-05,253,0.65,0.75
2016-12-05,254,,
2016-12-05,255,0.6,0.7
2016-12-05,256,0.3,0.4
2016-12-05,257,,
2016-12-05,258,,
2016-12-05,259,,
2016-12-05,260,,
2016-12-05,261,,
2016-12-05,262,0.6,0.7
2016-12-05,263,0.65,0.75
2016-12-05,264,0.7,0.8
2016-12-05,265,0.9,1
2016-12-05,266,,
2016-12-05,267,,
2016-12-05,268,,
2016-12-05,269,,
2016-12-05,270,,
2016-12-05,271,,
2016-12-05,272,,
2016-12-05,273,,
2016-12-05,274,,
2016-12-05,275,,
2016-12-05,276,,
2016-12-05,277,,
2016-12-05,278,,
2016-12-05,279,0.4,0.45
2016-12-05,280,0.3,0.35
2016-12-05,281,0.25,0.35
2016-12-05,282,,
2016-12-05,283,0.3,0.35
2016-12-05,284,,
2016-12-05,285,,
2016-12-05,286,,
2016-12-05,287,,
2016-12-05,288,,
2016-12-05,289,,
2016-12-05,290,,
2016-12-05,291,,
2016-12-05,292,,
2016-12-05,293,,
2016-12-05,294,,
2016-12-05,295,,
2016-12-05,296,,
2016-12-05,297,,
2016-12-05,298,,
2016-12-05,299,,
2016-12-05,300,,
2016-12-05,301,,
2016-12-05,302,,
2016-12-05,303,,
2016-12-05,304,,
2016-12-05,305,,
2016-12-05,306,,
2016-12-05,307,,
2016-12-05,308,,
2016-12-05,309,,
2016-12-05,310,,
2016-12-05,311,,
2016-12-05,312,,
2016-12-05,313,,
2016-12-05,314,,
2016-12-05,315,,
2016-12-05,316,,
2016-12-05,317,,
2016-12-05,318,,
2016-12-05,319,,
2016-12-05,320,,
2016-12-05,321,,
2016-12-05,322,,
2016-12-05,323,,
2016-12-05,615,8.5,9.5
2016-12-05,616,8,9
2016-12-05,619,3.4,3.6
2016-12-05,620,3.5,3.7
2016-12-05,645,1,1.1
2016-12-05,646,0.8,0.85
2016-12-05,647,0.9,0.95
2016-12-05,648,0.82,0.87
2016-12-05,649,2.3,2.8
2016-12-05,650,2.6,2.8
2016-12-05,651,5.6,6.2
2016-12-05,652,0.85,0.95
2016-12-05,653,,
2016-12-05,654,0.75,0.85
2016-12-05,655,1.1,1.2
2016-12-05,656,1.1,1.2
2016-12-05,657,1.4,1.45
2016-12-05,658,3.85,4.2
2016-12-05,659,,
2016-12-05,660,,
2016-12-05,661,4.5,5
2016-12-05,662,0.85,0.95
2016-12-05,663,5.7,6
2016-12-05,664,4.5,5
2016-12-05,665,6,6.2
2016-12-05,666,0.9,1
2016-12-05,667,3.5,4
2016-12-05,668,4,4.5
2016-12-05,670,0.9,1.2
2016-12-05,671,1.2,1.3
2016-12-05,672,236,238
2016-12-05,673,2.6,2.9
2016-12-12,2,,
2016-12-12,3,,
2016-12-12,4,177,178
2016-12-12,5,,
2016-12-12,6,,
2016-12-12,7,275,277
2016-12-12,8,272,274
2016-12-12,9,176,177
2016-12-12,10,,
2016-12-12,11,,
2016-12-12,12,185,190
2016-12-12,13,,
2016-12-12,14,166,167
2016-12-12,15,,
2016-12-12,16,172,173
2016-12-12,17,,
2016-12-12,18,,
2016-12-12,19,,
2016-12-12,20,160,162
2016-12-12,21,167,168
2016-12-12,22,,
2016-12-12,23,390,395
2016-12-12,24,384,389
2016-12-12,25,224,226
2016-12-12,26,219,222
2016-12-12,27,435,436
2016-12-12,28,431,433
2016-12-12,29,417,418
2016-12-12,30,141,143
2016-12-12,31,145,147
2016-12-12,32,113,115
2016-12-12,33,149,151
2016-12-12,34,120,122
2016-12-12,35,179,181
2016-12-12,36,150,152
2016-12-12,37,122,123
2016-12-12,38,122,123
2016-12-12,39,269,270
2016-12-12,40,148,150
2016-12-12,41,805,810
2016-12-12,42,154,155
2016-12-12,43,152,154
2016-12-12,44,,
2016-12-12,45,,
2016-12-12,46,,
2016-12-12,47,173,174
2016-12-12,48,160,162
2016-12-12,49,,
2016-12-12,50,410,450
2016-12-12,51,460,520
2016-12-12,52,,
2016-12-12,53,1080,1130
2016-12-12,54,1190,1240
2016-12-12,55,335,365
2016-12-12,56,245,255
2016-12-12,57,144,150
2016-12-12,58,80,85
2016-12-12,59,61,63
2016-12-12,60,,
2016-12-12,61,,
2016-12-12,62,100,105
2016-12-12,63,115,120
2016-12-12,64,,
2016-12-12,65,,
2016-12-12,66,110,115
2016-12-12,67,135,140
2016-12-12,68,,
2016-12-12,69,,
2016-12-12,70,,
2016-12-12,71,70,75
2016-12-12,72,,
2016-12-12,73,388,390
2016-12-12,74,,
2016-12-12,75,400,401
2016-12-12,76,408,413
2016-12-12,77,408,410
2016-12-12,78,,
2016-12-12,79,,
2016-12-12,80,,
2016-12-12,81,290,295
2016-12-12,82,,
2016-12-12,83,870,880
2016-12-12,84,890,910
2016-12-12,85,745,750
2016-12-12,86,780,790
2016-12-12,87,845,850
2016-12-12,88,825,830
2016-12-12,89,1750,1760
2016-12-12,90,990,1010
2016-12-12,91,1030,1050
2016-12-12,92,860,865
2016-12-12,93,920,930
2016-12-12,94,925,930
2016-12-12,95,905,910
2016-12-12,96,,
2016-12-12,97,,
2016-12-12,98,,
2016-12-12,100,,
2016-12-12,101,10,12
2016-12-12,102,,
2016-12-12,103,5.9,6.5
2016-12-12,104,3.8,3.95
2016-12-12,105,3.9,4.25
2016-12-12,106,3.55,3.6
2016-12-12,107,2,2.05
2016-12-12,108,255,273
2016-12-12,109,,
2016-12-12,110,370,400
2016-12-12,111,245,250
2016-12-12,112,,
2016-12-12,113,,
2016-12-12,114,200,203
2016-12-12,115,148,155
2016-12-12,116,,
2016-12-12,117,393,396
2016-12-12,118,353,356
2016-12-12,119,,
2016-12-12,120,345,348
2016-12-12,121,453,455
2016-12-12,122,363,365
2016-12-12,123,,
2016-12-12,124,356,358
2016-12-12,125,,
2016-12-12,126,,
2016-12-12,127,205,210
2016-12-12,128,165,170
2016-12-12,129,,
2016-12-12,130,105,110
2016-12-12,131,1700,1705
2016-12-12,132,735,740
2016-12-12,133,705,710
2016-12-12,134,800,805
2016-12-12,139,7.5,8.5
2016-12-12,140,8,9
2016-12-12,147,1.5,1.7
2016-12-12,152,,
2016-12-12,153,,
2016-12-12,154,3.1,3.2
2016-12-12,155,,
2016-12-12,176,7,8
2016-12-12,177,15,16
2016-12-12,178,7.8,7.9
2016-12-12,179,7.4,7.5
2016-12-12,180,7.15,7.25
2016-12-12,181,4.67,4.72
2016-12-12,182,4.92,4.97
2016-12-12,183,5.2,5.25
2016-12-12,184,5.9,6
2016-12-12,185,6.85,6.95
2016-12-12,186,8.55,8.85
2016-12-12,187,405,420
2016-12-12,188,380,400
2016-12-12,189,170,180
2016-12-12,190,2200,2250
2016-12-12,191,3.86,3.86
2016-12-12,192,2.73,2.73
2016-12-12,193,2.47,2.47
2016-12-12,194,2.19,2.19
2016-12-12,195,2.03,2.03
2016-12-12,196,1.7,1.7
2016-12-12,197,1.54,1.54
2016-12-12,198,1.62,1.62
2016-12-12,199,1.55,1.55
2016-12-12,202,,
2016-12-12,203,,
2016-12-12,204,,
2016-12-12,205,,
2016-12-12,206,,
2016-12-12,207,,
2016-12-12,208,,
2016-12-12,209,0.3,0.4
2016-12-12,210,,
2016-12-12,211,0.2,0.25
2016-12-12,212,0.25,0.3
2016-12-12,213,,
2016-12-12,214,,
2016-12-12,215,,
2016-12-12,216,,
2016-12-12,217,,
2016-12-12,218,,
2016-12-12,219,,
2016-12-12,220,,
2016-12-12,221,,
2016-12-12,222,,
2016-12-12,223,,
2016-12-12,224,,
2016-12-12,225,1.6,1.65
2016-12-12,226,1.6,1.8
2016-12-12,227,,
2016-12-12,228,,
2016-12-12,229,0.8,0.9
2016-12-12,230,,
2016-12-12,231,,
2016-12-12,232,,
2016-12-12,233,0.33,0.36
2016-12-12,234,,
2016-12-12,235,,
2016-12-12,236,,
2016-12-12,237,,
2016-12-12,238,,
2016-12-12,239,,
2016-12-12,240,,
2016-12-12,241,,
2016-12-12,242,,
2016-12-12,243,,
2016-12-12,244,,
2016-12-12,245,,
2016-12-12,246,,
2016-12-12,247,0.6,0.8
2016-12-12,248,,
2016-12-12,249,0.5,0.6
2016-12-12,250,0.3,0.35
2016-12-12,251,,
2016-12-12,252,,
2016-12-12,253,0.65,0.75
2016-12-12,254,,
2016-12-12,255,0.6,0.7
2016-12-12,256,0.3,0.4
2016-12-12,257,,
2016-12-12,258,,
2016-12-12,259,,
2016-12-12,260,,
2016-12-12,261,,
2016-12-12,262,0.6,0.7
2016-12-12,263,0.65,0.75
2016-12-12,264,0.7,0.8
2016-12-12,265,0.9,1
2016-12-12,266,,
2016-12-12,267,,
2016-12-12,268,,
2016-12-12,269,,
2016-12-12,270,,
2016-12-12,271,,
2016-12-12,272,,
2016-12-12,273,,
2016-12-12,274,,
2016-12-12,275,,
2016-12-12,276,,
2016-12-12,277,,
2016-12-12,278,,
2016-12-12,279,0.4,0.45
2016-12-12,280,0.3,0.35
2016-12-12,281,0.25,0.35
2016-12-12,282,,
2016-12-12,283,0.3,0.35
2016-12-12,284,,
2016-12-12,285,,
2016-12-12,286,,
2016-12-12,287,,
2016-12-12,288,,
2016-12-12,289,,
2016-12-12,290,,
2016-12-12,291,,
2016-12-12,292,,
2016-12-12,293,,
2016-12-12,294,,
2016-12-12,295,,
2016-12-12,296,,
2016-12-12,297,,
2016-12-12,298,,
2016-12-12,299,,
2016-12-12,300,,
2016-12-12,301,,
2016-12-12,302,,
2016-12-12,303,,
2016-12-12,304,,
2016-12-12,305,,
2016-12-12,306,,
2016-12-12,307,,
2016-12-12,308,,
2016-12-12,309,,
2016-12-12,310,,
2016-12-12,311,,
2016-12-12,312,,
2016-12-12,313,,
2016-12-12,314,,
2016-12-12,315,,
2016-12-12,316,,
2016-12-12,317,,
2016-12-12,318,,
2016-12-12,319,,
2016-12-12,320,,
2016-12-12,321,,
2016-12-12,322,,
2016-12-12,323,,
2016-12-12,615,8.5,9.5
2016-12-12,616,8,9
2016-12-12,617,3.2,3.5
2016-12-12,618,3.3,3.6
2016-12-12,619,3.4,3.6
2016-12-12,620,3.5,3.7
2016-12-12,645,1,1.1
2016-12-12,646,0.8,0.85
2016-12-12,647,0.9,0.95
2016-12-12,648,0.82,0.87
2016-12-12,649,2.2,2.8
2016-12-12,650,2.4,2.8
2016-12-12,651,5.6,6.2
2016-12-12,652,0.85,1
2016-12-12,653,,
2016-12-12,654,0.75,0.85
2016-12-12,655,1.1,1.2
2016-12-12,656,1.1,1.2
2016-12-12,657,1.4,1.45
2016-12-12,658,3.85,4.2
2016-12-12,659,,
2016-12-12,660,,
2016-12-12,661,4.5,5
2016-12-12,662,0.85,0.95
2016-12-12,663,5.7,6
2016-12-12,664,4.5,5
2016-12-12,665,6,6.2
2016-12-12,666,0.9,1
2016-12-12,667,3.5,4
2016-12-12,668,4,4.5
2016-12-12,670,,
2016-12-12,671,,
2016-12-12,672,236,238
2016-12-12,673,2.6,2.9
2016-12-16,324,1.04,1.06
2016-12-16,325,0.99,1.01
2016-12-16,326,1.04,1.06
2016-12-16,328,0.18,0.2
2016-12-16,329,0.18,0.2
2016-12-16,331,0.3,0.32
2016-12-16,332,3.8,4
2016-12-16,333,2.45,2.49
2016-12-16,334,2.45,2.49
2016-12-16,335,2.4,2.44
2016-12-16,336,2.55,2.65
2016-12-16,337,2.25,2.35
2016-12-16,338,1.35,1.37
2016-12-16,339,1.35,1.37
2016-12-16,340,3.45,3.55
2016-12-16,341,2.7,2.74
2016-12-16,342,2.8,2.84
2016-12-16,343,2.6,2.64
2016-12-16,344,13.5,13.5
2016-12-16,345,10.5,10.5
2016-12-16,346,9.4,9.4
2016-12-16,347,8.9,8.9
2016-12-16,348,1.9,2
2016-12-16,349,1.9,2
2016-12-16,350,2.1,2.2
2016-12-16,351,1.95,2.05
2016-12-16,352,4,4.1
2016-12-16,353,4.3,4.4
2016-12-16,354,1.85,1.95
2016-12-16,355,1.7,1.8
2016-12-16,356,1.7,1.8
2016-12-16,357,1.85,1.95
2016-12-16,358,3.8,3.9
2016-12-16,359,2.2,2.3
2016-12-16,360,2.2,2.3
2016-12-16,361,4.25,4.35
2016-12-16,362,5.15,5.25
2016-12-16,363,4.6,4.7
2016-12-16,364,1.9,2
2016-12-16,365,1.7,1.8
2016-12-16,366,5.2,5.3
2016-12-16,367,2.5,2.6
2016-12-16,368,1.3,1.4
2016-12-16,369,5.2,5.3
2016-12-16,370,2.25,2.35
2016-12-16,371,1.3,1.4
2016-12-16,372,5.2,5.3
2016-12-19,2,,
2016-12-19,3,,
2016-12-19,4,177,178
2016-12-19,5,,
2016-12-19,6,,
2016-12-19,7,275,277
2016-12-19,8,272,274
2016-12-19,9,176,179
2016-12-19,10,,
2016-12-19,11,,
2016-12-19,12,185,190
2016-12-19,13,,
2016-12-19,14,166,167
2016-12-19,15,,
2016-12-19,16,175,176
2016-12-19,17,,
2016-12-19,18,,
2016-12-19,19,,
2016-12-19,20,,
2016-12-19,21,169,170
2016-12-19,22,,
2016-12-19,23,390,395
2016-12-19,24,384,389
2016-12-19,25,224,226
2016-12-19,26,219,222
2016-12-19,27,435,436
2016-12-19,28,431,433
2016-12-19,29,417,418
2016-12-19,30,141,143
2016-12-19,31,145,147
2016-12-19,32,113,115
2016-12-19,33,149,151
2016-12-19,34,120,122
2016-12-19,35,179,181
2016-12-19,36,150,152
2016-12-19,37,122,123
2016-12-19,38,122,123
2016-12-19,39,269,270
2016-12-19,40,148,150
2016-12-19,41,795,800
2016-12-19,42,154,155
2016-12-19,43,152,154
2016-12-19,44,,
2016-12-19,45,,
2016-12-19,46,,
2016-12-19,47,174,175
2016-12-19,48,160,162
2016-12-19,49,,
2016-12-19,50,410,450
2016-12-19,51,460,520
2016-12-19,52,,
2016-12-19,53,1080,1130
2016-12-19,54,1190,1240
2016-12-19,55,335,365
2016-12-19,56,245,255
2016-12-19,57,144,150
2016-12-19,58,80,85
2016-12-19,59,61,63
2016-12-19,60,,
2016-12-19,61,,
2016-12-19,62,100,105
2016-12-19,63,115,120
2016-12-19,64,,
2016-12-19,65,,
2016-12-19,66,110,115
2016-12-19,67,135,140
2016-12-19,68,,
2016-12-19,69,,
2016-12-19,70,,
2016-12-19,71,70,75
2016-12-19,72,210,220
2016-12-19,73,390,392
2016-12-19,74,,
2016-12-19,75,403,409
2016-12-19,76,415,420
2016-12-19,77,413,415
2016-12-19,78,,
2016-12-19,79,,
2016-12-19,80,,
2016-12-19,81,300,305
2016-12-19,82,,
2016-12-19,83,900,910
2016-12-19,84,920,940
2016-12-19,85,765,770
2016-12-19,86,770,780
2016-12-19,87,845,850
2016-12-19,88,825,830
2016-12-19,89,1750,1760
2016-12-19,90,1020,1040
2016-12-19,91,1060,1080
2016-12-19,92,880,885
2016-12-19,93,920,930
2016-12-19,94,925,930
2016-12-19,95,905,910
2016-12-19,96,,
2016-12-19,97,,
2016-12-19,98,,
2016-12-19,100,,
2016-12-19,101,10,12
2016-12-19,102,,
2016-12-19,103,5.9,6.5
2016-12-19,104,3.8,3.95
2016-12-19,105,3.9,4.25
2016-12-19,106,3.5,3.6
2016-12-19,107,2,2.05
2016-12-19,108,255,273
2016-12-19,109,,
2016-12-19,110,370,400
2016-12-19,111,245,250
2016-12-19,112,,
2016-12-19,113,,
2016-12-19,114,198,203
2016-12-19,115,148,155
2016-12-19,116,,
2016-12-19,117,397,400
2016-12-19,118,353,360
2016-12-19,119,,
2016-12-19,120,,
2016-12-19,121,458,460
2016-12-19,122,363,368
2016-12-19,123,,
2016-12-19,124,360,362
2016-12-19,125,,
2016-12-19,126,,
2016-12-19,127,205,210
2016-12-19,128,165,170
2016-12-19,129,,
2016-12-19,130,105,110
2016-12-19,131,1700,1705
2016-12-19,132,750,755
2016-12-19,133,720,725
2016-12-19,134,810,815
2016-12-19,139,7.5,8.5
2016-12-19,140,8,9
2016-12-19,147,1.5,1.7
2016-12-19,152,,
2016-12-19,153,,
2016-12-19,154,3.1,3.2
2016-12-19,155,,
2016-12-19,176,7,8
2016-12-19,177,15,16
2016-12-19,178,7.85,7.95
2016-12-19,179,7.45,7.55
2016-12-19,180,7.25,7.35
2016-12-19,181,4.72,4.77
2016-12-19,182,4.97,5.02
2016-12-19,183,5.2,5.25
2016-12-19,184,5.9,6
2016-12-19,185,6.85,6.95
2016-12-19,186,8.55,8.85
2016-12-19,187,395,410
2016-12-19,188,370,390
2016-12-19,189,160,170
2016-12-19,190,2150,2200
2016-12-19,191,3.93,3.93
2016-12-19,192,2.78,2.78
2016-12-19,193,2.5,2.5
2016-12-19,194,2.19,2.19
2016-12-19,195,2.03,2.03
2016-12-19,196,1.7,1.7
2016-12-19,197,1.56,1.56
2016-12-19,198,1.64,1.64
2016-12-19,199,1.57,1.57
2016-12-19,202,,
2016-12-19,203,,
2016-12-19,204,,
2016-12-19,205,,
2016-12-19,206,,
2016-12-19,207,,
2016-12-19,208,,
2016-12-19,209,0.3,0.4
2016-12-19,210,,
2016-12-19,211,0.2,0.25
2016-12-19,212,0.25,0.3
2016-12-19,213,,
2016-12-19,214,,
2016-12-19,215,,
2016-12-19,216,,
2016-12-19,217,,
2016-12-19,218,,
2016-12-19,219,,
2016-12-19,220,,
2016-12-19,221,,
2016-12-19,222,,
2016-12-19,223,,
2016-12-19,224,,
2016-12-19,225,1.6,1.65
2016-12-19,226,1.6,1.8
2016-12-19,227,,
2016-12-19,228,,
2016-12-19,229,0.85,0.95
2016-12-19,230,,
2016-12-19,231,,
2016-12-19,232,,
2016-12-19,233,0.33,0.36
2016-12-19,234,,
2016-12-19,235,,
2016-12-19,236,,
2016-12-19,237,,
2016-12-19,238,,
2016-12-19,239,,
2016-12-19,240,,
2016-12-19,241,,
2016-12-19,242,,
2016-12-19,243,,
2016-12-19,244,,
2016-12-19,245,,
2016-12-19,246,,
2016-12-19,247,0.8,0.9
2016-12-19,248,,
2016-12-19,249,0.5,0.6
2016-12-19,250,0.3,0.35
2016-12-19,251,,
2016-12-19,252,,
2016-12-19,253,0.65,0.75
2016-12-19,254,,
2016-12-19,255,0.6,0.7
2016-12-19,256,0.3,0.4
2016-12-19,257,,
2016-12-19,258,,
2016-12-19,259,,
2016-12-19,260,,
2016-12-19,261,,
2016-12-19,262,0.6,0.7
2016-12-19,263,0.65,0.75
2016-12-19,264,0.7,0.8
2016-12-19,265,0.9,1
2016-12-19,266,,
2016-12-19,267,,
2016-12-19,268,,
2016-12-19,269,,
2016-12-19,270,,
2016-12-19,271,,
2016-12-19,272,,
2016-12-19,273,,
2016-12-19,274,,
2016-12-19,275,,
2016-12-19,276,,
2016-12-19,277,,
2016-12-19,278,,
2016-12-19,279,0.4,0.45
2016-12-19,280,0.3,0.35
2016-12-19,281,0.25,0.35
2016-12-19,282,,
2016-12-19,283,0.3,0.35
2016-12-19,284,,
2016-12-19,285,,
2016-12-19,286,,
2016-12-19,287,,
2016-12-19,288,,
2016-12-19,289,,
2016-12-19,290,,
2016-12-19,291,,
2016-12-19,292,,
2016-12-19,293,,
2016-12-19,294,,
2016-12-19,295,,
2016-12-19,296,,
2016-12-19,297,,
2016-12-19,298,,
2016-12-19,299,,
2016-12-19,300,,
2016-12-19,301,,
2016-12-19,302,,
2016-12-19,303,,
2016-12-19,304,,
2016-12-19,305,,
2016-12-19,306,,
2016-12-19,307,,
2016-12-19,308,,
2016-12-19,309,,
2016-12-19,310,,
2016-12-19,311,,
2016-12-19,312,,
2016-12-19,313,,
2016-12-19,314,,
2016-12-19,315,,
2016-12-19,316,,
2016-12-19,317,,
2016-12-19,318,,
2016-12-19,319,,
2016-12-19,320,,
2016-12-19,321,,
2016-12-19,322,,
2016-12-19,323,,
2016-12-19,615,8.5,9.5
2016-12-19,616,8,9
2016-12-19,617,3.2,3.5
2016-12-19,618,3.3,3.6
2016-12-19,619,3.4,3.6
2016-12-19,620,3.5,3.7
2016-12-19,645,1,1.1
2016-12-19,646,0.8,0.85
2016-12-19,647,0.9,0.95
2016-12-19,648,0.82,0.87
2016-12-19,649,2.2,2.8
2016-12-19,650,2.4,2.8
2016-12-19,651,5.6,6.2
2016-12-19,652,0.85,1
2016-12-19,653,,
2016-12-19,654,0.75,0.85
2016-12-19,655,1.1,1.25
2016-12-19,656,1.1,1.2
2016-12-19,657,1.4,1.45
2016-12-19,658,3.85,4.2
2016-12-19,659,,
2016-12-19,660,,
2016-12-19,661,4.5,5
2016-12-19,662,0.85,0.95
2016-12-19,663,5.7,6
2016-12-19,664,4.5,5
2016-12-19,665,6,6.2
2016-12-19,666,0.9,1
2016-12-19,667,3.5,4
2016-12-19,668,4,4.5
2016-12-19,670,,
2016-12-19,671,,
2016-12-19,672,236,238
2016-12-19,673,2.6,2.9
