date,code,low,high
2019-01-04,328,,
2019-01-04,329,,
2019-01-04,331,,
2019-01-04,332,,
2019-01-04,333,,
2019-01-04,335,,
2019-01-04,336,,
2019-01-04,337,,
2019-01-04,340,,
2019-01-04,341,,
2019-01-04,342,,
2019-01-04,344,,
2019-01-04,345,,
2019-01-04,346,,
2019-01-04,347,,
2019-01-04,350,,
2019-01-04,351,,
2019-01-04,352,,
2019-01-04,353,,
2019-01-04,356,,
2019-01-04,357,,
2019-01-04,358,,
2019-01-04,361,,
2019-01-04,362,,
2019-01-04,363,,
2019-01-04,364,,
2019-01-04,365,,
2019-01-04,366,,
2019-01-04,367,,
2019-01-04,368,,
2019-01-04,369,,
2019-01-04,370,,
2019-01-04,371,,
2019-01-04,372,,
2019-01-04,674,,
2019-01-04,675,,
2019-01-04,676,,
2019-01-04,677,,
2019-01-04,678,,
2019-01-04,716,,
2019-01-04,717,,
2019-01-04,718,,
2019-01-04,719,,
2019-01-07,2,,
2019-01-07,3,,
2019-01-07,4,217,218
2019-01-07,5,210,212
2019-01-07,6,207,208
2019-01-07,7,268,270
2019-01-07,8,263,265
2019-01-07,9,216,218
2019-01-07,10,226,227
2019-01-07,11,,
2019-01-07,12,190,192
2019-01-07,13,175,176
2019-01-07,14,174,175
2019-01-07,15,181,182
2019-01-07,16,174,176
2019-01-07,17,,
2019-01-07,18,,
2019-01-07,19,,
2019-01-07,20,,
2019-01-07,21,232,234
2019-01-07,22,225,226
2019-01-07,23,430,435
2019-01-07,24,424,429
2019-01-07,25,274,276
2019-01-07,26,269,272
2019-01-07,27,465,466
2019-01-07,28,461,463
2019-01-07,29,447,448
2019-01-07,30,180,182
2019-01-07,31,184,186
2019-01-07,32,152,154
2019-01-07,33,184,196
2019-01-07,34,155,157
2019-01-07,35,207,209
2019-01-07,36,178,180
2019-01-07,37,147,148
2019-01-07,38,147,148
2019-01-07,39,274,275
2019-01-07,40,163,164
2019-01-07,41,750,760
2019-01-07,42,173,175
2019-01-07,43,171,173
2019-01-07,44,,
2019-01-07,45,,
2019-01-07,46,,
2019-01-07,47,216,217
2019-01-07,48,135,142
2019-01-07,50,430,490
2019-01-07,51,430,480
2019-01-07,53,1030,1080
2019-01-07,54,1130,1190
2019-01-07,55,305,345
2019-01-07,56,225,235
2019-01-07,58,123,128
2019-01-07,61,,
2019-01-07,62,,
2019-01-07,63,160,165
2019-01-07,64,,
2019-01-07,65,,
2019-01-07,66,,
2019-01-07,67,170,175
2019-01-07,68,,
2019-01-07,69,,
2019-01-07,70,,
2019-01-07,71,135,140
2019-01-07,73,342,343
2019-01-07,74,,
2019-01-07,75,338,340
2019-01-07,76,359,360
2019-01-07,77,355,356
2019-01-07,78,,
2019-01-07,79,,
2019-01-07,80,,
2019-01-07,81,260,275
2019-01-07,82,,
2019-01-07,83,635,640
2019-01-07,84,685,690
2019-01-07,85,600,605
2019-01-07,86,570,575
2019-01-07,87,635,650
2019-01-07,88,605,610
2019-01-07,89,1285,1295
2019-01-07,90,770,790
2019-01-07,91,830,850
2019-01-07,92,755,760
2019-01-07,93,,
2019-01-07,94,715,730
2019-01-07,95,695,700
2019-01-07,96,,
2019-01-07,97,,
2019-01-07,98,,
2019-01-07,100,,
2019-01-07,101,9,10.5
2019-01-07,102,10,11.5
2019-01-07,103,5.5,6.3
2019-01-07,104,2.65,3.1
2019-01-07,105,3.3,3.4
2019-01-07,106,2.5,2.55
2019-01-07,107,1.45,1.5
2019-01-07,108,269,273
2019-01-07,109,232,234
2019-01-07,110,370,392
2019-01-07,111,265,267
2019-01-07,112,,
2019-01-07,113,,
2019-01-07,114,224,225
2019-01-07,115,160,169
2019-01-07,116,,
2019-01-07,117,382,384
2019-01-07,118,329,332
2019-01-07,119,,
2019-01-07,120,327,329
2019-01-07,121,442,444
2019-01-07,122,339,341
2019-01-07,123,,
2019-01-07,124,337,339
2019-01-07,125,,
2019-01-07,126,240,245
2019-01-07,127,220,225
2019-01-07,128,205,210
2019-01-07,129,160,165
2019-01-07,130,150,152
2019-01-07,131,1510,1515
2019-01-07,132,530,535
2019-01-07,133,505,510
2019-01-07,134,585,590
2019-01-07,176,6.5,7.5
2019-01-07,177,13.5,14.5
2019-01-07,181,4.75,4.85
2019-01-07,182,5.05,5.15
2019-01-07,183,5.35,5.5
2019-01-07,184,6.05,6.25
2019-01-07,185,7.15,7.25
2019-01-07,186,9,9.2
2019-01-07,187,410,430
2019-01-07,188,340,350
2019-01-07,189,150,170
2019-01-07,190,1950,2100
2019-01-07,191,,
2019-01-07,192,,
2019-01-07,193,,
2019-01-07,194,,
2019-01-07,195,,
2019-01-07,196,,
2019-01-07,197,,
2019-01-07,198,,
2019-01-07,199,,
2019-01-07,202,,
2019-01-07,203,,
2019-01-07,204,,
2019-01-07,205,,
2019-01-07,206,,
2019-01-07,207,,
2019-01-07,208,,
2019-01-07,209,,
2019-01-07,210,,
2019-01-07,211,,
2019-01-07,212,,
2019-01-07,213,,
2019-01-07,214,,
2019-01-07,215,,
2019-01-07,216,,
2019-01-07,217,,
2019-01-07,218,,
2019-01-07,219,,
2019-01-07,220,,
2019-01-07,221,,
2019-01-07,222,,
2019-01-07,223,,
2019-01-07,224,,
2019-01-07,225,,
2019-01-07,226,,
2019-01-07,227,,
2019-01-07,228,,
2019-01-07,229,,
2019-01-07,230,,
2019-01-07,231,,
2019-01-07,232,,
2019-01-07,233,,
2019-01-07,234,,
2019-01-07,235,,
2019-01-07,236,,
2019-01-07,237,,
2019-01-07,238,,
2019-01-07,239,,
2019-01-07,240,,
2019-01-07,241,,
2019-01-07,242,,
2019-01-07,243,,
2019-01-07,244,,
2019-01-07,245,,
2019-01-07,246,,
2019-01-07,247,,
2019-01-07,248,,
2019-01-07,249,,
2019-01-07,250,,
2019-01-07,251,,
2019-01-07,252,,
2019-01-07,253,,
2019-01-07,254,,
2019-01-07,255,,
2019-01-07,256,,
2019-01-07,257,,
2019-01-07,258,,
2019-01-07,259,,
2019-01-07,260,,
2019-01-07,261,,
2019-01-07,262,,
2019-01-07,263,,
2019-01-07,264,,
2019-01-07,265,,
2019-01-07,266,,
2019-01-07,267,,
2019-01-07,268,,
2019-01-07,269,,
2019-01-07,270,,
2019-01-07,271,,
2019-01-07,272,,
2019-01-07,273,,
2019-01-07,274,,
2019-01-07,275,,
2019-01-07,276,,
2019-01-07,277,,
2019-01-07,278,,
2019-01-07,279,,
2019-01-07,280,,
2019-01-07,281,,
2019-01-07,282,,
2019-01-07,283,,
2019-01-07,284,,
2019-01-07,285,,
2019-01-07,286,,
2019-01-07,287,,
2019-01-07,288,,
2019-01-07,289,,
2019-01-07,290,,
2019-01-07,291,,
2019-01-07,292,,
2019-01-07,293,,
2019-01-07,294,,
2019-01-07,295,,
2019-01-07,296,,
2019-01-07,297,,
2019-01-07,298,,
2019-01-07,299,,
2019-01-07,300,,
2019-01-07,301,,
2019-01-07,302,,
2019-01-07,303,,
2019-01-07,304,,
2019-01-07,305,,
2019-01-07,306,,
2019-01-07,307,,
2019-01-07,308,,
2019-01-07,309,,
2019-01-07,310,,
2019-01-07,311,,
2019-01-07,312,,
2019-01-07,313,,
2019-01-07,314,,
2019-01-07,315,,
2019-01-07,316,,
2019-01-07,317,,
2019-01-07,318,,
2019-01-07,319,,
2019-01-07,320,,
2019-01-07,321,,
2019-01-07,322,,
2019-01-07,323,,
2019-01-07,670,,
2019-01-07,671,,
2019-01-07,672,250,253
2019-01-07,673,,
2019-01-07,683,3.3,3.7
2019-01-07,684,3.4,3.8
2019-01-07,685,,
2019-01-07,691,2.2,2.4
2019-01-07,692,2.2,2.5
2019-01-07,693,2.2,2.5
2019-01-07,694,2.3,2.6
2019-01-07,727,,
2019-01-07,728,0.95,1.05
2019-01-07,731,6.3,6.4
2019-01-07,732,7.65,7.75
2019-01-07,733,8,8.2
2019-01-07,734,8.35,8.55
2019-01-07,735,7.5,8.5
2019-01-07,736,7.5,8
2019-01-07,737,3.1,3.5
2019-01-07,738,3.2,3.7
2019-01-07,740,7.6,8
2019-01-07,741,1,1.1
2019-01-07,743,7.3,7.8
2019-01-07,744,0.65,0.7
2019-01-07,745,1.4,1.5
2019-01-07,746,,
2019-01-07,747,,
2019-01-07,748,1.1,1.2
2019-01-07,749,1.15,1.25
2019-01-07,750,1.3,1.4
2019-01-07,751,0.85,0.95
2019-01-07,752,1.9,2.3
2019-01-07,753,1.05,1.15
2019-01-07,754,5.8,6.3
2019-01-07,755,0.75,0.95
2019-01-07,756,0.85,0.95
2019-01-07,757,4.5,5
2019-01-07,758,2.1,2.4
2019-01-07,759,0.85,0.95
2019-01-07,760,7,7.5
2019-01-07,761,2.2,2.5
2019-01-07,762,2.2,2.4
2019-01-07,763,2.3,2.5
2019-01-07,764,,
2019-01-11,328,0.3,0.36
2019-01-11,329,0.17,0.19
2019-01-11,331,0.33,0.37
2019-01-11,332,,
2019-01-11,333,2.3,2.35
2019-01-11,335,2.2,2.25
2019-01-11,336,,
2019-01-11,337,,
2019-01-11,340,,
2019-01-11,341,2.5,2.55
2019-01-11,342,2.8,2.85
2019-01-11,344,13,13
2019-01-11,345,10.9,10.9
2019-01-11,346,9.9,9.9
2019-01-11,347,8.1,8.1
2019-01-11,350,1.85,1.95
2019-01-11,351,1.7,1.8
2019-01-11,352,3.65,3.75
2019-01-11,353,4.3,4.4
2019-01-11,356,1.8,1.9
2019-01-11,357,1.9,2
2019-01-11,358,3.4,3.5
2019-01-11,361,4.1,4.2
2019-01-11,362,5,5.1
2019-01-11,363,4.2,4.3
2019-01-11,364,1.5,1.6
2019-01-11,365,1.5,1.6
2019-01-11,366,5.1,5.2
2019-01-11,367,2.2,2.3
2019-01-11,368,1.3,1.4
2019-01-11,369,5.1,5.2
2019-01-11,370,2,2.1
2019-01-11,371,1.3,1.4
2019-01-11,372,6,6.1
2019-01-11,674,0.92,0.94
2019-01-11,675,1.35,1.37
2019-01-11,676,1.7,1.8
2019-01-11,677,1.9,2
2019-01-11,678,2,2.1
2019-01-11,716,15.8,15.8
2019-01-11,717,13.6,13.6
2019-01-11,718,12.7,12.7
2019-01-11,719,10.1,10.1
2019-01-14,2,,
2019-01-14,3,,
2019-01-14,4,219,220
2019-01-14,5,212,214
2019-01-14,6,,
2019-01-14,7,268,270
2019-01-14,8,263,265
2019-01-14,9,218,219
2019-01-14,10,226,227
2019-01-14,11,,
2019-01-14,12,190,192
2019-01-14,13,176,177
2019-01-14,14,175,176
2019-01-14,15,183,184
2019-01-14,16,175,176
2019-01-14,17,,
2019-01-14,18,,
2019-01-14,19,,
2019-01-14,20,,
2019-01-14,21,234,235
2019-01-14,22,225,226
2019-01-14,23,430,435
2019-01-14,24,424,429
2019-01-14,25,274,276
2019-01-14,26,269,272
2019-01-14,27,465,466
2019-01-14,28,461,463
2019-01-14,29,447,448
2019-01-14,30,183,185
2019-01-14,31,187,189
2019-01-14,32,155,157
2019-01-14,33,187,199
2019-01-14,34,158,160
2019-01-14,35,207,209
2019-01-14,36,178,180
2019-01-14,37,146,147
2019-01-14,38,144,145
2019-01-14,39,274,275
2019-01-14,40,163,164
2019-01-14,41,750,760
2019-01-14,42,173,175
2019-01-14,43,171,173
2019-01-14,44,,
2019-01-14,45,,
2019-01-14,46,,
2019-01-14,47,220,221
2019-01-14,48,135,142
2019-01-14,50,430,490
2019-01-14,51,430,480
2019-01-14,53,1030,1080
2019-01-14,54,1130,1190
2019-01-14,55,305,345
2019-01-14,56,225,235
2019-01-14,58,123,128
2019-01-14,61,,
2019-01-14,62,,
2019-01-14,63,160,165
2019-01-14,64,,
2019-01-14,65,,
2019-01-14,66,,
2019-01-14,67,170,175
2019-01-14,68,,
2019-01-14,69,,
2019-01-14,70,,
2019-01-14,71,135,140
2019-01-14,73,341,342
2019-01-14,74,,
2019-01-14,75,335,337
2019-01-14,76,359,360
2019-01-14,77,355,356
2019-01-14,78,,
2019-01-14,79,,
2019-01-14,80,,
2019-01-14,81,260,275
2019-01-14,82,,
2019-01-14,83,635,640
2019-01-14,84,685,690
2019-01-14,85,600,605
2019-01-14,86,580,585
2019-01-14,87,620,635
2019-01-14,88,590,595
2019-01-14,89,1285,1295
2019-01-14,90,770,790
2019-01-14,91,830,850
2019-01-14,92,755,760
2019-01-14,93,,
2019-01-14,94,700,715
2019-01-14,95,680,685
2019-01-14,96,,
2019-01-14,97,,
2019-01-14,98,,
2019-01-14,100,,
2019-01-14,101,9,10.5
2019-01-14,102,10,11.5
2019-01-14,103,5.5,6.3
2019-01-14,104,2.65,3.1
2019-01-14,105,3.3,3.4
2019-01-14,106,2.5,2.55
2019-01-14,107,1.45,1.5
2019-01-14,108,269,273
2019-01-14,109,230,232
2019-01-14,110,370,392
2019-01-14,111,,
2019-01-14,112,,
2019-01-14,113,,
2019-01-14,114,219,220
2019-01-14,115,160,169
2019-01-14,116,,
2019-01-14,117,376,378
2019-01-14,118,324,327
2019-01-14,119,,
2019-01-14,120,320,322
2019-01-14,121,436,438
2019-01-14,122,333,335
2019-01-14,123,,
2019-01-14,124,330,332
2019-01-14,125,,
2019-01-14,126,240,245
2019-01-14,127,220,225
2019-01-14,128,205,210
2019-01-14,129,160,165
2019-01-14,130,150,152
2019-01-14,131,1510,1515
2019-01-14,132,520,525
2019-01-14,133,495,500
2019-01-14,134,575,580
2019-01-14,176,6.5,7.5
2019-01-14,177,13.5,14.5
2019-01-14,181,4.8,4.9
2019-01-14,182,5.1,5.2
2019-01-14,183,5.4,5.55
2019-01-14,184,6.1,6.3
2019-01-14,185,7.2,7.3
2019-01-14,186,9.05,9.25
2019-01-14,187,420,435
2019-01-14,188,370,380
2019-01-14,189,180,200
2019-01-14,190,2000,2150
2019-01-14,191,,
2019-01-14,192,,
2019-01-14,193,,
2019-01-14,194,,
2019-01-14,195,,
2019-01-14,196,,
2019-01-14,197,,
2019-01-14,198,,
2019-01-14,199,,
2019-01-14,202,,
2019-01-14,203,,
2019-01-14,204,,
2019-01-14,205,,
2019-01-14,206,,
2019-01-14,207,,
2019-01-14,208,,
2019-01-14,209,,
2019-01-14,210,1.4,1.5
2019-01-14,211,0.4,0.5
2019-01-14,212,0.5,0.55
2019-01-14,213,,
2019-01-14,214,,
2019-01-14,215,,
2019-01-14,216,,
2019-01-14,217,,
2019-01-14,218,,
2019-01-14,219,,
2019-01-14,220,,
2019-01-14,221,,
2019-01-14,222,,
2019-01-14,223,,
2019-01-14,224,,
2019-01-14,225,1.4,1.5
2019-01-14,226,,
2019-01-14,227,,
2019-01-14,228,,
2019-01-14,229,1.3,1.4
2019-01-14,230,,
2019-01-14,231,,
2019-01-14,232,,
2019-01-14,233,,
2019-01-14,234,,
2019-01-14,235,,
2019-01-14,236,,
2019-01-14,237,,
2019-01-14,238,,
2019-01-14,239,,
2019-01-14,240,,
2019-01-14,241,,
2019-01-14,242,,
2019-01-14,243,,
2019-01-14,244,,
2019-01-14,245,,
2019-01-14,246,,
2019-01-14,247,,
2019-01-14,248,,
2019-01-14,249,0.9,1
2019-01-14,250,0.4,0.45
2019-01-14,251,,
2019-01-14,252,,
2019-01-14,253,0.7,0.75
2019-01-14,254,,
2019-01-14,255,,
2019-01-14,256,,
2019-01-14,257,,
2019-01-14,258,,
2019-01-14,259,,
2019-01-14,260,,
2019-01-14,261,0.55,0.6
2019-01-14,262,0.65,0.75
2019-01-14,263,0.75,0.85
2019-01-14,264,0.9,0.95
2019-01-14,265,1.05,1.1
2019-01-14,266,,
2019-01-14,267,,
2019-01-14,268,,
2019-01-14,269,,
2019-01-14,270,,
2019-01-14,271,,
2019-01-14,272,,
2019-01-14,273,,
2019-01-14,274,,
2019-01-14,275,,
2019-01-14,276,,
2019-01-14,277,,
2019-01-14,278,,
2019-01-14,279,0.3,0.4
2019-01-14,280,0.18,0.25
2019-01-14,281,0.2,0.25
2019-01-14,282,0.3,0.4
2019-01-14,283,0.2,0.3
2019-01-14,284,0.2,0.3
2019-01-14,285,,
2019-01-14,286,,
2019-01-14,287,,
2019-01-14,288,,
2019-01-14,289,,
2019-01-14,290,,
2019-01-14,291,,
2019-01-14,292,,
2019-01-14,293,,
2019-01-14,294,,
2019-01-14,295,,
2019-01-14,296,,
2019-01-14,297,0.35,0.45
2019-01-14,298,,
2019-01-14,299,,
2019-01-14,300,,
2019-01-14,301,,
2019-01-14,302,,
2019-01-14,303,,
2019-01-14,304,0.7,0.8
2019-01-14,305,,
2019-01-14,306,0.55,0.65
2019-01-14,307,,
2019-01-14,308,,
2019-01-14,309,,
2019-01-14,310,,
2019-01-14,311,,
2019-01-14,312,,
2019-01-14,313,,
2019-01-14,314,,
2019-01-14,315,,
2019-01-14,316,,
2019-01-14,317,,
2019-01-14,318,,
2019-01-14,319,,
2019-01-14,320,,
2019-01-14,321,,
2019-01-14,322,,
2019-01-14,323,,
2019-01-14,670,,
2019-01-14,671,,
2019-01-14,672,255,256
2019-01-14,673,,
2019-01-14,683,3.3,3.7
2019-01-14,684,3.4,3.8
2019-01-14,685,,
2019-01-14,691,2.2,2.4
2019-01-14,692,2.2,2.5
2019-01-14,693,2.2,2.5
2019-01-14,694,2.3,2.6
2019-01-14,727,,
2019-01-14,728,0.95,1.05
2019-01-14,731,6.35,6.45
2019-01-14,732,7.7,7.8
2019-01-14,733,8.1,8.3
2019-01-14,734,8.55,8.75
2019-01-14,735,7.5,8.5
2019-01-14,736,7.5,8
2019-01-14,737,3.1,3.5
2019-01-14,738,3.2,3.7
2019-01-14,740,7.6,8
2019-01-14,741,1,1.1
2019-01-14,743,7.3,7.8
2019-01-14,744,0.65,0.7
2019-01-14,745,1.4,1.5
2019-01-14,746,,
2019-01-14,747,,
2019-01-14,748,1.1,1.2
2019-01-14,749,1.15,1.25
2019-01-14,750,1.3,1.4
2019-01-14,751,0.85,0.95
2019-01-14,752,1.9,2.3
2019-01-14,753,1.05,1.15
2019-01-14,754,5.8,6.3
2019-01-14,755,0.75,0.95
2019-01-14,756,0.85,0.95
2019-01-14,757,4.5,5
2019-01-14,758,2.1,2.4
2019-01-14,759,0.85,0.95
2019-01-14,760,7,7.5
2019-01-14,761,2.2,2.5
2019-01-14,762,2.2,2.4
2019-01-14,763,2.3,2.5
2019-01-14,764,0.5,0.55
2019-01-15,4,218,219
2019-01-15,5,211,213
2019-01-15,6,207,208
2019-01-15,7,268,270
2019-01-15,8,263,265
2019-01-15,9,217,218.5
2019-01-15,10,226,227
2019-01-15,12,190,192
2019-01-15,13,175.5,176.5
2019-01-15,14,174.5,175.5
2019-01-15,15,182,183
2019-01-15,16,174.5,176
2019-01-15,21,233,234.5
2019-01-15,22,225,226
2019-01-15,23,430,435
2019-01-15,24,424,429
2019-01-15,25,274,276
2019-01-15,26,269,272
2019-01-15,27,465,466
2019-01-15,28,461,463
2019-01-15,29,447,448
2019-01-15,30,181.5,183.5
2019-01-15,31,185.5,187.5
2019-01-15,32,153.5,155.5
2019-01-15,33,185.5,197.5
2019-01-15,34,156.5,158.5
2019-01-15,35,207,209
2019-01-15,36,178,180
2019-01-15,37,146.5,147.5
2019-01-15,38,145.5,146.5
2019-01-15,39,274,275
2019-01-15,40,163,164
2019-01-15,41,750,760
2019-01-15,42,173,175
2019-01-15,43,171,173
2019-01-15,47,218,219
2019-01-15,48,135,142
2019-01-15,50,430,490
2019-01-15,51,430,480
2019-01-15,53,1030,1080
2019-01-15,54,1130,1190
2019-01-15,55,305,345
2019-01-15,56,225,235
2019-01-15,58,123,128
2019-01-15,63,160,165
2019-01-15,67,170,175
2019-01-15,71,135,140
2019-01-15,73,341.5,342.5
2019-01-15,75,336.5,338.5
2019-01-15,76,359,360
2019-01-15,77,355,356
2019-01-15,81,260,275
2019-01-15,83,635,640
2019-01-15,84,685,690
2019-01-15,85,600,605
2019-01-15,86,575,580
2019-01-15,87,627.5,642.5
2019-01-15,88,597.5,602.5
2019-01-15,89,1285,1295
2019-01-15,90,770,790
2019-01-15,91,830,850
2019-01-15,92,755,760
2019-01-15,94,707.5,722.5
2019-01-15,95,687.5,692.5
2019-01-15,101,9,10.5
2019-01-15,102,10,11.5
2019-01-15,103,5.5,6.3
2019-01-15,104,2.65,3.1
2019-01-15,105,3.3,3.4
2019-01-15,106,2.5,2.55
2019-01-15,107,1.45,1.5
2019-01-15,108,269,273
2019-01-15,109,231,233
2019-01-15,110,370,392
2019-01-15,111,265,267
2019-01-15,114,221.5,222.5
2019-01-15,115,160,169
2019-01-15,117,379,381
2019-01-15,118,326.5,329.5
2019-01-15,120,323.5,325.5
2019-01-15,121,439,441
2019-01-15,122,336,338
2019-01-15,124,333.5,335.5
2019-01-15,126,240,245
2019-01-15,127,220,225
2019-01-15,128,205,210
2019-01-15,129,160,165
2019-01-15,130,150,152
2019-01-15,131,1510,1515
2019-01-15,132,525,530
2019-01-15,133,500,505
2019-01-15,134,580,585
2019-01-15,176,6.5,7.5
2019-01-15,177,13.5,14.5
2019-01-15,181,4.78,4.88
2019-01-15,182,5.07,5.18
2019-01-15,183,5.38,5.53
2019-01-15,184,6.07,6.28
2019-01-15,185,7.18,7.28
2019-01-15,186,9.03,9.22
2019-01-15,187,415,432.5
2019-01-15,188,355,365
2019-01-15,189,165,185
2019-01-15,190,1975,2125
2019-01-15,210,1.4,1.5
2019-01-15,211,0.4,0.5
2019-01-15,212,0.5,0.55
2019-01-15,225,1.4,1.5
2019-01-15,229,1.3,1.4
2019-01-15,249,0.9,1
2019-01-15,250,0.4,0.45
2019-01-15,253,0.7,0.75
2019-01-15,261,0.55,0.6
2019-01-15,262,0.65,0.75
2019-01-15,263,0.75,0.85
2019-01-15,264,0.9,0.95
2019-01-15,265,1.05,1.1
2019-01-15,279,0.3,0.4
2019-01-15,280,0.18,0.25
2019-01-15,281,0.2,0.25
2019-01-15,282,0.3,0.4
2019-01-15,283,0.2,0.3
2019-01-15,284,0.2,0.3
2019-01-15,297,0.35,0.45
2019-01-15,304,0.7,0.8
2019-01-15,306,0.55,0.65
2019-01-15,328,0.3,0.36
2019-01-15,329,0.17,0.19
2019-01-15,331,0.33,0.37
2019-01-15,333,2.3,2.35
2019-01-15,335,2.2,2.25
2019-01-15,341,2.5,2.55
2019-01-15,342,2.8,2.85
2019-01-15,344,13,13
2019-01-15,345,10.9,10.9
2019-01-15,346,9.9,9.9
2019-01-15,347,8.1,8.1
2019-01-15,350,1.85,1.95
2019-01-15,351,1.7,1.8
2019-01-15,352,3.65,3.75
2019-01-15,353,4.3,4.4
2019-01-15,356,1.8,1.9
2019-01-15,357,1.9,2
2019-01-15,358,3.4,3.5
2019-01-15,361,4.1,4.2
2019-01-15,362,5,5.1
2019-01-15,363,4.2,4.3
2019-01-15,364,1.5,1.6
2019-01-15,365,1.5,1.6
2019-01-15,366,5.1,5.2
2019-01-15,367,2.2,2.3
2019-01-15,368,1.3,1.4
2019-01-15,369,5.1,5.2
2019-01-15,370,2,2.1
2019-01-15,371,1.3,1.4
2019-01-15,372,6,6.1
2019-01-15,672,252.5,254.5
2019-01-15,674,0.92,0.94
2019-01-15,675,1.35,1.37
2019-01-15,676,1.7,1.8
2019-01-15,677,1.9,2
2019-01-15,678,2,2.1
2019-01-15,683,3.3,3.7
2019-01-15,684,3.4,3.8
2019-01-15,691,2.2,2.4
2019-01-15,692,2.2,2.5
2019-01-15,693,2.2,2.5
2019-01-15,694,2.3,2.6
2019-01-15,716,15.8,15.8
2019-01-15,717,13.6,13.6
2019-01-15,718,12.7,12.7
2019-01-15,719,10.1,10.1
2019-01-15,728,0.95,1.05
2019-01-15,731,6.32,6.43
2019-01-15,732,7.68,7.78
2019-01-15,733,8.05,8.25
2019-01-15,734,8.45,8.65
2019-01-15,735,7.5,8.5
2019-01-15,736,7.5,8
2019-01-15,737,3.1,3.5
2019-01-15,738,3.2,3.7
2019-01-15,740,7.6,8
2019-01-15,741,1,1.1
2019-01-15,743,7.3,7.8
2019-01-15,744,0.65,0.7
2019-01-15,745,1.4,1.5
2019-01-15,748,1.1,1.2
2019-01-15,749,1.15,1.25
2019-01-15,750,1.3,1.4
2019-01-15,751,0.85,0.95
2019-01-15,752,1.9,2.3
2019-01-15,753,1.05,1.15
2019-01-15,754,5.8,6.3
2019-01-15,755,0.75,0.95
2019-01-15,756,0.85,0.95
2019-01-15,757,4.5,5
2019-01-15,758,2.1,2.4
2019-01-15,759,0.85,0.95
2019-01-15,760,7,7.5
2019-01-15,761,2.2,2.5
2019-01-15,762,2.2,2.4
2019-01-15,763,2.3,2.5
2019-01-15,764,0.5,0.55
2019-01-18,328,0.3,0.36
2019-01-18,329,0.17,0.19
2019-01-18,331,0.33,0.37
2019-01-18,332,,
2019-01-18,333,2.3,2.35
2019-01-18,335,2.2,2.25
2019-01-18,336,,
2019-01-18,337,,
2019-01-18,340,,
2019-01-18,341,2.5,2.55
2019-01-18,342,2.8,2.85
2019-01-18,344,12.7,12.7
2019-01-18,345,10.6,10.6
2019-01-18,346,9.6,9.6
2019-01-18,347,8,8
2019-01-18,350,1.85,1.95
2019-01-18,351,1.7,1.8
2019-01-18,352,3.65,3.75
2019-01-18,353,4.3,4.4
2019-01-18,356,1.8,1.9
2019-01-18,357,1.9,2
2019-01-18,358,3.4,3.5
2019-01-18,361,4.1,4.2
2019-01-18,362,5,5.1
2019-01-18,363,4.2,4.3
2019-01-18,364,1.5,1.6
2019-01-18,365,1.5,1.6
2019-01-18,366,5.1,5.2
2019-01-18,367,2.2,2.3
2019-01-18,368,1.3,1.4
2019-01-18,369,5.1,5.2
2019-01-18,370,2,2.1
2019-01-18,371,1.3,1.4
2019-01-18,372,5.8,5.9
2019-01-18,674,0.92,0.94
2019-01-18,675,1.35,1.37
2019-01-18,676,1.7,1.8
2019-01-18,677,1.9,2
2019-01-18,678,2,2.1
2019-01-18,716,15.6,15.6
2019-01-18,717,13.4,13.4
2019-01-18,718,12.5,12.5
2019-01-18,719,10,10
2019-01-21,2,,
2019-01-21,3,,
2019-01-21,4,219,220
2019-01-21,5,212,214
2019-01-21,6,,
2019-01-21,7,268,270
2019-01-21,8,263,265
2019-01-21,9,218,219
2019-01-21,10,226,227
2019-01-21,11,,
2019-01-21,12,190,192
2019-01-21,13,176,177
2019-01-21,14,175,176
2019-01-21,15,182,183
2019-01-21,16,175,176
2019-01-21,17,,
2019-01-21,18,,
2019-01-21,19,,
2019-01-21,20,,
2019-01-21,21,234,235
2019-01-21,22,225,226
2019-01-21,23,430,435
2019-01-21,24,424,429
2019-01-21,25,274,276
2019-01-21,26,269,272
2019-01-21,27,465,466
2019-01-21,28,461,463
2019-01-21,29,447,448
2019-01-21,30,183,185
2019-01-21,31,187,189
2019-01-21,32,155,157
2019-01-21,33,187,199
2019-01-21,34,158,160
2019-01-21,35,205,207
2019-01-21,36,176,178
2019-01-21,37,144,145
2019-01-21,38,144,145
2019-01-21,39,274,275
2019-01-21,40,163,164
2019-01-21,41,745,755
2019-01-21,42,173,175
2019-01-21,43,171,173
2019-01-21,44,,
2019-01-21,45,,
2019-01-21,46,,
2019-01-21,47,224,225
2019-01-21,48,135,142
2019-01-21,50,430,490
2019-01-21,51,430,480
2019-01-21,53,1030,1080
2019-01-21,54,1130,1190
2019-01-21,55,310,350
2019-01-21,56,230,240
2019-01-21,58,123,128
2019-01-21,61,,
2019-01-21,62,,
2019-01-21,63,155,160
2019-01-21,64,,
2019-01-21,65,,
2019-01-21,66,,
2019-01-21,67,165,170
2019-01-21,68,,
2019-01-21,69,,
2019-01-21,70,,
2019-01-21,71,135,140
2019-01-21,73,343,344
2019-01-21,74,,
2019-01-21,75,338,340
2019-01-21,76,360,361
2019-01-21,77,358,359
2019-01-21,78,,
2019-01-21,79,,
2019-01-21,80,,
2019-01-21,81,260,275
2019-01-21,82,,
2019-01-21,83,635,640
2019-01-21,84,685,690
2019-01-21,85,605,610
2019-01-21,86,590,595
2019-01-21,87,640,650
2019-01-21,88,620,625
2019-01-21,89,1285,1295
2019-01-21,90,760,780
2019-01-21,91,820,840
2019-01-21,92,755,760
2019-01-21,93,,
2019-01-21,94,715,730
2019-01-21,95,710,715
2019-01-21,96,,
2019-01-21,97,,
2019-01-21,98,,
2019-01-21,100,,
2019-01-21,101,9,10.5
2019-01-21,102,10,11.5
2019-01-21,103,5.5,6.3
2019-01-21,104,2.65,3.1
2019-01-21,105,3.3,3.4
2019-01-21,106,2.4,2.45
2019-01-21,107,1.43,1.48
2019-01-21,108,269,273
2019-01-21,109,230,232
2019-01-21,110,375,392
2019-01-21,111,,
2019-01-21,112,,
2019-01-21,113,,
2019-01-21,114,224,225
2019-01-21,115,165,174
2019-01-21,116,,
2019-01-21,117,379,381
2019-01-21,118,326,329
2019-01-21,119,,
2019-01-21,120,325,327
2019-01-21,121,439,441
2019-01-21,122,336,338
2019-01-21,123,,
2019-01-21,124,335,337
2019-01-21,125,,
2019-01-21,126,240,245
2019-01-21,127,220,225
2019-01-21,128,205,210
2019-01-21,129,160,165
2019-01-21,130,150,152
2019-01-21,131,1510,1515
2019-01-21,132,505,510
2019-01-21,133,480,485
2019-01-21,134,565,570
2019-01-21,176,6.5,7.5
2019-01-21,177,14,15
2019-01-21,181,4.8,4.9
2019-01-21,182,5.1,5.2
2019-01-21,183,5.45,5.6
2019-01-21,184,6.15,6.35
2019-01-21,185,7.25,7.35
2019-01-21,186,9.1,9.3
2019-01-21,187,425,440
2019-01-21,188,375,385
2019-01-21,189,180,200
2019-01-21,190,1950,2100
2019-01-21,191,,
2019-01-21,192,,
2019-01-21,193,,
2019-01-21,194,,
2019-01-21,195,,
2019-01-21,196,,
2019-01-21,197,,
2019-01-21,198,,
2019-01-21,199,,
2019-01-21,202,,
2019-01-21,203,,
2019-01-21,204,,
2019-01-21,205,,
2019-01-21,206,,
2019-01-21,207,,
2019-01-21,208,,
2019-01-21,209,,
2019-01-21,210,1.4,1.5
2019-01-21,211,0.4,0.5
2019-01-21,212,0.5,0.55
2019-01-21,213,,
2019-01-21,214,,
2019-01-21,215,,
2019-01-21,216,,
2019-01-21,217,,
2019-01-21,218,,
2019-01-21,219,,
2019-01-21,220,,
2019-01-21,221,,
2019-01-21,222,,
2019-01-21,223,,
2019-01-21,224,,
2019-01-21,225,1.4,1.5
2019-01-21,226,,
2019-01-21,227,,
2019-01-21,228,,
2019-01-21,229,1.35,1.45
2019-01-21,230,,
2019-01-21,231,,
2019-01-21,232,,
2019-01-21,233,,
2019-01-21,234,,
2019-01-21,235,,
2019-01-21,236,,
2019-01-21,237,,
2019-01-21,238,,
2019-01-21,239,,
2019-01-21,240,,
2019-01-21,241,,
2019-01-21,242,,
2019-01-21,243,,
2019-01-21,244,,
2019-01-21,245,,
2019-01-21,246,,
2019-01-21,247,,
2019-01-21,248,,
2019-01-21,249,0.9,1
2019-01-21,250,0.4,0.45
2019-01-21,251,,
2019-01-21,252,,
2019-01-21,253,0.7,0.75
2019-01-21,254,,
2019-01-21,255,,
2019-01-21,256,,
2019-01-21,257,,
2019-01-21,258,,
2019-01-21,259,,
2019-01-21,260,,
2019-01-21,261,0.55,0.6
2019-01-21,262,0.65,0.75
2019-01-21,263,0.75,0.85
2019-01-21,264,0.9,0.95
2019-01-21,265,1.05,1.1
2019-01-21,266,,
2019-01-21,267,,
2019-01-21,268,,
2019-01-21,269,,
2019-01-21,270,,
2019-01-21,271,,
2019-01-21,272,,
2019-01-21,273,,
2019-01-21,274,,
2019-01-21,275,,
2019-01-21,276,,
2019-01-21,277,,
2019-01-21,278,,
2019-01-21,279,0.3,0.4
2019-01-21,280,0.18,0.25
2019-01-21,281,0.2,0.25
2019-01-21,282,,
2019-01-21,283,0.2,0.3
2019-01-21,284,0.2,0.3
2019-01-21,285,,
2019-01-21,286,,
2019-01-21,287,,
2019-01-21,288,,
2019-01-21,289,,
2019-01-21,290,,
2019-01-21,291,,
2019-01-21,292,,
2019-01-21,293,,
2019-01-21,294,,
2019-01-21,295,,
2019-01-21,296,,
2019-01-21,297,0.35,0.45
2019-01-21,298,,
2019-01-21,299,,
2019-01-21,300,,
2019-01-21,301,,
2019-01-21,302,,
2019-01-21,303,,
2019-01-21,304,0.7,0.8
2019-01-21,305,,
2019-01-21,306,0.55,0.65
2019-01-21,307,,
2019-01-21,308,,
2019-01-21,309,,
2019-01-21,310,,
2019-01-21,311,,
2019-01-21,312,,
2019-01-21,313,,
2019-01-21,314,,
2019-01-21,315,,
2019-01-21,316,,
2019-01-21,317,,
2019-01-21,318,,
2019-01-21,319,,
2019-01-21,320,,
2019-01-21,321,,
2019-01-21,322,,
2019-01-21,323,,
2019-01-21,670,,
2019-01-21,671,,
2019-01-21,672,255,265
2019-01-21,673,,
2019-01-21,683,,
2019-01-21,684,,
2019-01-21,685,,
2019-01-21,691,2.2,2.4
2019-01-21,692,2.2,2.5
2019-01-21,693,2.2,2.5
2019-01-21,694,2.3,2.6
2019-01-21,727,,
2019-01-21,728,0.9,1
2019-01-21,731,6.4,6.5
2019-01-21,732,7.75,7.85
2019-01-21,733,8.15,8.35
2019-01-21,734,8.6,8.8
2019-01-21,735,7.5,8.5
2019-01-21,736,7.5,8
2019-01-21,737,3,3.5
2019-01-21,738,3.1,3.6
2019-01-21,740,7.6,8
2019-01-21,741,1,1.1
2019-01-21,743,7,7.5
2019-01-21,744,0.65,0.7
2019-01-21,745,1.4,1.5
2019-01-21,746,2.9,3.3
2019-01-21,747,,
2019-01-21,748,0.9,1
2019-01-21,749,0.95,1.05
2019-01-21,750,1.05,1.15
2019-01-21,751,0.8,0.9
2019-01-21,752,1.5,2
2019-01-21,753,1,1.1
2019-01-21,754,5.8,6.3
2019-01-21,755,,
2019-01-21,756,0.85,0.95
2019-01-21,757,4,4.5
2019-01-21,758,2.1,2.4
2019-01-21,759,0.85,0.95
2019-01-21,760,6.5,7.5
2019-01-21,761,2.2,2.5
2019-01-21,762,2.2,2.4
2019-01-21,763,2.3,2.5
2019-01-21,764,0.5,0.55
2019-01-21,765,6.5,8
2019-01-21,766,1.1,1.3
2019-01-21,767,1.1,1.3
2019-01-21,768,3,3.5
2019-01-21,769,2.9,3.3
2019-01-25,328,0.3,0.36
2019-01-25,329,0.14,0.16
2019-01-25,331,0.3,0.34
2019-01-25,332,,
2019-01-25,333,2.3,2.35
2019-01-25,335,2.2,2.25
2019-01-25,336,,
2019-01-25,337,,
2019-01-25,340,,
2019-01-25,341,2.5,2.55
2019-01-25,342,2.8,2.85
2019-01-25,344,12.7,12.7
2019-01-25,345,10.6,10.6
2019-01-25,346,9.6,9.6
2019-01-25,347,8,8
2019-01-25,350,1.75,1.85
2019-01-25,351,1.6,1.7
2019-01-25,352,3.65,3.75
2019-01-25,353,4.3,4.4
2019-01-25,356,1.7,1.8
2019-01-25,357,1.8,1.9
2019-01-25,358,3.4,3.5
2019-01-25,361,4.1,4.2
2019-01-25,362,5,5.1
2019-01-25,363,4.1,4.2
2019-01-25,364,1.4,1.5
2019-01-25,365,1.5,1.6
2019-01-25,366,5,5.1
2019-01-25,367,2.2,2.3
2019-01-25,368,1.3,1.4
2019-01-25,369,5,5.1
2019-01-25,370,2,2.1
2019-01-25,371,1.3,1.4
2019-01-25,372,5.65,5.75
2019-01-25,674,0.89,0.91
2019-01-25,675,1.32,1.34
2019-01-25,676,1.6,1.7
2019-01-25,677,1.8,1.9
2019-01-25,678,1.95,2.05
2019-01-25,716,15.6,15.6
2019-01-25,717,13.4,13.4
2019-01-25,718,12.5,12.5
2019-01-25,719,10,10
2019-01-28,2,,
2019-01-28,3,,
2019-01-28,4,219,220
2019-01-28,5,212,214
2019-01-28,6,,
2019-01-28,7,268,270
2019-01-28,8,263,265
2019-01-28,9,218,219
2019-01-28,10,229,230
2019-01-28,11,,
2019-01-28,12,190,192
2019-01-28,13,176,177
2019-01-28,14,175,176
2019-01-28,15,182,183
2019-01-28,16,175,177
2019-01-28,17,,
2019-01-28,18,,
2019-01-28,19,,
2019-01-28,20,,
2019-01-28,21,234,235
2019-01-28,22,227,228
2019-01-28,23,430,435
2019-01-28,24,424,429
2019-01-28,25,274,276
2019-01-28,26,269,272
2019-01-28,27,465,466
2019-01-28,28,461,463
2019-01-28,29,447,448
2019-01-28,30,173,175
2019-01-28,31,177,179
2019-01-28,32,145,147
2019-01-28,33,177,189
2019-01-28,34,148,150
2019-01-28,35,200,202
2019-01-28,36,171,173
2019-01-28,37,139,140
2019-01-28,38,139,140
2019-01-28,39,274,275
2019-01-28,40,163,164
2019-01-28,41,740,750
2019-01-28,42,173,175
2019-01-28,43,171,173
2019-01-28,44,,
2019-01-28,45,,
2019-01-28,46,,
2019-01-28,47,227,228
2019-01-28,48,135,142
2019-01-28,50,430,490
2019-01-28,51,430,480
2019-01-28,53,1030,1080
2019-01-28,54,1130,1190
2019-01-28,55,310,350
2019-01-28,56,240,250
2019-01-28,58,123,128
2019-01-28,61,,
2019-01-28,62,,
2019-01-28,63,155,160
2019-01-28,64,,
2019-01-28,65,,
2019-01-28,66,,
2019-01-28,67,165,170
2019-01-28,68,,
2019-01-28,69,,
2019-01-28,70,,
2019-01-28,71,135,140
2019-01-28,73,342,343
2019-01-28,74,,
2019-01-28,75,333,335
2019-01-28,76,360,361
2019-01-28,77,358,359
2019-01-28,78,,
2019-01-28,79,,
2019-01-28,80,,
2019-01-28,81,260,275
2019-01-28,82,,
2019-01-28,83,635,640
2019-01-28,84,685,690
2019-01-28,85,615,620
2019-01-28,86,580,585
2019-01-28,87,655,665
2019-01-28,88,640,645
2019-01-28,89,1285,1295
2019-01-28,90,760,780
2019-01-28,91,820,840
2019-01-28,92,765,770
2019-01-28,93,,
2019-01-28,94,730,745
2019-01-28,95,730,735
2019-01-28,96,,
2019-01-28,97,,
2019-01-28,98,,
2019-01-28,100,,
2019-01-28,101,9,10.5
2019-01-28,102,10,11.5
2019-01-28,103,5.5,6.3
2019-01-28,104,2.65,3.1
2019-01-28,105,3.3,3.4
2019-01-28,106,2.4,2.45
2019-01-28,107,1.43,1.48
2019-01-28,108,269,273
2019-01-28,109,230,232
2019-01-28,110,375,392
2019-01-28,111,,
2019-01-28,112,,
2019-01-28,113,,
2019-01-28,114,224,225
2019-01-28,115,171,180
2019-01-28,116,,
2019-01-28,117,376,378
2019-01-28,118,324,325
2019-01-28,119,,
2019-01-28,120,320,322
2019-01-28,121,432,438
2019-01-28,122,334,335
2019-01-28,123,,
2019-01-28,124,328,330
2019-01-28,125,,
2019-01-28,126,240,245
2019-01-28,127,220,225
2019-01-28,128,205,210
2019-01-28,129,160,165
2019-01-28,130,150,152
2019-01-28,131,1510,1515
2019-01-28,132,505,510
2019-01-28,133,480,485
2019-01-28,134,565,570
2019-01-28,176,6.5,7.5
2019-01-28,177,15,16
2019-01-28,181,4.85,4.95
2019-01-28,182,5.15,5.25
2019-01-28,183,5.5,5.65
2019-01-28,184,6.2,6.4
2019-01-28,185,7.3,7.4
2019-01-28,186,9.15,9.35
2019-01-28,187,425,440
2019-01-28,188,375,385
2019-01-28,189,180,195
2019-01-28,190,1900,2000
2019-01-28,191,,
2019-01-28,192,,
2019-01-28,193,,
2019-01-28,194,,
2019-01-28,195,,
2019-01-28,196,,
2019-01-28,197,,
2019-01-28,198,,
2019-01-28,199,,
2019-01-28,202,,
2019-01-28,203,,
2019-01-28,204,,
2019-01-28,205,,
2019-01-28,206,,
2019-01-28,207,,
2019-01-28,208,,
2019-01-28,209,,
2019-01-28,210,1.4,1.5
2019-01-28,211,,
2019-01-28,212,0.5,0.55
2019-01-28,213,,
2019-01-28,214,,
2019-01-28,215,,
2019-01-28,216,,
2019-01-28,217,,
2019-01-28,218,,
2019-01-28,219,,
2019-01-28,220,,
2019-01-28,221,,
2019-01-28,222,,
2019-01-28,223,,
2019-01-28,224,,
2019-01-28,225,1.4,1.5
2019-01-28,226,,
2019-01-28,227,,
2019-01-28,228,,
2019-01-28,229,1.3,1.35
2019-01-28,230,,
2019-01-28,231,,
2019-01-28,232,,
2019-01-28,233,,
2019-01-28,234,,
2019-01-28,235,,
2019-01-28,236,,
2019-01-28,237,,
2019-01-28,238,,
2019-01-28,239,,
2019-01-28,240,,
2019-01-28,241,,
2019-01-28,242,,
2019-01-28,243,,
2019-01-28,244,,
2019-01-28,245,,
2019-01-28,246,,
2019-01-28,247,,
2019-01-28,248,,
2019-01-28,249,0.8,0.85
2019-01-28,250,0.35,0.4
2019-01-28,251,,
2019-01-28,252,,
2019-01-28,253,0.7,0.75
2019-01-28,254,,
2019-01-28,255,,
2019-01-28,256,,
2019-01-28,257,,
2019-01-28,258,,
2019-01-28,259,,
2019-01-28,260,,
2019-01-28,261,0.55,0.6
2019-01-28,262,0.65,0.75
2019-01-28,263,0.75,0.85
2019-01-28,264,0.9,0.95
2019-01-28,265,1.05,1.1
2019-01-28,266,,
2019-01-28,267,,
2019-01-28,268,,
2019-01-28,269,,
2019-01-28,270,,
2019-01-28,271,,
2019-01-28,272,,
2019-01-28,273,,
2019-01-28,274,,
2019-01-28,275,,
2019-01-28,276,,
2019-01-28,277,,
2019-01-28,278,,
2019-01-28,279,0.3,0.4
2019-01-28,280,0.18,0.25
2019-01-28,281,0.2,0.25
2019-01-28,282,,
2019-01-28,283,0.2,0.3
2019-01-28,284,0.2,0.3
2019-01-28,285,,
2019-01-28,286,,
2019-01-28,287,,
2019-01-28,288,,
2019-01-28,289,,
2019-01-28,290,,
2019-01-28,291,,
2019-01-28,292,,
2019-01-28,293,,
2019-01-28,294,,
2019-01-28,295,,
2019-01-28,296,,
2019-01-28,297,0.35,0.45
2019-01-28,298,,
2019-01-28,299,,
2019-01-28,300,,
2019-01-28,301,,
2019-01-28,302,,
2019-01-28,303,,
2019-01-28,304,0.7,0.8
2019-01-28,305,,
2019-01-28,306,0.55,0.65
2019-01-28,307,,
2019-01-28,308,,
2019-01-28,309,,
2019-01-28,310,,
2019-01-28,311,,
2019-01-28,312,,
2019-01-28,313,,
2019-01-28,314,,
2019-01-28,315,,
2019-01-28,316,,
2019-01-28,317,,
2019-01-28,318,,
2019-01-28,319,,
2019-01-28,320,,
2019-01-28,321,,
2019-01-28,322,,
2019-01-28,323,,
2019-01-28,670,,
2019-01-28,671,,
2019-01-28,672,262,265
2019-01-28,685,,
2019-01-28,691,2.2,2.4
2019-01-28,692,2.2,2.5
2019-01-28,693,2.2,2.5
2019-01-28,694,2.3,2.6
2019-01-28,727,,
2019-01-28,728,0.9,1
2019-01-28,731,6.45,6.55
2019-01-28,732,7.8,7.9
2019-01-28,733,8.2,8.4
2019-01-28,734,8.65,8.85
2019-01-28,735,7.5,8.5
2019-01-28,736,7.5,8
2019-01-28,737,3,3.5
2019-01-28,738,3.1,3.6
2019-01-28,740,7.6,8
2019-01-28,741,1,1.1
2019-01-28,743,7,7.5
2019-01-28,744,0.65,0.7
2019-01-28,745,1.4,1.5
2019-01-28,747,,
2019-01-28,748,0.9,1
2019-01-28,749,0.95,1.05
2019-01-28,750,1.05,1.15
2019-01-28,751,0.8,0.9
2019-01-28,752,1.5,2
2019-01-28,753,1,1.1
2019-01-28,754,5.8,6.3
2019-01-28,755,0.75,0.95
2019-01-28,756,0.85,0.95
2019-01-28,757,4,4.5
2019-01-28,758,2.1,2.4
2019-01-28,759,0.85,0.95
2019-01-28,760,6.5,7.5
2019-01-28,761,2.2,2.5
2019-01-28,762,2.2,2.4
2019-01-28,763,2.3,2.5
2019-01-28,764,0.5,0.55
2019-01-28,765,6.5,8
2019-01-28,766,1.1,1.3
2019-01-28,767,1.1,1.3
2019-01-28,768,3,3.5
2019-01-28,769,3,3.5
2019-01-30,4,219,220
2019-01-30,5,212,214
2019-01-30,7,268,270
2019-01-30,8,263,265
2019-01-30,9,218,219
2019-01-30,10,227.5,228.5
2019-01-30,12,190,192
2019-01-30,13,176,177
2019-01-30,14,175,176
2019-01-30,15,182,183
2019-01-30,16,175,176.5
2019-01-30,21,234,235
2019-01-30,22,226,227
2019-01-30,23,430,435
2019-01-30,24,424,429
2019-01-30,25,274,276
2019-01-30,26,269,272
2019-01-30,27,465,466
2019-01-30,28,461,463
2019-01-30,29,447,448
2019-01-30,30,178,180
2019-01-30,31,182,184
2019-01-30,32,150,152
2019-01-30,33,182,194
2019-01-30,34,153,155
2019-01-30,35,202.5,204.5
2019-01-30,36,173.5,175.5
2019-01-30,37,141.5,142.5
2019-01-30,38,141.5,142.5
2019-01-30,39,274,275
2019-01-30,40,163,164
2019-01-30,41,742.5,752.5
2019-01-30,42,173,175
2019-01-30,43,171,173
2019-01-30,47,225.5,226.5
2019-01-30,48,135,142
2019-01-30,50,430,490
2019-01-30,51,430,480
2019-01-30,53,1030,1080
2019-01-30,54,1130,1190
2019-01-30,55,310,350
2019-01-30,56,235,245
2019-01-30,58,123,128
2019-01-30,63,155,160
2019-01-30,67,165,170
2019-01-30,71,135,140
2019-01-30,73,342.5,343.5
2019-01-30,75,335.5,337.5
2019-01-30,76,360,361
2019-01-30,77,358,359
2019-01-30,81,260,275
2019-01-30,83,635,640
2019-01-30,84,685,690
2019-01-30,85,610,615
2019-01-30,86,585,590
2019-01-30,87,647.5,657.5
2019-01-30,88,630,635
2019-01-30,89,1285,1295
2019-01-30,90,760,780
2019-01-30,91,820,840
2019-01-30,92,760,765
2019-01-30,94,722.5,737.5
2019-01-30,95,720,725
2019-01-30,101,9,10.5
2019-01-30,102,10,11.5
2019-01-30,103,5.5,6.3
2019-01-30,104,2.65,3.1
2019-01-30,105,3.3,3.4
2019-01-30,106,2.4,2.45
2019-01-30,107,1.43,1.48
2019-01-30,108,269,273
2019-01-30,109,230,232
2019-01-30,110,375,392
2019-01-30,114,224,225
2019-01-30,115,168,177
2019-01-30,117,377.5,379.5
2019-01-30,118,325,327
2019-01-30,120,322.5,324.5
2019-01-30,121,435.5,439.5
2019-01-30,122,335,336.5
2019-01-30,124,331.5,333.5
2019-01-30,126,240,245
2019-01-30,127,220,225
2019-01-30,128,205,210
2019-01-30,129,160,165
2019-01-30,130,150,152
2019-01-30,131,1510,1515
2019-01-30,132,505,510
2019-01-30,133,480,485
2019-01-30,134,565,570
2019-01-30,176,6.5,7.5
2019-01-30,177,14.5,15.5
2019-01-30,181,4.82,4.93
2019-01-30,182,5.12,5.22
2019-01-30,183,5.47,5.62
2019-01-30,184,6.18,6.38
2019-01-30,185,7.28,7.38
2019-01-30,186,9.12,9.32
2019-01-30,187,425,440
2019-01-30,188,375,385
2019-01-30,189,180,197.5
2019-01-30,190,1925,2050
2019-01-30,210,1.4,1.5
2019-01-30,211,0.4,0.5
2019-01-30,212,0.5,0.55
2019-01-30,225,1.4,1.5
2019-01-30,229,1.33,1.4
2019-01-30,249,0.85,0.93
2019-01-30,250,0.38,0.43
2019-01-30,253,0.7,0.75
2019-01-30,261,0.55,0.6
2019-01-30,262,0.65,0.75
2019-01-30,263,0.75,0.85
2019-01-30,264,0.9,0.95
2019-01-30,265,1.05,1.1
2019-01-30,279,0.3,0.4
2019-01-30,280,0.18,0.25
2019-01-30,281,0.2,0.25
2019-01-30,283,0.2,0.3
2019-01-30,284,0.2,0.3
2019-01-30,297,0.35,0.45
2019-01-30,304,0.7,0.8
2019-01-30,306,0.55,0.65
2019-01-30,328,0.3,0.36
2019-01-30,329,0.16,0.17
2019-01-30,331,0.32,0.35
2019-01-30,333,2.3,2.35
2019-01-30,335,2.2,2.25
2019-01-30,341,2.5,2.55
2019-01-30,342,2.8,2.85
2019-01-30,344,12.7,12.7
2019-01-30,345,10.6,10.6
2019-01-30,346,9.6,9.6
2019-01-30,347,8,8
2019-01-30,350,1.8,1.9
2019-01-30,351,1.65,1.75
2019-01-30,352,3.65,3.75
2019-01-30,353,4.3,4.4
2019-01-30,356,1.75,1.85
2019-01-30,357,1.85,1.95
2019-01-30,358,3.4,3.5
2019-01-30,361,4.1,4.2
2019-01-30,362,5,5.1
2019-01-30,363,4.15,4.25
2019-01-30,364,1.45,1.55
2019-01-30,365,1.5,1.6
2019-01-30,366,5.05,5.15
2019-01-30,367,2.2,2.3
2019-01-30,368,1.3,1.4
2019-01-30,369,5.05,5.15
2019-01-30,370,2,2.1
2019-01-30,371,1.3,1.4
2019-01-30,372,5.72,5.83
2019-01-30,672,258.5,265
2019-01-30,674,0.91,0.93
2019-01-30,675,1.33,1.35
2019-01-30,676,1.65,1.75
2019-01-30,677,1.85,1.95
2019-01-30,678,1.98,2.08
2019-01-30,691,2.2,2.4
2019-01-30,692,2.2,2.5
2019-01-30,693,2.2,2.5
2019-01-30,694,2.3,2.6
2019-01-30,716,15.6,15.6
2019-01-30,717,13.4,13.4
2019-01-30,718,12.5,12.5
2019-01-30,719,10,10
2019-01-30,728,0.9,1
2019-01-30,731,6.43,6.53
2019-01-30,732,7.78,7.88
2019-01-30,733,8.18,8.38
2019-01-30,734,8.62,8.82
2019-01-30,735,7.5,8.5
2019-01-30,736,7.5,8
2019-01-30,737,3,3.5
2019-01-30,738,3.1,3.6
2019-01-30,740,7.6,8
2019-01-30,741,1,1.1
2019-01-30,743,7,7.5
2019-01-30,744,0.65,0.7
2019-01-30,745,1.4,1.5
2019-01-30,746,2.9,3.3
2019-01-30,748,0.9,1
2019-01-30,749,0.95,1.05
2019-01-30,750,1.05,1.15
2019-01-30,751,0.8,0.9
2019-01-30,752,1.5,2
2019-01-30,753,1,1.1
2019-01-30,754,5.8,6.3
2019-01-30,755,0.75,0.95
2019-01-30,756,0.85,0.95
2019-01-30,757,4,4.5
2019-01-30,758,2.1,2.4
2019-01-30,759,0.85,0.95
2019-01-30,760,6.5,7.5
2019-01-30,761,2.2,2.5
2019-01-30,762,2.2,2.4
2019-01-30,763,2.3,2.5
2019-01-30,764,0.5,0.55
2019-01-30,765,6.5,8
2019-01-30,766,1.1,1.3
2019-01-30,767,1.1,1.3
2019-01-30,768,3,3.5
2019-01-30,769,2.95,3.4
2019-02-01,328,0.3,0.36
2019-02-01,329,0.14,0.16
2019-02-01,331,0.3,0.34
2019-02-01,332,,
2019-02-01,333,2.3,2.35
2019-02-01,335,2.2,2.25
2019-02-01,336,,
2019-02-01,337,,
2019-02-01,340,,
2019-02-01,341,2.5,2.55
2019-02-01,342,2.8,2.85
2019-02-01,344,12.7,12.7
2019-02-01,345,10.6,10.6
2019-02-01,346,9.6,9.6
2019-02-01,347,8,8
2019-02-01,350,1.65,1.75
2019-02-01,351,1.5,1.6
2019-02-01,352,3.65,3.75
2019-02-01,353,4.3,4.4
2019-02-01,356,1.7,1.8
2019-02-01,357,1.8,1.9
2019-02-01,358,3.4,3.5
2019-02-01,361,4.1,4.2
2019-02-01,362,5,5.1
2019-02-01,363,3.9,4
2019-02-01,364,1.35,1.45
2019-02-01,365,1.5,1.6
2019-02-01,366,5,5.1
2019-02-01,367,2.2,2.3
2019-02-01,368,1.3,1.4
2019-02-01,369,5,5.1
2019-02-01,370,2,2.1
2019-02-01,371,1.3,1.4
2019-02-01,372,5.45,5.55
2019-02-01,674,0.85,0.87
2019-02-01,675,1.32,1.34
2019-02-01,676,1.5,1.6
2019-02-01,677,1.8,1.9
2019-02-01,678,1.95,2.05
2019-02-01,716,15.6,15.6
2019-02-01,717,13.4,13.4
2019-02-01,718,12.5,12.5
2019-02-01,719,10,10
2019-02-04,2,,
2019-02-04,3,,
2019-02-04,4,219,220
2019-02-04,5,212,214
2019-02-04,6,,
2019-02-04,7,266,268
2019-02-04,8,260,262
2019-02-04,9,218,219
2019-02-04,10,229,230
2019-02-04,11,,
2019-02-04,12,190,192
2019-02-04,13,176,177
2019-02-04,14,175,176
2019-02-04,15,181,182
2019-02-04,16,175,177
2019-02-04,17,,
2019-02-04,18,,
2019-02-04,19,,
2019-02-04,20,,
2019-02-04,21,232,233
2019-02-04,22,227,228
2019-02-04,23,430,435
2019-02-04,24,424,429
2019-02-04,25,274,276
2019-02-04,26,269,272
2019-02-04,27,465,466
2019-02-04,28,461,463
2019-02-04,29,447,448
2019-02-04,30,163,165
2019-02-04,31,167,169
2019-02-04,32,135,137
2019-02-04,33,167,179
2019-02-04,34,138,140
2019-02-04,35,192,194
2019-02-04,36,163,165
2019-02-04,37,133,134
2019-02-04,38,133,134
2019-02-04,39,274,275
2019-02-04,40,160,161
2019-02-04,41,740,750
2019-02-04,42,173,175
2019-02-04,43,171,173
2019-02-04,44,,
2019-02-04,45,,
2019-02-04,46,,
2019-02-04,47,227,228
2019-02-04,48,138,145
2019-02-04,50,430,490
2019-02-04,51,430,480
2019-02-04,53,1030,1080
2019-02-04,54,1130,1190
2019-02-04,55,310,350
2019-02-04,56,240,250
2019-02-04,58,123,128
2019-02-04,61,,
2019-02-04,62,,
2019-02-04,63,155,160
2019-02-04,64,,
2019-02-04,65,,
2019-02-04,66,,
2019-02-04,67,165,170
2019-02-04,68,,
2019-02-04,69,,
2019-02-04,70,,
2019-02-04,71,135,140
2019-02-04,73,340,341
2019-02-04,74,,
2019-02-04,75,331,333
2019-02-04,76,360,361
2019-02-04,77,358,359
2019-02-04,78,,
2019-02-04,79,,
2019-02-04,80,,
2019-02-04,81,260,275
2019-02-04,82,,
2019-02-04,83,635,640
2019-02-04,84,685,690
2019-02-04,85,615,620
2019-02-04,86,580,585
2019-02-04,87,655,665
2019-02-04,88,640,645
2019-02-04,89,1285,1295
2019-02-04,90,760,780
2019-02-04,91,820,840
2019-02-04,92,765,770
2019-02-04,93,,
2019-02-04,94,730,745
2019-02-04,95,730,735
2019-02-04,96,,
2019-02-04,97,,
2019-02-04,98,,
2019-02-04,100,,
2019-02-04,101,9,10.5
2019-02-04,102,10,11.5
2019-02-04,103,6.2,6.5
2019-02-04,104,2.65,3.1
2019-02-04,105,3.3,3.4
2019-02-04,106,2.4,2.45
2019-02-04,107,1.43,1.48
2019-02-04,108,269,273
2019-02-04,109,235,237
2019-02-04,110,375,392
2019-02-04,111,,
2019-02-04,112,,
2019-02-04,113,,
2019-02-04,114,224,225
2019-02-04,115,176,185
2019-02-04,116,,
2019-02-04,117,376,378
2019-02-04,118,320,321
2019-02-04,119,,
2019-02-04,120,315,317
2019-02-04,121,432,438
2019-02-04,122,330,331
2019-02-04,123,,
2019-02-04,124,325,327
2019-02-04,125,,
2019-02-04,126,240,245
2019-02-04,127,220,225
2019-02-04,128,205,210
2019-02-04,129,160,165
2019-02-04,130,150,152
2019-02-04,131,1490,1495
2019-02-04,132,505,510
2019-02-04,133,480,485
2019-02-04,134,565,570
2019-02-04,176,6.5,7.5
2019-02-04,177,16,17
2019-02-04,181,4.85,4.95
2019-02-04,182,5.15,5.25
2019-02-04,183,5.52,5.67
2019-02-04,184,6.22,6.42
2019-02-04,185,7.32,7.42
2019-02-04,186,9.25,9.45
2019-02-04,187,425,440
2019-02-04,188,370,380
2019-02-04,189,180,195
2019-02-04,190,1850,1950
2019-02-04,191,,
2019-02-04,192,,
2019-02-04,193,,
2019-02-04,194,,
2019-02-04,195,,
2019-02-04,196,,
2019-02-04,197,,
2019-02-04,198,,
2019-02-04,199,,
2019-02-04,202,,
2019-02-04,203,,
2019-02-04,204,,
2019-02-04,205,,
2019-02-04,206,,
2019-02-04,207,,
2019-02-04,208,,
2019-02-04,209,,
2019-02-04,210,1.4,1.5
2019-02-04,211,,
2019-02-04,212,0.5,0.55
2019-02-04,213,,
2019-02-04,214,,
2019-02-04,215,,
2019-02-04,216,,
2019-02-04,217,,
2019-02-04,218,,
2019-02-04,219,,
2019-02-04,220,,
2019-02-04,221,,
2019-02-04,222,,
2019-02-04,223,,
2019-02-04,224,,
2019-02-04,225,1.4,1.5
2019-02-04,226,,
2019-02-04,227,,
2019-02-04,228,,
2019-02-04,229,1.2,1.3
2019-02-04,230,,
2019-02-04,231,,
2019-02-04,232,,
2019-02-04,233,,
2019-02-04,234,,
2019-02-04,235,,
2019-02-04,236,,
2019-02-04,237,,
2019-02-04,238,,
2019-02-04,239,,
2019-02-04,240,,
2019-02-04,241,,
2019-02-04,242,,
2019-02-04,243,,
2019-02-04,244,,
2019-02-04,245,,
2019-02-04,246,,
2019-02-04,247,,
2019-02-04,248,,
2019-02-04,249,0.85,0.95
2019-02-04,250,0.35,0.4
2019-02-04,251,,
2019-02-04,252,,
2019-02-04,253,0.7,0.75
2019-02-04,254,,
2019-02-04,255,,
2019-02-04,256,,
2019-02-04,257,,
2019-02-04,258,,
2019-02-04,259,,
2019-02-04,260,,
2019-02-04,261,0.55,0.6
2019-02-04,262,0.65,0.75
2019-02-04,263,0.75,0.85
2019-02-04,264,0.9,0.95
2019-02-04,265,1.05,1.1
2019-02-04,266,,
2019-02-04,267,,
2019-02-04,268,,
2019-02-04,269,,
2019-02-04,270,,
2019-02-04,271,,
2019-02-04,272,,
2019-02-04,273,,
2019-02-04,274,,
2019-02-04,275,,
2019-02-04,276,,
2019-02-04,277,,
2019-02-04,278,,
2019-02-04,279,0.3,0.4
2019-02-04,280,,
2019-02-04,281,0.2,0.25
2019-02-04,282,,
2019-02-04,283,,
2019-02-04,284,,
2019-02-04,285,,
2019-02-04,286,,
2019-02-04,287,,
2019-02-04,288,,
2019-02-04,289,,
2019-02-04,290,,
2019-02-04,291,,
2019-02-04,292,,
2019-02-04,293,,
2019-02-04,294,,
2019-02-04,295,,
2019-02-04,296,,
2019-02-04,297,0.35,0.45
2019-02-04,298,,
2019-02-04,299,,
2019-02-04,300,,
2019-02-04,301,,
2019-02-04,302,,
2019-02-04,303,,
2019-02-04,304,0.7,0.8
2019-02-04,305,,
2019-02-04,306,0.55,0.65
2019-02-04,307,,
2019-02-04,308,,
2019-02-04,309,,
2019-02-04,310,,
2019-02-04,311,,
2019-02-04,312,,
2019-02-04,313,,
2019-02-04,314,,
2019-02-04,315,,
2019-02-04,316,,
2019-02-04,317,,
2019-02-04,318,,
2019-02-04,319,,
2019-02-04,320,,
2019-02-04,321,,
2019-02-04,322,,
2019-02-04,323,,
2019-02-04,670,,
2019-02-04,671,,
2019-02-04,672,264,267
2019-02-04,685,,
2019-02-04,691,2.2,2.4
2019-02-04,692,2.2,2.5
2019-02-04,693,2.2,2.5
2019-02-04,694,2.3,2.6
2019-02-04,727,,
2019-02-04,728,0.9,1
2019-02-04,731,6.5,6.6
2019-02-04,732,7.85,7.95
2019-02-04,733,8.25,8.45
2019-02-04,734,8.7,8.9
2019-02-04,735,7.5,8.5
2019-02-04,736,7.5,8
2019-02-04,737,3,3.5
2019-02-04,738,3.1,3.6
2019-02-04,740,7.6,8
2019-02-04,741,1,1.1
2019-02-04,743,7,7.5
2019-02-04,744,0.65,0.7
2019-02-04,745,1.4,1.5
2019-02-04,747,,
2019-02-04,748,0.9,1
2019-02-04,749,0.95,1.05
2019-02-04,750,1.05,1.15
2019-02-04,751,0.8,0.9
2019-02-04,752,1.5,2
2019-02-04,753,1,1.1
2019-02-04,754,5.8,6.3
2019-02-04,755,0.75,0.95
2019-02-04,756,0.85,0.95
2019-02-04,757,4,4.5
2019-02-04,758,2.1,2.4
2019-02-04,759,0.85,0.95
2019-02-04,760,6.5,7.5
2019-02-04,761,2.2,2.5
2019-02-04,762,2.2,2.4
2019-02-04,763,2.3,2.5
2019-02-04,764,0.5,0.55
2019-02-04,765,6.5,8
2019-02-04,766,1.1,1.3
2019-02-04,767,1.1,1.3
2019-02-04,768,3,3.5
2019-02-04,769,3,3.5
2019-02-08,328,0.3,0.36
2019-02-08,329,0.14,0.16
2019-02-08,331,0.3,0.34
2019-02-08,332,,
2019-02-08,333,2.3,2.35
2019-02-08,335,2.2,2.25
2019-02-08,336,,
2019-02-08,337,,
2019-02-08,340,,
2019-02-08,341,2.5,2.55
2019-02-08,342,2.8,2.85
2019-02-08,344,12.7,12.7
2019-02-08,345,10.6,10.6
2019-02-08,346,9.6,9.6
2019-02-08,347,8,8
2019-02-08,350,1.65,1.75
2019-02-08,351,1.5,1.6
2019-02-08,352,3.65,3.75
2019-02-08,353,4.3,4.4
2019-02-08,356,1.7,1.8
2019-02-08,357,1.8,1.9
2019-02-08,358,3.4,3.5
2019-02-08,361,4.1,4.2
2019-02-08,362,5,5.1
2019-02-08,363,3.9,4
2019-02-08,364,1.35,1.45
2019-02-08,365,1.5,1.6
2019-02-08,366,5,5.1
2019-02-08,367,2.2,2.3
2019-02-08,368,1.3,1.4
2019-02-08,369,5,5.1
2019-02-08,370,2,2.1
2019-02-08,371,1.3,1.4
2019-02-08,372,5.3,5.4
2019-02-08,674,0.85,0.87
2019-02-08,675,1.32,1.34
2019-02-08,676,1.5,1.6
2019-02-08,677,1.8,1.9
2019-02-08,678,1.95,2.05
2019-02-08,716,15.6,15.6
2019-02-08,717,13.4,13.4
2019-02-08,718,12.5,12.5
2019-02-08,719,10,10
2019-02-11,2,,
2019-02-11,3,,
2019-02-11,4,219,220
2019-02-11,5,212,214
2019-02-11,6,,
2019-02-11,7,265,267
2019-02-11,8,258,260
2019-02-11,9,217,218
2019-02-11,10,228,229
2019-02-11,11,,
2019-02-11,12,190,192
2019-02-11,13,176,177
2019-02-11,14,175,176
2019-02-11,15,181,182
2019-02-11,16,175,177
2019-02-11,17,,
2019-02-11,18,,
2019-02-11,19,,
2019-02-11,20,,
2019-02-11,21,230,231
2019-02-11,22,225,226
2019-02-11,23,430,435
2019-02-11,24,424,429
2019-02-11,25,274,276
2019-02-11,26,269,272
2019-02-11,27,465,466
2019-02-11,28,461,463
2019-02-11,29,447,448
2019-02-11,30,155,157
2019-02-11,31,159,161
2019-02-11,32,127,129
2019-02-11,33,159,171
2019-02-11,34,130,132
2019-02-11,35,186,188
2019-02-11,36,157,159
2019-02-11,37,127,128
2019-02-11,38,127,128
2019-02-11,39,274,275
2019-02-11,40,160,161
2019-02-11,41,740,750
2019-02-11,42,173,175
2019-02-11,43,171,173
2019-02-11,44,,
2019-02-11,45,,
2019-02-11,46,,
2019-02-11,47,227,228
2019-02-11,48,138,145
2019-02-11,50,430,490
2019-02-11,51,430,480
2019-02-11,53,1030,1080
2019-02-11,54,1130,1190
2019-02-11,55,310,350
2019-02-11,56,240,250
2019-02-11,58,123,128
2019-02-11,61,,
2019-02-11,62,,
2019-02-11,63,150,155
2019-02-11,64,,
2019-02-11,65,,
2019-02-11,66,,
2019-02-11,67,160,165
2019-02-11,68,,
2019-02-11,69,,
2019-02-11,70,,
2019-02-11,71,135,140
2019-02-11,73,338,339
2019-02-11,74,,
2019-02-11,75,330,332
2019-02-11,76,360,361
2019-02-11,77,358,359
2019-02-11,78,,
2019-02-11,79,,
2019-02-11,80,,
2019-02-11,81,260,275
2019-02-11,82,,
2019-02-11,83,635,640
2019-02-11,84,685,690
2019-02-11,85,615,620
2019-02-11,86,590,595
2019-02-11,87,675,685
2019-02-11,88,660,665
2019-02-11,89,1285,1295
2019-02-11,90,760,780
2019-02-11,91,820,840
2019-02-11,92,765,770
2019-02-11,93,,
2019-02-11,94,750,765
2019-02-11,95,740,745
2019-02-11,96,,
2019-02-11,97,,
2019-02-11,98,,
2019-02-11,100,,
2019-02-11,101,9,10.5
2019-02-11,102,10,11.5
2019-02-11,103,6.2,6.5
2019-02-11,104,2.65,3.1
2019-02-11,105,3.3,3.4
2019-02-11,106,2.4,2.45
2019-02-11,107,1.43,1.48
2019-02-11,108,269,273
2019-02-11,109,235,237
2019-02-11,110,375,392
2019-02-11,111,,
2019-02-11,112,,
2019-02-11,113,,
2019-02-11,114,229,230
2019-02-11,115,180,185
2019-02-11,116,,
2019-02-11,117,374,376
2019-02-11,118,316,320
2019-02-11,119,,
2019-02-11,120,315,316
2019-02-11,121,430,436
2019-02-11,122,326,330
2019-02-11,123,,
2019-02-11,124,325,326
2019-02-11,125,,
2019-02-11,126,235,240
2019-02-11,127,215,220
2019-02-11,128,200,205
2019-02-11,129,155,160
2019-02-11,130,145,147
2019-02-11,131,1490,1495
2019-02-11,132,505,510
2019-02-11,133,480,485
2019-02-11,134,565,570
2019-02-11,176,6.5,7.5
2019-02-11,177,16,17
2019-02-11,181,4.85,4.95
2019-02-11,182,5.15,5.25
2019-02-11,183,5.52,5.67
2019-02-11,184,6.22,6.42
2019-02-11,185,7.32,7.42
2019-02-11,186,9.25,9.45
2019-02-11,187,425,440
2019-02-11,188,370,380
2019-02-11,189,180,190
2019-02-11,190,1850,1950
2019-02-11,191,,
2019-02-11,192,,
2019-02-11,193,,
2019-02-11,194,,
2019-02-11,195,,
2019-02-11,196,,
2019-02-11,197,,
2019-02-11,198,,
2019-02-11,199,,
2019-02-11,202,,
2019-02-11,203,,
2019-02-11,204,,
2019-02-11,205,,
2019-02-11,206,,
2019-02-11,207,,
2019-02-11,208,,
2019-02-11,209,,
2019-02-11,210,1.4,1.5
2019-02-11,211,,
2019-02-11,212,0.5,0.55
2019-02-11,213,,
2019-02-11,214,,
2019-02-11,215,,
2019-02-11,216,,
2019-02-11,217,,
2019-02-11,218,,
2019-02-11,219,,
2019-02-11,220,,
2019-02-11,221,,
2019-02-11,222,,
2019-02-11,223,,
2019-02-11,224,,
2019-02-11,225,1.4,1.5
2019-02-11,226,,
2019-02-11,227,,
2019-02-11,228,,
2019-02-11,229,1.1,1.3
2019-02-11,230,,
2019-02-11,231,,
2019-02-11,232,,
2019-02-11,233,,
2019-02-11,234,,
2019-02-11,235,,
2019-02-11,236,,
2019-02-11,237,,
2019-02-11,238,,
2019-02-11,239,,
2019-02-11,240,,
2019-02-11,241,,
2019-02-11,242,,
2019-02-11,243,,
2019-02-11,244,,
2019-02-11,245,,
2019-02-11,246,,
2019-02-11,247,,
2019-02-11,248,,
2019-02-11,249,0.85,0.95
2019-02-11,250,0.35,0.4
2019-02-11,251,,
2019-02-11,252,,
2019-02-11,253,0.7,0.75
2019-02-11,254,,
2019-02-11,255,,
2019-02-11,256,,
2019-02-11,257,,
2019-02-11,258,,
2019-02-11,259,,
2019-02-11,260,,
2019-02-11,261,0.55,0.6
2019-02-11,262,0.65,0.75
2019-02-11,263,0.75,0.85
2019-02-11,264,0.9,0.95
2019-02-11,265,1.05,1.1
2019-02-11,266,,
2019-02-11,267,,
2019-02-11,268,,
2019-02-11,269,,
2019-02-11,270,,
2019-02-11,271,,
2019-02-11,272,,
2019-02-11,273,,
2019-02-11,274,,
2019-02-11,275,,
2019-02-11,276,,
2019-02-11,277,,
2019-02-11,278,,
2019-02-11,279,0.3,0.4
2019-02-11,280,,
2019-02-11,281,0.2,0.25
2019-02-11,282,,
2019-02-11,283,,
2019-02-11,284,,
2019-02-11,285,,
2019-02-11,286,,
2019-02-11,287,,
2019-02-11,288,,
2019-02-11,289,,
2019-02-11,290,,
2019-02-11,291,,
2019-02-11,292,,
2019-02-11,293,,
2019-02-11,294,,
2019-02-11,295,,
2019-02-11,296,,
2019-02-11,297,0.35,0.45
2019-02-11,298,,
2019-02-11,299,,
2019-02-11,300,,
2019-02-11,301,,
2019-02-11,302,,
2019-02-11,303,,
2019-02-11,304,0.7,0.8
2019-02-11,305,,
2019-02-11,306,0.55,0.65
2019-02-11,307,,
2019-02-11,308,,
2019-02-11,309,,
2019-02-11,310,,
2019-02-11,311,,
2019-02-11,312,,
2019-02-11,313,,
2019-02-11,314,,
2019-02-11,315,,
2019-02-11,316,,
2019-02-11,317,,
2019-02-11,318,,
2019-02-11,319,,
2019-02-11,320,,
2019-02-11,321,,
2019-02-11,322,,
2019-02-11,323,,
2019-02-11,670,,
2019-02-11,671,,
2019-02-11,672,262,265
2019-02-11,685,,
2019-02-11,691,2.2,2.4
2019-02-11,692,2.2,2.5
2019-02-11,693,2.2,2.5
2019-02-11,694,2.3,2.6
2019-02-11,727,,
2019-02-11,728,0.9,1
2019-02-11,731,6.55,6.65
2019-02-11,732,7.9,8
2019-02-11,733,8.3,8.5
2019-02-11,734,8.75,8.95
2019-02-11,735,7.5,8.5
2019-02-11,736,7.5,8
2019-02-11,737,3,3.5
2019-02-11,738,3.1,3.6
2019-02-11,740,7.6,8
2019-02-11,741,1,1.1
2019-02-11,743,7,7.5
2019-02-11,744,0.65,0.7
2019-02-11,745,1.4,1.5
2019-02-11,747,,
2019-02-11,748,0.9,1
2019-02-11,749,0.95,1.05
2019-02-11,750,1.05,1.15
2019-02-11,751,0.8,0.9
2019-02-11,752,1.5,2
2019-02-11,753,1,1.1
2019-02-11,754,5.8,6.3
2019-02-11,755,0.75,0.95
2019-02-11,756,0.85,0.95
2019-02-11,757,4,4.5
2019-02-11,758,2.1,2.4
2019-02-11,759,0.85,0.95
2019-02-11,760,6.5,7.5
2019-02-11,761,2.2,2.5
2019-02-11,762,2.2,2.4
2019-02-11,763,2.3,2.5
2019-02-11,764,0.5,0.55
2019-02-11,765,6.5,8
2019-02-11,766,1.1,1.3
2019-02-11,767,1.1,1.3
2019-02-11,768,3,3.5
2019-02-11,769,3,3.5
2019-02-15,4,219,220
2019-02-15,5,212,214
2019-02-15,7,265.5,267.5
2019-02-15,8,259,261
2019-02-15,9,217.5,218.5
2019-02-15,10,228.5,229.5
2019-02-15,12,190,192
2019-02-15,13,176,177
2019-02-15,14,175,176
2019-02-15,15,181,182
2019-02-15,16,175,177
2019-02-15,21,231,232
2019-02-15,22,226,227
2019-02-15,23,430,435
2019-02-15,24,424,429
2019-02-15,25,274,276
2019-02-15,26,269,272
2019-02-15,27,465,466
2019-02-15,28,461,463
2019-02-15,29,447,448
2019-02-15,30,159,161
2019-02-15,31,163,165
2019-02-15,32,131,133
2019-02-15,33,163,175
2019-02-15,34,134,136
2019-02-15,35,189,191
2019-02-15,36,160,162
2019-02-15,37,130,131
2019-02-15,38,130,131
2019-02-15,39,274,275
2019-02-15,40,160,161
2019-02-15,41,740,750
2019-02-15,42,173,175
2019-02-15,43,171,173
2019-02-15,47,227,228
2019-02-15,48,138,145
2019-02-15,50,430,490
2019-02-15,51,430,480
2019-02-15,53,1030,1080
2019-02-15,54,1130,1190
2019-02-15,55,310,350
2019-02-15,56,240,250
2019-02-15,58,123,128
2019-02-15,63,152.5,157.5
2019-02-15,67,162.5,167.5
2019-02-15,71,135,140
2019-02-15,73,339,340
2019-02-15,75,330.5,332.5
2019-02-15,76,360,361
2019-02-15,77,358,359
2019-02-15,81,260,275
2019-02-15,83,635,640
2019-02-15,84,685,690
2019-02-15,85,615,620
2019-02-15,86,585,590
2019-02-15,87,665,675
2019-02-15,88,650,655
2019-02-15,89,1285,1295
2019-02-15,90,760,780
2019-02-15,91,820,840
2019-02-15,92,765,770
2019-02-15,94,740,755
2019-02-15,95,735,740
2019-02-15,101,9,10.5
2019-02-15,102,10,11.5
2019-02-15,103,6.2,6.5
2019-02-15,104,2.65,3.1
2019-02-15,105,3.3,3.4
2019-02-15,106,2.4,2.45
2019-02-15,107,1.43,1.48
2019-02-15,108,269,273
2019-02-15,109,235,237
2019-02-15,110,375,392
2019-02-15,114,226.5,227.5
2019-02-15,115,178,185
2019-02-15,117,375,377
2019-02-15,118,318,320.5
2019-02-15,120,315,316.5
2019-02-15,121,431,437
2019-02-15,122,328,330.5
2019-02-15,124,325,326.5
2019-02-15,126,237.5,242.5
2019-02-15,127,217.5,222.5
2019-02-15,128,202.5,207.5
2019-02-15,129,157.5,162.5
2019-02-15,130,147.5,149.5
2019-02-15,131,1490,1495
2019-02-15,132,505,510
2019-02-15,133,480,485
2019-02-15,134,565,570
2019-02-15,176,6.5,7.5
2019-02-15,177,16,17
2019-02-15,181,4.85,4.95
2019-02-15,182,5.15,5.25
2019-02-15,183,5.52,5.67
2019-02-15,184,6.22,6.42
2019-02-15,185,7.32,7.42
2019-02-15,186,9.25,9.45
2019-02-15,187,425,440
2019-02-15,188,370,380
2019-02-15,189,180,192.5
2019-02-15,190,1850,1950
2019-02-15,210,1.4,1.5
2019-02-15,212,0.5,0.55
2019-02-15,225,1.4,1.5
2019-02-15,229,1.15,1.3
2019-02-15,249,0.85,0.95
2019-02-15,250,0.35,0.4
2019-02-15,253,0.7,0.75
2019-02-15,261,0.55,0.6
2019-02-15,262,0.65,0.75
2019-02-15,263,0.75,0.85
2019-02-15,264,0.9,0.95
2019-02-15,265,1.05,1.1
2019-02-15,279,0.3,0.4
2019-02-15,281,0.2,0.25
2019-02-15,297,0.35,0.45
2019-02-15,304,0.7,0.8
2019-02-15,306,0.55,0.65
2019-02-15,328,0.3,0.36
2019-02-15,329,0.14,0.16
2019-02-15,331,0.3,0.34
2019-02-15,332,,
2019-02-15,333,2.3,2.35
2019-02-15,335,2.2,2.25
2019-02-15,336,,
2019-02-15,337,,
2019-02-15,340,,
2019-02-15,341,2.5,2.55
2019-02-15,342,2.8,2.85
2019-02-15,344,12.7,12.7
2019-02-15,345,10.6,10.6
2019-02-15,346,9.6,9.6
2019-02-15,347,8,8
2019-02-15,350,1.65,1.75
2019-02-15,351,1.5,1.6
2019-02-15,352,3.65,3.75
2019-02-15,353,4.3,4.4
2019-02-15,356,1.7,1.8
2019-02-15,357,1.8,1.9
2019-02-15,358,3.4,3.5
2019-02-15,361,4.1,4.2
2019-02-15,362,5,5.1
2019-02-15,363,3.9,4
2019-02-15,364,1.35,1.45
2019-02-15,365,1.5,1.6
2019-02-15,366,5,5.1
2019-02-15,367,2.23,2.33
2019-02-15,368,1.3,1.4
2019-02-15,369,5,5.1
2019-02-15,370,2.03,2.13
2019-02-15,371,1.3,1.4
2019-02-15,372,5.22,5.32
2019-02-15,672,263,266
2019-02-15,674,0.85,0.87
2019-02-15,675,1.32,1.34
2019-02-15,676,1.5,1.6
2019-02-15,677,1.8,1.9
2019-02-15,678,1.95,2.05
2019-02-15,691,2.2,2.4
2019-02-15,692,2.2,2.5
2019-02-15,693,2.2,2.5
2019-02-15,694,2.3,2.6
2019-02-15,716,15.6,15.6
2019-02-15,717,13.4,13.4
2019-02-15,718,12.5,12.5
2019-02-15,719,10,10
2019-02-15,728,0.9,1
2019-02-15,731,6.53,6.62
2019-02-15,732,7.88,7.97
2019-02-15,733,8.28,8.47
2019-02-15,734,8.72,8.93
2019-02-15,735,7.5,8.5
2019-02-15,736,7.5,8
2019-02-15,737,3,3.5
2019-02-15,738,3.1,3.6
2019-02-15,740,7.6,8
2019-02-15,741,1,1.1
2019-02-15,743,7,7.5
2019-02-15,744,0.65,0.7
2019-02-15,745,1.4,1.5
2019-02-15,748,0.9,1
2019-02-15,749,0.95,1.05
2019-02-15,750,1.05,1.15
2019-02-15,751,0.8,0.9
2019-02-15,752,1.5,2
2019-02-15,753,1,1.1
2019-02-15,754,5.8,6.3
2019-02-15,755,0.75,0.95
2019-02-15,756,0.85,0.95
2019-02-15,757,4,4.5
2019-02-15,758,2.1,2.4
2019-02-15,759,0.85,0.95
2019-02-15,760,6.5,7.5
2019-02-15,761,2.2,2.5
2019-02-15,762,2.2,2.4
2019-02-15,763,2.3,2.5
2019-02-15,764,0.5,0.55
2019-02-15,765,6.5,8
2019-02-15,766,1.1,1.3
2019-02-15,767,1.1,1.3
2019-02-15,768,3,3.5
2019-02-15,769,3,3.5
2019-02-18,2,,
2019-02-18,3,,
2019-02-18,4,218,220
2019-02-18,5,212,214
2019-02-18,6,,
2019-02-18,7,265,267
2019-02-18,8,258,260
2019-02-18,9,217,218
2019-02-18,10,225,226
2019-02-18,11,,
2019-02-18,12,190,192
2019-02-18,13,175,176
2019-02-18,14,174,175
2019-02-18,15,179,180
2019-02-18,16,175,177
2019-02-18,17,,
2019-02-18,18,,
2019-02-18,19,,
2019-02-18,20,,
2019-02-18,21,224,225
2019-02-18,22,222,223
2019-02-18,23,430,435
2019-02-18,24,424,429
2019-02-18,25,274,276
2019-02-18,26,269,272
2019-02-18,27,465,466
2019-02-18,28,461,463
2019-02-18,29,447,448
2019-02-18,30,153,155
2019-02-18,31,157,159
2019-02-18,32,125,127
2019-02-18,33,157,169
2019-02-18,34,128,130
2019-02-18,35,181,183
2019-02-18,36,152,154
2019-02-18,37,124,125
2019-02-18,38,124,125
2019-02-18,39,273,274
2019-02-18,40,158,159
2019-02-18,41,730,740
2019-02-18,42,171,173
2019-02-18,43,168,170
2019-02-18,44,,
2019-02-18,45,,
2019-02-18,46,,
2019-02-18,47,227,228
2019-02-18,48,138,145
2019-02-18,50,430,490
2019-02-18,51,430,480
2019-02-18,53,1030,1080
2019-02-18,54,1130,1190
2019-02-18,55,310,350
2019-02-18,56,240,250
2019-02-18,58,123,128
2019-02-18,61,,
2019-02-18,62,,
2019-02-18,63,150,155
2019-02-18,64,,
2019-02-18,65,,
2019-02-18,66,,
2019-02-18,67,160,165
2019-02-18,68,,
2019-02-18,69,,
2019-02-18,70,,
2019-02-18,71,138,143
2019-02-18,73,338,339
2019-02-18,74,,
2019-02-18,75,327,332
2019-02-18,76,360,361
2019-02-18,77,358,359
2019-02-18,78,,
2019-02-18,79,,
2019-02-18,80,,
2019-02-18,81,257,272
2019-02-18,82,,
2019-02-18,83,635,640
2019-02-18,84,685,690
2019-02-18,85,615,620
2019-02-18,86,590,595
2019-02-18,87,670,675
2019-02-18,88,650,655
2019-02-18,89,1275,1285
2019-02-18,90,760,780
2019-02-18,91,820,840
2019-02-18,92,770,775
2019-02-18,93,,
2019-02-18,94,750,755
2019-02-18,95,730,735
2019-02-18,96,,
2019-02-18,97,,
2019-02-18,98,,
2019-02-18,100,,
2019-02-18,101,9,10.5
2019-02-18,102,10,11.5
2019-02-18,103,6.1,6.5
2019-02-18,104,2.65,3.1
2019-02-18,105,3.3,3.4
2019-02-18,106,2.42,2.47
2019-02-18,107,1.45,1.5
2019-02-18,108,271,275
2019-02-18,109,230,232
2019-02-18,110,375,392
2019-02-18,111,,
2019-02-18,112,,
2019-02-18,113,,
2019-02-18,114,229,230
2019-02-18,115,183,185
2019-02-18,116,,
2019-02-18,117,374,376
2019-02-18,118,316,320
2019-02-18,119,,
2019-02-18,120,315,316
2019-02-18,121,430,436
2019-02-18,122,326,330
2019-02-18,123,,
2019-02-18,124,325,326
2019-02-18,125,,
2019-02-18,126,235,240
2019-02-18,127,215,220
2019-02-18,128,200,205
2019-02-18,129,155,160
2019-02-18,130,145,147
2019-02-18,131,1490,1495
2019-02-18,132,505,510
2019-02-18,133,480,485
2019-02-18,134,565,570
2019-02-18,176,6.5,7.5
2019-02-18,177,16,17
2019-02-18,181,4.85,4.95
2019-02-18,182,5.15,5.25
2019-02-18,183,5.52,5.67
2019-02-18,184,6.22,6.42
2019-02-18,185,7.32,7.42
2019-02-18,186,9.25,9.45
2019-02-18,187,425,435
2019-02-18,188,370,375
2019-02-18,189,175,185
2019-02-18,190,1850,1950
2019-02-18,191,,
2019-02-18,192,,
2019-02-18,193,,
2019-02-18,194,,
2019-02-18,195,,
2019-02-18,196,,
2019-02-18,197,,
2019-02-18,198,,
2019-02-18,199,,
2019-02-18,202,,
2019-02-18,203,,
2019-02-18,204,,
2019-02-18,205,,
2019-02-18,206,,
2019-02-18,207,,
2019-02-18,208,,
2019-02-18,209,,
2019-02-18,210,1.3,1.5
2019-02-18,211,,
2019-02-18,212,0.45,0.55
2019-02-18,213,,
2019-02-18,214,,
2019-02-18,215,,
2019-02-18,216,,
2019-02-18,217,,
2019-02-18,218,,
2019-02-18,219,,
2019-02-18,220,,
2019-02-18,221,,
2019-02-18,222,,
2019-02-18,223,,
2019-02-18,224,,
2019-02-18,225,1.4,1.5
2019-02-18,226,,
2019-02-18,227,,
2019-02-18,228,,
2019-02-18,229,1,1.2
2019-02-18,230,,
2019-02-18,231,,
2019-02-18,232,,
2019-02-18,233,,
2019-02-18,234,,
2019-02-18,235,,
2019-02-18,236,,
2019-02-18,237,,
2019-02-18,238,,
2019-02-18,239,,
2019-02-18,240,,
2019-02-18,241,,
2019-02-18,242,,
2019-02-18,243,,
2019-02-18,244,,
2019-02-18,245,,
2019-02-18,246,,
2019-02-18,247,,
2019-02-18,248,,
2019-02-18,249,0.85,0.95
2019-02-18,250,0.3,0.4
2019-02-18,251,,
2019-02-18,252,,
2019-02-18,253,0.7,0.75
2019-02-18,254,,
2019-02-18,255,,
2019-02-18,256,,
2019-02-18,257,,
2019-02-18,258,,
2019-02-18,259,,
2019-02-18,260,,
2019-02-18,261,0.55,0.6
2019-02-18,262,0.65,0.75
2019-02-18,263,0.75,0.85
2019-02-18,264,0.9,0.95
2019-02-18,265,1.05,1.1
2019-02-18,266,,
2019-02-18,267,,
2019-02-18,268,,
2019-02-18,269,,
2019-02-18,270,,
2019-02-18,271,,
2019-02-18,272,,
2019-02-18,273,,
2019-02-18,274,,
2019-02-18,275,,
2019-02-18,276,,
2019-02-18,277,,
2019-02-18,278,,
2019-02-18,279,0.3,0.4
2019-02-18,280,,
2019-02-18,281,0.2,0.25
2019-02-18,282,,
2019-02-18,283,,
2019-02-18,284,,
2019-02-18,285,,
2019-02-18,286,,
2019-02-18,287,,
2019-02-18,288,,
2019-02-18,289,,
2019-02-18,290,,
2019-02-18,291,,
2019-02-18,292,,
2019-02-18,293,,
2019-02-18,294,,
2019-02-18,295,,
2019-02-18,296,,
2019-02-18,297,0.35,0.45
2019-02-18,298,,
2019-02-18,299,,
2019-02-18,300,,
2019-02-18,301,,
2019-02-18,302,,
2019-02-18,303,,
2019-02-18,304,0.7,0.8
2019-02-18,305,,
2019-02-18,306,0.55,0.65
2019-02-18,307,,
2019-02-18,308,,
2019-02-18,309,,
2019-02-18,310,,
2019-02-18,311,,
2019-02-18,312,,
2019-02-18,313,,
2019-02-18,314,,
2019-02-18,315,,
2019-02-18,316,,
2019-02-18,317,,
2019-02-18,318,,
2019-02-18,319,,
2019-02-18,320,,
2019-02-18,321,,
2019-02-18,322,,
2019-02-18,323,,
2019-02-18,670,,
2019-02-18,671,,
2019-02-18,672,267,270
2019-02-18,685,,
2019-02-18,691,2.2,2.4
2019-02-18,692,2.2,2.5
2019-02-18,693,2.2,2.5
2019-02-18,694,2.3,2.6
2019-02-18,727,,
2019-02-18,728,0.9,1
2019-02-18,731,6.6,6.7
2019-02-18,732,7.95,8.05
2019-02-18,733,8.35,8.55
2019-02-18,734,8.8,9
2019-02-18,735,7.5,8.5
2019-02-18,736,7.5,8
2019-02-18,737,3,3.5
2019-02-18,738,3.1,3.6
2019-02-18,740,7.6,8
2019-02-18,741,1,1.1
2019-02-18,743,7,7.5
2019-02-18,744,0.65,0.7
2019-02-18,745,1.4,1.5
2019-02-18,747,,
2019-02-18,748,0.9,1
2019-02-18,749,0.95,1.05
2019-02-18,750,1.05,1.15
2019-02-18,751,0.8,0.9
2019-02-18,752,1.5,2
2019-02-18,753,1,1.1
2019-02-18,754,5.8,6.3
2019-02-18,755,0.75,0.95
2019-02-18,756,0.85,0.95
2019-02-18,757,4,4.5
2019-02-18,758,2.1,2.4
2019-02-18,759,0.85,0.95
2019-02-18,760,6.5,7.5
2019-02-18,761,2.2,2.5
2019-02-18,762,2.2,2.4
2019-02-18,763,2.3,2.5
2019-02-18,764,0.5,0.55
2019-02-18,765,6.5,8
2019-02-18,766,1.1,1.3
2019-02-18,767,1.1,1.3
2019-02-18,768,3,3.5
2019-02-18,769,3,3.5
2019-02-22,328,0.3,0.36
2019-02-22,329,0.14,0.16
2019-02-22,331,0.3,0.34
2019-02-22,332,,
2019-02-22,333,2.3,2.35
2019-02-22,335,2.2,2.25
2019-02-22,336,,
2019-02-22,337,,
2019-02-22,340,,
2019-02-22,341,2.5,2.55
2019-02-22,342,2.8,2.85
2019-02-22,344,12.7,12.7
2019-02-22,345,10.6,10.6
2019-02-22,346,9.6,9.6
2019-02-22,347,8,8
2019-02-22,350,1.65,1.75
2019-02-22,351,1.5,1.6
2019-02-22,352,3.65,3.75
2019-02-22,353,4.3,4.4
2019-02-22,356,1.7,1.8
2019-02-22,357,1.8,1.9
2019-02-22,358,3.4,3.5
2019-02-22,361,4.1,4.2
2019-02-22,362,5,5.1
2019-02-22,363,3.9,4
2019-02-22,364,1.35,1.45
2019-02-22,365,1.5,1.6
2019-02-22,366,5.1,5.2
2019-02-22,367,2.35,2.45
2019-02-22,368,1.35,1.45
2019-02-22,369,5.1,5.2
2019-02-22,370,2.2,2.3
2019-02-22,371,1.35,1.45
2019-02-22,372,4.9,5
2019-02-22,674,0.85,0.87
2019-02-22,675,1.34,1.36
2019-02-22,676,1.5,1.6
2019-02-22,677,1.8,1.9
2019-02-22,678,2,2.1
2019-02-22,716,15.6,15.6
2019-02-22,717,13.4,13.4
2019-02-22,718,12.5,12.5
2019-02-22,719,10,10
2019-02-25,2,,
2019-02-25,3,,
2019-02-25,4,218,220
2019-02-25,5,210,212
2019-02-25,6,,
2019-02-25,7,265,267
2019-02-25,8,258,260
2019-02-25,9,216,217
2019-02-25,10,220,221
2019-02-25,11,,
2019-02-25,12,190,192
2019-02-25,13,174,175
2019-02-25,14,173,174
2019-02-25,15,179,180
2019-02-25,16,174,176
2019-02-25,17,,
2019-02-25,18,,
2019-02-25,19,,
2019-02-25,20,,
2019-02-25,21,214,215
2019-02-25,22,219,220
2019-02-25,23,430,435
2019-02-25,24,424,429
2019-02-25,25,274,276
2019-02-25,26,269,272
2019-02-25,27,465,466
2019-02-25,28,461,463
2019-02-25,29,447,448
2019-02-25,30,153,155
2019-02-25,31,157,159
2019-02-25,32,125,127
2019-02-25,33,157,169
2019-02-25,34,128,130
2019-02-25,35,181,183
2019-02-25,36,152,154
2019-02-25,37,124,125
2019-02-25,38,124,125
2019-02-25,39,269,270
2019-02-25,40,157,158
2019-02-25,41,730,740
2019-02-25,42,171,173
2019-02-25,43,168,170
2019-02-25,44,,
2019-02-25,45,,
2019-02-25,46,,
2019-02-25,47,227,228
2019-02-25,48,138,145
2019-02-25,50,430,490
2019-02-25,51,430,480
2019-02-25,53,1030,1080
2019-02-25,54,1130,1190
2019-02-25,55,310,350
2019-02-25,56,240,250
2019-02-25,58,123,128
2019-02-25,61,,
2019-02-25,62,,
2019-02-25,63,145,150
2019-02-25,64,,
2019-02-25,65,,
2019-02-25,66,,
2019-02-25,67,155,160
2019-02-25,68,,
2019-02-25,69,,
2019-02-25,70,,
2019-02-25,71,138,143
2019-02-25,73,335,336
2019-02-25,74,,
2019-02-25,75,325,327
2019-02-25,76,360,361
2019-02-25,77,358,359
2019-02-25,78,,
2019-02-25,79,,
2019-02-25,80,,
2019-02-25,81,257,272
2019-02-25,82,,
2019-02-25,83,635,640
2019-02-25,84,685,690
2019-02-25,85,615,620
2019-02-25,86,590,595
2019-02-25,87,670,675
2019-02-25,88,650,655
2019-02-25,89,1275,1285
2019-02-25,90,760,780
2019-02-25,91,820,840
2019-02-25,92,770,775
2019-02-25,93,,
2019-02-25,94,750,755
2019-02-25,95,730,735
2019-02-25,96,,
2019-02-25,97,,
2019-02-25,98,,
2019-02-25,100,,
2019-02-25,101,9,10.5
2019-02-25,102,10,11.5
2019-02-25,103,6.1,6.5
2019-02-25,104,2.65,3.1
2019-02-25,105,3.3,3.4
2019-02-25,106,2.42,2.47
2019-02-25,107,1.45,1.5
2019-02-25,108,271,275
2019-02-25,109,228,230
2019-02-25,110,375,392
2019-02-25,111,,
2019-02-25,112,,
2019-02-25,113,,
2019-02-25,114,224,225
2019-02-25,115,183,185
2019-02-25,116,,
2019-02-25,117,374,376
2019-02-25,118,316,320
2019-02-25,119,,
2019-02-25,120,315,316
2019-02-25,121,430,436
2019-02-25,122,326,330
2019-02-25,123,,
2019-02-25,124,325,326
2019-02-25,125,,
2019-02-25,126,230,235
2019-02-25,127,210,215
2019-02-25,128,195,200
2019-02-25,129,150,155
2019-02-25,130,140,142
2019-02-25,131,1490,1495
2019-02-25,132,505,510
2019-02-25,133,480,485
2019-02-25,134,565,570
2019-02-25,176,6.5,7.5
2019-02-25,177,16,17
2019-02-25,181,4.85,4.95
2019-02-25,182,5.15,5.25
2019-02-25,183,5.52,5.67
2019-02-25,184,6.22,6.42
2019-02-25,185,7.32,7.42
2019-02-25,186,9.25,9.45
2019-02-25,187,425,435
2019-02-25,188,360,370
2019-02-25,189,170,180
2019-02-25,190,1850,1950
2019-02-25,191,,
2019-02-25,192,,
2019-02-25,193,,
2019-02-25,194,,
2019-02-25,195,,
2019-02-25,196,,
2019-02-25,197,,
2019-02-25,198,,
2019-02-25,199,,
2019-02-25,202,,
2019-02-25,203,,
2019-02-25,204,,
2019-02-25,205,,
2019-02-25,206,,
2019-02-25,207,,
2019-02-25,208,,
2019-02-25,209,,
2019-02-25,210,0.7,0.8
2019-02-25,211,,
2019-02-25,212,,
2019-02-25,213,,
2019-02-25,214,,
2019-02-25,215,,
2019-02-25,216,,
2019-02-25,217,,
2019-02-25,218,,
2019-02-25,219,,
2019-02-25,220,,
2019-02-25,221,,
2019-02-25,222,,
2019-02-25,223,,
2019-02-25,224,,
2019-02-25,225,1.4,1.5
2019-02-25,226,,
2019-02-25,227,,
2019-02-25,228,,
2019-02-25,229,0.9,1
2019-02-25,230,,
2019-02-25,231,,
2019-02-25,232,,
2019-02-25,233,,
2019-02-25,234,,
2019-02-25,235,,
2019-02-25,236,,
2019-02-25,237,,
2019-02-25,238,,
2019-02-25,239,,
2019-02-25,240,,
2019-02-25,241,,
2019-02-25,242,,
2019-02-25,243,,
2019-02-25,244,,
2019-02-25,245,,
2019-02-25,246,,
2019-02-25,247,,
2019-02-25,248,,
2019-02-25,249,0.85,0.95
2019-02-25,250,0.3,0.4
2019-02-25,251,,
2019-02-25,252,,
2019-02-25,253,0.7,0.75
2019-02-25,254,,
2019-02-25,255,,
2019-02-25,256,,
2019-02-25,257,,
2019-02-25,258,,
2019-02-25,259,,
2019-02-25,260,,
2019-02-25,261,0.55,0.6
2019-02-25,262,0.65,0.75
2019-02-25,263,0.75,0.85
2019-02-25,264,0.9,0.95
2019-02-25,265,1.05,1.1
2019-02-25,266,,
2019-02-25,267,,
2019-02-25,268,,
2019-02-25,269,,
2019-02-25,270,,
2019-02-25,271,,
2019-02-25,272,,
2019-02-25,273,,
2019-02-25,274,,
2019-02-25,275,,
2019-02-25,276,,
2019-02-25,277,,
2019-02-25,278,,
2019-02-25,279,0.3,0.4
2019-02-25,280,,
2019-02-25,281,0.2,0.25
2019-02-25,282,,
2019-02-25,283,,
2019-02-25,284,,
2019-02-25,285,,
2019-02-25,286,,
2019-02-25,287,,
2019-02-25,288,,
2019-02-25,289,,
2019-02-25,290,,
2019-02-25,291,,
2019-02-25,292,,
2019-02-25,293,,
2019-02-25,294,,
2019-02-25,295,,
2019-02-25,296,,
2019-02-25,297,0.35,0.45
2019-02-25,298,,
2019-02-25,299,,
2019-02-25,300,,
2019-02-25,301,,
2019-02-25,302,,
2019-02-25,303,,
2019-02-25,304,0.7,0.8
2019-02-25,305,,
2019-02-25,306,0.55,0.65
2019-02-25,307,,
2019-02-25,308,,
2019-02-25,309,,
2019-02-25,310,,
2019-02-25,311,,
2019-02-25,312,,
2019-02-25,313,,
2019-02-25,314,,
2019-02-25,315,,
2019-02-25,316,,
2019-02-25,317,,
2019-02-25,318,,
2019-02-25,319,,
2019-02-25,320,,
2019-02-25,321,,
2019-02-25,322,,
2019-02-25,323,,
2019-02-25,670,,
2019-02-25,671,,
2019-02-25,672,267,270
2019-02-25,685,,
2019-02-25,691,2.2,2.4
2019-02-25,692,2.2,2.5
2019-02-25,693,2.2,2.5
2019-02-25,694,2.3,2.6
2019-02-25,727,,
2019-02-25,728,0.9,1
2019-02-25,731,6.6,6.7
2019-02-25,732,7.95,8.05
2019-02-25,733,8.35,8.55
2019-02-25,734,8.8,9
2019-02-25,735,7.5,8.5
2019-02-25,736,7.5,8
2019-02-25,737,3,3.5
2019-02-25,738,3.1,3.6
2019-02-25,740,7.6,8
2019-02-25,741,1,1.1
2019-02-25,743,7,7.5
2019-02-25,744,0.65,0.7
2019-02-25,745,1.4,1.5
2019-02-25,747,,
2019-02-25,748,0.9,1
2019-02-25,749,0.95,1.05
2019-02-25,750,1.05,1.15
2019-02-25,751,0.8,0.9
2019-02-25,752,1.5,2
2019-02-25,753,1,1.1
2019-02-25,754,5.8,6.3
2019-02-25,755,0.75,0.95
2019-02-25,756,0.85,0.95
2019-02-25,757,4,4.5
2019-02-25,758,2.1,2.4
2019-02-25,759,0.85,0.95
2019-02-25,760,6.5,7.5
2019-02-25,761,2.2,2.5
2019-02-25,762,2.2,2.4
2019-02-25,763,2.3,2.5
2019-02-25,764,0.5,0.55
2019-02-25,765,6.5,8
2019-02-25,766,1.1,1.3
2019-02-25,767,1.1,1.3
2019-02-25,768,3,3.5
2019-02-25,769,3,3.5
2019-02-28,4,218,220
2019-02-28,5,211,213
2019-02-28,7,265,267
2019-02-28,8,258,260
2019-02-28,9,216.5,217.5
2019-02-28,10,222.5,223.5
2019-02-28,12,190,192
2019-02-28,13,174.5,175.5
2019-02-28,14,173.5,174.5
2019-02-28,15,179,180
2019-02-28,16,174.5,176.5
2019-02-28,21,219,220
2019-02-28,22,220.5,221.5
2019-02-28,23,430,435
2019-02-28,24,424,429
2019-02-28,25,274,276
2019-02-28,26,269,272
2019-02-28,27,465,466
2019-02-28,28,461,463
2019-02-28,29,447,448
2019-02-28,30,153,155
2019-02-28,31,157,159
2019-02-28,32,125,127
2019-02-28,33,157,169
2019-02-28,34,128,130
2019-02-28,35,181,183
2019-02-28,36,152,154
2019-02-28,37,124,125
2019-02-28,38,124,125
2019-02-28,39,271,272
2019-02-28,40,157.5,158.5
2019-02-28,41,730,740
2019-02-28,42,171,173
2019-02-28,43,168,170
2019-02-28,47,227,228
2019-02-28,48,138,145
2019-02-28,50,430,490
2019-02-28,51,430,480
2019-02-28,53,1030,1080
2019-02-28,54,1130,1190
2019-02-28,55,310,350
2019-02-28,56,240,250
2019-02-28,58,123,128
2019-02-28,63,147.5,152.5
2019-02-28,67,157.5,162.5
2019-02-28,71,138,143
2019-02-28,73,336.5,337.5
2019-02-28,75,326,329.5
2019-02-28,76,360,361
2019-02-28,77,358,359
2019-02-28,81,257,272
2019-02-28,83,635,640
2019-02-28,84,685,690
2019-02-28,85,615,620
2019-02-28,86,590,595
2019-02-28,87,670,675
2019-02-28,88,650,655
2019-02-28,89,1275,1285
2019-02-28,90,760,780
2019-02-28,91,820,840
2019-02-28,92,770,775
2019-02-28,94,750,755
2019-02-28,95,730,735
2019-02-28,101,9,10.5
2019-02-28,102,10,11.5
2019-02-28,103,6.1,6.5
2019-02-28,104,2.65,3.1
2019-02-28,105,3.3,3.4
2019-02-28,106,2.42,2.47
2019-02-28,107,1.45,1.5
2019-02-28,108,271,275
2019-02-28,109,229,231
2019-02-28,110,375,392
2019-02-28,114,226.5,227.5
2019-02-28,115,183,185
2019-02-28,117,374,376
2019-02-28,118,316,320
2019-02-28,120,315,316
2019-02-28,121,430,436
2019-02-28,122,326,330
2019-02-28,124,325,326
2019-02-28,126,232.5,237.5
2019-02-28,127,212.5,217.5
2019-02-28,128,197.5,202.5
2019-02-28,129,152.5,157.5
2019-02-28,130,142.5,144.5
2019-02-28,131,1490,1495
2019-02-28,132,505,510
2019-02-28,133,480,485
2019-02-28,134,565,570
2019-02-28,176,6.5,7.5
2019-02-28,177,16,17
2019-02-28,181,4.85,4.95
2019-02-28,182,5.15,5.25
2019-02-28,183,5.52,5.67
2019-02-28,184,6.22,6.42
2019-02-28,185,7.32,7.42
2019-02-28,186,9.25,9.45
2019-02-28,187,425,435
2019-02-28,188,365,372.5
2019-02-28,189,172.5,182.5
2019-02-28,190,1850,1950
2019-02-28,210,1,1.15
2019-02-28,212,0.45,0.55
2019-02-28,225,1.4,1.5
2019-02-28,229,0.95,1.1
2019-02-28,249,0.85,0.95
2019-02-28,250,0.3,0.4
2019-02-28,253,0.7,0.75
2019-02-28,261,0.55,0.6
2019-02-28,262,0.65,0.75
2019-02-28,263,0.75,0.85
2019-02-28,264,0.9,0.95
2019-02-28,265,1.05,1.1
2019-02-28,279,0.3,0.4
2019-02-28,281,0.2,0.25
2019-02-28,297,0.35,0.45
2019-02-28,304,0.7,0.8
2019-02-28,306,0.55,0.65
2019-02-28,328,0.3,0.36
2019-02-28,329,0.14,0.16
2019-02-28,331,0.3,0.34
2019-02-28,333,2.3,2.35
2019-02-28,335,2.2,2.25
2019-02-28,341,2.5,2.55
2019-02-28,342,2.8,2.85
2019-02-28,344,12.7,12.7
2019-02-28,345,10.6,10.6
2019-02-28,346,9.6,9.6
2019-02-28,347,8,8
2019-02-28,350,1.65,1.75
2019-02-28,351,1.5,1.6
2019-02-28,352,3.65,3.75
2019-02-28,353,4.3,4.4
2019-02-28,356,1.7,1.8
2019-02-28,357,1.8,1.9
2019-02-28,358,3.4,3.5
2019-02-28,361,4.1,4.2
2019-02-28,362,5,5.1
2019-02-28,363,3.9,4
2019-02-28,364,1.35,1.45
2019-02-28,365,1.5,1.6
2019-02-28,366,5.1,5.2
2019-02-28,367,2.35,2.45
2019-02-28,368,1.35,1.45
2019-02-28,369,5.1,5.2
2019-02-28,370,2.2,2.3
2019-02-28,371,1.35,1.45
2019-02-28,372,4.9,5
2019-02-28,672,267,270
2019-02-28,674,0.85,0.87
2019-02-28,675,1.34,1.36
2019-02-28,676,1.5,1.6
2019-02-28,677,1.8,1.9
2019-02-28,678,2,2.1
2019-02-28,691,2.2,2.4
2019-02-28,692,2.2,2.5
2019-02-28,693,2.2,2.5
2019-02-28,694,2.3,2.6
2019-02-28,716,15.6,15.6
2019-02-28,717,13.4,13.4
2019-02-28,718,12.5,12.5
2019-02-28,719,10,10
2019-02-28,728,0.9,1
2019-02-28,731,6.6,6.7
2019-02-28,732,7.95,8.05
2019-02-28,733,8.35,8.55
2019-02-28,734,8.8,9
2019-02-28,735,7.5,8.5
2019-02-28,736,7.5,8
2019-02-28,737,3,3.5
2019-02-28,738,3.1,3.6
2019-02-28,740,7.6,8
2019-02-28,741,1,1.1
2019-02-28,743,7,7.5
2019-02-28,744,0.65,0.7
2019-02-28,745,1.4,1.5
2019-02-28,748,0.9,1
2019-02-28,749,0.95,1.05
2019-02-28,750,1.05,1.15
2019-02-28,751,0.8,0.9
2019-02-28,752,1.5,2
2019-02-28,753,1,1.1
2019-02-28,754,5.8,6.3
2019-02-28,755,0.75,0.95
2019-02-28,756,0.85,0.95
2019-02-28,757,4,4.5
2019-02-28,758,2.1,2.4
2019-02-28,759,0.85,0.95
2019-02-28,760,6.5,7.5
2019-02-28,761,2.2,2.5
2019-02-28,762,2.2,2.4
2019-02-28,763,2.3,2.5
2019-02-28,764,0.5,0.55
2019-02-28,765,6.5,8
2019-02-28,766,1.1,1.3
2019-02-28,767,1.1,1.3
2019-02-28,768,3,3.5
2019-02-28,769,3,3.5
2019-03-01,328,0.3,0.36
2019-03-01,329,0.14,0.16
2019-03-01,331,0.3,0.34
2019-03-01,332,,
2019-03-01,333,2.3,2.35
2019-03-01,335,2.2,2.25
2019-03-01,336,,
2019-03-01,337,,
2019-03-01,340,,
2019-03-01,341,2.5,2.55
2019-03-01,342,2.8,2.85
2019-03-01,344,12.9,12.9
2019-03-01,345,10.8,10.8
2019-03-01,346,9.7,9.7
2019-03-01,347,8.1,8.1
2019-03-01,350,1.65,1.75
2019-03-01,351,1.55,1.65
2019-03-01,352,3.65,3.75
2019-03-01,353,4.3,4.4
2019-03-01,356,1.7,1.8
2019-03-01,357,1.8,1.9
2019-03-01,358,3.4,3.5
2019-03-01,361,4.1,4.2
2019-03-01,362,5,5.1
2019-03-01,363,3.9,4
2019-03-01,364,1.35,1.45
2019-03-01,365,1.5,1.6
2019-03-01,366,5.1,5.2
2019-03-01,367,2.35,2.45
2019-03-01,368,1.35,1.45
2019-03-01,369,5.1,5.2
2019-03-01,370,2.2,2.3
2019-03-01,371,1.35,1.45
2019-03-01,372,4.9,5
2019-03-01,674,0.86,0.88
2019-03-01,675,1.34,1.36
2019-03-01,676,1.55,1.65
2019-03-01,677,1.8,1.9
2019-03-01,678,2,2.1
2019-03-01,716,15.7,15.7
2019-03-01,717,13.5,13.5
2019-03-01,718,12.5,12.5
2019-03-01,719,10,10
2019-03-04,2,,
2019-03-04,3,,
2019-03-04,4,215,216
2019-03-04,5,206,208
2019-03-04,6,,
2019-03-04,7,263,265
2019-03-04,8,256,258
2019-03-04,9,211,212
2019-03-04,10,217,218
2019-03-04,11,,
2019-03-04,12,188,190
2019-03-04,13,173,174
2019-03-04,14,172,173
2019-03-04,15,177,178
2019-03-04,16,172,174
2019-03-04,17,,
2019-03-04,18,,
2019-03-04,19,,
2019-03-04,20,,
2019-03-04,21,209,210
2019-03-04,22,215,216
2019-03-04,23,430,435
2019-03-04,24,424,429
2019-03-04,25,274,276
2019-03-04,26,269,272
2019-03-04,27,465,466
2019-03-04,28,461,463
2019-03-04,29,447,448
2019-03-04,30,153,155
2019-03-04,31,157,159
2019-03-04,32,125,127
2019-03-04,33,157,169
2019-03-04,34,128,130
2019-03-04,35,181,183
2019-03-04,36,152,154
2019-03-04,37,124,125
2019-03-04,38,124,125
2019-03-04,39,267,268
2019-03-04,40,155,156
2019-03-04,41,730,740
2019-03-04,42,169,171
2019-03-04,43,168,170
2019-03-04,44,,
2019-03-04,45,,
2019-03-04,46,,
2019-03-04,47,225,226
2019-03-04,48,138,145
2019-03-04,50,430,490
2019-03-04,51,430,480
2019-03-04,53,1030,1080
2019-03-04,54,1130,1190
2019-03-04,55,310,350
2019-03-04,56,240,250
2019-03-04,58,123,128
2019-03-04,61,,
2019-03-04,62,,
2019-03-04,63,140,145
2019-03-04,64,,
2019-03-04,65,,
2019-03-04,66,,
2019-03-04,67,150,155
2019-03-04,68,,
2019-03-04,69,,
2019-03-04,70,,
2019-03-04,71,138,143
2019-03-04,73,335,336
2019-03-04,74,,
2019-03-04,75,325,327
2019-03-04,76,360,361
2019-03-04,77,358,359
2019-03-04,78,,
2019-03-04,79,,
2019-03-04,80,,
2019-03-04,81,255,270
2019-03-04,82,,
2019-03-04,83,635,640
2019-03-04,84,685,690
2019-03-04,85,615,620
2019-03-04,86,600,605
2019-03-04,87,645,650
2019-03-04,88,625,630
2019-03-04,89,1275,1285
2019-03-04,90,760,780
2019-03-04,91,820,840
2019-03-04,92,770,775
2019-03-04,93,,
2019-03-04,94,725,730
2019-03-04,95,705,710
2019-03-04,96,,
2019-03-04,97,,
2019-03-04,98,,
2019-03-04,100,,
2019-03-04,101,9,10.5
2019-03-04,102,10,11.5
2019-03-04,103,6.1,6.5
2019-03-04,104,2.65,3.1
2019-03-04,105,3.3,3.4
2019-03-04,106,2.42,2.47
2019-03-04,107,1.45,1.5
2019-03-04,108,271,275
2019-03-04,109,225,227
2019-03-04,110,375,392
2019-03-04,111,,
2019-03-04,112,,
2019-03-04,113,,
2019-03-04,114,219,220
2019-03-04,115,183,185
2019-03-04,116,,
2019-03-04,117,370,372
2019-03-04,118,314,317
2019-03-04,119,,
2019-03-04,120,312,313
2019-03-04,121,430,432
2019-03-04,122,323,327
2019-03-04,123,,
2019-03-04,124,322,323
2019-03-04,125,,
2019-03-04,126,225,230
2019-03-04,127,205,210
2019-03-04,128,190,195
2019-03-04,129,143,148
2019-03-04,130,133,135
2019-03-04,131,1490,1495
2019-03-04,132,505,510
2019-03-04,133,480,485
2019-03-04,134,565,570
2019-03-04,176,6.5,7.5
2019-03-04,177,16,17
2019-03-04,181,4.85,4.95
2019-03-04,182,5.15,5.25
2019-03-04,183,5.52,5.67
2019-03-04,184,6.22,6.42
2019-03-04,185,7.32,7.42
2019-03-04,186,9.25,9.45
2019-03-04,187,420,430
2019-03-04,188,355,365
2019-03-04,189,165,175
2019-03-04,190,1850,1950
2019-03-04,191,,
2019-03-04,192,,
2019-03-04,193,,
2019-03-04,194,,
2019-03-04,195,,
2019-03-04,196,,
2019-03-04,197,,
2019-03-04,198,,
2019-03-04,199,,
2019-03-04,202,,
2019-03-04,203,,
2019-03-04,204,,
2019-03-04,205,,
2019-03-04,206,,
2019-03-04,207,,
2019-03-04,208,,
2019-03-04,209,,
2019-03-04,210,0.45,0.5
2019-03-04,211,,
2019-03-04,212,,
2019-03-04,213,,
2019-03-04,214,,
2019-03-04,215,,
2019-03-04,216,,
2019-03-04,217,,
2019-03-04,218,,
2019-03-04,219,,
2019-03-04,220,,
2019-03-04,221,,
2019-03-04,222,,
2019-03-04,223,,
2019-03-04,224,,
2019-03-04,225,1.4,1.5
2019-03-04,226,,
2019-03-04,227,,
2019-03-04,228,,
2019-03-04,229,0.7,0.8
2019-03-04,230,,
2019-03-04,231,,
2019-03-04,232,,
2019-03-04,233,,
2019-03-04,234,,
2019-03-04,235,,
2019-03-04,236,,
2019-03-04,237,,
2019-03-04,238,,
2019-03-04,239,,
2019-03-04,240,,
2019-03-04,241,,
2019-03-04,242,,
2019-03-04,243,,
2019-03-04,244,,
2019-03-04,245,,
2019-03-04,246,,
2019-03-04,247,1,1.1
2019-03-04,248,,
2019-03-04,249,0.85,0.95
2019-03-04,250,0.3,0.4
2019-03-04,251,,
2019-03-04,252,,
2019-03-04,253,0.7,0.75
2019-03-04,254,,
2019-03-04,255,,
2019-03-04,256,,
2019-03-04,257,,
2019-03-04,258,,
2019-03-04,259,,
2019-03-04,260,,
2019-03-04,261,0.55,0.6
2019-03-04,262,0.65,0.75
2019-03-04,263,0.75,0.85
2019-03-04,264,0.9,0.95
2019-03-04,265,1.05,1.1
2019-03-04,266,,
2019-03-04,267,,
2019-03-04,268,,
2019-03-04,269,,
2019-03-04,270,,
2019-03-04,271,,
2019-03-04,272,,
2019-03-04,273,,
2019-03-04,274,,
2019-03-04,275,,
2019-03-04,276,,
2019-03-04,277,,
2019-03-04,278,,
2019-03-04,279,0.3,0.4
2019-03-04,280,,
2019-03-04,281,0.2,0.25
2019-03-04,282,,
2019-03-04,283,,
2019-03-04,284,,
2019-03-04,285,,
2019-03-04,286,,
2019-03-04,287,,
2019-03-04,288,,
2019-03-04,289,,
2019-03-04,290,,
2019-03-04,291,,
2019-03-04,292,,
2019-03-04,293,,
2019-03-04,294,,
2019-03-04,295,,
2019-03-04,296,,
2019-03-04,297,0.35,0.45
2019-03-04,298,,
2019-03-04,299,,
2019-03-04,300,,
2019-03-04,301,,
2019-03-04,302,,
2019-03-04,303,,
2019-03-04,304,0.7,0.8
2019-03-04,305,,
2019-03-04,306,0.55,0.65
2019-03-04,307,,
2019-03-04,308,,
2019-03-04,309,,
2019-03-04,310,,
2019-03-04,311,,
2019-03-04,312,,
2019-03-04,313,,
2019-03-04,314,,
2019-03-04,315,,
2019-03-04,316,,
2019-03-04,317,,
2019-03-04,318,,
2019-03-04,319,,
2019-03-04,320,,
2019-03-04,321,,
2019-03-04,322,,
2019-03-04,323,,
2019-03-04,670,,
2019-03-04,671,,
2019-03-04,672,260,263
2019-03-04,685,,
2019-03-04,691,2.2,2.4
2019-03-04,692,2.2,2.5
2019-03-04,693,2.2,2.5
2019-03-04,694,2.3,2.6
2019-03-04,727,,
2019-03-04,728,0.9,1
2019-03-04,731,6.6,6.7
2019-03-04,732,7.95,8.05
2019-03-04,733,8.35,8.55
2019-03-04,734,8.8,9
2019-03-04,735,7.5,8.5
2019-03-04,736,7.5,8
2019-03-04,737,3,3.5
2019-03-04,738,3.1,3.6
2019-03-04,740,7.6,8
2019-03-04,741,1,1.1
2019-03-04,743,7,7.5
2019-03-04,744,0.65,0.7
2019-03-04,745,1.4,1.5
2019-03-04,747,,
2019-03-04,748,0.9,1
2019-03-04,749,0.95,1.05
2019-03-04,750,1.05,1.15
2019-03-04,751,0.8,0.9
2019-03-04,752,1.5,2
2019-03-04,753,1,1.1
2019-03-04,754,5.8,6.3
2019-03-04,755,0.75,0.95
2019-03-04,756,0.85,0.95
2019-03-04,757,4,4.5
2019-03-04,758,2.1,2.4
2019-03-04,759,0.85,0.95
2019-03-04,760,6.5,7.5
2019-03-04,761,2.2,2.5
2019-03-04,762,2.2,2.4
2019-03-04,763,2.3,2.5
2019-03-04,764,0.5,0.55
2019-03-04,765,6.5,8
2019-03-04,766,1.1,1.3
2019-03-04,767,1.1,1.3
2019-03-04,768,3,3.5
2019-03-04,769,3,3.5
2019-03-08,328,0.3,0.36
2019-03-08,329,0.14,0.16
2019-03-08,331,0.3,0.34
2019-03-08,332,,
2019-03-08,333,2.3,2.35
2019-03-08,335,2.2,2.25
2019-03-08,336,,
2019-03-08,337,,
2019-03-08,340,,
2019-03-08,341,2.5,2.55
2019-03-08,342,2.8,2.85
2019-03-08,344,12.9,12.9
2019-03-08,345,10.8,10.8
2019-03-08,346,9.7,9.7
2019-03-08,347,8.1,8.1
2019-03-08,350,1.75,1.85
2019-03-08,351,1.65,1.75
2019-03-08,352,3.65,3.75
2019-03-08,353,4.3,4.4
2019-03-08,356,1.7,1.8
2019-03-08,357,1.8,1.9
2019-03-08,358,3.4,3.5
2019-03-08,361,4.1,4.2
2019-03-08,362,5,5.1
2019-03-08,363,4.1,4.2
2019-03-08,364,1.45,1.55
2019-03-08,365,1.5,1.6
2019-03-08,366,5.2,5.3
2019-03-08,367,2.45,2.55
2019-03-08,368,1.35,1.45
2019-03-08,369,5.2,5.3
2019-03-08,370,2.3,2.4
2019-03-08,371,1.35,1.45
2019-03-08,372,4.9,5
2019-03-08,674,0.9,0.92
2019-03-08,675,1.37,1.39
2019-03-08,676,1.65,1.75
2019-03-08,677,1.8,1.9
2019-03-08,678,2.05,2.15
2019-03-08,716,15.7,15.7
2019-03-08,717,13.5,13.5
2019-03-08,718,12.5,12.5
2019-03-08,719,10,10
2019-03-11,2,,
2019-03-11,3,,
2019-03-11,4,213,214
2019-03-11,5,204,206
2019-03-11,6,,
2019-03-11,7,260,262
2019-03-11,8,255,257
2019-03-11,9,208,209
2019-03-11,10,214,215
2019-03-11,11,,
2019-03-11,12,188,190
2019-03-11,13,173,174
2019-03-11,14,172,173
2019-03-11,15,177,178
2019-03-11,16,171,173
2019-03-11,17,,
2019-03-11,18,,
2019-03-11,19,,
2019-03-11,20,,
2019-03-11,21,209,210
2019-03-11,22,210,211
2019-03-11,23,430,435
2019-03-11,24,424,429
2019-03-11,25,274,276
2019-03-11,26,269,272
2019-03-11,27,465,466
2019-03-11,28,461,463
2019-03-11,29,447,448
2019-03-11,30,151,153
2019-03-11,31,155,157
2019-03-11,32,123,125
2019-03-11,33,155,167
2019-03-11,34,126,128
2019-03-11,35,181,183
2019-03-11,36,152,154
2019-03-11,37,123,124
2019-03-11,38,123,124
2019-03-11,39,266,267
2019-03-11,40,155,156
2019-03-11,41,730,740
2019-03-11,42,169,171
2019-03-11,43,168,170
2019-03-11,44,,
2019-03-11,45,,
2019-03-11,46,,
2019-03-11,47,223,224
2019-03-11,48,138,145
2019-03-11,50,430,490
2019-03-11,51,430,480
2019-03-11,53,1030,1080
2019-03-11,54,1130,1190
2019-03-11,55,310,350
2019-03-11,56,240,250
2019-03-11,58,123,128
2019-03-11,61,,
2019-03-11,62,,
2019-03-11,63,140,145
2019-03-11,64,,
2019-03-11,65,,
2019-03-11,66,,
2019-03-11,67,150,155
2019-03-11,68,,
2019-03-11,69,,
2019-03-11,70,,
2019-03-11,71,138,143
2019-03-11,73,333,334
2019-03-11,74,,
2019-03-11,75,324,326
2019-03-11,76,358,359
2019-03-11,77,355,356
2019-03-11,78,,
2019-03-11,79,,
2019-03-11,80,,
2019-03-11,81,255,270
2019-03-11,82,,
2019-03-11,83,635,640
2019-03-11,84,685,690
2019-03-11,85,615,620
2019-03-11,86,610,615
2019-03-11,87,640,645
2019-03-11,88,620,625
2019-03-11,89,1275,1285
2019-03-11,90,760,780
2019-03-11,91,820,840
2019-03-11,92,770,775
2019-03-11,93,,
2019-03-11,94,720,725
2019-03-11,95,700,705
2019-03-11,96,,
2019-03-11,97,,
2019-03-11,98,,
2019-03-11,100,,
2019-03-11,101,9,10.5
2019-03-11,102,10,11.5
2019-03-11,103,6.1,6.5
2019-03-11,104,2.65,3.1
2019-03-11,105,3.3,3.4
2019-03-11,106,2.42,2.47
2019-03-11,107,1.45,1.5
2019-03-11,108,271,275
2019-03-11,109,225,227
2019-03-11,110,375,392
2019-03-11,111,,
2019-03-11,112,,
2019-03-11,113,,
2019-03-11,114,217,218
2019-03-11,115,183,185
2019-03-11,116,,
2019-03-11,117,370,372
2019-03-11,118,312,315
2019-03-11,119,,
2019-03-11,120,308,309
2019-03-11,121,430,432
2019-03-11,122,321,325
2019-03-11,123,,
2019-03-11,124,319,320
2019-03-11,125,,
2019-03-11,126,225,230
2019-03-11,127,205,210
2019-03-11,128,190,195
2019-03-11,129,143,148
2019-03-11,130,133,135
2019-03-11,131,1490,1495
2019-03-11,132,505,510
2019-03-11,133,480,485
2019-03-11,134,565,570
2019-03-11,176,6.5,7.5
2019-03-11,177,16,17
2019-03-11,181,4.85,4.95
2019-03-11,182,5.15,5.25
2019-03-11,183,5.52,5.67
2019-03-11,184,6.22,6.42
2019-03-11,185,7.32,7.42
2019-03-11,186,9.25,9.45
2019-03-11,187,415,425
2019-03-11,188,350,360
2019-03-11,189,160,170
2019-03-11,190,1850,1950
2019-03-11,191,,
2019-03-11,192,,
2019-03-11,193,,
2019-03-11,194,,
2019-03-11,195,,
2019-03-11,196,,
2019-03-11,197,,
2019-03-11,198,,
2019-03-11,199,,
2019-03-11,202,,
2019-03-11,203,,
2019-03-11,204,3,3.5
2019-03-11,205,5,5.5
2019-03-11,206,,
2019-03-11,207,,
2019-03-11,208,,
2019-03-11,209,,
2019-03-11,210,0.45,0.5
2019-03-11,211,,
2019-03-11,212,,
2019-03-11,213,,
2019-03-11,214,,
2019-03-11,215,,
2019-03-11,216,,
2019-03-11,217,,
2019-03-11,218,,
2019-03-11,219,,
2019-03-11,220,,
2019-03-11,221,,
2019-03-11,222,,
2019-03-11,223,,
2019-03-11,224,,
2019-03-11,225,1.4,1.5
2019-03-11,226,,
2019-03-11,227,,
2019-03-11,228,,
2019-03-11,229,0.4,0.5
2019-03-11,230,,
2019-03-11,231,,
2019-03-11,232,,
2019-03-11,233,,
2019-03-11,234,,
2019-03-11,235,,
2019-03-11,236,,
2019-03-11,237,,
2019-03-11,238,,
2019-03-11,239,,
2019-03-11,240,,
2019-03-11,241,,
2019-03-11,242,,
2019-03-11,243,,
2019-03-11,244,,
2019-03-11,245,,
2019-03-11,246,,
2019-03-11,247,0.5,0.6
2019-03-11,248,,
2019-03-11,249,0.85,0.95
2019-03-11,250,0.35,0.45
2019-03-11,251,,
2019-03-11,252,,
2019-03-11,253,0.7,0.75
2019-03-11,254,,
2019-03-11,255,,
2019-03-11,256,,
2019-03-11,257,,
2019-03-11,258,,
2019-03-11,259,,
2019-03-11,260,,
2019-03-11,261,0.55,0.6
2019-03-11,262,0.65,0.75
2019-03-11,263,0.75,0.85
2019-03-11,264,0.9,0.95
2019-03-11,265,1.05,1.1
2019-03-11,266,,
2019-03-11,267,,
2019-03-11,268,,
2019-03-11,269,,
2019-03-11,270,,
2019-03-11,271,,
2019-03-11,272,,
2019-03-11,273,,
2019-03-11,274,,
2019-03-11,275,,
2019-03-11,276,,
2019-03-11,277,,
2019-03-11,278,,
2019-03-11,279,,
2019-03-11,280,,
2019-03-11,281,0.2,0.25
2019-03-11,282,,
2019-03-11,283,,
2019-03-11,284,,
2019-03-11,285,,
2019-03-11,286,,
2019-03-11,287,,
2019-03-11,288,,
2019-03-11,289,,
2019-03-11,290,,
2019-03-11,291,,
2019-03-11,292,,
2019-03-11,293,,
2019-03-11,294,,
2019-03-11,295,,
2019-03-11,296,,
2019-03-11,297,0.35,0.45
2019-03-11,298,,
2019-03-11,299,,
2019-03-11,300,,
2019-03-11,301,,
2019-03-11,302,,
2019-03-11,303,,
2019-03-11,304,0.7,0.8
2019-03-11,305,,
2019-03-11,306,0.55,0.65
2019-03-11,307,,
2019-03-11,308,,
2019-03-11,309,,
2019-03-11,310,,
2019-03-11,311,,
2019-03-11,312,,
2019-03-11,313,,
2019-03-11,314,,
2019-03-11,315,,
2019-03-11,316,,
2019-03-11,317,,
2019-03-11,318,,
2019-03-11,319,,
2019-03-11,320,,
2019-03-11,321,,
2019-03-11,322,,
2019-03-11,323,,
2019-03-11,670,,
2019-03-11,671,,
2019-03-11,672,260,263
2019-03-11,685,6,7
2019-03-11,691,2.2,2.4
2019-03-11,692,2.2,2.5
2019-03-11,693,2.2,2.5
2019-03-11,694,2.3,2.6
2019-03-11,727,,
2019-03-11,728,0.9,1
2019-03-11,731,6.6,6.7
2019-03-11,732,7.95,8.05
2019-03-11,733,8.35,8.55
2019-03-11,734,8.8,9
2019-03-11,735,7.5,8.5
2019-03-11,736,7.5,8
2019-03-11,737,3,3.5
2019-03-11,738,3.1,3.6
2019-03-11,740,7.6,8
2019-03-11,741,1,1.1
2019-03-11,743,7,7.5
2019-03-11,744,0.65,0.7
2019-03-11,745,1.4,1.5
2019-03-11,747,,
2019-03-11,748,0.9,1
2019-03-11,749,0.95,1.05
2019-03-11,750,1.05,1.15
2019-03-11,751,0.8,0.9
2019-03-11,752,1.5,2
2019-03-11,753,1,1.1
2019-03-11,754,5.8,6.3
2019-03-11,755,0.75,0.95
2019-03-11,756,0.85,0.95
2019-03-11,757,4,4.5
2019-03-11,758,2.1,2.4
2019-03-11,759,0.85,0.95
2019-03-11,760,6.5,7.5
2019-03-11,761,2.2,2.5
2019-03-11,762,2.2,2.4
2019-03-11,763,2.3,2.5
2019-03-11,764,0.5,0.55
2019-03-11,765,6.5,8
2019-03-11,766,1.1,1.3
2019-03-11,767,1.1,1.3
2019-03-11,768,3,3.5
2019-03-11,769,3,3.5
2019-03-15,4,214,215
2019-03-15,5,205,207
2019-03-15,7,261.5,263.5
2019-03-15,8,255.5,257.5
2019-03-15,9,209.5,210.5
2019-03-15,10,215.5,216.5
2019-03-15,12,188,190
2019-03-15,13,173,174
2019-03-15,14,172,173
2019-03-15,15,177,178
2019-03-15,16,171.5,173.5
2019-03-15,21,209,210
2019-03-15,22,212.5,213.5
2019-03-15,23,430,435
2019-03-15,24,424,429
2019-03-15,25,274,276
2019-03-15,26,269,272
2019-03-15,27,465,466
2019-03-15,28,461,463
2019-03-15,29,447,448
2019-03-15,30,152,154
2019-03-15,31,156,158
2019-03-15,32,124,126
2019-03-15,33,156,168
2019-03-15,34,127,129
2019-03-15,35,181,183
2019-03-15,36,152,154
2019-03-15,37,123.5,124.5
2019-03-15,38,123.5,124.5
2019-03-15,39,266.5,267.5
2019-03-15,40,155,156
2019-03-15,41,730,740
2019-03-15,42,169,171
2019-03-15,43,168,170
2019-03-15,47,224,225
2019-03-15,48,138,145
2019-03-15,50,430,490
2019-03-15,51,430,480
2019-03-15,53,1030,1080
2019-03-15,54,1130,1190
2019-03-15,55,310,350
2019-03-15,56,240,250
2019-03-15,58,123,128
2019-03-15,63,140,145
2019-03-15,67,150,155
2019-03-15,71,138,143
2019-03-15,73,334,335
2019-03-15,75,324.5,326.5
2019-03-15,76,359,360
2019-03-15,77,356.5,357.5
2019-03-15,81,255,270
2019-03-15,83,635,640
2019-03-15,84,685,690
2019-03-15,85,615,620
2019-03-15,86,605,610
2019-03-15,87,642.5,647.5
2019-03-15,88,622.5,627.5
2019-03-15,89,1275,1285
2019-03-15,90,760,780
2019-03-15,91,820,840
2019-03-15,92,770,775
2019-03-15,94,722.5,727.5
2019-03-15,95,702.5,707.5
2019-03-15,101,9,10.5
2019-03-15,102,10,11.5
2019-03-15,103,6.1,6.5
2019-03-15,104,2.65,3.1
2019-03-15,105,3.3,3.4
2019-03-15,106,2.42,2.47
2019-03-15,107,1.45,1.5
2019-03-15,108,271,275
2019-03-15,109,225,227
2019-03-15,110,375,392
2019-03-15,114,218,219
2019-03-15,115,183,185
2019-03-15,117,370,372
2019-03-15,118,313,316
2019-03-15,120,310,311
2019-03-15,121,430,432
2019-03-15,122,322,326
2019-03-15,124,320.5,321.5
2019-03-15,126,225,230
2019-03-15,127,205,210
2019-03-15,128,190,195
2019-03-15,129,143,148
2019-03-15,130,133,135
2019-03-15,131,1490,1495
2019-03-15,132,505,510
2019-03-15,133,480,485
2019-03-15,134,565,570
2019-03-15,176,6.5,7.5
2019-03-15,177,16,17
2019-03-15,181,4.85,4.95
2019-03-15,182,5.15,5.25
2019-03-15,183,5.52,5.67
2019-03-15,184,6.22,6.42
2019-03-15,185,7.32,7.42
2019-03-15,186,9.25,9.45
2019-03-15,187,417.5,427.5
2019-03-15,188,352.5,362.5
2019-03-15,189,162.5,172.5
2019-03-15,190,1850,1950
2019-03-15,204,3,3.5
2019-03-15,205,5,5.5
2019-03-15,210,0.45,0.5
2019-03-15,225,1.4,1.5
2019-03-15,229,0.55,0.65
2019-03-15,247,0.75,0.85
2019-03-15,249,0.85,0.95
2019-03-15,250,0.32,0.43
2019-03-15,253,0.7,0.75
2019-03-15,261,0.55,0.6
2019-03-15,262,0.65,0.75
2019-03-15,263,0.75,0.85
2019-03-15,264,0.9,0.95
2019-03-15,265,1.05,1.1
2019-03-15,279,0.3,0.4
2019-03-15,281,0.2,0.25
2019-03-15,297,0.35,0.45
2019-03-15,304,0.7,0.8
2019-03-15,306,0.55,0.65
2019-03-15,328,0.31,0.37
2019-03-15,329,0.15,0.17
2019-03-15,331,0.32,0.36
2019-03-15,332,,
2019-03-15,333,2.32,2.37
2019-03-15,335,2.2,2.25
2019-03-15,336,,
2019-03-15,337,,
2019-03-15,340,,
2019-03-15,341,2.5,2.55
2019-03-15,342,2.8,2.85
2019-03-15,344,12.9,12.9
2019-03-15,345,10.8,10.8
2019-03-15,346,9.7,9.7
2019-03-15,347,8.1,8.1
2019-03-15,350,1.75,1.85
2019-03-15,351,1.65,1.75
2019-03-15,352,3.65,3.75
2019-03-15,353,4.3,4.4
2019-03-15,356,1.7,1.8
2019-03-15,357,1.8,1.9
2019-03-15,358,3.4,3.5
2019-03-15,361,4.13,4.23
2019-03-15,362,5.03,5.13
2019-03-15,363,4.1,4.2
2019-03-15,364,1.45,1.55
2019-03-15,365,1.5,1.6
2019-03-15,366,5.2,5.3
2019-03-15,367,2.42,2.52
2019-03-15,368,1.35,1.45
2019-03-15,369,5.2,5.3
2019-03-15,370,2.27,2.37
2019-03-15,371,1.35,1.45
2019-03-15,372,4.93,5.03
2019-03-15,672,260,263
2019-03-15,674,0.9,0.92
2019-03-15,675,1.36,1.38
2019-03-15,676,1.65,1.75
2019-03-15,677,1.8,1.9
2019-03-15,678,2.03,2.13
2019-03-15,685,6,7
2019-03-15,691,2.2,2.4
2019-03-15,692,2.2,2.5
2019-03-15,693,2.2,2.5
2019-03-15,694,2.3,2.6
2019-03-15,716,15.7,15.7
2019-03-15,717,13.5,13.5
2019-03-15,718,12.5,12.5
2019-03-15,719,10,10
2019-03-15,728,0.9,1
2019-03-15,731,6.6,6.7
2019-03-15,732,7.95,8.05
2019-03-15,733,8.35,8.55
2019-03-15,734,8.8,9
2019-03-15,735,7.5,8.5
2019-03-15,736,7.5,8
2019-03-15,737,3,3.5
2019-03-15,738,3.1,3.6
2019-03-15,740,7.6,8
2019-03-15,741,1,1.1
2019-03-15,743,7,7.5
2019-03-15,744,0.65,0.7
2019-03-15,745,1.4,1.5
2019-03-15,748,0.9,1
2019-03-15,749,0.95,1.05
2019-03-15,750,1.05,1.15
2019-03-15,751,0.8,0.9
2019-03-15,752,1.5,2
2019-03-15,753,1,1.1
2019-03-15,754,5.8,6.3
2019-03-15,755,0.75,0.95
2019-03-15,756,0.85,0.95
2019-03-15,757,4,4.5
2019-03-15,758,2.1,2.4
2019-03-15,759,0.85,0.95
2019-03-15,760,6.5,7.5
2019-03-15,761,2.2,2.5
2019-03-15,762,2.2,2.4
2019-03-15,763,2.3,2.5
2019-03-15,764,0.5,0.55
2019-03-15,765,6.5,8
2019-03-15,766,1.1,1.3
2019-03-15,767,1.1,1.3
2019-03-15,768,3,3.5
2019-03-15,769,3,3.5
2019-03-18,2,,
2019-03-18,3,,
2019-03-18,4,213,214
2019-03-18,5,204,206
2019-03-18,6,,
2019-03-18,7,260,262
2019-03-18,8,255,257
2019-03-18,9,207,208
2019-03-18,10,211,212
2019-03-18,11,,
2019-03-18,12,188,190
2019-03-18,13,172,173
2019-03-18,14,171,172
2019-03-18,15,175,176
2019-03-18,16,171,173
2019-03-18,17,,
2019-03-18,18,,
2019-03-18,19,,
2019-03-18,20,,
2019-03-18,21,209,210
2019-03-18,22,207,208
2019-03-18,23,430,435
2019-03-18,24,424,429
2019-03-18,25,274,276
2019-03-18,26,269,272
2019-03-18,27,465,466
2019-03-18,28,461,463
2019-03-18,29,447,448
2019-03-18,30,151,153
2019-03-18,31,155,157
2019-03-18,32,123,125
2019-03-18,33,155,167
2019-03-18,34,126,128
2019-03-18,35,181,183
2019-03-18,36,152,154
2019-03-18,37,123,124
2019-03-18,38,123,124
2019-03-18,39,265,266
2019-03-18,40,154,155
2019-03-18,41,730,740
2019-03-18,42,169,171
2019-03-18,43,168,170
2019-03-18,44,,
2019-03-18,45,,
2019-03-18,46,,
2019-03-18,47,221,222
2019-03-18,48,140,147
2019-03-18,50,430,490
2019-03-18,51,430,480
2019-03-18,53,1030,1080
2019-03-18,54,1130,1190
2019-03-18,55,310,350
2019-03-18,56,240,250
2019-03-18,58,123,128
2019-03-18,61,,
2019-03-18,62,,
2019-03-18,63,140,145
2019-03-18,64,,
2019-03-18,65,,
2019-03-18,66,,
2019-03-18,67,150,155
2019-03-18,68,,
2019-03-18,69,,
2019-03-18,70,,
2019-03-18,71,135,140
2019-03-18,73,333,334
2019-03-18,74,,
2019-03-18,75,324,326
2019-03-18,76,358,359
2019-03-18,77,355,356
2019-03-18,78,,
2019-03-18,79,,
2019-03-18,80,,
2019-03-18,81,255,270
2019-03-18,82,,
2019-03-18,83,635,640
2019-03-18,84,685,690
2019-03-18,85,615,620
2019-03-18,86,615,620
2019-03-18,87,635,640
2019-03-18,88,615,620
2019-03-18,89,1275,1285
2019-03-18,90,760,780
2019-03-18,91,820,840
2019-03-18,92,775,780
2019-03-18,93,,
2019-03-18,94,715,720
2019-03-18,95,695,700
2019-03-18,96,,
2019-03-18,97,,
2019-03-18,98,,
2019-03-18,100,,
2019-03-18,101,9,10.5
2019-03-18,102,10,11.5
2019-03-18,103,5.8,6.5
2019-03-18,104,2.35,2.8
2019-03-18,105,3.15,3.25
2019-03-18,106,2.32,2.37
2019-03-18,107,1.42,1.47
2019-03-18,108,271,275
2019-03-18,109,225,227
2019-03-18,110,365,390
2019-03-18,111,,
2019-03-18,112,,
2019-03-18,113,,
2019-03-18,114,215,216
2019-03-18,115,183,185
2019-03-18,116,,
2019-03-18,117,365,367
2019-03-18,118,312,315
2019-03-18,119,,
2019-03-18,120,310,311
2019-03-18,121,425,427
2019-03-18,122,321,325
2019-03-18,123,,
2019-03-18,124,319,320
2019-03-18,125,,
2019-03-18,126,220,225
2019-03-18,127,200,205
2019-03-18,128,185,190
2019-03-18,129,143,148
2019-03-18,130,133,135
2019-03-18,131,1490,1495
2019-03-18,132,505,510
2019-03-18,133,480,485
2019-03-18,134,565,570
2019-03-18,176,6.5,7.5
2019-03-18,177,16,17
2019-03-18,181,4.85,4.95
2019-03-18,182,5.15,5.25
2019-03-18,183,5.52,5.67
2019-03-18,184,6.22,6.42
2019-03-18,185,7.32,7.42
2019-03-18,186,9.25,9.45
2019-03-18,187,410,420
2019-03-18,188,340,350
2019-03-18,189,150,160
2019-03-18,190,1850,1950
2019-03-18,191,,
2019-03-18,192,,
2019-03-18,193,,
2019-03-18,194,,
2019-03-18,195,,
2019-03-18,196,,
2019-03-18,197,,
2019-03-18,198,,
2019-03-18,199,,
2019-03-18,202,,
2019-03-18,203,,
2019-03-18,204,2,2.5
2019-03-18,205,3.5,4.5
2019-03-18,206,,
2019-03-18,207,,
2019-03-18,208,,
2019-03-18,209,,
2019-03-18,210,0.45,0.5
2019-03-18,211,,
2019-03-18,212,,
2019-03-18,213,,
2019-03-18,214,,
2019-03-18,215,,
2019-03-18,216,,
2019-03-18,217,,
2019-03-18,218,,
2019-03-18,219,,
2019-03-18,220,,
2019-03-18,221,,
2019-03-18,222,,
2019-03-18,223,,
2019-03-18,224,,
2019-03-18,225,1.4,1.5
2019-03-18,226,,
2019-03-18,227,,
2019-03-18,228,,
2019-03-18,229,0.3,0.35
2019-03-18,230,,
2019-03-18,231,,
2019-03-18,232,,
2019-03-18,233,,
2019-03-18,234,,
2019-03-18,235,,
2019-03-18,236,,
2019-03-18,237,,
2019-03-18,238,,
2019-03-18,239,,
2019-03-18,240,,
2019-03-18,241,,
2019-03-18,242,,
2019-03-18,243,,
2019-03-18,244,,
2019-03-18,245,,
2019-03-18,246,,
2019-03-18,247,0.3,0.4
2019-03-18,248,,
2019-03-18,249,0.85,0.95
2019-03-18,250,0.4,0.45
2019-03-18,251,,
2019-03-18,252,,
2019-03-18,253,0.7,0.75
2019-03-18,254,,
2019-03-18,255,,
2019-03-18,256,,
2019-03-18,257,,
2019-03-18,258,,
2019-03-18,259,,
2019-03-18,260,,
2019-03-18,261,0.55,0.6
2019-03-18,262,0.65,0.75
2019-03-18,263,0.75,0.85
2019-03-18,264,0.9,0.95
2019-03-18,265,1.05,1.1
2019-03-18,266,,
2019-03-18,267,,
2019-03-18,268,,
2019-03-18,269,,
2019-03-18,270,,
2019-03-18,271,,
2019-03-18,272,,
2019-03-18,273,,
2019-03-18,274,,
2019-03-18,275,,
2019-03-18,276,,
2019-03-18,277,,
2019-03-18,278,,
2019-03-18,279,,
2019-03-18,280,,
2019-03-18,281,0.2,0.25
2019-03-18,282,,
2019-03-18,283,,
2019-03-18,284,,
2019-03-18,285,,
2019-03-18,286,,
2019-03-18,287,,
2019-03-18,288,,
2019-03-18,289,,
2019-03-18,290,,
2019-03-18,291,,
2019-03-18,292,,
2019-03-18,293,,
2019-03-18,294,,
2019-03-18,295,,
2019-03-18,296,,
2019-03-18,297,0.35,0.45
2019-03-18,298,,
2019-03-18,299,,
2019-03-18,300,,
2019-03-18,301,,
2019-03-18,302,,
2019-03-18,303,,
2019-03-18,304,0.7,0.8
2019-03-18,305,,
2019-03-18,306,0.55,0.65
2019-03-18,307,,
2019-03-18,308,,
2019-03-18,309,,
2019-03-18,310,,
2019-03-18,311,,
2019-03-18,312,,
2019-03-18,313,,
2019-03-18,314,,
2019-03-18,315,,
2019-03-18,316,,
2019-03-18,317,,
2019-03-18,318,,
2019-03-18,319,,
2019-03-18,320,,
2019-03-18,321,,
2019-03-18,322,,
2019-03-18,323,,
2019-03-18,670,,
2019-03-18,671,,
2019-03-18,672,260,265
2019-03-18,685,5,5.5
2019-03-18,691,2.2,2.4
2019-03-18,692,2.2,2.5
2019-03-18,693,2.2,2.5
2019-03-18,694,2.3,2.6
2019-03-18,727,,
2019-03-18,728,0.9,1
2019-03-18,731,6.6,6.7
2019-03-18,732,7.95,8.05
2019-03-18,733,8.35,8.55
2019-03-18,734,8.8,9
2019-03-18,735,7.5,8.5
2019-03-18,736,7.5,8
2019-03-18,737,3,3.5
2019-03-18,738,3.1,3.6
2019-03-18,740,7.6,8
2019-03-18,741,1,1.1
2019-03-18,743,7,7.5
2019-03-18,744,0.65,0.7
2019-03-18,745,1.4,1.5
2019-03-18,747,,
2019-03-18,748,0.9,1
2019-03-18,749,0.95,1.05
2019-03-18,750,1.05,1.15
2019-03-18,751,0.8,0.9
2019-03-18,752,1.5,2
2019-03-18,753,1,1.1
2019-03-18,754,5.8,6.3
2019-03-18,755,0.75,0.95
2019-03-18,756,0.85,0.95
2019-03-18,757,4,4.5
2019-03-18,758,2.1,2.4
2019-03-18,759,0.85,0.95
2019-03-18,760,6.5,7.5
2019-03-18,761,2.2,2.5
2019-03-18,762,2.2,2.4
2019-03-18,763,2.3,2.5
2019-03-18,764,0.5,0.55
2019-03-18,765,6.5,8
2019-03-18,766,1.1,1.3
2019-03-18,767,1.1,1.3
2019-03-18,768,3,3.5
2019-03-18,769,3,3.5
2019-03-22,328,0.33,0.39
2019-03-22,329,0.18,0.2
2019-03-22,331,0.35,0.39
2019-03-22,332,,
2019-03-22,333,2.35,2.4
2019-03-22,335,2.2,2.25
2019-03-22,336,,
2019-03-22,337,,
2019-03-22,340,,
2019-03-22,341,2.5,2.55
2019-03-22,342,2.8,2.85
2019-03-22,344,12.9,12.9
2019-03-22,345,10.8,10.8
2019-03-22,346,9.7,9.7
2019-03-22,347,8.1,8.1
2019-03-22,350,1.95,2.05
2019-03-22,351,1.85,1.95
2019-03-22,352,3.65,3.75
2019-03-22,353,4.3,4.4
2019-03-22,356,1.7,1.8
2019-03-22,357,1.8,1.9
2019-03-22,358,3.4,3.5
2019-03-22,361,4.2,4.3
2019-03-22,362,5.1,5.2
2019-03-22,363,4.5,4.6
2019-03-22,364,1.65,1.75
2019-03-22,365,1.5,1.6
2019-03-22,366,5.3,5.4
2019-03-22,367,2.45,2.55
2019-03-22,368,1.35,1.45
2019-03-22,369,5.3,5.4
2019-03-22,370,2.3,2.4
2019-03-22,371,1.35,1.45
2019-03-22,372,5,5.1
2019-03-22,674,0.98,1
2019-03-22,675,1.37,1.39
2019-03-22,676,1.85,1.95
2019-03-22,677,1.8,1.9
2019-03-22,678,2.05,2.15
2019-03-22,716,15.7,15.7
2019-03-22,717,13.5,13.5
2019-03-22,718,12.5,12.5
2019-03-22,719,10,10
2019-03-25,2,,
2019-03-25,3,,
2019-03-25,4,213,214
2019-03-25,5,204,206
2019-03-25,6,,
2019-03-25,7,260,262
2019-03-25,8,255,257
2019-03-25,9,207,208
2019-03-25,10,210,212
2019-03-25,11,,
2019-03-25,12,188,190
2019-03-25,13,172,173
2019-03-25,14,171,172
2019-03-25,15,175,176
2019-03-25,16,171,173
2019-03-25,17,,
2019-03-25,18,,
2019-03-25,19,,
2019-03-25,20,,
2019-03-25,21,205,210
2019-03-25,22,207,208
2019-03-25,23,430,435
2019-03-25,24,424,429
2019-03-25,25,274,276
2019-03-25,26,269,272
2019-03-25,27,465,466
2019-03-25,28,461,463
2019-03-25,29,447,448
2019-03-25,30,151,153
2019-03-25,31,155,157
2019-03-25,32,123,125
2019-03-25,33,155,167
2019-03-25,34,126,128
2019-03-25,35,181,183
2019-03-25,36,152,154
2019-03-25,37,126,127
2019-03-25,38,126,127
2019-03-25,39,265,266
2019-03-25,40,154,155
2019-03-25,41,730,740
2019-03-25,42,168,170
2019-03-25,43,167,169
2019-03-25,44,,
2019-03-25,45,,
2019-03-25,46,,
2019-03-25,47,219,220
2019-03-25,48,143,150
2019-03-25,50,430,490
2019-03-25,51,430,480
2019-03-25,53,1030,1080
2019-03-25,54,1130,1190
2019-03-25,55,310,350
2019-03-25,56,240,250
2019-03-25,58,123,128
2019-03-25,61,,
2019-03-25,62,,
2019-03-25,63,135,140
2019-03-25,64,,
2019-03-25,65,,
2019-03-25,66,,
2019-03-25,67,145,150
2019-03-25,68,,
2019-03-25,69,,
2019-03-25,70,,
2019-03-25,71,130,135
2019-03-25,73,333,334
2019-03-25,74,,
2019-03-25,75,324,326
2019-03-25,76,358,359
2019-03-25,77,355,356
2019-03-25,78,,
2019-03-25,79,,
2019-03-25,80,,
2019-03-25,81,255,270
2019-03-25,82,,
2019-03-25,83,635,640
2019-03-25,84,685,690
2019-03-25,85,615,620
2019-03-25,86,615,620
2019-03-25,87,620,625
2019-03-25,88,600,605
2019-03-25,89,1285,1295
2019-03-25,90,760,780
2019-03-25,91,820,840
2019-03-25,92,775,780
2019-03-25,93,,
2019-03-25,94,700,705
2019-03-25,95,680,685
2019-03-25,96,,
2019-03-25,97,,
2019-03-25,98,,
2019-03-25,100,,
2019-03-25,101,9,10.5
2019-03-25,102,10,11.5
2019-03-25,103,5.8,6.5
2019-03-25,104,2.35,2.8
2019-03-25,105,3.15,3.25
2019-03-25,106,2.32,2.37
2019-03-25,107,1.42,1.47
2019-03-25,108,271,275
2019-03-25,109,230,232
2019-03-25,110,365,390
2019-03-25,111,,
2019-03-25,112,,
2019-03-25,113,,
2019-03-25,114,215,216
2019-03-25,115,180,182
2019-03-25,116,,
2019-03-25,117,373,375
2019-03-25,118,322,325
2019-03-25,119,,
2019-03-25,120,319,320
2019-03-25,121,433,435
2019-03-25,122,331,335
2019-03-25,123,,
2019-03-25,124,327,328
2019-03-25,125,,
2019-03-25,126,215,220
2019-03-25,127,195,200
2019-03-25,128,180,185
2019-03-25,129,138,143
2019-03-25,130,128,130
2019-03-25,131,1490,1495
2019-03-25,132,505,510
2019-03-25,133,480,485
2019-03-25,134,575,580
2019-03-25,176,6.5,7.5
2019-03-25,177,16,17
2019-03-25,181,4.85,4.95
2019-03-25,182,5.15,5.25
2019-03-25,183,5.52,5.67
2019-03-25,184,6.22,6.42
2019-03-25,185,7.32,7.42
2019-03-25,186,9.25,9.45
2019-03-25,187,405,415
2019-03-25,188,335,345
2019-03-25,189,145,155
2019-03-25,190,1950,2050
2019-03-25,191,,
2019-03-25,192,,
2019-03-25,193,,
2019-03-25,194,,
2019-03-25,195,,
2019-03-25,196,,
2019-03-25,197,,
2019-03-25,198,,
2019-03-25,199,,
2019-03-25,202,,
2019-03-25,203,,
2019-03-25,204,2,2.5
2019-03-25,205,3,3.5
2019-03-25,206,,
2019-03-25,207,,
2019-03-25,208,,
2019-03-25,209,,
2019-03-25,210,0.45,0.5
2019-03-25,211,,
2019-03-25,212,,
2019-03-25,213,,
2019-03-25,214,,
2019-03-25,215,,
2019-03-25,216,,
2019-03-25,217,,
2019-03-25,218,,
2019-03-25,219,,
2019-03-25,220,,
2019-03-25,221,,
2019-03-25,222,,
2019-03-25,223,,
2019-03-25,224,,
2019-03-25,225,1.4,1.5
2019-03-25,226,,
2019-03-25,227,,
2019-03-25,228,,
2019-03-25,229,0.2,0.3
2019-03-25,230,,
2019-03-25,231,,
2019-03-25,232,,
2019-03-25,233,,
2019-03-25,234,,
2019-03-25,235,,
2019-03-25,236,,
2019-03-25,237,,
2019-03-25,238,,
2019-03-25,239,,
2019-03-25,240,,
2019-03-25,241,,
2019-03-25,242,,
2019-03-25,243,,
2019-03-25,244,,
2019-03-25,245,,
2019-03-25,246,,
2019-03-25,247,0.25,0.35
2019-03-25,248,,
2019-03-25,249,0.9,1
2019-03-25,250,0.45,0.55
2019-03-25,251,,
2019-03-25,252,,
2019-03-25,253,0.7,0.75
2019-03-25,254,,
2019-03-25,255,,
2019-03-25,256,,
2019-03-25,257,,
2019-03-25,258,,
2019-03-25,259,,
2019-03-25,260,2,2.5
2019-03-25,261,0.55,0.6
2019-03-25,262,0.65,0.75
2019-03-25,263,0.75,0.85
2019-03-25,264,0.9,0.95
2019-03-25,265,1.05,1.1
2019-03-25,266,,
2019-03-25,267,,
2019-03-25,268,,
2019-03-25,269,,
2019-03-25,270,,
2019-03-25,271,,
2019-03-25,272,,
2019-03-25,273,,
2019-03-25,274,,
2019-03-25,275,,
2019-03-25,276,,
2019-03-25,277,,
2019-03-25,278,,
2019-03-25,279,,
2019-03-25,280,,
2019-03-25,281,0.2,0.25
2019-03-25,282,,
2019-03-25,283,,
2019-03-25,284,,
2019-03-25,285,,
2019-03-25,286,,
2019-03-25,287,,
2019-03-25,288,,
2019-03-25,289,,
2019-03-25,290,,
2019-03-25,291,,
2019-03-25,292,,
2019-03-25,293,,
2019-03-25,294,,
2019-03-25,295,,
2019-03-25,296,,
2019-03-25,297,0.35,0.45
2019-03-25,298,,
2019-03-25,299,,
2019-03-25,300,,
2019-03-25,301,,
2019-03-25,302,,
2019-03-25,303,,
2019-03-25,304,,
2019-03-25,305,,
2019-03-25,306,,
2019-03-25,307,,
2019-03-25,308,,
2019-03-25,309,,
2019-03-25,310,,
2019-03-25,311,,
2019-03-25,312,,
2019-03-25,313,,
2019-03-25,314,,
2019-03-25,315,,
2019-03-25,316,,
2019-03-25,317,,
2019-03-25,318,,
2019-03-25,319,,
2019-03-25,320,,
2019-03-25,321,,
2019-03-25,322,,
2019-03-25,323,,
2019-03-25,670,,
2019-03-25,671,,
2019-03-25,672,260,265
2019-03-25,685,4,4.5
2019-03-25,691,2.2,2.4
2019-03-25,692,2.2,2.5
2019-03-25,693,2.2,2.5
2019-03-25,694,2.3,2.6
2019-03-25,727,,
2019-03-25,728,0.9,1
2019-03-25,731,6.6,6.7
2019-03-25,732,7.95,8.05
2019-03-25,733,8.35,8.55
2019-03-25,734,8.8,9
2019-03-25,735,7.5,8.5
2019-03-25,736,7.5,8
2019-03-25,737,2.8,3.5
2019-03-25,738,2.9,3.6
2019-03-25,740,7.6,8
2019-03-25,741,1,1.1
2019-03-25,743,7,7.5
2019-03-25,744,0.65,0.7
2019-03-25,745,1.4,1.5
2019-03-25,747,,
2019-03-25,748,0.9,1
2019-03-25,749,0.95,1.05
2019-03-25,750,1.05,1.15
2019-03-25,751,0.8,0.9
2019-03-25,752,1.5,2
2019-03-25,753,1,1.1
2019-03-25,754,5,6
2019-03-25,755,0.75,0.95
2019-03-25,756,0.85,0.95
2019-03-25,757,3.6,4.5
2019-03-25,758,1.9,2.2
2019-03-25,759,0.85,0.95
2019-03-25,760,6,7.5
2019-03-25,761,2.2,2.5
2019-03-25,762,1.9,2.3
2019-03-25,763,2.3,2.5
2019-03-25,764,0.5,0.55
2019-03-25,765,6,8
2019-03-25,766,1.1,1.3
2019-03-25,767,1.05,1.3
2019-03-25,768,3,3.5
2019-03-25,769,3,3.5
2019-03-29,328,0.33,0.39
2019-03-29,329,0.14,0.16
2019-03-29,331,0.3,0.34
2019-03-29,332,,
2019-03-29,333,2.35,2.4
2019-03-29,335,2.2,2.25
2019-03-29,336,,
2019-03-29,337,,
2019-03-29,340,,
2019-03-29,341,2.5,2.55
2019-03-29,342,2.8,2.85
2019-03-29,344,12.9,12.9
2019-03-29,345,10.8,10.8
2019-03-29,346,9.7,9.7
2019-03-29,347,8.1,8.1
2019-03-29,350,2.05,2.15
2019-03-29,351,1.9,2
2019-03-29,352,3.65,3.75
2019-03-29,353,4.3,4.4
2019-03-29,356,1.7,1.8
2019-03-29,357,1.7,1.8
2019-03-29,358,3.4,3.5
2019-03-29,361,4.2,4.3
2019-03-29,362,5.1,5.2
2019-03-29,363,4.7,4.8
2019-03-29,364,1.75,1.85
2019-03-29,365,1.5,1.6
2019-03-29,366,5.3,5.4
2019-03-29,367,2.45,2.55
2019-03-29,368,1.35,1.45
2019-03-29,369,5.3,5.4
2019-03-29,370,2.3,2.4
2019-03-29,371,1.35,1.45
2019-03-29,372,5,5.1
2019-03-29,674,1.02,1.04
2019-03-29,675,1.37,1.39
2019-03-29,676,1.9,2
2019-03-29,677,1.7,1.8
2019-03-29,678,2.05,2.15
2019-03-29,716,15.7,15.7
2019-03-29,717,13.5,13.5
2019-03-29,718,12.5,12.5
2019-03-29,719,10,10
2019-03-30,4,213,214
2019-03-30,5,204,206
2019-03-30,7,260,262
2019-03-30,8,255,257
2019-03-30,9,207,208
2019-03-30,10,210.5,212
2019-03-30,12,188,190
2019-03-30,13,172,173
2019-03-30,14,171,172
2019-03-30,15,175,176
2019-03-30,16,171,173
2019-03-30,21,207,210
2019-03-30,22,207,208
2019-03-30,23,430,435
2019-03-30,24,424,429
2019-03-30,25,274,276
2019-03-30,26,269,272
2019-03-30,27,465,466
2019-03-30,28,461,463
2019-03-30,29,447,448
2019-03-30,30,151,153
2019-03-30,31,155,157
2019-03-30,32,123,125
2019-03-30,33,155,167
2019-03-30,34,126,128
2019-03-30,35,181,183
2019-03-30,36,152,154
2019-03-30,37,124.5,125.5
2019-03-30,38,124.5,125.5
2019-03-30,39,265,266
2019-03-30,40,154,155
2019-03-30,41,730,740
2019-03-30,42,168.5,170.5
2019-03-30,43,167.5,169.5
2019-03-30,47,220,221
2019-03-30,48,141.5,148.5
2019-03-30,50,430,490
2019-03-30,51,430,480
2019-03-30,53,1030,1080
2019-03-30,54,1130,1190
2019-03-30,55,310,350
2019-03-30,56,240,250
2019-03-30,58,123,128
2019-03-30,63,137.5,142.5
2019-03-30,67,147.5,152.5
2019-03-30,71,132.5,137.5
2019-03-30,73,333,334
2019-03-30,75,324,326
2019-03-30,76,358,359
2019-03-30,77,355,356
2019-03-30,81,255,270
2019-03-30,83,635,640
2019-03-30,84,685,690
2019-03-30,85,615,620
2019-03-30,86,615,620
2019-03-30,87,627.5,632.5
2019-03-30,88,607.5,612.5
2019-03-30,89,1280,1290
2019-03-30,90,760,780
2019-03-30,91,820,840
2019-03-30,92,775,780
2019-03-30,94,707.5,712.5
2019-03-30,95,687.5,692.5
2019-03-30,101,9,10.5
2019-03-30,102,10,11.5
2019-03-30,103,5.8,6.5
2019-03-30,104,2.35,2.8
2019-03-30,105,3.15,3.25
2019-03-30,106,2.32,2.37
2019-03-30,107,1.42,1.47
2019-03-30,108,271,275
2019-03-30,109,227.5,229.5
2019-03-30,110,365,390
2019-03-30,114,215,216
2019-03-30,115,181.5,183.5
2019-03-30,117,369,371
2019-03-30,118,317,320
2019-03-30,120,314.5,315.5
2019-03-30,121,429,431
2019-03-30,122,326,330
2019-03-30,124,323,324
2019-03-30,126,217.5,222.5
2019-03-30,127,197.5,202.5
2019-03-30,128,182.5,187.5
2019-03-30,129,140.5,145.5
2019-03-30,130,130.5,132.5
2019-03-30,131,1490,1495
2019-03-30,132,505,510
2019-03-30,133,480,485
2019-03-30,134,570,575
2019-03-30,176,6.5,7.5
2019-03-30,177,16,17
2019-03-30,181,4.85,4.95
2019-03-30,182,5.15,5.25
2019-03-30,183,5.52,5.67
2019-03-30,184,6.22,6.42
2019-03-30,185,7.32,7.42
2019-03-30,186,9.25,9.45
2019-03-30,187,407.5,417.5
2019-03-30,188,337.5,347.5
2019-03-30,189,147.5,157.5
2019-03-30,190,1900,2000
2019-03-30,204,2,2.5
2019-03-30,205,3.25,4
2019-03-30,210,0.45,0.5
2019-03-30,225,1.4,1.5
2019-03-30,229,0.25,0.32
2019-03-30,247,0.28,0.38
2019-03-30,249,0.88,0.97
2019-03-30,250,0.43,0.5
2019-03-30,253,0.7,0.75
2019-03-30,260,2,2.5
2019-03-30,261,0.55,0.6
2019-03-30,262,0.65,0.75
2019-03-30,263,0.75,0.85
2019-03-30,264,0.9,0.95
2019-03-30,265,1.05,1.1
2019-03-30,281,0.2,0.25
2019-03-30,297,0.35,0.45
2019-03-30,304,0.7,0.8
2019-03-30,306,0.55,0.65
2019-03-30,328,0.33,0.39
2019-03-30,329,0.16,0.18
2019-03-30,331,0.32,0.36
2019-03-30,333,2.35,2.4
2019-03-30,335,2.2,2.25
2019-03-30,341,2.5,2.55
2019-03-30,342,2.8,2.85
2019-03-30,344,12.9,12.9
2019-03-30,345,10.8,10.8
2019-03-30,346,9.7,9.7
2019-03-30,347,8.1,8.1
2019-03-30,350,2,2.1
2019-03-30,351,1.88,1.98
2019-03-30,352,3.65,3.75
2019-03-30,353,4.3,4.4
2019-03-30,356,1.7,1.8
2019-03-30,357,1.75,1.85
2019-03-30,358,3.4,3.5
2019-03-30,361,4.2,4.3
2019-03-30,362,5.1,5.2
2019-03-30,363,4.6,4.7
2019-03-30,364,1.7,1.8
2019-03-30,365,1.5,1.6
2019-03-30,366,5.3,5.4
2019-03-30,367,2.45,2.55
2019-03-30,368,1.35,1.45
2019-03-30,369,5.3,5.4
2019-03-30,370,2.3,2.4
2019-03-30,371,1.35,1.45
2019-03-30,372,5,5.1
2019-03-30,672,260,265
2019-03-30,674,1,1.02
2019-03-30,675,1.37,1.39
2019-03-30,676,1.88,1.98
2019-03-30,677,1.75,1.85
2019-03-30,678,2.05,2.15
2019-03-30,685,4.5,5
2019-03-30,691,2.2,2.4
2019-03-30,692,2.2,2.5
2019-03-30,693,2.2,2.5
2019-03-30,694,2.3,2.6
2019-03-30,716,15.7,15.7
2019-03-30,717,13.5,13.5
2019-03-30,718,12.5,12.5
2019-03-30,719,10,10
2019-03-30,728,0.9,1
2019-03-30,731,6.6,6.7
2019-03-30,732,7.95,8.05
2019-03-30,733,8.35,8.55
2019-03-30,734,8.8,9
2019-03-30,735,7.5,8.5
2019-03-30,736,7.5,8
2019-03-30,737,2.9,3.5
2019-03-30,738,3,3.6
2019-03-30,740,7.6,8
2019-03-30,741,1,1.1
2019-03-30,743,7,7.5
2019-03-30,744,0.65,0.7
2019-03-30,745,1.4,1.5
2019-03-30,748,0.9,1
2019-03-30,749,0.95,1.05
2019-03-30,750,1.05,1.15
2019-03-30,751,0.8,0.9
2019-03-30,752,1.5,2
2019-03-30,753,1,1.1
2019-03-30,754,5.4,6.15
2019-03-30,755,0.75,0.95
2019-03-30,756,0.85,0.95
2019-03-30,757,3.8,4.5
2019-03-30,758,2,2.3
2019-03-30,759,0.85,0.95
2019-03-30,760,6.25,7.5
2019-03-30,761,2.2,2.5
2019-03-30,762,2.05,2.35
2019-03-30,763,2.3,2.5
2019-03-30,764,0.5,0.55
2019-03-30,765,6.25,8
2019-03-30,766,1.1,1.3
2019-03-30,767,1.08,1.3
2019-03-30,768,3,3.5
2019-03-30,769,3,3.5
2019-04-01,2,,
2019-04-01,3,,
2019-04-01,4,213,214
2019-04-01,5,204,206
2019-04-01,6,,
2019-04-01,7,265,267
2019-04-01,8,260,262
2019-04-01,9,205,206
2019-04-01,10,210,212
2019-04-01,11,,
2019-04-01,12,188,190
2019-04-01,13,172,173
2019-04-01,14,171,172
2019-04-01,15,175,176
2019-04-01,16,171,173
2019-04-01,17,,
2019-04-01,18,,
2019-04-01,19,,
2019-04-01,20,,
2019-04-01,21,205,210
2019-04-01,22,207,208
2019-04-01,23,430,435
2019-04-01,24,424,429
2019-04-01,25,274,276
2019-04-01,26,269,272
2019-04-01,27,465,466
2019-04-01,28,461,463
2019-04-01,29,447,448
2019-04-01,30,156,158
2019-04-01,31,160,162
2019-04-01,32,128,130
2019-04-01,33,160,172
2019-04-01,34,131,133
2019-04-01,35,184,186
2019-04-01,36,155,157
2019-04-01,37,130,131
2019-04-01,38,130,131
2019-04-01,39,265,266
2019-04-01,40,154,155
2019-04-01,41,730,740
2019-04-01,42,168,170
2019-04-01,43,167,169
2019-04-01,44,,
2019-04-01,45,,
2019-04-01,46,,
2019-04-01,47,219,220
2019-04-01,48,143,150
2019-04-01,50,420,480
2019-04-01,51,430,480
2019-04-01,53,1010,1060
2019-04-01,54,1130,1190
2019-04-01,55,310,350
2019-04-01,56,240,250
2019-04-01,58,123,128
2019-04-01,61,,
2019-04-01,62,,
2019-04-01,63,130,135
2019-04-01,64,,
2019-04-01,65,,
2019-04-01,66,,
2019-04-01,67,140,145
2019-04-01,68,,
2019-04-01,69,,
2019-04-01,70,,
2019-04-01,71,125,130
2019-04-01,73,333,334
2019-04-01,74,,
2019-04-01,75,324,326
2019-04-01,76,358,359
2019-04-01,77,355,356
2019-04-01,78,,
2019-04-01,79,,
2019-04-01,80,,
2019-04-01,81,255,270
2019-04-01,82,,
2019-04-01,83,625,630
2019-04-01,84,675,680
2019-04-01,85,615,620
2019-04-01,86,615,620
2019-04-01,87,620,625
2019-04-01,88,600,605
2019-04-01,89,1295,1305
2019-04-01,90,750,770
2019-04-01,91,810,830
2019-04-01,92,775,780
2019-04-01,93,,
2019-04-01,94,700,705
2019-04-01,95,680,685
2019-04-01,96,,
2019-04-01,97,,
2019-04-01,98,,
2019-04-01,100,,
2019-04-01,101,9,10.5
2019-04-01,102,10,11.5
2019-04-01,103,5.8,6.5
2019-04-01,104,2.35,2.8
2019-04-01,105,3.15,3.25
2019-04-01,106,2.32,2.37
2019-04-01,107,1.42,1.47
2019-04-01,108,266,270
2019-04-01,109,233,235
2019-04-01,110,365,390
2019-04-01,111,,
2019-04-01,112,,
2019-04-01,113,,
2019-04-01,114,215,216
2019-04-01,115,177,179
2019-04-01,116,,
2019-04-01,117,370,372
2019-04-01,118,315,318
2019-04-01,119,,
2019-04-01,120,310,311
2019-04-01,121,430,432
2019-04-01,122,325,328
2019-04-01,123,417,419
2019-04-01,124,318,319
2019-04-01,125,,
2019-04-01,126,210,215
2019-04-01,127,190,195
2019-04-01,128,175,180
2019-04-01,129,133,138
2019-04-01,130,123,125
2019-04-01,131,1490,1495
2019-04-01,132,510,515
2019-04-01,133,485,490
2019-04-01,134,585,590
2019-04-01,176,6.5,7.5
2019-04-01,177,15,16
2019-04-01,181,4.85,4.95
2019-04-01,182,5.15,5.25
2019-04-01,183,5.52,5.67
2019-04-01,184,6.22,6.42
2019-04-01,185,7.32,7.42
2019-04-01,186,9.25,9.45
2019-04-01,187,400,410
2019-04-01,188,330,340
2019-04-01,189,140,150
2019-04-01,190,1950,2050
2019-04-01,191,,
2019-04-01,192,,
2019-04-01,193,,
2019-04-01,194,,
2019-04-01,195,,
2019-04-01,196,,
2019-04-01,197,,
2019-04-01,198,,
2019-04-01,199,,
2019-04-01,202,,
2019-04-01,203,,
2019-04-01,204,2,2.2
2019-04-01,205,2.8,3
2019-04-01,206,,
2019-04-01,207,,
2019-04-01,208,,
2019-04-01,209,,
2019-04-01,210,,
2019-04-01,211,,
2019-04-01,212,,
2019-04-01,213,,
2019-04-01,214,,
2019-04-01,215,,
2019-04-01,216,,
2019-04-01,217,,
2019-04-01,218,,
2019-04-01,219,,
2019-04-01,220,,
2019-04-01,221,,
2019-04-01,222,,
2019-04-01,223,,
2019-04-01,224,,
2019-04-01,225,1.4,1.5
2019-04-01,226,,
2019-04-01,227,,
2019-04-01,228,,
2019-04-01,229,0.2,0.3
2019-04-01,230,,
2019-04-01,231,,
2019-04-01,232,,
2019-04-01,233,,
2019-04-01,234,,
2019-04-01,235,,
2019-04-01,236,,
2019-04-01,237,,
2019-04-01,238,,
2019-04-01,239,,
2019-04-01,240,,
2019-04-01,241,,
2019-04-01,242,,
2019-04-01,243,,
2019-04-01,244,,
2019-04-01,245,,
2019-04-01,246,,
2019-04-01,247,0.35,0.45
2019-04-01,248,,
2019-04-01,249,1,1.1
2019-04-01,250,0.5,0.6
2019-04-01,251,,
2019-04-01,252,,
2019-04-01,253,0.7,0.75
2019-04-01,254,,
2019-04-01,255,,
2019-04-01,256,,
2019-04-01,257,,
2019-04-01,258,,
2019-04-01,259,,
2019-04-01,260,2,2.5
2019-04-01,261,0.55,0.6
2019-04-01,262,0.65,0.75
2019-04-01,263,0.75,0.85
2019-04-01,264,0.9,0.95
2019-04-01,265,1.05,1.1
2019-04-01,266,,
2019-04-01,267,,
2019-04-01,268,,
2019-04-01,269,,
2019-04-01,270,,
2019-04-01,271,,
2019-04-01,272,,
2019-04-01,273,,
2019-04-01,274,,
2019-04-01,275,,
2019-04-01,276,,
2019-04-01,277,,
2019-04-01,278,,
2019-04-01,279,,
2019-04-01,280,,
2019-04-01,281,0.2,0.25
2019-04-01,282,,
2019-04-01,283,,
2019-04-01,284,,
2019-04-01,285,,
2019-04-01,286,,
2019-04-01,287,,
2019-04-01,288,,
2019-04-01,289,,
2019-04-01,290,,
2019-04-01,291,,
2019-04-01,292,,
2019-04-01,293,,
2019-04-01,294,,
2019-04-01,295,,
2019-04-01,296,,
2019-04-01,297,0.35,0.45
2019-04-01,298,,
2019-04-01,299,,
2019-04-01,300,,
2019-04-01,301,,
2019-04-01,302,,
2019-04-01,303,,
2019-04-01,304,,
2019-04-01,305,,
2019-04-01,306,,
2019-04-01,307,,
2019-04-01,308,,
2019-04-01,309,,
2019-04-01,310,,
2019-04-01,311,,
2019-04-01,312,,
2019-04-01,313,,
2019-04-01,314,,
2019-04-01,315,,
2019-04-01,316,,
2019-04-01,317,,
2019-04-01,318,,
2019-04-01,319,,
2019-04-01,320,,
2019-04-01,321,,
2019-04-01,322,,
2019-04-01,323,,
2019-04-01,670,,
2019-04-01,671,,
2019-04-01,672,260,265
2019-04-01,685,3.5,4
2019-04-01,691,,
2019-04-01,692,,
2019-04-01,693,2.2,2.5
2019-04-01,694,2.3,2.6
2019-04-01,727,,
2019-04-01,728,0.9,1
2019-04-01,731,6.6,6.7
2019-04-01,732,7.95,8.05
2019-04-01,733,8.35,8.55
2019-04-01,734,8.8,9
2019-04-01,735,7.5,8.5
2019-04-01,736,7.5,8
2019-04-01,737,2.8,3.5
2019-04-01,738,2.9,3.6
2019-04-01,740,7.6,8
2019-04-01,741,1,1.1
2019-04-01,743,7,7.5
2019-04-01,744,0.65,0.7
2019-04-01,745,1.4,1.5
2019-04-01,747,,
2019-04-01,748,0.9,1
2019-04-01,749,0.95,1.05
2019-04-01,750,1.05,1.15
2019-04-01,751,0.8,0.9
2019-04-01,752,1.5,2
2019-04-01,753,1,1.1
2019-04-01,754,5,6
2019-04-01,755,0.75,0.95
2019-04-01,756,0.85,0.95
2019-04-01,757,3.6,4.5
2019-04-01,758,1.9,2.2
2019-04-01,759,0.85,0.95
2019-04-01,760,6,7.5
2019-04-01,761,2.2,2.5
2019-04-01,762,1.9,2.3
2019-04-01,763,2.3,2.5
2019-04-01,764,0.5,0.55
2019-04-01,765,6,8
2019-04-01,766,1.1,1.3
2019-04-01,767,1.05,1.3
2019-04-01,768,3,3.5
2019-04-01,769,3,3.5
2019-04-05,328,0.33,0.39
2019-04-05,329,0.1,0.12
2019-04-05,331,0.23,0.27
2019-04-05,332,,
2019-04-05,333,2.35,2.4
2019-04-05,335,2.2,2.25
2019-04-05,336,,
2019-04-05,337,,
2019-04-05,340,,
2019-04-05,341,2.5,2.55
2019-04-05,342,2.8,2.85
2019-04-05,344,12.9,12.9
2019-04-05,345,10.8,10.8
2019-04-05,346,9.7,9.7
2019-04-05,347,8.1,8.1
2019-04-05,350,2.15,2.25
2019-04-05,351,2,2.1
2019-04-05,352,3.65,3.75
2019-04-05,353,4.3,4.4
2019-04-05,356,1.7,1.8
2019-04-05,357,1.6,1.7
2019-04-05,358,3.4,3.5
2019-04-05,361,4.2,4.3
2019-04-05,362,5.1,5.2
2019-04-05,363,4.9,5
2019-04-05,364,1.85,1.95
2019-04-05,365,1.5,1.6
2019-04-05,366,5.4,5.5
2019-04-05,367,2.5,2.6
2019-04-05,368,1.35,1.45
2019-04-05,369,5.4,5.5
2019-04-05,370,2.35,2.45
2019-04-05,371,1.35,1.45
2019-04-05,372,5,5.1
2019-04-05,674,1.07,1.09
2019-04-05,675,1.4,1.42
2019-04-05,676,2,2.1
2019-04-05,677,1.6,1.7
2019-04-05,678,2.1,2.2
2019-04-05,716,15.7,15.7
2019-04-05,717,13.5,13.5
2019-04-05,718,12.5,12.5
2019-04-05,719,10,10
2019-04-08,2,,
2019-04-08,3,,
2019-04-08,4,213,214
2019-04-08,5,204,206
2019-04-08,6,,
2019-04-08,7,265,267
2019-04-08,8,260,262
2019-04-08,9,205,206
2019-04-08,10,210,211
2019-04-08,11,,
2019-04-08,12,188,190
2019-04-08,13,172,173
2019-04-08,14,171,172
2019-04-08,15,175,176
2019-04-08,16,171,173
2019-04-08,17,,
2019-04-08,18,,
2019-04-08,19,,
2019-04-08,20,,
2019-04-08,21,207,212
2019-04-08,22,205,206
2019-04-08,23,430,435
2019-04-08,24,424,429
2019-04-08,25,274,276
2019-04-08,26,269,272
2019-04-08,27,465,466
2019-04-08,28,461,463
2019-04-08,29,447,448
2019-04-08,30,164,166
2019-04-08,31,168,170
2019-04-08,32,136,138
2019-04-08,33,168,180
2019-04-08,34,139,141
2019-04-08,35,194,196
2019-04-08,36,165,167
2019-04-08,37,139,140
2019-04-08,38,139,140
2019-04-08,39,265,266
2019-04-08,40,154,155
2019-04-08,41,730,740
2019-04-08,42,168,170
2019-04-08,43,167,169
2019-04-08,44,,
2019-04-08,45,,
2019-04-08,46,,
2019-04-08,47,219,220
2019-04-08,48,143,150
2019-04-08,50,410,470
2019-04-08,51,430,480
2019-04-08,53,990,1040
2019-04-08,54,1130,1190
2019-04-08,55,310,350
2019-04-08,56,240,250
2019-04-08,58,123,128
2019-04-08,61,,
2019-04-08,62,,
2019-04-08,63,130,135
2019-04-08,64,,
2019-04-08,65,,
2019-04-08,66,,
2019-04-08,67,140,145
2019-04-08,68,,
2019-04-08,69,,
2019-04-08,70,,
2019-04-08,71,125,130
2019-04-08,73,333,334
2019-04-08,74,,
2019-04-08,75,324,326
2019-04-08,76,358,359
2019-04-08,77,355,356
2019-04-08,78,,
2019-04-08,79,,
2019-04-08,80,,
2019-04-08,81,255,270
2019-04-08,82,,
2019-04-08,83,625,630
2019-04-08,84,675,680
2019-04-08,85,625,630
2019-04-08,86,605,610
2019-04-08,87,630,635
2019-04-08,88,610,615
2019-04-08,89,1305,1315
2019-04-08,90,750,770
2019-04-08,91,810,830
2019-04-08,92,780,785
2019-04-08,93,,
2019-04-08,94,710,715
2019-04-08,95,690,695
2019-04-08,96,,
2019-04-08,97,,
2019-04-08,98,,
2019-04-08,100,,
2019-04-08,101,9,10.5
2019-04-08,102,10,11.5
2019-04-08,103,5.6,6.5
2019-04-08,104,2.45,2.7
2019-04-08,105,3.1,3.2
2019-04-08,106,2.27,2.32
2019-04-08,107,1.37,1.42
2019-04-08,108,266,270
2019-04-08,109,233,235
2019-04-08,110,370,395
2019-04-08,111,,
2019-04-08,112,,
2019-04-08,113,,
2019-04-08,114,215,216
2019-04-08,115,177,179
2019-04-08,116,,
2019-04-08,117,370,372
2019-04-08,118,315,318
2019-04-08,119,,
2019-04-08,120,314,315
2019-04-08,121,430,432
2019-04-08,122,325,328
2019-04-08,123,420,422
2019-04-08,124,322,323
2019-04-08,125,,
2019-04-08,126,210,215
2019-04-08,127,190,195
2019-04-08,128,175,180
2019-04-08,129,133,138
2019-04-08,130,123,125
2019-04-08,131,1490,1495
2019-04-08,132,515,520
2019-04-08,133,490,495
2019-04-08,134,595,600
2019-04-08,176,6.5,7.5
2019-04-08,177,15,16
2019-04-08,181,4.85,4.95
2019-04-08,182,5.15,5.25
2019-04-08,183,5.52,5.67
2019-04-08,184,6.22,6.42
2019-04-08,185,7.32,7.42
2019-04-08,186,9.25,9.45
2019-04-08,187,395,405
2019-04-08,188,325,335
2019-04-08,189,135,145
2019-04-08,190,1950,2050
2019-04-08,191,,
2019-04-08,192,,
2019-04-08,193,,
2019-04-08,194,,
2019-04-08,195,,
2019-04-08,196,,
2019-04-08,197,,
2019-04-08,198,,
2019-04-08,199,,
2019-04-08,202,,
2019-04-08,203,,
2019-04-08,204,1.8,2
2019-04-08,205,2.3,2.7
2019-04-08,206,2.5,3.5
2019-04-08,207,,
2019-04-08,208,,
2019-04-08,209,,
2019-04-08,210,,
2019-04-08,211,,
2019-04-08,212,,
2019-04-08,213,,
2019-04-08,214,,
2019-04-08,215,,
2019-04-08,216,,
2019-04-08,217,,
2019-04-08,218,,
2019-04-08,219,,
2019-04-08,220,,
2019-04-08,221,,
2019-04-08,222,,
2019-04-08,223,,
2019-04-08,224,,
2019-04-08,225,1.4,1.5
2019-04-08,226,,
2019-04-08,227,,
2019-04-08,228,,
2019-04-08,229,0.2,0.3
2019-04-08,230,,
2019-04-08,231,,
2019-04-08,232,,
2019-04-08,233,,
2019-04-08,234,,
2019-04-08,235,,
2019-04-08,236,,
2019-04-08,237,,
2019-04-08,238,,
2019-04-08,239,,
2019-04-08,240,,
2019-04-08,241,,
2019-04-08,242,,
2019-04-08,243,,
2019-04-08,244,,
2019-04-08,245,,
2019-04-08,246,,
2019-04-08,247,0.45,0.55
2019-04-08,248,,
2019-04-08,249,1.05,1.1
2019-04-08,250,0.6,0.7
2019-04-08,251,,
2019-04-08,252,1.3,1.7
2019-04-08,253,0.7,0.75
2019-04-08,254,,
2019-04-08,255,,
2019-04-08,256,,
2019-04-08,257,,
2019-04-08,258,,
2019-04-08,259,,
2019-04-08,260,1.5,2
2019-04-08,261,0.55,0.6
2019-04-08,262,0.65,0.75
2019-04-08,263,0.75,0.85
2019-04-08,264,0.9,0.95
2019-04-08,265,1.05,1.1
2019-04-08,266,,
2019-04-08,267,,
2019-04-08,268,,
2019-04-08,269,,
2019-04-08,270,,
2019-04-08,271,,
2019-04-08,272,,
2019-04-08,273,,
2019-04-08,274,,
2019-04-08,275,,
2019-04-08,276,,
2019-04-08,277,,
2019-04-08,278,,
2019-04-08,279,,
2019-04-08,280,,
2019-04-08,281,0.2,0.25
2019-04-08,282,,
2019-04-08,283,,
2019-04-08,284,,
2019-04-08,285,,
2019-04-08,286,,
2019-04-08,287,,
2019-04-08,288,,
2019-04-08,289,,
2019-04-08,290,,
2019-04-08,291,,
2019-04-08,292,,
2019-04-08,293,,
2019-04-08,294,,
2019-04-08,295,,
2019-04-08,296,,
2019-04-08,297,0.35,0.45
2019-04-08,298,,
2019-04-08,299,,
2019-04-08,300,,
2019-04-08,301,,
2019-04-08,302,,
2019-04-08,303,,
2019-04-08,304,,
2019-04-08,305,,
2019-04-08,306,,
2019-04-08,307,,
2019-04-08,308,,
2019-04-08,309,,
2019-04-08,310,,
2019-04-08,311,,
2019-04-08,312,,
2019-04-08,313,,
2019-04-08,314,,
2019-04-08,315,,
2019-04-08,316,,
2019-04-08,317,,
2019-04-08,318,,
2019-04-08,319,,
2019-04-08,320,,
2019-04-08,321,,
2019-04-08,322,,
2019-04-08,323,,
2019-04-08,670,,
2019-04-08,671,,
2019-04-08,672,260,265
2019-04-08,685,3,4
2019-04-08,691,,
2019-04-08,692,,
2019-04-08,693,2.2,2.5
2019-04-08,694,2.3,2.6
2019-04-08,727,,
2019-04-08,728,0.9,1
2019-04-08,731,6.6,6.7
2019-04-08,732,7.95,8.05
2019-04-08,733,8.35,8.55
2019-04-08,734,8.8,9
2019-04-08,735,7.5,8.5
2019-04-08,736,7.5,8
2019-04-08,737,2.8,3.5
2019-04-08,738,2.9,3.6
2019-04-08,740,7.6,8
2019-04-08,741,1,1.1
2019-04-08,743,7,7.5
2019-04-08,744,0.65,0.7
2019-04-08,745,1.4,1.5
2019-04-08,747,,
2019-04-08,748,0.9,1
2019-04-08,749,0.95,1.05
2019-04-08,750,1.05,1.15
2019-04-08,751,0.8,0.9
2019-04-08,752,1.5,2
2019-04-08,753,1,1.1
2019-04-08,754,5,6
2019-04-08,755,0.75,0.95
2019-04-08,756,0.85,0.95
2019-04-08,757,3.6,4.5
2019-04-08,758,1.9,2.2
2019-04-08,759,0.85,0.95
2019-04-08,760,6,7.5
2019-04-08,761,2.2,2.5
2019-04-08,762,1.9,2.3
2019-04-08,763,2.3,2.5
2019-04-08,764,0.5,0.55
2019-04-08,765,6,8
2019-04-08,766,1.1,1.3
2019-04-08,767,1.05,1.3
2019-04-08,768,3,3.5
2019-04-08,769,3,3.5
2019-04-12,328,0.33,0.39
2019-04-12,329,0.1,0.12
2019-04-12,331,0.23,0.27
2019-04-12,332,,
2019-04-12,333,2.35,2.4
2019-04-12,335,2.2,2.25
2019-04-12,336,,
2019-04-12,337,,
2019-04-12,340,,
2019-04-12,341,2.5,2.55
2019-04-12,342,2.8,2.85
2019-04-12,344,12.9,12.9
2019-04-12,345,10.8,10.8
2019-04-12,346,9.7,9.7
2019-04-12,347,8.1,8.1
2019-04-12,350,2.15,2.25
2019-04-12,351,2.1,2.2
2019-04-12,352,3.65,3.75
2019-04-12,353,4.3,4.4
2019-04-12,356,1.7,1.8
2019-04-12,357,1.6,1.7
2019-04-12,358,3.4,3.5
2019-04-12,361,4.2,4.3
2019-04-12,362,5.1,5.2
2019-04-12,363,5.05,5.15
2019-04-12,364,1.85,1.95
2019-04-12,365,1.5,1.6
2019-04-12,366,5.55,5.65
2019-04-12,367,2.5,2.6
2019-04-12,368,1.35,1.45
2019-04-12,369,5.55,5.65
2019-04-12,370,2.35,2.45
2019-04-12,371,1.35,1.45
2019-04-12,372,5,5.1
2019-04-12,674,1.1,1.12
2019-04-12,675,1.42,1.44
2019-04-12,676,2.1,2.2
2019-04-12,677,1.6,1.7
2019-04-12,678,2.15,2.25
2019-04-12,716,15.7,15.7
2019-04-12,717,13.5,13.5
2019-04-12,718,12.5,12.5
2019-04-12,719,10,10
2019-04-15,2,,
2019-04-15,3,,
2019-04-15,4,213,214
2019-04-15,5,204,206
2019-04-15,6,,
2019-04-15,7,264,266
2019-04-15,8,258.33,260.33
2019-04-15,9,205,206
2019-04-15,10,209.67,211
2019-04-15,11,,
2019-04-15,12,188,190
2019-04-15,13,172,173
2019-04-15,14,171,172
2019-04-15,15,175,176
2019-04-15,16,171,173
2019-04-15,17,,
2019-04-15,18,,
2019-04-15,19,,
2019-04-15,20,,
2019-04-15,21,206.33,211.33
2019-04-15,22,205.67,206.67
2019-04-15,23,430,435
2019-04-15,24,424,429
2019-04-15,25,274,276
2019-04-15,26,269,272
2019-04-15,27,465,466
2019-04-15,28,461,463
2019-04-15,29,447,448
2019-04-15,30,166.33,168.33
2019-04-15,31,170.33,172.33
2019-04-15,32,138.33,140.33
2019-04-15,33,170.33,182.33
2019-04-15,34,141.33,143.33
2019-04-15,35,193.33,195.33
2019-04-15,36,164.33,166.33
2019-04-15,37,141,142
2019-04-15,38,141,142
2019-04-15,39,265,266
2019-04-15,40,155,156
2019-04-15,41,730,740
2019-04-15,42,168,170
2019-04-15,43,167,169
2019-04-15,44,,
2019-04-15,45,,
2019-04-15,46,,
2019-04-15,47,219,220
2019-04-15,48,143,150
2019-04-15,50,413.33,473.33
2019-04-15,51,430,480
2019-04-15,53,996.67,1046.67
2019-04-15,54,1130,1190
2019-04-15,55,310,350
2019-04-15,56,240,250
2019-04-15,58,123,128
2019-04-15,61,,
2019-04-15,62,,
2019-04-15,63,130,135
2019-04-15,64,,
2019-04-15,65,,
2019-04-15,66,,
2019-04-15,67,140,145
2019-04-15,68,,
2019-04-15,69,,
2019-04-15,70,,
2019-04-15,71,125,130
2019-04-15,73,333,334
2019-04-15,74,,
2019-04-15,75,324,326
2019-04-15,76,358,359
2019-04-15,77,355,356
2019-04-15,78,,
2019-04-15,79,,
2019-04-15,80,,
2019-04-15,81,255,270
2019-04-15,82,,
2019-04-15,83,625,630
2019-04-15,84,675,680
2019-04-15,85,621.67,626.67
2019-04-15,86,611.67,616.67
2019-04-15,87,626.67,631.67
2019-04-15,88,606.67,611.67
2019-04-15,89,1301.67,1311.67
2019-04-15,90,750,770
2019-04-15,91,810,830
2019-04-15,92,778.33,783.33
2019-04-15,93,,
2019-04-15,94,706.67,711.67
2019-04-15,95,686.67,691.67
2019-04-15,96,,
2019-04-15,97,,
2019-04-15,98,,
2019-04-15,100,,
2019-04-15,101,9,10.5
2019-04-15,102,10,11.5
2019-04-15,103,5.67,6.5
2019-04-15,104,2.42,2.73
2019-04-15,105,3.12,3.22
2019-04-15,106,2.3,2.35
2019-04-15,107,1.39,1.44
2019-04-15,108,266,270
2019-04-15,109,233,235
2019-04-15,110,368.33,393.33
2019-04-15,111,,
2019-04-15,112,,
2019-04-15,113,,
2019-04-15,114,215,216
2019-04-15,115,177,179
2019-04-15,116,,
2019-04-15,117,370,372
2019-04-15,118,315,318
2019-04-15,119,,
2019-04-15,120,312.67,313.67
2019-04-15,121,428.33,430.33
2019-04-15,122,325,328
2019-04-15,123,419,421
2019-04-15,124,320.67,321.67
2019-04-15,125,,
2019-04-15,126,210,215
2019-04-15,127,190,195
2019-04-15,128,175,180
2019-04-15,129,133,138
2019-04-15,130,123,125
2019-04-15,131,1486.67,1491.67
2019-04-15,132,516.67,521.67
2019-04-15,133,491.67,496.67
2019-04-15,134,598.33,603.33
2019-04-15,176,6.5,7.5
2019-04-15,177,15,16
2019-04-15,181,4.85,4.95
2019-04-15,182,5.15,5.25
2019-04-15,183,5.52,5.67
2019-04-15,184,6.22,6.42
2019-04-15,185,7.32,7.42
2019-04-15,186,9.25,9.45
2019-04-15,187,395,405
2019-04-15,188,325,335
2019-04-15,189,133.33,143.33
2019-04-15,190,1950,2050
2019-04-15,191,,
2019-04-15,192,,
2019-04-15,193,,
2019-04-15,194,,
2019-04-15,195,,
2019-04-15,196,,
2019-04-15,197,,
2019-04-15,198,,
2019-04-15,199,,
2019-04-15,202,,
2019-04-15,203,,
2019-04-15,204,1.87,2.07
2019-04-15,205,2.53,2.9
2019-04-15,206,2.45,3.15
2019-04-15,207,,
2019-04-15,208,,
2019-04-15,209,,
2019-04-15,210,,
2019-04-15,211,,
2019-04-15,212,,
2019-04-15,213,0.65,0.75
2019-04-15,214,,
2019-04-15,215,,
2019-04-15,216,,
2019-04-15,217,,
2019-04-15,218,,
2019-04-15,219,,
2019-04-15,220,,
2019-04-15,221,,
2019-04-15,222,,
2019-04-15,223,,
2019-04-15,224,,
2019-04-15,225,1.4,1.5
2019-04-15,226,,
2019-04-15,227,,
2019-04-15,228,,
2019-04-15,229,0.2,0.28
2019-04-15,230,,
2019-04-15,231,,
2019-04-15,232,,
2019-04-15,233,,
2019-04-15,234,,
2019-04-15,235,,
2019-04-15,236,,
2019-04-15,237,,
2019-04-15,238,,
2019-04-15,239,,
2019-04-15,240,,
2019-04-15,241,,
2019-04-15,242,1,1.1
2019-04-15,243,,
2019-04-15,244,,
2019-04-15,245,,
2019-04-15,246,,
2019-04-15,247,0.43,0.53
2019-04-15,248,,
2019-04-15,249,1.05,1.13
2019-04-15,250,0.57,0.67
2019-04-15,251,,
2019-04-15,252,1.3,1.7
2019-04-15,253,0.7,0.75
2019-04-15,254,,
2019-04-15,255,,
2019-04-15,256,,
2019-04-15,257,,
2019-04-15,258,,
2019-04-15,259,,
2019-04-15,260,1.67,2.17
2019-04-15,261,0.55,0.6
2019-04-15,262,0.65,0.75
2019-04-15,263,0.75,0.85
2019-04-15,264,0.9,0.95
2019-04-15,265,1.05,1.1
2019-04-15,266,,
2019-04-15,267,,
2019-04-15,268,,
2019-04-15,269,,
2019-04-15,270,,
2019-04-15,271,,
2019-04-15,272,,
2019-04-15,273,,
2019-04-15,274,,
2019-04-15,275,,
2019-04-15,276,,
2019-04-15,277,,
2019-04-15,278,,
2019-04-15,279,,
2019-04-15,280,,
2019-04-15,281,0.2,0.25
2019-04-15,282,,
2019-04-15,283,,
2019-04-15,284,,
2019-04-15,285,,
2019-04-15,286,,
2019-04-15,287,,
2019-04-15,288,,
2019-04-15,289,,
2019-04-15,290,,
2019-04-15,291,,
2019-04-15,292,,
2019-04-15,293,,
2019-04-15,294,,
2019-04-15,295,,
2019-04-15,296,,
2019-04-15,297,0.35,0.45
2019-04-15,298,,
2019-04-15,299,,
2019-04-15,300,,
2019-04-15,301,,
2019-04-15,302,,
2019-04-15,303,,
2019-04-15,304,,
2019-04-15,305,,
2019-04-15,306,,
2019-04-15,307,,
2019-04-15,308,,
2019-04-15,309,,
2019-04-15,310,,
2019-04-15,311,,
2019-04-15,312,,
2019-04-15,313,,
2019-04-15,314,,
2019-04-15,315,,
2019-04-15,316,,
2019-04-15,317,,
2019-04-15,318,,
2019-04-15,319,,
2019-04-15,320,,
2019-04-15,321,,
2019-04-15,322,,
2019-04-15,323,,
2019-04-15,328,0.33,0.39
2019-04-15,329,0.1,0.12
2019-04-15,331,0.23,0.27
2019-04-15,333,2.35,2.4
2019-04-15,335,2.2,2.25
2019-04-15,341,2.5,2.55
2019-04-15,342,2.8,2.85
2019-04-15,344,12.9,12.9
2019-04-15,345,10.8,10.8
2019-04-15,346,9.7,9.7
2019-04-15,347,8.1,8.1
2019-04-15,350,2.15,2.25
2019-04-15,351,2.05,2.15
2019-04-15,352,3.65,3.75
2019-04-15,353,4.3,4.4
2019-04-15,356,1.7,1.8
2019-04-15,357,1.6,1.7
2019-04-15,358,3.4,3.5
2019-04-15,361,4.2,4.3
2019-04-15,362,5.1,5.2
2019-04-15,363,4.97,5.08
2019-04-15,364,1.85,1.95
2019-04-15,365,1.5,1.6
2019-04-15,366,5.47,5.58
2019-04-15,367,2.5,2.6
2019-04-15,368,1.35,1.45
2019-04-15,369,5.47,5.58
2019-04-15,370,2.35,2.45
2019-04-15,371,1.35,1.45
2019-04-15,372,5,5.1
2019-04-15,670,,
2019-04-15,671,,
2019-04-15,672,260,265
2019-04-15,674,1.08,1.1
2019-04-15,675,1.41,1.43
2019-04-15,676,2.05,2.15
2019-04-15,677,1.6,1.7
2019-04-15,678,2.12,2.23
2019-04-15,685,3.33,4
2019-04-15,691,,
2019-04-15,692,,
2019-04-15,693,2.2,2.5
2019-04-15,694,2.3,2.6
2019-04-15,716,15.7,15.7
2019-04-15,717,13.5,13.5
2019-04-15,718,12.5,12.5
2019-04-15,719,10,10
2019-04-15,727,,
2019-04-15,728,0.9,1
2019-04-15,731,6.6,6.7
2019-04-15,732,7.95,8.05
2019-04-15,733,8.35,8.55
2019-04-15,734,8.8,9
2019-04-15,735,7.5,8.5
2019-04-15,736,7.5,8
2019-04-15,737,2.8,3.5
2019-04-15,738,2.9,3.6
2019-04-15,740,7.6,8
2019-04-15,741,1,1.1
2019-04-15,743,7,7.5
2019-04-15,744,0.65,0.7
2019-04-15,745,1.4,1.5
2019-04-15,747,,
2019-04-15,748,0.9,1
2019-04-15,749,0.95,1.05
2019-04-15,750,1.05,1.15
2019-04-15,751,0.8,0.9
2019-04-15,752,1.5,2
2019-04-15,753,1,1.1
2019-04-15,754,5,6
2019-04-15,755,0.75,0.95
2019-04-15,756,0.85,0.95
2019-04-15,757,3.6,4.5
2019-04-15,758,1.87,2.13
2019-04-15,759,0.85,0.95
2019-04-15,760,6,7.5
2019-04-15,761,2.1,2.4
2019-04-15,762,1.9,2.3
2019-04-15,763,2.3,2.5
2019-04-15,764,0.5,0.55
2019-04-15,765,6,8
2019-04-15,766,1.1,1.3
2019-04-15,767,1.05,1.3
2019-04-15,768,3,3.5
2019-04-15,769,3,3.5
2019-04-26,328,0.33,0.39
2019-04-26,329,0.08,0.1
2019-04-26,331,0.2,0.24
2019-04-26,332,,
2019-04-26,333,2.35,2.4
2019-04-26,335,2.2,2.25
2019-04-26,336,,
2019-04-26,337,,
2019-04-26,340,,
2019-04-26,341,2.55,2.6
2019-04-26,342,2.8,2.85
2019-04-26,344,12.9,12.9
2019-04-26,345,10.8,10.8
2019-04-26,346,9.7,9.7
2019-04-26,347,8.1,8.1
2019-04-26,350,2.15,2.25
2019-04-26,351,2.1,2.2
2019-04-26,352,3.7,3.8
2019-04-26,353,4.3,4.4
2019-04-26,356,1.7,1.8
2019-04-26,357,1.6,1.7
2019-04-26,358,3.4,3.5
2019-04-26,361,4.2,4.3
2019-04-26,362,5.1,5.2
2019-04-26,363,5.05,5.15
2019-04-26,364,1.85,1.95
2019-04-26,365,1.5,1.6
2019-04-26,366,5.55,5.65
2019-04-26,367,2.5,2.6
2019-04-26,368,1.35,1.45
2019-04-26,369,5.55,5.65
2019-04-26,370,2.35,2.45
2019-04-26,371,1.35,1.45
2019-04-26,372,5,5.1
2019-04-26,674,1.1,1.12
2019-04-26,675,1.42,1.44
2019-04-26,676,2.1,2.2
2019-04-26,677,1.6,1.7
2019-04-26,678,2.15,2.25
2019-04-26,716,15.7,15.7
2019-04-26,717,13.5,13.5
2019-04-26,718,12.5,12.5
2019-04-26,719,10,10
2019-04-29,2,,
2019-04-29,3,,
2019-04-29,4,211,212
2019-04-29,5,202,204
2019-04-29,6,,
2019-04-29,7,262,264
2019-04-29,8,255,257
2019-04-29,9,202,203
2019-04-29,10,206,207
2019-04-29,11,,
2019-04-29,12,188,190
2019-04-29,13,171,172
2019-04-29,14,170,171
2019-04-29,15,175,176
2019-04-29,16,170,172
2019-04-29,17,,
2019-04-29,18,,
2019-04-29,19,,
2019-04-29,20,,
2019-04-29,21,205,207
2019-04-29,22,204,205
2019-04-29,23,430,435
2019-04-29,24,424,429
2019-04-29,25,274,276
2019-04-29,26,269,272
2019-04-29,27,465,466
2019-04-29,28,461,463
2019-04-29,29,447,448
2019-04-29,30,181,183
2019-04-29,31,185,187
2019-04-29,32,153,155
2019-04-29,33,185,197
2019-04-29,34,156,158
2019-04-29,35,205,207
2019-04-29,36,176,178
2019-04-29,37,154,155
2019-04-29,38,154,155
2019-04-29,39,264,265
2019-04-29,40,157,158
2019-04-29,41,730,740
2019-04-29,42,168,170
2019-04-29,43,167,169
2019-04-29,44,,
2019-04-29,45,,
2019-04-29,46,,
2019-04-29,47,221,222
2019-04-29,48,150,155
2019-04-29,50,410,470
2019-04-29,51,430,480
2019-04-29,53,990,1040
2019-04-29,54,1130,1190
2019-04-29,55,310,350
2019-04-29,56,230,240
2019-04-29,58,123,128
2019-04-29,61,,
2019-04-29,62,,
2019-04-29,63,130,135
2019-04-29,64,,
2019-04-29,65,,
2019-04-29,66,,
2019-04-29,67,140,145
2019-04-29,68,,
2019-04-29,69,,
2019-04-29,70,,
2019-04-29,71,125,130
2019-04-29,73,329,330
2019-04-29,74,,
2019-04-29,75,320,322
2019-04-29,76,355,356
2019-04-29,77,352,353
2019-04-29,78,,
2019-04-29,79,,
2019-04-29,80,,
2019-04-29,81,255,270
2019-04-29,82,,
2019-04-29,83,625,630
2019-04-29,84,675,680
2019-04-29,85,625,630
2019-04-29,86,615,620
2019-04-29,87,630,635
2019-04-29,88,610,615
2019-04-29,89,1325,1335
2019-04-29,90,750,770
2019-04-29,91,810,830
2019-04-29,92,780,785
2019-04-29,93,,
2019-04-29,94,710,715
2019-04-29,95,690,695
2019-04-29,96,,
2019-04-29,97,,
2019-04-29,98,,
2019-04-29,100,,
2019-04-29,101,9,10.5
2019-04-29,102,10,11.5
2019-04-29,103,5.6,6.5
2019-04-29,104,2.45,2.7
2019-04-29,105,3.1,3.2
2019-04-29,106,2.35,2.4
2019-04-29,107,1.37,1.42
2019-04-29,108,266,270
2019-04-29,109,235,237
2019-04-29,110,370,395
2019-04-29,111,,
2019-04-29,112,,
2019-04-29,113,,
2019-04-29,114,220,221
2019-04-29,115,183,185
2019-04-29,116,,
2019-04-29,117,368,370
2019-04-29,118,312,315
2019-04-29,119,,
2019-04-29,120,311,312
2019-04-29,121,422,424
2019-04-29,122,322,325
2019-04-29,123,416,418
2019-04-29,124,320,321
2019-04-29,125,,
2019-04-29,126,210,215
2019-04-29,127,190,195
2019-04-29,128,175,180
2019-04-29,129,133,138
2019-04-29,130,123,125
2019-04-29,131,1480,1485
2019-04-29,132,535,540
2019-04-29,133,510,515
2019-04-29,134,635,640
2019-04-29,176,6.5,7.5
2019-04-29,177,14,15
2019-04-29,181,4.85,4.95
2019-04-29,182,5.15,5.25
2019-04-29,183,5.52,5.67
2019-04-29,184,6.22,6.42
2019-04-29,185,7.32,7.42
2019-04-29,186,9.25,9.45
2019-04-29,187,385,395
2019-04-29,188,320,330
2019-04-29,189,125,135
2019-04-29,190,1900,2000
2019-04-29,191,,
2019-04-29,192,,
2019-04-29,193,,
2019-04-29,194,,
2019-04-29,195,,
2019-04-29,196,,
2019-04-29,197,,
2019-04-29,198,,
2019-04-29,199,,
2019-04-29,202,,
2019-04-29,203,,
2019-04-29,204,0.8,1
2019-04-29,205,1.3,1.5
2019-04-29,206,1.3,1.5
2019-04-29,207,,
2019-04-29,208,,
2019-04-29,209,,
2019-04-29,210,,
2019-04-29,211,0.4,0.5
2019-04-29,212,,
2019-04-29,213,0.4,0.5
2019-04-29,214,,
2019-04-29,215,,
2019-04-29,216,,
2019-04-29,217,,
2019-04-29,218,,
2019-04-29,219,,
2019-04-29,220,,
2019-04-29,221,,
2019-04-29,222,,
2019-04-29,223,,
2019-04-29,224,,
2019-04-29,225,1.4,1.5
2019-04-29,226,,
2019-04-29,227,,
2019-04-29,228,,
2019-04-29,229,0.35,0.45
2019-04-29,230,,
2019-04-29,231,,
2019-04-29,232,,
2019-04-29,233,,
2019-04-29,234,,
2019-04-29,235,,
2019-04-29,236,,
2019-04-29,237,,
2019-04-29,238,,
2019-04-29,239,,
2019-04-29,240,,
2019-04-29,241,,
2019-04-29,242,0.9,1
2019-04-29,243,,
2019-04-29,244,,
2019-04-29,245,,
2019-04-29,246,,
2019-04-29,247,,
2019-04-29,248,,
2019-04-29,249,,
2019-04-29,250,0.6,0.7
2019-04-29,251,,
2019-04-29,252,1.5,1.7
2019-04-29,253,0.7,0.75
2019-04-29,254,,
2019-04-29,255,,
2019-04-29,256,,
2019-04-29,257,,
2019-04-29,258,0.4,0.5
2019-04-29,259,,
2019-04-29,260,1.5,2
2019-04-29,261,0.55,0.6
2019-04-29,262,0.65,0.75
2019-04-29,263,0.75,0.85
2019-04-29,264,0.9,0.95
2019-04-29,265,1.1,1.2
2019-04-29,266,,
2019-04-29,267,,
2019-04-29,268,,
2019-04-29,269,,
2019-04-29,270,,
2019-04-29,271,,
2019-04-29,272,,
2019-04-29,273,,
2019-04-29,274,,
2019-04-29,275,,
2019-04-29,276,,
2019-04-29,277,1.3,1.5
2019-04-29,278,,
2019-04-29,279,,
2019-04-29,280,,
2019-04-29,281,0.2,0.25
2019-04-29,282,,
2019-04-29,283,,
2019-04-29,284,,
2019-04-29,285,,
2019-04-29,286,,
2019-04-29,287,,
2019-04-29,288,,
2019-04-29,289,,
2019-04-29,290,,
2019-04-29,291,,
2019-04-29,292,,
2019-04-29,293,,
2019-04-29,294,,
2019-04-29,295,,
2019-04-29,296,,
2019-04-29,297,,
2019-04-29,298,,
2019-04-29,299,,
2019-04-29,300,,
2019-04-29,301,,
2019-04-29,302,,
2019-04-29,303,,
2019-04-29,304,,
2019-04-29,305,,
2019-04-29,306,,
2019-04-29,307,,
2019-04-29,308,,
2019-04-29,309,,
2019-04-29,310,,
2019-04-29,311,,
2019-04-29,312,,
2019-04-29,313,,
2019-04-29,314,,
2019-04-29,315,,
2019-04-29,316,,
2019-04-29,317,,
2019-04-29,318,,
2019-04-29,319,,
2019-04-29,320,,
2019-04-29,321,,
2019-04-29,322,,
2019-04-29,323,,
2019-04-29,670,,
2019-04-29,671,,
2019-04-29,672,265,270
2019-04-29,685,1.8,2
2019-04-29,691,,
2019-04-29,692,,
2019-04-29,693,2.2,2.5
2019-04-29,694,2.3,2.6
2019-04-29,727,,
2019-04-29,728,0.9,1
2019-04-29,731,6.6,6.7
2019-04-29,732,7.95,8.05
2019-04-29,733,8.35,8.55
2019-04-29,734,8.8,9
2019-04-29,735,7.5,8.5
2019-04-29,736,7.5,8
2019-04-29,737,2.8,3.5
2019-04-29,738,2.9,3.6
2019-04-29,740,7.6,8.5
2019-04-29,741,1.1,1.2
2019-04-29,743,7,7.5
2019-04-29,744,,
2019-04-29,745,1.4,1.5
2019-04-29,747,,
2019-04-29,748,0.9,1
2019-04-29,749,0.95,1.05
2019-04-29,750,1.05,1.15
2019-04-29,751,0.8,0.9
2019-04-29,752,1.5,2
2019-04-29,753,1,1.1
2019-04-29,754,5,6
2019-04-29,755,0.75,0.95
2019-04-29,756,0.85,0.95
2019-04-29,757,3.6,4.5
2019-04-29,758,1.8,2
2019-04-29,759,0.85,0.95
2019-04-29,760,6,7.5
2019-04-29,761,1.9,2.2
2019-04-29,762,1.9,2.3
2019-04-29,763,2.3,2.5
2019-04-29,764,0.5,0.55
2019-04-29,765,6,8
2019-04-29,766,,
2019-04-29,767,,
2019-04-29,768,3,3.5
2019-04-29,769,3,3.5
2019-04-30,4,211,212
2019-04-30,5,202,204
2019-04-30,7,262,264
2019-04-30,8,255,257
2019-04-30,9,202,203
2019-04-30,10,206,207
2019-04-30,12,188,190
2019-04-30,13,171,172
2019-04-30,14,170,171
2019-04-30,15,175,176
2019-04-30,16,170,172
2019-04-30,21,205,207
2019-04-30,22,204,205
2019-04-30,23,430,435
2019-04-30,24,424,429
2019-04-30,25,274,276
2019-04-30,26,269,272
2019-04-30,27,465,466
2019-04-30,28,461,463
2019-04-30,29,447,448
2019-04-30,30,181,183
2019-04-30,31,185,187
2019-04-30,32,153,155
2019-04-30,33,185,197
2019-04-30,34,156,158
2019-04-30,35,205,207
2019-04-30,36,176,178
2019-04-30,37,154,155
2019-04-30,38,154,155
2019-04-30,39,264,265
2019-04-30,40,157,158
2019-04-30,41,730,740
2019-04-30,42,168,170
2019-04-30,43,167,169
2019-04-30,47,221,222
2019-04-30,48,150,155
2019-04-30,50,410,470
2019-04-30,51,430,480
2019-04-30,53,990,1040
2019-04-30,54,1130,1190
2019-04-30,55,310,350
2019-04-30,56,230,240
2019-04-30,58,123,128
2019-04-30,63,130,135
2019-04-30,67,140,145
2019-04-30,71,125,130
2019-04-30,73,329,330
2019-04-30,75,320,322
2019-04-30,76,355,356
2019-04-30,77,352,353
2019-04-30,81,255,270
2019-04-30,83,625,630
2019-04-30,84,675,680
2019-04-30,85,625,630
2019-04-30,86,615,620
2019-04-30,87,630,635
2019-04-30,88,610,615
2019-04-30,89,1325,1335
2019-04-30,90,750,770
2019-04-30,91,810,830
2019-04-30,92,780,785
2019-04-30,94,710,715
2019-04-30,95,690,695
2019-04-30,101,9,10.5
2019-04-30,102,10,11.5
2019-04-30,103,5.6,6.5
2019-04-30,104,2.45,2.7
2019-04-30,105,3.1,3.2
2019-04-30,106,2.35,2.4
2019-04-30,107,1.37,1.42
2019-04-30,108,266,270
2019-04-30,109,235,237
2019-04-30,110,370,395
2019-04-30,114,220,221
2019-04-30,115,183,185
2019-04-30,117,368,370
2019-04-30,118,312,315
2019-04-30,120,311,312
2019-04-30,121,422,424
2019-04-30,122,322,325
2019-04-30,123,416,418
2019-04-30,124,320,321
2019-04-30,126,210,215
2019-04-30,127,190,195
2019-04-30,128,175,180
2019-04-30,129,133,138
2019-04-30,130,123,125
2019-04-30,131,1480,1485
2019-04-30,132,535,540
2019-04-30,133,510,515
2019-04-30,134,635,640
2019-04-30,176,6.5,7.5
2019-04-30,177,14,15
2019-04-30,181,4.85,4.95
2019-04-30,182,5.15,5.25
2019-04-30,183,5.52,5.67
2019-04-30,184,6.22,6.42
2019-04-30,185,7.32,7.42
2019-04-30,186,9.25,9.45
2019-04-30,187,385,395
2019-04-30,188,320,330
2019-04-30,189,125,135
2019-04-30,190,1900,2000
2019-04-30,204,0.8,1
2019-04-30,205,1.3,1.5
2019-04-30,206,1.3,1.5
2019-04-30,211,0.4,0.5
2019-04-30,213,0.4,0.5
2019-04-30,225,1.4,1.5
2019-04-30,229,0.35,0.45
2019-04-30,242,0.9,1
2019-04-30,250,0.6,0.7
2019-04-30,252,1.5,1.7
2019-04-30,253,0.7,0.75
2019-04-30,258,0.4,0.5
2019-04-30,260,1.5,2
2019-04-30,261,0.55,0.6
2019-04-30,262,0.65,0.75
2019-04-30,263,0.75,0.85
2019-04-30,264,0.9,0.95
2019-04-30,265,1.1,1.2
2019-04-30,277,1.3,1.5
2019-04-30,281,0.2,0.25
2019-04-30,328,0.33,0.39
2019-04-30,329,0.08,0.1
2019-04-30,331,0.2,0.24
2019-04-30,333,2.35,2.4
2019-04-30,335,2.2,2.25
2019-04-30,341,2.55,2.6
2019-04-30,342,2.8,2.85
2019-04-30,344,12.9,12.9
2019-04-30,345,10.8,10.8
2019-04-30,346,9.7,9.7
2019-04-30,347,8.1,8.1
2019-04-30,350,2.15,2.25
2019-04-30,351,2.1,2.2
2019-04-30,352,3.7,3.8
2019-04-30,353,4.3,4.4
2019-04-30,356,1.7,1.8
2019-04-30,357,1.6,1.7
2019-04-30,358,3.4,3.5
2019-04-30,361,4.2,4.3
2019-04-30,362,5.1,5.2
2019-04-30,363,5.05,5.15
2019-04-30,364,1.85,1.95
2019-04-30,365,1.5,1.6
2019-04-30,366,5.55,5.65
2019-04-30,367,2.5,2.6
2019-04-30,368,1.35,1.45
2019-04-30,369,5.55,5.65
2019-04-30,370,2.35,2.45
2019-04-30,371,1.35,1.45
2019-04-30,372,5,5.1
2019-04-30,672,265,270
2019-04-30,674,1.1,1.12
2019-04-30,675,1.42,1.44
2019-04-30,676,2.1,2.2
2019-04-30,677,1.6,1.7
2019-04-30,678,2.15,2.25
2019-04-30,685,1.8,2
2019-04-30,693,2.2,2.5
2019-04-30,694,2.3,2.6
2019-04-30,716,15.7,15.7
2019-04-30,717,13.5,13.5
2019-04-30,718,12.5,12.5
2019-04-30,719,10,10
2019-04-30,728,0.9,1
2019-04-30,731,6.6,6.7
2019-04-30,732,7.95,8.05
2019-04-30,733,8.35,8.55
2019-04-30,734,8.8,9
2019-04-30,735,7.5,8.5
2019-04-30,736,7.5,8
2019-04-30,737,2.8,3.5
2019-04-30,738,2.9,3.6
2019-04-30,740,7.6,8.5
2019-04-30,741,1.1,1.2
2019-04-30,743,7,7.5
2019-04-30,745,1.4,1.5
2019-04-30,748,0.9,1
2019-04-30,749,0.95,1.05
2019-04-30,750,1.05,1.15
2019-04-30,751,0.8,0.9
2019-04-30,752,1.5,2
2019-04-30,753,1,1.1
2019-04-30,754,5,6
2019-04-30,755,0.75,0.95
2019-04-30,756,0.85,0.95
2019-04-30,757,3.6,4.5
2019-04-30,758,1.8,2
2019-04-30,759,0.85,0.95
2019-04-30,760,6,7.5
2019-04-30,761,1.9,2.2
2019-04-30,762,1.9,2.3
2019-04-30,763,2.3,2.5
2019-04-30,764,0.5,0.55
2019-04-30,765,6,8
2019-04-30,768,3,3.5
2019-04-30,769,3,3.5
2019-05-03,328,0.33,0.39
2019-05-03,329,0.08,0.1
2019-05-03,331,0.2,0.24
2019-05-03,332,,
2019-05-03,333,2.35,2.4
2019-05-03,335,2.2,2.25
2019-05-03,336,,
2019-05-03,337,,
2019-05-03,340,,
2019-05-03,341,2.55,2.6
2019-05-03,342,2.8,2.85
2019-05-03,344,12.9,12.9
2019-05-03,345,10.8,10.8
2019-05-03,346,9.7,9.7
2019-05-03,347,8.1,8.1
2019-05-03,350,2.15,2.25
2019-05-03,351,2.1,2.2
2019-05-03,352,3.7,3.8
2019-05-03,353,4.3,4.4
2019-05-03,356,1.7,1.8
2019-05-03,357,1.6,1.7
2019-05-03,358,3.4,3.5
2019-05-03,361,4.2,4.3
2019-05-03,362,5.1,5.2
2019-05-03,363,5.15,5.25
2019-05-03,364,1.9,2
2019-05-03,365,1.5,1.6
2019-05-03,366,5.65,5.75
2019-05-03,367,2.5,2.6
2019-05-03,368,1.35,1.45
2019-05-03,369,5.65,5.75
2019-05-03,370,2.35,2.45
2019-05-03,371,1.35,1.45
2019-05-03,372,5,5.1
2019-05-03,674,1.11,1.13
2019-05-03,675,1.43,1.45
2019-05-03,676,2.1,2.2
2019-05-03,677,1.6,1.7
2019-05-03,678,2.18,2.28
2019-05-03,716,15.7,15.7
2019-05-03,717,13.5,13.5
2019-05-03,718,12.5,12.5
2019-05-03,719,10,10
2019-05-06,2,,
2019-05-06,3,,
2019-05-06,4,209,210
2019-05-06,5,200,202
2019-05-06,6,,
2019-05-06,7,258,260
2019-05-06,8,253,255
2019-05-06,9,200,201
2019-05-06,10,205,206
2019-05-06,11,,
2019-05-06,12,188,190
2019-05-06,13,171,172
2019-05-06,14,170,171
2019-05-06,15,175,176
2019-05-06,16,169,171
2019-05-06,17,,
2019-05-06,18,,
2019-05-06,19,,
2019-05-06,20,,
2019-05-06,21,210,212
2019-05-06,22,202,203
2019-05-06,23,430,435
2019-05-06,24,424,429
2019-05-06,25,274,276
2019-05-06,26,269,272
2019-05-06,27,465,466
2019-05-06,28,461,463
2019-05-06,29,447,448
2019-05-06,30,181,183
2019-05-06,31,185,187
2019-05-06,32,153,155
2019-05-06,33,185,197
2019-05-06,34,156,158
2019-05-06,35,205,207
2019-05-06,36,176,178
2019-05-06,37,151,152
2019-05-06,38,151,152
2019-05-06,39,264,265
2019-05-06,40,159,160
2019-05-06,41,730,740
2019-05-06,42,168,170
2019-05-06,43,165,167
2019-05-06,44,,
2019-05-06,45,,
2019-05-06,46,,
2019-05-06,47,221,222
2019-05-06,48,155,160
2019-05-06,50,400,460
2019-05-06,51,430,480
2019-05-06,53,970,1020
2019-05-06,54,1130,1190
2019-05-06,55,300,335
2019-05-06,56,220,230
2019-05-06,58,123,128
2019-05-06,61,,
2019-05-06,62,,
2019-05-06,63,,
2019-05-06,64,,
2019-05-06,65,,
2019-05-06,66,,
2019-05-06,67,,
2019-05-06,68,,
2019-05-06,69,,
2019-05-06,70,,
2019-05-06,71,125,130
2019-05-06,73,320,321
2019-05-06,74,,
2019-05-06,75,310,312
2019-05-06,76,349,350
2019-05-06,77,344,345
2019-05-06,78,,
2019-05-06,79,,
2019-05-06,80,,
2019-05-06,81,255,270
2019-05-06,82,,
2019-05-06,83,625,630
2019-05-06,84,675,680
2019-05-06,85,625,630
2019-05-06,86,625,630
2019-05-06,87,615,620
2019-05-06,88,595,600
2019-05-06,89,1405,1415
2019-05-06,90,750,770
2019-05-06,91,810,830
2019-05-06,92,780,785
2019-05-06,93,,
2019-05-06,94,695,700
2019-05-06,95,675,680
2019-05-06,96,,
2019-05-06,97,,
2019-05-06,98,,
2019-05-06,100,,
2019-05-06,101,9,10.5
2019-05-06,102,10,11.5
2019-05-06,103,5.2,6.4
2019-05-06,104,2.35,2.6
2019-05-06,105,3,3.1
2019-05-06,106,2.15,2.2
2019-05-06,107,1.32,1.37
2019-05-06,108,268,272
2019-05-06,109,235,237
2019-05-06,110,370,395
2019-05-06,111,,
2019-05-06,112,,
2019-05-06,113,,
2019-05-06,114,220,221
2019-05-06,115,188,190
2019-05-06,116,,
2019-05-06,117,360,362
2019-05-06,118,300,303
2019-05-06,119,,
2019-05-06,120,300,301
2019-05-06,121,410,412
2019-05-06,122,310,313
2019-05-06,123,410,412
2019-05-06,124,310,311
2019-05-06,125,,
2019-05-06,126,,
2019-05-06,127,,
2019-05-06,128,,
2019-05-06,129,,
2019-05-06,130,,
2019-05-06,131,1480,1485
2019-05-06,132,550,555
2019-05-06,133,525,530
2019-05-06,134,655,660
2019-05-06,176,6,7
2019-05-06,177,14,15
2019-05-06,181,4.85,4.95
2019-05-06,182,5.15,5.25
2019-05-06,183,5.52,5.67
2019-05-06,184,6.22,6.42
2019-05-06,185,7.32,7.42
2019-05-06,186,9.35,9.55
2019-05-06,187,385,395
2019-05-06,188,330,340
2019-05-06,189,140,150
2019-05-06,190,1900,2000
2019-05-06,191,,
2019-05-06,192,,
2019-05-06,193,,
2019-05-06,194,,
2019-05-06,195,,
2019-05-06,196,,
2019-05-06,197,,
2019-05-06,198,,
2019-05-06,199,,
2019-05-06,202,,
2019-05-06,203,,
2019-05-06,204,1.2,1.5
2019-05-06,205,1.6,1.9
2019-05-06,206,1.5,1.8
2019-05-06,207,,
2019-05-06,208,,
2019-05-06,209,0.5,0.6
2019-05-06,210,,
2019-05-06,211,0.4,0.5
2019-05-06,212,,
2019-05-06,213,0.3,0.4
2019-05-06,214,,
2019-05-06,215,,
2019-05-06,216,,
2019-05-06,217,,
2019-05-06,218,,
2019-05-06,219,,
2019-05-06,220,,
2019-05-06,221,,
2019-05-06,222,,
2019-05-06,223,,
2019-05-06,224,,
2019-05-06,225,1.4,1.5
2019-05-06,226,,
2019-05-06,227,,
2019-05-06,228,,
2019-05-06,229,0.45,0.55
2019-05-06,230,,
2019-05-06,231,,
2019-05-06,232,,
2019-05-06,233,,
2019-05-06,234,,
2019-05-06,235,,
2019-05-06,236,,
2019-05-06,237,,
2019-05-06,238,,
2019-05-06,239,,
2019-05-06,240,,
2019-05-06,241,,
2019-05-06,242,0.9,1
2019-05-06,243,,
2019-05-06,244,,
2019-05-06,245,,
2019-05-06,246,,
2019-05-06,247,,
2019-05-06,248,,
2019-05-06,249,,
2019-05-06,250,0.6,0.7
2019-05-06,251,,
2019-05-06,252,1.5,1.7
2019-05-06,253,0.7,0.75
2019-05-06,254,,
2019-05-06,255,,
2019-05-06,256,,
2019-05-06,257,,
2019-05-06,258,0.45,0.55
2019-05-06,259,,
2019-05-06,260,1.5,2
2019-05-06,261,0.55,0.6
2019-05-06,262,0.65,0.75
2019-05-06,263,0.75,0.85
2019-05-06,264,0.9,0.95
2019-05-06,265,1.1,1.2
2019-05-06,266,,
2019-05-06,267,,
2019-05-06,268,,
2019-05-06,269,,
2019-05-06,270,,
2019-05-06,271,,
2019-05-06,272,,
2019-05-06,273,,
2019-05-06,274,,
2019-05-06,275,,
2019-05-06,276,,
2019-05-06,277,1.3,1.5
2019-05-06,278,,
2019-05-06,279,,
2019-05-06,280,,
2019-05-06,281,0.2,0.25
2019-05-06,282,,
2019-05-06,283,,
2019-05-06,284,,
2019-05-06,285,,
2019-05-06,286,,
2019-05-06,287,,
2019-05-06,288,,
2019-05-06,289,,
2019-05-06,290,,
2019-05-06,291,,
2019-05-06,292,,
2019-05-06,293,,
2019-05-06,294,,
2019-05-06,295,,
2019-05-06,296,,
2019-05-06,297,,
2019-05-06,298,,
2019-05-06,299,,
2019-05-06,300,,
2019-05-06,301,,
2019-05-06,302,,
2019-05-06,303,,
2019-05-06,304,,
2019-05-06,305,,
2019-05-06,306,,
2019-05-06,307,,
2019-05-06,308,,
2019-05-06,309,,
2019-05-06,310,,
2019-05-06,311,,
2019-05-06,312,,
2019-05-06,313,,
2019-05-06,314,,
2019-05-06,315,,
2019-05-06,316,,
2019-05-06,317,,
2019-05-06,318,,
2019-05-06,319,,
2019-05-06,320,,
2019-05-06,321,,
2019-05-06,322,,
2019-05-06,323,,
2019-05-06,670,,
2019-05-06,671,,
2019-05-06,672,265,270
2019-05-06,685,2.2,2.5
2019-05-06,691,,
2019-05-06,692,,
2019-05-06,693,2.2,2.5
2019-05-06,694,2.3,2.6
2019-05-06,727,,
2019-05-06,728,0.9,1
2019-05-06,731,6.6,6.7
2019-05-06,732,7.95,8.05
2019-05-06,733,8.35,8.55
2019-05-06,734,8.8,9
2019-05-06,735,7.5,8.5
2019-05-06,736,7.5,8
2019-05-06,737,2.8,3.5
2019-05-06,738,2.9,3.6
2019-05-06,740,7.6,8.5
2019-05-06,741,1.1,1.2
2019-05-06,743,7,7.5
2019-05-06,744,,
2019-05-06,745,1.4,1.5
2019-05-06,747,,
2019-05-06,748,0.9,1
2019-05-06,749,0.95,1.05
2019-05-06,750,1.05,1.15
2019-05-06,751,0.8,0.9
2019-05-06,752,1.5,2
2019-05-06,753,1,1.1
2019-05-06,754,5,6
2019-05-06,755,0.75,0.95
2019-05-06,756,0.85,0.95
2019-05-06,757,3.6,4.5
2019-05-06,758,1.8,2
2019-05-06,759,0.85,0.95
2019-05-06,760,6,7.5
2019-05-06,761,1.9,2.2
2019-05-06,762,1.9,2.3
2019-05-06,763,2.3,2.5
2019-05-06,764,0.5,0.55
2019-05-06,765,6,8
2019-05-06,766,,
2019-05-06,767,,
2019-05-06,768,3,3.5
2019-05-06,769,3,3.5
2019-05-10,328,0.33,0.39
2019-05-10,329,0.08,0.1
2019-05-10,331,0.2,0.24
2019-05-10,332,,
2019-05-10,333,2.35,2.4
2019-05-10,335,2.2,2.25
2019-05-10,336,,
2019-05-10,337,,
2019-05-10,340,,
2019-05-10,341,2.55,2.6
2019-05-10,342,2.8,2.85
2019-05-10,344,12.7,12.7
2019-05-10,345,10.6,10.6
2019-05-10,346,9.5,9.5
2019-05-10,347,7.9,7.9
2019-05-10,350,2.15,2.25
2019-05-10,351,2.15,2.25
2019-05-10,352,3.7,3.8
2019-05-10,353,4.3,4.4
2019-05-10,356,1.7,1.8
2019-05-10,357,1.6,1.7
2019-05-10,358,3.4,3.5
2019-05-10,361,4.2,4.3
2019-05-10,362,5.1,5.2
2019-05-10,363,5.25,5.35
2019-05-10,364,1.95,2.05
2019-05-10,365,1.5,1.6
2019-05-10,366,5.75,5.85
2019-05-10,367,2.5,2.6
2019-05-10,368,1.35,1.45
2019-05-10,369,5.75,5.85
2019-05-10,370,2.35,2.45
2019-05-10,371,1.35,1.45
2019-05-10,372,5,5.1
2019-05-10,674,1.13,1.15
2019-05-10,675,1.45,1.47
2019-05-10,676,2.15,2.25
2019-05-10,677,1.6,1.7
2019-05-10,678,2.21,2.31
2019-05-10,716,15.5,15.5
2019-05-10,717,13.3,13.3
2019-05-10,718,12.3,12.3
2019-05-10,719,9.8,9.8
2019-05-13,2,,
2019-05-13,3,,
2019-05-13,4,208,209
2019-05-13,5,199,201
2019-05-13,6,,
2019-05-13,7,258,260
2019-05-13,8,253,255
2019-05-13,9,200,201
2019-05-13,10,206,207
2019-05-13,11,,
2019-05-13,12,188,190
2019-05-13,13,170,171
2019-05-13,14,169,170
2019-05-13,15,175,176
2019-05-13,16,169,171
2019-05-13,17,,
2019-05-13,18,,
2019-05-13,19,,
2019-05-13,20,,
2019-05-13,21,213,215
2019-05-13,22,204,205
2019-05-13,23,430,435
2019-05-13,24,424,429
2019-05-13,25,274,276
2019-05-13,26,269,272
2019-05-13,27,465,466
2019-05-13,28,461,463
2019-05-13,29,447,448
2019-05-13,30,176,178
2019-05-13,31,180,182
2019-05-13,32,148,150
2019-05-13,33,180,192
2019-05-13,34,151,153
2019-05-13,35,201,203
2019-05-13,36,172,174
2019-05-13,37,139,140
2019-05-13,38,139,140
2019-05-13,39,263,264
2019-05-13,40,159,160
2019-05-13,41,730,735
2019-05-13,42,168,170
2019-05-13,43,165,167
2019-05-13,44,,
2019-05-13,45,,
2019-05-13,46,,
2019-05-13,47,221,222
2019-05-13,48,155,160
2019-05-13,50,380,440
2019-05-13,51,430,480
2019-05-13,53,930,980
2019-05-13,54,1130,1190
2019-05-13,55,300,335
2019-05-13,56,220,230
2019-05-13,58,123,128
2019-05-13,61,,
2019-05-13,62,,
2019-05-13,63,,
2019-05-13,64,,
2019-05-13,65,,
2019-05-13,66,,
2019-05-13,67,,
2019-05-13,68,,
2019-05-13,69,,
2019-05-13,70,,
2019-05-13,71,125,130
2019-05-13,73,314,315
2019-05-13,74,,
2019-05-13,75,306,308
2019-05-13,76,344,345
2019-05-13,77,338,339
2019-05-13,78,,
2019-05-13,79,,
2019-05-13,80,,
2019-05-13,81,255,270
2019-05-13,82,,
2019-05-13,83,625,630
2019-05-13,84,675,680
2019-05-13,85,625,630
2019-05-13,86,625,630
2019-05-13,87,620,625
2019-05-13,88,600,605
2019-05-13,89,1505,1515
2019-05-13,90,750,770
2019-05-13,91,810,830
2019-05-13,92,780,785
2019-05-13,93,,
2019-05-13,94,700,705
2019-05-13,95,680,685
2019-05-13,96,,
2019-05-13,97,,
2019-05-13,98,,
2019-05-13,100,,
2019-05-13,101,9,10.5
2019-05-13,102,10,11.5
2019-05-13,103,5.2,6.3
2019-05-13,104,2.35,2.6
2019-05-13,105,2.95,3.05
2019-05-13,106,2.15,2.2
2019-05-13,107,1.32,1.37
2019-05-13,108,268,272
2019-05-13,109,235,237
2019-05-13,110,370,395
2019-05-13,111,,
2019-05-13,112,,
2019-05-13,113,,
2019-05-13,114,217,218
2019-05-13,115,188,190
2019-05-13,116,,
2019-05-13,117,355,357
2019-05-13,118,297,300
2019-05-13,119,,
2019-05-13,120,295,296
2019-05-13,121,404,406
2019-05-13,122,306,309
2019-05-13,123,400,402
2019-05-13,124,304,305
2019-05-13,125,,
2019-05-13,126,,
2019-05-13,127,,
2019-05-13,128,,
2019-05-13,129,,
2019-05-13,130,,
2019-05-13,131,1500,1505
2019-05-13,132,560,565
2019-05-13,133,535,540
2019-05-13,134,675,680
2019-05-13,176,6,7
2019-05-13,177,14,15
2019-05-13,181,4.85,4.95
2019-05-13,182,5.15,5.25
2019-05-13,183,5.52,5.67
2019-05-13,184,6.22,6.42
2019-05-13,185,7.32,7.42
2019-05-13,186,9.35,9.55
2019-05-13,187,385,395
2019-05-13,188,335,345
2019-05-13,189,140,150
2019-05-13,190,1900,2000
2019-05-13,191,,
2019-05-13,192,,
2019-05-13,193,,
2019-05-13,194,,
2019-05-13,195,,
2019-05-13,196,,
2019-05-13,197,,
2019-05-13,198,,
2019-05-13,199,,
2019-05-13,202,,
2019-05-13,203,,
2019-05-13,204,1.5,1.7
2019-05-13,205,2.3,2.7
2019-05-13,206,1.5,1.8
2019-05-13,207,,
2019-05-13,208,,
2019-05-13,209,0.7,0.8
2019-05-13,210,,
2019-05-13,211,0.45,0.55
2019-05-13,212,,
2019-05-13,213,0.4,0.5
2019-05-13,214,,
2019-05-13,215,,
2019-05-13,216,,
2019-05-13,217,,
2019-05-13,218,,
2019-05-13,219,,
2019-05-13,220,,
2019-05-13,221,2.8,3.2
2019-05-13,222,,
2019-05-13,223,,
2019-05-13,224,,
2019-05-13,225,1.4,1.5
2019-05-13,226,,
2019-05-13,227,,
2019-05-13,228,,
2019-05-13,229,0.5,0.6
2019-05-13,230,,
2019-05-13,231,,
2019-05-13,232,,
2019-05-13,233,,
2019-05-13,234,,
2019-05-13,235,,
2019-05-13,236,,
2019-05-13,237,,
2019-05-13,238,,
2019-05-13,239,,
2019-05-13,240,,
2019-05-13,241,,
2019-05-13,242,0.7,0.8
2019-05-13,243,0.8,0.9
2019-05-13,244,,
2019-05-13,245,0.9,1
2019-05-13,246,,
2019-05-13,247,,
2019-05-13,248,,
2019-05-13,249,,
2019-05-13,250,0.5,0.6
2019-05-13,251,,
2019-05-13,252,1.5,1.7
2019-05-13,253,0.7,0.75
2019-05-13,254,,
2019-05-13,255,,
2019-05-13,256,,
2019-05-13,257,,
2019-05-13,258,0.5,0.6
2019-05-13,259,,
2019-05-13,260,1.5,2
2019-05-13,261,0.55,0.6
2019-05-13,262,0.65,0.75
2019-05-13,263,0.75,0.85
2019-05-13,264,0.9,0.95
2019-05-13,265,1.1,1.2
2019-05-13,266,,
2019-05-13,267,,
2019-05-13,268,,
2019-05-13,269,,
2019-05-13,270,,
2019-05-13,271,,
2019-05-13,272,,
2019-05-13,273,,
2019-05-13,274,,
2019-05-13,275,,
2019-05-13,276,,
2019-05-13,277,1.3,1.5
2019-05-13,278,,
2019-05-13,279,,
2019-05-13,280,,
2019-05-13,281,0.2,0.25
2019-05-13,282,,
2019-05-13,283,,
2019-05-13,284,,
2019-05-13,285,,
2019-05-13,286,,
2019-05-13,287,,
2019-05-13,288,,
2019-05-13,289,,
2019-05-13,290,,
2019-05-13,291,,
2019-05-13,292,,
2019-05-13,293,,
2019-05-13,294,,
2019-05-13,295,,
2019-05-13,296,,
2019-05-13,297,,
2019-05-13,298,,
2019-05-13,299,,
2019-05-13,300,,
2019-05-13,301,,
2019-05-13,302,,
2019-05-13,303,,
2019-05-13,304,,
2019-05-13,305,,
2019-05-13,306,,
2019-05-13,307,,
2019-05-13,308,,
2019-05-13,309,,
2019-05-13,310,,
2019-05-13,311,,
2019-05-13,312,,
2019-05-13,313,,
2019-05-13,314,,
2019-05-13,315,,
2019-05-13,316,,
2019-05-13,317,,
2019-05-13,318,,
2019-05-13,319,,
2019-05-13,320,,
2019-05-13,321,,
2019-05-13,322,,
2019-05-13,323,,
2019-05-13,670,,
2019-05-13,671,,
2019-05-13,672,265,270
2019-05-13,685,3,3.5
2019-05-13,691,,
2019-05-13,692,,
2019-05-13,693,2.2,2.5
2019-05-13,694,2.3,2.6
2019-05-13,727,,
2019-05-13,728,0.9,1
2019-05-13,731,6.6,6.7
2019-05-13,732,7.95,8.05
2019-05-13,733,8.4,8.6
2019-05-13,734,8.85,9
2019-05-13,735,7.5,8.5
2019-05-13,736,7.5,8
2019-05-13,737,2.8,3.5
2019-05-13,738,2.9,3.6
2019-05-13,740,7.6,8.5
2019-05-13,741,1.1,1.2
2019-05-13,743,7,7.5
2019-05-13,744,,
2019-05-13,745,1.4,1.5
2019-05-13,747,,
2019-05-13,748,0.9,1
2019-05-13,749,0.95,1.05
2019-05-13,750,1.05,1.15
2019-05-13,751,0.8,0.9
2019-05-13,752,1.5,2
2019-05-13,753,1,1.1
2019-05-13,754,5,6
2019-05-13,755,0.75,0.95
2019-05-13,756,0.85,0.95
2019-05-13,757,3.6,4.5
2019-05-13,758,1.8,2
2019-05-13,759,0.85,0.95
2019-05-13,760,6,7.5
2019-05-13,761,1.9,2.2
2019-05-13,762,1.9,2.3
2019-05-13,763,2.3,2.5
2019-05-13,764,0.5,0.55
2019-05-13,765,6,8
2019-05-13,766,,
2019-05-13,767,,
2019-05-13,768,3,3.5
2019-05-13,769,3,3.5
2019-05-15,4,208.5,209.5
2019-05-15,5,199.5,201.5
2019-05-15,7,258,260
2019-05-15,8,253,255
2019-05-15,9,200,201
2019-05-15,10,205.5,206.5
2019-05-15,12,188,190
2019-05-15,13,170.5,171.5
2019-05-15,14,169.5,170.5
2019-05-15,15,175,176
2019-05-15,16,169,171
2019-05-15,21,211.5,213.5
2019-05-15,22,203,204
2019-05-15,23,430,435
2019-05-15,24,424,429
2019-05-15,25,274,276
2019-05-15,26,269,272
2019-05-15,27,465,466
2019-05-15,28,461,463
2019-05-15,29,447,448
2019-05-15,30,178.5,180.5
2019-05-15,31,182.5,184.5
2019-05-15,32,150.5,152.5
2019-05-15,33,182.5,194.5
2019-05-15,34,153.5,155.5
2019-05-15,35,203,205
2019-05-15,36,174,176
2019-05-15,37,145,146
2019-05-15,38,145,146
2019-05-15,39,263.5,264.5
2019-05-15,40,159,160
2019-05-15,41,730,737.5
2019-05-15,42,168,170
2019-05-15,43,165,167
2019-05-15,47,221,222
2019-05-15,48,155,160
2019-05-15,50,390,450
2019-05-15,51,430,480
2019-05-15,53,950,1000
2019-05-15,54,1130,1190
2019-05-15,55,300,335
2019-05-15,56,220,230
2019-05-15,58,123,128
2019-05-15,71,125,130
2019-05-15,73,317,318
2019-05-15,75,308,310
2019-05-15,76,346.5,347.5
2019-05-15,77,341,342
2019-05-15,81,255,270
2019-05-15,83,625,630
2019-05-15,84,675,680
2019-05-15,85,625,630
2019-05-15,86,625,630
2019-05-15,87,617.5,622.5
2019-05-15,88,597.5,602.5
2019-05-15,89,1455,1465
2019-05-15,90,750,770
2019-05-15,91,810,830
2019-05-15,92,780,785
2019-05-15,94,697.5,702.5
2019-05-15,95,677.5,682.5
2019-05-15,101,9,10.5
2019-05-15,102,10,11.5
2019-05-15,103,5.2,6.35
2019-05-15,104,2.35,2.6
2019-05-15,105,2.98,3.08
2019-05-15,106,2.15,2.2
2019-05-15,107,1.32,1.37
2019-05-15,108,268,272
2019-05-15,109,235,237
2019-05-15,110,370,395
2019-05-15,114,218.5,219.5
2019-05-15,115,188,190
2019-05-15,117,357.5,359.5
2019-05-15,118,298.5,301.5
2019-05-15,120,297.5,298.5
2019-05-15,121,407,409
2019-05-15,122,308,311
2019-05-15,123,405,407
2019-05-15,124,307,308
2019-05-15,131,1490,1495
2019-05-15,132,555,560
2019-05-15,133,530,535
2019-05-15,134,665,670
2019-05-15,176,6,7
2019-05-15,177,14,15
2019-05-15,181,4.85,4.95
2019-05-15,182,5.15,5.25
2019-05-15,183,5.52,5.67
2019-05-15,184,6.22,6.42
2019-05-15,185,7.32,7.42
2019-05-15,186,9.35,9.55
2019-05-15,187,385,395
2019-05-15,188,332.5,342.5
2019-05-15,189,140,150
2019-05-15,190,1900,2000
2019-05-15,204,1.35,1.6
2019-05-15,205,1.95,2.3
2019-05-15,206,1.5,1.8
2019-05-15,209,0.6,0.7
2019-05-15,211,0.43,0.53
2019-05-15,213,0.35,0.45
2019-05-15,221,2.8,3.2
2019-05-15,225,1.4,1.5
2019-05-15,229,0.47,0.57
2019-05-15,242,0.8,0.9
2019-05-15,243,0.8,0.9
2019-05-15,245,0.9,1
2019-05-15,250,0.55,0.65
2019-05-15,252,1.5,1.7
2019-05-15,253,0.7,0.75
2019-05-15,258,0.47,0.57
2019-05-15,260,1.5,2
2019-05-15,261,0.55,0.6
2019-05-15,262,0.65,0.75
2019-05-15,263,0.75,0.85
2019-05-15,264,0.9,0.95
2019-05-15,265,1.1,1.2
2019-05-15,277,1.3,1.5
2019-05-15,281,0.2,0.25
2019-05-15,328,0.33,0.39
2019-05-15,329,0.08,0.1
2019-05-15,331,0.2,0.24
2019-05-15,333,2.35,2.4
2019-05-15,335,2.2,2.25
2019-05-15,341,2.55,2.6
2019-05-15,342,2.8,2.85
2019-05-15,344,12.8,12.8
2019-05-15,345,10.7,10.7
2019-05-15,346,9.6,9.6
2019-05-15,347,8,8
2019-05-15,350,2.15,2.25
2019-05-15,351,2.12,2.23
2019-05-15,352,3.7,3.8
2019-05-15,353,4.3,4.4
2019-05-15,356,1.7,1.8
2019-05-15,357,1.6,1.7
2019-05-15,358,3.4,3.5
2019-05-15,361,4.2,4.3
2019-05-15,362,5.1,5.2
2019-05-15,363,5.2,5.3
2019-05-15,364,1.92,2.02
2019-05-15,365,1.5,1.6
2019-05-15,366,5.7,5.8
2019-05-15,367,2.5,2.6
2019-05-15,368,1.35,1.45
2019-05-15,369,5.7,5.8
2019-05-15,370,2.35,2.45
2019-05-15,371,1.35,1.45
2019-05-15,372,5,5.1
2019-05-15,672,265,270
2019-05-15,674,1.12,1.14
2019-05-15,675,1.44,1.46
2019-05-15,676,2.12,2.23
2019-05-15,677,1.6,1.7
2019-05-15,678,2.2,2.29
2019-05-15,685,2.6,3
2019-05-15,693,2.2,2.5
2019-05-15,694,2.3,2.6
2019-05-15,716,15.6,15.6
2019-05-15,717,13.4,13.4
2019-05-15,718,12.4,12.4
2019-05-15,719,9.9,9.9
2019-05-15,728,0.9,1
2019-05-15,731,6.6,6.7
2019-05-15,732,7.95,8.05
2019-05-15,733,8.38,8.57
2019-05-15,734,8.82,9
2019-05-15,735,7.5,8.5
2019-05-15,736,7.5,8
2019-05-15,737,2.8,3.5
2019-05-15,738,2.9,3.6
2019-05-15,740,7.6,8.5
2019-05-15,741,1.1,1.2
2019-05-15,743,7,7.5
2019-05-15,745,1.4,1.5
2019-05-15,748,0.9,1
2019-05-15,749,0.95,1.05
2019-05-15,750,1.05,1.15
2019-05-15,751,0.8,0.9
2019-05-15,752,1.5,2
2019-05-15,753,1,1.1
2019-05-15,754,5,6
2019-05-15,755,0.75,0.95
2019-05-15,756,0.85,0.95
2019-05-15,757,3.6,4.5
2019-05-15,758,1.8,2
2019-05-15,759,0.85,0.95
2019-05-15,760,6,7.5
2019-05-15,761,1.9,2.2
2019-05-15,762,1.9,2.3
2019-05-15,763,2.3,2.5
2019-05-15,764,0.5,0.55
2019-05-15,765,6,8
2019-05-15,768,3,3.5
2019-05-15,769,3,3.5
2019-05-17,328,0.33,0.39
2019-05-17,329,0.08,0.1
2019-05-17,331,0.2,0.24
2019-05-17,332,,
2019-05-17,333,2.35,2.4
2019-05-17,335,2.2,2.25
2019-05-17,336,,
2019-05-17,337,,
2019-05-17,340,,
2019-05-17,341,2.55,2.6
2019-05-17,342,2.8,2.85
2019-05-17,344,12.6,12.6
2019-05-17,345,10.5,10.5
2019-05-17,346,9.4,9.4
2019-05-17,347,7.8,7.8
2019-05-17,350,2.15,2.25
2019-05-17,351,2.15,2.25
2019-05-17,352,3.7,3.8
2019-05-17,353,4.3,4.4
2019-05-17,356,1.7,1.8
2019-05-17,357,1.6,1.7
2019-05-17,358,3.4,3.5
2019-05-17,361,4.2,4.3
2019-05-17,362,5.1,5.2
2019-05-17,363,5.25,5.35
2019-05-17,364,1.95,2.05
2019-05-17,365,1.5,1.6
2019-05-17,366,5.75,5.85
2019-05-17,367,2.5,2.6
2019-05-17,368,1.35,1.45
2019-05-17,369,5.75,5.85
2019-05-17,370,2.35,2.45
2019-05-17,371,1.35,1.45
2019-05-17,372,4.9,5
2019-05-17,674,1.13,1.15
2019-05-17,675,1.45,1.47
2019-05-17,676,2.15,2.25
2019-05-17,677,1.6,1.7
2019-05-17,678,2.21,2.31
2019-05-17,716,15.4,15.4
2019-05-17,717,13.2,13.2
2019-05-17,718,12.2,12.2
2019-05-17,719,9.7,9.7
2019-05-20,2,,
2019-05-20,3,,
2019-05-20,4,209,210
2019-05-20,5,200,202
2019-05-20,6,,
2019-05-20,7,252,254
2019-05-20,8,248,250
2019-05-20,9,201,202
2019-05-20,10,209,210
2019-05-20,11,,
2019-05-20,12,188,190
2019-05-20,13,170,171
2019-05-20,14,169,170
2019-05-20,15,175,176
2019-05-20,16,170,171
2019-05-20,17,,
2019-05-20,18,,
2019-05-20,19,,
2019-05-20,20,,
2019-05-20,21,213,215
2019-05-20,22,206,207
2019-05-20,23,430,435
2019-05-20,24,424,429
2019-05-20,25,274,276
2019-05-20,26,269,272
2019-05-20,27,465,466
2019-05-20,28,461,463
2019-05-20,29,447,448
2019-05-20,30,169,171
2019-05-20,31,173,175
2019-05-20,32,141,143
2019-05-20,33,173,185
2019-05-20,34,144,146
2019-05-20,35,199,201
2019-05-20,36,170,172
2019-05-20,37,139,140
2019-05-20,38,139,140
2019-05-20,39,263,264
2019-05-20,40,159,160
2019-05-20,41,730,735
2019-05-20,42,168,170
2019-05-20,43,165,167
2019-05-20,44,,
2019-05-20,45,,
2019-05-20,46,,
2019-05-20,47,221,222
2019-05-20,48,157,162
2019-05-20,50,380,440
2019-05-20,51,430,480
2019-05-20,53,930,980
2019-05-20,54,1130,1190
2019-05-20,55,290,325
2019-05-20,56,215,225
2019-05-20,58,123,128
2019-05-20,61,,
2019-05-20,62,,
2019-05-20,63,,
2019-05-20,64,,
2019-05-20,65,,
2019-05-20,66,,
2019-05-20,67,,
2019-05-20,68,,
2019-05-20,69,,
2019-05-20,70,,
2019-05-20,71,125,130
2019-05-20,73,319,320
2019-05-20,74,,
2019-05-20,75,316,318
2019-05-20,76,349,350
2019-05-20,77,343,344
2019-05-20,78,,
2019-05-20,79,,
2019-05-20,80,,
2019-05-20,81,255,270
2019-05-20,82,,
2019-05-20,83,625,630
2019-05-20,84,675,680
2019-05-20,85,625,630
2019-05-20,86,605,610
2019-05-20,87,640,645
2019-05-20,88,620,625
2019-05-20,89,1525,1535
2019-05-20,90,750,770
2019-05-20,91,810,830
2019-05-20,92,780,785
2019-05-20,93,,
2019-05-20,94,720,725
2019-05-20,95,700,705
2019-05-20,96,,
2019-05-20,97,,
2019-05-20,98,,
2019-05-20,100,,
2019-05-20,101,9,10.5
2019-05-20,102,10,11.5
2019-05-20,103,5.2,6.2
2019-05-20,104,2.35,2.6
2019-05-20,105,2.95,3.05
2019-05-20,106,2.1,2.15
2019-05-20,107,1.3,1.35
2019-05-20,108,268,272
2019-05-20,109,235,237
2019-05-20,110,370,395
2019-05-20,111,,
2019-05-20,112,,
2019-05-20,113,,
2019-05-20,114,220,221
2019-05-20,115,188,190
2019-05-20,116,,
2019-05-20,117,362,364
2019-05-20,118,309,312
2019-05-20,119,,
2019-05-20,120,309,310
2019-05-20,121,414,416
2019-05-20,122,316,319
2019-05-20,123,410,412
2019-05-20,124,316,317
2019-05-20,125,,
2019-05-20,126,,
2019-05-20,127,,
2019-05-20,128,,
2019-05-20,129,,
2019-05-20,130,,
2019-05-20,131,1500,1505
2019-05-20,132,575,580
2019-05-20,133,550,555
2019-05-20,134,695,700
2019-05-20,176,6,7
2019-05-20,177,14,15
2019-05-20,181,4.85,4.95
2019-05-20,182,5.15,5.25
2019-05-20,183,5.52,5.67
2019-05-20,184,6.22,6.42
2019-05-20,185,7.32,7.42
2019-05-20,186,9.35,9.55
2019-05-20,187,390,395
2019-05-20,188,335,345
2019-05-20,189,135,145
2019-05-20,190,1870,1970
2019-05-20,191,,
2019-05-20,192,,
2019-05-20,193,,
2019-05-20,194,,
2019-05-20,195,,
2019-05-20,196,,
2019-05-20,197,,
2019-05-20,198,,
2019-05-20,199,,
2019-05-20,202,,
2019-05-20,203,,
2019-05-20,204,1.8,2
2019-05-20,205,2.5,3
2019-05-20,206,2,2.5
2019-05-20,207,,
2019-05-20,208,,
2019-05-20,209,0.8,0.9
2019-05-20,210,,
2019-05-20,211,0.45,0.55
2019-05-20,212,,
2019-05-20,213,0.4,0.5
2019-05-20,214,,
2019-05-20,215,,
2019-05-20,216,,
2019-05-20,217,,
2019-05-20,218,,
2019-05-20,219,,
2019-05-20,220,,
2019-05-20,221,2.5,2.8
2019-05-20,222,,
2019-05-20,223,,
2019-05-20,224,,
2019-05-20,225,1.4,1.5
2019-05-20,226,,
2019-05-20,227,,
2019-05-20,228,,
2019-05-20,229,0.55,0.65
2019-05-20,230,,
2019-05-20,231,,
2019-05-20,232,,
2019-05-20,233,,
2019-05-20,234,,
2019-05-20,235,,
2019-05-20,236,,
2019-05-20,237,,
2019-05-20,238,,
2019-05-20,239,,
2019-05-20,240,,
2019-05-20,241,,
2019-05-20,242,0.7,0.8
2019-05-20,243,0.7,0.8
2019-05-20,244,,
2019-05-20,245,0.7,0.8
2019-05-20,246,,
2019-05-20,247,,
2019-05-20,248,,
2019-05-20,249,,
2019-05-20,250,0.5,0.6
2019-05-20,251,,
2019-05-20,252,1.5,1.7
2019-05-20,253,0.7,0.75
2019-05-20,254,,
2019-05-20,255,,
2019-05-20,256,,
2019-05-20,257,,
2019-05-20,258,0.55,0.65
2019-05-20,259,,
2019-05-20,260,1.5,2
2019-05-20,261,0.55,0.6
2019-05-20,262,0.65,0.75
2019-05-20,263,0.75,0.85
2019-05-20,264,0.9,0.95
2019-05-20,265,1.1,1.2
2019-05-20,266,,
2019-05-20,267,,
2019-05-20,268,,
2019-05-20,269,,
2019-05-20,270,,
2019-05-20,271,,
2019-05-20,272,2,2.5
2019-05-20,273,,
2019-05-20,274,,
2019-05-20,275,,
2019-05-20,276,,
2019-05-20,277,1.8,2.2
2019-05-20,278,,
2019-05-20,279,,
2019-05-20,280,,
2019-05-20,281,0.2,0.25
2019-05-20,282,,
2019-05-20,283,,
2019-05-20,284,,
2019-05-20,285,,
2019-05-20,286,,
2019-05-20,287,,
2019-05-20,288,,
2019-05-20,289,,
2019-05-20,290,,
2019-05-20,291,,
2019-05-20,292,,
2019-05-20,293,,
2019-05-20,294,,
2019-05-20,295,,
2019-05-20,296,,
2019-05-20,297,,
2019-05-20,298,,
2019-05-20,299,,
2019-05-20,300,,
2019-05-20,301,,
2019-05-20,302,,
2019-05-20,303,,
2019-05-20,304,,
2019-05-20,305,,
2019-05-20,306,,
2019-05-20,307,,
2019-05-20,308,,
2019-05-20,309,,
2019-05-20,310,,
2019-05-20,311,,
2019-05-20,312,,
2019-05-20,313,,
2019-05-20,314,,
2019-05-20,315,,
2019-05-20,316,,
2019-05-20,317,,
2019-05-20,318,,
2019-05-20,319,,
2019-05-20,320,,
2019-05-20,321,,
2019-05-20,322,,
2019-05-20,323,,
2019-05-20,670,,
2019-05-20,671,,
2019-05-20,672,260,265
2019-05-20,685,3.5,4
2019-05-20,691,,
2019-05-20,692,,
2019-05-20,693,2.2,2.5
2019-05-20,694,2.3,2.6
2019-05-20,727,,
2019-05-20,728,0.9,1
2019-05-20,731,6.6,6.7
2019-05-20,732,7.95,8.05
2019-05-20,733,8.4,8.6
2019-05-20,734,8.85,9
2019-05-20,735,7.5,8.5
2019-05-20,736,7.5,8
2019-05-20,737,2.8,3.5
2019-05-20,738,2.9,3.6
2019-05-20,740,7.6,8.5
2019-05-20,741,1.1,1.2
2019-05-20,743,7,7.5
2019-05-20,744,,
2019-05-20,745,1.4,1.5
2019-05-20,747,,
2019-05-20,748,0.9,1
2019-05-20,749,0.95,1.05
2019-05-20,750,1.05,1.15
2019-05-20,751,0.8,0.9
2019-05-20,752,1.5,2
2019-05-20,753,1,1.1
2019-05-20,754,5,6
2019-05-20,755,0.75,0.95
2019-05-20,756,0.85,0.95
2019-05-20,757,3.6,4.5
2019-05-20,758,1.8,2
2019-05-20,759,0.85,0.95
2019-05-20,760,6,7.5
2019-05-20,761,1.9,2.2
2019-05-20,762,1.9,2.3
2019-05-20,763,2.3,2.5
2019-05-20,764,0.5,0.55
2019-05-20,765,6,8
2019-05-20,766,,
2019-05-20,767,,
2019-05-20,768,3,3.5
2019-05-20,769,3,3.5
2019-05-24,328,0.33,0.39
2019-05-24,329,0.08,0.1
2019-05-24,331,0.2,0.24
2019-05-24,332,,
2019-05-24,333,2.35,2.4
2019-05-24,335,2.2,2.25
2019-05-24,336,,
2019-05-24,337,,
2019-05-24,340,,
2019-05-24,341,2.55,2.6
2019-05-24,342,2.8,2.85
2019-05-24,344,12.6,12.6
2019-05-24,345,10.5,10.5
2019-05-24,346,9.4,9.4
2019-05-24,347,7.8,7.8
2019-05-24,350,2.15,2.25
2019-05-24,351,2.15,2.25
2019-05-24,352,3.7,3.8
2019-05-24,353,4.3,4.4
2019-05-24,356,1.7,1.8
2019-05-24,357,1.6,1.7
2019-05-24,358,3.4,3.5
2019-05-24,361,4.2,4.3
2019-05-24,362,5.1,5.2
2019-05-24,363,5.25,5.35
2019-05-24,364,1.95,2.05
2019-05-24,365,1.5,1.6
2019-05-24,366,5.75,5.85
2019-05-24,367,2.5,2.6
2019-05-24,368,1.35,1.45
2019-05-24,369,5.75,5.85
2019-05-24,370,2.35,2.45
2019-05-24,371,1.35,1.45
2019-05-24,372,4.9,5
2019-05-24,674,1.13,1.15
2019-05-24,675,1.45,1.47
2019-05-24,676,2.15,2.25
2019-05-24,677,1.6,1.7
2019-05-24,678,2.21,2.31
2019-05-24,716,15.4,15.4
2019-05-24,717,13.2,13.2
2019-05-24,718,12.2,12.2
2019-05-24,719,9.7,9.7
2019-05-27,2,,
2019-05-27,3,,
2019-05-27,4,209,210
2019-05-27,5,202,204
2019-05-27,6,,
2019-05-27,7,254,256
2019-05-27,8,250,252
2019-05-27,9,201,202
2019-05-27,10,209,210
2019-05-27,11,,
2019-05-27,12,188,190
2019-05-27,13,171,172
2019-05-27,14,170,171
2019-05-27,15,175,176
2019-05-27,16,172,173
2019-05-27,17,,
2019-05-27,18,,
2019-05-27,19,,
2019-05-27,20,,
2019-05-27,21,209,211
2019-05-27,22,206,207
2019-05-27,23,430,435
2019-05-27,24,424,429
2019-05-27,25,274,276
2019-05-27,26,269,272
2019-05-27,27,465,466
2019-05-27,28,461,463
2019-05-27,29,447,448
2019-05-27,30,163,165
2019-05-27,31,167,169
2019-05-27,32,135,137
2019-05-27,33,167,179
2019-05-27,34,138,140
2019-05-27,35,199,201
2019-05-27,36,170,172
2019-05-27,37,139,140
2019-05-27,38,139,140
2019-05-27,39,263,264
2019-05-27,40,159,160
2019-05-27,41,730,735
2019-05-27,42,168,170
2019-05-27,43,165,167
2019-05-27,44,,
2019-05-27,45,,
2019-05-27,46,,
2019-05-27,47,221,222
2019-05-27,48,157,162
2019-05-27,50,370,430
2019-05-27,51,430,480
2019-05-27,53,910,960
2019-05-27,54,1130,1190
2019-05-27,55,290,325
2019-05-27,56,215,225
2019-05-27,58,125,130
2019-05-27,61,,
2019-05-27,62,,
2019-05-27,63,,
2019-05-27,64,,
2019-05-27,65,,
2019-05-27,66,,
2019-05-27,67,,
2019-05-27,68,,
2019-05-27,69,,
2019-05-27,70,,
2019-05-27,71,,
2019-05-27,73,321,322
2019-05-27,74,,
2019-05-27,75,318,320
2019-05-27,76,349,350
2019-05-27,77,345,346
2019-05-27,78,,
2019-05-27,79,,
2019-05-27,80,,
2019-05-27,81,255,270
2019-05-27,82,,
2019-05-27,83,625,630
2019-05-27,84,675,680
2019-05-27,85,635,640
2019-05-27,86,615,620
2019-05-27,87,630,635
2019-05-27,88,610,615
2019-05-27,89,1525,1535
2019-05-27,90,760,770
2019-05-27,91,820,830
2019-05-27,92,780,785
2019-05-27,93,,
2019-05-27,94,710,715
2019-05-27,95,690,695
2019-05-27,96,,
2019-05-27,97,,
2019-05-27,98,,
2019-05-27,100,,
2019-05-27,101,9,10.5
2019-05-27,102,10,11.5
2019-05-27,103,5.1,6.1
2019-05-27,104,2.35,2.6
2019-05-27,105,2.95,3.05
2019-05-27,106,2.1,2.15
2019-05-27,107,1.3,1.35
2019-05-27,108,268,272
2019-05-27,109,235,237
2019-05-27,110,370,395
2019-05-27,111,,
2019-05-27,112,,
2019-05-27,113,,
2019-05-27,114,227,228
2019-05-27,115,190,192
2019-05-27,116,,
2019-05-27,117,366,368
2019-05-27,118,313,316
2019-05-27,119,,
2019-05-27,120,313,314
2019-05-27,121,415,417
2019-05-27,122,322,324
2019-05-27,123,410,412
2019-05-27,124,322,323
2019-05-27,125,,
2019-05-27,126,,
2019-05-27,127,,
2019-05-27,128,,
2019-05-27,129,,
2019-05-27,130,,
2019-05-27,131,1500,1505
2019-05-27,132,580,585
2019-05-27,133,555,560
2019-05-27,134,700,705
2019-05-27,176,6,7
2019-05-27,177,14,15
2019-05-27,181,4.85,4.95
2019-05-27,182,5.15,5.25
2019-05-27,183,5.52,5.67
2019-05-27,184,6.22,6.42
2019-05-27,185,7.32,7.42
2019-05-27,186,9.4,9.55
2019-05-27,187,390,400
2019-05-27,188,335,345
2019-05-27,189,135,145
2019-05-27,190,1820,1920
2019-05-27,191,,
2019-05-27,192,,
2019-05-27,193,,
2019-05-27,194,,
2019-05-27,195,,
2019-05-27,196,,
2019-05-27,197,,
2019-05-27,198,,
2019-05-27,199,,
2019-05-27,202,,
2019-05-27,203,,
2019-05-27,204,1.8,2
2019-05-27,205,2.5,3
2019-05-27,206,1.8,2.3
2019-05-27,207,,
2019-05-27,208,,
2019-05-27,209,0.9,1
2019-05-27,210,,
2019-05-27,211,0.45,0.55
2019-05-27,212,,
2019-05-27,213,0.3,0.4
2019-05-27,214,,
2019-05-27,215,,
2019-05-27,216,,
2019-05-27,217,,
2019-05-27,218,,
2019-05-27,219,,
2019-05-27,220,,
2019-05-27,221,2.2,2.3
2019-05-27,222,,
2019-05-27,223,,
2019-05-27,224,3,3.2
2019-05-27,225,1.4,1.5
2019-05-27,226,,
2019-05-27,227,,
2019-05-27,228,,
2019-05-27,229,0.65,0.7
2019-05-27,230,,
2019-05-27,231,,
2019-05-27,232,0.55,0.65
2019-05-27,233,,
2019-05-27,234,,
2019-05-27,235,,
2019-05-27,236,,
2019-05-27,237,,
2019-05-27,238,,
2019-05-27,239,,
2019-05-27,240,,
2019-05-27,241,,
2019-05-27,242,0.45,0.55
2019-05-27,243,0.5,0.55
2019-05-27,244,,
2019-05-27,245,0.6,0.7
2019-05-27,246,,
2019-05-27,247,,
2019-05-27,248,,
2019-05-27,249,,
2019-05-27,250,0.5,0.6
2019-05-27,251,,
2019-05-27,252,1.5,1.6
2019-05-27,253,0.7,0.75
2019-05-27,254,,
2019-05-27,255,,
2019-05-27,256,,
2019-05-27,257,,
2019-05-27,258,0.45,0.5
2019-05-27,259,,
2019-05-27,260,1.5,2
2019-05-27,261,0.55,0.6
2019-05-27,262,0.65,0.75
2019-05-27,263,0.75,0.85
2019-05-27,264,0.9,0.95
2019-05-27,265,1.1,1.2
2019-05-27,266,,
2019-05-27,267,,
2019-05-27,268,,
2019-05-27,269,,
2019-05-27,270,,
2019-05-27,271,,
2019-05-27,272,1.5,2.5
2019-05-27,273,,
2019-05-27,274,,
2019-05-27,275,,
2019-05-27,276,,
2019-05-27,277,1.7,1.9
2019-05-27,278,,
2019-05-27,279,,
2019-05-27,280,,
2019-05-27,281,0.2,0.25
2019-05-27,282,,
2019-05-27,283,,
2019-05-27,284,,
2019-05-27,285,,
2019-05-27,286,0.5,0.55
2019-05-27,287,,
2019-05-27,288,,
2019-05-27,289,,
2019-05-27,290,,
2019-05-27,291,,
2019-05-27,292,,
2019-05-27,293,,
2019-05-27,294,,
2019-05-27,295,,
2019-05-27,296,,
2019-05-27,297,,
2019-05-27,298,,
2019-05-27,299,,
2019-05-27,300,,
2019-05-27,301,,
2019-05-27,302,,
2019-05-27,303,,
2019-05-27,304,,
2019-05-27,305,,
2019-05-27,306,,
2019-05-27,307,,
2019-05-27,308,,
2019-05-27,309,,
2019-05-27,310,,
2019-05-27,311,,
2019-05-27,312,,
2019-05-27,313,,
2019-05-27,314,,
2019-05-27,315,,
2019-05-27,316,,
2019-05-27,317,,
2019-05-27,318,,
2019-05-27,319,,
2019-05-27,320,,
2019-05-27,321,,
2019-05-27,322,,
2019-05-27,323,,
2019-05-27,670,,
2019-05-27,671,,
2019-05-27,672,250,260
2019-05-27,685,3.5,4
2019-05-27,691,,
2019-05-27,692,,
2019-05-27,693,2.2,2.5
2019-05-27,694,2.3,2.6
2019-05-27,727,,
2019-05-27,728,0.9,1
2019-05-27,731,6.6,6.7
2019-05-27,732,7.95,8.05
2019-05-27,733,8.45,8.65
2019-05-27,734,8.9,9.05
2019-05-27,735,7.5,8.5
2019-05-27,736,7.5,8
2019-05-27,737,2.8,3.5
2019-05-27,738,2.9,3.6
2019-05-27,740,7.6,8.5
2019-05-27,741,1.1,1.2
2019-05-27,743,7,7.5
2019-05-27,744,,
2019-05-27,745,1.4,1.5
2019-05-27,747,,
2019-05-27,748,0.9,1
2019-05-27,749,0.95,1.05
2019-05-27,750,1.05,1.15
2019-05-27,751,0.8,0.9
2019-05-27,752,1.5,2
2019-05-27,753,1,1.1
2019-05-27,754,5,6
2019-05-27,755,0.75,0.95
2019-05-27,756,0.85,0.95
2019-05-27,757,3.6,4.5
2019-05-27,758,1.8,2
2019-05-27,759,0.85,0.95
2019-05-27,760,6,7.5
2019-05-27,761,1.9,2.2
2019-05-27,762,1.9,2.3
2019-05-27,763,2.3,2.5
2019-05-27,764,0.5,0.55
2019-05-27,765,6,8
2019-05-27,766,,
2019-05-27,767,,
2019-05-27,768,3,3.5
2019-05-27,769,3,3.5
2019-05-30,4,209,210
2019-05-30,5,201,203
2019-05-30,7,253,255
2019-05-30,8,249,251
2019-05-30,9,201,202
2019-05-30,10,209,210
2019-05-30,12,188,190
2019-05-30,13,170.5,171.5
2019-05-30,14,169.5,170.5
2019-05-30,15,175,176
2019-05-30,16,171,172
2019-05-30,21,211,213
2019-05-30,22,206,207
2019-05-30,23,430,435
2019-05-30,24,424,429
2019-05-30,25,274,276
2019-05-30,26,269,272
2019-05-30,27,465,466
2019-05-30,28,461,463
2019-05-30,29,447,448
2019-05-30,30,166,168
2019-05-30,31,170,172
2019-05-30,32,138,140
2019-05-30,33,170,182
2019-05-30,34,141,143
2019-05-30,35,199,201
2019-05-30,36,170,172
2019-05-30,37,139,140
2019-05-30,38,139,140
2019-05-30,39,263,264
2019-05-30,40,159,160
2019-05-30,41,730,735
2019-05-30,42,168,170
2019-05-30,43,165,167
2019-05-30,47,221,222
2019-05-30,48,157,162
2019-05-30,50,375,435
2019-05-30,51,430,480
2019-05-30,53,920,970
2019-05-30,54,1130,1190
2019-05-30,55,290,325
2019-05-30,56,215,225
2019-05-30,58,124,129
2019-05-30,71,125,130
2019-05-30,73,320,321
2019-05-30,75,317,319
2019-05-30,76,349,350
2019-05-30,77,344,345
2019-05-30,81,255,270
2019-05-30,83,625,630
2019-05-30,84,675,680
2019-05-30,85,630,635
2019-05-30,86,610,615
2019-05-30,87,635,640
2019-05-30,88,615,620
2019-05-30,89,1525,1535
2019-05-30,90,755,770
2019-05-30,91,815,830
2019-05-30,92,780,785
2019-05-30,94,715,720
2019-05-30,95,695,700
2019-05-30,101,9,10.5
2019-05-30,102,10,11.5
2019-05-30,103,5.15,6.15
2019-05-30,104,2.35,2.6
2019-05-30,105,2.95,3.05
2019-05-30,106,2.1,2.15
2019-05-30,107,1.3,1.35
2019-05-30,108,268,272
2019-05-30,109,235,237
2019-05-30,110,370,395
2019-05-30,114,223.5,224.5
2019-05-30,115,189,191
2019-05-30,117,364,366
2019-05-30,118,311,314
2019-05-30,120,311,312
2019-05-30,121,414.5,416.5
2019-05-30,122,319,321.5
2019-05-30,123,410,412
2019-05-30,124,319,320
2019-05-30,131,1500,1505
2019-05-30,132,577.5,582.5
2019-05-30,133,552.5,557.5
2019-05-30,134,697.5,702.5
2019-05-30,176,6,7
2019-05-30,177,14,15
2019-05-30,181,4.85,4.95
2019-05-30,182,5.15,5.25
2019-05-30,183,5.52,5.67
2019-05-30,184,6.22,6.42
2019-05-30,185,7.32,7.42
2019-05-30,186,9.38,9.55
2019-05-30,187,390,397.5
2019-05-30,188,335,345
2019-05-30,189,135,145
2019-05-30,190,1845,1945
2019-05-30,204,1.8,2
2019-05-30,205,2.5,3
2019-05-30,206,1.9,2.4
2019-05-30,209,0.85,0.95
2019-05-30,211,0.45,0.55
2019-05-30,213,0.35,0.45
2019-05-30,221,2.35,2.55
2019-05-30,224,3,3.2
2019-05-30,225,1.4,1.5
2019-05-30,229,0.6,0.68
2019-05-30,232,0.55,0.65
2019-05-30,242,0.57,0.68
2019-05-30,243,0.6,0.68
2019-05-30,245,0.65,0.75
2019-05-30,250,0.5,0.6
2019-05-30,252,1.5,1.65
2019-05-30,253,0.7,0.75
2019-05-30,258,0.5,0.57
2019-05-30,260,1.5,2
2019-05-30,261,0.55,0.6
2019-05-30,262,0.65,0.75
2019-05-30,263,0.75,0.85
2019-05-30,264,0.9,0.95
2019-05-30,265,1.1,1.2
2019-05-30,272,1.75,2.5
2019-05-30,277,1.75,2.05
2019-05-30,281,0.2,0.25
2019-05-30,286,0.5,0.55
2019-05-30,328,0.33,0.39
2019-05-30,329,0.08,0.1
2019-05-30,331,0.2,0.24
2019-05-30,333,2.35,2.4
2019-05-30,335,2.2,2.25
2019-05-30,341,2.55,2.6
2019-05-30,342,2.8,2.85
2019-05-30,344,12.6,12.6
2019-05-30,345,10.5,10.5
2019-05-30,346,9.4,9.4
2019-05-30,347,7.8,7.8
2019-05-30,350,2.15,2.25
2019-05-30,351,2.15,2.25
2019-05-30,352,3.7,3.8
2019-05-30,353,4.3,4.4
2019-05-30,356,1.7,1.8
2019-05-30,357,1.6,1.7
2019-05-30,358,3.4,3.5
2019-05-30,361,4.2,4.3
2019-05-30,362,5.1,5.2
2019-05-30,363,5.25,5.35
2019-05-30,364,1.95,2.05
2019-05-30,365,1.5,1.6
2019-05-30,366,5.75,5.85
2019-05-30,367,2.5,2.6
2019-05-30,368,1.35,1.45
2019-05-30,369,5.75,5.85
2019-05-30,370,2.35,2.45
2019-05-30,371,1.35,1.45
2019-05-30,372,4.9,5
2019-05-30,672,255,262.5
2019-05-30,674,1.13,1.15
2019-05-30,675,1.45,1.47
2019-05-30,676,2.15,2.25
2019-05-30,677,1.6,1.7
2019-05-30,678,2.21,2.31
2019-05-30,685,3.5,4
2019-05-30,693,2.2,2.5
2019-05-30,694,2.3,2.6
2019-05-30,716,15.4,15.4
2019-05-30,717,13.2,13.2
2019-05-30,718,12.2,12.2
2019-05-30,719,9.7,9.7
2019-05-30,728,0.9,1
2019-05-30,731,6.6,6.7
2019-05-30,732,7.95,8.05
2019-05-30,733,8.43,8.62
2019-05-30,734,8.88,9.03
2019-05-30,735,7.5,8.5
2019-05-30,736,7.5,8
2019-05-30,737,2.8,3.5
2019-05-30,738,2.9,3.6
2019-05-30,740,7.6,8.5
2019-05-30,741,1.1,1.2
2019-05-30,743,7,7.5
2019-05-30,745,1.4,1.5
2019-05-30,748,0.9,1
2019-05-30,749,0.95,1.05
2019-05-30,750,1.05,1.15
2019-05-30,751,0.8,0.9
2019-05-30,752,1.5,2
2019-05-30,753,1,1.1
2019-05-30,754,5,6
2019-05-30,755,0.75,0.95
2019-05-30,756,0.85,0.95
2019-05-30,757,3.6,4.5
2019-05-30,758,1.8,2
2019-05-30,759,0.85,0.95
2019-05-30,760,6,7.5
2019-05-30,761,1.9,2.2
2019-05-30,762,1.9,2.3
2019-05-30,763,2.3,2.5
2019-05-30,764,0.5,0.55
2019-05-30,765,6,8
2019-05-30,768,3,3.5
2019-05-30,769,3,3.5
2019-05-31,328,0.33,0.39
2019-05-31,329,0.08,0.1
2019-05-31,331,0.2,0.24
2019-05-31,332,,
2019-05-31,333,2.35,2.4
2019-05-31,335,2.2,2.25
2019-05-31,336,,
2019-05-31,337,,
2019-05-31,340,,
2019-05-31,341,2.55,2.6
2019-05-31,342,2.8,2.85
2019-05-31,344,12.6,12.6
2019-05-31,345,10.5,10.5
2019-05-31,346,9.4,9.4
2019-05-31,347,7.8,7.8
2019-05-31,350,2.15,2.25
2019-05-31,351,2.15,2.25
2019-05-31,352,3.7,3.8
2019-05-31,353,4.3,4.4
2019-05-31,356,1.7,1.8
2019-05-31,357,1.6,1.7
2019-05-31,358,3.4,3.5
2019-05-31,361,4.2,4.3
2019-05-31,362,5.1,5.2
2019-05-31,363,5.25,5.35
2019-05-31,364,1.95,2.05
2019-05-31,365,1.5,1.6
2019-05-31,366,5.75,5.85
2019-05-31,367,2.5,2.6
2019-05-31,368,1.35,1.45
2019-05-31,369,5.75,5.85
2019-05-31,370,2.35,2.45
2019-05-31,371,1.35,1.45
2019-05-31,372,4.6,4.7
2019-05-31,674,1.13,1.15
2019-05-31,675,1.45,1.47
2019-05-31,676,2.15,2.25
2019-05-31,677,1.6,1.7
2019-05-31,678,2.21,2.31
2019-05-31,716,15.4,15.4
2019-05-31,717,13.2,13.2
2019-05-31,718,12.2,12.2
2019-05-31,719,9.7,9.7
2019-06-03,2,,
2019-06-03,3,,
2019-06-03,4,210,211
2019-06-03,5,203,205
2019-06-03,6,,
2019-06-03,7,264,266
2019-06-03,8,264,266
2019-06-03,9,201,202
2019-06-03,10,210,211
2019-06-03,11,,
2019-06-03,12,188,190
2019-06-03,13,174,175
2019-06-03,14,172,173
2019-06-03,15,178,179
2019-06-03,16,177,178
2019-06-03,17,,
2019-06-03,18,,
2019-06-03,19,,
2019-06-03,20,,
2019-06-03,21,214,216
2019-06-03,22,208,209
2019-06-03,23,430,435
2019-06-03,24,424,429
2019-06-03,25,274,276
2019-06-03,26,269,272
2019-06-03,27,465,466
2019-06-03,28,461,463
2019-06-03,29,447,448
2019-06-03,30,160,162
2019-06-03,31,164,166
2019-06-03,32,132,134
2019-06-03,33,164,176
2019-06-03,34,135,137
2019-06-03,35,199,201
2019-06-03,36,170,172
2019-06-03,37,139,140
2019-06-03,38,139,140
2019-06-03,39,264,265
2019-06-03,40,159,160
2019-06-03,41,730,735
2019-06-03,42,170,171
2019-06-03,43,165,167
2019-06-03,44,,
2019-06-03,45,,
2019-06-03,46,,
2019-06-03,47,221,222
2019-06-03,48,160,165
2019-06-03,50,370,430
2019-06-03,51,430,480
2019-06-03,53,910,960
2019-06-03,54,1130,1190
2019-06-03,55,280,315
2019-06-03,56,210,220
2019-06-03,58,125,130
2019-06-03,61,,
2019-06-03,62,,
2019-06-03,63,,
2019-06-03,64,,
2019-06-03,65,,
2019-06-03,66,,
2019-06-03,67,,
2019-06-03,68,,
2019-06-03,69,,
2019-06-03,70,,
2019-06-03,71,,
2019-06-03,73,329,330
2019-06-03,74,,
2019-06-03,75,328,330
2019-06-03,76,359,360
2019-06-03,77,355,356
2019-06-03,78,,
2019-06-03,79,,
2019-06-03,80,,
2019-06-03,81,250,265
2019-06-03,82,,
2019-06-03,83,625,630
2019-06-03,84,675,680
2019-06-03,85,635,640
2019-06-03,86,625,630
2019-06-03,87,640,645
2019-06-03,88,620,625
2019-06-03,89,1525,1535
2019-06-03,90,760,770
2019-06-03,91,820,830
2019-06-03,92,780,785
2019-06-03,93,,
2019-06-03,94,720,725
2019-06-03,95,700,705
2019-06-03,96,,
2019-06-03,97,,
2019-06-03,98,,
2019-06-03,100,,
2019-06-03,101,9,10.5
2019-06-03,102,10,11.5
2019-06-03,103,5.1,6.1
2019-06-03,104,2.35,2.6
2019-06-03,105,2.95,3.05
2019-06-03,106,2.1,2.15
2019-06-03,107,1.3,1.35
2019-06-03,108,268,272
2019-06-03,109,235,237
2019-06-03,110,370,395
2019-06-03,111,,
2019-06-03,112,,
2019-06-03,113,,
2019-06-03,114,240,241
2019-06-03,115,195,197
2019-06-03,116,,
2019-06-03,117,390,392
2019-06-03,118,337,340
2019-06-03,119,,
2019-06-03,120,337,338
2019-06-03,121,439,441
2019-06-03,122,347,349
2019-06-03,123,435,437
2019-06-03,124,347,348
2019-06-03,125,,
2019-06-03,126,,
2019-06-03,127,,
2019-06-03,128,,
2019-06-03,129,,
2019-06-03,130,,
2019-06-03,131,1520,1525
2019-06-03,132,580,585
2019-06-03,133,555,560
2019-06-03,134,700,705
2019-06-03,176,6,7
2019-06-03,177,13.5,14.5
2019-06-03,181,4.85,4.95
2019-06-03,182,5.15,5.25
2019-06-03,183,5.52,5.67
2019-06-03,184,6.22,6.42
2019-06-03,185,7.32,7.42
2019-06-03,186,9.4,9.55
2019-06-03,187,395,405
2019-06-03,188,345,355
2019-06-03,189,150,160
2019-06-03,190,1820,1920
2019-06-03,191,,
2019-06-03,192,,
2019-06-03,193,,
2019-06-03,194,,
2019-06-03,195,,
2019-06-03,196,,
2019-06-03,197,,
2019-06-03,198,,
2019-06-03,199,,
2019-06-03,202,,
2019-06-03,203,,
2019-06-03,204,1.8,2
2019-06-03,205,2.5,3
2019-06-03,206,1.8,2.3
2019-06-03,207,,
2019-06-03,208,,
2019-06-03,209,0.65,0.75
2019-06-03,210,,
2019-06-03,211,0.35,0.4
2019-06-03,212,,
2019-06-03,213,0.25,0.35
2019-06-03,214,,
2019-06-03,215,,
2019-06-03,216,,
2019-06-03,217,,
2019-06-03,218,,
2019-06-03,219,,
2019-06-03,220,,
2019-06-03,221,1.5,1.8
2019-06-03,222,,
2019-06-03,223,,
2019-06-03,224,3,3.2
2019-06-03,225,1.4,1.5
2019-06-03,226,,
2019-06-03,227,,
2019-06-03,228,,
2019-06-03,229,0.65,0.75
2019-06-03,230,,
2019-06-03,231,,
2019-06-03,232,0.45,0.55
2019-06-03,233,,
2019-06-03,234,,
2019-06-03,235,,
2019-06-03,236,,
2019-06-03,237,,
2019-06-03,238,,
2019-06-03,239,,
2019-06-03,240,,
2019-06-03,241,,
2019-06-03,242,0.4,0.5
2019-06-03,243,0.45,0.5
2019-06-03,244,,
2019-06-03,245,0.5,0.6
2019-06-03,246,,
2019-06-03,247,,
2019-06-03,248,,
2019-06-03,249,,
2019-06-03,250,0.45,0.55
2019-06-03,251,,
2019-06-03,252,1.5,1.6
2019-06-03,253,0.7,0.75
2019-06-03,254,,
2019-06-03,255,0.6,0.7
2019-06-03,256,,
2019-06-03,257,,
2019-06-03,258,0.45,0.55
2019-06-03,259,,
2019-06-03,260,1.5,2
2019-06-03,261,,
2019-06-03,262,,
2019-06-03,263,,
2019-06-03,264,,
2019-06-03,265,,
2019-06-03,266,,
2019-06-03,267,,
2019-06-03,268,,
2019-06-03,269,,
2019-06-03,270,,
2019-06-03,271,,
2019-06-03,272,1.5,2
2019-06-03,273,,
2019-06-03,274,,
2019-06-03,275,,
2019-06-03,276,,
2019-06-03,277,1.5,1.8
2019-06-03,278,,
2019-06-03,279,,
2019-06-03,280,,
2019-06-03,281,0.2,0.25
2019-06-03,282,,
2019-06-03,283,,
2019-06-03,284,,
2019-06-03,285,,
2019-06-03,286,0.55,0.65
2019-06-03,287,,
2019-06-03,288,,
2019-06-03,289,,
2019-06-03,290,,
2019-06-03,291,,
2019-06-03,292,,
2019-06-03,293,,
2019-06-03,294,,
2019-06-03,295,,
2019-06-03,296,,
2019-06-03,297,,
2019-06-03,298,,
2019-06-03,299,,
2019-06-03,300,,
2019-06-03,301,,
2019-06-03,302,,
2019-06-03,303,,
2019-06-03,304,,
2019-06-03,305,,
2019-06-03,306,,
2019-06-03,307,,
2019-06-03,308,,
2019-06-03,309,,
2019-06-03,310,,
2019-06-03,311,,
2019-06-03,312,,
2019-06-03,313,,
2019-06-03,314,,
2019-06-03,315,,
2019-06-03,316,,
2019-06-03,317,,
2019-06-03,318,,
2019-06-03,319,,
2019-06-03,320,,
2019-06-03,321,,
2019-06-03,322,,
2019-06-03,323,,
2019-06-03,670,,
2019-06-03,671,,
2019-06-03,672,245,255
2019-06-03,685,3.5,4
2019-06-03,691,,
2019-06-03,692,,
2019-06-03,693,2.2,2.5
2019-06-03,694,2.3,2.6
2019-06-03,727,,
2019-06-03,728,0.9,1
2019-06-03,731,6.6,6.7
2019-06-03,732,7.95,8.05
2019-06-03,733,8.55,8.65
2019-06-03,734,8.95,9.05
2019-06-03,735,7.5,8.5
2019-06-03,736,7.5,8
2019-06-03,737,2.8,3.5
2019-06-03,738,2.9,3.6
2019-06-03,740,7.6,8.5
2019-06-03,741,1.1,1.2
2019-06-03,743,7,7.5
2019-06-03,744,,
2019-06-03,745,1.4,1.5
2019-06-03,747,,
2019-06-03,748,0.9,1
2019-06-03,749,0.95,1.05
2019-06-03,750,1.05,1.15
2019-06-03,751,0.8,0.9
2019-06-03,752,1.5,2
2019-06-03,753,1,1.1
2019-06-03,754,5,6
2019-06-03,755,0.75,0.95
2019-06-03,756,0.85,0.95
2019-06-03,757,3.6,4.5
2019-06-03,758,1.8,2
2019-06-03,759,0.85,0.95
2019-06-03,760,6,7.5
2019-06-03,761,1.9,2.2
2019-06-03,762,1.9,2.3
2019-06-03,763,2.3,2.5
2019-06-03,764,,
2019-06-03,765,6,8
2019-06-03,766,,
2019-06-03,767,,
2019-06-03,768,3,3.5
2019-06-03,769,3,3.5
2019-06-07,328,0.33,0.39
2019-06-07,329,0.08,0.1
2019-06-07,331,0.2,0.24
2019-06-07,332,,
2019-06-07,333,2.35,2.4
2019-06-07,335,2.2,2.25
2019-06-07,336,,
2019-06-07,337,,
2019-06-07,340,,
2019-06-07,341,2.55,2.6
2019-06-07,342,2.8,2.85
2019-06-07,344,12.6,12.6
2019-06-07,345,10.5,10.5
2019-06-07,346,9.4,9.4
2019-06-07,347,7.8,7.8
2019-06-07,350,2.15,2.25
2019-06-07,351,2.15,2.25
2019-06-07,352,3.7,3.8
2019-06-07,353,4.3,4.4
2019-06-07,356,1.7,1.8
2019-06-07,357,1.6,1.7
2019-06-07,358,3.4,3.5
2019-06-07,361,4.2,4.3
2019-06-07,362,5.1,5.2
2019-06-07,363,5.25,5.35
2019-06-07,364,1.95,2.05
2019-06-07,365,1.5,1.6
2019-06-07,366,5.85,5.95
2019-06-07,367,2.5,2.6
2019-06-07,368,1.35,1.45
2019-06-07,369,5.85,5.95
2019-06-07,370,2.35,2.45
2019-06-07,371,1.35,1.45
2019-06-07,372,4.4,4.5
2019-06-07,674,1.14,1.16
2019-06-07,675,1.47,1.49
2019-06-07,676,2.15,2.25
2019-06-07,677,1.6,1.7
2019-06-07,678,2.25,2.35
2019-06-07,716,15.4,15.4
2019-06-07,717,13.2,13.2
2019-06-07,718,12.2,12.2
2019-06-07,719,9.7,9.7
2019-06-10,2,,
2019-06-10,3,,
2019-06-10,4,210,211
2019-06-10,5,203,205
2019-06-10,6,,
2019-06-10,7,264,266
2019-06-10,8,264,266
2019-06-10,9,201,202
2019-06-10,10,210,211
2019-06-10,11,,
2019-06-10,12,188,190
2019-06-10,13,175,176
2019-06-10,14,173,174
2019-06-10,15,178,179
2019-06-10,16,177,178
2019-06-10,17,,
2019-06-10,18,,
2019-06-10,19,,
2019-06-10,20,,
2019-06-10,21,,
2019-06-10,22,209,210
2019-06-10,23,430,435
2019-06-10,24,424,429
2019-06-10,25,274,276
2019-06-10,26,269,272
2019-06-10,27,465,466
2019-06-10,28,461,463
2019-06-10,29,447,448
2019-06-10,30,158,160
2019-06-10,31,162,164
2019-06-10,32,130,132
2019-06-10,33,162,174
2019-06-10,34,133,135
2019-06-10,35,199,201
2019-06-10,36,170,172
2019-06-10,37,139,140
2019-06-10,38,139,140
2019-06-10,39,264,265
2019-06-10,40,159,160
2019-06-10,41,730,735
2019-06-10,42,170,171
2019-06-10,43,165,167
2019-06-10,44,,
2019-06-10,45,,
2019-06-10,46,,
2019-06-10,47,221,222
2019-06-10,48,160,165
2019-06-10,50,370,430
2019-06-10,51,430,480
2019-06-10,53,910,960
2019-06-10,54,1130,1190
2019-06-10,55,280,315
2019-06-10,56,210,220
2019-06-10,58,125,130
2019-06-10,61,80,90
2019-06-10,62,,
2019-06-10,63,110,120
2019-06-10,64,,
2019-06-10,65,90,100
2019-06-10,66,,
2019-06-10,67,120,130
2019-06-10,68,,
2019-06-10,69,,
2019-06-10,70,,
2019-06-10,71,,
2019-06-10,73,322,323
2019-06-10,74,,
2019-06-10,75,323,325
2019-06-10,76,357,358
2019-06-10,77,350,351
2019-06-10,78,,
2019-06-10,79,,
2019-06-10,80,,
2019-06-10,81,250,265
2019-06-10,82,,
2019-06-10,83,625,630
2019-06-10,84,675,680
2019-06-10,85,635,640
2019-06-10,86,625,630
2019-06-10,87,630,635
2019-06-10,88,610,615
2019-06-10,89,1525,1535
2019-06-10,90,760,770
2019-06-10,91,820,830
2019-06-10,92,780,785
2019-06-10,93,,
2019-06-10,94,710,715
2019-06-10,95,690,695
2019-06-10,96,,
2019-06-10,97,,
2019-06-10,98,,
2019-06-10,100,,
2019-06-10,101,9,10.5
2019-06-10,102,10,11.5
2019-06-10,103,5.1,6.1
2019-06-10,104,2.35,2.6
2019-06-10,105,2.95,3.05
2019-06-10,106,2.1,2.15
2019-06-10,107,1.3,1.35
2019-06-10,108,268,272
2019-06-10,109,235,237
2019-06-10,110,370,395
2019-06-10,111,,
2019-06-10,112,,
2019-06-10,113,,
2019-06-10,114,237,238
2019-06-10,115,190,192
2019-06-10,116,,
2019-06-10,117,370,372
2019-06-10,118,320,323
2019-06-10,119,,
2019-06-10,120,319,320
2019-06-10,121,420,422
2019-06-10,122,330,332
2019-06-10,123,420,422
2019-06-10,124,329,330
2019-06-10,125,,
2019-06-10,126,,
2019-06-10,127,,
2019-06-10,128,,
2019-06-10,129,,
2019-06-10,130,,
2019-06-10,131,1520,1525
2019-06-10,132,580,585
2019-06-10,133,555,560
2019-06-10,134,700,705
2019-06-10,176,6,7
2019-06-10,177,13.5,14.5
2019-06-10,181,4.85,4.95
2019-06-10,182,5.15,5.25
2019-06-10,183,5.52,5.67
2019-06-10,184,6.22,6.42
2019-06-10,185,7.32,7.42
2019-06-10,186,9.4,9.55
2019-06-10,187,410,420
2019-06-10,188,360,370
2019-06-10,189,185,195
2019-06-10,190,1820,1920
2019-06-10,191,,
2019-06-10,192,,
2019-06-10,193,,
2019-06-10,194,,
2019-06-10,195,,
2019-06-10,196,,
2019-06-10,197,,
2019-06-10,198,,
2019-06-10,199,,
2019-06-10,202,,
2019-06-10,203,,
2019-06-10,204,,
2019-06-10,205,,
2019-06-10,206,,
2019-06-10,207,,
2019-06-10,208,,
2019-06-10,209,0.7,0.8
2019-06-10,210,,
2019-06-10,211,0.3,0.35
2019-06-10,212,,
2019-06-10,213,0.2,0.3
2019-06-10,214,,
2019-06-10,215,,
2019-06-10,216,,
2019-06-10,217,,
2019-06-10,218,,
2019-06-10,219,,
2019-06-10,220,,
2019-06-10,221,1.8,2
2019-06-10,222,,
2019-06-10,223,,
2019-06-10,224,3,3.5
2019-06-10,225,1.4,1.5
2019-06-10,226,,
2019-06-10,227,,
2019-06-10,228,,
2019-06-10,229,0.7,0.8
2019-06-10,230,,
2019-06-10,231,,
2019-06-10,232,0.45,0.55
2019-06-10,233,,
2019-06-10,234,,
2019-06-10,235,,
2019-06-10,236,,
2019-06-10,237,,
2019-06-10,238,,
2019-06-10,239,,
2019-06-10,240,,
2019-06-10,241,,
2019-06-10,242,0.3,0.4
2019-06-10,243,0.4,0.45
2019-06-10,244,,
2019-06-10,245,0.45,0.55
2019-06-10,246,,
2019-06-10,247,,
2019-06-10,248,,
2019-06-10,249,,
2019-06-10,250,0.45,0.55
2019-06-10,251,,
2019-06-10,252,1.5,1.6
2019-06-10,253,,
2019-06-10,254,,
2019-06-10,255,0.6,0.7
2019-06-10,256,,
2019-06-10,257,,
2019-06-10,258,0.5,0.55
2019-06-10,259,,
2019-06-10,260,1.5,2
2019-06-10,261,,
2019-06-10,262,,
2019-06-10,263,,
2019-06-10,264,,
2019-06-10,265,,
2019-06-10,266,1,1.2
2019-06-10,267,,
2019-06-10,268,,
2019-06-10,269,,
2019-06-10,270,,
2019-06-10,271,,
2019-06-10,272,1.5,2
2019-06-10,273,,
2019-06-10,274,,
2019-06-10,275,,
2019-06-10,276,,
2019-06-10,277,1.5,1.7
2019-06-10,278,,
2019-06-10,279,,
2019-06-10,280,,
2019-06-10,281,0.2,0.25
2019-06-10,282,,
2019-06-10,283,,
2019-06-10,284,,
2019-06-10,285,,
2019-06-10,286,0.9,1.1
2019-06-10,287,,
2019-06-10,288,,
2019-06-10,289,,
2019-06-10,290,,
2019-06-10,291,,
2019-06-10,292,,
2019-06-10,293,,
2019-06-10,294,,
2019-06-10,295,,
2019-06-10,296,,
2019-06-10,297,,
2019-06-10,298,,
2019-06-10,299,,
2019-06-10,300,,
2019-06-10,301,,
2019-06-10,302,,
2019-06-10,303,,
2019-06-10,304,,
2019-06-10,305,,
2019-06-10,306,,
2019-06-10,307,,
2019-06-10,308,,
2019-06-10,309,,
2019-06-10,310,,
2019-06-10,311,,
2019-06-10,312,,
2019-06-10,313,,
2019-06-10,314,,
2019-06-10,315,,
2019-06-10,316,,
2019-06-10,317,,
2019-06-10,318,,
2019-06-10,319,,
2019-06-10,320,,
2019-06-10,321,,
2019-06-10,322,,
2019-06-10,323,,
2019-06-10,670,,
2019-06-10,671,,
2019-06-10,672,245,255
2019-06-10,685,,
2019-06-10,691,,
2019-06-10,692,,
2019-06-10,693,2.2,2.5
2019-06-10,694,2.3,2.6
2019-06-10,727,,
2019-06-10,728,0.9,1
2019-06-10,731,6.6,6.7
2019-06-10,732,7.95,8.05
2019-06-10,733,8.58,8.68
2019-06-10,734,8.98,9.08
2019-06-10,735,7.5,8.5
2019-06-10,736,7.5,8
2019-06-10,737,2.8,3.5
2019-06-10,738,2.9,3.6
2019-06-10,740,7.6,8.5
2019-06-10,741,1.1,1.2
2019-06-10,743,7,7.5
2019-06-10,744,,
2019-06-10,745,1.4,1.5
2019-06-10,747,,
2019-06-10,748,0.9,1
2019-06-10,749,0.95,1.05
2019-06-10,750,1.05,1.15
2019-06-10,751,0.8,0.9
2019-06-10,752,1.5,2
2019-06-10,753,1,1.1
2019-06-10,754,5,6
2019-06-10,755,0.75,0.95
2019-06-10,756,0.85,0.95
2019-06-10,757,3.6,4.5
2019-06-10,758,1.8,2
2019-06-10,759,0.85,0.95
2019-06-10,760,6,7.5
2019-06-10,761,1.9,2.2
2019-06-10,762,1.9,2.3
2019-06-10,763,2.3,2.5
2019-06-10,764,,
2019-06-10,765,6,8
2019-06-10,766,,
2019-06-10,767,,
2019-06-10,768,3,3.5
2019-06-10,769,3,3.5
2019-06-14,328,0.33,0.39
2019-06-14,329,0.08,0.1
2019-06-14,331,0.2,0.24
2019-06-14,332,,
2019-06-14,333,2.35,2.4
2019-06-14,335,2.2,2.25
2019-06-14,336,,
2019-06-14,337,,
2019-06-14,340,,
2019-06-14,341,2.55,2.6
2019-06-14,342,2.8,2.85
2019-06-14,344,12.6,12.6
2019-06-14,345,10.5,10.5
2019-06-14,346,9.4,9.4
2019-06-14,347,7.8,7.8
2019-06-14,350,2.15,2.25
2019-06-14,351,2.15,2.25
2019-06-14,352,3.7,3.8
2019-06-14,353,4.3,4.4
2019-06-14,356,1.7,1.8
2019-06-14,357,1.6,1.7
2019-06-14,358,3.4,3.5
2019-06-14,361,4.2,4.3
2019-06-14,362,5.1,5.2
2019-06-14,363,5.25,5.35
2019-06-14,364,1.95,2.05
2019-06-14,365,1.5,1.6
2019-06-14,366,5.85,5.95
2019-06-14,367,2.5,2.6
2019-06-14,368,1.35,1.45
2019-06-14,369,5.85,5.95
2019-06-14,370,2.35,2.45
2019-06-14,371,1.35,1.45
2019-06-14,372,4.1,4.2
2019-06-14,674,1.14,1.16
2019-06-14,675,1.47,1.49
2019-06-14,676,2.15,2.25
2019-06-14,677,1.6,1.7
2019-06-14,678,2.25,2.35
2019-06-14,716,15.4,15.4
2019-06-14,717,13.2,13.2
2019-06-14,718,12.2,12.2
2019-06-14,719,9.7,9.7
2019-06-15,4,210,211
2019-06-15,5,203,205
2019-06-15,7,264,266
2019-06-15,8,264,266
2019-06-15,9,201,202
2019-06-15,10,210,211
2019-06-15,12,188,190
2019-06-15,13,174.5,175.5
2019-06-15,14,172.5,173.5
2019-06-15,15,178,179
2019-06-15,16,177,178
2019-06-15,21,214,216
2019-06-15,22,208.5,209.5
2019-06-15,23,430,435
2019-06-15,24,424,429
2019-06-15,25,274,276
2019-06-15,26,269,272
2019-06-15,27,465,466
2019-06-15,28,461,463
2019-06-15,29,447,448
2019-06-15,30,159,161
2019-06-15,31,163,165
2019-06-15,32,131,133
2019-06-15,33,163,175
2019-06-15,34,134,136
2019-06-15,35,199,201
2019-06-15,36,170,172
2019-06-15,37,139,140
2019-06-15,38,139,140
2019-06-15,39,264,265
2019-06-15,40,159,160
2019-06-15,41,730,735
2019-06-15,42,170,171
2019-06-15,43,165,167
2019-06-15,47,221,222
2019-06-15,48,160,165
2019-06-15,50,370,430
2019-06-15,51,430,480
2019-06-15,53,910,960
2019-06-15,54,1130,1190
2019-06-15,55,280,315
2019-06-15,56,210,220
2019-06-15,58,125,130
2019-06-15,61,80,90
2019-06-15,63,110,120
2019-06-15,65,90,100
2019-06-15,67,120,130
2019-06-15,73,325.5,326.5
2019-06-15,75,325.5,327.5
2019-06-15,76,358,359
2019-06-15,77,352.5,353.5
2019-06-15,81,250,265
2019-06-15,83,625,630
2019-06-15,84,675,680
2019-06-15,85,635,640
2019-06-15,86,625,630
2019-06-15,87,635,640
2019-06-15,88,615,620
2019-06-15,89,1525,1535
2019-06-15,90,760,770
2019-06-15,91,820,830
2019-06-15,92,780,785
2019-06-15,94,715,720
2019-06-15,95,695,700
2019-06-15,101,9,10.5
2019-06-15,102,10,11.5
2019-06-15,103,5.1,6.1
2019-06-15,104,2.35,2.6
2019-06-15,105,2.95,3.05
2019-06-15,106,2.1,2.15
2019-06-15,107,1.3,1.35
2019-06-15,108,268,272
2019-06-15,109,235,237
2019-06-15,110,370,395
2019-06-15,114,238.5,239.5
2019-06-15,115,192.5,194.5
2019-06-15,117,380,382
2019-06-15,118,328.5,331.5
2019-06-15,120,328,329
2019-06-15,121,429.5,431.5
2019-06-15,122,338.5,340.5
2019-06-15,123,427.5,429.5
2019-06-15,124,338,339
2019-06-15,131,1520,1525
2019-06-15,132,580,585
2019-06-15,133,555,560
2019-06-15,134,700,705
2019-06-15,176,6,7
2019-06-15,177,13.5,14.5
2019-06-15,181,4.85,4.95
2019-06-15,182,5.15,5.25
2019-06-15,183,5.52,5.67
2019-06-15,184,6.22,6.42
2019-06-15,185,7.32,7.42
2019-06-15,186,9.4,9.55
2019-06-15,187,402.5,412.5
2019-06-15,188,352.5,362.5
2019-06-15,189,167.5,177.5
2019-06-15,190,1820,1920
2019-06-15,204,1.8,2
2019-06-15,205,2.5,3
2019-06-15,206,1.8,2.3
2019-06-15,209,0.68,0.78
2019-06-15,211,0.32,0.38
2019-06-15,213,0.23,0.32
2019-06-15,221,1.65,1.9
2019-06-15,224,3,3.35
2019-06-15,225,1.4,1.5
2019-06-15,229,0.68,0.78
2019-06-15,232,0.45,0.55
2019-06-15,242,0.35,0.45
2019-06-15,243,0.43,0.47
2019-06-15,245,0.47,0.57
2019-06-15,250,0.45,0.55
2019-06-15,252,1.5,1.6
2019-06-15,253,0.7,0.75
2019-06-15,255,0.6,0.7
2019-06-15,258,0.47,0.55
2019-06-15,260,1.5,2
2019-06-15,266,1,1.2
2019-06-15,272,1.5,2
2019-06-15,277,1.5,1.75
2019-06-15,281,0.2,0.25
2019-06-15,286,0.73,0.88
2019-06-15,328,0.33,0.39
2019-06-15,329,0.08,0.1
2019-06-15,331,0.2,0.24
2019-06-15,333,2.35,2.4
2019-06-15,335,2.2,2.25
2019-06-15,341,2.55,2.6
2019-06-15,342,2.8,2.85
2019-06-15,344,12.6,12.6
2019-06-15,345,10.5,10.5
2019-06-15,346,9.4,9.4
2019-06-15,347,7.8,7.8
2019-06-15,350,2.15,2.25
2019-06-15,351,2.15,2.25
2019-06-15,352,3.7,3.8
2019-06-15,353,4.3,4.4
2019-06-15,356,1.7,1.8
2019-06-15,357,1.6,1.7
2019-06-15,358,3.4,3.5
2019-06-15,361,4.2,4.3
2019-06-15,362,5.1,5.2
2019-06-15,363,5.25,5.35
2019-06-15,364,1.95,2.05
2019-06-15,365,1.5,1.6
2019-06-15,366,5.85,5.95
2019-06-15,367,2.5,2.6
2019-06-15,368,1.35,1.45
2019-06-15,369,5.85,5.95
2019-06-15,370,2.35,2.45
2019-06-15,371,1.35,1.45
2019-06-15,372,4.25,4.35
2019-06-15,672,245,255
2019-06-15,674,1.14,1.16
2019-06-15,675,1.47,1.49
2019-06-15,676,2.15,2.25
2019-06-15,677,1.6,1.7
2019-06-15,678,2.25,2.35
2019-06-15,685,3.5,4
2019-06-15,693,2.2,2.5
2019-06-15,694,2.3,2.6
2019-06-15,716,15.4,15.4
2019-06-15,717,13.2,13.2
2019-06-15,718,12.2,12.2
2019-06-15,719,9.7,9.7
2019-06-15,728,0.9,1
2019-06-15,731,6.6,6.7
2019-06-15,732,7.95,8.05
2019-06-15,733,8.57,8.66
2019-06-15,734,8.96,9.07
2019-06-15,735,7.5,8.5
2019-06-15,736,7.5,8
2019-06-15,737,2.8,3.5
2019-06-15,738,2.9,3.6
2019-06-15,740,7.6,8.5
2019-06-15,741,1.1,1.2
2019-06-15,743,7,7.5
2019-06-15,745,1.4,1.5
2019-06-15,748,0.9,1
2019-06-15,749,0.95,1.05
2019-06-15,750,1.05,1.15
2019-06-15,751,0.8,0.9
2019-06-15,752,1.5,2
2019-06-15,753,1,1.1
2019-06-15,754,5,6
2019-06-15,755,0.75,0.95
2019-06-15,756,0.85,0.95
2019-06-15,757,3.6,4.5
2019-06-15,758,1.8,2
2019-06-15,759,0.85,0.95
2019-06-15,760,6,7.5
2019-06-15,761,1.9,2.2
2019-06-15,762,1.9,2.3
2019-06-15,763,2.3,2.5
2019-06-15,765,6,8
2019-06-15,768,3,3.5
2019-06-15,769,3,3.5
2019-06-17,2,,
2019-06-17,3,,
2019-06-17,4,,
2019-06-17,5,,
2019-06-17,6,,
2019-06-17,7,264,266
2019-06-17,8,264,266
2019-06-17,9,201,202
2019-06-17,10,210,211
2019-06-17,11,,
2019-06-17,12,188,190
2019-06-17,13,176,177
2019-06-17,14,174,175
2019-06-17,15,179,180
2019-06-17,16,178,179
2019-06-17,17,,
2019-06-17,18,,
2019-06-17,19,,
2019-06-17,20,,
2019-06-17,21,,
2019-06-17,22,,
2019-06-17,23,430,435
2019-06-17,24,424,429
2019-06-17,25,274,276
2019-06-17,26,269,272
2019-06-17,27,465,466
2019-06-17,28,461,463
2019-06-17,29,447,448
2019-06-17,30,148,150
2019-06-17,31,152,154
2019-06-17,32,120,122
2019-06-17,33,152,164
2019-06-17,34,123,125
2019-06-17,35,197,199
2019-06-17,36,168,170
2019-06-17,37,134,135
2019-06-17,38,134,135
2019-06-17,39,265,266
2019-06-17,40,159,160
2019-06-17,41,730,735
2019-06-17,42,170,171
2019-06-17,43,165,167
2019-06-17,44,,
2019-06-17,45,,
2019-06-17,46,,
2019-06-17,47,221,222
2019-06-17,48,160,165
2019-06-17,50,370,430
2019-06-17,51,430,480
2019-06-17,53,910,960
2019-06-17,54,1130,1190
2019-06-17,55,275,310
2019-06-17,56,205,215
2019-06-17,58,125,130
2019-06-17,61,75,85
2019-06-17,62,,
2019-06-17,63,105,115
2019-06-17,64,,
2019-06-17,65,85,95
2019-06-17,66,,
2019-06-17,67,115,125
2019-06-17,68,,
2019-06-17,69,,
2019-06-17,70,,
2019-06-17,71,,
2019-06-17,73,334,335
2019-06-17,74,,
2019-06-17,75,335,337
2019-06-17,76,365,366
2019-06-17,77,357,358
2019-06-17,78,,
2019-06-17,79,,
2019-06-17,80,,
2019-06-17,81,250,265
2019-06-17,82,,
2019-06-17,83,625,630
2019-06-17,84,675,680
2019-06-17,85,645,650
2019-06-17,86,635,640
2019-06-17,87,635,640
2019-06-17,88,615,620
2019-06-17,89,1525,1535
2019-06-17,90,760,770
2019-06-17,91,820,830
2019-06-17,92,795,800
2019-06-17,93,,
2019-06-17,94,715,720
2019-06-17,95,695,700
2019-06-17,96,,
2019-06-17,97,,
2019-06-17,98,,
2019-06-17,100,,
2019-06-17,101,9,10.5
2019-06-17,102,10,11.5
2019-06-17,103,5.05,6
2019-06-17,104,2.3,2.55
2019-06-17,105,2.95,3.05
2019-06-17,106,2.2,2.25
2019-06-17,107,1.25,1.3
2019-06-17,108,271,275
2019-06-17,109,235,237
2019-06-17,110,375,395
2019-06-17,111,,
2019-06-17,112,,
2019-06-17,113,,
2019-06-17,114,235,236
2019-06-17,115,190,192
2019-06-17,116,,
2019-06-17,117,387,389
2019-06-17,118,337,340
2019-06-17,119,,
2019-06-17,120,335,336
2019-06-17,121,437,439
2019-06-17,122,347,349
2019-06-17,123,437,439
2019-06-17,124,344,345
2019-06-17,125,,
2019-06-17,126,,
2019-06-17,127,,
2019-06-17,128,,
2019-06-17,129,,
2019-06-17,130,,
2019-06-17,131,1520,1525
2019-06-17,132,580,585
2019-06-17,133,555,560
2019-06-17,134,700,705
2019-06-17,176,6,7
2019-06-17,177,13,14
2019-06-17,181,4.85,4.95
2019-06-17,182,5.15,5.25
2019-06-17,183,5.52,5.67
2019-06-17,184,6.22,6.42
2019-06-17,185,7.32,7.42
2019-06-17,186,9.4,9.55
2019-06-17,187,425,435
2019-06-17,188,385,395
2019-06-17,189,200,210
2019-06-17,190,1820,1920
2019-06-17,191,,
2019-06-17,192,,
2019-06-17,193,,
2019-06-17,194,,
2019-06-17,195,,
2019-06-17,196,,
2019-06-17,197,,
2019-06-17,198,,
2019-06-17,199,,
2019-06-17,202,,
2019-06-17,203,,
2019-06-17,204,,
2019-06-17,205,,
2019-06-17,206,,
2019-06-17,207,,
2019-06-17,208,,
2019-06-17,209,0.7,0.8
2019-06-17,210,,
2019-06-17,211,0.3,0.35
2019-06-17,212,,
2019-06-17,213,0.2,0.3
2019-06-17,214,,
2019-06-17,215,,
2019-06-17,216,,
2019-06-17,217,,
2019-06-17,218,,
2019-06-17,219,,
2019-06-17,220,,
2019-06-17,221,2,2.2
2019-06-17,222,,
2019-06-17,223,,
2019-06-17,224,3,3.5
2019-06-17,225,1.4,1.5
2019-06-17,226,,
2019-06-17,227,,
2019-06-17,228,,
2019-06-17,229,0.7,0.8
2019-06-17,230,,
2019-06-17,231,,
2019-06-17,232,0.45,0.55
2019-06-17,233,,
2019-06-17,234,,
2019-06-17,235,,
2019-06-17,236,,
2019-06-17,237,,
2019-06-17,238,,
2019-06-17,239,,
2019-06-17,240,,
2019-06-17,241,,
2019-06-17,242,0.3,0.4
2019-06-17,243,0.4,0.45
2019-06-17,244,,
2019-06-17,245,0.45,0.55
2019-06-17,246,,
2019-06-17,247,,
2019-06-17,248,,
2019-06-17,249,,
2019-06-17,250,0.55,0.6
2019-06-17,251,,
2019-06-17,252,1.7,1.8
2019-06-17,253,,
2019-06-17,254,,
2019-06-17,255,0.6,0.7
2019-06-17,256,,
2019-06-17,257,,
2019-06-17,258,0.3,0.4
2019-06-17,259,,
2019-06-17,260,1.5,2
2019-06-17,261,,
2019-06-17,262,,
2019-06-17,263,,
2019-06-17,264,,
2019-06-17,265,,
2019-06-17,266,1,1.2
2019-06-17,267,0.6,0.7
2019-06-17,268,,
2019-06-17,269,,
2019-06-17,270,,
2019-06-17,271,,
2019-06-17,272,1.5,2
2019-06-17,273,,
2019-06-17,274,,
2019-06-17,275,,
2019-06-17,276,,
2019-06-17,277,1.8,2
2019-06-17,278,,
2019-06-17,279,,
2019-06-17,280,,
2019-06-17,281,0.2,0.25
2019-06-17,282,,
2019-06-17,283,,
2019-06-17,284,,
2019-06-17,285,,
2019-06-17,286,0.7,0.8
2019-06-17,287,,
2019-06-17,288,,
2019-06-17,289,,
2019-06-17,290,,
2019-06-17,291,,
2019-06-17,292,,
2019-06-17,293,,
2019-06-17,294,,
2019-06-17,295,,
2019-06-17,296,,
2019-06-17,297,,
2019-06-17,298,,
2019-06-17,299,,
2019-06-17,300,,
2019-06-17,301,,
2019-06-17,302,,
2019-06-17,303,,
2019-06-17,304,,
2019-06-17,305,,
2019-06-17,306,,
2019-06-17,307,,
2019-06-17,308,,
2019-06-17,309,,
2019-06-17,310,,
2019-06-17,311,,
2019-06-17,312,,
2019-06-17,313,,
2019-06-17,314,,
2019-06-17,315,,
2019-06-17,316,,
2019-06-17,317,,
2019-06-17,318,,
2019-06-17,319,,
2019-06-17,320,,
2019-06-17,321,,
2019-06-17,322,,
2019-06-17,323,,
2019-06-17,670,,
2019-06-17,671,,
2019-06-17,672,245,250
2019-06-17,685,,
2019-06-17,691,,
2019-06-17,692,,
2019-06-17,693,2.2,2.5
2019-06-17,694,2.3,2.6
2019-06-17,727,,
2019-06-17,728,0.9,1
2019-06-17,731,6.65,6.75
2019-06-17,732,8,8.1
2019-06-17,733,8.63,8.68
2019-06-17,734,9.03,9.08
2019-06-17,735,7.5,8.5
2019-06-17,736,7.5,8
2019-06-17,737,2.8,3.5
2019-06-17,738,2.9,3.6
2019-06-17,740,7.6,8.5
2019-06-17,741,1.1,1.2
2019-06-17,743,7,7.5
2019-06-17,744,,
2019-06-17,745,1.4,1.5
2019-06-17,747,,
2019-06-17,748,0.9,1
2019-06-17,749,0.95,1.05
2019-06-17,750,1.05,1.15
2019-06-17,751,0.8,0.9
2019-06-17,752,1.5,2
2019-06-17,753,1,1.1
2019-06-17,754,5,6
2019-06-17,755,0.75,0.95
2019-06-17,756,0.85,0.95
2019-06-17,757,3.6,4.5
2019-06-17,758,1.8,2
2019-06-17,759,0.85,0.95
2019-06-17,760,6,7.5
2019-06-17,761,1.9,2.2
2019-06-17,762,1.9,2.3
2019-06-17,763,2.3,2.5
2019-06-17,764,,
2019-06-17,765,6,8
2019-06-17,766,,
2019-06-17,767,,
2019-06-17,768,3,3.5
2019-06-17,769,3,3.5
2019-06-21,328,0.33,0.39
2019-06-21,329,0.08,0.1
2019-06-21,331,0.2,0.24
2019-06-21,332,,
2019-06-21,333,2.35,2.4
2019-06-21,335,2.2,2.25
2019-06-21,336,,
2019-06-21,337,,
2019-06-21,340,,
2019-06-21,341,2.55,2.6
2019-06-21,342,2.8,2.85
2019-06-21,344,12.6,12.6
2019-06-21,345,10.5,10.5
2019-06-21,346,9.4,9.4
2019-06-21,347,7.8,7.8
2019-06-21,350,2.15,2.25
2019-06-21,351,2.15,2.25
2019-06-21,352,3.7,3.8
2019-06-21,353,4.3,4.4
2019-06-21,356,1.7,1.8
2019-06-21,357,1.6,1.7
2019-06-21,358,3.4,3.5
2019-06-21,361,4.2,4.3
2019-06-21,362,5.1,5.2
2019-06-21,363,5.25,5.35
2019-06-21,364,1.95,2.05
2019-06-21,365,1.5,1.6
2019-06-21,366,5.85,5.95
2019-06-21,367,2.5,2.6
2019-06-21,368,1.35,1.45
2019-06-21,369,5.85,5.95
2019-06-21,370,2.35,2.45
2019-06-21,371,1.35,1.45
2019-06-21,372,3.9,4
2019-06-21,674,1.14,1.16
2019-06-21,675,1.47,1.49
2019-06-21,676,2.15,2.25
2019-06-21,677,1.6,1.7
2019-06-21,678,2.25,2.35
2019-06-21,716,15.4,15.4
2019-06-21,717,13.2,13.2
2019-06-21,718,12.2,12.2
2019-06-21,719,9.7,9.7
2019-06-24,2,,
2019-06-24,3,,
2019-06-24,4,,
2019-06-24,5,,
2019-06-24,6,,
2019-06-24,7,264,266
2019-06-24,8,264,266
2019-06-24,9,199,200
2019-06-24,10,210,211
2019-06-24,11,,
2019-06-24,12,188,190
2019-06-24,13,176,177
2019-06-24,14,174,175
2019-06-24,15,179,180
2019-06-24,16,178,179
2019-06-24,17,,
2019-06-24,18,155,158
2019-06-24,19,160,164
2019-06-24,20,165,170
2019-06-24,21,178,182
2019-06-24,22,,
2019-06-24,23,430,435
2019-06-24,24,424,429
2019-06-24,25,274,276
2019-06-24,26,269,272
2019-06-24,27,465,466
2019-06-24,28,461,463
2019-06-24,29,447,448
2019-06-24,30,136,138
2019-06-24,31,140,142
2019-06-24,32,108,110
2019-06-24,33,140,152
2019-06-24,34,111,113
2019-06-24,35,195,197
2019-06-24,36,166,168
2019-06-24,37,119,120
2019-06-24,38,119,120
2019-06-24,39,265,266
2019-06-24,40,159,160
2019-06-24,41,730,735
2019-06-24,42,170,171
2019-06-24,43,166,168
2019-06-24,44,,
2019-06-24,45,,
2019-06-24,46,,
2019-06-24,47,221,222
2019-06-24,48,160,165
2019-06-24,50,360,420
2019-06-24,51,430,480
2019-06-24,53,910,960
2019-06-24,54,1130,1190
2019-06-24,55,275,310
2019-06-24,56,205,215
2019-06-24,58,130,135
2019-06-24,61,75,85
2019-06-24,62,,
2019-06-24,63,105,115
2019-06-24,64,,
2019-06-24,65,85,95
2019-06-24,66,,
2019-06-24,67,115,125
2019-06-24,68,,
2019-06-24,69,,
2019-06-24,70,,
2019-06-24,71,,
2019-06-24,73,334,335
2019-06-24,74,,
2019-06-24,75,335,337
2019-06-24,76,365,366
2019-06-24,77,357,358
2019-06-24,78,,
2019-06-24,79,,
2019-06-24,80,,
2019-06-24,81,250,265
2019-06-24,82,,
2019-06-24,83,625,630
2019-06-24,84,675,680
2019-06-24,85,645,650
2019-06-24,86,635,640
2019-06-24,87,625,630
2019-06-24,88,605,610
2019-06-24,89,1500,1510
2019-06-24,90,760,770
2019-06-24,91,820,830
2019-06-24,92,795,800
2019-06-24,93,,
2019-06-24,94,705,710
2019-06-24,95,685,690
2019-06-24,96,,
2019-06-24,97,,
2019-06-24,98,,
2019-06-24,100,,
2019-06-24,101,9,10.5
2019-06-24,102,10,11.5
2019-06-24,103,5.05,6
2019-06-24,104,2.3,2.55
2019-06-24,105,2.95,3.05
2019-06-24,106,2.2,2.25
2019-06-24,107,1.25,1.3
2019-06-24,108,271,275
2019-06-24,109,238,240
2019-06-24,110,375,395
2019-06-24,111,,
2019-06-24,112,,
2019-06-24,113,,
2019-06-24,114,233,234
2019-06-24,115,190,192
2019-06-24,116,,
2019-06-24,117,375,377
2019-06-24,118,324,327
2019-06-24,119,,
2019-06-24,120,320,321
2019-06-24,121,425,427
2019-06-24,122,334,336
2019-06-24,123,430,432
2019-06-24,124,330,331
2019-06-24,125,,
2019-06-24,126,,
2019-06-24,127,,
2019-06-24,128,,
2019-06-24,129,,
2019-06-24,130,,
2019-06-24,131,1520,1525
2019-06-24,132,575,580
2019-06-24,133,550,555
2019-06-24,134,695,700
2019-06-24,176,6,7
2019-06-24,177,12.5,13.5
2019-06-24,181,4.85,4.95
2019-06-24,182,5.15,5.25
2019-06-24,183,5.52,5.67
2019-06-24,184,6.22,6.42
2019-06-24,185,7.32,7.42
2019-06-24,186,9.4,9.55
2019-06-24,187,440,450
2019-06-24,188,405,415
2019-06-24,189,220,230
2019-06-24,190,1870,1970
2019-06-24,191,,
2019-06-24,192,,
2019-06-24,193,,
2019-06-24,194,,
2019-06-24,195,,
2019-06-24,196,,
2019-06-24,197,,
2019-06-24,198,,
2019-06-24,199,,
2019-06-24,202,,
2019-06-24,203,,
2019-06-24,204,,
2019-06-24,205,,
2019-06-24,206,,
2019-06-24,207,,
2019-06-24,208,,
2019-06-24,209,,
2019-06-24,210,,
2019-06-24,211,0.3,0.35
2019-06-24,212,,
2019-06-24,213,0.35,0.45
2019-06-24,214,,
2019-06-24,215,,
2019-06-24,216,,
2019-06-24,217,,
2019-06-24,218,,
2019-06-24,219,,
2019-06-24,220,,
2019-06-24,221,2.3,2.5
2019-06-24,222,,
2019-06-24,223,,
2019-06-24,224,3,3.5
2019-06-24,225,1.4,1.5
2019-06-24,226,,
2019-06-24,227,,
2019-06-24,228,,
2019-06-24,229,0.6,0.7
2019-06-24,230,,
2019-06-24,231,,
2019-06-24,232,0.45,0.55
2019-06-24,233,,
2019-06-24,234,,
2019-06-24,235,,
2019-06-24,236,,
2019-06-24,237,,
2019-06-24,238,0.65,0.75
2019-06-24,239,,
2019-06-24,240,,
2019-06-24,241,,
2019-06-24,242,0.35,0.45
2019-06-24,243,0.4,0.45
2019-06-24,244,,
2019-06-24,245,0.5,0.55
2019-06-24,246,,
2019-06-24,247,,
2019-06-24,248,,
2019-06-24,249,,
2019-06-24,250,0.55,0.6
2019-06-24,251,,
2019-06-24,252,1.7,1.8
2019-06-24,253,,
2019-06-24,254,,
2019-06-24,255,0.6,0.7
2019-06-24,256,,
2019-06-24,257,,
2019-06-24,258,0.35,0.45
2019-06-24,259,,
2019-06-24,260,1.5,2
2019-06-24,261,,
2019-06-24,262,,
2019-06-24,263,,
2019-06-24,264,,
2019-06-24,265,,
2019-06-24,266,,
2019-06-24,267,0.4,0.6
2019-06-24,268,,
2019-06-24,269,,
2019-06-24,270,,
2019-06-24,271,,
2019-06-24,272,,
2019-06-24,273,1.3,1.5
2019-06-24,274,,
2019-06-24,275,,
2019-06-24,276,,
2019-06-24,277,,
2019-06-24,278,,
2019-06-24,279,,
2019-06-24,280,,
2019-06-24,281,0.2,0.25
2019-06-24,282,,
2019-06-24,283,,
2019-06-24,284,,
2019-06-24,285,,
2019-06-24,286,0.9,1
2019-06-24,287,,
2019-06-24,288,,
2019-06-24,289,,
2019-06-24,290,,
2019-06-24,291,,
2019-06-24,292,,
2019-06-24,293,,
2019-06-24,294,,
2019-06-24,295,,
2019-06-24,296,,
2019-06-24,297,,
2019-06-24,298,,
2019-06-24,299,,
2019-06-24,300,,
2019-06-24,301,,
2019-06-24,302,,
2019-06-24,303,,
2019-06-24,304,,
2019-06-24,305,,
2019-06-24,306,,
2019-06-24,307,,
2019-06-24,308,,
2019-06-24,309,,
2019-06-24,310,,
2019-06-24,311,,
2019-06-24,312,,
2019-06-24,313,,
2019-06-24,314,,
2019-06-24,315,,
2019-06-24,316,,
2019-06-24,317,,
2019-06-24,318,,
2019-06-24,319,,
2019-06-24,320,,
2019-06-24,321,,
2019-06-24,322,,
2019-06-24,323,,
2019-06-24,670,,
2019-06-24,671,,
2019-06-24,672,248,250
2019-06-24,685,,
2019-06-24,691,,
2019-06-24,692,,
2019-06-24,693,2.2,2.5
2019-06-24,694,2.3,2.6
2019-06-24,727,,
2019-06-24,728,0.9,1
2019-06-24,731,6.65,6.75
2019-06-24,732,8,8.1
2019-06-24,733,8.65,8.7
2019-06-24,734,9.05,9.1
2019-06-24,735,7.5,8.5
2019-06-24,736,7.5,8
2019-06-24,737,2.8,3.5
2019-06-24,738,2.9,3.6
2019-06-24,740,7.6,8.5
2019-06-24,741,1.1,1.2
2019-06-24,743,7,7.5
2019-06-24,744,,
2019-06-24,745,1.4,1.5
2019-06-24,747,,
2019-06-24,748,0.9,1
2019-06-24,749,0.95,1.05
2019-06-24,750,1.05,1.15
2019-06-24,751,0.8,0.9
2019-06-24,752,1.5,2
2019-06-24,753,1,1.1
2019-06-24,754,5,6
2019-06-24,755,0.75,0.95
2019-06-24,756,0.85,0.95
2019-06-24,757,3.6,4.5
2019-06-24,758,1.8,2
2019-06-24,759,0.85,0.95
2019-06-24,760,6,7.5
2019-06-24,761,1.9,2.2
2019-06-24,762,1.9,2.3
2019-06-24,763,2.3,2.5
2019-06-24,764,,
2019-06-24,765,6,8
2019-06-24,766,,
2019-06-24,767,,
2019-06-24,768,3,3.5
2019-06-24,769,3,3.5
2019-06-28,328,0.3,0.36
2019-06-28,329,0.06,0.08
2019-06-28,331,0.17,0.21
2019-06-28,332,,
2019-06-28,333,2.35,2.4
2019-06-28,335,2.1,2.15
2019-06-28,336,,
2019-06-28,337,,
2019-06-28,340,,
2019-06-28,341,2.55,2.6
2019-06-28,342,2.8,2.85
2019-06-28,344,12.4,12.4
2019-06-28,345,10.3,10.3
2019-06-28,346,9.2,9.2
2019-06-28,347,7.6,7.6
2019-06-28,350,2.15,2.25
2019-06-28,351,2.15,2.25
2019-06-28,352,3.7,3.8
2019-06-28,353,4.3,4.4
2019-06-28,356,1.6,1.7
2019-06-28,357,1.5,1.6
2019-06-28,358,3.3,3.4
2019-06-28,361,4.2,4.3
2019-06-28,362,5.1,5.2
2019-06-28,363,5.25,5.35
2019-06-28,364,1.95,2.05
2019-06-28,365,1.5,1.6
2019-06-28,366,5.85,5.95
2019-06-28,367,2.5,2.6
2019-06-28,368,1.35,1.45
2019-06-28,369,5.85,5.95
2019-06-28,370,2.35,2.45
2019-06-28,371,1.35,1.45
2019-06-28,372,3.9,4
2019-06-28,674,1.14,1.16
2019-06-28,675,1.47,1.49
2019-06-28,676,2.15,2.25
2019-06-28,677,1.5,1.6
2019-06-28,678,2.25,2.35
2019-06-28,716,15.2,15.2
2019-06-28,717,13,13
2019-06-28,718,12,12
2019-06-28,719,9.5,9.5
2019-06-30,7,264,266
2019-06-30,8,264,266
2019-06-30,9,200,201
2019-06-30,10,210,211
2019-06-30,12,188,190
2019-06-30,13,176,177
2019-06-30,14,174,175
2019-06-30,15,179,180
2019-06-30,16,178,179
2019-06-30,18,155,158
2019-06-30,19,160,164
2019-06-30,20,165,170
2019-06-30,21,178,182
2019-06-30,23,430,435
2019-06-30,24,424,429
2019-06-30,25,274,276
2019-06-30,26,269,272
2019-06-30,27,465,466
2019-06-30,28,461,463
2019-06-30,29,447,448
2019-06-30,30,142,144
2019-06-30,31,146,148
2019-06-30,32,114,116
2019-06-30,33,146,158
2019-06-30,34,117,119
2019-06-30,35,196,198
2019-06-30,36,167,169
2019-06-30,37,126.5,127.5
2019-06-30,38,126.5,127.5
2019-06-30,39,265,266
2019-06-30,40,159,160
2019-06-30,41,730,735
2019-06-30,42,170,171
2019-06-30,43,165.5,167.5
2019-06-30,47,221,222
2019-06-30,48,160,165
2019-06-30,50,365,425
2019-06-30,51,430,480
2019-06-30,53,910,960
2019-06-30,54,1130,1190
2019-06-30,55,275,310
2019-06-30,56,205,215
2019-06-30,58,127.5,132.5
2019-06-30,61,75,85
2019-06-30,63,105,115
2019-06-30,65,85,95
2019-06-30,67,115,125
2019-06-30,73,334,335
2019-06-30,75,335,337
2019-06-30,76,365,366
2019-06-30,77,357,358
2019-06-30,81,250,265
2019-06-30,83,625,630
2019-06-30,84,675,680
2019-06-30,85,645,650
2019-06-30,86,635,640
2019-06-30,87,630,635
2019-06-30,88,610,615
2019-06-30,89,1512.5,1522.5
2019-06-30,90,760,770
2019-06-30,91,820,830
2019-06-30,92,795,800
2019-06-30,94,710,715
2019-06-30,95,690,695
2019-06-30,101,9,10.5
2019-06-30,102,10,11.5
2019-06-30,103,5.05,6
2019-06-30,104,2.3,2.55
2019-06-30,105,2.95,3.05
2019-06-30,106,2.2,2.25
2019-06-30,107,1.25,1.3
2019-06-30,108,271,275
2019-06-30,109,236.5,238.5
2019-06-30,110,375,395
2019-06-30,114,234,235
2019-06-30,115,190,192
2019-06-30,117,381,383
2019-06-30,118,330.5,333.5
2019-06-30,120,327.5,328.5
2019-06-30,121,431,433
2019-06-30,122,340.5,342.5
2019-06-30,123,433.5,435.5
2019-06-30,124,337,338
2019-06-30,131,1520,1525
2019-06-30,132,577.5,582.5
2019-06-30,133,552.5,557.5
2019-06-30,134,697.5,702.5
2019-06-30,176,6,7
2019-06-30,177,12.75,13.75
2019-06-30,181,4.85,4.95
2019-06-30,182,5.15,5.25
2019-06-30,183,5.52,5.67
2019-06-30,184,6.22,6.42
2019-06-30,185,7.32,7.42
2019-06-30,186,9.4,9.55
2019-06-30,187,432.5,442.5
2019-06-30,188,395,405
2019-06-30,189,210,220
2019-06-30,190,1845,1945
2019-06-30,209,0.7,0.8
2019-06-30,211,0.3,0.35
2019-06-30,213,0.28,0.38
2019-06-30,221,2.15,2.35
2019-06-30,224,3,3.5
2019-06-30,225,1.4,1.5
2019-06-30,229,0.65,0.75
2019-06-30,232,0.45,0.55
2019-06-30,238,0.65,0.75
2019-06-30,242,0.32,0.43
2019-06-30,243,0.4,0.45
2019-06-30,245,0.47,0.55
2019-06-30,250,0.55,0.6
2019-06-30,252,1.7,1.8
2019-06-30,255,0.6,0.7
2019-06-30,258,0.32,0.43
2019-06-30,260,1.5,2
2019-06-30,266,1,1.2
2019-06-30,267,0.5,0.65
2019-06-30,272,1.5,2
2019-06-30,273,1.3,1.5
2019-06-30,277,1.8,2
2019-06-30,281,0.2,0.25
2019-06-30,286,0.8,0.9
2019-06-30,328,0.32,0.38
2019-06-30,329,0.07,0.09
2019-06-30,331,0.18,0.22
2019-06-30,333,2.35,2.4
2019-06-30,335,2.15,2.2
2019-06-30,341,2.55,2.6
2019-06-30,342,2.8,2.85
2019-06-30,344,12.5,12.5
2019-06-30,345,10.4,10.4
2019-06-30,346,9.3,9.3
2019-06-30,347,7.7,7.7
2019-06-30,350,2.15,2.25
2019-06-30,351,2.15,2.25
2019-06-30,352,3.7,3.8
2019-06-30,353,4.3,4.4
2019-06-30,356,1.65,1.75
2019-06-30,357,1.55,1.65
2019-06-30,358,3.35,3.45
2019-06-30,361,4.2,4.3
2019-06-30,362,5.1,5.2
2019-06-30,363,5.25,5.35
2019-06-30,364,1.95,2.05
2019-06-30,365,1.5,1.6
2019-06-30,366,5.85,5.95
2019-06-30,367,2.5,2.6
2019-06-30,368,1.35,1.45
2019-06-30,369,5.85,5.95
2019-06-30,370,2.35,2.45
2019-06-30,371,1.35,1.45
2019-06-30,372,3.9,4
2019-06-30,672,246.5,250
2019-06-30,674,1.14,1.16
2019-06-30,675,1.47,1.49
2019-06-30,676,2.15,2.25
2019-06-30,677,1.55,1.65
2019-06-30,678,2.25,2.35
2019-06-30,693,2.2,2.5
2019-06-30,694,2.3,2.6
2019-06-30,716,15.3,15.3
2019-06-30,717,13.1,13.1
2019-06-30,718,12.1,12.1
2019-06-30,719,9.6,9.6
2019-06-30,728,0.9,1
2019-06-30,731,6.65,6.75
2019-06-30,732,8,8.1
2019-06-30,733,8.64,8.69
2019-06-30,734,9.04,9.09
2019-06-30,735,7.5,8.5
2019-06-30,736,7.5,8
2019-06-30,737,2.8,3.5
2019-06-30,738,2.9,3.6
2019-06-30,740,7.6,8.5
2019-06-30,741,1.1,1.2
2019-06-30,743,7,7.5
2019-06-30,745,1.4,1.5
2019-06-30,748,0.9,1
2019-06-30,749,0.95,1.05
2019-06-30,750,1.05,1.15
2019-06-30,751,0.8,0.9
2019-06-30,752,1.5,2
2019-06-30,753,1,1.1
2019-06-30,754,5,6
2019-06-30,755,0.75,0.95
2019-06-30,756,0.85,0.95
2019-06-30,757,3.6,4.5
2019-06-30,758,1.8,2
2019-06-30,759,0.85,0.95
2019-06-30,760,6,7.5
2019-06-30,761,1.9,2.2
2019-06-30,762,1.9,2.3
2019-06-30,763,2.3,2.5
2019-06-30,765,6,8
2019-06-30,768,3,3.5
2019-06-30,769,3,3.5
2019-07-01,2,,
2019-07-01,3,,
2019-07-01,4,177,180
2019-07-01,5,172,175
2019-07-01,6,168,170
2019-07-01,7,262,264
2019-07-01,8,262,264
2019-07-01,9,184,185
2019-07-01,10,190,191
2019-07-01,11,,
2019-07-01,12,188,190
2019-07-01,13,176,177
2019-07-01,14,174,175
2019-07-01,15,182,183
2019-07-01,16,176,177
2019-07-01,17,,
2019-07-01,18,155,158
2019-07-01,19,160,164
2019-07-01,20,165,170
2019-07-01,21,178,182
2019-07-01,22,,
2019-07-01,23,430,435
2019-07-01,24,424,429
2019-07-01,25,274,276
2019-07-01,26,269,272
2019-07-01,27,465,466
2019-07-01,28,461,463
2019-07-01,29,447,448
2019-07-01,30,128,130
2019-07-01,31,132,134
2019-07-01,32,100,102
2019-07-01,33,132,144
2019-07-01,34,103,105
2019-07-01,35,190,192
2019-07-01,36,161,163
2019-07-01,37,109,110
2019-07-01,38,109,110
2019-07-01,39,265,266
2019-07-01,40,159,160
2019-07-01,41,730,735
2019-07-01,42,170,171
2019-07-01,43,166,168
2019-07-01,44,,
2019-07-01,45,,
2019-07-01,46,,
2019-07-01,47,221,222
2019-07-01,48,160,165
2019-07-01,50,360,420
2019-07-01,51,430,480
2019-07-01,53,910,960
2019-07-01,54,1130,1190
2019-07-01,55,275,305
2019-07-01,56,200,210
2019-07-01,58,130,135
2019-07-01,61,70,80
2019-07-01,62,,
2019-07-01,63,100,110
2019-07-01,64,,
2019-07-01,65,80,90
2019-07-01,66,,
2019-07-01,67,110,120
2019-07-01,68,,
2019-07-01,69,45,55
2019-07-01,70,,
2019-07-01,71,70,75
2019-07-01,73,336,337
2019-07-01,74,,
2019-07-01,75,335,339
2019-07-01,76,365,366
2019-07-01,77,357,358
2019-07-01,78,,
2019-07-01,79,,
2019-07-01,80,,
2019-07-01,81,250,265
2019-07-01,82,,
2019-07-01,83,625,630
2019-07-01,84,675,680
2019-07-01,85,645,650
2019-07-01,86,635,640
2019-07-01,87,635,640
2019-07-01,88,615,620
2019-07-01,89,1500,1510
2019-07-01,90,760,770
2019-07-01,91,820,830
2019-07-01,92,795,800
2019-07-01,93,,
2019-07-01,94,715,720
2019-07-01,95,695,700
2019-07-01,96,,
2019-07-01,97,,
2019-07-01,98,,
2019-07-01,100,,
2019-07-01,101,9,10.5
2019-07-01,102,10,11.5
2019-07-01,103,5.05,6
2019-07-01,104,2.3,2.55
2019-07-01,105,2.95,3.05
2019-07-01,106,2.2,2.25
2019-07-01,107,1.25,1.3
2019-07-01,108,271,275
2019-07-01,109,238,240
2019-07-01,110,380,395
2019-07-01,111,,
2019-07-01,112,,
2019-07-01,113,,
2019-07-01,114,235,236
2019-07-01,115,190,192
2019-07-01,116,,
2019-07-01,117,375,377
2019-07-01,118,320,323
2019-07-01,119,,
2019-07-01,120,320,321
2019-07-01,121,425,427
2019-07-01,122,330,332
2019-07-01,123,430,432
2019-07-01,124,328,329
2019-07-01,125,,
2019-07-01,126,,
2019-07-01,127,220,225
2019-07-01,128,215,220
2019-07-01,129,195,205
2019-07-01,130,150,155
2019-07-01,131,1520,1525
2019-07-01,132,575,580
2019-07-01,133,545,550
2019-07-01,134,695,700
2019-07-01,176,6,7
2019-07-01,177,12.5,13.5
2019-07-01,181,4.85,4.95
2019-07-01,182,5.15,5.25
2019-07-01,183,5.52,5.67
2019-07-01,184,6.22,6.42
2019-07-01,185,7.32,7.42
2019-07-01,186,9.4,9.55
2019-07-01,187,450,460
2019-07-01,188,415,425
2019-07-01,189,220,230
2019-07-01,190,1870,1970
2019-07-01,191,,
2019-07-01,192,,
2019-07-01,193,,
2019-07-01,194,,
2019-07-01,195,,
2019-07-01,196,,
2019-07-01,197,,
2019-07-01,198,,
2019-07-01,199,,
2019-07-01,202,,
2019-07-01,203,,
2019-07-01,204,,
2019-07-01,205,,
2019-07-01,206,,
2019-07-01,207,,
2019-07-01,208,,
2019-07-01,209,,
2019-07-01,210,,
2019-07-01,211,0.3,0.35
2019-07-01,212,,
2019-07-01,213,0.35,0.45
2019-07-01,214,,
2019-07-01,215,,
2019-07-01,216,,
2019-07-01,217,,
2019-07-01,218,,
2019-07-01,219,,
2019-07-01,220,,
2019-07-01,221,2.3,2.5
2019-07-01,222,,
2019-07-01,223,,
2019-07-01,224,3,3.5
2019-07-01,225,1.4,1.5
2019-07-01,226,,
2019-07-01,227,,
2019-07-01,228,,
2019-07-01,229,0.6,0.7
2019-07-01,230,,
2019-07-01,231,,
2019-07-01,232,0.45,0.55
2019-07-01,233,,
2019-07-01,234,,
2019-07-01,235,,
2019-07-01,236,,
2019-07-01,237,,
2019-07-01,238,0.65,0.75
2019-07-01,239,,
2019-07-01,240,,
2019-07-01,241,0.6,0.7
2019-07-01,242,0.6,0.7
2019-07-01,243,0.45,0.5
2019-07-01,244,,
2019-07-01,245,0.6,0.7
2019-07-01,246,,
2019-07-01,247,,
2019-07-01,248,,
2019-07-01,249,,
2019-07-01,250,0.55,0.6
2019-07-01,251,,
2019-07-01,252,2,2.5
2019-07-01,253,,
2019-07-01,254,,
2019-07-01,255,0.6,0.7
2019-07-01,256,,
2019-07-01,257,,
2019-07-01,258,0.5,0.6
2019-07-01,259,,
2019-07-01,260,2,2.5
2019-07-01,261,,
2019-07-01,262,,
2019-07-01,263,,
2019-07-01,264,,
2019-07-01,265,,
2019-07-01,266,,
2019-07-01,267,0.4,0.6
2019-07-01,268,,
2019-07-01,269,0.6,0.7
2019-07-01,270,,
2019-07-01,271,,
2019-07-01,272,,
2019-07-01,273,1.5,1.8
2019-07-01,274,1.8,2
2019-07-01,275,,
2019-07-01,276,,
2019-07-01,277,,
2019-07-01,278,,
2019-07-01,279,,
2019-07-01,280,,
2019-07-01,281,,
2019-07-01,282,,
2019-07-01,283,,
2019-07-01,284,,
2019-07-01,285,,
2019-07-01,286,1.2,1.3
2019-07-01,287,,
2019-07-01,288,,
2019-07-01,289,,
2019-07-01,290,,
2019-07-01,291,,
2019-07-01,292,0.2,0.3
2019-07-01,293,0.3,0.4
2019-07-01,294,0.4,0.5
2019-07-01,295,,
2019-07-01,296,,
2019-07-01,297,,
2019-07-01,298,,
2019-07-01,299,,
2019-07-01,300,,
2019-07-01,301,,
2019-07-01,302,,
2019-07-01,303,,
2019-07-01,304,,
2019-07-01,305,,
2019-07-01,306,,
2019-07-01,307,,
2019-07-01,308,,
2019-07-01,309,,
2019-07-01,310,,
2019-07-01,311,,
2019-07-01,312,0.15,0.2
2019-07-01,313,0.2,0.25
2019-07-01,314,0.25,0.3
2019-07-01,315,,
2019-07-01,316,,
2019-07-01,317,,
2019-07-01,318,,
2019-07-01,319,,
2019-07-01,320,,
2019-07-01,321,,
2019-07-01,322,,
2019-07-01,323,,
2019-07-01,670,,
2019-07-01,671,,
2019-07-01,672,245,250
2019-07-01,685,,
2019-07-01,691,,
2019-07-01,692,,
2019-07-01,693,2.2,2.5
2019-07-01,694,2.3,2.6
2019-07-01,727,,
2019-07-01,728,0.9,1
2019-07-01,731,6.65,6.75
2019-07-01,732,8,8.1
2019-07-01,733,8.65,8.7
2019-07-01,734,9.05,9.1
2019-07-01,735,7.5,8.5
2019-07-01,736,7.5,8
2019-07-01,737,2.8,3.5
2019-07-01,738,2.9,3.6
2019-07-01,740,7.6,8.5
2019-07-01,741,1.1,1.2
2019-07-01,743,7,7.5
2019-07-01,744,,
2019-07-01,745,1.4,1.5
2019-07-01,747,,
2019-07-01,748,0.9,1
2019-07-01,749,0.95,1.05
2019-07-01,750,1.05,1.15
2019-07-01,751,0.8,0.9
2019-07-01,752,1.5,2
2019-07-01,753,1,1.1
2019-07-01,754,5,6
2019-07-01,755,0.75,0.95
2019-07-01,756,0.85,0.95
2019-07-01,757,3.6,4.5
2019-07-01,758,1.8,2
2019-07-01,759,0.85,0.95
2019-07-01,760,6,7.5
2019-07-01,761,1.9,2.2
2019-07-01,762,1.9,2.3
2019-07-01,763,2.3,2.5
2019-07-01,764,,
2019-07-01,765,6,8
2019-07-01,766,,
2019-07-01,767,,
2019-07-01,768,3,3.5
2019-07-01,769,3,3.5
2019-07-05,328,0.3,0.36
2019-07-05,329,0.06,0.08
2019-07-05,331,0.17,0.21
2019-07-05,332,,
2019-07-05,333,2.35,2.4
2019-07-05,335,2.1,2.15
2019-07-05,336,,
2019-07-05,337,,
2019-07-05,340,,
2019-07-05,341,2.55,2.6
2019-07-05,342,2.8,2.85
2019-07-05,344,12.3,12.3
2019-07-05,345,10.2,10.2
2019-07-05,346,9.1,9.1
2019-07-05,347,7.5,7.5
2019-07-05,350,2.15,2.25
2019-07-05,351,2.15,2.25
2019-07-05,352,3.7,3.8
2019-07-05,353,4.3,4.4
2019-07-05,356,1.6,1.7
2019-07-05,357,1.5,1.6
2019-07-05,358,3.3,3.4
2019-07-05,361,4.2,4.3
2019-07-05,362,5.1,5.2
2019-07-05,363,5.35,5.45
2019-07-05,364,1.95,2.05
2019-07-05,365,1.5,1.6
2019-07-05,366,6.1,6.2
2019-07-05,367,2.5,2.6
2019-07-05,368,1.35,1.45
2019-07-05,369,6.1,6.2
2019-07-05,370,2.35,2.45
2019-07-05,371,1.35,1.45
2019-07-05,372,3.65,3.75
2019-07-05,674,1.14,1.16
2019-07-05,675,1.52,1.54
2019-07-05,676,2.15,2.25
2019-07-05,677,1.5,1.6
2019-07-05,678,2.35,2.45
2019-07-05,716,15.1,15.1
2019-07-05,717,12.9,12.9
2019-07-05,718,11.9,11.9
2019-07-05,719,9.4,9.4
2019-07-08,2,,
2019-07-08,3,,
2019-07-08,4,178,180
2019-07-08,5,172,175
2019-07-08,6,168,170
2019-07-08,7,260,262
2019-07-08,8,260,262
2019-07-08,9,184,185
2019-07-08,10,190,191
2019-07-08,11,,
2019-07-08,12,188,190
2019-07-08,13,176,177
2019-07-08,14,174,175
2019-07-08,15,180,182
2019-07-08,16,175,176
2019-07-08,17,,
2019-07-08,18,153,156
2019-07-08,19,160,164
2019-07-08,20,165,170
2019-07-08,21,178,180
2019-07-08,22,,
2019-07-08,23,430,435
2019-07-08,24,424,429
2019-07-08,25,274,276
2019-07-08,26,269,272
2019-07-08,27,465,466
2019-07-08,28,461,463
2019-07-08,29,447,448
2019-07-08,30,128,130
2019-07-08,31,132,134
2019-07-08,32,100,102
2019-07-08,33,132,144
2019-07-08,34,103,105
2019-07-08,35,187,189
2019-07-08,36,158,160
2019-07-08,37,116,117
2019-07-08,38,116,117
2019-07-08,39,265,266
2019-07-08,40,159,160
2019-07-08,41,730,735
2019-07-08,42,170,171
2019-07-08,43,166,168
2019-07-08,44,,
2019-07-08,45,,
2019-07-08,46,,
2019-07-08,47,221,222
2019-07-08,48,160,165
2019-07-08,50,360,420
2019-07-08,51,430,480
2019-07-08,53,910,960
2019-07-08,54,1130,1190
2019-07-08,55,275,305
2019-07-08,56,200,210
2019-07-08,58,130,135
2019-07-08,61,,
2019-07-08,62,,
2019-07-08,63,100,110
2019-07-08,64,,
2019-07-08,65,80,90
2019-07-08,66,,
2019-07-08,67,110,120
2019-07-08,68,,
2019-07-08,69,45,55
2019-07-08,70,,
2019-07-08,71,70,75
2019-07-08,73,334,335
2019-07-08,74,,
2019-07-08,75,333,337
2019-07-08,76,360,361
2019-07-08,77,352,353
2019-07-08,78,,
2019-07-08,79,335,340
2019-07-08,80,,
2019-07-08,81,250,265
2019-07-08,82,,
2019-07-08,83,625,630
2019-07-08,84,675,680
2019-07-08,85,645,650
2019-07-08,86,635,640
2019-07-08,87,630,635
2019-07-08,88,610,615
2019-07-08,89,1500,1510
2019-07-08,90,760,770
2019-07-08,91,820,830
2019-07-08,92,795,800
2019-07-08,93,,
2019-07-08,94,710,715
2019-07-08,95,690,695
2019-07-08,96,,
2019-07-08,97,,
2019-07-08,98,,
2019-07-08,100,,
2019-07-08,101,9,10.5
2019-07-08,102,10,11.5
2019-07-08,103,5.05,6
2019-07-08,104,2.3,2.55
2019-07-08,105,2.95,3.05
2019-07-08,106,2.2,2.25
2019-07-08,107,1.25,1.3
2019-07-08,108,271,275
2019-07-08,109,238,240
2019-07-08,110,380,395
2019-07-08,111,,
2019-07-08,112,245,250
2019-07-08,113,,
2019-07-08,114,230,231
2019-07-08,115,190,192
2019-07-08,116,,
2019-07-08,117,370,372
2019-07-08,118,315,318
2019-07-08,119,,
2019-07-08,120,315,316
2019-07-08,121,420,422
2019-07-08,122,325,327
2019-07-08,123,425,427
2019-07-08,124,323,324
2019-07-08,125,,
2019-07-08,126,,
2019-07-08,127,215,220
2019-07-08,128,210,215
2019-07-08,129,190,200
2019-07-08,130,145,150
2019-07-08,131,1530,1535
2019-07-08,132,570,575
2019-07-08,133,540,545
2019-07-08,134,695,700
2019-07-08,176,6,7
2019-07-08,177,12,13
2019-07-08,181,4.85,4.95
2019-07-08,182,5.15,5.25
2019-07-08,183,5.52,5.67
2019-07-08,184,6.22,6.42
2019-07-08,185,7.32,7.42
2019-07-08,186,9.4,9.55
2019-07-08,187,460,470
2019-07-08,188,425,435
2019-07-08,189,235,245
2019-07-08,190,1900,2000
2019-07-08,191,,
2019-07-08,192,,
2019-07-08,193,,
2019-07-08,194,,
2019-07-08,195,,
2019-07-08,196,,
2019-07-08,197,,
2019-07-08,198,,
2019-07-08,199,,
2019-07-08,202,,
2019-07-08,203,,
2019-07-08,204,,
2019-07-08,205,,
2019-07-08,206,,
2019-07-08,207,,
2019-07-08,208,,
2019-07-08,209,,
2019-07-08,210,,
2019-07-08,211,0.35,0.45
2019-07-08,212,,
2019-07-08,213,0.55,0.6
2019-07-08,214,,
2019-07-08,215,,
2019-07-08,216,,
2019-07-08,217,,
2019-07-08,218,,
2019-07-08,219,,
2019-07-08,220,,
2019-07-08,221,2,2.3
2019-07-08,222,,
2019-07-08,223,1,1.05
2019-07-08,224,3,3.5
2019-07-08,225,1.4,1.5
2019-07-08,226,,
2019-07-08,227,,
2019-07-08,228,,
2019-07-08,229,0.75,0.85
2019-07-08,230,,
2019-07-08,231,,
2019-07-08,232,0.6,0.7
2019-07-08,233,,
2019-07-08,234,,
2019-07-08,235,,
2019-07-08,236,1.25,1.35
2019-07-08,237,1.25,1.35
2019-07-08,238,0.7,0.8
2019-07-08,239,,
2019-07-08,240,,
2019-07-08,241,0.6,0.7
2019-07-08,242,0.8,0.85
2019-07-08,243,0.6,0.7
2019-07-08,244,,
2019-07-08,245,0.7,0.8
2019-07-08,246,,
2019-07-08,247,,
2019-07-08,248,,
2019-07-08,249,,
2019-07-08,250,0.6,0.7
2019-07-08,251,,
2019-07-08,252,2.8,3.2
2019-07-08,253,,
2019-07-08,254,,
2019-07-08,255,,
2019-07-08,256,,
2019-07-08,257,,
2019-07-08,258,0.75,0.85
2019-07-08,259,,
2019-07-08,260,2.3,2.8
2019-07-08,261,,
2019-07-08,262,,
2019-07-08,263,,
2019-07-08,264,,
2019-07-08,265,,
2019-07-08,266,,
2019-07-08,267,0.4,0.6
2019-07-08,268,,
2019-07-08,269,0.6,0.7
2019-07-08,270,,
2019-07-08,271,,
2019-07-08,272,,
2019-07-08,273,1.8,2
2019-07-08,274,2,2.3
2019-07-08,275,,
2019-07-08,276,,
2019-07-08,277,,
2019-07-08,278,,
2019-07-08,279,,
2019-07-08,280,,
2019-07-08,281,,
2019-07-08,282,,
2019-07-08,283,,
2019-07-08,284,,
2019-07-08,285,,
2019-07-08,286,1.25,1.35
2019-07-08,287,,
2019-07-08,288,,
2019-07-08,289,,
2019-07-08,290,,
2019-07-08,291,,
2019-07-08,292,0.2,0.3
2019-07-08,293,0.3,0.4
2019-07-08,294,0.4,0.5
2019-07-08,295,0.55,0.6
2019-07-08,296,,
2019-07-08,297,,
2019-07-08,298,,
2019-07-08,299,,
2019-07-08,300,,
2019-07-08,301,,
2019-07-08,302,,
2019-07-08,303,,
2019-07-08,304,,
2019-07-08,305,,
2019-07-08,306,,
2019-07-08,307,,
2019-07-08,308,,
2019-07-08,309,,
2019-07-08,310,,
2019-07-08,311,,
2019-07-08,312,0.15,0.2
2019-07-08,313,0.2,0.25
2019-07-08,314,0.25,0.3
2019-07-08,315,0.4,0.45
2019-07-08,316,,
2019-07-08,317,,
2019-07-08,318,,
2019-07-08,319,,
2019-07-08,320,,
2019-07-08,321,,
2019-07-08,322,,
2019-07-08,323,,
2019-07-08,670,,
2019-07-08,671,,
2019-07-08,672,240,245
2019-07-08,685,,
2019-07-08,691,,
2019-07-08,692,,
2019-07-08,693,2.2,2.5
2019-07-08,694,2.3,2.6
2019-07-08,727,,
2019-07-08,728,0.9,1
2019-07-08,731,6.65,6.75
2019-07-08,732,8,8.1
2019-07-08,733,8.65,8.7
2019-07-08,734,9.05,9.1
2019-07-08,735,7.5,8.5
2019-07-08,736,7.5,8
2019-07-08,737,2.8,3.5
2019-07-08,738,2.9,3.6
2019-07-08,740,7.6,8.5
2019-07-08,741,1.1,1.2
2019-07-08,743,7,7.5
2019-07-08,744,,
2019-07-08,745,1.4,1.5
2019-07-08,747,,
2019-07-08,748,0.9,1
2019-07-08,749,0.95,1.05
2019-07-08,750,1.05,1.15
2019-07-08,751,0.8,0.9
2019-07-08,752,1.5,2
2019-07-08,753,1,1.1
2019-07-08,754,5,6
2019-07-08,755,0.75,0.95
2019-07-08,756,0.85,0.95
2019-07-08,757,3.6,4.5
2019-07-08,758,1.8,2
2019-07-08,759,0.85,0.95
2019-07-08,760,6,7.5
2019-07-08,761,1.9,2.2
2019-07-08,762,1.9,2.3
2019-07-08,763,2.3,2.5
2019-07-08,764,,
2019-07-08,765,6,8
2019-07-08,766,,
2019-07-08,767,,
2019-07-08,768,3,3.5
2019-07-08,769,3,3.5
2019-07-12,328,0.3,0.36
2019-07-12,329,0.06,0.08
2019-07-12,331,0.17,0.21
2019-07-12,332,,
2019-07-12,333,2.35,2.4
2019-07-12,335,2.1,2.15
2019-07-12,336,,
2019-07-12,337,,
2019-07-12,340,,
2019-07-12,341,2.55,2.6
2019-07-12,342,2.8,2.85
2019-07-12,344,12.3,12.3
2019-07-12,345,10.2,10.2
2019-07-12,346,9.1,9.1
2019-07-12,347,7.5,7.5
2019-07-12,350,2.15,2.25
2019-07-12,351,2.15,2.25
2019-07-12,352,3.7,3.8
2019-07-12,353,4.3,4.4
2019-07-12,356,1.6,1.7
2019-07-12,357,1.5,1.6
2019-07-12,358,3.3,3.4
2019-07-12,361,4.2,4.3
2019-07-12,362,5.1,5.2
2019-07-12,363,5.35,5.45
2019-07-12,364,1.95,2.05
2019-07-12,365,1.5,1.6
2019-07-12,366,6.2,6.3
2019-07-12,367,2.5,2.6
2019-07-12,368,1.35,1.45
2019-07-12,369,6.2,6.3
2019-07-12,370,2.35,2.45
2019-07-12,371,1.35,1.45
2019-07-12,372,3.65,3.75
2019-07-12,674,1.14,1.16
2019-07-12,675,1.54,1.56
2019-07-12,676,2.15,2.25
2019-07-12,677,1.5,1.6
2019-07-12,678,2.4,2.5
2019-07-12,716,15.1,15.1
2019-07-12,717,12.9,12.9
2019-07-12,718,11.9,11.9
2019-07-12,719,9.4,9.4
2019-07-15,2,,
2019-07-15,3,,
2019-07-15,4,178.33,180.67
2019-07-15,5,172.67,175.33
2019-07-15,6,168.67,170.67
2019-07-15,7,259,261
2019-07-15,8,259,261
2019-07-15,9,184,185
2019-07-15,10,189.67,190.67
2019-07-15,11,,
2019-07-15,12,188,190
2019-07-15,13,176,177
2019-07-15,14,174,175
2019-07-15,15,180.67,182.33
2019-07-15,16,175.33,176.33
2019-07-15,17,,
2019-07-15,18,153.67,156.67
2019-07-15,19,160,164
2019-07-15,20,165,170
2019-07-15,21,177.33,180
2019-07-15,22,,
2019-07-15,23,430,435
2019-07-15,24,424,429
2019-07-15,25,274,276
2019-07-15,26,269,272
2019-07-15,27,465,466
2019-07-15,28,461,463
2019-07-15,29,447,448
2019-07-15,30,128,130
2019-07-15,31,132,134
2019-07-15,32,100,102
2019-07-15,33,132,144
2019-07-15,34,103,105
2019-07-15,35,187.33,189.33
2019-07-15,36,158.33,160.33
2019-07-15,37,113.67,114.67
2019-07-15,38,113.67,114.67
2019-07-15,39,265,266
2019-07-15,40,159,160
2019-07-15,41,730,735
2019-07-15,42,170,171
2019-07-15,43,166.67,168.67
2019-07-15,44,,
2019-07-15,45,,
2019-07-15,46,,
2019-07-15,47,221,222
2019-07-15,48,160,165
2019-07-15,50,360,420
2019-07-15,51,430,480
2019-07-15,53,910,960
2019-07-15,54,1130,1190
2019-07-15,55,275,305
2019-07-15,56,200,210
2019-07-15,58,130,135
2019-07-15,61,70,80
2019-07-15,62,,
2019-07-15,63,100,110
2019-07-15,64,,
2019-07-15,65,80,90
2019-07-15,66,,
2019-07-15,67,110,120
2019-07-15,68,,
2019-07-15,69,45,55
2019-07-15,70,,
2019-07-15,71,70,75
2019-07-15,73,335.33,336.33
2019-07-15,74,,
2019-07-15,75,334.33,337.67
2019-07-15,76,361.67,362.67
2019-07-15,77,353.67,354.67
2019-07-15,78,,
2019-07-15,79,335,340
2019-07-15,80,,
2019-07-15,81,250,265
2019-07-15,82,,
2019-07-15,83,625,630
2019-07-15,84,675,680
2019-07-15,85,645,650
2019-07-15,86,631.67,636.67
2019-07-15,87,635,640
2019-07-15,88,615,620
2019-07-15,89,1500,1510
2019-07-15,90,760,770
2019-07-15,91,820,830
2019-07-15,92,795,800
2019-07-15,93,,
2019-07-15,94,715,720
2019-07-15,95,695,700
2019-07-15,96,,
2019-07-15,97,,
2019-07-15,98,,
2019-07-15,100,,
2019-07-15,101,9,10.5
2019-07-15,102,10,11.5
2019-07-15,103,5.05,5.97
2019-07-15,104,2.3,2.55
2019-07-15,105,2.95,3.05
2019-07-15,106,2.18,2.23
2019-07-15,107,1.24,1.29
2019-07-15,108,271,275
2019-07-15,109,238,240
2019-07-15,110,380,395
2019-07-15,111,240,245
2019-07-15,112,245,249
2019-07-15,113,,
2019-07-15,114,231.33,232.33
2019-07-15,115,190,192
2019-07-15,116,,
2019-07-15,117,372.67,374.67
2019-07-15,118,319,322
2019-07-15,119,,
2019-07-15,120,318.33,319.33
2019-07-15,121,422.67,424.67
2019-07-15,122,329,331
2019-07-15,123,427.67,429.67
2019-07-15,124,325.67,327.67
2019-07-15,125,,
2019-07-15,126,210,220
2019-07-15,127,213.33,218.33
2019-07-15,128,205,210
2019-07-15,129,193.33,203.33
2019-07-15,130,148.33,153.33
2019-07-15,131,1526.67,1531.67
2019-07-15,132,571.67,576.67
2019-07-15,133,541.67,546.67
2019-07-15,134,695,700
2019-07-15,176,6,7
2019-07-15,177,12.17,13.17
2019-07-15,181,4.85,4.95
2019-07-15,182,5.15,5.25
2019-07-15,183,5.52,5.67
2019-07-15,184,6.22,6.42
2019-07-15,185,7.32,7.42
2019-07-15,186,9.4,9.55
2019-07-15,187,456.67,466.67
2019-07-15,188,421.67,431.67
2019-07-15,189,230,240
2019-07-15,190,1906.67,2006.67
2019-07-15,191,,
2019-07-15,192,,
2019-07-15,193,,
2019-07-15,194,,
2019-07-15,195,,
2019-07-15,196,,
2019-07-15,197,,
2019-07-15,198,,
2019-07-15,199,,
2019-07-15,202,,
2019-07-15,203,,
2019-07-15,204,,
2019-07-15,205,,
2019-07-15,206,,
2019-07-15,207,,
2019-07-15,208,,
2019-07-15,209,,
2019-07-15,210,,
2019-07-15,211,0.33,0.42
2019-07-15,212,,
2019-07-15,213,0.48,0.57
2019-07-15,214,,
2019-07-15,215,,
2019-07-15,216,,
2019-07-15,217,,
2019-07-15,218,,
2019-07-15,219,,
2019-07-15,220,,
2019-07-15,221,2.15,2.4
2019-07-15,222,,
2019-07-15,223,1,1.05
2019-07-15,224,3,3.5
2019-07-15,225,1.4,1.5
2019-07-15,226,,
2019-07-15,227,,
2019-07-15,228,,
2019-07-15,229,0.78,0.88
2019-07-15,230,,
2019-07-15,231,,
2019-07-15,232,0.55,0.65
2019-07-15,233,,
2019-07-15,234,,
2019-07-15,235,,
2019-07-15,236,1.07,1.18
2019-07-15,237,1.07,1.18
2019-07-15,238,0.65,0.75
2019-07-15,239,1.5,1.8
2019-07-15,240,1.5,1.8
2019-07-15,241,0.6,0.7
2019-07-15,242,0.73,0.82
2019-07-15,243,0.53,0.62
2019-07-15,244,,
2019-07-15,245,0.67,0.77
2019-07-15,246,,
2019-07-15,247,,
2019-07-15,248,,
2019-07-15,249,,
2019-07-15,250,0.58,0.67
2019-07-15,251,,
2019-07-15,252,2.53,2.97
2019-07-15,253,,
2019-07-15,254,,
2019-07-15,255,0.6,0.7
2019-07-15,256,,
2019-07-15,257,,
2019-07-15,258,0.72,0.82
2019-07-15,259,,
2019-07-15,260,2.27,2.77
2019-07-15,261,,
2019-07-15,262,,
2019-07-15,263,,
2019-07-15,264,,
2019-07-15,265,,
2019-07-15,266,,
2019-07-15,267,0.4,0.6
2019-07-15,268,,
2019-07-15,269,0.6,0.7
2019-07-15,270,,
2019-07-15,271,,
2019-07-15,272,,
2019-07-15,273,1.7,1.93
2019-07-15,274,1.93,2.2
2019-07-15,275,,
2019-07-15,276,,
2019-07-15,277,,
2019-07-15,278,,
2019-07-15,279,,
2019-07-15,280,,
2019-07-15,281,,
2019-07-15,282,,
2019-07-15,283,,
2019-07-15,284,,
2019-07-15,285,,
2019-07-15,286,0.95,1.08
2019-07-15,287,,
2019-07-15,288,,
2019-07-15,289,0.5,0.6
2019-07-15,290,0.8,0.85
2019-07-15,291,,
2019-07-15,292,0.2,0.3
2019-07-15,293,0.32,0.42
2019-07-15,294,0.42,0.52
2019-07-15,295,0.55,0.62
2019-07-15,296,0.75,0.85
2019-07-15,297,,
2019-07-15,298,,
2019-07-15,299,,
2019-07-15,300,,
2019-07-15,301,,
2019-07-15,302,,
2019-07-15,303,,
2019-07-15,304,,
2019-07-15,305,,
2019-07-15,306,,
2019-07-15,307,,
2019-07-15,308,,
2019-07-15,309,,
2019-07-15,310,0.55,0.6
2019-07-15,311,,
2019-07-15,312,0.15,0.2
2019-07-15,313,0.2,0.25
2019-07-15,314,0.27,0.32
2019-07-15,315,0.43,0.47
2019-07-15,316,0.6,0.65
2019-07-15,317,,
2019-07-15,318,,
2019-07-15,319,,
2019-07-15,320,,
2019-07-15,321,,
2019-07-15,322,,
2019-07-15,323,,
2019-07-15,328,0.3,0.36
2019-07-15,329,0.06,0.08
2019-07-15,331,0.17,0.21
2019-07-15,333,2.35,2.4
2019-07-15,335,2.1,2.15
2019-07-15,341,2.55,2.6
2019-07-15,342,2.8,2.85
2019-07-15,344,12.3,12.3
2019-07-15,345,10.2,10.2
2019-07-15,346,9.1,9.1
2019-07-15,347,7.5,7.5
2019-07-15,350,2.15,2.25
2019-07-15,351,2.15,2.25
2019-07-15,352,3.7,3.8
2019-07-15,353,4.3,4.4
2019-07-15,356,1.6,1.7
2019-07-15,357,1.5,1.6
2019-07-15,358,3.3,3.4
2019-07-15,361,4.2,4.3
2019-07-15,362,5.1,5.2
2019-07-15,363,5.35,5.45
2019-07-15,364,1.95,2.05
2019-07-15,365,1.5,1.6
2019-07-15,366,6.15,6.25
2019-07-15,367,2.5,2.6
2019-07-15,368,1.35,1.45
2019-07-15,369,6.15,6.25
2019-07-15,370,2.35,2.45
2019-07-15,371,1.35,1.45
2019-07-15,372,3.65,3.75
2019-07-15,670,,
2019-07-15,671,,
2019-07-15,672,241.67,246.67
2019-07-15,674,1.14,1.16
2019-07-15,675,1.53,1.55
2019-07-15,676,2.15,2.25
2019-07-15,677,1.5,1.6
2019-07-15,678,2.38,2.48
2019-07-15,685,,
2019-07-15,691,,
2019-07-15,692,,
2019-07-15,693,2.2,2.5
2019-07-15,694,2.3,2.6
2019-07-15,716,15.1,15.1
2019-07-15,717,12.9,12.9
2019-07-15,718,11.9,11.9
2019-07-15,719,9.4,9.4
2019-07-15,727,,
2019-07-15,728,0.9,1
2019-07-15,731,6.65,6.75
2019-07-15,732,8,8.1
2019-07-15,733,8.65,8.72
2019-07-15,734,9.05,9.13
2019-07-15,735,7.5,8.5
2019-07-15,736,7.5,8
2019-07-15,737,2.8,3.5
2019-07-15,738,2.9,3.6
2019-07-15,740,7.6,8.5
2019-07-15,741,1.1,1.2
2019-07-15,743,7,7.5
2019-07-15,744,,
2019-07-15,745,1.4,1.5
2019-07-15,747,,
2019-07-15,748,0.9,1
2019-07-15,749,0.95,1.05
2019-07-15,750,1.05,1.15
2019-07-15,751,0.8,0.9
2019-07-15,752,1.5,2
2019-07-15,753,1,1.1
2019-07-15,754,5,6
2019-07-15,755,0.75,0.95
2019-07-15,756,0.85,0.95
2019-07-15,757,3.6,4.5
2019-07-15,758,1.8,2
2019-07-15,759,0.85,0.95
2019-07-15,760,6,7.5
2019-07-15,761,1.9,2.2
2019-07-15,762,1.9,2.3
2019-07-15,763,2.3,2.5
2019-07-15,764,,
2019-07-15,765,6,8
2019-07-15,766,,
2019-07-15,767,,
2019-07-15,768,3,3.5
2019-07-15,769,3,3.5
2019-07-19,328,0.27,0.33
2019-07-19,329,0.06,0.08
2019-07-19,331,0.17,0.21
2019-07-19,332,,
2019-07-19,333,2.35,2.4
2019-07-19,335,2.1,2.15
2019-07-19,336,,
2019-07-19,337,,
2019-07-19,340,,
2019-07-19,341,2.55,2.6
2019-07-19,342,2.8,2.85
2019-07-19,344,12.3,12.3
2019-07-19,345,10.2,10.2
2019-07-19,346,9.1,9.1
2019-07-19,347,7.5,7.5
2019-07-19,350,2.2,2.3
2019-07-19,351,2.2,2.3
2019-07-19,352,3.7,3.8
2019-07-19,353,4.3,4.4
2019-07-19,356,1.6,1.7
2019-07-19,357,1.5,1.6
2019-07-19,358,3.3,3.4
2019-07-19,361,4.2,4.3
2019-07-19,362,5.1,5.2
2019-07-19,363,5.45,5.55
2019-07-19,364,1.95,2.05
2019-07-19,365,1.5,1.6
2019-07-19,366,6.3,6.4
2019-07-19,367,2.5,2.6
2019-07-19,368,1.35,1.45
2019-07-19,369,6.3,6.4
2019-07-19,370,2.35,2.45
2019-07-19,371,1.35,1.45
2019-07-19,372,3.65,3.75
2019-07-19,674,1.15,1.17
2019-07-19,675,1.56,1.58
2019-07-19,676,2.2,2.3
2019-07-19,677,1.5,1.6
2019-07-19,678,2.45,2.55
2019-07-19,716,15.1,15.1
2019-07-19,717,12.9,12.9
2019-07-19,718,11.9,11.9
2019-07-19,719,9.4,9.4
2019-07-22,2,,
2019-07-22,3,,
2019-07-22,4,182,184
2019-07-22,5,174,176
2019-07-22,6,170,172
2019-07-22,7,253,255
2019-07-22,8,253,255
2019-07-22,9,184,185
2019-07-22,10,189,190
2019-07-22,11,,
2019-07-22,12,188,190
2019-07-22,13,175,176
2019-07-22,14,173,174
2019-07-22,15,179,181
2019-07-22,16,174,175
2019-07-22,17,,
2019-07-22,18,153,156
2019-07-22,19,160,164
2019-07-22,20,167,170
2019-07-22,21,176,178
2019-07-22,22,,
2019-07-22,23,430,435
2019-07-22,24,424,429
2019-07-22,25,274,276
2019-07-22,26,269,272
2019-07-22,27,465,466
2019-07-22,28,461,463
2019-07-22,29,447,448
2019-07-22,30,138,140
2019-07-22,31,142,144
2019-07-22,32,110,112
2019-07-22,33,142,154
2019-07-22,34,113,115
2019-07-22,35,185,187
2019-07-22,36,156,158
2019-07-22,37,126,127
2019-07-22,38,126,127
2019-07-22,39,265,266
2019-07-22,40,159,160
2019-07-22,41,730,735
2019-07-22,42,170,171
2019-07-22,43,168,170
2019-07-22,44,,
2019-07-22,45,,
2019-07-22,46,,
2019-07-22,47,219,220
2019-07-22,48,160,165
2019-07-22,50,360,420
2019-07-22,51,430,480
2019-07-22,53,910,960
2019-07-22,54,1130,1190
2019-07-22,55,275,305
2019-07-22,56,200,210
2019-07-22,58,130,135
2019-07-22,61,,
2019-07-22,62,,
2019-07-22,63,100,110
2019-07-22,64,,
2019-07-22,65,80,90
2019-07-22,66,,
2019-07-22,67,110,120
2019-07-22,68,,
2019-07-22,69,45,55
2019-07-22,70,,
2019-07-22,71,70,75
2019-07-22,73,336,337
2019-07-22,74,,
2019-07-22,75,335,337
2019-07-22,76,360,361
2019-07-22,77,352,353
2019-07-22,78,,
2019-07-22,79,,
2019-07-22,80,,
2019-07-22,81,250,265
2019-07-22,82,,
2019-07-22,83,625,630
2019-07-22,84,675,680
2019-07-22,85,645,650
2019-07-22,86,615,620
2019-07-22,87,645,650
2019-07-22,88,625,630
2019-07-22,89,1485,1495
2019-07-22,90,760,770
2019-07-22,91,820,830
2019-07-22,92,795,800
2019-07-22,93,,
2019-07-22,94,725,730
2019-07-22,95,705,710
2019-07-22,96,,
2019-07-22,97,,
2019-07-22,98,,
2019-07-22,100,,
2019-07-22,101,9,10.5
2019-07-22,102,10,11.5
2019-07-22,103,5.05,5.9
2019-07-22,104,2.3,2.55
2019-07-22,105,2.95,3.05
2019-07-22,106,2.15,2.2
2019-07-22,107,1.23,1.28
2019-07-22,108,271,275
2019-07-22,109,238,240
2019-07-22,110,380,395
2019-07-22,111,240,245
2019-07-22,112,242,245
2019-07-22,113,,
2019-07-22,114,229,230
2019-07-22,115,185,190
2019-07-22,116,,
2019-07-22,117,370,372
2019-07-22,118,318,321
2019-07-22,119,,
2019-07-22,120,314,315
2019-07-22,121,420,422
2019-07-22,122,328,330
2019-07-22,123,426,428
2019-07-22,124,324,328
2019-07-22,125,,
2019-07-22,126,210,220
2019-07-22,127,200,205
2019-07-22,128,185,190
2019-07-22,129,195,205
2019-07-22,130,150,155
2019-07-22,131,1530,1535
2019-07-22,132,565,570
2019-07-22,133,535,540
2019-07-22,134,695,700
2019-07-22,176,6,7
2019-07-22,177,12,13
2019-07-22,181,4.85,4.95
2019-07-22,182,5.15,5.25
2019-07-22,183,5.52,5.67
2019-07-22,184,6.22,6.42
2019-07-22,185,7.32,7.42
2019-07-22,186,9.4,9.55
2019-07-22,187,460,470
2019-07-22,188,415,425
2019-07-22,189,225,235
2019-07-22,190,1800,2000
2019-07-22,191,,
2019-07-22,192,,
2019-07-22,193,,
2019-07-22,194,,
2019-07-22,195,,
2019-07-22,196,,
2019-07-22,197,,
2019-07-22,198,,
2019-07-22,199,,
2019-07-22,202,,
2019-07-22,203,,
2019-07-22,204,,
2019-07-22,205,,
2019-07-22,206,,
2019-07-22,207,,
2019-07-22,208,,
2019-07-22,209,,
2019-07-22,210,,
2019-07-22,211,0.35,0.45
2019-07-22,212,,
2019-07-22,213,0.6,0.7
2019-07-22,214,,
2019-07-22,215,,
2019-07-22,216,,
2019-07-22,217,,
2019-07-22,218,,
2019-07-22,219,,
2019-07-22,220,,
2019-07-22,221,,
2019-07-22,222,,
2019-07-22,223,,
2019-07-22,224,,
2019-07-22,225,1.4,1.5
2019-07-22,226,,
2019-07-22,227,,
2019-07-22,228,,
2019-07-22,229,1,1.1
2019-07-22,230,,
2019-07-22,231,,
2019-07-22,232,0.65,0.75
2019-07-22,233,,
2019-07-22,234,,
2019-07-22,235,,
2019-07-22,236,0.5,0.55
2019-07-22,237,0.5,0.55
2019-07-22,238,0.6,0.7
2019-07-22,239,1.5,1.8
2019-07-22,240,1.5,1.8
2019-07-22,241,0.6,0.7
2019-07-22,242,1,1.1
2019-07-22,243,0.5,0.55
2019-07-22,244,,
2019-07-22,245,0.75,0.85
2019-07-22,246,,
2019-07-22,247,,
2019-07-22,248,,
2019-07-22,249,,
2019-07-22,250,,
2019-07-22,251,,
2019-07-22,252,2.8,3.2
2019-07-22,253,,
2019-07-22,254,,
2019-07-22,255,,
2019-07-22,256,0.65,0.8
2019-07-22,257,,
2019-07-22,258,1,1.1
2019-07-22,259,,
2019-07-22,260,2.5,3
2019-07-22,261,,
2019-07-22,262,,
2019-07-22,263,,
2019-07-22,264,,
2019-07-22,265,,
2019-07-22,266,,
2019-07-22,267,0.4,0.6
2019-07-22,268,,
2019-07-22,269,0.6,0.7
2019-07-22,270,,
2019-07-22,271,,
2019-07-22,272,,
2019-07-22,273,,
2019-07-22,274,,
2019-07-22,275,,
2019-07-22,276,,
2019-07-22,277,,
2019-07-22,278,,
2019-07-22,279,,
2019-07-22,280,,
2019-07-22,281,,
2019-07-22,282,,
2019-07-22,283,,
2019-07-22,284,,
2019-07-22,285,,
2019-07-22,286,0.25,0.3
2019-07-22,287,,
2019-07-22,288,,
2019-07-22,289,0.4,0.5
2019-07-22,290,0.6,0.65
2019-07-22,291,,
2019-07-22,292,0.2,0.3
2019-07-22,293,0.35,0.45
2019-07-22,294,0.45,0.55
2019-07-22,295,0.55,0.65
2019-07-22,296,0.75,0.85
2019-07-22,297,,
2019-07-22,298,,
2019-07-22,299,,
2019-07-22,300,,
2019-07-22,301,,
2019-07-22,302,,
2019-07-22,303,,
2019-07-22,304,,
2019-07-22,305,,
2019-07-22,306,,
2019-07-22,307,,
2019-07-22,308,,
2019-07-22,309,,
2019-07-22,310,0.5,0.6
2019-07-22,311,,
2019-07-22,312,0.15,0.2
2019-07-22,313,0.2,0.25
2019-07-22,314,0.3,0.35
2019-07-22,315,0.4,0.5
2019-07-22,316,0.6,0.65
2019-07-22,317,,
2019-07-22,318,,
2019-07-22,319,,
2019-07-22,320,,
2019-07-22,321,,
2019-07-22,322,,
2019-07-22,323,,
2019-07-22,670,,
2019-07-22,671,,
2019-07-22,672,240,245
2019-07-22,685,,
2019-07-22,691,,
2019-07-22,692,,
2019-07-22,693,2.2,2.5
2019-07-22,694,2.3,2.6
2019-07-22,727,,
2019-07-22,728,0.9,1
2019-07-22,731,6.65,6.75
2019-07-22,732,8,8.1
2019-07-22,733,8.65,8.75
2019-07-22,734,9.05,9.2
2019-07-22,735,7.5,8.5
2019-07-22,736,7.5,8
2019-07-22,737,2.8,3.5
2019-07-22,738,2.9,3.6
2019-07-22,740,7.6,8.5
2019-07-22,741,1.1,1.2
2019-07-22,743,7,7.5
2019-07-22,744,,
2019-07-22,745,1.4,1.5
2019-07-22,747,,
2019-07-22,748,0.9,1
2019-07-22,749,0.95,1.05
2019-07-22,750,1.05,1.15
2019-07-22,751,0.8,0.9
2019-07-22,752,1.5,2
2019-07-22,753,1,1.1
2019-07-22,754,5,6
2019-07-22,755,0.75,0.95
2019-07-22,756,0.85,0.95
2019-07-22,757,3.6,4.5
2019-07-22,758,1.8,2
2019-07-22,759,0.85,0.95
2019-07-22,760,6,7.5
2019-07-22,761,1.9,2.2
2019-07-22,762,1.9,2.3
2019-07-22,763,2.3,2.5
2019-07-22,764,,
2019-07-22,765,6,8
2019-07-22,766,,
2019-07-22,767,,
2019-07-22,768,3,3.5
2019-07-22,769,3,3.5
2019-07-26,328,0.27,0.33
2019-07-26,329,0.08,0.1
2019-07-26,331,0.2,0.24
2019-07-26,332,,
2019-07-26,333,2.35,2.4
2019-07-26,335,2.1,2.15
2019-07-26,336,,
2019-07-26,337,,
2019-07-26,340,,
2019-07-26,341,2.6,2.65
2019-07-26,342,2.8,2.85
2019-07-26,344,12.3,12.3
2019-07-26,345,10.2,10.2
2019-07-26,346,9.1,9.1
2019-07-26,347,7.5,7.5
2019-07-26,350,2.25,2.35
2019-07-26,351,2.25,2.35
2019-07-26,352,3.8,3.9
2019-07-26,353,4.3,4.4
2019-07-26,356,1.6,1.7
2019-07-26,357,1.5,1.6
2019-07-26,358,3.3,3.4
2019-07-26,361,4.2,4.3
2019-07-26,362,5.1,5.2
2019-07-26,363,5.65,5.75
2019-07-26,364,1.95,2.05
2019-07-26,365,1.5,1.6
2019-07-26,366,6.5,6.6
2019-07-26,367,2.5,2.6
2019-07-26,368,1.35,1.45
2019-07-26,369,6.5,6.6
2019-07-26,370,2.35,2.45
2019-07-26,371,1.35,1.45
2019-07-26,372,3.65,3.75
2019-07-26,674,1.16,1.18
2019-07-26,675,1.58,1.6
2019-07-26,676,2.25,2.35
2019-07-26,677,1.5,1.6
2019-07-26,678,2.5,2.6
2019-07-26,716,15.1,15.1
2019-07-26,717,12.9,12.9
2019-07-26,718,11.9,11.9
2019-07-26,719,9.4,9.4
2019-07-29,2,,
2019-07-29,3,,
2019-07-29,4,184,186
2019-07-29,5,174,176
2019-07-29,6,170,172
2019-07-29,7,255,257
2019-07-29,8,255,257
2019-07-29,9,185,186
2019-07-29,10,191,192
2019-07-29,11,,
2019-07-29,12,188,190
2019-07-29,13,175,176
2019-07-29,14,173,174
2019-07-29,15,179,180
2019-07-29,16,174,175
2019-07-29,17,,
2019-07-29,18,153,156
2019-07-29,19,160,164
2019-07-29,20,168,170
2019-07-29,21,178,180
2019-07-29,22,,
2019-07-29,23,430,435
2019-07-29,24,424,429
2019-07-29,25,274,276
2019-07-29,26,269,272
2019-07-29,27,465,466
2019-07-29,28,461,463
2019-07-29,29,447,448
2019-07-29,30,153,155
2019-07-29,31,157,159
2019-07-29,32,125,127
2019-07-29,33,157,169
2019-07-29,34,128,130
2019-07-29,35,187,189
2019-07-29,36,158,160
2019-07-29,37,146,147
2019-07-29,38,146,147
2019-07-29,39,265,266
2019-07-29,40,159,160
2019-07-29,41,730,735
2019-07-29,42,170,171
2019-07-29,43,168,170
2019-07-29,44,,
2019-07-29,45,,
2019-07-29,46,,
2019-07-29,47,219,220
2019-07-29,48,160,165
2019-07-29,50,360,420
2019-07-29,51,430,480
2019-07-29,53,910,960
2019-07-29,54,1130,1190
2019-07-29,55,275,305
2019-07-29,56,200,210
2019-07-29,58,130,135
2019-07-29,61,,
2019-07-29,62,,
2019-07-29,63,100,110
2019-07-29,64,,
2019-07-29,65,80,90
2019-07-29,66,,
2019-07-29,67,110,120
2019-07-29,68,,
2019-07-29,69,45,55
2019-07-29,70,,
2019-07-29,71,70,75
2019-07-29,73,336,337
2019-07-29,74,,
2019-07-29,75,335,337
2019-07-29,76,360,361
2019-07-29,77,352,353
2019-07-29,78,,
2019-07-29,79,,
2019-07-29,80,,
2019-07-29,81,250,265
2019-07-29,82,,
2019-07-29,83,625,630
2019-07-29,84,675,680
2019-07-29,85,645,650
2019-07-29,86,615,620
2019-07-29,87,650,655
2019-07-29,88,630,635
2019-07-29,89,1485,1495
2019-07-29,90,760,770
2019-07-29,91,820,830
2019-07-29,92,795,800
2019-07-29,93,,
2019-07-29,94,730,735
2019-07-29,95,710,715
2019-07-29,96,,
2019-07-29,97,,
2019-07-29,98,,
2019-07-29,100,,
2019-07-29,101,9,10.5
2019-07-29,102,10,11.5
2019-07-29,103,5.05,5.9
2019-07-29,104,2.3,2.55
2019-07-29,105,2.95,3.05
2019-07-29,106,2.15,2.2
2019-07-29,107,1.23,1.28
2019-07-29,108,271,275
2019-07-29,109,238,240
2019-07-29,110,380,395
2019-07-29,111,240,245
2019-07-29,112,242,245
2019-07-29,113,,
2019-07-29,114,229,230
2019-07-29,115,182,190
2019-07-29,116,,
2019-07-29,117,371,373
2019-07-29,118,316,319
2019-07-29,119,,
2019-07-29,120,314,315
2019-07-29,121,421,423
2019-07-29,122,326,328
2019-07-29,123,424,426
2019-07-29,124,324,326
2019-07-29,125,,
2019-07-29,126,210,220
2019-07-29,127,200,205
2019-07-29,128,185,190
2019-07-29,129,195,205
2019-07-29,130,150,155
2019-07-29,131,1540,1545
2019-07-29,132,565,570
2019-07-29,133,535,540
2019-07-29,134,695,700
2019-07-29,176,6,7
2019-07-29,177,12,13
2019-07-29,181,4.85,4.95
2019-07-29,182,5.15,5.25
2019-07-29,183,5.42,5.57
2019-07-29,184,6.12,6.32
2019-07-29,185,7.22,7.32
2019-07-29,186,9.4,9.55
2019-07-29,187,455,465
2019-07-29,188,400,410
2019-07-29,189,215,225
2019-07-29,190,1700,1900
2019-07-29,191,,
2019-07-29,192,,
2019-07-29,193,,
2019-07-29,194,,
2019-07-29,195,,
2019-07-29,196,,
2019-07-29,197,,
2019-07-29,198,,
2019-07-29,199,,
2019-07-29,202,,
2019-07-29,203,,
2019-07-29,204,,
2019-07-29,205,,
2019-07-29,206,,
2019-07-29,207,,
2019-07-29,208,,
2019-07-29,209,,
2019-07-29,210,,
2019-07-29,211,0.35,0.45
2019-07-29,212,,
2019-07-29,213,0.65,0.75
2019-07-29,214,,
2019-07-29,215,,
2019-07-29,216,,
2019-07-29,217,,
2019-07-29,218,,
2019-07-29,219,,
2019-07-29,220,,
2019-07-29,221,,
2019-07-29,222,,
2019-07-29,223,,
2019-07-29,224,,
2019-07-29,225,1.4,1.5
2019-07-29,226,,
2019-07-29,227,,
2019-07-29,228,,
2019-07-29,229,1,1.1
2019-07-29,230,,
2019-07-29,231,,
2019-07-29,232,0.55,0.65
2019-07-29,233,,
2019-07-29,234,,
2019-07-29,235,,
2019-07-29,236,0.45,0.5
2019-07-29,237,0.45,0.5
2019-07-29,238,0.6,0.7
2019-07-29,239,1.5,1.8
2019-07-29,240,1.5,1.8
2019-07-29,241,0.7,0.8
2019-07-29,242,1.2,1.3
2019-07-29,243,0.5,0.55
2019-07-29,244,,
2019-07-29,245,1.1,1.3
2019-07-29,246,,
2019-07-29,247,,
2019-07-29,248,,
2019-07-29,249,,
2019-07-29,250,,
2019-07-29,251,,
2019-07-29,252,2.8,3.2
2019-07-29,253,,
2019-07-29,254,,
2019-07-29,255,,
2019-07-29,256,0.55,0.6
2019-07-29,257,,
2019-07-29,258,0.75,0.85
2019-07-29,259,,
2019-07-29,260,2.5,3
2019-07-29,261,,
2019-07-29,262,,
2019-07-29,263,,
2019-07-29,264,,
2019-07-29,265,,
2019-07-29,266,,
2019-07-29,267,0.4,0.6
2019-07-29,268,,
2019-07-29,269,0.5,0.6
2019-07-29,270,,
2019-07-29,271,,
2019-07-29,272,,
2019-07-29,273,,
2019-07-29,274,,
2019-07-29,275,,
2019-07-29,276,,
2019-07-29,277,,
2019-07-29,278,,
2019-07-29,279,,
2019-07-29,280,,
2019-07-29,281,,
2019-07-29,282,,
2019-07-29,283,,
2019-07-29,284,,
2019-07-29,285,,
2019-07-29,286,0.25,0.3
2019-07-29,287,,
2019-07-29,288,,
2019-07-29,289,0.4,0.5
2019-07-29,290,0.6,0.65
2019-07-29,291,,
2019-07-29,292,0.2,0.25
2019-07-29,293,0.3,0.35
2019-07-29,294,0.35,0.4
2019-07-29,295,0.35,0.45
2019-07-29,296,0.7,0.8
2019-07-29,297,,
2019-07-29,298,,
2019-07-29,299,,
2019-07-29,300,,
2019-07-29,301,,
2019-07-29,302,,
2019-07-29,303,,
2019-07-29,304,,
2019-07-29,305,,
2019-07-29,306,,
2019-07-29,307,,
2019-07-29,308,,
2019-07-29,309,,
2019-07-29,310,0.5,0.6
2019-07-29,311,0.65,0.75
2019-07-29,312,0.15,0.2
2019-07-29,313,0.2,0.25
2019-07-29,314,0.3,0.35
2019-07-29,315,0.35,0.4
2019-07-29,316,0.55,0.6
2019-07-29,317,,
2019-07-29,318,,
2019-07-29,319,,
2019-07-29,320,,
2019-07-29,321,,
2019-07-29,322,,
2019-07-29,323,,
2019-07-29,670,,
2019-07-29,671,,
2019-07-29,672,240,245
2019-07-29,685,,
2019-07-29,691,,
2019-07-29,692,,
2019-07-29,693,,
2019-07-29,694,,
2019-07-29,727,,
2019-07-29,728,0.8,0.9
2019-07-29,731,6.65,6.75
2019-07-29,732,8,8.1
2019-07-29,733,8.65,8.75
2019-07-29,734,9.05,9.2
2019-07-29,735,7.5,8.5
2019-07-29,736,7.5,8
2019-07-29,737,2.5,3.1
2019-07-29,738,2.6,3.2
2019-07-29,740,7.6,8.5
2019-07-29,741,1.1,1.2
2019-07-29,743,,
2019-07-29,744,,
2019-07-29,745,,
2019-07-29,747,,
2019-07-29,748,0.9,1
2019-07-29,749,0.95,1.05
2019-07-29,750,1.05,1.15
2019-07-29,751,0.8,0.9
2019-07-29,752,1.1,1.5
2019-07-29,753,0.8,0.9
2019-07-29,754,5,6
2019-07-29,755,0.75,0.95
2019-07-29,756,0.85,0.95
2019-07-29,757,3.6,4
2019-07-29,758,1.5,1.8
2019-07-29,759,0.85,0.95
2019-07-29,760,5.5,7.5
2019-07-29,761,1.6,2
2019-07-29,762,1.6,2
2019-07-29,763,1.7,2.1
2019-07-29,764,,
2019-07-29,765,5.5,8
2019-07-29,766,,
2019-07-29,767,,
2019-07-29,768,3,3.5
2019-07-29,769,3,3.5
2019-07-30,4,183,185
2019-07-30,5,174,176
2019-07-30,6,170,172
2019-07-30,7,254,256
2019-07-30,8,254,256
2019-07-30,9,184.5,185.5
2019-07-30,10,190,191
2019-07-30,12,188,190
2019-07-30,13,175,176
2019-07-30,14,173,174
2019-07-30,15,179,180.5
2019-07-30,16,174,175
2019-07-30,18,153,156
2019-07-30,19,160,164
2019-07-30,20,167.5,170
2019-07-30,21,177,179
2019-07-30,23,430,435
2019-07-30,24,424,429
2019-07-30,25,274,276
2019-07-30,26,269,272
2019-07-30,27,465,466
2019-07-30,28,461,463
2019-07-30,29,447,448
2019-07-30,30,145.5,147.5
2019-07-30,31,149.5,151.5
2019-07-30,32,117.5,119.5
2019-07-30,33,149.5,161.5
2019-07-30,34,120.5,122.5
2019-07-30,35,186,188
2019-07-30,36,157,159
2019-07-30,37,136,137
2019-07-30,38,136,137
2019-07-30,39,265,266
2019-07-30,40,159,160
2019-07-30,41,730,735
2019-07-30,42,170,171
2019-07-30,43,168,170
2019-07-30,47,219,220
2019-07-30,48,160,165
2019-07-30,50,360,420
2019-07-30,51,430,480
2019-07-30,53,910,960
2019-07-30,54,1130,1190
2019-07-30,55,275,305
2019-07-30,56,200,210
2019-07-30,58,130,135
2019-07-30,63,100,110
2019-07-30,65,80,90
2019-07-30,67,110,120
2019-07-30,69,45,55
2019-07-30,71,70,75
2019-07-30,73,336,337
2019-07-30,75,335,337
2019-07-30,76,360,361
2019-07-30,77,352,353
2019-07-30,81,250,265
2019-07-30,83,625,630
2019-07-30,84,675,680
2019-07-30,85,645,650
2019-07-30,86,615,620
2019-07-30,87,647.5,652.5
2019-07-30,88,627.5,632.5
2019-07-30,89,1485,1495
2019-07-30,90,760,770
2019-07-30,91,820,830
2019-07-30,92,795,800
2019-07-30,94,727.5,732.5
2019-07-30,95,707.5,712.5
2019-07-30,101,9,10.5
2019-07-30,102,10,11.5
2019-07-30,103,5.05,5.9
2019-07-30,104,2.3,2.55
2019-07-30,105,2.95,3.05
2019-07-30,106,2.15,2.2
2019-07-30,107,1.23,1.28
2019-07-30,108,271,275
2019-07-30,109,238,240
2019-07-30,110,380,395
2019-07-30,111,240,245
2019-07-30,112,242,245
2019-07-30,114,229,230
2019-07-30,115,183.5,190
2019-07-30,117,370.5,372.5
2019-07-30,118,317,320
2019-07-30,120,314,315
2019-07-30,121,420.5,422.5
2019-07-30,122,327,329
2019-07-30,123,425,427
2019-07-30,124,324,327
2019-07-30,126,210,220
2019-07-30,127,200,205
2019-07-30,128,185,190
2019-07-30,129,195,205
2019-07-30,130,150,155
2019-07-30,131,1535,1540
2019-07-30,132,565,570
2019-07-30,133,535,540
2019-07-30,134,695,700
2019-07-30,176,6,7
2019-07-30,177,12,13
2019-07-30,181,4.85,4.95
2019-07-30,182,5.15,5.25
2019-07-30,183,5.47,5.62
2019-07-30,184,6.17,6.37
2019-07-30,185,7.27,7.37
2019-07-30,186,9.4,9.55
2019-07-30,187,457.5,467.5
2019-07-30,188,407.5,417.5
2019-07-30,189,220,230
2019-07-30,190,1750,1950
2019-07-30,211,0.35,0.45
2019-07-30,213,0.62,0.72
2019-07-30,225,1.4,1.5
2019-07-30,229,1,1.1
2019-07-30,232,0.6,0.7
2019-07-30,236,0.47,0.53
2019-07-30,237,0.47,0.53
2019-07-30,238,0.6,0.7
2019-07-30,239,1.5,1.8
2019-07-30,240,1.5,1.8
2019-07-30,241,0.65,0.75
2019-07-30,242,1.1,1.2
2019-07-30,243,0.5,0.55
2019-07-30,245,0.93,1.07
2019-07-30,252,2.8,3.2
2019-07-30,256,0.6,0.7
2019-07-30,258,0.88,0.98
2019-07-30,260,2.5,3
2019-07-30,267,0.4,0.6
2019-07-30,269,0.55,0.65
2019-07-30,286,0.25,0.3
2019-07-30,289,0.4,0.5
2019-07-30,290,0.6,0.65
2019-07-30,292,0.2,0.28
2019-07-30,293,0.32,0.4
2019-07-30,294,0.4,0.48
2019-07-30,295,0.45,0.55
2019-07-30,296,0.72,0.82
2019-07-30,310,0.5,0.6
2019-07-30,311,0.65,0.75
2019-07-30,312,0.15,0.2
2019-07-30,313,0.2,0.25
2019-07-30,314,0.3,0.35
2019-07-30,315,0.38,0.45
2019-07-30,316,0.57,0.62
2019-07-30,328,0.27,0.33
2019-07-30,329,0.07,0.09
2019-07-30,331,0.18,0.22
2019-07-30,333,2.35,2.4
2019-07-30,335,2.1,2.15
2019-07-30,341,2.58,2.62
2019-07-30,342,2.8,2.85
2019-07-30,344,12.3,12.3
2019-07-30,345,10.2,10.2
2019-07-30,346,9.1,9.1
2019-07-30,347,7.5,7.5
2019-07-30,350,2.23,2.33
2019-07-30,351,2.23,2.33
2019-07-30,352,3.75,3.85
2019-07-30,353,4.3,4.4
2019-07-30,356,1.6,1.7
2019-07-30,357,1.5,1.6
2019-07-30,358,3.3,3.4
2019-07-30,361,4.2,4.3
2019-07-30,362,5.1,5.2
2019-07-30,363,5.55,5.65
2019-07-30,364,1.95,2.05
2019-07-30,365,1.5,1.6
2019-07-30,366,6.4,6.5
2019-07-30,367,2.5,2.6
2019-07-30,368,1.35,1.45
2019-07-30,369,6.4,6.5
2019-07-30,370,2.35,2.45
2019-07-30,371,1.35,1.45
2019-07-30,372,3.65,3.75
2019-07-30,672,240,245
2019-07-30,674,1.15,1.17
2019-07-30,675,1.57,1.59
2019-07-30,676,2.23,2.33
2019-07-30,677,1.5,1.6
2019-07-30,678,2.48,2.58
2019-07-30,693,2.2,2.5
2019-07-30,694,2.3,2.6
2019-07-30,716,15.1,15.1
2019-07-30,717,12.9,12.9
2019-07-30,718,11.9,11.9
2019-07-30,719,9.4,9.4
2019-07-30,728,0.85,0.95
2019-07-30,731,6.65,6.75
2019-07-30,732,8,8.1
2019-07-30,733,8.65,8.75
2019-07-30,734,9.05,9.2
2019-07-30,735,7.5,8.5
2019-07-30,736,7.5,8
2019-07-30,737,2.65,3.3
2019-07-30,738,2.75,3.4
2019-07-30,740,7.6,8.5
2019-07-30,741,1.1,1.2
2019-07-30,743,7,7.5
2019-07-30,745,1.4,1.5
2019-07-30,748,0.9,1
2019-07-30,749,0.95,1.05
2019-07-30,750,1.05,1.15
2019-07-30,751,0.8,0.9
2019-07-30,752,1.3,1.75
2019-07-30,753,0.9,1
2019-07-30,754,5,6
2019-07-30,755,0.75,0.95
2019-07-30,756,0.85,0.95
2019-07-30,757,3.6,4.25
2019-07-30,758,1.65,1.9
2019-07-30,759,0.85,0.95
2019-07-30,760,5.75,7.5
2019-07-30,761,1.75,2.1
2019-07-30,762,1.75,2.15
2019-07-30,763,2,2.3
2019-07-30,765,5.75,8
2019-07-30,768,3,3.5
2019-07-30,769,3,3.5
2019-08-02,328,0.27,0.33
2019-08-02,329,0.13,0.15
2019-08-02,331,0.25,0.29
2019-08-02,332,,
2019-08-02,333,2.35,2.4
2019-08-02,335,2.1,2.15
2019-08-02,336,,
2019-08-02,337,,
2019-08-02,340,,
2019-08-02,341,2.6,2.65
2019-08-02,342,2.8,2.85
2019-08-02,344,12.8,12.8
2019-08-02,345,10.7,10.7
2019-08-02,346,9.4,9.4
2019-08-02,347,7.7,7.7
2019-08-02,350,2.25,2.35
2019-08-02,351,2.25,2.35
2019-08-02,352,3.8,3.9
2019-08-02,353,4.3,4.4
2019-08-02,356,1.6,1.7
2019-08-02,357,1.6,1.7
2019-08-02,358,3.3,3.4
2019-08-02,361,4.2,4.3
2019-08-02,362,5.1,5.2
2019-08-02,363,5.65,5.75
2019-08-02,364,1.95,2.05
2019-08-02,365,1.5,1.6
2019-08-02,366,6.5,6.6
2019-08-02,367,2.5,2.6
2019-08-02,368,1.35,1.45
2019-08-02,369,6.5,6.6
2019-08-02,370,2.35,2.45
2019-08-02,371,1.35,1.45
2019-08-02,372,4,4.1
2019-08-02,674,1.16,1.18
2019-08-02,675,1.58,1.6
2019-08-02,676,2.25,2.35
2019-08-02,677,1.6,1.7
2019-08-02,678,2.5,2.6
2019-08-02,716,15.4,15.4
2019-08-02,717,13.2,13.2
2019-08-02,718,12.1,12.1
2019-08-02,719,9.5,9.5
2019-08-05,2,,
2019-08-05,3,,
2019-08-05,4,184,186
2019-08-05,5,174,176
2019-08-05,6,170,172
2019-08-05,7,253,255
2019-08-05,8,253,255
2019-08-05,9,183,184
2019-08-05,10,190,191
2019-08-05,11,,
2019-08-05,12,188,190
2019-08-05,13,174,175
2019-08-05,14,172,173
2019-08-05,15,178,180
2019-08-05,16,174,175
2019-08-05,17,,
2019-08-05,18,,
2019-08-05,19,160,162
2019-08-05,20,167,169
2019-08-05,21,177,179
2019-08-05,22,,
2019-08-05,23,430,435
2019-08-05,24,424,429
2019-08-05,25,274,276
2019-08-05,26,269,272
2019-08-05,27,465,466
2019-08-05,28,461,463
2019-08-05,29,447,448
2019-08-05,30,168,170
2019-08-05,31,172,174
2019-08-05,32,140,142
2019-08-05,33,172,184
2019-08-05,34,143,145
2019-08-05,35,192,194
2019-08-05,36,163,165
2019-08-05,37,149,150
2019-08-05,38,149,150
2019-08-05,39,264,265
2019-08-05,40,159,160
2019-08-05,41,730,735
2019-08-05,42,170,171
2019-08-05,43,168,170
2019-08-05,44,,
2019-08-05,45,,
2019-08-05,46,,
2019-08-05,47,217,218
2019-08-05,48,160,165
2019-08-05,50,360,420
2019-08-05,51,430,480
2019-08-05,53,910,960
2019-08-05,54,1130,1190
2019-08-05,55,275,305
2019-08-05,56,200,210
2019-08-05,58,130,135
2019-08-05,61,,
2019-08-05,62,,
2019-08-05,63,100,110
2019-08-05,64,,
2019-08-05,65,80,90
2019-08-05,66,,
2019-08-05,67,115,125
2019-08-05,68,,
2019-08-05,69,45,55
2019-08-05,70,,
2019-08-05,71,70,75
2019-08-05,73,333,334
2019-08-05,74,,
2019-08-05,75,330,332
2019-08-05,76,360,361
2019-08-05,77,349,350
2019-08-05,78,,
2019-08-05,79,,
2019-08-05,80,,
2019-08-05,81,245,260
2019-08-05,82,,
2019-08-05,83,625,630
2019-08-05,84,675,680
2019-08-05,85,645,650
2019-08-05,86,625,630
2019-08-05,87,650,655
2019-08-05,88,630,635
2019-08-05,89,1500,1510
2019-08-05,90,760,770
2019-08-05,91,820,830
2019-08-05,92,815,820
2019-08-05,93,,
2019-08-05,94,730,735
2019-08-05,95,710,715
2019-08-05,96,,
2019-08-05,97,,
2019-08-05,98,,
2019-08-05,100,,
2019-08-05,101,9,10.5
2019-08-05,102,10,11.5
2019-08-05,103,5,5.85
2019-08-05,104,2.25,2.5
2019-08-05,105,2.85,2.95
2019-08-05,106,2.1,2.15
2019-08-05,107,1.2,1.25
2019-08-05,108,271,275
2019-08-05,109,243,245
2019-08-05,110,380,395
2019-08-05,111,245,250
2019-08-05,112,244,245
2019-08-05,113,,
2019-08-05,114,229,230
2019-08-05,115,182,185
2019-08-05,116,,
2019-08-05,117,361,363
2019-08-05,118,303,306
2019-08-05,119,,
2019-08-05,120,302,303
2019-08-05,121,411,413
2019-08-05,122,313,315
2019-08-05,123,414,416
2019-08-05,124,312,314
2019-08-05,125,,
2019-08-05,126,210,220
2019-08-05,127,200,205
2019-08-05,128,185,190
2019-08-05,129,195,205
2019-08-05,130,150,155
2019-08-05,131,1540,1545
2019-08-05,132,570,575
2019-08-05,133,540,545
2019-08-05,134,700,705
2019-08-05,176,6,7
2019-08-05,177,12,13
2019-08-05,181,4.85,4.95
2019-08-05,182,5.15,5.25
2019-08-05,183,5.32,5.47
2019-08-05,184,6.02,6.22
2019-08-05,185,7.12,7.22
2019-08-05,186,9.4,9.55
2019-08-05,187,450,460
2019-08-05,188,395,405
2019-08-05,189,215,225
2019-08-05,190,1650,1850
2019-08-05,191,,
2019-08-05,192,,
2019-08-05,193,,
2019-08-05,194,,
2019-08-05,195,,
2019-08-05,196,,
2019-08-05,197,,
2019-08-05,198,,
2019-08-05,199,,
2019-08-05,202,,
2019-08-05,203,,
2019-08-05,204,,
2019-08-05,205,,
2019-08-05,206,,
2019-08-05,207,,
2019-08-05,208,,
2019-08-05,209,,
2019-08-05,210,,
2019-08-05,211,0.35,0.45
2019-08-05,212,,
2019-08-05,213,0.65,0.75
2019-08-05,214,,
2019-08-05,215,,
2019-08-05,216,,
2019-08-05,217,,
2019-08-05,218,,
2019-08-05,219,,
2019-08-05,220,1,1.2
2019-08-05,221,2,2.5
2019-08-05,222,,
2019-08-05,223,,
2019-08-05,224,,
2019-08-05,225,1.4,1.5
2019-08-05,226,,
2019-08-05,227,,
2019-08-05,228,,
2019-08-05,229,0.95,1.05
2019-08-05,230,,
2019-08-05,231,,
2019-08-05,232,0.35,0.4
2019-08-05,233,,
2019-08-05,234,,
2019-08-05,235,,
2019-08-05,236,0.75,0.85
2019-08-05,237,0.65,0.75
2019-08-05,238,0.6,0.7
2019-08-05,239,1.5,1.8
2019-08-05,240,1.5,1.8
2019-08-05,241,0.95,1.1
2019-08-05,242,1.4,1.5
2019-08-05,243,0.65,0.75
2019-08-05,244,,
2019-08-05,245,1.5,1.8
2019-08-05,246,,
2019-08-05,247,,
2019-08-05,248,,
2019-08-05,249,,
2019-08-05,250,,
2019-08-05,251,,
2019-08-05,252,2.8,3.2
2019-08-05,253,,
2019-08-05,254,,
2019-08-05,255,,
2019-08-05,256,0.5,0.55
2019-08-05,257,,
2019-08-05,258,0.4,0.45
2019-08-05,259,,
2019-08-05,260,2.5,3
2019-08-05,261,,
2019-08-05,262,,
2019-08-05,263,,
2019-08-05,264,,
2019-08-05,265,,
2019-08-05,266,,
2019-08-05,267,0.4,0.6
2019-08-05,268,,
2019-08-05,269,0.5,0.6
2019-08-05,270,,
2019-08-05,271,,
2019-08-05,272,,
2019-08-05,273,,
2019-08-05,274,,
2019-08-05,275,,
2019-08-05,276,,
2019-08-05,277,,
2019-08-05,278,,
2019-08-05,279,,
2019-08-05,280,,
2019-08-05,281,,
2019-08-05,282,,
2019-08-05,283,,
2019-08-05,284,,
2019-08-05,285,,
2019-08-05,286,0.2,0.25
2019-08-05,287,,
2019-08-05,288,,
2019-08-05,289,0.4,0.5
2019-08-05,290,0.6,0.65
2019-08-05,291,,
2019-08-05,292,0.2,0.25
2019-08-05,293,0.3,0.35
2019-08-05,294,0.35,0.4
2019-08-05,295,0.35,0.45
2019-08-05,296,0.6,0.65
2019-08-05,297,,
2019-08-05,298,,
2019-08-05,299,,
2019-08-05,300,,
2019-08-05,301,,
2019-08-05,302,,
2019-08-05,303,,
2019-08-05,304,,
2019-08-05,305,,
2019-08-05,306,,
2019-08-05,307,,
2019-08-05,308,,
2019-08-05,309,,
2019-08-05,310,0.5,0.6
2019-08-05,311,0.65,0.75
2019-08-05,312,0.15,0.2
2019-08-05,313,0.2,0.25
2019-08-05,314,0.3,0.35
2019-08-05,315,0.35,0.4
2019-08-05,316,0.55,0.6
2019-08-05,317,,
2019-08-05,318,,
2019-08-05,319,,
2019-08-05,320,,
2019-08-05,321,,
2019-08-05,322,,
2019-08-05,323,,
2019-08-05,670,,
2019-08-05,671,,
2019-08-05,672,243,245
2019-08-05,685,,
2019-08-05,691,,
2019-08-05,692,,
2019-08-05,693,,
2019-08-05,694,,
2019-08-05,727,,
2019-08-05,728,0.8,0.9
2019-08-05,731,6.65,6.75
2019-08-05,732,8,8.1
2019-08-05,733,8.65,8.75
2019-08-05,734,9.05,9.2
2019-08-05,735,7.5,8.5
2019-08-05,736,7.5,8
2019-08-05,737,2.5,3.1
2019-08-05,738,2.6,3.2
2019-08-05,740,7.6,8.5
2019-08-05,741,1.1,1.2
2019-08-05,743,,
2019-08-05,744,,
2019-08-05,745,,
2019-08-05,747,,
2019-08-05,748,0.9,1
2019-08-05,749,0.95,1.05
2019-08-05,750,1.05,1.15
2019-08-05,751,0.8,0.9
2019-08-05,752,1.1,1.5
2019-08-05,753,0.8,0.9
2019-08-05,754,5,6
2019-08-05,755,0.75,0.95
2019-08-05,756,0.85,0.95
2019-08-05,757,3.6,4
2019-08-05,758,1.5,1.8
2019-08-05,759,0.85,0.95
2019-08-05,760,5.5,7.5
2019-08-05,761,1.6,2
2019-08-05,762,1.6,2
2019-08-05,763,1.7,2.1
2019-08-05,764,,
2019-08-05,765,5.5,8
2019-08-05,766,,
2019-08-05,767,,
2019-08-05,768,3,3.5
2019-08-05,769,3,3.5
2019-08-15,4,184,186
2019-08-15,5,174,176
2019-08-15,6,170,172
2019-08-15,7,253,255
2019-08-15,8,253,255
2019-08-15,9,183,184
2019-08-15,10,190,191
2019-08-15,12,188,190
2019-08-15,13,174,175
2019-08-15,14,172,173
2019-08-15,15,178,180
2019-08-15,16,174,175
2019-08-15,19,160,162
2019-08-15,20,167,169
2019-08-15,21,177,179
2019-08-15,23,430,435
2019-08-15,24,424,429
2019-08-15,25,274,276
2019-08-15,26,269,272
2019-08-15,27,465,466
2019-08-15,28,461,463
2019-08-15,29,447,448
2019-08-15,30,168,170
2019-08-15,31,172,174
2019-08-15,32,140,142
2019-08-15,33,172,184
2019-08-15,34,143,145
2019-08-15,35,192,194
2019-08-15,36,163,165
2019-08-15,37,149,150
2019-08-15,38,149,150
2019-08-15,39,264,265
2019-08-15,40,159,160
2019-08-15,41,730,735
2019-08-15,42,170,171
2019-08-15,43,168,170
2019-08-15,47,217,218
2019-08-15,48,160,165
2019-08-15,50,360,420
2019-08-15,51,430,480
2019-08-15,53,910,960
2019-08-15,54,1130,1190
2019-08-15,55,275,305
2019-08-15,56,200,210
2019-08-15,58,130,135
2019-08-15,63,100,110
2019-08-15,65,80,90
2019-08-15,67,115,125
2019-08-15,69,45,55
2019-08-15,71,70,75
2019-08-15,73,333,334
2019-08-15,75,330,332
2019-08-15,76,360,361
2019-08-15,77,349,350
2019-08-15,81,245,260
2019-08-15,83,625,630
2019-08-15,84,675,680
2019-08-15,85,645,650
2019-08-15,86,625,630
2019-08-15,87,650,655
2019-08-15,88,630,635
2019-08-15,89,1500,1510
2019-08-15,90,760,770
2019-08-15,91,820,830
2019-08-15,92,815,820
2019-08-15,94,730,735
2019-08-15,95,710,715
2019-08-15,101,9,10.5
2019-08-15,102,10,11.5
2019-08-15,103,5,5.85
2019-08-15,104,2.25,2.5
2019-08-15,105,2.85,2.95
2019-08-15,106,2.1,2.15
2019-08-15,107,1.2,1.25
2019-08-15,108,271,275
2019-08-15,109,243,245
2019-08-15,110,380,395
2019-08-15,111,245,250
2019-08-15,112,244,245
2019-08-15,114,229,230
2019-08-15,115,182,185
2019-08-15,117,361,363
2019-08-15,118,303,306
2019-08-15,120,302,303
2019-08-15,121,411,413
2019-08-15,122,313,315
2019-08-15,123,414,416
2019-08-15,124,312,314
2019-08-15,126,210,220
2019-08-15,127,200,205
2019-08-15,128,185,190
2019-08-15,129,195,205
2019-08-15,130,150,155
2019-08-15,131,1540,1545
2019-08-15,132,570,575
2019-08-15,133,540,545
2019-08-15,134,700,705
2019-08-15,176,6,7
2019-08-15,177,12,13
2019-08-15,181,4.85,4.95
2019-08-15,182,5.15,5.25
2019-08-15,183,5.32,5.47
2019-08-15,184,6.02,6.22
2019-08-15,185,7.12,7.22
2019-08-15,186,9.4,9.55
2019-08-15,187,450,460
2019-08-15,188,395,405
2019-08-15,189,215,225
2019-08-15,190,1650,1850
2019-08-15,211,0.35,0.45
2019-08-15,213,0.65,0.75
2019-08-15,220,1,1.2
2019-08-15,221,2,2.5
2019-08-15,225,1.4,1.5
2019-08-15,229,0.95,1.05
2019-08-15,232,0.35,0.4
2019-08-15,236,0.75,0.85
2019-08-15,237,0.65,0.75
2019-08-15,238,0.6,0.7
2019-08-15,239,1.5,1.8
2019-08-15,240,1.5,1.8
2019-08-15,241,0.95,1.1
2019-08-15,242,1.4,1.5
2019-08-15,243,0.65,0.75
2019-08-15,245,1.5,1.8
2019-08-15,252,2.8,3.2
2019-08-15,256,0.5,0.55
2019-08-15,258,0.4,0.45
2019-08-15,260,2.5,3
2019-08-15,267,0.4,0.6
2019-08-15,269,0.5,0.6
2019-08-15,286,0.2,0.25
2019-08-15,289,0.4,0.5
2019-08-15,290,0.6,0.65
2019-08-15,292,0.2,0.25
2019-08-15,293,0.3,0.35
2019-08-15,294,0.35,0.4
2019-08-15,295,0.35,0.45
2019-08-15,296,0.6,0.65
2019-08-15,310,0.5,0.6
2019-08-15,311,0.65,0.75
2019-08-15,312,0.15,0.2
2019-08-15,313,0.2,0.25
2019-08-15,314,0.3,0.35
2019-08-15,315,0.35,0.4
2019-08-15,316,0.55,0.6
2019-08-15,328,0.27,0.33
2019-08-15,329,0.13,0.15
2019-08-15,331,0.25,0.29
2019-08-15,333,2.35,2.4
2019-08-15,335,2.1,2.15
2019-08-15,341,2.6,2.65
2019-08-15,342,2.8,2.85
2019-08-15,344,12.8,12.8
2019-08-15,345,10.7,10.7
2019-08-15,346,9.4,9.4
2019-08-15,347,7.7,7.7
2019-08-15,350,2.25,2.35
2019-08-15,351,2.25,2.35
2019-08-15,352,3.8,3.9
2019-08-15,353,4.3,4.4
2019-08-15,356,1.6,1.7
2019-08-15,357,1.6,1.7
2019-08-15,358,3.3,3.4
2019-08-15,361,4.2,4.3
2019-08-15,362,5.1,5.2
2019-08-15,363,5.65,5.75
2019-08-15,364,1.95,2.05
2019-08-15,365,1.5,1.6
2019-08-15,366,6.5,6.6
2019-08-15,367,2.5,2.6
2019-08-15,368,1.35,1.45
2019-08-15,369,6.5,6.6
2019-08-15,370,2.35,2.45
2019-08-15,371,1.35,1.45
2019-08-15,372,4,4.1
2019-08-15,672,243,245
2019-08-15,674,1.16,1.18
2019-08-15,675,1.58,1.6
2019-08-15,676,2.25,2.35
2019-08-15,677,1.6,1.7
2019-08-15,678,2.5,2.6
2019-08-15,716,15.4,15.4
2019-08-15,717,13.2,13.2
2019-08-15,718,12.1,12.1
2019-08-15,719,9.5,9.5
2019-08-15,728,0.8,0.9
2019-08-15,731,6.65,6.75
2019-08-15,732,8,8.1
2019-08-15,733,8.65,8.75
2019-08-15,734,9.05,9.2
2019-08-15,735,7.5,8.5
2019-08-15,736,7.5,8
2019-08-15,737,2.5,3.1
2019-08-15,738,2.6,3.2
2019-08-15,740,7.6,8.5
2019-08-15,741,1.1,1.2
2019-08-15,748,0.9,1
2019-08-15,749,0.95,1.05
2019-08-15,750,1.05,1.15
2019-08-15,751,0.8,0.9
2019-08-15,752,1.1,1.5
2019-08-15,753,0.8,0.9
2019-08-15,754,5,6
2019-08-15,755,0.75,0.95
2019-08-15,756,0.85,0.95
2019-08-15,757,3.6,4
2019-08-15,758,1.5,1.8
2019-08-15,759,0.85,0.95
2019-08-15,760,5.5,7.5
2019-08-15,761,1.6,2
2019-08-15,762,1.6,2
2019-08-15,763,1.7,2.1
2019-08-15,765,5.5,8
2019-08-15,768,3,3.5
2019-08-15,769,3,3.5
2019-08-19,2,,
2019-08-19,3,,
2019-08-19,4,186,188
2019-08-19,5,174,176
2019-08-19,6,170,172
2019-08-19,7,250,252
2019-08-19,8,250,252
2019-08-19,9,183,184
2019-08-19,10,190,191
2019-08-19,11,,
2019-08-19,12,188,190
2019-08-19,13,174,175
2019-08-19,14,172,173
2019-08-19,15,178,179
2019-08-19,16,174,175
2019-08-19,17,,
2019-08-19,18,,
2019-08-19,19,160,162
2019-08-19,20,167,169
2019-08-19,21,176,178
2019-08-19,22,,
2019-08-19,23,430,435
2019-08-19,24,424,429
2019-08-19,25,274,276
2019-08-19,26,269,272
2019-08-19,27,465,466
2019-08-19,28,461,463
2019-08-19,29,447,448
2019-08-19,30,173,175
2019-08-19,31,177,179
2019-08-19,32,145,147
2019-08-19,33,177,189
2019-08-19,34,148,150
2019-08-19,35,194,196
2019-08-19,36,165,167
2019-08-19,37,154,155
2019-08-19,38,154,155
2019-08-19,39,264,265
2019-08-19,40,159,160
2019-08-19,41,730,735
2019-08-19,42,170,171
2019-08-19,43,168,170
2019-08-19,44,,
2019-08-19,45,,
2019-08-19,46,,
2019-08-19,47,217,218
2019-08-19,48,163,168
2019-08-19,50,360,420
2019-08-19,51,430,480
2019-08-19,53,910,960
2019-08-19,54,1130,1190
2019-08-19,55,275,305
2019-08-19,56,200,210
2019-08-19,58,130,135
2019-08-19,61,,
2019-08-19,62,,
2019-08-19,63,100,110
2019-08-19,64,,
2019-08-19,65,90,100
2019-08-19,66,,
2019-08-19,67,125,135
2019-08-19,68,,
2019-08-19,69,45,55
2019-08-19,70,,
2019-08-19,71,70,75
2019-08-19,73,333,334
2019-08-19,74,,
2019-08-19,75,330,332
2019-08-19,76,360,361
2019-08-19,77,349,350
2019-08-19,78,,
2019-08-19,79,,
2019-08-19,80,,
2019-08-19,81,245,260
2019-08-19,82,,
2019-08-19,83,625,630
2019-08-19,84,675,680
2019-08-19,85,645,650
2019-08-19,86,635,640
2019-08-19,87,675,680
2019-08-19,88,655,660
2019-08-19,89,1500,1510
2019-08-19,90,760,770
2019-08-19,91,820,830
2019-08-19,92,815,820
2019-08-19,93,,
2019-08-19,94,755,760
2019-08-19,95,735,740
2019-08-19,96,,
2019-08-19,97,,
2019-08-19,98,,
2019-08-19,100,,
2019-08-19,101,9,10.5
2019-08-19,102,10,11.5
2019-08-19,103,5,5.85
2019-08-19,104,2.25,2.5
2019-08-19,105,2.85,2.95
2019-08-19,106,2.1,2.15
2019-08-19,107,1.2,1.25
2019-08-19,108,271,275
2019-08-19,109,243,245
2019-08-19,110,380,395
2019-08-19,111,245,250
2019-08-19,112,249,250
2019-08-19,113,,
2019-08-19,114,229,230
2019-08-19,115,180,183
2019-08-19,116,,
2019-08-19,117,361,363
2019-08-19,118,306,309
2019-08-19,119,,
2019-08-19,120,305,306
2019-08-19,121,411,413
2019-08-19,122,315,317
2019-08-19,123,416,418
2019-08-19,124,313,315
2019-08-19,125,,
2019-08-19,126,215,225
2019-08-19,127,205,210
2019-08-19,128,190,195
2019-08-19,129,195,205
2019-08-19,130,150,155
2019-08-19,131,1540,1545
2019-08-19,132,570,575
2019-08-19,133,540,545
2019-08-19,134,700,705
2019-08-19,176,6,7
2019-08-19,177,12,13
2019-08-19,181,4.85,4.95
2019-08-19,182,5.15,5.25
2019-08-19,183,5.22,5.37
2019-08-19,184,5.92,6.12
2019-08-19,185,7.02,7.12
2019-08-19,186,9.4,9.55
2019-08-19,187,450,460
2019-08-19,188,405,415
2019-08-19,189,225,235
2019-08-19,190,1700,1900
2019-08-19,191,,
2019-08-19,192,,
2019-08-19,193,,
2019-08-19,194,,
2019-08-19,195,,
2019-08-19,196,,
2019-08-19,197,,
2019-08-19,198,,
2019-08-19,199,,
2019-08-19,202,,
2019-08-19,203,,
2019-08-19,204,,
2019-08-19,205,,
2019-08-19,206,,
2019-08-19,207,,
2019-08-19,208,,
2019-08-19,209,,
2019-08-19,210,,
2019-08-19,211,0.35,0.45
2019-08-19,212,,
2019-08-19,213,0.65,0.75
2019-08-19,214,,
2019-08-19,215,,
2019-08-19,216,,
2019-08-19,217,,
2019-08-19,218,,
2019-08-19,219,,
2019-08-19,220,0.8,1
2019-08-19,221,1.5,1.8
2019-08-19,222,,
2019-08-19,223,,
2019-08-19,224,,
2019-08-19,225,1.4,1.5
2019-08-19,226,,
2019-08-19,227,,
2019-08-19,228,,
2019-08-19,229,0.95,1.05
2019-08-19,230,,
2019-08-19,231,,
2019-08-19,232,0.35,0.4
2019-08-19,233,,
2019-08-19,234,,
2019-08-19,235,,
2019-08-19,236,0.8,0.9
2019-08-19,237,0.65,0.75
2019-08-19,238,0.6,0.7
2019-08-19,239,1.5,2
2019-08-19,240,1.5,2
2019-08-19,241,0.9,1.1
2019-08-19,242,1.2,1.5
2019-08-19,243,0.65,0.75
2019-08-19,244,,
2019-08-19,245,1.5,1.8
2019-08-19,246,,
2019-08-19,247,,
2019-08-19,248,,
2019-08-19,249,,
2019-08-19,250,,
2019-08-19,251,,
2019-08-19,252,2.8,3.2
2019-08-19,253,,
2019-08-19,254,,
2019-08-19,255,,
2019-08-19,256,0.5,0.55
2019-08-19,257,,
2019-08-19,258,0.4,0.45
2019-08-19,259,,
2019-08-19,260,2.5,3
2019-08-19,261,,
2019-08-19,262,,
2019-08-19,263,,
2019-08-19,264,,
2019-08-19,265,,
2019-08-19,266,,
2019-08-19,267,0.4,0.5
2019-08-19,268,,
2019-08-19,269,0.5,0.6
2019-08-19,270,,
2019-08-19,271,,
2019-08-19,272,,
2019-08-19,273,,
2019-08-19,274,,
2019-08-19,275,,
2019-08-19,276,,
2019-08-19,277,,
2019-08-19,278,,
2019-08-19,279,,
2019-08-19,280,,
2019-08-19,281,,
2019-08-19,282,0.4,0.5
2019-08-19,283,,
2019-08-19,284,,
2019-08-19,285,,
2019-08-19,286,0.2,0.25
2019-08-19,287,,
2019-08-19,288,,
2019-08-19,289,0.4,0.5
2019-08-19,290,0.5,0.6
2019-08-19,291,,
2019-08-19,292,0.2,0.25
2019-08-19,293,0.3,0.35
2019-08-19,294,0.35,0.4
2019-08-19,295,0.35,0.45
2019-08-19,296,0.55,0.65
2019-08-19,297,,
2019-08-19,298,,
2019-08-19,299,,
2019-08-19,300,,
2019-08-19,301,,
2019-08-19,302,,
2019-08-19,303,,
2019-08-19,304,,
2019-08-19,305,,
2019-08-19,306,,
2019-08-19,307,,
2019-08-19,308,,
2019-08-19,309,,
2019-08-19,310,0.5,0.6
2019-08-19,311,0.6,0.7
2019-08-19,312,0.15,0.2
2019-08-19,313,0.2,0.25
2019-08-19,314,0.3,0.35
2019-08-19,315,0.35,0.4
2019-08-19,316,0.45,0.5
2019-08-19,317,,
2019-08-19,318,,
2019-08-19,319,,
2019-08-19,320,,
2019-08-19,321,,
2019-08-19,322,,
2019-08-19,323,0.4,0.5
2019-08-19,623,,
2019-08-19,624,,
2019-08-19,625,,
2019-08-19,626,,
2019-08-19,627,,
2019-08-19,628,,
2019-08-19,629,,
2019-08-19,630,,
2019-08-19,631,,
2019-08-19,632,,
2019-08-19,633,,
2019-08-19,634,,
2019-08-19,635,,
2019-08-19,636,,
2019-08-19,637,,
2019-08-19,638,,
2019-08-19,639,,
2019-08-19,640,,
2019-08-19,641,,
2019-08-19,642,,
2019-08-19,643,,
2019-08-19,644,,
2019-08-19,669,,
2019-08-19,670,,
2019-08-19,671,,
2019-08-19,672,243,245
2019-08-19,685,,
2019-08-19,691,,
2019-08-19,692,,
2019-08-19,693,,
2019-08-19,694,,
2019-08-19,722,,
2019-08-19,723,,
2019-08-19,724,,
2019-08-19,725,,
2019-08-19,726,,
2019-08-19,727,,
2019-08-19,728,0.8,0.9
2019-08-19,731,6.65,6.75
2019-08-19,732,8,8.1
2019-08-19,733,8.65,8.75
2019-08-19,734,9.05,9.2
2019-08-19,735,7.5,8.5
2019-08-19,736,7.5,8
2019-08-19,737,2.5,3.1
2019-08-19,738,2.6,3.2
2019-08-19,740,7.6,8.5
2019-08-19,741,1.1,1.2
2019-08-19,743,,
2019-08-19,744,,
2019-08-19,745,,
2019-08-19,747,,
2019-08-19,748,0.9,1
2019-08-19,749,0.95,1.05
2019-08-19,750,1.05,1.15
2019-08-19,751,0.8,0.9
2019-08-19,752,1.1,1.5
2019-08-19,753,0.8,0.9
2019-08-19,754,5,6
2019-08-19,755,0.75,0.95
2019-08-19,756,0.85,0.95
2019-08-19,757,3.6,4
2019-08-19,758,1.5,1.8
2019-08-19,759,0.85,0.95
2019-08-19,760,5.5,7.5
2019-08-19,761,1.6,2
2019-08-19,762,1.6,2
2019-08-19,763,1.7,2.1
2019-08-19,764,,
2019-08-19,765,5.5,8
2019-08-19,766,,
2019-08-19,767,,
2019-08-19,768,3,3.5
2019-08-19,769,3,3.5
2019-08-26,2,,
2019-08-26,3,,
2019-08-26,4,185,187
2019-08-26,5,174,176
2019-08-26,6,170,172
2019-08-26,7,250,252
2019-08-26,8,250,252
2019-08-26,9,182,183
2019-08-26,10,190,191
2019-08-26,11,,
2019-08-26,12,188,190
2019-08-26,13,172,173
2019-08-26,14,170,171
2019-08-26,15,177,178
2019-08-26,16,171,172
2019-08-26,17,,
2019-08-26,18,,
2019-08-26,19,160,162
2019-08-26,20,167,169
2019-08-26,21,175,176
2019-08-26,22,,
2019-08-26,23,430,435
2019-08-26,24,424,429
2019-08-26,25,274,276
2019-08-26,26,269,272
2019-08-26,27,465,466
2019-08-26,28,461,463
2019-08-26,29,447,448
2019-08-26,30,146,148
2019-08-26,31,150,152
2019-08-26,32,118,120
2019-08-26,33,150,162
2019-08-26,34,121,123
2019-08-26,35,187,189
2019-08-26,36,158,160
2019-08-26,37,124,125
2019-08-26,38,124,125
2019-08-26,39,263,264
2019-08-26,40,157,158
2019-08-26,41,730,735
2019-08-26,42,170,171
2019-08-26,43,165,167
2019-08-26,44,,
2019-08-26,45,,
2019-08-26,46,,
2019-08-26,47,214,215
2019-08-26,48,165,170
2019-08-26,50,,
2019-08-26,51,,
2019-08-26,53,910,960
2019-08-26,54,1130,1190
2019-08-26,55,275,305
2019-08-26,56,200,210
2019-08-26,58,130,135
2019-08-26,61,,
2019-08-26,62,,
2019-08-26,63,100,110
2019-08-26,64,,
2019-08-26,65,90,100
2019-08-26,66,,
2019-08-26,67,125,135
2019-08-26,68,,
2019-08-26,69,,
2019-08-26,70,,
2019-08-26,71,70,75
2019-08-26,73,331,332
2019-08-26,74,,
2019-08-26,75,328,330
2019-08-26,76,355,356
2019-08-26,77,349,350
2019-08-26,78,,
2019-08-26,79,,
2019-08-26,80,,
2019-08-26,81,250,260
2019-08-26,82,,
2019-08-26,83,625,630
2019-08-26,84,675,680
2019-08-26,85,645,650
2019-08-26,86,635,640
2019-08-26,87,675,680
2019-08-26,88,655,660
2019-08-26,89,1500,1510
2019-08-26,90,760,770
2019-08-26,91,820,830
2019-08-26,92,815,820
2019-08-26,93,,
2019-08-26,94,755,760
2019-08-26,95,735,740
2019-08-26,96,,
2019-08-26,97,,
2019-08-26,98,,
2019-08-26,100,,
2019-08-26,101,9,10.5
2019-08-26,102,10,11.5
2019-08-26,103,5,5.85
2019-08-26,104,2.25,2.5
2019-08-26,105,2.85,2.95
2019-08-26,106,2.1,2.15
2019-08-26,107,1.2,1.25
2019-08-26,108,271,275
2019-08-26,109,243,245
2019-08-26,110,385,395
2019-08-26,111,238,240
2019-08-26,112,239,240
2019-08-26,113,,
2019-08-26,114,229,230
2019-08-26,115,175,178
2019-08-26,116,,
2019-08-26,117,360,362
2019-08-26,118,305,307
2019-08-26,119,,
2019-08-26,120,303,304
2019-08-26,121,410,412
2019-08-26,122,313,315
2019-08-26,123,415,416
2019-08-26,124,310,312
2019-08-26,125,,
2019-08-26,126,215,225
2019-08-26,127,205,210
2019-08-26,128,190,195
2019-08-26,129,195,205
2019-08-26,130,150,155
2019-08-26,131,1530,1535
2019-08-26,132,575,580
2019-08-26,133,545,550
2019-08-26,134,705,710
2019-08-26,176,6,7
2019-08-26,177,11,12
2019-08-26,181,4.85,4.95
2019-08-26,182,5.15,5.25
2019-08-26,183,5.22,5.37
2019-08-26,184,5.92,6.12
2019-08-26,185,7.02,7.12
2019-08-26,186,9.4,9.55
2019-08-26,187,450,460
2019-08-26,188,415,425
2019-08-26,189,240,250
2019-08-26,190,1750,1950
2019-08-26,191,,
2019-08-26,192,,
2019-08-26,193,,
2019-08-26,194,,
2019-08-26,195,,
2019-08-26,196,,
2019-08-26,197,,
2019-08-26,198,,
2019-08-26,199,,
2019-08-26,202,,
2019-08-26,203,,
2019-08-26,204,,
2019-08-26,205,,
2019-08-26,206,,
2019-08-26,207,,
2019-08-26,208,,
2019-08-26,209,,
2019-08-26,210,,
2019-08-26,211,0.35,0.45
2019-08-26,212,,
2019-08-26,213,0.35,0.45
2019-08-26,214,,
2019-08-26,215,,
2019-08-26,216,,
2019-08-26,217,,
2019-08-26,218,,
2019-08-26,219,,
2019-08-26,220,0.9,1.1
2019-08-26,221,1.8,2
2019-08-26,222,,
2019-08-26,223,,
2019-08-26,224,,
2019-08-26,225,1.4,1.5
2019-08-26,226,,
2019-08-26,227,,
2019-08-26,228,,
2019-08-26,229,0.9,0.95
2019-08-26,230,,
2019-08-26,231,,
2019-08-26,232,0.3,0.35
2019-08-26,233,,
2019-08-26,234,,
2019-08-26,235,,
2019-08-26,236,0.75,0.8
2019-08-26,237,0.6,0.7
2019-08-26,238,0.6,0.65
2019-08-26,239,2,2.2
2019-08-26,240,2,2.2
2019-08-26,241,0.8,0.9
2019-08-26,242,0.8,0.9
2019-08-26,243,0.75,0.8
2019-08-26,244,,
2019-08-26,245,1.5,1.8
2019-08-26,246,,
2019-08-26,247,,
2019-08-26,248,,
2019-08-26,249,,
2019-08-26,250,,
2019-08-26,251,,
2019-08-26,252,2.8,3.2
2019-08-26,253,,
2019-08-26,254,,
2019-08-26,255,,
2019-08-26,256,0.4,0.5
2019-08-26,257,,
2019-08-26,258,0.35,0.45
2019-08-26,259,,
2019-08-26,260,2,2.2
2019-08-26,261,,
2019-08-26,262,,
2019-08-26,263,,
2019-08-26,264,,
2019-08-26,265,,
2019-08-26,266,,
2019-08-26,267,0.4,0.5
2019-08-26,268,,
2019-08-26,269,,
2019-08-26,270,,
2019-08-26,271,,
2019-08-26,272,,
2019-08-26,273,,
2019-08-26,274,,
2019-08-26,275,,
2019-08-26,276,,
2019-08-26,277,,
2019-08-26,278,,
2019-08-26,279,,
2019-08-26,280,,
2019-08-26,281,,
2019-08-26,282,0.4,0.5
2019-08-26,283,,
2019-08-26,284,,
2019-08-26,285,,
2019-08-26,286,0.2,0.25
2019-08-26,287,,
2019-08-26,288,,
2019-08-26,289,0.4,0.5
2019-08-26,290,0.5,0.6
2019-08-26,291,,
2019-08-26,292,0.2,0.25
2019-08-26,293,0.3,0.35
2019-08-26,294,0.35,0.4
2019-08-26,295,0.35,0.45
2019-08-26,296,0.55,0.65
2019-08-26,297,,
2019-08-26,298,,
2019-08-26,299,,
2019-08-26,300,,
2019-08-26,301,,
2019-08-26,302,,
2019-08-26,303,,
2019-08-26,304,,
2019-08-26,305,,
2019-08-26,306,,
2019-08-26,307,,
2019-08-26,308,,
2019-08-26,309,,
2019-08-26,310,0.5,0.6
2019-08-26,311,0.6,0.7
2019-08-26,312,0.15,0.2
2019-08-26,313,0.2,0.25
2019-08-26,314,0.3,0.35
2019-08-26,315,0.35,0.4
2019-08-26,316,0.45,0.5
2019-08-26,317,,
2019-08-26,318,,
2019-08-26,319,,
2019-08-26,320,,
2019-08-26,321,,
2019-08-26,322,,
2019-08-26,323,0.4,0.5
2019-08-26,623,,
2019-08-26,624,,
2019-08-26,625,,
2019-08-26,626,,
2019-08-26,627,,
2019-08-26,628,,
2019-08-26,629,,
2019-08-26,630,,
2019-08-26,631,,
2019-08-26,632,,
2019-08-26,633,,
2019-08-26,634,,
2019-08-26,635,,
2019-08-26,636,,
2019-08-26,637,,
2019-08-26,638,,
2019-08-26,639,,
2019-08-26,640,,
2019-08-26,641,,
2019-08-26,642,,
2019-08-26,643,,
2019-08-26,644,,
2019-08-26,669,,
2019-08-26,670,,
2019-08-26,671,,
2019-08-26,672,235,237
2019-08-26,685,,
2019-08-26,691,,
2019-08-26,692,,
2019-08-26,693,,
2019-08-26,694,,
2019-08-26,722,,
2019-08-26,723,,
2019-08-26,724,,
2019-08-26,725,,
2019-08-26,726,,
2019-08-26,727,,
2019-08-26,728,0.8,0.9
2019-08-26,731,6.65,6.75
2019-08-26,732,8,8.1
2019-08-26,733,8.65,8.75
2019-08-26,734,9.05,9.2
2019-08-26,735,7.5,8.5
2019-08-26,736,7.5,8
2019-08-26,737,2.5,3.1
2019-08-26,738,2.6,3.2
2019-08-26,740,7.6,8.5
2019-08-26,741,1.1,1.2
2019-08-26,743,,
2019-08-26,744,,
2019-08-26,745,,
2019-08-26,747,,
2019-08-26,748,0.9,1
2019-08-26,749,0.95,1.05
2019-08-26,750,1.05,1.15
2019-08-26,751,,
2019-08-26,752,1.1,1.5
2019-08-26,753,0.8,0.9
2019-08-26,754,5,6
2019-08-26,755,0.75,0.95
2019-08-26,756,0.85,0.95
2019-08-26,757,3.6,4
2019-08-26,758,1.5,1.8
2019-08-26,759,0.85,0.95
2019-08-26,760,5.5,7.5
2019-08-26,761,1.6,2
2019-08-26,762,1.6,2
2019-08-26,763,1.7,2.1
2019-08-26,764,,
2019-08-26,765,5.5,8
2019-08-26,766,,
2019-08-26,767,,
2019-08-26,768,3,3.5
2019-08-26,769,3,3.5
2019-08-30,4,185.5,187.5
2019-08-30,5,174,176
2019-08-30,6,170,172
2019-08-30,7,250,252
2019-08-30,8,250,252
2019-08-30,9,182.5,183.5
2019-08-30,10,190,191
2019-08-30,12,188,190
2019-08-30,13,173,174
2019-08-30,14,171,172
2019-08-30,15,177.5,178.5
2019-08-30,16,172.5,173.5
2019-08-30,19,160,162
2019-08-30,20,167,169
2019-08-30,21,175.5,177
2019-08-30,23,430,435
2019-08-30,24,424,429
2019-08-30,25,274,276
2019-08-30,26,269,272
2019-08-30,27,465,466
2019-08-30,28,461,463
2019-08-30,29,447,448
2019-08-30,30,159.5,161.5
2019-08-30,31,163.5,165.5
2019-08-30,32,131.5,133.5
2019-08-30,33,163.5,175.5
2019-08-30,34,134.5,136.5
2019-08-30,35,190.5,192.5
2019-08-30,36,161.5,163.5
2019-08-30,37,139,140
2019-08-30,38,139,140
2019-08-30,39,263.5,264.5
2019-08-30,40,158,159
2019-08-30,41,730,735
2019-08-30,42,170,171
2019-08-30,43,166.5,168.5
2019-08-30,47,215.5,216.5
2019-08-30,48,164,169
2019-08-30,50,360,420
2019-08-30,51,430,480
2019-08-30,53,910,960
2019-08-30,54,1130,1190
2019-08-30,55,275,305
2019-08-30,56,200,210
2019-08-30,58,130,135
2019-08-30,63,100,110
2019-08-30,65,90,100
2019-08-30,67,125,135
2019-08-30,69,45,55
2019-08-30,71,70,75
2019-08-30,73,332,333
2019-08-30,75,329,331
2019-08-30,76,357.5,358.5
2019-08-30,77,349,350
2019-08-30,81,247.5,260
2019-08-30,83,625,630
2019-08-30,84,675,680
2019-08-30,85,645,650
2019-08-30,86,635,640
2019-08-30,87,675,680
2019-08-30,88,655,660
2019-08-30,89,1500,1510
2019-08-30,90,760,770
2019-08-30,91,820,830
2019-08-30,92,815,820
2019-08-30,94,755,760
2019-08-30,95,735,740
2019-08-30,101,9,10.5
2019-08-30,102,10,11.5
2019-08-30,103,5,5.85
2019-08-30,104,2.25,2.5
2019-08-30,105,2.85,2.95
2019-08-30,106,2.1,2.15
2019-08-30,107,1.2,1.25
2019-08-30,108,271,275
2019-08-30,109,243,245
2019-08-30,110,382.5,395
2019-08-30,111,241.5,245
2019-08-30,112,244,245
2019-08-30,114,229,230
2019-08-30,115,177.5,180.5
2019-08-30,117,360.5,362.5
2019-08-30,118,305.5,308
2019-08-30,120,304,305
2019-08-30,121,410.5,412.5
2019-08-30,122,314,316
2019-08-30,123,415.5,417
2019-08-30,124,311.5,313.5
2019-08-30,126,215,225
2019-08-30,127,205,210
2019-08-30,128,190,195
2019-08-30,129,195,205
2019-08-30,130,150,155
2019-08-30,131,1535,1540
2019-08-30,132,572.5,577.5
2019-08-30,133,542.5,547.5
2019-08-30,134,702.5,707.5
2019-08-30,176,6,7
2019-08-30,177,11.5,12.5
2019-08-30,181,4.85,4.95
2019-08-30,182,5.15,5.25
2019-08-30,183,5.22,5.37
2019-08-30,184,5.92,6.12
2019-08-30,185,7.02,7.12
2019-08-30,186,9.4,9.55
2019-08-30,187,450,460
2019-08-30,188,410,420
2019-08-30,189,232.5,242.5
2019-08-30,190,1725,1925
2019-08-30,211,0.35,0.45
2019-08-30,213,0.5,0.6
2019-08-30,220,0.85,1.05
2019-08-30,221,1.65,1.9
2019-08-30,225,1.4,1.5
2019-08-30,229,0.93,1
2019-08-30,232,0.32,0.38
2019-08-30,236,0.78,0.85
2019-08-30,237,0.62,0.72
2019-08-30,238,0.6,0.68
2019-08-30,239,1.75,2.1
2019-08-30,240,1.75,2.1
2019-08-30,241,0.85,1
2019-08-30,242,1,1.2
2019-08-30,243,0.7,0.78
2019-08-30,245,1.5,1.8
2019-08-30,252,2.8,3.2
2019-08-30,256,0.45,0.53
2019-08-30,258,0.38,0.45
2019-08-30,260,2.25,2.6
2019-08-30,267,0.4,0.5
2019-08-30,269,0.5,0.6
2019-08-30,282,0.4,0.5
2019-08-30,286,0.2,0.25
2019-08-30,289,0.4,0.5
2019-08-30,290,0.5,0.6
2019-08-30,292,0.2,0.25
2019-08-30,293,0.3,0.35
2019-08-30,294,0.35,0.4
2019-08-30,295,0.35,0.45
2019-08-30,296,0.55,0.65
2019-08-30,310,0.5,0.6
2019-08-30,311,0.6,0.7
2019-08-30,312,0.15,0.2
2019-08-30,313,0.2,0.25
2019-08-30,314,0.3,0.35
2019-08-30,315,0.35,0.4
2019-08-30,316,0.45,0.5
2019-08-30,323,0.4,0.5
2019-08-30,328,0.27,0.33
2019-08-30,329,0.13,0.15
2019-08-30,331,0.25,0.29
2019-08-30,332,,
2019-08-30,333,2.35,2.4
2019-08-30,335,2.1,2.15
2019-08-30,336,,
2019-08-30,337,,
2019-08-30,340,,
2019-08-30,341,2.6,2.65
2019-08-30,342,2.8,2.85
2019-08-30,344,12.9,12.9
2019-08-30,345,10.8,10.8
2019-08-30,346,9.5,9.5
2019-08-30,347,7.8,7.8
2019-08-30,350,2.25,2.35
2019-08-30,351,2.25,2.35
2019-08-30,352,3.8,3.9
2019-08-30,353,4.3,4.4
2019-08-30,356,1.6,1.7
2019-08-30,357,1.6,1.7
2019-08-30,358,3.3,3.4
2019-08-30,361,4.2,4.3
2019-08-30,362,5.1,5.2
2019-08-30,363,5.65,5.75
2019-08-30,364,1.95,2.05
2019-08-30,365,1.5,1.6
2019-08-30,366,6.5,6.6
2019-08-30,367,2.5,2.6
2019-08-30,368,1.35,1.45
2019-08-30,369,6.5,6.6
2019-08-30,370,2.35,2.45
2019-08-30,371,1.35,1.45
2019-08-30,372,4.8,4.9
2019-08-30,672,239,241
2019-08-30,674,1.16,1.18
2019-08-30,675,1.58,1.6
2019-08-30,676,2.25,2.35
2019-08-30,677,1.6,1.7
2019-08-30,678,2.5,2.6
2019-08-30,716,15.5,15.5
2019-08-30,717,13.3,13.3
2019-08-30,718,12.2,12.2
2019-08-30,719,9.6,9.6
2019-08-30,728,0.8,0.9
2019-08-30,731,6.65,6.75
2019-08-30,732,8,8.1
2019-08-30,733,8.65,8.75
2019-08-30,734,9.05,9.2
2019-08-30,735,7.5,8.5
2019-08-30,736,7.5,8
2019-08-30,737,2.5,3.1
2019-08-30,738,2.6,3.2
2019-08-30,740,7.6,8.5
2019-08-30,741,1.1,1.2
2019-08-30,748,0.9,1
2019-08-30,749,0.95,1.05
2019-08-30,750,1.05,1.15
2019-08-30,751,0.8,0.9
2019-08-30,752,1.1,1.5
2019-08-30,753,0.8,0.9
2019-08-30,754,5,6
2019-08-30,755,0.75,0.95
2019-08-30,756,0.85,0.95
2019-08-30,757,3.6,4
2019-08-30,758,1.5,1.8
2019-08-30,759,0.85,0.95
2019-08-30,760,5.5,7.5
2019-08-30,761,1.6,2
2019-08-30,762,1.6,2
2019-08-30,763,1.7,2.1
2019-08-30,765,5.5,8
2019-08-30,768,3,3.5
2019-08-30,769,3,3.5
2019-09-02,2,,
2019-09-02,3,,
2019-09-02,4,185,186
2019-09-02,5,174,176
2019-09-02,6,170,172
2019-09-02,7,250,252
2019-09-02,8,250,252
2019-09-02,9,182,183
2019-09-02,10,190,191
2019-09-02,11,125,128
2019-09-02,12,185,187
2019-09-02,13,171,172
2019-09-02,14,169,170
2019-09-02,15,175,176
2019-09-02,16,170,171
2019-09-02,17,,
2019-09-02,18,,
2019-09-02,19,160,162
2019-09-02,20,167,169
2019-09-02,21,175,176
2019-09-02,22,,
2019-09-02,23,430,435
2019-09-02,24,424,429
2019-09-02,25,274,276
2019-09-02,26,269,272
2019-09-02,27,465,466
2019-09-02,28,461,463
2019-09-02,29,447,448
2019-09-02,30,126,128
2019-09-02,31,130,132
2019-09-02,32,98,100
2019-09-02,33,133,145
2019-09-02,34,104,106
2019-09-02,35,180,182
2019-09-02,36,151,153
2019-09-02,37,110,111
2019-09-02,38,110,111
2019-09-02,39,262,263
2019-09-02,40,156,157
2019-09-02,41,730,735
2019-09-02,42,170,171
2019-09-02,43,165,167
2019-09-02,44,,
2019-09-02,45,,
2019-09-02,46,,
2019-09-02,47,208,209
2019-09-02,48,165,170
2019-09-02,50,,
2019-09-02,51,,
2019-09-02,53,910,960
2019-09-02,54,1130,1190
2019-09-02,55,270,300
2019-09-02,56,200,210
2019-09-02,58,130,135
2019-09-02,61,,
2019-09-02,62,,
2019-09-02,63,100,110
2019-09-02,64,,
2019-09-02,65,95,105
2019-09-02,66,,
2019-09-02,67,130,140
2019-09-02,68,,
2019-09-02,69,,
2019-09-02,70,,
2019-09-02,71,70,75
2019-09-02,73,333,334
2019-09-02,74,,
2019-09-02,75,328,330
2019-09-02,76,355,356
2019-09-02,77,349,350
2019-09-02,78,,
2019-09-02,79,,
2019-09-02,80,,
2019-09-02,81,245,260
2019-09-02,82,,
2019-09-02,83,635,640
2019-09-02,84,685,690
2019-09-02,85,645,650
2019-09-02,86,645,650
2019-09-02,87,690,695
2019-09-02,88,670,675
2019-09-02,89,1485,1495
2019-09-02,90,770,780
2019-09-02,91,830,840
2019-09-02,92,815,820
2019-09-02,93,,
2019-09-02,94,770,775
2019-09-02,95,750,755
2019-09-02,96,,
2019-09-02,97,,
2019-09-02,98,,
2019-09-02,100,,
2019-09-02,101,9,10.5
2019-09-02,102,10,11.5
2019-09-02,103,4.7,5.55
2019-09-02,104,2.3,2.55
2019-09-02,105,2.95,3.05
2019-09-02,106,2.25,2.3
2019-09-02,107,1.22,1.25
2019-09-02,108,271,275
2019-09-02,109,243,245
2019-09-02,110,380,410
2019-09-02,111,238,240
2019-09-02,112,239,240
2019-09-02,113,,
2019-09-02,114,225,230
2019-09-02,115,175,178
2019-09-02,116,,
2019-09-02,117,361,363
2019-09-02,118,306,310
2019-09-02,119,,
2019-09-02,120,303,306
2019-09-02,121,411,413
2019-09-02,122,316,320
2019-09-02,123,,
2019-09-02,124,315,317
2019-09-02,125,,
2019-09-02,126,220,230
2019-09-02,127,210,215
2019-09-02,128,195,200
2019-09-02,129,195,205
2019-09-02,130,150,155
2019-09-02,131,1540,1545
2019-09-02,132,580,585
2019-09-02,133,550,555
2019-09-02,134,710,715
2019-09-02,176,6,7
2019-09-02,177,10,11
2019-09-02,181,4.85,4.95
2019-09-02,182,5.15,5.25
2019-09-02,183,5.22,5.37
2019-09-02,184,5.92,6.12
2019-09-02,185,7.02,7.12
2019-09-02,186,9.4,9.55
2019-09-02,187,450,460
2019-09-02,188,420,430
2019-09-02,189,245,255
2019-09-02,190,1850,1980
2019-09-02,191,,
2019-09-02,192,,
2019-09-02,193,,
2019-09-02,194,,
2019-09-02,195,,
2019-09-02,196,,
2019-09-02,197,,
2019-09-02,198,,
2019-09-02,199,,
2019-09-02,202,,
2019-09-02,203,,
2019-09-02,204,,
2019-09-02,205,,
2019-09-02,206,,
2019-09-02,207,,
2019-09-02,208,,
2019-09-02,209,,
2019-09-02,210,,
2019-09-02,211,0.35,0.45
2019-09-02,212,,
2019-09-02,213,0.3,0.35
2019-09-02,214,,
2019-09-02,215,,
2019-09-02,216,,
2019-09-02,217,,
2019-09-02,218,,
2019-09-02,219,,
2019-09-02,220,1.2,1.3
2019-09-02,221,2.3,2.5
2019-09-02,222,,
2019-09-02,223,,
2019-09-02,224,,
2019-09-02,225,1.4,1.5
2019-09-02,226,,
2019-09-02,227,,
2019-09-02,228,,
2019-09-02,229,0.6,0.8
2019-09-02,230,,
2019-09-02,231,,
2019-09-02,232,0.35,0.4
2019-09-02,233,,
2019-09-02,234,,
2019-09-02,235,,
2019-09-02,236,0.6,0.7
2019-09-02,237,0.55,0.6
2019-09-02,238,0.55,0.65
2019-09-02,239,2.2,2.3
2019-09-02,240,2.2,2.3
2019-09-02,241,0.8,0.9
2019-09-02,242,0.75,0.85
2019-09-02,243,0.75,0.85
2019-09-02,244,,
2019-09-02,245,1.3,1.4
2019-09-02,246,,
2019-09-02,247,,
2019-09-02,248,,
2019-09-02,249,,
2019-09-02,250,,
2019-09-02,251,,
2019-09-02,252,2.8,3.2
2019-09-02,253,,
2019-09-02,254,,
2019-09-02,255,,
2019-09-02,256,0.4,0.5
2019-09-02,257,,
2019-09-02,258,0.35,0.45
2019-09-02,259,,
2019-09-02,260,2,2.2
2019-09-02,261,,
2019-09-02,262,,
2019-09-02,263,,
2019-09-02,264,,
2019-09-02,265,,
2019-09-02,266,,
2019-09-02,267,0.4,0.5
2019-09-02,268,,
2019-09-02,269,,
2019-09-02,270,,
2019-09-02,271,,
2019-09-02,272,,
2019-09-02,273,,
2019-09-02,274,,
2019-09-02,275,,
2019-09-02,276,,
2019-09-02,277,,
2019-09-02,278,,
2019-09-02,279,,
2019-09-02,280,,
2019-09-02,281,,
2019-09-02,282,0.3,0.4
2019-09-02,283,,
2019-09-02,284,,
2019-09-02,285,,
2019-09-02,286,,
2019-09-02,287,,
2019-09-02,288,,
2019-09-02,289,0.4,0.5
2019-09-02,290,0.5,0.6
2019-09-02,291,,
2019-09-02,292,,
2019-09-02,293,,
2019-09-02,294,0.3,0.4
2019-09-02,295,0.35,0.45
2019-09-02,296,0.55,0.65
2019-09-02,297,,
2019-09-02,298,,
2019-09-02,299,,
2019-09-02,300,,
2019-09-02,301,,
2019-09-02,302,,
2019-09-02,303,,
2019-09-02,304,,
2019-09-02,305,,
2019-09-02,306,,
2019-09-02,307,,
2019-09-02,308,,
2019-09-02,309,,
2019-09-02,310,0.5,0.6
2019-09-02,311,0.6,0.7
2019-09-02,312,,
2019-09-02,313,0.15,0.25
2019-09-02,314,0.25,0.35
2019-09-02,315,0.35,0.4
2019-09-02,316,0.45,0.5
2019-09-02,317,,
2019-09-02,318,,
2019-09-02,319,,
2019-09-02,320,,
2019-09-02,321,,
2019-09-02,322,,
2019-09-02,323,0.35,0.45
2019-09-02,623,,
2019-09-02,624,,
2019-09-02,625,,
2019-09-02,626,,
2019-09-02,627,,
2019-09-02,628,,
2019-09-02,629,,
2019-09-02,630,,
2019-09-02,631,,
2019-09-02,632,,
2019-09-02,633,,
2019-09-02,634,,
2019-09-02,635,,
2019-09-02,636,,
2019-09-02,637,,
2019-09-02,638,,
2019-09-02,639,,
2019-09-02,640,,
2019-09-02,641,,
2019-09-02,642,,
2019-09-02,643,,
2019-09-02,644,,
2019-09-02,669,,
2019-09-02,670,,
2019-09-02,671,,
2019-09-02,672,225,227
2019-09-02,685,,
2019-09-02,691,,
2019-09-02,692,,
2019-09-02,693,,
2019-09-02,694,,
2019-09-02,722,,
2019-09-02,723,0.3,0.45
2019-09-02,724,,
2019-09-02,725,0.4,0.5
2019-09-02,726,0.35,0.5
2019-09-02,727,,
2019-09-02,728,0.8,0.9
2019-09-02,731,6.65,6.75
2019-09-02,732,8,8.1
2019-09-02,733,8.65,8.75
2019-09-02,734,9.05,9.2
2019-09-02,735,7.5,8.5
2019-09-02,736,7.5,8
2019-09-02,737,2.5,3.1
2019-09-02,738,2.6,3.2
2019-09-02,740,7.6,8.5
2019-09-02,741,1.1,1.2
2019-09-02,743,,
2019-09-02,744,,
2019-09-02,745,,
2019-09-02,747,,
2019-09-02,748,0.9,1
2019-09-02,749,0.95,1.05
2019-09-02,750,1.05,1.15
2019-09-02,751,,
2019-09-02,752,1.1,1.5
2019-09-02,753,0.8,0.9
2019-09-02,754,5,6
2019-09-02,755,0.75,0.95
2019-09-02,756,0.85,0.95
2019-09-02,757,3.6,4
2019-09-02,758,1.5,1.8
2019-09-02,759,0.85,0.95
2019-09-02,760,5.5,7.5
2019-09-02,761,1.6,2
2019-09-02,762,1.6,2
2019-09-02,763,1.7,2.1
2019-09-02,764,,
2019-09-02,765,5.5,8
2019-09-02,766,,
2019-09-02,767,,
2019-09-02,768,3,3.5
2019-09-02,769,3,3.5
2019-09-06,328,0.27,0.33
2019-09-06,329,0.13,0.15
2019-09-06,331,0.25,0.29
2019-09-06,332,,
2019-09-06,333,2.35,2.4
2019-09-06,335,2.1,2.15
2019-09-06,336,,
2019-09-06,337,,
2019-09-06,340,,
2019-09-06,341,2.65,2.7
2019-09-06,342,2.8,2.85
2019-09-06,344,13,13
2019-09-06,345,10.9,10.9
2019-09-06,346,9.6,9.6
2019-09-06,347,7.9,7.9
2019-09-06,350,2.25,2.35
2019-09-06,351,2.25,2.35
2019-09-06,352,3.85,3.95
2019-09-06,353,4.3,4.4
2019-09-06,356,1.6,1.7
2019-09-06,357,1.6,1.7
2019-09-06,358,3.3,3.4
2019-09-06,361,4.2,4.3
2019-09-06,362,5.1,5.2
2019-09-06,363,5.65,5.75
2019-09-06,364,1.95,2.05
2019-09-06,365,1.5,1.6
2019-09-06,366,6.5,6.6
2019-09-06,367,2.5,2.6
2019-09-06,368,1.35,1.45
2019-09-06,369,6.5,6.6
2019-09-06,370,2.35,2.45
2019-09-06,371,1.35,1.45
2019-09-06,372,5.1,5.2
2019-09-06,674,1.16,1.18
2019-09-06,675,1.58,1.6
2019-09-06,676,2.25,2.35
2019-09-06,677,1.6,1.7
2019-09-06,678,2.5,2.6
2019-09-06,716,15.6,15.6
2019-09-06,717,13.4,13.4
2019-09-06,718,12.3,12.3
2019-09-06,719,9.7,9.7
2019-09-09,2,,
2019-09-09,3,,
2019-09-09,4,184,185
2019-09-09,5,173,175
2019-09-09,6,170,171
2019-09-09,7,250,252
2019-09-09,8,250,252
2019-09-09,9,181,182
2019-09-09,10,189,190
2019-09-09,11,125,127
2019-09-09,12,183,185
2019-09-09,13,169,170
2019-09-09,14,167,168
2019-09-09,15,175,176
2019-09-09,16,170,171
2019-09-09,17,,
2019-09-09,18,,
2019-09-09,19,160,162
2019-09-09,20,167,169
2019-09-09,21,175,176
2019-09-09,22,,
2019-09-09,23,400,405
2019-09-09,24,394,399
2019-09-09,25,274,276
2019-09-09,26,269,272
2019-09-09,27,465,466
2019-09-09,28,461,463
2019-09-09,29,447,448
2019-09-09,30,126,128
2019-09-09,31,130,132
2019-09-09,32,98,100
2019-09-09,33,133,145
2019-09-09,34,104,106
2019-09-09,35,180,182
2019-09-09,36,151,153
2019-09-09,37,110,111
2019-09-09,38,110,111
2019-09-09,39,261,262
2019-09-09,40,153,154
2019-09-09,41,730,735
2019-09-09,42,170,171
2019-09-09,43,165,167
2019-09-09,44,,
2019-09-09,45,,
2019-09-09,46,,
2019-09-09,47,205,206
2019-09-09,48,165,170
2019-09-09,50,,
2019-09-09,51,,
2019-09-09,53,910,960
2019-09-09,54,1130,1190
2019-09-09,55,270,300
2019-09-09,56,200,210
2019-09-09,58,130,135
2019-09-09,61,,
2019-09-09,62,,
2019-09-09,63,100,110
2019-09-09,64,,
2019-09-09,65,95,105
2019-09-09,66,,
2019-09-09,67,130,140
2019-09-09,68,,
2019-09-09,69,,
2019-09-09,70,,
2019-09-09,71,70,75
2019-09-09,73,331,332
2019-09-09,74,,
2019-09-09,75,325,327
2019-09-09,76,350,351
2019-09-09,77,344,345
2019-09-09,78,,
2019-09-09,79,,
2019-09-09,80,,
2019-09-09,81,265,275
2019-09-09,82,,
2019-09-09,83,635,640
2019-09-09,84,685,690
2019-09-09,85,645,650
2019-09-09,86,655,660
2019-09-09,87,665,670
2019-09-09,88,645,650
2019-09-09,89,1500,1510
2019-09-09,90,770,780
2019-09-09,91,830,840
2019-09-09,92,815,820
2019-09-09,93,,
2019-09-09,94,745,750
2019-09-09,95,725,730
2019-09-09,96,,
2019-09-09,97,,
2019-09-09,98,,
2019-09-09,100,,
2019-09-09,101,9,10.5
2019-09-09,102,10,11.5
2019-09-09,103,4.7,5.6
2019-09-09,104,2.3,2.6
2019-09-09,105,2.95,3.05
2019-09-09,106,2.25,2.3
2019-09-09,107,1.22,1.25
2019-09-09,108,271,275
2019-09-09,109,243,245
2019-09-09,110,380,410
2019-09-09,111,238,240
2019-09-09,112,232,233
2019-09-09,113,,
2019-09-09,114,225,228
2019-09-09,115,170,173
2019-09-09,116,,
2019-09-09,117,361,363
2019-09-09,118,303,307
2019-09-09,119,,
2019-09-09,120,300,303
2019-09-09,121,411,413
2019-09-09,122,313,317
2019-09-09,123,,
2019-09-09,124,310,312
2019-09-09,125,,
2019-09-09,126,220,230
2019-09-09,127,210,215
2019-09-09,128,195,200
2019-09-09,129,195,205
2019-09-09,130,150,155
2019-09-09,131,1520,1525
2019-09-09,132,590,595
2019-09-09,133,560,565
2019-09-09,134,720,725
2019-09-09,176,6,7
2019-09-09,177,10,11
2019-09-09,181,4.85,4.95
2019-09-09,182,5.15,5.25
2019-09-09,183,5.22,5.37
2019-09-09,184,5.92,6.12
2019-09-09,185,7.02,7.12
2019-09-09,186,9.4,9.55
2019-09-09,187,455,465
2019-09-09,188,430,440
2019-09-09,189,255,265
2019-09-09,190,1900,2000
2019-09-09,191,,
2019-09-09,192,,
2019-09-09,193,,
2019-09-09,194,,
2019-09-09,195,,
2019-09-09,196,,
2019-09-09,197,,
2019-09-09,198,,
2019-09-09,199,,
2019-09-09,202,,
2019-09-09,203,,
2019-09-09,204,,
2019-09-09,205,,
2019-09-09,206,,
2019-09-09,207,,
2019-09-09,208,,
2019-09-09,209,,
2019-09-09,210,,
2019-09-09,211,0.3,0.4
2019-09-09,212,0.3,0.35
2019-09-09,213,0.25,0.3
2019-09-09,214,,
2019-09-09,215,,
2019-09-09,216,,
2019-09-09,217,,
2019-09-09,218,,
2019-09-09,219,,
2019-09-09,220,1,1.1
2019-09-09,221,2,2.5
2019-09-09,222,,
2019-09-09,223,,
2019-09-09,224,,
2019-09-09,225,1.4,1.5
2019-09-09,226,,
2019-09-09,227,,
2019-09-09,228,,
2019-09-09,229,0.6,0.7
2019-09-09,230,,
2019-09-09,231,,
2019-09-09,232,0.4,0.5
2019-09-09,233,,
2019-09-09,234,,
2019-09-09,235,,
2019-09-09,236,0.55,0.65
2019-09-09,237,0.5,0.55
2019-09-09,238,0.55,0.65
2019-09-09,239,2.2,2.3
2019-09-09,240,2,2.2
2019-09-09,241,0.75,0.85
2019-09-09,242,0.75,0.85
2019-09-09,243,0.45,0.5
2019-09-09,244,,
2019-09-09,245,0.8,1
2019-09-09,246,,
2019-09-09,247,,
2019-09-09,248,,
2019-09-09,249,,
2019-09-09,250,,
2019-09-09,251,,
2019-09-09,252,2.8,3.2
2019-09-09,253,0.7,0.75
2019-09-09,254,,
2019-09-09,255,,
2019-09-09,256,0.4,0.5
2019-09-09,257,,
2019-09-09,258,0.4,0.5
2019-09-09,259,,
2019-09-09,260,2.5,2.7
2019-09-09,261,,
2019-09-09,262,,
2019-09-09,263,,
2019-09-09,264,,
2019-09-09,265,,
2019-09-09,266,,
2019-09-09,267,,
2019-09-09,268,,
2019-09-09,269,,
2019-09-09,270,,
2019-09-09,271,,
2019-09-09,272,,
2019-09-09,273,,
2019-09-09,274,,
2019-09-09,275,,
2019-09-09,276,,
2019-09-09,277,,
2019-09-09,278,,
2019-09-09,279,,
2019-09-09,280,,
2019-09-09,281,,
2019-09-09,282,0.2,0.3
2019-09-09,283,,
2019-09-09,284,,
2019-09-09,285,,
2019-09-09,286,,
2019-09-09,287,,
2019-09-09,288,,
2019-09-09,289,0.35,0.45
2019-09-09,290,0.45,0.55
2019-09-09,291,0.6,0.65
2019-09-09,292,,
2019-09-09,293,,
2019-09-09,294,0.3,0.4
2019-09-09,295,0.4,0.5
2019-09-09,296,0.6,0.7
2019-09-09,297,,
2019-09-09,298,,
2019-09-09,299,,
2019-09-09,300,,
2019-09-09,301,,
2019-09-09,302,,
2019-09-09,303,,
2019-09-09,304,,
2019-09-09,305,,
2019-09-09,306,0.55,0.7
2019-09-09,307,,
2019-09-09,308,,
2019-09-09,309,,
2019-09-09,310,0.5,0.6
2019-09-09,311,0.6,0.7
2019-09-09,312,,
2019-09-09,313,0.15,0.25
2019-09-09,314,0.25,0.35
2019-09-09,315,0.35,0.4
2019-09-09,316,0.45,0.5
2019-09-09,317,,
2019-09-09,318,,
2019-09-09,319,,
2019-09-09,320,,
2019-09-09,321,,
2019-09-09,322,,
2019-09-09,323,0.35,0.45
2019-09-09,623,,
2019-09-09,624,,
2019-09-09,625,0.4,0.45
2019-09-09,626,0.6,0.75
2019-09-09,627,0.6,0.8
2019-09-09,628,1.5,1.6
2019-09-09,629,1.5,1.7
2019-09-09,630,,
2019-09-09,631,,
2019-09-09,632,,
2019-09-09,633,,
2019-09-09,634,,
2019-09-09,635,,
2019-09-09,636,,
2019-09-09,637,,
2019-09-09,638,,
2019-09-09,639,,
2019-09-09,640,,
2019-09-09,641,,
2019-09-09,642,,
2019-09-09,643,,
2019-09-09,644,,
2019-09-09,669,,
2019-09-09,670,,
2019-09-09,671,,
2019-09-09,672,220,222
2019-09-09,685,,
2019-09-09,691,,
2019-09-09,692,,
2019-09-09,693,,
2019-09-09,694,,
2019-09-09,722,,
2019-09-09,723,0.38,0.48
2019-09-09,724,,
2019-09-09,725,0.45,0.55
2019-09-09,726,0.4,0.5
2019-09-09,727,,
2019-09-09,728,0.8,0.9
2019-09-09,731,6.65,6.75
2019-09-09,732,8,8.1
2019-09-09,733,8.65,8.75
2019-09-09,734,9.05,9.2
2019-09-09,735,7.5,8.5
2019-09-09,736,7.5,8
2019-09-09,737,2.5,3.1
2019-09-09,738,2.6,3.2
2019-09-09,740,7.6,8.5
2019-09-09,741,1.1,1.2
2019-09-09,743,,
2019-09-09,744,,
2019-09-09,745,,
2019-09-09,747,,
2019-09-09,748,0.9,1
2019-09-09,749,0.95,1.05
2019-09-09,750,1.05,1.15
2019-09-09,751,,
2019-09-09,752,1.1,1.5
2019-09-09,753,0.8,0.9
2019-09-09,754,5,6
2019-09-09,755,0.75,0.95
2019-09-09,756,0.85,0.95
2019-09-09,757,3.6,4
2019-09-09,758,1.5,1.8
2019-09-09,759,0.85,0.95
2019-09-09,760,5.5,7.5
2019-09-09,761,1.6,2
2019-09-09,762,1.6,2
2019-09-09,763,1.7,2.1
2019-09-09,764,,
2019-09-09,765,5.5,8
2019-09-09,766,,
2019-09-09,767,,
2019-09-09,768,3,3.5
2019-09-09,769,3,3.5
2019-09-13,328,0.27,0.33
2019-09-13,329,0.13,0.15
2019-09-13,331,0.25,0.29
2019-09-13,332,,
2019-09-13,333,2.4,2.45
2019-09-13,335,2.1,2.15
2019-09-13,336,,
2019-09-13,337,,
2019-09-13,340,,
2019-09-13,341,2.65,2.7
2019-09-13,342,2.8,2.85
2019-09-13,344,13,13
2019-09-13,345,10.9,10.9
2019-09-13,346,9.6,9.6
2019-09-13,347,7.9,7.9
2019-09-13,350,2.25,2.35
2019-09-13,351,2.25,2.35
2019-09-13,352,3.85,3.95
2019-09-13,353,4.3,4.4
2019-09-13,356,1.6,1.7
2019-09-13,357,1.6,1.7
2019-09-13,358,3.35,3.45
2019-09-13,361,4.3,4.4
2019-09-13,362,5.2,5.3
2019-09-13,363,5.65,5.75
2019-09-13,364,1.95,2.05
2019-09-13,365,1.5,1.6
2019-09-13,366,6.5,6.6
2019-09-13,367,2.5,2.6
2019-09-13,368,1.35,1.45
2019-09-13,369,6.5,6.6
2019-09-13,370,2.35,2.45
2019-09-13,371,1.35,1.45
2019-09-13,372,5.3,5.4
2019-09-13,674,1.16,1.18
2019-09-13,675,1.58,1.6
2019-09-13,676,2.25,2.35
2019-09-13,677,1.6,1.7
2019-09-13,678,2.5,2.6
2019-09-13,716,15.6,15.6
2019-09-13,717,13.4,13.4
2019-09-13,718,12.3,12.3
2019-09-13,719,9.7,9.7
2019-09-15,4,184.5,185.5
2019-09-15,5,173.5,175.5
2019-09-15,6,170,171.5
2019-09-15,7,250,252
2019-09-15,8,250,252
2019-09-15,9,181.5,182.5
2019-09-15,10,189.5,190.5
2019-09-15,11,125,127.5
2019-09-15,12,184,186
2019-09-15,13,170,171
2019-09-15,14,168,169
2019-09-15,15,175,176
2019-09-15,16,170,171
2019-09-15,19,160,162
2019-09-15,20,167,169
2019-09-15,21,175,176
2019-09-15,23,415,420
2019-09-15,24,409,414
2019-09-15,25,274,276
2019-09-15,26,269,272
2019-09-15,27,465,466
2019-09-15,28,461,463
2019-09-15,29,447,448
2019-09-15,30,126,128
2019-09-15,31,130,132
2019-09-15,32,98,100
2019-09-15,33,133,145
2019-09-15,34,104,106
2019-09-15,35,180,182
2019-09-15,36,151,153
2019-09-15,37,110,111
2019-09-15,38,110,111
2019-09-15,39,261.5,262.5
2019-09-15,40,154.5,155.5
2019-09-15,41,730,735
2019-09-15,42,170,171
2019-09-15,43,165,167
2019-09-15,47,206.5,207.5
2019-09-15,48,165,170
2019-09-15,53,910,960
2019-09-15,54,1130,1190
2019-09-15,55,270,300
2019-09-15,56,200,210
2019-09-15,58,130,135
2019-09-15,63,100,110
2019-09-15,65,95,105
2019-09-15,67,130,140
2019-09-15,71,70,75
2019-09-15,73,332,333
2019-09-15,75,326.5,328.5
2019-09-15,76,352.5,353.5
2019-09-15,77,346.5,347.5
2019-09-15,81,255,267.5
2019-09-15,83,635,640
2019-09-15,84,685,690
2019-09-15,85,645,650
2019-09-15,86,650,655
2019-09-15,87,677.5,682.5
2019-09-15,88,657.5,662.5
2019-09-15,89,1492.5,1502.5
2019-09-15,90,770,780
2019-09-15,91,830,840
2019-09-15,92,815,820
2019-09-15,94,757.5,762.5
2019-09-15,95,737.5,742.5
2019-09-15,101,9,10.5
2019-09-15,102,10,11.5
2019-09-15,103,4.7,5.57
2019-09-15,104,2.3,2.58
2019-09-15,105,2.95,3.05
2019-09-15,106,2.25,2.3
2019-09-15,107,1.22,1.25
2019-09-15,108,271,275
2019-09-15,109,243,245
2019-09-15,110,380,410
2019-09-15,111,238,240
2019-09-15,112,235.5,236.5
2019-09-15,114,225,229
2019-09-15,115,172.5,175.5
2019-09-15,117,361,363
2019-09-15,118,304.5,308.5
2019-09-15,120,301.5,304.5
2019-09-15,121,411,413
2019-09-15,122,314.5,318.5
2019-09-15,124,312.5,314.5
2019-09-15,126,220,230
2019-09-15,127,210,215
2019-09-15,128,195,200
2019-09-15,129,195,205
2019-09-15,130,150,155
2019-09-15,131,1530,1535
2019-09-15,132,585,590
2019-09-15,133,555,560
2019-09-15,134,715,720
2019-09-15,176,6,7
2019-09-15,177,10,11
2019-09-15,181,4.85,4.95
2019-09-15,182,5.15,5.25
2019-09-15,183,5.22,5.37
2019-09-15,184,5.92,6.12
2019-09-15,185,7.02,7.12
2019-09-15,186,9.4,9.55
2019-09-15,187,452.5,462.5
2019-09-15,188,425,435
2019-09-15,189,250,260
2019-09-15,190,1875,1990
2019-09-15,211,0.32,0.43
2019-09-15,212,0.3,0.35
2019-09-15,213,0.28,0.32
2019-09-15,220,1.1,1.2
2019-09-15,221,2.15,2.5
2019-09-15,225,1.4,1.5
2019-09-15,229,0.6,0.75
2019-09-15,232,0.38,0.45
2019-09-15,236,0.57,0.68
2019-09-15,237,0.53,0.57
2019-09-15,238,0.55,0.65
2019-09-15,239,2.2,2.3
2019-09-15,240,2.1,2.25
2019-09-15,241,0.78,0.88
2019-09-15,242,0.75,0.85
2019-09-15,243,0.6,0.68
2019-09-15,245,1.05,1.2
2019-09-15,252,2.8,3.2
2019-09-15,253,0.7,0.75
2019-09-15,256,0.4,0.5
2019-09-15,258,0.38,0.47
2019-09-15,260,2.25,2.45
2019-09-15,267,0.4,0.5
2019-09-15,282,0.25,0.35
2019-09-15,289,0.38,0.47
2019-09-15,290,0.47,0.57
2019-09-15,291,0.6,0.65
2019-09-15,294,0.3,0.4
2019-09-15,295,0.38,0.47
2019-09-15,296,0.57,0.68
2019-09-15,306,0.55,0.7
2019-09-15,310,0.5,0.6
2019-09-15,311,0.6,0.7
2019-09-15,313,0.15,0.25
2019-09-15,314,0.25,0.35
2019-09-15,315,0.35,0.4
2019-09-15,316,0.45,0.5
2019-09-15,323,0.35,0.45
2019-09-15,328,0.27,0.33
2019-09-15,329,0.13,0.15
2019-09-15,331,0.25,0.29
2019-09-15,333,2.38,2.42
2019-09-15,335,2.1,2.15
2019-09-15,341,2.65,2.7
2019-09-15,342,2.8,2.85
2019-09-15,344,13,13
2019-09-15,345,10.9,10.9
2019-09-15,346,9.6,9.6
2019-09-15,347,7.9,7.9
2019-09-15,350,2.25,2.35
2019-09-15,351,2.25,2.35
2019-09-15,352,3.85,3.95
2019-09-15,353,4.3,4.4
2019-09-15,356,1.6,1.7
2019-09-15,357,1.6,1.7
2019-09-15,358,3.33,3.42
2019-09-15,361,4.25,4.35
2019-09-15,362,5.15,5.25
2019-09-15,363,5.65,5.75
2019-09-15,364,1.95,2.05
2019-09-15,365,1.5,1.6
2019-09-15,366,6.5,6.6
2019-09-15,367,2.5,2.6
2019-09-15,368,1.35,1.45
2019-09-15,369,6.5,6.6
2019-09-15,370,2.35,2.45
2019-09-15,371,1.35,1.45
2019-09-15,372,5.2,5.3
2019-09-15,625,0.4,0.45
2019-09-15,626,0.6,0.75
2019-09-15,627,0.6,0.8
2019-09-15,628,1.5,1.6
2019-09-15,629,1.5,1.7
2019-09-15,672,222.5,224.5
2019-09-15,674,1.16,1.18
2019-09-15,675,1.58,1.6
2019-09-15,676,2.25,2.35
2019-09-15,677,1.6,1.7
2019-09-15,678,2.5,2.6
2019-09-15,716,15.6,15.6
2019-09-15,717,13.4,13.4
2019-09-15,718,12.3,12.3
2019-09-15,719,9.7,9.7
2019-09-15,723,0.34,0.46
2019-09-15,725,0.43,0.53
2019-09-15,726,0.38,0.5
2019-09-15,728,0.8,0.9
2019-09-15,731,6.65,6.75
2019-09-15,732,8,8.1
2019-09-15,733,8.65,8.75
2019-09-15,734,9.05,9.2
2019-09-15,735,7.5,8.5
2019-09-15,736,7.5,8
2019-09-15,737,2.5,3.1
2019-09-15,738,2.6,3.2
2019-09-15,740,7.6,8.5
2019-09-15,741,1.1,1.2
2019-09-15,748,0.9,1
2019-09-15,749,0.95,1.05
2019-09-15,750,1.05,1.15
2019-09-15,752,1.1,1.5
2019-09-15,753,0.8,0.9
2019-09-15,754,5,6
2019-09-15,755,0.75,0.95
2019-09-15,756,0.85,0.95
2019-09-15,757,3.6,4
2019-09-15,758,1.5,1.8
2019-09-15,759,0.85,0.95
2019-09-15,760,5.5,7.5
2019-09-15,761,1.6,2
2019-09-15,762,1.6,2
2019-09-15,763,1.7,2.1
2019-09-15,765,5.5,8
2019-09-15,768,3,3.5
2019-09-15,769,3,3.5
2019-09-16,2,,
2019-09-16,3,,
2019-09-16,4,183,184
2019-09-16,5,172,174
2019-09-16,6,169,170
2019-09-16,7,249,251
2019-09-16,8,249,251
2019-09-16,9,181,182
2019-09-16,10,189,190
2019-09-16,11,125,127
2019-09-16,12,183,185
2019-09-16,13,169,170
2019-09-16,14,167,168
2019-09-16,15,175,176
2019-09-16,16,169,170
2019-09-16,17,,
2019-09-16,18,,
2019-09-16,19,160,162
2019-09-16,20,167,169
2019-09-16,21,175,176
2019-09-16,22,,
2019-09-16,23,400,405
2019-09-16,24,394,399
2019-09-16,25,274,276
2019-09-16,26,269,272
2019-09-16,27,465,466
2019-09-16,28,461,463
2019-09-16,29,447,448
2019-09-16,30,126,128
2019-09-16,31,130,132
2019-09-16,32,98,100
2019-09-16,33,133,145
2019-09-16,34,104,106
2019-09-16,35,180,182
2019-09-16,36,151,153
2019-09-16,37,110,111
2019-09-16,38,110,111
2019-09-16,39,261,262
2019-09-16,40,153,154
2019-09-16,41,730,735
2019-09-16,42,169,170
2019-09-16,43,164,166
2019-09-16,44,,
2019-09-16,45,,
2019-09-16,46,,
2019-09-16,47,202,203
2019-09-16,48,165,170
2019-09-16,50,,
2019-09-16,51,,
2019-09-16,53,910,960
2019-09-16,54,1130,1190
2019-09-16,55,270,300
2019-09-16,56,200,210
2019-09-16,58,130,135
2019-09-16,61,,
2019-09-16,62,,
2019-09-16,63,100,110
2019-09-16,64,,
2019-09-16,65,95,105
2019-09-16,66,,
2019-09-16,67,130,140
2019-09-16,68,,
2019-09-16,69,,
2019-09-16,70,,
2019-09-16,71,70,75
2019-09-16,73,,
2019-09-16,74,,
2019-09-16,75,330,332
2019-09-16,76,350,351
2019-09-16,77,344,345
2019-09-16,78,330,335
2019-09-16,79,,
2019-09-16,80,,
2019-09-16,81,265,275
2019-09-16,82,,
2019-09-16,83,635,640
2019-09-16,84,685,690
2019-09-16,85,645,650
2019-09-16,86,655,660
2019-09-16,87,680,685
2019-09-16,88,660,665
2019-09-16,89,1500,1510
2019-09-16,90,770,780
2019-09-16,91,830,840
2019-09-16,92,815,820
2019-09-16,93,,
2019-09-16,94,760,765
2019-09-16,95,740,745
2019-09-16,96,,
2019-09-16,97,,
2019-09-16,98,,
2019-09-16,100,,
2019-09-16,101,9,10.5
2019-09-16,102,10,11.5
2019-09-16,103,4.7,5.6
2019-09-16,104,2.3,2.6
2019-09-16,105,2.95,3.05
2019-09-16,106,2.23,2.28
2019-09-16,107,1.2,1.23
2019-09-16,108,271,275
2019-09-16,109,243,245
2019-09-16,110,380,410
2019-09-16,111,235,237
2019-09-16,112,232,233
2019-09-16,113,,
2019-09-16,114,223,226
2019-09-16,115,160,163
2019-09-16,116,,
2019-09-16,117,365,367
2019-09-16,118,308,312
2019-09-16,119,,
2019-09-16,120,303,306
2019-09-16,121,415,417
2019-09-16,122,317,321
2019-09-16,123,,
2019-09-16,124,313,315
2019-09-16,125,,
2019-09-16,126,220,230
2019-09-16,127,210,215
2019-09-16,128,195,200
2019-09-16,129,195,205
2019-09-16,130,150,155
2019-09-16,131,1520,1525
2019-09-16,132,600,605
2019-09-16,133,570,575
2019-09-16,134,730,735
2019-09-16,176,6,7
2019-09-16,177,10,11
2019-09-16,181,4.85,4.95
2019-09-16,182,5.15,5.25
2019-09-16,183,5.22,5.37
2019-09-16,184,5.92,6.12
2019-09-16,185,7.02,7.12
2019-09-16,186,9.4,9.55
2019-09-16,187,460,470
2019-09-16,188,440,450
2019-09-16,189,270,280
2019-09-16,190,1950,2050
2019-09-16,191,,
2019-09-16,192,,
2019-09-16,193,,
2019-09-16,194,,
2019-09-16,195,,
2019-09-16,196,,
2019-09-16,197,,
2019-09-16,198,,
2019-09-16,199,,
2019-09-16,202,,
2019-09-16,203,,
2019-09-16,204,,
2019-09-16,205,,
2019-09-16,206,,
2019-09-16,207,,
2019-09-16,208,,
2019-09-16,209,0.7,0.8
2019-09-16,210,,
2019-09-16,211,0.3,0.4
2019-09-16,212,0.3,0.35
2019-09-16,213,0.25,0.3
2019-09-16,214,,
2019-09-16,215,,
2019-09-16,216,,
2019-09-16,217,,
2019-09-16,218,,
2019-09-16,219,,
2019-09-16,220,1,1.2
2019-09-16,221,2,2.3
2019-09-16,222,,
2019-09-16,223,,
2019-09-16,224,,
2019-09-16,225,1.5,1.6
2019-09-16,226,,
2019-09-16,227,,
2019-09-16,228,,
2019-09-16,229,0.5,0.55
2019-09-16,230,,
2019-09-16,231,,
2019-09-16,232,0.4,0.5
2019-09-16,233,,
2019-09-16,234,,
2019-09-16,235,,
2019-09-16,236,0.6,0.65
2019-09-16,237,0.55,0.65
2019-09-16,238,0.6,0.65
2019-09-16,239,2.3,2.5
2019-09-16,240,2,2.2
2019-09-16,241,0.75,0.85
2019-09-16,242,0.75,0.85
2019-09-16,243,0.45,0.6
2019-09-16,244,,
2019-09-16,245,0.8,1
2019-09-16,246,0.8,0.85
2019-09-16,247,0.7,0.8
2019-09-16,248,,
2019-09-16,249,,
2019-09-16,250,,
2019-09-16,251,,
2019-09-16,252,3,3.3
2019-09-16,253,0.7,0.8
2019-09-16,254,,
2019-09-16,255,0.8,0.9
2019-09-16,256,0.4,0.5
2019-09-16,257,,
2019-09-16,258,0.5,0.6
2019-09-16,259,,
2019-09-16,260,2.5,2.7
2019-09-16,261,,
2019-09-16,262,,
2019-09-16,263,,
2019-09-16,264,,
2019-09-16,265,,
2019-09-16,266,,
2019-09-16,267,,
2019-09-16,268,,
2019-09-16,269,,
2019-09-16,270,,
2019-09-16,271,,
2019-09-16,272,,
2019-09-16,273,,
2019-09-16,274,,
2019-09-16,275,,
2019-09-16,276,,
2019-09-16,277,1.5,2
2019-09-16,278,,
2019-09-16,279,,
2019-09-16,280,,
2019-09-16,281,,
2019-09-16,282,0.2,0.3
2019-09-16,283,,
2019-09-16,284,0.3,0.35
2019-09-16,285,,
2019-09-16,286,,
2019-09-16,287,,
2019-09-16,288,,
2019-09-16,289,,
2019-09-16,290,,
2019-09-16,291,,
2019-09-16,292,,
2019-09-16,293,,
2019-09-16,294,0.3,0.4
2019-09-16,295,0.4,0.5
2019-09-16,296,0.6,0.7
2019-09-16,297,,
2019-09-16,298,,
2019-09-16,299,,
2019-09-16,300,,
2019-09-16,301,,
2019-09-16,302,,
2019-09-16,303,,
2019-09-16,304,,
2019-09-16,305,,
2019-09-16,306,0.55,0.7
2019-09-16,307,,
2019-09-16,308,,
2019-09-16,309,,
2019-09-16,310,,
2019-09-16,311,,
2019-09-16,312,,
2019-09-16,313,,
2019-09-16,314,,
2019-09-16,315,,
2019-09-16,316,,
2019-09-16,317,,
2019-09-16,318,,
2019-09-16,319,,
2019-09-16,320,,
2019-09-16,321,,
2019-09-16,322,,
2019-09-16,323,0.3,0.35
2019-09-16,623,0.4,0.5
2019-09-16,624,0.45,0.55
2019-09-16,625,0.4,0.45
2019-09-16,626,0.6,0.75
2019-09-16,627,0.6,0.8
2019-09-16,628,1.4,1.7
2019-09-16,629,1.5,1.8
2019-09-16,630,0.45,0.5
2019-09-16,631,0.6,0.7
2019-09-16,632,,
2019-09-16,633,,
2019-09-16,634,0.65,0.75
2019-09-16,635,0.5,0.8
2019-09-16,636,0.45,0.5
2019-09-16,637,,
2019-09-16,638,,
2019-09-16,639,,
2019-09-16,640,0.3,0.4
2019-09-16,641,0.3,0.4
2019-09-16,642,,
2019-09-16,643,,
2019-09-16,644,,
2019-09-16,669,,
2019-09-16,670,,
2019-09-16,671,,
2019-09-16,672,220,222
2019-09-16,685,,
2019-09-16,691,,
2019-09-16,692,,
2019-09-16,693,,
2019-09-16,694,,
2019-09-16,722,0.3,0.45
2019-09-16,723,0.4,0.5
2019-09-16,724,,
2019-09-16,725,0.45,0.55
2019-09-16,726,0.4,0.5
2019-09-16,727,,
2019-09-16,728,,
2019-09-16,731,6.65,6.75
2019-09-16,732,8,8.1
2019-09-16,733,8.65,8.75
2019-09-16,734,9.05,9.2
2019-09-16,735,7.5,8.5
2019-09-16,736,7.5,8
2019-09-16,737,2.5,3.1
2019-09-16,738,2.6,3.2
2019-09-16,740,8,8.5
2019-09-16,741,1.1,1.2
2019-09-16,743,,
2019-09-16,744,,
2019-09-16,745,,
2019-09-16,747,,
2019-09-16,748,0.9,1
2019-09-16,749,0.95,1.05
2019-09-16,750,1.05,1.15
2019-09-16,751,,
2019-09-16,752,,
2019-09-16,753,,
2019-09-16,754,5,6
2019-09-16,755,0.75,0.95
2019-09-16,756,0.85,0.95
2019-09-16,757,3.6,4
2019-09-16,758,1.5,1.8
2019-09-16,759,0.85,0.95
2019-09-16,760,6,7.5
2019-09-16,761,1.6,2
2019-09-16,762,1.6,2
2019-09-16,763,1.7,2.1
2019-09-16,764,,
2019-09-16,765,6,8
2019-09-16,766,,
2019-09-16,767,,
2019-09-16,768,3,3.5
2019-09-16,769,3,3.5
2019-09-16,770,0.85,0.95
2019-09-20,328,0.27,0.33
2019-09-20,329,0.13,0.15
2019-09-20,331,0.25,0.29
2019-09-20,332,,
2019-09-20,333,2.4,2.45
2019-09-20,335,2.1,2.15
2019-09-20,336,,
2019-09-20,337,,
2019-09-20,340,,
2019-09-20,341,2.7,2.75
2019-09-20,342,2.8,2.85
2019-09-20,344,13.2,13.2
2019-09-20,345,11.1,11.1
2019-09-20,346,9.8,9.8
2019-09-20,347,8.1,8.1
2019-09-20,350,2.25,2.35
2019-09-20,351,2.25,2.35
2019-09-20,352,3.85,3.95
2019-09-20,353,4.3,4.4
2019-09-20,356,1.6,1.7
2019-09-20,357,1.65,1.75
2019-09-20,358,3.4,3.5
2019-09-20,361,4.3,4.4
2019-09-20,362,5.2,5.3
2019-09-20,363,5.65,5.75
2019-09-20,364,1.95,2.05
2019-09-20,365,1.5,1.6
2019-09-20,366,6.5,6.6
2019-09-20,367,2.5,2.6
2019-09-20,368,1.35,1.45
2019-09-20,369,6.5,6.6
2019-09-20,370,2.35,2.45
2019-09-20,371,1.35,1.45
2019-09-20,372,5.4,5.5
2019-09-20,674,1.16,1.18
2019-09-20,675,1.58,1.6
2019-09-20,676,2.25,2.35
2019-09-20,677,1.65,1.75
2019-09-20,678,2.5,2.6
2019-09-20,716,15.8,15.8
2019-09-20,717,13.6,13.6
2019-09-20,718,12.5,12.5
2019-09-20,719,9.9,9.9
2019-09-23,2,,
2019-09-23,3,,
2019-09-23,4,183,184
2019-09-23,5,172,174
2019-09-23,6,169,170
2019-09-23,7,249,251
2019-09-23,8,249,251
2019-09-23,9,181,182
2019-09-23,10,187,188
2019-09-23,11,,
2019-09-23,12,183,185
2019-09-23,13,168,169
2019-09-23,14,166,167
2019-09-23,15,174,175
2019-09-23,16,169,170
2019-09-23,17,,
2019-09-23,18,,
2019-09-23,19,160,162
2019-09-23,20,167,169
2019-09-23,21,174,175
2019-09-23,22,,
2019-09-23,23,400,405
2019-09-23,24,394,399
2019-09-23,25,274,276
2019-09-23,26,269,272
2019-09-23,27,465,466
2019-09-23,28,461,463
2019-09-23,29,447,448
2019-09-23,30,130,132
2019-09-23,31,134,136
2019-09-23,32,102,104
2019-09-23,33,137,149
2019-09-23,34,108,110
2019-09-23,35,180,182
2019-09-23,36,151,153
2019-09-23,37,110,111
2019-09-23,38,110,111
2019-09-23,39,260,261
2019-09-23,40,153,154
2019-09-23,41,730,735
2019-09-23,42,168,169
2019-09-23,43,164,166
2019-09-23,44,,
2019-09-23,45,,
2019-09-23,46,,
2019-09-23,47,199,200
2019-09-23,48,165,170
2019-09-23,50,,
2019-09-23,51,,
2019-09-23,53,910,960
2019-09-23,54,1130,1190
2019-09-23,55,270,300
2019-09-23,56,200,210
2019-09-23,58,130,135
2019-09-23,61,,
2019-09-23,62,,
2019-09-23,63,105,115
2019-09-23,64,,
2019-09-23,65,,
2019-09-23,66,,
2019-09-23,67,135,145
2019-09-23,68,,
2019-09-23,69,,
2019-09-23,70,,
2019-09-23,71,70,80
2019-09-23,73,,
2019-09-23,74,,
2019-09-23,75,333,335
2019-09-23,76,350,351
2019-09-23,77,345,346
2019-09-23,78,330,335
2019-09-23,79,,
2019-09-23,80,,
2019-09-23,81,265,275
2019-09-23,82,,
2019-09-23,83,635,640
2019-09-23,84,685,690
2019-09-23,85,650,655
2019-09-23,86,675,680
2019-09-23,87,675,680
2019-09-23,88,655,660
2019-09-23,89,1510,1520
2019-09-23,90,770,780
2019-09-23,91,830,840
2019-09-23,92,820,825
2019-09-23,93,,
2019-09-23,94,755,760
2019-09-23,95,735,740
2019-09-23,96,,
2019-09-23,97,,
2019-09-23,98,,
2019-09-23,100,,
2019-09-23,101,9,10.5
2019-09-23,102,10,11.5
2019-09-23,103,4.5,5.4
2019-09-23,104,2.3,2.5
2019-09-23,105,2.95,3.05
2019-09-23,106,2.25,2.3
2019-09-23,107,1.28,1.3
2019-09-23,108,271,275
2019-09-23,109,243,245
2019-09-23,110,383,410
2019-09-23,111,232,234
2019-09-23,112,229,230
2019-09-23,113,,
2019-09-23,114,220,223
2019-09-23,115,150,153
2019-09-23,116,,
2019-09-23,117,364,366
2019-09-23,118,307,311
2019-09-23,119,,
2019-09-23,120,300,303
2019-09-23,121,414,416
2019-09-23,122,316,320
2019-09-23,123,,
2019-09-23,124,310,312
2019-09-23,125,,
2019-09-23,126,220,230
2019-09-23,127,210,215
2019-09-23,128,195,200
2019-09-23,129,195,205
2019-09-23,130,150,155
2019-09-23,131,1520,1525
2019-09-23,132,610,615
2019-09-23,133,580,585
2019-09-23,134,740,745
2019-09-23,176,6,7
2019-09-23,177,10,11
2019-09-23,181,4.85,4.95
2019-09-23,182,5.15,5.25
2019-09-23,183,5.22,5.37
2019-09-23,184,5.92,6.12
2019-09-23,185,7.02,7.12
2019-09-23,186,9.4,9.55
2019-09-23,187,460,470
2019-09-23,188,430,440
2019-09-23,189,265,275
2019-09-23,190,1950,2050
2019-09-23,191,,
2019-09-23,192,,
2019-09-23,193,,
2019-09-23,194,,
2019-09-23,195,,
2019-09-23,196,,
2019-09-23,197,,
2019-09-23,198,,
2019-09-23,199,,
2019-09-23,202,,
2019-09-23,203,,
2019-09-23,204,,
2019-09-23,205,,
2019-09-23,206,,
2019-09-23,207,,
2019-09-23,208,,
2019-09-23,209,0.7,0.8
2019-09-23,210,,
2019-09-23,211,0.3,0.4
2019-09-23,212,0.3,0.35
2019-09-23,213,0.25,0.3
2019-09-23,214,,
2019-09-23,215,,
2019-09-23,216,,
2019-09-23,217,,
2019-09-23,218,,
2019-09-23,219,,
2019-09-23,220,0.8,1
2019-09-23,221,1.5,1.8
2019-09-23,222,,
2019-09-23,223,,
2019-09-23,224,,
2019-09-23,225,1.5,1.6
2019-09-23,226,,
2019-09-23,227,,
2019-09-23,228,,
2019-09-23,229,0.45,0.5
2019-09-23,230,,
2019-09-23,231,,
2019-09-23,232,0.5,0.6
2019-09-23,233,,
2019-09-23,234,,
2019-09-23,235,,
2019-09-23,236,0.55,0.65
2019-09-23,237,0.55,0.65
2019-09-23,238,0.5,0.6
2019-09-23,239,2.3,2.5
2019-09-23,240,2,2.2
2019-09-23,241,0.7,0.8
2019-09-23,242,0.8,0.9
2019-09-23,243,0.55,0.6
2019-09-23,244,,
2019-09-23,245,0.8,1
2019-09-23,246,0.8,0.85
2019-09-23,247,0.5,0.6
2019-09-23,248,,
2019-09-23,249,,
2019-09-23,250,,
2019-09-23,251,,
2019-09-23,252,3,3.3
2019-09-23,253,0.7,0.75
2019-09-23,254,,
2019-09-23,255,0.8,0.85
2019-09-23,256,0.4,0.5
2019-09-23,257,,
2019-09-23,258,0.55,0.6
2019-09-23,259,,
2019-09-23,260,2.5,3
2019-09-23,261,,
2019-09-23,262,,
2019-09-23,263,,
2019-09-23,264,,
2019-09-23,265,,
2019-09-23,266,,
2019-09-23,267,,
2019-09-23,268,,
2019-09-23,269,,
2019-09-23,270,,
2019-09-23,271,,
2019-09-23,272,,
2019-09-23,273,,
2019-09-23,274,,
2019-09-23,275,,
2019-09-23,276,,
2019-09-23,277,,
2019-09-23,278,0.7,0.75
2019-09-23,279,,
2019-09-23,280,0.2,0.25
2019-09-23,281,,
2019-09-23,282,0.25,0.35
2019-09-23,283,,
2019-09-23,284,0.3,0.35
2019-09-23,285,,
2019-09-23,286,,
2019-09-23,287,,
2019-09-23,288,,
2019-09-23,289,,
2019-09-23,290,,
2019-09-23,291,,
2019-09-23,292,,
2019-09-23,293,,
2019-09-23,294,0.3,0.4
2019-09-23,295,0.4,0.5
2019-09-23,296,0.6,0.7
2019-09-23,297,0.7,0.9
2019-09-23,298,,
2019-09-23,299,,
2019-09-23,300,,
2019-09-23,301,,
2019-09-23,302,,
2019-09-23,303,,
2019-09-23,304,0.9,1
2019-09-23,305,,
2019-09-23,306,0.6,0.7
2019-09-23,307,,
2019-09-23,308,,
2019-09-23,309,,
2019-09-23,310,,
2019-09-23,311,,
2019-09-23,312,,
2019-09-23,313,,
2019-09-23,314,,
2019-09-23,315,,
2019-09-23,316,,
2019-09-23,317,0.25,0.35
2019-09-23,318,,
2019-09-23,319,,
2019-09-23,320,,
2019-09-23,321,,
2019-09-23,322,,
2019-09-23,323,0.3,0.4
2019-09-23,623,0.45,0.5
2019-09-23,624,0.5,0.55
2019-09-23,625,0.4,0.45
2019-09-23,626,0.6,0.75
2019-09-23,627,0.6,0.8
2019-09-23,628,1.5,1.7
2019-09-23,629,1.6,1.8
2019-09-23,630,0.45,0.5
2019-09-23,631,0.6,0.7
2019-09-23,632,0.4,0.5
2019-09-23,633,0.4,0.5
2019-09-23,634,0.65,0.75
2019-09-23,635,0.6,1
2019-09-23,636,0.45,0.5
2019-09-23,637,0.4,0.5
2019-09-23,638,0.4,0.5
2019-09-23,639,,
2019-09-23,640,0.4,0.5
2019-09-23,641,0.4,0.5
2019-09-23,642,0.25,0.35
2019-09-23,643,0.35,0.4
2019-09-23,644,,
2019-09-23,669,,
2019-09-23,670,,
2019-09-23,671,,
2019-09-23,672,218,220
2019-09-23,685,,
2019-09-23,691,,
2019-09-23,692,,
2019-09-23,693,,
2019-09-23,694,,
2019-09-23,722,0.35,0.45
2019-09-23,723,0.4,0.5
2019-09-23,724,0.35,0.4
2019-09-23,725,0.45,0.55
2019-09-23,726,0.45,0.55
2019-09-23,727,,
2019-09-23,728,,
2019-09-23,731,6.6,6.7
2019-09-23,732,7.95,8.05
2019-09-23,733,8.65,8.75
2019-09-23,734,9.05,9.2
2019-09-23,735,7.5,8.5
2019-09-23,736,7.5,8
2019-09-23,737,2.5,3.1
2019-09-23,738,2.6,3.2
2019-09-23,740,8,8.5
2019-09-23,741,1.1,1.2
2019-09-23,743,,
2019-09-23,744,,
2019-09-23,745,,
2019-09-23,747,,
2019-09-23,748,0.9,1
2019-09-23,749,0.95,1.05
2019-09-23,750,1.05,1.15
2019-09-23,751,,
2019-09-23,752,,
2019-09-23,753,,
2019-09-23,754,5,6
2019-09-23,755,0.75,0.95
2019-09-23,756,0.85,0.95
2019-09-23,757,3.6,4
2019-09-23,758,1.5,1.8
2019-09-23,759,0.85,0.95
2019-09-23,760,6,7.5
2019-09-23,761,1.6,2
2019-09-23,762,1.6,2
2019-09-23,763,1.7,2.1
2019-09-23,764,,
2019-09-23,765,6,8
2019-09-23,766,,
2019-09-23,767,,
2019-09-23,768,3,3.5
2019-09-23,769,3,3.5
2019-09-23,770,0.85,0.95
2019-09-27,328,0.27,0.33
2019-09-27,329,0.13,0.15
2019-09-27,331,0.25,0.29
2019-09-27,332,,
2019-09-27,333,2.45,2.5
2019-09-27,335,2.1,2.15
2019-09-27,336,,
2019-09-27,337,,
2019-09-27,340,,
2019-09-27,341,2.7,2.75
2019-09-27,342,2.8,2.85
2019-09-27,344,13.4,13.4
2019-09-27,345,11.3,11.3
2019-09-27,346,10,10
2019-09-27,347,8.2,8.2
2019-09-27,350,2.25,2.35
2019-09-27,351,2.25,2.35
2019-09-27,352,3.85,3.95
2019-09-27,353,4.3,4.4
2019-09-27,356,1.6,1.7
2019-09-27,357,1.65,1.75
2019-09-27,358,3.4,3.5
2019-09-27,361,4.4,4.5
2019-09-27,362,5.3,5.4
2019-09-27,363,5.65,5.75
2019-09-27,364,1.95,2.05
2019-09-27,365,1.5,1.6
2019-09-27,366,6.5,6.6
2019-09-27,367,2.5,2.6
2019-09-27,368,1.35,1.45
2019-09-27,369,6.5,6.6
2019-09-27,370,2.35,2.45
2019-09-27,371,1.35,1.45
2019-09-27,372,5.5,5.6
2019-09-27,674,1.16,1.18
2019-09-27,675,1.58,1.6
2019-09-27,676,2.25,2.35
2019-09-27,677,1.65,1.75
2019-09-27,678,2.5,2.6
2019-09-27,716,16,16
2019-09-27,717,13.8,13.8
2019-09-27,718,12.7,12.7
2019-09-27,719,10,10
2019-09-30,2,,
2019-09-30,3,,
2019-09-30,4,183,184
2019-09-30,5,172,174
2019-09-30,6,169,170
2019-09-30,7,250.33,252.33
2019-09-30,8,250.33,252.33
2019-09-30,9,181,182
2019-09-30,10,187.67,188.67
2019-09-30,11,125,127
2019-09-30,12,183,185
2019-09-30,13,168,169
2019-09-30,14,166,167
2019-09-30,15,174,175
2019-09-30,16,169,170
2019-09-30,17,,
2019-09-30,18,,
2019-09-30,19,160,162
2019-09-30,20,167,169
2019-09-30,21,174.67,175.67
2019-09-30,22,,
2019-09-30,23,400,405
2019-09-30,24,394,399
2019-09-30,25,274,276
2019-09-30,26,269,272
2019-09-30,27,465,466
2019-09-30,28,461,463
2019-09-30,29,447,448
2019-09-30,30,128.67,130.67
2019-09-30,31,132.67,134.67
2019-09-30,32,100.67,102.67
2019-09-30,33,135.67,147.67
2019-09-30,34,106.67,108.67
2019-09-30,35,179,181
2019-09-30,36,150,152
2019-09-30,37,110,111
2019-09-30,38,110,111
2019-09-30,39,260,261
2019-09-30,40,153,154
2019-09-30,41,730,735
2019-09-30,42,168,169
2019-09-30,43,164,166
2019-09-30,44,,
2019-09-30,45,,
2019-09-30,46,,
2019-09-30,47,199.33,200.33
2019-09-30,48,165,170
2019-09-30,50,,
2019-09-30,51,,
2019-09-30,53,910,960
2019-09-30,54,1130,1190
2019-09-30,55,273.33,303.33
2019-09-30,56,201.67,211.67
2019-09-30,58,126.67,131.67
2019-09-30,61,,
2019-09-30,62,,
2019-09-30,63,103.33,113.33
2019-09-30,64,,
2019-09-30,65,95,105
2019-09-30,66,,
2019-09-30,67,133.33,143.33
2019-09-30,68,,
2019-09-30,69,,
2019-09-30,70,,
2019-09-30,71,70,78.33
2019-09-30,73,,
2019-09-30,74,,
2019-09-30,75,332.67,334.67
2019-09-30,76,350,351
2019-09-30,77,344.67,345.67
2019-09-30,78,330,335
2019-09-30,79,,
2019-09-30,80,,
2019-09-30,81,265,275
2019-09-30,82,,
2019-09-30,83,635,640
2019-09-30,84,685,690
2019-09-30,85,648.33,653.33
2019-09-30,86,665,670
2019-09-30,87,671.67,676.67
2019-09-30,88,651.67,656.67
2019-09-30,89,1506.67,1516.67
2019-09-30,90,770,780
2019-09-30,91,830,840
2019-09-30,92,818.33,823.33
2019-09-30,93,,
2019-09-30,94,751.67,756.67
2019-09-30,95,731.67,736.67
2019-09-30,96,,
2019-09-30,97,,
2019-09-30,98,,
2019-09-30,100,,
2019-09-30,101,9,10.5
2019-09-30,102,10,11.5
2019-09-30,103,4.57,5.47
2019-09-30,104,2.3,2.53
2019-09-30,105,2.93,3.03
2019-09-30,106,2.23,2.28
2019-09-30,107,1.25,1.28
2019-09-30,108,271,275
2019-09-30,109,243,245
2019-09-30,110,382,410
2019-09-30,111,233,235
2019-09-30,112,230,231
2019-09-30,113,,
2019-09-30,114,222,225
2019-09-30,115,153.33,156.33
2019-09-30,116,,
2019-09-30,117,364.33,366.33
2019-09-30,118,307.33,311.33
2019-09-30,119,,
2019-09-30,120,301.67,304.67
2019-09-30,121,414.33,416.33
2019-09-30,122,316.33,320.33
2019-09-30,123,,
2019-09-30,124,311,313
2019-09-30,125,,
2019-09-30,126,220,230
2019-09-30,127,210,215
2019-09-30,128,195,200
2019-09-30,129,195,205
2019-09-30,130,150,155
2019-09-30,131,1523.33,1528.33
2019-09-30,132,608.33,613.33
2019-09-30,133,578.33,583.33
2019-09-30,134,738.33,743.33
2019-09-30,176,6,7
2019-09-30,177,10,11
2019-09-30,181,4.85,4.95
2019-09-30,182,5.15,5.25
2019-09-30,183,5.22,5.37
2019-09-30,184,5.92,6.12
2019-09-30,185,7.02,7.12
2019-09-30,186,9.4,9.55
2019-09-30,187,458.33,468.33
2019-09-30,188,430,440
2019-09-30,189,263.33,273.33
2019-09-30,190,1933.33,2050
2019-09-30,191,,
2019-09-30,192,,
2019-09-30,193,,
2019-09-30,194,,
2019-09-30,195,,
2019-09-30,196,,
2019-09-30,197,,
2019-09-30,198,,
2019-09-30,199,,
2019-09-30,202,,
2019-09-30,203,,
2019-09-30,204,,
2019-09-30,205,,
2019-09-30,206,,
2019-09-30,207,,
2019-09-30,208,,
2019-09-30,209,0.7,0.8
2019-09-30,210,,
2019-09-30,211,0.3,0.38
2019-09-30,212,0.3,0.35
2019-09-30,213,0.25,0.3
2019-09-30,214,,
2019-09-30,215,,
2019-09-30,216,,
2019-09-30,217,,
2019-09-30,218,,
2019-09-30,219,,
2019-09-30,220,0.8,0.97
2019-09-30,221,1.63,1.9
2019-09-30,222,,
2019-09-30,223,,
2019-09-30,224,,
2019-09-30,225,1.5,1.6
2019-09-30,226,,
2019-09-30,227,,
2019-09-30,228,,
2019-09-30,229,0.45,0.52
2019-09-30,230,,
2019-09-30,231,,
2019-09-30,232,0.47,0.57
2019-09-30,233,,
2019-09-30,234,,
2019-09-30,235,,
2019-09-30,236,0.55,0.63
2019-09-30,237,0.53,0.63
2019-09-30,238,0.5,0.58
2019-09-30,239,2.3,2.5
2019-09-30,240,2,2.2
2019-09-30,241,0.72,0.82
2019-09-30,242,0.78,0.88
2019-09-30,243,0.48,0.58
2019-09-30,244,,
2019-09-30,245,0.83,1.03
2019-09-30,246,0.8,0.85
2019-09-30,247,0.57,0.67
2019-09-30,248,,
2019-09-30,249,,
2019-09-30,250,,
2019-09-30,251,,
2019-09-30,252,2.83,3.1
2019-09-30,253,0.7,0.77
2019-09-30,254,,
2019-09-30,255,0.82,0.9
2019-09-30,256,0.4,0.5
2019-09-30,257,,
2019-09-30,258,0.5,0.58
2019-09-30,259,,
2019-09-30,260,2.17,2.57
2019-09-30,261,,
2019-09-30,262,,
2019-09-30,263,,
2019-09-30,264,,
2019-09-30,265,,
2019-09-30,266,,
2019-09-30,267,,
2019-09-30,268,,
2019-09-30,269,,
2019-09-30,270,,
2019-09-30,271,,
2019-09-30,272,,
2019-09-30,273,,
2019-09-30,274,,
2019-09-30,275,,
2019-09-30,276,0.5,0.7
2019-09-30,277,1.5,2
2019-09-30,278,0.7,0.75
2019-09-30,279,,
2019-09-30,280,0.2,0.25
2019-09-30,281,,
2019-09-30,282,0.23,0.33
2019-09-30,283,,
2019-09-30,284,0.3,0.35
2019-09-30,285,,
2019-09-30,286,,
2019-09-30,287,,
2019-09-30,288,,
2019-09-30,289,,
2019-09-30,290,,
2019-09-30,291,,
2019-09-30,292,,
2019-09-30,293,,
2019-09-30,294,0.3,0.4
2019-09-30,295,0.4,0.5
2019-09-30,296,0.6,0.7
2019-09-30,297,0.7,0.9
2019-09-30,298,,
2019-09-30,299,,
2019-09-30,300,,
2019-09-30,301,,
2019-09-30,302,,
2019-09-30,303,,
2019-09-30,304,0.9,1
2019-09-30,305,,
2019-09-30,306,0.58,0.7
2019-09-30,307,,
2019-09-30,308,,
2019-09-30,309,,
2019-09-30,310,,
2019-09-30,311,,
2019-09-30,312,,
2019-09-30,313,,
2019-09-30,314,,
2019-09-30,315,,
2019-09-30,316,,
2019-09-30,317,0.25,0.35
2019-09-30,318,,
2019-09-30,319,,
2019-09-30,320,,
2019-09-30,321,,
2019-09-30,322,,
2019-09-30,323,0.33,0.4
2019-09-30,328,0.27,0.33
2019-09-30,329,0.13,0.15
2019-09-30,331,0.25,0.29
2019-09-30,333,2.42,2.48
2019-09-30,335,2.1,2.15
2019-09-30,341,2.7,2.75
2019-09-30,342,2.8,2.85
2019-09-30,344,13.3,13.3
2019-09-30,345,11.2,11.2
2019-09-30,346,9.9,9.9
2019-09-30,347,8.15,8.15
2019-09-30,350,2.25,2.35
2019-09-30,351,2.25,2.35
2019-09-30,352,3.85,3.95
2019-09-30,353,4.3,4.4
2019-09-30,356,1.6,1.7
2019-09-30,357,1.65,1.75
2019-09-30,358,3.4,3.5
2019-09-30,361,4.35,4.45
2019-09-30,362,5.25,5.35
2019-09-30,363,5.65,5.75
2019-09-30,364,1.95,2.05
2019-09-30,365,1.5,1.6
2019-09-30,366,6.5,6.6
2019-09-30,367,2.5,2.6
2019-09-30,368,1.35,1.45
2019-09-30,369,6.5,6.6
2019-09-30,370,2.35,2.45
2019-09-30,371,1.35,1.45
2019-09-30,372,5.45,5.55
2019-09-30,623,0.43,0.5
2019-09-30,624,0.48,0.55
2019-09-30,625,0.4,0.45
2019-09-30,626,0.6,0.75
2019-09-30,627,0.6,0.8
2019-09-30,628,1.47,1.72
2019-09-30,629,1.57,1.82
2019-09-30,630,0.45,0.5
2019-09-30,631,0.6,0.7
2019-09-30,632,0.4,0.5
2019-09-30,633,0.4,0.5
2019-09-30,634,0.65,0.75
2019-09-30,635,0.57,0.93
2019-09-30,636,0.45,0.5
2019-09-30,637,0.4,0.5
2019-09-30,638,0.4,0.5
2019-09-30,639,,
2019-09-30,640,0.37,0.47
2019-09-30,641,0.37,0.47
2019-09-30,642,0.25,0.35
2019-09-30,643,0.35,0.4
2019-09-30,644,,
2019-09-30,669,,
2019-09-30,670,,
2019-09-30,671,,
2019-09-30,672,218.67,220.67
2019-09-30,674,1.16,1.18
2019-09-30,675,1.58,1.6
2019-09-30,676,2.25,2.35
2019-09-30,677,1.65,1.75
2019-09-30,678,2.5,2.6
2019-09-30,685,,
2019-09-30,716,15.9,15.9
2019-09-30,717,13.7,13.7
2019-09-30,718,12.6,12.6
2019-09-30,719,9.95,9.95
2019-09-30,722,0.33,0.45
2019-09-30,723,0.4,0.5
2019-09-30,724,0.35,0.4
2019-09-30,725,0.45,0.55
2019-09-30,726,0.43,0.53
2019-09-30,727,,
2019-09-30,728,,
2019-09-30,731,6.6,6.7
2019-09-30,732,7.95,8.05
2019-09-30,733,8.63,8.73
2019-09-30,734,9.05,9.2
2019-09-30,735,7.5,8.5
2019-09-30,736,7.5,8
2019-09-30,737,2.5,3.1
2019-09-30,738,2.6,3.2
2019-09-30,740,8,8.5
2019-09-30,741,1.1,1.2
2019-09-30,743,,
2019-09-30,744,,
2019-09-30,745,,
2019-09-30,747,,
2019-09-30,748,0.9,1
2019-09-30,749,0.95,1.05
2019-09-30,750,1.05,1.15
2019-09-30,751,,
2019-09-30,752,,
2019-09-30,753,,
2019-09-30,754,5,6
2019-09-30,755,0.75,0.95
2019-09-30,756,0.85,0.95
2019-09-30,757,3.6,4
2019-09-30,758,1.5,1.8
2019-09-30,759,0.85,0.95
2019-09-30,760,6.17,7.5
2019-09-30,761,1.6,2
2019-09-30,762,1.6,2
2019-09-30,763,1.7,2.1
2019-09-30,764,,
2019-09-30,765,6.17,8
2019-09-30,766,,
2019-09-30,767,,
2019-09-30,768,3,3.5
2019-09-30,769,3,3.5
2019-09-30,770,0.85,0.95
2019-10-04,328,0.27,0.33
2019-10-04,329,0.16,0.18
2019-10-04,331,0.3,0.34
2019-10-04,332,,
2019-10-04,333,2.45,2.5
2019-10-04,335,2.1,2.15
2019-10-04,336,,
2019-10-04,337,,
2019-10-04,340,,
2019-10-04,341,2.7,2.75
2019-10-04,342,2.8,2.85
2019-10-04,344,13.4,13.4
2019-10-04,345,11.3,11.3
2019-10-04,346,10,10
2019-10-04,347,8.2,8.2
2019-10-04,350,2.1,2.2
2019-10-04,351,2.1,2.2
2019-10-04,352,3.85,3.95
2019-10-04,353,4.3,4.4
2019-10-04,356,1.6,1.7
2019-10-04,357,1.7,1.8
2019-10-04,358,3.45,3.55
2019-10-04,361,4.4,4.5
2019-10-04,362,5.3,5.4
2019-10-04,363,5.5,5.6
2019-10-04,364,1.95,2.05
2019-10-04,365,1.5,1.6
2019-10-04,366,6.5,6.6
2019-10-04,367,2.5,2.6
2019-10-04,368,1.35,1.45
2019-10-04,369,6.5,6.6
2019-10-04,370,2.35,2.45
2019-10-04,371,1.35,1.45
2019-10-04,372,5.7,5.8
2019-10-04,674,1.1,1.12
2019-10-04,675,1.58,1.6
2019-10-04,676,2.1,2.2
2019-10-04,677,1.7,1.8
2019-10-04,678,2.5,2.6
2019-10-04,716,16,16
2019-10-04,717,13.8,13.8
2019-10-04,718,12.7,12.7
2019-10-04,719,10,10
2019-10-07,2,,
2019-10-07,3,,
2019-10-07,4,183,184
2019-10-07,5,172,174
2019-10-07,6,169,170
2019-10-07,7,270,272
2019-10-07,8,278,280
2019-10-07,9,182,183
2019-10-07,10,188,189
2019-10-07,11,,
2019-10-07,12,183,185
2019-10-07,13,167,168
2019-10-07,14,164,165
2019-10-07,15,170,171
2019-10-07,16,168,169
2019-10-07,17,,
2019-10-07,18,,
2019-10-07,19,160,162
2019-10-07,20,167,169
2019-10-07,21,172,176
2019-10-07,22,,
2019-10-07,23,400,405
2019-10-07,24,394,399
2019-10-07,25,274,276
2019-10-07,26,269,272
2019-10-07,27,465,466
2019-10-07,28,461,463
2019-10-07,29,447,448
2019-10-07,30,130,132
2019-10-07,31,134,136
2019-10-07,32,102,104
2019-10-07,33,137,149
2019-10-07,34,108,110
2019-10-07,35,177,179
2019-10-07,36,148,150
2019-10-07,37,110,111
2019-10-07,38,110,111
2019-10-07,39,258,259
2019-10-07,40,151,152
2019-10-07,41,730,735
2019-10-07,42,167,168
2019-10-07,43,164,166
2019-10-07,44,,
2019-10-07,45,,
2019-10-07,46,,
2019-10-07,47,196,197
2019-10-07,48,167,172
2019-10-07,50,,
2019-10-07,51,,
2019-10-07,53,910,960
2019-10-07,54,1130,1190
2019-10-07,55,290,320
2019-10-07,56,210,220
2019-10-07,58,120,125
2019-10-07,61,,
2019-10-07,62,,
2019-10-07,63,110,120
2019-10-07,64,,
2019-10-07,65,,
2019-10-07,66,,
2019-10-07,67,140,150
2019-10-07,68,,
2019-10-07,69,,
2019-10-07,70,,
2019-10-07,71,75,85
2019-10-07,73,332,334
2019-10-07,74,,
2019-10-07,75,333,340
2019-10-07,76,350,351
2019-10-07,77,345,346
2019-10-07,78,330,335
2019-10-07,79,,
2019-10-07,80,,
2019-10-07,81,255,265
2019-10-07,82,,
2019-10-07,83,645,650
2019-10-07,84,685,690
2019-10-07,85,650,655
2019-10-07,86,655,660
2019-10-07,87,675,680
2019-10-07,88,655,660
2019-10-07,89,1510,1520
2019-10-07,90,790,800
2019-10-07,91,850,860
2019-10-07,92,820,825
2019-10-07,93,,
2019-10-07,94,755,760
2019-10-07,95,735,740
2019-10-07,96,,
2019-10-07,97,,
2019-10-07,98,,
2019-10-07,100,,
2019-10-07,101,9,10.5
2019-10-07,102,10,11.5
2019-10-07,103,4.45,5.4
2019-10-07,104,2.25,2.45
2019-10-07,105,2.9,3
2019-10-07,106,2.2,2.25
2019-10-07,107,1.28,1.3
2019-10-07,108,271,275
2019-10-07,109,238,240
2019-10-07,110,390,410
2019-10-07,111,232,234
2019-10-07,112,229,230
2019-10-07,113,,
2019-10-07,114,228,232
2019-10-07,115,150,155
2019-10-07,116,,
2019-10-07,117,364,366
2019-10-07,118,314,318
2019-10-07,119,,
2019-10-07,120,305,308
2019-10-07,121,414,416
2019-10-07,122,323,327
2019-10-07,123,,
2019-10-07,124,315,317
2019-10-07,125,,
2019-10-07,126,225,235
2019-10-07,127,215,220
2019-10-07,128,200,205
2019-10-07,129,200,210
2019-10-07,130,155,160
2019-10-07,131,1530,1535
2019-10-07,132,620,625
2019-10-07,133,590,595
2019-10-07,134,750,755
2019-10-07,176,6,7
2019-10-07,177,10,11
2019-10-07,181,4.85,4.95
2019-10-07,182,5.15,5.25
2019-10-07,183,5.2,5.35
2019-10-07,184,5.9,6.1
2019-10-07,185,7,7.1
2019-10-07,186,9.4,9.55
2019-10-07,187,455,465
2019-10-07,188,425,435
2019-10-07,189,260,270
2019-10-07,190,1850,2050
2019-10-07,191,,
2019-10-07,192,,
2019-10-07,193,,
2019-10-07,194,,
2019-10-07,195,,
2019-10-07,196,,
2019-10-07,197,,
2019-10-07,198,,
2019-10-07,199,,
2019-10-07,202,,
2019-10-07,203,,
2019-10-07,204,,
2019-10-07,205,,
2019-10-07,206,,
2019-10-07,207,,
2019-10-07,208,,
2019-10-07,209,0.55,0.65
2019-10-07,210,,
2019-10-07,211,0.3,0.35
2019-10-07,212,0.25,0.35
2019-10-07,213,0.25,0.3
2019-10-07,214,,
2019-10-07,215,,
2019-10-07,216,,
2019-10-07,217,,
2019-10-07,218,,
2019-10-07,219,,
2019-10-07,220,0.6,0.7
2019-10-07,221,1.4,1.6
2019-10-07,222,,
2019-10-07,223,,
2019-10-07,224,,
2019-10-07,225,1.5,1.6
2019-10-07,226,,
2019-10-07,227,,
2019-10-07,228,,
2019-10-07,229,0.4,0.5
2019-10-07,230,,
2019-10-07,231,,
2019-10-07,232,0.45,0.55
2019-10-07,233,,
2019-10-07,234,,
2019-10-07,235,,
2019-10-07,236,0.45,0.55
2019-10-07,237,0.45,0.55
2019-10-07,238,0.4,0.45
2019-10-07,239,,
2019-10-07,240,,
2019-10-07,241,0.75,0.85
2019-10-07,242,,
2019-10-07,243,0.5,0.6
2019-10-07,244,,
2019-10-07,245,1,1.2
2019-10-07,246,0.7,0.8
2019-10-07,247,0.55,0.65
2019-10-07,248,,
2019-10-07,249,,
2019-10-07,250,,
2019-10-07,251,,
2019-10-07,252,2.5,2.7
2019-10-07,253,0.7,0.75
2019-10-07,254,,
2019-10-07,255,0.75,0.85
2019-10-07,256,0.45,0.55
2019-10-07,257,,
2019-10-07,258,0.5,0.6
2019-10-07,259,,
2019-10-07,260,1.8,2.2
2019-10-07,261,,
2019-10-07,262,,
2019-10-07,263,,
2019-10-07,264,,
2019-10-07,265,,
2019-10-07,266,,
2019-10-07,267,,
2019-10-07,268,,
2019-10-07,269,,
2019-10-07,270,,
2019-10-07,271,,
2019-10-07,272,,
2019-10-07,273,,
2019-10-07,274,,
2019-10-07,275,,
2019-10-07,276,0.5,0.7
2019-10-07,277,,
2019-10-07,278,0.7,0.75
2019-10-07,279,,
2019-10-07,280,0.2,0.25
2019-10-07,281,,
2019-10-07,282,0.25,0.35
2019-10-07,283,,
2019-10-07,284,0.3,0.35
2019-10-07,285,,
2019-10-07,286,,
2019-10-07,287,,
2019-10-07,288,,
2019-10-07,289,,
2019-10-07,290,,
2019-10-07,291,,
2019-10-07,292,,
2019-10-07,293,,
2019-10-07,294,0.3,0.4
2019-10-07,295,0.4,0.5
2019-10-07,296,0.6,0.7
2019-10-07,297,0.7,0.9
2019-10-07,298,,
2019-10-07,299,,
2019-10-07,300,,
2019-10-07,301,,
2019-10-07,302,,
2019-10-07,303,,
2019-10-07,304,0.9,1
2019-10-07,305,,
2019-10-07,306,0.6,0.7
2019-10-07,307,,
2019-10-07,308,,
2019-10-07,309,,
2019-10-07,310,,
2019-10-07,311,,
2019-10-07,312,,
2019-10-07,313,,
2019-10-07,314,,
2019-10-07,315,,
2019-10-07,316,,
2019-10-07,317,0.25,0.35
2019-10-07,318,,
2019-10-07,319,,
2019-10-07,320,,
2019-10-07,321,,
2019-10-07,322,,
2019-10-07,323,0.5,0.6
2019-10-07,623,0.45,0.55
2019-10-07,624,0.5,0.6
2019-10-07,625,0.4,0.45
2019-10-07,626,0.6,0.75
2019-10-07,627,0.6,0.8
2019-10-07,628,1.5,1.75
2019-10-07,629,1.6,1.85
2019-10-07,630,0.45,0.5
2019-10-07,631,0.6,0.7
2019-10-07,632,0.4,0.5
2019-10-07,633,0.4,0.5
2019-10-07,634,0.65,0.75
2019-10-07,635,0.6,1
2019-10-07,636,0.45,0.5
2019-10-07,637,0.4,0.5
2019-10-07,638,0.4,0.5
2019-10-07,639,,
2019-10-07,640,0.4,0.5
2019-10-07,641,0.4,0.5
2019-10-07,642,0.25,0.35
2019-10-07,643,0.35,0.4
2019-10-07,644,,
2019-10-07,669,,
2019-10-07,670,,
2019-10-07,671,,
2019-10-07,672,218,220
2019-10-07,685,,
2019-10-07,722,0.35,0.45
2019-10-07,723,0.4,0.5
2019-10-07,724,0.35,0.4
2019-10-07,725,0.45,0.55
2019-10-07,726,0.45,0.55
2019-10-07,727,,
2019-10-07,731,6.53,6.63
2019-10-07,732,7.88,7.98
2019-10-07,733,8.6,8.7
2019-10-07,734,9.05,9.2
2019-10-07,735,7.5,8.5
2019-10-07,736,7.5,8
2019-10-07,737,2.5,3.1
2019-10-07,738,2.6,3.2
2019-10-07,740,8,8.5
2019-10-07,741,1.1,1.2
2019-10-07,747,,
2019-10-07,748,,
2019-10-07,749,,
2019-10-07,750,,
2019-10-07,754,5,6
2019-10-07,755,0.75,0.95
2019-10-07,756,0.85,0.95
2019-10-07,757,3.6,4
2019-10-07,758,1.5,1.8
2019-10-07,759,0.85,0.95
2019-10-07,760,6.5,7.5
2019-10-07,761,1.6,2
2019-10-07,762,1.6,2
2019-10-07,763,1.7,2.1
2019-10-07,764,,
2019-10-07,765,6.5,8
2019-10-07,768,,
2019-10-07,769,,
2019-10-07,770,0.85,0.95
2019-10-07,773,1,1.1
2019-10-07,774,1.05,1.15
2019-10-07,775,1.1,1.2
2019-10-11,328,0.27,0.33
2019-10-11,329,0.19,0.21
2019-10-11,331,0.34,0.38
2019-10-11,332,,
2019-10-11,333,2.5,2.55
2019-10-11,335,2.15,2.2
2019-10-11,336,,
2019-10-11,337,,
2019-10-11,340,,
2019-10-11,341,2.7,2.75
2019-10-11,342,2.8,2.85
2019-10-11,344,13.5,13.5
2019-10-11,345,11.4,11.4
2019-10-11,346,10.1,10.1
2019-10-11,347,8.3,8.3
2019-10-11,350,2.1,2.2
2019-10-11,351,2.1,2.2
2019-10-11,352,3.85,3.95
2019-10-11,353,4.3,4.4
2019-10-11,356,1.6,1.7
2019-10-11,357,1.8,1.9
2019-10-11,358,3.5,3.6
2019-10-11,361,4.5,4.6
2019-10-11,362,5.4,5.5
2019-10-11,363,5.5,5.6
2019-10-11,364,1.95,2.05
2019-10-11,365,1.5,1.6
2019-10-11,366,6.5,6.6
2019-10-11,367,2.5,2.6
2019-10-11,368,1.35,1.45
2019-10-11,369,6.5,6.6
2019-10-11,370,2.35,2.45
2019-10-11,371,1.35,1.45
2019-10-11,372,6,6.1
2019-10-11,674,1.1,1.12
2019-10-11,675,1.58,1.6
2019-10-11,676,2.1,2.2
2019-10-11,677,1.8,1.9
2019-10-11,678,2.5,2.6
2019-10-11,716,16.1,16.1
2019-10-11,717,13.9,13.9
2019-10-11,718,12.8,12.8
2019-10-11,719,10.1,10.1
2019-10-14,2,,
2019-10-14,3,,
2019-10-14,4,184,185
2019-10-14,5,174,175
2019-10-14,6,171,172
2019-10-14,7,275,277
2019-10-14,8,283,285
2019-10-14,9,183,184
2019-10-14,10,190,191
2019-10-14,11,,
2019-10-14,12,183,185
2019-10-14,13,167,168
2019-10-14,14,164,165
2019-10-14,15,170,171
2019-10-14,16,169,170
2019-10-14,17,,
2019-10-14,18,,
2019-10-14,19,160,162
2019-10-14,20,169,171
2019-10-14,21,174,178
2019-10-14,22,,
2019-10-14,23,400,405
2019-10-14,24,394,399
2019-10-14,25,274,276
2019-10-14,26,269,272
2019-10-14,27,465,466
2019-10-14,28,461,463
2019-10-14,29,447,448
2019-10-14,30,130,132
2019-10-14,31,134,136
2019-10-14,32,102,104
2019-10-14,33,137,149
2019-10-14,34,108,110
2019-10-14,35,177,179
2019-10-14,36,148,150
2019-10-14,37,110,111
2019-10-14,38,110,111
2019-10-14,39,258,259
2019-10-14,40,151,152
2019-10-14,41,730,735
2019-10-14,42,167,168
2019-10-14,43,164,166
2019-10-14,44,,
2019-10-14,45,,
2019-10-14,46,,
2019-10-14,47,195,196
2019-10-14,48,167,172
2019-10-14,50,350,400
2019-10-14,51,500,550
2019-10-14,53,910,960
2019-10-14,54,1200,1250
2019-10-14,55,290,320
2019-10-14,56,210,220
2019-10-14,58,120,125
2019-10-14,61,,
2019-10-14,62,,
2019-10-14,63,110,120
2019-10-14,64,,
2019-10-14,65,,
2019-10-14,66,,
2019-10-14,67,140,150
2019-10-14,68,,
2019-10-14,69,,
2019-10-14,70,,
2019-10-14,71,80,90
2019-10-14,73,336,338
2019-10-14,74,,
2019-10-14,75,340,345
2019-10-14,76,353,354
2019-10-14,77,352,353
2019-10-14,78,,
2019-10-14,79,,
2019-10-14,80,,
2019-10-14,81,250,260
2019-10-14,82,,
2019-10-14,83,645,650
2019-10-14,84,685,690
2019-10-14,85,650,655
2019-10-14,86,645,650
2019-10-14,87,675,680
2019-10-14,88,655,660
2019-10-14,89,1510,1520
2019-10-14,90,790,800
2019-10-14,91,850,860
2019-10-14,92,830,835
2019-10-14,93,,
2019-10-14,94,755,760
2019-10-14,95,735,740
2019-10-14,96,,
2019-10-14,97,,
2019-10-14,98,,
2019-10-14,100,,
2019-10-14,101,9,10.5
2019-10-14,102,10,11.5
2019-10-14,103,4.45,5.4
2019-10-14,104,2.25,2.4
2019-10-14,105,2.9,2.95
2019-10-14,106,2.2,2.25
2019-10-14,107,1.28,1.3
2019-10-14,108,271,275
2019-10-14,109,238,240
2019-10-14,110,395,410
2019-10-14,111,232,234
2019-10-14,112,229,230
2019-10-14,113,,
2019-10-14,114,228,232
2019-10-14,115,155,160
2019-10-14,116,,
2019-10-14,117,370,372
2019-10-14,118,320,324
2019-10-14,119,,
2019-10-14,120,313,316
2019-10-14,121,420,422
2019-10-14,122,330,334
2019-10-14,123,,
2019-10-14,124,321,323
2019-10-14,125,,
2019-10-14,126,225,235
2019-10-14,127,215,220
2019-10-14,128,200,205
2019-10-14,129,200,210
2019-10-14,130,155,160
2019-10-14,131,1520,1525
2019-10-14,132,620,625
2019-10-14,133,590,595
2019-10-14,134,750,755
2019-10-14,176,6,7
2019-10-14,177,11,12
2019-10-14,181,4.85,4.95
2019-10-14,182,5.15,5.25
2019-10-14,183,5.2,5.35
2019-10-14,184,5.9,6.1
2019-10-14,185,7,7.1
2019-10-14,186,9.4,9.55
2019-10-14,187,455,465
2019-10-14,188,430,440
2019-10-14,189,270,280
2019-10-14,190,1850,2050
2019-10-14,191,,
2019-10-14,192,,
2019-10-14,193,,
2019-10-14,194,,
2019-10-14,195,,
2019-10-14,196,,
2019-10-14,197,,
2019-10-14,198,,
2019-10-14,199,,
2019-10-14,202,,
2019-10-14,203,,
2019-10-14,204,,
2019-10-14,205,,
2019-10-14,206,,
2019-10-14,207,,
2019-10-14,208,,
2019-10-14,209,0.55,0.65
2019-10-14,210,,
2019-10-14,211,0.25,0.35
2019-10-14,212,0.25,0.35
2019-10-14,213,0.28,0.32
2019-10-14,214,,
2019-10-14,215,,
2019-10-14,216,,
2019-10-14,217,,
2019-10-14,218,,
2019-10-14,219,,
2019-10-14,220,0.9,1
2019-10-14,221,1.6,1.7
2019-10-14,222,,
2019-10-14,223,,
2019-10-14,224,,
2019-10-14,225,1.5,1.6
2019-10-14,226,,
2019-10-14,227,,
2019-10-14,228,,
2019-10-14,229,0.35,0.45
2019-10-14,230,,
2019-10-14,231,,
2019-10-14,232,0.45,0.55
2019-10-14,233,,
2019-10-14,234,,
2019-10-14,235,,
2019-10-14,236,0.45,0.55
2019-10-14,237,0.45,0.55
2019-10-14,238,0.4,0.45
2019-10-14,239,,
2019-10-14,240,,
2019-10-14,241,0.8,0.9
2019-10-14,242,,
2019-10-14,243,0.45,0.55
2019-10-14,244,,
2019-10-14,245,1.3,1.5
2019-10-14,246,0.7,0.8
2019-10-14,247,0.5,0.6
2019-10-14,248,,
2019-10-14,249,,
2019-10-14,250,,
2019-10-14,251,,
2019-10-14,252,2.3,2.7
2019-10-14,253,0.7,0.75
2019-10-14,254,,
2019-10-14,255,0.75,0.85
2019-10-14,256,0.5,0.55
2019-10-14,257,,
2019-10-14,258,0.55,0.65
2019-10-14,259,,
2019-10-14,260,1.8,2.2
2019-10-14,261,,
2019-10-14,262,,
2019-10-14,263,,
2019-10-14,264,,
2019-10-14,265,,
2019-10-14,266,,
2019-10-14,267,,
2019-10-14,268,,
2019-10-14,269,,
2019-10-14,270,,
2019-10-14,271,,
2019-10-14,272,,
2019-10-14,273,,
2019-10-14,274,,
2019-10-14,275,,
2019-10-14,276,0.4,0.45
2019-10-14,277,,
2019-10-14,278,0.7,0.75
2019-10-14,279,,
2019-10-14,280,0.2,0.25
2019-10-14,281,,
2019-10-14,282,0.25,0.35
2019-10-14,283,,
2019-10-14,284,0.3,0.35
2019-10-14,285,,
2019-10-14,286,,
2019-10-14,287,,
2019-10-14,288,,
2019-10-14,289,,
2019-10-14,290,,
2019-10-14,291,,
2019-10-14,292,,
2019-10-14,293,,
2019-10-14,294,,
2019-10-14,295,,
2019-10-14,296,,
2019-10-14,297,0.7,0.9
2019-10-14,298,,
2019-10-14,299,,
2019-10-14,300,,
2019-10-14,301,,
2019-10-14,302,,
2019-10-14,303,,
2019-10-14,304,0.9,1
2019-10-14,305,,
2019-10-14,306,0.6,0.7
2019-10-14,307,,
2019-10-14,308,,
2019-10-14,309,,
2019-10-14,310,,
2019-10-14,311,,
2019-10-14,312,,
2019-10-14,313,,
2019-10-14,314,,
2019-10-14,315,,
2019-10-14,316,,
2019-10-14,317,0.25,0.35
2019-10-14,318,,
2019-10-14,319,,
2019-10-14,320,,
2019-10-14,321,,
2019-10-14,322,,
2019-10-14,323,,
2019-10-14,623,,
2019-10-14,624,,
2019-10-14,625,,
2019-10-14,626,,
2019-10-14,627,,
2019-10-14,628,,
2019-10-14,629,,
2019-10-14,630,,
2019-10-14,631,,
2019-10-14,632,,
2019-10-14,633,,
2019-10-14,634,,
2019-10-14,635,,
2019-10-14,636,,
2019-10-14,637,,
2019-10-14,638,,
2019-10-14,639,,
2019-10-14,640,,
2019-10-14,641,,
2019-10-14,642,,
2019-10-14,643,,
2019-10-14,644,,
2019-10-14,669,,
2019-10-14,670,,
2019-10-14,671,,
2019-10-14,672,218,220
2019-10-14,685,,
2019-10-14,722,,
2019-10-14,723,,
2019-10-14,724,,
2019-10-14,725,,
2019-10-14,726,,
2019-10-14,727,,
2019-10-14,731,6.45,6.55
2019-10-14,732,7.8,7.9
2019-10-14,733,8.55,8.65
2019-10-14,734,9,9.15
2019-10-14,735,7.5,8.5
2019-10-14,736,7.5,8
2019-10-14,737,2.5,3.1
2019-10-14,738,2.6,3.2
2019-10-14,740,,
2019-10-14,741,,
2019-10-14,747,,
2019-10-14,748,,
2019-10-14,749,,
2019-10-14,750,,
2019-10-14,754,,
2019-10-14,755,,
2019-10-14,756,,
2019-10-14,757,,
2019-10-14,758,1.5,1.8
2019-10-14,759,,
2019-10-14,760,6.5,7.5
2019-10-14,761,1.6,2
2019-10-14,762,1.6,2
2019-10-14,763,1.7,2.1
2019-10-14,764,,
2019-10-14,765,6.5,8
2019-10-14,768,,
2019-10-14,769,,
2019-10-14,770,0.85,0.95
2019-10-14,771,6.5,7.5
2019-10-14,772,6.5,8
2019-10-14,773,1,1.1
2019-10-14,774,1.05,1.15
2019-10-14,775,1.1,1.2
2019-10-14,776,8,8.5
2019-10-15,4,183.5,184.5
2019-10-15,5,173,174.5
2019-10-15,6,170,171
2019-10-15,7,272.5,274.5
2019-10-15,8,280.5,282.5
2019-10-15,9,182.5,183.5
2019-10-15,10,189,190
2019-10-15,12,183,185
2019-10-15,13,167,168
2019-10-15,14,164,165
2019-10-15,15,170,171
2019-10-15,16,168.5,169.5
2019-10-15,19,160,162
2019-10-15,20,168,170
2019-10-15,21,173,177
2019-10-15,23,400,405
2019-10-15,24,394,399
2019-10-15,25,274,276
2019-10-15,26,269,272
2019-10-15,27,465,466
2019-10-15,28,461,463
2019-10-15,29,447,448
2019-10-15,30,130,132
2019-10-15,31,134,136
2019-10-15,32,102,104
2019-10-15,33,137,149
2019-10-15,34,108,110
2019-10-15,35,177,179
2019-10-15,36,148,150
2019-10-15,37,110,111
2019-10-15,38,110,111
2019-10-15,39,258,259
2019-10-15,40,151,152
2019-10-15,41,730,735
2019-10-15,42,167,168
2019-10-15,43,164,166
2019-10-15,47,195.5,196.5
2019-10-15,48,167,172
2019-10-15,50,350,400
2019-10-15,51,500,550
2019-10-15,53,910,960
2019-10-15,54,1165,1220
2019-10-15,55,290,320
2019-10-15,56,210,220
2019-10-15,58,120,125
2019-10-15,63,110,120
2019-10-15,67,140,150
2019-10-15,71,77.5,87.5
2019-10-15,73,334,336
2019-10-15,75,336.5,342.5
2019-10-15,76,351.5,352.5
2019-10-15,77,348.5,349.5
2019-10-15,78,330,335
2019-10-15,81,252.5,262.5
2019-10-15,83,645,650
2019-10-15,84,685,690
2019-10-15,85,650,655
2019-10-15,86,650,655
2019-10-15,87,675,680
2019-10-15,88,655,660
2019-10-15,89,1510,1520
2019-10-15,90,790,800
2019-10-15,91,850,860
2019-10-15,92,825,830
2019-10-15,94,755,760
2019-10-15,95,735,740
2019-10-15,101,9,10.5
2019-10-15,102,10,11.5
2019-10-15,103,4.45,5.4
2019-10-15,104,2.25,2.42
2019-10-15,105,2.9,2.98
2019-10-15,106,2.2,2.25
2019-10-15,107,1.28,1.3
2019-10-15,108,271,275
2019-10-15,109,238,240
2019-10-15,110,392.5,410
2019-10-15,111,232,234
2019-10-15,112,229,230
2019-10-15,114,228,232
2019-10-15,115,152.5,157.5
2019-10-15,117,367,369
2019-10-15,118,317,321
2019-10-15,120,309,312
2019-10-15,121,417,419
2019-10-15,122,326.5,330.5
2019-10-15,124,318,320
2019-10-15,126,225,235
2019-10-15,127,215,220
2019-10-15,128,200,205
2019-10-15,129,200,210
2019-10-15,130,155,160
2019-10-15,131,1525,1530
2019-10-15,132,620,625
2019-10-15,133,590,595
2019-10-15,134,750,755
2019-10-15,176,6,7
2019-10-15,177,10.5,11.5
2019-10-15,181,4.85,4.95
2019-10-15,182,5.15,5.25
2019-10-15,183,5.2,5.35
2019-10-15,184,5.9,6.1
2019-10-15,185,7,7.1
2019-10-15,186,9.4,9.55
2019-10-15,187,455,465
2019-10-15,188,427.5,437.5
2019-10-15,189,265,275
2019-10-15,190,1850,2050
2019-10-15,209,0.55,0.65
2019-10-15,211,0.28,0.35
2019-10-15,212,0.25,0.35
2019-10-15,213,0.27,0.31
2019-10-15,220,0.75,0.85
2019-10-15,221,1.5,1.65
2019-10-15,225,1.5,1.6
2019-10-15,229,0.38,0.47
2019-10-15,232,0.45,0.55
2019-10-15,236,0.45,0.55
2019-10-15,237,0.45,0.55
2019-10-15,238,0.4,0.45
2019-10-15,241,0.78,0.88
2019-10-15,243,0.47,0.57
2019-10-15,245,1.15,1.35
2019-10-15,246,0.7,0.8
2019-10-15,247,0.53,0.62
2019-10-15,252,2.4,2.7
2019-10-15,253,0.7,0.75
2019-10-15,255,0.75,0.85
2019-10-15,256,0.47,0.55
2019-10-15,258,0.53,0.62
2019-10-15,260,1.8,2.2
2019-10-15,276,0.45,0.57
2019-10-15,278,0.7,0.75
2019-10-15,280,0.2,0.25
2019-10-15,282,0.25,0.35
2019-10-15,284,0.3,0.35
2019-10-15,294,0.3,0.4
2019-10-15,295,0.4,0.5
2019-10-15,296,0.6,0.7
2019-10-15,297,0.7,0.9
2019-10-15,304,0.9,1
2019-10-15,306,0.6,0.7
2019-10-15,317,0.25,0.35
2019-10-15,323,0.5,0.6
2019-10-15,328,0.27,0.33
2019-10-15,329,0.17,0.2
2019-10-15,331,0.32,0.36
2019-10-15,333,2.48,2.52
2019-10-15,335,2.12,2.17
2019-10-15,341,2.7,2.75
2019-10-15,342,2.8,2.85
2019-10-15,344,13.45,13.45
2019-10-15,345,11.35,11.35
2019-10-15,346,10.05,10.05
2019-10-15,347,8.25,8.25
2019-10-15,350,2.1,2.2
2019-10-15,351,2.1,2.2
2019-10-15,352,3.85,3.95
2019-10-15,353,4.3,4.4
2019-10-15,356,1.6,1.7
2019-10-15,357,1.75,1.85
2019-10-15,358,3.48,3.58
2019-10-15,361,4.45,4.55
2019-10-15,362,5.35,5.45
2019-10-15,363,5.5,5.6
2019-10-15,364,1.95,2.05
2019-10-15,365,1.5,1.6
2019-10-15,366,6.5,6.6
2019-10-15,367,2.5,2.6
2019-10-15,368,1.35,1.45
2019-10-15,369,6.5,6.6
2019-10-15,370,2.35,2.45
2019-10-15,371,1.35,1.45
2019-10-15,372,5.85,5.95
2019-10-15,623,0.45,0.55
2019-10-15,624,0.5,0.6
2019-10-15,625,0.4,0.45
2019-10-15,626,0.6,0.75
2019-10-15,627,0.6,0.8
2019-10-15,628,1.5,1.75
2019-10-15,629,1.6,1.85
2019-10-15,630,0.45,0.5
2019-10-15,631,0.6,0.7
2019-10-15,632,0.4,0.5
2019-10-15,633,0.4,0.5
2019-10-15,634,0.65,0.75
2019-10-15,635,0.6,1
2019-10-15,636,0.45,0.5
2019-10-15,637,0.4,0.5
2019-10-15,638,0.4,0.5
2019-10-15,640,0.4,0.5
2019-10-15,641,0.4,0.5
2019-10-15,642,0.25,0.35
2019-10-15,643,0.35,0.4
2019-10-15,672,218,220
2019-10-15,674,1.1,1.12
2019-10-15,675,1.58,1.6
2019-10-15,676,2.1,2.2
2019-10-15,677,1.75,1.85
2019-10-15,678,2.5,2.6
2019-10-15,716,16.05,16.05
2019-10-15,717,13.85,13.85
2019-10-15,718,12.75,12.75
2019-10-15,719,10.05,10.05
2019-10-15,722,0.35,0.45
2019-10-15,723,0.4,0.5
2019-10-15,724,0.35,0.4
2019-10-15,725,0.45,0.55
2019-10-15,726,0.45,0.55
2019-10-15,731,6.49,6.59
2019-10-15,732,7.84,7.94
2019-10-15,733,8.57,8.68
2019-10-15,734,9.03,9.18
2019-10-15,735,7.5,8.5
2019-10-15,736,7.5,8
2019-10-15,737,2.5,3.1
2019-10-15,738,2.6,3.2
2019-10-15,740,8,8.5
2019-10-15,741,1.1,1.2
2019-10-15,754,5,6
2019-10-15,755,0.75,0.95
2019-10-15,756,0.85,0.95
2019-10-15,757,3.6,4
2019-10-15,758,1.5,1.8
2019-10-15,759,0.85,0.95
2019-10-15,760,6.5,7.5
2019-10-15,761,1.6,2
2019-10-15,762,1.6,2
2019-10-15,763,1.7,2.1
2019-10-15,765,6.5,8
2019-10-15,770,0.85,0.95
2019-10-15,771,6.5,7.5
2019-10-15,772,6.5,8
2019-10-15,773,1,1.1
2019-10-15,774,1.05,1.15
2019-10-15,775,1.1,1.2
2019-10-15,776,8,8.5
2019-10-18,328,0.27,0.33
2019-10-18,329,0.2,0.22
2019-10-18,331,0.37,0.41
2019-10-18,332,,
2019-10-18,333,2.5,2.55
2019-10-18,335,2.15,2.2
2019-10-18,336,,
2019-10-18,337,,
2019-10-18,340,,
2019-10-18,341,2.7,2.75
2019-10-18,342,2.8,2.85
2019-10-18,344,13.6,13.6
2019-10-18,345,11.5,11.5
2019-10-18,346,10.2,10.2
2019-10-18,347,8.4,8.4
2019-10-18,350,2.05,2.15
2019-10-18,351,2.05,2.15
2019-10-18,352,3.85,3.95
2019-10-18,353,4.3,4.4
2019-10-18,356,1.6,1.7
2019-10-18,357,1.85,1.95
2019-10-18,358,3.5,3.6
2019-10-18,361,4.5,4.6
2019-10-18,362,5.4,5.5
2019-10-18,363,5.4,5.5
2019-10-18,364,1.95,2.05
2019-10-18,365,1.5,1.6
2019-10-18,366,6.5,6.6
2019-10-18,367,2.5,2.6
2019-10-18,368,1.35,1.45
2019-10-18,369,6.5,6.6
2019-10-18,370,2.35,2.45
2019-10-18,371,1.35,1.45
2019-10-18,372,6.3,6.4
2019-10-18,674,1.07,1.09
2019-10-18,675,1.58,1.6
2019-10-18,676,2.05,2.15
2019-10-18,677,1.85,1.95
2019-10-18,678,2.5,2.6
2019-10-18,716,16.3,16.3
2019-10-18,717,14.1,14.1
2019-10-18,718,13,13
2019-10-18,719,10.3,10.3
2019-10-21,2,,
2019-10-21,3,,
2019-10-21,4,186,187
2019-10-21,5,177,178
2019-10-21,6,174,175
2019-10-21,7,275,277
2019-10-21,8,283,285
2019-10-21,9,185,186
2019-10-21,10,192,193
2019-10-21,11,,
2019-10-21,12,183,185
2019-10-21,13,167,168
2019-10-21,14,164,165
2019-10-21,15,170,171
2019-10-21,16,169,170
2019-10-21,17,,
2019-10-21,18,,
2019-10-21,19,160,162
2019-10-21,20,171,173
2019-10-21,21,176,178
2019-10-21,22,,
2019-10-21,23,400,405
2019-10-21,24,394,399
2019-10-21,25,274,276
2019-10-21,26,269,272
2019-10-21,27,465,466
2019-10-21,28,461,463
2019-10-21,29,447,448
2019-10-21,30,130,132
2019-10-21,31,134,136
2019-10-21,32,102,104
2019-10-21,33,137,149
2019-10-21,34,108,110
2019-10-21,35,177,179
2019-10-21,36,148,150
2019-10-21,37,110,111
2019-10-21,38,110,111
2019-10-21,39,258,259
2019-10-21,40,151,152
2019-10-21,41,730,735
2019-10-21,42,167,168
2019-10-21,43,164,166
2019-10-21,44,,
2019-10-21,45,,
2019-10-21,46,,
2019-10-21,47,195,196
2019-10-21,48,169,172
2019-10-21,50,350,400
2019-10-21,51,500,550
2019-10-21,53,910,960
2019-10-21,54,1200,1250
2019-10-21,55,300,330
2019-10-21,56,220,230
2019-10-21,58,115,120
2019-10-21,61,,
2019-10-21,62,,
2019-10-21,63,110,120
2019-10-21,64,,
2019-10-21,65,,
2019-10-21,66,,
2019-10-21,67,140,150
2019-10-21,68,,
2019-10-21,69,,
2019-10-21,70,,
2019-10-21,71,80,90
2019-10-21,73,336,338
2019-10-21,74,,
2019-10-21,75,342,345
2019-10-21,76,353,354
2019-10-21,77,353,354
2019-10-21,78,,
2019-10-21,79,,
2019-10-21,80,,
2019-10-21,81,245,255
2019-10-21,82,,
2019-10-21,83,645,650
2019-10-21,84,685,690
2019-10-21,85,660,665
2019-10-21,86,645,650
2019-10-21,87,675,680
2019-10-21,88,655,660
2019-10-21,89,1510,1520
2019-10-21,90,790,800
2019-10-21,91,850,860
2019-10-21,92,840,845
2019-10-21,93,,
2019-10-21,94,755,760
2019-10-21,95,735,740
2019-10-21,96,,
2019-10-21,97,,
2019-10-21,98,,
2019-10-21,100,,
2019-10-21,101,9,10.5
2019-10-21,102,10,11.5
2019-10-21,103,4.45,5.4
2019-10-21,104,2.25,2.4
2019-10-21,105,2.9,2.95
2019-10-21,106,2.2,2.25
2019-10-21,107,1.28,1.3
2019-10-21,108,271,275
2019-10-21,109,238,240
2019-10-21,110,395,410
2019-10-21,111,232,234
2019-10-21,112,229,230
2019-10-21,113,,
2019-10-21,114,223,227
2019-10-21,115,155,160
2019-10-21,116,,
2019-10-21,117,365,367
2019-10-21,118,315,319
2019-10-21,119,,
2019-10-21,120,308,311
2019-10-21,121,415,417
2019-10-21,122,325,327
2019-10-21,123,,
2019-10-21,124,316,318
2019-10-21,125,,
2019-10-21,126,225,235
2019-10-21,127,215,220
2019-10-21,128,200,205
2019-10-21,129,200,210
2019-10-21,130,155,160
2019-10-21,131,1500,1505
2019-10-21,132,620,625
2019-10-21,133,595,600
2019-10-21,134,755,760
2019-10-21,176,6,7
2019-10-21,177,11,12
2019-10-21,181,4.85,4.95
2019-10-21,182,5.15,5.25
2019-10-21,183,5.1,5.25
2019-10-21,184,5.9,6.1
2019-10-21,185,7,7.1
2019-10-21,186,9.4,9.55
2019-10-21,187,455,465
2019-10-21,188,435,445
2019-10-21,189,275,285
2019-10-21,190,1900,2050
2019-10-21,191,,
2019-10-21,192,,
2019-10-21,193,,
2019-10-21,194,,
2019-10-21,195,,
2019-10-21,196,,
2019-10-21,197,,
2019-10-21,198,,
2019-10-21,199,,
2019-10-21,202,,
2019-10-21,203,,
2019-10-21,204,,
2019-10-21,205,,
2019-10-21,206,,
2019-10-21,207,,
2019-10-21,208,,
2019-10-21,209,0.55,0.65
2019-10-21,210,,
2019-10-21,211,0.25,0.35
2019-10-21,212,0.25,0.35
2019-10-21,213,0.28,0.32
2019-10-21,214,,
2019-10-21,215,,
2019-10-21,216,,
2019-10-21,217,,
2019-10-21,218,,
2019-10-21,219,,
2019-10-21,220,0.7,0.75
2019-10-21,221,1.3,1.5
2019-10-21,222,,
2019-10-21,223,,
2019-10-21,224,,
2019-10-21,225,1.5,1.6
2019-10-21,226,,
2019-10-21,227,,
2019-10-21,228,,
2019-10-21,229,0.35,0.45
2019-10-21,230,,
2019-10-21,231,,
2019-10-21,232,0.4,0.5
2019-10-21,233,,
2019-10-21,234,,
2019-10-21,235,,
2019-10-21,236,0.45,0.55
2019-10-21,237,0.45,0.55
2019-10-21,238,0.4,0.45
2019-10-21,239,,
2019-10-21,240,,
2019-10-21,241,0.9,1
2019-10-21,242,,
2019-10-21,243,0.5,0.6
2019-10-21,244,,
2019-10-21,245,1.5,1.6
2019-10-21,246,0.7,0.8
2019-10-21,247,0.5,0.6
2019-10-21,248,,
2019-10-21,249,,
2019-10-21,250,0.35,0.45
2019-10-21,251,,
2019-10-21,252,2.3,2.7
2019-10-21,253,0.7,0.75
2019-10-21,254,,
2019-10-21,255,0.7,0.8
2019-10-21,256,0.5,0.55
2019-10-21,257,,
2019-10-21,258,0.55,0.65
2019-10-21,259,,
2019-10-21,260,1.8,2.2
2019-10-21,261,,
2019-10-21,262,,
2019-10-21,263,,
2019-10-21,264,,
2019-10-21,265,,
2019-10-21,266,,
2019-10-21,267,,
2019-10-21,268,,
2019-10-21,269,,
2019-10-21,270,,
2019-10-21,271,,
2019-10-21,272,,
2019-10-21,273,,
2019-10-21,274,,
2019-10-21,275,,
2019-10-21,276,0.35,0.4
2019-10-21,277,,
2019-10-21,278,0.7,0.75
2019-10-21,279,0.4,0.5
2019-10-21,280,0.2,0.25
2019-10-21,281,,
2019-10-21,282,0.25,0.35
2019-10-21,283,,
2019-10-21,284,0.3,0.35
2019-10-21,285,,
2019-10-21,286,,
2019-10-21,287,,
2019-10-21,288,,
2019-10-21,289,,
2019-10-21,290,,
2019-10-21,291,,
2019-10-21,292,,
2019-10-21,293,,
2019-10-21,294,,
2019-10-21,295,,
2019-10-21,296,,
2019-10-21,297,0.7,0.9
2019-10-21,298,,
2019-10-21,299,,
2019-10-21,300,,
2019-10-21,301,,
2019-10-21,302,,
2019-10-21,303,,
2019-10-21,304,0.9,1
2019-10-21,305,,
2019-10-21,306,0.6,0.7
2019-10-21,307,,
2019-10-21,308,,
2019-10-21,309,,
2019-10-21,310,,
2019-10-21,311,,
2019-10-21,312,,
2019-10-21,313,,
2019-10-21,314,,
2019-10-21,315,,
2019-10-21,316,,
2019-10-21,317,0.25,0.35
2019-10-21,318,,
2019-10-21,319,,
2019-10-21,320,,
2019-10-21,321,,
2019-10-21,322,,
2019-10-21,323,,
2019-10-21,623,,
2019-10-21,624,,
2019-10-21,625,,
2019-10-21,626,,
2019-10-21,627,,
2019-10-21,628,,
2019-10-21,629,,
2019-10-21,630,,
2019-10-21,631,,
2019-10-21,632,,
2019-10-21,633,,
2019-10-21,634,,
2019-10-21,635,,
2019-10-21,636,,
2019-10-21,637,,
2019-10-21,638,,
2019-10-21,639,,
2019-10-21,640,,
2019-10-21,641,,
2019-10-21,642,,
2019-10-21,643,,
2019-10-21,644,,
2019-10-21,669,,
2019-10-21,670,,
2019-10-21,671,,
2019-10-21,672,218,220
2019-10-21,685,,
2019-10-21,722,,
2019-10-21,723,,
2019-10-21,724,,
2019-10-21,725,,
2019-10-21,726,,
2019-10-21,727,,
2019-10-21,731,6.35,6.45
2019-10-21,732,7.7,7.8
2019-10-21,733,8.55,8.65
2019-10-21,734,9,9.15
2019-10-21,735,7.5,8.5
2019-10-21,736,7.5,8
2019-10-21,737,2.5,3.1
2019-10-21,738,2.6,3.2
2019-10-21,740,,
2019-10-21,741,,
2019-10-21,747,,
2019-10-21,754,,
2019-10-21,755,,
2019-10-21,756,,
2019-10-21,757,,
2019-10-21,758,1.5,1.8
2019-10-21,759,,
2019-10-21,760,6.5,7.5
2019-10-21,761,1.6,2
2019-10-21,762,1.6,2
2019-10-21,763,1.7,2.1
2019-10-21,764,,
2019-10-21,765,6.5,8
2019-10-21,770,0.85,0.95
2019-10-21,771,6.5,7.5
2019-10-21,772,6.5,8
2019-10-21,773,1,1.1
2019-10-21,774,1.05,1.15
2019-10-21,775,1.1,1.2
2019-10-21,776,8,8.5
2019-10-25,328,0.27,0.33
2019-10-25,329,0.2,0.22
2019-10-25,331,0.37,0.41
2019-10-25,332,,
2019-10-25,333,2.5,2.55
2019-10-25,335,2.15,2.2
2019-10-25,336,,
2019-10-25,337,,
2019-10-25,340,,
2019-10-25,341,2.7,2.75
2019-10-25,342,2.8,2.85
2019-10-25,344,13.8,13.8
2019-10-25,345,11.7,11.7
2019-10-25,346,10.4,10.4
2019-10-25,347,8.6,8.6
2019-10-25,350,2.05,2.15
2019-10-25,351,2.05,2.15
2019-10-25,352,3.85,3.95
2019-10-25,353,4.3,4.4
2019-10-25,356,1.6,1.7
2019-10-25,357,1.9,2
2019-10-25,358,3.5,3.6
2019-10-25,361,4.5,4.6
2019-10-25,362,5.4,5.5
2019-10-25,363,5.4,5.5
2019-10-25,364,1.95,2.05
2019-10-25,365,1.5,1.6
2019-10-25,366,6.5,6.6
2019-10-25,367,2.5,2.6
2019-10-25,368,1.35,1.45
2019-10-25,369,6.5,6.6
2019-10-25,370,2.35,2.45
2019-10-25,371,1.35,1.45
2019-10-25,372,6.4,6.5
2019-10-25,674,1.07,1.09
2019-10-25,675,1.58,1.6
2019-10-25,676,2.05,2.15
2019-10-25,677,1.9,2
2019-10-25,678,2.5,2.6
2019-10-25,716,16.5,16.5
2019-10-25,717,14.4,14.4
2019-10-25,718,13.3,13.3
2019-10-25,719,10.5,10.5
2019-10-28,2,,
2019-10-28,3,,
2019-10-28,4,188,189
2019-10-28,5,179,180
2019-10-28,6,176,177
2019-10-28,7,278,280
2019-10-28,8,276,278
2019-10-28,9,187,188
2019-10-28,10,194,195
2019-10-28,11,,
2019-10-28,12,183,185
2019-10-28,13,167,168
2019-10-28,14,164,165
2019-10-28,15,170,171
2019-10-28,16,168,170
2019-10-28,17,,
2019-10-28,18,,
2019-10-28,19,160,162
2019-10-28,20,171,173
2019-10-28,21,176,180
2019-10-28,22,,
2019-10-28,23,400,405
2019-10-28,24,394,399
2019-10-28,25,274,276
2019-10-28,26,269,272
2019-10-28,27,465,466
2019-10-28,28,461,463
2019-10-28,29,447,448
2019-10-28,30,134,136
2019-10-28,31,138,140
2019-10-28,32,106,108
2019-10-28,33,141,153
2019-10-28,34,112,114
2019-10-28,35,177,179
2019-10-28,36,148,150
2019-10-28,37,110,111
2019-10-28,38,110,111
2019-10-28,39,258,259
2019-10-28,40,151,152
2019-10-28,41,730,735
2019-10-28,42,165,168
2019-10-28,43,162,164
2019-10-28,44,,
2019-10-28,45,,
2019-10-28,46,,
2019-10-28,47,195,196
2019-10-28,48,170,173
2019-10-28,50,360,410
2019-10-28,51,510,560
2019-10-28,53,930,980
2019-10-28,54,1220,1270
2019-10-28,55,310,340
2019-10-28,56,230,240
2019-10-28,58,115,120
2019-10-28,61,,
2019-10-28,62,,
2019-10-28,63,110,120
2019-10-28,64,,
2019-10-28,65,,
2019-10-28,66,,
2019-10-28,67,140,150
2019-10-28,68,,
2019-10-28,69,,
2019-10-28,70,,
2019-10-28,71,85,95
2019-10-28,73,336,338
2019-10-28,74,,
2019-10-28,75,342,345
2019-10-28,76,350,351
2019-10-28,77,350,351
2019-10-28,78,,
2019-10-28,79,,
2019-10-28,80,,
2019-10-28,81,245,260
2019-10-28,82,,
2019-10-28,83,650,655
2019-10-28,84,690,695
2019-10-28,85,650,655
2019-10-28,86,660,665
2019-10-28,87,695,700
2019-10-28,88,675,680
2019-10-28,89,1510,1520
2019-10-28,90,810,820
2019-10-28,91,860,870
2019-10-28,92,840,845
2019-10-28,93,,
2019-10-28,94,775,780
2019-10-28,95,755,760
2019-10-28,96,,
2019-10-28,97,,
2019-10-28,98,,
2019-10-28,100,,
2019-10-28,101,9,10.5
2019-10-28,102,10,11.5
2019-10-28,103,4.35,5.3
2019-10-28,104,2.25,2.4
2019-10-28,105,2.9,2.95
2019-10-28,106,2.1,2.15
2019-10-28,107,1.23,1.25
2019-10-28,108,271,275
2019-10-28,109,238,240
2019-10-28,110,380,405
2019-10-28,111,232,234
2019-10-28,112,229,230
2019-10-28,113,,
2019-10-28,114,215,219
2019-10-28,115,150,155
2019-10-28,116,,
2019-10-28,117,360,362
2019-10-28,118,310,314
2019-10-28,119,,
2019-10-28,120,305,308
2019-10-28,121,410,412
2019-10-28,122,320,322
2019-10-28,123,,
2019-10-28,124,315,318
2019-10-28,125,,
2019-10-28,126,225,235
2019-10-28,127,215,220
2019-10-28,128,200,205
2019-10-28,129,200,210
2019-10-28,130,155,160
2019-10-28,131,1500,1505
2019-10-28,132,630,635
2019-10-28,133,605,610
2019-10-28,134,765,770
2019-10-28,176,6,7
2019-10-28,177,11,12
2019-10-28,181,4.85,4.95
2019-10-28,182,5.15,5.25
2019-10-28,183,5.1,5.25
2019-10-28,184,5.9,6.1
2019-10-28,185,7,7.1
2019-10-28,186,9.4,9.55
2019-10-28,187,450,460
2019-10-28,188,430,440
2019-10-28,189,265,275
2019-10-28,190,1900,2050
2019-10-28,191,,
2019-10-28,192,,
2019-10-28,193,,
2019-10-28,194,,
2019-10-28,195,,
2019-10-28,196,,
2019-10-28,197,,
2019-10-28,198,,
2019-10-28,199,,
2019-10-28,202,,
2019-10-28,203,,
2019-10-28,204,,
2019-10-28,205,,
2019-10-28,206,,
2019-10-28,207,,
2019-10-28,208,,
2019-10-28,209,0.55,0.65
2019-10-28,210,,
2019-10-28,211,0.25,0.35
2019-10-28,212,0.25,0.35
2019-10-28,213,0.28,0.32
2019-10-28,214,,
2019-10-28,215,,
2019-10-28,216,,
2019-10-28,217,,
2019-10-28,218,,
2019-10-28,219,,
2019-10-28,220,0.7,0.75
2019-10-28,221,1.3,1.5
2019-10-28,222,,
2019-10-28,223,,
2019-10-28,224,,
2019-10-28,225,1.5,1.6
2019-10-28,226,,
2019-10-28,227,,
2019-10-28,228,,
2019-10-28,229,0.35,0.45
2019-10-28,230,,
2019-10-28,231,,
2019-10-28,232,0.4,0.5
2019-10-28,233,,
2019-10-28,234,,
2019-10-28,235,,
2019-10-28,236,0.45,0.55
2019-10-28,237,0.45,0.55
2019-10-28,238,0.4,0.45
2019-10-28,239,,
2019-10-28,240,,
2019-10-28,241,0.9,1
2019-10-28,242,,
2019-10-28,243,0.5,0.6
2019-10-28,244,,
2019-10-28,245,1.5,1.6
2019-10-28,246,0.7,0.8
2019-10-28,247,0.5,0.6
2019-10-28,248,,
2019-10-28,249,,
2019-10-28,250,0.35,0.45
2019-10-28,251,,
2019-10-28,252,2.3,2.7
2019-10-28,253,0.7,0.75
2019-10-28,254,,
2019-10-28,255,0.7,0.8
2019-10-28,256,0.5,0.55
2019-10-28,257,,
2019-10-28,258,0.55,0.65
2019-10-28,259,,
2019-10-28,260,1.8,2.2
2019-10-28,261,,
2019-10-28,262,,
2019-10-28,263,,
2019-10-28,264,,
2019-10-28,265,,
2019-10-28,266,,
2019-10-28,267,,
2019-10-28,268,,
2019-10-28,269,,
2019-10-28,270,,
2019-10-28,271,,
2019-10-28,272,,
2019-10-28,273,,
2019-10-28,274,,
2019-10-28,275,,
2019-10-28,276,0.35,0.4
2019-10-28,277,,
2019-10-28,278,0.7,0.75
2019-10-28,279,0.4,0.5
2019-10-28,280,0.2,0.25
2019-10-28,281,,
2019-10-28,282,0.25,0.35
2019-10-28,283,,
2019-10-28,284,0.3,0.35
2019-10-28,285,,
2019-10-28,286,,
2019-10-28,287,,
2019-10-28,288,,
2019-10-28,289,,
2019-10-28,290,,
2019-10-28,291,,
2019-10-28,292,,
2019-10-28,293,,
2019-10-28,294,,
2019-10-28,295,,
2019-10-28,296,,
2019-10-28,297,0.7,0.9
2019-10-28,298,,
2019-10-28,299,,
2019-10-28,300,,
2019-10-28,301,,
2019-10-28,302,,
2019-10-28,303,,
2019-10-28,304,0.9,1
2019-10-28,305,,
2019-10-28,306,0.6,0.7
2019-10-28,307,,
2019-10-28,308,,
2019-10-28,309,,
2019-10-28,310,,
2019-10-28,311,,
2019-10-28,312,,
2019-10-28,313,,
2019-10-28,314,,
2019-10-28,315,,
2019-10-28,316,,
2019-10-28,317,0.25,0.35
2019-10-28,318,,
2019-10-28,319,,
2019-10-28,320,,
2019-10-28,321,,
2019-10-28,322,,
2019-10-28,323,,
2019-10-28,670,,
2019-10-28,671,,
2019-10-28,672,218,220
2019-10-28,685,,
2019-10-28,727,,
2019-10-28,731,6.25,6.4
2019-10-28,732,7.6,7.75
2019-10-28,733,8.5,8.65
2019-10-28,734,8.95,9.15
2019-10-28,735,7.5,8.5
2019-10-28,736,7.5,8
2019-10-28,737,2.8,3.1
2019-10-28,738,2.8,3.2
2019-10-28,747,,
2019-10-28,758,1.5,1.8
2019-10-28,760,6.5,7.5
2019-10-28,761,1.6,2
2019-10-28,762,1.6,2
2019-10-28,763,1.7,2.1
2019-10-28,764,,
2019-10-28,765,6.5,8
2019-10-28,770,0.85,0.95
2019-10-28,771,6.5,7.5
2019-10-28,772,6.5,8
2019-10-28,773,1,1.1
2019-10-28,774,1.05,1.15
2019-10-28,775,1.1,1.2
2019-10-28,776,8,8.5
2019-10-28,777,7,7.5
2019-10-28,778,1,1.05
2019-10-28,779,1.45,1.55
2019-10-28,780,,
2019-10-28,781,,
2019-10-28,782,5.5,5.8
2019-10-28,783,0.8,0.9
2019-10-28,784,0.7,0.8
2019-10-28,785,4.3,4.8
2019-10-28,786,0.7,0.8
2019-10-28,788,,
2019-10-28,789,4,4.5
2019-10-28,790,2.5,3.1
2019-10-28,791,2.6,3.2
2019-10-30,4,187,188
2019-10-30,5,178,179
2019-10-30,6,175,176
2019-10-30,7,276.5,278.5
2019-10-30,8,279.5,281.5
2019-10-30,9,186,187
2019-10-30,10,193,194
2019-10-30,12,183,185
2019-10-30,13,167,168
2019-10-30,14,164,165
2019-10-30,15,170,171
2019-10-30,16,168.5,170
2019-10-30,19,160,162
2019-10-30,20,171,173
2019-10-30,21,176,179
2019-10-30,23,400,405
2019-10-30,24,394,399
2019-10-30,25,274,276
2019-10-30,26,269,272
2019-10-30,27,465,466
2019-10-30,28,461,463
2019-10-30,29,447,448
2019-10-30,30,132,134
2019-10-30,31,136,138
2019-10-30,32,104,106
2019-10-30,33,139,151
2019-10-30,34,110,112
2019-10-30,35,177,179
2019-10-30,36,148,150
2019-10-30,37,110,111
2019-10-30,38,110,111
2019-10-30,39,258,259
2019-10-30,40,151,152
2019-10-30,41,730,735
2019-10-30,42,166,168
2019-10-30,43,163,165
2019-10-30,47,195,196
2019-10-30,48,169.5,172.5
2019-10-30,50,355,405
2019-10-30,51,505,555
2019-10-30,53,920,970
2019-10-30,54,1210,1260
2019-10-30,55,305,335
2019-10-30,56,225,235
2019-10-30,58,115,120
2019-10-30,63,110,120
2019-10-30,67,140,150
2019-10-30,71,82.5,92.5
2019-10-30,73,336,338
2019-10-30,75,342,345
2019-10-30,76,351.5,352.5
2019-10-30,77,351.5,352.5
2019-10-30,81,245,257.5
2019-10-30,83,647.5,652.5
2019-10-30,84,687.5,692.5
2019-10-30,85,655,660
2019-10-30,86,652.5,657.5
2019-10-30,87,685,690
2019-10-30,88,665,670
2019-10-30,89,1510,1520
2019-10-30,90,800,810
2019-10-30,91,855,865
2019-10-30,92,840,845
2019-10-30,94,765,770
2019-10-30,95,745,750
2019-10-30,101,9,10.5
2019-10-30,102,10,11.5
2019-10-30,103,4.4,5.35
2019-10-30,104,2.25,2.4
2019-10-30,105,2.9,2.95
2019-10-30,106,2.15,2.2
2019-10-30,107,1.25,1.27
2019-10-30,108,271,275
2019-10-30,109,238,240
2019-10-30,110,387.5,407.5
2019-10-30,111,232,234
2019-10-30,112,229,230
2019-10-30,114,219,223
2019-10-30,115,152.5,157.5
2019-10-30,117,362.5,364.5
2019-10-30,118,312.5,316.5
2019-10-30,120,306.5,309.5
2019-10-30,121,412.5,414.5
2019-10-30,122,322.5,324.5
2019-10-30,124,315.5,318
2019-10-30,126,225,235
2019-10-30,127,215,220
2019-10-30,128,200,205
2019-10-30,129,200,210
2019-10-30,130,155,160
2019-10-30,131,1500,1505
2019-10-30,132,625,630
2019-10-30,133,600,605
2019-10-30,134,760,765
2019-10-30,176,6,7
2019-10-30,177,11,12
2019-10-30,181,4.85,4.95
2019-10-30,182,5.15,5.25
2019-10-30,183,5.1,5.25
2019-10-30,184,5.9,6.1
2019-10-30,185,7,7.1
2019-10-30,186,9.4,9.55
2019-10-30,187,452.5,462.5
2019-10-30,188,432.5,442.5
2019-10-30,189,270,280
2019-10-30,190,1900,2050
2019-10-30,209,0.55,0.65
2019-10-30,211,0.25,0.35
2019-10-30,212,0.25,0.35
2019-10-30,213,0.28,0.32
2019-10-30,220,0.7,0.75
2019-10-30,221,1.3,1.5
2019-10-30,225,1.5,1.6
2019-10-30,229,0.35,0.45
2019-10-30,232,0.4,0.5
2019-10-30,236,0.45,0.55
2019-10-30,237,0.45,0.55
2019-10-30,238,0.4,0.45
2019-10-30,241,0.9,1
2019-10-30,243,0.5,0.6
2019-10-30,245,1.5,1.6
2019-10-30,246,0.7,0.8
2019-10-30,247,0.5,0.6
2019-10-30,250,0.35,0.45
2019-10-30,252,2.3,2.7
2019-10-30,253,0.7,0.75
2019-10-30,255,0.7,0.8
2019-10-30,256,0.5,0.55
2019-10-30,258,0.55,0.65
2019-10-30,260,1.8,2.2
2019-10-30,276,0.35,0.4
2019-10-30,278,0.7,0.75
2019-10-30,279,0.4,0.5
2019-10-30,280,0.2,0.25
2019-10-30,282,0.25,0.35
2019-10-30,284,0.3,0.35
2019-10-30,297,0.7,0.9
2019-10-30,304,0.9,1
2019-10-30,306,0.6,0.7
2019-10-30,317,0.25,0.35
2019-10-30,328,0.27,0.33
2019-10-30,329,0.2,0.22
2019-10-30,331,0.37,0.41
2019-10-30,333,2.5,2.55
2019-10-30,335,2.15,2.2
2019-10-30,341,2.7,2.75
2019-10-30,342,2.8,2.85
2019-10-30,344,13.7,13.7
2019-10-30,345,11.6,11.6
2019-10-30,346,10.3,10.3
2019-10-30,347,8.5,8.5
2019-10-30,350,2.05,2.15
2019-10-30,351,2.05,2.15
2019-10-30,352,3.85,3.95
2019-10-30,353,4.3,4.4
2019-10-30,356,1.6,1.7
2019-10-30,357,1.88,1.98
2019-10-30,358,3.5,3.6
2019-10-30,361,4.5,4.6
2019-10-30,362,5.4,5.5
2019-10-30,363,5.4,5.5
2019-10-30,364,1.95,2.05
2019-10-30,365,1.5,1.6
2019-10-30,366,6.5,6.6
2019-10-30,367,2.5,2.6
2019-10-30,368,1.35,1.45
2019-10-30,369,6.5,6.6
2019-10-30,370,2.35,2.45
2019-10-30,371,1.35,1.45
2019-10-30,372,6.35,6.45
2019-10-30,672,218,220
2019-10-30,674,1.07,1.09
2019-10-30,675,1.58,1.6
2019-10-30,676,2.05,2.15
2019-10-30,677,1.88,1.98
2019-10-30,678,2.5,2.6
2019-10-30,716,16.4,16.4
2019-10-30,717,14.25,14.25
2019-10-30,718,13.15,13.15
2019-10-30,719,10.4,10.4
2019-10-30,731,6.3,6.43
2019-10-30,732,7.65,7.78
2019-10-30,733,8.53,8.65
2019-10-30,734,8.97,9.15
2019-10-30,735,7.5,8.5
2019-10-30,736,7.5,8
2019-10-30,737,2.65,3.1
2019-10-30,738,2.7,3.2
2019-10-30,758,1.5,1.8
2019-10-30,760,6.5,7.5
2019-10-30,761,1.6,2
2019-10-30,762,1.6,2
2019-10-30,763,1.7,2.1
2019-10-30,765,6.5,8
2019-10-30,770,0.85,0.95
2019-10-30,771,6.5,7.5
2019-10-30,772,6.5,8
2019-10-30,773,1,1.1
2019-10-30,774,1.05,1.15
2019-10-30,775,1.1,1.2
2019-10-30,776,8,8.5
2019-10-30,777,7,7.5
2019-10-30,778,1,1.05
2019-10-30,779,1.45,1.55
2019-10-30,782,5.5,5.8
2019-10-30,783,0.8,0.9
2019-10-30,784,0.7,0.8
2019-10-30,785,4.3,4.8
2019-10-30,786,0.7,0.8
2019-10-30,789,4,4.5
2019-10-30,790,2.5,3.1
2019-10-30,791,2.6,3.2
2019-11-04,2,,
2019-11-04,3,,
2019-11-04,4,190,191
2019-11-04,5,181,182
2019-11-04,6,178,179
2019-11-04,7,278,280
2019-11-04,8,275,276
2019-11-04,9,190,191
2019-11-04,10,196,197
2019-11-04,11,,
2019-11-04,12,183,185
2019-11-04,13,167,168
2019-11-04,14,164,165
2019-11-04,15,170,171
2019-11-04,16,168,170
2019-11-04,17,,
2019-11-04,18,,
2019-11-04,19,160,162
2019-11-04,20,171,173
2019-11-04,21,176,180
2019-11-04,22,,
2019-11-04,23,400,405
2019-11-04,24,394,399
2019-11-04,25,274,276
2019-11-04,26,269,272
2019-11-04,27,465,466
2019-11-04,28,461,463
2019-11-04,29,447,448
2019-11-04,30,142,144
2019-11-04,31,146,148
2019-11-04,32,114,116
2019-11-04,33,149,161
2019-11-04,34,120,122
2019-11-04,35,177,179
2019-11-04,36,148,150
2019-11-04,37,119,120
2019-11-04,38,119,120
2019-11-04,39,258,259
2019-11-04,40,151,152
2019-11-04,41,730,735
2019-11-04,42,165,168
2019-11-04,43,162,164
2019-11-04,44,,
2019-11-04,45,,
2019-11-04,46,,
2019-11-04,47,194,195
2019-11-04,48,172,175
2019-11-04,50,380,430
2019-11-04,51,520,570
2019-11-04,53,970,1020
2019-11-04,54,1250,1300
2019-11-04,55,315,345
2019-11-04,56,235,245
2019-11-04,58,115,120
2019-11-04,61,,
2019-11-04,62,,
2019-11-04,63,110,120
2019-11-04,64,,
2019-11-04,65,,
2019-11-04,66,,
2019-11-04,67,140,150
2019-11-04,68,,
2019-11-04,69,,
2019-11-04,70,,
2019-11-04,71,85,95
2019-11-04,73,337,339
2019-11-04,74,,
2019-11-04,75,343,345
2019-11-04,76,350,351
2019-11-04,77,350,351
2019-11-04,78,,
2019-11-04,79,,
2019-11-04,80,,
2019-11-04,81,245,260
2019-11-04,82,,
2019-11-04,83,650,655
2019-11-04,84,690,695
2019-11-04,85,650,655
2019-11-04,86,670,675
2019-11-04,87,705,710
2019-11-04,88,685,690
2019-11-04,89,1510,1520
2019-11-04,90,810,820
2019-11-04,91,860,870
2019-11-04,92,840,845
2019-11-04,93,,
2019-11-04,94,785,790
2019-11-04,95,765,770
2019-11-04,96,,
2019-11-04,97,,
2019-11-04,98,,
2019-11-04,100,0.65,0.8
2019-11-04,101,9,10.5
2019-11-04,102,10,11.5
2019-11-04,103,4.35,5.3
2019-11-04,104,2.25,2.4
2019-11-04,105,2.9,2.95
2019-11-04,106,2.1,2.15
2019-11-04,107,1.23,1.25
2019-11-04,108,271,275
2019-11-04,109,238,240
2019-11-04,110,380,405
2019-11-04,111,232,234
2019-11-04,112,229,230
2019-11-04,113,,
2019-11-04,114,213,217
2019-11-04,115,150,158
2019-11-04,116,,
2019-11-04,117,358,360
2019-11-04,118,310,312
2019-11-04,119,,
2019-11-04,120,305,308
2019-11-04,121,408,410
2019-11-04,122,315,320
2019-11-04,123,,
2019-11-04,124,315,320
2019-11-04,125,,
2019-11-04,126,225,235
2019-11-04,127,215,220
2019-11-04,128,200,205
2019-11-04,129,200,210
2019-11-04,130,155,160
2019-11-04,131,1500,1505
2019-11-04,132,640,645
2019-11-04,133,615,620
2019-11-04,134,775,780
2019-11-04,176,6,7
2019-11-04,177,11,12
2019-11-04,181,4.8,4.9
2019-11-04,182,5.1,5.2
2019-11-04,183,5.1,5.25
2019-11-04,184,5.9,6.1
2019-11-04,185,7,7.1
2019-11-04,186,9.4,9.55
2019-11-04,187,445,455
2019-11-04,188,425,430
2019-11-04,189,265,275
2019-11-04,190,1850,2050
2019-11-04,191,,
2019-11-04,192,,
2019-11-04,193,,
2019-11-04,194,,
2019-11-04,195,,
2019-11-04,196,,
2019-11-04,197,,
2019-11-04,198,,
2019-11-04,199,,
2019-11-04,202,,
2019-11-04,203,,
2019-11-04,204,,
2019-11-04,205,,
2019-11-04,206,,
2019-11-04,207,,
2019-11-04,208,,
2019-11-04,209,0.55,0.65
2019-11-04,210,,
2019-11-04,211,0.25,0.35
2019-11-04,212,0.25,0.35
2019-11-04,213,0.3,0.4
2019-11-04,214,,
2019-11-04,215,,
2019-11-04,216,,
2019-11-04,217,,
2019-11-04,218,,
2019-11-04,219,,
2019-11-04,220,0.7,0.75
2019-11-04,221,1.3,1.5
2019-11-04,222,,
2019-11-04,223,,
2019-11-04,224,,
2019-11-04,225,1.5,1.6
2019-11-04,226,,
2019-11-04,227,,
2019-11-04,228,,
2019-11-04,229,0.3,0.4
2019-11-04,230,,
2019-11-04,231,,
2019-11-04,232,0.3,0.4
2019-11-04,233,,
2019-11-04,234,,
2019-11-04,235,,
2019-11-04,236,0.45,0.55
2019-11-04,237,0.45,0.55
2019-11-04,238,0.4,0.45
2019-11-04,239,,
2019-11-04,240,,
2019-11-04,241,0.9,1
2019-11-04,242,,
2019-11-04,243,0.5,0.6
2019-11-04,244,,
2019-11-04,245,1.5,1.6
2019-11-04,246,0.7,0.8
2019-11-04,247,0.4,0.5
2019-11-04,248,,
2019-11-04,249,,
2019-11-04,250,0.3,0.45
2019-11-04,251,,
2019-11-04,252,2.3,2.7
2019-11-04,253,0.7,0.75
2019-11-04,254,,
2019-11-04,255,0.7,0.8
2019-11-04,256,0.5,0.55
2019-11-04,257,,
2019-11-04,258,0.6,0.7
2019-11-04,259,,
2019-11-04,260,1.8,2.2
2019-11-04,261,,
2019-11-04,262,,
2019-11-04,263,,
2019-11-04,264,,
2019-11-04,265,,
2019-11-04,266,,
2019-11-04,267,,
2019-11-04,268,,
2019-11-04,269,,
2019-11-04,270,,
2019-11-04,271,,
2019-11-04,272,,
2019-11-04,273,,
2019-11-04,274,,
2019-11-04,275,,
2019-11-04,276,0.35,0.4
2019-11-04,277,,
2019-11-04,278,0.7,0.75
2019-11-04,279,0.4,0.5
2019-11-04,280,0.2,0.25
2019-11-04,281,,
2019-11-04,282,0.25,0.35
2019-11-04,283,,
2019-11-04,284,0.3,0.35
2019-11-04,285,,
2019-11-04,286,,
2019-11-04,287,,
2019-11-04,288,,
2019-11-04,289,,
2019-11-04,290,,
2019-11-04,291,,
2019-11-04,292,,
2019-11-04,293,,
2019-11-04,294,,
2019-11-04,295,,
2019-11-04,296,,
2019-11-04,297,0.7,0.9
2019-11-04,298,,
2019-11-04,299,,
2019-11-04,300,,
2019-11-04,301,,
2019-11-04,302,,
2019-11-04,303,,
2019-11-04,304,0.9,1
2019-11-04,305,,
2019-11-04,306,0.6,0.7
2019-11-04,307,,
2019-11-04,308,,
2019-11-04,309,,
2019-11-04,310,,
2019-11-04,311,,
2019-11-04,312,,
2019-11-04,313,,
2019-11-04,314,,
2019-11-04,315,,
2019-11-04,316,,
2019-11-04,317,0.25,0.35
2019-11-04,318,,
2019-11-04,319,,
2019-11-04,320,,
2019-11-04,321,,
2019-11-04,322,,
2019-11-04,323,,
2019-11-04,670,,
2019-11-04,671,,
2019-11-04,672,218,220
2019-11-04,685,,
2019-11-04,727,,
2019-11-04,731,6.1,6.25
2019-11-04,732,7.45,7.6
2019-11-04,733,8.35,8.5
2019-11-04,734,8.8,9
2019-11-04,735,7.5,8.5
2019-11-04,736,7.5,8
2019-11-04,737,2.8,3.1
2019-11-04,738,2.8,3.2
2019-11-04,747,,
2019-11-04,758,1.5,1.8
2019-11-04,760,6.5,7.5
2019-11-04,761,1.6,2
2019-11-04,762,1.6,2
2019-11-04,763,1.7,2.1
2019-11-04,764,,
2019-11-04,765,6.5,8
2019-11-04,770,0.85,0.95
2019-11-04,771,6.5,7.5
2019-11-04,772,6.5,8
2019-11-04,773,1,1.1
2019-11-04,774,1.05,1.15
2019-11-04,775,1.1,1.2
2019-11-04,776,8,8.5
2019-11-04,777,7,7.5
2019-11-04,778,1,1.05
2019-11-04,779,1.45,1.55
2019-11-04,780,,
2019-11-04,781,,
2019-11-04,782,5.5,5.8
2019-11-04,783,0.8,0.9
2019-11-04,784,0.7,0.8
2019-11-04,785,4.3,4.8
2019-11-04,786,0.7,0.8
2019-11-04,788,,
2019-11-04,789,4,4.5
2019-11-04,790,2.5,3.1
2019-11-04,791,2.6,3.2
2019-11-04,792,5,5.5
2019-11-04,793,1.2,1.6
2019-11-04,794,0.8,0.9
2019-11-08,328,0.27,0.33
2019-11-08,329,0.2,0.22
2019-11-08,331,0.39,0.43
2019-11-08,332,4.2,4.4
2019-11-08,333,2.5,2.55
2019-11-08,335,2.25,2.3
2019-11-08,336,2.8,2.9
2019-11-08,337,2.5,2.6
2019-11-08,340,3.6,3.7
2019-11-08,341,2.75,2.8
2019-11-08,342,2.85,2.9
2019-11-08,344,13.9,13.9
2019-11-08,345,11.8,11.8
2019-11-08,346,10.5,10.5
2019-11-08,347,8.7,8.7
2019-11-08,350,2.05,2.15
2019-11-08,351,2.05,2.15
2019-11-08,352,4,4.1
2019-11-08,353,4.5,4.6
2019-11-08,356,1.7,1.8
2019-11-08,357,2,2.1
2019-11-08,358,3.65,3.75
2019-11-08,361,4.5,4.6
2019-11-08,362,5.4,5.5
2019-11-08,363,5.4,5.5
2019-11-08,364,1.95,2.05
2019-11-08,365,1.5,1.6
2019-11-08,366,6.5,6.6
2019-11-08,367,2.5,2.6
2019-11-08,368,1.35,1.45
2019-11-08,369,6.5,6.6
2019-11-08,370,2.35,2.45
2019-11-08,371,1.35,1.45
2019-11-08,372,6.4,6.5
2019-11-08,674,1.07,1.09
2019-11-08,675,1.58,1.6
2019-11-08,676,2.05,2.15
2019-11-08,677,2,2.1
2019-11-08,678,2.5,2.6
2019-11-08,716,16.7,16.7
2019-11-08,717,14.6,14.6
2019-11-08,718,13.5,13.5
2019-11-08,719,10.7,10.7
2019-11-11,2,,
2019-11-11,3,,
2019-11-11,4,190,191
2019-11-11,5,184,185
2019-11-11,6,181,182
2019-11-11,7,268,270
2019-11-11,8,274,275
2019-11-11,9,192,193
2019-11-11,10,196,197
2019-11-11,11,,
2019-11-11,12,183,185
2019-11-11,13,167,168
2019-11-11,14,164,165
2019-11-11,15,172,173
2019-11-11,16,167,169
2019-11-11,17,,
2019-11-11,18,,
2019-11-11,19,160,162
2019-11-11,20,171,173
2019-11-11,21,176,180
2019-11-11,22,,
2019-11-11,23,400,405
2019-11-11,24,394,399
2019-11-11,25,274,276
2019-11-11,26,269,272
2019-11-11,27,465,466
2019-11-11,28,461,463
2019-11-11,29,447,448
2019-11-11,30,150,152
2019-11-11,31,154,156
2019-11-11,32,122,124
2019-11-11,33,157,169
2019-11-11,34,128,130
2019-11-11,35,177,179
2019-11-11,36,148,150
2019-11-11,37,127,128
2019-11-11,38,127,128
2019-11-11,39,258,259
2019-11-11,40,151,152
2019-11-11,41,725,730
2019-11-11,42,165,168
2019-11-11,43,162,164
2019-11-11,44,,
2019-11-11,45,,
2019-11-11,46,,
2019-11-11,47,194,195
2019-11-11,48,177,180
2019-11-11,50,390,440
2019-11-11,51,530,580
2019-11-11,53,990,1040
2019-11-11,54,1270,1320
2019-11-11,55,315,345
2019-11-11,56,235,245
2019-11-11,58,115,120
2019-11-11,61,,
2019-11-11,62,,
2019-11-11,63,110,120
2019-11-11,64,,
2019-11-11,65,,
2019-11-11,66,,
2019-11-11,67,145,155
2019-11-11,68,,
2019-11-11,69,,
2019-11-11,70,,
2019-11-11,71,85,95
2019-11-11,73,337,339
2019-11-11,74,,
2019-11-11,75,341,343
2019-11-11,76,350,351
2019-11-11,77,350,351
2019-11-11,78,,
2019-11-11,79,,
2019-11-11,80,,
2019-11-11,81,245,260
2019-11-11,82,,
2019-11-11,83,670,675
2019-11-11,84,710,715
2019-11-11,85,650,655
2019-11-11,86,695,700
2019-11-11,87,720,725
2019-11-11,88,700,705
2019-11-11,89,1510,1520
2019-11-11,90,850,860
2019-11-11,91,900,910
2019-11-11,92,840,845
2019-11-11,93,,
2019-11-11,94,800,805
2019-11-11,95,780,785
2019-11-11,96,,
2019-11-11,97,,
2019-11-11,98,,
2019-11-11,100,0.65,0.8
2019-11-11,101,9,10.5
2019-11-11,102,10,11.5
2019-11-11,103,4.1,5.2
2019-11-11,104,2.25,2.4
2019-11-11,105,2.9,2.95
2019-11-11,106,2.05,2.1
2019-11-11,107,1.21,1.23
2019-11-11,108,271,275
2019-11-11,109,238,240
2019-11-11,110,380,405
2019-11-11,111,232,234
2019-11-11,112,229,230
2019-11-11,113,,
2019-11-11,114,213,217
2019-11-11,115,150,158
2019-11-11,116,,
2019-11-11,117,363,365
2019-11-11,118,315,319
2019-11-11,119,,
2019-11-11,120,312,315
2019-11-11,121,413,415
2019-11-11,122,325,328
2019-11-11,123,,
2019-11-11,124,322,325
2019-11-11,125,,
2019-11-11,126,225,235
2019-11-11,127,215,220
2019-11-11,128,200,205
2019-11-11,129,200,210
2019-11-11,130,155,160
2019-11-11,131,1510,1515
2019-11-11,132,650,655
2019-11-11,133,625,630
2019-11-11,134,785,790
2019-11-11,176,6,7
2019-11-11,177,11,12
2019-11-11,181,4.8,4.9
2019-11-11,182,5.1,5.2
2019-11-11,183,5.1,5.25
2019-11-11,184,5.9,6.1
2019-11-11,185,7,7.1
2019-11-11,186,9.4,9.55
2019-11-11,187,445,455
2019-11-11,188,425,430
2019-11-11,189,270,280
2019-11-11,190,1850,2050
2019-11-11,191,,
2019-11-11,192,,
2019-11-11,193,,
2019-11-11,194,,
2019-11-11,195,,
2019-11-11,196,,
2019-11-11,197,,
2019-11-11,198,,
2019-11-11,199,,
2019-11-11,202,,
2019-11-11,203,,
2019-11-11,204,,
2019-11-11,205,,
2019-11-11,206,,
2019-11-11,207,,
2019-11-11,208,,
2019-11-11,209,0.4,0.45
2019-11-11,210,,
2019-11-11,211,0.25,0.35
2019-11-11,212,0.25,0.35
2019-11-11,213,,
2019-11-11,214,,
2019-11-11,215,,
2019-11-11,216,,
2019-11-11,217,,
2019-11-11,218,,
2019-11-11,219,,
2019-11-11,220,0.7,0.75
2019-11-11,221,1.3,1.5
2019-11-11,222,,
2019-11-11,223,,
2019-11-11,224,,
2019-11-11,225,1.5,1.6
2019-11-11,226,,
2019-11-11,227,,
2019-11-11,228,,
2019-11-11,229,0.35,0.4
2019-11-11,230,,
2019-11-11,231,,
2019-11-11,232,0.3,0.4
2019-11-11,233,,
2019-11-11,234,,
2019-11-11,235,,
2019-11-11,236,0.45,0.55
2019-11-11,237,0.45,0.55
2019-11-11,238,0.4,0.45
2019-11-11,239,,
2019-11-11,240,,
2019-11-11,241,0.9,1
2019-11-11,242,,
2019-11-11,243,,
2019-11-11,244,,
2019-11-11,245,,
2019-11-11,246,0.55,0.6
2019-11-11,247,0.35,0.4
2019-11-11,248,,
2019-11-11,249,,
2019-11-11,250,0.3,0.4
2019-11-11,251,,
2019-11-11,252,,
2019-11-11,253,0.7,0.75
2019-11-11,254,,
2019-11-11,255,0.7,0.8
2019-11-11,256,0.5,0.55
2019-11-11,257,,
2019-11-11,258,0.7,0.8
2019-11-11,259,,
2019-11-11,260,1.8,2.2
2019-11-11,261,,
2019-11-11,262,,
2019-11-11,263,,
2019-11-11,264,,
2019-11-11,265,,
2019-11-11,266,,
2019-11-11,267,,
2019-11-11,268,,
2019-11-11,269,,
2019-11-11,270,3,3.2
2019-11-11,271,,
2019-11-11,272,,
2019-11-11,273,,
2019-11-11,274,,
2019-11-11,275,,
2019-11-11,276,0.3,0.35
2019-11-11,277,,
2019-11-11,278,0.7,0.75
2019-11-11,279,0.4,0.5
2019-11-11,280,0.2,0.25
2019-11-11,281,,
2019-11-11,282,0.25,0.35
2019-11-11,283,,
2019-11-11,284,0.3,0.35
2019-11-11,285,,
2019-11-11,286,,
2019-11-11,287,,
2019-11-11,288,,
2019-11-11,289,,
2019-11-11,290,,
2019-11-11,291,,
2019-11-11,292,,
2019-11-11,293,,
2019-11-11,294,,
2019-11-11,295,,
2019-11-11,296,,
2019-11-11,297,0.7,0.9
2019-11-11,298,,
2019-11-11,299,,
2019-11-11,300,,
2019-11-11,301,,
2019-11-11,302,,
2019-11-11,303,,
2019-11-11,304,0.9,1
2019-11-11,305,,
2019-11-11,306,0.6,0.7
2019-11-11,307,,
2019-11-11,308,,
2019-11-11,309,,
2019-11-11,310,,
2019-11-11,311,,
2019-11-11,312,,
2019-11-11,313,,
2019-11-11,314,,
2019-11-11,315,,
2019-11-11,316,,
2019-11-11,317,0.25,0.35
2019-11-11,318,,
2019-11-11,319,,
2019-11-11,320,,
2019-11-11,321,,
2019-11-11,322,,
2019-11-11,323,,
2019-11-11,670,,
2019-11-11,671,,
2019-11-11,672,218,220
2019-11-11,685,,
2019-11-11,727,,
2019-11-11,731,6.05,6.2
2019-11-11,732,7.4,7.55
2019-11-11,733,8.35,8.5
2019-11-11,734,8.8,9
2019-11-11,735,7.5,8.5
2019-11-11,736,7.5,8
2019-11-11,737,2.8,3.1
2019-11-11,738,2.8,3.2
2019-11-11,747,,
2019-11-11,758,1.5,1.8
2019-11-11,760,6.5,7.5
2019-11-11,761,1.6,2
2019-11-11,762,1.6,2
2019-11-11,763,1.7,2.1
2019-11-11,764,,
2019-11-11,765,6.5,8
2019-11-11,770,0.85,0.95
2019-11-11,771,6.5,7.5
2019-11-11,772,6.5,8
2019-11-11,773,1,1.1
2019-11-11,774,1.05,1.15
2019-11-11,775,1.1,1.2
2019-11-11,776,8,8.5
2019-11-11,777,7,7.5
2019-11-11,778,1,1.05
2019-11-11,779,1.45,1.55
2019-11-11,780,,
2019-11-11,781,,
2019-11-11,782,5.5,5.8
2019-11-11,783,0.8,0.9
2019-11-11,784,0.7,0.8
2019-11-11,785,4.3,4.8
2019-11-11,786,0.7,0.8
2019-11-11,788,,
2019-11-11,789,4,4.5
2019-11-11,790,2.5,3.1
2019-11-11,791,2.6,3.2
2019-11-11,792,5,5.5
2019-11-11,793,1.2,1.6
2019-11-11,794,0.8,0.9
2019-11-15,4,190,191
2019-11-15,5,182.5,183.5
2019-11-15,6,179.5,180.5
2019-11-15,7,273,275
2019-11-15,8,274.5,275.5
2019-11-15,9,191,192
2019-11-15,10,196,197
2019-11-15,12,183,185
2019-11-15,13,167,168
2019-11-15,14,164,165
2019-11-15,15,171,172
2019-11-15,16,167.5,169.5
2019-11-15,19,160,162
2019-11-15,20,171,173
2019-11-15,21,176,180
2019-11-15,23,400,405
2019-11-15,24,394,399
2019-11-15,25,274,276
2019-11-15,26,269,272
2019-11-15,27,465,466
2019-11-15,28,461,463
2019-11-15,29,447,448
2019-11-15,30,146,148
2019-11-15,31,150,152
2019-11-15,32,118,120
2019-11-15,33,153,165
2019-11-15,34,124,126
2019-11-15,35,177,179
2019-11-15,36,148,150
2019-11-15,37,123,124
2019-11-15,38,123,124
2019-11-15,39,258,259
2019-11-15,40,151,152
2019-11-15,41,727.5,732.5
2019-11-15,42,165,168
2019-11-15,43,162,164
2019-11-15,47,194,195
2019-11-15,48,174.5,177.5
2019-11-15,50,385,435
2019-11-15,51,525,575
2019-11-15,53,980,1030
2019-11-15,54,1260,1310
2019-11-15,55,315,345
2019-11-15,56,235,245
2019-11-15,58,115,120
2019-11-15,63,110,120
2019-11-15,67,142.5,152.5
2019-11-15,71,85,95
2019-11-15,73,337,339
2019-11-15,75,342,344
2019-11-15,76,350,351
2019-11-15,77,350,351
2019-11-15,81,245,260
2019-11-15,83,660,665
2019-11-15,84,700,705
2019-11-15,85,650,655
2019-11-15,86,682.5,687.5
2019-11-15,87,712.5,717.5
2019-11-15,88,692.5,697.5
2019-11-15,89,1510,1520
2019-11-15,90,830,840
2019-11-15,91,880,890
2019-11-15,92,840,845
2019-11-15,94,792.5,797.5
2019-11-15,95,772.5,777.5
2019-11-15,100,0.65,0.8
2019-11-15,101,9,10.5
2019-11-15,102,10,11.5
2019-11-15,103,4.22,5.25
2019-11-15,104,2.25,2.4
2019-11-15,105,2.9,2.95
2019-11-15,106,2.08,2.12
2019-11-15,107,1.22,1.24
2019-11-15,108,271,275
2019-11-15,109,238,240
2019-11-15,110,380,405
2019-11-15,111,232,234
2019-11-15,112,229,230
2019-11-15,114,213,217
2019-11-15,115,150,158
2019-11-15,117,360.5,362.5
2019-11-15,118,312.5,315.5
2019-11-15,120,308.5,311.5
2019-11-15,121,410.5,412.5
2019-11-15,122,320,324
2019-11-15,124,318.5,322.5
2019-11-15,126,225,235
2019-11-15,127,215,220
2019-11-15,128,200,205
2019-11-15,129,200,210
2019-11-15,130,155,160
2019-11-15,131,1505,1510
2019-11-15,132,645,650
2019-11-15,133,620,625
2019-11-15,134,780,785
2019-11-15,176,6,7
2019-11-15,177,11,12
2019-11-15,181,4.8,4.9
2019-11-15,182,5.1,5.2
2019-11-15,183,5.1,5.25
2019-11-15,184,5.9,6.1
2019-11-15,185,7,7.1
2019-11-15,186,9.4,9.55
2019-11-15,187,445,455
2019-11-15,188,425,430
2019-11-15,189,267.5,277.5
2019-11-15,190,1850,2050
2019-11-15,209,0.48,0.55
2019-11-15,211,0.25,0.35
2019-11-15,212,0.25,0.35
2019-11-15,213,0.3,0.4
2019-11-15,220,0.7,0.75
2019-11-15,221,1.3,1.5
2019-11-15,225,1.5,1.6
2019-11-15,229,0.32,0.4
2019-11-15,232,0.3,0.4
2019-11-15,236,0.45,0.55
2019-11-15,237,0.45,0.55
2019-11-15,238,0.4,0.45
2019-11-15,241,0.9,1
2019-11-15,243,0.5,0.6
2019-11-15,245,1.5,1.6
2019-11-15,246,0.62,0.7
2019-11-15,247,0.38,0.45
2019-11-15,250,0.3,0.43
2019-11-15,252,2.3,2.7
2019-11-15,253,0.7,0.75
2019-11-15,255,0.7,0.8
2019-11-15,256,0.5,0.55
2019-11-15,258,0.65,0.75
2019-11-15,260,1.8,2.2
2019-11-15,270,3,3.2
2019-11-15,276,0.32,0.38
2019-11-15,278,0.7,0.75
2019-11-15,279,0.4,0.5
2019-11-15,280,0.2,0.25
2019-11-15,282,0.25,0.35
2019-11-15,284,0.3,0.35
2019-11-15,297,0.7,0.9
2019-11-15,304,0.9,1
2019-11-15,306,0.6,0.7
2019-11-15,317,0.25,0.35
2019-11-15,328,0.27,0.33
2019-11-15,329,0.2,0.22
2019-11-15,331,0.39,0.43
2019-11-15,332,4.2,4.4
2019-11-15,333,2.5,2.55
2019-11-15,335,2.25,2.3
2019-11-15,336,2.8,2.9
2019-11-15,337,2.5,2.6
2019-11-15,340,3.6,3.7
2019-11-15,341,2.75,2.8
2019-11-15,342,2.85,2.9
2019-11-15,344,13.9,13.9
2019-11-15,345,11.8,11.8
2019-11-15,346,10.5,10.5
2019-11-15,347,8.7,8.7
2019-11-15,350,1.85,1.95
2019-11-15,351,1.85,1.95
2019-11-15,352,4,4.1
2019-11-15,353,4.5,4.6
2019-11-15,356,1.7,1.8
2019-11-15,357,2,2.1
2019-11-15,358,3.7,3.8
2019-11-15,361,4.5,4.6
2019-11-15,362,5.4,5.5
2019-11-15,363,4.8,4.9
2019-11-15,364,1.8,1.9
2019-11-15,365,1.5,1.6
2019-11-15,366,6.5,6.6
2019-11-15,367,2.5,2.6
2019-11-15,368,1.35,1.45
2019-11-15,369,6.5,6.6
2019-11-15,370,2.35,2.45
2019-11-15,371,1.35,1.45
2019-11-15,372,6.4,6.5
2019-11-15,672,218,220
2019-11-15,674,0.95,0.97
2019-11-15,675,1.58,1.6
2019-11-15,676,1.85,1.95
2019-11-15,677,2,2.1
2019-11-15,678,2.5,2.6
2019-11-15,716,16.7,16.7
2019-11-15,717,14.6,14.6
2019-11-15,718,13.5,13.5
2019-11-15,719,10.7,10.7
2019-11-15,731,6.07,6.22
2019-11-15,732,7.43,7.57
2019-11-15,733,8.35,8.5
2019-11-15,734,8.8,9
2019-11-15,735,7.5,8.5
2019-11-15,736,7.5,8
2019-11-15,737,2.8,3.1
2019-11-15,738,2.8,3.2
2019-11-15,758,1.5,1.8
2019-11-15,760,6.5,7.5
2019-11-15,761,1.6,2
2019-11-15,762,1.6,2
2019-11-15,763,1.7,2.1
2019-11-15,765,6.5,8
2019-11-15,770,0.85,0.95
2019-11-15,771,6.5,7.5
2019-11-15,772,6.5,8
2019-11-15,773,1,1.1
2019-11-15,774,1.05,1.15
2019-11-15,775,1.1,1.2
2019-11-15,776,8,8.5
2019-11-15,777,7,7.5
2019-11-15,778,1,1.05
2019-11-15,779,1.45,1.55
2019-11-15,782,5.5,5.8
2019-11-15,783,0.8,0.9
2019-11-15,784,0.7,0.8
2019-11-15,785,4.3,4.8
2019-11-15,786,0.7,0.8
2019-11-15,789,4,4.5
2019-11-15,790,2.5,3.1
2019-11-15,791,2.6,3.2
2019-11-15,792,5,5.5
2019-11-15,793,1.2,1.6
2019-11-15,794,0.8,0.9
2019-11-18,2,,
2019-11-18,3,,
2019-11-18,4,190,191
2019-11-18,5,184,185
2019-11-18,6,181,182
2019-11-18,7,265,267
2019-11-18,8,270,271
2019-11-18,9,191,192
2019-11-18,10,196,197
2019-11-18,11,,
2019-11-18,12,183,185
2019-11-18,13,167,168
2019-11-18,14,164,165
2019-11-18,15,171,172
2019-11-18,16,166,168
2019-11-18,17,,
2019-11-18,18,,
2019-11-18,19,160,162
2019-11-18,20,173,175
2019-11-18,21,178,182
2019-11-18,22,,
2019-11-18,23,400,405
2019-11-18,24,394,399
2019-11-18,25,274,276
2019-11-18,26,269,272
2019-11-18,27,465,466
2019-11-18,28,461,463
2019-11-18,29,447,448
2019-11-18,30,154,156
2019-11-18,31,158,160
2019-11-18,32,126,128
2019-11-18,33,161,173
2019-11-18,34,132,134
2019-11-18,35,180,182
2019-11-18,36,151,153
2019-11-18,37,131,132
2019-11-18,38,131,132
2019-11-18,39,258,259
2019-11-18,40,151,152
2019-11-18,41,725,730
2019-11-18,42,165,168
2019-11-18,43,162,164
2019-11-18,44,,
2019-11-18,45,,
2019-11-18,46,,
2019-11-18,47,194,195
2019-11-18,48,177,180
2019-11-18,50,390,440
2019-11-18,51,530,580
2019-11-18,53,990,1040
2019-11-18,54,1270,1320
2019-11-18,55,320,350
2019-11-18,56,240,250
2019-11-18,58,115,120
2019-11-18,61,,
2019-11-18,62,,
2019-11-18,63,110,120
2019-11-18,64,,
2019-11-18,65,,
2019-11-18,66,,
2019-11-18,67,145,155
2019-11-18,68,,
2019-11-18,69,,
2019-11-18,70,,
2019-11-18,71,85,95
2019-11-18,73,338,340
2019-11-18,74,,
2019-11-18,75,341,343
2019-11-18,76,350,351
2019-11-18,77,350,351
2019-11-18,78,,
2019-11-18,79,,
2019-11-18,80,,
2019-11-18,81,245,260
2019-11-18,82,,
2019-11-18,83,670,675
2019-11-18,84,710,715
2019-11-18,85,660,665
2019-11-18,86,705,710
2019-11-18,87,720,725
2019-11-18,88,700,705
2019-11-18,89,1500,1510
2019-11-18,90,850,860
2019-11-18,91,900,910
2019-11-18,92,850,855
2019-11-18,93,,
2019-11-18,94,800,805
2019-11-18,95,780,785
2019-11-18,96,,
2019-11-18,97,,
2019-11-18,98,,
2019-11-18,100,0.65,0.8
2019-11-18,101,9,10.5
2019-11-18,102,10,11.5
2019-11-18,103,4.1,5.2
2019-11-18,104,2.25,2.4
2019-11-18,105,2.9,2.95
2019-11-18,106,2.05,2.1
2019-11-18,107,1.21,1.23
2019-11-18,108,271,275
2019-11-18,109,238,240
2019-11-18,110,380,405
2019-11-18,111,232,234
2019-11-18,112,229,230
2019-11-18,113,,
2019-11-18,114,215,217
2019-11-18,115,150,158
2019-11-18,116,,
2019-11-18,117,366,368
2019-11-18,118,318,322
2019-11-18,119,,
2019-11-18,120,319,321
2019-11-18,121,416,418
2019-11-18,122,328,331
2019-11-18,123,,
2019-11-18,124,324,333
2019-11-18,125,,
2019-11-18,126,225,235
2019-11-18,127,215,220
2019-11-18,128,200,205
2019-11-18,129,200,210
2019-11-18,130,155,160
2019-11-18,131,1520,1525
2019-11-18,132,660,665
2019-11-18,133,635,640
2019-11-18,134,795,800
2019-11-18,176,6,7
2019-11-18,177,11,12
2019-11-18,181,4.8,4.9
2019-11-18,182,5.1,5.2
2019-11-18,183,5.1,5.25
2019-11-18,184,5.9,6.1
2019-11-18,185,7,7.1
2019-11-18,186,9.4,9.55
2019-11-18,187,445,455
2019-11-18,188,430,440
2019-11-18,189,280,290
2019-11-18,190,1950,2100
2019-11-18,191,,
2019-11-18,192,,
2019-11-18,193,,
2019-11-18,194,,
2019-11-18,195,,
2019-11-18,196,,
2019-11-18,197,,
2019-11-18,198,,
2019-11-18,199,,
2019-11-18,202,,
2019-11-18,203,,
2019-11-18,204,,
2019-11-18,205,,
2019-11-18,206,,
2019-11-18,207,,
2019-11-18,208,,
2019-11-18,209,0.45,0.55
2019-11-18,210,,
2019-11-18,211,0.25,0.35
2019-11-18,212,0.25,0.35
2019-11-18,213,,
2019-11-18,214,,
2019-11-18,215,,
2019-11-18,216,,
2019-11-18,217,,
2019-11-18,218,,
2019-11-18,219,,
2019-11-18,220,,
2019-11-18,221,1.3,1.5
2019-11-18,222,,
2019-11-18,223,,
2019-11-18,224,,
2019-11-18,225,1.5,1.6
2019-11-18,226,,
2019-11-18,227,,
2019-11-18,228,,
2019-11-18,229,0.4,0.45
2019-11-18,230,,
2019-11-18,231,,
2019-11-18,232,0.3,0.4
2019-11-18,233,,
2019-11-18,234,,
2019-11-18,235,,
2019-11-18,236,0.4,0.45
2019-11-18,237,0.4,0.45
2019-11-18,238,0.3,0.32
2019-11-18,239,,
2019-11-18,240,,
2019-11-18,241,0.9,1
2019-11-18,242,,
2019-11-18,243,,
2019-11-18,244,,
2019-11-18,245,,
2019-11-18,246,0.55,0.6
2019-11-18,247,0.35,0.4
2019-11-18,248,,
2019-11-18,249,,
2019-11-18,250,0.3,0.35
2019-11-18,251,,
2019-11-18,252,,
2019-11-18,253,0.7,0.75
2019-11-18,254,,
2019-11-18,255,0.7,0.8
2019-11-18,256,0.5,0.55
2019-11-18,257,,
2019-11-18,258,0.85,1
2019-11-18,259,,
2019-11-18,260,,
2019-11-18,261,,
2019-11-18,262,,
2019-11-18,263,,
2019-11-18,264,,
2019-11-18,265,,
2019-11-18,266,,
2019-11-18,267,,
2019-11-18,268,,
2019-11-18,269,,
2019-11-18,270,,
2019-11-18,271,,
2019-11-18,272,,
2019-11-18,273,,
2019-11-18,274,,
2019-11-18,275,,
2019-11-18,276,0.3,0.35
2019-11-18,277,,
2019-11-18,278,0.7,0.75
2019-11-18,279,0.4,0.5
2019-11-18,280,0.2,0.25
2019-11-18,281,,
2019-11-18,282,0.25,0.35
2019-11-18,283,,
2019-11-18,284,0.3,0.35
2019-11-18,285,,
2019-11-18,286,,
2019-11-18,287,,
2019-11-18,288,,
2019-11-18,289,,
2019-11-18,290,,
2019-11-18,291,,
2019-11-18,292,,
2019-11-18,293,,
2019-11-18,294,,
2019-11-18,295,,
2019-11-18,296,,
2019-11-18,297,0.7,0.9
2019-11-18,298,,
2019-11-18,299,,
2019-11-18,300,,
2019-11-18,301,,
2019-11-18,302,,
2019-11-18,303,,
2019-11-18,304,,
2019-11-18,305,,
2019-11-18,306,0.6,0.7
2019-11-18,307,,
2019-11-18,308,,
2019-11-18,309,,
2019-11-18,310,,
2019-11-18,311,,
2019-11-18,312,,
2019-11-18,313,,
2019-11-18,314,,
2019-11-18,315,,
2019-11-18,316,,
2019-11-18,317,0.25,0.35
2019-11-18,318,,
2019-11-18,319,,
2019-11-18,320,,
2019-11-18,321,,
2019-11-18,322,,
2019-11-18,323,,
2019-11-18,670,,
2019-11-18,671,,
2019-11-18,672,218,220
2019-11-18,685,,
2019-11-18,727,,
2019-11-18,731,6,6.15
2019-11-18,732,7.3,7.45
2019-11-18,733,8.35,8.5
2019-11-18,734,8.8,9
2019-11-18,735,7.5,8.5
2019-11-18,736,7.5,8
2019-11-18,737,2.8,3.1
2019-11-18,738,2.8,3.2
2019-11-18,747,,
2019-11-18,758,1.5,1.8
2019-11-18,760,6.5,7.5
2019-11-18,761,1.6,2
2019-11-18,762,1.6,2
2019-11-18,763,1.7,2.1
2019-11-18,764,,
2019-11-18,765,6.5,8
2019-11-18,770,0.85,0.95
2019-11-18,771,6.5,7.5
2019-11-18,772,6.5,8
2019-11-18,773,1,1.1
2019-11-18,774,1.05,1.15
2019-11-18,775,1.1,1.2
2019-11-18,776,8,8.5
2019-11-18,777,7,7.5
2019-11-18,778,1,1.05
2019-11-18,779,1.45,1.55
2019-11-18,780,,
2019-11-18,781,,
2019-11-18,782,5.5,5.8
2019-11-18,783,0.8,0.9
2019-11-18,784,0.7,0.8
2019-11-18,785,4.3,4.8
2019-11-18,786,0.7,0.8
2019-11-18,788,,
2019-11-18,789,4,4.5
2019-11-18,790,2.5,3.1
2019-11-18,791,2.6,3.2
2019-11-18,792,5,5.5
2019-11-18,793,1.2,1.6
2019-11-18,794,0.8,0.9
2019-11-18,795,,
2019-11-18,796,,
2019-11-22,328,0.27,0.33
2019-11-22,329,0.2,0.22
2019-11-22,331,0.39,0.43
2019-11-22,332,4.2,4.4
2019-11-22,333,2.55,2.6
2019-11-22,335,2.3,2.35
2019-11-22,336,2.8,2.9
2019-11-22,337,2.5,2.6
2019-11-22,340,3.6,3.7
2019-11-22,341,2.75,2.8
2019-11-22,342,2.85,2.9
2019-11-22,344,14,14
2019-11-22,345,11.9,11.9
2019-11-22,346,10.6,10.6
2019-11-22,347,8.8,8.8
2019-11-22,350,1.75,1.85
2019-11-22,351,1.65,1.75
2019-11-22,352,4,4.1
2019-11-22,353,4.5,4.6
2019-11-22,356,1.7,1.8
2019-11-22,357,2,2.1
2019-11-22,358,3.7,3.8
2019-11-22,361,4.6,4.7
2019-11-22,362,5.5,5.6
2019-11-22,363,4.4,4.5
2019-11-22,364,1.7,1.8
2019-11-22,365,1.5,1.6
2019-11-22,366,6.5,6.6
2019-11-22,367,2.5,2.6
2019-11-22,368,1.35,1.45
2019-11-22,369,6.5,6.6
2019-11-22,370,2.35,2.45
2019-11-22,371,1.35,1.45
2019-11-22,372,6.4,6.5
2019-11-22,674,0.85,0.87
2019-11-22,675,1.58,1.6
2019-11-22,676,1.65,1.75
2019-11-22,677,2,2.1
2019-11-22,678,2.5,2.6
2019-11-22,716,16.8,16.8
2019-11-22,717,14.7,14.7
2019-11-22,718,13.6,13.6
2019-11-22,719,10.8,10.8
2019-11-25,2,,
2019-11-25,3,,
2019-11-25,4,190,191
2019-11-25,5,184,185
2019-11-25,6,181,182
2019-11-25,7,265,267
2019-11-25,8,270,271
2019-11-25,9,191,192
2019-11-25,10,196,197
2019-11-25,11,,
2019-11-25,12,183,185
2019-11-25,13,167,168
2019-11-25,14,164,165
2019-11-25,15,171,172
2019-11-25,16,166,168
2019-11-25,17,,
2019-11-25,18,,
2019-11-25,19,160,162
2019-11-25,20,173,175
2019-11-25,21,178,182
2019-11-25,22,,
2019-11-25,23,400,405
2019-11-25,24,394,399
2019-11-25,25,274,276
2019-11-25,26,269,272
2019-11-25,27,465,466
2019-11-25,28,461,463
2019-11-25,29,447,448
2019-11-25,30,159,161
2019-11-25,31,163,165
2019-11-25,32,131,133
2019-11-25,33,166,178
2019-11-25,34,137,139
2019-11-25,35,182,184
2019-11-25,36,153,155
2019-11-25,37,137,138
2019-11-25,38,137,138
2019-11-25,39,258,259
2019-11-25,40,151,152
2019-11-25,41,720,725
2019-11-25,42,165,168
2019-11-25,43,164,166
2019-11-25,44,,
2019-11-25,45,,
2019-11-25,46,,
2019-11-25,47,194,195
2019-11-25,48,177,180
2019-11-25,50,390,440
2019-11-25,51,530,580
2019-11-25,53,990,1040
2019-11-25,54,1270,1320
2019-11-25,55,325,355
2019-11-25,56,240,250
2019-11-25,58,115,120
2019-11-25,61,,
2019-11-25,62,,
2019-11-25,63,110,120
2019-11-25,64,,
2019-11-25,65,,
2019-11-25,66,,
2019-11-25,67,145,155
2019-11-25,68,,
2019-11-25,69,,
2019-11-25,70,,
2019-11-25,71,85,95
2019-11-25,73,338,340
2019-11-25,74,,
2019-11-25,75,340,343
2019-11-25,76,350,351
2019-11-25,77,350,351
2019-11-25,78,,
2019-11-25,79,,
2019-11-25,80,,
2019-11-25,81,245,260
2019-11-25,82,,
2019-11-25,83,680,685
2019-11-25,84,720,725
2019-11-25,85,660,665
2019-11-25,86,720,725
2019-11-25,87,720,725
2019-11-25,88,700,705
2019-11-25,89,1550,1560
2019-11-25,90,860,870
2019-11-25,91,910,920
2019-11-25,92,850,855
2019-11-25,93,,
2019-11-25,94,800,805
2019-11-25,95,780,785
2019-11-25,96,,
2019-11-25,97,,
2019-11-25,98,,
2019-11-25,100,0.6,0.75
2019-11-25,101,9,10.5
2019-11-25,102,10,11.5
2019-11-25,103,4.1,5.2
2019-11-25,104,2.2,2.35
2019-11-25,105,2.9,2.95
2019-11-25,106,2.05,2.1
2019-11-25,107,1.21,1.23
2019-11-25,108,271,275
2019-11-25,109,238,240
2019-11-25,110,380,405
2019-11-25,111,234,236
2019-11-25,112,234,235
2019-11-25,113,,
2019-11-25,114,214,216
2019-11-25,115,150,158
2019-11-25,116,,
2019-11-25,117,362,364
2019-11-25,118,318,322
2019-11-25,119,,
2019-11-25,120,319,321
2019-11-25,121,412,414
2019-11-25,122,328,331
2019-11-25,123,,
2019-11-25,124,324,333
2019-11-25,125,,
2019-11-25,126,225,235
2019-11-25,127,215,220
2019-11-25,128,200,205
2019-11-25,129,200,210
2019-11-25,130,155,160
2019-11-25,131,1520,1525
2019-11-25,132,665,670
2019-11-25,133,640,645
2019-11-25,134,800,805
2019-11-25,176,6,7
2019-11-25,177,11,12
2019-11-25,181,4.78,4.88
2019-11-25,182,5.08,5.18
2019-11-25,183,5.1,5.25
2019-11-25,184,5.9,6.1
2019-11-25,185,7,7.1
2019-11-25,186,9.4,9.55
2019-11-25,187,445,455
2019-11-25,188,430,440
2019-11-25,189,285,295
2019-11-25,190,2000,2100
2019-11-25,191,,
2019-11-25,192,,
2019-11-25,193,,
2019-11-25,194,,
2019-11-25,195,,
2019-11-25,196,,
2019-11-25,197,,
2019-11-25,198,,
2019-11-25,199,,
2019-11-25,202,,
2019-11-25,203,,
2019-11-25,204,,
2019-11-25,205,,
2019-11-25,206,,
2019-11-25,207,,
2019-11-25,208,,
2019-11-25,209,,
2019-11-25,210,0.8,0.9
2019-11-25,211,0.25,0.35
2019-11-25,212,0.25,0.35
2019-11-25,213,,
2019-11-25,214,,
2019-11-25,215,,
2019-11-25,216,,
2019-11-25,217,,
2019-11-25,218,,
2019-11-25,219,,
2019-11-25,220,,
2019-11-25,221,1.5,1.8
2019-11-25,222,,
2019-11-25,223,,
2019-11-25,224,,
2019-11-25,225,1.5,1.6
2019-11-25,226,,
2019-11-25,227,,
2019-11-25,228,,
2019-11-25,229,0.45,0.5
2019-11-25,230,,
2019-11-25,231,,
2019-11-25,232,,
2019-11-25,233,,
2019-11-25,234,,
2019-11-25,235,,
2019-11-25,236,,
2019-11-25,237,,
2019-11-25,238,0.2,0.25
2019-11-25,239,,
2019-11-25,240,,
2019-11-25,241,,
2019-11-25,242,,
2019-11-25,243,,
2019-11-25,244,,
2019-11-25,245,,
2019-11-25,246,0.6,0.65
2019-11-25,247,0.35,0.4
2019-11-25,248,,
2019-11-25,249,,
2019-11-25,250,0.3,0.35
2019-11-25,251,,
2019-11-25,252,,
2019-11-25,253,0.7,0.75
2019-11-25,254,,
2019-11-25,255,0.7,0.8
2019-11-25,256,0.5,0.55
2019-11-25,257,,
2019-11-25,258,,
2019-11-25,259,,
2019-11-25,260,,
2019-11-25,261,,
2019-11-25,262,,
2019-11-25,263,,
2019-11-25,264,,
2019-11-25,265,,
2019-11-25,266,,
2019-11-25,267,,
2019-11-25,268,,
2019-11-25,269,,
2019-11-25,270,,
2019-11-25,271,,
2019-11-25,272,,
2019-11-25,273,,
2019-11-25,274,,
2019-11-25,275,,
2019-11-25,276,,
2019-11-25,277,,
2019-11-25,278,0.7,0.75
2019-11-25,279,0.4,0.5
2019-11-25,280,0.2,0.25
2019-11-25,281,,
2019-11-25,282,0.25,0.35
2019-11-25,283,,
2019-11-25,284,0.3,0.35
2019-11-25,285,,
2019-11-25,286,,
2019-11-25,287,,
2019-11-25,288,,
2019-11-25,289,,
2019-11-25,290,,
2019-11-25,291,,
2019-11-25,292,,
2019-11-25,293,,
2019-11-25,294,,
2019-11-25,295,,
2019-11-25,296,,
2019-11-25,297,0.7,0.9
2019-11-25,298,,
2019-11-25,299,,
2019-11-25,300,,
2019-11-25,301,,
2019-11-25,302,,
2019-11-25,303,,
2019-11-25,304,,
2019-11-25,305,,
2019-11-25,306,0.6,0.7
2019-11-25,307,,
2019-11-25,308,,
2019-11-25,309,,
2019-11-25,310,,
2019-11-25,311,,
2019-11-25,312,,
2019-11-25,313,,
2019-11-25,314,,
2019-11-25,315,,
2019-11-25,316,,
2019-11-25,317,0.25,0.35
2019-11-25,318,,
2019-11-25,319,,
2019-11-25,320,,
2019-11-25,321,,
2019-11-25,322,,
2019-11-25,323,,
2019-11-25,670,1.1,1.4
2019-11-25,671,,
2019-11-25,672,223,225
2019-11-25,685,,
2019-11-25,727,,
2019-11-25,731,5.95,6.1
2019-11-25,732,7.25,7.4
2019-11-25,733,8.35,8.5
2019-11-25,734,8.8,9
2019-11-25,735,7.5,8.5
2019-11-25,736,7.5,8
2019-11-25,737,2.8,3.1
2019-11-25,738,2.8,3.2
2019-11-25,747,,
2019-11-25,758,1.5,1.8
2019-11-25,760,6.5,7.5
2019-11-25,761,1.6,2
2019-11-25,762,1.6,2
2019-11-25,763,1.7,2.1
2019-11-25,764,,
2019-11-25,765,6.5,8
2019-11-25,770,0.85,0.95
2019-11-25,771,6.5,7.5
2019-11-25,772,6.5,8
2019-11-25,773,1,1.1
2019-11-25,774,1.05,1.15
2019-11-25,775,1.1,1.2
2019-11-25,776,8,8.5
2019-11-25,777,7,7.5
2019-11-25,778,1,1.05
2019-11-25,779,1.45,1.55
2019-11-25,780,,
2019-11-25,781,,
2019-11-25,782,5.5,5.8
2019-11-25,783,0.8,0.9
2019-11-25,784,0.7,0.8
2019-11-25,785,4.3,4.8
2019-11-25,786,0.7,0.8
2019-11-25,788,,
2019-11-25,789,4,4.5
2019-11-25,790,2.5,3.1
2019-11-25,791,2.6,3.2
2019-11-25,792,5,5.5
2019-11-25,793,1.2,1.6
2019-11-25,794,0.8,0.9
2019-11-25,795,,
2019-11-25,796,,
2019-11-29,328,0.27,0.33
2019-11-29,329,0.2,0.22
2019-11-29,331,0.39,0.43
2019-11-29,332,4.2,4.4
2019-11-29,333,2.55,2.6
2019-11-29,335,2.3,2.35
2019-11-29,336,2.8,2.9
2019-11-29,337,2.5,2.6
2019-11-29,340,3.6,3.7
2019-11-29,341,2.75,2.8
2019-11-29,342,2.85,2.9
2019-11-29,344,14,14
2019-11-29,345,11.9,11.9
2019-11-29,346,10.6,10.6
2019-11-29,347,8.8,8.8
2019-11-29,350,1.7,1.8
2019-11-29,351,1.6,1.7
2019-11-29,352,4,4.1
2019-11-29,353,4.5,4.6
2019-11-29,356,1.7,1.8
2019-11-29,357,2,2.1
2019-11-29,358,3.7,3.8
2019-11-29,361,4.6,4.7
2019-11-29,362,5.5,5.6
2019-11-29,363,4.2,4.3
2019-11-29,364,1.65,1.75
2019-11-29,365,1.5,1.6
2019-11-29,366,6.5,6.6
2019-11-29,367,2.5,2.6
2019-11-29,368,1.35,1.45
2019-11-29,369,6.5,6.6
2019-11-29,370,2.35,2.45
2019-11-29,371,1.35,1.45
2019-11-29,372,6.4,6.5
2019-11-29,674,0.85,0.87
2019-11-29,675,1.58,1.6
2019-11-29,676,1.6,1.7
2019-11-29,677,2,2.1
2019-11-29,678,2.5,2.6
2019-11-29,716,16.8,16.8
2019-11-29,717,14.7,14.7
2019-11-29,718,13.6,13.6
2019-11-29,719,10.8,10.8
2019-11-30,4,190,191
2019-11-30,5,184,185
2019-11-30,6,181,182
2019-11-30,7,265,267
2019-11-30,8,270,271
2019-11-30,9,191,192
2019-11-30,10,196,197
2019-11-30,12,183,185
2019-11-30,13,167,168
2019-11-30,14,164,165
2019-11-30,15,171,172
2019-11-30,16,166,168
2019-11-30,19,160,162
2019-11-30,20,173,175
2019-11-30,21,178,182
2019-11-30,23,400,405
2019-11-30,24,394,399
2019-11-30,25,274,276
2019-11-30,26,269,272
2019-11-30,27,465,466
2019-11-30,28,461,463
2019-11-30,29,447,448
2019-11-30,30,156.5,158.5
2019-11-30,31,160.5,162.5
2019-11-30,32,128.5,130.5
2019-11-30,33,163.5,175.5
2019-11-30,34,134.5,136.5
2019-11-30,35,181,183
2019-11-30,36,152,154
2019-11-30,37,134,135
2019-11-30,38,134,135
2019-11-30,39,258,259
2019-11-30,40,151,152
2019-11-30,41,722.5,727.5
2019-11-30,42,165,168
2019-11-30,43,163,165
2019-11-30,47,194,195
2019-11-30,48,177,180
2019-11-30,50,390,440
2019-11-30,51,530,580
2019-11-30,53,990,1040
2019-11-30,54,1270,1320
2019-11-30,55,322.5,352.5
2019-11-30,56,240,250
2019-11-30,58,115,120
2019-11-30,63,110,120
2019-11-30,67,145,155
2019-11-30,71,85,95
2019-11-30,73,338,340
2019-11-30,75,340.5,343
2019-11-30,76,350,351
2019-11-30,77,350,351
2019-11-30,81,245,260
2019-11-30,83,675,680
2019-11-30,84,715,720
2019-11-30,85,660,665
2019-11-30,86,712.5,717.5
2019-11-30,87,720,725
2019-11-30,88,700,705
2019-11-30,89,1525,1535
2019-11-30,90,855,865
2019-11-30,91,905,915
2019-11-30,92,850,855
2019-11-30,94,800,805
2019-11-30,95,780,785
2019-11-30,100,0.62,0.78
2019-11-30,101,9,10.5
2019-11-30,102,10,11.5
2019-11-30,103,4.1,5.2
2019-11-30,104,2.23,2.38
2019-11-30,105,2.9,2.95
2019-11-30,106,2.05,2.1
2019-11-30,107,1.21,1.23
2019-11-30,108,271,275
2019-11-30,109,238,240
2019-11-30,110,380,405
2019-11-30,111,233,235
2019-11-30,112,231.5,232.5
2019-11-30,114,214.5,216.5
2019-11-30,115,150,158
2019-11-30,117,364,366
2019-11-30,118,318,322
2019-11-30,120,319,321
2019-11-30,121,414,416
2019-11-30,122,328,331
2019-11-30,124,324,333
2019-11-30,126,225,235
2019-11-30,127,215,220
2019-11-30,128,200,205
2019-11-30,129,200,210
2019-11-30,130,155,160
2019-11-30,131,1520,1525
2019-11-30,132,662.5,667.5
2019-11-30,133,637.5,642.5
2019-11-30,134,797.5,802.5
2019-11-30,176,6,7
2019-11-30,177,11,12
2019-11-30,181,4.79,4.89
2019-11-30,182,5.09,5.19
2019-11-30,183,5.1,5.25
2019-11-30,184,5.9,6.1
2019-11-30,185,7,7.1
2019-11-30,186,9.4,9.55
2019-11-30,187,445,455
2019-11-30,188,430,440
2019-11-30,189,282.5,292.5
2019-11-30,190,1975,2100
2019-11-30,209,0.45,0.55
2019-11-30,210,0.8,0.9
2019-11-30,211,0.25,0.35
2019-11-30,212,0.25,0.35
2019-11-30,221,1.4,1.65
2019-11-30,225,1.5,1.6
2019-11-30,229,0.43,0.47
2019-11-30,232,0.3,0.4
2019-11-30,236,0.4,0.45
2019-11-30,237,0.4,0.45
2019-11-30,238,0.25,0.29
2019-11-30,241,0.9,1
2019-11-30,246,0.57,0.62
2019-11-30,247,0.35,0.4
2019-11-30,250,0.3,0.35
2019-11-30,253,0.7,0.75
2019-11-30,255,0.7,0.8
2019-11-30,256,0.5,0.55
2019-11-30,258,0.85,1
2019-11-30,276,0.3,0.35
2019-11-30,278,0.7,0.75
2019-11-30,279,0.4,0.5
2019-11-30,280,0.2,0.25
2019-11-30,282,0.25,0.35
2019-11-30,284,0.3,0.35
2019-11-30,297,0.7,0.9
2019-11-30,306,0.6,0.7
2019-11-30,317,0.25,0.35
2019-11-30,328,0.27,0.33
2019-11-30,329,0.2,0.22
2019-11-30,331,0.39,0.43
2019-11-30,332,4.2,4.4
2019-11-30,333,2.55,2.6
2019-11-30,335,2.3,2.35
2019-11-30,336,2.8,2.9
2019-11-30,337,2.5,2.6
2019-11-30,340,3.6,3.7
2019-11-30,341,2.75,2.8
2019-11-30,342,2.85,2.9
2019-11-30,344,14,14
2019-11-30,345,11.9,11.9
2019-11-30,346,10.6,10.6
2019-11-30,347,8.8,8.8
2019-11-30,350,1.73,1.83
2019-11-30,351,1.62,1.73
2019-11-30,352,4,4.1
2019-11-30,353,4.5,4.6
2019-11-30,356,1.7,1.8
2019-11-30,357,2,2.1
2019-11-30,358,3.7,3.8
2019-11-30,361,4.6,4.7
2019-11-30,362,5.5,5.6
2019-11-30,363,4.3,4.4
2019-11-30,364,1.67,1.77
2019-11-30,365,1.5,1.6
2019-11-30,366,6.5,6.6
2019-11-30,367,2.5,2.6
2019-11-30,368,1.35,1.45
2019-11-30,369,6.5,6.6
2019-11-30,370,2.35,2.45
2019-11-30,371,1.35,1.45
2019-11-30,372,6.4,6.5
2019-11-30,670,1.1,1.4
2019-11-30,672,220.5,222.5
2019-11-30,674,0.85,0.87
2019-11-30,675,1.58,1.6
2019-11-30,676,1.62,1.73
2019-11-30,677,2,2.1
2019-11-30,678,2.5,2.6
2019-11-30,716,16.8,16.8
2019-11-30,717,14.7,14.7
2019-11-30,718,13.6,13.6
2019-11-30,719,10.8,10.8
2019-11-30,731,5.97,6.12
2019-11-30,732,7.28,7.43
2019-11-30,733,8.35,8.5
2019-11-30,734,8.8,9
2019-11-30,735,7.5,8.5
2019-11-30,736,7.5,8
2019-11-30,737,2.8,3.1
2019-11-30,738,2.8,3.2
2019-11-30,758,1.5,1.8
2019-11-30,760,6.5,7.5
2019-11-30,761,1.6,2
2019-11-30,762,1.6,2
2019-11-30,763,1.7,2.1
2019-11-30,765,6.5,8
2019-11-30,770,0.85,0.95
2019-11-30,771,6.5,7.5
2019-11-30,772,6.5,8
2019-11-30,773,1,1.1
2019-11-30,774,1.05,1.15
2019-11-30,775,1.1,1.2
2019-11-30,776,8,8.5
2019-11-30,777,7,7.5
2019-11-30,778,1,1.05
2019-11-30,779,1.45,1.55
2019-11-30,782,5.5,5.8
2019-11-30,783,0.8,0.9
2019-11-30,784,0.7,0.8
2019-11-30,785,4.3,4.8
2019-11-30,786,0.7,0.8
2019-11-30,789,4,4.5
2019-11-30,790,2.5,3.1
2019-11-30,791,2.6,3.2
2019-11-30,792,5,5.5
2019-11-30,793,1.2,1.6
2019-11-30,794,0.8,0.9
2019-12-02,2,,
2019-12-02,3,,
2019-12-02,4,193,194
2019-12-02,5,188,189
2019-12-02,6,185,186
2019-12-02,7,270,272
2019-12-02,8,275,276
2019-12-02,9,195,196
2019-12-02,10,199,200
2019-12-02,11,,
2019-12-02,12,183,185
2019-12-02,13,167,168
2019-12-02,14,164,165
2019-12-02,15,171,172
2019-12-02,16,166,168
2019-12-02,17,,
2019-12-02,18,,
2019-12-02,19,160,162
2019-12-02,20,173,175
2019-12-02,21,178,182
2019-12-02,22,,
2019-12-02,23,400,405
2019-12-02,24,394,399
2019-12-02,25,274,276
2019-12-02,26,269,272
2019-12-02,27,465,466
2019-12-02,28,461,463
2019-12-02,29,447,448
2019-12-02,30,161,163
2019-12-02,31,165,167
2019-12-02,32,133,135
2019-12-02,33,168,180
2019-12-02,34,139,141
2019-12-02,35,182,184
2019-12-02,36,153,155
2019-12-02,37,139,140
2019-12-02,38,139,140
2019-12-02,39,258,259
2019-12-02,40,151,152
2019-12-02,41,720,725
2019-12-02,42,165,168
2019-12-02,43,164,166
2019-12-02,44,,
2019-12-02,45,,
2019-12-02,46,,
2019-12-02,47,194,195
2019-12-02,48,177,180
2019-12-02,50,390,440
2019-12-02,51,530,580
2019-12-02,53,990,1040
2019-12-02,54,1270,1320
2019-12-02,55,330,360
2019-12-02,56,240,250
2019-12-02,58,115,120
2019-12-02,61,,
2019-12-02,62,,
2019-12-02,63,105,115
2019-12-02,64,,
2019-12-02,65,,
2019-12-02,66,,
2019-12-02,67,140,150
2019-12-02,68,,
2019-12-02,69,,
2019-12-02,70,,
2019-12-02,71,85,95
2019-12-02,73,338,340
2019-12-02,74,,
2019-12-02,75,340,343
2019-12-02,76,354,355
2019-12-02,77,354,355
2019-12-02,78,,
2019-12-02,79,,
2019-12-02,80,,
2019-12-02,81,245,260
2019-12-02,82,,
2019-12-02,83,690,695
2019-12-02,84,730,735
2019-12-02,85,660,665
2019-12-02,86,730,735
2019-12-02,87,720,725
2019-12-02,88,700,705
2019-12-02,89,1590,1600
2019-12-02,90,870,880
2019-12-02,91,920,930
2019-12-02,92,850,855
2019-12-02,93,,
2019-12-02,94,800,805
2019-12-02,95,780,785
2019-12-02,96,,
2019-12-02,97,,
2019-12-02,98,,
2019-12-02,100,0.6,0.75
2019-12-02,101,9,10.5
2019-12-02,102,10,11.5
2019-12-02,103,4.1,5.2
2019-12-02,104,2.2,2.35
2019-12-02,105,2.9,2.95
2019-12-02,106,2.05,2.1
2019-12-02,107,1.2,1.22
2019-12-02,108,271,275
2019-12-02,109,238,240
2019-12-02,110,380,405
2019-12-02,111,234,236
2019-12-02,112,234,235
2019-12-02,113,,
2019-12-02,114,215,217
2019-12-02,115,147,155
2019-12-02,116,,
2019-12-02,117,359,361
2019-12-02,118,315,319
2019-12-02,119,,
2019-12-02,120,315,317
2019-12-02,121,409,411
2019-12-02,122,325,328
2019-12-02,123,,
2019-12-02,124,321,327
2019-12-02,125,,
2019-12-02,126,225,235
2019-12-02,127,215,220
2019-12-02,128,200,205
2019-12-02,129,200,210
2019-12-02,130,155,160
2019-12-02,131,1530,1535
2019-12-02,132,680,685
2019-12-02,133,655,660
2019-12-02,134,815,820
2019-12-02,176,6,7
2019-12-02,177,11,12
2019-12-02,181,4.78,4.88
2019-12-02,182,5.08,5.18
2019-12-02,183,5.1,5.25
2019-12-02,184,5.9,6.1
2019-12-02,185,7,7.1
2019-12-02,186,9.4,9.55
2019-12-02,187,445,455
2019-12-02,188,425,435
2019-12-02,189,280,290
2019-12-02,190,1900,2050
2019-12-02,191,,
2019-12-02,192,,
2019-12-02,193,,
2019-12-02,194,,
2019-12-02,195,,
2019-12-02,196,,
2019-12-02,197,,
2019-12-02,198,,
2019-12-02,199,,
2019-12-02,202,,
2019-12-02,203,,
2019-12-02,204,,
2019-12-02,205,,
2019-12-02,206,,
2019-12-02,207,,
2019-12-02,208,,
2019-12-02,209,,
2019-12-02,210,0.7,0.9
2019-12-02,211,0.25,0.35
2019-12-02,212,0.25,0.3
2019-12-02,213,,
2019-12-02,214,,
2019-12-02,215,,
2019-12-02,216,,
2019-12-02,217,,
2019-12-02,218,,
2019-12-02,219,,
2019-12-02,220,,
2019-12-02,221,,
2019-12-02,222,,
2019-12-02,223,,
2019-12-02,224,,
2019-12-02,225,1.5,1.6
2019-12-02,226,,
2019-12-02,227,,
2019-12-02,228,,
2019-12-02,229,0.5,0.55
2019-12-02,230,,
2019-12-02,231,,
2019-12-02,232,,
2019-12-02,233,,
2019-12-02,234,,
2019-12-02,235,,
2019-12-02,236,,
2019-12-02,237,,
2019-12-02,238,,
2019-12-02,239,,
2019-12-02,240,,
2019-12-02,241,,
2019-12-02,242,,
2019-12-02,243,,
2019-12-02,244,,
2019-12-02,245,,
2019-12-02,246,0.6,0.65
2019-12-02,247,0.35,0.4
2019-12-02,248,0.4,0.45
2019-12-02,249,0.65,0.75
2019-12-02,250,0.3,0.35
2019-12-02,251,,
2019-12-02,252,,
2019-12-02,253,0.7,0.75
2019-12-02,254,,
2019-12-02,255,0.75,0.85
2019-12-02,256,0.5,0.55
2019-12-02,257,,
2019-12-02,258,,
2019-12-02,259,,
2019-12-02,260,,
2019-12-02,261,,
2019-12-02,262,,
2019-12-02,263,,
2019-12-02,264,,
2019-12-02,265,,
2019-12-02,266,,
2019-12-02,267,,
2019-12-02,268,,
2019-12-02,269,,
2019-12-02,270,,
2019-12-02,271,,
2019-12-02,272,,
2019-12-02,273,,
2019-12-02,274,,
2019-12-02,275,,
2019-12-02,276,,
2019-12-02,277,,
2019-12-02,278,0.7,0.75
2019-12-02,279,0.4,0.5
2019-12-02,280,0.2,0.25
2019-12-02,281,,
2019-12-02,282,0.25,0.35
2019-12-02,283,,
2019-12-02,284,0.3,0.35
2019-12-02,285,,
2019-12-02,286,,
2019-12-02,287,,
2019-12-02,288,,
2019-12-02,289,,
2019-12-02,290,,
2019-12-02,291,,
2019-12-02,292,,
2019-12-02,293,,
2019-12-02,294,,
2019-12-02,295,,
2019-12-02,296,,
2019-12-02,297,0.7,0.9
2019-12-02,298,,
2019-12-02,299,,
2019-12-02,300,,
2019-12-02,301,,
2019-12-02,302,,
2019-12-02,303,,
2019-12-02,304,,
2019-12-02,305,,
2019-12-02,306,0.6,0.7
2019-12-02,307,,
2019-12-02,308,,
2019-12-02,309,,
2019-12-02,310,,
2019-12-02,311,,
2019-12-02,312,,
2019-12-02,313,,
2019-12-02,314,,
2019-12-02,315,,
2019-12-02,316,,
2019-12-02,317,0.25,0.35
2019-12-02,318,,
2019-12-02,319,,
2019-12-02,320,,
2019-12-02,321,,
2019-12-02,322,,
2019-12-02,323,,
2019-12-02,670,1.1,1.4
2019-12-02,671,,
2019-12-02,672,223,225
2019-12-02,685,,
2019-12-02,727,,
2019-12-02,731,5.9,6.05
2019-12-02,732,7.2,7.35
2019-12-02,733,8.3,8.45
2019-12-02,734,8.75,8.95
2019-12-02,735,7.5,8.5
2019-12-02,736,7.5,8
2019-12-02,737,2.8,3.1
2019-12-02,738,2.8,3.2
2019-12-02,747,,
2019-12-02,758,1.5,1.8
2019-12-02,760,6.5,7.5
2019-12-02,761,1.6,2
2019-12-02,762,1.6,2
2019-12-02,763,1.7,2.1
2019-12-02,764,,
2019-12-02,765,6.5,8
2019-12-02,770,0.85,0.95
2019-12-02,771,6.5,7.5
2019-12-02,772,6.5,8
2019-12-02,773,1,1.1
2019-12-02,774,1.05,1.15
2019-12-02,775,1.1,1.2
2019-12-02,776,8,8.5
2019-12-02,777,7,7.5
2019-12-02,778,1,1.05
2019-12-02,779,1.45,1.55
2019-12-02,780,,
2019-12-02,781,,
2019-12-02,782,5.5,5.8
2019-12-02,783,0.8,0.9
2019-12-02,784,0.7,0.8
2019-12-02,785,4.3,4.8
2019-12-02,786,0.7,0.8
2019-12-02,788,,
2019-12-02,789,4,4.5
2019-12-02,790,2.5,3.1
2019-12-02,791,2.6,3.2
2019-12-02,792,5,5.5
2019-12-02,793,1.2,1.6
2019-12-02,794,0.8,0.9
2019-12-02,795,,
2019-12-02,796,,
2019-12-06,328,0.27,0.33
2019-12-06,329,0.15,0.17
2019-12-06,331,0.34,0.38
2019-12-06,332,4.2,4.4
2019-12-06,333,2.55,2.6
2019-12-06,335,2.3,2.35
2019-12-06,336,2.8,2.9
2019-12-06,337,2.5,2.6
2019-12-06,340,3.6,3.7
2019-12-06,341,2.75,2.8
2019-12-06,342,2.85,2.9
2019-12-06,344,14.3,14.3
2019-12-06,345,12.2,12.2
2019-12-06,346,10.9,10.9
2019-12-06,347,9.1,9.1
2019-12-06,350,1.7,1.8
2019-12-06,351,1.6,1.7
2019-12-06,352,4,4.1
2019-12-06,353,4.5,4.6
2019-12-06,356,1.7,1.8
2019-12-06,357,2,2.1
2019-12-06,358,3.7,3.8
2019-12-06,361,4.6,4.7
2019-12-06,362,5.5,5.6
2019-12-06,363,4.2,4.3
2019-12-06,364,1.65,1.75
2019-12-06,365,1.5,1.6
2019-12-06,366,6.5,6.6
2019-12-06,367,2.5,2.6
2019-12-06,368,1.35,1.45
2019-12-06,369,6.5,6.6
2019-12-06,370,2.35,2.45
2019-12-06,371,1.35,1.45
2019-12-06,372,6.4,6.5
2019-12-06,674,0.85,0.87
2019-12-06,675,1.58,1.6
2019-12-06,676,1.6,1.7
2019-12-06,677,2,2.1
2019-12-06,678,2.5,2.6
2019-12-06,716,17.1,17.1
2019-12-06,717,15,15
2019-12-06,718,13.9,13.9
2019-12-06,719,11.1,11.1
2019-12-09,2,,
2019-12-09,3,,
2019-12-09,4,193,194
2019-12-09,5,188,189
2019-12-09,6,185,186
2019-12-09,7,265,267
2019-12-09,8,270,271
2019-12-09,9,195,197
2019-12-09,10,199,200
2019-12-09,11,,
2019-12-09,12,183,185
2019-12-09,13,167,168
2019-12-09,14,164,165
2019-12-09,15,171,172
2019-12-09,16,166,168
2019-12-09,17,,
2019-12-09,18,,
2019-12-09,19,160,162
2019-12-09,20,173,175
2019-12-09,21,178,184
2019-12-09,22,,
2019-12-09,23,400,405
2019-12-09,24,394,399
2019-12-09,25,274,276
2019-12-09,26,269,272
2019-12-09,27,465,466
2019-12-09,28,461,463
2019-12-09,29,447,448
2019-12-09,30,159,161
2019-12-09,31,163,165
2019-12-09,32,131,133
2019-12-09,33,166,178
2019-12-09,34,137,139
2019-12-09,35,182,184
2019-12-09,36,153,155
2019-12-09,37,137,138
2019-12-09,38,137,138
2019-12-09,39,258,259
2019-12-09,40,151,152
2019-12-09,41,720,725
2019-12-09,42,165,168
2019-12-09,43,164,166
2019-12-09,44,,
2019-12-09,45,,
2019-12-09,46,,
2019-12-09,47,196,197
2019-12-09,48,177,180
2019-12-09,50,390,440
2019-12-09,51,530,580
2019-12-09,53,990,1040
2019-12-09,54,1270,1320
2019-12-09,55,330,360
2019-12-09,56,240,250
2019-12-09,58,115,120
2019-12-09,61,,
2019-12-09,62,,
2019-12-09,63,105,115
2019-12-09,64,,
2019-12-09,65,,
2019-12-09,66,,
2019-12-09,67,140,150
2019-12-09,68,,
2019-12-09,69,,
2019-12-09,70,,
2019-12-09,71,85,95
2019-12-09,73,340,342
2019-12-09,74,,
2019-12-09,75,342,345
2019-12-09,76,359,360
2019-12-09,77,359,360
2019-12-09,78,,
2019-12-09,79,,
2019-12-09,80,,
2019-12-09,81,245,260
2019-12-09,82,,
2019-12-09,83,835,840
2019-12-09,84,875,880
2019-12-09,85,660,665
2019-12-09,86,740,745
2019-12-09,87,735,740
2019-12-09,88,715,720
2019-12-09,89,1610,1620
2019-12-09,90,970,980
2019-12-09,91,1020,1030
2019-12-09,92,850,855
2019-12-09,93,,
2019-12-09,94,815,820
2019-12-09,95,795,800
2019-12-09,96,,
2019-12-09,97,1.2,1.5
2019-12-09,98,,
2019-12-09,100,0.6,0.75
2019-12-09,101,9,10.5
2019-12-09,102,10,11.5
2019-12-09,103,3.9,5.2
2019-12-09,104,2,2.35
2019-12-09,105,2.7,2.95
2019-12-09,106,2.05,2.1
2019-12-09,107,1.2,1.22
2019-12-09,108,271,275
2019-12-09,109,238,240
2019-12-09,110,395,415
2019-12-09,111,239,241
2019-12-09,112,,
2019-12-09,113,,
2019-12-09,114,220,222
2019-12-09,115,147,155
2019-12-09,116,,
2019-12-09,117,368,370
2019-12-09,118,328,332
2019-12-09,119,,
2019-12-09,120,328,330
2019-12-09,121,418,420
2019-12-09,122,338,341
2019-12-09,123,,
2019-12-09,124,334,340
2019-12-09,125,,
2019-12-09,126,225,235
2019-12-09,127,215,220
2019-12-09,128,200,205
2019-12-09,129,200,210
2019-12-09,130,155,160
2019-12-09,131,1540,1545
2019-12-09,132,690,695
2019-12-09,133,665,670
2019-12-09,134,825,830
2019-12-09,176,6,7
2019-12-09,177,11,12
2019-12-09,181,4.78,4.88
2019-12-09,182,5.08,5.18
2019-12-09,183,5.1,5.25
2019-12-09,184,5.85,6.05
2019-12-09,185,7,7.1
2019-12-09,186,9.4,9.55
2019-12-09,187,435,445
2019-12-09,188,415,425
2019-12-09,189,260,270
2019-12-09,190,1750,1950
2019-12-09,191,,
2019-12-09,192,,
2019-12-09,193,,
2019-12-09,194,,
2019-12-09,195,,
2019-12-09,196,,
2019-12-09,197,,
2019-12-09,198,,
2019-12-09,199,,
2019-12-09,202,,
2019-12-09,203,,
2019-12-09,204,,
2019-12-09,205,,
2019-12-09,206,,
2019-12-09,207,,
2019-12-09,208,,
2019-12-09,209,,
2019-12-09,210,0.65,0.75
2019-12-09,211,0.25,0.35
2019-12-09,212,0.2,0.25
2019-12-09,213,,
2019-12-09,214,,
2019-12-09,215,,
2019-12-09,216,,
2019-12-09,217,,
2019-12-09,218,,
2019-12-09,219,,
2019-12-09,220,,
2019-12-09,221,,
2019-12-09,222,,
2019-12-09,223,,
2019-12-09,224,,
2019-12-09,225,1.5,1.6
2019-12-09,226,,
2019-12-09,227,,
2019-12-09,228,,
2019-12-09,229,0.6,0.65
2019-12-09,230,,
2019-12-09,231,,
2019-12-09,232,,
2019-12-09,233,,
2019-12-09,234,,
2019-12-09,235,,
2019-12-09,236,,
2019-12-09,237,,
2019-12-09,238,,
2019-12-09,239,,
2019-12-09,240,,
2019-12-09,241,,
2019-12-09,242,,
2019-12-09,243,,
2019-12-09,244,,
2019-12-09,245,,
2019-12-09,246,0.6,0.65
2019-12-09,247,0.5,0.6
2019-12-09,248,0.4,0.45
2019-12-09,249,0.7,0.75
2019-12-09,250,0.3,0.35
2019-12-09,251,,
2019-12-09,252,,
2019-12-09,253,0.7,0.75
2019-12-09,254,,
2019-12-09,255,0.8,0.85
2019-12-09,256,0.5,0.55
2019-12-09,257,,
2019-12-09,258,,
2019-12-09,259,,
2019-12-09,260,,
2019-12-09,261,,
2019-12-09,262,,
2019-12-09,263,,
2019-12-09,264,,
2019-12-09,265,,
2019-12-09,266,,
2019-12-09,267,,
2019-12-09,268,,
2019-12-09,269,,
2019-12-09,270,,
2019-12-09,271,,
2019-12-09,272,,
2019-12-09,273,,
2019-12-09,274,,
2019-12-09,275,,
2019-12-09,276,,
2019-12-09,277,,
2019-12-09,278,0.7,0.75
2019-12-09,279,0.4,0.5
2019-12-09,280,0.2,0.25
2019-12-09,281,,
2019-12-09,282,,
2019-12-09,283,,
2019-12-09,284,0.3,0.35
2019-12-09,285,,
2019-12-09,286,,
2019-12-09,287,,
2019-12-09,288,,
2019-12-09,289,,
2019-12-09,290,,
2019-12-09,291,,
2019-12-09,292,,
2019-12-09,293,,
2019-12-09,294,,
2019-12-09,295,,
2019-12-09,296,,
2019-12-09,297,0.7,0.9
2019-12-09,298,,
2019-12-09,299,,
2019-12-09,300,,
2019-12-09,301,,
2019-12-09,302,,
2019-12-09,303,,
2019-12-09,304,,
2019-12-09,305,,
2019-12-09,306,0.6,0.7
2019-12-09,307,,
2019-12-09,308,,
2019-12-09,309,,
2019-12-09,310,,
2019-12-09,311,,
2019-12-09,312,,
2019-12-09,313,,
2019-12-09,314,,
2019-12-09,315,,
2019-12-09,316,,
2019-12-09,317,0.25,0.35
2019-12-09,318,,
2019-12-09,319,,
2019-12-09,320,,
2019-12-09,321,,
2019-12-09,322,,
2019-12-09,323,,
2019-12-09,670,1.1,1.4
2019-12-09,671,,
2019-12-09,672,225,227
2019-12-09,685,,
2019-12-09,727,,
2019-12-09,731,5.85,6
2019-12-09,732,7.15,7.3
2019-12-09,733,8.3,8.45
2019-12-09,734,8.75,8.95
2019-12-09,735,7.5,8.5
2019-12-09,736,7.5,8
2019-12-09,737,2.8,3.1
2019-12-09,738,2.8,3.2
2019-12-09,747,,
2019-12-09,758,1.5,1.8
2019-12-09,760,6.5,7.5
2019-12-09,761,1.6,2
2019-12-09,762,1.6,2
2019-12-09,763,1.7,2.1
2019-12-09,764,,
2019-12-09,765,6.5,8
2019-12-09,770,0.85,0.95
2019-12-09,771,6.5,7.5
2019-12-09,772,6.5,8
2019-12-09,773,1,1.1
2019-12-09,774,1.05,1.15
2019-12-09,775,1.1,1.2
2019-12-09,776,8,8.5
2019-12-09,777,7,7.5
2019-12-09,778,1,1.05
2019-12-09,779,1.45,1.55
2019-12-09,780,,
2019-12-09,781,,
2019-12-09,782,5.5,5.8
2019-12-09,783,0.8,0.9
2019-12-09,784,0.7,0.8
2019-12-09,785,4.3,4.8
2019-12-09,786,0.7,0.8
2019-12-09,788,,
2019-12-09,789,4,4.5
2019-12-09,790,2.5,3.1
2019-12-09,791,2.6,3.2
2019-12-09,792,5,5.5
2019-12-09,793,1.2,1.6
2019-12-09,794,0.8,0.9
2019-12-09,795,1.3,1.5
2019-12-09,796,1.4,1.6
2019-12-09,797,1.1,1.2
2019-12-13,328,0.27,0.33
2019-12-13,329,0.15,0.17
2019-12-13,331,0.34,0.38
2019-12-13,332,4.2,4.4
2019-12-13,333,2.55,2.6
2019-12-13,335,2.3,2.35
2019-12-13,336,2.8,2.9
2019-12-13,337,2.5,2.6
2019-12-13,340,3.6,3.7
2019-12-13,341,2.75,2.8
2019-12-13,342,2.85,2.9
2019-12-13,344,14.3,14.3
2019-12-13,345,12.2,12.2
2019-12-13,346,10.9,10.9
2019-12-13,347,9.1,9.1
2019-12-13,350,1.7,1.8
2019-12-13,351,1.6,1.7
2019-12-13,352,4,4.1
2019-12-13,353,4.5,4.6
2019-12-13,356,1.7,1.8
2019-12-13,357,2,2.1
2019-12-13,358,3.7,3.8
2019-12-13,361,4.6,4.7
2019-12-13,362,5.5,5.6
2019-12-13,363,4.2,4.3
2019-12-13,364,1.65,1.75
2019-12-13,365,1.5,1.6
2019-12-13,366,6.5,6.6
2019-12-13,367,2.5,2.6
2019-12-13,368,1.35,1.45
2019-12-13,369,6.5,6.6
2019-12-13,370,2.35,2.45
2019-12-13,371,1.35,1.45
2019-12-13,372,6.4,6.5
2019-12-13,674,0.85,0.87
2019-12-13,675,1.58,1.6
2019-12-13,676,1.6,1.7
2019-12-13,677,2,2.1
2019-12-13,678,2.5,2.6
2019-12-13,716,17.1,17.1
2019-12-13,717,15,15
2019-12-13,718,13.9,13.9
2019-12-13,719,11.1,11.1
2019-12-15,4,193,194
2019-12-15,5,188,189
2019-12-15,6,185,186
2019-12-15,7,267.5,269.5
2019-12-15,8,272.5,273.5
2019-12-15,9,195,196.5
2019-12-15,10,199,200
2019-12-15,12,183,185
2019-12-15,13,167,168
2019-12-15,14,164,165
2019-12-15,15,171,172
2019-12-15,16,166,168
2019-12-15,19,160,162
2019-12-15,20,173,175
2019-12-15,21,178,183
2019-12-15,23,400,405
2019-12-15,24,394,399
2019-12-15,25,274,276
2019-12-15,26,269,272
2019-12-15,27,465,466
2019-12-15,28,461,463
2019-12-15,29,447,448
2019-12-15,30,160,162
2019-12-15,31,164,166
2019-12-15,32,132,134
2019-12-15,33,167,179
2019-12-15,34,138,140
2019-12-15,35,182,184
2019-12-15,36,153,155
2019-12-15,37,138,139
2019-12-15,38,138,139
2019-12-15,39,258,259
2019-12-15,40,151,152
2019-12-15,41,720,725
2019-12-15,42,165,168
2019-12-15,43,164,166
2019-12-15,47,195,196
2019-12-15,48,177,180
2019-12-15,50,390,440
2019-12-15,51,530,580
2019-12-15,53,990,1040
2019-12-15,54,1270,1320
2019-12-15,55,330,360
2019-12-15,56,240,250
2019-12-15,58,115,120
2019-12-15,63,105,115
2019-12-15,67,140,150
2019-12-15,71,85,95
2019-12-15,73,339,341
2019-12-15,75,341,344
2019-12-15,76,356.5,357.5
2019-12-15,77,356.5,357.5
2019-12-15,81,245,260
2019-12-15,83,762.5,767.5
2019-12-15,84,802.5,807.5
2019-12-15,85,660,665
2019-12-15,86,735,740
2019-12-15,87,727.5,732.5
2019-12-15,88,707.5,712.5
2019-12-15,89,1600,1610
2019-12-15,90,920,930
2019-12-15,91,970,980
2019-12-15,92,850,855
2019-12-15,94,807.5,812.5
2019-12-15,95,787.5,792.5
2019-12-15,97,1.2,1.5
2019-12-15,100,0.6,0.75
2019-12-15,101,9,10.5
2019-12-15,102,10,11.5
2019-12-15,103,4,5.2
2019-12-15,104,2.1,2.35
2019-12-15,105,2.8,2.95
2019-12-15,106,2.05,2.1
2019-12-15,107,1.2,1.22
2019-12-15,108,271,275
2019-12-15,109,238,240
2019-12-15,110,387.5,410
2019-12-15,111,236.5,238.5
2019-12-15,112,234,235
2019-12-15,114,217.5,219.5
2019-12-15,115,147,155
2019-12-15,117,363.5,365.5
2019-12-15,118,321.5,325.5
2019-12-15,120,321.5,323.5
2019-12-15,121,413.5,415.5
2019-12-15,122,331.5,334.5
2019-12-15,124,327.5,333.5
2019-12-15,126,225,235
2019-12-15,127,215,220
2019-12-15,128,200,205
2019-12-15,129,200,210
2019-12-15,130,155,160
2019-12-15,131,1535,1540
2019-12-15,132,685,690
2019-12-15,133,660,665
2019-12-15,134,820,825
2019-12-15,176,6,7
2019-12-15,177,11,12
2019-12-15,181,4.78,4.88
2019-12-15,182,5.08,5.18
2019-12-15,183,5.1,5.25
2019-12-15,184,5.88,6.07
2019-12-15,185,7,7.1
2019-12-15,186,9.4,9.55
2019-12-15,187,440,450
2019-12-15,188,420,430
2019-12-15,189,270,280
2019-12-15,190,1825,2000
2019-12-15,210,0.68,0.82
2019-12-15,211,0.25,0.35
2019-12-15,212,0.23,0.28
2019-12-15,225,1.5,1.6
2019-12-15,229,0.55,0.6
2019-12-15,246,0.6,0.65
2019-12-15,247,0.42,0.5
2019-12-15,248,0.4,0.45
2019-12-15,249,0.68,0.75
2019-12-15,250,0.3,0.35
2019-12-15,253,0.7,0.75
2019-12-15,255,0.78,0.85
2019-12-15,256,0.5,0.55
2019-12-15,278,0.7,0.75
2019-12-15,279,0.4,0.5
2019-12-15,280,0.2,0.25
2019-12-15,282,0.25,0.35
2019-12-15,284,0.3,0.35
2019-12-15,297,0.7,0.9
2019-12-15,306,0.6,0.7
2019-12-15,317,0.25,0.35
2019-12-15,328,0.27,0.33
2019-12-15,329,0.15,0.17
2019-12-15,331,0.34,0.38
2019-12-15,332,4.2,4.4
2019-12-15,333,2.55,2.6
2019-12-15,335,2.3,2.35
2019-12-15,336,2.8,2.9
2019-12-15,337,2.5,2.6
2019-12-15,340,3.6,3.7
2019-12-15,341,2.75,2.8
2019-12-15,342,2.85,2.9
2019-12-15,344,14.3,14.3
2019-12-15,345,12.2,12.2
2019-12-15,346,10.9,10.9
2019-12-15,347,9.1,9.1
2019-12-15,350,1.7,1.8
2019-12-15,351,1.6,1.7
2019-12-15,352,4,4.1
2019-12-15,353,4.5,4.6
2019-12-15,356,1.7,1.8
2019-12-15,357,2,2.1
2019-12-15,358,3.7,3.8
2019-12-15,361,4.6,4.7
2019-12-15,362,5.5,5.6
2019-12-15,363,4.2,4.3
2019-12-15,364,1.65,1.75
2019-12-15,365,1.5,1.6
2019-12-15,366,6.5,6.6
2019-12-15,367,2.5,2.6
2019-12-15,368,1.35,1.45
2019-12-15,369,6.5,6.6
2019-12-15,370,2.35,2.45
2019-12-15,371,1.35,1.45
2019-12-15,372,6.4,6.5
2019-12-15,670,1.1,1.4
2019-12-15,672,224,226
2019-12-15,674,0.85,0.87
2019-12-15,675,1.58,1.6
2019-12-15,676,1.6,1.7
2019-12-15,677,2,2.1
2019-12-15,678,2.5,2.6
2019-12-15,716,17.1,17.1
2019-12-15,717,15,15
2019-12-15,718,13.9,13.9
2019-12-15,719,11.1,11.1
2019-12-15,731,5.88,6.03
2019-12-15,732,7.18,7.32
2019-12-15,733,8.3,8.45
2019-12-15,734,8.75,8.95
2019-12-15,735,7.5,8.5
2019-12-15,736,7.5,8
2019-12-15,737,2.8,3.1
2019-12-15,738,2.8,3.2
2019-12-15,758,1.5,1.8
2019-12-15,760,6.5,7.5
2019-12-15,761,1.6,2
2019-12-15,762,1.6,2
2019-12-15,763,1.7,2.1
2019-12-15,765,6.5,8
2019-12-15,770,0.85,0.95
2019-12-15,771,6.5,7.5
2019-12-15,772,6.5,8
2019-12-15,773,1,1.1
2019-12-15,774,1.05,1.15
2019-12-15,775,1.1,1.2
2019-12-15,776,8,8.5
2019-12-15,777,7,7.5
2019-12-15,778,1,1.05
2019-12-15,779,1.45,1.55
2019-12-15,782,5.5,5.8
2019-12-15,783,0.8,0.9
2019-12-15,784,0.7,0.8
2019-12-15,785,4.3,4.8
2019-12-15,786,0.7,0.8
2019-12-15,789,4,4.5
2019-12-15,790,2.5,3.1
2019-12-15,791,2.6,3.2
2019-12-15,792,5,5.5
2019-12-15,793,1.2,1.6
2019-12-15,794,0.8,0.9
2019-12-15,795,1.3,1.5
2019-12-15,796,1.4,1.6
2019-12-15,797,1.1,1.2
2019-12-16,2,,
2019-12-16,3,,
2019-12-16,4,194,195
2019-12-16,5,189,190
2019-12-16,6,186,187
2019-12-16,7,265,267
2019-12-16,8,270,271
2019-12-16,9,196,198
2019-12-16,10,200,201
2019-12-16,11,,
2019-12-16,12,183,185
2019-12-16,13,167,168
2019-12-16,14,164,165
2019-12-16,15,171,172
2019-12-16,16,166,168
2019-12-16,17,,
2019-12-16,18,,
2019-12-16,19,160,162
2019-12-16,20,173,175
2019-12-16,21,178,184
2019-12-16,22,,
2019-12-16,23,400,405
2019-12-16,24,394,399
2019-12-16,25,274,276
2019-12-16,26,269,272
2019-12-16,27,465,466
2019-12-16,28,461,463
2019-12-16,29,447,448
2019-12-16,30,157,159
2019-12-16,31,161,163
2019-12-16,32,129,131
2019-12-16,33,164,176
2019-12-16,34,135,137
2019-12-16,35,182,184
2019-12-16,36,153,155
2019-12-16,37,135,136
2019-12-16,38,135,136
2019-12-16,39,258,259
2019-12-16,40,151,152
2019-12-16,41,720,725
2019-12-16,42,165,168
2019-12-16,43,164,166
2019-12-16,44,,
2019-12-16,45,,
2019-12-16,46,,
2019-12-16,47,197,198
2019-12-16,48,179,182
2019-12-16,50,390,440
2019-12-16,51,530,580
2019-12-16,53,990,1040
2019-12-16,54,1270,1320
2019-12-16,55,330,360
2019-12-16,56,240,250
2019-12-16,58,115,120
2019-12-16,61,,
2019-12-16,62,,
2019-12-16,63,105,115
2019-12-16,64,,
2019-12-16,65,,
2019-12-16,66,,
2019-12-16,67,140,150
2019-12-16,68,,
2019-12-16,69,,
2019-12-16,70,,
2019-12-16,71,85,95
2019-12-16,73,344,346
2019-12-16,74,,
2019-12-16,75,347,350
2019-12-16,76,364,365
2019-12-16,77,364,365
2019-12-16,78,,
2019-12-16,79,,
2019-12-16,80,,
2019-12-16,81,245,260
2019-12-16,82,,
2019-12-16,83,,
2019-12-16,84,,
2019-12-16,85,685,690
2019-12-16,86,790,795
2019-12-16,87,765,770
2019-12-16,88,745,750
2019-12-16,89,1630,1640
2019-12-16,90,1100,1110
2019-12-16,91,,
2019-12-16,92,865,870
2019-12-16,93,,
2019-12-16,94,845,850
2019-12-16,95,825,830
2019-12-16,96,,
2019-12-16,97,1.2,1.5
2019-12-16,98,,
2019-12-16,100,0.5,0.65
2019-12-16,101,9,10.5
2019-12-16,102,10,11.5
2019-12-16,103,3.7,5.2
2019-12-16,104,2,2.35
2019-12-16,105,2.7,2.95
2019-12-16,106,2.05,2.1
2019-12-16,107,1.2,1.22
2019-12-16,108,271,275
2019-12-16,109,243,245
2019-12-16,110,405,425
2019-12-16,111,249,251
2019-12-16,112,,
2019-12-16,113,,
2019-12-16,114,221,223
2019-12-16,115,157,165
2019-12-16,116,,
2019-12-16,117,363,365
2019-12-16,118,330,332
2019-12-16,119,,
2019-12-16,120,328,330
2019-12-16,121,413,415
2019-12-16,122,340,341
2019-12-16,123,,
2019-12-16,124,336,342
2019-12-16,125,,
2019-12-16,126,225,235
2019-12-16,127,215,220
2019-12-16,128,200,205
2019-12-16,129,200,210
2019-12-16,130,155,160
2019-12-16,131,1550,1555
2019-12-16,132,710,715
2019-12-16,133,685,690
2019-12-16,134,845,850
2019-12-16,176,6,7
2019-12-16,177,11,12
2019-12-16,181,4.78,4.88
2019-12-16,182,4.98,5.08
2019-12-16,183,5.05,5.2
2019-12-16,184,5.85,6.05
2019-12-16,185,7,7.1
2019-12-16,186,9.4,9.55
2019-12-16,187,430,440
2019-12-16,188,395,405
2019-12-16,189,210,220
2019-12-16,190,1750,1950
2019-12-16,191,,
2019-12-16,192,,
2019-12-16,193,,
2019-12-16,194,,
2019-12-16,195,,
2019-12-16,196,,
2019-12-16,197,,
2019-12-16,198,,
2019-12-16,199,,
2019-12-16,202,,
2019-12-16,203,,
2019-12-16,204,,
2019-12-16,205,,
2019-12-16,206,,
2019-12-16,207,,
2019-12-16,208,,
2019-12-16,209,,
2019-12-16,210,0.6,0.7
2019-12-16,211,0.25,0.35
2019-12-16,212,0.2,0.25
2019-12-16,213,,
2019-12-16,214,,
2019-12-16,215,,
2019-12-16,216,,
2019-12-16,217,,
2019-12-16,218,,
2019-12-16,219,,
2019-12-16,220,,
2019-12-16,221,,
2019-12-16,222,,
2019-12-16,223,,
2019-12-16,224,,
2019-12-16,225,1.5,1.6
2019-12-16,226,,
2019-12-16,227,,
2019-12-16,228,,
2019-12-16,229,0.7,0.75
2019-12-16,230,,
2019-12-16,231,,
2019-12-16,232,,
2019-12-16,233,,
2019-12-16,234,,
2019-12-16,235,,
2019-12-16,236,,
2019-12-16,237,,
2019-12-16,238,,
2019-12-16,239,,
2019-12-16,240,,
2019-12-16,241,,
2019-12-16,242,,
2019-12-16,243,,
2019-12-16,244,,
2019-12-16,245,,
2019-12-16,246,0.6,0.65
2019-12-16,247,1,1.2
2019-12-16,248,0.4,0.45
2019-12-16,249,0.7,0.75
2019-12-16,250,0.3,0.35
2019-12-16,251,,
2019-12-16,252,,
2019-12-16,253,0.7,0.75
2019-12-16,254,,
2019-12-16,255,,
2019-12-16,256,0.5,0.6
2019-12-16,257,,
2019-12-16,258,,
2019-12-16,259,,
2019-12-16,260,,
2019-12-16,261,,
2019-12-16,262,,
2019-12-16,263,,
2019-12-16,264,,
2019-12-16,265,,
2019-12-16,266,,
2019-12-16,267,,
2019-12-16,268,,
2019-12-16,269,,
2019-12-16,270,,
2019-12-16,271,,
2019-12-16,272,,
2019-12-16,273,,
2019-12-16,274,,
2019-12-16,275,,
2019-12-16,276,,
2019-12-16,277,,
2019-12-16,278,0.7,0.75
2019-12-16,279,0.4,0.5
2019-12-16,280,0.2,0.25
2019-12-16,281,,
2019-12-16,282,,
2019-12-16,283,,
2019-12-16,284,0.3,0.35
2019-12-16,285,,
2019-12-16,286,,
2019-12-16,287,,
2019-12-16,288,,
2019-12-16,289,,
2019-12-16,290,,
2019-12-16,291,,
2019-12-16,292,,
2019-12-16,293,,
2019-12-16,294,,
2019-12-16,295,,
2019-12-16,296,,
2019-12-16,297,0.7,0.9
2019-12-16,298,,
2019-12-16,299,,
2019-12-16,300,,
2019-12-16,301,,
2019-12-16,302,,
2019-12-16,303,,
2019-12-16,304,,
2019-12-16,305,,
2019-12-16,306,0.6,0.7
2019-12-16,307,,
2019-12-16,308,,
2019-12-16,309,,
2019-12-16,310,,
2019-12-16,311,,
2019-12-16,312,,
2019-12-16,313,,
2019-12-16,314,,
2019-12-16,315,,
2019-12-16,316,,
2019-12-16,317,,
2019-12-16,318,,
2019-12-16,319,,
2019-12-16,320,,
2019-12-16,321,,
2019-12-16,322,,
2019-12-16,323,,
2019-12-16,670,1.1,1.4
2019-12-16,671,,
2019-12-16,672,233,235
2019-12-16,685,,
2019-12-16,727,,
2019-12-16,731,5.75,5.9
2019-12-16,732,7.05,7.2
2019-12-16,733,8.25,8.4
2019-12-16,734,8.7,8.9
2019-12-16,735,7.5,8.5
2019-12-16,736,7.5,8
2019-12-16,737,2.8,3.1
2019-12-16,738,2.8,3.2
2019-12-16,747,,
2019-12-16,758,1.5,1.8
2019-12-16,760,6.5,7.5
2019-12-16,761,1.6,2
2019-12-16,762,1.6,2
2019-12-16,763,1.7,2.1
2019-12-16,764,,
2019-12-16,765,6.5,8
2019-12-16,770,0.85,0.95
2019-12-16,771,6.5,7.5
2019-12-16,772,6.5,8
2019-12-16,773,1,1.1
2019-12-16,774,1.05,1.15
2019-12-16,775,1.1,1.2
2019-12-16,776,8,8.5
2019-12-16,777,7,7.5
2019-12-16,778,1,1.05
2019-12-16,779,1.45,1.55
2019-12-16,780,,
2019-12-16,781,,
2019-12-16,782,5.5,5.8
2019-12-16,783,0.8,0.9
2019-12-16,784,0.7,0.8
2019-12-16,785,4.3,4.8
2019-12-16,786,0.7,0.8
2019-12-16,788,,
2019-12-16,789,4,4.5
2019-12-16,790,2.5,3.1
2019-12-16,791,2.6,3.2
2019-12-16,792,5,5.5
2019-12-16,793,1.2,1.6
2019-12-16,794,0.8,0.9
2019-12-16,795,1.3,1.5
2019-12-16,796,1.4,1.6
2019-12-16,797,1.1,1.2
2019-12-20,328,0.27,0.33
2019-12-20,329,0.1,0.12
2019-12-20,331,0.26,0.3
2019-12-20,332,4.2,4.4
2019-12-20,333,2.55,2.6
2019-12-20,335,2.3,2.35
2019-12-20,336,2.8,2.9
2019-12-20,337,2.5,2.6
2019-12-20,340,3.6,3.7
2019-12-20,341,2.75,2.8
2019-12-20,342,2.85,2.9
2019-12-20,344,14.3,14.3
2019-12-20,345,12.2,12.2
2019-12-20,346,10.9,10.9
2019-12-20,347,9.1,9.1
2019-12-20,350,1.7,1.8
2019-12-20,351,1.6,1.7
2019-12-20,352,4,4.1
2019-12-20,353,4.5,4.6
2019-12-20,356,1.7,1.8
2019-12-20,357,2,2.1
2019-12-20,358,3.7,3.8
2019-12-20,361,4.6,4.7
2019-12-20,362,5.5,5.6
2019-12-20,363,4.2,4.3
2019-12-20,364,1.65,1.75
2019-12-20,365,1.5,1.6
2019-12-20,366,6.5,6.6
2019-12-20,367,2.5,2.6
2019-12-20,368,1.35,1.45
2019-12-20,369,6.5,6.6
2019-12-20,370,2.35,2.45
2019-12-20,371,1.35,1.45
2019-12-20,372,6,6.1
2019-12-20,674,0.85,0.87
2019-12-20,675,1.58,1.6
2019-12-20,676,1.6,1.7
2019-12-20,677,2,2.1
2019-12-20,678,2.5,2.6
2019-12-20,716,17.1,17.1
2019-12-20,717,15,15
2019-12-20,718,13.9,13.9
2019-12-20,719,11.1,11.1
2019-12-30,4,194,195
2019-12-30,5,189,190
2019-12-30,6,186,187
2019-12-30,7,265,267
2019-12-30,8,270,271
2019-12-30,9,196,198
2019-12-30,10,200,201
2019-12-30,12,183,185
2019-12-30,13,167,168
2019-12-30,14,164,165
2019-12-30,15,171,172
2019-12-30,16,166,168
2019-12-30,19,160,162
2019-12-30,20,173,175
2019-12-30,21,178,184
2019-12-30,23,400,405
2019-12-30,24,394,399
2019-12-30,25,274,276
2019-12-30,26,269,272
2019-12-30,27,465,466
2019-12-30,28,461,463
2019-12-30,29,447,448
2019-12-30,30,157,159
2019-12-30,31,161,163
2019-12-30,32,129,131
2019-12-30,33,164,176
2019-12-30,34,135,137
2019-12-30,35,182,184
2019-12-30,36,153,155
2019-12-30,37,135,136
2019-12-30,38,135,136
2019-12-30,39,258,259
2019-12-30,40,151,152
2019-12-30,41,720,725
2019-12-30,42,165,168
2019-12-30,43,164,166
2019-12-30,47,197,198
2019-12-30,48,179,182
2019-12-30,50,390,440
2019-12-30,51,530,580
2019-12-30,53,990,1040
2019-12-30,54,1270,1320
2019-12-30,55,330,360
2019-12-30,56,240,250
2019-12-30,58,115,120
2019-12-30,63,105,115
2019-12-30,67,140,150
2019-12-30,71,85,95
2019-12-30,73,344,346
2019-12-30,75,347,350
2019-12-30,76,364,365
2019-12-30,77,364,365
2019-12-30,81,245,260
2019-12-30,85,685,690
2019-12-30,86,790,795
2019-12-30,87,765,770
2019-12-30,88,745,750
2019-12-30,89,1630,1640
2019-12-30,90,1100,1110
2019-12-30,92,865,870
2019-12-30,94,845,850
2019-12-30,95,825,830
2019-12-30,97,1.2,1.5
2019-12-30,100,0.5,0.65
2019-12-30,101,9,10.5
2019-12-30,102,10,11.5
2019-12-30,103,3.7,5.2
2019-12-30,104,2,2.35
2019-12-30,105,2.7,2.95
2019-12-30,106,2.05,2.1
2019-12-30,107,1.2,1.22
2019-12-30,108,271,275
2019-12-30,109,243,245
2019-12-30,110,405,425
2019-12-30,111,249,251
2019-12-30,114,221,223
2019-12-30,115,157,165
2019-12-30,117,363,365
2019-12-30,118,330,332
2019-12-30,120,328,330
2019-12-30,121,413,415
2019-12-30,122,340,341
2019-12-30,124,336,342
2019-12-30,126,225,235
2019-12-30,127,215,220
2019-12-30,128,200,205
2019-12-30,129,200,210
2019-12-30,130,155,160
2019-12-30,131,1550,1555
2019-12-30,132,710,715
2019-12-30,133,685,690
2019-12-30,134,845,850
2019-12-30,176,6,7
2019-12-30,177,11,12
2019-12-30,181,4.78,4.88
2019-12-30,182,4.98,5.08
2019-12-30,183,5.05,5.2
2019-12-30,184,5.85,6.05
2019-12-30,185,7,7.1
2019-12-30,186,9.4,9.55
2019-12-30,187,430,440
2019-12-30,188,395,405
2019-12-30,189,210,220
2019-12-30,190,1750,1950
2019-12-30,210,0.6,0.7
2019-12-30,211,0.25,0.35
2019-12-30,212,0.2,0.25
2019-12-30,225,1.5,1.6
2019-12-30,229,0.7,0.75
2019-12-30,246,0.6,0.65
2019-12-30,247,1,1.2
2019-12-30,248,0.4,0.45
2019-12-30,249,0.7,0.75
2019-12-30,250,0.3,0.35
2019-12-30,253,0.7,0.75
2019-12-30,256,0.5,0.6
2019-12-30,278,0.7,0.75
2019-12-30,279,0.4,0.5
2019-12-30,280,0.2,0.25
2019-12-30,284,0.3,0.35
2019-12-30,297,0.7,0.9
2019-12-30,306,0.6,0.7
2019-12-30,328,0.27,0.33
2019-12-30,329,0.1,0.12
2019-12-30,331,0.26,0.3
2019-12-30,332,4.2,4.4
2019-12-30,333,2.55,2.6
2019-12-30,335,2.3,2.35
2019-12-30,336,2.8,2.9
2019-12-30,337,2.5,2.6
2019-12-30,340,3.6,3.7
2019-12-30,341,2.75,2.8
2019-12-30,342,2.85,2.9
2019-12-30,344,14.3,14.3
2019-12-30,345,12.2,12.2
2019-12-30,346,10.9,10.9
2019-12-30,347,9.1,9.1
2019-12-30,350,1.7,1.8
2019-12-30,351,1.6,1.7
2019-12-30,352,4,4.1
2019-12-30,353,4.5,4.6
2019-12-30,356,1.7,1.8
2019-12-30,357,2,2.1
2019-12-30,358,3.7,3.8
2019-12-30,361,4.6,4.7
2019-12-30,362,5.5,5.6
2019-12-30,363,4.2,4.3
2019-12-30,364,1.65,1.75
2019-12-30,365,1.5,1.6
2019-12-30,366,6.5,6.6
2019-12-30,367,2.5,2.6
2019-12-30,368,1.35,1.45
2019-12-30,369,6.5,6.6
2019-12-30,370,2.35,2.45
2019-12-30,371,1.35,1.45
2019-12-30,372,6,6.1
2019-12-30,670,1.1,1.4
2019-12-30,672,233,235
2019-12-30,674,0.85,0.87
2019-12-30,675,1.58,1.6
2019-12-30,676,1.6,1.7
2019-12-30,677,2,2.1
2019-12-30,678,2.5,2.6
2019-12-30,716,17.1,17.1
2019-12-30,717,15,15
2019-12-30,718,13.9,13.9
2019-12-30,719,11.1,11.1
2019-12-30,731,5.75,5.9
2019-12-30,732,7.05,7.2
2019-12-30,733,8.25,8.4
2019-12-30,734,8.7,8.9
2019-12-30,735,7.5,8.5
2019-12-30,736,7.5,8
2019-12-30,737,2.8,3.1
2019-12-30,738,2.8,3.2
2019-12-30,758,1.5,1.8
2019-12-30,760,6.5,7.5
2019-12-30,761,1.6,2
2019-12-30,762,1.6,2
2019-12-30,763,1.7,2.1
2019-12-30,765,6.5,8
2019-12-30,770,0.85,0.95
2019-12-30,771,6.5,7.5
2019-12-30,772,6.5,8
2019-12-30,773,1,1.1
2019-12-30,774,1.05,1.15
2019-12-30,775,1.1,1.2
2019-12-30,776,8,8.5
2019-12-30,777,7,7.5
2019-12-30,778,1,1.05
2019-12-30,779,1.45,1.55
2019-12-30,782,5.5,5.8
2019-12-30,783,0.8,0.9
2019-12-30,784,0.7,0.8
2019-12-30,785,4.3,4.8
2019-12-30,786,0.7,0.8
2019-12-30,789,4,4.5
2019-12-30,790,2.5,3.1
2019-12-30,791,2.6,3.2
2019-12-30,792,5,5.5
2019-12-30,793,1.2,1.6
2019-12-30,794,0.8,0.9
2019-12-30,795,1.3,1.5
2019-12-30,796,1.4,1.6
2019-12-30,797,1.1,1.2
