date,code,low,high
2026-01-12,2,257,259
2026-01-12,3,,
2026-01-12,4,230,231
2026-01-12,5,225,226
2026-01-12,6,221,223
2026-01-12,7,285,286
2026-01-12,8,285,286
2026-01-12,9,,
2026-01-12,10,227,230
2026-01-12,11,,
2026-01-12,12,,
2026-01-12,13,232,234
2026-01-12,14,220,221
2026-01-12,15,228,230
2026-01-12,16,218,221
2026-01-12,17,,
2026-01-12,18,,
2026-01-12,19,,
2026-01-12,20,230,232
2026-01-12,21,236,238
2026-01-12,22,,
2026-01-12,23,500,505
2026-01-12,24,485,490
2026-01-12,25,429,431
2026-01-12,26,424,427
2026-01-12,27,750,765
2026-01-12,28,750,765
2026-01-12,29,750,765
2026-01-12,30,229,231
2026-01-12,31,233,235
2026-01-12,32,178,180
2026-01-12,33,248,250
2026-01-12,34,188,190
2026-01-12,35,255,257
2026-01-12,36,213,215
2026-01-12,37,181,182
2026-01-12,38,181,182
2026-01-12,39,393,395
2026-01-12,40,,
2026-01-12,41,800,810
2026-01-12,42,208,210
2026-01-12,43,,
2026-01-12,44,,
2026-01-12,45,,
2026-01-12,46,,
2026-01-12,47,257,260
2026-01-12,48,300,305
2026-01-12,50,640,770
2026-01-12,51,600,660
2026-01-12,53,,2050
2026-01-12,54,,1980
2026-01-12,55,440,470
2026-01-12,56,220,230
2026-01-12,58,160,165
2026-01-12,61,,
2026-01-12,62,,
2026-01-12,63,125,135
2026-01-12,64,,
2026-01-12,65,,
2026-01-12,66,,
2026-01-12,67,260,270
2026-01-12,68,,
2026-01-12,69,,
2026-01-12,70,,
2026-01-12,71,150,155
2026-01-12,73,398,400
2026-01-12,74,,
2026-01-12,75,392,395
2026-01-12,76,419,424
2026-01-12,77,420,424
2026-01-12,78,,
2026-01-12,79,,
2026-01-12,80,,
2026-01-12,81,370,400
2026-01-12,82,,
2026-01-12,83,,
2026-01-12,84,,
2026-01-12,85,,
2026-01-12,86,1250,1260
2026-01-12,87,1130,1135
2026-01-12,88,1080,1085
2026-01-12,89,1690,1700
2026-01-12,90,,
2026-01-12,91,,
2026-01-12,92,1350,1355
2026-01-12,93,,
2026-01-12,94,1310,1315
2026-01-12,95,1250,1255
2026-01-12,96,,
2026-01-12,97,,
2026-01-12,98,,
2026-01-12,100,,
2026-01-12,101,,
2026-01-12,102,,
2026-01-12,103,8.9,9.1
2026-01-12,104,3.9,4.1
2026-01-12,105,4,4.3
2026-01-12,106,3.3,3.4
2026-01-12,107,1.7,1.8
2026-01-12,108,,
2026-01-12,109,,
2026-01-12,110,510,515
2026-01-12,111,273,278
2026-01-12,112,,
2026-01-12,113,,
2026-01-12,114,255,256
2026-01-12,115,195,200
2026-01-12,116,,
2026-01-12,117,425,427
2026-01-12,118,345,347
2026-01-12,119,,
2026-01-12,120,,
2026-01-12,121,475,477
2026-01-12,122,355,356
2026-01-12,123,,
2026-01-12,124,352,355
2026-01-12,125,,
2026-01-12,126,,
2026-01-12,127,260,265
2026-01-12,128,235,240
2026-01-12,129,195,195
2026-01-12,130,180,180
2026-01-12,131,1390,1450
2026-01-12,132,910,920
2026-01-12,133,885,890
2026-01-12,134,1160,1180
2026-01-12,176,7.5,8.5
2026-01-12,177,20.5,21.5
2026-01-12,181,7.35,7.45
2026-01-12,182,7.55,7.65
2026-01-12,183,7.4,7.6
2026-01-12,184,8.5,8.6
2026-01-12,185,9.35,9.45
2026-01-12,186,12,12.1
2026-01-12,187,280,310
2026-01-12,188,230,240
2026-01-12,189,110,130
2026-01-12,191,,
2026-01-12,192,,
2026-01-12,193,,
2026-01-12,194,,
2026-01-12,195,,
2026-01-12,196,,
2026-01-12,197,,
2026-01-12,198,,
2026-01-12,199,,
2026-01-12,328,0.57,0.61
2026-01-12,329,0.27,0.31
2026-01-12,331,0.44,0.5
2026-01-12,332,,
2026-01-12,333,3.4,3.5
2026-01-12,335,3.8,3.85
2026-01-12,336,,
2026-01-12,337,,
2026-01-12,340,,
2026-01-12,341,3.85,3.89
2026-01-12,342,3.9,3.94
2026-01-12,344,22.5,22.5
2026-01-12,345,20.7,20.7
2026-01-12,346,19.3,19.3
2026-01-12,347,17.3,17.3
2026-01-12,350,3.9,4.2
2026-01-12,351,3.35,3.65
2026-01-12,352,5.9,6.1
2026-01-12,353,6.5,6.7
2026-01-12,356,2.75,2.95
2026-01-12,357,2.95,3.15
2026-01-12,358,5.9,6.2
2026-01-12,361,6.55,6.85
2026-01-12,362,7.45,7.75
2026-01-12,363,7.5,7.9
2026-01-12,364,3.15,3.45
2026-01-12,365,2.8,3
2026-01-12,366,9.3,9.7
2026-01-12,367,4.1,4.3
2026-01-12,368,2.7,2.8
2026-01-12,369,9.3,9.7
2026-01-12,370,4.1,4.3
2026-01-12,371,2.7,2.8
2026-01-12,372,7,7.3
2026-01-12,670,,
2026-01-12,671,,
2026-01-12,672,,
2026-01-12,674,1.48,1.52
2026-01-12,675,2.26,2.3
2026-01-12,676,3.35,3.65
2026-01-12,677,2.95,3.15
2026-01-12,678,3.75,3.95
2026-01-12,716,24.8,24.8
2026-01-12,717,23,23
2026-01-12,718,21.8,21.88
2026-01-12,719,18.8,18.8
2026-01-12,727,,
2026-01-12,731,7.25,7.4
2026-01-12,732,9.3,9.4
2026-01-12,733,10.2,10.5
2026-01-12,734,11,11.1
2026-01-12,747,,
2026-01-12,802,1600,1700
2026-01-12,803,1500,1600
2026-01-12,835,6.5,6.7
2026-01-12,836,7.05,7.35
2026-01-12,891,,
2026-01-12,932,,
2026-01-12,936,640,680
2026-01-12,938,245,250
2026-01-12,990,10.5,11
2026-01-12,991,11,11.5
2026-01-12,994,372,374
2026-01-12,996,2.8,3.2
2026-01-12,997,2.7,3.1
2026-01-12,1001,500,545
2026-01-12,1002,500,550
2026-01-12,1004,8.3,9
2026-01-12,1005,8.5,9.3
2026-01-12,1006,,
2026-01-12,1007,,
2026-01-12,1011,242,245
2026-01-12,1023,4.1,4.25
2026-01-12,1028,,
2026-01-12,1029,,
2026-01-12,1032,,
2026-01-12,1033,,
2026-01-12,1036,1.1,1.9
2026-01-12,1049,1.9,2
2026-01-12,1050,2,2.1
2026-01-12,1053,5.5,5.8
2026-01-12,1054,,
2026-01-12,1055,,2650
2026-01-12,1056,7.3,8
2026-01-12,1057,7.4,8.5
2026-01-12,1058,2.3,2.8
2026-01-12,1059,2.3,2.9
2026-01-12,1062,2.35,2.85
2026-01-12,1063,2.35,2.95
2026-01-12,1064,9.5,10.5
2026-01-12,1065,9.5,11
2026-01-12,1067,5.1,5.3
2026-01-12,1068,,
2026-01-12,1069,12,13
2026-01-12,1070,,
2026-01-12,1071,2.3,2.5
2026-01-12,1072,,
2026-01-12,1073,2.2,2.3
2026-01-12,1075,3.2,3.5
2026-01-12,1076,1.14,1.2
2026-01-12,1077,0.74,0.8
2026-01-12,1078,1.45,1.55
2026-01-12,1079,5.5,5.8
2026-01-12,1080,0.74,0.8
2026-01-12,1081,0.9,1
2026-01-12,1082,0.7,0.8
2026-01-12,1083,1.15,1.25
2026-01-12,1084,0.9,1.05
2026-01-12,1086,0.8,0.95
2026-01-12,1087,1.1,1.3
2026-01-12,1088,0.98,1.05
2026-01-12,1089,1,1.15
2026-01-12,1090,1.1,1.2
2026-01-12,1091,1.3,1.4
2026-01-12,1092,1.3,1.5
2026-01-12,1095,1.4,1.7
2026-01-12,1096,1.4,1.8
2026-01-12,1098,,
2026-01-12,1099,5.5,5.8
2026-01-12,1100,0.9,0.95
2026-01-12,1103,5.5,6
2026-01-12,1105,5.2,5.8
2026-01-12,1108,5.8,6.1
2026-01-12,1109,7,7.5
2026-01-12,1113,4.3,4.8
2026-01-12,1115,4.1,4.25
2026-01-12,1116,1.45,1.6
2026-01-12,1117,1.15,1.25
2026-01-12,1120,1.4,1.6
2026-01-12,1121,1.4,1.6
2026-01-12,1123,,
2026-01-12,1124,,
2026-01-12,1125,,
2026-01-12,1126,3.3,3.5
2026-01-12,1127,0.8,1.1
2026-01-15,2,257,259
2026-01-15,4,230,231
2026-01-15,5,225,226
2026-01-15,6,221,223
2026-01-15,7,285,286
2026-01-15,8,285,286
2026-01-15,10,227,230
2026-01-15,13,232,234
2026-01-15,14,220,221
2026-01-15,15,228,230
2026-01-15,16,218,221
2026-01-15,20,230,232
2026-01-15,21,236,238
2026-01-15,23,500,505
2026-01-15,24,485,490
2026-01-15,25,429,431
2026-01-15,26,424,427
2026-01-15,27,750,765
2026-01-15,28,750,765
2026-01-15,29,750,765
2026-01-15,30,229,231
2026-01-15,31,233,235
2026-01-15,32,178,180
2026-01-15,33,248,250
2026-01-15,34,188,190
2026-01-15,35,255,257
2026-01-15,36,213,215
2026-01-15,37,181,182
2026-01-15,38,181,182
2026-01-15,39,393,395
2026-01-15,41,800,810
2026-01-15,42,208,210
2026-01-15,47,257,260
2026-01-15,48,300,305
2026-01-15,50,640,770
2026-01-15,51,600,660
2026-01-15,55,440,470
2026-01-15,56,220,230
2026-01-15,58,160,165
2026-01-15,63,125,135
2026-01-15,67,260,270
2026-01-15,71,150,155
2026-01-15,73,398,400
2026-01-15,75,392,395
2026-01-15,76,419,424
2026-01-15,77,420,424
2026-01-15,81,370,400
2026-01-15,86,1250,1260
2026-01-15,87,1130,1135
2026-01-15,88,1080,1085
2026-01-15,89,1690,1700
2026-01-15,92,1350,1355
2026-01-15,94,1310,1315
2026-01-15,95,1250,1255
2026-01-15,103,8.9,9.1
2026-01-15,104,3.9,4.1
2026-01-15,105,4,4.3
2026-01-15,106,3.3,3.4
2026-01-15,107,1.7,1.8
2026-01-15,110,510,515
2026-01-15,111,273,278
2026-01-15,114,255,256
2026-01-15,115,195,200
2026-01-15,117,425,427
2026-01-15,118,345,347
2026-01-15,121,475,477
2026-01-15,122,355,356
2026-01-15,124,352,355
2026-01-15,127,260,265
2026-01-15,128,235,240
2026-01-15,129,195,195
2026-01-15,130,180,180
2026-01-15,131,1390,1450
2026-01-15,132,910,920
2026-01-15,133,885,890
2026-01-15,134,1160,1180
2026-01-15,176,7.5,8.5
2026-01-15,177,20.5,21.5
2026-01-15,181,7.35,7.45
2026-01-15,182,7.55,7.65
2026-01-15,183,7.4,7.6
2026-01-15,184,8.5,8.6
2026-01-15,185,9.35,9.45
2026-01-15,186,12,12.1
2026-01-15,187,280,310
2026-01-15,188,230,240
2026-01-15,189,110,130
2026-01-15,328,0.57,0.61
2026-01-15,329,0.27,0.31
2026-01-15,331,0.44,0.5
2026-01-15,333,3.4,3.5
2026-01-15,335,3.8,3.85
2026-01-15,341,3.85,3.89
2026-01-15,342,3.9,3.94
2026-01-15,344,22.5,22.5
2026-01-15,345,20.7,20.7
2026-01-15,346,19.3,19.3
2026-01-15,347,17.3,17.3
2026-01-15,350,3.9,4.2
2026-01-15,351,3.35,3.65
2026-01-15,352,5.9,6.1
2026-01-15,353,6.5,6.7
2026-01-15,356,2.75,2.95
2026-01-15,357,2.95,3.15
2026-01-15,358,5.9,6.2
2026-01-15,361,6.55,6.85
2026-01-15,362,7.45,7.75
2026-01-15,363,7.5,7.9
2026-01-15,364,3.15,3.45
2026-01-15,365,2.8,3
2026-01-15,366,9.3,9.7
2026-01-15,367,4.1,4.3
2026-01-15,368,2.7,2.8
2026-01-15,369,9.3,9.7
2026-01-15,370,4.1,4.3
2026-01-15,371,2.7,2.8
2026-01-15,372,7,7.3
2026-01-15,674,1.48,1.52
2026-01-15,675,2.26,2.3
2026-01-15,676,3.35,3.65
2026-01-15,677,2.95,3.15
2026-01-15,678,3.75,3.95
2026-01-15,716,24.8,24.8
2026-01-15,717,23,23
2026-01-15,718,21.8,21.88
2026-01-15,719,18.8,18.8
2026-01-15,731,7.25,7.4
2026-01-15,732,9.3,9.4
2026-01-15,733,10.2,10.5
2026-01-15,734,11,11.1
2026-01-15,802,1600,1700
2026-01-15,803,1500,1600
2026-01-15,835,6.5,6.7
2026-01-15,836,7.05,7.35
2026-01-15,936,640,680
2026-01-15,938,245,250
2026-01-15,990,10.5,11
2026-01-15,991,11,11.5
2026-01-15,994,372,374
2026-01-15,996,2.8,3.2
2026-01-15,997,2.7,3.1
2026-01-15,1001,500,545
2026-01-15,1002,500,550
2026-01-15,1004,8.3,9
2026-01-15,1005,8.5,9.3
2026-01-15,1011,242,245
2026-01-15,1023,4.1,4.25
2026-01-15,1036,1.1,1.9
2026-01-15,1049,1.9,2
2026-01-15,1050,2,2.1
2026-01-15,1053,5.5,5.8
2026-01-15,1056,7.3,8
2026-01-15,1057,7.4,8.5
2026-01-15,1058,2.3,2.8
2026-01-15,1059,2.3,2.9
2026-01-15,1062,2.35,2.85
2026-01-15,1063,2.35,2.95
2026-01-15,1064,9.5,10.5
2026-01-15,1065,9.5,11
2026-01-15,1067,5.1,5.3
2026-01-15,1069,12,13
2026-01-15,1071,2.3,2.5
2026-01-15,1073,2.2,2.3
2026-01-15,1075,3.2,3.5
2026-01-15,1076,1.14,1.2
2026-01-15,1077,0.74,0.8
2026-01-15,1078,1.45,1.55
2026-01-15,1079,5.5,5.8
2026-01-15,1080,0.74,0.8
2026-01-15,1081,0.9,1
2026-01-15,1082,0.7,0.8
2026-01-15,1083,1.15,1.25
2026-01-15,1084,0.9,1.05
2026-01-15,1086,0.8,0.95
2026-01-15,1087,1.1,1.3
2026-01-15,1088,0.98,1.05
2026-01-15,1089,1,1.15
2026-01-15,1090,1.1,1.2
2026-01-15,1091,1.3,1.4
2026-01-15,1092,1.3,1.5
2026-01-15,1095,1.4,1.7
2026-01-15,1096,1.4,1.8
2026-01-15,1099,5.5,5.8
2026-01-15,1100,0.9,0.95
2026-01-15,1103,5.5,6
2026-01-15,1105,5.2,5.8
2026-01-15,1108,5.8,6.1
2026-01-15,1109,7,7.5
2026-01-15,1113,4.3,4.8
2026-01-15,1115,4.1,4.25
2026-01-15,1116,1.45,1.6
2026-01-15,1117,1.15,1.25
2026-01-15,1120,1.4,1.6
2026-01-15,1121,1.4,1.6
2026-01-15,1126,3.3,3.5
2026-01-15,1127,0.8,1.1
2026-01-19,2,254,256
2026-01-19,3,,
2026-01-19,4,229,230
2026-01-19,5,224,225
2026-01-19,6,,
2026-01-19,7,285,286
2026-01-19,8,285,286
2026-01-19,9,,
2026-01-19,10,225,227
2026-01-19,11,,
2026-01-19,12,,
2026-01-19,13,230,232
2026-01-19,14,218,219
2026-01-19,15,228,230
2026-01-19,16,218,219
2026-01-19,17,,
2026-01-19,18,,
2026-01-19,19,,
2026-01-19,20,230,232
2026-01-19,21,234,236
2026-01-19,22,,
2026-01-19,23,495,500
2026-01-19,24,480,485
2026-01-19,25,429,431
2026-01-19,26,424,427
2026-01-19,27,750,765
2026-01-19,28,750,765
2026-01-19,29,750,765
2026-01-19,30,209,211
2026-01-19,31,213,215
2026-01-19,32,158,160
2026-01-19,33,228,230
2026-01-19,34,168,170
2026-01-19,35,240,242
2026-01-19,36,198,200
2026-01-19,37,161,162
2026-01-19,38,161,162
2026-01-19,39,391,393
2026-01-19,40,,
2026-01-19,41,800,810
2026-01-19,42,208,210
2026-01-19,43,,
2026-01-19,44,,
2026-01-19,45,,
2026-01-19,46,,
2026-01-19,47,257,260
2026-01-19,48,300,305
2026-01-19,50,630,760
2026-01-19,51,590,650
2026-01-19,53,,2040
2026-01-19,54,,1970
2026-01-19,55,430,460
2026-01-19,56,210,220
2026-01-19,58,160,165
2026-01-19,61,,
2026-01-19,62,,
2026-01-19,63,125,135
2026-01-19,64,,
2026-01-19,65,,
2026-01-19,66,,
2026-01-19,67,260,270
2026-01-19,68,,
2026-01-19,69,,
2026-01-19,70,,
2026-01-19,71,150,155
2026-01-19,73,398,400
2026-01-19,74,,
2026-01-19,75,392,395
2026-01-19,76,419,424
2026-01-19,77,420,424
2026-01-19,78,,
2026-01-19,79,,
2026-01-19,80,,
2026-01-19,81,370,400
2026-01-19,82,,
2026-01-19,83,,
2026-01-19,84,,
2026-01-19,85,,
2026-01-19,86,1250,1260
2026-01-19,87,1160,1165
2026-01-19,88,1110,1115
2026-01-19,89,1690,1700
2026-01-19,90,,
2026-01-19,91,,
2026-01-19,92,1360,1365
2026-01-19,93,,
2026-01-19,94,1340,1345
2026-01-19,95,1280,1285
2026-01-19,96,,
2026-01-19,97,,
2026-01-19,98,,
2026-01-19,100,,
2026-01-19,101,,
2026-01-19,102,,
2026-01-19,103,8.9,9.1
2026-01-19,104,4,4.1
2026-01-19,105,4.1,4.3
2026-01-19,106,3.4,3.5
2026-01-19,107,1.8,1.9
2026-01-19,108,,
2026-01-19,109,,
2026-01-19,110,510,515
2026-01-19,111,273,278
2026-01-19,112,,
2026-01-19,113,,
2026-01-19,114,255,256
2026-01-19,115,195,200
2026-01-19,116,,
2026-01-19,117,415,417
2026-01-19,118,335,337
2026-01-19,119,,
2026-01-19,120,,
2026-01-19,121,465,467
2026-01-19,122,345,346
2026-01-19,123,,
2026-01-19,124,339,342
2026-01-19,125,,
2026-01-19,126,,
2026-01-19,127,260,265
2026-01-19,128,235,240
2026-01-19,129,195,195
2026-01-19,130,180,180
2026-01-19,131,1380,1440
2026-01-19,132,850,860
2026-01-19,133,825,830
2026-01-19,134,1080,1100
2026-01-19,176,7.5,8.5
2026-01-19,177,20.5,21.5
2026-01-19,181,7.25,7.35
2026-01-19,182,7.45,7.55
2026-01-19,183,7.3,7.5
2026-01-19,184,8.5,8.6
2026-01-19,185,9.35,9.45
2026-01-19,186,12,12.1
2026-01-19,187,280,310
2026-01-19,188,270,280
2026-01-19,189,140,160
2026-01-19,191,,
2026-01-19,192,,
2026-01-19,193,,
2026-01-19,194,,
2026-01-19,195,,
2026-01-19,196,,
2026-01-19,197,,
2026-01-19,198,,
2026-01-19,199,,
2026-01-19,328,0.57,0.61
2026-01-19,329,0.25,0.29
2026-01-19,331,0.42,0.48
2026-01-19,332,,
2026-01-19,333,3.4,3.5
2026-01-19,335,3.8,3.85
2026-01-19,336,,
2026-01-19,337,,
2026-01-19,340,,
2026-01-19,341,3.85,3.89
2026-01-19,342,3.9,3.94
2026-01-19,344,22.5,22.5
2026-01-19,345,20.7,20.7
2026-01-19,346,19.3,19.3
2026-01-19,347,17.3,17.3
2026-01-19,350,3.9,4.2
2026-01-19,351,3.35,3.65
2026-01-19,352,5.9,6.1
2026-01-19,353,6.5,6.7
2026-01-19,356,2.75,2.95
2026-01-19,357,2.95,3.15
2026-01-19,358,5.9,6.2
2026-01-19,361,6.55,6.85
2026-01-19,362,7.45,7.75
2026-01-19,363,7.5,7.9
2026-01-19,364,3.15,3.45
2026-01-19,365,2.8,3
2026-01-19,366,9.3,9.7
2026-01-19,367,4.1,4.3
2026-01-19,368,2.7,2.8
2026-01-19,369,9.3,9.7
2026-01-19,370,4.1,4.3
2026-01-19,371,2.7,2.8
2026-01-19,372,7,7.3
2026-01-19,670,,
2026-01-19,671,,
2026-01-19,672,,
2026-01-19,674,1.48,1.52
2026-01-19,675,2.26,2.3
2026-01-19,676,3.35,3.65
2026-01-19,677,2.95,3.15
2026-01-19,678,3.75,3.95
2026-01-19,716,24.8,24.8
2026-01-19,717,23,23
2026-01-19,718,21.8,21.88
2026-01-19,719,18.8,18.8
2026-01-19,727,,
2026-01-19,731,7.25,7.4
2026-01-19,732,9.3,9.4
2026-01-19,733,10.2,10.5
2026-01-19,734,11,11.1
2026-01-19,747,,
2026-01-19,802,1600,1700
2026-01-19,803,1500,1600
2026-01-19,835,6.5,6.7
2026-01-19,836,7.05,7.35
2026-01-19,891,,
2026-01-19,932,,
2026-01-19,936,640,680
2026-01-19,938,242,247
2026-01-19,990,10.5,11
2026-01-19,991,11,11.5
2026-01-19,994,362,364
2026-01-19,996,2.8,3.2
2026-01-19,997,2.7,3.1
2026-01-19,1001,500,545
2026-01-19,1002,500,550
2026-01-19,1004,8.3,9
2026-01-19,1005,8.5,9.3
2026-01-19,1006,,
2026-01-19,1007,,
2026-01-19,1011,238,240
2026-01-19,1028,,
2026-01-19,1029,,
2026-01-19,1032,,
2026-01-19,1033,,
2026-01-19,1036,1.1,1.9
2026-01-19,1049,1.9,2
2026-01-19,1050,2,2.1
2026-01-19,1053,5.5,5.8
2026-01-19,1054,,
2026-01-19,1055,,2640
2026-01-19,1056,7.3,8
2026-01-19,1057,7.4,8.5
2026-01-19,1058,2.3,2.8
2026-01-19,1059,2.3,2.9
2026-01-19,1062,2.35,2.85
2026-01-19,1063,2.35,2.95
2026-01-19,1064,9.5,10.5
2026-01-19,1065,9.5,11
2026-01-19,1067,5,5.1
2026-01-19,1068,,
2026-01-19,1069,12,13
2026-01-19,1070,,
2026-01-19,1071,2.3,2.5
2026-01-19,1072,,
2026-01-19,1073,2.2,2.3
2026-01-19,1076,1.14,1.2
2026-01-19,1077,0.74,0.8
2026-01-19,1078,1.45,1.55
2026-01-19,1079,5.5,5.8
2026-01-19,1080,0.74,0.8
2026-01-19,1081,0.9,1
2026-01-19,1082,0.7,0.8
2026-01-19,1083,1.15,1.25
2026-01-19,1084,0.9,1.05
2026-01-19,1086,0.8,0.95
2026-01-19,1087,1.1,1.3
2026-01-19,1088,0.98,1.05
2026-01-19,1089,1,1.15
2026-01-19,1090,1.1,1.2
2026-01-19,1091,1.3,1.4
2026-01-19,1092,1.3,1.5
2026-01-19,1095,1.4,1.7
2026-01-19,1096,1.4,1.8
2026-01-19,1098,1.1,1.9
2026-01-19,1099,5.5,5.8
2026-01-19,1100,0.9,0.95
2026-01-19,1103,5.5,6
2026-01-19,1105,5.2,5.8
2026-01-19,1108,5.8,6.1
2026-01-19,1109,7,7.5
2026-01-19,1113,4.3,4.8
2026-01-19,1115,4.1,4.25
2026-01-19,1116,1.45,1.6
2026-01-19,1117,1.15,1.25
2026-01-19,1120,1.4,1.6
2026-01-19,1121,1.4,1.6
2026-01-19,1123,,
2026-01-19,1124,,
2026-01-19,1125,,
2026-01-19,1126,3.3,3.5
2026-01-19,1127,0.8,1.1
2026-01-26,2,254,256
2026-01-26,3,,
2026-01-26,4,229,230
2026-01-26,5,224,225
2026-01-26,6,,
2026-01-26,7,285,286
2026-01-26,8,285,286
2026-01-26,9,,
2026-01-26,10,222,224
2026-01-26,11,,
2026-01-26,12,,
2026-01-26,13,228,230
2026-01-26,14,217,218
2026-01-26,15,228,230
2026-01-26,16,216,217
2026-01-26,17,,
2026-01-26,18,,
2026-01-26,19,,
2026-01-26,20,230,232
2026-01-26,21,234,236
2026-01-26,22,,
2026-01-26,23,490,495
2026-01-26,24,475,480
2026-01-26,25,424,426
2026-01-26,26,419,422
2026-01-26,27,750,765
2026-01-26,28,750,765
2026-01-26,29,750,765
2026-01-26,30,194,196
2026-01-26,31,198,200
2026-01-26,32,143,145
2026-01-26,33,213,215
2026-01-26,34,153,155
2026-01-26,35,215,217
2026-01-26,36,173,175
2026-01-26,37,149,150
2026-01-26,38,149,150
2026-01-26,39,390,392
2026-01-26,40,,
2026-01-26,41,800,810
2026-01-26,42,208,210
2026-01-26,43,,
2026-01-26,44,,
2026-01-26,45,,
2026-01-26,46,,
2026-01-26,47,262,265
2026-01-26,48,300,305
2026-01-26,50,630,760
2026-01-26,51,560,620
2026-01-26,53,,2040
2026-01-26,54,,1940
2026-01-26,55,430,460
2026-01-26,56,200,210
2026-01-26,58,160,165
2026-01-26,61,,
2026-01-26,62,,
2026-01-26,63,125,135
2026-01-26,64,,
2026-01-26,65,,
2026-01-26,66,,
2026-01-26,67,260,270
2026-01-26,68,,
2026-01-26,69,,
2026-01-26,70,,
2026-01-26,71,150,155
2026-01-26,73,396,398
2026-01-26,74,,
2026-01-26,75,392,395
2026-01-26,76,419,422
2026-01-26,77,420,422
2026-01-26,78,,
2026-01-26,79,,
2026-01-26,80,,
2026-01-26,81,370,400
2026-01-26,82,,
2026-01-26,83,,
2026-01-26,84,,
2026-01-26,85,,
2026-01-26,86,1280,1290
2026-01-26,87,1170,1175
2026-01-26,88,1120,1125
2026-01-26,89,1680,1690
2026-01-26,90,10,10
2026-01-26,91,,
2026-01-26,92,1370,1375
2026-01-26,93,,
2026-01-26,94,1350,1355
2026-01-26,95,1290,1295
2026-01-26,96,,
2026-01-26,97,,
2026-01-26,98,,
2026-01-26,100,,
2026-01-26,101,,
2026-01-26,102,,
2026-01-26,103,8.7,9.1
2026-01-26,104,4,4.1
2026-01-26,105,4.1,4.3
2026-01-26,106,3.5,3.6
2026-01-26,107,1.9,2
2026-01-26,108,,
2026-01-26,109,,
2026-01-26,110,505,510
2026-01-26,111,,
2026-01-26,112,270,275
2026-01-26,113,,
2026-01-26,114,259,260
2026-01-26,115,195,200
2026-01-26,116,,
2026-01-26,117,415,417
2026-01-26,118,338,340
2026-01-26,119,,
2026-01-26,120,,
2026-01-26,121,465,467
2026-01-26,122,348,349
2026-01-26,123,,
2026-01-26,124,346,347
2026-01-26,125,,
2026-01-26,126,,
2026-01-26,127,260,265
2026-01-26,128,235,240
2026-01-26,129,195,195
2026-01-26,130,180,180
2026-01-26,131,1360,1420
2026-01-26,132,790,800
2026-01-26,133,765,770
2026-01-26,134,1000,1020
2026-01-26,176,7.5,8.5
2026-01-26,177,19.5,20.5
2026-01-26,181,7.25,7.35
2026-01-26,182,7.45,7.55
2026-01-26,183,7.3,7.5
2026-01-26,184,8.5,8.6
2026-01-26,185,9.35,9.45
2026-01-26,186,12,12.1
2026-01-26,187,280,310
2026-01-26,188,270,290
2026-01-26,189,150,160
2026-01-26,191,,
2026-01-26,192,,
2026-01-26,193,,
2026-01-26,194,,
2026-01-26,195,,
2026-01-26,196,,
2026-01-26,197,,
2026-01-26,198,,
2026-01-26,199,,
2026-01-26,328,0.57,0.61
2026-01-26,329,0.25,0.29
2026-01-26,331,0.42,0.48
2026-01-26,332,,
2026-01-26,333,3.4,3.5
2026-01-26,335,3.8,3.85
2026-01-26,336,,
2026-01-26,337,,
2026-01-26,340,,
2026-01-26,341,3.85,3.89
2026-01-26,342,3.9,3.94
2026-01-26,344,22.5,22.5
2026-01-26,345,20.7,20.7
2026-01-26,346,19.3,19.3
2026-01-26,347,17.3,17.3
2026-01-26,350,3.9,4.2
2026-01-26,351,3.35,3.65
2026-01-26,352,5.9,6.1
2026-01-26,353,6.5,6.7
2026-01-26,356,2.75,2.95
2026-01-26,357,2.95,3.15
2026-01-26,358,5.9,6.2
2026-01-26,361,6.55,6.85
2026-01-26,362,7.45,7.75
2026-01-26,363,7.5,7.9
2026-01-26,364,3.15,3.45
2026-01-26,365,2.8,3
2026-01-26,366,9.3,9.7
2026-01-26,367,4.1,4.3
2026-01-26,368,2.7,2.8
2026-01-26,369,9.3,9.7
2026-01-26,370,4.1,4.3
2026-01-26,371,2.7,2.8
2026-01-26,372,6.8,7.1
2026-01-26,670,,
2026-01-26,671,,
2026-01-26,672,260,265
2026-01-26,674,1.48,1.52
2026-01-26,675,2.26,2.3
2026-01-26,676,3.35,3.65
2026-01-26,677,2.95,3.15
2026-01-26,678,3.75,3.95
2026-01-26,716,24.8,24.8
2026-01-26,717,23,23
2026-01-26,718,21.8,21.88
2026-01-26,719,18.8,18.8
2026-01-26,727,,
2026-01-26,731,7.25,7.4
2026-01-26,732,9.3,9.4
2026-01-26,733,10.2,10.5
2026-01-26,734,11,11.1
2026-01-26,747,,
2026-01-26,802,1500,1600
2026-01-26,803,1400,1500
2026-01-26,835,6.5,6.7
2026-01-26,836,7.05,7.35
2026-01-26,891,,
2026-01-26,932,,
2026-01-26,936,640,680
2026-01-26,938,242,247
2026-01-26,990,10.5,11
2026-01-26,991,11,11.5
2026-01-26,994,365,367
2026-01-26,996,2.8,3.2
2026-01-26,997,2.7,3.1
2026-01-26,1001,500,545
2026-01-26,1002,500,550
2026-01-26,1004,8.3,9
2026-01-26,1005,8.5,9.3
2026-01-26,1006,,
2026-01-26,1007,,
2026-01-26,1011,235,240
2026-01-26,1036,1.1,1.9
2026-01-26,1049,1.9,2
2026-01-26,1050,2,2.1
2026-01-26,1054,,
2026-01-26,1055,,2610
2026-01-26,1056,7.3,8
2026-01-26,1057,7.4,8.5
2026-01-26,1058,2.3,2.8
2026-01-26,1059,2.3,2.9
2026-01-26,1062,2.35,2.85
2026-01-26,1063,2.35,2.95
2026-01-26,1064,9.5,10.5
2026-01-26,1065,9.5,11
2026-01-26,1067,5,5.1
2026-01-26,1068,,
2026-01-26,1069,12,13
2026-01-26,1070,,
2026-01-26,1071,2.3,2.5
2026-01-26,1072,,
2026-01-26,1073,2.2,2.3
2026-01-26,1076,1.14,1.2
2026-01-26,1077,0.74,0.8
2026-01-26,1078,1.45,1.55
2026-01-26,1079,5.5,5.8
2026-01-26,1080,0.74,0.8
2026-01-26,1081,0.9,1
2026-01-26,1082,0.7,0.8
2026-01-26,1083,1.15,1.25
2026-01-26,1084,0.9,1.05
2026-01-26,1086,0.8,0.95
2026-01-26,1087,1.1,1.3
2026-01-26,1088,0.98,1.05
2026-01-26,1089,1,1.15
2026-01-26,1090,1.1,1.2
2026-01-26,1091,1.3,1.4
2026-01-26,1092,1.3,1.5
2026-01-26,1095,1.4,1.7
2026-01-26,1096,1.4,1.8
2026-01-26,1098,1.1,1.9
2026-01-26,1099,5.5,5.8
2026-01-26,1100,0.9,0.95
2026-01-26,1103,5.5,6
2026-01-26,1105,5.2,5.8
2026-01-26,1108,5.8,6.1
2026-01-26,1109,7,7.5
2026-01-26,1113,4.3,4.8
2026-01-26,1115,4.1,4.25
2026-01-26,1116,1.45,1.6
2026-01-26,1117,1.15,1.25
2026-01-26,1120,1.4,1.6
2026-01-26,1121,1.4,1.6
2026-01-26,1123,,
2026-01-26,1124,,
2026-01-26,1125,,
2026-01-26,1126,3.3,3.5
2026-01-26,1127,0.8,1.1
2026-01-30,2,254,256
2026-01-30,4,229,230
2026-01-30,5,224,225
2026-01-30,7,285,286
2026-01-30,8,285,286
2026-01-30,10,223.5,225.5
2026-01-30,13,229,231
2026-01-30,14,217.5,218.5
2026-01-30,15,228,230
2026-01-30,16,217,218
2026-01-30,20,230,232
2026-01-30,21,234,236
2026-01-30,23,492.5,497.5
2026-01-30,24,477.5,482.5
2026-01-30,25,426.5,428.5
2026-01-30,26,421.5,424.5
2026-01-30,27,750,765
2026-01-30,28,750,765
2026-01-30,29,750,765
2026-01-30,30,201.5,203.5
2026-01-30,31,205.5,207.5
2026-01-30,32,150.5,152.5
2026-01-30,33,220.5,222.5
2026-01-30,34,160.5,162.5
2026-01-30,35,227.5,229.5
2026-01-30,36,185.5,187.5
2026-01-30,37,155,156
2026-01-30,38,155,156
2026-01-30,39,390.5,392.5
2026-01-30,41,800,810
2026-01-30,42,208,210
2026-01-30,47,259.5,262.5
2026-01-30,48,300,305
2026-01-30,50,630,760
2026-01-30,51,575,635
2026-01-30,55,430,460
2026-01-30,56,205,215
2026-01-30,58,160,165
2026-01-30,63,125,135
2026-01-30,67,260,270
2026-01-30,71,150,155
2026-01-30,73,397,399
2026-01-30,75,392,395
2026-01-30,76,419,423
2026-01-30,77,420,423
2026-01-30,81,370,400
2026-01-30,86,1265,1275
2026-01-30,87,1165,1170
2026-01-30,88,1115,1120
2026-01-30,89,1685,1695
2026-01-30,90,10,10
2026-01-30,92,1365,1370
2026-01-30,94,1345,1350
2026-01-30,95,1285,1290
2026-01-30,103,8.8,9.1
2026-01-30,104,4,4.1
2026-01-30,105,4.1,4.3
2026-01-30,106,3.45,3.55
2026-01-30,107,1.85,1.95
2026-01-30,110,507.5,512.5
2026-01-30,111,273,278
2026-01-30,112,270,275
2026-01-30,114,257,258
2026-01-30,115,195,200
2026-01-30,117,415,417
2026-01-30,118,336.5,338.5
2026-01-30,121,465,467
2026-01-30,122,346.5,347.5
2026-01-30,124,342.5,344.5
2026-01-30,127,260,265
2026-01-30,128,235,240
2026-01-30,129,195,195
2026-01-30,130,180,180
2026-01-30,131,1370,1430
2026-01-30,132,820,830
2026-01-30,133,795,800
2026-01-30,134,1040,1060
2026-01-30,176,7.5,8.5
2026-01-30,177,20,21
2026-01-30,181,7.25,7.35
2026-01-30,182,7.45,7.55
2026-01-30,183,7.3,7.5
2026-01-30,184,8.5,8.6
2026-01-30,185,9.35,9.45
2026-01-30,186,12,12.1
2026-01-30,187,280,310
2026-01-30,188,270,285
2026-01-30,189,145,160
2026-01-30,328,0.57,0.61
2026-01-30,329,0.25,0.29
2026-01-30,331,0.42,0.48
2026-01-30,333,3.4,3.5
2026-01-30,335,3.8,3.85
2026-01-30,341,3.85,3.89
2026-01-30,342,3.9,3.94
2026-01-30,344,22.5,22.5
2026-01-30,345,20.7,20.7
2026-01-30,346,19.3,19.3
2026-01-30,347,17.3,17.3
2026-01-30,350,3.9,4.2
2026-01-30,351,3.35,3.65
2026-01-30,352,5.9,6.1
2026-01-30,353,6.5,6.7
2026-01-30,356,2.75,2.95
2026-01-30,357,2.95,3.15
2026-01-30,358,5.9,6.2
2026-01-30,361,6.55,6.85
2026-01-30,362,7.45,7.75
2026-01-30,363,7.5,7.9
2026-01-30,364,3.15,3.45
2026-01-30,365,2.8,3
2026-01-30,366,9.3,9.7
2026-01-30,367,4.1,4.3
2026-01-30,368,2.7,2.8
2026-01-30,369,9.3,9.7
2026-01-30,370,4.1,4.3
2026-01-30,371,2.7,2.8
2026-01-30,372,6.9,7.2
2026-01-30,672,260,265
2026-01-30,674,1.48,1.52
2026-01-30,675,2.26,2.3
2026-01-30,676,3.35,3.65
2026-01-30,677,2.95,3.15
2026-01-30,678,3.75,3.95
2026-01-30,716,24.8,24.8
2026-01-30,717,23,23
2026-01-30,718,21.8,21.88
2026-01-30,719,18.8,18.8
2026-01-30,731,7.25,7.4
2026-01-30,732,9.3,9.4
2026-01-30,733,10.2,10.5
2026-01-30,734,11,11.1
2026-01-30,802,1550,1650
2026-01-30,803,1450,1550
2026-01-30,835,6.5,6.7
2026-01-30,836,7.05,7.35
2026-01-30,936,640,680
2026-01-30,938,242,247
2026-01-30,990,10.5,11
2026-01-30,991,11,11.5
2026-01-30,994,363.5,365.5
2026-01-30,996,2.8,3.2
2026-01-30,997,2.7,3.1
2026-01-30,1001,500,545
2026-01-30,1002,500,550
2026-01-30,1004,8.3,9
2026-01-30,1005,8.5,9.3
2026-01-30,1011,236.5,240
2026-01-30,1036,1.1,1.9
2026-01-30,1049,1.9,2
2026-01-30,1050,2,2.1
2026-01-30,1053,5.5,5.8
2026-01-30,1056,7.3,8
2026-01-30,1057,7.4,8.5
2026-01-30,1058,2.3,2.8
2026-01-30,1059,2.3,2.9
2026-01-30,1062,2.35,2.85
2026-01-30,1063,2.35,2.95
2026-01-30,1064,9.5,10.5
2026-01-30,1065,9.5,11
2026-01-30,1067,5,5.1
2026-01-30,1069,12,13
2026-01-30,1071,2.3,2.5
2026-01-30,1073,2.2,2.3
2026-01-30,1076,1.14,1.2
2026-01-30,1077,0.74,0.8
2026-01-30,1078,1.45,1.55
2026-01-30,1079,5.5,5.8
2026-01-30,1080,0.74,0.8
2026-01-30,1081,0.9,1
2026-01-30,1082,0.7,0.8
2026-01-30,1083,1.15,1.25
2026-01-30,1084,0.9,1.05
2026-01-30,1086,0.8,0.95
2026-01-30,1087,1.1,1.3
2026-01-30,1088,0.98,1.05
2026-01-30,1089,1,1.15
2026-01-30,1090,1.1,1.2
2026-01-30,1091,1.3,1.4
2026-01-30,1092,1.3,1.5
2026-01-30,1095,1.4,1.7
2026-01-30,1096,1.4,1.8
2026-01-30,1098,1.1,1.9
2026-01-30,1099,5.5,5.8
2026-01-30,1100,0.9,0.95
2026-01-30,1103,5.5,6
2026-01-30,1105,5.2,5.8
2026-01-30,1108,5.8,6.1
2026-01-30,1109,7,7.5
2026-01-30,1113,4.3,4.8
2026-01-30,1115,4.1,4.25
2026-01-30,1116,1.45,1.6
2026-01-30,1117,1.15,1.25
2026-01-30,1120,1.4,1.6
2026-01-30,1121,1.4,1.6
2026-01-30,1126,3.3,3.5
2026-01-30,1127,0.8,1.1
2026-02-02,2,252,254
2026-02-02,3,,
2026-02-02,4,227,228
2026-02-02,5,222,223
2026-02-02,6,,
2026-02-02,7,280,281
2026-02-02,8,278,279
2026-02-02,9,,
2026-02-02,10,222,224
2026-02-02,11,,
2026-02-02,12,,
2026-02-02,13,228,230
2026-02-02,14,217,218
2026-02-02,15,226,228
2026-02-02,16,216,217
2026-02-02,17,,
2026-02-02,18,,
2026-02-02,19,,
2026-02-02,20,230,232
2026-02-02,21,234,236
2026-02-02,22,,
2026-02-02,23,490,495
2026-02-02,24,475,480
2026-02-02,25,424,426
2026-02-02,26,419,422
2026-02-02,27,750,765
2026-02-02,28,750,765
2026-02-02,29,750,765
2026-02-02,30,184,186
2026-02-02,31,188,190
2026-02-02,32,133,135
2026-02-02,33,205,207
2026-02-02,34,145,147
2026-02-02,35,207,209
2026-02-02,36,165,167
2026-02-02,37,149,150
2026-02-02,38,149,150
2026-02-02,39,390,392
2026-02-02,40,,
2026-02-02,41,800,810
2026-02-02,42,208,210
2026-02-02,43,,
2026-02-02,44,,
2026-02-02,45,,
2026-02-02,46,,
2026-02-02,47,267,270
2026-02-02,48,300,305
2026-02-02,50,620,750
2026-02-02,51,540,600
2026-02-02,53,,2020
2026-02-02,54,,1900
2026-02-02,55,430,460
2026-02-02,56,200,210
2026-02-02,58,160,165
2026-02-02,61,,
2026-02-02,62,,
2026-02-02,63,120,130
2026-02-02,64,,
2026-02-02,65,,
2026-02-02,66,,
2026-02-02,67,260,270
2026-02-02,68,,
2026-02-02,69,,
2026-02-02,70,,
2026-02-02,71,150,155
2026-02-02,73,399,401
2026-02-02,74,,
2026-02-02,75,392,395
2026-02-02,76,422,425
2026-02-02,77,420,422
2026-02-02,78,,
2026-02-02,79,,
2026-02-02,80,,
2026-02-02,81,370,400
2026-02-02,82,,
2026-02-02,83,,
2026-02-02,84,,
2026-02-02,85,,
2026-02-02,86,1270,1280
2026-02-02,87,1150,1155
2026-02-02,88,1100,1105
2026-02-02,89,1680,1690
2026-02-02,90,,
2026-02-02,91,,
2026-02-02,92,1370,1375
2026-02-02,93,,
2026-02-02,94,1330,1335
2026-02-02,95,1270,1275
2026-02-02,96,,
2026-02-02,97,,
2026-02-02,98,,
2026-02-02,100,,
2026-02-02,101,,
2026-02-02,102,,
2026-02-02,103,8.7,9.1
2026-02-02,104,4,4.1
2026-02-02,105,4.1,4.3
2026-02-02,106,3.5,3.6
2026-02-02,107,1.9,2
2026-02-02,108,,
2026-02-02,109,,
2026-02-02,110,500,505
2026-02-02,111,,
2026-02-02,112,275,280
2026-02-02,113,,
2026-02-02,114,259,260
2026-02-02,115,195,200
2026-02-02,116,,
2026-02-02,117,415,417
2026-02-02,118,343,345
2026-02-02,119,,
2026-02-02,120,,
2026-02-02,121,465,467
2026-02-02,122,353,354
2026-02-02,123,,
2026-02-02,124,349,350
2026-02-02,125,,
2026-02-02,126,,
2026-02-02,127,260,265
2026-02-02,128,235,240
2026-02-02,129,195,195
2026-02-02,130,180,180
2026-02-02,131,1340,1400
2026-02-02,132,730,740
2026-02-02,133,705,710
2026-02-02,134,920,940
2026-02-02,176,7.5,8.5
2026-02-02,177,19.5,20.5
2026-02-02,181,7.25,7.35
2026-02-02,182,7.45,7.55
2026-02-02,183,7.3,7.5
2026-02-02,184,8.5,8.6
2026-02-02,185,9.35,9.45
2026-02-02,186,12,12.1
2026-02-02,187,280,305
2026-02-02,188,270,285
2026-02-02,189,150,165
2026-02-02,191,,
2026-02-02,192,,
2026-02-02,193,,
2026-02-02,194,,
2026-02-02,195,,
2026-02-02,196,,
2026-02-02,197,,
2026-02-02,198,,
2026-02-02,199,,
2026-02-02,328,0.57,0.61
2026-02-02,329,0.25,0.29
2026-02-02,331,0.42,0.48
2026-02-02,332,,
2026-02-02,333,3.4,3.5
2026-02-02,335,3.8,3.85
2026-02-02,336,,
2026-02-02,337,,
2026-02-02,340,,
2026-02-02,341,3.85,3.89
2026-02-02,342,3.9,3.94
2026-02-02,344,22.7,22.7
2026-02-02,345,20.9,20.9
2026-02-02,346,19.5,19.5
2026-02-02,347,17.5,17.5
2026-02-02,350,3.9,4.2
2026-02-02,351,3.35,3.65
2026-02-02,352,5.9,6.1
2026-02-02,353,6.5,6.7
2026-02-02,356,2.75,2.95
2026-02-02,357,2.95,3.15
2026-02-02,358,5.9,6.2
2026-02-02,361,6.55,6.85
2026-02-02,362,7.45,7.75
2026-02-02,363,7.5,7.9
2026-02-02,364,3.15,3.45
2026-02-02,365,2.8,3
2026-02-02,366,9.3,9.7
2026-02-02,367,4.1,4.3
2026-02-02,368,2.7,2.8
2026-02-02,369,9.3,9.7
2026-02-02,370,4.1,4.3
2026-02-02,371,2.7,2.8
2026-02-02,372,6.6,6.9
2026-02-02,670,,
2026-02-02,671,,
2026-02-02,672,265,270
2026-02-02,674,1.48,1.52
2026-02-02,675,2.26,2.3
2026-02-02,676,3.35,3.65
2026-02-02,677,2.95,3.15
2026-02-02,678,3.75,3.95
2026-02-02,716,25,25
2026-02-02,717,23.2,23.2
2026-02-02,718,22,22
2026-02-02,719,19,19
2026-02-02,727,,
2026-02-02,731,7.25,7.4
2026-02-02,732,9.3,9.4
2026-02-02,733,10.2,10.5
2026-02-02,734,11,11.1
2026-02-02,747,,
2026-02-02,802,1400,1500
2026-02-02,803,1300,1400
2026-02-02,835,6.5,6.7
2026-02-02,836,7.05,7.35
2026-02-02,891,,
2026-02-02,932,,
2026-02-02,936,640,680
2026-02-02,938,240,245
2026-02-02,990,10.5,11
2026-02-02,991,11,11.5
2026-02-02,994,370,372
2026-02-02,996,2.8,3.2
2026-02-02,997,2.7,3.1
2026-02-02,1001,500,545
2026-02-02,1002,500,550
2026-02-02,1004,8.3,9
2026-02-02,1005,8.5,9.3
2026-02-02,1006,,
2026-02-02,1007,,
2026-02-02,1011,235,240
2026-02-02,1036,1.1,1.9
2026-02-02,1049,1.9,2
2026-02-02,1050,2,2.1
2026-02-02,1054,,
2026-02-02,1055,,2570
2026-02-02,1056,7.3,8
2026-02-02,1057,7.4,8.5
2026-02-02,1058,2.3,2.8
2026-02-02,1059,2.3,2.9
2026-02-02,1062,2.35,2.85
2026-02-02,1063,2.35,2.95
2026-02-02,1064,9.5,10.5
2026-02-02,1065,9.5,11
2026-02-02,1067,5,5.1
2026-02-02,1068,,
2026-02-02,1069,12,13
2026-02-02,1070,,
2026-02-02,1071,2.3,2.5
2026-02-02,1072,,
2026-02-02,1073,2.2,2.3
2026-02-02,1076,1.14,1.2
2026-02-02,1077,0.74,0.8
2026-02-02,1078,1.45,1.55
2026-02-02,1079,5.5,5.8
2026-02-02,1080,0.74,0.8
2026-02-02,1081,0.9,1
2026-02-02,1082,0.7,0.8
2026-02-02,1083,1.15,1.25
2026-02-02,1084,0.9,1.05
2026-02-02,1086,0.8,0.95
2026-02-02,1087,1.1,1.3
2026-02-02,1088,0.98,1.05
2026-02-02,1089,1,1.15
2026-02-02,1090,1.1,1.2
2026-02-02,1091,1.3,1.4
2026-02-02,1092,1.3,1.5
2026-02-02,1095,1.4,1.7
2026-02-02,1096,1.4,1.8
2026-02-02,1098,1.1,1.9
2026-02-02,1099,5.5,5.8
2026-02-02,1100,0.9,0.95
2026-02-02,1103,5.5,6
2026-02-02,1105,5.2,5.8
2026-02-02,1108,5.8,6.1
2026-02-02,1109,7,7.5
2026-02-02,1113,4.3,4.8
2026-02-02,1115,4.1,4.25
2026-02-02,1116,1.45,1.6
2026-02-02,1117,1.15,1.25
2026-02-02,1120,1.4,1.6
2026-02-02,1121,1.4,1.6
2026-02-02,1123,,
2026-02-02,1124,,
2026-02-02,1125,,
2026-02-02,1126,3.3,3.5
2026-02-02,1127,0.8,1.1
2026-02-09,2,250,252
2026-02-09,3,,
2026-02-09,4,225,226
2026-02-09,5,220,221
2026-02-09,6,,
2026-02-09,7,275,276
2026-02-09,8,275,276
2026-02-09,9,,
2026-02-09,10,220,221
2026-02-09,11,,
2026-02-09,12,,
2026-02-09,13,228,230
2026-02-09,14,217,218
2026-02-09,15,226,228
2026-02-09,16,218,219
2026-02-09,17,,
2026-02-09,18,,
2026-02-09,19,,
2026-02-09,20,230,232
2026-02-09,21,231,233
2026-02-09,22,,
2026-02-09,23,490,495
2026-02-09,24,475,480
2026-02-09,25,424,426
2026-02-09,26,419,422
2026-02-09,27,750,765
2026-02-09,28,750,765
2026-02-09,29,750,765
2026-02-09,30,184,186
2026-02-09,31,188,190
2026-02-09,32,133,135
2026-02-09,33,205,207
2026-02-09,34,145,147
2026-02-09,35,205,207
2026-02-09,36,163,165
2026-02-09,37,149,150
2026-02-09,38,149,150
2026-02-09,39,390,392
2026-02-09,40,,
2026-02-09,41,800,810
2026-02-09,42,210,212
2026-02-09,43,,
2026-02-09,44,,
2026-02-09,45,,
2026-02-09,46,,
2026-02-09,47,272,275
2026-02-09,48,300,305
2026-02-09,50,620,750
2026-02-09,51,540,600
2026-02-09,53,,2020
2026-02-09,54,,1900
2026-02-09,55,430,460
2026-02-09,56,200,210
2026-02-09,58,160,165
2026-02-09,61,,
2026-02-09,62,,
2026-02-09,63,120,130
2026-02-09,64,,
2026-02-09,65,,
2026-02-09,66,,
2026-02-09,67,260,270
2026-02-09,68,,
2026-02-09,69,,
2026-02-09,70,,
2026-02-09,71,150,155
2026-02-09,73,405,407
2026-02-09,74,,
2026-02-09,75,402,405
2026-02-09,76,428,431
2026-02-09,77,430,432
2026-02-09,78,,
2026-02-09,79,,
2026-02-09,80,,
2026-02-09,81,370,400
2026-02-09,82,,
2026-02-09,83,,
2026-02-09,84,,
2026-02-09,85,,
2026-02-09,86,1280,1290
2026-02-09,87,1180,1185
2026-02-09,88,1130,1135
2026-02-09,89,1680,1690
2026-02-09,90,,
2026-02-09,91,,
2026-02-09,92,1360,1365
2026-02-09,93,,
2026-02-09,94,1360,1365
2026-02-09,95,1300,1305
2026-02-09,96,,
2026-02-09,97,,
2026-02-09,98,,
2026-02-09,100,,
2026-02-09,101,,
2026-02-09,102,,
2026-02-09,103,8.5,9.1
2026-02-09,104,4,4.1
2026-02-09,105,4.2,4.4
2026-02-09,106,3.5,3.6
2026-02-09,107,1.9,2
2026-02-09,108,,
2026-02-09,109,,
2026-02-09,110,495,500
2026-02-09,111,,
2026-02-09,112,280,285
2026-02-09,113,,
2026-02-09,114,262,263
2026-02-09,115,195,200
2026-02-09,116,,
2026-02-09,117,420,422
2026-02-09,118,348,350
2026-02-09,119,,
2026-02-09,120,,
2026-02-09,121,470,472
2026-02-09,122,358,359
2026-02-09,123,,
2026-02-09,124,351,352
2026-02-09,125,,
2026-02-09,126,,
2026-02-09,127,260,265
2026-02-09,128,235,240
2026-02-09,129,195,195
2026-02-09,130,180,180
2026-02-09,131,1320,1380
2026-02-09,132,680,690
2026-02-09,133,655,660
2026-02-09,134,860,880
2026-02-09,176,6.5,7.5
2026-02-09,177,18.5,19.5
2026-02-09,181,7.25,7.35
2026-02-09,182,7.45,7.55
2026-02-09,183,7.3,7.5
2026-02-09,184,8.5,8.6
2026-02-09,185,9.35,9.45
2026-02-09,186,12,12.1
2026-02-09,187,270,290
2026-02-09,188,260,270
2026-02-09,189,150,160
2026-02-09,191,,
2026-02-09,192,,
2026-02-09,193,,
2026-02-09,194,,
2026-02-09,195,,
2026-02-09,196,,
2026-02-09,197,,
2026-02-09,198,,
2026-02-09,199,,
2026-02-09,328,0.57,0.61
2026-02-09,329,0.25,0.29
2026-02-09,331,0.42,0.48
2026-02-09,332,,
2026-02-09,333,3.4,3.5
2026-02-09,335,3.8,3.85
2026-02-09,336,,
2026-02-09,337,,
2026-02-09,340,,
2026-02-09,341,3.85,3.89
2026-02-09,342,3.9,3.94
2026-02-09,344,22.8,22.8
2026-02-09,345,21,21
2026-02-09,346,19.6,19.6
2026-02-09,347,17.6,17.6
2026-02-09,350,3.9,4.2
2026-02-09,351,3.25,3.55
2026-02-09,352,5.9,6.1
2026-02-09,353,6.5,6.7
2026-02-09,356,2.75,2.95
2026-02-09,357,2.95,3.15
2026-02-09,358,5.9,6.2
2026-02-09,361,6.55,6.85
2026-02-09,362,7.45,7.75
2026-02-09,363,7.4,7.8
2026-02-09,364,3.05,3.35
2026-02-09,365,2.8,3
2026-02-09,366,9.3,9.7
2026-02-09,367,4.1,4.3
2026-02-09,368,2.7,2.8
2026-02-09,369,9.3,9.7
2026-02-09,370,4.1,4.3
2026-02-09,371,2.7,2.8
2026-02-09,372,6.5,6.8
2026-02-09,670,,
2026-02-09,671,,
2026-02-09,672,275,280
2026-02-09,674,1.44,1.48
2026-02-09,675,2.26,2.3
2026-02-09,676,3.25,3.55
2026-02-09,677,2.95,3.15
2026-02-09,678,3.75,3.95
2026-02-09,716,25.1,25.1
2026-02-09,717,23.3,23.3
2026-02-09,718,22.1,22.1
2026-02-09,719,19.1,19.1
2026-02-09,727,,
2026-02-09,731,7.25,7.4
2026-02-09,732,9.3,9.4
2026-02-09,733,10.2,10.5
2026-02-09,734,11,11.1
2026-02-09,747,,
2026-02-09,802,1500,1600
2026-02-09,803,1400,1500
2026-02-09,835,6.5,6.7
2026-02-09,836,7.05,7.35
2026-02-09,891,,
2026-02-09,932,,
2026-02-09,936,640,680
2026-02-09,938,238,243
2026-02-09,990,10.5,11
2026-02-09,991,11,11.5
2026-02-09,994,375,377
2026-02-09,996,2.8,3.2
2026-02-09,997,2.7,3.1
2026-02-09,1001,430,530
2026-02-09,1002,480,520
2026-02-09,1004,8.3,9
2026-02-09,1005,8.5,9.3
2026-02-09,1006,,
2026-02-09,1007,,
2026-02-09,1011,235,240
2026-02-09,1036,1.1,1.9
2026-02-09,1049,1.9,2
2026-02-09,1050,2,2.1
2026-02-09,1054,,
2026-02-09,1055,,2570
2026-02-09,1056,7.3,8
2026-02-09,1057,7.4,8.5
2026-02-09,1058,2.3,2.8
2026-02-09,1059,2.3,2.9
2026-02-09,1062,2.35,2.85
2026-02-09,1063,2.35,2.95
2026-02-09,1064,9.5,10.5
2026-02-09,1065,9.5,11
2026-02-09,1067,5,5.1
2026-02-09,1068,,
2026-02-09,1069,12,13
2026-02-09,1071,2.3,2.5
2026-02-09,1072,,
2026-02-09,1073,2.2,2.3
2026-02-09,1076,1.14,1.2
2026-02-09,1077,0.74,0.8
2026-02-09,1078,1.45,1.55
2026-02-09,1079,5.5,5.8
2026-02-09,1080,0.74,0.8
2026-02-09,1081,0.9,1
2026-02-09,1082,0.7,0.8
2026-02-09,1083,1.15,1.25
2026-02-09,1084,0.9,1.05
2026-02-09,1086,0.8,0.95
2026-02-09,1087,1.1,1.3
2026-02-09,1088,0.98,1.05
2026-02-09,1089,1,1.15
2026-02-09,1090,1.1,1.2
2026-02-09,1091,1.3,1.4
2026-02-09,1092,1.3,1.5
2026-02-09,1095,1.4,1.7
2026-02-09,1096,1.4,1.8
2026-02-09,1098,1.1,1.9
2026-02-09,1099,5.5,5.8
2026-02-09,1100,0.9,0.95
2026-02-09,1103,5.5,6
2026-02-09,1105,5.2,5.8
2026-02-09,1108,5.8,6.1
2026-02-09,1109,7,7.5
2026-02-09,1113,4.3,4.8
2026-02-09,1115,4.1,4.25
2026-02-09,1116,1.45,1.6
2026-02-09,1117,1.15,1.25
2026-02-09,1120,1.4,1.6
2026-02-09,1121,1.4,1.6
2026-02-09,1123,,
2026-02-09,1124,,
2026-02-09,1125,,
2026-02-09,1126,3.3,3.5
2026-02-09,1127,0.8,1.1
2026-02-15,2,251,253
2026-02-15,4,226,227
2026-02-15,5,221,222
2026-02-15,7,277.5,278.5
2026-02-15,8,276.5,277.5
2026-02-15,10,221,222.5
2026-02-15,13,228,230
2026-02-15,14,217,218
2026-02-15,15,226,228
2026-02-15,16,217,218
2026-02-15,20,230,232
2026-02-15,21,232.5,234.5
2026-02-15,23,490,495
2026-02-15,24,475,480
2026-02-15,25,424,426
2026-02-15,26,419,422
2026-02-15,27,750,765
2026-02-15,28,750,765
2026-02-15,29,750,765
2026-02-15,30,184,186
2026-02-15,31,188,190
2026-02-15,32,133,135
2026-02-15,33,205,207
2026-02-15,34,145,147
2026-02-15,35,206,208
2026-02-15,36,164,166
2026-02-15,37,149,150
2026-02-15,38,149,150
2026-02-15,39,390,392
2026-02-15,41,800,810
2026-02-15,42,209,211
2026-02-15,47,269.5,272.5
2026-02-15,48,300,305
2026-02-15,50,620,750
2026-02-15,51,540,600
2026-02-15,55,430,460
2026-02-15,56,200,210
2026-02-15,58,160,165
2026-02-15,63,120,130
2026-02-15,67,260,270
2026-02-15,71,150,155
2026-02-15,73,402,404
2026-02-15,75,397,400
2026-02-15,76,425,428
2026-02-15,77,425,427
2026-02-15,81,370,400
2026-02-15,86,1275,1285
2026-02-15,87,1165,1170
2026-02-15,88,1115,1120
2026-02-15,89,1680,1690
2026-02-15,92,1365,1370
2026-02-15,94,1345,1350
2026-02-15,95,1285,1290
2026-02-15,103,8.6,9.1
2026-02-15,104,4,4.1
2026-02-15,105,4.15,4.35
2026-02-15,106,3.5,3.6
2026-02-15,107,1.9,2
2026-02-15,110,497.5,502.5
2026-02-15,112,277.5,282.5
2026-02-15,114,260.5,261.5
2026-02-15,115,195,200
2026-02-15,117,417.5,419.5
2026-02-15,118,345.5,347.5
2026-02-15,121,467.5,469.5
2026-02-15,122,355.5,356.5
2026-02-15,124,350,351
2026-02-15,127,260,265
2026-02-15,128,235,240
2026-02-15,129,195,195
2026-02-15,130,180,180
2026-02-15,131,1330,1390
2026-02-15,132,705,715
2026-02-15,133,680,685
2026-02-15,134,890,910
2026-02-15,176,7,8
2026-02-15,177,19,20
2026-02-15,181,7.25,7.35
2026-02-15,182,7.45,7.55
2026-02-15,183,7.3,7.5
2026-02-15,184,8.5,8.6
2026-02-15,185,9.35,9.45
2026-02-15,186,12,12.1
2026-02-15,187,275,297.5
2026-02-15,188,265,277.5
2026-02-15,189,150,162.5
2026-02-15,328,0.57,0.61
2026-02-15,329,0.25,0.29
2026-02-15,331,0.42,0.48
2026-02-15,333,3.4,3.5
2026-02-15,335,3.8,3.85
2026-02-15,341,3.85,3.89
2026-02-15,342,3.9,3.94
2026-02-15,344,22.75,22.75
2026-02-15,345,20.95,20.95
2026-02-15,346,19.55,19.55
2026-02-15,347,17.55,17.55
2026-02-15,350,3.9,4.2
2026-02-15,351,3.3,3.6
2026-02-15,352,5.9,6.1
2026-02-15,353,6.5,6.7
2026-02-15,356,2.75,2.95
2026-02-15,357,2.95,3.15
2026-02-15,358,5.9,6.2
2026-02-15,361,6.55,6.85
2026-02-15,362,7.45,7.75
2026-02-15,363,7.45,7.85
2026-02-15,364,3.1,3.4
2026-02-15,365,2.8,3
2026-02-15,366,9.3,9.7
2026-02-15,367,4.1,4.3
2026-02-15,368,2.7,2.8
2026-02-15,369,9.3,9.7
2026-02-15,370,4.1,4.3
2026-02-15,371,2.7,2.8
2026-02-15,372,6.55,6.85
2026-02-15,672,270,275
2026-02-15,674,1.46,1.5
2026-02-15,675,2.26,2.3
2026-02-15,676,3.3,3.6
2026-02-15,677,2.95,3.15
2026-02-15,678,3.75,3.95
2026-02-15,716,25.05,25.05
2026-02-15,717,23.25,23.25
2026-02-15,718,22.05,22.05
2026-02-15,719,19.05,19.05
2026-02-15,731,7.25,7.4
2026-02-15,732,9.3,9.4
2026-02-15,733,10.2,10.5
2026-02-15,734,11,11.1
2026-02-15,802,1450,1550
2026-02-15,803,1350,1450
2026-02-15,835,6.5,6.7
2026-02-15,836,7.05,7.35
2026-02-15,936,640,680
2026-02-15,938,239,244
2026-02-15,990,10.5,11
2026-02-15,991,11,11.5
2026-02-15,994,372.5,374.5
2026-02-15,996,2.8,3.2
2026-02-15,997,2.7,3.1
2026-02-15,1001,465,537.5
2026-02-15,1002,490,535
2026-02-15,1004,8.3,9
2026-02-15,1005,8.5,9.3
2026-02-15,1011,235,240
2026-02-15,1036,1.1,1.9
2026-02-15,1049,1.9,2
2026-02-15,1050,2,2.1
2026-02-15,1056,7.3,8
2026-02-15,1057,7.4,8.5
2026-02-15,1058,2.3,2.8
2026-02-15,1059,2.3,2.9
2026-02-15,1062,2.35,2.85
2026-02-15,1063,2.35,2.95
2026-02-15,1064,9.5,10.5
2026-02-15,1065,9.5,11
2026-02-15,1067,5,5.1
2026-02-15,1069,12,13
2026-02-15,1071,2.3,2.5
2026-02-15,1073,2.2,2.3
2026-02-15,1076,1.14,1.2
2026-02-15,1077,0.74,0.8
2026-02-15,1078,1.45,1.55
2026-02-15,1079,5.5,5.8
2026-02-15,1080,0.74,0.8
2026-02-15,1081,0.9,1
2026-02-15,1082,0.7,0.8
2026-02-15,1083,1.15,1.25
2026-02-15,1084,0.9,1.05
2026-02-15,1086,0.8,0.95
2026-02-15,1087,1.1,1.3
2026-02-15,1088,0.98,1.05
2026-02-15,1089,1,1.15
2026-02-15,1090,1.1,1.2
2026-02-15,1091,1.3,1.4
2026-02-15,1092,1.3,1.5
2026-02-15,1095,1.4,1.7
2026-02-15,1096,1.4,1.8
2026-02-15,1098,1.1,1.9
2026-02-15,1099,5.5,5.8
2026-02-15,1100,0.9,0.95
2026-02-15,1103,5.5,6
2026-02-15,1105,5.2,5.8
2026-02-15,1108,5.8,6.1
2026-02-15,1109,7,7.5
2026-02-15,1113,4.3,4.8
2026-02-15,1115,4.1,4.25
2026-02-15,1116,1.45,1.6
2026-02-15,1117,1.15,1.25
2026-02-15,1120,1.4,1.6
2026-02-15,1121,1.4,1.6
2026-02-15,1126,3.3,3.5
2026-02-15,1127,0.8,1.1
2026-02-16,2,248,250
2026-02-16,3,,
2026-02-16,4,223,224
2026-02-16,5,218,219
2026-02-16,6,,
2026-02-16,7,275,276
2026-02-16,8,275,276
2026-02-16,9,,
2026-02-16,10,219,220
2026-02-16,11,,
2026-02-16,12,,
2026-02-16,13,228,230
2026-02-16,14,217,218
2026-02-16,15,226,228
2026-02-16,16,219,220
2026-02-16,17,,
2026-02-16,18,,
2026-02-16,19,,
2026-02-16,20,228,230
2026-02-16,21,228,230
2026-02-16,22,,
2026-02-16,23,490,495
2026-02-16,24,475,480
2026-02-16,25,424,426
2026-02-16,26,419,422
2026-02-16,27,750,765
2026-02-16,28,750,765
2026-02-16,29,750,765
2026-02-16,30,179,181
2026-02-16,31,183,185
2026-02-16,32,128,130
2026-02-16,33,200,202
2026-02-16,34,140,142
2026-02-16,35,200,202
2026-02-16,36,158,160
2026-02-16,37,151,152
2026-02-16,38,151,152
2026-02-16,39,390,392
2026-02-16,40,,
2026-02-16,41,790,800
2026-02-16,42,210,212
2026-02-16,43,,
2026-02-16,44,,
2026-02-16,45,,
2026-02-16,46,,
2026-02-16,47,275,278
2026-02-16,48,305,310
2026-02-16,50,570,700
2026-02-16,51,470,530
2026-02-16,53,,1920
2026-02-16,54,,1800
2026-02-16,55,430,460
2026-02-16,56,200,210
2026-02-16,58,160,165
2026-02-16,61,,
2026-02-16,62,,
2026-02-16,63,120,130
2026-02-16,64,,
2026-02-16,65,,
2026-02-16,66,,
2026-02-16,67,260,270
2026-02-16,68,,
2026-02-16,69,,
2026-02-16,70,,
2026-02-16,71,150,155
2026-02-16,73,413,415
2026-02-16,74,,
2026-02-16,75,412,415
2026-02-16,76,436,439
2026-02-16,77,440,442
2026-02-16,78,,
2026-02-16,79,,
2026-02-16,80,,
2026-02-16,81,370,400
2026-02-16,82,,
2026-02-16,83,,
2026-02-16,84,,
2026-02-16,85,,
2026-02-16,86,1270,1280
2026-02-16,87,1200,1205
2026-02-16,88,1150,1155
2026-02-16,89,1680,1690
2026-02-16,90,,
2026-02-16,91,,
2026-02-16,92,1350,1355
2026-02-16,93,,
2026-02-16,94,1380,1385
2026-02-16,95,1320,1325
2026-02-16,96,,
2026-02-16,97,,
2026-02-16,98,,
2026-02-16,100,,
2026-02-16,101,,
2026-02-16,102,,
2026-02-16,103,8.4,9
2026-02-16,104,4,4.1
2026-02-16,105,4.2,4.4
2026-02-16,106,3.5,3.6
2026-02-16,107,1.9,2
2026-02-16,108,,
2026-02-16,109,,
2026-02-16,110,495,500
2026-02-16,111,,
2026-02-16,112,285,290
2026-02-16,113,,
2026-02-16,114,262,263
2026-02-16,115,200,205
2026-02-16,116,,
2026-02-16,117,430,432
2026-02-16,118,363,365
2026-02-16,119,,
2026-02-16,120,,
2026-02-16,121,480,482
2026-02-16,122,373,374
2026-02-16,123,,
2026-02-16,124,366,367
2026-02-16,125,,
2026-02-16,126,,
2026-02-16,127,260,265
2026-02-16,128,235,240
2026-02-16,129,195,195
2026-02-16,130,180,180
2026-02-16,131,1320,1380
2026-02-16,132,630,640
2026-02-16,133,605,610
2026-02-16,134,800,820
2026-02-16,176,5.5,6.5
2026-02-16,177,17.5,18.5
2026-02-16,181,7.2,7.3
2026-02-16,182,7.4,7.5
2026-02-16,183,7.3,7.5
2026-02-16,184,8.5,8.6
2026-02-16,185,9.3,9.4
2026-02-16,186,11.9,12
2026-02-16,187,270,280
2026-02-16,188,255,265
2026-02-16,189,160,170
2026-02-16,191,,
2026-02-16,192,,
2026-02-16,193,,
2026-02-16,194,,
2026-02-16,195,,
2026-02-16,196,,
2026-02-16,197,,
2026-02-16,198,,
2026-02-16,199,,
2026-02-16,328,0.57,0.61
2026-02-16,329,0.25,0.29
2026-02-16,331,0.42,0.48
2026-02-16,332,,
2026-02-16,333,3.4,3.5
2026-02-16,335,3.8,3.85
2026-02-16,336,,
2026-02-16,337,,
2026-02-16,340,,
2026-02-16,341,3.85,3.89
2026-02-16,342,3.9,3.94
2026-02-16,344,22.9,22.9
2026-02-16,345,21.1,21.1
2026-02-16,346,19.7,19.7
2026-02-16,347,17.7,17.7
2026-02-16,350,3.9,4.2
2026-02-16,351,3.25,3.55
2026-02-16,352,5.9,6.1
2026-02-16,353,6.5,6.7
2026-02-16,356,2.75,2.95
2026-02-16,357,2.95,3.15
2026-02-16,358,5.9,6.2
2026-02-16,361,6.55,6.85
2026-02-16,362,7.45,7.75
2026-02-16,363,7.4,7.8
2026-02-16,364,3.05,3.35
2026-02-16,365,2.8,3
2026-02-16,366,9.3,9.7
2026-02-16,367,4.1,4.3
2026-02-16,368,2.7,2.8
2026-02-16,369,9.3,9.7
2026-02-16,370,4.1,4.3
2026-02-16,371,2.7,2.8
2026-02-16,372,6.5,6.8
2026-02-16,670,,
2026-02-16,671,,
2026-02-16,672,275,280
2026-02-16,674,1.44,1.48
2026-02-16,675,2.26,2.3
2026-02-16,676,3.25,3.55
2026-02-16,677,2.95,3.15
2026-02-16,678,3.75,3.95
2026-02-16,716,25.2,25.2
2026-02-16,717,23.4,23.4
2026-02-16,718,22.2,22.2
2026-02-16,719,19.2,19.2
2026-02-16,727,,
2026-02-16,731,7.25,7.4
2026-02-16,732,9.3,9.4
2026-02-16,733,10.2,10.5
2026-02-16,734,11,11.1
2026-02-16,747,,
2026-02-16,802,1650,1750
2026-02-16,803,1550,1650
2026-02-16,835,6.5,6.7
2026-02-16,836,7.05,7.35
2026-02-16,891,,
2026-02-16,932,,
2026-02-16,936,640,680
2026-02-16,938,236,241
2026-02-16,990,10.5,11
2026-02-16,991,11,11.5
2026-02-16,994,390,392
2026-02-16,996,2.8,3.2
2026-02-16,997,2.7,3.1
2026-02-16,1001,430,530
2026-02-16,1002,480,520
2026-02-16,1004,8.3,9
2026-02-16,1005,8.5,9.3
2026-02-16,1006,,
2026-02-16,1007,,
2026-02-16,1011,235,240
2026-02-16,1036,1.1,1.9
2026-02-16,1049,1.9,2
2026-02-16,1050,2,2.1
2026-02-16,1054,,
2026-02-16,1055,,2470
2026-02-16,1056,7.3,8
2026-02-16,1057,7.4,8.5
2026-02-16,1058,2.3,2.8
2026-02-16,1059,2.3,2.9
2026-02-16,1062,2.35,2.85
2026-02-16,1063,2.35,2.95
2026-02-16,1064,9.5,10.5
2026-02-16,1065,9.5,11
2026-02-16,1067,5,5.1
2026-02-16,1068,,
2026-02-16,1069,12,13
2026-02-16,1071,2.3,2.5
2026-02-16,1072,,
2026-02-16,1073,2.2,2.3
2026-02-16,1076,1.14,1.2
2026-02-16,1077,0.74,0.8
2026-02-16,1078,1.45,1.55
2026-02-16,1079,5.5,5.8
2026-02-16,1080,0.74,0.8
2026-02-16,1081,0.9,1
2026-02-16,1082,0.7,0.8
2026-02-16,1083,1.15,1.25
2026-02-16,1084,0.9,1.05
2026-02-16,1086,0.8,0.95
2026-02-16,1087,1.1,1.3
2026-02-16,1088,0.98,1.05
2026-02-16,1089,1,1.15
2026-02-16,1090,1.1,1.2
2026-02-16,1091,1.3,1.4
2026-02-16,1092,1.3,1.5
2026-02-16,1095,1.4,1.7
2026-02-16,1096,1.4,1.8
2026-02-16,1098,1.1,1.9
2026-02-16,1099,5.5,5.8
2026-02-16,1100,0.9,0.95
2026-02-16,1103,5.5,6
2026-02-16,1105,5.2,5.8
2026-02-16,1108,5.8,6.1
2026-02-16,1109,7,7.5
2026-02-16,1113,4.3,4.8
2026-02-16,1115,4.1,4.25
2026-02-16,1116,1.45,1.6
2026-02-16,1117,1.15,1.25
2026-02-16,1120,1.4,1.6
2026-02-16,1121,1.4,1.6
2026-02-16,1123,,
2026-02-16,1124,,
2026-02-16,1125,,
2026-02-16,1126,3.3,3.5
2026-02-16,1127,0.8,1.1
2026-02-23,2,245,247
2026-02-23,3,,
2026-02-23,4,223,224
2026-02-23,5,218,219
2026-02-23,6,,
2026-02-23,7,277,278
2026-02-23,8,277,278
2026-02-23,9,,
2026-02-23,10,217,218
2026-02-23,11,,
2026-02-23,12,,
2026-02-23,13,228,230
2026-02-23,14,217,218
2026-02-23,15,226,228
2026-02-23,16,219,220
2026-02-23,17,,
2026-02-23,18,,
2026-02-23,19,,
2026-02-23,20,225,227
2026-02-23,21,225,227
2026-02-23,22,,
2026-02-23,23,485,490
2026-02-23,24,470,475
2026-02-23,25,419,421
2026-02-23,26,414,417
2026-02-23,27,750,765
2026-02-23,28,750,765
2026-02-23,29,750,765
2026-02-23,30,179,181
2026-02-23,31,183,185
2026-02-23,32,128,130
2026-02-23,33,200,202
2026-02-23,34,140,142
2026-02-23,35,200,202
2026-02-23,36,158,160
2026-02-23,37,151,152
2026-02-23,38,151,152
2026-02-23,39,390,392
2026-02-23,40,,
2026-02-23,41,790,800
2026-02-23,42,210,212
2026-02-23,43,,
2026-02-23,44,,
2026-02-23,45,,
2026-02-23,46,,
2026-02-23,47,275,278
2026-02-23,48,305,310
2026-02-23,50,560,690
2026-02-23,51,460,520
2026-02-23,53,,1900
2026-02-23,54,,1780
2026-02-23,55,430,460
2026-02-23,56,200,210
2026-02-23,58,160,165
2026-02-23,61,,
2026-02-23,62,,
2026-02-23,63,120,130
2026-02-23,64,,
2026-02-23,65,,
2026-02-23,66,,
2026-02-23,67,260,270
2026-02-23,68,,
2026-02-23,69,,
2026-02-23,70,,
2026-02-23,71,150,155
2026-02-23,73,418,420
2026-02-23,74,,
2026-02-23,75,417,420
2026-02-23,76,441,444
2026-02-23,77,445,447
2026-02-23,78,,
2026-02-23,79,,
2026-02-23,80,,
2026-02-23,81,370,400
2026-02-23,82,,
2026-02-23,83,,
2026-02-23,84,,
2026-02-23,85,,
2026-02-23,86,1270,1280
2026-02-23,87,1270,1275
2026-02-23,88,1220,1225
2026-02-23,89,1680,1690
2026-02-23,90,,
2026-02-23,91,,
2026-02-23,92,1350,1355
2026-02-23,93,,
2026-02-23,94,1450,1455
2026-02-23,95,1390,1395
2026-02-23,96,,
2026-02-23,97,,
2026-02-23,98,,
2026-02-23,100,,
2026-02-23,101,,
2026-02-23,102,,
2026-02-23,103,8.4,9
2026-02-23,104,4,4.1
2026-02-23,105,4.2,4.4
2026-02-23,106,3.5,3.6
2026-02-23,107,1.9,2
2026-02-23,108,,
2026-02-23,109,,
2026-02-23,110,500,505
2026-02-23,111,,
2026-02-23,112,290,295
2026-02-23,113,,
2026-02-23,114,264,265
2026-02-23,115,215,220
2026-02-23,116,,
2026-02-23,117,430,432
2026-02-23,118,395,397
2026-02-23,119,,
2026-02-23,120,,
2026-02-23,121,480,482
2026-02-23,122,405,406
2026-02-23,123,,
2026-02-23,124,401,402
2026-02-23,125,,
2026-02-23,126,,
2026-02-23,127,260,265
2026-02-23,128,235,240
2026-02-23,129,195,195
2026-02-23,130,180,180
2026-02-23,131,1320,1380
2026-02-23,132,610,620
2026-02-23,133,585,590
2026-02-23,134,780,800
2026-02-23,176,5.5,6.5
2026-02-23,177,17.5,18.5
2026-02-23,181,7.1,7.2
2026-02-23,182,7.3,7.4
2026-02-23,183,7.2,7.4
2026-02-23,184,8.4,8.5
2026-02-23,185,9.25,9.35
2026-02-23,186,11.85,11.95
2026-02-23,187,240,250
2026-02-23,188,235,245
2026-02-23,189,120,130
2026-02-23,191,,
2026-02-23,192,,
2026-02-23,193,,
2026-02-23,194,,
2026-02-23,195,,
2026-02-23,196,,
2026-02-23,197,,
2026-02-23,198,,
2026-02-23,199,,
2026-02-23,328,0.57,0.61
2026-02-23,329,0.25,0.29
2026-02-23,331,0.42,0.48
2026-02-23,332,,
2026-02-23,333,3.4,3.5
2026-02-23,335,3.8,3.85
2026-02-23,336,,
2026-02-23,337,,
2026-02-23,340,,
2026-02-23,341,3.85,3.89
2026-02-23,342,3.9,3.94
2026-02-23,344,22.9,22.9
2026-02-23,345,21.1,21.1
2026-02-23,346,19.7,19.7
2026-02-23,347,17.7,17.7
2026-02-23,350,3.9,4.2
2026-02-23,351,3.25,3.55
2026-02-23,352,5.9,6.1
2026-02-23,353,6.5,6.7
2026-02-23,356,2.75,2.95
2026-02-23,357,2.95,3.15
2026-02-23,358,5.9,6.2
2026-02-23,361,6.55,6.85
2026-02-23,362,7.45,7.75
2026-02-23,363,7.4,7.8
2026-02-23,364,3.05,3.35
2026-02-23,365,2.8,3
2026-02-23,366,9.3,9.7
2026-02-23,367,4.1,4.3
2026-02-23,368,2.7,2.8
2026-02-23,369,9.3,9.7
2026-02-23,370,4.1,4.3
2026-02-23,371,2.7,2.8
2026-02-23,372,6.4,6.7
2026-02-23,670,,
2026-02-23,671,,
2026-02-23,672,280,285
2026-02-23,674,1.44,1.48
2026-02-23,675,2.26,2.3
2026-02-23,676,3.25,3.55
2026-02-23,677,2.95,3.15
2026-02-23,678,3.75,3.95
2026-02-23,716,25.2,25.2
2026-02-23,717,23.4,23.4
2026-02-23,718,22.2,22.2
2026-02-23,719,19.2,19.2
2026-02-23,727,,
2026-02-23,731,7.25,7.4
2026-02-23,732,9.3,9.4
2026-02-23,733,10.2,10.5
2026-02-23,734,11,11.1
2026-02-23,747,,
2026-02-23,802,1650,1750
2026-02-23,803,1550,1650
2026-02-23,835,6.5,6.7
2026-02-23,836,7.05,7.35
2026-02-23,891,,
2026-02-23,932,,
2026-02-23,936,640,680
2026-02-23,938,236,241
2026-02-23,994,422,424
2026-02-23,996,2.8,3.2
2026-02-23,997,2.7,3.1
2026-02-23,1001,430,530
2026-02-23,1002,480,520
2026-02-23,1004,8.3,9
2026-02-23,1005,8.5,9.3
2026-02-23,1006,,
2026-02-23,1007,,
2026-02-23,1011,235,240
2026-02-23,1036,1.1,1.9
2026-02-23,1049,1.9,2
2026-02-23,1050,2,2.1
2026-02-23,1054,,
2026-02-23,1055,,2450
2026-02-23,1056,7.3,8
2026-02-23,1057,7.4,8.5
2026-02-23,1058,2.3,2.8
2026-02-23,1059,2.3,2.9
2026-02-23,1062,2.35,2.85
2026-02-23,1063,2.35,2.95
2026-02-23,1064,9.5,10.5
2026-02-23,1065,9.5,11
2026-02-23,1067,5,5.1
2026-02-23,1068,,
2026-02-23,1069,12,13
2026-02-23,1071,2.3,2.5
2026-02-23,1072,,
2026-02-23,1073,2.2,2.3
2026-02-23,1076,1.14,1.2
2026-02-23,1077,0.74,0.8
2026-02-23,1078,1.45,1.55
2026-02-23,1079,5.5,5.8
2026-02-23,1080,0.74,0.8
2026-02-23,1081,0.9,1
2026-02-23,1082,0.7,0.8
2026-02-23,1083,1.15,1.25
2026-02-23,1084,0.9,1.05
2026-02-23,1086,0.8,0.95
2026-02-23,1087,1.1,1.3
2026-02-23,1088,0.98,1.05
2026-02-23,1089,1,1.15
2026-02-23,1090,1.1,1.2
2026-02-23,1091,1.3,1.4
2026-02-23,1092,1.3,1.5
2026-02-23,1095,1.4,1.7
2026-02-23,1096,1.4,1.8
2026-02-23,1098,1.1,1.9
2026-02-23,1099,5.5,5.8
2026-02-23,1100,0.9,0.95
2026-02-23,1103,5.5,6
2026-02-23,1105,5.2,5.8
2026-02-23,1108,5.8,6.1
2026-02-23,1109,7,7.5
2026-02-23,1113,4.3,4.8
2026-02-23,1115,4.1,4.25
2026-02-23,1116,1.45,1.6
2026-02-23,1117,1.15,1.25
2026-02-23,1120,1.4,1.6
2026-02-23,1121,1.4,1.6
2026-02-23,1123,,
2026-02-23,1124,,
2026-02-23,1125,,
2026-02-23,1126,3.3,3.5
2026-02-23,1127,0.8,1.1
2026-02-28,2,246.5,248.5
2026-02-28,4,223,224
2026-02-28,5,218,219
2026-02-28,7,276,277
2026-02-28,8,276,277
2026-02-28,10,218,219
2026-02-28,13,228,230
2026-02-28,14,217,218
2026-02-28,15,226,228
2026-02-28,16,219,220
2026-02-28,20,226.5,228.5
2026-02-28,21,226.5,228.5
2026-02-28,23,487.5,492.5
2026-02-28,24,472.5,477.5
2026-02-28,25,421.5,423.5
2026-02-28,26,416.5,419.5
2026-02-28,27,750,765
2026-02-28,28,750,765
2026-02-28,29,750,765
2026-02-28,30,179,181
2026-02-28,31,183,185
2026-02-28,32,128,130
2026-02-28,33,200,202
2026-02-28,34,140,142
2026-02-28,35,200,202
2026-02-28,36,158,160
2026-02-28,37,151,152
2026-02-28,38,151,152
2026-02-28,39,390,392
2026-02-28,41,790,800
2026-02-28,42,210,212
2026-02-28,47,275,278
2026-02-28,48,305,310
2026-02-28,50,565,695
2026-02-28,51,465,525
2026-02-28,55,430,460
2026-02-28,56,200,210
2026-02-28,58,160,165
2026-02-28,63,120,130
2026-02-28,67,260,270
2026-02-28,71,150,155
2026-02-28,73,415.5,417.5
2026-02-28,75,414.5,417.5
2026-02-28,76,438.5,441.5
2026-02-28,77,442.5,444.5
2026-02-28,81,370,400
2026-02-28,86,1270,1280
2026-02-28,87,1235,1240
2026-02-28,88,1185,1190
2026-02-28,89,1680,1690
2026-02-28,92,1350,1355
2026-02-28,94,1415,1420
2026-02-28,95,1355,1360
2026-02-28,103,8.4,9
2026-02-28,104,4,4.1
2026-02-28,105,4.2,4.4
2026-02-28,106,3.5,3.6
2026-02-28,107,1.9,2
2026-02-28,110,497.5,502.5
2026-02-28,112,287.5,292.5
2026-02-28,114,263,264
2026-02-28,115,207.5,212.5
2026-02-28,117,430,432
2026-02-28,118,379,381
2026-02-28,121,480,482
2026-02-28,122,389,390
2026-02-28,124,383.5,384.5
2026-02-28,127,260,265
2026-02-28,128,235,240
2026-02-28,129,195,195
2026-02-28,130,180,180
2026-02-28,131,1320,1380
2026-02-28,132,620,630
2026-02-28,133,595,600
2026-02-28,134,790,810
2026-02-28,176,5.5,6.5
2026-02-28,177,17.5,18.5
2026-02-28,181,7.15,7.25
2026-02-28,182,7.35,7.45
2026-02-28,183,7.25,7.45
2026-02-28,184,8.45,8.55
2026-02-28,185,9.28,9.38
2026-02-28,186,11.88,11.97
2026-02-28,187,255,265
2026-02-28,188,245,255
2026-02-28,189,140,150
2026-02-28,328,0.57,0.61
2026-02-28,329,0.25,0.29
2026-02-28,331,0.42,0.48
2026-02-28,333,3.4,3.5
2026-02-28,335,3.8,3.85
2026-02-28,341,3.85,3.89
2026-02-28,342,3.9,3.94
2026-02-28,344,22.9,22.9
2026-02-28,345,21.1,21.1
2026-02-28,346,19.7,19.7
2026-02-28,347,17.7,17.7
2026-02-28,350,3.9,4.2
2026-02-28,351,3.25,3.55
2026-02-28,352,5.9,6.1
2026-02-28,353,6.5,6.7
2026-02-28,356,2.75,2.95
2026-02-28,357,2.95,3.15
2026-02-28,358,5.9,6.2
2026-02-28,361,6.55,6.85
2026-02-28,362,7.45,7.75
2026-02-28,363,7.4,7.8
2026-02-28,364,3.05,3.35
2026-02-28,365,2.8,3
2026-02-28,366,9.3,9.7
2026-02-28,367,4.1,4.3
2026-02-28,368,2.7,2.8
2026-02-28,369,9.3,9.7
2026-02-28,370,4.1,4.3
2026-02-28,371,2.7,2.8
2026-02-28,372,6.45,6.75
2026-02-28,672,277.5,282.5
2026-02-28,674,1.44,1.48
2026-02-28,675,2.26,2.3
2026-02-28,676,3.25,3.55
2026-02-28,677,2.95,3.15
2026-02-28,678,3.75,3.95
2026-02-28,716,25.2,25.2
2026-02-28,717,23.4,23.4
2026-02-28,718,22.2,22.2
2026-02-28,719,19.2,19.2
2026-02-28,731,7.25,7.4
2026-02-28,732,9.3,9.4
2026-02-28,733,10.2,10.5
2026-02-28,734,11,11.1
2026-02-28,802,1650,1750
2026-02-28,803,1550,1650
2026-02-28,835,6.5,6.7
2026-02-28,836,7.05,7.35
2026-02-28,936,640,680
2026-02-28,938,236,241
2026-02-28,990,10.5,11
2026-02-28,991,11,11.5
2026-02-28,994,406,408
2026-02-28,996,2.8,3.2
2026-02-28,997,2.7,3.1
2026-02-28,1001,430,530
2026-02-28,1002,480,520
2026-02-28,1004,8.3,9
2026-02-28,1005,8.5,9.3
2026-02-28,1011,235,240
2026-02-28,1036,1.1,1.9
2026-02-28,1049,1.9,2
2026-02-28,1050,2,2.1
2026-02-28,1056,7.3,8
2026-02-28,1057,7.4,8.5
2026-02-28,1058,2.3,2.8
2026-02-28,1059,2.3,2.9
2026-02-28,1062,2.35,2.85
2026-02-28,1063,2.35,2.95
2026-02-28,1064,9.5,10.5
2026-02-28,1065,9.5,11
2026-02-28,1067,5,5.1
2026-02-28,1069,12,13
2026-02-28,1071,2.3,2.5
2026-02-28,1073,2.2,2.3
2026-02-28,1076,1.14,1.2
2026-02-28,1077,0.74,0.8
2026-02-28,1078,1.45,1.55
2026-02-28,1079,5.5,5.8
2026-02-28,1080,0.74,0.8
2026-02-28,1081,0.9,1
2026-02-28,1082,0.7,0.8
2026-02-28,1083,1.15,1.25
2026-02-28,1084,0.9,1.05
2026-02-28,1086,0.8,0.95
2026-02-28,1087,1.1,1.3
2026-02-28,1088,0.98,1.05
2026-02-28,1089,1,1.15
2026-02-28,1090,1.1,1.2
2026-02-28,1091,1.3,1.4
2026-02-28,1092,1.3,1.5
2026-02-28,1095,1.4,1.7
2026-02-28,1096,1.4,1.8
2026-02-28,1098,1.1,1.9
2026-02-28,1099,5.5,5.8
2026-02-28,1100,0.9,0.95
2026-02-28,1103,5.5,6
2026-02-28,1105,5.2,5.8
2026-02-28,1108,5.8,6.1
2026-02-28,1109,7,7.5
2026-02-28,1113,4.3,4.8
2026-02-28,1115,4.1,4.25
2026-02-28,1116,1.45,1.6
2026-02-28,1117,1.15,1.25
2026-02-28,1120,1.4,1.6
2026-02-28,1121,1.4,1.6
2026-02-28,1126,3.3,3.5
2026-02-28,1127,0.8,1.1
2026-03-02,2,245,247
2026-03-02,3,,
2026-03-02,4,223,224
2026-03-02,5,218,219
2026-03-02,6,,
2026-03-02,7,279,280
2026-03-02,8,279,280
2026-03-02,9,,
2026-03-02,10,217,218
2026-03-02,11,,
2026-03-02,12,,
2026-03-02,13,228,230
2026-03-02,14,217,218
2026-03-02,15,226,228
2026-03-02,16,221,222
2026-03-02,17,,
2026-03-02,18,,
2026-03-02,19,,
2026-03-02,20,,
2026-03-02,21,223,225
2026-03-02,22,,
2026-03-02,23,485,490
2026-03-02,24,470,475
2026-03-02,25,419,421
2026-03-02,26,414,417
2026-03-02,27,750,765
2026-03-02,28,750,765
2026-03-02,29,750,765
2026-03-02,30,183,185
2026-03-02,31,187,189
2026-03-02,32,132,134
2026-03-02,33,202,204
2026-03-02,34,142,144
2026-03-02,35,200,202
2026-03-02,36,158,160
2026-03-02,37,151,152
2026-03-02,38,151,152
2026-03-02,39,390,392
2026-03-02,40,,
2026-03-02,41,780,790
2026-03-02,42,210,212
2026-03-02,43,,
2026-03-02,44,,
2026-03-02,45,,
2026-03-02,46,,
2026-03-02,47,275,278
2026-03-02,48,305,310
2026-03-02,50,550,680
2026-03-02,51,440,500
2026-03-02,53,,1880
2026-03-02,54,,1760
2026-03-02,55,430,460
2026-03-02,56,190,200
2026-03-02,58,150,155
2026-03-02,61,,
2026-03-02,62,,
2026-03-02,63,120,130
2026-03-02,64,,
2026-03-02,65,,
2026-03-02,66,,
2026-03-02,67,260,270
2026-03-02,68,,
2026-03-02,69,,
2026-03-02,70,,
2026-03-02,71,150,155
2026-03-02,73,423,425
2026-03-02,74,,
2026-03-02,75,427,430
2026-03-02,76,446,449
2026-03-02,77,455,457
2026-03-02,78,,
2026-03-02,79,,
2026-03-02,80,,
2026-03-02,81,370,400
2026-03-02,82,,
2026-03-02,83,,
2026-03-02,84,,
2026-03-02,85,,
2026-03-02,86,1310,1320
2026-03-02,87,1285,1290
2026-03-02,88,1235,1240
2026-03-02,89,1700,1710
2026-03-02,90,,
2026-03-02,91,,
2026-03-02,92,1360,1365
2026-03-02,93,,
2026-03-02,94,1465,1470
2026-03-02,95,1405,1410
2026-03-02,96,,
2026-03-02,97,,
2026-03-02,98,,
2026-03-02,100,,
2026-03-02,101,,
2026-03-02,102,,
2026-03-02,103,8.4,9
2026-03-02,104,4,4.1
2026-03-02,105,4.2,4.4
2026-03-02,106,3.5,3.6
2026-03-02,107,1.9,2
2026-03-02,108,,
2026-03-02,109,,
2026-03-02,110,510,515
2026-03-02,111,,
2026-03-02,112,293,295
2026-03-02,113,,
2026-03-02,114,264,265
2026-03-02,115,220,225
2026-03-02,116,,
2026-03-02,117,435,437
2026-03-02,118,410,412
2026-03-02,119,,
2026-03-02,120,,
2026-03-02,121,485,487
2026-03-02,122,420,421
2026-03-02,123,,
2026-03-02,124,419,420
2026-03-02,125,,
2026-03-02,126,,
2026-03-02,127,260,265
2026-03-02,128,235,240
2026-03-02,129,195,195
2026-03-02,130,180,180
2026-03-02,131,1400,1430
2026-03-02,132,620,630
2026-03-02,133,595,600
2026-03-02,134,800,820
2026-03-02,176,5.5,6.5
2026-03-02,177,18,19
2026-03-02,181,7.1,7.2
2026-03-02,182,7.3,7.4
2026-03-02,183,7.15,7.35
2026-03-02,184,8.35,8.45
2026-03-02,185,9.2,9.3
2026-03-02,186,11.8,11.9
2026-03-02,187,220,230
2026-03-02,188,215,225
2026-03-02,189,100,110
2026-03-02,191,,
2026-03-02,192,,
2026-03-02,193,,
2026-03-02,194,,
2026-03-02,195,,
2026-03-02,196,,
2026-03-02,197,,
2026-03-02,198,,
2026-03-02,199,,
2026-03-02,328,0.57,0.61
2026-03-02,329,0.27,0.31
2026-03-02,331,0.44,0.5
2026-03-02,332,,
2026-03-02,333,3.4,3.5
2026-03-02,335,3.8,3.85
2026-03-02,336,,
2026-03-02,337,,
2026-03-02,340,,
2026-03-02,341,3.85,3.89
2026-03-02,342,3.9,3.94
2026-03-02,344,23.1,23.1
2026-03-02,345,21.3,21.3
2026-03-02,346,19.9,19.9
2026-03-02,347,17.9,17.9
2026-03-02,350,3.9,4.2
2026-03-02,351,3.3,3.6
2026-03-02,352,5.9,6.1
2026-03-02,353,6.5,6.7
2026-03-02,356,2.75,2.95
2026-03-02,357,2.95,3.15
2026-03-02,358,5.9,6.2
2026-03-02,361,6.55,6.85
2026-03-02,362,7.45,7.75
2026-03-02,363,7.45,7.85
2026-03-02,364,3.1,3.4
2026-03-02,365,2.8,3
2026-03-02,366,9.3,9.7
2026-03-02,367,4.1,4.3
2026-03-02,368,2.7,2.8
2026-03-02,369,9.3,9.7
2026-03-02,370,4.1,4.3
2026-03-02,371,2.7,2.8
2026-03-02,372,6.4,6.7
2026-03-02,670,,
2026-03-02,671,,
2026-03-02,672,283,285
2026-03-02,674,1.46,1.5
2026-03-02,675,2.26,2.3
2026-03-02,676,3.3,3.6
2026-03-02,677,2.95,3.15
2026-03-02,678,3.75,3.95
2026-03-02,716,25.4,25.4
2026-03-02,717,23.6,23.6
2026-03-02,718,22.4,22.4
2026-03-02,719,19.4,19.4
2026-03-02,727,,
2026-03-02,731,7.25,7.4
2026-03-02,732,9.3,9.4
2026-03-02,733,10.2,10.5
2026-03-02,734,11,11.1
2026-03-02,747,,
2026-03-02,802,1800,1900
2026-03-02,803,1700,1800
2026-03-02,835,6.5,6.7
2026-03-02,836,7.05,7.35
2026-03-02,891,,
2026-03-02,932,,
2026-03-02,936,620,660
2026-03-02,938,236,241
2026-03-02,994,437,439
2026-03-02,996,2.8,3.2
2026-03-02,997,2.7,3.1
2026-03-02,1001,430,530
2026-03-02,1002,480,520
2026-03-02,1004,8.3,9
2026-03-02,1005,8.5,9.3
2026-03-02,1006,,
2026-03-02,1007,,
2026-03-02,1011,235,240
2026-03-02,1036,1.1,1.9
2026-03-02,1049,1.9,2
2026-03-02,1050,2,2.1
2026-03-02,1054,,
2026-03-02,1055,,2450
2026-03-02,1056,7.3,8
2026-03-02,1057,7.4,8.5
2026-03-02,1058,2.3,2.8
2026-03-02,1059,2.3,2.9
2026-03-02,1062,2.35,2.85
2026-03-02,1063,2.35,2.95
2026-03-02,1064,9.5,10.5
2026-03-02,1065,9.5,11
2026-03-02,1067,5,5.1
2026-03-02,1068,,
2026-03-02,1069,12,13
2026-03-02,1071,2.3,2.5
2026-03-02,1072,,
2026-03-02,1073,2.2,2.3
2026-03-02,1076,1.14,1.2
2026-03-02,1077,0.74,0.8
2026-03-02,1078,1.45,1.55
2026-03-02,1079,5.5,5.8
2026-03-02,1080,0.74,0.8
2026-03-02,1081,0.9,1
2026-03-02,1082,0.7,0.8
2026-03-02,1083,1.15,1.25
2026-03-02,1084,0.9,1.05
2026-03-02,1086,0.8,0.95
2026-03-02,1087,1.1,1.3
2026-03-02,1088,0.98,1.05
2026-03-02,1089,1,1.15
2026-03-02,1090,1.1,1.2
2026-03-02,1091,1.3,1.4
2026-03-02,1092,1.3,1.5
2026-03-02,1095,1.4,1.7
2026-03-02,1096,1.4,1.8
2026-03-02,1098,1.1,1.9
2026-03-02,1099,5.5,5.8
2026-03-02,1100,0.9,0.95
2026-03-02,1103,5.5,6
2026-03-02,1105,5.2,5.8
2026-03-02,1108,5.8,6.1
2026-03-02,1109,7,7.5
2026-03-02,1113,4.3,4.8
2026-03-02,1115,4.1,4.25
2026-03-02,1116,1.45,1.6
2026-03-02,1117,1.15,1.25
2026-03-02,1120,1.4,1.6
2026-03-02,1121,1.4,1.6
2026-03-02,1123,,
2026-03-02,1124,,
2026-03-02,1125,,
2026-03-02,1126,3.3,3.5
2026-03-02,1127,0.8,1.1
2026-03-09,2,245,247
2026-03-09,3,,
2026-03-09,4,224,225
2026-03-09,5,218,219
2026-03-09,6,,
2026-03-09,7,294,295
2026-03-09,8,294,295
2026-03-09,9,,
2026-03-09,10,224,225
2026-03-09,11,,
2026-03-09,12,,
2026-03-09,13,233,235
2026-03-09,14,222,223
2026-03-09,15,231,233
2026-03-09,16,225,227
2026-03-09,17,,
2026-03-09,18,,
2026-03-09,19,,
2026-03-09,20,,
2026-03-09,21,233,235
2026-03-09,22,,
2026-03-09,23,485,490
2026-03-09,24,470,475
2026-03-09,25,419,421
2026-03-09,26,414,417
2026-03-09,27,750,765
2026-03-09,28,750,765
2026-03-09,29,750,765
2026-03-09,30,188,190
2026-03-09,31,192,194
2026-03-09,32,137,139
2026-03-09,33,207,209
2026-03-09,34,147,149
2026-03-09,35,200,202
2026-03-09,36,158,160
2026-03-09,37,153,154
2026-03-09,38,153,154
2026-03-09,39,392,394
2026-03-09,40,,
2026-03-09,41,770,780
2026-03-09,42,210,212
2026-03-09,43,,
2026-03-09,44,,
2026-03-09,45,,
2026-03-09,46,,
2026-03-09,47,275,278
2026-03-09,48,310,315
2026-03-09,50,550,680
2026-03-09,51,440,500
2026-03-09,53,,1880
2026-03-09,54,,1760
2026-03-09,55,430,460
2026-03-09,56,180,190
2026-03-09,58,145,150
2026-03-09,61,,
2026-03-09,62,,
2026-03-09,63,120,130
2026-03-09,64,,
2026-03-09,65,,
2026-03-09,66,,
2026-03-09,67,260,270
2026-03-09,68,,
2026-03-09,69,,
2026-03-09,70,,
2026-03-09,71,150,155
2026-03-09,73,448,450
2026-03-09,74,,
2026-03-09,75,452,455
2026-03-09,76,476,479
2026-03-09,77,485,487
2026-03-09,78,,
2026-03-09,79,,
2026-03-09,80,,
2026-03-09,81,370,400
2026-03-09,82,,
2026-03-09,83,,
2026-03-09,84,,
2026-03-09,85,,
2026-03-09,86,1430,1440
2026-03-09,87,1385,1390
2026-03-09,88,1335,1340
2026-03-09,89,1750,1760
2026-03-09,90,,
2026-03-09,91,,
2026-03-09,92,1420,1425
2026-03-09,93,,
2026-03-09,94,1565,1570
2026-03-09,95,1505,1510
2026-03-09,96,,
2026-03-09,97,,
2026-03-09,98,,
2026-03-09,100,,
2026-03-09,101,,
2026-03-09,102,,
2026-03-09,103,8.4,9
2026-03-09,104,4.1,4.2
2026-03-09,105,4.3,4.5
2026-03-09,106,3.7,3.8
2026-03-09,107,2,2.1
2026-03-09,108,,
2026-03-09,109,,
2026-03-09,110,515,520
2026-03-09,111,,
2026-03-09,112,293,295
2026-03-09,113,,
2026-03-09,114,264,265
2026-03-09,115,225,230
2026-03-09,116,,
2026-03-09,117,450,452
2026-03-09,118,430,432
2026-03-09,119,,
2026-03-09,120,,
2026-03-09,121,500,502
2026-03-09,122,440,441
2026-03-09,123,,
2026-03-09,124,439,440
2026-03-09,125,,
2026-03-09,126,,
2026-03-09,127,260,265
2026-03-09,128,235,240
2026-03-09,129,195,195
2026-03-09,130,180,180
2026-03-09,131,1450,1480
2026-03-09,132,640,650
2026-03-09,133,615,620
2026-03-09,134,830,850
2026-03-09,176,5.5,6.5
2026-03-09,177,19,20
2026-03-09,181,7.1,7.2
2026-03-09,182,7.3,7.4
2026-03-09,183,7.15,7.35
2026-03-09,184,8.35,8.45
2026-03-09,185,9.2,9.3
2026-03-09,186,11.8,11.9
2026-03-09,187,210,220
2026-03-09,188,205,215
2026-03-09,189,90,100
2026-03-09,191,,
2026-03-09,192,,
2026-03-09,193,,
2026-03-09,194,,
2026-03-09,195,,
2026-03-09,196,,
2026-03-09,197,,
2026-03-09,198,,
2026-03-09,199,,
2026-03-09,328,0.57,0.61
2026-03-09,329,0.27,0.31
2026-03-09,331,0.44,0.5
2026-03-09,332,,
2026-03-09,333,3.4,3.5
2026-03-09,335,3.8,3.85
2026-03-09,336,,
2026-03-09,337,,
2026-03-09,340,,
2026-03-09,341,3.85,3.89
2026-03-09,342,3.9,3.94
2026-03-09,344,23.1,23.1
2026-03-09,345,21.3,21.3
2026-03-09,346,19.9,19.9
2026-03-09,347,17.9,17.9
2026-03-09,350,3.9,4.2
2026-03-09,351,3.3,3.6
2026-03-09,352,5.9,6.1
2026-03-09,353,6.5,6.7
2026-03-09,356,2.75,2.95
2026-03-09,357,2.95,3.15
2026-03-09,358,5.9,6.2
2026-03-09,361,6.55,6.85
2026-03-09,362,7.45,7.75
2026-03-09,363,7.45,7.85
2026-03-09,364,3.1,3.4
2026-03-09,365,2.8,3
2026-03-09,366,9.3,9.7
2026-03-09,367,4.1,4.3
2026-03-09,368,2.7,2.8
2026-03-09,369,9.3,9.7
2026-03-09,370,4.1,4.3
2026-03-09,371,2.7,2.8
2026-03-09,372,6.4,6.7
2026-03-09,670,,
2026-03-09,671,,
2026-03-09,672,283,285
2026-03-09,674,1.46,1.5
2026-03-09,675,2.26,2.3
2026-03-09,676,3.3,3.6
2026-03-09,677,2.95,3.15
2026-03-09,678,3.75,3.95
2026-03-09,716,25.4,25.4
2026-03-09,717,23.6,23.6
2026-03-09,718,22.4,22.4
2026-03-09,719,19.4,19.4
2026-03-09,727,,
2026-03-09,731,7.25,7.4
2026-03-09,732,9.3,9.4
2026-03-09,733,10.2,10.5
2026-03-09,734,11,11.1
2026-03-09,747,,
2026-03-09,802,2000,2100
2026-03-09,803,1900,2000
2026-03-09,835,6.5,6.7
2026-03-09,836,7.05,7.35
2026-03-09,891,,
2026-03-09,932,,
2026-03-09,936,610,650
2026-03-09,938,236,241
2026-03-09,994,457,459
2026-03-09,996,2.8,3.2
2026-03-09,997,2.7,3.1
2026-03-09,1001,430,530
2026-03-09,1002,480,520
2026-03-09,1004,8.3,9
2026-03-09,1005,8.5,9.3
2026-03-09,1006,,
2026-03-09,1007,,
2026-03-09,1011,240,245
2026-03-09,1036,1.1,1.9
2026-03-09,1049,1.9,2
2026-03-09,1050,2,2.1
2026-03-09,1054,,
2026-03-09,1055,,2450
2026-03-09,1056,7.3,8
2026-03-09,1057,7.4,8.5
2026-03-09,1058,2.3,2.8
2026-03-09,1059,2.3,2.9
2026-03-09,1062,2.35,2.85
2026-03-09,1063,2.35,2.95
2026-03-09,1064,9.5,10.5
2026-03-09,1065,9.5,11
2026-03-09,1067,4.9,5
2026-03-09,1068,,
2026-03-09,1069,12,13
2026-03-09,1071,2.3,2.5
2026-03-09,1072,,
2026-03-09,1073,2.2,2.3
2026-03-09,1076,1.14,1.2
2026-03-09,1077,0.74,0.8
2026-03-09,1078,1.45,1.55
2026-03-09,1079,5.5,5.8
2026-03-09,1080,0.74,0.8
2026-03-09,1081,0.9,1
2026-03-09,1082,0.7,0.8
2026-03-09,1083,1.15,1.25
2026-03-09,1084,0.9,1.05
2026-03-09,1086,0.8,0.95
2026-03-09,1087,1.1,1.3
2026-03-09,1088,0.98,1.05
2026-03-09,1089,1,1.15
2026-03-09,1090,1.1,1.2
2026-03-09,1091,1.3,1.4
2026-03-09,1092,1.3,1.5
2026-03-09,1095,1.4,1.7
2026-03-09,1096,1.4,1.8
2026-03-09,1098,1.1,1.9
2026-03-09,1099,5.5,5.8
2026-03-09,1100,0.9,0.95
2026-03-09,1103,5.5,6
2026-03-09,1105,5.2,5.8
2026-03-09,1108,5.8,6.1
2026-03-09,1109,7,7.5
2026-03-09,1113,4.3,4.8
2026-03-09,1115,4.1,4.25
2026-03-09,1116,1.45,1.6
2026-03-09,1117,1.15,1.25
2026-03-09,1120,1.4,1.6
2026-03-09,1121,1.4,1.6
2026-03-09,1123,,
2026-03-09,1124,,
2026-03-09,1125,,
2026-03-09,1126,3.3,3.5
2026-03-09,1127,0.8,1.1
2026-03-15,2,245,247
2026-03-15,4,223.5,224.5
2026-03-15,5,218,219
2026-03-15,7,286.5,287.5
2026-03-15,8,286.5,287.5
2026-03-15,10,220.5,221.5
2026-03-15,13,230.5,232.5
2026-03-15,14,219.5,220.5
2026-03-15,15,228.5,230.5
2026-03-15,16,223,224.5
2026-03-15,21,228,230
2026-03-15,23,485,490
2026-03-15,24,470,475
2026-03-15,25,419,421
2026-03-15,26,414,417
2026-03-15,27,750,765
2026-03-15,28,750,765
2026-03-15,29,750,765
2026-03-15,30,185.5,187.5
2026-03-15,31,189.5,191.5
2026-03-15,32,134.5,136.5
2026-03-15,33,204.5,206.5
2026-03-15,34,144.5,146.5
2026-03-15,35,200,202
2026-03-15,36,158,160
2026-03-15,37,152,153
2026-03-15,38,152,153
2026-03-15,39,391,393
2026-03-15,41,775,785
2026-03-15,42,210,212
2026-03-15,47,275,278
2026-03-15,48,307.5,312.5
2026-03-15,50,550,680
2026-03-15,51,440,500
2026-03-15,55,430,460
2026-03-15,56,185,195
2026-03-15,58,147.5,152.5
2026-03-15,63,120,130
2026-03-15,67,260,270
2026-03-15,71,150,155
2026-03-15,73,435.5,437.5
2026-03-15,75,439.5,442.5
2026-03-15,76,461,464
2026-03-15,77,470,472
2026-03-15,81,370,400
2026-03-15,86,1370,1380
2026-03-15,87,1335,1340
2026-03-15,88,1285,1290
2026-03-15,89,1725,1735
2026-03-15,92,1390,1395
2026-03-15,94,1515,1520
2026-03-15,95,1455,1460
2026-03-15,103,8.4,9
2026-03-15,104,4.05,4.15
2026-03-15,105,4.25,4.45
2026-03-15,106,3.6,3.7
2026-03-15,107,1.95,2.05
2026-03-15,110,512.5,517.5
2026-03-15,112,293,295
2026-03-15,114,264,265
2026-03-15,115,222.5,227.5
2026-03-15,117,442.5,444.5
2026-03-15,118,420,422
2026-03-15,121,492.5,494.5
2026-03-15,122,430,431
2026-03-15,124,429,430
2026-03-15,127,260,265
2026-03-15,128,235,240
2026-03-15,129,195,195
2026-03-15,130,180,180
2026-03-15,131,1425,1455
2026-03-15,132,630,640
2026-03-15,133,605,610
2026-03-15,134,815,835
2026-03-15,176,5.5,6.5
2026-03-15,177,18.5,19.5
2026-03-15,181,7.1,7.2
2026-03-15,182,7.3,7.4
2026-03-15,183,7.15,7.35
2026-03-15,184,8.35,8.45
2026-03-15,185,9.2,9.3
2026-03-15,186,11.8,11.9
2026-03-15,187,215,225
2026-03-15,188,210,220
2026-03-15,189,95,105
2026-03-15,328,0.57,0.61
2026-03-15,329,0.27,0.31
2026-03-15,331,0.44,0.5
2026-03-15,333,3.4,3.5
2026-03-15,335,3.8,3.85
2026-03-15,341,3.85,3.89
2026-03-15,342,3.9,3.94
2026-03-15,344,23.1,23.1
2026-03-15,345,21.3,21.3
2026-03-15,346,19.9,19.9
2026-03-15,347,17.9,17.9
2026-03-15,350,3.9,4.2
2026-03-15,351,3.3,3.6
2026-03-15,352,5.9,6.1
2026-03-15,353,6.5,6.7
2026-03-15,356,2.75,2.95
2026-03-15,357,2.95,3.15
2026-03-15,358,5.9,6.2
2026-03-15,361,6.55,6.85
2026-03-15,362,7.45,7.75
2026-03-15,363,7.45,7.85
2026-03-15,364,3.1,3.4
2026-03-15,365,2.8,3
2026-03-15,366,9.3,9.7
2026-03-15,367,4.1,4.3
2026-03-15,368,2.7,2.8
2026-03-15,369,9.3,9.7
2026-03-15,370,4.1,4.3
2026-03-15,371,2.7,2.8
2026-03-15,372,6.4,6.7
2026-03-15,672,283,285
2026-03-15,674,1.46,1.5
2026-03-15,675,2.26,2.3
2026-03-15,676,3.3,3.6
2026-03-15,677,2.95,3.15
2026-03-15,678,3.75,3.95
2026-03-15,716,25.4,25.4
2026-03-15,717,23.6,23.6
2026-03-15,718,22.4,22.4
2026-03-15,719,19.4,19.4
2026-03-15,731,7.25,7.4
2026-03-15,732,9.3,9.4
2026-03-15,733,10.2,10.5
2026-03-15,734,11,11.1
2026-03-15,802,1900,2000
2026-03-15,803,1800,1900
2026-03-15,835,6.5,6.7
2026-03-15,836,7.05,7.35
2026-03-15,936,615,655
2026-03-15,938,236,241
2026-03-15,994,447,449
2026-03-15,996,2.8,3.2
2026-03-15,997,2.7,3.1
2026-03-15,1001,430,530
2026-03-15,1002,480,520
2026-03-15,1004,8.3,9
2026-03-15,1005,8.5,9.3
2026-03-15,1011,237.5,242.5
2026-03-15,1036,1.1,1.9
2026-03-15,1049,1.9,2
2026-03-15,1050,2,2.1
2026-03-15,1056,7.3,8
2026-03-15,1057,7.4,8.5
2026-03-15,1058,2.3,2.8
2026-03-15,1059,2.3,2.9
2026-03-15,1062,2.35,2.85
2026-03-15,1063,2.35,2.95
2026-03-15,1064,9.5,10.5
2026-03-15,1065,9.5,11
2026-03-15,1067,4.95,5.05
2026-03-15,1069,12,13
2026-03-15,1071,2.3,2.5
2026-03-15,1073,2.2,2.3
2026-03-15,1076,1.14,1.2
2026-03-15,1077,0.74,0.8
2026-03-15,1078,1.45,1.55
2026-03-15,1079,5.5,5.8
2026-03-15,1080,0.74,0.8
2026-03-15,1081,0.9,1
2026-03-15,1082,0.7,0.8
2026-03-15,1083,1.15,1.25
2026-03-15,1084,0.9,1.05
2026-03-15,1086,0.8,0.95
2026-03-15,1087,1.1,1.3
2026-03-15,1088,0.98,1.05
2026-03-15,1089,1,1.15
2026-03-15,1090,1.1,1.2
2026-03-15,1091,1.3,1.4
2026-03-15,1092,1.3,1.5
2026-03-15,1095,1.4,1.7
2026-03-15,1096,1.4,1.8
2026-03-15,1098,1.1,1.9
2026-03-15,1099,5.5,5.8
2026-03-15,1100,0.9,0.95
2026-03-15,1103,5.5,6
2026-03-15,1105,5.2,5.8
2026-03-15,1108,5.8,6.1
2026-03-15,1109,7,7.5
2026-03-15,1113,4.3,4.8
2026-03-15,1115,4.1,4.25
2026-03-15,1116,1.45,1.6
2026-03-15,1117,1.15,1.25
2026-03-15,1120,1.4,1.6
2026-03-15,1121,1.4,1.6
2026-03-15,1126,3.3,3.5
2026-03-15,1127,0.8,1.1
2026-03-16,2,245,247
2026-03-16,3,,
2026-03-16,4,224,225
2026-03-16,5,218,219
2026-03-16,6,,
2026-03-16,7,294,295
2026-03-16,8,299,300
2026-03-16,9,,
2026-03-16,10,224,225
2026-03-16,11,,
2026-03-16,12,,
2026-03-16,13,235,237
2026-03-16,14,225,226
2026-03-16,15,233,235
2026-03-16,16,227,230
2026-03-16,17,,
2026-03-16,18,,
2026-03-16,19,,
2026-03-16,20,,
2026-03-16,21,233,235
2026-03-16,22,,
2026-03-16,23,485,490
2026-03-16,24,470,475
2026-03-16,25,419,421
2026-03-16,26,414,417
2026-03-16,27,750,765
2026-03-16,28,750,765
2026-03-16,29,750,765
2026-03-16,30,198,200
2026-03-16,31,202,204
2026-03-16,32,147,149
2026-03-16,33,217,219
2026-03-16,34,157,159
2026-03-16,35,205,207
2026-03-16,36,163,165
2026-03-16,37,159,160
2026-03-16,38,159,160
2026-03-16,39,395,397
2026-03-16,40,,
2026-03-16,41,770,780
2026-03-16,42,210,212
2026-03-16,43,,
2026-03-16,44,,
2026-03-16,45,,
2026-03-16,46,,
2026-03-16,47,280,283
2026-03-16,48,310,315
2026-03-16,50,550,690
2026-03-16,51,440,510
2026-03-16,53,,1900
2026-03-16,54,,1780
2026-03-16,55,430,460
2026-03-16,56,180,190
2026-03-16,58,145,150
2026-03-16,61,,
2026-03-16,62,,
2026-03-16,63,120,130
2026-03-16,64,,
2026-03-16,65,,
2026-03-16,66,,
2026-03-16,67,260,270
2026-03-16,68,,
2026-03-16,69,,
2026-03-16,70,,
2026-03-16,71,150,155
2026-03-16,73,443,445
2026-03-16,74,,
2026-03-16,75,447,450
2026-03-16,76,470,473
2026-03-16,77,468,470
2026-03-16,78,,
2026-03-16,79,,
2026-03-16,80,,
2026-03-16,81,370,400
2026-03-16,82,,
2026-03-16,83,,
2026-03-16,84,,
2026-03-16,85,,
2026-03-16,86,1470,1480
2026-03-16,87,1230,1235
2026-03-16,88,1180,1185
2026-03-16,89,1750,1760
2026-03-16,90,,
2026-03-16,91,,
2026-03-16,92,1420,1425
2026-03-16,93,,
2026-03-16,94,1410,1415
2026-03-16,95,1350,1355
2026-03-16,96,,
2026-03-16,97,,
2026-03-16,98,,
2026-03-16,100,,
2026-03-16,101,,
2026-03-16,102,,
2026-03-16,103,8.4,9
2026-03-16,104,4.1,4.2
2026-03-16,105,4.3,4.5
2026-03-16,106,3.7,3.8
2026-03-16,107,2,2.1
2026-03-16,108,,
2026-03-16,109,,
2026-03-16,110,515,520
2026-03-16,111,,
2026-03-16,112,293,295
2026-03-16,113,,
2026-03-16,114,264,265
2026-03-16,115,230,235
2026-03-16,116,,
2026-03-16,117,450,452
2026-03-16,118,420,422
2026-03-16,119,,
2026-03-16,120,,
2026-03-16,121,500,502
2026-03-16,122,430,431
2026-03-16,123,,
2026-03-16,124,424,430
2026-03-16,125,,
2026-03-16,126,,
2026-03-16,127,260,265
2026-03-16,128,235,240
2026-03-16,129,195,195
2026-03-16,130,180,180
2026-03-16,131,1450,1480
2026-03-16,132,660,670
2026-03-16,133,635,640
2026-03-16,134,840,860
2026-03-16,176,6.5,7.5
2026-03-16,177,20,21
2026-03-16,181,7.1,7.2
2026-03-16,182,7.3,7.4
2026-03-16,183,7.15,7.35
2026-03-16,184,8.35,8.45
2026-03-16,185,9.2,9.3
2026-03-16,186,11.8,11.9
2026-03-16,187,220,230
2026-03-16,188,220,230
2026-03-16,189,90,100
2026-03-16,191,,
2026-03-16,192,,
2026-03-16,193,,
2026-03-16,194,,
2026-03-16,195,,
2026-03-16,196,,
2026-03-16,197,,
2026-03-16,198,,
2026-03-16,199,,
2026-03-16,328,0.57,0.61
2026-03-16,329,0.27,0.31
2026-03-16,331,0.44,0.5
2026-03-16,332,,
2026-03-16,333,3.4,3.5
2026-03-16,335,3.8,3.85
2026-03-16,336,,
2026-03-16,337,,
2026-03-16,340,,
2026-03-16,341,3.85,3.89
2026-03-16,342,3.9,3.94
2026-03-16,344,23.1,23.1
2026-03-16,345,21.3,21.3
2026-03-16,346,19.9,19.9
2026-03-16,347,17.9,17.9
2026-03-16,350,3.9,4.2
2026-03-16,351,3.35,3.65
2026-03-16,352,5.9,6.1
2026-03-16,353,6.5,6.7
2026-03-16,356,2.75,2.95
2026-03-16,357,2.95,3.15
2026-03-16,358,5.9,6.2
2026-03-16,361,6.55,6.85
2026-03-16,362,7.45,7.75
2026-03-16,363,7.5,7.9
2026-03-16,364,3.1,3.4
2026-03-16,365,2.8,3
2026-03-16,366,9.3,9.7
2026-03-16,367,4.1,4.3
2026-03-16,368,2.7,2.8
2026-03-16,369,9.3,9.7
2026-03-16,370,4.1,4.3
2026-03-16,371,2.7,2.8
2026-03-16,372,6.5,6.8
2026-03-16,670,,
2026-03-16,671,,
2026-03-16,672,283,285
2026-03-16,674,1.48,1.52
2026-03-16,675,2.26,2.3
2026-03-16,676,3.35,3.65
2026-03-16,677,2.95,3.15
2026-03-16,678,3.75,3.95
2026-03-16,716,25.4,25.4
2026-03-16,717,23.6,23.6
2026-03-16,718,22.4,22.4
2026-03-16,719,19.4,19.4
2026-03-16,727,,
2026-03-16,731,7.25,7.4
2026-03-16,732,9.3,9.4
2026-03-16,733,10.2,10.5
2026-03-16,734,11,11.1
2026-03-16,747,,
2026-03-16,802,2100,2200
2026-03-16,803,2000,2100
2026-03-16,835,6.5,6.7
2026-03-16,836,7.05,7.35
2026-03-16,891,,
2026-03-16,932,,
2026-03-16,936,610,650
2026-03-16,938,236,241
2026-03-16,994,447,449
2026-03-16,996,2.8,3.2
2026-03-16,997,2.7,3.1
2026-03-16,1001,430,520
2026-03-16,1002,470,520
2026-03-16,1004,8.3,9
2026-03-16,1005,8.5,9.3
2026-03-16,1006,,
2026-03-16,1007,,
2026-03-16,1011,242,247
2026-03-16,1036,1.1,1.9
2026-03-16,1049,1.9,2
2026-03-16,1050,2,2.1
2026-03-16,1054,,
2026-03-16,1055,,2470
2026-03-16,1056,7.3,8
2026-03-16,1057,7.4,8.5
2026-03-16,1058,2.3,2.8
2026-03-16,1059,2.3,2.9
2026-03-16,1062,2.35,2.85
2026-03-16,1063,2.35,2.95
2026-03-16,1064,9.5,10.5
2026-03-16,1065,9.5,11
2026-03-16,1067,4.9,5
2026-03-16,1068,,
2026-03-16,1069,12,13
2026-03-16,1071,2.3,2.5
2026-03-16,1072,,
2026-03-16,1073,2.2,2.3
2026-03-16,1076,1.14,1.2
2026-03-16,1077,0.74,0.8
2026-03-16,1078,1.45,1.55
2026-03-16,1079,5.5,5.8
2026-03-16,1080,0.74,0.8
2026-03-16,1081,0.9,1
2026-03-16,1082,0.7,0.8
2026-03-16,1083,1.15,1.25
2026-03-16,1084,0.9,1.05
2026-03-16,1086,0.8,0.95
2026-03-16,1087,1.1,1.3
2026-03-16,1088,0.98,1.05
2026-03-16,1089,1,1.15
2026-03-16,1090,1.1,1.2
2026-03-16,1091,1.3,1.4
2026-03-16,1092,1.3,1.5
2026-03-16,1095,1.4,1.7
2026-03-16,1096,1.4,1.8
2026-03-16,1098,1.1,1.9
2026-03-16,1099,5.5,5.8
2026-03-16,1100,0.9,0.95
2026-03-16,1103,5.5,6
2026-03-16,1105,5.2,5.8
2026-03-16,1108,5.8,6.1
2026-03-16,1109,7,7.5
2026-03-16,1113,4.3,4.8
2026-03-16,1115,4.1,4.25
2026-03-16,1116,1.45,1.6
2026-03-16,1117,1.15,1.25
2026-03-16,1120,1.4,1.6
2026-03-16,1121,1.4,1.6
2026-03-16,1123,,
2026-03-16,1124,,
2026-03-16,1125,,
2026-03-16,1126,3.3,3.5
2026-03-16,1127,0.8,1.1
2026-03-23,2,245,247
2026-03-23,3,,
2026-03-23,4,224,225
2026-03-23,5,218,219
2026-03-23,6,,
2026-03-23,7,294,295
2026-03-23,8,299,300
2026-03-23,9,,
2026-03-23,10,224,225
2026-03-23,11,,
2026-03-23,12,,
2026-03-23,13,235,237
2026-03-23,14,225,226
2026-03-23,15,233,235
2026-03-23,16,227,230
2026-03-23,17,,
2026-03-23,18,,
2026-03-23,19,,
2026-03-23,20,,
2026-03-23,21,233,235
2026-03-23,22,,
2026-03-23,23,485,490
2026-03-23,24,470,475
2026-03-23,25,419,421
2026-03-23,26,414,417
2026-03-23,27,750,765
2026-03-23,28,750,765
2026-03-23,29,750,765
2026-03-23,30,208,210
2026-03-23,31,212,214
2026-03-23,32,157,159
2026-03-23,33,227,229
2026-03-23,34,167,169
2026-03-23,35,217,219
2026-03-23,36,175,177
2026-03-23,37,174,175
2026-03-23,38,174,175
2026-03-23,39,395,397
2026-03-23,40,,
2026-03-23,41,770,780
2026-03-23,42,210,212
2026-03-23,43,,
2026-03-23,44,,
2026-03-23,45,,
2026-03-23,46,,
2026-03-23,47,290,293
2026-03-23,48,310,315
2026-03-23,50,550,690
2026-03-23,51,425,495
2026-03-23,53,,1900
2026-03-23,54,,1750
2026-03-23,55,430,460
2026-03-23,56,180,190
2026-03-23,58,145,150
2026-03-23,61,,
2026-03-23,62,,
2026-03-23,63,120,130
2026-03-23,64,,
2026-03-23,65,,
2026-03-23,66,,
2026-03-23,67,260,270
2026-03-23,68,,
2026-03-23,69,,
2026-03-23,70,,
2026-03-23,71,150,155
2026-03-23,73,433,435
2026-03-23,74,,
2026-03-23,75,432,435
2026-03-23,76,460,463
2026-03-23,77,453,455
2026-03-23,78,,
2026-03-23,79,,
2026-03-23,80,,
2026-03-23,81,375,405
2026-03-23,82,,
2026-03-23,83,,
2026-03-23,84,,
2026-03-23,85,,
2026-03-23,86,1490,1500
2026-03-23,87,1220,1225
2026-03-23,88,1170,1175
2026-03-23,89,1750,1760
2026-03-23,90,,
2026-03-23,91,,
2026-03-23,92,1400,1405
2026-03-23,93,,
2026-03-23,94,1400,1405
2026-03-23,95,1340,1345
2026-03-23,96,,
2026-03-23,97,,
2026-03-23,98,,
2026-03-23,100,,
2026-03-23,101,18,18.5
2026-03-23,102,18.5,19
2026-03-23,103,8.4,9
2026-03-23,104,4.2,4.3
2026-03-23,105,4.4,4.6
2026-03-23,106,3.7,3.8
2026-03-23,107,2,2.1
2026-03-23,108,,
2026-03-23,109,,
2026-03-23,110,515,520
2026-03-23,111,,
2026-03-23,112,293,295
2026-03-23,113,,
2026-03-23,114,269,270
2026-03-23,115,235,240
2026-03-23,116,,
2026-03-23,117,463,465
2026-03-23,118,440,442
2026-03-23,119,,
2026-03-23,120,,
2026-03-23,121,513,515
2026-03-23,122,450,451
2026-03-23,123,,
2026-03-23,124,444,450
2026-03-23,125,,
2026-03-23,126,,
2026-03-23,127,260,265
2026-03-23,128,235,240
2026-03-23,129,195,195
2026-03-23,130,180,180
2026-03-23,131,1470,1500
2026-03-23,132,680,690
2026-03-23,133,655,660
2026-03-23,134,860,880
2026-03-23,176,7.5,8.5
2026-03-23,177,22,23
2026-03-23,181,7.1,7.2
2026-03-23,182,7.3,7.4
2026-03-23,183,7.1,7.3
2026-03-23,184,8.3,8.4
2026-03-23,185,9.15,9.25
2026-03-23,186,11.75,11.85
2026-03-23,187,240,250
2026-03-23,188,230,240
2026-03-23,189,100,110
2026-03-23,191,,
2026-03-23,192,,
2026-03-23,193,,
2026-03-23,194,,
2026-03-23,195,,
2026-03-23,196,,
2026-03-23,197,,
2026-03-23,198,,
2026-03-23,199,,
2026-03-23,328,0.57,0.61
2026-03-23,329,0.27,0.31
2026-03-23,331,0.44,0.5
2026-03-23,332,,
2026-03-23,333,3.4,3.5
2026-03-23,335,3.8,3.85
2026-03-23,336,,
2026-03-23,337,,
2026-03-23,340,,
2026-03-23,341,3.85,3.89
2026-03-23,342,3.9,3.94
2026-03-23,344,23.2,23.2
2026-03-23,345,21.4,21.4
2026-03-23,346,20,20
2026-03-23,347,18,18
2026-03-23,350,3.9,4.2
2026-03-23,351,3.35,3.65
2026-03-23,352,5.9,6.1
2026-03-23,353,6.5,6.7
2026-03-23,356,2.75,2.95
2026-03-23,357,2.95,3.15
2026-03-23,358,5.9,6.2
2026-03-23,361,6.55,6.85
2026-03-23,362,7.45,7.75
2026-03-23,363,7.5,7.9
2026-03-23,364,3.1,3.4
2026-03-23,365,2.8,3
2026-03-23,366,9.3,9.7
2026-03-23,367,4.1,4.3
2026-03-23,368,2.7,2.8
2026-03-23,369,9.3,9.7
2026-03-23,370,4.1,4.3
2026-03-23,371,2.7,2.8
2026-03-23,372,6.5,6.8
2026-03-23,670,,
2026-03-23,671,,
2026-03-23,672,283,285
2026-03-23,674,1.48,1.52
2026-03-23,675,2.26,2.3
2026-03-23,676,3.35,3.65
2026-03-23,677,2.95,3.15
2026-03-23,678,3.75,3.95
2026-03-23,716,25.5,25.5
2026-03-23,717,23.7,23.7
2026-03-23,718,22.5,22.5
2026-03-23,719,19.5,19.5
2026-03-23,727,,
2026-03-23,731,7.25,7.4
2026-03-23,732,9.3,9.4
2026-03-23,733,10.2,10.5
2026-03-23,734,11,11.1
2026-03-23,747,,
2026-03-23,802,2050,2150
2026-03-23,803,2000,2100
2026-03-23,835,6.5,6.7
2026-03-23,836,7.05,7.35
2026-03-23,891,,
2026-03-23,932,,
2026-03-23,936,610,650
2026-03-23,938,236,241
2026-03-23,994,467,469
2026-03-23,996,2.8,3.2
2026-03-23,997,2.7,3.1
2026-03-23,1001,430,520
2026-03-23,1002,470,520
2026-03-23,1004,8.3,9
2026-03-23,1005,8.5,9.3
2026-03-23,1006,,
2026-03-23,1007,,
2026-03-23,1011,242,247
2026-03-23,1036,1.1,1.9
2026-03-23,1045,1.65,1.9
2026-03-23,1046,1.65,2
2026-03-23,1049,1.5,2
2026-03-23,1050,1.6,2.1
2026-03-23,1054,,
2026-03-23,1055,,2440
2026-03-23,1056,7.3,8
2026-03-23,1057,7.4,8.5
2026-03-23,1058,2.3,2.8
2026-03-23,1059,2.3,2.9
2026-03-23,1062,2.35,2.85
2026-03-23,1063,2.35,2.95
2026-03-23,1064,9.5,10.5
2026-03-23,1065,9.5,11
2026-03-23,1067,4.9,5
2026-03-23,1068,,
2026-03-23,1069,12,13
2026-03-23,1071,2.3,2.5
2026-03-23,1072,,
2026-03-23,1073,2.2,2.3
2026-03-23,1076,1.14,1.2
2026-03-23,1077,0.74,0.8
2026-03-23,1078,1.45,1.55
2026-03-23,1079,5.5,5.8
2026-03-23,1080,0.74,0.8
2026-03-23,1081,0.9,1
2026-03-23,1082,0.7,0.8
2026-03-23,1083,1.15,1.25
2026-03-23,1084,0.9,1.05
2026-03-23,1086,0.8,0.95
2026-03-23,1087,1.1,1.3
2026-03-23,1088,0.98,1.05
2026-03-23,1089,1,1.15
2026-03-23,1090,1.1,1.2
2026-03-23,1091,1.2,1.4
2026-03-23,1092,1.2,1.5
2026-03-23,1095,1.4,1.7
2026-03-23,1096,1.4,1.8
2026-03-23,1098,1.1,1.9
2026-03-23,1099,5.5,5.8
2026-03-23,1100,0.9,0.95
2026-03-23,1103,5.5,6
2026-03-23,1105,5.2,5.8
2026-03-23,1108,5.8,6.1
2026-03-23,1109,7,7.5
2026-03-23,1113,4.3,4.8
2026-03-23,1115,4.1,4.25
2026-03-23,1116,1.45,1.6
2026-03-23,1117,1.15,1.25
2026-03-23,1120,1.4,1.6
2026-03-23,1121,1.4,1.6
2026-03-23,1123,,
2026-03-23,1124,,
2026-03-23,1125,,
2026-03-23,1126,3.3,3.5
2026-03-23,1127,0.8,1.1
2026-03-30,2,245,247
2026-03-30,3,,
2026-03-30,4,224,225
2026-03-30,5,218,219
2026-03-30,6,,
2026-03-30,7,294,295
2026-03-30,8,299,300
2026-03-30,9,,
2026-03-30,10,223.33,224.33
2026-03-30,11,,
2026-03-30,12,,
2026-03-30,13,235,237
2026-03-30,14,225,226
2026-03-30,15,233,235
2026-03-30,16,227,230
2026-03-30,17,,
2026-03-30,18,,
2026-03-30,19,,
2026-03-30,20,,
2026-03-30,21,232.33,234.33
2026-03-30,22,,
2026-03-30,23,485,490
2026-03-30,24,470,475
2026-03-30,25,419,421
2026-03-30,26,414,417
2026-03-30,27,750,765
2026-03-30,28,750,765
2026-03-30,29,750,765
2026-03-30,30,208,210
2026-03-30,31,212,214
2026-03-30,32,157,159
2026-03-30,33,227,229
2026-03-30,34,167,169
2026-03-30,35,219,221
2026-03-30,36,177,179
2026-03-30,37,170.67,171.67
2026-03-30,38,170.67,171.67
2026-03-30,39,395,397
2026-03-30,40,,
2026-03-30,41,770,780
2026-03-30,42,210,212
2026-03-30,43,,
2026-03-30,44,,
2026-03-30,45,,
2026-03-30,46,,
2026-03-30,47,288.33,291.33
2026-03-30,48,310,315
2026-03-30,50,550,690
2026-03-30,51,430,500
2026-03-30,53,,1900
2026-03-30,54,,1750
2026-03-30,55,430,460
2026-03-30,56,180,190
2026-03-30,58,145,150
2026-03-30,61,,
2026-03-30,62,,
2026-03-30,63,120,130
2026-03-30,64,,
2026-03-30,65,,
2026-03-30,66,,
2026-03-30,67,260,270
2026-03-30,68,,
2026-03-30,69,,
2026-03-30,70,,
2026-03-30,71,150,155
2026-03-30,73,433,435
2026-03-30,74,,
2026-03-30,75,435.33,438.33
2026-03-30,76,460,463
2026-03-30,77,456.33,458.33
2026-03-30,78,,
2026-03-30,79,,
2026-03-30,80,,
2026-03-30,81,373.33,403.33
2026-03-30,82,,
2026-03-30,83,,
2026-03-30,84,,
2026-03-30,85,,
2026-03-30,86,1483.33,1493.33
2026-03-30,87,1226.67,1231.67
2026-03-30,88,1176.67,1181.67
2026-03-30,89,1750,1760
2026-03-30,90,,
2026-03-30,91,,
2026-03-30,92,1406.67,1411.67
2026-03-30,93,,
2026-03-30,94,1406.67,1411.67
2026-03-30,95,1346.67,1351.67
2026-03-30,96,,
2026-03-30,97,,
2026-03-30,98,,
2026-03-30,100,,
2026-03-30,101,18,18.5
2026-03-30,102,18.5,19
2026-03-30,103,8.4,9
2026-03-30,104,4.17,4.27
2026-03-30,105,4.37,4.57
2026-03-30,106,3.7,3.8
2026-03-30,107,2,2.1
2026-03-30,108,,
2026-03-30,109,,
2026-03-30,110,515,520
2026-03-30,111,,
2026-03-30,112,293,295
2026-03-30,113,,
2026-03-30,114,267.33,268.33
2026-03-30,115,233.33,238.33
2026-03-30,116,,
2026-03-30,117,453.67,455.67
2026-03-30,118,428.33,430.33
2026-03-30,119,,
2026-03-30,120,,
2026-03-30,121,503.67,505.67
2026-03-30,122,438.33,439.33
2026-03-30,123,,
2026-03-30,124,429.33,436.67
2026-03-30,125,,
2026-03-30,126,,
2026-03-30,127,260,265
2026-03-30,128,235,240
2026-03-30,129,195,195
2026-03-30,130,180,180
2026-03-30,131,1463.33,1493.33
2026-03-30,132,676.67,686.67
2026-03-30,133,651.67,656.67
2026-03-30,134,856.67,876.67
2026-03-30,176,7.17,8.17
2026-03-30,177,21.67,22.67
2026-03-30,181,7.1,7.2
2026-03-30,182,7.3,7.4
2026-03-30,183,7.1,7.3
2026-03-30,184,8.3,8.4
2026-03-30,185,9.15,9.25
2026-03-30,186,11.75,11.85
2026-03-30,187,233.33,243.33
2026-03-30,188,226.67,236.67
2026-03-30,189,93.33,103.33
2026-03-30,191,,
2026-03-30,192,,
2026-03-30,193,,
2026-03-30,194,,
2026-03-30,195,,
2026-03-30,196,,
2026-03-30,197,,
2026-03-30,198,,
2026-03-30,199,,
2026-03-30,328,0.57,0.61
2026-03-30,329,0.26,0.3
2026-03-30,331,0.43,0.49
2026-03-30,332,,
2026-03-30,333,3.4,3.5
2026-03-30,335,3.8,3.85
2026-03-30,336,,
2026-03-30,337,,
2026-03-30,340,,
2026-03-30,341,3.85,3.89
2026-03-30,342,3.9,3.94
2026-03-30,344,23.17,23.17
2026-03-30,345,21.37,21.37
2026-03-30,346,19.97,19.97
2026-03-30,347,17.97,17.97
2026-03-30,350,3.9,4.2
2026-03-30,351,3.37,3.67
2026-03-30,352,5.9,6.1
2026-03-30,353,6.5,6.7
2026-03-30,356,2.75,2.95
2026-03-30,357,2.95,3.15
2026-03-30,358,5.9,6.2
2026-03-30,361,6.55,6.85
2026-03-30,362,7.45,7.75
2026-03-30,363,7.53,7.93
2026-03-30,364,3.1,3.4
2026-03-30,365,2.8,3
2026-03-30,366,9.3,9.7
2026-03-30,367,4.1,4.3
2026-03-30,368,2.7,2.8
2026-03-30,369,9.3,9.7
2026-03-30,370,4.1,4.3
2026-03-30,371,2.7,2.8
2026-03-30,372,6.5,6.8
2026-03-30,670,,
2026-03-30,671,,
2026-03-30,672,283,285
2026-03-30,674,1.49,1.53
2026-03-30,675,2.26,2.3
2026-03-30,676,3.37,3.67
2026-03-30,677,2.95,3.15
2026-03-30,678,3.75,3.95
2026-03-30,716,25.47,25.47
2026-03-30,717,23.67,23.67
2026-03-30,718,22.47,22.47
2026-03-30,719,19.47,19.47
2026-03-30,727,,
2026-03-30,731,7.25,7.4
2026-03-30,732,9.3,9.4
2026-03-30,733,10.2,10.5
2026-03-30,734,11,11.1
2026-03-30,747,,
2026-03-30,802,2000,2100
2026-03-30,803,1933.33,2033.33
2026-03-30,835,6.5,6.7
2026-03-30,836,7.05,7.35
2026-03-30,891,,
2026-03-30,932,,
2026-03-30,936,610,650
2026-03-30,938,236,241
2026-03-30,994,455.33,457.33
2026-03-30,996,2.8,3.2
2026-03-30,997,2.7,3.1
2026-03-30,1001,430,520
2026-03-30,1002,470,520
2026-03-30,1004,8.3,9
2026-03-30,1005,8.5,9.3
2026-03-30,1006,,
2026-03-30,1007,,
2026-03-30,1011,242,247
2026-03-30,1036,1.1,1.9
2026-03-30,1045,1.65,1.9
2026-03-30,1046,1.65,2
2026-03-30,1049,1.77,2
2026-03-30,1050,1.87,2.1
2026-03-30,1054,,
2026-03-30,1055,,2440
2026-03-30,1056,7.3,8
2026-03-30,1057,7.4,8.5
2026-03-30,1058,2.3,2.8
2026-03-30,1059,2.3,2.9
2026-03-30,1062,2.35,2.85
2026-03-30,1063,2.35,2.95
2026-03-30,1064,9.5,10.5
2026-03-30,1065,9.5,11
2026-03-30,1067,4.9,5
2026-03-30,1068,,
2026-03-30,1069,12,13
2026-03-30,1071,2.3,2.5
2026-03-30,1072,,
2026-03-30,1073,2.2,2.3
2026-03-30,1076,1.14,1.2
2026-03-30,1077,0.74,0.8
2026-03-30,1078,1.45,1.55
2026-03-30,1079,5.5,5.8
2026-03-30,1080,0.74,0.8
2026-03-30,1081,0.9,1
2026-03-30,1082,0.7,0.8
2026-03-30,1083,1.15,1.25
2026-03-30,1084,0.9,1.05
2026-03-30,1086,0.8,0.95
2026-03-30,1087,1.1,1.3
2026-03-30,1088,0.98,1.05
2026-03-30,1089,1,1.15
2026-03-30,1090,1.1,1.2
2026-03-30,1091,1.27,1.4
2026-03-30,1092,1.27,1.5
2026-03-30,1095,1.4,1.7
2026-03-30,1096,1.4,1.8
2026-03-30,1098,1.1,1.9
2026-03-30,1099,5.5,5.8
2026-03-30,1100,0.9,0.95
2026-03-30,1103,5.5,6
2026-03-30,1105,5.2,5.8
2026-03-30,1108,5.8,6.1
2026-03-30,1109,7,7.5
2026-03-30,1113,4.3,4.8
2026-03-30,1115,4.1,4.25
2026-03-30,1116,1.45,1.6
2026-03-30,1117,1.15,1.25
2026-03-30,1120,1.4,1.6
2026-03-30,1121,1.4,1.6
2026-03-30,1123,,
2026-03-30,1124,,
2026-03-30,1125,,
2026-03-30,1126,3.3,3.5
2026-03-30,1127,0.8,1.1
2026-04-13,2,242,244
2026-04-13,3,,
2026-04-13,4,222,223
2026-04-13,5,218,219
2026-04-13,6,,
2026-04-13,7,289,290
2026-04-13,8,296,297
2026-04-13,9,,
2026-04-13,10,222,223
2026-04-13,11,,
2026-04-13,12,,
2026-04-13,13,235,237
2026-04-13,14,225,226
2026-04-13,15,233,235
2026-04-13,16,227,230
2026-04-13,17,,
2026-04-13,18,,
2026-04-13,19,,
2026-04-13,20,,
2026-04-13,21,229,231
2026-04-13,22,,
2026-04-13,23,485,490
2026-04-13,24,470,475
2026-04-13,25,419,421
2026-04-13,26,414,417
2026-04-13,27,750,765
2026-04-13,28,750,765
2026-04-13,29,750,765
2026-04-13,30,215,217
2026-04-13,31,219,221
2026-04-13,32,164,166
2026-04-13,33,234,236
2026-04-13,34,174,176
2026-04-13,35,232,234
2026-04-13,36,190,192
2026-04-13,37,176,177
2026-04-13,38,176,177
2026-04-13,39,395,397
2026-04-13,40,,
2026-04-13,41,760,770
2026-04-13,42,208,210
2026-04-13,43,,
2026-04-13,44,,
2026-04-13,45,,
2026-04-13,46,,
2026-04-13,47,300,305
2026-04-13,48,310,315
2026-04-13,50,550,690
2026-04-13,51,410,485
2026-04-13,53,,1900
2026-04-13,54,,1730
2026-04-13,55,440,470
2026-04-13,56,180,190
2026-04-13,58,145,150
2026-04-13,61,,
2026-04-13,62,,
2026-04-13,63,110,120
2026-04-13,64,,
2026-04-13,65,,
2026-04-13,66,,
2026-04-13,67,240,250
2026-04-13,68,,
2026-04-13,69,,
2026-04-13,70,,
2026-04-13,71,140,145
2026-04-13,73,418,420
2026-04-13,74,,
2026-04-13,75,422,425
2026-04-13,76,445,450
2026-04-13,77,443,450
2026-04-13,78,,
2026-04-13,79,,
2026-04-13,80,,
2026-04-13,81,375,405
2026-04-13,82,,
2026-04-13,83,,
2026-04-13,84,,
2026-04-13,85,,
2026-04-13,86,1450,1460
2026-04-13,87,1180,1185
2026-04-13,88,1130,1135
2026-04-13,89,1750,1760
2026-04-13,90,,
2026-04-13,91,,
2026-04-13,92,1400,1405
2026-04-13,93,,
2026-04-13,94,1360,1365
2026-04-13,95,1300,1305
2026-04-13,96,,
2026-04-13,97,,
2026-04-13,98,,
2026-04-13,100,,
2026-04-13,101,18,18.5
2026-04-13,102,18.5,19
2026-04-13,103,8.4,9
2026-04-13,104,4.2,4.3
2026-04-13,105,4.4,4.6
2026-04-13,106,3.7,3.8
2026-04-13,107,2,2.1
2026-04-13,108,,
2026-04-13,109,,
2026-04-13,110,515,520
2026-04-13,111,,
2026-04-13,112,295,297
2026-04-13,113,,
2026-04-13,114,269,270
2026-04-13,115,235,240
2026-04-13,116,,
2026-04-13,117,453,455
2026-04-13,118,420,422
2026-04-13,119,,
2026-04-13,120,,
2026-04-13,121,503,505
2026-04-13,122,430,431
2026-04-13,123,,
2026-04-13,124,420,425
2026-04-13,125,,
2026-04-13,126,,
2026-04-13,127,265,270
2026-04-13,128,240,245
2026-04-13,129,185,185
2026-04-13,130,170,170
2026-04-13,131,1470,1500
2026-04-13,132,695,705
2026-04-13,133,670,675
2026-04-13,134,875,895
2026-04-13,176,7.5,8.5
2026-04-13,177,24,25
2026-04-13,181,7,7.1
2026-04-13,182,7.2,7.3
2026-04-13,183,7.05,7.25
2026-04-13,184,8.25,8.35
2026-04-13,185,9.1,9.2
2026-04-13,186,11.7,11.8
2026-04-13,187,270,280
2026-04-13,188,260,270
2026-04-13,189,130,140
2026-04-13,191,,
2026-04-13,192,,
2026-04-13,193,,
2026-04-13,194,,
2026-04-13,195,,
2026-04-13,196,,
2026-04-13,197,,
2026-04-13,198,,
2026-04-13,199,,
2026-04-13,328,0.57,0.61
2026-04-13,329,0.21,0.25
2026-04-13,331,0.38,0.44
2026-04-13,332,,
2026-04-13,333,3.4,3.5
2026-04-13,335,3.8,3.85
2026-04-13,336,,
2026-04-13,337,,
2026-04-13,340,,
2026-04-13,341,3.85,3.89
2026-04-13,342,3.9,3.94
2026-04-13,344,23.2,23.2
2026-04-13,345,21.4,21.4
2026-04-13,346,20,20
2026-04-13,347,18,18
2026-04-13,350,3.9,4.2
2026-04-13,351,3.4,3.7
2026-04-13,352,5.9,6.1
2026-04-13,353,6.5,6.7
2026-04-13,356,2.75,2.95
2026-04-13,357,2.85,3.05
2026-04-13,358,5.9,6.2
2026-04-13,361,6.55,6.85
2026-04-13,362,7.45,7.75
2026-04-13,363,7.6,8
2026-04-13,364,3.1,3.4
2026-04-13,365,2.8,3
2026-04-13,366,9.3,9.7
2026-04-13,367,4.1,4.3
2026-04-13,368,2.7,2.8
2026-04-13,369,9.3,9.7
2026-04-13,370,4.1,4.3
2026-04-13,371,2.7,2.8
2026-04-13,372,6.5,6.8
2026-04-13,670,,
2026-04-13,671,,
2026-04-13,672,285,287
2026-04-13,674,1.5,1.54
2026-04-13,675,2.26,2.3
2026-04-13,676,3.4,3.7
2026-04-13,677,2.85,3.05
2026-04-13,678,3.75,3.95
2026-04-13,716,25.5,25.5
2026-04-13,717,23.7,23.7
2026-04-13,718,22.5,22.5
2026-04-13,719,19.5,19.5
2026-04-13,727,,
2026-04-13,731,7.25,7.4
2026-04-13,732,9.3,9.4
2026-04-13,733,10.2,10.5
2026-04-13,734,11,11.1
2026-04-13,747,,
2026-04-13,802,1850,1950
2026-04-13,803,1800,1900
2026-04-13,835,6.5,6.7
2026-04-13,836,7.05,7.35
2026-04-13,891,,
2026-04-13,932,,
2026-04-13,936,610,650
2026-04-13,938,234,239
2026-04-13,994,447,449
2026-04-13,996,2.8,3.2
2026-04-13,997,2.7,3.1
2026-04-13,1001,430,500
2026-04-13,1002,450,500
2026-04-13,1004,8.3,9
2026-04-13,1005,8.5,9.3
2026-04-13,1006,,
2026-04-13,1007,,
2026-04-13,1011,242,247
2026-04-13,1036,1.1,1.9
2026-04-13,1049,1.9,2
2026-04-13,1050,2,2.1
2026-04-13,1054,,
2026-04-13,1055,,2440
2026-04-13,1056,7.3,8
2026-04-13,1057,7.4,8.5
2026-04-13,1058,2.3,2.8
2026-04-13,1059,2.3,2.9
2026-04-13,1062,2.35,2.85
2026-04-13,1063,2.35,2.95
2026-04-13,1064,9.5,10.5
2026-04-13,1065,9.5,11
2026-04-13,1067,4.9,5
2026-04-13,1068,,
2026-04-13,1069,12,13
2026-04-13,1071,2.3,2.5
2026-04-13,1072,,
2026-04-13,1073,2.2,2.3
2026-04-13,1076,1.14,1.2
2026-04-13,1077,0.74,0.8
2026-04-13,1078,1.45,1.55
2026-04-13,1079,5.5,5.8
2026-04-13,1080,0.74,0.8
2026-04-13,1081,0.9,1
2026-04-13,1082,0.7,0.8
2026-04-13,1083,1.15,1.25
2026-04-13,1084,0.9,1.05
2026-04-13,1086,0.8,0.95
2026-04-13,1087,1.1,1.3
2026-04-13,1088,0.98,1.05
2026-04-13,1089,1,1.15
2026-04-13,1090,1.1,1.2
2026-04-13,1091,1.3,1.4
2026-04-13,1092,1.3,1.5
2026-04-13,1095,1.4,1.7
2026-04-13,1096,1.4,1.8
2026-04-13,1098,1.1,1.9
2026-04-13,1099,5.5,5.8
2026-04-13,1100,0.9,0.95
2026-04-13,1103,5.5,6
2026-04-13,1105,5.2,5.8
2026-04-13,1108,5.8,6.1
2026-04-13,1109,7,7.5
2026-04-13,1113,4.3,4.8
2026-04-13,1115,4.1,4.25
2026-04-13,1116,1.45,1.6
2026-04-13,1117,1.15,1.25
2026-04-13,1120,1.4,1.6
2026-04-13,1121,1.4,1.6
2026-04-13,1123,,
2026-04-13,1124,,
2026-04-13,1125,,
2026-04-13,1126,3.3,3.5
2026-04-13,1127,0.8,1.1
2026-04-15,2,242,244
2026-04-15,4,222,223
2026-04-15,5,218,219
2026-04-15,7,289,290
2026-04-15,8,296,297
2026-04-15,10,222,223
2026-04-15,13,235,237
2026-04-15,14,225,226
2026-04-15,15,233,235
2026-04-15,16,227,230
2026-04-15,21,229,231
2026-04-15,23,485,490
2026-04-15,24,470,475
2026-04-15,25,419,421
2026-04-15,26,414,417
2026-04-15,27,750,765
2026-04-15,28,750,765
2026-04-15,29,750,765
2026-04-15,30,215,217
2026-04-15,31,219,221
2026-04-15,32,164,166
2026-04-15,33,234,236
2026-04-15,34,174,176
2026-04-15,35,232,234
2026-04-15,36,190,192
2026-04-15,37,176,177
2026-04-15,38,176,177
2026-04-15,39,395,397
2026-04-15,41,760,770
2026-04-15,42,208,210
2026-04-15,47,300,305
2026-04-15,48,310,315
2026-04-15,50,550,690
2026-04-15,51,410,485
2026-04-15,55,440,470
2026-04-15,56,180,190
2026-04-15,58,145,150
2026-04-15,63,110,120
2026-04-15,67,240,250
2026-04-15,71,140,145
2026-04-15,73,418,420
2026-04-15,75,422,425
2026-04-15,76,445,450
2026-04-15,77,443,450
2026-04-15,81,375,405
2026-04-15,86,1450,1460
2026-04-15,87,1180,1185
2026-04-15,88,1130,1135
2026-04-15,89,1750,1760
2026-04-15,92,1400,1405
2026-04-15,94,1360,1365
2026-04-15,95,1300,1305
2026-04-15,101,18,18.5
2026-04-15,102,18.5,19
2026-04-15,103,8.4,9
2026-04-15,104,4.2,4.3
2026-04-15,105,4.4,4.6
2026-04-15,106,3.7,3.8
2026-04-15,107,2,2.1
2026-04-15,110,515,520
2026-04-15,112,295,297
2026-04-15,114,269,270
2026-04-15,115,235,240
2026-04-15,117,453,455
2026-04-15,118,420,422
2026-04-15,121,503,505
2026-04-15,122,430,431
2026-04-15,124,420,425
2026-04-15,127,265,270
2026-04-15,128,240,245
2026-04-15,129,185,185
2026-04-15,130,170,170
2026-04-15,131,1470,1500
2026-04-15,132,695,705
2026-04-15,133,670,675
2026-04-15,134,875,895
2026-04-15,176,7.5,8.5
2026-04-15,177,24,25
2026-04-15,181,7,7.1
2026-04-15,182,7.2,7.3
2026-04-15,183,7.05,7.25
2026-04-15,184,8.25,8.35
2026-04-15,185,9.1,9.2
2026-04-15,186,11.7,11.8
2026-04-15,187,270,280
2026-04-15,188,260,270
2026-04-15,189,130,140
2026-04-15,328,0.57,0.61
2026-04-15,329,0.21,0.25
2026-04-15,331,0.38,0.44
2026-04-15,333,3.4,3.5
2026-04-15,335,3.8,3.85
2026-04-15,341,3.85,3.89
2026-04-15,342,3.9,3.94
2026-04-15,344,23.2,23.2
2026-04-15,345,21.4,21.4
2026-04-15,346,20,20
2026-04-15,347,18,18
2026-04-15,350,3.9,4.2
2026-04-15,351,3.4,3.7
2026-04-15,352,5.9,6.1
2026-04-15,353,6.5,6.7
2026-04-15,356,2.75,2.95
2026-04-15,357,2.85,3.05
2026-04-15,358,5.9,6.2
2026-04-15,361,6.55,6.85
2026-04-15,362,7.45,7.75
2026-04-15,363,7.6,8
2026-04-15,364,3.1,3.4
2026-04-15,365,2.8,3
2026-04-15,366,9.3,9.7
2026-04-15,367,4.1,4.3
2026-04-15,368,2.7,2.8
2026-04-15,369,9.3,9.7
2026-04-15,370,4.1,4.3
2026-04-15,371,2.7,2.8
2026-04-15,372,6.5,6.8
2026-04-15,672,285,287
2026-04-15,674,1.5,1.54
2026-04-15,675,2.26,2.3
2026-04-15,676,3.4,3.7
2026-04-15,677,2.85,3.05
2026-04-15,678,3.75,3.95
2026-04-15,716,25.5,25.5
2026-04-15,717,23.7,23.7
2026-04-15,718,22.5,22.5
2026-04-15,719,19.5,19.5
2026-04-15,731,7.25,7.4
2026-04-15,732,9.3,9.4
2026-04-15,733,10.2,10.5
2026-04-15,734,11,11.1
2026-04-15,802,1850,1950
2026-04-15,803,1800,1900
2026-04-15,835,6.5,6.7
2026-04-15,836,7.05,7.35
2026-04-15,936,610,650
2026-04-15,938,234,239
2026-04-15,994,447,449
2026-04-15,996,2.8,3.2
2026-04-15,997,2.7,3.1
2026-04-15,1001,430,500
2026-04-15,1002,450,500
2026-04-15,1004,8.3,9
2026-04-15,1005,8.5,9.3
2026-04-15,1011,242,247
2026-04-15,1036,1.1,1.9
2026-04-15,1049,1.9,2
2026-04-15,1050,2,2.1
2026-04-15,1056,7.3,8
2026-04-15,1057,7.4,8.5
2026-04-15,1058,2.3,2.8
2026-04-15,1059,2.3,2.9
2026-04-15,1062,2.35,2.85
2026-04-15,1063,2.35,2.95
2026-04-15,1064,9.5,10.5
2026-04-15,1065,9.5,11
2026-04-15,1067,4.9,5
2026-04-15,1069,12,13
2026-04-15,1071,2.3,2.5
2026-04-15,1073,2.2,2.3
2026-04-15,1076,1.14,1.2
2026-04-15,1077,0.74,0.8
2026-04-15,1078,1.45,1.55
2026-04-15,1079,5.5,5.8
2026-04-15,1080,0.74,0.8
2026-04-15,1081,0.9,1
2026-04-15,1082,0.7,0.8
2026-04-15,1083,1.15,1.25
2026-04-15,1084,0.9,1.05
2026-04-15,1086,0.8,0.95
2026-04-15,1087,1.1,1.3
2026-04-15,1088,0.98,1.05
2026-04-15,1089,1,1.15
2026-04-15,1090,1.1,1.2
2026-04-15,1091,1.3,1.4
2026-04-15,1092,1.3,1.5
2026-04-15,1095,1.4,1.7
2026-04-15,1096,1.4,1.8
2026-04-15,1098,1.1,1.9
2026-04-15,1099,5.5,5.8
2026-04-15,1100,0.9,0.95
2026-04-15,1103,5.5,6
2026-04-15,1105,5.2,5.8
2026-04-15,1108,5.8,6.1
2026-04-15,1109,7,7.5
2026-04-15,1113,4.3,4.8
2026-04-15,1115,4.1,4.25
2026-04-15,1116,1.45,1.6
2026-04-15,1117,1.15,1.25
2026-04-15,1120,1.4,1.6
2026-04-15,1121,1.4,1.6
2026-04-15,1126,3.3,3.5
2026-04-15,1127,0.8,1.1
2026-04-20,2,240,242
2026-04-20,3,,
2026-04-20,4,222,223
2026-04-20,5,218,219
2026-04-20,6,,
2026-04-20,7,289,290
2026-04-20,8,298,299
2026-04-20,9,,
2026-04-20,10,224,225
2026-04-20,11,,
2026-04-20,12,,
2026-04-20,13,235,237
2026-04-20,14,225,226
2026-04-20,15,234,236
2026-04-20,16,228,232
2026-04-20,17,,
2026-04-20,18,,
2026-04-20,19,,
2026-04-20,20,,
2026-04-20,21,229,231
2026-04-20,22,,
2026-04-20,23,480,485
2026-04-20,24,465,470
2026-04-20,25,414,416
2026-04-20,26,409,412
2026-04-20,27,750,765
2026-04-20,28,750,765
2026-04-20,29,750,765
2026-04-20,30,209,211
2026-04-20,31,213,215
2026-04-20,32,158,160
2026-04-20,33,228,230
2026-04-20,34,168,170
2026-04-20,35,225,227
2026-04-20,36,183,185
2026-04-20,37,169,170
2026-04-20,38,169,170
2026-04-20,39,395,397
2026-04-20,40,,
2026-04-20,41,760,770
2026-04-20,42,208,210
2026-04-20,43,,
2026-04-20,44,,
2026-04-20,45,,
2026-04-20,46,,
2026-04-20,47,300,305
2026-04-20,48,310,315
2026-04-20,50,550,690
2026-04-20,51,410,485
2026-04-20,53,,1900
2026-04-20,54,,1730
2026-04-20,55,440,470
2026-04-20,56,180,190
2026-04-20,58,145,150
2026-04-20,61,,
2026-04-20,62,,
2026-04-20,63,110,120
2026-04-20,64,,
2026-04-20,65,,
2026-04-20,66,,
2026-04-20,67,230,240
2026-04-20,68,,
2026-04-20,69,,
2026-04-20,70,,
2026-04-20,71,140,145
2026-04-20,73,418,420
2026-04-20,74,,
2026-04-20,75,422,425
2026-04-20,76,445,450
2026-04-20,77,443,450
2026-04-20,78,,
2026-04-20,79,,
2026-04-20,80,,
2026-04-20,81,375,405
2026-04-20,82,,
2026-04-20,83,,
2026-04-20,84,,
2026-04-20,85,,
2026-04-20,86,1380,1390
2026-04-20,87,1170,1175
2026-04-20,88,1120,1125
2026-04-20,89,1750,1760
2026-04-20,90,,
2026-04-20,91,,
2026-04-20,92,1400,1405
2026-04-20,93,,
2026-04-20,94,1350,1355
2026-04-20,95,1290,1295
2026-04-20,96,,
2026-04-20,97,,
2026-04-20,98,,
2026-04-20,100,,
2026-04-20,101,18,18.5
2026-04-20,102,18.5,19
2026-04-20,103,8.2,9
2026-04-20,104,4.1,4.2
2026-04-20,105,4.3,4.5
2026-04-20,106,3.7,3.8
2026-04-20,107,2,2.1
2026-04-20,108,,
2026-04-20,109,,
2026-04-20,110,,
2026-04-20,111,,
2026-04-20,112,295,297
2026-04-20,113,,
2026-04-20,114,267,270
2026-04-20,115,235,240
2026-04-20,116,,
2026-04-20,117,450,452
2026-04-20,118,417,419
2026-04-20,119,,
2026-04-20,120,,
2026-04-20,121,500,502
2026-04-20,122,427,428
2026-04-20,123,,
2026-04-20,124,417,422
2026-04-20,125,,
2026-04-20,126,,
2026-04-20,127,265,270
2026-04-20,128,240,245
2026-04-20,129,185,185
2026-04-20,130,170,170
2026-04-20,131,1450,1480
2026-04-20,132,695,705
2026-04-20,133,670,675
2026-04-20,134,875,895
2026-04-20,176,7.5,8.5
2026-04-20,177,24,25
2026-04-20,181,7,7.1
2026-04-20,182,7.2,7.3
2026-04-20,183,7.05,7.25
2026-04-20,184,8.25,8.35
2026-04-20,185,9.1,9.2
2026-04-20,186,11.7,11.8
2026-04-20,187,295,305
2026-04-20,188,250,260
2026-04-20,189,130,140
2026-04-20,191,,
2026-04-20,192,,
2026-04-20,193,,
2026-04-20,194,,
2026-04-20,195,,
2026-04-20,196,,
2026-04-20,197,,
2026-04-20,198,,
2026-04-20,199,,
2026-04-20,328,0.57,0.61
2026-04-20,329,0.21,0.25
2026-04-20,331,0.38,0.44
2026-04-20,332,,
2026-04-20,333,3.4,3.5
2026-04-20,335,3.8,3.85
2026-04-20,336,,
2026-04-20,337,,
2026-04-20,340,,
2026-04-20,341,3.85,3.89
2026-04-20,342,3.9,3.94
2026-04-20,344,23.2,23.2
2026-04-20,345,21.4,21.4
2026-04-20,346,20,20
2026-04-20,347,18,18
2026-04-20,350,3.9,4.2
2026-04-20,351,3.4,3.7
2026-04-20,352,5.9,6.1
2026-04-20,353,6.5,6.7
2026-04-20,356,2.75,2.95
2026-04-20,357,2.85,3.05
2026-04-20,358,5.9,6.2
2026-04-20,361,6.55,6.85
2026-04-20,362,7.45,7.75
2026-04-20,363,7.6,8
2026-04-20,364,3.1,3.4
2026-04-20,365,2.8,3
2026-04-20,366,9.3,9.7
2026-04-20,367,4.1,4.3
2026-04-20,368,2.7,2.8
2026-04-20,369,9.3,9.7
2026-04-20,370,4.1,4.3
2026-04-20,371,2.7,2.8
2026-04-20,372,6.5,6.8
2026-04-20,670,,
2026-04-20,671,,
2026-04-20,672,285,287
2026-04-20,674,1.5,1.54
2026-04-20,675,2.26,2.3
2026-04-20,676,3.4,3.7
2026-04-20,677,2.85,3.05
2026-04-20,678,3.75,3.95
2026-04-20,716,25.5,25.5
2026-04-20,717,23.7,23.7
2026-04-20,718,22.5,22.5
2026-04-20,719,19.5,19.5
2026-04-20,727,,
2026-04-20,731,7.25,7.4
2026-04-20,732,9.3,9.4
2026-04-20,733,10.2,10.5
2026-04-20,734,11,11.1
2026-04-20,747,,
2026-04-20,802,1700,1800
2026-04-20,803,1600,1700
2026-04-20,835,6.5,6.7
2026-04-20,836,7.05,7.35
2026-04-20,891,,
2026-04-20,932,,
2026-04-20,936,610,650
2026-04-20,938,232,237
2026-04-20,994,444,446
2026-04-20,996,2.8,3.2
2026-04-20,997,2.7,3.1
2026-04-20,1001,430,500
2026-04-20,1002,450,500
2026-04-20,1004,8.3,9
2026-04-20,1005,8.5,9.3
2026-04-20,1006,,
2026-04-20,1007,,
2026-04-20,1011,242,247
2026-04-20,1036,1.1,1.9
2026-04-20,1049,1.9,2
2026-04-20,1050,2,2.1
2026-04-20,1054,,
2026-04-20,1055,,2440
2026-04-20,1056,7.3,8
2026-04-20,1057,7.4,8.5
2026-04-20,1058,2.3,2.8
2026-04-20,1059,2.3,2.9
2026-04-20,1062,2.35,2.85
2026-04-20,1063,2.35,2.95
2026-04-20,1064,9.5,10.5
2026-04-20,1065,9.5,11
2026-04-20,1067,4.9,5
2026-04-20,1068,,
2026-04-20,1069,12,13
2026-04-20,1071,2.3,2.5
2026-04-20,1072,,
2026-04-20,1073,2.2,2.3
2026-04-20,1076,1.14,1.2
2026-04-20,1077,0.74,0.8
2026-04-20,1078,1.45,1.55
2026-04-20,1079,5.5,5.8
2026-04-20,1080,0.74,0.8
2026-04-20,1081,0.9,1
2026-04-20,1082,0.7,0.8
2026-04-20,1083,1.15,1.25
2026-04-20,1084,0.9,1.05
2026-04-20,1086,0.8,0.95
2026-04-20,1087,1.1,1.3
2026-04-20,1088,0.98,1.05
2026-04-20,1089,1,1.15
2026-04-20,1090,1.1,1.2
2026-04-20,1091,1.3,1.4
2026-04-20,1092,1.3,1.5
2026-04-20,1095,1.4,1.7
2026-04-20,1096,1.4,1.8
2026-04-20,1098,1.1,1.9
2026-04-20,1099,5.5,5.8
2026-04-20,1100,0.9,0.95
2026-04-20,1103,5.5,6
2026-04-20,1105,5.2,5.8
2026-04-20,1108,5.8,6.1
2026-04-20,1109,7,7.5
2026-04-20,1113,4.3,4.8
2026-04-20,1115,4.1,4.25
2026-04-20,1116,1.45,1.6
2026-04-20,1117,1.15,1.25
2026-04-20,1120,1.4,1.6
2026-04-20,1121,1.4,1.6
2026-04-20,1123,,
2026-04-20,1124,,
2026-04-20,1125,,
2026-04-20,1126,3.3,3.5
2026-04-20,1127,0.8,1.1
2026-04-27,2,240,242
2026-04-27,3,,
2026-04-27,4,222,223
2026-04-27,5,218,219
2026-04-27,6,,
2026-04-27,7,291,292
2026-04-27,8,298,299
2026-04-27,9,,
2026-04-27,10,224,225
2026-04-27,11,,
2026-04-27,12,,
2026-04-27,13,238,240
2026-04-27,14,228,229
2026-04-27,15,240,242
2026-04-27,16,235,239
2026-04-27,17,,
2026-04-27,18,,
2026-04-27,19,,
2026-04-27,20,,
2026-04-27,21,225,231
2026-04-27,22,,
2026-04-27,23,480,485
2026-04-27,24,465,470
2026-04-27,25,414,416
2026-04-27,26,409,412
2026-04-27,27,750,765
2026-04-27,28,750,765
2026-04-27,29,750,765
2026-04-27,30,204,206
2026-04-27,31,208,210
2026-04-27,32,153,155
2026-04-27,33,223,225
2026-04-27,34,163,165
2026-04-27,35,220,222
2026-04-27,36,178,180
2026-04-27,37,164,165
2026-04-27,38,164,165
2026-04-27,39,395,397
2026-04-27,40,,
2026-04-27,41,760,770
2026-04-27,42,205,207
2026-04-27,43,,
2026-04-27,44,,
2026-04-27,45,,
2026-04-27,46,,
2026-04-27,47,300,305
2026-04-27,48,310,315
2026-04-27,50,570,710
2026-04-27,51,410,485
2026-04-27,53,,1900
2026-04-27,54,,1730
2026-04-27,55,440,470
2026-04-27,56,190,200
2026-04-27,58,165,170
2026-04-27,61,,
2026-04-27,62,,
2026-04-27,63,110,120
2026-04-27,64,,
2026-04-27,65,,
2026-04-27,66,,
2026-04-27,67,230,240
2026-04-27,68,,
2026-04-27,69,,
2026-04-27,70,,
2026-04-27,71,140,145
2026-04-27,73,423,425
2026-04-27,74,,
2026-04-27,75,425,428
2026-04-27,76,450,455
2026-04-27,77,446,453
2026-04-27,78,,
2026-04-27,79,,
2026-04-27,80,,
2026-04-27,81,375,405
2026-04-27,82,,
2026-04-27,83,,
2026-04-27,84,,
2026-04-27,85,,
2026-04-27,86,1380,1390
2026-04-27,87,1210,1215
2026-04-27,88,1160,1165
2026-04-27,89,1750,1760
2026-04-27,90,,
2026-04-27,91,,
2026-04-27,92,1415,1420
2026-04-27,93,,
2026-04-27,94,1390,1395
2026-04-27,95,1330,1335
2026-04-27,96,,
2026-04-27,97,,
2026-04-27,98,,
2026-04-27,100,,
2026-04-27,101,18,18.5
2026-04-27,102,18.5,19
2026-04-27,103,8,9
2026-04-27,104,4,4.1
2026-04-27,105,4.2,4.4
2026-04-27,106,3.7,3.8
2026-04-27,107,1.95,2.05
2026-04-27,108,,
2026-04-27,109,,
2026-04-27,110,,
2026-04-27,111,,
2026-04-27,112,295,297
2026-04-27,113,,
2026-04-27,114,267,270
2026-04-27,115,235,240
2026-04-27,116,,
2026-04-27,117,450,452
2026-04-27,118,422,424
2026-04-27,119,,
2026-04-27,120,,
2026-04-27,121,500,502
2026-04-27,122,432,433
2026-04-27,123,,
2026-04-27,124,422,427
2026-04-27,125,,
2026-04-27,126,,
2026-04-27,127,255,260
2026-04-27,128,230,235
2026-04-27,129,175,175
2026-04-27,130,160,160
2026-04-27,131,1450,1480
2026-04-27,132,695,705
2026-04-27,133,670,675
2026-04-27,134,865,885
2026-04-27,176,7.5,8.5
2026-04-27,177,24,25
2026-04-27,181,7,7.1
2026-04-27,182,7.2,7.3
2026-04-27,183,7.05,7.25
2026-04-27,184,8.25,8.35
2026-04-27,185,9.1,9.2
2026-04-27,186,11.7,11.8
2026-04-27,187,300,310
2026-04-27,188,240,250
2026-04-27,189,110,120
2026-04-27,191,,
2026-04-27,192,,
2026-04-27,193,,
2026-04-27,194,,
2026-04-27,195,,
2026-04-27,196,,
2026-04-27,197,,
2026-04-27,198,,
2026-04-27,199,,
2026-04-27,328,0.57,0.61
2026-04-27,329,0.21,0.25
2026-04-27,331,0.38,0.44
2026-04-27,332,,
2026-04-27,333,3.4,3.5
2026-04-27,335,3.8,3.85
2026-04-27,336,,
2026-04-27,337,,
2026-04-27,340,,
2026-04-27,341,3.85,3.89
2026-04-27,342,3.9,3.94
2026-04-27,344,23.2,23.2
2026-04-27,345,21.4,21.4
2026-04-27,346,20,20
2026-04-27,347,18,18
2026-04-27,350,3.9,4.2
2026-04-27,351,3.4,3.7
2026-04-27,352,5.9,6.1
2026-04-27,353,6.5,6.7
2026-04-27,356,2.75,2.95
2026-04-27,357,2.85,3.05
2026-04-27,358,5.9,6.2
2026-04-27,361,6.55,6.85
2026-04-27,362,7.45,7.75
2026-04-27,363,7.6,8
2026-04-27,364,3.1,3.4
2026-04-27,365,2.8,3
2026-04-27,366,9.3,9.7
2026-04-27,367,4.1,4.3
2026-04-27,368,2.7,2.8
2026-04-27,369,9.3,9.7
2026-04-27,370,4.1,4.3
2026-04-27,371,2.7,2.8
2026-04-27,372,6.5,6.8
2026-04-27,670,,
2026-04-27,671,,
2026-04-27,672,285,287
2026-04-27,674,1.5,1.54
2026-04-27,675,2.26,2.3
2026-04-27,676,3.4,3.7
2026-04-27,677,2.85,3.05
2026-04-27,678,3.75,3.95
2026-04-27,716,25.5,25.5
2026-04-27,717,23.7,23.7
2026-04-27,718,22.5,22.5
2026-04-27,719,19.5,19.5
2026-04-27,727,,
2026-04-27,731,7.25,7.4
2026-04-27,732,9.3,9.4
2026-04-27,733,10.2,10.5
2026-04-27,734,11,11.1
2026-04-27,747,,
2026-04-27,802,1600,1700
2026-04-27,803,1500,1600
2026-04-27,835,6.5,6.7
2026-04-27,836,7.05,7.35
2026-04-27,891,,
2026-04-27,932,,
2026-04-27,936,610,650
2026-04-27,938,232,237
2026-04-27,994,449,451
2026-04-27,996,2.8,3.2
2026-04-27,997,2.7,3.1
2026-04-27,1001,430,500
2026-04-27,1002,450,500
2026-04-27,1004,8.3,9
2026-04-27,1005,8.5,9.3
2026-04-27,1006,,
2026-04-27,1007,,
2026-04-27,1011,245,248
2026-04-27,1036,1.1,1.9
2026-04-27,1049,1.9,2
2026-04-27,1050,2,2.1
2026-04-27,1054,,
2026-04-27,1055,,2440
2026-04-27,1056,7.3,8
2026-04-27,1057,7.4,8.5
2026-04-27,1058,2.3,2.8
2026-04-27,1059,2.3,2.9
2026-04-27,1062,2.35,2.85
2026-04-27,1063,2.35,2.95
2026-04-27,1064,9.5,10.5
2026-04-27,1065,9.5,11
2026-04-27,1067,4.9,5
2026-04-27,1068,,
2026-04-27,1069,12,13
2026-04-27,1071,2.3,2.5
2026-04-27,1072,,
2026-04-27,1073,2.2,2.3
2026-04-27,1076,1.1,1.2
2026-04-27,1077,0.74,0.8
2026-04-27,1078,1.45,1.55
2026-04-27,1079,5.5,5.8
2026-04-27,1080,0.74,0.8
2026-04-27,1081,0.9,1
2026-04-27,1082,0.7,0.8
2026-04-27,1083,1.15,1.25
2026-04-27,1084,0.9,1.05
2026-04-27,1086,0.8,0.95
2026-04-27,1087,1.1,1.3
2026-04-27,1088,0.98,1.05
2026-04-27,1089,1,1.15
2026-04-27,1090,1.1,1.2
2026-04-27,1091,1.2,1.4
2026-04-27,1092,1.2,1.5
2026-04-27,1095,1.4,1.7
2026-04-27,1096,1.4,1.8
2026-04-27,1098,1.1,1.9
2026-04-27,1099,5.5,5.8
2026-04-27,1100,0.9,0.95
2026-04-27,1103,5.5,6
2026-04-27,1105,5.2,5.8
2026-04-27,1108,5.8,6.1
2026-04-27,1109,7,7.5
2026-04-27,1113,4.3,4.8
2026-04-27,1115,3.95,4.2
2026-04-27,1116,1.45,1.6
2026-04-27,1117,1.15,1.25
2026-04-27,1120,1.4,1.6
2026-04-27,1121,1.4,1.6
2026-04-27,1123,,
2026-04-27,1124,,
2026-04-27,1125,,
2026-04-27,1126,3.3,3.5
2026-04-27,1127,0.8,1.1
2026-04-30,2,240,242
2026-04-30,4,222,223
2026-04-30,5,218,219
2026-04-30,7,290,291
2026-04-30,8,298,299
2026-04-30,10,224,225
2026-04-30,13,236.5,238.5
2026-04-30,14,226.5,227.5
2026-04-30,15,237,239
2026-04-30,16,231.5,235.5
2026-04-30,21,227,231
2026-04-30,23,480,485
2026-04-30,24,465,470
2026-04-30,25,414,416
2026-04-30,26,409,412
2026-04-30,27,750,765
2026-04-30,28,750,765
2026-04-30,29,750,765
2026-04-30,30,206.5,208.5
2026-04-30,31,210.5,212.5
2026-04-30,32,155.5,157.5
2026-04-30,33,225.5,227.5
2026-04-30,34,165.5,167.5
2026-04-30,35,222.5,224.5
2026-04-30,36,180.5,182.5
2026-04-30,37,166.5,167.5
2026-04-30,38,166.5,167.5
2026-04-30,39,395,397
2026-04-30,41,760,770
2026-04-30,42,206.5,208.5
2026-04-30,47,300,305
2026-04-30,48,310,315
2026-04-30,50,560,700
2026-04-30,51,410,485
2026-04-30,55,440,470
2026-04-30,56,185,195
2026-04-30,58,155,160
2026-04-30,63,110,120
2026-04-30,67,230,240
2026-04-30,71,140,145
2026-04-30,73,420.5,422.5
2026-04-30,75,423.5,426.5
2026-04-30,76,447.5,452.5
2026-04-30,77,444.5,451.5
2026-04-30,81,375,405
2026-04-30,86,1380,1390
2026-04-30,87,1190,1195
2026-04-30,88,1140,1145
2026-04-30,89,1750,1760
2026-04-30,92,1407.5,1412.5
2026-04-30,94,1370,1375
2026-04-30,95,1310,1315
2026-04-30,101,18,18.5
2026-04-30,102,18.5,19
2026-04-30,103,8.1,9
2026-04-30,104,4.05,4.15
2026-04-30,105,4.25,4.45
2026-04-30,106,3.7,3.8
2026-04-30,107,1.98,2.08
2026-04-30,112,295,297
2026-04-30,114,267,270
2026-04-30,115,235,240
2026-04-30,117,450,452
2026-04-30,118,419.5,421.5
2026-04-30,121,500,502
2026-04-30,122,429.5,430.5
2026-04-30,124,419.5,424.5
2026-04-30,127,260,265
2026-04-30,128,235,240
2026-04-30,129,180,180
2026-04-30,130,165,165
2026-04-30,131,1450,1480
2026-04-30,132,695,705
2026-04-30,133,670,675
2026-04-30,134,870,890
2026-04-30,176,7.5,8.5
2026-04-30,177,24,25
2026-04-30,181,7,7.1
2026-04-30,182,7.2,7.3
2026-04-30,183,7.05,7.25
2026-04-30,184,8.25,8.35
2026-04-30,185,9.1,9.2
2026-04-30,186,11.7,11.8
2026-04-30,187,297.5,307.5
2026-04-30,188,245,255
2026-04-30,189,120,130
2026-04-30,328,0.57,0.61
2026-04-30,329,0.21,0.25
2026-04-30,331,0.38,0.44
2026-04-30,333,3.4,3.5
2026-04-30,335,3.8,3.85
2026-04-30,341,3.85,3.89
2026-04-30,342,3.9,3.94
2026-04-30,344,23.2,23.2
2026-04-30,345,21.4,21.4
2026-04-30,346,20,20
2026-04-30,347,18,18
2026-04-30,350,3.9,4.2
2026-04-30,351,3.4,3.7
2026-04-30,352,5.9,6.1
2026-04-30,353,6.5,6.7
2026-04-30,356,2.75,2.95
2026-04-30,357,2.85,3.05
2026-04-30,358,5.9,6.2
2026-04-30,361,6.55,6.85
2026-04-30,362,7.45,7.75
2026-04-30,363,7.6,8
2026-04-30,364,3.1,3.4
2026-04-30,365,2.8,3
2026-04-30,366,9.3,9.7
2026-04-30,367,4.1,4.3
2026-04-30,368,2.7,2.8
2026-04-30,369,9.3,9.7
2026-04-30,370,4.1,4.3
2026-04-30,371,2.7,2.8
2026-04-30,372,6.5,6.8
2026-04-30,672,285,287
2026-04-30,674,1.5,1.54
2026-04-30,675,2.26,2.3
2026-04-30,676,3.4,3.7
2026-04-30,677,2.85,3.05
2026-04-30,678,3.75,3.95
2026-04-30,716,25.5,25.5
2026-04-30,717,23.7,23.7
2026-04-30,718,22.5,22.5
2026-04-30,719,19.5,19.5
2026-04-30,731,7.25,7.4
2026-04-30,732,9.3,9.4
2026-04-30,733,10.2,10.5
2026-04-30,734,11,11.1
2026-04-30,802,1650,1750
2026-04-30,803,1550,1650
2026-04-30,835,6.5,6.7
2026-04-30,836,7.05,7.35
2026-04-30,936,610,650
2026-04-30,938,232,237
2026-04-30,994,446.5,448.5
2026-04-30,996,2.8,3.2
2026-04-30,997,2.7,3.1
2026-04-30,1001,430,500
2026-04-30,1002,450,500
2026-04-30,1004,8.3,9
2026-04-30,1005,8.5,9.3
2026-04-30,1011,243.5,247.5
2026-04-30,1036,1.1,1.9
2026-04-30,1049,1.9,2
2026-04-30,1050,2,2.1
2026-04-30,1056,7.3,8
2026-04-30,1057,7.4,8.5
2026-04-30,1058,2.3,2.8
2026-04-30,1059,2.3,2.9
2026-04-30,1062,2.35,2.85
2026-04-30,1063,2.35,2.95
2026-04-30,1064,9.5,10.5
2026-04-30,1065,9.5,11
2026-04-30,1067,4.9,5
2026-04-30,1069,12,13
2026-04-30,1071,2.3,2.5
2026-04-30,1073,2.2,2.3
2026-04-30,1076,1.12,1.2
2026-04-30,1077,0.74,0.8
2026-04-30,1078,1.45,1.55
2026-04-30,1079,5.5,5.8
2026-04-30,1080,0.74,0.8
2026-04-30,1081,0.9,1
2026-04-30,1082,0.7,0.8
2026-04-30,1083,1.15,1.25
2026-04-30,1084,0.9,1.05
2026-04-30,1086,0.8,0.95
2026-04-30,1087,1.1,1.3
2026-04-30,1088,0.98,1.05
2026-04-30,1089,1,1.15
2026-04-30,1090,1.1,1.2
2026-04-30,1091,1.25,1.4
2026-04-30,1092,1.25,1.5
2026-04-30,1095,1.4,1.7
2026-04-30,1096,1.4,1.8
2026-04-30,1098,1.1,1.9
2026-04-30,1099,5.5,5.8
2026-04-30,1100,0.9,0.95
2026-04-30,1103,5.5,6
2026-04-30,1105,5.2,5.8
2026-04-30,1108,5.8,6.1
2026-04-30,1109,7,7.5
2026-04-30,1113,4.3,4.8
2026-04-30,1115,4.03,4.22
2026-04-30,1116,1.45,1.6
2026-04-30,1117,1.15,1.25
2026-04-30,1120,1.4,1.6
2026-04-30,1121,1.4,1.6
2026-04-30,1126,3.3,3.5
2026-04-30,1127,0.8,1.1
2026-05-04,2,240,242
2026-05-04,3,,
2026-05-04,4,224,225
2026-05-04,5,218,219
2026-05-04,6,,
2026-05-04,7,296,297
2026-05-04,8,303,304
2026-05-04,9,,
2026-05-04,10,226,227
2026-05-04,11,,
2026-05-04,12,,
2026-05-04,13,240,242
2026-05-04,14,230,231
2026-05-04,15,245,247
2026-05-04,16,240,244
2026-05-04,17,,
2026-05-04,18,,
2026-05-04,19,,
2026-05-04,20,,
2026-05-04,21,225,231
2026-05-04,22,,
2026-05-04,23,480,485
2026-05-04,24,465,470
2026-05-04,25,414,416
2026-05-04,26,409,412
2026-05-04,27,750,765
2026-05-04,28,750,765
2026-05-04,29,750,765
2026-05-04,30,199,201
2026-05-04,31,203,205
2026-05-04,32,148,150
2026-05-04,33,218,220
2026-05-04,34,158,160
2026-05-04,35,215,217
2026-05-04,36,173,175
2026-05-04,37,159,160
2026-05-04,38,159,160
2026-05-04,39,395,397
2026-05-04,40,,
2026-05-04,41,760,770
2026-05-04,42,205,207
2026-05-04,43,,
2026-05-04,44,,
2026-05-04,45,,
2026-05-04,46,,
2026-05-04,47,300,305
2026-05-04,48,310,315
2026-05-04,50,570,710
2026-05-04,51,410,485
2026-05-04,53,,1900
2026-05-04,54,,1730
2026-05-04,55,440,470
2026-05-04,56,190,200
2026-05-04,58,165,170
2026-05-04,61,,
2026-05-04,62,,
2026-05-04,63,,
2026-05-04,64,,
2026-05-04,65,,
2026-05-04,66,,
2026-05-04,67,220,230
2026-05-04,68,,
2026-05-04,69,,
2026-05-04,70,,
2026-05-04,71,140,145
2026-05-04,73,430,432
2026-05-04,74,,
2026-05-04,75,435,438
2026-05-04,76,460,465
2026-05-04,77,456,463
2026-05-04,78,,
2026-05-04,79,,
2026-05-04,80,,
2026-05-04,81,375,405
2026-05-04,82,,
2026-05-04,83,,
2026-05-04,84,,
2026-05-04,85,,
2026-05-04,86,1380,1390
2026-05-04,87,1245,1250
2026-05-04,88,1195,1200
2026-05-04,89,1750,1760
2026-05-04,90,1565,1570
2026-05-04,91,,
2026-05-04,92,1425,1430
2026-05-04,93,,
2026-05-04,94,1425,1430
2026-05-04,95,1365,1370
2026-05-04,96,,
2026-05-04,97,,
2026-05-04,98,,
2026-05-04,100,,
2026-05-04,101,18,18.5
2026-05-04,102,18.5,19
2026-05-04,103,7.9,9
2026-05-04,104,3.9,4.1
2026-05-04,105,4.1,4.4
2026-05-04,106,3.65,3.75
2026-05-04,107,1.9,2
2026-05-04,108,,
2026-05-04,109,,
2026-05-04,110,,
2026-05-04,111,,
2026-05-04,112,295,297
2026-05-04,113,,
2026-05-04,114,270,275
2026-05-04,115,235,240
2026-05-04,116,,
2026-05-04,117,450,452
2026-05-04,118,420,422
2026-05-04,119,,
2026-05-04,120,,
2026-05-04,121,500,502
2026-05-04,122,430,431
2026-05-04,123,,
2026-05-04,124,425,430
2026-05-04,125,,
2026-05-04,126,,
2026-05-04,127,245,250
2026-05-04,128,220,225
2026-05-04,129,,
2026-05-04,130,,
2026-05-04,131,1460,1490
2026-05-04,132,690,700
2026-05-04,133,665,670
2026-05-04,134,855,875
2026-05-04,176,7.5,8.5
2026-05-04,177,25,26
2026-05-04,181,7,7.1
2026-05-04,182,7.2,7.3
2026-05-04,183,7.05,7.25
2026-05-04,184,8.25,8.35
2026-05-04,185,9.1,9.2
2026-05-04,186,11.7,11.8
2026-05-04,187,320,330
2026-05-04,188,240,250
2026-05-04,189,110,120
2026-05-04,191,,
2026-05-04,192,,
2026-05-04,193,,
2026-05-04,194,,
2026-05-04,195,,
2026-05-04,196,,
2026-05-04,197,,
2026-05-04,198,,
2026-05-04,199,,
2026-05-04,328,0.57,0.61
2026-05-04,329,0.19,0.23
2026-05-04,331,0.35,0.41
2026-05-04,332,,
2026-05-04,333,3.4,3.5
2026-05-04,335,3.8,3.85
2026-05-04,336,,
2026-05-04,337,,
2026-05-04,340,,
2026-05-04,341,3.85,3.89
2026-05-04,342,3.9,3.94
2026-05-04,344,23.2,23.2
2026-05-04,345,21.4,21.4
2026-05-04,346,20,20
2026-05-04,347,18,18
2026-05-04,350,3.9,4.2
2026-05-04,351,3.4,3.7
2026-05-04,352,5.9,6.1
2026-05-04,353,6.5,6.7
2026-05-04,356,2.75,2.95
2026-05-04,357,2.8,3
2026-05-04,358,5.9,6.2
2026-05-04,361,6.55,6.85
2026-05-04,362,7.45,7.75
2026-05-04,363,7.6,8
2026-05-04,364,3.1,3.4
2026-05-04,365,2.8,3
2026-05-04,366,9.3,9.7
2026-05-04,367,4.1,4.3
2026-05-04,368,2.7,2.8
2026-05-04,369,9.3,9.7
2026-05-04,370,4.1,4.3
2026-05-04,371,2.7,2.8
2026-05-04,372,6.25,6.55
2026-05-04,670,,
2026-05-04,671,,
2026-05-04,672,285,287
2026-05-04,674,1.5,1.54
2026-05-04,675,2.26,2.3
2026-05-04,676,3.4,3.7
2026-05-04,677,2.8,3
2026-05-04,678,3.75,3.95
2026-05-04,716,25.5,25.5
2026-05-04,717,23.7,23.7
2026-05-04,718,22.5,22.5
2026-05-04,719,19.5,19.5
2026-05-04,727,,
2026-05-04,731,7.25,7.4
2026-05-04,732,9.3,9.4
2026-05-04,733,10.2,10.5
2026-05-04,734,11,11.1
2026-05-04,747,,
2026-05-04,802,1500,1600
2026-05-04,803,1400,1500
2026-05-04,835,6.5,6.7
2026-05-04,836,7.05,7.35
2026-05-04,891,,
2026-05-04,932,,
2026-05-04,936,620,660
2026-05-04,938,232,237
2026-05-04,994,449,451
2026-05-04,996,2.8,3.2
2026-05-04,997,2.7,3.1
2026-05-04,1001,420,490
2026-05-04,1002,440,490
2026-05-04,1004,8.3,9
2026-05-04,1005,8.5,9.3
2026-05-04,1006,,
2026-05-04,1007,,
2026-05-04,1011,247,250
2026-05-04,1036,1.1,1.9
2026-05-04,1049,1.9,2
2026-05-04,1050,2,2.1
2026-05-04,1054,,
2026-05-04,1055,,2440
2026-05-04,1056,7.3,8
2026-05-04,1057,7.4,8.5
2026-05-04,1058,2.3,2.8
2026-05-04,1059,2.3,2.9
2026-05-04,1062,2.35,2.85
2026-05-04,1063,2.35,2.95
2026-05-04,1064,9.5,10.5
2026-05-04,1065,9.5,11
2026-05-04,1067,4.9,5
2026-05-04,1068,,
2026-05-04,1069,12,13
2026-05-04,1071,2.3,2.5
2026-05-04,1072,,
2026-05-04,1073,2.2,2.3
2026-05-04,1076,1.1,1.2
2026-05-04,1077,0.74,0.8
2026-05-04,1078,1.45,1.55
2026-05-04,1079,5.5,5.8
2026-05-04,1080,0.74,0.8
2026-05-04,1081,0.9,1
2026-05-04,1082,0.7,0.8
2026-05-04,1083,1.15,1.25
2026-05-04,1084,0.9,1.05
2026-05-04,1086,0.8,0.95
2026-05-04,1087,1.1,1.3
2026-05-04,1088,0.98,1.05
2026-05-04,1089,1,1.15
2026-05-04,1090,1.1,1.2
2026-05-04,1091,1.2,1.4
2026-05-04,1092,1.2,1.5
2026-05-04,1095,1.4,1.7
2026-05-04,1096,1.4,1.8
2026-05-04,1098,1.1,1.9
2026-05-04,1099,5.5,5.8
2026-05-04,1100,0.9,0.95
2026-05-04,1103,5.5,6
2026-05-04,1105,5.2,5.8
2026-05-04,1108,5.8,6.1
2026-05-04,1109,7,7.5
2026-05-04,1113,4.3,4.8
2026-05-04,1115,3.95,4.2
2026-05-04,1116,1.45,1.6
2026-05-04,1117,1.15,1.25
2026-05-04,1120,1.4,1.6
2026-05-04,1121,1.4,1.6
2026-05-04,1123,,
2026-05-04,1124,,
2026-05-04,1125,,
2026-05-04,1126,3.3,3.5
2026-05-04,1127,0.8,1.1
2026-05-11,2,240,242
2026-05-11,3,,
2026-05-11,4,226,227
2026-05-11,5,220,221
2026-05-11,6,,
2026-05-11,7,296,297
2026-05-11,8,303,304
2026-05-11,9,,
2026-05-11,10,227,230
2026-05-11,11,,
2026-05-11,12,,
2026-05-11,13,243,245
2026-05-11,14,233,234
2026-05-11,15,248,250
2026-05-11,16,240,242
2026-05-11,17,,
2026-05-11,18,,
2026-05-11,19,,
2026-05-11,20,,
2026-05-11,21,225,231
2026-05-11,22,,
2026-05-11,23,480,485
2026-05-11,24,465,470
2026-05-11,25,414,416
2026-05-11,26,409,412
2026-05-11,27,750,765
2026-05-11,28,750,765
2026-05-11,29,750,765
2026-05-11,30,194,196
2026-05-11,31,198,200
2026-05-11,32,143,145
2026-05-11,33,218,220
2026-05-11,34,158,160
2026-05-11,35,212,214
2026-05-11,36,170,172
2026-05-11,37,159,160
2026-05-11,38,159,160
2026-05-11,39,395,397
2026-05-11,40,,
2026-05-11,41,760,770
2026-05-11,42,205,207
2026-05-11,43,,
2026-05-11,44,,
2026-05-11,45,,
2026-05-11,46,,
2026-05-11,47,300,305
2026-05-11,48,310,315
2026-05-11,50,570,710
2026-05-11,51,410,470
2026-05-11,53,,1900
2026-05-11,54,,1700
2026-05-11,55,440,470
2026-05-11,56,190,200
2026-05-11,58,165,170
2026-05-11,61,,
2026-05-11,62,,
2026-05-11,63,,
2026-05-11,64,,
2026-05-11,65,,
2026-05-11,66,,
2026-05-11,67,210,220
2026-05-11,68,,
2026-05-11,69,,
2026-05-11,70,,
2026-05-11,71,140,145
2026-05-11,73,430,432
2026-05-11,74,,
2026-05-11,75,432,435
2026-05-11,76,460,465
2026-05-11,77,456,463
2026-05-11,78,,
2026-05-11,79,,
2026-05-11,80,,
2026-05-11,81,375,405
2026-05-11,82,,
2026-05-11,83,,
2026-05-11,84,,
2026-05-11,85,,
2026-05-11,86,1380,1390
2026-05-11,87,1215,1220
2026-05-11,88,1165,1170
2026-05-11,89,1750,1760
2026-05-11,90,1565,1570
2026-05-11,91,,
2026-05-11,92,1425,1430
2026-05-11,93,,
2026-05-11,94,1395,1400
2026-05-11,95,1335,1340
2026-05-11,96,,
2026-05-11,97,,
2026-05-11,98,,
2026-05-11,100,,
2026-05-11,101,18,18.5
2026-05-11,102,18.5,19
2026-05-11,103,7.9,9
2026-05-11,104,3.9,4.1
2026-05-11,105,4.1,4.4
2026-05-11,106,3.65,3.75
2026-05-11,107,1.9,2
2026-05-11,108,,
2026-05-11,109,,
2026-05-11,110,,
2026-05-11,111,,
2026-05-11,112,295,297
2026-05-11,113,,
2026-05-11,114,270,275
2026-05-11,115,240,245
2026-05-11,116,,
2026-05-11,117,465,467
2026-05-11,118,445,447
2026-05-11,119,,
2026-05-11,120,,
2026-05-11,121,515,517
2026-05-11,122,455,456
2026-05-11,123,,
2026-05-11,124,450,455
2026-05-11,125,,
2026-05-11,126,,
2026-05-11,127,,
2026-05-11,128,,
2026-05-11,129,,
2026-05-11,130,,
2026-05-11,131,1480,1510
2026-05-11,132,675,685
2026-05-11,133,650,655
2026-05-11,134,835,855
2026-05-11,176,7.5,8.5
2026-05-11,177,26,27
2026-05-11,181,7,7.1
2026-05-11,182,7.2,7.3
2026-05-11,183,7.05,7.25
2026-05-11,184,8.25,8.35
2026-05-11,185,9.1,9.2
2026-05-11,186,11.7,11.8
2026-05-11,187,325,335
2026-05-11,188,240,250
2026-05-11,189,110,120
2026-05-11,191,,
2026-05-11,192,,
2026-05-11,193,,
2026-05-11,194,,
2026-05-11,195,,
2026-05-11,196,,
2026-05-11,197,,
2026-05-11,198,,
2026-05-11,199,,
2026-05-11,328,0.55,0.59
2026-05-11,329,0.17,0.21
2026-05-11,331,0.33,0.39
2026-05-11,332,,
2026-05-11,333,3.4,3.5
2026-05-11,335,3.8,3.85
2026-05-11,336,,
2026-05-11,337,,
2026-05-11,340,,
2026-05-11,341,3.85,3.89
2026-05-11,342,3.9,3.94
2026-05-11,344,23.2,23.2
2026-05-11,345,21.4,21.4
2026-05-11,346,20,20
2026-05-11,347,18,18
2026-05-11,350,3.9,4.2
2026-05-11,351,3.4,3.7
2026-05-11,352,5.9,6.1
2026-05-11,353,6.5,6.7
2026-05-11,356,2.75,2.95
2026-05-11,357,2.8,3
2026-05-11,358,5.9,6.2
2026-05-11,361,6.55,6.85
2026-05-11,362,7.45,7.75
2026-05-11,363,7.7,8.1
2026-05-11,364,3.1,3.4
2026-05-11,365,2.8,3
2026-05-11,366,9.3,9.7
2026-05-11,367,4.1,4.3
2026-05-11,368,2.7,2.8
2026-05-11,369,9.3,9.7
2026-05-11,370,4.1,4.3
2026-05-11,371,2.7,2.8
2026-05-11,372,6.25,6.55
2026-05-11,670,,
2026-05-11,671,,
2026-05-11,672,285,287
2026-05-11,674,1.5,1.54
2026-05-11,675,2.26,2.3
2026-05-11,676,3.4,3.7
2026-05-11,677,2.8,3
2026-05-11,678,3.75,3.95
2026-05-11,716,25.5,25.5
2026-05-11,717,23.7,23.7
2026-05-11,718,22.5,22.5
2026-05-11,719,19.5,19.5
2026-05-11,727,,
2026-05-11,731,7.25,7.4
2026-05-11,732,9.3,9.4
2026-05-11,733,10.2,10.5
2026-05-11,734,11,11.1
2026-05-11,747,,
2026-05-11,802,1500,1600
2026-05-11,803,1400,1500
2026-05-11,835,6.5,6.7
2026-05-11,836,7.05,7.35
2026-05-11,891,,
2026-05-11,932,,
2026-05-11,936,630,670
2026-05-11,938,232,237
2026-05-11,994,474,476
2026-05-11,996,2.8,3.2
2026-05-11,997,2.7,3.1
2026-05-11,1001,420,490
2026-05-11,1002,440,490
2026-05-11,1004,8.3,9
2026-05-11,1005,8.5,9.3
2026-05-11,1006,,
2026-05-11,1007,,
2026-05-11,1011,250,253
2026-05-11,1036,1.1,1.9
2026-05-11,1049,1.9,2
2026-05-11,1050,2,2.1
2026-05-11,1054,,
2026-05-11,1055,,2440
2026-05-11,1056,7.3,8
2026-05-11,1057,7.4,8.5
2026-05-11,1058,2.3,2.8
2026-05-11,1059,2.3,2.9
2026-05-11,1062,2.35,2.85
2026-05-11,1063,2.35,2.95
2026-05-11,1064,9.5,10.5
2026-05-11,1065,9.5,11
2026-05-11,1067,4.9,5
2026-05-11,1068,,
2026-05-11,1069,12,13
2026-05-11,1071,2.3,2.5
2026-05-11,1072,,
2026-05-11,1073,2.2,2.3
2026-05-11,1076,1.1,1.2
2026-05-11,1077,0.74,0.8
2026-05-11,1078,1.45,1.55
2026-05-11,1079,5.5,5.8
2026-05-11,1080,0.74,0.8
2026-05-11,1081,0.9,1
2026-05-11,1082,0.7,0.8
2026-05-11,1083,1.15,1.25
2026-05-11,1084,0.9,1.05
2026-05-11,1086,0.8,0.95
2026-05-11,1087,1.1,1.3
2026-05-11,1088,0.98,1.05
2026-05-11,1089,1,1.15
2026-05-11,1090,1.1,1.2
2026-05-11,1091,1.2,1.4
2026-05-11,1092,1.2,1.5
2026-05-11,1095,1.4,1.7
2026-05-11,1096,1.4,1.8
2026-05-11,1098,1.1,1.9
2026-05-11,1099,5.5,5.8
2026-05-11,1100,0.9,0.95
2026-05-11,1103,5.5,6
2026-05-11,1105,5.2,5.8
2026-05-11,1108,5.8,6.1
2026-05-11,1109,7,7.5
2026-05-11,1113,4.3,4.8
2026-05-11,1115,3.95,4.2
2026-05-11,1116,1.45,1.6
2026-05-11,1117,1.15,1.25
2026-05-11,1120,1.4,1.6
2026-05-11,1121,1.4,1.6
2026-05-11,1123,,
2026-05-11,1124,,
2026-05-11,1125,,
2026-05-11,1126,3.3,3.5
2026-05-11,1127,0.8,1.1
2026-05-15,2,240,242
2026-05-15,4,225,226
2026-05-15,5,219,220
2026-05-15,7,296,297
2026-05-15,8,303,304
2026-05-15,10,226.5,228.5
2026-05-15,13,241.5,243.5
2026-05-15,14,231.5,232.5
2026-05-15,15,246.5,248.5
2026-05-15,16,240,243
2026-05-15,21,225,231
2026-05-15,23,480,485
2026-05-15,24,465,470
2026-05-15,25,414,416
2026-05-15,26,409,412
2026-05-15,27,750,765
2026-05-15,28,750,765
2026-05-15,29,750,765
2026-05-15,30,196.5,198.5
2026-05-15,31,200.5,202.5
2026-05-15,32,145.5,147.5
2026-05-15,33,218,220
2026-05-15,34,158,160
2026-05-15,35,213.5,215.5
2026-05-15,36,171.5,173.5
2026-05-15,37,159,160
2026-05-15,38,159,160
2026-05-15,39,395,397
2026-05-15,41,760,770
2026-05-15,42,205,207
2026-05-15,47,300,305
2026-05-15,48,310,315
2026-05-15,50,570,710
2026-05-15,51,410,477.5
2026-05-15,55,440,470
2026-05-15,56,190,200
2026-05-15,58,165,170
2026-05-15,67,215,225
2026-05-15,71,140,145
2026-05-15,73,430,432
2026-05-15,75,433.5,436.5
2026-05-15,76,460,465
2026-05-15,77,456,463
2026-05-15,81,375,405
2026-05-15,86,1380,1390
2026-05-15,87,1230,1235
2026-05-15,88,1180,1185
2026-05-15,89,1750,1760
2026-05-15,90,1565,1570
2026-05-15,92,1425,1430
2026-05-15,94,1410,1415
2026-05-15,95,1350,1355
2026-05-15,101,18,18.5
2026-05-15,102,18.5,19
2026-05-15,103,7.9,9
2026-05-15,104,3.9,4.1
2026-05-15,105,4.1,4.4
2026-05-15,106,3.65,3.75
2026-05-15,107,1.9,2
2026-05-15,112,295,297
2026-05-15,114,270,275
2026-05-15,115,237.5,242.5
2026-05-15,117,457.5,459.5
2026-05-15,118,432.5,434.5
2026-05-15,121,507.5,509.5
2026-05-15,122,442.5,443.5
2026-05-15,124,437.5,442.5
2026-05-15,127,245,250
2026-05-15,128,220,225
2026-05-15,131,1470,1500
2026-05-15,132,682.5,692.5
2026-05-15,133,657.5,662.5
2026-05-15,134,845,865
2026-05-15,176,7.5,8.5
2026-05-15,177,25.5,26.5
2026-05-15,181,7,7.1
2026-05-15,182,7.2,7.3
2026-05-15,183,7.05,7.25
2026-05-15,184,8.25,8.35
2026-05-15,185,9.1,9.2
2026-05-15,186,11.7,11.8
2026-05-15,187,322.5,332.5
2026-05-15,188,240,250
2026-05-15,189,110,120
2026-05-15,328,0.56,0.6
2026-05-15,329,0.18,0.22
2026-05-15,331,0.34,0.4
2026-05-15,333,3.4,3.5
2026-05-15,335,3.8,3.85
2026-05-15,341,3.85,3.89
2026-05-15,342,3.9,3.94
2026-05-15,344,23.2,23.2
2026-05-15,345,21.4,21.4
2026-05-15,346,20,20
2026-05-15,347,18,18
2026-05-15,350,3.9,4.2
2026-05-15,351,3.4,3.7
2026-05-15,352,5.9,6.1
2026-05-15,353,6.5,6.7
2026-05-15,356,2.75,2.95
2026-05-15,357,2.8,3
2026-05-15,358,5.9,6.2
2026-05-15,361,6.55,6.85
2026-05-15,362,7.45,7.75
2026-05-15,363,7.65,8.05
2026-05-15,364,3.1,3.4
2026-05-15,365,2.8,3
2026-05-15,366,9.3,9.7
2026-05-15,367,4.1,4.3
2026-05-15,368,2.7,2.8
2026-05-15,369,9.3,9.7
2026-05-15,370,4.1,4.3
2026-05-15,371,2.7,2.8
2026-05-15,372,6.25,6.55
2026-05-15,672,285,287
2026-05-15,674,1.5,1.54
2026-05-15,675,2.26,2.3
2026-05-15,676,3.4,3.7
2026-05-15,677,2.8,3
2026-05-15,678,3.75,3.95
2026-05-15,716,25.5,25.5
2026-05-15,717,23.7,23.7
2026-05-15,718,22.5,22.5
2026-05-15,719,19.5,19.5
2026-05-15,731,7.25,7.4
2026-05-15,732,9.3,9.4
2026-05-15,733,10.2,10.5
2026-05-15,734,11,11.1
2026-05-15,802,1500,1600
2026-05-15,803,1400,1500
2026-05-15,835,6.5,6.7
2026-05-15,836,7.05,7.35
2026-05-15,936,625,665
2026-05-15,938,232,237
2026-05-15,994,461.5,463.5
2026-05-15,996,2.8,3.2
2026-05-15,997,2.7,3.1
2026-05-15,1001,420,490
2026-05-15,1002,440,490
2026-05-15,1004,8.3,9
2026-05-15,1005,8.5,9.3
2026-05-15,1011,248.5,251.5
2026-05-15,1036,1.1,1.9
2026-05-15,1049,1.9,2
2026-05-15,1050,2,2.1
2026-05-15,1056,7.3,8
2026-05-15,1057,7.4,8.5
2026-05-15,1058,2.3,2.8
2026-05-15,1059,2.3,2.9
2026-05-15,1062,2.35,2.85
2026-05-15,1063,2.35,2.95
2026-05-15,1064,9.5,10.5
2026-05-15,1065,9.5,11
2026-05-15,1067,4.9,5
2026-05-15,1069,12,13
2026-05-15,1071,2.3,2.5
2026-05-15,1073,2.2,2.3
2026-05-15,1076,1.1,1.2
2026-05-15,1077,0.74,0.8
2026-05-15,1078,1.45,1.55
2026-05-15,1079,5.5,5.8
2026-05-15,1080,0.74,0.8
2026-05-15,1081,0.9,1
2026-05-15,1082,0.7,0.8
2026-05-15,1083,1.15,1.25
2026-05-15,1084,0.9,1.05
2026-05-15,1086,0.8,0.95
2026-05-15,1087,1.1,1.3
2026-05-15,1088,0.98,1.05
2026-05-15,1089,1,1.15
2026-05-15,1090,1.1,1.2
2026-05-15,1091,1.2,1.4
2026-05-15,1092,1.2,1.5
2026-05-15,1095,1.4,1.7
2026-05-15,1096,1.4,1.8
2026-05-15,1098,1.1,1.9
2026-05-15,1099,5.5,5.8
2026-05-15,1100,0.9,0.95
2026-05-15,1103,5.5,6
2026-05-15,1105,5.2,5.8
2026-05-15,1108,5.8,6.1
2026-05-15,1109,7,7.5
2026-05-15,1113,4.3,4.8
2026-05-15,1115,3.95,4.2
2026-05-15,1116,1.45,1.6
2026-05-15,1117,1.15,1.25
2026-05-15,1120,1.4,1.6
2026-05-15,1121,1.4,1.6
2026-05-15,1126,3.3,3.5
2026-05-15,1127,0.8,1.1
2026-05-18,2,240,242
2026-05-18,3,,
2026-05-18,4,226,227
2026-05-18,5,220,221
2026-05-18,6,,
2026-05-18,7,296,297
2026-05-18,8,303,304
2026-05-18,9,,
2026-05-18,10,227,230
2026-05-18,11,,
2026-05-18,12,,
2026-05-18,13,243,245
2026-05-18,14,233,234
2026-05-18,15,248,250
2026-05-18,16,240,242
2026-05-18,17,,
2026-05-18,18,,
2026-05-18,19,,
2026-05-18,20,,
2026-05-18,21,225,231
2026-05-18,22,,
2026-05-18,23,480,485
2026-05-18,24,465,470
2026-05-18,25,414,416
2026-05-18,26,409,412
2026-05-18,27,750,765
2026-05-18,28,750,765
2026-05-18,29,750,765
2026-05-18,30,194,196
2026-05-18,31,198,200
2026-05-18,32,143,145
2026-05-18,33,218,220
2026-05-18,34,158,160
2026-05-18,35,212,214
2026-05-18,36,170,172
2026-05-18,37,159,160
2026-05-18,38,159,160
2026-05-18,39,395,397
2026-05-18,40,,
2026-05-18,41,760,770
2026-05-18,42,205,207
2026-05-18,43,,
2026-05-18,44,,
2026-05-18,45,,
2026-05-18,46,,
2026-05-18,47,300,305
2026-05-18,48,310,315
2026-05-18,50,570,710
2026-05-18,51,410,470
2026-05-18,53,,1900
2026-05-18,54,,1700
2026-05-18,55,440,470
2026-05-18,56,190,200
2026-05-18,58,165,170
2026-05-18,61,,
2026-05-18,62,,
2026-05-18,63,,
2026-05-18,64,,
2026-05-18,65,,
2026-05-18,66,,
2026-05-18,67,210,220
2026-05-18,68,,
2026-05-18,69,,
2026-05-18,70,,
2026-05-18,71,140,145
2026-05-18,73,430,432
2026-05-18,74,,
2026-05-18,75,432,435
2026-05-18,76,460,465
2026-05-18,77,456,463
2026-05-18,78,,
2026-05-18,79,,
2026-05-18,80,,
2026-05-18,81,375,405
2026-05-18,82,,
2026-05-18,83,,
2026-05-18,84,,
2026-05-18,85,,
2026-05-18,86,1380,1390
2026-05-18,87,1215,1220
2026-05-18,88,1165,1170
2026-05-18,89,1750,1760
2026-05-18,90,1565,1570
2026-05-18,91,,
2026-05-18,92,1425,1430
2026-05-18,93,,
2026-05-18,94,1395,1400
2026-05-18,95,1335,1340
2026-05-18,96,,
2026-05-18,97,,
2026-05-18,98,,
2026-05-18,100,,
2026-05-18,101,18,18.5
2026-05-18,102,18.5,19
2026-05-18,103,7.9,9
2026-05-18,104,3.9,4.1
2026-05-18,105,4.1,4.4
2026-05-18,106,3.65,3.75
2026-05-18,107,1.9,2
2026-05-18,108,,
2026-05-18,109,,
2026-05-18,110,,
2026-05-18,111,,
2026-05-18,112,295,297
2026-05-18,113,,
2026-05-18,114,270,275
2026-05-18,115,240,245
2026-05-18,116,,
2026-05-18,117,465,467
2026-05-18,118,445,447
2026-05-18,119,,
2026-05-18,120,,
2026-05-18,121,515,517
2026-05-18,122,455,456
2026-05-18,123,,
2026-05-18,124,450,455
2026-05-18,125,,
2026-05-18,126,,
2026-05-18,127,,
2026-05-18,128,,
2026-05-18,129,,
2026-05-18,130,,
2026-05-18,131,1480,1510
2026-05-18,132,675,685
2026-05-18,133,650,655
2026-05-18,134,835,855
2026-05-18,176,7.5,8.5
2026-05-18,177,26,27
2026-05-18,181,7,7.1
2026-05-18,182,7.2,7.3
2026-05-18,183,7.05,7.25
2026-05-18,184,8.25,8.35
2026-05-18,185,9.1,9.2
2026-05-18,186,11.7,11.8
2026-05-18,187,325,335
2026-05-18,188,240,250
2026-05-18,189,110,120
2026-05-18,191,,
2026-05-18,192,,
2026-05-18,193,,
2026-05-18,194,,
2026-05-18,195,,
2026-05-18,196,,
2026-05-18,197,,
2026-05-18,198,,
2026-05-18,199,,
2026-05-18,328,0.55,0.59
2026-05-18,329,0.17,0.21
2026-05-18,331,0.33,0.39
2026-05-18,332,,
2026-05-18,333,3.4,3.5
2026-05-18,335,3.8,3.85
2026-05-18,336,,
2026-05-18,337,,
2026-05-18,340,,
2026-05-18,341,3.85,3.89
2026-05-18,342,3.9,3.94
2026-05-18,344,23.2,23.2
2026-05-18,345,21.4,21.4
2026-05-18,346,20,20
2026-05-18,347,18,18
2026-05-18,350,3.9,4.2
2026-05-18,351,3.4,3.7
2026-05-18,352,5.9,6.1
2026-05-18,353,6.5,6.7
2026-05-18,356,2.75,2.95
2026-05-18,357,2.8,3
2026-05-18,358,5.9,6.2
2026-05-18,361,6.55,6.85
2026-05-18,362,7.45,7.75
2026-05-18,363,7.7,8.1
2026-05-18,364,3.1,3.4
2026-05-18,365,2.8,3
2026-05-18,366,9.3,9.7
2026-05-18,367,4.1,4.3
2026-05-18,368,2.7,2.8
2026-05-18,369,9.3,9.7
2026-05-18,370,4.1,4.3
2026-05-18,371,2.7,2.8
2026-05-18,372,6.25,6.55
2026-05-18,670,,
2026-05-18,671,,
2026-05-18,672,285,287
2026-05-18,674,1.5,1.54
2026-05-18,675,2.26,2.3
2026-05-18,676,3.4,3.7
2026-05-18,677,2.8,3
2026-05-18,678,3.75,3.95
2026-05-18,716,25.5,25.5
2026-05-18,717,23.7,23.7
2026-05-18,718,22.5,22.5
2026-05-18,719,19.5,19.5
2026-05-18,727,,
2026-05-18,731,7.25,7.4
2026-05-18,732,9.3,9.4
2026-05-18,733,10.2,10.5
2026-05-18,734,11,11.1
2026-05-18,747,,
2026-05-18,802,1500,1600
2026-05-18,803,1400,1500
2026-05-18,835,6.5,6.7
2026-05-18,836,7.05,7.35
2026-05-18,891,,
2026-05-18,932,,
2026-05-18,936,630,670
2026-05-18,938,232,237
2026-05-18,994,474,476
2026-05-18,996,2.8,3.2
2026-05-18,997,2.7,3.1
2026-05-18,1001,420,490
2026-05-18,1002,440,490
2026-05-18,1004,8.3,9
2026-05-18,1005,8.5,9.3
2026-05-18,1006,,
2026-05-18,1007,,
2026-05-18,1011,250,253
2026-05-18,1036,1.1,1.9
2026-05-18,1049,1.9,2
2026-05-18,1050,2,2.1
2026-05-18,1054,,
2026-05-18,1055,,2440
2026-05-18,1056,7.3,8
2026-05-18,1057,7.4,8.5
2026-05-18,1058,2.3,2.8
2026-05-18,1059,2.3,2.9
2026-05-18,1062,2.35,2.85
2026-05-18,1063,2.35,2.95
2026-05-18,1064,9.5,10.5
2026-05-18,1065,9.5,11
2026-05-18,1067,4.9,5
2026-05-18,1068,,
2026-05-18,1069,12,13
2026-05-18,1071,2.3,2.5
2026-05-18,1072,,
2026-05-18,1073,2.2,2.3
2026-05-18,1076,1.1,1.2
2026-05-18,1077,0.74,0.8
2026-05-18,1078,1.45,1.55
2026-05-18,1079,5.5,5.8
2026-05-18,1080,0.74,0.8
2026-05-18,1081,0.9,1
2026-05-18,1082,0.7,0.8
2026-05-18,1083,1.15,1.25
2026-05-18,1084,0.9,1.05
2026-05-18,1086,0.8,0.95
2026-05-18,1087,1.1,1.3
2026-05-18,1088,0.98,1.05
2026-05-18,1089,1,1.15
2026-05-18,1090,1.1,1.2
2026-05-18,1091,1.2,1.4
2026-05-18,1092,1.2,1.5
2026-05-18,1095,1.4,1.7
2026-05-18,1096,1.4,1.8
2026-05-18,1098,1.1,1.9
2026-05-18,1099,5.5,5.8
2026-05-18,1100,0.9,0.95
2026-05-18,1103,5.5,6
2026-05-18,1105,5.2,5.8
2026-05-18,1108,5.8,6.1
2026-05-18,1109,7,7.5
2026-05-18,1113,4.3,4.8
2026-05-18,1115,3.95,4.2
2026-05-18,1116,1.45,1.6
2026-05-18,1117,1.15,1.25
2026-05-18,1120,1.4,1.6
2026-05-18,1121,1.4,1.6
2026-05-18,1123,,
2026-05-18,1124,,
2026-05-18,1125,,
2026-05-18,1126,3.3,3.5
2026-05-18,1127,0.8,1.1
2026-05-25,2,240,242
2026-05-25,3,,
2026-05-25,4,226,227
2026-05-25,5,222,223
2026-05-25,6,,
2026-05-25,7,309,310
2026-05-25,8,318,319
2026-05-25,9,,
2026-05-25,10,230,232
2026-05-25,11,,
2026-05-25,12,,
2026-05-25,13,248,250
2026-05-25,14,235,236
2026-05-25,15,258,260
2026-05-25,16,238,240
2026-05-25,17,,
2026-05-25,18,,
2026-05-25,19,,
2026-05-25,20,,
2026-05-25,21,,
2026-05-25,22,,
2026-05-25,23,480,485
2026-05-25,24,465,470
2026-05-25,25,414,416
2026-05-25,26,409,412
2026-05-25,27,750,765
2026-05-25,28,750,765
2026-05-25,29,750,765
2026-05-25,30,189,191
2026-05-25,31,193,195
2026-05-25,32,138,140
2026-05-25,33,215,217
2026-05-25,34,155,157
2026-05-25,35,210,212
2026-05-25,36,168,170
2026-05-25,37,154,155
2026-05-25,38,154,155
2026-05-25,39,395,397
2026-05-25,40,,
2026-05-25,41,760,770
2026-05-25,42,205,207
2026-05-25,43,,
2026-05-25,44,,
2026-05-25,45,,
2026-05-25,46,,
2026-05-25,47,300,305
2026-05-25,48,310,315
2026-05-25,50,560,700
2026-05-25,51,400,460
2026-05-25,53,,1880
2026-05-25,54,,1650
2026-05-25,55,440,470
2026-05-25,56,190,200
2026-05-25,58,165,170
2026-05-25,61,100,110
2026-05-25,62,,
2026-05-25,63,,
2026-05-25,64,,
2026-05-25,65,140,150
2026-05-25,66,,
2026-05-25,67,,
2026-05-25,68,,
2026-05-25,69,,
2026-05-25,70,,
2026-05-25,71,,
2026-05-25,73,428,430
2026-05-25,74,,
2026-05-25,75,426,429
2026-05-25,76,455,460
2026-05-25,77,451,458
2026-05-25,78,,
2026-05-25,79,,
2026-05-25,80,,
2026-05-25,81,375,405
2026-05-25,82,,
2026-05-25,83,,
2026-05-25,84,,
2026-05-25,85,,
2026-05-25,86,1390,1400
2026-05-25,87,1150,1155
2026-05-25,88,1100,1105
2026-05-25,89,1750,1760
2026-05-25,90,1555,1560
2026-05-25,91,,
2026-05-25,92,1425,1430
2026-05-25,93,,
2026-05-25,94,1330,1335
2026-05-25,95,1270,1275
2026-05-25,96,,
2026-05-25,97,,
2026-05-25,98,,
2026-05-25,100,,
2026-05-25,101,18,18.5
2026-05-25,102,18.5,19
2026-05-25,103,7.6,9
2026-05-25,104,3.85,4.1
2026-05-25,105,3.95,4.4
2026-05-25,106,3.6,3.75
2026-05-25,107,1.85,2
2026-05-25,108,,
2026-05-25,109,,
2026-05-25,110,,
2026-05-25,111,,
2026-05-25,112,295,297
2026-05-25,113,,
2026-05-25,114,280,285
2026-05-25,115,240,245
2026-05-25,116,,
2026-05-25,117,470,472
2026-05-25,118,455,457
2026-05-25,119,,
2026-05-25,120,,
2026-05-25,121,520,522
2026-05-25,122,465,466
2026-05-25,123,,
2026-05-25,124,455,460
2026-05-25,125,,
2026-05-25,126,,
2026-05-25,127,,
2026-05-25,128,,
2026-05-25,129,,
2026-05-25,130,,
2026-05-25,131,1530,1560
2026-05-25,132,650,660
2026-05-25,133,625,630
2026-05-25,134,810,830
2026-05-25,176,7.5,8.5
2026-05-25,177,26,27
2026-05-25,181,7,7.1
2026-05-25,182,7.2,7.3
2026-05-25,183,7.05,7.25
2026-05-25,184,8.25,8.35
2026-05-25,185,9.1,9.2
2026-05-25,186,11.7,11.8
2026-05-25,187,360,380
2026-05-25,188,295,305
2026-05-25,189,160,170
2026-05-25,191,,
2026-05-25,192,,
2026-05-25,193,,
2026-05-25,194,,
2026-05-25,195,,
2026-05-25,196,,
2026-05-25,197,,
2026-05-25,198,,
2026-05-25,199,,
2026-05-25,328,0.55,0.59
2026-05-25,329,0.15,0.19
2026-05-25,331,0.31,0.37
2026-05-25,332,,
2026-05-25,333,3.4,3.5
2026-05-25,335,3.8,3.85
2026-05-25,336,,
2026-05-25,337,,
2026-05-25,340,,
2026-05-25,341,3.85,3.89
2026-05-25,342,3.9,3.94
2026-05-25,344,23.2,23.2
2026-05-25,345,21.4,21.4
2026-05-25,346,20,20
2026-05-25,347,18,18
2026-05-25,350,4,4.3
2026-05-25,351,3.4,3.7
2026-05-25,352,5.9,6.1
2026-05-25,353,6.5,6.7
2026-05-25,356,2.75,2.95
2026-05-25,357,2.7,2.9
2026-05-25,358,5.9,6.2
2026-05-25,361,6.55,6.85
2026-05-25,362,7.45,7.75
2026-05-25,363,7.7,8.1
2026-05-25,364,3.1,3.4
2026-05-25,365,2.8,3
2026-05-25,366,9.3,9.7
2026-05-25,367,4.1,4.3
2026-05-25,368,2.7,2.8
2026-05-25,369,9.3,9.7
2026-05-25,370,4.1,4.3
2026-05-25,371,2.7,2.8
2026-05-25,372,6.25,6.55
2026-05-25,670,,
2026-05-25,671,,
2026-05-25,672,285,287
2026-05-25,674,1.5,1.54
2026-05-25,675,2.26,2.3
2026-05-25,676,3.4,3.7
2026-05-25,677,2.7,2.9
2026-05-25,678,3.75,3.95
2026-05-25,716,25.5,25.5
2026-05-25,717,23.7,23.7
2026-05-25,718,22.5,22.5
2026-05-25,719,19.5,19.5
2026-05-25,727,,
2026-05-25,731,7.25,7.4
2026-05-25,732,9.3,9.4
2026-05-25,733,10.2,10.5
2026-05-25,734,11,11.1
2026-05-25,747,,
2026-05-25,802,1800,1900
2026-05-25,803,1650,1750
2026-05-25,835,6.5,6.7
2026-05-25,836,7.05,7.35
2026-05-25,891,,
2026-05-25,932,,
2026-05-25,936,640,680
2026-05-25,938,232,237
2026-05-25,994,484,486
2026-05-25,996,2.8,3.2
2026-05-25,997,2.7,3.1
2026-05-25,1001,420,490
2026-05-25,1002,440,490
2026-05-25,1004,8.3,9
2026-05-25,1005,8.5,9.3
2026-05-25,1006,,
2026-05-25,1007,,
2026-05-25,1011,254,257
2026-05-25,1036,1.1,1.9
2026-05-25,1049,1.9,2
2026-05-25,1050,2,2.1
2026-05-25,1054,,
2026-05-25,1055,,2440
2026-05-25,1056,7.3,8
2026-05-25,1057,7.4,8.5
2026-05-25,1058,2.3,2.8
2026-05-25,1059,2.3,2.9
2026-05-25,1062,2.35,2.85
2026-05-25,1063,2.35,2.95
2026-05-25,1064,9.5,10.5
2026-05-25,1065,9.5,11
2026-05-25,1067,4.75,5
2026-05-25,1068,,
2026-05-25,1069,12,13
2026-05-25,1071,2.3,2.5
2026-05-25,1072,,
2026-05-25,1073,2.2,2.3
2026-05-25,1076,1.1,1.2
2026-05-25,1077,0.74,0.8
2026-05-25,1078,1.45,1.55
2026-05-25,1079,5.5,5.8
2026-05-25,1080,0.74,0.8
2026-05-25,1081,0.9,1
2026-05-25,1082,0.7,0.8
2026-05-25,1083,1.15,1.25
2026-05-25,1084,0.9,1.05
2026-05-25,1086,0.8,0.95
2026-05-25,1087,1.1,1.3
2026-05-25,1088,0.98,1.05
2026-05-25,1089,1,1.15
2026-05-25,1090,1.1,1.2
2026-05-25,1091,1.2,1.4
2026-05-25,1092,1.2,1.5
2026-05-25,1095,1.4,1.7
2026-05-25,1096,1.4,1.8
2026-05-25,1098,1.1,1.9
2026-05-25,1099,5.5,5.8
2026-05-25,1100,0.9,0.95
2026-05-25,1103,5.5,6
2026-05-25,1105,5.2,5.8
2026-05-25,1108,5.8,6.1
2026-05-25,1109,7,7.5
2026-05-25,1113,4.3,4.8
2026-05-25,1115,3.95,4.2
2026-05-25,1116,1.45,1.6
2026-05-25,1117,1.15,1.25
2026-05-25,1120,1.4,1.6
2026-05-25,1121,1.4,1.6
2026-05-25,1123,,
2026-05-25,1124,,
2026-05-25,1125,,
2026-05-25,1126,3.3,3.5
2026-05-25,1127,0.8,1.1
2026-05-30,2,240,242
2026-05-30,4,226,227
2026-05-30,5,222,223
2026-05-30,7,305,306
2026-05-30,8,313,314
2026-05-30,10,228.5,231
2026-05-30,13,246.5,248.5
2026-05-30,14,235,236
2026-05-30,15,254,256
2026-05-30,16,239,241
2026-05-30,21,227,231
2026-05-30,23,480,485
2026-05-30,24,465,470
2026-05-30,25,414,416
2026-05-30,26,409,412
2026-05-30,27,750,765
2026-05-30,28,750,765
2026-05-30,29,750,765
2026-05-30,30,190.5,192.5
2026-05-30,31,194.5,196.5
2026-05-30,32,139.5,141.5
2026-05-30,33,216.5,218.5
2026-05-30,34,156.5,158.5
2026-05-30,35,210,212
2026-05-30,36,168,170
2026-05-30,37,155.5,156.5
2026-05-30,38,155.5,156.5
2026-05-30,39,395,397
2026-05-30,41,760,770
2026-05-30,42,205,207
2026-05-30,47,300,305
2026-05-30,48,310,315
2026-05-30,50,565,705
2026-05-30,51,400,460
2026-05-30,55,440,470
2026-05-30,56,190,200
2026-05-30,58,165,170
2026-05-30,61,100,110
2026-05-30,65,165,175
2026-05-30,67,210,220
2026-05-30,71,140,145
2026-05-30,73,430,432
2026-05-30,75,428,431
2026-05-30,76,457.5,462.5
2026-05-30,77,453.5,460.5
2026-05-30,81,375,405
2026-05-30,86,1395,1405
2026-05-30,87,1162.5,1167.5
2026-05-30,88,1112.5,1117.5
2026-05-30,89,1750,1760
2026-05-30,90,1555,1560
2026-05-30,92,1425,1430
2026-05-30,94,1342.5,1347.5
2026-05-30,95,1282.5,1287.5
2026-05-30,101,18,18.5
2026-05-30,102,18.5,19
2026-05-30,103,7.7,9
2026-05-30,104,3.85,4.1
2026-05-30,105,4,4.4
2026-05-30,106,3.6,3.75
2026-05-30,107,1.85,2
2026-05-30,112,295,297
2026-05-30,114,280,285
2026-05-30,115,240,245
2026-05-30,117,475,477
2026-05-30,118,460,462
2026-05-30,121,525,527
2026-05-30,122,470,471
2026-05-30,124,462.5,467.5
2026-05-30,131,1505,1535
2026-05-30,132,655,665
2026-05-30,133,630,635
2026-05-30,134,815,835
2026-05-30,176,7.5,8.5
2026-05-30,177,26,27
2026-05-30,181,7,7.1
2026-05-30,182,7.2,7.3
2026-05-30,183,7.05,7.25
2026-05-30,184,8.25,8.35
2026-05-30,185,9.1,9.2
2026-05-30,186,11.7,11.8
2026-05-30,187,347.5,362.5
2026-05-30,188,282.5,292.5
2026-05-30,189,140,150
2026-05-30,328,0.55,0.59
2026-05-30,329,0.16,0.2
2026-05-30,331,0.32,0.38
2026-05-30,333,3.4,3.5
2026-05-30,335,3.8,3.85
2026-05-30,341,3.85,3.89
2026-05-30,342,3.9,3.94
2026-05-30,344,23.2,23.2
2026-05-30,345,21.4,21.4
2026-05-30,346,20,20
2026-05-30,347,18,18
2026-05-30,350,4,4.3
2026-05-30,351,3.4,3.7
2026-05-30,352,5.9,6.1
2026-05-30,353,6.5,6.7
2026-05-30,356,2.75,2.95
2026-05-30,357,2.75,2.95
2026-05-30,358,5.9,6.2
2026-05-30,361,6.55,6.85
2026-05-30,362,7.45,7.75
2026-05-30,363,7.7,8.1
2026-05-30,364,3.1,3.4
2026-05-30,365,2.8,3
2026-05-30,366,9.3,9.7
2026-05-30,367,4.1,4.3
2026-05-30,368,2.7,2.8
2026-05-30,369,9.3,9.7
2026-05-30,370,4.1,4.3
2026-05-30,371,2.7,2.8
2026-05-30,372,6.25,6.55
2026-05-30,672,285,287
2026-05-30,674,1.5,1.54
2026-05-30,675,2.26,2.3
2026-05-30,676,3.4,3.7
2026-05-30,677,2.75,2.95
2026-05-30,678,3.75,3.95
2026-05-30,716,25.5,25.5
2026-05-30,717,23.7,23.7
2026-05-30,718,22.5,22.5
2026-05-30,719,19.5,19.5
2026-05-30,731,7.25,7.4
2026-05-30,732,9.3,9.4
2026-05-30,733,10.2,10.5
2026-05-30,734,11,11.1
2026-05-30,802,1700,1800
2026-05-30,803,1575,1675
2026-05-30,835,6.5,6.7
2026-05-30,836,7.05,7.35
2026-05-30,936,635,675
2026-05-30,938,232,237
2026-05-30,994,489,491
2026-05-30,996,2.8,3.2
2026-05-30,997,2.7,3.1
2026-05-30,1001,420,490
2026-05-30,1002,440,490
2026-05-30,1004,8.3,9
2026-05-30,1005,8.5,9.3
2026-05-30,1011,253,256
2026-05-30,1036,1.1,1.9
2026-05-30,1049,1.9,2
2026-05-30,1050,2,2.1
2026-05-30,1056,7.3,8
2026-05-30,1057,7.4,8.5
2026-05-30,1058,2.3,2.8
2026-05-30,1059,2.3,2.9
2026-05-30,1062,2.35,2.85
2026-05-30,1063,2.35,2.95
2026-05-30,1064,9.5,10.5
2026-05-30,1065,9.5,11
2026-05-30,1067,4.75,5
2026-05-30,1069,12,13
2026-05-30,1071,2.3,2.5
2026-05-30,1073,2.2,2.3
2026-05-30,1076,1.1,1.2
2026-05-30,1077,0.74,0.8
2026-05-30,1078,1.45,1.55
2026-05-30,1079,5.5,5.8
2026-05-30,1080,0.74,0.8
2026-05-30,1081,0.9,1
2026-05-30,1082,0.7,0.8
2026-05-30,1083,1.15,1.25
2026-05-30,1084,0.9,1.05
2026-05-30,1086,0.8,0.95
2026-05-30,1087,1.1,1.3
2026-05-30,1088,0.98,1.05
2026-05-30,1089,1,1.15
2026-05-30,1090,1.1,1.2
2026-05-30,1091,1.2,1.4
2026-05-30,1092,1.2,1.5
2026-05-30,1095,1.4,1.7
2026-05-30,1096,1.4,1.8
2026-05-30,1098,1.1,1.9
2026-05-30,1099,5.5,5.8
2026-05-30,1100,0.9,0.95
2026-05-30,1103,5.5,6
2026-05-30,1105,5.2,5.8
2026-05-30,1108,5.8,6.1
2026-05-30,1109,7,7.5
2026-05-30,1113,4.3,4.8
2026-05-30,1115,3.95,4.2
2026-05-30,1116,1.45,1.6
2026-05-30,1117,1.15,1.25
2026-05-30,1120,1.4,1.6
2026-05-30,1121,1.4,1.6
2026-05-30,1126,3.3,3.5
2026-05-30,1127,0.8,1.1
2026-06-08,2,236,238
2026-06-08,3,,
2026-06-08,4,220,221
2026-06-08,5,216,217
2026-06-08,6,,
2026-06-08,7,305,306
2026-06-08,8,324,325
2026-06-08,9,,
2026-06-08,10,222,224
2026-06-08,11,,
2026-06-08,12,,
2026-06-08,13,243,245
2026-06-08,14,230,231
2026-06-08,15,248,250
2026-06-08,16,228,230
2026-06-08,17,,
2026-06-08,18,,
2026-06-08,19,,
2026-06-08,20,,
2026-06-08,21,,
2026-06-08,22,,
2026-06-08,23,475,480
2026-06-08,24,460,465
2026-06-08,25,409,411
2026-06-08,26,404,407
2026-06-08,27,750,765
2026-06-08,28,750,765
2026-06-08,29,750,765
2026-06-08,30,187,189
2026-06-08,31,191,193
2026-06-08,32,136,138
2026-06-08,33,213,215
2026-06-08,34,153,155
2026-06-08,35,208,210
2026-06-08,36,166,168
2026-06-08,37,154,155
2026-06-08,38,154,155
2026-06-08,39,395,397
2026-06-08,40,,
2026-06-08,41,760,770
2026-06-08,42,205,207
2026-06-08,43,,
2026-06-08,44,,
2026-06-08,45,,
2026-06-08,46,,
2026-06-08,47,300,305
2026-06-08,48,310,315
2026-06-08,50,560,700
2026-06-08,51,400,460
2026-06-08,53,,1880
2026-06-08,54,,1650
2026-06-08,55,440,470
2026-06-08,56,190,200
2026-06-08,58,165,170
2026-06-08,61,100,110
2026-06-08,62,,
2026-06-08,63,,
2026-06-08,64,,
2026-06-08,65,140,150
2026-06-08,66,,
2026-06-08,67,,
2026-06-08,68,,
2026-06-08,69,,
2026-06-08,70,,
2026-06-08,71,,
2026-06-08,73,420,422
2026-06-08,74,,
2026-06-08,75,420,423
2026-06-08,76,447,452
2026-06-08,77,445,452
2026-06-08,78,,
2026-06-08,79,,
2026-06-08,80,,
2026-06-08,81,375,405
2026-06-08,82,,
2026-06-08,83,,
2026-06-08,84,,
2026-06-08,85,,
2026-06-08,86,1410,1420
2026-06-08,87,1130,1135
2026-06-08,88,1080,1085
2026-06-08,89,1750,1760
2026-06-08,90,1555,1560
2026-06-08,91,,
2026-06-08,92,1415,1420
2026-06-08,93,,
2026-06-08,94,1310,1315
2026-06-08,95,1250,1255
2026-06-08,96,,
2026-06-08,97,,
2026-06-08,98,,
2026-06-08,100,,
2026-06-08,101,18,18.5
2026-06-08,102,18.5,19
2026-06-08,103,7.6,9
2026-06-08,104,3.85,4.1
2026-06-08,105,3.95,4.4
2026-06-08,106,3.6,3.75
2026-06-08,107,1.85,2
2026-06-08,108,,
2026-06-08,109,,
2026-06-08,110,,
2026-06-08,111,,
2026-06-08,112,295,297
2026-06-08,113,,
2026-06-08,114,280,285
2026-06-08,115,243,245
2026-06-08,116,,
2026-06-08,117,420,422
2026-06-08,118,385,387
2026-06-08,119,,
2026-06-08,120,,
2026-06-08,121,470,472
2026-06-08,122,395,396
2026-06-08,123,,
2026-06-08,124,395,400
2026-06-08,125,,
2026-06-08,126,,
2026-06-08,127,,
2026-06-08,128,,
2026-06-08,129,,
2026-06-08,130,,
2026-06-08,131,1580,1610
2026-06-08,132,630,640
2026-06-08,133,605,610
2026-06-08,134,780,800
2026-06-08,176,7.5,8.5
2026-06-08,177,27,28
2026-06-08,181,7,7.1
2026-06-08,182,7.2,7.3
2026-06-08,183,7.05,7.25
2026-06-08,184,8.25,8.35
2026-06-08,185,9,9.1
2026-06-08,186,11.6,11.7
2026-06-08,187,390,420
2026-06-08,188,375,385
2026-06-08,189,200,220
2026-06-08,191,,
2026-06-08,192,,
2026-06-08,193,,
2026-06-08,194,,
2026-06-08,195,,
2026-06-08,196,,
2026-06-08,197,,
2026-06-08,198,,
2026-06-08,199,,
2026-06-08,328,0.55,0.59
2026-06-08,329,0.15,0.19
2026-06-08,331,0.31,0.37
2026-06-08,332,,
2026-06-08,333,3.4,3.5
2026-06-08,335,3.8,3.85
2026-06-08,336,,
2026-06-08,337,,
2026-06-08,340,,
2026-06-08,341,3.85,3.89
2026-06-08,342,3.9,3.94
2026-06-08,344,23.2,23.2
2026-06-08,345,21.4,21.4
2026-06-08,346,20,20
2026-06-08,347,18,18
2026-06-08,350,4,4.3
2026-06-08,351,3.4,3.7
2026-06-08,352,5.9,6.1
2026-06-08,353,6.5,6.7
2026-06-08,356,2.75,2.95
2026-06-08,357,2.7,2.9
2026-06-08,358,5.9,6.2
2026-06-08,361,6.55,6.85
2026-06-08,362,7.45,7.75
2026-06-08,363,7.7,8.1
2026-06-08,364,3.1,3.4
2026-06-08,365,2.8,3
2026-06-08,366,9.3,9.7
2026-06-08,367,4.1,4.3
2026-06-08,368,2.7,2.8
2026-06-08,369,9.3,9.7
2026-06-08,370,4.1,4.3
2026-06-08,371,2.7,2.8
2026-06-08,372,6.25,6.55
2026-06-08,670,,
2026-06-08,671,,
2026-06-08,672,285,287
2026-06-08,674,1.5,1.54
2026-06-08,675,2.26,2.3
2026-06-08,676,3.4,3.7
2026-06-08,677,2.7,2.9
2026-06-08,678,3.75,3.95
2026-06-08,716,25.5,25.5
2026-06-08,717,23.7,23.7
2026-06-08,718,22.5,22.5
2026-06-08,719,19.5,19.5
2026-06-08,727,,
2026-06-08,731,7.35,7.5
2026-06-08,732,9.4,9.5
2026-06-08,733,10.3,10.6
2026-06-08,734,11.1,11.2
2026-06-08,747,,
2026-06-08,802,1800,1900
2026-06-08,803,1650,1750
2026-06-08,835,6.5,6.7
2026-06-08,836,7.05,7.35
2026-06-08,891,,
2026-06-08,932,,
2026-06-08,936,660,700
2026-06-08,938,228,233
2026-06-08,994,414,416
2026-06-08,996,2.8,3.2
2026-06-08,997,2.7,3.1
2026-06-08,1001,420,490
2026-06-08,1002,440,490
2026-06-08,1004,8.3,9
2026-06-08,1005,8.5,9.3
2026-06-08,1006,,
2026-06-08,1007,,
2026-06-08,1011,249,252
2026-06-08,1036,1.1,1.9
2026-06-08,1049,1.9,2
2026-06-08,1050,2,2.1
2026-06-08,1054,,
2026-06-08,1055,,2440
2026-06-08,1056,7.3,8
2026-06-08,1057,7.4,8.5
2026-06-08,1058,2.3,2.8
2026-06-08,1059,2.3,2.9
2026-06-08,1062,2.35,2.85
2026-06-08,1063,2.35,2.95
2026-06-08,1064,9.5,10.5
2026-06-08,1065,9.5,11
2026-06-08,1067,4.75,5
2026-06-08,1068,,
2026-06-08,1069,12,13
2026-06-08,1071,2.3,2.5
2026-06-08,1072,,
2026-06-08,1073,2.2,2.3
2026-06-08,1076,1.1,1.2
2026-06-08,1077,0.74,0.8
2026-06-08,1078,1.45,1.55
2026-06-08,1079,5.5,5.8
2026-06-08,1080,0.74,0.8
2026-06-08,1081,0.9,1
2026-06-08,1082,0.7,0.8
2026-06-08,1083,1.15,1.25
2026-06-08,1084,0.9,1.05
2026-06-08,1086,0.8,0.95
2026-06-08,1087,1.1,1.3
2026-06-08,1088,0.98,1.05
2026-06-08,1089,1,1.15
2026-06-08,1090,1.1,1.2
2026-06-08,1091,1.2,1.4
2026-06-08,1092,1.2,1.5
2026-06-08,1095,1.4,1.7
2026-06-08,1096,1.4,1.8
2026-06-08,1098,1.1,1.9
2026-06-08,1099,5.5,5.8
2026-06-08,1100,0.9,0.95
2026-06-08,1103,5.5,6
2026-06-08,1105,5.2,5.8
2026-06-08,1108,5.8,6.1
2026-06-08,1109,7,7.5
2026-06-08,1113,4.3,4.8
2026-06-08,1115,3.95,4.2
2026-06-08,1116,1.45,1.6
2026-06-08,1117,1.15,1.25
2026-06-08,1120,1.4,1.6
2026-06-08,1121,1.4,1.6
2026-06-08,1123,,
2026-06-08,1124,,
2026-06-08,1125,,
2026-06-08,1126,3.3,3.5
2026-06-08,1127,0.8,1.1
2026-06-15,2,,
2026-06-15,3,,
2026-06-15,4,,
2026-06-15,5,,
2026-06-15,6,,
2026-06-15,7,300,301
2026-06-15,8,319,320
2026-06-15,9,,
2026-06-15,10,220,222
2026-06-15,11,,
2026-06-15,12,,
2026-06-15,13,240,242
2026-06-15,14,227,228
2026-06-15,15,243,245
2026-06-15,16,228,230
2026-06-15,17,,
2026-06-15,18,,
2026-06-15,19,185,188
2026-06-15,20,190,193
2026-06-15,21,,
2026-06-15,22,,
2026-06-15,23,470,475
2026-06-15,24,455,460
2026-06-15,25,404,408
2026-06-15,26,399,402
2026-06-15,27,750,765
2026-06-15,28,750,765
2026-06-15,29,750,765
2026-06-15,30,184,186
2026-06-15,31,188,190
2026-06-15,32,133,135
2026-06-15,33,213,215
2026-06-15,34,153,155
2026-06-15,35,208,210
2026-06-15,36,166,168
2026-06-15,37,154,155
2026-06-15,38,154,155
2026-06-15,39,392,394
2026-06-15,40,,
2026-06-15,41,760,770
2026-06-15,42,205,207
2026-06-15,43,,
2026-06-15,44,,
2026-06-15,45,,
2026-06-15,46,,
2026-06-15,47,300,305
2026-06-15,48,310,315
2026-06-15,50,560,700
2026-06-15,51,400,460
2026-06-15,53,,1880
2026-06-15,54,,1650
2026-06-15,55,440,470
2026-06-15,56,190,200
2026-06-15,58,165,170
2026-06-15,61,100,110
2026-06-15,62,,
2026-06-15,63,,
2026-06-15,64,,
2026-06-15,65,140,150
2026-06-15,66,,
2026-06-15,67,,
2026-06-15,68,50,54
2026-06-15,69,,
2026-06-15,70,,
2026-06-15,71,,
2026-06-15,73,417,419
2026-06-15,74,,
2026-06-15,75,415,418
2026-06-15,76,442,447
2026-06-15,77,440,447
2026-06-15,78,,
2026-06-15,79,,
2026-06-15,80,495,500
2026-06-15,81,375,405
2026-06-15,82,,
2026-06-15,83,,
2026-06-15,84,,
2026-06-15,85,,
2026-06-15,86,1410,1420
2026-06-15,87,1095,1100
2026-06-15,88,1045,1050
2026-06-15,89,1750,1760
2026-06-15,90,1555,1560
2026-06-15,91,,
2026-06-15,92,1415,1420
2026-06-15,93,,
2026-06-15,94,1275,1280
2026-06-15,95,1215,1220
2026-06-15,96,,
2026-06-15,97,,
2026-06-15,98,,
2026-06-15,100,,
2026-06-15,101,18,18.5
2026-06-15,102,18.5,19
2026-06-15,103,7.5,9
2026-06-15,104,3.75,4.1
2026-06-15,105,3.85,4.4
2026-06-15,106,3.6,3.75
2026-06-15,107,1.85,2
2026-06-15,108,,
2026-06-15,109,,
2026-06-15,110,,
2026-06-15,111,,
2026-06-15,112,,
2026-06-15,113,,
2026-06-15,114,280,285
2026-06-15,115,243,245
2026-06-15,116,,
2026-06-15,117,405,407
2026-06-15,118,370,372
2026-06-15,119,,
2026-06-15,120,,
2026-06-15,121,455,457
2026-06-15,122,380,381
2026-06-15,123,,
2026-06-15,124,375,380
2026-06-15,125,,
2026-06-15,126,,
2026-06-15,127,,
2026-06-15,128,,
2026-06-15,129,,
2026-06-15,130,,
2026-06-15,131,1680,1710
2026-06-15,132,610,620
2026-06-15,133,585,590
2026-06-15,134,760,780
2026-06-15,176,7.5,8.5
2026-06-15,177,27,28
2026-06-15,181,7,7.1
2026-06-15,182,7.2,7.3
2026-06-15,183,7.05,7.25
2026-06-15,184,8.25,8.35
2026-06-15,185,9,9.1
2026-06-15,186,11.6,11.7
2026-06-15,187,415,445
2026-06-15,188,395,405
2026-06-15,189,200,220
2026-06-15,191,,
2026-06-15,192,,
2026-06-15,193,,
2026-06-15,194,,
2026-06-15,195,,
2026-06-15,196,,
2026-06-15,197,,
2026-06-15,198,,
2026-06-15,199,,
2026-06-15,328,0.55,0.59
2026-06-15,329,0.15,0.19
2026-06-15,331,0.31,0.37
2026-06-15,332,,
2026-06-15,333,3.4,3.5
2026-06-15,335,3.8,3.85
2026-06-15,336,,
2026-06-15,337,,
2026-06-15,340,,
2026-06-15,341,3.85,3.89
2026-06-15,342,3.9,3.94
2026-06-15,344,23.2,23.2
2026-06-15,345,21.4,21.4
2026-06-15,346,20,20
2026-06-15,347,18,18
2026-06-15,350,4,4.3
2026-06-15,351,3.3,3.6
2026-06-15,352,5.9,6.1
2026-06-15,353,6.5,6.7
2026-06-15,356,2.75,2.95
2026-06-15,357,2.7,2.9
2026-06-15,358,5.9,6.2
2026-06-15,361,6.55,6.85
2026-06-15,362,7.45,7.75
2026-06-15,363,7.7,8.1
2026-06-15,364,3,3.3
2026-06-15,365,2.8,3
2026-06-15,366,9.3,9.7
2026-06-15,367,4.1,4.3
2026-06-15,368,2.7,2.8
2026-06-15,369,9.3,9.7
2026-06-15,370,4.1,4.3
2026-06-15,371,2.7,2.8
2026-06-15,372,6.25,6.55
2026-06-15,670,,
2026-06-15,671,,
2026-06-15,672,,
2026-06-15,674,1.45,1.49
2026-06-15,675,2.26,2.3
2026-06-15,676,3.3,3.6
2026-06-15,677,2.7,2.9
2026-06-15,678,3.75,3.95
2026-06-15,716,25.5,25.5
2026-06-15,717,23.7,23.7
2026-06-15,718,22.5,22.5
2026-06-15,719,19.5,19.5
2026-06-15,727,,
2026-06-15,731,7.35,7.5
2026-06-15,732,9.4,9.5
2026-06-15,733,10.3,10.6
2026-06-15,734,11.1,11.2
2026-06-15,747,,
2026-06-15,802,1700,1800
2026-06-15,803,1600,1700
2026-06-15,835,6.5,6.7
2026-06-15,836,7.05,7.35
2026-06-15,891,,
2026-06-15,932,,
2026-06-15,936,660,700
2026-06-15,938,,
2026-06-15,994,399,401
2026-06-15,996,2.8,3.2
2026-06-15,997,2.7,3.1
2026-06-15,1001,420,490
2026-06-15,1002,460,500
2026-06-15,1004,8.3,9
2026-06-15,1005,8.5,9.3
2026-06-15,1006,,
2026-06-15,1007,,
2026-06-15,1011,246,249
2026-06-15,1036,1.1,1.9
2026-06-15,1049,1.9,2
2026-06-15,1050,2,2.1
2026-06-15,1054,,
2026-06-15,1055,,2440
2026-06-15,1056,7.3,8
2026-06-15,1057,7.4,8.5
2026-06-15,1058,2.3,2.8
2026-06-15,1059,2.3,2.9
2026-06-15,1062,2.35,2.85
2026-06-15,1063,2.35,2.95
2026-06-15,1064,9.5,10.5
2026-06-15,1065,9.5,11
2026-06-15,1067,4.75,5
2026-06-15,1068,,
2026-06-15,1069,12,13
2026-06-15,1071,2.3,2.5
2026-06-15,1072,,
2026-06-15,1073,2.2,2.3
2026-06-15,1076,1.1,1.2
2026-06-15,1077,0.74,0.8
2026-06-15,1078,1.45,1.55
2026-06-15,1079,5.2,5.5
2026-06-15,1080,0.74,0.8
2026-06-15,1081,0.9,1
2026-06-15,1082,0.7,0.8
2026-06-15,1083,1.15,1.25
2026-06-15,1084,0.9,1.05
2026-06-15,1086,0.8,0.95
2026-06-15,1087,1.1,1.3
2026-06-15,1088,0.98,1.05
2026-06-15,1089,1,1.15
2026-06-15,1090,1.1,1.2
2026-06-15,1091,1.2,1.4
2026-06-15,1092,1.2,1.5
2026-06-15,1095,1.4,1.7
2026-06-15,1096,1.4,1.8
2026-06-15,1098,1.1,1.9
2026-06-15,1099,5.5,5.8
2026-06-15,1100,0.9,0.95
2026-06-15,1103,5.5,6
2026-06-15,1105,5.2,5.8
2026-06-15,1108,5.8,6.1
2026-06-15,1109,7,7.5
2026-06-15,1113,4.3,4.8
2026-06-15,1115,3.95,4.2
2026-06-15,1116,1.45,1.6
2026-06-15,1117,1.15,1.25
2026-06-15,1120,1.4,1.6
2026-06-15,1121,1.4,1.6
2026-06-15,1123,,
2026-06-15,1124,,
2026-06-15,1125,,
2026-06-15,1126,3.3,3.5
2026-06-15,1127,0.8,1.1
2026-06-22,2,228,232
2026-06-22,3,,
2026-06-22,4,210,213
2026-06-22,5,,
2026-06-22,6,,
2026-06-22,7,300,301
2026-06-22,8,319,320
2026-06-22,9,,
2026-06-22,10,,
2026-06-22,11,,
2026-06-22,12,,
2026-06-22,13,240,242
2026-06-22,14,225,226
2026-06-22,15,243,245
2026-06-22,16,228,230
2026-06-22,17,,
2026-06-22,18,,
2026-06-22,19,185,188
2026-06-22,20,190,193
2026-06-22,21,,
2026-06-22,22,,
2026-06-22,23,465,470
2026-06-22,24,450,455
2026-06-22,25,398,402
2026-06-22,26,394,397
2026-06-22,27,750,765
2026-06-22,28,750,765
2026-06-22,29,750,765
2026-06-22,30,169,171
2026-06-22,31,173,175
2026-06-22,32,118,120
2026-06-22,33,198,200
2026-06-22,34,138,140
2026-06-22,35,198,200
2026-06-22,36,156,158
2026-06-22,37,139,140
2026-06-22,38,139,140
2026-06-22,39,392,394
2026-06-22,40,,
2026-06-22,41,760,770
2026-06-22,42,205,207
2026-06-22,43,,
2026-06-22,44,,
2026-06-22,45,,
2026-06-22,46,,
2026-06-22,47,297,302
2026-06-22,48,310,315
2026-06-22,50,560,700
2026-06-22,51,400,460
2026-06-22,53,1880,1880
2026-06-22,54,1650,1650
2026-06-22,55,440,470
2026-06-22,56,190,200
2026-06-22,58,165,170
2026-06-22,61,100,110
2026-06-22,62,,
2026-06-22,63,,
2026-06-22,64,,
2026-06-22,65,140,150
2026-06-22,66,,
2026-06-22,67,,
2026-06-22,68,50,54
2026-06-22,69,60,65
2026-06-22,70,,
2026-06-22,71,90,95
2026-06-22,73,417,419
2026-06-22,74,,
2026-06-22,75,425,428
2026-06-22,76,,
2026-06-22,77,448,455
2026-06-22,78,,
2026-06-22,79,,
2026-06-22,80,495,500
2026-06-22,81,375,405
2026-06-22,82,,
2026-06-22,83,,
2026-06-22,84,,
2026-06-22,85,,
2026-06-22,86,1420,1430
2026-06-22,87,1140,1145
2026-06-22,88,1090,1095
2026-06-22,89,1750,1760
2026-06-22,90,1555,1560
2026-06-22,91,,
2026-06-22,92,1415,1420
2026-06-22,93,,
2026-06-22,94,1320,1325
2026-06-22,95,1260,1265
2026-06-22,96,,
2026-06-22,97,,
2026-06-22,98,,
2026-06-22,100,,
2026-06-22,101,18,18.5
2026-06-22,102,18.5,19
2026-06-22,103,7.5,9
2026-06-22,104,3.75,4.1
2026-06-22,105,3.85,4.4
2026-06-22,106,3.6,3.75
2026-06-22,107,1.85,2
2026-06-22,108,,
2026-06-22,109,,
2026-06-22,110,,
2026-06-22,111,,
2026-06-22,112,,
2026-06-22,113,,
2026-06-22,114,280,282
2026-06-22,115,243,245
2026-06-22,116,,
2026-06-22,117,405,407
2026-06-22,118,365,367
2026-06-22,119,,
2026-06-22,120,,
2026-06-22,121,455,457
2026-06-22,122,375,376
2026-06-22,123,,
2026-06-22,124,370,375
2026-06-22,125,,
2026-06-22,126,,
2026-06-22,127,290,295
2026-06-22,128,270,275
2026-06-22,129,,
2026-06-22,130,,
2026-06-22,131,1780,1810
2026-06-22,132,610,620
2026-06-22,133,585,590
2026-06-22,134,740,760
2026-06-22,176,7.5,8.5
2026-06-22,177,27,28
2026-06-22,181,7,7.1
2026-06-22,182,7.2,7.3
2026-06-22,183,7.05,7.25
2026-06-22,184,8.25,8.35
2026-06-22,185,9,9.1
2026-06-22,186,11.6,11.7
2026-06-22,187,430,445
2026-06-22,188,400,410
2026-06-22,189,205,225
2026-06-22,191,,
2026-06-22,192,,
2026-06-22,193,,
2026-06-22,194,,
2026-06-22,195,,
2026-06-22,196,,
2026-06-22,197,,
2026-06-22,198,,
2026-06-22,199,,
2026-06-22,328,0.55,0.59
2026-06-22,329,0.12,0.16
2026-06-22,331,0.28,0.34
2026-06-22,332,,
2026-06-22,333,3.4,3.5
2026-06-22,335,3.8,3.85
2026-06-22,336,,
2026-06-22,337,,
2026-06-22,340,,
2026-06-22,341,3.85,3.89
2026-06-22,342,3.9,3.94
2026-06-22,344,23.2,23.2
2026-06-22,345,21.4,21.4
2026-06-22,346,20,20
2026-06-22,347,18,18
2026-06-22,350,4,4.3
2026-06-22,351,3.3,3.6
2026-06-22,352,5.9,6.1
2026-06-22,353,6.5,6.7
2026-06-22,356,2.75,2.95
2026-06-22,357,2.6,2.8
2026-06-22,358,5.9,6.2
2026-06-22,361,6.55,6.85
2026-06-22,362,7.45,7.75
2026-06-22,363,7.7,8.1
2026-06-22,364,3,3.3
2026-06-22,365,2.8,3
2026-06-22,366,9.3,9.7
2026-06-22,367,4.1,4.3
2026-06-22,368,2.7,2.8
2026-06-22,369,9.3,9.7
2026-06-22,370,4.1,4.3
2026-06-22,371,2.7,2.8
2026-06-22,372,6.15,6.45
2026-06-22,670,,
2026-06-22,671,,
2026-06-22,672,,
2026-06-22,674,1.45,1.49
2026-06-22,675,2.26,2.3
2026-06-22,676,3.3,3.6
2026-06-22,677,2.6,2.8
2026-06-22,678,3.75,3.95
2026-06-22,716,25.5,25.5
2026-06-22,717,23.7,23.7
2026-06-22,718,22.5,22.5
2026-06-22,719,19.5,19.5
2026-06-22,727,,
2026-06-22,731,7.45,7.6
2026-06-22,732,9.5,9.6
2026-06-22,733,10.35,10.65
2026-06-22,734,11.15,11.25
2026-06-22,747,,
2026-06-22,802,1700,1800
2026-06-22,803,1600,1700
2026-06-22,835,6.5,6.7
2026-06-22,836,7.05,7.35
2026-06-22,891,,
2026-06-22,932,,
2026-06-22,936,660,700
2026-06-22,938,222,225
2026-06-22,994,394,396
2026-06-22,996,2.8,3.2
2026-06-22,997,2.7,3.1
2026-06-22,1001,440,490
2026-06-22,1002,460,500
2026-06-22,1004,8.3,9
2026-06-22,1005,8.5,9.3
2026-06-22,1006,,
2026-06-22,1007,,
2026-06-22,1011,246,249
2026-06-22,1036,1.1,1.9
2026-06-22,1049,1.9,2
2026-06-22,1050,2,2.1
2026-06-22,1054,,
2026-06-22,1055,2440,2440
2026-06-22,1056,7.3,8
2026-06-22,1057,7.4,8.5
2026-06-22,1058,2.3,2.8
2026-06-22,1059,2.3,2.9
2026-06-22,1062,2.35,2.85
2026-06-22,1063,2.35,2.95
2026-06-22,1064,9.5,10.5
2026-06-22,1065,9.5,11
2026-06-22,1067,4.75,5
2026-06-22,1068,,
2026-06-22,1069,12,13
2026-06-22,1071,2.3,2.5
2026-06-22,1072,,
2026-06-22,1073,2.2,2.3
2026-06-22,1076,1.1,1.2
2026-06-22,1077,0.74,0.8
2026-06-22,1078,1.45,1.55
2026-06-22,1079,5.2,5.5
2026-06-22,1080,0.74,0.8
2026-06-22,1081,0.9,1
2026-06-22,1082,0.7,0.8
2026-06-22,1083,1.15,1.25
2026-06-22,1084,0.9,1.05
2026-06-22,1086,0.8,0.95
2026-06-22,1087,1.1,1.3
2026-06-22,1088,0.98,1.05
2026-06-22,1089,1,1.15
2026-06-22,1090,1.1,1.2
2026-06-22,1091,1.2,1.4
2026-06-22,1092,1.2,1.5
2026-06-22,1095,1.4,1.7
2026-06-22,1096,1.4,1.8
2026-06-22,1098,1.1,1.9
2026-06-22,1099,5.5,5.8
2026-06-22,1100,0.9,0.95
2026-06-22,1103,5.5,6
2026-06-22,1105,5.2,5.8
2026-06-22,1108,5.8,6.1
2026-06-22,1109,7,7.5
2026-06-22,1113,4.3,4.8
2026-06-22,1115,3.95,4.2
2026-06-22,1116,1.45,1.6
2026-06-22,1117,1.15,1.25
2026-06-22,1120,1.4,1.6
2026-06-22,1121,1.4,1.6
2026-06-22,1123,,
2026-06-22,1124,,
2026-06-22,1125,,
2026-06-22,1126,3.3,3.5
2026-06-22,1127,0.8,1.1
2026-06-29,2,228,232
2026-06-29,3,,
2026-06-29,4,210,213
2026-06-29,5,205,207
2026-06-29,6,,
2026-06-29,7,300,301
2026-06-29,8,314,315
2026-06-29,9,,
2026-06-29,10,218,220
2026-06-29,11,,
2026-06-29,12,,
2026-06-29,13,240,242
2026-06-29,14,225,226
2026-06-29,15,243,245
2026-06-29,16,228,230
2026-06-29,17,,
2026-06-29,18,,
2026-06-29,19,185,188
2026-06-29,20,190,193
2026-06-29,21,205,210
2026-06-29,22,,
2026-06-29,23,460,465
2026-06-29,24,445,450
2026-06-29,25,393,397
2026-06-29,26,389,392
2026-06-29,27,750,765
2026-06-29,28,750,765
2026-06-29,29,750,765
2026-06-29,30,159,161
2026-06-29,31,163,165
2026-06-29,32,108,110
2026-06-29,33,183,185
2026-06-29,34,123,125
2026-06-29,35,198,200
2026-06-29,36,156,158
2026-06-29,37,124,125
2026-06-29,38,124,125
2026-06-29,39,392,394
2026-06-29,40,,
2026-06-29,41,760,770
2026-06-29,42,205,207
2026-06-29,43,,
2026-06-29,44,,
2026-06-29,45,,
2026-06-29,46,,
2026-06-29,47,297,302
2026-06-29,48,315,320
2026-06-29,50,560,700
2026-06-29,51,350,410
2026-06-29,53,1880,1880
2026-06-29,54,1500,1500
2026-06-29,55,440,470
2026-06-29,56,190,200
2026-06-29,58,165,170
2026-06-29,61,100,110
2026-06-29,62,,
2026-06-29,63,,
2026-06-29,64,,
2026-06-29,65,150,160
2026-06-29,66,,
2026-06-29,67,,
2026-06-29,68,50,54
2026-06-29,69,55,60
2026-06-29,70,,
2026-06-29,71,85,90
2026-06-29,73,420,422
2026-06-29,74,,
2026-06-29,75,430,433
2026-06-29,76,,
2026-06-29,77,453,460
2026-06-29,78,,
2026-06-29,79,,
2026-06-29,80,495,500
2026-06-29,81,375,405
2026-06-29,82,,
2026-06-29,83,,
2026-06-29,84,,
2026-06-29,85,,
2026-06-29,86,1420,1430
2026-06-29,87,1165,1170
2026-06-29,88,1115,1120
2026-06-29,89,1750,1760
2026-06-29,90,1540,1545
2026-06-29,91,,
2026-06-29,92,1415,1420
2026-06-29,93,,
2026-06-29,94,1345,1350
2026-06-29,95,1285,1290
2026-06-29,96,,
2026-06-29,97,,
2026-06-29,98,,
2026-06-29,100,,
2026-06-29,101,17.5,18
2026-06-29,102,18.5,19
2026-06-29,103,7.25,9
2026-06-29,104,3.7,4.1
2026-06-29,105,3.8,4.4
2026-06-29,106,3.55,3.75
2026-06-29,107,1.8,2
2026-06-29,108,,
2026-06-29,109,,
2026-06-29,110,500,525
2026-06-29,111,285,290
2026-06-29,112,,
2026-06-29,113,,
2026-06-29,114,280,282
2026-06-29,115,243,245
2026-06-29,116,,
2026-06-29,117,411,413
2026-06-29,118,365,367
2026-06-29,119,,
2026-06-29,120,,
2026-06-29,121,461,463
2026-06-29,122,375,376
2026-06-29,123,,
2026-06-29,124,370,375
2026-06-29,125,,
2026-06-29,126,,
2026-06-29,127,290,295
2026-06-29,128,270,275
2026-06-29,129,250,255
2026-06-29,130,,
2026-06-29,131,1980,2010
2026-06-29,132,610,620
2026-06-29,133,585,590
2026-06-29,134,740,760
2026-06-29,176,7.5,8.5
2026-06-29,177,27,28
2026-06-29,181,7,7.1
2026-06-29,182,7.2,7.3
2026-06-29,183,7.05,7.25
2026-06-29,184,8.25,8.35
2026-06-29,185,9,9.1
2026-06-29,186,11.6,11.7
2026-06-29,187,430,445
2026-06-29,188,400,410
2026-06-29,189,215,235
2026-06-29,191,,
2026-06-29,192,,
2026-06-29,193,,
2026-06-29,194,,
2026-06-29,195,,
2026-06-29,196,,
2026-06-29,197,,
2026-06-29,198,,
2026-06-29,199,,
2026-06-29,328,0.55,0.59
2026-06-29,329,0.12,0.16
2026-06-29,331,0.28,0.34
2026-06-29,332,,
2026-06-29,333,3.4,3.5
2026-06-29,335,3.8,3.85
2026-06-29,336,,
2026-06-29,337,,
2026-06-29,340,,
2026-06-29,341,3.85,3.89
2026-06-29,342,3.9,3.94
2026-06-29,344,23.1,23.1
2026-06-29,345,21.3,21.3
2026-06-29,346,19.9,19.9
2026-06-29,347,17.9,17.9
2026-06-29,350,4,4.3
2026-06-29,351,3.3,3.6
2026-06-29,352,5.9,6.1
2026-06-29,353,6.5,6.7
2026-06-29,356,2.75,2.95
2026-06-29,357,2.6,2.8
2026-06-29,358,5.9,6.2
2026-06-29,361,6.55,6.85
2026-06-29,362,7.45,7.75
2026-06-29,363,7.7,8.1
2026-06-29,364,3,3.3
2026-06-29,365,2.8,3
2026-06-29,366,9.3,9.7
2026-06-29,367,4.1,4.3
2026-06-29,368,2.7,2.8
2026-06-29,369,9.3,9.7
2026-06-29,370,4.1,4.3
2026-06-29,371,2.7,2.8
2026-06-29,372,6.05,6.35
2026-06-29,670,,
2026-06-29,671,,
2026-06-29,672,,
2026-06-29,674,1.45,1.49
2026-06-29,675,2.26,2.3
2026-06-29,676,3.3,3.6
2026-06-29,677,2.6,2.8
2026-06-29,678,3.75,3.95
2026-06-29,716,25.4,25.4
2026-06-29,717,23.6,23.6
2026-06-29,718,22.4,22.4
2026-06-29,719,19.4,19.4
2026-06-29,727,,
2026-06-29,731,7.5,7.65
2026-06-29,732,9.55,9.65
2026-06-29,733,10.4,10.7
2026-06-29,734,11.2,11.3
2026-06-29,747,,
2026-06-29,802,1750,1850
2026-06-29,803,1650,1750
2026-06-29,835,6.5,6.7
2026-06-29,836,7.05,7.35
2026-06-29,891,,
2026-06-29,932,,
2026-06-29,936,660,700
2026-06-29,938,222,225
2026-06-29,994,394,396
2026-06-29,996,2.8,3.2
2026-06-29,997,2.7,3.1
2026-06-29,1001,450,490
2026-06-29,1002,460,500
2026-06-29,1004,8.3,9
2026-06-29,1005,8.5,9.3
2026-06-29,1006,,
2026-06-29,1007,,
2026-06-29,1011,246,249
2026-06-29,1036,,
2026-06-29,1049,1.9,2
2026-06-29,1050,2,2.1
2026-06-29,1054,,
2026-06-29,1055,2290,2290
2026-06-29,1056,7.3,8
2026-06-29,1057,7.4,8.5
2026-06-29,1058,2.3,2.8
2026-06-29,1059,2.3,2.9
2026-06-29,1062,2.35,2.85
2026-06-29,1063,2.35,2.95
2026-06-29,1064,9.5,10.5
2026-06-29,1065,9.5,11
2026-06-29,1067,4.75,5
2026-06-29,1068,,
2026-06-29,1069,12,13
2026-06-29,1071,2.3,2.5
2026-06-29,1072,,
2026-06-29,1073,2.2,2.3
2026-06-29,1076,1.1,1.2
2026-06-29,1077,0.74,0.8
2026-06-29,1078,1.45,1.55
2026-06-29,1079,5.2,5.5
2026-06-29,1080,0.74,0.8
2026-06-29,1081,0.9,1
2026-06-29,1082,0.7,0.8
2026-06-29,1083,1.15,1.25
2026-06-29,1084,0.9,1.05
2026-06-29,1086,0.8,0.95
2026-06-29,1087,1.1,1.3
2026-06-29,1088,0.98,1.05
2026-06-29,1089,1,1.15
2026-06-29,1090,1.1,1.2
2026-06-29,1091,1.2,1.4
2026-06-29,1092,1.2,1.5
2026-06-29,1095,1.4,1.7
2026-06-29,1096,1.4,1.8
2026-06-29,1098,1.1,1.9
2026-06-29,1099,5.5,5.8
2026-06-29,1100,0.9,0.95
2026-06-29,1103,5.5,6
2026-06-29,1105,5.2,5.8
2026-06-29,1108,5.8,6.1
2026-06-29,1109,7,7.5
2026-06-29,1113,4.3,4.8
2026-06-29,1115,3.95,4.2
2026-06-29,1116,1.45,1.6
2026-06-29,1117,1.15,1.25
2026-06-29,1120,1.4,1.6
2026-06-29,1121,1.4,1.6
2026-06-29,1123,,
2026-06-29,1124,,
2026-06-29,1125,,
2026-06-29,1126,3.3,3.5
2026-06-29,1127,0.8,1.1
2026-06-30,2,228,232
2026-06-30,4,210,213
2026-06-30,5,205,207
2026-06-30,7,300,301
2026-06-30,8,316.5,317.5
2026-06-30,10,218,220
2026-06-30,13,240,242
2026-06-30,14,225,226
2026-06-30,15,243,245
2026-06-30,16,228,230
2026-06-30,19,185,188
2026-06-30,20,190,193
2026-06-30,21,205,210
2026-06-30,23,462.5,467.5
2026-06-30,24,447.5,452.5
2026-06-30,25,395.5,399.5
2026-06-30,26,391.5,394.5
2026-06-30,27,750,765
2026-06-30,28,750,765
2026-06-30,29,750,765
2026-06-30,30,164,166
2026-06-30,31,168,170
2026-06-30,32,113,115
2026-06-30,33,190.5,192.5
2026-06-30,34,130.5,132.5
2026-06-30,35,198,200
2026-06-30,36,156,158
2026-06-30,37,131.5,132.5
2026-06-30,38,131.5,132.5
2026-06-30,39,392,394
2026-06-30,41,760,770
2026-06-30,42,205,207
2026-06-30,47,297,302
2026-06-30,48,312.5,317.5
2026-06-30,50,560,700
2026-06-30,51,375,435
2026-06-30,53,1880,1880
2026-06-30,54,1575,1575
2026-06-30,55,440,470
2026-06-30,56,190,200
2026-06-30,58,165,170
2026-06-30,61,100,110
2026-06-30,65,145,155
2026-06-30,68,50,54
2026-06-30,69,57.5,62.5
2026-06-30,71,87.5,92.5
2026-06-30,73,418.5,420.5
2026-06-30,75,427.5,430.5
2026-06-30,77,450.5,457.5
2026-06-30,80,495,500
2026-06-30,81,375,405
2026-06-30,86,1420,1430
2026-06-30,87,1152.5,1157.5
2026-06-30,88,1102.5,1107.5
2026-06-30,89,1750,1760
2026-06-30,90,1547.5,1552.5
2026-06-30,92,1415,1420
2026-06-30,94,1332.5,1337.5
2026-06-30,95,1272.5,1277.5
2026-06-30,101,17.75,18.25
2026-06-30,102,18.5,19
2026-06-30,103,7.38,9
2026-06-30,104,3.73,4.1
2026-06-30,105,3.83,4.4
2026-06-30,106,3.58,3.75
2026-06-30,107,1.83,2
2026-06-30,110,500,525
2026-06-30,111,285,290
2026-06-30,114,280,282
2026-06-30,115,243,245
2026-06-30,117,408,410
2026-06-30,118,365,367
2026-06-30,121,458,460
2026-06-30,122,375,376
2026-06-30,124,370,375
2026-06-30,127,290,295
2026-06-30,128,270,275
2026-06-30,129,250,255
2026-06-30,131,1880,1910
2026-06-30,132,610,620
2026-06-30,133,585,590
2026-06-30,134,740,760
2026-06-30,176,7.5,8.5
2026-06-30,177,27,28
2026-06-30,181,7,7.1
2026-06-30,182,7.2,7.3
2026-06-30,183,7.05,7.25
2026-06-30,184,8.25,8.35
2026-06-30,185,9,9.1
2026-06-30,186,11.6,11.7
2026-06-30,187,430,445
2026-06-30,188,400,410
2026-06-30,189,210,230
2026-06-30,328,0.55,0.59
2026-06-30,329,0.12,0.16
2026-06-30,331,0.28,0.34
2026-06-30,333,3.4,3.5
2026-06-30,335,3.8,3.85
2026-06-30,341,3.85,3.89
2026-06-30,342,3.9,3.94
2026-06-30,344,23.15,23.15
2026-06-30,345,21.35,21.35
2026-06-30,346,19.95,19.95
2026-06-30,347,17.95,17.95
2026-06-30,350,4,4.3
2026-06-30,351,3.3,3.6
2026-06-30,352,5.9,6.1
2026-06-30,353,6.5,6.7
2026-06-30,356,2.75,2.95
2026-06-30,357,2.6,2.8
2026-06-30,358,5.9,6.2
2026-06-30,361,6.55,6.85
2026-06-30,362,7.45,7.75
2026-06-30,363,7.7,8.1
2026-06-30,364,3,3.3
2026-06-30,365,2.8,3
2026-06-30,366,9.3,9.7
2026-06-30,367,4.1,4.3
2026-06-30,368,2.7,2.8
2026-06-30,369,9.3,9.7
2026-06-30,370,4.1,4.3
2026-06-30,371,2.7,2.8
2026-06-30,372,6.1,6.4
2026-06-30,674,1.45,1.49
2026-06-30,675,2.26,2.3
2026-06-30,676,3.3,3.6
2026-06-30,677,2.6,2.8
2026-06-30,678,3.75,3.95
2026-06-30,716,25.45,25.45
2026-06-30,717,23.65,23.65
2026-06-30,718,22.45,22.45
2026-06-30,719,19.45,19.45
2026-06-30,731,7.47,7.62
2026-06-30,732,9.53,9.62
2026-06-30,733,10.38,10.68
2026-06-30,734,11.18,11.28
2026-06-30,802,1725,1825
2026-06-30,803,1625,1725
2026-06-30,835,6.5,6.7
2026-06-30,836,7.05,7.35
2026-06-30,936,660,700
2026-06-30,938,222,225
2026-06-30,994,394,396
2026-06-30,996,2.8,3.2
2026-06-30,997,2.7,3.1
2026-06-30,1001,445,490
2026-06-30,1002,460,500
2026-06-30,1004,8.3,9
2026-06-30,1005,8.5,9.3
2026-06-30,1011,246,249
2026-06-30,1036,1.1,1.9
2026-06-30,1049,1.9,2
2026-06-30,1050,2,2.1
2026-06-30,1055,2365,2365
2026-06-30,1056,7.3,8
2026-06-30,1057,7.4,8.5
2026-06-30,1058,2.3,2.8
2026-06-30,1059,2.3,2.9
2026-06-30,1062,2.35,2.85
2026-06-30,1063,2.35,2.95
2026-06-30,1064,9.5,10.5
2026-06-30,1065,9.5,11
2026-06-30,1067,4.75,5
2026-06-30,1069,12,13
2026-06-30,1071,2.3,2.5
2026-06-30,1073,2.2,2.3
2026-06-30,1076,1.1,1.2
2026-06-30,1077,0.74,0.8
2026-06-30,1078,1.45,1.55
2026-06-30,1079,5.2,5.5
2026-06-30,1080,0.74,0.8
2026-06-30,1081,0.9,1
2026-06-30,1082,0.7,0.8
2026-06-30,1083,1.15,1.25
2026-06-30,1084,0.9,1.05
2026-06-30,1086,0.8,0.95
2026-06-30,1087,1.1,1.3
2026-06-30,1088,0.98,1.05
2026-06-30,1089,1,1.15
2026-06-30,1090,1.1,1.2
2026-06-30,1091,1.2,1.4
2026-06-30,1092,1.2,1.5
2026-06-30,1095,1.4,1.7
2026-06-30,1096,1.4,1.8
2026-06-30,1098,1.1,1.9
2026-06-30,1099,5.5,5.8
2026-06-30,1100,0.9,0.95
2026-06-30,1103,5.5,6
2026-06-30,1105,5.2,5.8
2026-06-30,1108,5.8,6.1
2026-06-30,1109,7,7.5
2026-06-30,1113,4.3,4.8
2026-06-30,1115,3.95,4.2
2026-06-30,1116,1.45,1.6
2026-06-30,1117,1.15,1.25
2026-06-30,1120,1.4,1.6
2026-06-30,1121,1.4,1.6
2026-06-30,1126,3.3,3.5
2026-06-30,1127,0.8,1.1
2026-07-06,2,228,232
2026-07-06,3,,
2026-07-06,4,210,213
2026-07-06,5,205,207
2026-07-06,6,,
2026-07-06,7,300,301
2026-07-06,8,314,315
2026-07-06,9,,
2026-07-06,10,215,220
2026-07-06,11,,
2026-07-06,12,,
2026-07-06,13,240,242
2026-07-06,14,225,226
2026-07-06,15,243,245
2026-07-06,16,230,231
2026-07-06,17,,
2026-07-06,18,,
2026-07-06,19,185,188
2026-07-06,20,190,193
2026-07-06,21,205,210
2026-07-06,22,,
2026-07-06,23,455,460
2026-07-06,24,440,445
2026-07-06,25,388,392
2026-07-06,26,384,387
2026-07-06,27,750,765
2026-07-06,28,750,765
2026-07-06,29,750,765
2026-07-06,30,156,158
2026-07-06,31,160,162
2026-07-06,32,105,107
2026-07-06,33,178,180
2026-07-06,34,118,120
2026-07-06,35,198,200
2026-07-06,36,156,158
2026-07-06,37,122,123
2026-07-06,38,122,123
2026-07-06,39,392,394
2026-07-06,40,,
2026-07-06,41,760,770
2026-07-06,42,205,207
2026-07-06,43,,
2026-07-06,44,,
2026-07-06,45,,
2026-07-06,46,,
2026-07-06,47,297,300
2026-07-06,48,315,320
2026-07-06,50,560,700
2026-07-06,51,350,410
2026-07-06,53,1880,1880
2026-07-06,54,1500,1500
2026-07-06,55,440,470
2026-07-06,56,190,200
2026-07-06,58,165,170
2026-07-06,61,,
2026-07-06,62,,
2026-07-06,63,130,140
2026-07-06,64,,
2026-07-06,65,150,160
2026-07-06,66,,
2026-07-06,67,180,190
2026-07-06,68,,
2026-07-06,69,55,60
2026-07-06,70,,
2026-07-06,71,85,90
2026-07-06,73,440,442
2026-07-06,74,,
2026-07-06,75,450,453
2026-07-06,76,,
2026-07-06,77,468,475
2026-07-06,78,,
2026-07-06,79,,
2026-07-06,80,490,495
2026-07-06,81,375,405
2026-07-06,82,,
2026-07-06,83,,
2026-07-06,84,,
2026-07-06,85,,
2026-07-06,86,1425,1430
2026-07-06,87,1165,1170
2026-07-06,88,1115,1120
2026-07-06,89,1750,1760
2026-07-06,90,1530,1535
2026-07-06,91,,
2026-07-06,92,1415,1420
2026-07-06,93,,
2026-07-06,94,1345,1350
2026-07-06,95,1285,1290
2026-07-06,96,,
2026-07-06,97,,
2026-07-06,98,,
2026-07-06,100,,
2026-07-06,101,17.5,18
2026-07-06,102,18.5,19
2026-07-06,103,7,8.75
2026-07-06,104,3.7,4.1
2026-07-06,105,3.8,4.4
2026-07-06,106,3.5,3.7
2026-07-06,107,1.75,1.95
2026-07-06,108,,
2026-07-06,109,,
2026-07-06,110,490,515
2026-07-06,111,285,290
2026-07-06,112,,
2026-07-06,113,,
2026-07-06,114,280,282
2026-07-06,115,243,245
2026-07-06,116,,
2026-07-06,117,421,423
2026-07-06,118,370,372
2026-07-06,119,,
2026-07-06,120,,
2026-07-06,121,471,473
2026-07-06,122,380,381
2026-07-06,123,,
2026-07-06,124,375,380
2026-07-06,125,,
2026-07-06,126,,
2026-07-06,127,300,305
2026-07-06,128,280,285
2026-07-06,129,250,255
2026-07-06,130,,
2026-07-06,131,2180,2210
2026-07-06,132,610,620
2026-07-06,133,585,590
2026-07-06,134,740,760
2026-07-06,176,7.5,8.5
2026-07-06,177,26.9,27.9
2026-07-06,181,6.9,7
2026-07-06,182,7.1,7.2
2026-07-06,183,7.05,7.25
2026-07-06,184,8.25,8.35
2026-07-06,185,9,9.1
2026-07-06,186,11.6,11.7
2026-07-06,187,470,490
2026-07-06,188,430,450
2026-07-06,189,250,260
2026-07-06,191,,
2026-07-06,192,,
2026-07-06,193,,
2026-07-06,194,,
2026-07-06,195,,
2026-07-06,196,,
2026-07-06,197,,
2026-07-06,198,,
2026-07-06,199,,
2026-07-06,328,0.55,0.59
2026-07-06,329,0.12,0.16
2026-07-06,331,0.28,0.34
2026-07-06,332,,
2026-07-06,333,3.4,3.5
2026-07-06,335,3.8,3.85
2026-07-06,336,,
2026-07-06,337,,
2026-07-06,340,,
2026-07-06,341,3.85,3.89
2026-07-06,342,3.9,3.94
2026-07-06,344,23.1,23.1
2026-07-06,345,21.3,21.3
2026-07-06,346,19.9,19.9
2026-07-06,347,17.9,17.9
2026-07-06,350,4,4.3
2026-07-06,351,3.3,3.6
2026-07-06,352,5.9,6.1
2026-07-06,353,6.5,6.7
2026-07-06,356,2.75,2.95
2026-07-06,357,2.6,2.8
2026-07-06,358,5.9,6.2
2026-07-06,361,6.55,6.85
2026-07-06,362,7.45,7.75
2026-07-06,363,7.7,8.1
2026-07-06,364,3,3.3
2026-07-06,365,2.8,3
2026-07-06,366,9.3,9.7
2026-07-06,367,4.1,4.3
2026-07-06,368,2.7,2.8
2026-07-06,369,9.3,9.7
2026-07-06,370,4.1,4.3
2026-07-06,371,2.7,2.8
2026-07-06,372,6.05,6.35
2026-07-06,670,,
2026-07-06,671,,
2026-07-06,672,,
2026-07-06,674,1.45,1.49
2026-07-06,675,2.26,2.3
2026-07-06,676,3.3,3.6
2026-07-06,677,2.6,2.8
2026-07-06,678,3.75,3.95
2026-07-06,716,25.4,25.4
2026-07-06,717,23.6,23.6
2026-07-06,718,22.4,22.4
2026-07-06,719,19.4,19.4
2026-07-06,727,,
2026-07-06,731,7.55,7.7
2026-07-06,732,9.6,9.7
2026-07-06,733,10.45,10.75
2026-07-06,734,11.25,11.35
2026-07-06,747,,
2026-07-06,802,1800,1900
2026-07-06,803,1700,1800
2026-07-06,835,6.5,6.7
2026-07-06,836,7.05,7.35
2026-07-06,891,,
2026-07-06,932,,
2026-07-06,936,660,700
2026-07-06,938,222,225
2026-07-06,994,399,401
2026-07-06,996,2.8,3.2
2026-07-06,997,2.7,3.1
2026-07-06,1001,450,490
2026-07-06,1002,460,500
2026-07-06,1004,8.3,9
2026-07-06,1005,8.5,9.3
2026-07-06,1006,,
2026-07-06,1007,,
2026-07-06,1011,246,249
2026-07-06,1036,,
2026-07-06,1049,1.9,2
2026-07-06,1050,2,2.1
2026-07-06,1054,,
2026-07-06,1055,2290,2290
2026-07-06,1056,7.3,8
2026-07-06,1057,7.4,8.5
2026-07-06,1058,2.3,2.8
2026-07-06,1059,2.3,2.9
2026-07-06,1062,2.35,2.85
2026-07-06,1063,2.35,2.95
2026-07-06,1064,9.5,10.5
2026-07-06,1065,9.5,11
2026-07-06,1067,4.75,5
2026-07-06,1068,,
2026-07-06,1069,12,13
2026-07-06,1071,2.3,2.5
2026-07-06,1072,,
2026-07-06,1073,2.2,2.3
2026-07-06,1076,1.1,1.2
2026-07-06,1077,0.74,0.8
2026-07-06,1078,1.45,1.55
2026-07-06,1079,5.2,5.5
2026-07-06,1080,0.74,0.8
2026-07-06,1081,0.9,1
2026-07-06,1082,0.7,0.8
2026-07-06,1083,1.15,1.25
2026-07-06,1084,0.9,1.05
2026-07-06,1086,0.8,0.95
2026-07-06,1087,1.1,1.3
2026-07-06,1088,0.98,1.05
2026-07-06,1089,1,1.15
2026-07-06,1090,1.1,1.2
2026-07-06,1091,1.2,1.4
2026-07-06,1092,1.2,1.5
2026-07-06,1095,1.4,1.7
2026-07-06,1096,1.4,1.8
2026-07-06,1098,1.1,1.9
2026-07-06,1099,5.5,5.8
2026-07-06,1100,0.9,0.95
2026-07-06,1103,5.5,6
2026-07-06,1105,5.2,5.8
2026-07-06,1108,5.8,6.1
2026-07-06,1109,7,7.5
2026-07-06,1113,4.3,4.8
2026-07-06,1115,3.95,4.2
2026-07-06,1116,1.45,1.6
2026-07-06,1117,1.15,1.25
2026-07-06,1120,1.4,1.6
2026-07-06,1121,1.4,1.6
2026-07-06,1123,,
2026-07-06,1124,,
2026-07-06,1125,,
2026-07-06,1126,3.3,3.5
2026-07-06,1127,0.8,1.1
2026-07-13,2,228,232
2026-07-13,3,,
2026-07-13,4,210,213
2026-07-13,5,205,207
2026-07-13,6,,
2026-07-13,7,305,306
2026-07-13,8,319,320
2026-07-13,9,,
2026-07-13,10,218,220
2026-07-13,11,,
2026-07-13,12,,
2026-07-13,13,240,242
2026-07-13,14,225,226
2026-07-13,15,248,250
2026-07-13,16,233,235
2026-07-13,17,,
2026-07-13,18,,
2026-07-13,19,185,188
2026-07-13,20,190,193
2026-07-13,21,205,210
2026-07-13,22,,
2026-07-13,23,455,460
2026-07-13,24,440,445
2026-07-13,25,388,392
2026-07-13,26,384,387
2026-07-13,27,750,765
2026-07-13,28,750,765
2026-07-13,29,750,765
2026-07-13,30,153,155
2026-07-13,31,157,159
2026-07-13,32,102,104
2026-07-13,33,175,177
2026-07-13,34,115,117
2026-07-13,35,198,200
2026-07-13,36,156,158
2026-07-13,37,122,123
2026-07-13,38,122,123
2026-07-13,39,392,394
2026-07-13,40,,
2026-07-13,41,760,770
2026-07-13,42,205,207
2026-07-13,43,,
2026-07-13,44,,
2026-07-13,45,,
2026-07-13,46,,
2026-07-13,47,297,300
2026-07-13,48,315,320
2026-07-13,50,585,725
2026-07-13,51,350,410
2026-07-13,53,1930,1930
2026-07-13,54,1500,1500
2026-07-13,55,440,470
2026-07-13,56,190,200
2026-07-13,58,165,170
2026-07-13,61,,
2026-07-13,62,,
2026-07-13,63,130,140
2026-07-13,64,,
2026-07-13,65,150,160
2026-07-13,66,,
2026-07-13,67,180,190
2026-07-13,68,,
2026-07-13,69,55,60
2026-07-13,70,,
2026-07-13,71,85,90
2026-07-13,73,460,462
2026-07-13,74,,
2026-07-13,75,460,463
2026-07-13,76,,
2026-07-13,77,478,485
2026-07-13,78,,
2026-07-13,79,,
2026-07-13,80,500,505
2026-07-13,81,375,405
2026-07-13,82,,
2026-07-13,83,,
2026-07-13,84,,
2026-07-13,85,,
2026-07-13,86,1435,1440
2026-07-13,87,1215,1220
2026-07-13,88,1165,1170
2026-07-13,89,1750,1760
2026-07-13,90,1530,1535
2026-07-13,91,,
2026-07-13,92,1415,1420
2026-07-13,93,,
2026-07-13,94,1395,1400
2026-07-13,95,1335,1340
2026-07-13,96,,
2026-07-13,97,,
2026-07-13,98,,
2026-07-13,100,,
2026-07-13,101,17.5,18
2026-07-13,102,18.5,19
2026-07-13,103,7,8.75
2026-07-13,104,3.7,4.1
2026-07-13,105,3.8,4.4
2026-07-13,106,3.5,3.7
2026-07-13,107,1.75,1.95
2026-07-13,108,,
2026-07-13,109,,
2026-07-13,110,490,515
2026-07-13,111,285,290
2026-07-13,112,,
2026-07-13,113,,
2026-07-13,114,280,282
2026-07-13,115,243,245
2026-07-13,116,,
2026-07-13,117,436,438
2026-07-13,118,380,382
2026-07-13,119,,
2026-07-13,120,,
2026-07-13,121,486,488
2026-07-13,122,390,391
2026-07-13,123,,
2026-07-13,124,385,390
2026-07-13,125,,
2026-07-13,126,,
2026-07-13,127,300,305
2026-07-13,128,280,285
2026-07-13,129,250,255
2026-07-13,130,,
2026-07-13,131,2330,2360
2026-07-13,132,610,620
2026-07-13,133,585,590
2026-07-13,134,720,740
2026-07-13,176,7.5,8.5
2026-07-13,177,28,29
2026-07-13,181,6.9,7
2026-07-13,182,7.1,7.2
2026-07-13,183,7,7.2
2026-07-13,184,8.2,8.3
2026-07-13,185,8.95,9.05
2026-07-13,186,11.55,11.65
2026-07-13,187,490,510
2026-07-13,188,470,490
2026-07-13,189,300,320
2026-07-13,191,,
2026-07-13,192,,
2026-07-13,193,,
2026-07-13,194,,
2026-07-13,195,,
2026-07-13,196,,
2026-07-13,197,,
2026-07-13,198,,
2026-07-13,199,,
2026-07-13,328,0.55,0.59
2026-07-13,329,0.12,0.16
2026-07-13,331,0.28,0.34
2026-07-13,332,,
2026-07-13,333,3.4,3.5
2026-07-13,335,3.8,3.85
2026-07-13,336,,
2026-07-13,337,,
2026-07-13,340,,
2026-07-13,341,3.85,3.89
2026-07-13,342,3.9,3.94
2026-07-13,344,23.1,23.1
2026-07-13,345,21.3,21.3
2026-07-13,346,19.9,19.9
2026-07-13,347,17.9,17.9
2026-07-13,350,4,4.3
2026-07-13,351,3.3,3.6
2026-07-13,352,5.9,6.1
2026-07-13,353,6.5,6.7
2026-07-13,356,2.75,2.95
2026-07-13,357,2.6,2.8
2026-07-13,358,5.9,6.2
2026-07-13,361,6.55,6.85
2026-07-13,362,7.45,7.75
2026-07-13,363,7.9,8.3
2026-07-13,364,2.9,3.2
2026-07-13,365,2.8,3
2026-07-13,366,9.3,9.7
2026-07-13,367,4.1,4.3
2026-07-13,368,2.7,2.8
2026-07-13,369,9.3,9.7
2026-07-13,370,4.1,4.3
2026-07-13,371,2.7,2.8
2026-07-13,372,6.05,6.35
2026-07-13,670,,
2026-07-13,671,,
2026-07-13,672,,
2026-07-13,674,1.45,1.49
2026-07-13,675,2.26,2.3
2026-07-13,676,3.3,3.6
2026-07-13,677,2.6,2.8
2026-07-13,678,3.75,3.95
2026-07-13,716,25.4,25.4
2026-07-13,717,23.6,23.6
2026-07-13,718,22.4,22.4
2026-07-13,719,19.4,19.4
2026-07-13,727,,
2026-07-13,731,7.6,7.75
2026-07-13,732,9.65,9.75
2026-07-13,733,10.45,10.75
2026-07-13,734,11.25,11.35
2026-07-13,747,,
2026-07-13,802,1850,1950
2026-07-13,803,1750,1850
2026-07-13,835,6.5,6.7
2026-07-13,836,7.05,7.35
2026-07-13,891,,
2026-07-13,932,,
2026-07-13,936,660,700
2026-07-13,938,222,225
2026-07-13,994,409,411
2026-07-13,996,2.8,3.2
2026-07-13,997,2.7,3.1
2026-07-13,1001,450,490
2026-07-13,1002,460,500
2026-07-13,1004,8.3,9
2026-07-13,1005,8.5,9.3
2026-07-13,1006,,
2026-07-13,1007,,
2026-07-13,1011,246,249
2026-07-13,1036,,
2026-07-13,1049,1.9,2
2026-07-13,1050,2,2.1
2026-07-13,1054,,
2026-07-13,1055,2290,2290
2026-07-13,1056,7.3,8
2026-07-13,1057,7.4,8.5
2026-07-13,1058,2.3,2.8
2026-07-13,1059,2.3,2.9
2026-07-13,1062,2.35,2.85
2026-07-13,1063,2.35,2.95
2026-07-13,1064,9.5,10.5
2026-07-13,1065,9.5,11
2026-07-13,1067,4.5,5
2026-07-13,1068,,
2026-07-13,1069,12,13
2026-07-13,1071,2.3,2.5
2026-07-13,1072,,
2026-07-13,1073,2.2,2.3
2026-07-13,1076,1.1,1.2
2026-07-13,1077,0.74,0.8
2026-07-13,1078,1.45,1.55
2026-07-13,1079,5.2,5.5
2026-07-13,1080,0.74,0.8
2026-07-13,1081,0.9,1
2026-07-13,1082,0.7,0.8
2026-07-13,1083,1.15,1.25
2026-07-13,1084,0.9,1.05
2026-07-13,1086,0.8,0.95
2026-07-13,1087,1.1,1.3
2026-07-13,1088,0.98,1.05
2026-07-13,1089,1,1.15
2026-07-13,1090,1.1,1.2
2026-07-13,1091,1.2,1.4
2026-07-13,1092,1.2,1.5
2026-07-13,1095,1.4,1.7
2026-07-13,1096,1.4,1.8
2026-07-13,1098,1.1,1.9
2026-07-13,1099,5.5,5.8
2026-07-13,1100,0.9,0.95
2026-07-13,1103,5.5,6
2026-07-13,1105,5.2,5.8
2026-07-13,1108,5.8,6.1
2026-07-13,1109,7,7.5
2026-07-13,1113,4.3,4.8
2026-07-13,1115,3.95,4.2
2026-07-13,1116,1.45,1.6
2026-07-13,1117,1.15,1.25
2026-07-13,1120,1.4,1.6
2026-07-13,1121,1.4,1.6
2026-07-13,1123,,
2026-07-13,1124,,
2026-07-13,1125,,
2026-07-13,1126,3.3,3.5
2026-07-13,1127,0.8,1.1
2026-07-15,2,228,232
2026-07-15,4,210,213
2026-07-15,5,205,207
2026-07-15,7,302.5,303.5
2026-07-15,8,316.5,317.5
2026-07-15,10,216.5,220
2026-07-15,13,240,242
2026-07-15,14,225,226
2026-07-15,15,245.5,247.5
2026-07-15,16,231.5,233
2026-07-15,19,185,188
2026-07-15,20,190,193
2026-07-15,21,205,210
2026-07-15,23,455,460
2026-07-15,24,440,445
2026-07-15,25,388,392
2026-07-15,26,384,387
2026-07-15,27,750,765
2026-07-15,28,750,765
2026-07-15,29,750,765
2026-07-15,30,154.5,156.5
2026-07-15,31,158.5,160.5
2026-07-15,32,103.5,105.5
2026-07-15,33,176.5,178.5
2026-07-15,34,116.5,118.5
2026-07-15,35,198,200
2026-07-15,36,156,158
2026-07-15,37,122,123
2026-07-15,38,122,123
2026-07-15,39,392,394
2026-07-15,41,760,770
2026-07-15,42,205,207
2026-07-15,47,297,300
2026-07-15,48,315,320
2026-07-15,50,572.5,712.5
2026-07-15,51,350,410
2026-07-15,53,1905,1905
2026-07-15,54,1500,1500
2026-07-15,55,440,470
2026-07-15,56,190,200
2026-07-15,58,165,170
2026-07-15,63,130,140
2026-07-15,65,150,160
2026-07-15,67,180,190
2026-07-15,69,55,60
2026-07-15,71,85,90
2026-07-15,73,450,452
2026-07-15,75,455,458
2026-07-15,77,473,480
2026-07-15,80,495,500
2026-07-15,81,375,405
2026-07-15,86,1430,1435
2026-07-15,87,1190,1195
2026-07-15,88,1140,1145
2026-07-15,89,1750,1760
2026-07-15,90,1530,1535
2026-07-15,92,1415,1420
2026-07-15,94,1370,1375
2026-07-15,95,1310,1315
2026-07-15,101,17.5,18
2026-07-15,102,18.5,19
2026-07-15,103,7,8.75
2026-07-15,104,3.7,4.1
2026-07-15,105,3.8,4.4
2026-07-15,106,3.5,3.7
2026-07-15,107,1.75,1.95
2026-07-15,110,490,515
2026-07-15,111,285,290
2026-07-15,114,280,282
2026-07-15,115,243,245
2026-07-15,117,428.5,430.5
2026-07-15,118,375,377
2026-07-15,121,478.5,480.5
2026-07-15,122,385,386
2026-07-15,124,380,385
2026-07-15,127,300,305
2026-07-15,128,280,285
2026-07-15,129,250,255
2026-07-15,131,2255,2285
2026-07-15,132,610,620
2026-07-15,133,585,590
2026-07-15,134,730,750
2026-07-15,176,7.5,8.5
2026-07-15,177,27.45,28.45
2026-07-15,181,6.9,7
2026-07-15,182,7.1,7.2
2026-07-15,183,7.03,7.22
2026-07-15,184,8.22,8.32
2026-07-15,185,8.97,9.07
2026-07-15,186,11.57,11.68
2026-07-15,187,480,500
2026-07-15,188,450,470
2026-07-15,189,275,290
2026-07-15,328,0.55,0.59
2026-07-15,329,0.12,0.16
2026-07-15,331,0.28,0.34
2026-07-15,333,3.4,3.5
2026-07-15,335,3.8,3.85
2026-07-15,341,3.85,3.89
2026-07-15,342,3.9,3.94
2026-07-15,344,23.1,23.1
2026-07-15,345,21.3,21.3
2026-07-15,346,19.9,19.9
2026-07-15,347,17.9,17.9
2026-07-15,350,4,4.3
2026-07-15,351,3.3,3.6
2026-07-15,352,5.9,6.1
2026-07-15,353,6.5,6.7
2026-07-15,356,2.75,2.95
2026-07-15,357,2.6,2.8
2026-07-15,358,5.9,6.2
2026-07-15,361,6.55,6.85
2026-07-15,362,7.45,7.75
2026-07-15,363,7.8,8.2
2026-07-15,364,2.95,3.25
2026-07-15,365,2.8,3
2026-07-15,366,9.3,9.7
2026-07-15,367,4.1,4.3
2026-07-15,368,2.7,2.8
2026-07-15,369,9.3,9.7
2026-07-15,370,4.1,4.3
2026-07-15,371,2.7,2.8
2026-07-15,372,6.05,6.35
2026-07-15,674,1.45,1.49
2026-07-15,675,2.26,2.3
2026-07-15,676,3.3,3.6
2026-07-15,677,2.6,2.8
2026-07-15,678,3.75,3.95
2026-07-15,716,25.4,25.4
2026-07-15,717,23.6,23.6
2026-07-15,718,22.4,22.4
2026-07-15,719,19.4,19.4
2026-07-15,731,7.57,7.72
2026-07-15,732,9.62,9.72
2026-07-15,733,10.45,10.75
2026-07-15,734,11.25,11.35
2026-07-15,802,1825,1925
2026-07-15,803,1725,1825
2026-07-15,835,6.5,6.7
2026-07-15,836,7.05,7.35
2026-07-15,936,660,700
2026-07-15,938,222,225
2026-07-15,994,404,406
2026-07-15,996,2.8,3.2
2026-07-15,997,2.7,3.1
2026-07-15,1001,450,490
2026-07-15,1002,460,500
2026-07-15,1004,8.3,9
2026-07-15,1005,8.5,9.3
2026-07-15,1011,246,249
2026-07-15,1049,1.9,2
2026-07-15,1050,2,2.1
2026-07-15,1055,2290,2290
2026-07-15,1056,7.3,8
2026-07-15,1057,7.4,8.5
2026-07-15,1058,2.3,2.8
2026-07-15,1059,2.3,2.9
2026-07-15,1062,2.35,2.85
2026-07-15,1063,2.35,2.95
2026-07-15,1064,9.5,10.5
2026-07-15,1065,9.5,11
2026-07-15,1067,4.62,5
2026-07-15,1069,12,13
2026-07-15,1071,2.3,2.5
2026-07-15,1073,2.2,2.3
2026-07-15,1076,1.1,1.2
2026-07-15,1077,0.74,0.8
2026-07-15,1078,1.45,1.55
2026-07-15,1079,5.2,5.5
2026-07-15,1080,0.74,0.8
2026-07-15,1081,0.9,1
2026-07-15,1082,0.7,0.8
2026-07-15,1083,1.15,1.25
2026-07-15,1084,0.9,1.05
2026-07-15,1086,0.8,0.95
2026-07-15,1087,1.1,1.3
2026-07-15,1088,0.98,1.05
2026-07-15,1089,1,1.15
2026-07-15,1090,1.1,1.2
2026-07-15,1091,1.2,1.4
2026-07-15,1092,1.2,1.5
2026-07-15,1095,1.4,1.7
2026-07-15,1096,1.4,1.8
2026-07-15,1098,1.1,1.9
2026-07-15,1099,5.5,5.8
2026-07-15,1100,0.9,0.95
2026-07-15,1103,5.5,6
2026-07-15,1105,5.2,5.8
2026-07-15,1108,5.8,6.1
2026-07-15,1109,7,7.5
2026-07-15,1113,4.3,4.8
2026-07-15,1115,3.95,4.2
2026-07-15,1116,1.45,1.6
2026-07-15,1117,1.15,1.25
2026-07-15,1120,1.4,1.6
2026-07-15,1121,1.4,1.6
2026-07-15,1126,3.3,3.5
2026-07-15,1127,0.8,1.1
2026-07-20,2,235,239
2026-07-20,3,,
2026-07-20,4,217,220
2026-07-20,5,212,214
2026-07-20,6,,
2026-07-20,7,310,311
2026-07-20,8,319,320
2026-07-20,9,,
2026-07-20,10,225,227
2026-07-20,11,,
2026-07-20,12,,
2026-07-20,13,250,252
2026-07-20,14,235,236
2026-07-20,15,260,262
2026-07-20,16,248,250
2026-07-20,17,,
2026-07-20,18,,
2026-07-20,19,195,198
2026-07-20,20,200,203
2026-07-20,21,215,220
2026-07-20,22,,
2026-07-20,23,455,460
2026-07-20,24,440,445
2026-07-20,25,388,392
2026-07-20,26,384,387
2026-07-20,27,750,765
2026-07-20,28,750,765
2026-07-20,29,750,765
2026-07-20,30,153,155
2026-07-20,31,157,159
2026-07-20,32,102,104
2026-07-20,33,175,177
2026-07-20,34,115,117
2026-07-20,35,200,202
2026-07-20,36,158,160
2026-07-20,37,124,125
2026-07-20,38,124,125
2026-07-20,39,395,397
2026-07-20,40,,
2026-07-20,41,760,770
2026-07-20,42,205,207
2026-07-20,43,,
2026-07-20,44,,
2026-07-20,45,,
2026-07-20,46,,
2026-07-20,47,295,298
2026-07-20,48,315,320
2026-07-20,50,660,800
2026-07-20,51,350,410
2026-07-20,53,2080,2080
2026-07-20,54,1500,1500
2026-07-20,55,440,470
2026-07-20,56,190,200
2026-07-20,58,165,170
2026-07-20,61,,
2026-07-20,62,,
2026-07-20,63,130,140
2026-07-20,64,,
2026-07-20,65,150,160
2026-07-20,66,,
2026-07-20,67,180,190
2026-07-20,68,,
2026-07-20,69,55,60
2026-07-20,70,,
2026-07-20,71,85,90
2026-07-20,73,470,472
2026-07-20,74,,
2026-07-20,75,472,475
2026-07-20,76,,
2026-07-20,77,490,497
2026-07-20,78,,
2026-07-20,79,,
2026-07-20,80,530,535
2026-07-20,81,385,415
2026-07-20,82,,
2026-07-20,83,,
2026-07-20,84,,
2026-07-20,85,,
2026-07-20,86,1430,1435
2026-07-20,87,1225,1230
2026-07-20,88,1175,1180
2026-07-20,89,1750,1760
2026-07-20,90,1540,1545
2026-07-20,91,,
2026-07-20,92,1445,1450
2026-07-20,93,,
2026-07-20,94,1405,1410
2026-07-20,95,1345,1350
2026-07-20,96,,
2026-07-20,97,,
2026-07-20,98,,
2026-07-20,100,,
2026-07-20,101,17,18
2026-07-20,102,18,19
2026-07-20,103,6.8,8.75
2026-07-20,104,3.7,4.1
2026-07-20,105,3.8,4.4
2026-07-20,106,3.5,3.6
2026-07-20,107,1.7,1.9
2026-07-20,108,,
2026-07-20,109,,
2026-07-20,110,490,515
2026-07-20,111,280,285
2026-07-20,112,,
2026-07-20,113,,
2026-07-20,114,280,282
2026-07-20,115,233,235
2026-07-20,116,,
2026-07-20,117,436,438
2026-07-20,118,375,377
2026-07-20,119,,
2026-07-20,120,,
2026-07-20,121,481,483
2026-07-20,122,385,386
2026-07-20,123,,
2026-07-20,124,375,380
2026-07-20,125,,
2026-07-20,126,,
2026-07-20,127,300,305
2026-07-20,128,280,285
2026-07-20,129,250,255
2026-07-20,130,,
2026-07-20,131,2430,2460
2026-07-20,132,610,620
2026-07-20,133,585,590
2026-07-20,134,720,740
2026-07-20,176,7.5,8.5
2026-07-20,177,28,29
2026-07-20,181,6.9,7
2026-07-20,182,7.1,7.2
2026-07-20,183,6.95,7.15
2026-07-20,184,8.15,8.25
2026-07-20,185,8.95,9.05
2026-07-20,186,11.55,11.65
2026-07-20,187,490,510
2026-07-20,188,460,480
2026-07-20,189,300,320
2026-07-20,191,,
2026-07-20,192,,
2026-07-20,193,,
2026-07-20,194,,
2026-07-20,195,,
2026-07-20,196,,
2026-07-20,197,,
2026-07-20,198,,
2026-07-20,199,,
2026-07-20,328,0.55,0.59
2026-07-20,329,0.12,0.16
2026-07-20,331,0.28,0.34
2026-07-20,332,,
2026-07-20,333,3.4,3.5
2026-07-20,335,3.8,3.85
2026-07-20,336,,
2026-07-20,337,,
2026-07-20,340,,
2026-07-20,341,3.85,3.89
2026-07-20,342,3.9,3.94
2026-07-20,344,23,23
2026-07-20,345,21.2,21.2
2026-07-20,346,19.8,19.8
2026-07-20,347,17.8,17.8
2026-07-20,350,4,4.3
2026-07-20,351,3.3,3.6
2026-07-20,352,5.9,6.1
2026-07-20,353,6.5,6.7
2026-07-20,356,2.75,2.95
2026-07-20,357,2.6,2.8
2026-07-20,358,5.9,6.2
2026-07-20,361,6.55,6.85
2026-07-20,362,7.45,7.75
2026-07-20,363,7.9,8.3
2026-07-20,364,2.9,3.2
2026-07-20,365,2.8,3
2026-07-20,366,9.3,9.7
2026-07-20,367,4.1,4.3
2026-07-20,368,2.7,2.8
2026-07-20,369,9.3,9.7
2026-07-20,370,4.1,4.3
2026-07-20,371,2.7,2.8
2026-07-20,372,6.05,6.35
2026-07-20,670,,
2026-07-20,671,,
2026-07-20,672,,
2026-07-20,674,1.45,1.49
2026-07-20,675,2.26,2.3
2026-07-20,676,3.3,3.6
2026-07-20,677,2.6,2.8
2026-07-20,678,3.75,3.95
2026-07-20,716,25.3,25.3
2026-07-20,717,23.5,23.5
2026-07-20,718,22.3,22.3
2026-07-20,719,19.3,19.3
2026-07-20,727,,
2026-07-20,731,7.7,7.85
2026-07-20,732,9.75,9.85
2026-07-20,733,10.45,10.75
2026-07-20,734,11.25,11.35
2026-07-20,747,,
2026-07-20,802,1850,1950
2026-07-20,803,1750,1850
2026-07-20,835,6.5,6.7
2026-07-20,836,7.05,7.35
2026-07-20,891,,
2026-07-20,932,,
2026-07-20,936,660,700
2026-07-20,938,229,232
2026-07-20,994,400,402
2026-07-20,996,2.8,3.2
2026-07-20,997,2.7,3.1
2026-07-20,1001,460,500
2026-07-20,1002,470,520
2026-07-20,1004,8.3,9
2026-07-20,1005,8.5,9.3
2026-07-20,1006,50,60
2026-07-20,1007,,
2026-07-20,1011,256,259
2026-07-20,1036,,
2026-07-20,1049,1.9,2
2026-07-20,1050,2,2.1
2026-07-20,1054,,
2026-07-20,1055,2290,2290
2026-07-20,1056,7.3,8
2026-07-20,1057,7.4,8.5
2026-07-20,1058,2.3,2.8
2026-07-20,1059,2.3,2.9
2026-07-20,1062,2.35,2.85
2026-07-20,1063,2.35,2.95
2026-07-20,1064,9.5,10.5
2026-07-20,1065,9.5,11
2026-07-20,1067,4.5,5
2026-07-20,1068,,
2026-07-20,1069,12,13
2026-07-20,1071,2.3,2.5
2026-07-20,1072,,
2026-07-20,1073,2.2,2.3
2026-07-20,1076,1.1,1.2
2026-07-20,1077,0.74,0.8
2026-07-20,1078,1.45,1.55
2026-07-20,1079,5.2,5.5
2026-07-20,1080,0.74,0.8
2026-07-20,1081,0.9,1
2026-07-20,1082,0.7,0.8
2026-07-20,1083,1.15,1.25
2026-07-20,1084,0.9,1.05
2026-07-20,1086,0.8,0.95
2026-07-20,1087,1.1,1.3
2026-07-20,1088,0.98,1.05
2026-07-20,1089,1,1.15
2026-07-20,1090,1.1,1.2
2026-07-20,1091,1.2,1.4
2026-07-20,1092,1.2,1.5
2026-07-20,1095,1.4,1.7
2026-07-20,1096,1.4,1.8
2026-07-20,1098,1.1,1.9
2026-07-20,1099,5.5,5.8
2026-07-20,1100,0.9,0.95
2026-07-20,1103,5.5,6
2026-07-20,1105,5.2,5.8
2026-07-20,1108,5.8,6.1
2026-07-20,1109,7,7.5
2026-07-20,1113,4.3,4.8
2026-07-20,1115,3.95,4.2
2026-07-20,1116,1.45,1.6
2026-07-20,1117,1.15,1.25
2026-07-20,1120,1.4,1.6
2026-07-20,1121,1.4,1.6
2026-07-20,1123,,
2026-07-20,1124,,
2026-07-20,1125,,
2026-07-20,1126,3.3,3.5
2026-07-20,1127,0.8,1.1
2026-07-27,2,235,239
2026-07-27,3,,
2026-07-27,4,217,220
2026-07-27,5,212,214
2026-07-27,6,,
2026-07-27,7,315,316
2026-07-27,8,324,325
2026-07-27,9,,
2026-07-27,10,225,227
2026-07-27,11,,
2026-07-27,12,,
2026-07-27,13,250,252
2026-07-27,14,237,238
2026-07-27,15,260,262
2026-07-27,16,245,250
2026-07-27,17,,
2026-07-27,18,,
2026-07-27,19,195,198
2026-07-27,20,200,203
2026-07-27,21,215,220
2026-07-27,22,,
2026-07-27,23,455,460
2026-07-27,24,440,445
2026-07-27,25,388,392
2026-07-27,26,384,387
2026-07-27,27,750,765
2026-07-27,28,750,765
2026-07-27,29,750,765
2026-07-27,30,156,158
2026-07-27,31,160,162
2026-07-27,32,105,107
2026-07-27,33,178,180
2026-07-27,34,118,120
2026-07-27,35,205,207
2026-07-27,36,163,165
2026-07-27,37,129,130
2026-07-27,38,129,130
2026-07-27,39,395,397
2026-07-27,40,,
2026-07-27,41,760,770
2026-07-27,42,205,207
2026-07-27,43,,
2026-07-27,44,,
2026-07-27,45,,
2026-07-27,46,,
2026-07-27,47,295,298
2026-07-27,48,315,320
2026-07-27,50,,
2026-07-27,51,350,410
2026-07-27,53,2080,2080
2026-07-27,54,1500,1500
2026-07-27,55,440,470
2026-07-27,56,190,200
2026-07-27,58,165,170
2026-07-27,61,,
2026-07-27,62,,
2026-07-27,63,130,140
2026-07-27,64,,
2026-07-27,65,150,160
2026-07-27,66,,
2026-07-27,67,180,190
2026-07-27,68,,
2026-07-27,69,55,60
2026-07-27,70,,
2026-07-27,71,85,90
2026-07-27,73,470,472
2026-07-27,74,,
2026-07-27,75,472,475
2026-07-27,76,,
2026-07-27,77,490,497
2026-07-27,78,,
2026-07-27,79,,
2026-07-27,80,490,495
2026-07-27,81,365,395
2026-07-27,82,,
2026-07-27,83,,
2026-07-27,84,,
2026-07-27,85,,
2026-07-27,86,1440,1445
2026-07-27,87,1185,1190
2026-07-27,88,1135,1140
2026-07-27,89,1750,1760
2026-07-27,90,1540,1545
2026-07-27,91,,
2026-07-27,92,1485,1490
2026-07-27,93,,
2026-07-27,94,1365,1370
2026-07-27,95,1305,1310
2026-07-27,96,,
2026-07-27,97,,
2026-07-27,98,,
2026-07-27,100,,
2026-07-27,101,17,18
2026-07-27,102,18,19
2026-07-27,103,6.8,8.75
2026-07-27,104,3.7,4.1
2026-07-27,105,3.8,4.4
2026-07-27,106,3.5,3.6
2026-07-27,107,1.7,1.9
2026-07-27,108,,
2026-07-27,109,,
2026-07-27,110,490,515
2026-07-27,111,280,285
2026-07-27,112,,
2026-07-27,113,,
2026-07-27,114,280,282
2026-07-27,115,233,235
2026-07-27,116,,
2026-07-27,117,451,453
2026-07-27,118,380,382
2026-07-27,119,,
2026-07-27,120,,
2026-07-27,121,496,498
2026-07-27,122,390,391
2026-07-27,123,,
2026-07-27,124,380,385
2026-07-27,125,,
2026-07-27,126,,
2026-07-27,127,300,305
2026-07-27,128,280,285
2026-07-27,129,250,255
2026-07-27,130,,
2026-07-27,131,2530,2560
2026-07-27,132,610,620
2026-07-27,133,585,590
2026-07-27,134,720,740
2026-07-27,176,7.5,8.5
2026-07-27,177,28,29
2026-07-27,181,6.9,7
2026-07-27,182,7.1,7.2
2026-07-27,183,6.95,7.15
2026-07-27,184,8.15,8.25
2026-07-27,185,8.95,9.05
2026-07-27,186,11.55,11.65
2026-07-27,187,480,490
2026-07-27,188,430,450
2026-07-27,189,275,295
2026-07-27,191,,
2026-07-27,192,,
2026-07-27,193,,
2026-07-27,194,,
2026-07-27,195,,
2026-07-27,196,,
2026-07-27,197,,
2026-07-27,198,,
2026-07-27,199,,
2026-07-27,328,0.55,0.59
2026-07-27,329,0.12,0.16
2026-07-27,331,0.28,0.34
2026-07-27,332,,
2026-07-27,333,3.4,3.5
2026-07-27,335,3.8,3.85
2026-07-27,336,,
2026-07-27,337,,
2026-07-27,340,,
2026-07-27,341,3.85,3.89
2026-07-27,342,3.9,3.94
2026-07-27,344,23,23
2026-07-27,345,21.2,21.2
2026-07-27,346,19.8,19.8
2026-07-27,347,17.8,17.8
2026-07-27,350,4,4.3
2026-07-27,351,3.35,3.65
2026-07-27,352,5.9,6.1
2026-07-27,353,6.5,6.7
2026-07-27,356,2.75,2.95
2026-07-27,357,2.6,2.8
2026-07-27,358,5.9,6.2
2026-07-27,361,6.55,6.85
2026-07-27,362,7.45,7.75
2026-07-27,363,8,8.4
2026-07-27,364,2.9,3.2
2026-07-27,365,2.8,3
2026-07-27,366,9.3,9.7
2026-07-27,367,4.1,4.3
2026-07-27,368,2.7,2.8
2026-07-27,369,9.3,9.7
2026-07-27,370,4.1,4.3
2026-07-27,371,2.7,2.8
2026-07-27,372,6.05,6.35
2026-07-27,670,,
2026-07-27,671,,
2026-07-27,672,,
2026-07-27,674,1.47,1.51
2026-07-27,675,2.26,2.3
2026-07-27,676,3.35,3.65
2026-07-27,677,2.6,2.8
2026-07-27,678,3.75,3.95
2026-07-27,716,25.3,25.3
2026-07-27,717,23.5,23.5
2026-07-27,718,22.3,22.3
2026-07-27,719,19.3,19.3
2026-07-27,727,,
2026-07-27,731,7.75,7.9
2026-07-27,732,9.8,9.9
2026-07-27,733,10.45,10.75
2026-07-27,734,11.25,11.35
2026-07-27,747,,
2026-07-27,802,1850,1950
2026-07-27,803,1750,1850
2026-07-27,835,6.5,6.7
2026-07-27,836,7.05,7.35
2026-07-27,891,,
2026-07-27,932,,
2026-07-27,936,660,700
2026-07-27,938,229,232
2026-07-27,994,405,407
2026-07-27,996,2.8,3.2
2026-07-27,997,2.7,3.1
2026-07-27,1001,460,500
2026-07-27,1002,470,520
2026-07-27,1004,8.3,9
2026-07-27,1005,8.5,9.3
2026-07-27,1006,50,60
2026-07-27,1007,,
2026-07-27,1011,256,259
2026-07-27,1036,,
2026-07-27,1049,1.9,2
2026-07-27,1050,2,2.1
2026-07-27,1054,,
2026-07-27,1055,2290,2290
2026-07-27,1056,7.3,8
2026-07-27,1057,7.4,8.5
2026-07-27,1058,2.3,2.8
2026-07-27,1059,2.3,2.9
2026-07-27,1062,2.35,2.85
2026-07-27,1063,2.35,2.95
2026-07-27,1064,9.5,10.5
2026-07-27,1065,9.5,11
2026-07-27,1067,4.5,5
2026-07-27,1068,,
2026-07-27,1069,12,13
2026-07-27,1071,2.3,2.5
2026-07-27,1072,,
2026-07-27,1073,2.2,2.3
2026-07-27,1076,1.1,1.2
2026-07-27,1077,0.74,0.8
2026-07-27,1078,1.45,1.55
2026-07-27,1079,5.2,5.5
2026-07-27,1080,0.74,0.8
2026-07-27,1081,0.9,1
2026-07-27,1082,0.7,0.8
2026-07-27,1083,1.15,1.25
2026-07-27,1084,0.9,1.05
2026-07-27,1086,0.8,0.95
2026-07-27,1087,1.1,1.3
2026-07-27,1088,0.98,1.05
2026-07-27,1089,1,1.15
2026-07-27,1090,1.1,1.2
2026-07-27,1091,1.2,1.4
2026-07-27,1092,1.2,1.5
2026-07-27,1095,1.4,1.7
2026-07-27,1096,1.4,1.8
2026-07-27,1098,1.1,1.9
2026-07-27,1099,5.5,5.8
2026-07-27,1100,0.9,0.95
2026-07-27,1103,5.5,6
2026-07-27,1105,5.2,5.8
2026-07-27,1108,5.8,6.1
2026-07-27,1109,7,7.5
2026-07-27,1113,4.3,4.8
2026-07-27,1115,3.95,4.2
2026-07-27,1116,1.45,1.6
2026-07-27,1117,1.15,1.25
2026-07-27,1120,1.4,1.6
2026-07-27,1121,1.4,1.6
2026-07-27,1123,,
2026-07-27,1124,,
2026-07-27,1125,,
2026-07-27,1126,3.3,3.5
2026-07-27,1127,0.8,1.1
2026-07-30,2,235,239
2026-07-30,4,217,220
2026-07-30,5,212,214
2026-07-30,7,312.5,313.5
2026-07-30,8,321.5,322.5
2026-07-30,10,225,227
2026-07-30,13,250,252
2026-07-30,14,236,237
2026-07-30,15,260,262
2026-07-30,16,246.5,250
2026-07-30,19,195,198
2026-07-30,20,200,203
2026-07-30,21,215,220
2026-07-30,23,455,460
2026-07-30,24,440,445
2026-07-30,25,388,392
2026-07-30,26,384,387
2026-07-30,27,750,765
2026-07-30,28,750,765
2026-07-30,29,750,765
2026-07-30,30,154.5,156.5
2026-07-30,31,158.5,160.5
2026-07-30,32,103.5,105.5
2026-07-30,33,176.5,178.5
2026-07-30,34,116.5,118.5
2026-07-30,35,202.5,204.5
2026-07-30,36,160.5,162.5
2026-07-30,37,126.5,127.5
2026-07-30,38,126.5,127.5
2026-07-30,39,395,397
2026-07-30,41,760,770
2026-07-30,42,205,207
2026-07-30,47,295,298
2026-07-30,48,315,320
2026-07-30,50,660,800
2026-07-30,51,350,410
2026-07-30,53,2080,2080
2026-07-30,54,1500,1500
2026-07-30,55,440,470
2026-07-30,56,190,200
2026-07-30,58,165,170
2026-07-30,63,130,140
2026-07-30,65,150,160
2026-07-30,67,180,190
2026-07-30,69,55,60
2026-07-30,71,85,90
2026-07-30,73,470,472
2026-07-30,75,472,475
2026-07-30,77,490,497
2026-07-30,80,510,515
2026-07-30,81,375,405
2026-07-30,86,1435,1440
2026-07-30,87,1205,1210
2026-07-30,88,1155,1160
2026-07-30,89,1750,1760
2026-07-30,90,1540,1545
2026-07-30,92,1465,1470
2026-07-30,94,1385,1390
2026-07-30,95,1325,1330
2026-07-30,101,17,18
2026-07-30,102,18,19
2026-07-30,103,6.8,8.75
2026-07-30,104,3.7,4.1
2026-07-30,105,3.8,4.4
2026-07-30,106,3.5,3.6
2026-07-30,107,1.7,1.9
2026-07-30,110,490,515
2026-07-30,111,280,285
2026-07-30,114,280,282
2026-07-30,115,233,235
2026-07-30,117,443.5,445.5
2026-07-30,118,377.5,379.5
2026-07-30,121,488.5,490.5
2026-07-30,122,387.5,388.5
2026-07-30,124,377.5,382.5
2026-07-30,127,300,305
2026-07-30,128,280,285
2026-07-30,129,250,255
2026-07-30,131,2480,2510
2026-07-30,132,610,620
2026-07-30,133,585,590
2026-07-30,134,720,740
2026-07-30,176,7.5,8.5
2026-07-30,177,28,29
2026-07-30,181,6.9,7
2026-07-30,182,7.1,7.2
2026-07-30,183,6.95,7.15
2026-07-30,184,8.15,8.25
2026-07-30,185,8.95,9.05
2026-07-30,186,11.55,11.65
2026-07-30,187,485,500
2026-07-30,188,445,465
2026-07-30,189,287.5,307.5
2026-07-30,328,0.55,0.59
2026-07-30,329,0.12,0.16
2026-07-30,331,0.28,0.34
2026-07-30,333,3.4,3.5
2026-07-30,335,3.8,3.85
2026-07-30,341,3.85,3.89
2026-07-30,342,3.9,3.94
2026-07-30,344,23,23
2026-07-30,345,21.2,21.2
2026-07-30,346,19.8,19.8
2026-07-30,347,17.8,17.8
2026-07-30,350,4,4.3
2026-07-30,351,3.33,3.62
2026-07-30,352,5.9,6.1
2026-07-30,353,6.5,6.7
2026-07-30,356,2.75,2.95
2026-07-30,357,2.6,2.8
2026-07-30,358,5.9,6.2
2026-07-30,361,6.55,6.85
2026-07-30,362,7.45,7.75
2026-07-30,363,7.95,8.35
2026-07-30,364,2.9,3.2
2026-07-30,365,2.8,3
2026-07-30,366,9.3,9.7
2026-07-30,367,4.1,4.3
2026-07-30,368,2.7,2.8
2026-07-30,369,9.3,9.7
2026-07-30,370,4.1,4.3
2026-07-30,371,2.7,2.8
2026-07-30,372,6.05,6.35
2026-07-30,674,1.46,1.5
2026-07-30,675,2.26,2.3
2026-07-30,676,3.33,3.62
2026-07-30,677,2.6,2.8
2026-07-30,678,3.75,3.95
2026-07-30,716,25.3,25.3
2026-07-30,717,23.5,23.5
2026-07-30,718,22.3,22.3
2026-07-30,719,19.3,19.3
2026-07-30,731,7.72,7.88
2026-07-30,732,9.78,9.88
2026-07-30,733,10.45,10.75
2026-07-30,734,11.25,11.35
2026-07-30,802,1850,1950
2026-07-30,803,1750,1850
2026-07-30,835,6.5,6.7
2026-07-30,836,7.05,7.35
2026-07-30,936,660,700
2026-07-30,938,229,232
2026-07-30,994,402.5,404.5
2026-07-30,996,2.8,3.2
2026-07-30,997,2.7,3.1
2026-07-30,1001,460,500
2026-07-30,1002,470,520
2026-07-30,1004,8.3,9
2026-07-30,1005,8.5,9.3
2026-07-30,1006,50,60
2026-07-30,1011,256,259
2026-07-30,1049,1.9,2
2026-07-30,1050,2,2.1
2026-07-30,1055,2290,2290
2026-07-30,1056,7.3,8
2026-07-30,1057,7.4,8.5
2026-07-30,1058,2.3,2.8
2026-07-30,1059,2.3,2.9
2026-07-30,1062,2.35,2.85
2026-07-30,1063,2.35,2.95
2026-07-30,1064,9.5,10.5
2026-07-30,1065,9.5,11
2026-07-30,1067,4.5,5
2026-07-30,1069,12,13
2026-07-30,1071,2.3,2.5
2026-07-30,1073,2.2,2.3
2026-07-30,1076,1.1,1.2
2026-07-30,1077,0.74,0.8
2026-07-30,1078,1.45,1.55
2026-07-30,1079,5.2,5.5
2026-07-30,1080,0.74,0.8
2026-07-30,1081,0.9,1
2026-07-30,1082,0.7,0.8
2026-07-30,1083,1.15,1.25
2026-07-30,1084,0.9,1.05
2026-07-30,1086,0.8,0.95
2026-07-30,1087,1.1,1.3
2026-07-30,1088,0.98,1.05
2026-07-30,1089,1,1.15
2026-07-30,1090,1.1,1.2
2026-07-30,1091,1.2,1.4
2026-07-30,1092,1.2,1.5
2026-07-30,1095,1.4,1.7
2026-07-30,1096,1.4,1.8
2026-07-30,1098,1.1,1.9
2026-07-30,1099,5.5,5.8
2026-07-30,1100,0.9,0.95
2026-07-30,1103,5.5,6
2026-07-30,1105,5.2,5.8
2026-07-30,1108,5.8,6.1
2026-07-30,1109,7,7.5
2026-07-30,1113,4.3,4.8
2026-07-30,1115,3.95,4.2
2026-07-30,1116,1.45,1.6
2026-07-30,1117,1.15,1.25
2026-07-30,1120,1.4,1.6
2026-07-30,1121,1.4,1.6
2026-07-30,1126,3.3,3.5
2026-07-30,1127,0.8,1.1
2026-08-17,2,240,244
2026-08-17,3,,
2026-08-17,4,227,230
2026-08-17,5,222,224
2026-08-17,6,,
2026-08-17,7,330,331
2026-08-17,8,339,340
2026-08-17,9,,
2026-08-17,10,233,235
2026-08-17,11,175,182
2026-08-17,12,,
2026-08-17,13,255,257
2026-08-17,14,234,235
2026-08-17,15,263,265
2026-08-17,16,253,257
2026-08-17,17,,
2026-08-17,18,,
2026-08-17,19,200,203
2026-08-17,20,205,208
2026-08-17,21,220,225
2026-08-17,22,,
2026-08-17,23,455,460
2026-08-17,24,440,445
2026-08-17,25,388,392
2026-08-17,26,384,387
2026-08-17,27,750,765
2026-08-17,28,750,765
2026-08-17,29,750,765
2026-08-17,30,174,176
2026-08-17,31,178,180
2026-08-17,32,123,125
2026-08-17,33,198,200
2026-08-17,34,138,140
2026-08-17,35,223,225
2026-08-17,36,181,183
2026-08-17,37,149,150
2026-08-17,38,149,150
2026-08-17,39,397,399
2026-08-17,40,,
2026-08-17,41,760,770
2026-08-17,42,205,207
2026-08-17,43,,
2026-08-17,44,,
2026-08-17,45,,
2026-08-17,46,,
2026-08-17,47,295,298
2026-08-17,48,320,325
2026-08-17,50,,
2026-08-17,51,350,410
2026-08-17,53,2080,2080
2026-08-17,54,1500,1500
2026-08-17,55,440,470
2026-08-17,56,210,220
2026-08-17,58,165,170
2026-08-17,61,,
2026-08-17,62,,
2026-08-17,63,140,150
2026-08-17,64,,
2026-08-17,65,170,180
2026-08-17,66,,
2026-08-17,67,200,210
2026-08-17,68,,
2026-08-17,69,,
2026-08-17,70,,
2026-08-17,71,100,105
2026-08-17,73,,
2026-08-17,74,,
2026-08-17,75,460,463
2026-08-17,76,,
2026-08-17,77,480,487
2026-08-17,78,,
2026-08-17,79,,
2026-08-17,80,530,535
2026-08-17,81,365,395
2026-08-17,82,,
2026-08-17,83,,
2026-08-17,84,,
2026-08-17,85,,
2026-08-17,86,1440,1445
2026-08-17,87,1185,1190
2026-08-17,88,1135,1140
2026-08-17,89,1790,1800
2026-08-17,90,1540,1545
2026-08-17,91,,
2026-08-17,92,1485,1490
2026-08-17,93,,
2026-08-17,94,1365,1370
2026-08-17,95,1305,1310
2026-08-17,96,,
2026-08-17,97,,
2026-08-17,98,,
2026-08-17,100,,
2026-08-17,101,17,18
2026-08-17,102,18,19
2026-08-17,103,6.8,8.75
2026-08-17,104,3.7,4.1
2026-08-17,105,3.8,4.4
2026-08-17,106,3.5,3.6
2026-08-17,107,1.7,1.9
2026-08-17,108,,
2026-08-17,109,,
2026-08-17,110,480,505
2026-08-17,111,300,305
2026-08-17,112,,
2026-08-17,113,,
2026-08-17,114,285,287
2026-08-17,115,228,230
2026-08-17,116,,
2026-08-17,117,466,468
2026-08-17,118,378,380
2026-08-17,119,,
2026-08-17,120,,
2026-08-17,121,515,517
2026-08-17,122,388,389
2026-08-17,123,,
2026-08-17,124,375,385
2026-08-17,125,,
2026-08-17,126,,
2026-08-17,127,320,325
2026-08-17,128,300,305
2026-08-17,129,265,270
2026-08-17,130,,
2026-08-17,131,2680,2710
2026-08-17,132,610,620
2026-08-17,133,585,590
2026-08-17,134,720,740
2026-08-17,176,7.5,8.5
2026-08-17,177,28,29
2026-08-17,181,6.9,7
2026-08-17,182,7.1,7.2
2026-08-17,183,6.95,7.15
2026-08-17,184,8.15,8.25
2026-08-17,185,8.95,9.05
2026-08-17,186,11.55,11.65
2026-08-17,187,460,480
2026-08-17,188,460,480
2026-08-17,189,320,340
2026-08-17,191,,
2026-08-17,192,,
2026-08-17,193,,
2026-08-17,194,,
2026-08-17,195,,
2026-08-17,196,,
2026-08-17,197,,
2026-08-17,198,,
2026-08-17,199,,
2026-08-17,328,,
2026-08-17,329,,
2026-08-17,331,,
2026-08-17,332,,
2026-08-17,333,,
2026-08-17,335,,
2026-08-17,336,,
2026-08-17,337,,
2026-08-17,340,,
2026-08-17,341,,
2026-08-17,342,,
2026-08-17,344,,
2026-08-17,345,,
2026-08-17,346,,
2026-08-17,347,,
2026-08-17,350,,
2026-08-17,351,,
2026-08-17,352,,
2026-08-17,353,,
2026-08-17,356,,
2026-08-17,357,,
2026-08-17,358,,
2026-08-17,361,,
2026-08-17,362,,
2026-08-17,363,,
2026-08-17,364,,
2026-08-17,365,,
2026-08-17,366,,
2026-08-17,367,,
2026-08-17,368,,
2026-08-17,369,,
2026-08-17,370,,
2026-08-17,371,,
2026-08-17,372,,
2026-08-17,623,,
2026-08-17,624,,
2026-08-17,625,,
2026-08-17,626,,
2026-08-17,627,,
2026-08-17,628,,
2026-08-17,629,,
2026-08-17,630,,
2026-08-17,631,,
2026-08-17,634,,
2026-08-17,635,,
2026-08-17,636,,
2026-08-17,637,0.38,0.43
2026-08-17,640,,
2026-08-17,641,,
2026-08-17,642,,
2026-08-17,643,,
2026-08-17,644,,
2026-08-17,669,,
2026-08-17,670,,
2026-08-17,671,,
2026-08-17,672,,
2026-08-17,674,,
2026-08-17,675,,
2026-08-17,676,,
2026-08-17,677,,
2026-08-17,678,,
2026-08-17,716,,
2026-08-17,717,,
2026-08-17,718,,
2026-08-17,719,,
2026-08-17,722,,
2026-08-17,723,0.5,0.56
2026-08-17,724,,
2026-08-17,725,0.38,0.45
2026-08-17,726,0.5,0.56
2026-08-17,727,,
2026-08-17,731,7.85,8
2026-08-17,732,9.9,10
2026-08-17,733,10.45,10.75
2026-08-17,734,11.25,11.35
2026-08-17,747,,
2026-08-17,802,1950,2050
2026-08-17,803,1850,1950
2026-08-17,835,,
2026-08-17,836,,
2026-08-17,891,,
2026-08-17,932,,
2026-08-17,936,660,700
2026-08-17,938,234,237
2026-08-17,994,403,405
2026-08-17,996,2.8,3.2
2026-08-17,997,2.7,3.1
2026-08-17,1001,460,500
2026-08-17,1002,470,520
2026-08-17,1004,8.3,9
2026-08-17,1005,8.5,9.3
2026-08-17,1006,,
2026-08-17,1007,,
2026-08-17,1008,,
2026-08-17,1011,261,264
2026-08-17,1036,,
2026-08-17,1049,1.9,2
2026-08-17,1050,2,2.1
2026-08-17,1054,,
2026-08-17,1055,2290,2290
2026-08-17,1056,7.3,8
2026-08-17,1057,7.4,8.5
2026-08-17,1058,2.3,2.8
2026-08-17,1059,2.3,2.9
2026-08-17,1062,2.35,2.85
2026-08-17,1063,2.35,2.95
2026-08-17,1064,9.5,10.5
2026-08-17,1065,9.5,11
2026-08-17,1067,4.5,5
2026-08-17,1068,,
2026-08-17,1069,12,13
2026-08-17,1071,2.3,2.5
2026-08-17,1072,,
2026-08-17,1073,2.2,2.3
2026-08-17,1076,1.1,1.2
2026-08-17,1077,0.74,0.8
2026-08-17,1078,1.45,1.55
2026-08-17,1079,5.2,5.5
2026-08-17,1080,0.74,0.8
2026-08-17,1081,0.9,1
2026-08-17,1082,0.7,0.8
2026-08-17,1083,1.15,1.25
2026-08-17,1084,0.9,1.05
2026-08-17,1086,0.8,0.95
2026-08-17,1087,1.1,1.3
2026-08-17,1088,0.98,1.05
2026-08-17,1089,1,1.15
2026-08-17,1090,1.1,1.2
2026-08-17,1091,1.2,1.4
2026-08-17,1092,1.2,1.5
2026-08-17,1095,1.4,1.7
2026-08-17,1096,1.4,1.8
2026-08-17,1098,1.1,1.9
2026-08-17,1099,5.5,5.8
2026-08-17,1100,0.9,0.95
2026-08-17,1103,5.5,6
2026-08-17,1105,5.2,5.8
2026-08-17,1108,5.8,6.1
2026-08-17,1109,7,7.5
2026-08-17,1110,,
2026-08-17,1111,,
2026-08-17,1113,4.3,4.8
2026-08-17,1114,,
2026-08-17,1115,3.95,4.2
2026-08-17,1116,1.45,1.6
2026-08-17,1117,1.15,1.25
2026-08-17,1120,1.4,1.6
2026-08-17,1121,1.4,1.6
2026-08-17,1123,,
2026-08-17,1124,,
2026-08-17,1125,,
2026-08-17,1126,3.3,3.5
2026-08-17,1127,0.8,1.1
2026-08-17,1128,1.05,1.1
2026-08-24,2,243,247
2026-08-24,3,3,3
2026-08-24,4,230,233
2026-08-24,5,225,227
2026-08-24,6,,
2026-08-24,7,335,336
2026-08-24,8,344,345
2026-08-24,9,,
2026-08-24,10,236,238
2026-08-24,11,180,190
2026-08-24,12,,
2026-08-24,13,258,260
2026-08-24,14,237,238
2026-08-24,15,263,265
2026-08-24,16,256,260
2026-08-24,17,,
2026-08-24,18,,
2026-08-24,19,200,203
2026-08-24,20,205,208
2026-08-24,21,220,225
2026-08-24,22,,
2026-08-24,23,460,465
2026-08-24,24,445,450
2026-08-24,25,393,397
2026-08-24,26,389,392
2026-08-24,27,750,765
2026-08-24,28,750,765
2026-08-24,29,750,765
2026-08-24,30,174,176
2026-08-24,31,178,180
2026-08-24,32,123,125
2026-08-24,33,198,200
2026-08-24,34,138,140
2026-08-24,35,223,225
2026-08-24,36,181,183
2026-08-24,37,151,152
2026-08-24,38,151,152
2026-08-24,39,400,402
2026-08-24,40,,
2026-08-24,41,760,770
2026-08-24,42,208,210
2026-08-24,43,,
2026-08-24,44,,
2026-08-24,45,,
2026-08-24,46,,
2026-08-24,47,295,298
2026-08-24,48,320,325
2026-08-24,50,,
2026-08-24,51,350,410
2026-08-24,53,2080,2080
2026-08-24,54,1500,1500
2026-08-24,55,440,470
2026-08-24,56,210,220
2026-08-24,58,165,170
2026-08-24,61,,
2026-08-24,62,,
2026-08-24,63,145,155
2026-08-24,64,,
2026-08-24,65,180,190
2026-08-24,66,,
2026-08-24,67,210,220
2026-08-24,68,,
2026-08-24,69,,
2026-08-24,70,,
2026-08-24,71,100,105
2026-08-24,73,,
2026-08-24,74,,
2026-08-24,75,472,475
2026-08-24,76,,
2026-08-24,77,492,499
2026-08-24,78,,
2026-08-24,79,,
2026-08-24,80,515,520
2026-08-24,81,360,395
2026-08-24,82,,
2026-08-24,83,,
2026-08-24,84,,
2026-08-24,85,,
2026-08-24,86,1420,1425
2026-08-24,87,1135,1140
2026-08-24,88,1085,1090
2026-08-24,89,1790,1800
2026-08-24,90,1540,1545
2026-08-24,91,,
2026-08-24,92,1485,1490
2026-08-24,93,,
2026-08-24,94,1315,1320
2026-08-24,95,1255,1260
2026-08-24,96,,
2026-08-24,97,,
2026-08-24,98,,
2026-08-24,100,,
2026-08-24,101,17,18
2026-08-24,102,18,19
2026-08-24,103,6.8,8.75
2026-08-24,104,3.7,4.1
2026-08-24,105,3.8,4.4
2026-08-24,106,3.5,3.6
2026-08-24,107,1.7,1.9
2026-08-24,108,,
2026-08-24,109,,
2026-08-24,110,480,505
2026-08-24,111,300,305
2026-08-24,112,,
2026-08-24,113,,
2026-08-24,114,290,292
2026-08-24,115,228,230
2026-08-24,116,,
2026-08-24,117,481,483
2026-08-24,118,391,393
2026-08-24,119,,
2026-08-24,120,,
2026-08-24,121,530,532
2026-08-24,122,402,403
2026-08-24,123,,
2026-08-24,124,382,395
2026-08-24,125,,
2026-08-24,126,,
2026-08-24,127,330,335
2026-08-24,128,310,315
2026-08-24,129,275,280
2026-08-24,130,,
2026-08-24,131,2830,2860
2026-08-24,132,610,620
2026-08-24,133,585,590
2026-08-24,134,700,720
2026-08-24,176,7.5,8.5
2026-08-24,177,28,29
2026-08-24,181,6.9,7
2026-08-24,182,7.1,7.2
2026-08-24,183,6.95,7.15
2026-08-24,184,8.15,8.25
2026-08-24,185,8.95,9.05
2026-08-24,186,11.55,11.65
2026-08-24,187,460,480
2026-08-24,188,460,480
2026-08-24,189,330,345
2026-08-24,191,,
2026-08-24,192,,
2026-08-24,193,,
2026-08-24,194,,
2026-08-24,195,,
2026-08-24,196,,
2026-08-24,197,,
2026-08-24,198,,
2026-08-24,199,,
2026-08-24,328,0.55,0.59
2026-08-24,329,0.12,0.16
2026-08-24,331,0.28,0.34
2026-08-24,332,,
2026-08-24,333,3.4,3.5
2026-08-24,335,3.8,3.85
2026-08-24,336,,
2026-08-24,337,,
2026-08-24,340,,
2026-08-24,341,3.85,3.89
2026-08-24,342,3.9,3.94
2026-08-24,344,23,23
2026-08-24,345,21.2,21.2
2026-08-24,346,19.8,19.8
2026-08-24,347,17.8,17.8
2026-08-24,350,4,4.3
2026-08-24,351,3.35,3.65
2026-08-24,352,5.9,6.1
2026-08-24,353,6.5,6.7
2026-08-24,356,2.75,2.95
2026-08-24,357,2.6,2.8
2026-08-24,358,5.9,6.2
2026-08-24,361,6.55,6.85
2026-08-24,362,7.45,7.75
2026-08-24,363,8,8.4
2026-08-24,364,2.9,3.2
2026-08-24,365,2.8,3
2026-08-24,366,9.3,9.7
2026-08-24,367,4.1,4.3
2026-08-24,368,2.7,2.8
2026-08-24,369,9.3,9.7
2026-08-24,370,4.1,4.3
2026-08-24,371,2.7,2.8
2026-08-24,372,6.05,6.35
2026-08-24,623,,
2026-08-24,624,,
2026-08-24,625,0.45,0.5
2026-08-24,626,0.5,0.6
2026-08-24,627,0.5,60
2026-08-24,628,1.45,1.6
2026-08-24,629,1.45,1.65
2026-08-24,630,,
2026-08-24,631,,
2026-08-24,634,0.72,0.78
2026-08-24,635,1.5,1.65
2026-08-24,636,,
2026-08-24,637,0.38,0.43
2026-08-24,640,,
2026-08-24,641,,
2026-08-24,642,,
2026-08-24,643,,
2026-08-24,644,,
2026-08-24,669,,
2026-08-24,670,,
2026-08-24,671,,
2026-08-24,672,,
2026-08-24,674,1.47,1.51
2026-08-24,675,2.26,2.3
2026-08-24,676,3.35,3.65
2026-08-24,677,2.6,2.8
2026-08-24,678,3.75,3.95
2026-08-24,716,25.3,25.3
2026-08-24,717,23.5,23.5
2026-08-24,718,22.3,22.3
2026-08-24,719,19.3,19.3
2026-08-24,722,,
2026-08-24,723,0.5,0.56
2026-08-24,724,,
2026-08-24,725,0.38,0.45
2026-08-24,726,0.5,0.56
2026-08-24,727,,
2026-08-24,731,7.85,8
2026-08-24,732,9.9,10
2026-08-24,733,10.45,10.75
2026-08-24,734,11.25,11.35
2026-08-24,747,,
2026-08-24,802,2100,2200
2026-08-24,803,2000,2100
2026-08-24,835,6.5,6.7
2026-08-24,836,7.05,7.35
2026-08-24,891,,
2026-08-24,932,,
2026-08-24,936,660,700
2026-08-24,938,237,240
2026-08-24,994,416,418
2026-08-24,996,2.8,3.2
2026-08-24,997,2.7,3.1
2026-08-24,1001,460,500
2026-08-24,1002,470,520
2026-08-24,1004,8.3,9
2026-08-24,1005,8.5,9.3
2026-08-24,1006,,
2026-08-24,1007,42,47
2026-08-24,1008,,
2026-08-24,1011,267,270
2026-08-24,1036,,
2026-08-24,1049,1.9,2
2026-08-24,1050,2,2.1
2026-08-24,1054,,
2026-08-24,1055,2290,2290
2026-08-24,1056,7.3,8
2026-08-24,1057,7.4,8.5
2026-08-24,1058,2.3,2.8
2026-08-24,1059,2.3,2.9
2026-08-24,1062,2.35,2.85
2026-08-24,1063,2.35,2.95
2026-08-24,1064,9.5,10.5
2026-08-24,1065,9.5,11
2026-08-24,1067,4.5,5
2026-08-24,1068,,
2026-08-24,1069,12,13
2026-08-24,1071,2.3,2.5
2026-08-24,1072,,
2026-08-24,1073,2.2,2.3
2026-08-24,1076,1.1,1.2
2026-08-24,1077,0.74,0.8
2026-08-24,1078,1.45,1.55
2026-08-24,1079,5.2,5.5
2026-08-24,1080,0.74,0.8
2026-08-24,1081,0.9,1
2026-08-24,1082,0.7,0.8
2026-08-24,1083,1.15,1.25
2026-08-24,1084,0.9,1.05
2026-08-24,1086,0.8,0.95
2026-08-24,1087,1.1,1.3
2026-08-24,1088,0.98,1.05
2026-08-24,1089,1,1.15
2026-08-24,1090,1.1,1.2
2026-08-24,1091,1.2,1.4
2026-08-24,1092,1.2,1.5
2026-08-24,1095,1.4,1.7
2026-08-24,1096,1.4,1.8
2026-08-24,1098,1.1,1.9
2026-08-24,1099,5.5,5.8
2026-08-24,1100,0.9,0.95
2026-08-24,1103,5.5,6
2026-08-24,1105,5.2,5.8
2026-08-24,1108,5.8,6.1
2026-08-24,1109,7,7.5
2026-08-24,1110,0.6,0.65
2026-08-24,1111,0.6,0.7
2026-08-24,1113,4.3,4.8
2026-08-24,1114,,
2026-08-24,1115,3.95,4.2
2026-08-24,1116,1.45,1.6
2026-08-24,1117,1.15,1.25
2026-08-24,1120,1.4,1.6
2026-08-24,1121,1.4,1.6
2026-08-24,1123,,
2026-08-24,1124,,
2026-08-24,1125,,
2026-08-24,1126,3.3,3.5
2026-08-24,1127,0.8,1.1
2026-08-24,1128,1.05,1.1
2026-08-24,1129,5,5.2
2026-08-30,2,241.5,245.5
2026-08-30,3,3,3
2026-08-30,4,228.5,231.5
2026-08-30,5,223.5,225.5
2026-08-30,7,332.5,333.5
2026-08-30,8,341.5,342.5
2026-08-30,10,234.5,236.5
2026-08-30,11,177.5,186
2026-08-30,13,256.5,258.5
2026-08-30,14,235.5,236.5
2026-08-30,15,263,265
2026-08-30,16,254.5,258.5
2026-08-30,19,200,203
2026-08-30,20,205,208
2026-08-30,21,220,225
2026-08-30,23,457.5,462.5
2026-08-30,24,442.5,447.5
2026-08-30,25,390.5,394.5
2026-08-30,26,386.5,389.5
2026-08-30,27,750,765
2026-08-30,28,750,765
2026-08-30,29,750,765
2026-08-30,30,174,176
2026-08-30,31,178,180
2026-08-30,32,123,125
2026-08-30,33,198,200
2026-08-30,34,138,140
2026-08-30,35,223,225
2026-08-30,36,181,183
2026-08-30,37,150,151
2026-08-30,38,150,151
2026-08-30,39,398.5,400.5
2026-08-30,41,760,770
2026-08-30,42,206.5,208.5
2026-08-30,47,295,298
2026-08-30,48,320,325
2026-08-30,51,350,410
2026-08-30,53,2080,2080
2026-08-30,54,1500,1500
2026-08-30,55,440,470
2026-08-30,56,210,220
2026-08-30,58,165,170
2026-08-30,63,142.5,152.5
2026-08-30,65,175,185
2026-08-30,67,205,215
2026-08-30,71,100,105
2026-08-30,75,466,469
2026-08-30,77,486,493
2026-08-30,80,522.5,527.5
2026-08-30,81,362.5,395
2026-08-30,86,1430,1435
2026-08-30,87,1160,1165
2026-08-30,88,1110,1115
2026-08-30,89,1790,1800
2026-08-30,90,1540,1545
2026-08-30,92,1485,1490
2026-08-30,94,1340,1345
2026-08-30,95,1280,1285
2026-08-30,101,17,18
2026-08-30,102,18,19
2026-08-30,103,6.8,8.75
2026-08-30,104,3.7,4.1
2026-08-30,105,3.8,4.4
2026-08-30,106,3.5,3.6
2026-08-30,107,1.7,1.9
2026-08-30,110,480,505
2026-08-30,111,300,305
2026-08-30,114,287.5,289.5
2026-08-30,115,228,230
2026-08-30,117,473.5,475.5
2026-08-30,118,384.5,386.5
2026-08-30,121,522.5,524.5
2026-08-30,122,395,396
2026-08-30,124,378.5,390
2026-08-30,127,325,330
2026-08-30,128,305,310
2026-08-30,129,270,275
2026-08-30,131,2755,2785
2026-08-30,132,610,620
2026-08-30,133,585,590
2026-08-30,134,710,730
2026-08-30,176,7.5,8.5
2026-08-30,177,28,29
2026-08-30,181,6.9,7
2026-08-30,182,7.1,7.2
2026-08-30,183,6.95,7.15
2026-08-30,184,8.15,8.25
2026-08-30,185,8.95,9.05
2026-08-30,186,11.55,11.65
2026-08-30,187,460,480
2026-08-30,188,460,480
2026-08-30,189,325,342.5
2026-08-30,328,0.55,0.59
2026-08-30,329,0.12,0.16
2026-08-30,331,0.28,0.34
2026-08-30,333,3.4,3.5
2026-08-30,335,3.8,3.85
2026-08-30,341,3.85,3.89
2026-08-30,342,3.9,3.94
2026-08-30,344,23,23
2026-08-30,345,21.2,21.2
2026-08-30,346,19.8,19.8
2026-08-30,347,17.8,17.8
2026-08-30,350,4,4.3
2026-08-30,351,3.35,3.65
2026-08-30,352,5.9,6.1
2026-08-30,353,6.5,6.7
2026-08-30,356,2.75,2.95
2026-08-30,357,2.6,2.8
2026-08-30,358,5.9,6.2
2026-08-30,361,6.55,6.85
2026-08-30,362,7.45,7.75
2026-08-30,363,8,8.4
2026-08-30,364,2.9,3.2
2026-08-30,365,2.8,3
2026-08-30,366,9.3,9.7
2026-08-30,367,4.1,4.3
2026-08-30,368,2.7,2.8
2026-08-30,369,9.3,9.7
2026-08-30,370,4.1,4.3
2026-08-30,371,2.7,2.8
2026-08-30,372,6.05,6.35
2026-08-30,625,0.45,0.5
2026-08-30,626,0.5,0.6
2026-08-30,627,0.5,60
2026-08-30,628,1.45,1.6
2026-08-30,629,1.45,1.65
2026-08-30,634,0.72,0.78
2026-08-30,635,1.5,1.65
2026-08-30,637,0.38,0.43
2026-08-30,674,1.47,1.51
2026-08-30,675,2.26,2.3
2026-08-30,676,3.35,3.65
2026-08-30,677,2.6,2.8
2026-08-30,678,3.75,3.95
2026-08-30,716,25.3,25.3
2026-08-30,717,23.5,23.5
2026-08-30,718,22.3,22.3
2026-08-30,719,19.3,19.3
2026-08-30,723,0.5,0.56
2026-08-30,725,0.38,0.45
2026-08-30,726,0.5,0.56
2026-08-30,731,7.85,8
2026-08-30,732,9.9,10
2026-08-30,733,10.45,10.75
2026-08-30,734,11.25,11.35
2026-08-30,802,2025,2125
2026-08-30,803,1925,2025
2026-08-30,835,6.5,6.7
2026-08-30,836,7.05,7.35
2026-08-30,936,660,700
2026-08-30,938,235.5,238.5
2026-08-30,994,409.5,411.5
2026-08-30,996,2.8,3.2
2026-08-30,997,2.7,3.1
2026-08-30,1001,460,500
2026-08-30,1002,470,520
2026-08-30,1004,8.3,9
2026-08-30,1005,8.5,9.3
2026-08-30,1007,42,47
2026-08-30,1011,264,267
2026-08-30,1049,1.9,2
2026-08-30,1050,2,2.1
2026-08-30,1055,2290,2290
2026-08-30,1056,7.3,8
2026-08-30,1057,7.4,8.5
2026-08-30,1058,2.3,2.8
2026-08-30,1059,2.3,2.9
2026-08-30,1062,2.35,2.85
2026-08-30,1063,2.35,2.95
2026-08-30,1064,9.5,10.5
2026-08-30,1065,9.5,11
2026-08-30,1067,4.5,5
2026-08-30,1069,12,13
2026-08-30,1071,2.3,2.5
2026-08-30,1073,2.2,2.3
2026-08-30,1078,1.45,1.55
2026-08-30,1079,5.2,5.5
2026-08-30,1080,0.74,0.8
2026-08-30,1081,0.9,1
2026-08-30,1082,0.7,0.8
2026-08-30,1083,1.15,1.25
2026-08-30,1084,0.9,1.05
2026-08-30,1086,0.8,0.95
2026-08-30,1087,1.1,1.3
2026-08-30,1088,0.98,1.05
2026-08-30,1089,1,1.15
2026-08-30,1090,1.1,1.2
2026-08-30,1091,1.2,1.4
2026-08-30,1092,1.2,1.5
2026-08-30,1095,1.4,1.7
2026-08-30,1096,1.4,1.8
2026-08-30,1098,1.1,1.9
2026-08-30,1099,5.5,5.8
2026-08-30,1100,0.9,0.95
2026-08-30,1103,5.5,6
2026-08-30,1105,5.2,5.8
2026-08-30,1108,5.8,6.1
2026-08-30,1109,7,7.5
2026-08-30,1110,0.6,0.65
2026-08-30,1111,0.6,0.7
2026-08-30,1113,4.3,4.8
2026-08-30,1115,3.95,4.2
2026-08-30,1116,1.45,1.6
2026-08-30,1117,1.15,1.25
2026-08-30,1120,1.4,1.6
2026-08-30,1121,1.4,1.6
2026-08-30,1126,3.3,3.5
2026-08-30,1127,0.8,1.1
2026-08-30,1128,1.05,1.1
2026-08-30,1129,5,5.2
2026-08-31,2,243,247
2026-08-31,3,3,3
2026-08-31,4,230,233
2026-08-31,5,225,227
2026-08-31,6,,
2026-08-31,7,335,336
2026-08-31,8,344,345
2026-08-31,9,,
2026-08-31,10,236,238
2026-08-31,11,180,190
2026-08-31,12,,
2026-08-31,13,258,260
2026-08-31,14,237,238
2026-08-31,15,263,265
2026-08-31,16,256,260
2026-08-31,17,,
2026-08-31,18,,
2026-08-31,19,200,203
2026-08-31,20,205,208
2026-08-31,21,220,225
2026-08-31,22,,
2026-08-31,23,460,465
2026-08-31,24,445,450
2026-08-31,25,393,397
2026-08-31,26,389,392
2026-08-31,27,750,765
2026-08-31,28,750,765
2026-08-31,29,750,765
2026-08-31,30,174,176
2026-08-31,31,178,180
2026-08-31,32,123,125
2026-08-31,33,198,200
2026-08-31,34,138,140
2026-08-31,35,223,225
2026-08-31,36,181,183
2026-08-31,37,151,152
2026-08-31,38,151,152
2026-08-31,39,400,402
2026-08-31,40,,
2026-08-31,41,760,770
2026-08-31,42,208,210
2026-08-31,43,,
2026-08-31,44,,
2026-08-31,45,,
2026-08-31,46,,
2026-08-31,47,295,298
2026-08-31,48,320,325
2026-08-31,50,,
2026-08-31,51,350,410
2026-08-31,53,2080,2080
2026-08-31,54,1500,1500
2026-08-31,55,440,470
2026-08-31,56,210,220
2026-08-31,58,165,170
2026-08-31,61,,
2026-08-31,62,,
2026-08-31,63,145,155
2026-08-31,64,,
2026-08-31,65,180,190
2026-08-31,66,,
2026-08-31,67,210,220
2026-08-31,68,,
2026-08-31,69,,
2026-08-31,70,,
2026-08-31,71,100,105
2026-08-31,73,,
2026-08-31,74,,
2026-08-31,75,472,475
2026-08-31,76,,
2026-08-31,77,492,499
2026-08-31,78,,
2026-08-31,79,,
2026-08-31,80,515,520
2026-08-31,81,360,395
2026-08-31,82,,
2026-08-31,83,,
2026-08-31,84,,
2026-08-31,85,,
2026-08-31,86,1420,1425
2026-08-31,87,1135,1140
2026-08-31,88,1085,1090
2026-08-31,89,1790,1800
2026-08-31,90,1540,1545
2026-08-31,91,,
2026-08-31,92,1485,1490
2026-08-31,93,,
2026-08-31,94,1315,1320
2026-08-31,95,1255,1260
2026-08-31,96,,
2026-08-31,97,,
2026-08-31,98,,
2026-08-31,100,,
2026-08-31,101,17,18
2026-08-31,102,18,19
2026-08-31,103,6.8,8.75
2026-08-31,104,3.7,4.1
2026-08-31,105,3.8,4.4
2026-08-31,106,3.5,3.6
2026-08-31,107,1.7,1.9
2026-08-31,108,,
2026-08-31,109,,
2026-08-31,110,480,505
2026-08-31,111,300,305
2026-08-31,112,,
2026-08-31,113,,
2026-08-31,114,290,292
2026-08-31,115,228,230
2026-08-31,116,,
2026-08-31,117,481,483
2026-08-31,118,391,393
2026-08-31,119,,
2026-08-31,120,,
2026-08-31,121,530,532
2026-08-31,122,402,403
2026-08-31,123,,
2026-08-31,124,382,395
2026-08-31,125,,
2026-08-31,126,,
2026-08-31,127,330,335
2026-08-31,128,310,315
2026-08-31,129,275,280
2026-08-31,130,,
2026-08-31,131,2830,2860
2026-08-31,132,610,620
2026-08-31,133,585,590
2026-08-31,134,700,720
2026-08-31,176,7.5,8.5
2026-08-31,177,28,29
2026-08-31,181,6.9,7
2026-08-31,182,7.1,7.2
2026-08-31,183,6.95,7.15
2026-08-31,184,8.15,8.25
2026-08-31,185,8.95,9.05
2026-08-31,186,11.55,11.65
2026-08-31,187,460,480
2026-08-31,188,460,480
2026-08-31,189,330,345
2026-08-31,191,,
2026-08-31,192,,
2026-08-31,193,,
2026-08-31,194,,
2026-08-31,195,,
2026-08-31,196,,
2026-08-31,197,,
2026-08-31,198,,
2026-08-31,199,,
2026-08-31,328,0.55,0.59
2026-08-31,329,0.12,0.16
2026-08-31,331,0.28,0.34
2026-08-31,332,,
2026-08-31,333,3.4,3.5
2026-08-31,335,3.8,3.85
2026-08-31,336,,
2026-08-31,337,,
2026-08-31,340,,
2026-08-31,341,3.85,3.89
2026-08-31,342,3.9,3.94
2026-08-31,344,23,23
2026-08-31,345,21.2,21.2
2026-08-31,346,19.8,19.8
2026-08-31,347,17.8,17.8
2026-08-31,350,4,4.3
2026-08-31,351,3.35,3.65
2026-08-31,352,5.9,6.1
2026-08-31,353,6.5,6.7
2026-08-31,356,2.75,2.95
2026-08-31,357,2.6,2.8
2026-08-31,358,5.9,6.2
2026-08-31,361,6.55,6.85
2026-08-31,362,7.45,7.75
2026-08-31,363,8,8.4
2026-08-31,364,2.9,3.2
2026-08-31,365,2.8,3
2026-08-31,366,9.3,9.7
2026-08-31,367,4.1,4.3
2026-08-31,368,2.7,2.8
2026-08-31,369,9.3,9.7
2026-08-31,370,4.1,4.3
2026-08-31,371,2.7,2.8
2026-08-31,372,6.05,6.35
2026-08-31,623,,
2026-08-31,624,,
2026-08-31,625,0.45,0.5
2026-08-31,626,0.5,0.6
2026-08-31,627,0.5,60
2026-08-31,628,1.45,1.6
2026-08-31,629,1.45,1.65
2026-08-31,630,,
2026-08-31,631,,
2026-08-31,634,0.72,0.78
2026-08-31,635,1.5,1.65
2026-08-31,636,,
2026-08-31,637,0.38,0.43
2026-08-31,640,,
2026-08-31,641,,
2026-08-31,642,,
2026-08-31,643,,
2026-08-31,644,,
2026-08-31,669,,
2026-08-31,670,,
2026-08-31,671,,
2026-08-31,672,,
2026-08-31,674,1.47,1.51
2026-08-31,675,2.26,2.3
2026-08-31,676,3.35,3.65
2026-08-31,677,2.6,2.8
2026-08-31,678,3.75,3.95
2026-08-31,716,25.3,25.3
2026-08-31,717,23.5,23.5
2026-08-31,718,22.3,22.3
2026-08-31,719,19.3,19.3
2026-08-31,722,,
2026-08-31,723,0.5,0.56
2026-08-31,724,,
2026-08-31,725,0.38,0.45
2026-08-31,726,0.5,0.56
2026-08-31,727,,
2026-08-31,731,7.85,8
2026-08-31,732,9.9,10
2026-08-31,733,10.45,10.75
2026-08-31,734,11.25,11.35
2026-08-31,747,,
2026-08-31,802,2100,2200
2026-08-31,803,2000,2100
2026-08-31,835,6.5,6.7
2026-08-31,836,7.05,7.35
2026-08-31,891,,
2026-08-31,932,,
2026-08-31,936,660,700
2026-08-31,938,237,240
2026-08-31,994,416,418
2026-08-31,996,2.8,3.2
2026-08-31,997,2.7,3.1
2026-08-31,1001,460,500
2026-08-31,1002,470,520
2026-08-31,1004,8.3,9
2026-08-31,1005,8.5,9.3
2026-08-31,1006,,
2026-08-31,1007,42,47
2026-08-31,1008,,
2026-08-31,1011,267,270
2026-08-31,1036,,
2026-08-31,1049,1.9,2
2026-08-31,1050,2,2.1
2026-08-31,1054,,
2026-08-31,1055,2290,2290
2026-08-31,1056,7.3,8
2026-08-31,1057,7.4,8.5
2026-08-31,1058,2.3,2.8
2026-08-31,1059,2.3,2.9
2026-08-31,1062,2.35,2.85
2026-08-31,1063,2.35,2.95
2026-08-31,1064,9.5,10.5
2026-08-31,1065,9.5,11
2026-08-31,1067,4.5,5
2026-08-31,1068,,
2026-08-31,1069,12,13
2026-08-31,1071,2.3,2.5
2026-08-31,1072,,
2026-08-31,1073,2.2,2.3
2026-08-31,1076,1.1,1.2
2026-08-31,1077,0.74,0.8
2026-08-31,1078,1.45,1.55
2026-08-31,1079,5.2,5.5
2026-08-31,1080,0.74,0.8
2026-08-31,1081,0.9,1
2026-08-31,1082,0.7,0.8
2026-08-31,1083,1.15,1.25
2026-08-31,1084,0.9,1.05
2026-08-31,1086,0.8,0.95
2026-08-31,1087,1.1,1.3
2026-08-31,1088,0.98,1.05
2026-08-31,1089,1,1.15
2026-08-31,1090,1.1,1.2
2026-08-31,1091,1.2,1.4
2026-08-31,1092,1.2,1.5
2026-08-31,1095,1.4,1.7
2026-08-31,1096,1.4,1.8
2026-08-31,1098,1.1,1.9
2026-08-31,1099,5.5,5.8
2026-08-31,1100,0.9,0.95
2026-08-31,1103,5.5,6
2026-08-31,1105,5.2,5.8
2026-08-31,1108,5.8,6.1
2026-08-31,1109,7,7.5
2026-08-31,1110,0.6,0.65
2026-08-31,1111,0.6,0.7
2026-08-31,1113,4.3,4.8
2026-08-31,1114,,
2026-08-31,1115,3.95,4.2
2026-08-31,1116,1.45,1.6
2026-08-31,1117,1.15,1.25
2026-08-31,1120,1.4,1.6
2026-08-31,1121,1.4,1.6
2026-08-31,1123,,
2026-08-31,1124,,
2026-08-31,1125,,
2026-08-31,1126,3.3,3.5
2026-08-31,1127,0.8,1.1
2026-08-31,1128,1.05,1.1
2026-08-31,1129,5,5.2
2026-09-07,623,,
2026-09-07,624,,
2026-09-07,625,0.45,0.5
2026-09-07,626,0.5,0.6
2026-09-07,627,0.5,60
2026-09-07,628,1.45,1.6
2026-09-07,629,1.45,1.65
2026-09-07,630,,
2026-09-07,631,,
2026-09-07,634,0.72,0.78
2026-09-07,635,1.5,1.65
2026-09-07,636,,
2026-09-07,637,0.38,0.43
2026-09-07,640,,
2026-09-07,641,0.25,0.3
2026-09-07,642,,
2026-09-07,643,0.23,0.27
2026-09-07,644,,
2026-09-07,669,,
2026-09-07,722,,
2026-09-07,723,0.5,0.56
2026-09-07,724,,
2026-09-07,725,0.38,0.45
2026-09-07,726,0.5,0.56
2026-09-07,885,0.7,0.8
2026-09-07,886,0.65,0.75
2026-09-07,887,0.6,0.7
2026-09-07,976,,
2026-09-07,977,,
2026-09-07,996,2.8,3.2
2026-09-07,997,2.7,3.1
2026-09-07,1004,8.3,9
2026-09-07,1005,8.5,9.3
2026-09-07,1008,,
2026-09-07,1056,7.3,8
2026-09-07,1057,7.4,8.5
2026-09-07,1058,2.3,2.8
2026-09-07,1059,2.3,2.9
2026-09-07,1062,2.35,2.85
2026-09-07,1063,2.35,2.95
2026-09-07,1064,9.5,10.5
2026-09-07,1065,9.5,11
2026-09-07,1067,4.5,5
2026-09-07,1068,,
2026-09-07,1069,12,13
2026-09-07,1071,2.3,2.5
2026-09-07,1072,,
2026-09-07,1073,2.2,2.3
2026-09-07,1078,1.45,1.55
2026-09-07,1079,5.2,5.5
2026-09-07,1080,0.74,0.8
2026-09-07,1081,0.9,1
2026-09-07,1082,0.7,0.8
2026-09-07,1083,1.15,1.25
2026-09-07,1084,0.9,1.05
2026-09-07,1086,0.8,0.95
2026-09-07,1087,1.1,1.3
2026-09-07,1088,0.98,1.05
2026-09-07,1089,1,1.15
2026-09-07,1090,1.1,1.2
2026-09-07,1091,0.95,1.35
2026-09-07,1092,0.95,1.45
2026-09-07,1095,1.4,1.7
2026-09-07,1096,1.4,1.8
2026-09-07,1098,1.1,1.9
2026-09-07,1099,5.5,5.8
2026-09-07,1100,0.9,0.95
2026-09-07,1103,5.5,6
2026-09-07,1105,5.2,5.8
2026-09-07,1108,5.8,6.1
2026-09-07,1109,7,7.5
2026-09-07,1110,0.6,0.65
2026-09-07,1111,0.6,0.7
2026-09-07,1113,4.3,4.8
2026-09-07,1114,,
2026-09-07,1115,3.95,4.2
2026-09-07,1116,1.45,1.6
2026-09-07,1117,1.15,1.25
2026-09-07,1120,1.4,1.6
2026-09-07,1121,1.4,1.6
2026-09-07,1123,,
2026-09-07,1124,,
2026-09-07,1125,,
2026-09-07,1126,3.3,3.5
2026-09-07,1127,0.8,1.1
2026-09-07,1128,1.05,1.15
2026-09-07,1129,5,5.2
2026-09-07,1130,0.7,0.85
2026-09-07,1131,,
2026-09-07,1132,,
2026-09-07,1133,,
2026-09-07,1134,,
